orig_slo,slo_type,insertion_time,wait_time,prompt_tok,out_tok,total_tok,ttft,tbt_p95,tbt_p99,tbt_slo,tbt_violation,tbt_success_rate_pct,ttlt,diff,violation,total_violation,finished_time,success_rate_pct,success_count,processed_count,kv,run_cnt,wait_cnt,swap_cnt,vram_used_gib,vram_total_gib,vq_id,vq_groups,head_deadline,slack,model,deadlines
200.0,1,1769815638.3407,0.0359,2899,0,2899,,,,200.0,,,10.2585,-189.7055,0.0,19.2447,1769815649.7495792,100.0,2,5,0.0,0,0,0,6.29,15.0,0,404,1769815639.615,-7.486,meta-llama/Llama-3.2-1B-Instruct,"1769815639.615, 1769815639.654, 1769815639.704, 1769815639.772, 1769815639.785"
1.0,0,1769815638.3929,0.0372,27,12,39,10.2101,0.9463,0.9463,1.0,0.0,100.0,11.2804,9.2473,9.2473,19.2447,1769815649.7563713,40.0,2,5,0.0,0,0,0,6.29,15.0,0,404,1769815639.615,-7.486,meta-llama/Llama-3.2-1B-Instruct,"1769815639.615, 1769815639.654, 1769815639.704, 1769815639.772, 1769815639.785"
1.0,0,1769815638.2817,0.0397,27,23,50,10.3086,0.2929,0.7959,1.0,0.0,100.0,12.4394,9.3483,9.3483,76.6863,1769815650.824901,28.57,2,11,0.0,0,0,0,6.29,15.0,0,404,1769815639.615,-7.486,meta-llama/Llama-3.2-1B-Instruct,"1769815639.615, 1769815639.654, 1769815639.704, 1769815639.772, 1769815639.785"
1.0,0,1769815637.1271,0.0679,27,6,33,1.5465,9.8868,9.8868,1.0,8.8868,66.67,12.249,0.6144,0.6144,76.6863,1769815650.828006,50.0,2,11,0.0,0,0,0,6.29,15.0,0,404,1769815639.615,-7.486,meta-llama/Llama-3.2-1B-Instruct,"1769815639.615, 1769815639.654, 1769815639.704, 1769815639.772, 1769815639.785"
1.0,0,1769815638.5565,0.0452,27,32,59,10.0516,0.5154,0.7148,1.0,0.0,75.0,12.1523,9.0968,9.0968,86.7855,1769815650.8443804,33.33,2,12,0.0,0,0,0,6.29,15.0,0,404,1769815639.615,-7.486,meta-llama/Llama-3.2-1B-Instruct,"1769815639.615, 1769815639.654, 1769815639.704, 1769815639.772, 1769815639.785"
1.0,0,1769815637.321,0.0416,27,32,59,11.2864,0.5031,0.8645,1.0,0.0,80.0,13.4289,10.328,10.328,86.7855,1769815650.866064,25.0,2,12,0.0,0,0,0,6.29,15.0,0,404,1769815639.615,-7.486,meta-llama/Llama-3.2-1B-Instruct,"1769815639.615, 1769815639.654, 1769815639.704, 1769815639.772, 1769815639.785"
1.0,0,1769815637.5079,0.0406,27,32,59,11.084,0.5689,0.8451,1.0,0.0,83.33,13.2604,10.1245,10.1245,96.4954,1769815650.8695016,20.0,2,13,0.0,0,0,0,6.29,15.0,0,404,1769815639.615,-7.486,meta-llama/Llama-3.2-1B-Instruct,"1769815639.615, 1769815639.654, 1769815639.704, 1769815639.772, 1769815639.785"
1.0,0,1769815637.1819,0.0867,27,32,59,11.3684,0.6486,0.7198,1.0,0.0,85.71,13.652,10.455,10.455,204.2644,1769815650.9361925,9.09,2,24,0.0,0,0,0,6.29,15.0,0,404,1769815639.615,-7.486,meta-llama/Llama-3.2-1B-Instruct,"1769815639.615, 1769815639.654, 1769815639.704, 1769815639.772, 1769815639.785"
1.0,0,1769815638.3744,0.032,27,26,53,10.2331,0.6075,0.8936,1.0,0.0,87.5,12.4758,9.2651,9.2651,204.2644,1769815650.9366188,13.33,2,24,0.0,0,0,0,6.29,15.0,0,404,1769815639.615,-7.486,meta-llama/Llama-3.2-1B-Instruct,"1769815639.615, 1769815639.654, 1769815639.704, 1769815639.772, 1769815639.785"
1.0,0,1769815637.9386,0.0379,27,32,59,10.672,0.5323,0.8064,1.0,0.0,88.89,12.8927,9.7099,9.7099,214.209,1769815650.9454243,15.38,2,25,0.0,0,0,0,6.29,15.0,0,404,1769815639.615,-7.486,meta-llama/Llama-3.2-1B-Instruct,"1769815639.615, 1769815639.654, 1769815639.704, 1769815639.772, 1769815639.785"
1.0,0,1769815638.4103,0.051,27,32,59,10.1594,0.505,0.8017,1.0,0.0,90.0,12.4394,9.2104,9.2104,214.209,1769815650.9665804,11.76,2,25,0.0,0,0,0,6.29,15.0,0,404,1769815639.615,-7.486,meta-llama/Llama-3.2-1B-Instruct,"1769815639.615, 1769815639.654, 1769815639.704, 1769815639.772, 1769815639.785"
1.0,0,1769815637.5262,0.0298,27,32,59,11.0693,0.521,1.1165,1.0,0.1165,81.82,13.2824,10.0991,10.0991,214.209,1769815650.9752617,16.67,2,25,0.0,0,0,0,6.29,15.0,0,404,1769815639.615,-7.486,meta-llama/Llama-3.2-1B-Instruct,"1769815639.615, 1769815639.654, 1769815639.704, 1769815639.772, 1769815639.785"
1.0,0,1769815638.4592,0.0238,27,32,59,10.1285,0.5422,0.8148,1.0,0.0,83.33,12.318,9.1524,9.1524,214.209,1769815650.9755988,22.22,2,25,0.0,0,0,0,6.29,15.0,0,404,1769815639.615,-7.486,meta-llama/Llama-3.2-1B-Instruct,"1769815639.615, 1769815639.654, 1769815639.704, 1769815639.772, 1769815639.785"
1.0,0,1769815638.3609,0.0364,27,32,59,10.2204,0.6616,0.87,1.0,0.0,90.0,12.477,9.2568,9.2568,293.4412,1769815651.0564234,14.29,2,33,0.0,0,0,0,6.29,15.0,0,404,1769815639.615,-7.486,meta-llama/Llama-3.2-1B-Instruct,"1769815639.615, 1769815639.654, 1769815639.704, 1769815639.772, 1769815639.785"
1.0,0,1769815637.4617,0.0391,27,32,59,11.1408,0.6034,0.7828,1.0,0.0,90.48,13.4105,10.1799,10.1799,293.4412,1769815651.0681338,10.0,2,33,0.0,0,0,0,6.29,15.0,0,404,1769815639.615,-7.486,meta-llama/Llama-3.2-1B-Instruct,"1769815639.615, 1769815639.654, 1769815639.704, 1769815639.772, 1769815639.785"
1.0,0,1769815637.5523,0.0352,27,32,59,11.0587,0.7734,0.7862,1.0,0.0,90.91,13.4413,10.0939,10.0939,293.4412,1769815651.069462,6.67,2,33,0.0,0,0,0,6.29,15.0,0,404,1769815639.615,-7.486,meta-llama/Llama-3.2-1B-Instruct,"1769815639.615, 1769815639.654, 1769815639.704, 1769815639.772, 1769815639.785"
1.0,0,1769815637.1711,0.0309,27,32,59,11.4077,0.6291,0.749,1.0,0.0,91.3,13.7038,10.4386,10.4386,293.4412,1769815651.0721416,10.53,2,33,0.0,0,0,0,6.29,15.0,0,404,1769815639.615,-7.486,meta-llama/Llama-3.2-1B-Instruct,"1769815639.615, 1769815639.654, 1769815639.704, 1769815639.772, 1769815639.785"
1.0,0,1769815637.7487,0.0316,27,32,59,10.8277,0.5952,0.8461,1.0,0.0,91.67,13.2232,9.8593,9.8593,293.4412,1769815651.0744998,7.14,2,33,0.0,0,0,0,6.29,15.0,0,404,1769815639.615,-7.486,meta-llama/Llama-3.2-1B-Instruct,"1769815639.615, 1769815639.654, 1769815639.704, 1769815639.772, 1769815639.785"
1.0,0,1769815638.0866,0.0312,27,32,59,10.5204,0.5554,1.0312,1.0,0.0312,88.0,12.9211,9.5516,9.5516,293.4412,1769815651.0746858,6.06,2,33,0.0,0,0,0,6.29,15.0,0,404,1769815639.615,-7.486,meta-llama/Llama-3.2-1B-Instruct,"1769815639.615, 1769815639.654, 1769815639.704, 1769815639.772, 1769815639.785"
1.0,0,1769815638.0081,0.0379,27,32,59,10.6015,0.7495,1.0237,1.0,0.0237,84.62,13.0522,9.6394,9.6394,322.2858,1769815651.113335,5.71,2,36,0.0,0,0,0,6.29,15.0,0,404,1769815639.615,-7.486,meta-llama/Llama-3.2-1B-Instruct,"1769815639.615, 1769815639.654, 1769815639.704, 1769815639.772, 1769815639.785"
1.0,0,1769815637.2732,0.0417,27,32,59,11.3042,0.6919,0.7645,1.0,0.0,85.19,13.6921,10.3458,10.3458,322.2858,1769815651.1161737,6.9,2,36,0.0,0,0,0,6.29,15.0,0,404,1769815639.615,-7.486,meta-llama/Llama-3.2-1B-Instruct,"1769815639.615, 1769815639.654, 1769815639.704, 1769815639.772, 1769815639.785"
1.0,0,1769815637.6986,0.0797,27,32,59,10.8648,0.5919,0.9177,1.0,0.0,85.71,13.1665,9.9446,9.9446,331.741,1769815651.1381526,8.0,2,37,0.0,0,0,0,6.29,15.0,0,404,1769815639.615,-7.486,meta-llama/Llama-3.2-1B-Instruct,"1769815639.615, 1769815639.654, 1769815639.704, 1769815639.772, 1769815639.785"
1.0,0,1769815638.2423,0.0379,27,32,59,10.3538,0.5951,0.7892,1.0,0.0,86.21,12.5319,9.3917,9.3917,331.741,1769815651.146491,18.18,2,37,0.0,0,0,0,6.29,15.0,0,404,1769815639.615,-7.486,meta-llama/Llama-3.2-1B-Instruct,"1769815639.615, 1769815639.654, 1769815639.704, 1769815639.772, 1769815639.785"
1.0,0,1769815638.4443,0.0333,27,32,59,10.1294,0.7404,0.818,1.0,0.0,86.67,12.6253,9.1627,9.1627,331.741,1769815651.1467524,5.56,2,37,0.0,0,0,0,6.29,15.0,0,404,1769815639.615,-7.486,meta-llama/Llama-3.2-1B-Instruct,"1769815639.615, 1769815639.654, 1769815639.704, 1769815639.772, 1769815639.785"
1.0,0,1769815637.5733,0.0368,27,32,59,11.0057,0.6585,0.8078,1.0,0.0,87.1,13.4648,10.0425,10.0425,331.741,1769815651.1517584,5.88,2,37,0.0,0,0,0,6.29,15.0,0,404,1769815639.615,-7.486,meta-llama/Llama-3.2-1B-Instruct,"1769815639.615, 1769815639.654, 1769815639.704, 1769815639.772, 1769815639.785"
1.0,0,1769815637.9241,0.0341,27,30,57,10.6935,0.7324,0.9188,1.0,0.0,87.5,13.0735,9.7276,9.7276,331.741,1769815651.161262,6.45,2,37,0.0,0,0,0,6.29,15.0,0,404,1769815639.615,-7.486,meta-llama/Llama-3.2-1B-Instruct,"1769815639.615, 1769815639.654, 1769815639.704, 1769815639.772, 1769815639.785"
1.0,0,1769815637.5858,0.0288,27,31,58,10.9985,0.554,0.8577,1.0,0.0,87.88,13.4191,10.0273,10.0273,331.741,1769815651.1675751,6.25,2,37,0.0,0,0,0,6.29,15.0,0,404,1769815639.615,-7.486,meta-llama/Llama-3.2-1B-Instruct,"1769815639.615, 1769815639.654, 1769815639.704, 1769815639.772, 1769815639.785"
1.0,0,1769815638.1599,0.0354,27,32,59,10.4197,0.8817,0.9704,1.0,0.0,88.24,12.9423,9.4552,9.4552,331.741,1769815651.1737654,5.41,2,37,0.0,0,0,0,6.29,15.0,0,404,1769815639.615,-7.486,meta-llama/Llama-3.2-1B-Instruct,"1769815639.615, 1769815639.654, 1769815639.704, 1769815639.772, 1769815639.785"
1.0,0,1769815638.2615,0.0375,27,6,33,10.3455,0.9519,0.9519,1.0,0.0,88.57,11.3468,9.383,9.383,331.741,1769815651.8399024,50.0,2,37,0.0,0,0,0,6.29,15.0,0,404,1769815639.615,-7.486,meta-llama/Llama-3.2-1B-Instruct,"1769815639.615, 1769815639.654, 1769815639.704, 1769815639.772, 1769815639.785"
1.0,0,1769815638.6147,11.5751,27,32,59,0.5096,0.502,0.5061,1.0,0.0,88.89,2.1816,11.0847,11.0847,342.8257,1769815652.4366841,5.26,2,38,0.711,55,0,0,11.5,15.0,0,404,1769815639.615,-7.486,meta-llama/Llama-3.2-1B-Instruct,"1769815639.615, 1769815639.654, 1769815639.704, 1769815639.772, 1769815639.785"
200.0,1,1769815637.9069,0.0334,4467,7,4474,10.6684,0.9868,0.9868,200.0,0.0,89.19,11.6685,-188.2982,0.0,342.8257,1769815652.5303764,66.67,2,38,0.0,0,0,0,6.29,15.0,0,404,1769815639.615,-7.486,meta-llama/Llama-3.2-1B-Instruct,"1769815639.615, 1769815639.654, 1769815639.704, 1769815639.772, 1769815639.785"
1.0,0,1769815639.1435,14.4531,27,1,28,0.1214,,,1.0,,,0.1961,13.5745,13.5745,356.4002,1769815653.8038914,5.13,2,39,0.712,34,0,0,11.5,15.0,0,488,1769815639.772,-12.831,meta-llama/Llama-3.2-1B-Instruct,"1769815639.772, 1769815639.785, 1769815639.826, 1769815639.966, 1769815640.003"
1.0,0,1769815638.8262,14.3023,27,15,42,0.097,0.084,0.084,1.0,0.0,89.47,0.7844,13.3993,13.3993,369.7995,1769815653.9264755,5.0,2,40,0.706,26,1,0,11.5,15.0,0,488,1769815639.772,-12.831,meta-llama/Llama-3.2-1B-Instruct,"1769815639.772, 1769815639.785, 1769815639.826, 1769815639.966, 1769815640.003"
1.0,0,1769815638.6543,13.8474,27,32,59,0.1065,0.0762,0.0783,1.0,0.0,89.74,1.5365,12.9539,12.9539,382.7534,1769815654.0434537,4.88,2,41,0.7,24,0,0,11.5,15.0,0,488,1769815639.772,-12.831,meta-llama/Llama-3.2-1B-Instruct,"1769815639.772, 1769815639.785, 1769815639.826, 1769815639.966, 1769815640.003"
1.0,0,1769815638.7041,13.919,27,32,59,0.085,0.0818,0.084,1.0,0.0,90.0,1.5174,13.004,13.004,395.7574,1769815654.1530719,4.76,2,42,0.702,24,0,0,11.5,15.0,0,488,1769815639.772,-12.831,meta-llama/Llama-3.2-1B-Instruct,"1769815639.772, 1769815639.785, 1769815639.826, 1769815639.966, 1769815640.003"
1.0,0,1769815638.7718,13.8994,27,32,59,0.1112,0.0778,0.0839,1.0,0.0,90.24,1.5527,13.0106,13.0106,408.7679,1769815654.238985,4.65,2,43,0.703,25,0,0,11.5,15.0,0,488,1769815639.772,-12.831,meta-llama/Llama-3.2-1B-Instruct,"1769815639.772, 1769815639.785, 1769815639.826, 1769815639.966, 1769815640.003"
1.0,0,1769815638.7851,14.2885,27,32,59,0.1281,0.0784,0.0846,1.0,0.0,90.48,1.5206,13.4166,13.4166,422.1845,1769815654.6017833,4.55,2,44,0.706,26,0,0,11.5,15.0,0,488,1769815639.772,-12.831,meta-llama/Llama-3.2-1B-Instruct,"1769815639.772, 1769815639.785, 1769815639.826, 1769815639.966, 1769815640.003"
1.0,0,1769815638.966,14.2146,27,32,59,0.081,0.0845,0.0892,1.0,0.0,90.7,1.5225,13.2956,13.2956,435.4801,1769815654.7099826,4.44,2,45,0.706,27,1,0,11.5,15.0,0,488,1769815639.772,-12.831,meta-llama/Llama-3.2-1B-Instruct,"1769815639.772, 1769815639.785, 1769815639.826, 1769815639.966, 1769815640.003"
1.0,0,1769815639.0028,14.2671,27,32,59,0.0786,0.0689,0.0747,1.0,0.0,90.91,1.5391,13.3457,13.3457,448.8258,1769815654.8290482,4.35,2,46,0.708,29,0,0,11.5,15.0,0,488,1769815639.772,-12.831,meta-llama/Llama-3.2-1B-Instruct,"1769815639.772, 1769815639.785, 1769815639.826, 1769815639.966, 1769815640.003"
1.0,0,1769815639.0428,14.2787,27,32,59,0.1151,0.0722,0.0839,1.0,0.0,91.11,1.5519,13.3938,13.3938,462.2196,1769815654.8840642,4.26,2,47,0.708,30,0,0,11.5,15.0,0,488,1769815639.772,-12.831,meta-llama/Llama-3.2-1B-Instruct,"1769815639.772, 1769815639.785, 1769815639.826, 1769815639.966, 1769815640.003"
1.0,0,1769815639.0558,14.4073,27,32,59,0.1752,0.0839,0.093,1.0,0.0,91.3,1.5789,13.5825,13.5825,489.3192,1769815655.051549,4.17,2,49,0.708,30,1,0,11.5,15.0,0,488,1769815639.772,-12.831,meta-llama/Llama-3.2-1B-Instruct,"1769815639.772, 1769815639.785, 1769815639.826, 1769815639.966, 1769815640.003"
1.0,0,1769815639.0936,14.3745,27,32,59,0.1426,0.0756,0.078,1.0,0.0,91.49,1.5831,13.5171,13.5171,502.8035,1769815655.0701313,4.08,2,50,0.71,31,0,0,11.5,15.0,0,488,1769815639.772,-12.831,meta-llama/Llama-3.2-1B-Instruct,"1769815639.772, 1769815639.785, 1769815639.826, 1769815639.966, 1769815640.003"
1.0,0,1769815639.1298,14.4049,27,32,59,0.0794,0.0703,0.0802,1.0,0.0,91.67,1.5332,13.4843,13.4843,502.8035,1769815655.0827785,4.0,2,50,0.71,31,0,0,11.5,15.0,0,488,1769815639.772,-12.831,meta-llama/Llama-3.2-1B-Instruct,"1769815639.772, 1769815639.785, 1769815639.826, 1769815639.966, 1769815640.003"
1.0,0,1769815639.1837,14.5414,27,32,59,0.1527,0.0748,0.094,1.0,0.0,91.84,1.5945,13.6941,13.6941,516.4976,1769815655.3340027,3.92,2,51,0.713,35,0,0,11.5,15.0,0,488,1769815639.772,-12.831,meta-llama/Llama-3.2-1B-Instruct,"1769815639.772, 1769815639.785, 1769815639.826, 1769815639.966, 1769815640.003"
1.0,0,1769815639.2194,14.5735,27,32,59,0.0969,0.0898,0.0932,1.0,0.0,92.0,1.5663,13.6704,13.6704,530.168,1769815655.3676867,3.85,2,52,0.713,34,1,0,11.5,15.0,0,488,1769815639.772,-12.831,meta-llama/Llama-3.2-1B-Instruct,"1769815639.772, 1769815639.785, 1769815639.826, 1769815639.966, 1769815640.003"
1.0,0,1769815639.2326,14.6336,27,32,59,0.1485,0.0814,0.1018,1.0,0.0,92.16,1.5906,13.7821,13.7821,543.9501,1769815655.4575906,3.77,2,53,0.714,35,1,0,11.5,15.0,0,488,1769815639.772,-12.831,meta-llama/Llama-3.2-1B-Instruct,"1769815639.772, 1769815639.785, 1769815639.826, 1769815639.966, 1769815640.003"
1.0,0,1769815639.245,14.6994,27,32,59,0.0737,0.0796,0.0928,1.0,0.0,92.31,1.5925,13.7731,13.7731,557.7232,1769815655.552696,3.7,2,54,0.714,35,0,0,11.5,15.0,0,488,1769815639.772,-12.831,meta-llama/Llama-3.2-1B-Instruct,"1769815639.772, 1769815639.785, 1769815639.826, 1769815639.966, 1769815640.003"
1.0,0,1769815639.2586,14.7917,27,32,59,0.1334,0.0816,0.0944,1.0,0.0,92.45,1.5727,13.9251,13.9251,571.6483,1769815655.6404898,3.64,2,55,0.715,36,0,0,11.5,15.0,0,488,1769815639.772,-12.831,meta-llama/Llama-3.2-1B-Instruct,"1769815639.772, 1769815639.785, 1769815639.826, 1769815639.966, 1769815640.003"
1.0,0,1769815639.321,14.7958,27,32,59,0.0836,0.0867,0.0878,1.0,0.0,92.59,1.6392,13.8794,13.8794,585.5278,1769815655.757292,3.57,2,56,0.715,36,1,0,11.5,15.0,0,488,1769815639.772,-12.831,meta-llama/Llama-3.2-1B-Instruct,"1769815639.772, 1769815639.785, 1769815639.826, 1769815639.966, 1769815640.003"
1.0,0,1769815639.3337,14.8418,27,32,59,0.13,0.1054,0.1096,1.0,0.0,92.73,1.6115,13.9718,13.9718,599.4996,1769815655.8054624,3.51,2,57,0.715,36,1,0,11.5,15.0,0,488,1769815639.772,-12.831,meta-llama/Llama-3.2-1B-Instruct,"1769815639.772, 1769815639.785, 1769815639.826, 1769815639.966, 1769815640.003"
1.0,0,1769815639.3461,14.9699,27,32,59,0.1036,0.1111,0.1282,1.0,0.0,92.86,1.5557,14.0734,14.0734,613.573,1769815655.8858025,3.45,2,58,0.717,37,0,0,11.5,15.0,0,488,1769815639.772,-12.831,meta-llama/Llama-3.2-1B-Instruct,"1769815639.772, 1769815639.785, 1769815639.826, 1769815639.966, 1769815640.003"
1.0,0,1769815639.3593,14.9943,27,32,59,0.154,0.0843,0.1391,1.0,0.0,92.98,1.6455,14.1483,14.1483,641.8894,1769815656.014391,3.39,2,60,0.717,37,0,0,11.5,15.0,0,488,1769815639.772,-12.831,meta-llama/Llama-3.2-1B-Instruct,"1769815639.772, 1769815639.785, 1769815639.826, 1769815639.966, 1769815640.003"
1.0,0,1769815639.3721,15.0786,27,32,59,0.0894,0.1273,0.1369,1.0,0.0,93.1,1.5541,14.1681,14.1681,641.8894,1769815656.020467,3.33,2,60,0.718,38,1,0,11.5,15.0,0,488,1769815639.772,-12.831,meta-llama/Llama-3.2-1B-Instruct,"1769815639.772, 1769815639.785, 1769815639.826, 1769815639.966, 1769815640.003"
1.0,0,1769815639.4108,15.1523,27,32,59,0.1355,0.0824,0.1218,1.0,0.0,93.22,1.5862,14.2878,14.2878,656.1772,1769815656.1581154,3.28,2,61,0.72,40,0,0,11.5,15.0,0,488,1769815639.772,-12.831,meta-llama/Llama-3.2-1B-Instruct,"1769815639.772, 1769815639.785, 1769815639.826, 1769815639.966, 1769815640.003"
1.0,0,1769815639.5301,15.1467,27,32,59,0.1103,0.082,0.0905,1.0,0.0,93.33,1.6133,14.2571,14.2571,684.6592,1769815656.3359816,3.23,2,63,0.72,39,0,0,11.5,15.0,0,488,1769815639.772,-12.831,meta-llama/Llama-3.2-1B-Instruct,"1769815639.772, 1769815639.785, 1769815639.826, 1769815639.966, 1769815640.003"
1.0,0,1769815639.602,15.1281,27,32,59,0.0968,0.0975,0.1153,1.0,0.0,93.44,1.5978,14.2249,14.2249,684.6592,1769815656.337131,3.17,2,63,0.72,39,0,0,11.5,15.0,0,488,1769815639.772,-12.831,meta-llama/Llama-3.2-1B-Instruct,"1769815639.772, 1769815639.785, 1769815639.826, 1769815639.966, 1769815640.003"
1.0,0,1769815639.713,15.4301,27,25,52,0.1017,0.0877,0.0884,1.0,0.0,93.55,1.3078,14.5318,14.5318,699.1909,1769815656.464375,3.12,2,64,0.722,39,0,0,11.5,15.0,0,488,1769815639.772,-12.831,meta-llama/Llama-3.2-1B-Instruct,"1769815639.772, 1769815639.785, 1769815639.826, 1769815639.966, 1769815640.003"
1.0,0,1769815639.6738,15.1713,27,32,59,0.123,0.0996,0.0996,1.0,0.0,93.65,1.6333,14.2943,14.2943,713.4853,1769815656.482129,3.08,2,65,0.721,40,0,0,11.5,15.0,0,488,1769815639.772,-12.831,meta-llama/Llama-3.2-1B-Instruct,"1769815639.772, 1769815639.785, 1769815639.826, 1769815639.966, 1769815640.003"
1.0,0,1769815639.6868,15.2357,27,32,59,0.1261,0.0876,0.1029,1.0,0.0,93.75,1.6589,14.3618,14.3618,727.847,1769815656.6003864,3.03,2,66,0.721,39,0,0,11.5,15.0,0,488,1769815639.772,-12.831,meta-llama/Llama-3.2-1B-Instruct,"1769815639.772, 1769815639.785, 1769815639.826, 1769815639.966, 1769815640.003"
1.0,0,1769815639.6997,15.3755,27,32,59,0.0719,0.1033,0.1176,1.0,0.0,93.85,1.5932,14.4474,14.4474,742.2945,1769815656.6701558,2.99,2,67,0.721,39,0,0,11.5,15.0,0,488,1769815639.772,-12.831,meta-llama/Llama-3.2-1B-Instruct,"1769815639.772, 1769815639.785, 1769815639.826, 1769815639.966, 1769815640.003"
1.0,0,1769815640.0867,15.939,27,12,39,0.0866,0.12,0.12,1.0,0.0,93.94,0.6835,15.0257,15.0257,757.3201,1769815656.7212875,2.94,2,68,0.726,38,0,0,11.5,15.0,0,488,1769815639.772,-12.831,meta-llama/Llama-3.2-1B-Instruct,"1769815639.772, 1769815639.785, 1769815639.826, 1769815639.966, 1769815640.003"
1.0,0,1769815640.1124,16.0801,27,11,38,0.1099,0.0656,0.0656,1.0,0.0,94.03,0.6729,15.19,15.19,772.5101,1769815656.880404,2.9,2,69,0.726,38,0,0,11.5,15.0,0,488,1769815639.772,-12.831,meta-llama/Llama-3.2-1B-Instruct,"1769815639.772, 1769815639.785, 1769815639.826, 1769815639.966, 1769815640.003"
1.0,0,1769815639.7261,15.4864,27,32,59,0.1495,0.0924,0.13,1.0,0.0,94.12,1.6789,14.6359,14.6359,787.146,1769815656.8978405,2.86,2,70,0.723,40,0,0,11.5,15.0,0,488,1769815639.772,-12.831,meta-llama/Llama-3.2-1B-Instruct,"1769815639.772, 1769815639.785, 1769815639.826, 1769815639.966, 1769815640.003"
1.0,0,1769815639.8448,15.4557,27,32,59,0.1423,0.08,0.0919,1.0,0.0,94.2,1.6475,14.5979,14.5979,801.744,1769815656.961122,2.82,2,71,0.724,40,1,0,11.5,15.0,0,488,1769815639.772,-12.831,meta-llama/Llama-3.2-1B-Instruct,"1769815639.772, 1769815639.785, 1769815639.826, 1769815639.966, 1769815640.003"
1.0,0,1769815639.8846,15.5081,27,32,59,0.1535,0.0873,0.1016,1.0,0.0,94.29,1.6083,14.6616,14.6616,816.4056,1769815657.0201857,2.78,2,72,0.723,39,1,0,11.5,15.0,0,488,1769815639.772,-12.831,meta-llama/Llama-3.2-1B-Instruct,"1769815639.772, 1769815639.785, 1769815639.826, 1769815639.966, 1769815640.003"
1.0,0,1769815639.9709,15.5184,27,32,59,0.1535,0.0912,0.11,1.0,0.0,94.37,1.6315,14.6719,14.6719,831.0774,1769815657.1281412,2.74,2,73,0.724,39,1,0,11.5,15.0,0,488,1769815639.772,-12.831,meta-llama/Llama-3.2-1B-Instruct,"1769815639.772, 1769815639.785, 1769815639.826, 1769815639.966, 1769815640.003"
1.0,0,1769815639.9845,15.5963,27,32,59,0.1371,0.0773,0.0922,1.0,0.0,94.44,1.6846,14.7335,14.7335,845.8109,1769815657.272293,2.7,2,74,0.724,39,1,0,11.5,15.0,0,488,1769815639.772,-12.831,meta-llama/Llama-3.2-1B-Instruct,"1769815639.772, 1769815639.785, 1769815639.826, 1769815639.966, 1769815640.003"
1.0,0,1769815640.0235,15.6689,27,32,59,0.1309,0.0895,0.0937,1.0,0.0,94.52,1.6246,14.7998,14.7998,860.6107,1769815657.318884,2.67,2,75,0.724,39,0,0,11.5,15.0,0,488,1769815639.772,-12.831,meta-llama/Llama-3.2-1B-Instruct,"1769815639.772, 1769815639.785, 1769815639.826, 1769815639.966, 1769815640.003"
1.0,0,1769815640.0615,15.8197,27,32,59,0.0898,0.0861,0.1306,1.0,0.0,94.59,1.5746,14.9095,14.9095,875.5202,1769815657.4601755,2.63,2,76,0.725,39,0,0,11.5,15.0,0,488,1769815639.772,-12.831,meta-llama/Llama-3.2-1B-Instruct,"1769815639.772, 1769815639.785, 1769815639.826, 1769815639.966, 1769815640.003"
1.0,0,1769815640.0739,15.8396,27,32,59,0.1025,0.0849,0.095,1.0,0.0,94.67,1.5935,14.9421,14.9421,890.4623,1769815657.5101392,2.6,2,77,0.725,38,0,0,11.5,15.0,0,488,1769815639.772,-12.831,meta-llama/Llama-3.2-1B-Instruct,"1769815639.772, 1769815639.785, 1769815639.826, 1769815639.966, 1769815640.003"
1.0,0,1769815640.0997,16.0733,27,32,59,0.1301,0.0857,0.0946,1.0,0.0,94.74,1.6431,15.2034,15.2034,905.6656,1769815657.818837,2.56,2,78,0.726,39,0,0,11.5,15.0,0,488,1769815641.929,-15.699,meta-llama/Llama-3.2-1B-Instruct,"1769815641.929, 1769815641.966, 1769815641.980, 1769815642.021, 1769815642.084"
1.0,0,1769815640.2512,16.0672,27,32,59,0.1286,0.0761,0.0955,1.0,0.0,94.81,1.6043,15.1957,15.1957,920.8614,1769815657.937357,2.53,2,79,0.727,38,0,0,11.5,15.0,0,488,1769815641.929,-15.699,meta-llama/Llama-3.2-1B-Instruct,"1769815641.929, 1769815641.966, 1769815641.980, 1769815642.021, 1769815642.084"
1.0,0,1769815640.3497,16.1491,27,32,59,0.1013,0.1024,0.1158,1.0,0.0,94.87,1.5706,15.2504,15.2504,951.4451,1769815658.0712597,2.47,2,81,0.727,37,0,0,11.5,15.0,0,488,1769815641.929,-15.699,meta-llama/Llama-3.2-1B-Instruct,"1769815641.929, 1769815641.966, 1769815641.980, 1769815642.021, 1769815642.084"
1.0,0,1769815640.264,16.1718,27,32,59,0.1614,0.0862,0.0954,1.0,0.0,94.94,1.6307,15.3333,15.3333,951.4451,1769815658.0723531,2.5,2,81,0.727,38,1,0,11.5,15.0,0,488,1769815641.929,-15.699,meta-llama/Llama-3.2-1B-Instruct,"1769815641.929, 1769815641.966, 1769815641.980, 1769815642.021, 1769815642.084"
1.0,0,1769815640.4412,16.1174,27,32,59,0.1944,0.0833,0.0891,1.0,0.0,95.0,1.6632,15.3118,15.3118,982.1508,1769815658.2313955,2.41,2,83,0.728,38,0,0,11.5,15.0,0,488,1769815641.929,-15.699,meta-llama/Llama-3.2-1B-Instruct,"1769815641.929, 1769815641.966, 1769815641.980, 1769815642.021, 1769815642.084"
1.0,0,1769815640.4681,16.3193,27,28,55,0.0746,0.0842,0.0903,1.0,0.0,95.06,1.4295,15.3939,15.3939,982.1508,1769815658.2440534,2.44,2,83,0.729,38,0,0,11.5,15.0,0,488,1769815641.929,-15.699,meta-llama/Llama-3.2-1B-Instruct,"1769815641.929, 1769815641.966, 1769815641.980, 1769815642.021, 1769815642.084"
1.0,0,1769815640.4536,16.2358,27,32,59,0.0856,0.0819,0.087,1.0,0.0,95.12,1.5562,15.3213,15.3213,997.4722,1769815658.2683597,2.38,2,84,0.728,37,0,0,11.5,15.0,0,488,1769815641.929,-15.699,meta-llama/Llama-3.2-1B-Instruct,"1769815641.929, 1769815641.966, 1769815641.980, 1769815642.021, 1769815642.084"
1.0,0,1769815640.9294,16.8358,27,10,37,0.0945,0.0833,0.0833,1.0,0.0,95.18,0.6375,15.9303,15.9303,1013.4025,1769815658.412248,2.35,2,85,0.734,38,1,0,11.5,15.0,0,488,1769815641.929,-15.699,meta-llama/Llama-3.2-1B-Instruct,"1769815641.929, 1769815641.966, 1769815641.980, 1769815642.021, 1769815642.084"
1.0,0,1769815640.4827,16.3554,27,32,59,0.1577,0.0798,0.0854,1.0,0.0,95.24,1.6293,15.5132,15.5132,1044.4229,1769815658.4868052,2.33,2,87,0.729,37,0,0,11.5,15.0,0,488,1769815641.929,-15.699,meta-llama/Llama-3.2-1B-Instruct,"1769815641.929, 1769815641.966, 1769815641.980, 1769815642.021, 1769815642.084"
1.0,0,1769815640.4952,16.4361,27,32,59,0.0712,0.0822,0.0873,1.0,0.0,95.29,1.5552,15.5073,15.5073,1044.4229,1769815658.4921718,2.3,2,87,0.729,37,0,0,11.5,15.0,0,488,1769815641.929,-15.699,meta-llama/Llama-3.2-1B-Instruct,"1769815641.929, 1769815641.966, 1769815641.980, 1769815642.021, 1769815642.084"
1.0,0,1769815640.5941,16.4932,27,32,59,0.1414,0.0831,0.0973,1.0,0.0,95.35,1.6017,15.6346,15.6346,1060.0575,1769815658.6905987,2.27,2,88,0.729,37,0,0,11.5,15.0,0,488,1769815641.929,-15.699,meta-llama/Llama-3.2-1B-Instruct,"1769815641.929, 1769815641.966, 1769815641.980, 1769815642.021, 1769815642.084"
1.0,0,1769815640.6562,16.4961,27,32,59,0.0847,0.0958,0.1037,1.0,0.0,95.4,1.5826,15.5809,15.5809,1075.6384,1769815658.7376788,2.25,2,89,0.729,36,1,0,11.5,15.0,0,488,1769815641.929,-15.699,meta-llama/Llama-3.2-1B-Instruct,"1769815641.929, 1769815641.966, 1769815641.980, 1769815642.021, 1769815642.084"
1.0,0,1769815640.7165,16.5659,27,32,59,0.1479,0.0831,0.0873,1.0,0.0,95.45,1.6257,15.7138,15.7138,1091.3522,1769815658.9217753,2.22,2,90,0.731,37,0,0,11.5,15.0,0,488,1769815641.929,-15.699,meta-llama/Llama-3.2-1B-Instruct,"1769815641.929, 1769815641.966, 1769815641.980, 1769815642.021, 1769815642.084"
1.0,0,1769815640.7295,16.6214,27,32,59,0.0992,0.0817,0.1136,1.0,0.0,95.51,1.5966,15.7207,15.7207,1107.0729,1769815658.9624698,2.2,2,91,0.73,36,0,0,11.5,15.0,0,488,1769815641.929,-15.699,meta-llama/Llama-3.2-1B-Instruct,"1769815641.929, 1769815641.966, 1769815641.980, 1769815642.021, 1769815642.084"
1.0,0,1769815640.7422,16.7306,27,32,59,0.1137,0.0906,0.0921,1.0,0.0,95.56,1.5853,15.8442,15.8442,1122.9171,1769815659.0806751,2.17,2,92,0.731,37,0,0,11.5,15.0,0,488,1769815641.929,-15.699,meta-llama/Llama-3.2-1B-Instruct,"1769815641.929, 1769815641.966, 1769815641.980, 1769815642.021, 1769815642.084"
1.0,0,1769815640.7559,16.7923,27,32,59,0.1255,0.0786,0.0888,1.0,0.0,95.6,1.6619,15.9178,15.9178,1138.8349,1769815659.2148464,2.15,2,93,0.731,36,0,0,11.5,15.0,0,488,1769815641.929,-15.699,meta-llama/Llama-3.2-1B-Instruct,"1769815641.929, 1769815641.966, 1769815641.980, 1769815642.021, 1769815642.084"
1.0,0,1769815640.8898,16.7984,27,32,59,0.1371,0.0767,0.0844,1.0,0.0,95.65,1.6036,15.9356,15.9356,1154.7704,1769815659.3024359,2.13,2,94,0.733,38,0,0,11.5,15.0,0,488,1769815641.929,-15.699,meta-llama/Llama-3.2-1B-Instruct,"1769815641.929, 1769815641.966, 1769815641.980, 1769815642.021, 1769815642.084"
1.0,0,1769815640.9655,16.9113,27,32,59,0.1447,0.0809,0.0836,1.0,0.0,95.7,1.6394,16.0559,16.0559,1170.8264,1769815659.5267217,2.11,2,95,0.734,39,0,0,11.5,15.0,0,488,1769815641.929,-15.699,meta-llama/Llama-3.2-1B-Instruct,"1769815641.929, 1769815641.966, 1769815641.980, 1769815642.021, 1769815642.084"
1.0,0,1769815640.9802,16.9803,27,32,59,0.0912,0.0791,0.0802,1.0,0.0,95.74,1.6177,16.0715,16.0715,1186.8979,1769815659.5935948,2.08,2,96,0.734,38,1,0,11.5,15.0,0,488,1769815641.929,-15.699,meta-llama/Llama-3.2-1B-Instruct,"1769815641.929, 1769815641.966, 1769815641.980, 1769815642.021, 1769815642.084"
1.0,0,1769815641.0208,17.0539,27,32,59,0.0838,0.0787,0.0798,1.0,0.0,95.79,1.6121,16.1377,16.1377,1203.0356,1769815659.6974554,2.06,2,97,0.735,38,0,0,11.5,15.0,0,488,1769815641.929,-15.699,meta-llama/Llama-3.2-1B-Instruct,"1769815641.929, 1769815641.966, 1769815641.980, 1769815642.021, 1769815642.084"
1.0,0,1769815641.0844,17.0319,27,32,59,0.1484,0.083,0.1122,1.0,0.0,95.83,1.6251,16.1803,16.1803,1219.2159,1769815659.74526,2.04,2,98,0.736,39,0,0,11.5,15.0,0,488,1769815641.929,-15.699,meta-llama/Llama-3.2-1B-Instruct,"1769815641.929, 1769815641.966, 1769815641.980, 1769815642.021, 1769815642.084"
1.0,0,1769815641.1223,17.1353,27,33,60,0.1028,0.084,0.0947,1.0,0.0,95.88,1.6406,16.2381,16.2381,1251.6934,1769815659.9124427,2.02,2,100,0.736,39,1,0,11.5,15.0,0,488,1769815641.929,-15.699,meta-llama/Llama-3.2-1B-Instruct,"1769815641.929, 1769815641.966, 1769815641.980, 1769815642.021, 1769815642.084"
1.0,0,1769815641.1364,17.1479,27,32,59,0.0915,0.0844,0.0894,1.0,0.0,95.92,1.6233,16.2394,16.2394,1251.6934,1769815659.9128065,2.0,2,100,0.735,37,0,0,11.5,15.0,0,488,1769815641.929,-15.699,meta-llama/Llama-3.2-1B-Instruct,"1769815641.929, 1769815641.966, 1769815641.980, 1769815642.021, 1769815642.084"
1.0,0,1769815641.1491,17.2195,27,32,59,0.1206,0.0921,0.0991,1.0,0.0,95.96,1.6206,16.3401,16.3401,1268.0335,1769815659.9933696,1.98,2,101,0.736,38,0,0,11.5,15.0,0,488,1769815641.929,-15.699,meta-llama/Llama-3.2-1B-Instruct,"1769815641.929, 1769815641.966, 1769815641.980, 1769815642.021, 1769815642.084"
1.0,0,1769815641.1909,17.3129,27,32,59,0.1385,0.0797,0.0825,1.0,0.0,96.0,1.6665,16.4513,16.4513,1284.4848,1769815660.1942594,1.96,2,102,0.736,37,0,0,11.5,15.0,0,488,1769815641.929,-15.699,meta-llama/Llama-3.2-1B-Instruct,"1769815641.929, 1769815641.966, 1769815641.980, 1769815642.021, 1769815642.084"
1.0,0,1769815641.2328,17.3456,27,32,59,0.1057,0.0876,0.0921,1.0,0.0,96.04,1.625,16.4513,16.4513,1300.9361,1769815660.2066028,1.94,2,103,0.737,37,1,0,11.5,15.0,0,488,1769815641.929,-15.699,meta-llama/Llama-3.2-1B-Instruct,"1769815641.929, 1769815641.966, 1769815641.980, 1769815642.021, 1769815642.084"
1.0,0,1769815641.3451,17.3576,27,32,59,0.1074,0.0847,0.0893,1.0,0.0,96.08,1.6403,16.465,16.465,1317.4011,1769815660.3779054,1.92,2,104,0.738,38,0,0,11.5,15.0,0,488,1769815641.929,-15.699,meta-llama/Llama-3.2-1B-Instruct,"1769815641.929, 1769815641.966, 1769815641.980, 1769815642.021, 1769815642.084"
1.0,0,1769815641.4083,17.3635,27,32,59,0.1497,0.077,0.0814,1.0,0.0,96.12,1.6547,16.5132,16.5132,1333.9143,1769815660.4340239,1.9,2,105,0.737,37,0,0,11.5,15.0,0,488,1769815641.929,-15.699,meta-llama/Llama-3.2-1B-Instruct,"1769815641.929, 1769815641.966, 1769815641.980, 1769815642.021, 1769815642.084"
1.0,0,1769815641.5258,17.3465,27,35,62,0.0938,0.0804,0.0825,1.0,0.0,96.15,1.6252,16.4403,16.4403,1350.3546,1769815660.5072222,1.89,2,106,0.738,38,1,0,11.5,15.0,0,488,1769815641.929,-15.699,meta-llama/Llama-3.2-1B-Instruct,"1769815641.929, 1769815641.966, 1769815641.980, 1769815642.021, 1769815642.084"
1.0,0,1769815641.5941,17.4492,27,32,59,0.1286,0.0832,0.0956,1.0,0.0,96.19,1.6002,16.5778,16.5778,1366.9324,1769815660.6518636,1.87,2,107,0.739,38,0,0,11.5,15.0,0,488,1769815641.929,-15.699,meta-llama/Llama-3.2-1B-Instruct,"1769815641.929, 1769815641.966, 1769815641.980, 1769815642.021, 1769815642.084"
1.0,0,1769815641.6074,17.5101,27,32,59,0.0849,0.0848,0.0871,1.0,0.0,96.23,1.6012,16.5951,16.5951,1383.5275,1769815660.7203643,1.85,2,108,0.739,37,0,0,11.5,15.0,0,488,1769815641.929,-15.699,meta-llama/Llama-3.2-1B-Instruct,"1769815641.929, 1769815641.966, 1769815641.980, 1769815642.021, 1769815642.084"
1.0,0,1769815641.6201,17.595,27,32,59,0.0811,0.0883,0.0884,1.0,0.0,96.26,1.6609,16.6761,16.6761,1400.2036,1769815660.8802135,1.83,2,109,0.74,38,0,0,11.5,15.0,0,488,1769815641.929,-15.699,meta-llama/Llama-3.2-1B-Instruct,"1769815641.929, 1769815641.966, 1769815641.980, 1769815642.021, 1769815642.084"
1.0,0,1769815641.6337,17.6882,27,32,59,0.1163,0.0832,0.1014,1.0,0.0,96.3,1.6422,16.8045,16.8045,1417.0081,1769815660.9793031,1.82,2,110,0.74,38,0,0,11.5,15.0,0,488,1769815641.929,-15.699,meta-llama/Llama-3.2-1B-Instruct,"1769815641.929, 1769815641.966, 1769815641.980, 1769815642.021, 1769815642.084"
1.0,0,1769815641.6598,17.8233,27,32,59,0.097,0.109,0.2096,1.0,0.0,96.33,1.7722,16.9204,16.9204,1450.8538,1769815661.2794626,1.8,2,112,0.742,39,0,0,11.5,15.0,0,488,1769815641.929,-15.699,meta-llama/Llama-3.2-1B-Instruct,"1769815641.929, 1769815641.966, 1769815641.980, 1769815642.021, 1769815642.084"
1.0,0,1769815641.6728,17.9321,27,34,61,0.1034,0.0859,0.2761,1.0,0.0,96.36,1.7118,17.0355,17.0355,1484.8327,1769815661.3315327,1.77,2,114,0.742,39,0,0,11.5,15.0,0,488,1769815641.929,-15.699,meta-llama/Llama-3.2-1B-Instruct,"1769815641.929, 1769815641.966, 1769815641.980, 1769815642.021, 1769815642.084"
1.0,0,1769815641.6464,17.8143,27,32,59,0.129,0.107,0.2445,1.0,0.0,96.4,1.8603,16.9433,16.9433,1484.8327,1769815661.3317776,1.75,2,114,0.741,38,0,0,11.5,15.0,0,488,1769815641.929,-15.699,meta-llama/Llama-3.2-1B-Instruct,"1769815641.929, 1769815641.966, 1769815641.980, 1769815642.021, 1769815642.084"
1.0,0,1769815641.7883,17.8611,27,32,59,0.0642,0.0833,0.2226,1.0,0.0,96.43,1.6211,16.9253,16.9253,1484.8327,1769815661.3356721,1.79,2,114,0.742,39,0,0,11.5,15.0,0,488,1769815641.929,-15.699,meta-llama/Llama-3.2-1B-Instruct,"1769815641.929, 1769815641.966, 1769815641.980, 1769815642.021, 1769815642.084"
1.0,0,1769815641.8994,17.8715,27,32,59,0.1159,0.0872,0.1965,1.0,0.0,96.46,1.625,16.9875,16.9875,1501.8202,1769815661.418842,1.74,2,115,0.743,39,0,0,11.5,15.0,0,488,1769815641.929,-15.699,meta-llama/Llama-3.2-1B-Instruct,"1769815641.929, 1769815641.966, 1769815641.980, 1769815642.021, 1769815642.084"
1.0,0,1769815641.9819,17.9111,27,32,59,0.0843,0.0828,0.2402,1.0,0.0,96.49,1.6497,16.9953,16.9953,1518.8155,1769815661.5480778,1.72,2,116,0.744,39,0,0,11.5,15.0,0,488,1769815641.929,-15.699,meta-llama/Llama-3.2-1B-Instruct,"1769815641.929, 1769815641.966, 1769815641.980, 1769815642.021, 1769815642.084"
1.0,0,1769815642.0438,17.9673,27,32,59,0.1626,0.0884,0.2601,1.0,0.0,96.52,1.6696,17.1299,17.1299,1535.9454,1769815661.6895316,1.71,2,117,0.744,38,0,0,11.5,15.0,0,488,1769815641.929,-15.699,meta-llama/Llama-3.2-1B-Instruct,"1769815641.929, 1769815641.966, 1769815641.980, 1769815642.021, 1769815642.084"
1.0,0,1769815642.181,17.8915,27,32,59,0.0834,0.0978,0.2734,1.0,0.0,96.55,1.6765,16.9749,16.9749,1552.9203,1769815661.7695186,1.69,2,118,0.744,38,0,0,11.5,15.0,0,488,1769815641.929,-15.699,meta-llama/Llama-3.2-1B-Instruct,"1769815641.929, 1769815641.966, 1769815641.980, 1769815642.021, 1769815642.084"
1.0,0,1769815642.1936,17.9436,27,32,59,0.1078,0.0946,0.2028,1.0,0.0,96.58,1.6687,17.0514,17.0514,1569.9716,1769815661.8192358,1.68,2,119,0.745,39,0,0,11.5,15.0,0,488,1769815641.929,-15.699,meta-llama/Llama-3.2-1B-Instruct,"1769815641.929, 1769815641.966, 1769815641.980, 1769815642.021, 1769815642.084"
1.0,0,1769815642.2064,18.0223,27,31,58,0.1374,0.0859,0.2767,1.0,0.0,96.61,1.7029,17.1598,17.1598,1587.1314,1769815661.9361472,1.67,2,120,0.745,39,0,0,11.5,15.0,0,488,1769815641.929,-15.699,meta-llama/Llama-3.2-1B-Instruct,"1769815641.929, 1769815641.966, 1769815641.980, 1769815642.021, 1769815642.084"
1.0,0,1769815642.2442,18.1338,27,32,59,0.1378,0.083,0.2233,1.0,0.0,96.64,1.6687,17.2716,17.2716,1604.4031,1769815662.0567448,1.65,2,121,0.745,39,0,0,11.5,15.0,0,488,1769815641.929,-15.699,meta-llama/Llama-3.2-1B-Instruct,"1769815641.929, 1769815641.966, 1769815641.980, 1769815642.021, 1769815642.084"
1.0,0,1769815642.4197,18.0331,27,32,59,0.1218,0.0925,0.2419,1.0,0.0,96.67,1.6491,17.1548,17.1548,1621.5579,1769815662.1156204,1.64,2,122,0.746,38,0,0,11.5,15.0,0,488,1769815641.929,-15.699,meta-llama/Llama-3.2-1B-Instruct,"1769815641.929, 1769815641.966, 1769815641.980, 1769815642.021, 1769815642.084"
1.0,0,1769815642.466,18.0792,27,32,59,0.1149,0.0836,0.2319,1.0,0.0,96.69,1.6738,17.1941,17.1941,1638.752,1769815662.2423077,1.63,2,123,0.747,39,0,0,11.5,15.0,0,488,1769815641.929,-15.699,meta-llama/Llama-3.2-1B-Instruct,"1769815641.929, 1769815641.966, 1769815641.980, 1769815642.021, 1769815642.084"
1.0,0,1769815642.871,17.9879,27,25,52,0.1304,0.0849,0.23,1.0,0.0,96.72,1.3864,17.1184,17.1184,1655.8704,1769815662.268101,1.61,2,124,0.748,39,0,0,11.5,15.0,0,488,1769815641.929,-15.699,meta-llama/Llama-3.2-1B-Instruct,"1769815641.929, 1769815641.966, 1769815641.980, 1769815642.021, 1769815642.084"
1.0,0,1769815642.8234,17.8537,27,32,59,0.1583,0.0941,0.2257,1.0,0.0,96.75,1.6871,17.012,17.012,1672.8824,1769815662.3836055,1.6,2,125,0.748,40,0,0,11.5,15.0,0,488,1769815641.929,-15.699,meta-llama/Llama-3.2-1B-Instruct,"1769815641.929, 1769815641.966, 1769815641.980, 1769815642.021, 1769815642.084"
1.0,0,1769815642.8365,17.8969,27,32,59,0.0957,0.0832,0.2665,1.0,0.0,96.77,1.6823,16.9926,16.9926,1689.875,1769815662.4263,1.59,2,126,0.747,38,1,0,11.5,15.0,0,488,1769815641.929,-15.699,meta-llama/Llama-3.2-1B-Instruct,"1769815641.929, 1769815641.966, 1769815641.980, 1769815642.021, 1769815642.084"
1.0,0,1769815642.9616,17.9809,27,32,59,0.0812,0.091,0.2375,1.0,0.0,96.8,1.6544,17.062,17.062,1706.937,1769815662.605993,1.57,2,127,0.748,39,1,0,11.5,15.0,0,488,1769815641.929,-15.699,meta-llama/Llama-3.2-1B-Instruct,"1769815641.929, 1769815641.966, 1769815641.980, 1769815642.021, 1769815642.084"
1.0,0,1769815642.9747,18.2574,27,32,59,0.1435,0.0849,0.0931,1.0,0.0,96.83,1.6608,17.401,17.401,1724.338,1769815662.901678,1.56,2,128,0.749,37,0,0,11.5,15.0,0,488,1769815644.823,-17.866,meta-llama/Llama-3.2-1B-Instruct,"1769815644.823, 1769815644.837, 1769815644.914, 1769815644.927, 1769815644.940"
1.0,0,1769815642.9879,18.4552,27,32,59,0.1149,0.0804,0.0837,1.0,0.0,96.85,1.6355,17.5702,17.5702,1741.9082,1769815663.0896697,1.55,2,129,0.749,36,0,0,11.5,15.0,0,488,1769815644.823,-17.866,meta-llama/Llama-3.2-1B-Instruct,"1769815644.823, 1769815644.837, 1769815644.914, 1769815644.927, 1769815644.940"
1.0,0,1769815643.0008,18.5167,27,32,59,0.0733,0.0875,0.0956,1.0,0.0,96.88,1.6436,17.59,17.59,1759.4982,1769815663.164081,1.54,2,130,0.749,36,0,0,11.5,15.0,0,488,1769815644.823,-17.866,meta-llama/Llama-3.2-1B-Instruct,"1769815644.823, 1769815644.837, 1769815644.914, 1769815644.927, 1769815644.940"
1.0,0,1769815643.0886,18.55,27,32,59,0.1132,0.0801,0.101,1.0,0.0,96.9,1.6694,17.6632,17.6632,1777.1614,1769815663.3155906,1.53,2,131,0.751,37,0,0,11.5,15.0,0,488,1769815644.823,-17.866,meta-llama/Llama-3.2-1B-Instruct,"1769815644.823, 1769815644.837, 1769815644.914, 1769815644.927, 1769815644.940"
1.0,0,1769815643.136,18.7507,27,31,58,0.1388,0.0794,0.0824,1.0,0.0,96.92,1.683,17.8895,17.8895,1830.8303,1769815663.5738728,1.52,2,134,0.751,35,0,0,11.5,15.0,0,488,1769815644.823,-17.866,meta-llama/Llama-3.2-1B-Instruct,"1769815644.823, 1769815644.837, 1769815644.914, 1769815644.927, 1769815644.940"
1.0,0,1769815643.1013,18.7826,27,32,59,0.1527,0.0866,0.0872,1.0,0.0,96.95,1.6883,17.9353,17.9353,1830.8303,1769815663.575511,1.5,2,134,0.75,36,0,0,11.5,15.0,0,488,1769815644.823,-17.866,meta-llama/Llama-3.2-1B-Instruct,"1769815644.823, 1769815644.837, 1769815644.914, 1769815644.927, 1769815644.940"
1.0,0,1769815643.1761,18.7178,27,32,59,0.1263,0.0815,0.0827,1.0,0.0,96.97,1.6796,17.8441,17.8441,1830.8303,1769815663.5758789,1.49,2,134,0.751,35,0,0,11.5,15.0,0,488,1769815644.823,-17.866,meta-llama/Llama-3.2-1B-Instruct,"1769815644.823, 1769815644.837, 1769815644.914, 1769815644.927, 1769815644.940"
1.0,0,1769815643.2783,18.6905,27,32,59,0.0886,0.0803,0.1089,1.0,0.0,96.99,1.6399,17.7791,17.7791,1848.6094,1769815663.6311247,1.48,2,135,0.75,34,0,0,11.5,15.0,0,488,1769815644.823,-17.866,meta-llama/Llama-3.2-1B-Instruct,"1769815644.823, 1769815644.837, 1769815644.914, 1769815644.927, 1769815644.940"
1.0,0,1769815643.291,18.7868,27,32,59,0.1442,0.0916,0.0967,1.0,0.0,97.01,1.6599,17.9309,17.9309,1866.5403,1769815663.7506034,1.47,2,136,0.752,37,0,0,11.5,15.0,0,488,1769815644.823,-17.866,meta-llama/Llama-3.2-1B-Instruct,"1769815644.823, 1769815644.837, 1769815644.914, 1769815644.927, 1769815644.940"
1.0,0,1769815643.3291,18.8116,27,32,59,0.1089,0.0832,0.0985,1.0,0.0,97.04,1.6718,17.9205,17.9205,1884.4609,1769815663.8506947,1.46,2,137,0.752,36,1,0,11.5,15.0,0,488,1769815644.823,-17.866,meta-llama/Llama-3.2-1B-Instruct,"1769815644.823, 1769815644.837, 1769815644.914, 1769815644.927, 1769815644.940"
1.0,0,1769815643.3978,18.8089,27,32,59,0.1453,0.0811,0.0985,1.0,0.0,97.06,1.6544,17.9542,17.9542,1902.4151,1769815663.8761344,1.45,2,138,0.753,37,1,0,11.5,15.0,0,488,1769815644.823,-17.866,meta-llama/Llama-3.2-1B-Instruct,"1769815644.823, 1769815644.837, 1769815644.914, 1769815644.927, 1769815644.940"
1.0,0,1769815643.4103,18.8769,27,33,60,0.1003,0.0914,0.1006,1.0,0.0,97.08,1.6245,17.9772,17.9772,1920.3923,1769815663.9264858,1.44,2,139,0.753,36,1,0,11.5,15.0,0,488,1769815644.823,-17.866,meta-llama/Llama-3.2-1B-Instruct,"1769815644.823, 1769815644.837, 1769815644.914, 1769815644.927, 1769815644.940"
1.0,0,1769815643.5098,18.8345,27,32,59,0.072,0.0823,0.0831,1.0,0.0,97.1,1.6484,17.9065,17.9065,1938.2988,1769815664.0454729,1.43,2,140,0.753,37,1,0,11.5,15.0,0,488,1769815644.823,-17.866,meta-llama/Llama-3.2-1B-Instruct,"1769815644.823, 1769815644.837, 1769815644.914, 1769815644.927, 1769815644.940"
1.0,0,1769815643.5479,18.9135,27,32,59,0.1241,0.0854,0.1113,1.0,0.0,97.12,1.6938,18.0375,18.0375,1956.3363,1769815664.1586726,1.42,2,141,0.753,37,0,0,11.5,15.0,0,488,1769815644.823,-17.866,meta-llama/Llama-3.2-1B-Instruct,"1769815644.823, 1769815644.837, 1769815644.914, 1769815644.927, 1769815644.940"
1.0,0,1769815643.7026,18.8192,27,32,59,0.1044,0.0923,0.1025,1.0,0.0,97.14,1.6644,17.9236,17.9236,1974.26,1769815664.2170277,1.41,2,142,0.754,37,0,0,11.5,15.0,0,488,1769815644.823,-17.866,meta-llama/Llama-3.2-1B-Instruct,"1769815644.823, 1769815644.837, 1769815644.914, 1769815644.927, 1769815644.940"
1.0,0,1769815643.7407,18.9137,27,32,59,0.169,0.106,0.108,1.0,0.0,97.16,1.6887,18.0827,18.0827,1992.3427,1769815664.3442707,1.4,2,143,0.755,38,0,0,11.5,15.0,0,488,1769815644.823,-17.866,meta-llama/Llama-3.2-1B-Instruct,"1769815644.823, 1769815644.837, 1769815644.914, 1769815644.927, 1769815644.940"
1.0,0,1769815643.7546,18.9596,27,32,59,0.0894,0.0966,0.1112,1.0,0.0,97.18,1.676,18.0491,18.0491,2010.3917,1769815664.3992066,1.39,2,144,0.755,38,0,0,11.5,15.0,0,488,1769815644.823,-17.866,meta-llama/Llama-3.2-1B-Instruct,"1769815644.823, 1769815644.837, 1769815644.914, 1769815644.927, 1769815644.940"
1.0,0,1769815644.2196,20.1021,27,0,27,,,,1.0,,,0.1436,19.2457,19.2457,2047.7273,1769815664.4748545,1.38,2,146,0.763,39,1,0,11.5,15.0,0,488,1769815644.823,-17.866,meta-llama/Llama-3.2-1B-Instruct,"1769815644.823, 1769815644.837, 1769815644.914, 1769815644.927, 1769815644.940"
1.0,0,1769815643.8229,18.9575,27,32,59,0.1324,0.0905,0.092,1.0,0.0,97.2,1.6888,18.09,18.09,2047.7273,1769815664.4766579,1.37,2,146,0.757,40,0,0,11.5,15.0,0,488,1769815644.823,-17.866,meta-llama/Llama-3.2-1B-Instruct,"1769815644.823, 1769815644.837, 1769815644.914, 1769815644.927, 1769815644.940"
1.0,0,1769815643.8371,19.0939,27,32,59,0.1513,0.0938,0.0939,1.0,0.0,97.22,1.7476,18.2452,18.2452,2065.9725,1769815664.696219,1.36,2,147,0.757,40,0,0,11.5,15.0,0,488,1769815644.823,-17.866,meta-llama/Llama-3.2-1B-Instruct,"1769815644.823, 1769815644.837, 1769815644.914, 1769815644.927, 1769815644.940"
1.0,0,1769815643.9139,19.1961,27,31,58,0.1133,0.0857,0.0874,1.0,0.0,97.24,1.693,18.3094,18.3094,2102.5969,1769815664.808326,1.35,2,149,0.758,40,1,0,11.5,15.0,0,488,1769815644.823,-17.866,meta-llama/Llama-3.2-1B-Instruct,"1769815644.823, 1769815644.837, 1769815644.914, 1769815644.927, 1769815644.940"
1.0,0,1769815643.9275,19.1875,27,32,59,0.1275,0.1058,0.1094,1.0,0.0,97.26,1.6918,18.315,18.315,2102.5969,1769815664.8085196,1.34,2,149,0.758,40,0,0,11.5,15.0,0,488,1769815644.823,-17.866,meta-llama/Llama-3.2-1B-Instruct,"1769815644.823, 1769815644.837, 1769815644.914, 1769815644.927, 1769815644.940"
1.0,0,1769815643.9537,19.3575,27,32,59,0.1364,0.0858,0.0983,1.0,0.0,97.28,1.6399,18.4939,18.4939,2121.0908,1769815664.9709644,1.33,2,150,0.759,40,1,0,11.5,15.0,0,488,1769815644.823,-17.866,meta-llama/Llama-3.2-1B-Instruct,"1769815644.823, 1769815644.837, 1769815644.914, 1769815644.927, 1769815644.940"
1.0,0,1769815643.9405,19.3041,27,32,59,0.1757,0.0927,0.1059,1.0,0.0,97.3,1.7313,18.4798,18.4798,2139.5706,1769815664.9820862,1.32,2,151,0.759,41,0,0,11.5,15.0,0,488,1769815644.823,-17.866,meta-llama/Llama-3.2-1B-Instruct,"1769815644.823, 1769815644.837, 1769815644.914, 1769815644.927, 1769815644.940"
1.0,0,1769815643.9663,19.4155,27,32,59,0.2292,0.0998,0.1299,1.0,0.0,97.32,1.7364,18.6446,18.6446,2158.2153,1769815665.1225522,1.32,2,152,0.76,41,1,0,11.5,15.0,0,488,1769815644.823,-17.866,meta-llama/Llama-3.2-1B-Instruct,"1769815644.823, 1769815644.837, 1769815644.914, 1769815644.927, 1769815644.940"
1.0,0,1769815643.9796,19.5466,27,32,59,0.1041,0.0928,0.1121,1.0,0.0,97.33,1.6628,18.6507,18.6507,2176.8659,1769815665.1918256,1.31,2,153,0.761,42,1,0,11.5,15.0,0,488,1769815644.823,-17.866,meta-llama/Llama-3.2-1B-Instruct,"1769815644.823, 1769815644.837, 1769815644.914, 1769815644.927, 1769815644.940"
1.0,0,1769815643.9923,19.6553,27,32,59,0.0735,0.0885,0.1005,1.0,0.0,97.35,1.6596,18.7288,18.7288,2195.5948,1769815665.3170135,1.3,2,154,0.761,40,0,0,11.5,15.0,0,488,1769815644.823,-17.866,meta-llama/Llama-3.2-1B-Instruct,"1769815644.823, 1769815644.837, 1769815644.914, 1769815644.927, 1769815644.940"
1.0,0,1769815644.058,19.6286,27,32,59,0.182,0.0873,0.105,1.0,0.0,97.37,1.7288,18.8106,18.8106,2233.1792,1769815665.429413,1.29,2,156,0.762,41,0,0,11.5,15.0,0,488,1769815644.823,-17.866,meta-llama/Llama-3.2-1B-Instruct,"1769815644.823, 1769815644.837, 1769815644.914, 1769815644.927, 1769815644.940"
1.0,0,1769815644.0978,19.6832,27,32,59,0.0906,0.0981,0.0995,1.0,0.0,97.39,1.6457,18.7739,18.7739,2233.1792,1769815665.432271,1.28,2,156,0.761,40,0,0,11.5,15.0,0,488,1769815644.823,-17.866,meta-llama/Llama-3.2-1B-Instruct,"1769815644.823, 1769815644.837, 1769815644.914, 1769815644.927, 1769815644.940"
1.0,0,1769815644.1111,19.7882,27,32,59,0.0967,0.0942,0.1024,1.0,0.0,97.4,1.7069,18.8849,18.8849,2252.0642,1769815665.6368816,1.27,2,157,0.762,40,0,0,11.5,15.0,0,488,1769815644.823,-17.866,meta-llama/Llama-3.2-1B-Instruct,"1769815644.823, 1769815644.837, 1769815644.914, 1769815644.927, 1769815644.940"
1.0,0,1769815644.1239,19.8578,27,32,59,0.1935,0.0855,0.0947,1.0,0.0,97.42,1.7422,19.0514,19.0514,2271.1155,1769815665.76132,1.27,2,158,0.762,39,0,0,11.5,15.0,0,488,1769815644.823,-17.866,meta-llama/Llama-3.2-1B-Instruct,"1769815644.823, 1769815644.837, 1769815644.914, 1769815644.927, 1769815644.940"
1.0,0,1769815644.1937,19.92,27,32,59,0.1152,0.0795,0.0916,1.0,0.0,97.44,1.6588,19.0352,19.0352,2290.1508,1769815665.7752237,1.26,2,159,0.763,39,0,0,11.5,15.0,0,488,1769815644.823,-17.866,meta-llama/Llama-3.2-1B-Instruct,"1769815644.823, 1769815644.837, 1769815644.914, 1769815644.927, 1769815644.940"
1.0,0,1769815644.207,19.96,27,32,59,0.1284,0.0785,0.0811,1.0,0.0,97.45,1.7106,19.0884,19.0884,2309.2391,1769815665.8910964,1.25,2,160,0.762,39,0,0,11.5,15.0,0,488,1769815644.823,-17.866,meta-llama/Llama-3.2-1B-Instruct,"1769815644.823, 1769815644.837, 1769815644.914, 1769815644.927, 1769815644.940"
1.0,0,1769815644.4682,20.5337,27,17,44,0.1072,0.078,0.078,1.0,0.0,97.47,0.9637,19.6409,19.6409,2328.88,1769815665.9715497,1.24,2,161,0.766,38,0,0,11.5,15.0,0,488,1769815644.823,-17.866,meta-llama/Llama-3.2-1B-Instruct,"1769815644.823, 1769815644.837, 1769815644.914, 1769815644.927, 1769815644.940"
1.0,0,1769815644.2563,20.1065,27,32,59,0.095,0.0792,0.0845,1.0,0.0,97.48,1.6624,19.2015,19.2015,2348.0815,1769815666.0349624,1.23,2,162,0.763,38,0,0,11.5,15.0,0,488,1769815644.823,-17.866,meta-llama/Llama-3.2-1B-Instruct,"1769815644.823, 1769815644.837, 1769815644.914, 1769815644.927, 1769815644.940"
1.0,0,1769815644.4237,20.4903,27,19,46,0.1837,0.0797,0.0797,1.0,0.0,97.5,1.1772,19.6741,19.6741,2367.7556,1769815666.0992582,1.23,2,163,0.766,39,0,0,11.5,15.0,0,488,1769815644.823,-17.866,meta-llama/Llama-3.2-1B-Instruct,"1769815644.823, 1769815644.837, 1769815644.914, 1769815644.927, 1769815644.940"
1.0,0,1769815644.295,20.1988,27,32,59,0.1502,0.0798,0.0806,1.0,0.0,97.52,1.6611,19.349,19.349,2387.1046,1769815666.1580703,1.22,2,164,0.764,38,0,0,11.5,15.0,0,488,1769815644.823,-17.866,meta-llama/Llama-3.2-1B-Instruct,"1769815644.823, 1769815644.837, 1769815644.914, 1769815644.927, 1769815644.940"
1.0,0,1769815644.3095,20.2521,27,32,59,0.083,0.092,0.1211,1.0,0.0,97.53,1.6694,19.3351,19.3351,2406.4397,1769815666.2339242,1.21,2,165,0.764,38,1,0,11.5,15.0,0,488,1769815644.823,-17.866,meta-llama/Llama-3.2-1B-Instruct,"1769815644.823, 1769815644.837, 1769815644.914, 1769815644.927, 1769815644.940"
1.0,0,1769815644.359,20.2679,27,31,58,0.1969,0.0895,0.1023,1.0,0.0,97.55,1.76,19.4649,19.4649,2445.3746,1769815666.4258115,1.2,2,167,0.765,39,0,0,11.5,15.0,0,488,1769815644.823,-17.866,meta-llama/Llama-3.2-1B-Instruct,"1769815644.823, 1769815644.837, 1769815644.914, 1769815644.927, 1769815644.940"
1.0,0,1769815644.3717,20.3886,27,32,59,0.0815,0.0837,0.084,1.0,0.0,97.56,1.6479,19.47,19.47,2445.3746,1769815666.4277053,1.2,2,167,0.766,39,0,0,11.5,15.0,0,488,1769815644.823,-17.866,meta-llama/Llama-3.2-1B-Instruct,"1769815644.823, 1769815644.837, 1769815644.914, 1769815644.927, 1769815644.940"
1.0,0,1769815644.4098,20.4601,27,32,59,0.0718,0.0766,0.0882,1.0,0.0,97.58,1.6449,19.532,19.532,2464.9065,1769815666.5323143,1.19,2,168,0.765,39,0,0,11.5,15.0,0,488,1769815644.823,-17.866,meta-llama/Llama-3.2-1B-Instruct,"1769815644.823, 1769815644.837, 1769815644.914, 1769815644.927, 1769815644.940"
1.0,0,1769815644.6139,20.5242,27,32,59,0.1382,0.0818,0.0829,1.0,0.0,97.59,1.6729,19.6625,19.6625,2484.569,1769815666.8216944,1.18,2,169,0.767,39,0,0,11.5,15.0,0,488,1769815644.823,-17.866,meta-llama/Llama-3.2-1B-Instruct,"1769815644.823, 1769815644.837, 1769815644.914, 1769815644.927, 1769815644.940"
1.0,0,1769815644.6265,20.5809,27,32,59,0.1164,0.0947,0.1171,1.0,0.0,97.6,1.6495,19.6973,19.6973,2504.2663,1769815666.8647451,1.18,2,170,0.767,38,1,0,11.5,15.0,0,488,1769815644.823,-17.866,meta-llama/Llama-3.2-1B-Instruct,"1769815644.823, 1769815644.837, 1769815644.914, 1769815644.927, 1769815644.940"
1.0,0,1769815644.6657,20.6028,27,32,59,0.1327,0.0883,0.0979,1.0,0.0,97.62,1.7185,19.7354,19.7354,2524.0017,1769815666.9897802,1.17,2,171,0.767,39,0,0,11.5,15.0,0,488,1769815644.823,-17.866,meta-llama/Llama-3.2-1B-Instruct,"1769815644.823, 1769815644.837, 1769815644.914, 1769815644.927, 1769815644.940"
1.0,0,1769815644.717,20.8185,27,32,59,0.106,0.0863,0.0885,1.0,0.0,97.63,1.6111,19.9244,19.9244,2563.8309,1769815667.1567068,1.16,2,173,0.768,38,0,0,11.5,15.0,0,488,1769815644.823,-17.866,meta-llama/Llama-3.2-1B-Instruct,"1769815644.823, 1769815644.837, 1769815644.914, 1769815644.927, 1769815644.940"
1.0,0,1769815644.7037,20.8168,27,32,59,0.0879,0.0769,0.077,1.0,0.0,97.65,1.6335,19.9047,19.9047,2563.8309,1769815667.1598043,1.16,2,173,0.768,39,0,0,11.5,15.0,0,488,1769815644.823,-17.866,meta-llama/Llama-3.2-1B-Instruct,"1769815644.823, 1769815644.837, 1769815644.914, 1769815644.927, 1769815644.940"
1.0,0,1769815644.7296,20.8983,27,32,59,0.1053,0.082,0.1184,1.0,0.0,97.66,1.6558,20.0036,20.0036,2583.8345,1769815667.285578,1.15,2,174,0.769,39,0,0,11.5,15.0,0,488,1769815644.823,-17.866,meta-llama/Llama-3.2-1B-Instruct,"1769815644.823, 1769815644.837, 1769815644.914, 1769815644.927, 1769815644.940"
1.0,0,1769815644.7431,20.9231,27,32,59,0.0973,0.0792,0.0928,1.0,0.0,97.67,1.6619,20.0204,20.0204,2603.8549,1769815667.3430645,1.14,2,175,0.769,39,0,0,11.5,15.0,0,488,1769815644.823,-17.866,meta-llama/Llama-3.2-1B-Instruct,"1769815644.823, 1769815644.837, 1769815644.914, 1769815644.927, 1769815644.940"
1.0,0,1769815644.7837,21.005,27,32,59,0.1314,0.091,0.0931,1.0,0.0,97.69,1.6807,20.1365,20.1365,2623.9914,1769815667.4828331,1.14,2,176,0.769,39,0,0,11.5,15.0,0,488,1769815644.823,-17.866,meta-llama/Llama-3.2-1B-Instruct,"1769815644.823, 1769815644.837, 1769815644.914, 1769815644.927, 1769815644.940"
1.0,0,1769815644.7973,21.0477,27,32,59,0.1109,0.0763,0.0776,1.0,0.0,97.7,1.7079,20.1586,20.1586,2644.15,1769815667.5701714,1.13,2,177,0.77,39,0,0,11.5,15.0,0,488,1769815644.823,-17.866,meta-llama/Llama-3.2-1B-Instruct,"1769815644.823, 1769815644.837, 1769815644.914, 1769815644.927, 1769815644.940"
1.0,0,1769815644.84,21.3245,27,26,53,0.132,0.0739,0.0841,1.0,0.0,97.71,1.4539,20.4566,20.4566,2684.916,1769815667.6514153,1.12,2,179,0.771,38,0,0,11.5,15.0,0,488,1769815644.823,-17.866,meta-llama/Llama-3.2-1B-Instruct,"1769815644.823, 1769815644.837, 1769815644.914, 1769815644.927, 1769815644.940"
1.0,0,1769815644.8138,21.1525,27,32,59,0.157,0.1013,0.1142,1.0,0.0,97.73,1.6793,20.3094,20.3094,2684.916,1769815667.6531231,1.12,2,179,0.771,40,0,0,11.5,15.0,0,488,1769815644.823,-17.866,meta-llama/Llama-3.2-1B-Instruct,"1769815644.823, 1769815644.837, 1769815644.914, 1769815644.927, 1769815644.940"
1.0,0,1769815644.8266,21.2215,27,32,59,0.1018,0.0726,0.0864,1.0,0.0,97.74,1.6687,20.3233,20.3233,2705.2393,1769815667.7214534,1.11,2,180,0.77,38,1,0,11.5,15.0,0,488,1769815644.823,-17.866,meta-llama/Llama-3.2-1B-Instruct,"1769815644.823, 1769815644.837, 1769815644.914, 1769815644.927, 1769815644.940"
1.0,0,1769815644.9078,21.319,27,32,59,0.0814,0.0987,0.1157,1.0,0.0,97.75,1.6825,20.4004,20.4004,2725.6397,1769815667.9242363,1.1,2,181,0.77,37,1,0,11.5,15.0,0,488,1769815646.48,-21.256,meta-llama/Llama-3.2-1B-Instruct,"1769815646.480, 1769815646.495, 1769815646.590, 1769815646.629, 1769815646.718"
1.0,0,1769815645.0006,21.3179,27,32,59,0.0905,0.0874,0.0998,1.0,0.0,97.77,1.6277,20.4083,20.4083,2746.0481,1769815667.9598408,1.1,2,182,0.772,39,0,0,11.5,15.0,0,488,1769815646.48,-21.256,meta-llama/Llama-3.2-1B-Instruct,"1769815646.480, 1769815646.495, 1769815646.590, 1769815646.629, 1769815646.718"
1.0,0,1769815645.0138,21.3979,27,32,59,0.1053,0.0927,0.1022,1.0,0.0,97.78,1.6669,20.5033,20.5033,2766.5513,1769815668.0922809,1.09,2,183,0.772,39,0,0,11.5,15.0,0,488,1769815646.48,-21.256,meta-llama/Llama-3.2-1B-Instruct,"1769815646.480, 1769815646.495, 1769815646.590, 1769815646.629, 1769815646.718"
1.0,0,1769815645.0268,21.438,27,31,58,0.0826,0.09,0.0986,1.0,0.0,97.79,1.6496,20.5206,20.5206,2787.0719,1769815668.119978,1.09,2,184,0.772,39,0,0,11.5,15.0,0,488,1769815646.48,-21.256,meta-llama/Llama-3.2-1B-Instruct,"1769815646.480, 1769815646.495, 1769815646.590, 1769815646.629, 1769815646.718"
1.0,0,1769815645.0655,21.514,27,32,59,0.1413,0.081,0.0867,1.0,0.0,97.8,1.7118,20.6553,20.6553,2807.7272,1769815668.3042452,1.08,2,185,0.773,39,0,0,11.5,15.0,0,488,1769815646.48,-21.256,meta-llama/Llama-3.2-1B-Instruct,"1769815646.480, 1769815646.495, 1769815646.590, 1769815646.629, 1769815646.718"
1.0,0,1769815645.1296,21.5849,27,32,59,0.0872,0.0795,0.0828,1.0,0.0,97.81,1.6665,20.6721,20.6721,2828.3993,1769815668.3945742,1.08,2,186,0.773,39,0,0,11.5,15.0,0,488,1769815646.48,-21.256,meta-llama/Llama-3.2-1B-Instruct,"1769815646.480, 1769815646.495, 1769815646.590, 1769815646.629, 1769815646.718"
1.0,0,1769815645.1435,21.6022,27,32,59,0.1143,0.0853,0.0909,1.0,0.0,97.83,1.6944,20.7165,20.7165,2849.1159,1769815668.4589257,1.07,2,187,0.774,40,0,0,11.5,15.0,0,488,1769815646.48,-21.256,meta-llama/Llama-3.2-1B-Instruct,"1769815646.480, 1769815646.495, 1769815646.590, 1769815646.629, 1769815646.718"
1.0,0,1769815645.1568,21.7082,27,32,59,0.1746,0.0903,0.1013,1.0,0.0,97.84,1.6983,20.8827,20.8827,2869.9986,1769815668.5806603,1.06,2,188,0.775,40,0,0,11.5,15.0,0,488,1769815646.48,-21.256,meta-llama/Llama-3.2-1B-Instruct,"1769815646.480, 1769815646.495, 1769815646.590, 1769815646.629, 1769815646.718"
1.0,0,1769815645.1699,21.7769,27,31,58,0.0816,0.0977,0.101,1.0,0.0,97.85,1.7036,20.8585,20.8585,2890.8571,1769815668.6583135,1.06,2,189,0.775,40,0,0,11.5,15.0,0,488,1769815646.48,-21.256,meta-llama/Llama-3.2-1B-Instruct,"1769815646.480, 1769815646.495, 1769815646.590, 1769815646.629, 1769815646.718"
1.0,0,1769815645.2105,21.792,27,32,59,0.1454,0.0938,0.1025,1.0,0.0,97.86,1.7018,20.9375,20.9375,2911.7946,1769815668.7138317,1.05,2,190,0.776,41,0,0,11.5,15.0,0,488,1769815646.48,-21.256,meta-llama/Llama-3.2-1B-Instruct,"1769815646.480, 1769815646.495, 1769815646.590, 1769815646.629, 1769815646.718"
1.0,0,1769815645.2245,21.9389,27,32,59,0.1462,0.0876,0.1027,1.0,0.0,97.87,1.6638,21.085,21.085,2932.8796,1769815668.836605,1.05,2,191,0.776,40,0,0,11.5,15.0,0,488,1769815646.48,-21.256,meta-llama/Llama-3.2-1B-Instruct,"1769815646.480, 1769815646.495, 1769815646.590, 1769815646.629, 1769815646.718"
1.0,0,1769815645.2376,21.9946,27,32,59,0.1171,0.0807,0.084,1.0,0.0,97.88,1.6852,21.1118,21.1118,2953.9914,1769815668.9188335,1.04,2,192,0.776,40,1,0,11.5,15.0,0,488,1769815646.48,-21.256,meta-llama/Llama-3.2-1B-Instruct,"1769815646.480, 1769815646.495, 1769815646.590, 1769815646.629, 1769815646.718"
1.0,0,1769815645.2505,22.0447,27,32,59,0.2344,0.0846,0.093,1.0,0.0,97.89,1.7594,21.2791,21.2791,2975.2704,1769815669.0650241,1.04,2,193,0.777,40,1,0,11.5,15.0,0,488,1769815646.48,-21.256,meta-llama/Llama-3.2-1B-Instruct,"1769815646.480, 1769815646.495, 1769815646.590, 1769815646.629, 1769815646.718"
1.0,0,1769815645.2635,22.1706,27,32,59,0.0917,0.0852,0.1048,1.0,0.0,97.91,1.7326,21.2624,21.2624,2996.5328,1769815669.1786494,1.03,2,194,0.778,40,0,0,11.5,15.0,0,488,1769815646.48,-21.256,meta-llama/Llama-3.2-1B-Instruct,"1769815646.480, 1769815646.495, 1769815646.590, 1769815646.629, 1769815646.718"
1.0,0,1769815645.2768,22.2324,27,32,59,0.1348,0.0871,0.1282,1.0,0.0,97.92,1.7332,21.3672,21.3672,3017.9,1769815669.2666383,1.03,2,195,0.778,40,0,0,11.5,15.0,0,488,1769815646.48,-21.256,meta-llama/Llama-3.2-1B-Instruct,"1769815646.480, 1769815646.495, 1769815646.590, 1769815646.629, 1769815646.718"
1.0,0,1769815645.3541,22.3263,27,32,59,0.1132,0.1001,0.1091,1.0,0.0,97.93,1.697,21.4395,21.4395,3060.8504,1769815669.3955185,1.02,2,197,0.778,38,0,0,11.5,15.0,0,488,1769815646.48,-21.256,meta-llama/Llama-3.2-1B-Instruct,"1769815646.480, 1769815646.495, 1769815646.590, 1769815646.629, 1769815646.718"
1.0,0,1769815645.2897,22.3704,27,32,59,0.1405,0.0871,0.0897,1.0,0.0,97.94,1.7099,21.5109,21.5109,3060.8504,1769815669.4039464,1.02,2,197,0.778,39,0,0,11.5,15.0,0,488,1769815646.48,-21.256,meta-llama/Llama-3.2-1B-Instruct,"1769815646.480, 1769815646.495, 1769815646.590, 1769815646.629, 1769815646.718"
1.0,0,1769815645.368,22.3807,27,32,59,0.1367,0.0872,0.0975,1.0,0.0,97.95,1.7151,21.5173,21.5173,3082.3677,1769815669.4647248,1.01,2,198,0.778,38,0,0,11.5,15.0,0,488,1769815646.48,-21.256,meta-llama/Llama-3.2-1B-Instruct,"1769815646.480, 1769815646.495, 1769815646.590, 1769815646.629, 1769815646.718"
1.0,0,1769815645.4803,22.4391,27,32,59,0.1445,0.0797,0.0965,1.0,0.0,97.96,1.7185,21.5836,21.5836,3125.5325,1769815669.6573267,1.01,2,200,0.779,40,0,0,11.5,15.0,0,488,1769815646.48,-21.256,meta-llama/Llama-3.2-1B-Instruct,"1769815646.480, 1769815646.495, 1769815646.590, 1769815646.629, 1769815646.718"
1.0,0,1769815645.4947,22.4892,27,32,59,0.092,0.1103,0.1142,1.0,0.0,97.97,1.6669,21.5812,21.5812,3125.5325,1769815669.6617415,1.0,2,200,0.779,39,0,0,11.5,15.0,0,488,1769815646.48,-21.256,meta-llama/Llama-3.2-1B-Instruct,"1769815646.480, 1769815646.495, 1769815646.590, 1769815646.629, 1769815646.718"
1.0,0,1769815645.5904,22.4639,27,32,59,0.1527,0.0759,0.0775,1.0,0.0,97.98,1.7381,21.6166,21.6166,3147.1491,1769815669.812365,1.0,2,201,0.78,40,0,0,11.5,15.0,0,488,1769815646.48,-21.256,meta-llama/Llama-3.2-1B-Instruct,"1769815646.480, 1769815646.495, 1769815646.590, 1769815646.629, 1769815646.718"
1.0,0,1769815645.6286,22.5582,27,32,59,0.1099,0.0807,0.0858,1.0,0.0,97.99,1.6851,21.6681,21.6681,3168.8172,1769815669.8763537,0.99,2,202,0.78,40,0,0,11.5,15.0,0,488,1769815646.48,-21.256,meta-llama/Llama-3.2-1B-Instruct,"1769815646.480, 1769815646.495, 1769815646.590, 1769815646.629, 1769815646.718"
1.0,0,1769815645.7175,22.5319,27,32,59,0.163,0.0884,0.1017,1.0,0.0,98.0,1.745,21.6949,21.6949,3190.5121,1769815670.0218039,0.99,2,203,0.781,40,0,0,11.5,15.0,0,488,1769815646.48,-21.256,meta-llama/Llama-3.2-1B-Instruct,"1769815646.480, 1769815646.495, 1769815646.590, 1769815646.629, 1769815646.718"
1.0,0,1769815645.7308,22.6221,27,31,58,0.0793,0.0923,0.1118,1.0,0.0,98.01,1.6694,21.7014,21.7014,3212.2135,1769815670.023166,0.98,2,204,0.781,40,0,0,11.5,15.0,0,488,1769815646.48,-21.256,meta-llama/Llama-3.2-1B-Instruct,"1769815646.480, 1769815646.495, 1769815646.590, 1769815646.629, 1769815646.718"
1.0,0,1769815645.7439,22.7323,27,32,59,0.124,0.0909,0.1149,1.0,0.0,98.02,1.7503,21.8563,21.8563,3255.9642,1769815670.2304633,0.97,2,206,0.782,40,0,0,11.5,15.0,0,488,1769815646.48,-21.256,meta-llama/Llama-3.2-1B-Instruct,"1769815646.480, 1769815646.495, 1769815646.590, 1769815646.629, 1769815646.718"
1.0,0,1769815645.7567,22.7796,27,32,59,0.1147,0.0785,0.094,1.0,0.0,98.03,1.6737,21.8943,21.8943,3255.9642,1769815670.2321715,0.98,2,206,0.782,40,0,0,11.5,15.0,0,488,1769815646.48,-21.256,meta-llama/Llama-3.2-1B-Instruct,"1769815646.480, 1769815646.495, 1769815646.590, 1769815646.629, 1769815646.718"
1.0,0,1769815645.7698,22.9084,27,32,59,0.1179,0.0951,0.1171,1.0,0.0,98.04,1.6747,22.0263,22.0263,3277.9904,1769815670.362221,0.97,2,207,0.783,40,0,0,11.5,15.0,0,488,1769815646.48,-21.256,meta-llama/Llama-3.2-1B-Instruct,"1769815646.480, 1769815646.495, 1769815646.590, 1769815646.629, 1769815646.718"
1.0,0,1769815645.7828,22.9645,27,32,59,0.0848,0.0913,0.1323,1.0,0.0,98.05,1.6815,22.0493,22.0493,3300.0398,1769815670.4422727,0.96,2,208,0.783,39,0,0,11.5,15.0,0,488,1769815646.48,-21.256,meta-llama/Llama-3.2-1B-Instruct,"1769815646.480, 1769815646.495, 1769815646.590, 1769815646.629, 1769815646.718"
1.0,0,1769815645.8228,23.0544,27,32,59,0.119,0.1038,0.1087,1.0,0.0,98.06,1.6896,22.1734,22.1734,3322.2132,1769815670.5719156,0.96,2,209,0.784,40,0,0,11.5,15.0,0,488,1769815646.48,-21.256,meta-llama/Llama-3.2-1B-Instruct,"1769815646.480, 1769815646.495, 1769815646.590, 1769815646.629, 1769815646.718"
1.0,0,1769815645.8606,23.1584,27,32,59,0.1409,0.0821,0.1113,1.0,0.0,98.07,1.695,22.2993,22.2993,3344.5124,1769815670.7506967,0.95,2,210,0.784,40,0,0,11.5,15.0,0,488,1769815646.48,-21.256,meta-llama/Llama-3.2-1B-Instruct,"1769815646.480, 1769815646.495, 1769815646.590, 1769815646.629, 1769815646.718"
1.0,0,1769815645.8743,23.2585,27,32,59,0.1384,0.0961,0.119,1.0,0.0,98.08,1.6754,22.3969,22.3969,3366.9093,1769815670.8128603,0.95,2,211,0.784,39,0,0,11.5,15.0,0,488,1769815646.48,-21.256,meta-llama/Llama-3.2-1B-Instruct,"1769815646.480, 1769815646.495, 1769815646.590, 1769815646.629, 1769815646.718"
1.0,0,1769815645.8875,23.3112,27,32,59,0.1113,0.0952,0.1085,1.0,0.0,98.09,1.6732,22.4225,22.4225,3389.3318,1769815670.8730502,0.94,2,212,0.785,39,0,0,11.5,15.0,0,488,1769815646.48,-21.256,meta-llama/Llama-3.2-1B-Instruct,"1769815646.480, 1769815646.495, 1769815646.590, 1769815646.629, 1769815646.718"
1.0,0,1769815645.901,23.4148,27,32,59,0.0685,0.0964,0.1016,1.0,0.0,98.1,1.6583,22.4834,22.4834,3411.8152,1769815670.975576,0.94,2,213,0.785,40,0,0,11.5,15.0,0,488,1769815646.48,-21.256,meta-llama/Llama-3.2-1B-Instruct,"1769815646.480, 1769815646.495, 1769815646.590, 1769815646.629, 1769815646.718"
1.0,0,1769815645.914,23.501,27,32,59,0.1445,0.0881,0.0882,1.0,0.0,98.1,1.7014,22.6455,22.6455,3434.4606,1769815671.1288645,0.93,2,214,0.785,39,0,0,11.5,15.0,0,488,1769815646.48,-21.256,meta-llama/Llama-3.2-1B-Instruct,"1769815646.480, 1769815646.495, 1769815646.590, 1769815646.629, 1769815646.718"
1.0,0,1769815645.9273,23.5827,27,32,59,0.1585,0.0924,0.1138,1.0,0.0,98.11,1.7094,22.7412,22.7412,3457.2018,1769815671.2288275,0.93,2,215,0.785,38,0,0,11.5,15.0,0,488,1769815646.48,-21.256,meta-llama/Llama-3.2-1B-Instruct,"1769815646.480, 1769815646.495, 1769815646.590, 1769815646.629, 1769815646.718"
1.0,0,1769815646.0204,23.5925,27,32,59,0.1592,0.0759,0.0843,1.0,0.0,98.12,1.6833,22.7517,22.7517,3479.9535,1769815671.315791,0.93,2,216,0.786,39,1,0,11.5,15.0,0,488,1769815646.48,-21.256,meta-llama/Llama-3.2-1B-Instruct,"1769815646.480, 1769815646.495, 1769815646.590, 1769815646.629, 1769815646.718"
1.0,0,1769815646.034,23.6647,27,32,59,0.0993,0.0911,0.0919,1.0,0.0,98.13,1.7169,22.764,22.764,3502.7175,1769815671.4166431,0.92,2,217,0.786,38,1,0,11.5,15.0,0,488,1769815646.48,-21.256,meta-llama/Llama-3.2-1B-Instruct,"1769815646.480, 1769815646.495, 1769815646.590, 1769815646.629, 1769815646.718"
1.0,0,1769815646.047,23.7679,27,32,59,0.1744,0.0877,0.096,1.0,0.0,98.14,1.7166,22.9423,22.9423,3525.6598,1769815671.53847,0.92,2,218,0.787,39,0,0,11.5,15.0,0,488,1769815646.48,-21.256,meta-llama/Llama-3.2-1B-Instruct,"1769815646.480, 1769815646.495, 1769815646.590, 1769815646.629, 1769815646.718"
1.0,0,1769815646.2341,23.6423,27,32,59,0.1396,0.09,0.0965,1.0,0.0,98.15,1.712,22.7819,22.7819,3548.4417,1769815671.5898058,0.91,2,219,0.787,38,1,0,11.5,15.0,0,488,1769815646.48,-21.256,meta-llama/Llama-3.2-1B-Instruct,"1769815646.480, 1769815646.495, 1769815646.590, 1769815646.629, 1769815646.718"
1.0,0,1769815646.2483,23.7082,27,32,59,0.1357,0.0921,0.1131,1.0,0.0,98.16,1.672,22.844,22.844,3571.2857,1769815671.6430116,0.91,2,220,0.788,39,0,0,11.5,15.0,0,488,1769815646.48,-21.256,meta-llama/Llama-3.2-1B-Instruct,"1769815646.480, 1769815646.495, 1769815646.590, 1769815646.629, 1769815646.718"
1.0,0,1769815646.9341,24.5678,27,0,27,,,,1.0,,,0.1541,23.7218,23.7218,3595.0075,1769815671.6583652,0.9,2,221,0.795,40,0,0,11.5,15.0,0,488,1769815646.48,-21.256,meta-llama/Llama-3.2-1B-Instruct,"1769815646.480, 1769815646.495, 1769815646.590, 1769815646.629, 1769815646.718"
1.0,0,1769815646.2614,23.7983,27,32,59,0.1265,0.092,0.1032,1.0,0.0,98.17,1.7134,22.9248,22.9248,3617.9323,1769815671.7853055,0.9,2,222,0.788,38,0,0,11.5,15.0,0,488,1769815646.48,-21.256,meta-llama/Llama-3.2-1B-Instruct,"1769815646.480, 1769815646.495, 1769815646.590, 1769815646.629, 1769815646.718"
1.0,0,1769815646.2753,23.8924,27,32,59,0.1418,0.0854,0.0863,1.0,0.0,98.17,1.6904,23.0342,23.0342,3640.9665,1769815671.8818622,0.9,2,223,0.789,39,0,0,11.5,15.0,0,488,1769815646.48,-21.256,meta-llama/Llama-3.2-1B-Instruct,"1769815646.480, 1769815646.495, 1769815646.590, 1769815646.629, 1769815646.718"
1.0,0,1769815646.2892,24.0255,27,32,59,0.163,0.1035,0.1104,1.0,0.0,98.18,1.6997,23.1885,23.1885,3664.1549,1769815672.01826,0.89,2,224,0.789,39,0,0,11.5,15.0,0,488,1769815646.48,-21.256,meta-llama/Llama-3.2-1B-Instruct,"1769815646.480, 1769815646.495, 1769815646.590, 1769815646.629, 1769815646.718"
1.0,0,1769815646.3286,24.0649,27,32,59,0.1387,0.0878,0.1085,1.0,0.0,98.19,1.6943,23.2036,23.2036,3687.3585,1769815672.0886216,0.89,2,225,0.789,38,1,0,11.5,15.0,0,488,1769815646.48,-21.256,meta-llama/Llama-3.2-1B-Instruct,"1769815646.480, 1769815646.495, 1769815646.590, 1769815646.629, 1769815646.718"
1.0,0,1769815646.4282,24.0226,27,32,59,0.1127,0.0793,0.0821,1.0,0.0,98.2,1.7057,23.1353,23.1353,3710.4938,1769815672.1736958,0.88,2,226,0.789,38,1,0,11.5,15.0,0,488,1769815646.48,-21.256,meta-llama/Llama-3.2-1B-Instruct,"1769815646.480, 1769815646.495, 1769815646.590, 1769815646.629, 1769815646.718"
1.0,0,1769815646.4664,24.1221,27,32,59,0.1223,0.0809,0.0954,1.0,0.0,98.21,1.6549,23.2444,23.2444,3757.1951,1769815672.2584014,0.88,2,228,0.791,39,0,0,11.5,15.0,0,488,1769815646.48,-21.256,meta-llama/Llama-3.2-1B-Instruct,"1769815646.480, 1769815646.495, 1769815646.590, 1769815646.629, 1769815646.718"
1.0,0,1769815646.7733,24.3646,27,19,46,0.0923,0.0905,0.0905,1.0,0.0,98.21,1.0951,23.4569,23.4569,3757.1951,1769815672.2593722,0.88,2,228,0.793,39,1,0,11.5,15.0,0,488,1769815646.48,-21.256,meta-llama/Llama-3.2-1B-Instruct,"1769815646.480, 1769815646.495, 1769815646.590, 1769815646.629, 1769815646.718"
1.0,0,1769815646.4803,24.1702,27,32,59,0.081,0.0919,0.1297,1.0,0.0,98.22,1.7208,23.2512,23.2512,3780.4463,1769815672.372269,0.87,2,229,0.791,39,0,0,11.5,15.0,0,488,1769815646.48,-21.256,meta-llama/Llama-3.2-1B-Instruct,"1769815646.480, 1769815646.495, 1769815646.590, 1769815646.629, 1769815646.718"
1.0,0,1769815646.4931,24.3152,27,32,59,0.1536,0.0963,0.1127,1.0,0.0,98.23,1.711,23.4687,23.4687,3803.915,1769815672.5227168,0.87,2,230,0.792,39,0,0,11.5,15.0,0,488,1769815646.48,-21.256,meta-llama/Llama-3.2-1B-Instruct,"1769815646.480, 1769815646.495, 1769815646.590, 1769815646.629, 1769815646.718"
1.0,0,1769815646.5312,24.3535,27,32,59,0.1134,0.1032,0.1177,1.0,0.0,98.24,1.7181,23.467,23.467,3827.382,1769815672.6311238,0.87,2,231,0.791,38,1,0,11.5,15.0,0,488,1769815646.48,-21.256,meta-llama/Llama-3.2-1B-Instruct,"1769815646.480, 1769815646.495, 1769815646.590, 1769815646.629, 1769815646.718"
1.0,0,1769815646.6792,24.3267,27,32,59,0.0962,0.0919,0.119,1.0,0.0,98.25,1.6404,23.4228,23.4228,3850.8049,1769815672.67127,0.86,2,232,0.793,39,0,0,11.5,15.0,0,488,1769815646.48,-21.256,meta-llama/Llama-3.2-1B-Instruct,"1769815646.480, 1769815646.495, 1769815646.590, 1769815646.629, 1769815646.718"
1.0,0,1769815647.4337,25.1033,27,0,27,,,,1.0,,,0.1348,24.2381,24.2381,3875.0429,1769815672.6730464,0.86,2,233,0.799,38,1,0,11.5,15.0,0,488,1769815646.48,-21.256,meta-llama/Llama-3.2-1B-Instruct,"1769815646.480, 1769815646.495, 1769815646.590, 1769815646.629, 1769815646.718"
1.0,0,1769815647.3534,24.9548,27,6,33,0.1574,0.0835,0.0835,1.0,0.0,98.25,0.4834,24.1122,24.1122,3922.6615,1769815672.798341,0.85,2,235,0.797,38,0,0,11.5,15.0,0,488,1769815648.537,-24.233,meta-llama/Llama-3.2-1B-Instruct,"1769815648.537, 1769815648.550, 1769815648.563, 1769815648.644, 1769815648.657"
1.0,0,1769815646.6927,24.3634,27,32,59,0.143,0.0925,0.0984,1.0,0.0,98.26,1.7392,23.5064,23.5064,3922.6615,1769815672.8006842,0.85,2,235,0.793,40,0,0,11.5,15.0,0,488,1769815648.537,-24.233,meta-llama/Llama-3.2-1B-Instruct,"1769815648.537, 1769815648.550, 1769815648.563, 1769815648.644, 1769815648.657"
1.0,0,1769815646.8121,24.453,27,32,59,0.1397,0.0959,0.1013,1.0,0.0,98.27,1.6956,23.5926,23.5926,3946.2542,1769815672.9830544,0.85,2,236,0.794,40,0,0,11.5,15.0,0,488,1769815648.537,-24.233,meta-llama/Llama-3.2-1B-Instruct,"1769815648.537, 1769815648.550, 1769815648.563, 1769815648.644, 1769815648.657"
1.0,0,1769815646.8256,24.51,27,32,59,0.0976,0.0977,0.106,1.0,0.0,98.28,1.7035,23.6076,23.6076,3969.8618,1769815673.0646596,0.84,2,237,0.794,39,1,0,11.5,15.0,0,488,1769815648.537,-24.233,meta-llama/Llama-3.2-1B-Instruct,"1769815648.537, 1769815648.550, 1769815648.563, 1769815648.644, 1769815648.657"
1.0,0,1769815646.9477,24.6055,27,31,58,0.0931,0.103,0.1316,1.0,0.0,98.28,1.6805,23.6985,23.6985,4017.3339,1769815673.2420607,0.84,2,239,0.795,39,0,0,11.5,15.0,0,488,1769815648.537,-24.233,meta-llama/Llama-3.2-1B-Instruct,"1769815648.537, 1769815648.550, 1769815648.563, 1769815648.644, 1769815648.657"
1.0,0,1769815646.866,24.6435,27,32,59,0.1301,0.0818,0.1024,1.0,0.0,98.29,1.7284,23.7736,23.7736,4017.3339,1769815673.248506,0.84,2,239,0.795,40,0,0,11.5,15.0,0,488,1769815648.537,-24.233,meta-llama/Llama-3.2-1B-Instruct,"1769815648.537, 1769815648.550, 1769815648.563, 1769815648.644, 1769815648.657"
1.0,0,1769815646.9608,24.7175,27,32,59,0.1335,0.0856,0.0949,1.0,0.0,98.3,1.7022,23.851,23.851,4041.1849,1769815673.3905654,0.83,2,240,0.795,39,0,0,11.5,15.0,0,488,1769815648.537,-24.233,meta-llama/Llama-3.2-1B-Instruct,"1769815648.537, 1769815648.550, 1769815648.563, 1769815648.644, 1769815648.657"
1.0,0,1769815647.0515,24.6953,27,32,59,0.0995,0.0845,0.0867,1.0,0.0,98.31,1.6732,23.7948,23.7948,4064.9797,1769815673.443801,0.83,2,241,0.796,39,0,0,11.5,15.0,0,488,1769815648.537,-24.233,meta-llama/Llama-3.2-1B-Instruct,"1769815648.537, 1769815648.550, 1769815648.563, 1769815648.644, 1769815648.657"
1.0,0,1769815647.115,24.6871,27,32,59,0.0898,0.0929,0.1012,1.0,0.0,98.31,1.656,23.7768,23.7768,4088.7566,1769815673.4603045,0.83,2,242,0.796,39,0,0,11.5,15.0,0,488,1769815648.537,-24.233,meta-llama/Llama-3.2-1B-Instruct,"1769815648.537, 1769815648.550, 1769815648.563, 1769815648.644, 1769815648.657"
1.0,0,1769815647.1558,24.8106,27,32,59,0.159,0.0992,0.1063,1.0,0.0,98.32,1.7044,23.9696,23.9696,4112.7261,1769815673.6781917,0.82,2,243,0.797,40,0,0,11.5,15.0,0,488,1769815648.537,-24.233,meta-llama/Llama-3.2-1B-Instruct,"1769815648.537, 1769815648.550, 1769815648.563, 1769815648.644, 1769815648.657"
1.0,0,1769815647.1697,24.8628,27,32,59,0.129,0.0914,0.0968,1.0,0.0,98.33,1.7039,23.9917,23.9917,4136.7179,1769815673.7393281,0.82,2,244,0.797,39,1,0,11.5,15.0,0,488,1769815648.537,-24.233,meta-llama/Llama-3.2-1B-Instruct,"1769815648.537, 1769815648.550, 1769815648.563, 1769815648.644, 1769815648.657"
1.0,0,1769815647.3027,24.8034,27,32,59,0.143,0.0921,0.0924,1.0,0.0,98.33,1.6965,23.9464,23.9464,4160.6643,1769815673.807681,0.82,2,245,0.797,39,0,0,11.5,15.0,0,488,1769815648.537,-24.233,meta-llama/Llama-3.2-1B-Instruct,"1769815648.537, 1769815648.550, 1769815648.563, 1769815648.644, 1769815648.657"
1.0,0,1769815647.3397,24.9277,27,32,59,0.0854,0.0872,0.0883,1.0,0.0,98.34,1.642,24.0131,24.0131,4184.6774,1769815673.9311175,0.81,2,246,0.797,38,0,0,11.5,15.0,0,488,1769815648.537,-24.233,meta-llama/Llama-3.2-1B-Instruct,"1769815648.537, 1769815648.550, 1769815648.563, 1769815648.644, 1769815648.657"
1.0,0,1769815647.9346,26.0267,27,0,27,,,,1.0,,,0.1512,25.1779,25.1779,4209.8553,1769815674.1141934,0.81,2,247,0.804,37,0,0,11.5,15.0,0,488,1769815648.537,-24.233,meta-llama/Llama-3.2-1B-Instruct,"1769815648.537, 1769815648.550, 1769815648.563, 1769815648.644, 1769815648.657"
1.0,0,1769815647.421,25.0458,27,32,59,0.1539,0.084,0.0947,1.0,0.0,98.35,1.69,24.1997,24.1997,4234.055,1769815674.1685467,0.81,2,248,0.799,39,0,0,11.5,15.0,0,488,1769815648.537,-24.233,meta-llama/Llama-3.2-1B-Instruct,"1769815648.537, 1769815648.550, 1769815648.563, 1769815648.644, 1769815648.657"
1.0,0,1769815647.4465,25.2601,27,32,59,0.1322,0.0889,0.0971,1.0,0.0,98.35,1.6728,24.3923,24.3923,4258.4472,1769815674.390624,0.8,2,249,0.799,37,0,0,11.5,15.0,0,488,1769815648.537,-24.233,meta-llama/Llama-3.2-1B-Instruct,"1769815648.537, 1769815648.550, 1769815648.563, 1769815648.644, 1769815648.657"
1.0,0,1769815647.4599,25.2914,27,32,59,0.122,0.0907,0.0988,1.0,0.0,98.36,1.6665,24.4133,24.4133,4282.8606,1769815674.4481866,0.8,3,251,0.799,37,0,0,11.5,15.0,0,488,1769815648.537,-24.233,meta-llama/Llama-3.2-1B-Instruct,"1769815648.537, 1769815648.550, 1769815648.563, 1769815648.644, 1769815648.657"
200.0,1,1769815637.4879,0.0396,3648,520,4168,11.0893,0.0895,0.1506,200.0,0.0,98.37,36.9119,-163.0485,0.0,4282.8606,1769815674.4609845,1.2,3,251,0.0,0,0,0,6.29,15.0,0,488,1769815648.537,-24.233,meta-llama/Llama-3.2-1B-Instruct,"1769815648.537, 1769815648.550, 1769815648.563, 1769815648.644, 1769815648.657"
1.0,0,1769815647.4728,25.3473,27,32,59,0.1566,0.0869,0.0959,1.0,0.0,98.37,1.6863,24.5039,24.5039,4307.3645,1769815674.5139277,1.19,3,252,0.799,37,0,0,11.5,15.0,0,488,1769815648.537,-24.233,meta-llama/Llama-3.2-1B-Instruct,"1769815648.537, 1769815648.550, 1769815648.563, 1769815648.644, 1769815648.657"
1.0,0,1769815647.5373,25.4292,27,32,59,0.0732,0.0901,0.0925,1.0,0.0,98.38,1.6596,24.5024,24.5024,4357.4492,1769815674.6366668,1.18,3,254,0.8,38,0,0,11.5,15.0,0,488,1769815648.537,-24.233,meta-llama/Llama-3.2-1B-Instruct,"1769815648.537, 1769815648.550, 1769815648.563, 1769815648.644, 1769815648.657"
1.0,0,1769815648.0244,26.3997,27,0,27,,,,1.0,,,0.1826,25.5823,25.5823,4357.4492,1769815674.6498704,1.19,3,254,0.808,40,0,0,11.5,15.0,0,488,1769815648.537,-24.233,meta-llama/Llama-3.2-1B-Instruct,"1769815648.537, 1769815648.550, 1769815648.563, 1769815648.644, 1769815648.657"
1.0,0,1769815647.5499,25.5231,27,32,59,0.092,0.0814,0.0829,1.0,0.0,98.39,1.6418,24.6151,24.6151,4382.0643,1769815674.7480235,1.18,3,255,0.8,37,0,0,11.5,15.0,0,488,1769815648.537,-24.233,meta-llama/Llama-3.2-1B-Instruct,"1769815648.537, 1769815648.550, 1769815648.563, 1769815648.644, 1769815648.657"
1.0,0,1769815647.5629,25.5536,27,32,59,0.1912,0.0973,0.0973,1.0,0.0,98.39,1.7306,24.7448,24.7448,4431.4641,1769815674.8667006,1.17,3,257,0.8,37,0,0,11.5,15.0,0,488,1769815648.537,-24.233,meta-llama/Llama-3.2-1B-Instruct,"1769815648.537, 1769815648.550, 1769815648.563, 1769815648.644, 1769815648.657"
1.0,0,1769815647.6439,25.5535,27,32,59,0.1015,0.0836,0.0862,1.0,0.0,98.4,1.6662,24.655,24.655,4431.4641,1769815674.871051,1.17,3,257,0.802,38,0,0,11.5,15.0,0,488,1769815648.537,-24.233,meta-llama/Llama-3.2-1B-Instruct,"1769815648.537, 1769815648.550, 1769815648.563, 1769815648.644, 1769815648.657"
1.0,0,1769815647.6568,25.6111,27,32,59,0.1491,0.0843,0.0969,1.0,0.0,98.41,1.6706,24.7603,24.7603,4456.2244,1769815674.951943,1.16,3,258,0.802,38,0,0,11.5,15.0,0,488,1769815648.537,-24.233,meta-llama/Llama-3.2-1B-Instruct,"1769815648.537, 1769815648.550, 1769815648.563, 1769815648.644, 1769815648.657"
1.0,0,1769815647.6711,25.6829,27,32,59,0.091,0.0882,0.0981,1.0,0.0,98.41,1.6286,24.7739,24.7739,4480.9983,1769815674.9873037,1.16,3,259,0.802,38,1,0,11.5,15.0,0,488,1769815648.537,-24.233,meta-llama/Llama-3.2-1B-Instruct,"1769815648.537, 1769815648.550, 1769815648.563, 1769815648.644, 1769815648.657"
1.0,0,1769815647.7533,25.7817,27,32,59,0.1312,0.0866,0.0871,1.0,0.0,98.42,1.6513,24.913,24.913,4505.9113,1769815675.200532,1.15,3,260,0.803,37,0,0,11.5,15.0,0,488,1769815648.537,-24.233,meta-llama/Llama-3.2-1B-Instruct,"1769815648.537, 1769815648.550, 1769815648.563, 1769815648.644, 1769815648.657"
1.0,0,1769815647.7399,25.7368,27,32,59,0.1662,0.0899,0.1028,1.0,0.0,98.43,1.7323,24.903,24.903,4530.8143,1769815675.21658,1.15,3,261,0.802,37,0,0,11.5,15.0,0,488,1769815648.537,-24.233,meta-llama/Llama-3.2-1B-Instruct,"1769815648.537, 1769815648.550, 1769815648.563, 1769815648.644, 1769815648.657"
1.0,0,1769815647.7988,25.8522,27,33,60,0.0945,0.0766,0.0934,1.0,0.0,98.43,1.6526,24.9468,24.9468,4555.761,1769815675.3101952,1.15,3,262,0.804,39,0,0,11.5,15.0,0,488,1769815648.537,-24.233,meta-llama/Llama-3.2-1B-Instruct,"1769815648.537, 1769815648.550, 1769815648.563, 1769815648.644, 1769815648.657"
1.0,0,1769815647.8425,25.8571,27,32,59,0.0789,0.0906,0.1088,1.0,0.0,98.44,1.6695,24.936,24.936,4580.697,1769815675.4126122,1.14,3,263,0.803,38,0,0,11.5,15.0,0,488,1769815648.537,-24.233,meta-llama/Llama-3.2-1B-Instruct,"1769815648.537, 1769815648.550, 1769815648.563, 1769815648.644, 1769815648.657"
1.0,0,1769815647.8562,26.0313,27,32,59,0.1383,0.095,0.1076,1.0,0.0,98.44,1.6855,25.1696,25.1696,4605.8667,1769815675.583119,1.14,3,264,0.804,38,0,0,11.5,15.0,0,488,1769815648.537,-24.233,meta-llama/Llama-3.2-1B-Instruct,"1769815648.537, 1769815648.550, 1769815648.563, 1769815648.644, 1769815648.657"
1.0,0,1769815647.8959,25.9966,27,32,59,0.1814,0.0871,0.1272,1.0,0.0,98.45,1.7117,25.178,25.178,4631.0447,1769815675.607128,1.13,3,265,0.804,38,0,0,11.5,15.0,0,488,1769815648.537,-24.233,meta-llama/Llama-3.2-1B-Instruct,"1769815648.537, 1769815648.550, 1769815648.563, 1769815648.644, 1769815648.657"
1.0,0,1769815647.9715,26.1312,27,32,59,0.1604,0.101,0.1028,1.0,0.0,98.46,1.708,25.2916,25.2916,4656.3363,1769815675.820019,1.13,3,266,0.806,40,0,0,11.5,15.0,0,488,1769815648.537,-24.233,meta-llama/Llama-3.2-1B-Instruct,"1769815648.537, 1769815648.550, 1769815648.563, 1769815648.644, 1769815648.657"
1.0,0,1769815647.9851,26.2033,27,32,59,0.1034,0.1011,0.1243,1.0,0.0,98.46,1.6528,25.3068,25.3068,4681.6431,1769815675.8463,1.12,3,267,0.806,38,1,0,11.5,15.0,0,488,1769815648.537,-24.233,meta-llama/Llama-3.2-1B-Instruct,"1769815648.537, 1769815648.550, 1769815648.563, 1769815648.644, 1769815648.657"
1.0,0,1769815647.998,26.3109,27,32,59,0.0908,0.0886,0.0956,1.0,0.0,98.47,1.6301,25.4017,25.4017,4707.0448,1769815675.9457982,1.12,3,268,0.808,40,0,0,11.5,15.0,0,488,1769815648.537,-24.233,meta-llama/Llama-3.2-1B-Instruct,"1769815648.537, 1769815648.550, 1769815648.563, 1769815648.644, 1769815648.657"
1.0,0,1769815648.0111,26.336,27,32,59,0.0977,0.0897,0.0918,1.0,0.0,98.47,1.6319,25.4337,25.4337,4732.4785,1769815675.9962358,1.12,3,269,0.808,40,0,0,11.5,15.0,0,488,1769815648.537,-24.233,meta-llama/Llama-3.2-1B-Instruct,"1769815648.537, 1769815648.550, 1769815648.563, 1769815648.644, 1769815648.657"
1.0,0,1769815648.1178,26.407,27,32,59,0.1372,0.0995,0.1168,1.0,0.0,98.48,1.6798,25.5443,25.5443,4758.0227,1769815676.2306263,1.11,3,270,0.768,38,1,0,11.5,15.0,0,488,1769815648.537,-24.233,meta-llama/Llama-3.2-1B-Instruct,"1769815648.537, 1769815648.550, 1769815648.563, 1769815648.644, 1769815648.657"
1.0,0,1769815648.2381,26.3622,27,32,59,0.1425,0.1196,0.258,1.0,0.0,98.48,1.8877,25.5047,25.5047,4809.0289,1769815676.506079,1.11,3,272,0.769,38,0,0,11.5,15.0,0,488,1769815648.537,-24.233,meta-llama/Llama-3.2-1B-Instruct,"1769815648.537, 1769815648.550, 1769815648.563, 1769815648.644, 1769815648.657"
1.0,0,1769815648.3291,26.4213,27,31,58,0.0802,0.1039,0.2067,1.0,0.0,98.49,1.745,25.5015,25.5015,4809.0289,1769815676.5105915,1.1,3,272,0.769,38,0,0,11.5,15.0,0,488,1769815648.537,-24.233,meta-llama/Llama-3.2-1B-Instruct,"1769815648.537, 1769815648.550, 1769815648.563, 1769815648.644, 1769815648.657"
1.0,0,1769815648.3949,26.3942,27,32,59,0.1651,0.1173,0.2327,1.0,0.0,98.5,1.7459,25.5593,25.5593,4860.1042,1769815676.5622354,1.1,3,274,0.77,38,0,0,11.5,15.0,0,488,1769815648.537,-24.233,meta-llama/Llama-3.2-1B-Instruct,"1769815648.537, 1769815648.550, 1769815648.563, 1769815648.644, 1769815648.657"
1.0,0,1769815648.4556,26.4293,27,32,59,0.0866,0.0934,0.2186,1.0,0.0,98.5,1.6757,25.516,25.516,4860.1042,1769815676.567223,1.09,3,274,0.769,37,1,0,11.5,15.0,0,488,1769815648.537,-24.233,meta-llama/Llama-3.2-1B-Instruct,"1769815648.537, 1769815648.550, 1769815648.563, 1769815648.644, 1769815648.657"
1.0,0,1769815648.4687,26.6334,27,32,59,0.0825,0.1054,0.2234,1.0,0.0,98.51,1.6333,25.716,25.716,4911.5239,1769815676.7522159,1.09,3,276,0.77,37,0,0,11.5,15.0,0,488,1769815648.537,-24.233,meta-llama/Llama-3.2-1B-Instruct,"1769815648.537, 1769815648.550, 1769815648.563, 1769815648.644, 1769815648.657"
1.0,0,1769815648.4817,26.6116,27,32,59,0.0921,0.1034,0.2619,1.0,0.0,98.51,1.65,25.7037,25.7037,4911.5239,1769815676.7524278,1.09,3,276,0.77,37,0,0,11.5,15.0,0,488,1769815648.537,-24.233,meta-llama/Llama-3.2-1B-Instruct,"1769815648.537, 1769815648.550, 1769815648.563, 1769815648.644, 1769815648.657"
1.0,0,1769815648.5182,26.6243,27,32,59,0.1633,0.0928,0.2247,1.0,0.0,98.52,1.7214,25.7876,25.7876,4937.3114,1769815676.8704457,1.08,3,277,0.771,37,0,0,11.5,15.0,0,488,1769815648.537,-24.233,meta-llama/Llama-3.2-1B-Instruct,"1769815648.537, 1769815648.550, 1769815648.563, 1769815648.644, 1769815648.657"
1.0,0,1769815648.5903,26.6577,27,32,59,0.1278,0.091,0.2228,1.0,0.0,98.52,1.7026,25.7854,25.7854,4963.0969,1769815676.9610496,1.08,3,278,0.77,37,1,0,11.5,15.0,0,488,1769815648.537,-24.233,meta-llama/Llama-3.2-1B-Instruct,"1769815648.537, 1769815648.550, 1769815648.563, 1769815648.644, 1769815648.657"
1.0,0,1769815648.6671,26.6854,27,32,59,0.1275,0.111,0.2502,1.0,0.0,98.53,1.7107,25.813,25.813,4988.9099,1769815677.0718927,1.08,3,279,0.771,37,0,0,11.5,15.0,0,488,1769815648.537,-24.233,meta-llama/Llama-3.2-1B-Instruct,"1769815648.537, 1769815648.550, 1769815648.563, 1769815648.644, 1769815648.657"
1.0,0,1769815648.6937,26.7886,27,32,59,0.1,0.092,0.2,1.0,0.0,98.53,1.6614,25.8886,25.8886,5014.7985,1769815677.1518078,1.07,3,280,0.772,38,0,0,11.5,15.0,0,488,1769815648.537,-24.233,meta-llama/Llama-3.2-1B-Instruct,"1769815648.537, 1769815648.550, 1769815648.563, 1769815648.644, 1769815648.657"
1.0,0,1769815648.7657,26.775,27,32,59,0.1514,0.0945,0.2594,1.0,0.0,98.54,1.768,25.9264,25.9264,5040.7248,1769815677.3113701,1.07,3,281,0.773,38,0,0,11.5,15.0,0,488,1769815648.537,-24.233,meta-llama/Llama-3.2-1B-Instruct,"1769815648.537, 1769815648.550, 1769815648.563, 1769815648.644, 1769815648.657"
1.0,0,1769815648.8305,26.8188,27,32,59,0.1312,0.1005,0.2158,1.0,0.0,98.55,1.7114,25.9501,25.9501,5066.6749,1769815677.3809404,1.06,3,282,0.773,38,0,0,11.5,15.0,0,488,1769815648.537,-24.233,meta-llama/Llama-3.2-1B-Instruct,"1769815648.537, 1769815648.550, 1769815648.563, 1769815648.644, 1769815648.657"
1.0,0,1769815648.8552,26.8739,27,32,59,0.1016,0.0961,0.2486,1.0,0.0,98.55,1.6624,25.9755,25.9755,5092.6504,1769815677.4034085,1.06,3,283,0.773,38,1,0,11.5,15.0,0,488,1769815648.537,-24.233,meta-llama/Llama-3.2-1B-Instruct,"1769815648.537, 1769815648.550, 1769815648.563, 1769815648.644, 1769815648.657"
1.0,0,1769815651.828,24.0134,27,32,59,0.0709,0.0975,0.2037,1.0,0.0,98.56,1.6385,23.0842,23.0842,5115.7346,1769815677.4932387,1.06,3,284,0.774,39,0,0,11.5,15.0,0,488,1769815648.537,-24.233,meta-llama/Llama-3.2-1B-Instruct,"1769815648.537, 1769815648.550, 1769815648.563, 1769815648.644, 1769815648.657"
1.0,0,1769815653.034,22.85,27,32,59,0.2034,0.0893,0.2112,1.0,0.0,98.56,1.763,22.0534,22.0534,5159.6031,1769815677.6909647,1.05,3,286,0.774,39,0,0,11.5,15.0,0,488,1769815648.537,-24.233,meta-llama/Llama-3.2-1B-Instruct,"1769815648.537, 1769815648.550, 1769815648.563, 1769815648.644, 1769815648.657"
1.0,0,1769815653.2972,22.7212,27,32,59,0.0939,0.1002,0.2119,1.0,0.0,98.57,1.6724,21.8151,21.8151,5159.6031,1769815677.693669,1.05,3,286,0.774,37,1,0,11.5,15.0,0,488,1769815648.537,-24.233,meta-llama/Llama-3.2-1B-Instruct,"1769815648.537, 1769815648.550, 1769815648.563, 1769815648.644, 1769815648.657"
1.0,0,1769815653.3266,22.7539,27,32,59,0.141,0.1165,0.2168,1.0,0.0,98.57,1.7241,21.8949,21.8949,5181.498,1769815677.8218288,1.05,3,287,0.775,39,0,0,11.5,15.0,0,488,1769815657.475,-20.339,meta-llama/Llama-3.2-1B-Instruct,"1769815657.475, 1769815657.534, 1769815657.665, 1769815657.725, 1769815657.815"
1.0,0,1769815653.4931,22.9195,27,32,59,0.1372,0.0896,0.102,1.0,0.0,98.58,1.6669,22.0566,22.0566,5203.5546,1769815678.0935922,1.04,3,288,0.776,37,0,0,11.5,15.0,0,488,1769815657.475,-20.339,meta-llama/Llama-3.2-1B-Instruct,"1769815657.475, 1769815657.534, 1769815657.665, 1769815657.725, 1769815657.815"
1.0,0,1769815653.6627,22.9163,27,32,59,0.1288,0.0806,0.1077,1.0,0.0,98.58,1.6499,22.0451,22.0451,5225.5997,1769815678.2413507,1.04,3,289,0.776,36,0,0,11.5,15.0,0,488,1769815657.475,-20.339,meta-llama/Llama-3.2-1B-Instruct,"1769815657.475, 1769815657.534, 1769815657.665, 1769815657.725, 1769815657.815"
1.0,0,1769815653.7474,22.8933,27,32,59,0.0889,0.0892,0.1026,1.0,0.0,98.59,1.6895,21.9822,21.9822,5247.5819,1769815678.3487637,1.03,3,290,0.776,36,0,0,11.5,15.0,0,488,1769815657.475,-20.339,meta-llama/Llama-3.2-1B-Instruct,"1769815657.475, 1769815657.534, 1769815657.665, 1769815657.725, 1769815657.815"
1.0,0,1769815653.8131,22.944,27,32,59,0.103,0.094,0.0991,1.0,0.0,98.59,1.6586,22.0471,22.0471,5269.6289,1769815678.4178307,1.03,3,291,0.778,38,0,0,11.5,15.0,0,488,1769815657.475,-20.339,meta-llama/Llama-3.2-1B-Instruct,"1769815657.475, 1769815657.534, 1769815657.665, 1769815657.725, 1769815657.815"
1.0,0,1769815653.9023,22.9508,27,32,59,0.1025,0.0873,0.0933,1.0,0.0,98.6,1.6213,22.0533,22.0533,5291.6823,1769815678.490633,1.03,3,292,0.777,37,0,0,11.5,15.0,0,488,1769815657.475,-20.339,meta-llama/Llama-3.2-1B-Instruct,"1769815657.475, 1769815657.534, 1769815657.665, 1769815657.725, 1769815657.815"
1.0,0,1769815654.0958,22.8731,27,32,59,0.108,0.0865,0.098,1.0,0.0,98.6,1.6366,21.9811,21.9811,5313.6634,1769815678.6195068,1.02,3,293,0.778,36,0,0,11.5,15.0,0,488,1769815657.475,-20.339,meta-llama/Llama-3.2-1B-Instruct,"1769815657.475, 1769815657.534, 1769815657.665, 1769815657.725, 1769815657.815"
1.0,0,1769815654.2569,22.7411,27,32,59,0.0955,0.085,0.0887,1.0,0.0,98.61,1.6541,21.8365,21.8365,5335.4999,1769815678.6544685,1.02,3,294,0.778,36,0,0,11.5,15.0,0,488,1769815657.475,-20.339,meta-llama/Llama-3.2-1B-Instruct,"1769815657.475, 1769815657.534, 1769815657.665, 1769815657.725, 1769815657.815"
1.0,0,1769815654.4919,22.6949,27,32,59,0.0905,0.0877,0.0996,1.0,0.0,98.61,1.6597,21.7854,21.7854,5400.1877,1769815678.861501,1.02,3,297,0.779,36,0,0,11.5,15.0,0,488,1769815657.475,-20.339,meta-llama/Llama-3.2-1B-Instruct,"1769815657.475, 1769815657.534, 1769815657.665, 1769815657.725, 1769815657.815"
1.0,0,1769815654.3335,22.7847,27,32,59,0.1671,0.0969,0.1068,1.0,0.0,98.62,1.7352,21.9518,21.9518,5400.1877,1769815678.8623683,1.01,3,297,0.779,37,0,0,11.5,15.0,0,488,1769815657.475,-20.339,meta-llama/Llama-3.2-1B-Instruct,"1769815657.475, 1769815657.534, 1769815657.665, 1769815657.725, 1769815657.815"
1.0,0,1769815655.8942,21.8091,27,19,46,0.1415,0.0824,0.0824,1.0,0.0,98.62,1.1579,20.9506,20.9506,5400.1877,1769815678.862794,1.01,3,297,0.78,37,0,0,11.5,15.0,0,488,1769815657.475,-20.339,meta-llama/Llama-3.2-1B-Instruct,"1769815657.475, 1769815657.534, 1769815657.665, 1769815657.725, 1769815657.815"
1.0,0,1769815654.8005,22.451,27,32,59,0.1122,0.1011,0.1175,1.0,0.0,98.63,1.7269,21.5632,21.5632,5421.7509,1769815679.0005074,1.01,3,298,0.779,37,0,0,11.5,15.0,0,488,1769815657.475,-20.339,meta-llama/Llama-3.2-1B-Instruct,"1769815657.475, 1769815657.534, 1769815657.665, 1769815657.725, 1769815657.815"
1.0,0,1769815655.0016,22.3414,27,32,59,0.1357,0.091,0.0932,1.0,0.0,98.63,1.7137,21.4771,21.4771,5443.228,1769815679.060806,1.0,3,299,0.78,37,0,0,11.5,15.0,0,488,1769815657.475,-20.339,meta-llama/Llama-3.2-1B-Instruct,"1769815657.475, 1769815657.534, 1769815657.665, 1769815657.725, 1769815657.815"
1.0,0,1769815655.0953,22.3848,27,32,59,0.157,0.0902,0.0964,1.0,0.0,98.63,1.7202,21.5418,21.5418,5464.7698,1769815679.2151556,1.0,3,300,0.779,36,1,0,11.5,15.0,0,488,1769815657.475,-20.339,meta-llama/Llama-3.2-1B-Instruct,"1769815657.475, 1769815657.534, 1769815657.665, 1769815657.725, 1769815657.815"
1.0,0,1769815655.1881,22.3186,27,32,59,0.1363,0.0871,0.0974,1.0,0.0,98.64,1.7241,21.4549,21.4549,5486.2247,1769815679.2316973,1.0,3,301,0.78,36,0,0,11.5,15.0,0,488,1769815657.475,-20.339,meta-llama/Llama-3.2-1B-Instruct,"1769815657.475, 1769815657.534, 1769815657.665, 1769815657.725, 1769815657.815"
1.0,0,1769815655.67,21.913,27,32,59,0.093,0.0885,0.1073,1.0,0.0,98.64,1.6833,21.006,21.006,5507.2307,1769815679.2867808,0.99,3,302,0.78,36,2,0,11.5,15.0,0,488,1769815657.475,-20.339,meta-llama/Llama-3.2-1B-Instruct,"1769815657.475, 1769815657.534, 1769815657.665, 1769815657.725, 1769815657.815"
1.0,0,1769815656.3875,21.438,27,27,54,0.0966,0.0873,0.0885,1.0,0.0,98.65,1.4847,20.5346,20.5346,5527.7653,1769815679.3123298,0.99,3,303,0.781,37,1,0,11.5,15.0,0,488,1769815657.475,-20.339,meta-llama/Llama-3.2-1B-Instruct,"1769815657.475, 1769815657.534, 1769815657.665, 1769815657.725, 1769815657.815"
1.0,0,1769815656.0526,21.7127,27,33,60,0.1177,0.0908,0.1044,1.0,0.0,98.65,1.6755,20.8304,20.8304,5548.5957,1769815679.450679,0.99,3,304,0.781,37,1,0,11.5,15.0,0,488,1769815657.475,-20.339,meta-llama/Llama-3.2-1B-Instruct,"1769815657.475, 1769815657.534, 1769815657.665, 1769815657.725, 1769815657.815"
1.0,0,1769815656.475,21.4864,27,32,59,0.1403,0.0993,0.1078,1.0,0.0,98.66,1.6926,20.6267,20.6267,5569.2224,1769815679.6644256,0.98,3,305,0.783,39,0,0,11.5,15.0,0,488,1769815657.475,-20.339,meta-llama/Llama-3.2-1B-Instruct,"1769815657.475, 1769815657.534, 1769815657.665, 1769815657.725, 1769815657.815"
1.0,0,1769815656.5338,21.5599,27,32,59,0.0818,0.0936,0.109,1.0,0.0,98.66,1.6604,20.6417,20.6417,5589.8641,1769815679.7651572,0.98,3,306,0.784,40,0,0,11.5,15.0,0,488,1769815657.475,-20.339,meta-llama/Llama-3.2-1B-Instruct,"1769815657.475, 1769815657.534, 1769815657.665, 1769815657.725, 1769815657.815"
1.0,0,1769815656.7247,21.5247,27,32,59,0.0895,0.095,0.1253,1.0,0.0,98.67,1.6659,20.6142,20.6142,5631.153,1769815679.9276626,0.98,3,308,0.784,39,0,0,11.5,15.0,0,488,1769815657.475,-20.339,meta-llama/Llama-3.2-1B-Instruct,"1769815657.475, 1769815657.534, 1769815657.665, 1769815657.725, 1769815657.815"
1.0,0,1769815656.665,21.5427,27,32,59,0.132,0.0835,0.084,1.0,0.0,98.67,1.7197,20.6747,20.6747,5631.153,1769815679.9313731,0.97,3,308,0.785,40,0,0,11.5,15.0,0,488,1769815657.475,-20.339,meta-llama/Llama-3.2-1B-Instruct,"1769815657.475, 1769815657.534, 1769815657.665, 1769815657.725, 1769815657.815"
1.0,0,1769815661.8231,18.0473,27,0,27,,,,1.0,,,0.129,17.1763,17.1763,5668.949,1769815680.001886,0.97,3,310,0.792,40,0,0,11.5,15.0,0,488,1769815657.475,-20.339,meta-llama/Llama-3.2-1B-Instruct,"1769815657.475, 1769815657.534, 1769815657.665, 1769815657.725, 1769815657.815"
1.0,0,1769815656.8145,21.4782,27,32,59,0.1416,0.0974,0.1408,1.0,0.0,98.68,1.7073,20.6197,20.6197,5668.949,1769815680.0026407,0.97,3,310,0.785,40,0,0,11.5,15.0,0,488,1769815657.475,-20.339,meta-llama/Llama-3.2-1B-Instruct,"1769815657.475, 1769815657.534, 1769815657.665, 1769815657.725, 1769815657.815"
1.0,0,1769815657.4152,20.9692,27,32,59,0.0764,0.0841,0.0859,1.0,0.0,98.68,1.6723,20.0456,20.0456,5688.9946,1769815680.0653195,0.96,3,311,0.785,40,0,0,11.5,15.0,0,488,1769815657.475,-20.339,meta-llama/Llama-3.2-1B-Instruct,"1769815657.475, 1769815657.534, 1769815657.665, 1769815657.725, 1769815657.815"
1.0,0,1769815657.6267,20.8731,27,32,59,0.1534,0.0847,0.1062,1.0,0.0,98.68,1.7371,20.0265,20.0265,5709.0211,1769815680.2472734,0.96,3,312,0.785,40,0,0,11.5,15.0,0,488,1769815657.475,-20.339,meta-llama/Llama-3.2-1B-Instruct,"1769815657.475, 1769815657.534, 1769815657.665, 1769815657.725, 1769815657.815"
1.0,0,1769815657.9104,20.7564,27,32,59,0.1438,0.0793,0.0879,1.0,0.0,98.69,1.7,19.9002,19.9002,5749.0123,1769815680.3769703,0.96,3,314,0.786,39,0,0,11.5,15.0,0,488,1769815657.475,-20.339,meta-llama/Llama-3.2-1B-Instruct,"1769815657.475, 1769815657.534, 1769815657.665, 1769815657.725, 1769815657.815"
1.0,0,1769815657.714,20.9319,27,32,59,0.1591,0.082,0.0843,1.0,0.0,98.69,1.7308,20.091,20.091,5768.7815,1769815680.411254,0.96,3,315,0.786,40,1,0,11.5,15.0,0,488,1769815657.475,-20.339,meta-llama/Llama-3.2-1B-Instruct,"1769815657.475, 1769815657.534, 1769815657.665, 1769815657.725, 1769815657.815"
1.0,0,1769815658.0929,20.6316,27,32,59,0.1376,0.0909,0.091,1.0,0.0,98.7,1.669,19.7693,19.7693,5768.7815,1769815680.4142883,0.95,3,315,0.787,39,1,0,11.5,15.0,0,488,1769815657.475,-20.339,meta-llama/Llama-3.2-1B-Instruct,"1769815657.475, 1769815657.534, 1769815657.665, 1769815657.725, 1769815657.815"
1.0,0,1769815658.1535,20.6451,27,32,59,0.1534,0.0815,0.0825,1.0,0.0,98.7,1.6903,19.7985,19.7985,5788.58,1769815680.501117,0.95,3,316,0.787,40,0,0,11.5,15.0,0,488,1769815657.475,-20.339,meta-llama/Llama-3.2-1B-Instruct,"1769815657.475, 1769815657.534, 1769815657.665, 1769815657.725, 1769815657.815"
1.0,0,1769815658.6282,20.265,27,32,59,0.1045,0.0879,0.0948,1.0,0.0,98.71,1.6768,19.3695,19.3695,5807.9496,1769815680.5998044,0.95,3,317,0.787,39,1,0,11.5,15.0,0,488,1769815657.475,-20.339,meta-llama/Llama-3.2-1B-Instruct,"1769815657.475, 1769815657.534, 1769815657.665, 1769815657.725, 1769815657.815"
1.0,0,1769815659.0941,19.9194,27,32,59,0.1468,0.0964,0.0992,1.0,0.0,98.71,1.7143,19.0662,19.0662,5827.0158,1769815680.7344494,0.94,3,318,0.788,40,0,0,11.5,15.0,0,488,1769815657.475,-20.339,meta-llama/Llama-3.2-1B-Instruct,"1769815657.475, 1769815657.534, 1769815657.665, 1769815657.725, 1769815657.815"
1.0,0,1769815662.728,17.8943,27,0,27,,,,1.0,,,0.1363,17.0306,17.0306,5844.0464,1769815680.7725782,0.94,3,319,0.793,37,0,0,11.5,15.0,0,488,1769815657.475,-20.339,meta-llama/Llama-3.2-1B-Instruct,"1769815657.475, 1769815657.534, 1769815657.665, 1769815657.725, 1769815657.815"
1.0,0,1769815659.3754,19.7182,27,32,59,0.1671,0.0907,0.1137,1.0,0.0,98.71,1.7056,18.8852,18.8852,5862.9316,1769815680.8051944,0.94,3,320,0.788,39,0,0,11.5,15.0,0,488,1769815657.475,-20.339,meta-llama/Llama-3.2-1B-Instruct,"1769815657.475, 1769815657.534, 1769815657.665, 1769815657.725, 1769815657.815"
1.0,0,1769815659.5404,19.6384,27,32,59,0.1044,0.0882,0.0966,1.0,0.0,98.72,1.6777,18.7428,18.7428,5881.6744,1769815680.8650146,0.93,3,321,0.789,40,1,0,11.5,15.0,0,488,1769815657.475,-20.339,meta-llama/Llama-3.2-1B-Instruct,"1769815657.475, 1769815657.534, 1769815657.665, 1769815657.725, 1769815657.815"
1.0,0,1769815659.9659,19.3294,27,32,59,0.1044,0.0824,0.1005,1.0,0.0,98.72,1.683,18.4338,18.4338,5900.1082,1769815681.0057838,0.93,3,322,0.788,39,0,0,11.5,15.0,0,488,1769815657.475,-20.339,meta-llama/Llama-3.2-1B-Instruct,"1769815657.475, 1769815657.534, 1769815657.665, 1769815657.725, 1769815657.815"
1.0,0,1769815660.1143,19.2691,27,32,59,0.1793,0.0847,0.0854,1.0,0.0,98.73,1.7369,18.4484,18.4484,5918.5566,1769815681.1329741,0.93,3,323,0.789,39,0,0,11.5,15.0,0,488,1769815657.475,-20.339,meta-llama/Llama-3.2-1B-Instruct,"1769815657.475, 1769815657.534, 1769815657.665, 1769815657.725, 1769815657.815"
1.0,0,1769815660.2076,19.2727,27,32,59,0.1127,0.0747,0.0909,1.0,0.0,98.73,1.6874,18.3854,18.3854,5936.9421,1769815681.1914444,0.93,3,324,0.789,38,1,0,11.5,15.0,0,488,1769815657.475,-20.339,meta-llama/Llama-3.2-1B-Instruct,"1769815657.475, 1769815657.534, 1769815657.665, 1769815657.725, 1769815657.815"
1.0,0,1769815660.3015,19.3105,27,32,59,0.1435,0.0773,0.0802,1.0,0.0,98.73,1.7097,18.454,18.454,5973.5914,1769815681.3416862,0.92,3,326,0.79,40,0,0,11.5,15.0,0,488,1769815657.475,-20.339,meta-llama/Llama-3.2-1B-Instruct,"1769815657.475, 1769815657.534, 1769815657.665, 1769815657.725, 1769815657.815"
1.0,0,1769815660.5911,19.0916,27,32,59,0.1038,0.0878,0.0883,1.0,0.0,98.74,1.6556,18.1953,18.1953,5973.5914,1769815681.345004,0.92,3,326,0.79,39,1,0,11.5,15.0,0,488,1769815657.475,-20.339,meta-llama/Llama-3.2-1B-Instruct,"1769815657.475, 1769815657.534, 1769815657.665, 1769815657.725, 1769815657.815"
1.0,0,1769815660.9212,18.9376,27,32,59,0.1108,0.0811,0.0964,1.0,0.0,98.74,1.646,18.0484,18.0484,5991.6398,1769815681.5105834,0.92,3,327,0.791,40,0,0,11.5,15.0,0,488,1769815657.475,-20.339,meta-llama/Llama-3.2-1B-Instruct,"1769815657.475, 1769815657.534, 1769815657.665, 1769815657.725, 1769815657.815"
1.0,0,1769815661.8562,18.1567,27,32,59,0.1429,0.0808,0.0817,1.0,0.0,98.75,1.6846,17.2996,17.2996,6008.9394,1769815681.6994238,0.91,3,328,0.791,38,0,0,11.5,15.0,0,488,1769815657.475,-20.339,meta-llama/Llama-3.2-1B-Instruct,"1769815657.475, 1769815657.534, 1769815657.665, 1769815657.725, 1769815657.815"
1.0,0,1769815661.9488,18.1289,27,32,59,0.1316,0.0775,0.0869,1.0,0.0,98.75,1.6628,17.2605,17.2605,6026.1999,1769815681.748209,0.91,3,329,0.791,37,1,0,11.5,15.0,0,488,1769815657.475,-20.339,meta-llama/Llama-3.2-1B-Instruct,"1769815657.475, 1769815657.534, 1769815657.665, 1769815657.725, 1769815657.815"
1.0,0,1769815662.1594,17.9834,27,32,59,0.068,0.0876,0.0939,1.0,0.0,98.75,1.6778,17.0514,17.0514,6043.2513,1769815681.8326454,0.91,3,330,0.791,38,1,0,11.5,15.0,0,488,1769815657.475,-20.339,meta-llama/Llama-3.2-1B-Instruct,"1769815657.475, 1769815657.534, 1769815657.665, 1769815657.725, 1769815657.815"
1.0,0,1769815662.2629,18.015,27,31,58,0.1054,0.0807,0.0865,1.0,0.0,98.76,1.6789,17.1205,17.1205,6060.3717,1769815681.9644272,0.91,3,331,0.793,39,0,0,11.5,15.0,0,488,1769815657.475,-20.339,meta-llama/Llama-3.2-1B-Instruct,"1769815657.475, 1769815657.534, 1769815657.665, 1769815657.725, 1769815657.815"
1.0,0,1769815662.4424,17.91,27,32,59,0.1372,0.0777,0.0815,1.0,0.0,98.76,1.6595,17.0472,17.0472,6077.4189,1769815682.0376205,0.9,3,332,0.793,38,0,0,11.5,15.0,0,488,1769815657.475,-20.339,meta-llama/Llama-3.2-1B-Instruct,"1769815657.475, 1769815657.534, 1769815657.665, 1769815657.725, 1769815657.815"
1.0,0,1769815662.5673,17.9366,27,32,59,0.095,0.0819,0.0838,1.0,0.0,98.77,1.6427,17.0316,17.0316,6094.4505,1769815682.163255,0.9,3,333,0.793,38,0,0,11.5,15.0,0,488,1769815657.475,-20.339,meta-llama/Llama-3.2-1B-Instruct,"1769815657.475, 1769815657.534, 1769815657.665, 1769815657.725, 1769815657.815"
1.0,0,1769815662.6879,17.8521,27,32,59,0.2094,0.0787,0.0889,1.0,0.0,98.77,1.7634,17.0615,17.0615,6111.512,1769815682.3054936,0.9,3,334,0.793,37,0,0,11.5,15.0,0,488,1769815657.475,-20.339,meta-llama/Llama-3.2-1B-Instruct,"1769815657.475, 1769815657.534, 1769815657.665, 1769815657.725, 1769815657.815"
1.0,0,1769815663.062,17.6357,27,32,59,0.0789,0.0872,0.0898,1.0,0.0,98.77,1.663,16.7147,16.7147,6128.2267,1769815682.3930101,0.9,3,335,0.793,37,1,0,11.5,15.0,0,488,1769815657.475,-20.339,meta-llama/Llama-3.2-1B-Instruct,"1769815657.475, 1769815657.534, 1769815657.665, 1769815657.725, 1769815657.815"
1.0,0,1769815663.1716,17.6465,27,32,59,0.1469,0.0826,0.0827,1.0,0.0,98.78,1.6755,16.7935,16.7935,6145.0201,1769815682.5024784,0.89,3,336,0.794,37,0,0,11.5,15.0,0,488,1769815657.475,-20.339,meta-llama/Llama-3.2-1B-Instruct,"1769815657.475, 1769815657.534, 1769815657.665, 1769815657.725, 1769815657.815"
1.0,0,1769815663.2632,17.6298,27,32,59,0.0878,0.0764,0.0818,1.0,0.0,98.78,1.6806,16.7176,16.7176,6161.7377,1769815682.576134,0.89,3,337,0.794,36,1,0,11.5,15.0,0,488,1769815657.475,-20.339,meta-llama/Llama-3.2-1B-Instruct,"1769815657.475, 1769815657.534, 1769815657.665, 1769815657.725, 1769815657.815"
1.0,0,1769815663.7528,17.3247,27,32,59,0.0942,0.0823,0.0852,1.0,0.0,98.78,1.6448,16.4189,16.4189,6194.6619,1769815682.736982,0.88,3,339,0.795,37,0,0,11.5,15.0,0,488,1769815657.475,-20.339,meta-llama/Llama-3.2-1B-Instruct,"1769815657.475, 1769815657.534, 1769815657.665, 1769815657.725, 1769815657.815"
1.0,0,1769815663.665,17.3664,27,32,59,0.139,0.0872,0.0907,1.0,0.0,98.79,1.6849,16.5054,16.5054,6194.6619,1769815682.750702,0.89,3,339,0.794,37,0,0,11.5,15.0,0,488,1769815657.475,-20.339,meta-llama/Llama-3.2-1B-Instruct,"1769815657.475, 1769815657.534, 1769815657.665, 1769815657.725, 1769815657.815"
1.0,0,1769815663.7924,17.3561,27,32,59,0.1593,0.1006,0.1165,1.0,0.0,98.79,1.6975,16.5154,16.5154,6211.1773,1769815682.8524272,0.88,3,340,0.795,37,0,0,11.5,15.0,0,488,1769815657.475,-20.339,meta-llama/Llama-3.2-1B-Instruct,"1769815657.475, 1769815657.534, 1769815657.665, 1769815657.725, 1769815657.815"
1.0,0,1769815664.0925,17.1481,27,32,59,0.0897,0.087,0.0913,1.0,0.0,98.8,1.6626,16.2378,16.2378,6227.4151,1769815682.9159484,0.88,3,341,0.796,37,1,0,11.5,15.0,0,488,1769815668.249,-14.63,meta-llama/Llama-3.2-1B-Instruct,"1769815668.249, 1769815668.582, 1769815668.654, 1769815668.963, 1769815668.999"
1.0,0,1769815664.1278,17.2255,27,32,59,0.1328,0.0977,0.1027,1.0,0.0,98.8,1.6907,16.3583,16.3583,6243.7734,1769815683.0598745,0.88,3,342,0.796,37,0,0,11.5,15.0,0,488,1769815668.249,-14.63,meta-llama/Llama-3.2-1B-Instruct,"1769815668.249, 1769815668.582, 1769815668.654, 1769815668.963, 1769815668.999"
1.0,0,1769815664.2409,17.1819,27,32,59,0.1083,0.0818,0.1134,1.0,0.0,98.8,1.6944,16.2902,16.2902,6260.0637,1769815683.1321945,0.87,3,343,0.796,37,1,0,11.5,15.0,0,488,1769815668.249,-14.63,meta-llama/Llama-3.2-1B-Instruct,"1769815668.249, 1769815668.582, 1769815668.654, 1769815668.963, 1769815668.999"
1.0,0,1769815664.3055,17.2055,27,32,59,0.1555,0.0993,0.1068,1.0,0.0,98.81,1.708,16.361,16.361,6292.6059,1769815683.248287,0.87,3,345,0.797,38,0,0,11.5,15.0,0,488,1769815668.249,-14.63,meta-llama/Llama-3.2-1B-Instruct,"1769815668.249, 1769815668.582, 1769815668.654, 1769815668.963, 1769815668.999"
1.0,0,1769815664.5144,17.068,27,32,59,0.1132,0.0903,0.1067,1.0,0.0,98.81,1.661,16.1813,16.1813,6292.6059,1769815683.2510178,0.87,3,345,0.798,38,0,0,11.5,15.0,0,488,1769815668.249,-14.63,meta-llama/Llama-3.2-1B-Instruct,"1769815668.249, 1769815668.582, 1769815668.654, 1769815668.963, 1769815668.999"
1.0,0,1769815665.8026,16.3267,27,22,49,0.1725,0.0922,0.1017,1.0,0.0,98.81,1.2689,15.4991,15.4991,6308.105,1769815683.4069097,0.87,3,346,0.801,39,0,0,11.5,15.0,0,488,1769815668.249,-14.63,meta-llama/Llama-3.2-1B-Instruct,"1769815668.249, 1769815668.582, 1769815668.654, 1769815668.963, 1769815668.999"
1.0,0,1769815664.7758,16.8589,27,32,59,0.2194,0.0872,0.1033,1.0,0.0,98.82,1.7749,16.0783,16.0783,6324.1834,1769815683.4145992,0.86,3,347,0.799,40,0,0,11.5,15.0,0,488,1769815668.249,-14.63,meta-llama/Llama-3.2-1B-Instruct,"1769815668.249, 1769815668.582, 1769815668.654, 1769815668.963, 1769815668.999"
1.0,0,1769815664.8895,16.8712,27,32,59,0.107,0.0853,0.1132,1.0,0.0,98.82,1.7038,15.9781,15.9781,6340.1615,1769815683.472561,0.86,3,348,0.798,38,1,0,11.5,15.0,0,488,1769815668.249,-14.63,meta-llama/Llama-3.2-1B-Instruct,"1769815668.249, 1769815668.582, 1769815668.654, 1769815668.963, 1769815668.999"
1.0,0,1769815666.5443,15.9847,27,18,45,0.0929,0.0899,0.0899,1.0,0.0,98.82,1.0362,15.0776,15.0776,6371.0846,1769815683.5751073,0.86,3,350,0.802,39,1,0,11.5,15.0,0,488,1769815668.249,-14.63,meta-llama/Llama-3.2-1B-Instruct,"1769815668.249, 1769815668.582, 1769815668.654, 1769815668.963, 1769815668.999"
1.0,0,1769815665.159,16.6658,27,32,59,0.1797,0.0982,0.117,1.0,0.0,98.83,1.7401,15.8455,15.8455,6371.0846,1769815683.579268,0.86,3,350,0.798,38,1,0,11.5,15.0,0,488,1769815668.249,-14.63,meta-llama/Llama-3.2-1B-Instruct,"1769815668.249, 1769815668.582, 1769815668.654, 1769815668.963, 1769815668.999"
1.0,0,1769815665.5604,16.3526,27,32,59,0.1041,0.0821,0.0862,1.0,0.0,98.83,1.683,15.4567,15.4567,6386.5414,1769815683.5977564,0.85,3,351,0.799,39,0,0,11.5,15.0,0,488,1769815668.249,-14.63,meta-llama/Llama-3.2-1B-Instruct,"1769815668.249, 1769815668.582, 1769815668.654, 1769815668.963, 1769815668.999"
1.0,0,1769815665.7464,16.3078,27,32,59,0.1179,0.0816,0.0895,1.0,0.0,98.83,1.6842,15.4257,15.4257,6401.9671,1769815683.7537508,0.85,3,352,0.8,39,0,0,11.5,15.0,0,488,1769815668.249,-14.63,meta-llama/Llama-3.2-1B-Instruct,"1769815668.249, 1769815668.582, 1769815668.654, 1769815668.963, 1769815668.999"
1.0,0,1769815666.1004,16.1589,27,32,59,0.1303,0.0804,0.0941,1.0,0.0,98.84,1.7069,15.2891,15.2891,6417.2562,1769815683.9712727,0.85,3,353,0.801,39,0,0,11.5,15.0,0,488,1769815668.249,-14.63,meta-llama/Llama-3.2-1B-Instruct,"1769815668.249, 1769815668.582, 1769815668.654, 1769815668.963, 1769815668.999"
1.0,0,1769815666.1818,16.1556,27,32,59,0.0927,0.0937,0.0994,1.0,0.0,98.84,1.6919,15.2483,15.2483,6432.5045,1769815684.039923,0.85,3,354,0.801,39,0,0,11.5,15.0,0,488,1769815668.249,-14.63,meta-llama/Llama-3.2-1B-Instruct,"1769815668.249, 1769815668.582, 1769815668.654, 1769815668.963, 1769815668.999"
1.0,0,1769815667.9635,15.4536,27,13,40,0.1136,0.0886,0.0886,1.0,0.0,98.84,0.7509,14.5672,14.5672,6462.2181,1769815684.1705697,0.85,3,356,0.805,38,1,0,11.5,15.0,0,488,1769815668.249,-14.63,meta-llama/Llama-3.2-1B-Instruct,"1769815668.249, 1769815668.582, 1769815668.654, 1769815668.963, 1769815668.999"
1.0,0,1769815666.4444,16.0111,27,32,59,0.1353,0.0867,0.1235,1.0,0.0,98.85,1.7142,15.1464,15.1464,6462.2181,1769815684.1709151,0.84,3,356,0.802,40,0,0,11.5,15.0,0,488,1769815668.249,-14.63,meta-llama/Llama-3.2-1B-Instruct,"1769815668.249, 1769815668.582, 1769815668.654, 1769815668.963, 1769815668.999"
1.0,0,1769815666.7977,15.893,27,32,59,0.1454,0.0984,0.3864,1.0,0.0,98.85,2.0116,15.0385,15.0385,6522.3055,1769815684.7805467,0.84,3,360,0.803,40,0,0,11.5,15.0,0,488,1769815668.249,-14.63,meta-llama/Llama-3.2-1B-Instruct,"1769815668.249, 1769815668.582, 1769815668.654, 1769815668.963, 1769815668.999"
1.0,0,1769815666.9219,15.8641,27,32,59,0.1977,0.0924,0.3885,1.0,0.0,98.85,1.9291,15.0617,15.0617,6522.3055,1769815684.7899003,0.84,3,360,0.803,39,0,0,11.5,15.0,0,488,1769815668.249,-14.63,meta-llama/Llama-3.2-1B-Instruct,"1769815668.249, 1769815668.582, 1769815668.654, 1769815668.963, 1769815668.999"
1.0,0,1769815667.2489,15.7757,27,32,59,0.1089,0.0882,0.4385,1.0,0.0,98.86,1.7366,14.8846,14.8846,6522.3055,1769815684.796273,0.83,3,360,0.805,40,0,0,11.5,15.0,0,488,1769815668.249,-14.63,meta-llama/Llama-3.2-1B-Instruct,"1769815668.249, 1769815668.582, 1769815668.654, 1769815668.963, 1769815668.999"
1.0,0,1769815666.627,16.0232,27,32,59,0.0794,0.0853,0.0894,1.0,0.0,98.86,1.666,15.1025,15.1025,6522.3055,1769815684.8164694,0.84,3,360,0.803,40,0,0,11.5,15.0,0,488,1769815668.249,-14.63,meta-llama/Llama-3.2-1B-Instruct,"1769815668.249, 1769815668.582, 1769815668.654, 1769815668.963, 1769815668.999"
1.0,0,1769815667.1826,15.7025,27,32,59,0.0963,0.116,0.4334,1.0,0.0,98.86,1.9757,14.7989,14.7989,6537.1044,1769815684.9058843,0.83,3,361,0.804,39,0,0,11.5,15.0,0,488,1769815668.249,-14.63,meta-llama/Llama-3.2-1B-Instruct,"1769815668.249, 1769815668.582, 1769815668.654, 1769815668.963, 1769815668.999"
1.0,0,1769815667.5819,15.5762,27,32,59,0.0708,0.1285,0.4478,1.0,0.0,98.87,1.7483,14.647,14.647,6551.7514,1769815684.926682,0.83,3,362,0.805,39,0,0,11.5,15.0,0,488,1769815668.249,-14.63,meta-llama/Llama-3.2-1B-Instruct,"1769815668.249, 1769815668.582, 1769815668.654, 1769815668.963, 1769815668.999"
1.0,0,1769815667.654,15.611,27,32,59,0.1216,0.1112,0.3924,1.0,0.0,98.87,1.7875,14.7327,14.7327,6566.484,1769815685.0730624,0.83,3,363,0.805,38,0,0,11.5,15.0,0,488,1769815668.249,-14.63,meta-llama/Llama-3.2-1B-Instruct,"1769815668.249, 1769815668.582, 1769815668.654, 1769815668.963, 1769815668.999"
1.0,0,1769815668.1336,15.361,27,32,59,0.0879,0.1049,0.4063,1.0,0.0,98.87,1.694,14.4489,14.4489,6595.4766,1769815685.2040346,0.82,3,365,0.805,37,1,0,11.5,15.0,0,488,1769815668.249,-14.63,meta-llama/Llama-3.2-1B-Instruct,"1769815668.249, 1769815668.582, 1769815668.654, 1769815668.963, 1769815668.999"
1.0,0,1769815667.999,15.4293,27,33,60,0.1143,0.13,0.4435,1.0,0.0,98.88,1.7754,14.5436,14.5436,6595.4766,1769815685.2171178,0.82,3,365,0.805,37,0,0,11.5,15.0,0,488,1769815668.249,-14.63,meta-llama/Llama-3.2-1B-Instruct,"1769815668.249, 1769815668.582, 1769815668.654, 1769815668.963, 1769815668.999"
1.0,0,1769815668.3289,15.3273,27,32,59,0.0999,0.1006,0.3791,1.0,0.0,98.88,1.7178,14.4272,14.4272,6609.9037,1769815685.3842337,0.82,3,366,0.805,36,0,0,11.5,15.0,0,488,1769815668.249,-14.63,meta-llama/Llama-3.2-1B-Instruct,"1769815668.249, 1769815668.582, 1769815668.654, 1769815668.963, 1769815668.999"
1.0,0,1769815668.3603,15.3403,27,32,59,0.1376,0.0929,0.4147,1.0,0.0,98.88,1.7432,14.478,14.478,6624.3817,1769815685.453568,0.82,3,367,0.806,37,0,0,11.5,15.0,0,488,1769815668.249,-14.63,meta-llama/Llama-3.2-1B-Instruct,"1769815668.249, 1769815668.582, 1769815668.654, 1769815668.963, 1769815668.999"
1.0,0,1769815669.5859,14.1977,27,32,59,0.0877,0.1161,0.3941,1.0,0.0,98.89,1.7304,13.2854,13.2854,6637.6672,1769815685.5454962,0.82,3,368,0.806,36,1,0,11.5,15.0,0,488,1769815668.249,-14.63,meta-llama/Llama-3.2-1B-Instruct,"1769815668.249, 1769815668.582, 1769815668.654, 1769815668.963, 1769815668.999"
1.0,0,1769815669.6787,14.2087,27,32,59,0.0993,0.166,0.3808,1.0,0.0,98.89,1.7264,13.308,13.308,6650.9752,1769815685.6380813,0.81,3,369,0.807,38,0,0,11.5,15.0,0,488,1769815668.249,-14.63,meta-llama/Llama-3.2-1B-Instruct,"1769815668.249, 1769815668.582, 1769815668.654, 1769815668.963, 1769815668.999"
1.0,0,1769815669.7342,14.1984,27,32,59,0.1062,0.1451,0.394,1.0,0.0,98.89,1.7244,13.3046,13.3046,6664.2797,1769815685.658029,0.81,3,370,0.807,38,0,0,11.5,15.0,0,488,1769815668.249,-14.63,meta-llama/Llama-3.2-1B-Instruct,"1769815668.249, 1769815668.582, 1769815668.654, 1769815668.963, 1769815668.999"
1.0,0,1769815669.8282,14.2239,27,32,59,0.1485,0.1145,0.5138,1.0,0.0,98.9,1.763,13.3725,13.3725,6677.6522,1769815685.8235493,0.81,3,371,0.808,38,0,0,11.5,15.0,0,488,1769815668.249,-14.63,meta-llama/Llama-3.2-1B-Instruct,"1769815668.249, 1769815668.582, 1769815668.654, 1769815668.963, 1769815668.999"
1.0,0,1769815670.2447,13.8807,27,32,59,0.0985,0.1663,0.3973,1.0,0.0,98.9,1.7703,12.9792,12.9792,6690.6314,1769815685.9136477,0.81,3,372,0.808,38,1,0,11.5,15.0,0,488,1769815668.249,-14.63,meta-llama/Llama-3.2-1B-Instruct,"1769815668.249, 1769815668.582, 1769815668.654, 1769815668.963, 1769815668.999"
1.0,0,1769815670.41,13.7751,27,32,59,0.5945,0.1125,0.135,1.0,0.0,98.9,1.807,13.3697,13.3697,6704.001,1769815685.997925,0.8,3,373,0.808,38,0,0,11.5,15.0,0,488,1769815668.249,-14.63,meta-llama/Llama-3.2-1B-Instruct,"1769815668.249, 1769815668.582, 1769815668.654, 1769815668.963, 1769815668.999"
1.0,0,1769815670.7642,13.5201,27,32,59,0.3908,0.1015,0.117,1.0,0.0,98.9,1.7356,12.9109,12.9109,6716.912,1769815686.032653,0.8,3,374,0.809,38,0,0,11.5,15.0,0,488,1769815668.249,-14.63,meta-llama/Llama-3.2-1B-Instruct,"1769815668.249, 1769815668.582, 1769815668.654, 1769815668.963, 1769815668.999"
1.0,0,1769815671.0308,13.8901,27,31,58,0.1462,0.0812,0.0897,1.0,0.0,98.91,1.692,13.0363,13.0363,6729.9483,1769815686.6324062,0.8,3,375,0.81,35,0,0,11.5,15.0,0,488,1769815668.249,-14.63,meta-llama/Llama-3.2-1B-Instruct,"1769815668.249, 1769815668.582, 1769815668.654, 1769815668.963, 1769815668.999"
1.0,0,1769815671.1903,13.8265,27,32,59,0.162,0.0949,0.1061,1.0,0.0,98.91,1.7105,12.9885,12.9885,6742.9368,1769815686.7348428,0.8,3,376,0.81,34,1,0,11.5,15.0,0,488,1769815668.249,-14.63,meta-llama/Llama-3.2-1B-Instruct,"1769815668.249, 1769815668.582, 1769815668.654, 1769815668.963, 1769815668.999"
1.0,0,1769815671.3572,13.7396,27,32,59,0.0991,0.0857,0.0892,1.0,0.0,98.91,1.6814,12.8387,12.8387,6755.7755,1769815686.7823772,0.8,3,377,0.81,34,0,0,11.5,15.0,0,488,1769815668.249,-14.63,meta-llama/Llama-3.2-1B-Instruct,"1769815668.249, 1769815668.582, 1769815668.654, 1769815668.963, 1769815668.999"
1.0,0,1769815671.4581,13.6999,27,32,59,0.1558,0.0798,0.1001,1.0,0.0,98.92,1.7274,12.8558,12.8558,6768.6312,1769815686.910966,0.79,3,378,0.811,35,1,0,11.5,15.0,0,488,1769815668.249,-14.63,meta-llama/Llama-3.2-1B-Instruct,"1769815668.249, 1769815668.582, 1769815668.654, 1769815668.963, 1769815668.999"
1.0,0,1769815671.4864,13.7756,27,32,59,0.1833,0.0804,0.0871,1.0,0.0,98.92,1.7163,12.9589,12.9589,6792.8405,1769815686.9822478,0.79,3,380,0.812,35,0,0,11.5,15.0,0,488,1769815668.249,-14.63,meta-llama/Llama-3.2-1B-Instruct,"1769815668.249, 1769815668.582, 1769815668.654, 1769815668.963, 1769815668.999"
1.0,0,1769815674.6772,12.1304,27,1,28,0.1199,,,1.0,,,0.1722,11.2504,11.2504,6792.8405,1769815686.983721,0.79,3,380,0.82,40,0,0,11.5,15.0,0,488,1769815668.249,-14.63,meta-llama/Llama-3.2-1B-Instruct,"1769815668.249, 1769815668.582, 1769815668.654, 1769815668.963, 1769815668.999"
1.0,0,1769815671.7174,13.6236,27,32,59,0.1017,0.0801,0.0917,1.0,0.0,98.92,1.7192,12.7253,12.7253,6805.5658,1769815687.0934143,0.79,3,381,0.812,35,0,0,11.5,15.0,0,488,1769815668.249,-14.63,meta-llama/Llama-3.2-1B-Instruct,"1769815668.249, 1769815668.582, 1769815668.654, 1769815668.963, 1769815668.999"
1.0,0,1769815671.9235,13.4824,27,32,59,0.1384,0.0893,0.091,1.0,0.0,98.92,1.7149,12.6208,12.6208,6818.1866,1769815687.1250722,0.79,3,382,0.813,36,0,0,11.5,15.0,0,488,1769815668.249,-14.63,meta-llama/Llama-3.2-1B-Instruct,"1769815668.249, 1769815668.582, 1769815668.654, 1769815668.963, 1769815668.999"
1.0,0,1769815671.9865,13.5377,27,32,59,0.1177,0.0818,0.0826,1.0,0.0,98.93,1.7354,12.6554,12.6554,6830.842,1769815687.2612607,0.78,3,383,0.812,35,0,0,11.5,15.0,0,488,1769815668.249,-14.63,meta-llama/Llama-3.2-1B-Instruct,"1769815668.249, 1769815668.582, 1769815668.654, 1769815668.963, 1769815668.999"
1.0,0,1769815675.7045,11.4362,27,0,27,,,,1.0,,,0.1617,10.598,10.598,6854.131,1769815687.337303,0.78,3,385,0.821,40,0,0,11.5,15.0,0,488,1769815668.249,-14.63,meta-llama/Llama-3.2-1B-Instruct,"1769815668.249, 1769815668.582, 1769815668.654, 1769815668.963, 1769815668.999"
1.0,0,1769815672.0559,13.5445,27,32,59,0.1466,0.0821,0.0981,1.0,0.0,98.93,1.7346,12.691,12.691,6854.131,1769815687.3465164,0.78,3,385,0.813,35,0,0,11.5,15.0,0,488,1769815668.249,-14.63,meta-llama/Llama-3.2-1B-Instruct,"1769815668.249, 1769815668.582, 1769815668.654, 1769815668.963, 1769815668.999"
1.0,0,1769815672.7686,13.0207,27,32,59,0.1352,0.0886,0.0899,1.0,0.0,98.93,1.7131,12.1559,12.1559,6866.2869,1769815687.5216196,0.78,3,386,0.813,35,0,0,11.5,15.0,0,488,1769815668.249,-14.63,meta-llama/Llama-3.2-1B-Instruct,"1769815668.249, 1769815668.582, 1769815668.654, 1769815668.963, 1769815668.999"
1.0,0,1769815672.3921,13.378,27,32,59,0.1464,0.0894,0.0909,1.0,0.0,98.94,1.7744,12.5243,12.5243,6878.8113,1769815687.549296,0.78,3,387,0.812,34,0,0,11.5,15.0,0,488,1769815668.249,-14.63,meta-llama/Llama-3.2-1B-Instruct,"1769815668.249, 1769815668.582, 1769815668.654, 1769815668.963, 1769815668.999"
1.0,0,1769815673.0898,12.7758,27,32,59,0.1402,0.0841,0.09,1.0,0.0,98.94,1.7459,11.916,11.916,6890.7272,1769815687.6432824,0.77,3,388,0.813,35,0,0,11.5,15.0,0,488,1769815668.249,-14.63,meta-llama/Llama-3.2-1B-Instruct,"1769815668.249, 1769815668.582, 1769815668.654, 1769815668.963, 1769815668.999"
1.0,0,1769815673.1667,12.7795,27,32,59,0.1103,0.0861,0.0904,1.0,0.0,98.94,1.7006,11.8898,11.8898,6902.617,1769815687.6483893,0.77,3,389,0.813,35,0,0,11.5,15.0,0,488,1769815668.249,-14.63,meta-llama/Llama-3.2-1B-Instruct,"1769815668.249, 1769815668.582, 1769815668.654, 1769815668.963, 1769815668.999"
1.0,0,1769815673.4037,12.6339,27,32,59,0.115,0.0921,0.0933,1.0,0.0,98.94,1.7169,11.7489,11.7489,6914.3659,1769815687.773389,0.77,3,390,0.814,35,0,0,11.5,15.0,0,488,1769815668.249,-14.63,meta-llama/Llama-3.2-1B-Instruct,"1769815668.249, 1769815668.582, 1769815668.654, 1769815668.963, 1769815668.999"
1.0,0,1769815673.5142,12.5793,27,32,59,0.0811,0.088,0.0884,1.0,0.0,98.95,1.6875,11.6604,11.6604,6926.0263,1769815687.8010378,0.77,3,391,0.814,35,0,0,11.5,15.0,0,488,1769815668.249,-14.63,meta-llama/Llama-3.2-1B-Instruct,"1769815668.249, 1769815668.582, 1769815668.654, 1769815668.963, 1769815668.999"
1.0,0,1769815673.5486,12.6539,27,32,59,0.0769,0.0893,0.0923,1.0,0.0,98.95,1.697,11.7309,11.7309,6937.7572,1769815687.9347641,0.77,3,392,0.816,37,0,0,11.5,15.0,0,488,1769815678.629,-9.298,meta-llama/Llama-3.2-1B-Instruct,"1769815678.629, 1769815678.718, 1769815679.122, 1769815679.199, 1769815679.266"
1.0,0,1769815673.6752,12.6455,27,32,59,0.1586,0.096,0.1211,1.0,0.0,98.95,1.7308,11.8041,11.8041,6961.2965,1769815688.0743468,0.76,3,394,0.817,38,0,0,11.5,15.0,0,488,1769815678.629,-9.298,meta-llama/Llama-3.2-1B-Instruct,"1769815678.629, 1769815678.718, 1769815679.122, 1769815679.199, 1769815679.266"
1.0,0,1769815673.7395,12.5969,27,32,59,0.1383,0.0873,0.1007,1.0,0.0,98.96,1.7156,11.7352,11.7352,6961.2965,1769815688.075688,0.76,3,394,0.817,38,0,0,11.5,15.0,0,488,1769815678.629,-9.298,meta-llama/Llama-3.2-1B-Instruct,"1769815678.629, 1769815678.718, 1769815679.122, 1769815679.199, 1769815679.266"
1.0,0,1769815674.201,12.198,27,32,59,0.0967,0.0846,0.0894,1.0,0.0,98.96,1.6985,11.2947,11.2947,6972.5912,1769815688.107135,0.76,3,395,0.817,38,0,0,11.5,15.0,0,488,1769815678.629,-9.298,meta-llama/Llama-3.2-1B-Instruct,"1769815678.629, 1769815678.718, 1769815679.122, 1769815679.199, 1769815679.266"
1.0,0,1769815674.3212,12.1402,27,32,59,0.1539,0.0953,0.1153,1.0,0.0,98.96,1.7659,11.294,11.294,6983.8852,1769815688.254026,0.76,3,396,0.819,41,0,0,11.5,15.0,0,488,1769815678.629,-9.298,meta-llama/Llama-3.2-1B-Instruct,"1769815678.629, 1769815678.718, 1769815679.122, 1769815679.199, 1769815679.266"
1.0,0,1769815674.3525,12.2053,27,32,59,0.0929,0.108,0.1256,1.0,0.0,98.96,1.7032,11.2982,11.2982,6995.1834,1769815688.2620366,0.76,3,397,0.819,41,0,0,11.5,15.0,0,488,1769815678.629,-9.298,meta-llama/Llama-3.2-1B-Instruct,"1769815678.629, 1769815678.718, 1769815679.122, 1769815679.199, 1769815679.266"
1.0,0,1769815674.4821,12.2462,27,32,59,0.156,0.0926,0.0979,1.0,0.0,98.97,1.7238,11.4021,11.4021,7006.5855,1769815688.4580674,0.75,3,398,0.82,41,0,0,11.5,15.0,0,488,1769815678.629,-9.298,meta-llama/Llama-3.2-1B-Instruct,"1769815678.629, 1769815678.718, 1769815679.122, 1769815679.199, 1769815679.266"
1.0,0,1769815675.4316,11.5609,27,32,59,0.0893,0.083,0.0846,1.0,0.0,98.97,1.6262,10.6502,10.6502,7017.2357,1769815688.6284032,0.75,3,399,0.821,39,0,0,11.5,15.0,0,488,1769815678.629,-9.298,meta-llama/Llama-3.2-1B-Instruct,"1769815678.629, 1769815678.718, 1769815679.122, 1769815679.199, 1769815679.266"
1.0,0,1769815674.8484,12.1377,27,32,59,0.107,0.0934,0.0972,1.0,0.0,98.97,1.6641,11.2446,11.2446,7028.4804,1769815688.651212,0.75,3,400,0.821,41,0,0,11.5,15.0,0,488,1769815678.629,-9.298,meta-llama/Llama-3.2-1B-Instruct,"1769815678.629, 1769815678.718, 1769815679.122, 1769815679.199, 1769815679.266"
1.0,0,1769815675.6205,11.4006,27,32,59,0.0731,0.0908,0.1003,1.0,0.0,98.97,1.6855,10.4737,10.4737,7038.954,1769815688.7073674,0.75,3,401,0.821,39,0,0,11.5,15.0,0,488,1769815678.629,-9.298,meta-llama/Llama-3.2-1B-Instruct,"1769815678.629, 1769815678.718, 1769815679.122, 1769815679.199, 1769815679.266"
1.0,0,1769815676.1579,11.0489,27,32,59,0.1104,0.0841,0.0884,1.0,0.0,98.98,1.6981,10.1593,10.1593,7049.1133,1769815688.9369462,0.75,3,402,0.822,40,1,0,11.5,15.0,0,488,1769815678.629,-9.298,meta-llama/Llama-3.2-1B-Instruct,"1769815678.629, 1769815678.718, 1769815679.122, 1769815679.199, 1769815679.266"
1.0,0,1769815676.4391,10.8433,27,32,59,0.1465,0.0773,0.0892,1.0,0.0,98.98,1.7172,9.9898,9.9898,7059.1031,1769815689.0215504,0.74,3,403,0.822,40,0,0,11.5,15.0,0,488,1769815678.629,-9.298,meta-llama/Llama-3.2-1B-Instruct,"1769815678.629, 1769815678.718, 1769815679.122, 1769815679.199, 1769815679.266"
1.0,0,1769815676.8908,10.4913,27,32,59,0.1453,0.0865,0.1073,1.0,0.0,98.98,1.7302,9.6365,9.6365,7068.7397,1769815689.123743,0.74,3,404,0.822,39,1,0,11.5,15.0,0,488,1769815678.629,-9.298,meta-llama/Llama-3.2-1B-Instruct,"1769815678.629, 1769815678.718, 1769815679.122, 1769815679.199, 1769815679.266"
1.0,0,1769815680.1002,8.9617,27,0,27,,,,1.0,,,0.0777,8.0394,8.0394,7076.7791,1769815689.1630309,0.74,3,405,0.829,40,0,0,11.5,15.0,0,488,1769815678.629,-9.298,meta-llama/Llama-3.2-1B-Instruct,"1769815678.629, 1769815678.718, 1769815679.122, 1769815679.199, 1769815679.266"
1.0,0,1769815677.0444,10.5049,27,32,59,0.0955,0.0865,0.0989,1.0,0.0,98.98,1.6784,9.6004,9.6004,7086.3795,1769815689.230063,0.74,3,406,0.823,40,0,0,11.5,15.0,0,488,1769815678.629,-9.298,meta-llama/Llama-3.2-1B-Instruct,"1769815678.629, 1769815678.718, 1769815679.122, 1769815679.199, 1769815679.266"
1.0,0,1769815677.1616,10.4188,27,32,59,0.173,0.0913,0.0962,1.0,0.0,98.99,1.7031,9.5917,9.5917,7095.9712,1769815689.2953029,0.74,3,407,0.823,39,0,0,11.5,15.0,0,488,1769815678.629,-9.298,meta-llama/Llama-3.2-1B-Instruct,"1769815678.629, 1769815678.718, 1769815679.122, 1769815679.199, 1769815679.266"
1.0,0,1769815677.3183,10.3637,27,32,59,0.0952,0.0789,0.0884,1.0,0.0,98.99,1.6743,9.4588,9.4588,7105.43,1769815689.3573856,0.74,3,408,0.823,38,1,0,11.5,15.0,0,488,1769815678.629,-9.298,meta-llama/Llama-3.2-1B-Instruct,"1769815678.629, 1769815678.718, 1769815679.122, 1769815679.199, 1769815679.266"
1.0,0,1769815677.3481,10.3914,27,34,61,0.1564,0.0834,0.0984,1.0,0.0,98.99,1.7539,9.5478,9.5478,7114.9778,1769815689.500972,0.73,3,409,0.824,39,0,0,11.5,15.0,0,488,1769815678.629,-9.298,meta-llama/Llama-3.2-1B-Instruct,"1769815678.629, 1769815678.718, 1769815679.122, 1769815679.199, 1769815679.266"
1.0,0,1769815677.4694,10.3602,27,32,59,0.0876,0.0818,0.0923,1.0,0.0,98.99,1.7174,9.4478,9.4478,7124.4256,1769815689.5704982,0.73,3,410,0.823,38,1,0,11.5,15.0,0,488,1769815678.629,-9.298,meta-llama/Llama-3.2-1B-Instruct,"1769815678.629, 1769815678.718, 1769815679.122, 1769815679.199, 1769815679.266"
1.0,0,1769815677.5221,10.4349,27,32,59,0.1372,0.0854,0.092,1.0,0.0,99.0,1.7289,9.5721,9.5721,7133.9978,1769815689.6910334,0.73,3,411,0.824,39,0,0,11.5,15.0,0,488,1769815678.629,-9.298,meta-llama/Llama-3.2-1B-Instruct,"1769815678.629, 1769815678.718, 1769815679.122, 1769815679.199, 1769815679.266"
1.0,0,1769815677.6291,10.4055,27,32,59,0.0899,0.0956,0.1207,1.0,0.0,99.0,1.7421,9.4953,9.4953,7143.4931,1769815689.7842987,0.73,3,412,0.825,39,0,0,11.5,15.0,0,488,1769815678.629,-9.298,meta-llama/Llama-3.2-1B-Instruct,"1769815678.629, 1769815678.718, 1769815679.122, 1769815679.199, 1769815679.266"
1.0,0,1769815677.7183,10.4933,27,32,59,0.1716,0.1064,0.117,1.0,0.0,99.0,1.7169,9.665,9.665,7162.3882,1769815689.9510512,0.72,3,414,0.824,38,0,0,11.5,15.0,0,488,1769815678.629,-9.298,meta-llama/Llama-3.2-1B-Instruct,"1769815678.629, 1769815678.718, 1769815679.122, 1769815679.199, 1769815679.266"
1.0,0,1769815678.1217,10.0814,27,32,59,0.1488,0.077,0.1048,1.0,0.0,99.0,1.7231,9.2302,9.2302,7171.5932,1769815689.9558852,0.73,3,415,0.824,37,0,0,11.5,15.0,0,488,1769815678.629,-9.298,meta-llama/Llama-3.2-1B-Instruct,"1769815678.629, 1769815678.718, 1769815679.122, 1769815679.199, 1769815679.266"
1.0,0,1769815678.1986,10.0809,27,32,59,0.1241,0.0842,0.0919,1.0,0.0,99.01,1.672,9.205,9.205,7171.5932,1769815689.9611,0.72,3,415,0.824,36,0,0,11.5,15.0,0,488,1769815678.629,-9.298,meta-llama/Llama-3.2-1B-Instruct,"1769815678.629, 1769815678.718, 1769815679.122, 1769815679.199, 1769815679.266"
1.0,0,1769815678.2659,10.0926,27,32,59,0.2131,0.0785,0.087,1.0,0.0,99.01,1.7749,9.3057,9.3057,7180.8989,1769815690.1401424,0.72,3,416,0.825,38,1,0,11.5,15.0,0,488,1769815678.629,-9.298,meta-llama/Llama-3.2-1B-Instruct,"1769815678.629, 1769815678.718, 1769815679.122, 1769815679.199, 1769815679.266"
1.0,0,1769815678.5829,9.8938,27,32,59,0.1281,0.0936,0.097,1.0,0.0,99.01,1.6911,9.022,9.022,7189.9209,1769815690.169335,0.72,3,417,0.826,38,1,0,11.5,15.0,0,488,1769815678.629,-9.298,meta-llama/Llama-3.2-1B-Instruct,"1769815678.629, 1769815678.718, 1769815679.122, 1769815679.199, 1769815679.266"
1.0,0,1769815678.8729,9.6677,27,32,59,0.1021,0.0991,0.0996,1.0,0.0,99.01,1.6986,8.7698,8.7698,7198.6907,1769815690.242209,0.72,3,418,0.826,39,1,0,11.5,15.0,0,488,1769815678.629,-9.298,meta-llama/Llama-3.2-1B-Instruct,"1769815678.629, 1769815678.718, 1769815679.122, 1769815679.199, 1769815679.266"
1.0,0,1769815679.073,9.5839,27,32,59,0.1826,0.0942,0.1084,1.0,0.0,99.02,1.7428,8.7665,8.7665,7216.1515,1769815690.4212852,0.72,3,420,0.827,39,0,0,11.5,15.0,0,488,1769815678.629,-9.298,meta-llama/Llama-3.2-1B-Instruct,"1769815678.629, 1769815678.718, 1769815679.122, 1769815679.199, 1769815679.266"
1.0,0,1769815679.1384,9.5813,27,32,59,0.113,0.0818,0.0906,1.0,0.0,99.02,1.6905,8.6943,8.6943,7216.1515,1769815690.4214892,0.71,3,420,0.827,38,1,0,11.5,15.0,0,488,1769815678.629,-9.298,meta-llama/Llama-3.2-1B-Instruct,"1769815678.629, 1769815678.718, 1769815679.122, 1769815679.199, 1769815679.266"
1.0,0,1769815679.1914,9.662,27,32,59,0.0944,0.0865,0.0887,1.0,0.0,99.02,1.7001,8.7564,8.7564,7224.9079,1769815690.5766435,0.71,3,421,0.828,40,0,0,11.5,15.0,0,488,1769815678.629,-9.298,meta-llama/Llama-3.2-1B-Instruct,"1769815678.629, 1769815678.718, 1769815679.122, 1769815679.199, 1769815679.266"
1.0,0,1769815679.5245,9.4296,27,32,59,0.0695,0.0955,0.096,1.0,0.0,99.02,1.7433,8.499,8.499,7233.407,1769815690.7023928,0.71,3,422,0.829,40,0,0,11.5,15.0,0,488,1769815678.629,-9.298,meta-llama/Llama-3.2-1B-Instruct,"1769815678.629, 1769815678.718, 1769815679.122, 1769815679.199, 1769815679.266"
1.0,0,1769815680.3316,8.7986,27,32,59,0.1274,0.0825,0.0887,1.0,0.0,99.03,1.699,7.926,7.926,7241.333,1769815690.8448324,0.71,3,423,0.83,39,0,0,11.5,15.0,0,488,1769815678.629,-9.298,meta-llama/Llama-3.2-1B-Instruct,"1769815678.629, 1769815678.718, 1769815679.122, 1769815679.199, 1769815679.266"
1.0,0,1769815680.4291,8.7575,27,32,59,0.0988,0.0962,0.1259,1.0,0.0,99.03,1.7243,7.8563,7.8563,7249.1893,1769815690.9206524,0.71,3,424,0.83,39,0,0,11.5,15.0,0,488,1769815678.629,-9.298,meta-llama/Llama-3.2-1B-Instruct,"1769815678.629, 1769815678.718, 1769815679.122, 1769815679.199, 1769815679.266"
1.0,0,1769815680.9361,8.4475,27,32,59,0.137,0.0803,0.1224,1.0,0.0,99.03,1.7273,7.5845,7.5845,7264.7975,1769815691.1156428,0.71,3,426,0.83,38,0,0,11.5,15.0,0,488,1769815678.629,-9.298,meta-llama/Llama-3.2-1B-Instruct,"1769815678.629, 1769815678.718, 1769815679.122, 1769815679.199, 1769815679.266"
1.0,0,1769815680.5111,8.8602,27,32,59,0.1635,0.1078,0.115,1.0,0.0,99.03,1.7434,8.0238,8.0238,7264.7975,1769815691.1164253,0.7,3,426,0.83,39,0,0,11.5,15.0,0,488,1769815678.629,-9.298,meta-llama/Llama-3.2-1B-Instruct,"1769815678.629, 1769815678.718, 1769815679.122, 1769815679.199, 1769815679.266"
1.0,0,1769815681.0282,8.4244,27,32,59,0.1126,0.0893,0.092,1.0,0.0,99.04,1.7266,7.537,7.537,7272.3346,1769815691.197933,0.7,3,427,0.83,38,1,0,11.5,15.0,0,488,1769815678.629,-9.298,meta-llama/Llama-3.2-1B-Instruct,"1769815678.629, 1769815678.718, 1769815679.122, 1769815679.199, 1769815679.266"
1.0,0,1769815681.2205,8.3565,27,32,59,0.0899,0.0839,0.0927,1.0,0.0,99.04,1.6766,7.4464,7.4464,7279.7809,1769815691.2681777,0.7,3,428,0.831,39,0,0,11.5,15.0,0,488,1769815678.629,-9.298,meta-llama/Llama-3.2-1B-Instruct,"1769815678.629, 1769815678.718, 1769815679.122, 1769815679.199, 1769815679.266"
1.0,0,1769815681.4468,8.1735,27,32,59,0.1647,0.093,0.0965,1.0,0.0,99.04,1.7353,7.3382,7.3382,7287.1191,1769815691.360593,0.7,3,429,0.832,40,0,0,11.5,15.0,0,488,1769815678.629,-9.298,meta-llama/Llama-3.2-1B-Instruct,"1769815678.629, 1769815678.718, 1769815679.122, 1769815679.199, 1769815679.266"
1.0,0,1769815681.5573,8.1495,27,32,59,0.0907,0.0926,0.0959,1.0,0.0,99.04,1.6999,7.2402,7.2402,7294.3593,1769815691.4271748,0.7,3,430,0.831,39,0,0,11.5,15.0,0,488,1769815678.629,-9.298,meta-llama/Llama-3.2-1B-Instruct,"1769815678.629, 1769815678.718, 1769815679.122, 1769815679.199, 1769815679.266"
1.0,0,1769815681.7782,8.0869,27,32,59,0.0731,0.0798,0.0804,1.0,0.0,99.05,1.6581,7.16,7.16,7308.813,1769815691.5326228,0.69,3,432,0.832,40,0,0,11.5,15.0,0,488,1769815678.629,-9.298,meta-llama/Llama-3.2-1B-Instruct,"1769815678.629, 1769815678.718, 1769815679.122, 1769815679.199, 1769815679.266"
1.0,0,1769815681.6111,8.2112,27,32,59,0.0825,0.0829,0.1193,1.0,0.0,99.05,1.6949,7.2937,7.2937,7308.813,1769815691.541071,0.7,3,432,0.832,40,0,0,11.5,15.0,0,488,1769815678.629,-9.298,meta-llama/Llama-3.2-1B-Instruct,"1769815678.629, 1769815678.718, 1769815679.122, 1769815679.199, 1769815679.266"
1.0,0,1769815682.3168,7.66,27,32,59,0.1526,0.1023,0.2568,1.0,0.0,99.05,1.829,6.8127,6.8127,7322.1005,1769815691.821148,0.69,3,434,0.833,39,0,0,11.5,15.0,0,488,1769815678.629,-9.298,meta-llama/Llama-3.2-1B-Instruct,"1769815678.629, 1769815678.718, 1769815679.122, 1769815679.199, 1769815679.266"
1.0,0,1769815682.6641,7.38,27,32,59,0.0949,0.1022,0.2602,1.0,0.0,99.05,1.7602,6.4749,6.4749,7322.1005,1769815691.8236141,0.69,3,434,0.833,39,1,0,11.5,15.0,0,488,1769815678.629,-9.298,meta-llama/Llama-3.2-1B-Instruct,"1769815678.629, 1769815678.718, 1769815679.122, 1769815679.199, 1769815679.266"
1.0,0,1769815683.2842,6.8214,27,32,59,0.1707,0.0911,0.2598,1.0,0.0,99.05,1.7942,5.9921,5.9921,7328.0926,1769815691.9307501,0.69,3,435,0.834,40,1,0,11.5,15.0,0,488,1769815678.629,-9.298,meta-llama/Llama-3.2-1B-Instruct,"1769815678.629, 1769815678.718, 1769815679.122, 1769815679.199, 1769815679.266"
1.0,0,1769815683.6797,6.5173,27,32,59,0.1173,0.0816,0.3002,1.0,0.0,99.06,1.7365,5.6346,5.6346,7333.7272,1769815691.949384,0.69,3,436,0.834,39,1,0,11.5,15.0,0,488,1769815678.629,-9.298,meta-llama/Llama-3.2-1B-Instruct,"1769815678.629, 1769815678.718, 1769815679.122, 1769815679.199, 1769815679.266"
1.0,0,1769815683.798,6.5208,27,32,59,0.1,0.0804,0.2594,1.0,0.0,99.06,1.7549,5.6208,5.6208,7339.348,1769815692.0782955,0.69,3,437,0.834,39,1,0,11.5,15.0,0,488,1769815678.629,-9.298,meta-llama/Llama-3.2-1B-Instruct,"1769815678.629, 1769815678.718, 1769815679.122, 1769815679.199, 1769815679.266"
1.0,0,1769815684.0692,6.3716,27,32,59,0.1398,0.1026,0.2685,1.0,0.0,99.06,1.7326,5.5114,5.5114,7344.8594,1769815692.1890116,0.68,3,438,0.834,39,0,0,11.5,15.0,0,488,1769815678.629,-9.298,meta-llama/Llama-3.2-1B-Instruct,"1769815678.629, 1769815678.718, 1769815679.122, 1769815679.199, 1769815679.266"
1.0,0,1769815684.1389,6.4446,27,32,59,0.107,0.0909,0.3131,1.0,0.0,99.06,1.729,5.5516,5.5516,7350.411,1769815692.3205853,0.68,3,439,0.835,39,0,0,11.5,15.0,0,488,1769815678.629,-9.298,meta-llama/Llama-3.2-1B-Instruct,"1769815678.629, 1769815678.718, 1769815679.122, 1769815679.199, 1769815679.266"
1.0,0,1769815684.26,6.3444,27,32,59,0.1261,0.0865,0.3072,1.0,0.0,99.07,1.7714,5.4704,5.4704,7360.6341,1769815692.4027798,0.68,3,441,0.835,39,0,0,11.5,15.0,0,488,1769815678.629,-9.298,meta-llama/Llama-3.2-1B-Instruct,"1769815678.629, 1769815678.718, 1769815679.122, 1769815679.199, 1769815679.266"
1.0,0,1769815684.9927,5.6694,27,32,59,0.0832,0.0966,0.2603,1.0,0.0,99.07,1.7385,4.7526,4.7526,7360.6341,1769815692.403544,0.68,3,441,0.835,39,0,0,11.5,15.0,0,488,1769815678.629,-9.298,meta-llama/Llama-3.2-1B-Instruct,"1769815678.629, 1769815678.718, 1769815679.122, 1769815679.199, 1769815679.266"
1.0,0,1769815685.2378,5.5726,27,32,59,0.0994,0.0877,0.2558,1.0,0.0,99.07,1.7067,4.672,4.672,7365.306,1769815692.5310621,0.68,3,442,0.837,40,0,0,11.5,15.0,0,488,1769815678.629,-9.298,meta-llama/Llama-3.2-1B-Instruct,"1769815678.629, 1769815678.718, 1769815679.122, 1769815679.199, 1769815679.266"
1.0,0,1769815687.0641,5.376,27,0,27,,,,1.0,,,0.0927,4.4686,4.4686,7369.7747,1769815692.5356123,0.68,3,443,0.841,36,0,0,11.5,15.0,0,488,1769815678.629,-9.298,meta-llama/Llama-3.2-1B-Instruct,"1769815678.629, 1769815678.718, 1769815679.122, 1769815679.199, 1769815679.266"
1.0,0,1769815685.9063,5.2788,27,26,53,0.0956,0.0908,0.2717,1.0,0.0,99.07,1.4829,4.3745,4.3745,7378.6029,1769815692.6980293,0.68,3,445,0.838,39,1,0,11.5,15.0,0,488,1769815678.629,-9.298,meta-llama/Llama-3.2-1B-Instruct,"1769815678.629, 1769815678.718, 1769815679.122, 1769815679.199, 1769815679.266"
1.0,0,1769815685.5808,5.3604,27,32,59,0.0934,0.083,0.2593,1.0,0.0,99.07,1.73,4.4538,4.4538,7378.6029,1769815692.6998622,0.67,3,445,0.837,40,0,0,11.5,15.0,0,488,1769815678.629,-9.298,meta-llama/Llama-3.2-1B-Instruct,"1769815678.629, 1769815678.718, 1769815679.122, 1769815679.199, 1769815679.266"
1.0,0,1769815685.7642,5.2883,27,32,59,0.156,0.124,0.2678,1.0,0.0,99.08,1.7445,4.4443,4.4443,7383.0472,1769815692.8219545,0.67,3,446,0.838,40,0,0,11.5,15.0,0,488,1769815678.629,-9.298,meta-llama/Llama-3.2-1B-Instruct,"1769815678.629, 1769815678.718, 1769815679.122, 1769815679.199, 1769815679.266"
1.0,0,1769815685.8388,5.2873,27,32,59,0.1159,0.0816,0.2559,1.0,0.0,99.08,1.7132,4.4032,4.4032,7387.4504,1769815692.844273,0.67,3,447,0.838,39,0,0,11.5,15.0,0,488,1769815678.629,-9.298,meta-llama/Llama-3.2-1B-Instruct,"1769815678.629, 1769815678.718, 1769815679.122, 1769815679.199, 1769815679.266"
1.0,0,1769815685.964,5.3459,27,32,59,0.162,0.0897,0.2992,1.0,0.0,99.08,1.7768,4.5079,4.5079,7391.9582,1769815693.0889897,0.67,3,448,0.839,40,0,0,11.5,15.0,0,488,1769815689.01,-3.968,meta-llama/Llama-3.2-1B-Instruct,"1769815689.010, 1769815689.040, 1769815689.155, 1769815689.241, 1769815689.429"
1.0,0,1769815686.2338,5.2074,27,31,58,0.0922,0.0959,0.2491,1.0,0.0,99.08,1.697,4.2996,4.2996,7400.6261,1769815693.1452253,0.67,3,450,0.838,39,1,0,11.5,15.0,0,488,1769815689.01,-3.968,meta-llama/Llama-3.2-1B-Instruct,"1769815689.010, 1769815689.040, 1769815689.155, 1769815689.241, 1769815689.429"
1.0,0,1769815686.1458,5.2387,27,32,59,0.1296,0.1041,0.2822,1.0,0.0,99.08,1.7318,4.3683,4.3683,7400.6261,1769815693.1453836,0.67,3,450,0.838,39,0,0,11.5,15.0,0,488,1769815689.01,-3.968,meta-llama/Llama-3.2-1B-Instruct,"1769815689.010, 1769815689.040, 1769815689.155, 1769815689.241, 1769815689.429"
1.0,0,1769815686.313,5.2593,27,32,59,0.3204,0.098,0.1033,1.0,0.0,99.09,1.8987,4.5796,4.5796,7405.2058,1769815693.4935186,0.67,3,451,0.839,39,0,0,11.5,15.0,0,488,1769815689.01,-3.968,meta-llama/Llama-3.2-1B-Instruct,"1769815689.010, 1769815689.040, 1769815689.155, 1769815689.241, 1769815689.429"
1.0,0,1769815686.3727,5.5941,27,32,59,0.1532,0.0863,0.0938,1.0,0.0,99.09,1.7534,4.7473,4.7473,7409.9531,1769815693.723996,0.66,3,452,0.839,36,0,0,11.5,15.0,0,488,1769815689.01,-3.968,meta-llama/Llama-3.2-1B-Instruct,"1769815689.010, 1769815689.040, 1769815689.155, 1769815689.241, 1769815689.429"
1.0,0,1769815686.4343,5.5934,27,32,59,0.1268,0.0834,0.0893,1.0,0.0,99.09,1.6966,4.7202,4.7202,7414.6733,1769815693.725093,0.66,3,453,0.84,36,0,0,11.5,15.0,0,488,1769815689.01,-3.968,meta-llama/Llama-3.2-1B-Instruct,"1769815689.010, 1769815689.040, 1769815689.155, 1769815689.241, 1769815689.429"
1.0,0,1769815686.783,5.3078,27,32,59,0.0845,0.0912,0.0912,1.0,0.0,99.09,1.6868,4.3924,4.3924,7419.0657,1769815693.788459,0.66,3,454,0.841,37,0,0,11.5,15.0,0,488,1769815689.01,-3.968,meta-llama/Llama-3.2-1B-Instruct,"1769815689.010, 1769815689.040, 1769815689.155, 1769815689.241, 1769815689.429"
1.0,0,1769815686.8252,5.3795,27,32,59,0.1669,0.0915,0.0927,1.0,0.0,99.1,1.7417,4.5464,4.5464,7428.0685,1769815693.9771175,0.66,3,456,0.84,37,0,0,11.5,15.0,0,488,1769815689.01,-3.968,meta-llama/Llama-3.2-1B-Instruct,"1769815689.010, 1769815689.040, 1769815689.155, 1769815689.241, 1769815689.429"
1.0,0,1769815686.9388,5.322,27,32,59,0.1344,0.0877,0.0905,1.0,0.0,99.1,1.7124,4.4564,4.4564,7428.0685,1769815694.0055404,0.66,3,456,0.841,37,1,0,11.5,15.0,0,488,1769815689.01,-3.968,meta-llama/Llama-3.2-1B-Instruct,"1769815689.010, 1769815689.040, 1769815689.155, 1769815689.241, 1769815689.429"
1.0,0,1769815687.0008,5.3393,27,32,59,0.1517,0.0877,0.0914,1.0,0.0,99.1,1.7322,4.491,4.491,7432.5595,1769815694.0888333,0.66,3,457,0.841,37,0,0,11.5,15.0,0,488,1769815689.01,-3.968,meta-llama/Llama-3.2-1B-Instruct,"1769815689.010, 1769815689.040, 1769815689.155, 1769815689.241, 1769815689.429"
1.0,0,1769815687.2267,5.3369,27,32,59,0.1303,0.0897,0.0945,1.0,0.0,99.1,1.7216,4.4673,4.4673,7437.0268,1769815694.2933424,0.66,3,458,0.842,36,0,0,11.5,15.0,0,488,1769815689.01,-3.968,meta-llama/Llama-3.2-1B-Instruct,"1769815689.010, 1769815689.040, 1769815689.155, 1769815689.241, 1769815689.429"
1.0,0,1769815687.4636,5.1717,27,33,60,0.1736,0.0993,0.1016,1.0,0.0,99.1,1.7398,4.3453,4.3453,7441.3721,1769815694.4010327,0.65,3,459,0.843,36,0,0,11.5,15.0,0,488,1769815689.01,-3.968,meta-llama/Llama-3.2-1B-Instruct,"1769815689.010, 1769815689.040, 1769815689.155, 1769815689.241, 1769815689.429"
1.0,0,1769815687.5582,5.1762,27,32,59,0.0837,0.1224,0.1322,1.0,0.0,99.11,1.7084,4.2599,4.2599,7445.632,1769815694.4617147,0.65,3,460,0.842,35,0,0,11.5,15.0,0,488,1769815689.01,-3.968,meta-llama/Llama-3.2-1B-Instruct,"1769815689.010, 1769815689.040, 1769815689.155, 1769815689.241, 1769815689.429"
1.0,0,1769815687.7173,5.2078,27,32,59,0.1353,0.0908,0.0943,1.0,0.0,99.11,1.7039,4.343,4.343,7454.3812,1769815694.6474404,0.65,3,462,0.843,35,0,0,11.5,15.0,0,488,1769815689.01,-3.968,meta-llama/Llama-3.2-1B-Instruct,"1769815689.010, 1769815689.040, 1769815689.155, 1769815689.241, 1769815689.429"
1.0,0,1769815687.6549,5.265,27,32,59,0.1412,0.0945,0.0966,1.0,0.0,99.11,1.7224,4.4062,4.4062,7454.3812,1769815694.6476355,0.65,3,462,0.842,35,0,0,11.5,15.0,0,488,1769815689.01,-3.968,meta-llama/Llama-3.2-1B-Instruct,"1769815689.010, 1769815689.040, 1769815689.155, 1769815689.241, 1769815689.429"
1.0,0,1769815687.8082,5.1803,27,32,59,0.1116,0.0885,0.09,1.0,0.0,99.11,1.7081,4.2919,4.2919,7458.6731,1769815694.70442,0.65,3,463,0.843,35,0,0,11.5,15.0,0,488,1769815689.01,-3.968,meta-llama/Llama-3.2-1B-Instruct,"1769815689.010, 1769815689.040, 1769815689.155, 1769815689.241, 1769815689.429"
1.0,0,1769815688.0104,5.0363,27,32,59,0.0835,0.0995,0.1077,1.0,0.0,99.11,1.7201,4.1198,4.1198,7462.7929,1769815694.7774248,0.65,3,464,0.844,37,1,0,11.5,15.0,0,488,1769815689.01,-3.968,meta-llama/Llama-3.2-1B-Instruct,"1769815689.010, 1769815689.040, 1769815689.155, 1769815689.241, 1769815689.429"
1.0,0,1769815688.0405,5.1116,27,32,59,0.0928,0.091,0.0926,1.0,0.0,99.12,1.7424,4.2044,4.2044,7466.9972,1769815694.906865,0.65,3,465,0.843,36,0,0,11.5,15.0,0,488,1769815689.01,-3.968,meta-llama/Llama-3.2-1B-Instruct,"1769815689.010, 1769815689.040, 1769815689.155, 1769815689.241, 1769815689.429"
1.0,0,1769815688.1552,5.0489,27,31,58,0.0882,0.0976,0.1008,1.0,0.0,99.12,1.7056,4.1371,4.1371,7471.1344,1769815694.9143436,0.64,3,466,0.844,37,0,0,11.5,15.0,0,488,1769815689.01,-3.968,meta-llama/Llama-3.2-1B-Instruct,"1769815689.010, 1769815689.040, 1769815689.155, 1769815689.241, 1769815689.429"
1.0,0,1769815688.2406,5.0328,27,32,59,0.1404,0.095,0.0982,1.0,0.0,99.12,1.7576,4.1732,4.1732,7475.3076,1769815695.0345078,0.64,3,467,0.845,38,0,0,11.5,15.0,0,488,1769815689.01,-3.968,meta-llama/Llama-3.2-1B-Instruct,"1769815689.010, 1769815689.040, 1769815689.155, 1769815689.241, 1769815689.429"
1.0,0,1769815688.4292,4.9475,27,32,59,0.1032,0.1093,0.1244,1.0,0.0,99.12,1.7128,4.0507,4.0507,7479.3583,1769815695.1185598,0.64,3,468,0.845,38,0,0,11.5,15.0,0,488,1769815689.01,-3.968,meta-llama/Llama-3.2-1B-Instruct,"1769815689.010, 1769815689.040, 1769815689.155, 1769815689.241, 1769815689.429"
1.0,0,1769815688.4988,5.0246,27,32,59,0.1463,0.0918,0.1123,1.0,0.0,99.12,1.7366,4.171,4.171,7483.5292,1769815695.2736092,0.64,3,469,0.847,39,0,0,11.5,15.0,0,488,1769815689.01,-3.968,meta-llama/Llama-3.2-1B-Instruct,"1769815689.010, 1769815689.040, 1769815689.155, 1769815689.241, 1769815689.429"
1.0,0,1769815689.0773,4.5063,27,32,59,0.1238,0.0883,0.0887,1.0,0.0,99.12,1.745,3.6301,3.6301,7487.1594,1769815695.3389766,0.64,3,470,0.848,39,1,0,11.5,15.0,0,488,1769815689.01,-3.968,meta-llama/Llama-3.2-1B-Instruct,"1769815689.010, 1769815689.040, 1769815689.155, 1769815689.241, 1769815689.429"
1.0,0,1769815689.4953,4.1943,27,32,59,0.1155,0.0905,0.0919,1.0,0.0,99.13,1.7458,3.3098,3.3098,7490.4691,1769815695.4446,0.64,3,471,0.848,40,1,0,11.5,15.0,0,488,1769815689.01,-3.968,meta-llama/Llama-3.2-1B-Instruct,"1769815689.010, 1769815689.040, 1769815689.155, 1769815689.241, 1769815689.429"
1.0,0,1769815689.595,4.1509,27,32,59,0.1063,0.0909,0.0916,1.0,0.0,99.13,1.7353,3.2572,3.2572,7493.7263,1769815695.4886198,0.64,3,472,0.848,39,0,0,11.5,15.0,0,488,1769815689.01,-3.968,meta-llama/Llama-3.2-1B-Instruct,"1769815689.010, 1769815689.040, 1769815689.155, 1769815689.241, 1769815689.429"
1.0,0,1769815689.6567,4.2151,27,32,59,0.0978,0.0862,0.1005,1.0,0.0,99.13,1.7349,3.3129,3.3129,7497.0392,1769815695.6141267,0.63,3,473,0.849,40,0,0,11.5,15.0,0,488,1769815689.01,-3.968,meta-llama/Llama-3.2-1B-Instruct,"1769815689.010, 1769815689.040, 1769815689.155, 1769815689.241, 1769815689.429"
1.0,0,1769815689.8361,4.0683,27,32,59,0.0849,0.0982,0.1,1.0,0.0,99.13,1.725,3.1532,3.1532,7500.1925,1769815695.6378431,0.63,3,474,0.849,40,0,0,11.5,15.0,0,488,1769815689.01,-3.968,meta-llama/Llama-3.2-1B-Instruct,"1769815689.010, 1769815689.040, 1769815689.155, 1769815689.241, 1769815689.429"
1.0,0,1769815690.0573,4.06,27,32,59,0.1201,0.0957,0.0984,1.0,0.0,99.13,1.727,3.1802,3.1802,7503.3726,1769815695.874226,0.63,3,475,0.849,39,0,0,11.5,15.0,0,488,1769815689.01,-3.968,meta-llama/Llama-3.2-1B-Instruct,"1769815689.010, 1769815689.040, 1769815689.155, 1769815689.241, 1769815689.429"
1.0,0,1769815689.9001,4.2309,27,32,59,0.1217,0.0869,0.1321,1.0,0.0,99.14,1.7956,3.3526,3.3526,7506.7252,1769815695.9488597,0.63,3,476,0.849,39,0,0,11.5,15.0,0,488,1769815689.01,-3.968,meta-llama/Llama-3.2-1B-Instruct,"1769815689.010, 1769815689.040, 1769815689.155, 1769815689.241, 1769815689.429"
1.0,0,1769815690.5686,3.7069,27,32,59,0.0861,0.0899,0.0996,1.0,0.0,99.14,1.7866,2.793,2.793,7509.5182,1769815696.09043,0.63,3,477,0.851,41,0,0,11.5,15.0,0,488,1769815689.01,-3.968,meta-llama/Llama-3.2-1B-Instruct,"1769815689.010, 1769815689.040, 1769815689.155, 1769815689.241, 1769815689.429"
1.0,0,1769815691.3609,2.9745,27,32,59,0.1637,0.1048,0.1061,1.0,0.0,99.14,1.8355,2.1382,2.1382,7511.6564,1769815696.1763587,0.63,3,478,0.852,41,0,0,11.5,15.0,0,488,1769815689.01,-3.968,meta-llama/Llama-3.2-1B-Instruct,"1769815689.010, 1769815689.040, 1769815689.155, 1769815689.241, 1769815689.429"
1.0,0,1769815691.3977,3.0237,27,32,59,0.0939,0.0887,0.093,1.0,0.0,99.14,1.7714,2.1176,2.1176,7513.774,1769815696.2064028,0.63,3,479,0.851,40,1,0,11.5,15.0,0,488,1769815689.01,-3.968,meta-llama/Llama-3.2-1B-Instruct,"1769815689.010, 1769815689.040, 1769815689.155, 1769815689.241, 1769815689.429"
1.0,0,1769815691.5495,2.9904,27,32,59,0.075,0.1075,0.1109,1.0,0.0,99.14,1.7627,2.0654,2.0654,7515.8394,1769815696.317117,0.62,3,480,0.852,41,0,0,11.5,15.0,0,488,1769815689.01,-3.968,meta-llama/Llama-3.2-1B-Instruct,"1769815689.010, 1769815689.040, 1769815689.155, 1769815689.241, 1769815689.429"
1.0,0,1769815691.8689,2.7924,27,31,58,0.1324,0.0867,0.1017,1.0,0.0,99.15,1.8191,1.9248,1.9248,7519.6432,1769815696.5171466,0.62,3,482,0.852,40,0,0,11.5,15.0,0,488,1769815689.01,-3.968,meta-llama/Llama-3.2-1B-Instruct,"1769815689.010, 1769815689.040, 1769815689.155, 1769815689.241, 1769815689.429"
1.0,0,1769815692.0045,2.7145,27,32,59,0.1645,0.1037,0.1169,1.0,0.0,99.15,1.7972,1.879,1.879,7519.6432,1769815696.5205724,0.62,3,482,0.852,39,1,0,11.5,15.0,0,488,1769815689.01,-3.968,meta-llama/Llama-3.2-1B-Instruct,"1769815689.010, 1769815689.040, 1769815689.155, 1769815689.241, 1769815689.429"
1.0,0,1769815692.0423,2.7408,27,32,59,0.118,0.0888,0.0901,1.0,0.0,99.15,1.7982,1.8587,1.8587,7521.5019,1769815696.5893414,0.62,3,483,0.852,39,1,0,11.5,15.0,0,488,1769815689.01,-3.968,meta-llama/Llama-3.2-1B-Instruct,"1769815689.010, 1769815689.040, 1769815689.155, 1769815689.241, 1769815689.429"
1.0,0,1769815692.1356,2.7795,27,32,59,0.1668,0.0873,0.1061,1.0,0.0,99.15,1.7999,1.9463,1.9463,7523.4482,1769815696.7186568,0.62,3,484,0.853,40,0,0,11.5,15.0,0,488,1769815689.01,-3.968,meta-llama/Llama-3.2-1B-Instruct,"1769815689.010, 1769815689.040, 1769815689.155, 1769815689.241, 1769815689.429"
1.0,0,1769815692.2203,2.762,27,32,59,0.1186,0.0861,0.1286,1.0,0.0,99.15,1.8141,1.8806,1.8806,7525.3288,1769815696.809737,0.62,3,485,0.853,39,0,0,11.5,15.0,0,488,1769815689.01,-3.968,meta-llama/Llama-3.2-1B-Instruct,"1769815689.010, 1769815689.040, 1769815689.155, 1769815689.241, 1769815689.429"
1.0,0,1769815692.2924,2.7604,27,32,59,0.1502,0.0943,0.0951,1.0,0.0,99.15,1.817,1.9106,1.9106,7527.2394,1769815696.881388,0.62,3,486,0.854,40,0,0,11.5,15.0,0,488,1769815689.01,-3.968,meta-llama/Llama-3.2-1B-Instruct,"1769815689.010, 1769815689.040, 1769815689.155, 1769815689.241, 1769815689.429"
1.0,0,1769815692.7146,2.424,27,32,59,0.1272,0.0945,0.1086,1.0,0.0,99.16,1.8188,1.5512,1.5512,7528.7906,1769815696.9639366,0.62,3,487,0.854,39,1,0,11.5,15.0,0,488,1769815689.01,-3.968,meta-llama/Llama-3.2-1B-Instruct,"1769815689.010, 1769815689.040, 1769815689.155, 1769815689.241, 1769815689.429"
1.0,0,1769815693.01,2.3125,27,33,60,0.1032,0.0963,0.1044,1.0,0.0,99.16,1.767,1.4157,1.4157,7530.2063,1769815697.107454,0.61,3,488,0.855,40,0,0,11.5,15.0,0,488,1769815689.01,-3.968,meta-llama/Llama-3.2-1B-Instruct,"1769815689.010, 1769815689.040, 1769815689.155, 1769815689.241, 1769815689.429"
1.0,0,1769815693.1794,2.1939,27,32,59,0.1062,0.1028,0.1036,1.0,0.0,99.16,1.7951,1.3001,1.3001,7533.1252,1769815697.1789083,0.61,3,490,0.854,39,0,0,11.5,15.0,0,488,1769815689.01,-3.968,meta-llama/Llama-3.2-1B-Instruct,"1769815689.010, 1769815689.040, 1769815689.155, 1769815689.241, 1769815689.429"
1.0,0,1769815692.86,2.472,27,32,59,0.1468,0.1,0.1018,1.0,0.0,99.16,1.8467,1.6187,1.6187,7533.1252,1769815697.1803126,0.61,3,490,0.855,40,0,0,11.5,15.0,0,488,1769815689.01,-3.968,meta-llama/Llama-3.2-1B-Instruct,"1769815689.010, 1769815689.040, 1769815689.155, 1769815689.241, 1769815689.429"
1.0,0,1769815693.442,2.0418,27,32,59,0.0971,0.0931,0.0949,1.0,0.0,99.16,1.7529,1.1389,1.1389,7534.2641,1769815697.2547765,0.61,3,491,0.855,40,0,0,11.5,15.0,0,488,1769815689.01,-3.968,meta-llama/Llama-3.2-1B-Instruct,"1769815689.010, 1769815689.040, 1769815689.155, 1769815689.241, 1769815689.429"
1.0,0,1769815693.6056,1.9251,27,32,59,0.1029,0.101,0.1012,1.0,0.0,99.16,1.7969,1.028,1.028,7535.2921,1769815697.337641,0.61,3,492,0.855,40,0,0,11.5,15.0,0,488,1769815689.01,-3.968,meta-llama/Llama-3.2-1B-Instruct,"1769815689.010, 1769815689.040, 1769815689.155, 1769815689.241, 1769815689.429"
1.0,0,1769815694.026,1.6376,27,32,59,0.1625,0.1027,0.1045,1.0,0.0,99.17,1.8427,0.8001,0.8001,7536.0923,1769815697.538226,0.61,3,493,0.856,40,0,0,11.5,15.0,0,488,1769815689.01,-3.968,meta-llama/Llama-3.2-1B-Instruct,"1769815689.010, 1769815689.040, 1769815689.155, 1769815689.241, 1769815689.429"
1.0,0,1769815694.0592,1.6659,27,32,59,0.129,0.0888,0.0905,1.0,0.0,99.17,1.8165,0.7949,0.7949,7536.8872,1769815697.549742,0.61,3,494,0.856,40,0,0,11.5,15.0,0,488,1769815689.01,-3.968,meta-llama/Llama-3.2-1B-Instruct,"1769815689.010, 1769815689.040, 1769815689.155, 1769815689.241, 1769815689.429"
1.0,0,1769815694.3098,1.4973,27,32,59,0.1483,0.0955,0.1061,1.0,0.0,99.17,1.8552,0.6456,0.6456,7537.5327,1769815697.6687114,0.61,3,495,0.858,42,0,0,11.5,15.0,0,488,1769815689.01,-3.968,meta-llama/Llama-3.2-1B-Instruct,"1769815689.010, 1769815689.040, 1769815689.155, 1769815689.241, 1769815689.429"
1.0,0,1769815694.3869,1.5764,27,32,59,0.1187,0.1014,0.1046,1.0,0.0,99.17,1.7902,0.6951,0.6951,7538.2279,1769815697.765521,0.6,3,496,0.858,41,0,0,11.5,15.0,0,488,1769815689.01,-3.968,meta-llama/Llama-3.2-1B-Instruct,"1769815689.010, 1769815689.040, 1769815689.155, 1769815689.241, 1769815689.429"
1.0,0,1769815694.5721,1.4639,27,32,59,0.1468,0.0917,0.1007,1.0,0.0,99.17,1.8266,0.6107,0.6107,7538.8386,1769815697.8815947,0.6,3,497,0.858,41,0,0,11.5,15.0,0,488,1769815689.01,-3.968,meta-llama/Llama-3.2-1B-Instruct,"1769815689.010, 1769815689.040, 1769815689.155, 1769815689.241, 1769815689.429"
1.0,0,1769815694.6699,1.4542,27,32,59,0.0896,0.0872,0.1521,1.0,0.0,99.18,1.8053,0.5438,0.5438,7539.3824,1769815697.933692,0.6,3,498,0.858,41,0,0,11.5,15.0,0,488,1769815689.01,-3.968,meta-llama/Llama-3.2-1B-Instruct,"1769815689.010, 1769815689.040, 1769815689.155, 1769815689.241, 1769815689.429"
1.0,0,1769815694.7375,1.5048,27,32,59,0.0919,0.0989,0.0992,1.0,0.0,99.18,1.8115,0.5967,0.5967,7539.9791,1769815698.058857,0.6,3,499,0.859,41,0,0,11.5,15.0,0,488,1769815689.01,-3.968,meta-llama/Llama-3.2-1B-Instruct,"1769815689.010, 1769815689.040, 1769815689.155, 1769815689.241, 1769815689.429"
1.0,0,1769815694.8205,1.4573,27,32,59,0.1093,0.0903,0.1015,1.0,0.0,99.18,1.8134,0.5666,0.5666,7540.5458,1769815698.1020298,0.6,3,500,0.859,41,0,0,11.5,15.0,0,488,1769815838.642,140.542,meta-llama/Llama-3.2-1B-Instruct,"1769815838.642, 1769815838.691, 1769815838.727, 1769815838.756, 1769815838.811"
1.0,0,1769815694.9312,1.4425,27,32,59,0.139,0.099,0.1175,1.0,0.0,99.18,1.8185,0.5815,0.5815,7541.1273,1769815698.1996028,0.6,3,501,0.86,42,0,0,11.5,15.0,0,488,1769815838.642,140.542,meta-llama/Llama-3.2-1B-Instruct,"1769815838.642, 1769815838.691, 1769815838.727, 1769815838.756, 1769815838.811"
1.0,0,1769815694.9977,1.5203,27,32,59,0.1026,0.0862,0.1007,1.0,0.0,99.18,1.7908,0.6229,0.6229,7541.7502,1769815698.3244317,0.6,3,502,0.86,42,0,0,11.5,15.0,0,488,1769815838.642,140.542,meta-llama/Llama-3.2-1B-Instruct,"1769815838.642, 1769815838.691, 1769815838.727, 1769815838.756, 1769815838.811"
1.0,0,1769815695.0612,1.4793,27,32,59,0.1284,0.1155,0.365,1.0,0.0,99.18,2.1507,0.6077,0.6077,7542.3578,1769815698.6933603,0.6,3,503,0.86,41,0,0,11.5,15.0,0,488,1769815838.642,140.542,meta-llama/Llama-3.2-1B-Instruct,"1769815838.642, 1769815838.691, 1769815838.727, 1769815838.756, 1769815838.811"
1.0,0,1769815698.3763,0.0604,27,0,27,,,,1.0,,,1.1794,0.2398,0.2398,7542.5977,1769815699.6243165,0.6,3,504,0.895,42,0,0,11.5,15.0,0,488,1769815838.642,140.542,meta-llama/Llama-3.2-1B-Instruct,"1769815838.642, 1769815838.691, 1769815838.727, 1769815838.756, 1769815838.811"
1.0,0,1769815695.1923,1.4138,27,32,59,0.1024,0.374,0.938,1.0,0.0,99.19,3.0186,0.5162,0.5162,7543.1139,1769815699.6256886,0.59,3,505,0.86,41,1,0,11.5,15.0,0,488,1769815838.642,140.542,meta-llama/Llama-3.2-1B-Instruct,"1769815838.642, 1769815838.691, 1769815838.727, 1769815838.756, 1769815838.811"
1.0,0,1769815695.2751,1.4513,27,32,59,0.0989,0.3414,0.9495,1.0,0.0,99.19,3.2895,0.5502,0.5502,7543.6641,1769815700.0182376,0.59,3,506,0.861,42,0,0,11.5,15.0,0,488,1769815838.642,140.542,meta-llama/Llama-3.2-1B-Instruct,"1769815838.642, 1769815838.691, 1769815838.727, 1769815838.756, 1769815838.811"
1.0,0,1769815695.3412,1.4252,27,32,59,0.0841,0.3515,0.9286,1.0,0.0,99.19,3.3203,0.5094,0.5094,7544.1735,1769815700.093897,0.59,3,507,0.861,42,0,0,11.5,15.0,0,488,1769815838.642,140.542,meta-llama/Llama-3.2-1B-Instruct,"1769815838.642, 1769815838.691, 1769815838.727, 1769815838.756, 1769815838.811"
1.0,0,1769815695.6096,1.2503,27,32,59,0.1266,0.3737,0.9136,1.0,0.0,99.19,3.3745,0.3769,0.3769,7544.5504,1769815700.2358885,0.59,3,508,0.862,43,0,0,11.5,15.0,0,488,1769815838.642,140.542,meta-llama/Llama-3.2-1B-Instruct,"1769815838.642, 1769815838.691, 1769815838.727, 1769815838.756, 1769815838.811"
1.0,0,1769815695.671,1.2527,27,31,58,0.1211,0.3624,0.9118,1.0,0.0,99.19,3.3759,0.3738,0.3738,7544.9242,1769815700.3004804,0.59,3,509,0.862,42,0,0,11.5,15.0,0,488,1769815838.642,140.542,meta-llama/Llama-3.2-1B-Instruct,"1769815838.642, 1769815838.691, 1769815838.727, 1769815838.756, 1769815838.811"
1.0,0,1769815696.1067,0.9,27,32,59,0.1977,0.3449,0.9254,1.0,0.0,99.19,3.483,0.0977,0.0977,7545.0219,1769815700.5084918,0.59,3,510,0.863,43,0,0,11.5,15.0,0,488,1769815838.642,140.542,meta-llama/Llama-3.2-1B-Instruct,"1769815838.642, 1769815838.691, 1769815838.727, 1769815838.756, 1769815838.811"
1.0,0,1769815696.1729,0.9498,27,32,59,0.103,0.3492,0.9272,1.0,0.0,99.2,3.444,0.0528,0.0528,7545.0747,1769815700.5806284,0.59,3,511,0.863,42,1,0,11.5,15.0,0,488,1769815838.642,140.542,meta-llama/Llama-3.2-1B-Instruct,"1769815838.642, 1769815838.691, 1769815838.727, 1769815838.756, 1769815838.811"
1.0,0,1769815696.3302,0.8643,27,32,59,0.172,0.3511,0.9411,1.0,0.0,99.2,3.5059,0.0363,0.0363,7545.111,1769815700.7244384,0.59,3,512,0.863,42,0,0,11.5,15.0,0,488,1769815838.642,140.542,meta-llama/Llama-3.2-1B-Instruct,"1769815838.642, 1769815838.691, 1769815838.727, 1769815838.756, 1769815838.811"
1.0,0,1769815696.4302,0.8678,27,32,59,0.0883,0.3607,0.9394,1.0,0.0,99.2,3.4845,-0.0439,0.0,7545.111,1769815700.7885528,0.78,4,513,0.863,41,1,0,11.5,15.0,0,488,1769815838.642,140.542,meta-llama/Llama-3.2-1B-Instruct,"1769815838.642, 1769815838.691, 1769815838.727, 1769815838.756, 1769815838.811"
1.0,0,1769815696.5223,0.8954,27,32,59,0.0977,0.3597,0.9485,1.0,0.0,99.2,3.4904,-0.0069,0.0,7545.111,1769815700.9186754,0.97,5,514,0.864,42,0,0,11.5,15.0,0,488,1769815838.642,140.542,meta-llama/Llama-3.2-1B-Instruct,"1769815838.642, 1769815838.691, 1769815838.727, 1769815838.756, 1769815838.811"
1.0,0,1769815696.743,0.8002,27,32,59,0.1666,0.3619,0.9325,1.0,0.0,99.2,3.5822,-0.0332,0.0,7545.111,1769815701.126857,1.17,6,515,0.864,42,0,0,11.5,15.0,0,488,1769815838.642,140.542,meta-llama/Llama-3.2-1B-Instruct,"1769815838.642, 1769815838.691, 1769815838.727, 1769815838.756, 1769815838.811"
1.0,0,1769815696.9293,0.7903,27,32,59,0.1496,0.3598,0.9359,1.0,0.0,99.2,3.6022,-0.0601,0.0,7545.111,1769815701.3367884,1.36,8,517,0.865,41,0,0,11.5,15.0,0,488,1769815838.642,140.542,meta-llama/Llama-3.2-1B-Instruct,"1769815838.642, 1769815838.691, 1769815838.727, 1769815838.756, 1769815838.811"
1.0,0,1769815696.8991,0.8131,27,32,59,0.1713,0.3637,0.9397,1.0,0.0,99.2,3.6242,-0.0156,0.0,7545.111,1769815701.337881,1.55,8,517,0.864,41,0,0,11.5,15.0,0,488,1769815838.642,140.542,meta-llama/Llama-3.2-1B-Instruct,"1769815838.642, 1769815838.691, 1769815838.727, 1769815838.756, 1769815838.811"
1.0,0,1769815697.1457,0.638,27,32,59,0.1185,0.3593,0.9339,1.0,0.0,99.21,3.5897,-0.2435,0.0,7545.111,1769815701.383503,1.74,9,518,0.865,40,0,0,11.5,15.0,0,488,1769815838.642,140.542,meta-llama/Llama-3.2-1B-Instruct,"1769815838.642, 1769815838.691, 1769815838.727, 1769815838.756, 1769815838.811"
1.0,0,1769815697.9706,0.1712,27,24,51,0.1557,0.3889,0.907,1.0,0.0,99.21,3.2469,-0.6731,0.0,7545.111,1769815701.3920474,1.93,10,519,0.867,42,0,0,11.5,15.0,0,488,1769815838.642,140.542,meta-llama/Llama-3.2-1B-Instruct,"1769815838.642, 1769815838.691, 1769815838.727, 1769815838.756, 1769815838.811"
1.0,0,1769815697.5612,0.2936,27,34,61,0.1787,0.3856,0.9139,1.0,0.0,99.21,3.6848,-0.5277,0.0,7545.111,1769815701.5409105,2.12,11,520,0.866,42,1,0,11.5,15.0,0,488,1769815838.642,140.542,meta-llama/Llama-3.2-1B-Instruct,"1769815838.642, 1769815838.691, 1769815838.727, 1769815838.756, 1769815838.811"
1.0,0,1769815697.7327,0.2215,27,32,59,0.1251,0.356,0.9355,1.0,0.0,99.21,3.631,-0.6534,0.0,7545.111,1769815701.598896,2.3,12,521,0.865,41,0,0,11.5,15.0,0,488,1769815838.642,140.542,meta-llama/Llama-3.2-1B-Instruct,"1769815838.642, 1769815838.691, 1769815838.727, 1769815838.756, 1769815838.811"
1.0,0,1769815697.9308,0.0907,27,32,59,0.0829,0.387,0.9134,1.0,0.0,99.21,3.6375,-0.8264,0.0,7545.111,1769815701.6648915,2.49,13,522,0.866,42,0,0,11.5,15.0,0,488,1769815838.642,140.542,meta-llama/Llama-3.2-1B-Instruct,"1769815838.642, 1769815838.691, 1769815838.727, 1769815838.756, 1769815838.811"
1.0,0,1769815698.5406,0.0571,27,32,59,1.0046,0.0946,0.2976,1.0,0.0,99.21,3.3754,0.0617,0.0617,7545.5992,1769815701.9874232,2.49,13,525,0.895,42,0,0,11.5,15.0,0,488,1769815838.642,140.542,meta-llama/Llama-3.2-1B-Instruct,"1769815838.642, 1769815838.691, 1769815838.727, 1769815838.756, 1769815838.811"
1.0,0,1769815698.3432,0.0592,27,32,59,1.1979,0.1055,0.2902,1.0,0.0,99.22,3.5815,0.2571,0.2571,7545.7386,1769815701.9914067,2.48,13,526,0.895,42,0,0,11.5,15.0,0,488,1769815838.642,140.542,meta-llama/Llama-3.2-1B-Instruct,"1769815838.642, 1769815838.691, 1769815838.727, 1769815838.756, 1769815838.811"
1.0,0,1769815698.4172,0.055,27,32,59,1.1144,0.1079,0.2861,1.0,0.0,99.22,3.5148,0.1695,0.1695,7545.7386,1769815701.992726,2.48,13,526,0.895,42,0,0,11.5,15.0,0,488,1769815838.642,140.542,meta-llama/Llama-3.2-1B-Instruct,"1769815838.642, 1769815838.691, 1769815838.727, 1769815838.756, 1769815838.811"
1.0,0,1769815698.4509,0.0668,27,32,59,1.0726,0.0964,0.3121,1.0,0.0,99.22,3.4728,0.1394,0.1394,7546.1823,1769815701.993631,2.47,13,527,0.895,42,0,0,11.5,15.0,0,488,1769815838.642,140.542,meta-llama/Llama-3.2-1B-Instruct,"1769815838.642, 1769815838.691, 1769815838.727, 1769815838.756, 1769815838.811"
1.0,0,1769815698.1671,0.1238,27,32,59,1.3199,0.0969,0.2918,1.0,0.0,99.22,3.7026,0.4437,0.4437,7546.1823,1769815701.9942756,2.47,13,527,0.867,42,0,0,11.5,15.0,0,488,1769815838.642,140.542,meta-llama/Llama-3.2-1B-Instruct,"1769815838.642, 1769815838.691, 1769815838.727, 1769815838.756, 1769815838.811"
200.0,1,1769815637.3069,0.0325,2944,1027,3971,11.3103,0.098,0.2596,200.0,0.0,99.22,65.0471,-134.9204,0.0,7546.1823,1769815702.4100332,2.84,28,542,0.0,0,0,0,6.29,15.0,0,488,1769815838.642,140.542,meta-llama/Llama-3.2-1B-Instruct,"1769815838.642, 1769815838.691, 1769815838.727, 1769815838.756, 1769815838.811"
200.0,1,1769815638.0377,0.0356,2801,1023,3824,10.5393,0.0887,0.2227,200.0,0.0,99.22,64.3125,-135.6519,0.0,7546.1823,1769815702.4175563,2.65,32,546,0.0,0,0,0,6.29,15.0,0,488,1769815838.642,140.542,meta-llama/Llama-3.2-1B-Instruct,"1769815838.642, 1769815838.691, 1769815838.727, 1769815838.756, 1769815838.811"
200.0,1,1769815637.688,0.0897,3556,1030,4586,10.8497,0.0894,0.2322,200.0,0.0,99.22,64.6131,-135.2972,0.0,7546.1823,1769815702.4182813,3.38,32,546,0.0,0,0,0,6.29,15.0,0,488,1769815838.642,140.542,meta-llama/Llama-3.2-1B-Instruct,"1769815838.642, 1769815838.691, 1769815838.727, 1769815838.756, 1769815838.811"
200.0,1,1769815638.3101,0.0298,2429,1023,3452,10.2862,0.0873,0.2043,200.0,0.0,99.23,64.0483,-135.922,0.0,7546.1823,1769815702.419651,3.2,32,546,0.0,0,0,0,6.29,15.0,0,488,1769815838.642,140.542,meta-llama/Llama-3.2-1B-Instruct,"1769815838.642, 1769815838.691, 1769815838.727, 1769815838.756, 1769815838.811"
200.0,1,1769815637.873,0.0379,3069,1029,4098,10.7315,0.0888,0.19,200.0,0.0,99.23,64.4762,-135.4858,0.0,7546.1823,1769815702.4200747,3.02,32,546,0.0,0,0,0,6.29,15.0,0,488,1769815838.642,140.542,meta-llama/Llama-3.2-1B-Instruct,"1769815838.642, 1769815838.691, 1769815838.727, 1769815838.756, 1769815838.811"
200.0,1,1769815637.3533,0.033,3165,1025,4190,11.2403,0.0872,0.2116,200.0,0.0,99.23,65.0207,-134.9463,0.0,7546.1823,1769815702.4256215,4.99,34,548,0.0,0,0,0,6.29,15.0,0,488,1769815838.642,140.542,meta-llama/Llama-3.2-1B-Instruct,"1769815838.642, 1769815838.691, 1769815838.727, 1769815838.756, 1769815838.811"
200.0,1,1769815637.0781,0.1146,3324,1018,4342,11.4531,0.0897,0.2255,200.0,0.0,99.23,65.2059,-134.6795,0.0,7546.1823,1769815702.4260921,3.93,34,548,0.0,0,0,0,6.29,15.0,0,488,1769815838.642,140.542,meta-llama/Llama-3.2-1B-Instruct,"1769815838.642, 1769815838.691, 1769815838.727, 1769815838.756, 1769815838.811"
200.0,1,1769815638.1879,0.0356,3079,1023,4102,10.4126,0.0901,0.2516,200.0,0.0,99.23,64.1737,-135.7907,0.0,7546.1823,1769815702.4274166,3.56,34,548,0.0,0,0,0,6.29,15.0,0,488,1769815838.642,140.542,meta-llama/Llama-3.2-1B-Instruct,"1769815838.642, 1769815838.691, 1769815838.727, 1769815838.756, 1769815838.811"
200.0,1,1769815637.9919,0.031,3653,1025,4678,10.6159,0.0888,0.2515,200.0,0.0,99.24,64.3773,-135.5917,0.0,7546.1823,1769815702.4279563,4.28,34,548,0.0,0,0,0,6.29,15.0,0,488,1769815838.642,140.542,meta-llama/Llama-3.2-1B-Instruct,"1769815838.642, 1769815838.691, 1769815838.727, 1769815838.756, 1769815838.811"
200.0,1,1769815637.3837,0.0341,2938,1026,3964,11.1929,0.092,0.2093,200.0,0.0,99.24,64.9833,-134.9827,0.0,7546.1823,1769815702.42852,4.46,34,548,0.0,0,0,0,6.29,15.0,0,488,1769815838.642,140.542,meta-llama/Llama-3.2-1B-Instruct,"1769815838.642, 1769815838.691, 1769815838.727, 1769815838.756, 1769815838.811"
200.0,1,1769815637.445,0.0313,4467,1022,5489,11.1475,0.0881,0.2247,200.0,0.0,99.24,64.9253,-135.0433,0.0,7546.1823,1769815702.4289215,4.64,34,548,0.0,0,0,0,6.29,15.0,0,488,1769815838.642,140.542,meta-llama/Llama-3.2-1B-Instruct,"1769815838.642, 1769815838.691, 1769815838.727, 1769815838.756, 1769815838.811"
200.0,1,1769815637.4074,0.034,2597,1030,3627,11.1902,0.0908,0.2178,200.0,0.0,99.24,64.9579,-135.0082,0.0,7546.1823,1769815702.4300008,4.1,34,548,0.0,0,0,0,6.29,15.0,0,488,1769815838.642,140.542,meta-llama/Llama-3.2-1B-Instruct,"1769815838.642, 1769815838.691, 1769815838.727, 1769815838.756, 1769815838.811"
200.0,1,1769815638.0678,0.0346,2664,1025,3689,10.5515,0.0935,0.275,200.0,0.0,99.24,64.3131,-135.6523,0.0,7546.1823,1769815702.4306996,5.51,34,548,0.0,0,0,0,6.29,15.0,0,488,1769815838.642,140.542,meta-llama/Llama-3.2-1B-Instruct,"1769815838.642, 1769815838.691, 1769815838.727, 1769815838.756, 1769815838.811"
200.0,1,1769815638.4909,0.0364,2706,1024,3730,10.1178,0.0925,0.262,200.0,0.0,99.24,63.8782,-136.0853,0.0,7546.1823,1769815702.4319565,4.81,34,548,0.0,0,0,0,6.29,15.0,0,488,1769815838.642,140.542,meta-llama/Llama-3.2-1B-Instruct,"1769815838.642, 1769815838.691, 1769815838.727, 1769815838.756, 1769815838.811"
200.0,1,1769815638.5386,0.0322,3556,1028,4584,10.0492,0.0878,0.2258,200.0,0.0,99.24,63.8396,-136.1282,0.0,7546.1823,1769815702.4331818,5.34,34,548,0.0,0,0,0,6.29,15.0,0,488,1769815838.642,140.542,meta-llama/Llama-3.2-1B-Instruct,"1769815838.642, 1769815838.691, 1769815838.727, 1769815838.756, 1769815838.811"
200.0,1,1769815638.1151,0.0394,2906,1028,3934,10.4597,0.089,0.2225,200.0,0.0,99.25,64.2624,-135.6982,0.0,7546.1823,1769815702.4339237,5.86,34,548,0.0,0,0,0,6.29,15.0,0,488,1769815838.642,140.542,meta-llama/Llama-3.2-1B-Instruct,"1769815838.642, 1769815838.691, 1769815838.727, 1769815838.756, 1769815838.811"
200.0,1,1769815637.7844,0.0676,3025,1024,4049,10.7961,0.0923,0.2325,200.0,0.0,99.25,64.5559,-135.3765,0.0,7546.1823,1769815702.4344625,5.17,34,548,0.0,0,0,0,6.29,15.0,0,488,1769815838.642,140.542,meta-llama/Llama-3.2-1B-Instruct,"1769815838.642, 1769815838.691, 1769815838.727, 1769815838.756, 1769815838.811"
200.0,1,1769815637.7351,0.0442,3966,1023,4989,10.8733,0.098,0.2704,200.0,0.0,99.25,64.6371,-135.3187,0.0,7546.1823,1769815702.4372022,5.69,34,548,0.0,0,0,0,6.29,15.0,0,488,1769815838.642,140.542,meta-llama/Llama-3.2-1B-Instruct,"1769815838.642, 1769815838.691, 1769815838.727, 1769815838.756, 1769815838.811"
200.0,1,1769815637.1579,0.0396,2934,1025,3959,11.4573,0.098,0.2826,200.0,0.0,99.25,65.2269,-134.7335,0.0,7546.1823,1769815702.4393284,6.2,34,548,0.0,0,0,0,6.29,15.0,0,488,1769815838.642,140.542,meta-llama/Llama-3.2-1B-Instruct,"1769815838.642, 1769815838.691, 1769815838.727, 1769815838.756, 1769815838.811"
200.0,1,1769815637.8443,0.0342,3283,1025,4308,10.7652,0.0878,0.2397,200.0,0.0,99.25,64.542,-135.4237,0.0,7546.1823,1769815702.4427857,6.03,34,548,0.0,0,0,0,6.29,15.0,0,488,1769815838.642,140.542,meta-llama/Llama-3.2-1B-Instruct,"1769815838.642, 1769815838.691, 1769815838.727, 1769815838.756, 1769815838.811"
200.0,1,1769815638.5987,0.0317,2808,1034,3842,10.7237,0.0963,0.1931,200.0,0.0,99.25,63.8679,-136.1004,0.0,7546.1823,1769815702.5150442,6.38,35,549,0.0,0,0,0,6.29,15.0,0,488,1769815838.642,140.542,meta-llama/Llama-3.2-1B-Instruct,"1769815838.642, 1769815838.691, 1769815838.727, 1769815838.756, 1769815838.811"
200.0,1,1769815639.0293,63.7247,3059,0,3059,,,,200.0,,,6.8747,-129.4006,0.0,7546.1823,1769815709.6534333,6.55,36,550,0.287,35,0,0,11.5,15.0,0,650,1769815704.526,-3.587,meta-llama/Llama-3.2-1B-Instruct,"1769815704.526, 1769815704.551, 1769815704.618, 1769815704.718, 1769815704.743"
1.0,0,1769815701.7362,0.5588,27,1,28,2.4505,,,1.0,,,7.3959,2.0093,2.0093,7548.1917,1769815709.6958838,6.53,36,551,0.988,26,29,0,11.5,15.0,0,650,1769815704.526,-3.587,meta-llama/Llama-3.2-1B-Instruct,"1769815704.526, 1769815704.551, 1769815704.618, 1769815704.718, 1769815704.743"
1.0,0,1769815702.2693,0.2175,27,6,33,7.1152,0.0714,0.0714,1.0,0.0,99.25,7.4508,6.3327,6.3327,7554.5243,1769815709.9593794,6.52,36,552,0.287,35,0,0,11.5,15.0,0,650,1769815704.526,-3.587,meta-llama/Llama-3.2-1B-Instruct,"1769815704.526, 1769815704.551, 1769815704.618, 1769815704.718, 1769815704.743"
1.0,0,1769815699.9161,0.9546,27,9,36,3.8765,4.8735,4.8735,1.0,3.8735,99.07,9.2298,3.8312,3.8312,7558.3555,1769815710.1170592,6.51,36,553,0.99,40,18,0,11.5,15.0,0,650,1769815704.526,-3.587,meta-llama/Llama-3.2-1B-Instruct,"1769815704.526, 1769815704.551, 1769815704.618, 1769815704.718, 1769815704.743"
1.0,0,1769815702.7666,0.0556,27,13,40,6.7868,0.066,0.066,1.0,0.0,99.07,7.4913,5.8424,5.8424,7564.1979,1769815710.3282745,6.5,36,554,0.287,35,0,0,11.5,15.0,0,650,1769815704.526,-3.587,meta-llama/Llama-3.2-1B-Instruct,"1769815704.526, 1769815704.551, 1769815704.618, 1769815704.718, 1769815704.743"
1.0,0,1769815700.5348,0.8911,27,30,57,3.3147,0.1033,4.8763,1.0,3.8763,98.89,9.7441,3.2058,3.2058,7567.4038,1769815711.184261,6.49,36,555,0.99,34,22,0,11.5,15.0,0,650,1769815704.526,-3.587,meta-llama/Llama-3.2-1B-Instruct,"1769815704.526, 1769815704.551, 1769815704.618, 1769815704.718, 1769815704.743"
1.0,0,1769815701.2147,0.4069,27,32,59,3.1118,0.1077,4.8656,1.0,3.8656,98.7,9.5904,2.5188,2.5188,7583.0551,1769815711.2266703,6.47,36,560,0.989,32,24,0,11.5,15.0,0,650,1769815704.526,-3.587,meta-llama/Llama-3.2-1B-Instruct,"1769815704.526, 1769815704.551, 1769815704.618, 1769815704.718, 1769815704.743"
1.0,0,1769815698.876,0.0788,27,32,59,5.7814,0.0932,4.9004,1.0,3.9004,98.52,12.2582,4.8602,4.8602,7583.0551,1769815711.2269053,6.45,36,560,0.966,49,0,0,11.5,15.0,0,650,1769815704.526,-3.587,meta-llama/Llama-3.2-1B-Instruct,"1769815704.526, 1769815704.551, 1769815704.618, 1769815704.718, 1769815704.743"
1.0,0,1769815699.8038,0.9144,27,32,59,4.0142,0.0977,4.8644,1.0,3.8644,98.34,10.498,3.9287,3.9287,7591.1426,1769815711.2309115,6.44,36,562,0.99,41,17,0,11.5,15.0,0,650,1769815704.526,-3.587,meta-llama/Llama-3.2-1B-Instruct,"1769815704.526, 1769815704.551, 1769815704.618, 1769815704.718, 1769815704.743"
1.0,0,1769815701.7908,0.5529,27,32,59,2.3908,0.0958,4.8697,1.0,3.8697,98.16,8.869,1.9437,1.9437,7591.1426,1769815711.231115,6.46,36,562,0.989,26,29,0,11.5,15.0,0,650,1769815704.526,-3.587,meta-llama/Llama-3.2-1B-Instruct,"1769815704.526, 1769815704.551, 1769815704.618, 1769815704.718, 1769815704.743"
1.0,0,1769815701.3479,0.3408,27,32,59,3.0592,0.0928,4.8617,1.0,3.8617,97.98,9.5306,2.4001,2.4001,7596.079,1769815711.2319186,6.43,36,563,0.989,31,26,0,11.5,15.0,0,650,1769815704.526,-3.587,meta-llama/Llama-3.2-1B-Instruct,"1769815704.526, 1769815704.551, 1769815704.618, 1769815704.718, 1769815704.743"
1.0,0,1769815699.4479,0.9467,27,32,59,4.3446,0.0915,4.8785,1.0,3.8785,97.8,10.8331,4.2913,4.2913,7600.0405,1769815711.236909,6.41,36,564,0.99,44,14,0,11.5,15.0,0,650,1769815704.526,-3.587,meta-llama/Llama-3.2-1B-Instruct,"1769815704.526, 1769815704.551, 1769815704.618, 1769815704.718, 1769815704.743"
1.0,0,1769815698.802,0.1208,27,32,59,5.8156,0.0849,4.8726,1.0,3.8726,97.62,12.3087,4.9364,4.9364,7635.1736,1769815711.2615478,6.39,36,572,0.966,49,0,0,11.5,15.0,0,650,1769815704.526,-3.587,meta-llama/Llama-3.2-1B-Instruct,"1769815704.526, 1769815704.551, 1769815704.618, 1769815704.718, 1769815704.743"
1.0,0,1769815699.5145,0.9004,27,32,59,4.3266,0.1167,4.8934,1.0,3.8934,97.44,10.8369,4.227,4.227,7635.1736,1769815711.261688,6.35,36,572,0.99,44,14,0,11.5,15.0,0,650,1769815704.526,-3.587,meta-llama/Llama-3.2-1B-Instruct,"1769815704.526, 1769815704.551, 1769815704.618, 1769815704.718, 1769815704.743"
1.0,0,1769815698.7256,0.1851,27,32,59,5.8403,0.1142,4.8844,1.0,3.8844,97.26,12.3365,5.0253,5.0253,7635.1736,1769815711.2618928,6.37,36,572,0.966,49,0,0,11.5,15.0,0,650,1769815704.526,-3.587,meta-llama/Llama-3.2-1B-Instruct,"1769815704.526, 1769815704.551, 1769815704.618, 1769815704.718, 1769815704.743"
1.0,0,1769815699.2957,0.5025,27,32,59,4.9587,0.1344,4.8858,1.0,3.8858,97.09,11.4553,4.4612,4.4612,7643.9504,1769815711.2636282,6.33,36,574,0.99,48,10,0,11.5,15.0,0,650,1769815704.526,-3.587,meta-llama/Llama-3.2-1B-Instruct,"1769815704.526, 1769815704.551, 1769815704.618, 1769815704.718, 1769815704.743"
1.0,0,1769815698.9076,0.0923,27,31,58,5.753,0.1147,4.8734,1.0,3.8734,96.91,12.2524,4.8453,4.8453,7643.9504,1769815711.2668798,6.34,36,574,0.966,49,0,0,11.5,15.0,0,650,1769815704.526,-3.587,meta-llama/Llama-3.2-1B-Instruct,"1769815704.526, 1769815704.551, 1769815704.618, 1769815704.718, 1769815704.743"
1.0,0,1769815701.1556,0.4077,27,32,59,3.1832,0.1171,4.8862,1.0,3.8862,96.73,9.6849,2.591,2.591,7647.4418,1769815711.2719905,6.36,36,575,0.99,33,23,0,11.5,15.0,0,650,1769815704.526,-3.587,meta-llama/Llama-3.2-1B-Instruct,"1769815704.526, 1769815704.551, 1769815704.618, 1769815704.718, 1769815704.743"
1.0,0,1769815699.3836,0.8683,27,32,59,4.4877,0.1039,4.8707,1.0,3.8707,96.04,11.0042,4.356,4.356,7689.5267,1769815711.2920518,6.32,36,584,0.991,45,13,0,11.5,15.0,0,650,1769815704.526,-3.587,meta-llama/Llama-3.2-1B-Instruct,"1769815704.526, 1769815704.551, 1769815704.618, 1769815704.718, 1769815704.743"
1.0,0,1769815701.5364,0.276,27,32,59,2.9246,0.0837,4.8699,1.0,3.8699,95.87,9.4722,2.2006,2.2006,7694.8374,1769815711.294036,6.23,36,585,0.989,31,27,0,11.5,15.0,0,650,1769815704.526,-3.587,meta-llama/Llama-3.2-1B-Instruct,"1769815704.526, 1769815704.551, 1769815704.618, 1769815704.718, 1769815704.743"
1.0,0,1769815701.4724,0.29,27,32,59,2.9812,0.0793,4.8688,1.0,3.8688,95.7,9.5124,2.2712,2.2712,7694.8374,1769815711.29742,6.24,36,585,0.989,31,26,0,11.5,15.0,0,650,1769815704.526,-3.587,meta-llama/Llama-3.2-1B-Instruct,"1769815704.526, 1769815704.551, 1769815704.618, 1769815704.718, 1769815704.743"
1.0,0,1769815699.3588,0.7775,27,32,59,4.6126,0.1203,4.89,1.0,3.89,95.53,11.1507,4.3901,4.3901,7694.8374,1769815711.297612,6.2,36,585,0.991,46,12,0,11.5,15.0,0,650,1769815704.526,-3.587,meta-llama/Llama-3.2-1B-Instruct,"1769815704.526, 1769815704.551, 1769815704.618, 1769815704.718, 1769815704.743"
1.0,0,1769815703.0217,0.0572,27,32,59,6.5492,0.0834,0.0951,1.0,0.0,95.54,8.2093,5.6063,5.6063,7700.0896,1769815711.299098,6.19,36,586,0.287,35,0,0,11.5,15.0,0,650,1769815704.526,-3.587,meta-llama/Llama-3.2-1B-Instruct,"1769815704.526, 1769815704.551, 1769815704.618, 1769815704.718, 1769815704.743"
1.0,0,1769815702.7374,0.0555,27,32,59,6.8407,0.0944,0.0969,1.0,0.0,95.54,8.4959,5.8962,5.8962,7700.0896,1769815711.2993197,6.17,36,586,0.287,35,0,0,11.5,15.0,0,650,1769815704.526,-3.587,meta-llama/Llama-3.2-1B-Instruct,"1769815704.526, 1769815704.551, 1769815704.618, 1769815704.718, 1769815704.743"
1.0,0,1769815698.6914,0.0623,27,32,59,5.9979,0.114,4.888,1.0,3.888,95.37,12.5053,5.0602,5.0602,7706.4168,1769815711.3010569,6.29,36,587,0.966,49,0,0,11.5,15.0,0,650,1769815704.526,-3.587,meta-llama/Llama-3.2-1B-Instruct,"1769815704.526, 1769815704.551, 1769815704.618, 1769815704.718, 1769815704.743"
1.0,0,1769815703.3315,0.0522,27,33,60,6.2584,0.0875,0.091,1.0,0.0,95.38,7.9091,5.3107,5.3107,7712.2389,1769815711.3065646,6.15,36,588,0.287,35,0,0,11.5,15.0,0,650,1769815704.526,-3.587,meta-llama/Llama-3.2-1B-Instruct,"1769815704.526, 1769815704.551, 1769815704.618, 1769815704.718, 1769815704.743"
1.0,0,1769815702.4577,0.1241,27,32,59,7.0162,0.0871,0.0907,1.0,0.0,95.39,8.7041,6.1404,6.1404,7712.2389,1769815711.3091357,6.22,36,588,0.287,35,0,0,11.5,15.0,0,650,1769815704.526,-3.587,meta-llama/Llama-3.2-1B-Instruct,"1769815704.526, 1769815704.551, 1769815704.618, 1769815704.718, 1769815704.743"
1.0,0,1769815700.8906,0.602,27,32,59,3.2493,0.1108,4.8719,1.0,3.8719,95.22,9.781,2.8513,2.8513,7712.2389,1769815711.3196194,6.25,36,588,0.99,34,22,0,11.5,15.0,0,650,1769815704.526,-3.587,meta-llama/Llama-3.2-1B-Instruct,"1769815704.526, 1769815704.551, 1769815704.618, 1769815704.718, 1769815704.743"
1.0,0,1769815700.2649,0.8099,27,32,59,3.6815,0.1198,4.8809,1.0,3.8809,95.05,10.1969,3.4914,3.4914,7712.2389,1769815711.3213773,6.26,36,588,0.991,39,20,0,11.5,15.0,0,650,1769815704.526,-3.587,meta-llama/Llama-3.2-1B-Instruct,"1769815704.526, 1769815704.551, 1769815704.618, 1769815704.718, 1769815704.743"
1.0,0,1769815699.7739,0.8448,27,32,59,4.1167,0.1295,4.8695,1.0,3.8695,94.89,10.6172,3.9615,3.9615,7712.2389,1769815711.3247995,6.38,36,588,0.99,42,16,0,11.5,15.0,0,650,1769815704.526,-3.587,meta-llama/Llama-3.2-1B-Instruct,"1769815704.526, 1769815704.551, 1769815704.618, 1769815704.718, 1769815704.743"
1.0,0,1769815702.8002,0.0614,27,32,59,6.7607,0.116,0.1532,1.0,0.0,94.89,8.4404,5.8221,5.8221,7712.2389,1769815711.3258474,6.12,36,588,0.287,35,0,0,11.5,15.0,0,650,1769815704.526,-3.587,meta-llama/Llama-3.2-1B-Instruct,"1769815704.526, 1769815704.551, 1769815704.618, 1769815704.718, 1769815704.743"
1.0,0,1769815701.8894,0.5717,27,32,59,7.1698,0.0757,0.1112,1.0,0.0,94.9,8.8304,6.7415,6.7415,7712.2389,1769815711.326117,6.16,36,588,0.989,26,29,0,11.5,15.0,0,650,1769815704.526,-3.587,meta-llama/Llama-3.2-1B-Instruct,"1769815704.526, 1769815704.551, 1769815704.618, 1769815704.718, 1769815704.743"
1.0,0,1769815703.3628,0.0549,27,32,59,6.1973,0.0788,0.1111,1.0,0.0,94.91,7.8803,5.2522,5.2522,7712.2389,1769815711.3297427,6.14,36,588,0.287,35,0,0,11.5,15.0,0,650,1769815704.526,-3.587,meta-llama/Llama-3.2-1B-Instruct,"1769815704.526, 1769815704.551, 1769815704.618, 1769815704.718, 1769815704.743"
1.0,0,1769815702.3197,0.2189,27,32,59,7.1082,0.1139,0.129,1.0,0.0,94.92,8.7622,6.3272,6.3272,7712.2389,1769815711.3300228,6.13,36,588,0.287,35,0,0,11.5,15.0,0,650,1769815704.526,-3.587,meta-llama/Llama-3.2-1B-Instruct,"1769815704.526, 1769815704.551, 1769815704.618, 1769815704.718, 1769815704.743"
1.0,0,1769815702.6636,0.0539,27,32,59,6.9335,0.0935,0.1028,1.0,0.0,94.93,8.5689,5.9874,5.9874,7712.2389,1769815711.3302295,6.21,36,588,0.287,35,0,0,11.5,15.0,0,650,1769815704.526,-3.587,meta-llama/Llama-3.2-1B-Instruct,"1769815704.526, 1769815704.551, 1769815704.618, 1769815704.718, 1769815704.743"
1.0,0,1769815703.526,6.3999,27,32,59,0.1394,0.0706,0.082,1.0,0.0,94.94,1.7302,5.5393,5.5393,7717.7782,1769815711.6602747,6.11,36,589,0.637,58,0,0,11.5,15.0,0,650,1769815704.526,-3.587,meta-llama/Llama-3.2-1B-Instruct,"1769815704.526, 1769815704.551, 1769815704.618, 1769815704.718, 1769815704.743"
1.0,0,1769815703.5514,6.5809,27,32,59,0.1525,0.0742,0.0898,1.0,0.0,94.95,1.6885,5.7334,5.7334,7723.5116,1769815711.8244615,6.1,36,590,0.637,57,0,0,11.5,15.0,0,650,1769815704.526,-3.587,meta-llama/Llama-3.2-1B-Instruct,"1769815704.526, 1769815704.551, 1769815704.618, 1769815704.718, 1769815704.743"
1.0,0,1769815703.6181,6.674,27,32,59,0.108,0.0853,0.0994,1.0,0.0,94.96,1.6853,5.7819,5.7819,7729.2936,1769815711.9783661,6.09,36,591,0.638,58,0,0,11.5,15.0,0,650,1769815704.526,-3.587,meta-llama/Llama-3.2-1B-Instruct,"1769815704.526, 1769815704.551, 1769815704.618, 1769815704.718, 1769815704.743"
1.0,0,1769815703.7178,6.7764,27,32,59,0.1208,0.0704,0.0928,1.0,0.0,94.97,1.643,5.8972,5.8972,7735.1907,1769815712.147949,6.08,36,592,0.639,58,0,0,11.5,15.0,0,650,1769815704.526,-3.587,meta-llama/Llama-3.2-1B-Instruct,"1769815704.526, 1769815704.551, 1769815704.618, 1769815704.718, 1769815704.743"
1.0,0,1769815703.7429,6.8325,27,32,59,0.1374,0.0982,0.102,1.0,0.0,94.97,1.6105,5.9699,5.9699,7741.1606,1769815712.193406,6.07,36,593,0.64,59,0,0,11.5,15.0,0,650,1769815704.526,-3.587,meta-llama/Llama-3.2-1B-Instruct,"1769815704.526, 1769815704.551, 1769815704.618, 1769815704.718, 1769815704.743"
1.0,0,1769815703.9056,7.6519,27,26,53,0.1164,0.0952,0.2089,1.0,0.0,94.98,1.285,6.7682,6.7682,7747.9289,1769815712.858285,6.06,36,594,0.63,28,0,0,11.5,15.0,0,650,1769815704.526,-3.587,meta-llama/Llama-3.2-1B-Instruct,"1769815704.526, 1769815704.551, 1769815704.618, 1769815704.718, 1769815704.743"
1.0,0,1769815703.8115,7.5886,27,32,59,0.1045,0.0783,0.2328,1.0,0.0,94.99,1.5003,6.693,6.693,7761.3126,1769815712.9394135,6.05,36,596,0.629,26,0,0,11.5,15.0,0,650,1769815704.526,-3.587,meta-llama/Llama-3.2-1B-Instruct,"1769815704.526, 1769815704.551, 1769815704.618, 1769815704.718, 1769815704.743"
1.0,0,1769815703.8381,7.6203,27,32,59,0.0704,0.0706,0.2213,1.0,0.0,95.0,1.457,6.6907,6.6907,7761.3126,1769815712.941309,6.04,36,596,0.629,26,0,0,11.5,15.0,0,650,1769815704.526,-3.587,meta-llama/Llama-3.2-1B-Instruct,"1769815704.526, 1769815704.551, 1769815704.618, 1769815704.718, 1769815704.743"
1.0,0,1769815704.0602,7.557,27,32,59,0.0808,0.0974,0.2899,1.0,0.0,95.01,1.4783,6.6379,6.6379,7767.9505,1769815713.10892,6.03,36,597,0.63,28,0,0,11.5,15.0,0,650,1769815704.526,-3.587,meta-llama/Llama-3.2-1B-Instruct,"1769815704.526, 1769815704.551, 1769815704.618, 1769815704.718, 1769815704.743"
1.0,0,1769815704.1107,7.6668,27,32,59,0.0866,0.1063,0.2254,1.0,0.0,95.02,1.5014,6.7534,6.7534,7774.7039,1769815713.2891788,6.02,36,598,0.632,29,1,0,11.5,15.0,0,696,1769815705.987,-7.176,meta-llama/Llama-3.2-1B-Instruct,"1769815705.987, 1769815706.457, 1769815706.521, 1769815706.789, 1769815706.857"
1.0,0,1769815704.0854,7.6285,27,31,58,0.1359,0.1032,0.2218,1.0,0.0,95.03,1.5773,6.7644,6.7644,7781.4683,1769815713.2991178,6.01,36,599,0.631,29,0,0,11.5,15.0,0,696,1769815705.987,-7.176,meta-llama/Llama-3.2-1B-Instruct,"1769815705.987, 1769815706.457, 1769815706.521, 1769815706.789, 1769815706.857"
1.0,0,1769815704.2463,7.5978,27,32,59,0.122,0.0785,0.2508,1.0,0.0,95.03,1.5477,6.7198,6.7198,7788.1881,1769815713.399859,6.0,36,600,0.632,30,0,0,11.5,15.0,0,696,1769815705.987,-7.176,meta-llama/Llama-3.2-1B-Instruct,"1769815705.987, 1769815706.457, 1769815706.521, 1769815706.789, 1769815706.857"
1.0,0,1769815704.8695,8.136,27,7,34,0.1031,0.0767,0.0767,1.0,0.0,95.04,0.4894,7.2391,7.2391,7802.1836,1769815713.499804,5.99,36,602,0.639,33,1,0,11.5,15.0,0,696,1769815705.987,-7.176,meta-llama/Llama-3.2-1B-Instruct,"1769815705.987, 1769815706.457, 1769815706.521, 1769815706.789, 1769815706.857"
1.0,0,1769815704.272,7.6482,27,32,59,0.108,0.0859,0.2748,1.0,0.0,95.05,1.5763,6.7563,6.7563,7809.0213,1769815713.5336826,5.98,36,603,0.632,30,1,0,11.5,15.0,0,696,1769815705.987,-7.176,meta-llama/Llama-3.2-1B-Instruct,"1769815705.987, 1769815706.457, 1769815706.521, 1769815706.789, 1769815706.857"
1.0,0,1769815704.297,7.7181,27,32,59,0.1196,0.1011,0.2712,1.0,0.0,95.06,1.511,6.8377,6.8377,7809.0213,1769815713.5338693,5.97,36,603,0.633,31,0,0,11.5,15.0,0,696,1769815705.987,-7.176,meta-llama/Llama-3.2-1B-Instruct,"1769815705.987, 1769815706.457, 1769815706.521, 1769815706.789, 1769815706.857"
1.0,0,1769815704.4402,7.8972,27,26,53,0.1005,0.0805,0.2257,1.0,0.0,95.07,1.3215,6.9977,6.9977,7816.019,1769815713.665898,5.96,36,604,0.634,32,1,0,11.5,15.0,0,696,1769815705.987,-7.176,meta-llama/Llama-3.2-1B-Instruct,"1769815705.987, 1769815706.457, 1769815706.521, 1769815706.789, 1769815706.857"
1.0,0,1769815704.3228,7.8784,27,32,59,0.1601,0.086,0.2453,1.0,0.0,95.08,1.5284,7.0385,7.0385,7830.0672,1769815713.7388551,5.95,36,606,0.633,31,1,0,11.5,15.0,0,696,1769815705.987,-7.176,meta-llama/Llama-3.2-1B-Instruct,"1769815705.987, 1769815706.457, 1769815706.521, 1769815706.789, 1769815706.857"
1.0,0,1769815704.3481,7.8455,27,32,59,0.1641,0.0827,0.2324,1.0,0.0,95.08,1.5449,7.0097,7.0097,7837.0073,1769815713.7637374,5.94,36,607,0.634,31,0,0,11.5,15.0,0,696,1769815705.987,-7.176,meta-llama/Llama-3.2-1B-Instruct,"1769815705.987, 1769815706.457, 1769815706.521, 1769815706.789, 1769815706.857"
1.0,0,1769815704.415,7.8414,27,32,59,0.0988,0.0744,0.2287,1.0,0.0,95.09,1.5064,6.9401,6.9401,7837.0073,1769815713.7646089,5.93,36,607,0.634,30,0,0,11.5,15.0,0,696,1769815705.987,-7.176,meta-llama/Llama-3.2-1B-Instruct,"1769815705.987, 1769815706.457, 1769815706.521, 1769815706.789, 1769815706.857"
1.0,0,1769815704.465,8.1798,27,23,50,0.2163,0.0808,0.0914,1.0,0.0,95.1,1.2765,7.396,7.396,7844.4033,1769815713.924456,5.92,36,608,0.638,34,0,0,11.5,15.0,0,696,1769815705.987,-7.176,meta-llama/Llama-3.2-1B-Instruct,"1769815705.987, 1769815706.457, 1769815706.521, 1769815706.789, 1769815706.857"
1.0,0,1769815704.655,8.1515,27,32,59,0.1057,0.0744,0.0767,1.0,0.0,95.11,1.5153,7.2572,7.2572,7851.6606,1769815714.337092,5.91,36,609,0.639,34,0,0,11.5,15.0,0,696,1769815705.987,-7.176,meta-llama/Llama-3.2-1B-Instruct,"1769815705.987, 1769815706.457, 1769815706.521, 1769815706.789, 1769815706.857"
1.0,0,1769815704.7254,8.2162,27,32,59,0.1386,0.0884,0.1054,1.0,0.0,95.12,1.4893,7.3548,7.3548,7859.0154,1769815714.4359913,5.9,36,610,0.639,34,0,0,11.5,15.0,0,696,1769815705.987,-7.176,meta-llama/Llama-3.2-1B-Instruct,"1769815705.987, 1769815706.457, 1769815706.521, 1769815706.789, 1769815706.857"
1.0,0,1769815704.8957,8.2313,27,31,58,0.143,0.0835,0.0886,1.0,0.0,95.13,1.5183,7.3742,7.3742,7873.7264,1769815714.675394,5.89,36,612,0.64,34,0,0,11.5,15.0,0,696,1769815705.987,-7.176,meta-llama/Llama-3.2-1B-Instruct,"1769815705.987, 1769815706.457, 1769815706.521, 1769815706.789, 1769815706.857"
1.0,0,1769815704.921,8.2606,27,32,59,0.0763,0.0769,0.0834,1.0,0.0,95.13,1.4816,7.3369,7.3369,7873.7264,1769815714.702103,5.88,36,612,0.64,34,0,0,11.5,15.0,0,696,1769815705.987,-7.176,meta-llama/Llama-3.2-1B-Instruct,"1769815705.987, 1769815706.457, 1769815706.521, 1769815706.789, 1769815706.857"
1.0,0,1769815704.9871,8.397,27,32,59,0.0932,0.0879,0.1144,1.0,0.0,95.14,1.4614,7.4902,7.4902,7881.2166,1769815714.8471076,5.87,36,613,0.641,35,0,0,11.5,15.0,0,696,1769815705.987,-7.176,meta-llama/Llama-3.2-1B-Instruct,"1769815705.987, 1769815706.457, 1769815706.521, 1769815706.789, 1769815706.857"
1.0,0,1769815705.4566,7.9433,27,32,59,0.104,0.0818,0.0834,1.0,0.0,95.15,1.4893,7.0473,7.0473,7888.264,1769815714.9136543,5.86,36,614,0.641,33,0,0,11.5,15.0,0,696,1769815705.987,-7.176,meta-llama/Llama-3.2-1B-Instruct,"1769815705.987, 1769815706.457, 1769815706.521, 1769815706.789, 1769815706.857"
1.0,0,1769815705.5215,7.9167,27,32,59,0.0987,0.0758,0.0835,1.0,0.0,95.16,1.5093,7.0154,7.0154,7895.2793,1769815714.9581041,5.85,36,615,0.641,33,1,0,11.5,15.0,0,696,1769815705.987,-7.176,meta-llama/Llama-3.2-1B-Instruct,"1769815705.987, 1769815706.457, 1769815706.521, 1769815706.789, 1769815706.857"
1.0,0,1769815705.7888,7.7728,27,32,59,0.132,0.0795,0.1048,1.0,0.0,95.17,1.5336,6.9047,6.9047,7902.1841,1769815715.1057951,5.84,36,616,0.641,33,0,0,11.5,15.0,0,696,1769815705.987,-7.176,meta-llama/Llama-3.2-1B-Instruct,"1769815705.987, 1769815706.457, 1769815706.521, 1769815706.789, 1769815706.857"
1.0,0,1769815706.3032,8.1329,27,14,41,0.0882,0.0732,0.0732,1.0,0.0,95.17,0.6897,7.2212,7.2212,7923.1249,1769815715.1440325,5.83,36,619,0.647,36,0,0,11.5,15.0,0,696,1769815705.987,-7.176,meta-llama/Llama-3.2-1B-Instruct,"1769815705.987, 1769815706.457, 1769815706.521, 1769815706.789, 1769815706.857"
1.0,0,1769815705.8821,7.7962,27,32,59,0.0633,0.1083,0.1149,1.0,0.0,95.18,1.4647,6.8594,6.8594,7923.1249,1769815715.1496701,5.82,36,619,0.641,33,1,0,11.5,15.0,0,696,1769815705.987,-7.176,meta-llama/Llama-3.2-1B-Instruct,"1769815705.987, 1769815706.457, 1769815706.521, 1769815706.789, 1769815706.857"
1.0,0,1769815705.8566,7.766,27,32,59,0.0942,0.0733,0.0776,1.0,0.0,95.19,1.4892,6.8602,6.8602,7923.1249,1769815715.1504822,5.83,36,619,0.641,33,1,0,11.5,15.0,0,696,1769815705.987,-7.176,meta-llama/Llama-3.2-1B-Instruct,"1769815705.987, 1769815706.457, 1769815706.521, 1769815706.789, 1769815706.857"
1.0,0,1769815705.9071,7.8897,27,32,59,0.1151,0.0775,0.0846,1.0,0.0,95.2,1.4804,7.0047,7.0047,7930.1296,1769815715.294501,5.81,36,620,0.641,32,0,0,11.5,15.0,0,696,1769815705.987,-7.176,meta-llama/Llama-3.2-1B-Instruct,"1769815705.987, 1769815706.457, 1769815706.521, 1769815706.789, 1769815706.857"
1.0,0,1769815705.9321,7.9276,27,32,59,0.1274,0.0748,0.0829,1.0,0.0,95.21,1.5508,7.055,7.055,7937.1846,1769815715.4508314,5.8,36,621,0.642,32,0,0,11.5,15.0,0,696,1769815705.987,-7.176,meta-llama/Llama-3.2-1B-Instruct,"1769815705.987, 1769815706.457, 1769815706.521, 1769815706.789, 1769815706.857"
1.0,0,1769815705.9576,7.9949,27,32,59,0.1274,0.0857,0.0868,1.0,0.0,95.21,1.5233,7.1222,7.1222,7944.3068,1769815715.4772801,5.79,37,623,0.643,33,0,0,11.5,15.0,0,696,1769815705.987,-7.176,meta-llama/Llama-3.2-1B-Instruct,"1769815705.987, 1769815706.457, 1769815706.521, 1769815706.789, 1769815706.857"
200.0,1,1769815639.4625,63.8494,2499,128,2627,6.3153,0.0802,0.0903,200.0,0.0,95.22,12.1644,-123.9862,0.0,7944.3068,1769815715.487814,5.94,37,623,0.287,35,0,0,11.5,15.0,0,696,1769815705.987,-7.176,meta-llama/Llama-3.2-1B-Instruct,"1769815705.987, 1769815706.457, 1769815706.521, 1769815706.789, 1769815706.857"
1.0,0,1769815706.0259,8.0586,27,32,59,0.138,0.0752,0.0756,1.0,0.0,95.23,1.5074,7.1966,7.1966,7951.5034,1769815715.6121402,5.93,37,624,0.644,34,0,0,11.5,15.0,0,696,1769815705.987,-7.176,meta-llama/Llama-3.2-1B-Instruct,"1769815705.987, 1769815706.457, 1769815706.521, 1769815706.789, 1769815706.857"
1.0,0,1769815706.0517,8.0966,27,32,59,0.1063,0.0797,0.0941,1.0,0.0,95.24,1.5136,7.203,7.203,7958.7064,1769815715.699503,5.92,37,625,0.644,34,0,0,11.5,15.0,0,696,1769815705.987,-7.176,meta-llama/Llama-3.2-1B-Instruct,"1769815705.987, 1769815706.457, 1769815706.521, 1769815706.789, 1769815706.857"
1.0,0,1769815706.1563,8.0549,27,32,59,0.1491,0.098,0.1245,1.0,0.0,95.25,1.55,7.204,7.204,7965.9103,1769815715.7762315,5.91,37,626,0.645,36,0,0,11.5,15.0,0,696,1769815705.987,-7.176,meta-llama/Llama-3.2-1B-Instruct,"1769815705.987, 1769815706.457, 1769815706.521, 1769815706.789, 1769815706.857"
1.0,0,1769815706.1816,8.116,27,32,59,0.1229,0.0815,0.1045,1.0,0.0,95.25,1.5585,7.239,7.239,7973.1493,1769815715.8579829,5.9,37,627,0.646,36,0,0,11.5,15.0,0,696,1769815705.987,-7.176,meta-llama/Llama-3.2-1B-Instruct,"1769815705.987, 1769815706.457, 1769815706.521, 1769815706.789, 1769815706.857"
1.0,0,1769815706.3291,8.1546,27,32,59,0.1733,0.0823,0.1026,1.0,0.0,95.26,1.558,7.3279,7.3279,7980.4772,1769815716.0513492,5.89,37,628,0.647,36,0,0,11.5,15.0,0,696,1769815705.987,-7.176,meta-llama/Llama-3.2-1B-Instruct,"1769815705.987, 1769815706.457, 1769815706.521, 1769815706.789, 1769815706.857"
1.0,0,1769815706.4468,8.1459,27,32,59,0.1062,0.0746,0.0836,1.0,0.0,95.27,1.505,7.252,7.252,7987.7292,1769815716.106803,5.88,37,629,0.648,37,1,0,11.5,15.0,0,696,1769815705.987,-7.176,meta-llama/Llama-3.2-1B-Instruct,"1769815705.987, 1769815706.457, 1769815706.521, 1769815706.789, 1769815706.857"
1.0,0,1769815706.473,8.2206,27,32,59,0.1108,0.081,0.0931,1.0,0.0,95.28,1.4787,7.3314,7.3314,7995.0607,1769815716.1839364,5.87,37,630,0.648,37,0,0,11.5,15.0,0,696,1769815705.987,-7.176,meta-llama/Llama-3.2-1B-Instruct,"1769815705.987, 1769815706.457, 1769815706.521, 1769815706.789, 1769815706.857"
1.0,0,1769815706.5381,8.2605,27,32,59,0.1337,0.0754,0.0912,1.0,0.0,95.28,1.5212,7.3941,7.3941,8002.4548,1769815716.3206503,6.01,38,632,0.649,38,0,0,11.5,15.0,0,696,1769815705.987,-7.176,meta-llama/Llama-3.2-1B-Instruct,"1769815705.987, 1769815706.457, 1769815706.521, 1769815706.789, 1769815706.857"
200.0,1,1769815638.9295,60.1617,2608,145,2753,5.659,0.0814,0.2308,200.0,0.0,95.29,17.2273,-122.6109,0.0,8002.4548,1769815716.3295333,6.02,38,632,0.966,49,0,0,11.5,15.0,0,696,1769815705.987,-7.176,meta-llama/Llama-3.2-1B-Instruct,"1769815705.987, 1769815706.457, 1769815706.521, 1769815706.789, 1769815706.857"
1.0,0,1769815706.5639,8.2917,27,32,59,0.1202,0.0763,0.0768,1.0,0.0,95.3,1.5234,7.412,7.412,8009.8668,1769815716.3808377,6.0,38,633,0.649,37,0,0,11.5,15.0,0,696,1769815705.987,-7.176,meta-llama/Llama-3.2-1B-Instruct,"1769815705.987, 1769815706.457, 1769815706.521, 1769815706.789, 1769815706.857"
1.0,0,1769815706.5908,8.3859,27,32,59,0.1226,0.0694,0.07,1.0,0.0,95.31,1.5057,7.5085,7.5085,8017.3753,1769815716.4875941,5.99,38,634,0.649,37,0,0,11.5,15.0,0,696,1769815705.987,-7.176,meta-llama/Llama-3.2-1B-Instruct,"1769815705.987, 1769815706.457, 1769815706.521, 1769815706.789, 1769815706.857"
1.0,0,1769815706.6166,8.4333,27,32,59,0.0691,0.0845,0.1004,1.0,0.0,95.32,1.543,7.5024,7.5024,8024.8777,1769815716.5947146,5.98,38,635,0.65,37,1,0,11.5,15.0,0,696,1769815705.987,-7.176,meta-llama/Llama-3.2-1B-Instruct,"1769815705.987, 1769815706.457, 1769815706.521, 1769815706.789, 1769815706.857"
1.0,0,1769815706.6412,8.5397,27,32,59,0.095,0.0929,0.0931,1.0,0.0,95.32,1.4664,7.6347,7.6347,8032.5124,1769815716.6566777,5.97,38,636,0.649,35,0,0,11.5,15.0,0,696,1769815705.987,-7.176,meta-llama/Llama-3.2-1B-Instruct,"1769815705.987, 1769815706.457, 1769815706.521, 1769815706.789, 1769815706.857"
1.0,0,1769815706.6662,8.6284,27,32,59,0.1454,0.0769,0.077,1.0,0.0,95.33,1.4847,7.7738,7.7738,8040.2861,1769815716.791257,5.97,38,637,0.65,36,0,0,11.5,15.0,0,696,1769815705.987,-7.176,meta-llama/Llama-3.2-1B-Instruct,"1769815705.987, 1769815706.457, 1769815706.521, 1769815706.789, 1769815706.857"
1.0,0,1769815706.7342,8.6239,27,32,59,0.103,0.0806,0.0914,1.0,0.0,95.34,1.468,7.727,7.727,8048.0131,1769815716.8385775,5.96,38,638,0.651,35,0,0,11.5,15.0,0,696,1769815705.987,-7.176,meta-llama/Llama-3.2-1B-Instruct,"1769815705.987, 1769815706.457, 1769815706.521, 1769815706.789, 1769815706.857"
1.0,0,1769815706.759,8.7311,27,32,59,0.096,0.0764,0.0839,1.0,0.0,95.35,1.4687,7.8271,7.8271,8055.8402,1769815716.9757981,5.95,38,639,0.626,34,0,0,11.5,15.0,0,696,1769815705.987,-7.176,meta-llama/Llama-3.2-1B-Instruct,"1769815705.987, 1769815706.457, 1769815706.521, 1769815706.789, 1769815706.857"
1.0,0,1769815706.7844,8.7698,27,32,59,0.1467,0.0841,0.0974,1.0,0.0,95.35,1.505,7.9165,7.9165,8063.7567,1769815717.0634198,5.94,38,640,0.626,34,0,0,11.5,15.0,0,696,1769815705.987,-7.176,meta-llama/Llama-3.2-1B-Instruct,"1769815705.987, 1769815706.457, 1769815706.521, 1769815706.789, 1769815706.857"
1.0,0,1769815707.0171,8.6292,27,32,59,0.1358,0.0695,0.0907,1.0,0.0,95.36,1.5043,7.765,7.765,8071.5217,1769815717.1604753,5.93,38,641,0.626,34,1,0,11.5,15.0,0,696,1769815705.987,-7.176,meta-llama/Llama-3.2-1B-Instruct,"1769815705.987, 1769815706.457, 1769815706.521, 1769815706.789, 1769815706.857"
1.0,0,1769815707.0421,8.774,27,32,59,0.1019,0.0773,0.0832,1.0,0.0,95.37,1.467,7.8759,7.8759,8079.3976,1769815717.3161883,5.92,38,642,0.627,34,0,0,11.5,15.0,0,696,1769815705.987,-7.176,meta-llama/Llama-3.2-1B-Instruct,"1769815705.987, 1769815706.457, 1769815706.521, 1769815706.789, 1769815706.857"
1.0,0,1769815707.0688,8.7795,27,32,59,0.1032,0.0793,0.1102,1.0,0.0,95.37,1.4686,7.8828,7.8828,8087.2804,1769815717.3234997,5.91,38,643,0.627,34,0,0,11.5,15.0,0,696,1769815705.987,-7.176,meta-llama/Llama-3.2-1B-Instruct,"1769815705.987, 1769815706.457, 1769815706.521, 1769815706.789, 1769815706.857"
1.0,0,1769815707.1371,8.7391,27,32,59,0.1161,0.0773,0.0806,1.0,0.0,95.38,1.469,7.8551,7.8551,8095.1355,1769815717.354306,5.9,38,644,0.627,33,0,0,11.5,15.0,0,696,1769815705.987,-7.176,meta-llama/Llama-3.2-1B-Instruct,"1769815705.987, 1769815706.457, 1769815706.521, 1769815706.789, 1769815706.857"
1.0,0,1769815707.163,8.8424,27,32,59,0.137,0.078,0.0939,1.0,0.0,95.39,1.4924,7.9794,7.9794,8103.1149,1769815717.5076087,5.89,38,645,0.629,36,0,0,11.5,15.0,0,696,1769815705.987,-7.176,meta-llama/Llama-3.2-1B-Instruct,"1769815705.987, 1769815706.457, 1769815706.521, 1769815706.789, 1769815706.857"
1.0,0,1769815707.4048,8.6648,27,32,59,0.1064,0.0824,0.0891,1.0,0.0,95.4,1.4744,7.7712,7.7712,8110.8861,1769815717.562652,5.88,38,646,0.629,35,1,0,11.5,15.0,0,696,1769815705.987,-7.176,meta-llama/Llama-3.2-1B-Instruct,"1769815705.987, 1769815706.457, 1769815706.521, 1769815706.789, 1769815706.857"
1.0,0,1769815707.4307,8.6994,27,32,59,0.1054,0.0742,0.1131,1.0,0.0,95.4,1.4873,7.8048,7.8048,8118.691,1769815717.6332662,5.87,38,647,0.63,36,0,0,11.5,15.0,0,696,1769815705.987,-7.176,meta-llama/Llama-3.2-1B-Instruct,"1769815705.987, 1769815706.457, 1769815706.521, 1769815706.789, 1769815706.857"
1.0,0,1769815707.499,8.7734,27,32,59,0.1311,0.0759,0.1099,1.0,0.0,95.41,1.4835,7.9045,7.9045,8126.5955,1769815717.770021,5.86,38,648,0.63,36,0,0,11.5,15.0,0,696,1769815705.987,-7.176,meta-llama/Llama-3.2-1B-Instruct,"1769815705.987, 1769815706.457, 1769815706.521, 1769815706.789, 1769815706.857"
1.0,0,1769815707.5247,8.812,27,32,59,0.0737,0.0869,0.0994,1.0,0.0,95.42,1.4542,7.8857,7.8857,8134.4812,1769815717.8143957,5.86,38,649,0.604,34,1,0,11.5,15.0,0,696,1769815705.987,-7.176,meta-llama/Llama-3.2-1B-Instruct,"1769815705.987, 1769815706.457, 1769815706.521, 1769815706.789, 1769815706.857"
1.0,0,1769815707.5496,8.8735,27,31,58,0.1278,0.0747,0.0777,1.0,0.0,95.43,1.5046,8.0014,8.0014,8142.4826,1769815717.9461777,5.85,38,650,0.604,35,0,0,11.5,15.0,0,696,1769815705.987,-7.176,meta-llama/Llama-3.2-1B-Instruct,"1769815705.987, 1769815706.457, 1769815706.521, 1769815706.789, 1769815706.857"
1.0,0,1769815707.5746,8.948,27,32,59,0.1109,0.074,0.0757,1.0,0.0,95.43,1.4652,8.059,8.059,8150.5416,1769815717.9986355,5.84,38,651,0.605,34,0,0,11.5,15.0,0,696,1769815705.987,-7.176,meta-llama/Llama-3.2-1B-Instruct,"1769815705.987, 1769815706.457, 1769815706.521, 1769815706.789, 1769815706.857"
1.0,0,1769815707.625,9.0716,27,32,59,0.0804,0.0815,0.0838,1.0,0.0,95.44,1.4218,8.152,8.152,8166.8427,1769815718.1363952,5.83,38,653,0.605,34,0,0,11.5,15.0,0,696,1769815705.987,-7.176,meta-llama/Llama-3.2-1B-Instruct,"1769815705.987, 1769815706.457, 1769815706.521, 1769815706.789, 1769815706.857"
1.0,0,1769815707.5999,9.0135,27,32,59,0.1357,0.0745,0.0833,1.0,0.0,95.45,1.5105,8.1492,8.1492,8166.8427,1769815718.1402187,5.82,38,653,0.605,35,0,0,11.5,15.0,0,696,1769815705.987,-7.176,meta-llama/Llama-3.2-1B-Instruct,"1769815705.987, 1769815706.457, 1769815706.521, 1769815706.789, 1769815706.857"
1.0,0,1769815707.6508,9.1585,27,32,59,0.1085,0.0726,0.083,1.0,0.0,95.45,1.4482,8.267,8.267,8175.1097,1769815718.2742984,5.81,38,654,0.606,34,0,0,11.5,15.0,0,696,1769815709.717,-8.477,meta-llama/Llama-3.2-1B-Instruct,"1769815709.717, 1769815709.824, 1769815709.848, 1769815709.915, 1769815709.941"
1.0,0,1769815707.7781,9.0896,27,32,59,0.1256,0.0723,0.0844,1.0,0.0,95.46,1.4799,8.2151,8.2151,8183.3249,1769815718.3688953,5.8,38,655,0.606,34,0,0,11.5,15.0,0,696,1769815709.717,-8.477,meta-llama/Llama-3.2-1B-Instruct,"1769815709.717, 1769815709.824, 1769815709.848, 1769815709.915, 1769815709.941"
1.0,0,1769815707.8053,9.237,27,32,59,0.1611,0.0799,0.0871,1.0,0.0,95.47,1.5042,8.3981,8.3981,8191.7229,1769815718.5556722,5.79,38,656,0.607,35,0,0,11.5,15.0,0,696,1769815709.717,-8.477,meta-llama/Llama-3.2-1B-Instruct,"1769815709.717, 1769815709.824, 1769815709.848, 1769815709.915, 1769815709.941"
1.0,0,1769815707.8315,9.2916,27,32,59,0.1033,0.0752,0.1087,1.0,0.0,95.48,1.4893,8.3949,8.3949,8200.1178,1769815718.6304245,5.78,38,657,0.607,34,0,0,11.5,15.0,0,696,1769815709.717,-8.477,meta-llama/Llama-3.2-1B-Instruct,"1769815709.717, 1769815709.824, 1769815709.848, 1769815709.915, 1769815709.941"
1.0,0,1769815707.8939,9.2883,27,32,59,0.1233,0.0778,0.0901,1.0,0.0,95.48,1.4876,8.4116,8.4116,8208.5294,1769815718.6725647,5.78,38,658,0.608,35,0,0,11.5,15.0,0,696,1769815709.717,-8.477,meta-llama/Llama-3.2-1B-Instruct,"1769815709.717, 1769815709.824, 1769815709.848, 1769815709.915, 1769815709.941"
1.0,0,1769815708.7171,9.5872,27,5,32,0.1812,0.071,0.071,1.0,0.0,95.49,0.4242,8.7684,8.7684,8217.2978,1769815718.7322018,5.77,38,659,0.611,33,0,0,11.5,15.0,0,696,1769815709.717,-8.477,meta-llama/Llama-3.2-1B-Instruct,"1769815709.717, 1769815709.824, 1769815709.848, 1769815709.915, 1769815709.941"
1.0,0,1769815707.9622,9.3548,27,32,59,0.1371,0.0759,0.0766,1.0,0.0,95.5,1.4494,8.4919,8.4919,8225.7897,1769815718.7746215,5.76,38,660,0.608,35,0,0,11.5,15.0,0,696,1769815709.717,-8.477,meta-llama/Llama-3.2-1B-Instruct,"1769815709.717, 1769815709.824, 1769815709.848, 1769815709.915, 1769815709.941"
1.0,0,1769815708.073,9.3137,27,32,59,0.1082,0.0756,0.0998,1.0,0.0,95.5,1.4595,8.4219,8.4219,8234.2116,1769815718.8754978,5.75,38,661,0.608,33,0,0,11.5,15.0,0,696,1769815709.717,-8.477,meta-llama/Llama-3.2-1B-Instruct,"1769815709.717, 1769815709.824, 1769815709.848, 1769815709.915, 1769815709.941"
1.0,0,1769815708.3644,9.0757,27,32,59,0.1323,0.0765,0.1078,1.0,0.0,95.51,1.5246,8.208,8.208,8242.4196,1769815718.9736888,5.74,38,662,0.609,35,0,0,11.5,15.0,0,696,1769815709.717,-8.477,meta-llama/Llama-3.2-1B-Instruct,"1769815709.717, 1769815709.824, 1769815709.848, 1769815709.915, 1769815709.941"
1.0,0,1769815708.4286,9.0978,27,32,59,0.1131,0.0832,0.093,1.0,0.0,95.52,1.4947,8.2109,8.2109,8250.6305,1769815719.029179,5.73,38,663,0.609,34,0,0,11.5,15.0,0,696,1769815709.717,-8.477,meta-llama/Llama-3.2-1B-Instruct,"1769815709.717, 1769815709.824, 1769815709.848, 1769815709.915, 1769815709.941"
1.0,0,1769815708.4992,9.1699,27,32,59,0.1141,0.1008,0.1059,1.0,0.0,95.52,1.4858,8.2839,8.2839,8258.9145,1769815719.1593707,5.72,38,664,0.609,34,0,0,11.5,15.0,0,696,1769815709.717,-8.477,meta-llama/Llama-3.2-1B-Instruct,"1769815709.717, 1769815709.824, 1769815709.848, 1769815709.915, 1769815709.941"
1.0,0,1769815708.5269,9.1988,27,32,59,0.0914,0.086,0.1056,1.0,0.0,95.53,1.5036,8.2902,8.2902,8275.7344,1769815719.2413223,5.71,38,666,0.61,34,0,0,11.5,15.0,0,696,1769815709.717,-8.477,meta-llama/Llama-3.2-1B-Instruct,"1769815709.717, 1769815709.824, 1769815709.848, 1769815709.915, 1769815709.941"
1.0,0,1769815708.6024,9.4146,27,24,51,0.1152,0.0906,0.1069,1.0,0.0,95.54,1.2207,8.5298,8.5298,8275.7344,1769815719.2434404,5.71,38,666,0.611,34,0,0,11.5,15.0,0,696,1769815709.717,-8.477,meta-llama/Llama-3.2-1B-Instruct,"1769815709.717, 1769815709.824, 1769815709.848, 1769815709.915, 1769815709.941"
1.0,0,1769815708.5528,9.2807,27,32,59,0.1242,0.0675,0.0873,1.0,0.0,95.55,1.4825,8.4049,8.4049,8284.1392,1769815719.3179998,5.7,38,667,0.61,34,0,0,11.5,15.0,0,696,1769815709.717,-8.477,meta-llama/Llama-3.2-1B-Instruct,"1769815709.717, 1769815709.824, 1769815709.848, 1769815709.915, 1769815709.941"
1.0,0,1769815709.4936,9.7668,27,0,27,,,,1.0,,,0.1232,8.89,8.89,8301.4477,1769815719.4043965,5.69,38,669,0.615,32,0,0,11.5,15.0,0,696,1769815709.717,-8.477,meta-llama/Llama-3.2-1B-Instruct,"1769815709.717, 1769815709.824, 1769815709.848, 1769815709.915, 1769815709.941"
1.0,0,1769815708.5781,9.321,27,32,59,0.0975,0.0927,0.0946,1.0,0.0,95.55,1.502,8.4184,8.4184,8301.4477,1769815719.4045875,5.68,38,669,0.61,34,1,0,11.5,15.0,0,696,1769815709.717,-8.477,meta-llama/Llama-3.2-1B-Instruct,"1769815709.717, 1769815709.824, 1769815709.848, 1769815709.915, 1769815709.941"
1.0,0,1769815708.6281,9.4591,27,32,59,0.121,0.1006,0.1101,1.0,0.0,95.56,1.4758,8.5801,8.5801,8310.0278,1769815719.5681758,5.67,38,670,0.611,34,0,0,11.5,15.0,0,696,1769815709.717,-8.477,meta-llama/Llama-3.2-1B-Instruct,"1769815709.717, 1769815709.824, 1769815709.848, 1769815709.915, 1769815709.941"
200.0,1,1769815638.9899,63.6987,3730,221,3951,6.9274,0.0777,0.0931,200.0,0.0,95.57,16.993,-119.3082,0.0,8310.0278,1769815719.6922011,5.81,39,671,0.287,35,0,0,11.5,15.0,0,696,1769815709.717,-8.477,meta-llama/Llama-3.2-1B-Instruct,"1769815709.717, 1769815709.824, 1769815709.848, 1769815709.915, 1769815709.941"
1.0,0,1769815708.6918,9.5698,27,32,59,0.1008,0.0788,0.1107,1.0,0.0,95.57,1.4663,8.6707,8.6707,8318.6984,1769815719.7542129,5.8,39,672,0.612,34,0,0,11.5,15.0,0,696,1769815709.717,-8.477,meta-llama/Llama-3.2-1B-Instruct,"1769815709.717, 1769815709.824, 1769815709.848, 1769815709.915, 1769815709.941"
1.0,0,1769815708.8237,9.6178,27,32,59,0.1305,0.069,0.0773,1.0,0.0,95.58,1.4635,8.7483,8.7483,8327.4467,1769815719.9239502,5.79,39,673,0.612,33,0,0,11.5,15.0,0,696,1769815709.717,-8.477,meta-llama/Llama-3.2-1B-Instruct,"1769815709.717, 1769815709.824, 1769815709.848, 1769815709.915, 1769815709.941"
1.0,0,1769815711.3773,8.4464,27,1,28,0.0911,,,1.0,,,0.1216,7.5375,7.5375,8343.7575,1769815719.9627953,5.79,39,675,0.581,33,0,0,11.5,15.0,0,696,1769815709.717,-8.477,meta-llama/Llama-3.2-1B-Instruct,"1769815709.717, 1769815709.824, 1769815709.848, 1769815709.915, 1769815709.941"
1.0,0,1769815708.8484,9.6746,27,32,59,0.0986,0.0758,0.0989,1.0,0.0,95.59,1.435,8.7732,8.7732,8343.7575,1769815719.9634368,5.78,39,675,0.613,34,1,0,11.5,15.0,0,696,1769815709.717,-8.477,meta-llama/Llama-3.2-1B-Instruct,"1769815709.717, 1769815709.824, 1769815709.848, 1769815709.915, 1769815709.941"
1.0,0,1769815708.9154,9.688,27,32,59,0.161,0.0873,0.1147,1.0,0.0,95.59,1.4807,8.849,8.849,8352.6064,1769815720.1030827,5.77,39,676,0.613,34,0,0,11.5,15.0,0,696,1769815709.717,-8.477,meta-llama/Llama-3.2-1B-Instruct,"1769815709.717, 1769815709.824, 1769815709.848, 1769815709.915, 1769815709.941"
1.0,0,1769815708.9406,9.752,27,32,59,0.085,0.0836,0.1061,1.0,0.0,95.6,1.4198,8.837,8.837,8361.4434,1769815720.130616,5.76,39,677,0.613,33,0,0,11.5,15.0,0,696,1769815709.717,-8.477,meta-llama/Llama-3.2-1B-Instruct,"1769815709.717, 1769815709.824, 1769815709.848, 1769815709.915, 1769815709.941"
1.0,0,1769815709.086,9.6675,27,32,59,0.1175,0.0839,0.0847,1.0,0.0,95.61,1.4726,8.7849,8.7849,8370.2283,1769815720.243356,5.75,39,678,0.614,34,0,0,11.5,15.0,0,696,1769815709.717,-8.477,meta-llama/Llama-3.2-1B-Instruct,"1769815709.717, 1769815709.824, 1769815709.848, 1769815709.915, 1769815709.941"
1.0,0,1769815709.2445,9.6368,27,32,59,0.0633,0.0689,0.1022,1.0,0.0,95.61,1.3981,8.7001,8.7001,8378.9284,1769815720.284942,5.74,39,679,0.614,33,0,0,11.5,15.0,0,696,1769815709.717,-8.477,meta-llama/Llama-3.2-1B-Instruct,"1769815709.717, 1769815709.824, 1769815709.848, 1769815709.915, 1769815709.941"
1.0,0,1769815709.2709,9.6523,27,31,58,0.1058,0.073,0.0733,1.0,0.0,95.62,1.4658,8.7581,8.7581,8387.6865,1769815720.3947737,5.74,39,680,0.614,33,0,0,11.5,15.0,0,696,1769815709.717,-8.477,meta-llama/Llama-3.2-1B-Instruct,"1769815709.717, 1769815709.824, 1769815709.848, 1769815709.915, 1769815709.941"
1.0,0,1769815709.2968,9.7724,27,32,59,0.1319,0.0711,0.0845,1.0,0.0,95.63,1.4317,8.9044,8.9044,8396.5909,1769815720.5090597,5.73,39,681,0.615,33,0,0,11.5,15.0,0,696,1769815709.717,-8.477,meta-llama/Llama-3.2-1B-Instruct,"1769815709.717, 1769815709.824, 1769815709.848, 1769815709.915, 1769815709.941"
1.0,0,1769815709.443,9.6855,27,32,59,0.0809,0.0766,0.0783,1.0,0.0,95.63,1.3921,8.7664,8.7664,8405.3573,1769815720.5299523,5.72,39,682,0.615,33,0,0,11.5,15.0,0,696,1769815709.717,-8.477,meta-llama/Llama-3.2-1B-Instruct,"1769815709.717, 1769815709.824, 1769815709.848, 1769815709.915, 1769815709.941"
1.0,0,1769815709.4682,9.7156,27,32,59,0.1228,0.0679,0.0827,1.0,0.0,95.64,1.4541,8.8384,8.8384,8414.1956,1769815720.670121,5.71,39,683,0.614,32,0,0,11.5,15.0,0,696,1769815709.717,-8.477,meta-llama/Llama-3.2-1B-Instruct,"1769815709.717, 1769815709.824, 1769815709.848, 1769815709.915, 1769815709.941"
1.0,0,1769815709.5192,9.9287,27,32,59,0.083,0.0742,0.0778,1.0,0.0,95.65,1.4085,9.0116,9.0116,8423.2073,1769815720.8746917,5.7,39,684,0.615,32,1,0,11.5,15.0,0,696,1769815709.717,-8.477,meta-llama/Llama-3.2-1B-Instruct,"1769815709.717, 1769815709.824, 1769815709.848, 1769815709.915, 1769815709.941"
1.0,0,1769815709.7619,9.6972,27,32,59,0.102,0.0848,0.0898,1.0,0.0,95.65,1.4255,8.7992,8.7992,8439.7216,1769815720.89422,5.69,39,686,0.615,31,0,0,11.5,15.0,0,696,1769815709.717,-8.477,meta-llama/Llama-3.2-1B-Instruct,"1769815709.717, 1769815709.824, 1769815709.848, 1769815709.915, 1769815709.941"
1.0,0,1769815711.0251,8.6151,27,26,53,0.1,0.0776,0.0955,1.0,0.0,95.66,1.2538,7.7151,7.7151,8439.7216,1769815720.895678,5.69,39,686,0.617,32,1,0,11.5,15.0,0,696,1769815709.717,-8.477,meta-llama/Llama-3.2-1B-Instruct,"1769815709.717, 1769815709.824, 1769815709.848, 1769815709.915, 1769815709.941"
1.0,0,1769815710.5532,9.0234,27,32,59,0.1338,0.0678,0.0736,1.0,0.0,95.67,1.4479,8.1572,8.1572,8447.8787,1769815721.0341296,5.68,39,687,0.616,32,0,0,11.5,15.0,0,696,1769815709.717,-8.477,meta-llama/Llama-3.2-1B-Instruct,"1769815709.717, 1769815709.824, 1769815709.848, 1769815709.915, 1769815709.941"
1.0,0,1769815711.1226,8.5809,27,32,59,0.0984,0.0685,0.0766,1.0,0.0,95.67,1.453,7.6793,7.6793,8455.558,1769815721.1808074,5.67,39,688,0.58,32,0,0,11.5,15.0,0,696,1769815709.717,-8.477,meta-llama/Llama-3.2-1B-Instruct,"1769815709.717, 1769815709.824, 1769815709.848, 1769815709.915, 1769815709.941"
1.0,0,1769815711.4377,8.4706,27,32,59,0.111,0.0665,0.0729,1.0,0.0,95.68,1.4585,7.5816,7.5816,8463.1396,1769815721.3856852,5.66,39,689,0.581,33,0,0,11.5,15.0,0,696,1769815709.717,-8.477,meta-llama/Llama-3.2-1B-Instruct,"1769815709.717, 1769815709.824, 1769815709.848, 1769815709.915, 1769815709.941"
1.0,0,1769815711.6576,8.3482,27,32,59,0.0995,0.0656,0.0962,1.0,0.0,95.68,1.4447,7.4477,7.4477,8470.5874,1769815721.4624085,5.65,39,690,0.581,31,0,0,11.5,15.0,0,696,1769815709.717,-8.477,meta-llama/Llama-3.2-1B-Instruct,"1769815709.717, 1769815709.824, 1769815709.848, 1769815709.915, 1769815709.941"
1.0,0,1769815711.733,8.3929,27,32,59,0.1275,0.0841,0.0893,1.0,0.0,95.69,1.4559,7.5204,7.5204,8478.1078,1769815721.5942252,5.64,39,691,0.582,32,0,0,11.5,15.0,0,696,1769815709.717,-8.477,meta-llama/Llama-3.2-1B-Instruct,"1769815709.717, 1769815709.824, 1769815709.848, 1769815709.915, 1769815709.941"
1.0,0,1769815711.9886,8.2013,27,32,59,0.0766,0.0724,0.0879,1.0,0.0,95.7,1.4296,7.2779,7.2779,8485.3857,1769815721.6226065,5.64,39,692,0.582,31,1,0,11.5,15.0,0,696,1769815709.717,-8.477,meta-llama/Llama-3.2-1B-Instruct,"1769815709.717, 1769815709.824, 1769815709.848, 1769815709.915, 1769815709.941"
1.0,0,1769815712.2802,8.0122,27,32,59,0.1284,0.0701,0.0719,1.0,0.0,95.7,1.4647,7.1406,7.1406,8492.5263,1769815721.7633631,5.63,39,693,0.582,31,0,0,11.5,15.0,0,696,1769815709.717,-8.477,meta-llama/Llama-3.2-1B-Instruct,"1769815709.717, 1769815709.824, 1769815709.848, 1769815709.915, 1769815709.941"
1.0,0,1769815712.8804,7.4746,27,32,59,0.0707,0.083,0.085,1.0,0.0,95.71,1.4375,6.5453,6.5453,8499.0716,1769815721.8103504,5.62,39,694,0.582,31,0,0,11.5,15.0,0,696,1769815709.717,-8.477,meta-llama/Llama-3.2-1B-Instruct,"1769815709.717, 1769815709.824, 1769815709.848, 1769815709.915, 1769815709.941"
1.0,0,1769815713.0581,7.3561,27,32,59,0.1127,0.075,0.0906,1.0,0.0,95.72,1.4497,6.4688,6.4688,8505.5404,1769815721.867643,5.61,39,695,0.582,32,0,0,11.5,15.0,0,696,1769815709.717,-8.477,meta-llama/Llama-3.2-1B-Instruct,"1769815709.717, 1769815709.824, 1769815709.848, 1769815709.915, 1769815709.941"
1.0,0,1769815713.1612,7.39,27,32,59,0.1012,0.0802,0.0822,1.0,0.0,95.72,1.4621,6.4912,6.4912,8518.2014,1769815722.0212584,5.6,39,697,0.582,31,0,0,11.5,15.0,0,696,1769815709.717,-8.477,meta-llama/Llama-3.2-1B-Instruct,"1769815709.717, 1769815709.824, 1769815709.848, 1769815709.915, 1769815709.941"
1.0,0,1769815714.4548,7.1078,27,7,34,0.062,0.0641,0.0641,1.0,0.0,95.73,0.4555,6.1697,6.1697,8518.2014,1769815722.0307362,5.6,39,697,0.588,33,0,0,11.5,15.0,0,696,1769815709.717,-8.477,meta-llama/Llama-3.2-1B-Instruct,"1769815709.717, 1769815709.824, 1769815709.848, 1769815709.915, 1769815709.941"
1.0,0,1769815713.3473,7.3262,27,32,59,0.1097,0.0899,0.1175,1.0,0.0,95.74,1.4543,6.4359,6.4359,8531.0054,1769815722.1420527,5.59,39,699,0.583,31,0,0,11.5,15.0,0,696,1769815709.717,-8.477,meta-llama/Llama-3.2-1B-Instruct,"1769815709.717, 1769815709.824, 1769815709.848, 1769815709.915, 1769815709.941"
1.0,0,1769815713.416,7.2704,27,32,59,0.0977,0.075,0.0823,1.0,0.0,95.74,1.4458,6.368,6.368,8531.0054,1769815722.1666288,5.58,39,699,0.583,31,0,0,11.5,15.0,0,696,1769815709.717,-8.477,meta-llama/Llama-3.2-1B-Instruct,"1769815709.717, 1769815709.824, 1769815709.848, 1769815709.915, 1769815709.941"
1.0,0,1769815713.4884,7.2837,27,32,59,0.1183,0.0712,0.0914,1.0,0.0,95.75,1.4271,6.402,6.402,8537.4074,1769815722.206808,5.57,39,700,0.584,31,0,0,11.5,15.0,0,696,1769815709.717,-8.477,meta-llama/Llama-3.2-1B-Instruct,"1769815709.717, 1769815709.824, 1769815709.848, 1769815709.915, 1769815709.941"
1.0,0,1769815713.5781,7.3265,27,29,56,0.1107,0.0677,0.0763,1.0,0.0,95.75,1.3434,6.4372,6.4372,8543.8446,1769815722.2532063,5.56,39,701,0.584,31,0,0,11.5,15.0,0,696,1769815709.717,-8.477,meta-llama/Llama-3.2-1B-Instruct,"1769815709.717, 1769815709.824, 1769815709.848, 1769815709.915, 1769815709.941"
1.0,0,1769815713.7763,7.1815,27,32,59,0.0897,0.0751,0.076,1.0,0.0,95.76,1.4075,6.2712,6.2712,8550.1158,1769815722.3825383,5.56,39,702,0.584,31,0,0,11.5,15.0,0,696,1769815709.717,-8.477,meta-llama/Llama-3.2-1B-Instruct,"1769815709.717, 1769815709.824, 1769815709.848, 1769815709.915, 1769815709.941"
1.0,0,1769815713.8339,7.2452,27,32,59,0.0831,0.0685,0.072,1.0,0.0,95.77,1.4128,6.3282,6.3282,8556.444,1769815722.506453,5.55,39,703,0.585,32,0,0,11.5,15.0,0,696,1769815709.717,-8.477,meta-llama/Llama-3.2-1B-Instruct,"1769815709.717, 1769815709.824, 1769815709.848, 1769815709.915, 1769815709.941"
1.0,0,1769815713.8703,7.3187,27,32,59,0.1182,0.0863,0.0942,1.0,0.0,95.77,1.4591,6.4369,6.4369,8562.8809,1769815722.6619322,5.54,39,704,0.585,32,0,0,11.5,15.0,0,696,1769815709.717,-8.477,meta-llama/Llama-3.2-1B-Instruct,"1769815709.717, 1769815709.824, 1769815709.848, 1769815709.915, 1769815709.941"
1.0,0,1769815714.0207,7.2395,27,32,59,0.1288,0.0725,0.0778,1.0,0.0,95.78,1.4579,6.3683,6.3683,8569.2492,1769815722.732292,5.53,39,705,0.586,32,0,0,11.5,15.0,0,696,1769815709.717,-8.477,meta-llama/Llama-3.2-1B-Instruct,"1769815709.717, 1769815709.824, 1769815709.848, 1769815709.915, 1769815709.941"
1.0,0,1769815714.1269,7.2271,27,32,59,0.1197,0.0766,0.0996,1.0,0.0,95.78,1.4872,6.3468,6.3468,8575.596,1769815722.8430715,5.52,39,706,0.587,33,0,0,11.5,15.0,0,696,1769815709.717,-8.477,meta-llama/Llama-3.2-1B-Instruct,"1769815709.717, 1769815709.824, 1769815709.848, 1769815709.915, 1769815709.941"
1.0,0,1769815714.3747,7.1171,27,32,59,0.1102,0.069,0.0694,1.0,0.0,95.79,1.4571,6.2274,6.2274,8581.8234,1769815722.9514189,5.52,39,707,0.587,33,0,0,11.5,15.0,0,696,1769815709.717,-8.477,meta-llama/Llama-3.2-1B-Instruct,"1769815709.717, 1769815709.824, 1769815709.848, 1769815709.915, 1769815709.941"
1.0,0,1769815714.5425,7.124,27,32,59,0.1056,0.0749,0.0808,1.0,0.0,95.8,1.4512,6.2297,6.2297,8588.053,1769815723.1200285,5.51,39,708,0.589,33,0,0,11.5,15.0,0,696,1769815709.717,-8.477,meta-llama/Llama-3.2-1B-Instruct,"1769815709.717, 1769815709.824, 1769815709.848, 1769815709.915, 1769815709.941"
1.0,0,1769815714.6164,7.1137,27,33,60,0.091,0.09,0.0935,1.0,0.0,95.8,1.4744,6.2047,6.2047,8599.8971,1769815723.2129967,5.5,39,710,0.589,33,0,0,11.5,15.0,0,696,1769815709.717,-8.477,meta-llama/Llama-3.2-1B-Instruct,"1769815709.717, 1769815709.824, 1769815709.848, 1769815709.915, 1769815709.941"
1.0,0,1769815715.7094,6.5557,27,19,46,0.0837,0.096,0.096,1.0,0.0,95.81,0.9476,5.6394,5.6394,8599.8971,1769815723.2176952,5.49,39,710,0.59,30,0,0,11.5,15.0,0,696,1769815709.717,-8.477,meta-llama/Llama-3.2-1B-Instruct,"1769815709.717, 1769815709.824, 1769815709.848, 1769815709.915, 1769815709.941"
1.0,0,1769815714.7305,7.1373,27,32,59,0.1371,0.0779,0.0795,1.0,0.0,95.82,1.4156,6.2744,6.2744,8606.1715,1769815723.2861326,5.49,39,711,0.589,33,0,0,11.5,15.0,0,696,1769815709.717,-8.477,meta-llama/Llama-3.2-1B-Instruct,"1769815709.717, 1769815709.824, 1769815709.848, 1769815709.915, 1769815709.941"
1.0,0,1769815714.8781,7.0165,27,32,59,0.0814,0.0756,0.0864,1.0,0.0,95.82,1.4194,6.098,6.098,8612.2695,1769815723.3241735,5.48,39,712,0.588,32,0,0,11.5,15.0,0,696,1769815709.717,-8.477,meta-llama/Llama-3.2-1B-Instruct,"1769815709.717, 1769815709.824, 1769815709.848, 1769815709.915, 1769815709.941"
200.0,1,1769815638.9047,60.1351,3424,309,3733,5.7157,0.0853,0.0994,200.0,0.0,95.83,24.352,-115.5129,0.0,8612.2695,1769815723.4194431,5.61,40,713,0.966,49,0,0,11.5,15.0,0,696,1769815719.422,-3.918,meta-llama/Llama-3.2-1B-Instruct,"1769815719.422, 1769815719.474, 1769815719.559, 1769815719.673, 1769815719.822"
1.0,0,1769815715.2269,6.7298,27,32,59,0.1719,0.0818,0.094,1.0,0.0,95.83,1.5084,5.9017,5.9017,8618.1711,1769815723.4723117,5.6,40,714,0.589,33,0,0,11.5,15.0,0,696,1769815719.422,-3.918,meta-llama/Llama-3.2-1B-Instruct,"1769815719.422, 1769815719.474, 1769815719.559, 1769815719.673, 1769815719.822"
1.0,0,1769815715.3127,6.7616,27,32,59,0.0734,0.0757,0.0768,1.0,0.0,95.84,1.4682,5.835,5.835,8624.0061,1769815723.5614204,5.59,40,715,0.589,32,0,0,11.5,15.0,0,696,1769815719.422,-3.918,meta-llama/Llama-3.2-1B-Instruct,"1769815719.422, 1769815719.474, 1769815719.559, 1769815719.673, 1769815719.822"
1.0,0,1769815715.531,6.6874,27,32,59,0.1334,0.0843,0.0849,1.0,0.0,95.85,1.4436,5.8208,5.8208,8629.8268,1769815723.6724963,5.59,40,716,0.59,31,0,0,11.5,15.0,0,696,1769815719.422,-3.918,meta-llama/Llama-3.2-1B-Instruct,"1769815719.422, 1769815719.474, 1769815719.559, 1769815719.673, 1769815719.822"
1.0,0,1769815716.3501,5.9868,27,32,59,0.115,0.089,0.098,1.0,0.0,95.85,1.449,5.1018,5.1018,8634.9287,1769815723.7967122,5.58,40,717,0.591,32,0,0,11.5,15.0,0,696,1769815719.422,-3.918,meta-llama/Llama-3.2-1B-Instruct,"1769815719.422, 1769815719.474, 1769815719.559, 1769815719.673, 1769815719.822"
1.0,0,1769815716.501,5.9781,27,32,59,0.0885,0.0951,0.097,1.0,0.0,95.86,1.4335,5.0666,5.0666,8639.9953,1769815723.9295852,5.57,40,718,0.591,32,0,0,11.5,15.0,0,696,1769815719.422,-3.918,meta-llama/Llama-3.2-1B-Instruct,"1769815719.422, 1769815719.474, 1769815719.559, 1769815719.673, 1769815719.822"
1.0,0,1769815716.7704,5.859,27,31,58,0.0749,0.0732,0.0762,1.0,0.0,95.86,1.4082,4.9338,4.9338,8644.9291,1769815724.0450284,5.56,40,719,0.591,31,0,0,11.5,15.0,0,696,1769815719.422,-3.918,meta-llama/Llama-3.2-1B-Instruct,"1769815719.422, 1769815719.474, 1769815719.559, 1769815719.673, 1769815719.822"
1.0,0,1769815716.5835,5.9677,27,32,59,0.1541,0.0785,0.0944,1.0,0.0,95.87,1.4943,5.1218,5.1218,8650.0509,1769815724.046387,5.56,40,720,0.591,32,0,0,11.5,15.0,0,696,1769815719.422,-3.918,meta-llama/Llama-3.2-1B-Instruct,"1769815719.422, 1769815719.474, 1769815719.559, 1769815719.673, 1769815719.822"
1.0,0,1769815717.0056,5.7285,27,32,59,0.1176,0.0777,0.0825,1.0,0.0,95.87,1.458,4.846,4.846,8654.8969,1769815724.1930425,5.55,40,721,0.592,33,0,0,11.5,15.0,0,696,1769815719.422,-3.918,meta-llama/Llama-3.2-1B-Instruct,"1769815719.422, 1769815719.474, 1769815719.559, 1769815719.673, 1769815719.822"
1.0,0,1769815717.1425,5.6549,27,32,59,0.0856,0.0884,0.0925,1.0,0.0,95.88,1.4246,4.7405,4.7405,8659.6374,1769815724.2416923,5.54,40,722,0.592,32,0,0,11.5,15.0,0,696,1769815719.422,-3.918,meta-llama/Llama-3.2-1B-Instruct,"1769815719.422, 1769815719.474, 1769815719.559, 1769815719.673, 1769815719.822"
1.0,0,1769815717.3648,5.5286,27,32,59,0.1243,0.0996,0.1009,1.0,0.0,95.89,1.4388,4.6529,4.6529,8664.2903,1769815724.3382163,5.53,40,723,0.593,33,0,0,11.5,15.0,0,696,1769815719.422,-3.918,meta-llama/Llama-3.2-1B-Instruct,"1769815719.422, 1769815719.474, 1769815719.559, 1769815719.673, 1769815719.822"
1.0,0,1769815717.4171,5.5452,27,32,59,0.0969,0.0742,0.0903,1.0,0.0,95.89,1.4277,4.6421,4.6421,8668.9324,1769815724.397899,5.52,40,724,0.593,32,1,0,11.5,15.0,0,696,1769815719.422,-3.918,meta-llama/Llama-3.2-1B-Instruct,"1769815719.422, 1769815719.474, 1769815719.559, 1769815719.673, 1769815719.822"
1.0,0,1769815717.4783,5.6082,27,32,59,0.1237,0.0715,0.0772,1.0,0.0,95.9,1.4082,4.7319,4.7319,8673.6643,1769815724.5079963,5.52,40,725,0.594,34,0,0,11.5,15.0,0,696,1769815719.422,-3.918,meta-llama/Llama-3.2-1B-Instruct,"1769815719.422, 1769815719.474, 1769815719.559, 1769815719.673, 1769815719.822"
1.0,0,1769815717.5937,5.5685,27,32,59,0.1148,0.0758,0.0907,1.0,0.0,95.9,1.4037,4.6832,4.6832,8678.3475,1769815724.5687363,5.51,40,726,0.594,33,0,0,11.5,15.0,0,696,1769815719.422,-3.918,meta-llama/Llama-3.2-1B-Instruct,"1769815719.422, 1769815719.474, 1769815719.559, 1769815719.673, 1769815719.822"
1.0,0,1769815718.4215,5.0133,27,28,55,0.102,0.0702,0.0782,1.0,0.0,95.91,1.2658,4.1154,4.1154,8682.4629,1769815724.713332,5.5,40,727,0.559,31,0,0,11.5,15.0,0,696,1769815719.422,-3.918,meta-llama/Llama-3.2-1B-Instruct,"1769815719.422, 1769815719.474, 1769815719.559, 1769815719.673, 1769815719.822"
1.0,0,1769815717.7703,5.5282,27,32,59,0.0981,0.0681,0.0699,1.0,0.0,95.92,1.4266,4.6263,4.6263,8687.0893,1769815724.73575,5.49,40,728,0.594,32,0,0,11.5,15.0,0,696,1769815719.422,-3.918,meta-llama/Llama-3.2-1B-Instruct,"1769815719.422, 1769815719.474, 1769815719.559, 1769815719.673, 1769815719.822"
1.0,0,1769815718.8224,4.976,27,22,49,0.1083,0.0656,0.0704,1.0,0.0,95.92,1.031,4.0843,4.0843,8691.1736,1769815724.8363507,5.49,40,729,0.561,32,0,0,11.5,15.0,0,696,1769815719.422,-3.918,meta-llama/Llama-3.2-1B-Instruct,"1769815719.422, 1769815719.474, 1769815719.559, 1769815719.673, 1769815719.822"
1.0,0,1769815718.4745,5.0169,27,31,58,0.1256,0.0723,0.0778,1.0,0.0,95.93,1.4502,4.1425,4.1425,8695.3161,1769815724.9472153,5.48,40,730,0.559,30,0,0,11.5,15.0,0,696,1769815719.422,-3.918,meta-llama/Llama-3.2-1B-Instruct,"1769815719.422, 1769815719.474, 1769815719.559, 1769815719.673, 1769815719.822"
1.0,0,1769815718.5591,5.0701,27,32,59,0.1425,0.0716,0.082,1.0,0.0,95.93,1.4223,4.2126,4.2126,8699.5287,1769815725.0540633,5.47,40,731,0.56,31,0,0,11.5,15.0,0,696,1769815719.422,-3.918,meta-llama/Llama-3.2-1B-Instruct,"1769815719.422, 1769815719.474, 1769815719.559, 1769815719.673, 1769815719.822"
1.0,0,1769815718.6729,5.0232,27,32,59,0.068,0.0744,0.0894,1.0,0.0,95.94,1.4207,4.0913,4.0913,8703.62,1769815725.121003,5.46,40,732,0.56,30,1,0,11.5,15.0,0,696,1769815719.422,-3.918,meta-llama/Llama-3.2-1B-Instruct,"1769815719.422, 1769815719.474, 1769815719.559, 1769815719.673, 1769815719.822"
1.0,0,1769815721.3329,3.5155,27,8,35,0.095,0.0666,0.0666,1.0,0.0,95.94,0.4125,2.6104,2.6104,8706.2304,1769815725.2732568,5.46,40,733,0.564,30,1,0,11.5,15.0,0,696,1769815719.422,-3.918,meta-llama/Llama-3.2-1B-Instruct,"1769815719.422, 1769815719.474, 1769815719.559, 1769815719.673, 1769815719.822"
1.0,0,1769815719.0486,4.826,27,32,59,0.1247,0.0651,0.0684,1.0,0.0,95.95,1.399,3.9507,3.9507,8713.8286,1769815725.2764294,5.45,40,735,0.561,32,0,0,11.5,15.0,0,696,1769815719.422,-3.918,meta-llama/Llama-3.2-1B-Instruct,"1769815719.422, 1769815719.474, 1769815719.559, 1769815719.673, 1769815719.822"
1.0,0,1769815719.5912,4.5395,27,25,52,0.108,0.068,0.071,1.0,0.0,95.96,1.1443,3.6474,3.6474,8713.8286,1769815725.2766967,5.44,40,735,0.562,32,0,0,11.5,15.0,0,696,1769815719.422,-3.918,meta-llama/Llama-3.2-1B-Instruct,"1769815719.422, 1769815719.474, 1769815719.559, 1769815719.673, 1769815719.822"
1.0,0,1769815719.1619,4.7894,27,32,59,0.0889,0.0657,0.089,1.0,0.0,95.96,1.3637,3.8783,3.8783,8717.7068,1769815725.3255193,5.43,40,736,0.561,31,0,0,11.5,15.0,0,696,1769815719.422,-3.918,meta-llama/Llama-3.2-1B-Instruct,"1769815719.422, 1769815719.474, 1769815719.559, 1769815719.673, 1769815719.822"
1.0,0,1769815722.525,2.7694,27,0,27,,,,1.0,,,0.1663,1.9357,1.9357,8719.6425,1769815725.483382,5.43,40,737,0.566,30,0,0,11.5,15.0,0,696,1769815719.422,-3.918,meta-llama/Llama-3.2-1B-Instruct,"1769815719.422, 1769815719.474, 1769815719.559, 1769815719.673, 1769815719.822"
1.0,0,1769815719.5201,4.5408,27,32,59,0.0811,0.0681,0.0701,1.0,0.0,95.97,1.4258,3.622,3.622,8723.2645,1769815725.4908733,5.42,40,738,0.562,31,0,0,11.5,15.0,0,696,1769815719.422,-3.918,meta-llama/Llama-3.2-1B-Instruct,"1769815719.422, 1769815719.474, 1769815719.559, 1769815719.673, 1769815719.822"
1.0,0,1769815719.7682,4.5335,27,32,59,0.1075,0.063,0.0652,1.0,0.0,95.97,1.3952,3.641,3.641,8726.9056,1769815725.709444,5.41,40,739,0.563,31,0,0,11.5,15.0,0,696,1769815719.422,-3.918,meta-llama/Llama-3.2-1B-Instruct,"1769815719.422, 1769815719.474, 1769815719.559, 1769815719.673, 1769815719.822"
1.0,0,1769815719.9696,4.3709,27,32,59,0.0822,0.0727,0.075,1.0,0.0,95.98,1.3903,3.4531,3.4531,8730.3587,1769815725.735641,5.41,40,740,0.563,30,0,0,11.5,15.0,0,696,1769815719.422,-3.918,meta-llama/Llama-3.2-1B-Instruct,"1769815719.422, 1769815719.474, 1769815719.559, 1769815719.673, 1769815719.822"
1.0,0,1769815720.3371,4.1429,27,32,59,0.0772,0.0743,0.0812,1.0,0.0,95.98,1.3749,3.2202,3.2202,8736.9435,1769815725.873085,5.4,40,742,0.563,31,0,0,11.5,15.0,0,696,1769815719.422,-3.918,meta-llama/Llama-3.2-1B-Instruct,"1769815719.422, 1769815719.474, 1769815719.559, 1769815719.673, 1769815719.822"
1.0,0,1769815720.1667,4.2835,27,32,59,0.0812,0.074,0.077,1.0,0.0,95.99,1.4163,3.3647,3.3647,8736.9435,1769815725.8761935,5.39,40,742,0.563,31,0,0,11.5,15.0,0,696,1769815719.422,-3.918,meta-llama/Llama-3.2-1B-Instruct,"1769815719.422, 1769815719.474, 1769815719.559, 1769815719.673, 1769815719.822"
1.0,0,1769815720.3679,4.209,27,32,59,0.1383,0.0712,0.0857,1.0,0.0,95.99,1.4479,3.3473,3.3473,8743.5308,1769815726.031444,5.38,40,744,0.563,31,0,0,11.5,15.0,0,696,1769815719.422,-3.918,meta-llama/Llama-3.2-1B-Instruct,"1769815719.422, 1769815719.474, 1769815719.559, 1769815719.673, 1769815719.822"
1.0,0,1769815720.4825,4.1473,27,32,59,0.0928,0.0661,0.0805,1.0,0.0,96.0,1.387,3.2401,3.2401,8743.5308,1769815726.032075,5.38,40,744,0.564,31,1,0,11.5,15.0,0,696,1769815719.422,-3.918,meta-llama/Llama-3.2-1B-Instruct,"1769815719.422, 1769815719.474, 1769815719.559, 1769815719.673, 1769815719.822"
1.0,0,1769815720.5905,4.1996,27,32,59,0.1539,0.0875,0.0899,1.0,0.0,96.01,1.4396,3.3535,3.3535,8746.8842,1769815726.2323642,5.37,40,745,0.564,31,0,0,11.5,15.0,0,696,1769815719.422,-3.918,meta-llama/Llama-3.2-1B-Instruct,"1769815719.422, 1769815719.474, 1769815719.559, 1769815719.673, 1769815719.822"
1.0,0,1769815721.7028,3.2602,27,32,59,0.1396,0.0781,0.0887,1.0,0.0,96.01,1.429,2.3999,2.3999,8749.2841,1769815726.3988974,5.36,40,746,0.566,31,0,0,11.5,15.0,0,696,1769815719.422,-3.918,meta-llama/Llama-3.2-1B-Instruct,"1769815719.422, 1769815719.474, 1769815719.559, 1769815719.673, 1769815719.822"
1.0,0,1769815721.8732,3.1491,27,33,60,0.0692,0.0749,0.0982,1.0,0.0,96.02,1.377,2.2183,2.2183,8751.5024,1769815726.4026105,5.35,40,747,0.566,31,0,0,11.5,15.0,0,696,1769815719.422,-3.918,meta-llama/Llama-3.2-1B-Instruct,"1769815719.422, 1769815719.474, 1769815719.559, 1769815719.673, 1769815719.822"
1.0,0,1769815722.168,2.8989,27,32,59,0.1803,0.0696,0.0701,1.0,0.0,96.02,1.4663,2.0792,2.0792,8753.5816,1769815726.5483425,5.35,40,748,0.565,31,0,0,11.5,15.0,0,696,1769815719.422,-3.918,meta-llama/Llama-3.2-1B-Instruct,"1769815719.422, 1769815719.474, 1769815719.559, 1769815719.673, 1769815719.822"
1.0,0,1769815722.2236,2.9555,27,32,59,0.0865,0.078,0.0861,1.0,0.0,96.03,1.3931,2.042,2.042,8755.6235,1769815726.5739648,5.34,40,749,0.566,31,0,0,11.5,15.0,0,696,1769815719.422,-3.918,meta-llama/Llama-3.2-1B-Instruct,"1769815719.422, 1769815719.474, 1769815719.559, 1769815719.673, 1769815719.822"
1.0,0,1769815722.6631,2.7185,27,32,59,0.1012,0.075,0.0761,1.0,0.0,96.03,1.3918,1.8197,1.8197,8757.4432,1769815726.7784948,5.33,40,750,0.566,29,1,0,11.5,15.0,0,696,1769815719.422,-3.918,meta-llama/Llama-3.2-1B-Instruct,"1769815719.422, 1769815719.474, 1769815719.559, 1769815719.673, 1769815719.822"
1.0,0,1769815722.9216,2.6181,27,32,59,0.1202,0.0754,0.0875,1.0,0.0,96.04,1.3874,1.7383,1.7383,8761.0965,1769815726.937656,5.33,40,752,0.567,29,0,0,11.5,15.0,0,696,1769815719.422,-3.918,meta-llama/Llama-3.2-1B-Instruct,"1769815719.422, 1769815719.474, 1769815719.559, 1769815719.673, 1769815719.822"
1.0,0,1769815722.7545,2.7706,27,32,59,0.1443,0.0722,0.1003,1.0,0.0,96.04,1.406,1.9149,1.9149,8761.0965,1769815726.9526708,5.32,40,752,0.567,30,1,0,11.5,15.0,0,696,1769815719.422,-3.918,meta-llama/Llama-3.2-1B-Instruct,"1769815719.422, 1769815719.474, 1769815719.559, 1769815719.673, 1769815719.822"
1.0,0,1769815723.4674,2.1221,27,32,59,0.0951,0.0757,0.0799,1.0,0.0,96.05,1.4006,1.2172,1.2172,8762.3137,1769815727.0013292,5.31,40,753,0.567,29,0,0,11.5,15.0,0,696,1769815719.422,-3.918,meta-llama/Llama-3.2-1B-Instruct,"1769815719.422, 1769815719.474, 1769815719.559, 1769815719.673, 1769815719.822"
1.0,0,1769815723.5671,2.0782,27,30,57,0.0696,0.0836,0.0849,1.0,0.0,96.05,1.409,1.1478,1.1478,8763.4615,1769815727.0652115,5.31,40,754,0.568,31,1,0,11.5,15.0,0,696,1769815719.422,-3.918,meta-llama/Llama-3.2-1B-Instruct,"1769815719.422, 1769815719.474, 1769815719.559, 1769815719.673, 1769815719.822"
1.0,0,1769815723.6494,2.109,27,32,59,0.0837,0.0714,0.0744,1.0,0.0,96.06,1.4002,1.1927,1.1927,8764.6541,1769815727.168631,5.3,40,755,0.568,31,0,0,11.5,15.0,0,696,1769815719.422,-3.918,meta-llama/Llama-3.2-1B-Instruct,"1769815719.422, 1769815719.474, 1769815719.559, 1769815719.673, 1769815719.822"
1.0,0,1769815723.7122,2.1126,27,32,59,0.1545,0.0733,0.0858,1.0,0.0,96.07,1.4767,1.2671,1.2671,8765.9212,1769815727.303829,5.29,40,756,0.568,31,0,0,11.5,15.0,0,696,1769815719.422,-3.918,meta-llama/Llama-3.2-1B-Instruct,"1769815719.422, 1769815719.474, 1769815719.559, 1769815719.673, 1769815719.822"
1.0,0,1769815723.848,2.078,27,32,59,0.0918,0.0907,0.0986,1.0,0.0,96.07,1.4129,1.1698,1.1698,8767.0911,1769815727.356835,5.28,40,757,0.568,30,0,0,11.5,15.0,0,696,1769815719.422,-3.918,meta-llama/Llama-3.2-1B-Instruct,"1769815719.422, 1769815719.474, 1769815719.559, 1769815719.673, 1769815719.822"
1.0,0,1769815723.9237,2.1205,27,32,59,0.0825,0.0665,0.1007,1.0,0.0,96.08,1.4151,1.203,1.203,8768.2941,1769815727.4662733,5.28,40,758,0.569,30,0,0,11.5,15.0,0,696,1769815719.422,-3.918,meta-llama/Llama-3.2-1B-Instruct,"1769815719.422, 1769815719.474, 1769815719.559, 1769815719.673, 1769815719.822"
1.0,0,1769815724.1071,2.0017,27,32,59,0.1073,0.0752,0.0783,1.0,0.0,96.08,1.3919,1.109,1.109,8769.4031,1769815727.5209265,5.27,40,759,0.569,31,0,0,11.5,15.0,0,696,1769815719.422,-3.918,meta-llama/Llama-3.2-1B-Instruct,"1769815719.422, 1769815719.474, 1769815719.559, 1769815719.673, 1769815719.822"
1.0,0,1769815724.299,1.883,27,32,59,0.1206,0.0876,0.2836,1.0,0.0,96.09,1.6488,1.0035,1.0035,8771.4062,1769815727.856351,5.26,40,761,0.57,31,1,0,11.5,15.0,0,696,1769815719.422,-3.918,meta-llama/Llama-3.2-1B-Instruct,"1769815719.422, 1769815719.474, 1769815719.559, 1769815719.673, 1769815719.822"
1.0,0,1769815724.3612,1.8948,27,32,59,0.142,0.0988,0.29,1.0,0.0,96.09,1.6391,1.0367,1.0367,8772.8764,1769815727.9055016,5.25,40,763,0.57,31,1,0,11.5,15.0,0,696,1769815719.422,-3.918,meta-llama/Llama-3.2-1B-Instruct,"1769815719.422, 1769815719.474, 1769815719.559, 1769815719.673, 1769815719.822"
1.0,0,1769815724.4558,1.8905,27,32,59,0.1091,0.0888,0.2827,1.0,0.0,96.1,1.5098,0.9996,0.9996,8773.6726,1769815727.9452205,5.26,40,764,0.571,32,1,0,11.5,15.0,0,696,1769815719.422,-3.918,meta-llama/Llama-3.2-1B-Instruct,"1769815719.422, 1769815719.474, 1769815719.559, 1769815719.673, 1769815719.822"
1.0,0,1769815725.7246,1.3601,27,13,40,0.0734,0.3035,0.3035,1.0,0.0,96.1,0.8198,0.4334,0.4334,8774.3292,1769815727.96969,5.24,40,765,0.574,32,0,0,11.5,15.0,0,696,1769815719.422,-3.918,meta-llama/Llama-3.2-1B-Instruct,"1769815719.422, 1769815719.474, 1769815719.559, 1769815719.673, 1769815719.822"
1.0,0,1769815724.9942,1.519,27,32,59,0.1376,0.1243,0.2869,1.0,0.0,96.11,1.4549,0.6567,0.6567,8774.3292,1769815727.9853928,5.23,40,765,0.571,32,0,0,11.5,15.0,0,696,1769815719.422,-3.918,meta-llama/Llama-3.2-1B-Instruct,"1769815719.422, 1769815719.474, 1769815719.559, 1769815719.673, 1769815719.822"
1.0,0,1769815724.752,1.6888,27,32,59,0.1073,0.0891,0.2884,1.0,0.0,96.11,1.4925,0.7961,0.7961,8774.3292,1769815727.98577,5.24,40,765,0.571,32,0,0,11.5,15.0,0,696,1769815719.422,-3.918,meta-llama/Llama-3.2-1B-Instruct,"1769815719.422, 1769815719.474, 1769815719.559, 1769815719.673, 1769815719.822"
1.0,0,1769815725.341,1.2537,27,32,59,0.0798,0.09,0.2534,1.0,0.0,96.12,1.4172,0.3335,0.3335,8774.6628,1769815728.0213125,5.22,40,766,0.571,31,1,0,11.5,15.0,0,696,1769815719.422,-3.918,meta-llama/Llama-3.2-1B-Instruct,"1769815719.422, 1769815719.474, 1769815719.559, 1769815719.673, 1769815719.822"
1.0,0,1769815725.3959,1.3448,27,32,59,0.1174,0.0726,0.2847,1.0,0.0,96.12,1.4853,0.4622,0.4622,8775.1249,1769815728.234353,5.22,40,767,0.573,33,0,0,11.5,15.0,0,696,1769815719.422,-3.918,meta-llama/Llama-3.2-1B-Instruct,"1769815719.422, 1769815719.474, 1769815719.559, 1769815719.673, 1769815719.822"
1.0,0,1769815725.4911,1.3167,27,32,59,0.1046,0.0979,0.2478,1.0,0.0,96.13,1.4615,0.4212,0.4212,8775.5461,1769815728.2700818,5.21,40,768,0.573,32,0,0,11.5,15.0,0,696,1769815719.422,-3.918,meta-llama/Llama-3.2-1B-Instruct,"1769815719.422, 1769815719.474, 1769815719.559, 1769815719.673, 1769815719.822"
1.0,0,1769815725.6067,1.3675,27,32,59,0.0631,0.0988,0.3006,1.0,0.0,96.13,1.3959,0.4306,0.4306,8775.9767,1769815728.3835921,5.2,40,769,0.574,32,1,0,11.5,15.0,0,696,1769815719.422,-3.918,meta-llama/Llama-3.2-1B-Instruct,"1769815719.422, 1769815719.474, 1769815719.559, 1769815719.673, 1769815719.822"
1.0,0,1769815725.5482,1.3425,27,32,59,0.1536,0.073,0.348,1.0,0.0,96.14,1.4961,0.4961,0.4961,8776.4729,1769815728.3898947,5.19,40,770,0.574,33,0,0,11.5,15.0,0,696,1769815719.422,-3.918,meta-llama/Llama-3.2-1B-Instruct,"1769815719.422, 1769815719.474, 1769815719.559, 1769815719.673, 1769815719.822"
1.0,0,1769815725.7996,1.3879,27,32,59,0.1402,0.0758,0.3089,1.0,0.0,96.14,1.4707,0.5281,0.5281,8777.0009,1769815728.6608984,5.19,40,771,0.574,32,0,0,11.5,15.0,0,696,1769815839.514,111.083,meta-llama/Llama-3.2-1B-Instruct,"1769815839.514, 1769815839.558, 1769815839.585, 1769815839.635, 1769815839.661"
1.0,0,1769815726.0827,1.1781,27,32,59,0.0616,0.2758,0.437,1.0,0.0,96.15,1.8298,0.2397,0.2397,8777.2406,1769815729.1172345,5.18,40,772,0.575,32,0,0,11.5,15.0,0,696,1769815839.514,111.083,meta-llama/Llama-3.2-1B-Instruct,"1769815839.514, 1769815839.558, 1769815839.585, 1769815839.635, 1769815839.661"
1.0,0,1769815729.244,0.0561,27,0,27,,,,1.0,,,4.8657,3.9218,3.9218,8781.1624,1769815734.1954665,5.17,40,773,0.723,37,0,0,11.5,15.0,0,784,1769815731.099,-2.342,meta-llama/Llama-3.2-1B-Instruct,"1769815731.099, 1769815731.237, 1769815731.263, 1769815731.327, 1769815731.355"
1.0,0,1769815726.4148,0.9436,27,32,59,0.1148,1.5942,3.481,1.0,2.481,96.02,6.9011,0.0584,0.0584,8781.2208,1769815734.2713728,5.17,40,774,0.575,32,0,0,11.5,15.0,0,784,1769815731.099,-2.342,meta-llama/Llama-3.2-1B-Instruct,"1769815731.099, 1769815731.237, 1769815731.263, 1769815731.327, 1769815731.355"
1.0,0,1769815726.7736,0.6497,27,32,59,0.081,1.6082,3.4759,1.0,2.4759,95.89,6.8985,-0.2693,0.0,8781.2208,1769815734.350218,5.29,41,775,0.575,32,0,0,11.5,15.0,0,784,1769815731.099,-2.342,meta-llama/Llama-3.2-1B-Instruct,"1769815731.099, 1769815731.237, 1769815731.263, 1769815731.327, 1769815731.355"
1.0,0,1769815726.8698,0.6667,27,32,59,0.3226,1.5969,3.4942,1.0,2.4942,95.77,7.0144,-0.0108,0.0,8781.2208,1769815734.5565872,5.41,42,776,0.576,32,0,0,11.5,15.0,0,784,1769815731.099,-2.342,meta-llama/Llama-3.2-1B-Instruct,"1769815731.099, 1769815731.237, 1769815731.263, 1769815731.327, 1769815731.355"
1.0,0,1769815726.9041,0.7158,27,32,59,0.2767,1.6041,3.5016,1.0,2.5016,95.64,7.3336,-0.0074,0.0,8781.2208,1769815734.9625287,5.53,43,777,0.576,32,0,0,11.5,15.0,0,784,1769815731.099,-2.342,meta-llama/Llama-3.2-1B-Instruct,"1769815731.099, 1769815731.237, 1769815731.263, 1769815731.327, 1769815731.355"
1.0,0,1769815727.0156,1.0581,27,32,59,0.1355,1.588,3.5019,1.0,2.5019,95.51,7.3257,0.1936,0.1936,8781.4144,1769815735.4036224,5.53,43,778,0.575,27,0,0,11.5,15.0,0,784,1769815731.099,-2.342,meta-llama/Llama-3.2-1B-Instruct,"1769815731.099, 1769815731.237, 1769815731.263, 1769815731.327, 1769815731.355"
1.0,0,1769815727.2417,0.884,27,30,57,0.0906,1.604,3.4933,1.0,2.4933,95.39,7.3471,-0.0254,0.0,8781.4144,1769815735.4736798,5.65,44,779,0.576,27,0,0,11.5,15.0,0,784,1769815731.099,-2.342,meta-llama/Llama-3.2-1B-Instruct,"1769815731.099, 1769815731.237, 1769815731.263, 1769815731.327, 1769815731.355"
1.0,0,1769815728.0323,0.1957,27,32,59,0.1314,1.5955,3.4928,1.0,2.4928,95.26,7.8022,-0.6729,0.0,8781.4144,1769815736.0505338,5.77,45,780,0.576,28,0,0,11.5,15.0,0,784,1769815731.099,-2.342,meta-llama/Llama-3.2-1B-Instruct,"1769815731.099, 1769815731.237, 1769815731.263, 1769815731.327, 1769815731.355"
1.0,0,1769815728.166,0.1281,27,32,59,0.095,1.6138,3.4742,1.0,2.4742,95.14,7.8155,-0.777,0.0,8781.4144,1769815736.1223228,5.89,46,781,0.576,27,0,0,11.5,15.0,0,784,1769815731.099,-2.342,meta-llama/Llama-3.2-1B-Instruct,"1769815731.099, 1769815731.237, 1769815731.263, 1769815731.327, 1769815731.355"
1.0,0,1769815728.2653,0.0793,27,32,59,0.104,1.5909,3.5292,1.0,2.5292,95.01,7.8775,-0.8167,0.0,8781.4144,1769815736.232559,6.01,47,782,0.577,28,0,0,11.5,15.0,0,784,1769815731.099,-2.342,meta-llama/Llama-3.2-1B-Instruct,"1769815731.099, 1769815731.237, 1769815731.263, 1769815731.327, 1769815731.355"
1.0,0,1769815728.3032,0.1195,27,32,59,0.119,1.6,3.4876,1.0,2.4876,94.89,7.9486,-0.7615,0.0,8781.4144,1769815736.3856368,6.13,48,783,0.577,27,0,0,11.5,15.0,0,784,1769815731.099,-2.342,meta-llama/Llama-3.2-1B-Instruct,"1769815731.099, 1769815731.237, 1769815731.263, 1769815731.327, 1769815731.355"
1.0,0,1769815728.84,0.0576,27,32,59,1.7818,0.4332,3.4903,1.0,2.4903,94.76,7.7492,0.8395,0.8395,8785.2942,1769815736.6671307,6.11,48,787,0.609,29,1,0,11.5,15.0,0,784,1769815731.099,-2.342,meta-llama/Llama-3.2-1B-Instruct,"1769815731.099, 1769815731.237, 1769815731.263, 1769815731.327, 1769815731.355"
1.0,0,1769815728.8711,0.0592,27,32,59,1.7437,0.446,3.4887,1.0,2.4887,94.64,7.7111,0.8029,0.8029,8786.1588,1769815736.6708312,6.12,48,788,0.609,29,1,0,11.5,15.0,0,784,1769815731.099,-2.342,meta-llama/Llama-3.2-1B-Instruct,"1769815731.099, 1769815731.237, 1769815731.263, 1769815731.327, 1769815731.355"
1.0,0,1769815728.6331,0.0782,27,32,59,1.9651,0.4449,3.5024,1.0,2.5024,94.52,7.947,1.0433,1.0433,8786.1588,1769815736.6726253,6.1,48,788,0.609,29,1,0,11.5,15.0,0,784,1769815731.099,-2.342,meta-llama/Llama-3.2-1B-Instruct,"1769815731.099, 1769815731.237, 1769815731.263, 1769815731.327, 1769815731.355"
1.0,0,1769815728.8104,0.0535,27,32,59,1.8111,0.4532,3.4931,1.0,2.4931,94.39,7.8037,0.8646,0.8646,8786.1588,1769815736.6727824,6.09,48,788,0.609,29,1,0,11.5,15.0,0,784,1769815731.099,-2.342,meta-llama/Llama-3.2-1B-Instruct,"1769815731.099, 1769815731.237, 1769815731.263, 1769815731.327, 1769815731.355"
1.0,0,1769815728.4912,0.1283,27,32,59,2.0658,0.4338,3.4944,1.0,2.4944,94.27,8.0321,1.1941,1.1941,8787.1659,1769815736.6744318,6.11,48,789,0.578,29,0,0,11.5,15.0,0,784,1769815731.099,-2.342,meta-llama/Llama-3.2-1B-Instruct,"1769815731.099, 1769815731.237, 1769815731.263, 1769815731.327, 1769815731.355"
1.0,0,1769815728.685,0.064,27,32,59,1.9431,0.4475,3.4944,1.0,2.4944,94.15,7.9245,1.0071,1.0071,8787.1659,1769815736.6755922,6.08,48,789,0.609,29,1,0,11.5,15.0,0,784,1769815731.099,-2.342,meta-llama/Llama-3.2-1B-Instruct,"1769815731.099, 1769815731.237, 1769815731.263, 1769815731.327, 1769815731.355"
1.0,0,1769815729.4499,0.0677,27,32,59,4.6409,0.1061,0.447,1.0,0.0,94.16,7.2052,3.7086,3.7086,8802.0529,1769815736.7280407,6.06,48,793,0.723,37,0,0,11.5,15.0,0,784,1769815731.099,-2.342,meta-llama/Llama-3.2-1B-Instruct,"1769815731.099, 1769815731.237, 1769815731.263, 1769815731.327, 1769815731.355"
1.0,0,1769815729.5231,0.0705,27,32,59,4.5577,0.091,0.4407,1.0,0.0,94.16,7.1231,3.6282,3.6282,8813.4452,1769815736.7379851,6.08,48,796,0.723,37,0,0,11.5,15.0,0,784,1769815731.099,-2.342,meta-llama/Llama-3.2-1B-Instruct,"1769815731.099, 1769815731.237, 1769815731.263, 1769815731.327, 1769815731.355"
1.0,0,1769815729.6668,0.0693,27,32,59,4.4564,0.0875,0.4371,1.0,0.0,94.17,6.9835,3.5258,3.5258,8813.4452,1769815736.7385154,6.07,48,796,0.723,37,0,0,11.5,15.0,0,784,1769815731.099,-2.342,meta-llama/Llama-3.2-1B-Instruct,"1769815731.099, 1769815731.237, 1769815731.263, 1769815731.327, 1769815731.355"
1.0,0,1769815729.4903,0.0553,27,32,59,4.6247,0.0933,0.4413,1.0,0.0,94.18,7.1863,3.68,3.68,8816.9182,1769815736.739048,6.05,48,797,0.723,37,0,0,11.5,15.0,0,784,1769815731.099,-2.342,meta-llama/Llama-3.2-1B-Instruct,"1769815731.099, 1769815731.237, 1769815731.263, 1769815731.327, 1769815731.355"
1.0,0,1769815729.1474,0.0537,27,32,59,4.9708,0.0863,0.4419,1.0,0.0,94.19,7.5241,4.0245,4.0245,8816.9182,1769815736.7397404,6.05,48,797,0.723,37,0,0,11.5,15.0,0,784,1769815731.099,-2.342,meta-llama/Llama-3.2-1B-Instruct,"1769815731.099, 1769815731.237, 1769815731.263, 1769815731.327, 1769815731.355"
1.0,0,1769815729.3545,0.0638,27,32,59,4.7468,0.0969,0.44,1.0,0.0,94.19,7.3148,3.8106,3.8106,8816.9182,1769815736.7400937,6.04,48,797,0.723,37,0,0,11.5,15.0,0,784,1769815731.099,-2.342,meta-llama/Llama-3.2-1B-Instruct,"1769815731.099, 1769815731.237, 1769815731.263, 1769815731.327, 1769815731.355"
1.0,0,1769815729.2747,0.0566,27,32,59,4.8451,0.0857,0.4481,1.0,0.0,94.2,7.4052,3.9018,3.9018,8816.9182,1769815736.740289,6.03,48,797,0.723,37,0,0,11.5,15.0,0,784,1769815731.099,-2.342,meta-llama/Llama-3.2-1B-Instruct,"1769815731.099, 1769815731.237, 1769815731.263, 1769815731.327, 1769815731.355"
1.0,0,1769815729.7052,0.0757,27,32,59,4.3973,0.0936,0.4276,1.0,0.0,94.21,6.9578,3.473,3.473,8816.9182,1769815736.7429965,6.02,48,797,0.723,37,0,0,11.5,15.0,0,784,1769815731.099,-2.342,meta-llama/Llama-3.2-1B-Instruct,"1769815731.099, 1769815731.237, 1769815731.263, 1769815731.327, 1769815731.355"
200.0,1,1769815639.661,89.4347,2976,33,3009,5.0666,0.0974,0.4374,200.0,0.0,94.22,7.7745,-102.7908,0.0,8816.9182,1769815736.8835711,6.14,49,798,0.609,29,1,0,11.5,15.0,0,784,1769815731.099,-2.342,meta-llama/Llama-3.2-1B-Instruct,"1769815731.099, 1769815731.237, 1769815731.263, 1769815731.327, 1769815731.355"
1.0,0,1769815729.7962,0.055,27,32,59,7.4241,0.0763,0.0898,1.0,0.0,94.22,9.5026,6.4791,6.4791,8823.3974,1769815739.3644376,6.13,49,799,0.723,37,0,0,11.5,15.0,0,855,1769815733.32,-5.169,meta-llama/Llama-3.2-1B-Instruct,"1769815733.320, 1769815733.385, 1769815733.455, 1769815733.528, 1769815733.555"
200.0,1,1769815639.5143,89.0384,3285,239,3524,0.5263,0.0856,0.4292,200.0,0.0,94.23,22.2275,-88.7342,0.0,8823.3974,1769815750.7973502,6.25,50,800,0.578,29,0,0,11.5,15.0,0,1046,1769815733.385,-15.181,meta-llama/Llama-3.2-1B-Instruct,"1769815733.385, 1769815733.455, 1769815733.528, 1769815733.555, 1769815733.654"
200.0,1,1769815638.6419,59.5765,2972,1027,3999,0.4506,0.0823,0.2748,200.0,0.0,94.24,73.3329,-67.0906,0.0,8823.3974,1769815771.569901,6.37,51,801,0.866,41,1,0,11.5,15.0,0,1434,1769815733.455,-35.313,meta-llama/Llama-3.2-1B-Instruct,"1769815733.455, 1769815733.528, 1769815733.555, 1769815733.654, 1769815733.681"
200.0,1,1769815638.7275,59.8374,2402,1027,3429,1.0425,0.0821,0.2582,200.0,0.0,94.25,73.0446,-67.1179,0.0,8823.3974,1769815771.6303964,6.48,53,803,0.895,42,0,0,11.5,15.0,0,1434,1769815733.455,-35.313,meta-llama/Llama-3.2-1B-Instruct,"1769815733.455, 1769815733.528, 1769815733.555, 1769815733.654, 1769815733.681"
200.0,1,1769815638.6907,59.6713,4900,1024,5924,1.2586,0.0805,0.2629,200.0,0.0,94.25,73.2528,-67.0759,0.0,8823.3974,1769815771.6334798,6.6,53,803,0.895,42,0,0,11.5,15.0,0,1434,1769815733.455,-35.313,meta-llama/Llama-3.2-1B-Instruct,"1769815733.455, 1769815733.528, 1769815733.555, 1769815733.654, 1769815733.681"
200.0,1,1769815638.7559,59.8779,2528,1024,3552,1.3806,0.0798,0.259,200.0,0.0,94.26,74.5695,-65.5526,0.0,8823.3974,1769815773.2188876,6.72,54,804,0.895,42,0,0,11.5,15.0,0,1434,1769815733.455,-35.313,meta-llama/Llama-3.2-1B-Instruct,"1769815733.455, 1769815733.528, 1769815733.555, 1769815733.654, 1769815733.681"
1.0,0,1769815730.5174,5.7472,27,13,40,37.4657,0.0906,0.0906,1.0,0.0,94.27,38.4029,42.2129,42.2129,8865.6102,1769815774.6694405,6.71,54,805,0.995,45,13,0,11.5,15.0,0,1537,1769815733.681,-40.133,meta-llama/Llama-3.2-1B-Instruct,"1769815733.681, 1769815733.706, 1769815733.780, 1769815733.927, 1769815733.952"
1.0,0,1769815732.5284,39.1952,27,15,42,2.0072,0.085,0.085,1.0,0.0,94.27,3.0844,40.2024,40.2024,8905.8126,1769815774.809516,6.7,54,806,0.987,27,31,0,11.5,15.0,0,1537,1769815733.681,-40.133,meta-llama/Llama-3.2-1B-Instruct,"1769815733.681, 1769815733.706, 1769815733.780, 1769815733.927, 1769815733.952"
1.0,0,1769815731.9355,5.2774,27,32,59,36.501,0.0914,0.0968,1.0,0.0,94.28,38.6889,40.7783,40.7783,8946.591,1769815775.902566,6.69,54,807,0.987,31,17,0,11.5,15.0,0,1537,1769815733.681,-40.133,meta-llama/Llama-3.2-1B-Instruct,"1769815733.681, 1769815733.706, 1769815733.780, 1769815733.927, 1769815733.952"
1.0,0,1769815731.2513,5.7681,27,32,59,36.6741,0.1009,0.1082,1.0,0.0,94.29,38.9002,41.4422,41.4422,9071.5292,1769815775.933016,6.68,54,810,0.987,31,17,0,11.5,15.0,0,1537,1769815733.681,-40.133,meta-llama/Llama-3.2-1B-Instruct,"1769815733.681, 1769815733.706, 1769815733.780, 1769815733.927, 1769815733.952"
1.0,0,1769815730.5429,5.8496,27,32,59,37.3444,0.082,0.1253,1.0,0.0,94.3,39.5308,42.1941,42.1941,9197.189,1769815775.9427116,6.67,54,813,0.995,44,14,0,11.5,15.0,0,1537,1769815733.681,-40.133,meta-llama/Llama-3.2-1B-Instruct,"1769815733.681, 1769815733.706, 1769815733.780, 1769815733.927, 1769815733.952"
1.0,0,1769815730.2626,4.2359,27,32,59,39.2125,0.0891,0.0931,1.0,0.0,94.3,41.4356,42.4484,42.4484,9238.8349,1769815775.9433272,6.66,54,814,0.991,52,6,0,11.5,15.0,0,1537,1769815733.681,-40.133,meta-llama/Llama-3.2-1B-Instruct,"1769815733.681, 1769815733.706, 1769815733.780, 1769815733.927, 1769815733.952"
1.0,0,1769815731.3204,5.7477,27,32,59,36.6394,0.0878,0.0938,1.0,0.0,94.31,38.867,41.3871,41.3871,9366.2673,1769815775.9480557,6.65,54,817,0.987,31,17,0,11.5,15.0,0,1537,1769815733.681,-40.133,meta-llama/Llama-3.2-1B-Instruct,"1769815733.681, 1769815733.706, 1769815733.780, 1769815733.927, 1769815733.952"
1.0,0,1769815730.8753,5.9091,27,32,59,36.9151,0.0884,0.0955,1.0,0.0,94.32,39.1543,41.8242,41.8242,9407.6392,1769815775.9535353,6.64,54,818,0.988,30,16,0,11.5,15.0,0,1537,1769815733.681,-40.133,meta-llama/Llama-3.2-1B-Instruct,"1769815733.681, 1769815733.706, 1769815733.780, 1769815733.927, 1769815733.952"
1.0,0,1769815730.0993,4.2433,27,32,59,39.3644,0.0953,0.0963,1.0,0.0,94.33,41.6017,42.6077,42.6077,9407.6392,1769815775.9537299,6.62,54,818,0.988,52,5,0,11.5,15.0,0,1537,1769815733.681,-40.133,meta-llama/Llama-3.2-1B-Instruct,"1769815733.681, 1769815733.706, 1769815733.780, 1769815733.927, 1769815733.952"
1.0,0,1769815730.2367,4.1937,27,32,59,39.2647,0.0898,0.097,1.0,0.0,94.34,41.5173,42.4584,42.4584,9616.5952,1769815775.9613671,6.61,54,823,0.989,52,6,0,11.5,15.0,0,1537,1769815733.681,-40.133,meta-llama/Llama-3.2-1B-Instruct,"1769815733.681, 1769815733.706, 1769815733.780, 1769815733.927, 1769815733.952"
1.0,0,1769815731.0543,5.8542,27,32,59,36.8505,0.0902,0.1052,1.0,0.0,94.35,39.0481,41.7046,41.7046,9701.3595,1769815775.9628859,6.58,54,825,0.959,29,17,0,11.5,15.0,0,1537,1769815733.681,-40.133,meta-llama/Llama-3.2-1B-Instruct,"1769815733.681, 1769815733.706, 1769815733.780, 1769815733.927, 1769815733.952"
1.0,0,1769815731.0826,5.9065,27,32,59,36.7394,0.0842,0.0852,1.0,0.0,94.35,38.954,41.6459,41.6459,9701.3595,1769815775.9630687,6.63,54,825,0.987,31,17,0,11.5,15.0,0,1537,1769815733.681,-40.133,meta-llama/Llama-3.2-1B-Instruct,"1769815733.681, 1769815733.706, 1769815733.780, 1769815733.927, 1769815733.952"
1.0,0,1769815730.901,5.9387,27,32,59,36.8631,0.0957,0.0993,1.0,0.0,94.36,39.1153,41.8018,41.8018,9701.3595,1769815775.9636953,6.59,54,825,0.988,30,16,0,11.5,15.0,0,1537,1769815733.681,-40.133,meta-llama/Llama-3.2-1B-Instruct,"1769815733.681, 1769815733.706, 1769815733.780, 1769815733.927, 1769815733.952"
1.0,0,1769815731.3459,5.7501,27,32,59,36.6219,0.0909,0.0928,1.0,0.0,94.37,38.8547,41.3719,41.3719,9701.3595,1769815775.9639091,6.6,54,825,0.987,31,17,0,11.5,15.0,0,1537,1769815733.681,-40.133,meta-llama/Llama-3.2-1B-Instruct,"1769815733.681, 1769815733.706, 1769815733.780, 1769815733.927, 1769815733.952"
1.0,0,1769815731.9099,5.2566,27,32,59,36.6157,0.097,0.1037,1.0,0.0,94.38,38.7896,40.8723,40.8723,9744.1845,1769815775.9655793,6.59,54,826,0.987,31,17,0,11.5,15.0,0,1537,1769815733.681,-40.133,meta-llama/Llama-3.2-1B-Instruct,"1769815733.681, 1769815733.706, 1769815733.780, 1769815733.927, 1769815733.952"
1.0,0,1769815731.4132,5.7091,27,33,60,36.5928,0.09,0.0919,1.0,0.0,94.38,38.8081,41.302,41.302,9744.1845,1769815775.9657688,6.67,54,826,0.987,31,17,0,11.5,15.0,0,1537,1769815733.681,-40.133,meta-llama/Llama-3.2-1B-Instruct,"1769815733.681, 1769815733.706, 1769815733.780, 1769815733.927, 1769815733.952"
1.0,0,1769815730.3909,5.1598,27,32,59,38.2002,0.0929,0.0941,1.0,0.0,94.39,40.4113,42.36,42.36,9744.1845,1769815775.9661145,6.55,54,826,0.994,48,10,0,11.5,15.0,0,1537,1769815733.681,-40.133,meta-llama/Llama-3.2-1B-Instruct,"1769815733.681, 1769815733.706, 1769815733.780, 1769815733.927, 1769815733.952"
1.0,0,1769815730.491,5.689,27,32,59,37.5833,0.0892,0.0938,1.0,0.0,94.4,39.7775,42.2723,42.2723,9744.1845,1769815775.9663007,6.57,54,826,0.996,46,12,0,11.5,15.0,0,1537,1769815733.681,-40.133,meta-llama/Llama-3.2-1B-Instruct,"1769815733.681, 1769815733.706, 1769815733.780, 1769815733.927, 1769815733.952"
1.0,0,1769815730.3275,4.3807,27,32,59,39.0236,0.0975,0.1007,1.0,0.0,94.4,41.2542,42.4043,42.4043,9786.0837,1769815775.9668653,6.55,54,827,0.992,51,8,0,11.5,15.0,0,1537,1769815733.681,-40.133,meta-llama/Llama-3.2-1B-Instruct,"1769815733.681, 1769815733.706, 1769815733.780, 1769815733.927, 1769815733.952"
1.0,0,1769815730.4209,5.2043,27,32,59,38.1008,0.093,0.0954,1.0,0.0,94.41,40.3359,42.3051,42.3051,9786.0837,1769815775.9675436,6.56,54,827,0.996,48,11,0,11.5,15.0,0,1537,1769815733.681,-40.133,meta-llama/Llama-3.2-1B-Instruct,"1769815733.681, 1769815733.706, 1769815733.780, 1769815733.927, 1769815733.952"
1.0,0,1769815730.8105,5.7331,27,32,59,37.166,0.0941,0.1034,1.0,0.0,94.42,39.4231,41.8992,41.8992,9786.0837,1769815775.968803,6.53,54,827,0.995,44,15,0,11.5,15.0,0,1537,1769815733.681,-40.133,meta-llama/Llama-3.2-1B-Instruct,"1769815733.681, 1769815733.706, 1769815733.780, 1769815733.927, 1769815733.952"
1.0,0,1769815729.9146,0.0535,27,32,59,43.7714,0.0909,0.0912,1.0,0.0,94.42,45.9968,42.825,42.825,9786.0837,1769815775.969409,6.54,54,827,0.723,37,0,0,11.5,15.0,0,1537,1769815733.681,-40.133,meta-llama/Llama-3.2-1B-Instruct,"1769815733.681, 1769815733.706, 1769815733.780, 1769815733.927, 1769815733.952"
1.0,0,1769815732.0176,5.2192,27,32,59,36.4967,0.0951,0.2564,1.0,0.0,94.43,38.8236,40.7159,40.7159,9826.7996,1769815776.064334,6.52,54,828,0.987,31,17,0,11.5,15.0,0,1537,1769815733.681,-40.133,meta-llama/Llama-3.2-1B-Instruct,"1769815733.681, 1769815733.706, 1769815733.780, 1769815733.927, 1769815733.952"
1.0,0,1769815732.0446,5.2241,27,32,59,36.4755,0.0954,0.3297,1.0,0.0,94.44,38.872,40.6996,40.6996,9867.4992,1769815776.1515467,6.51,54,829,0.987,31,25,0,11.5,15.0,0,1537,1769815733.681,-40.133,meta-llama/Llama-3.2-1B-Instruct,"1769815733.681, 1769815733.706, 1769815733.780, 1769815733.927, 1769815733.952"
1.0,0,1769815732.0707,5.2741,27,35,62,36.3756,0.092,0.4053,1.0,0.0,94.44,38.8325,40.6496,40.6496,9908.1489,1769815776.192993,6.51,55,831,0.987,31,25,0,11.5,15.0,0,1537,1769815733.681,-40.133,meta-llama/Llama-3.2-1B-Instruct,"1769815733.681, 1769815733.706, 1769815733.780, 1769815733.927, 1769815733.952"
200.0,1,1769815638.811,59.9004,4212,1030,5242,6.0285,0.0821,0.2298,200.0,0.0,94.45,77.4675,-62.6321,0.0,9908.1489,1769815776.2034209,6.62,57,833,0.966,49,0,0,11.5,15.0,0,1537,1769815733.681,-40.133,meta-llama/Llama-3.2-1B-Instruct,"1769815733.681, 1769815733.706, 1769815733.780, 1769815733.927, 1769815733.952"
200.0,1,1769815638.8766,60.0517,3365,1037,4402,5.8266,0.0813,0.2556,200.0,0.0,94.46,77.2653,-62.683,0.0,9908.1489,1769815776.2112622,6.73,57,833,0.966,49,0,0,11.5,15.0,0,1537,1769815733.681,-40.133,meta-llama/Llama-3.2-1B-Instruct,"1769815733.681, 1769815733.706, 1769815733.780, 1769815733.927, 1769815733.952"
200.0,1,1769815638.8514,60.0669,2756,1031,3787,5.8411,0.0814,0.2485,200.0,0.0,94.46,77.2813,-62.6519,0.0,9908.1489,1769815776.2226875,6.84,57,833,0.966,49,0,0,11.5,15.0,0,1537,1769815733.681,-40.133,meta-llama/Llama-3.2-1B-Instruct,"1769815733.681, 1769815733.706, 1769815733.780, 1769815733.927, 1769815733.952"
200.0,1,1769815639.2056,63.833,2667,1024,3691,6.5696,0.0819,0.2225,200.0,0.0,94.47,73.2183,-62.9486,0.0,9908.1489,1769815776.2738225,7.07,67,843,0.287,35,0,0,11.5,15.0,0,1537,1769815733.681,-40.133,meta-llama/Llama-3.2-1B-Instruct,"1769815733.681, 1769815733.706, 1769815733.780, 1769815733.927, 1769815733.952"
200.0,1,1769815639.1669,63.8325,2680,1025,3705,6.6036,0.0827,0.2145,200.0,0.0,94.48,73.2522,-62.9154,0.0,9908.1489,1769815776.2754796,6.95,67,843,0.287,35,0,0,11.5,15.0,0,1537,1769815733.681,-40.133,meta-llama/Llama-3.2-1B-Instruct,"1769815733.681, 1769815733.706, 1769815733.780, 1769815733.927, 1769815733.952"
200.0,1,1769815639.4882,63.9879,3143,1027,4170,6.1685,0.0801,0.2346,200.0,0.0,94.49,72.7815,-63.2306,0.0,9908.1489,1769815776.2762175,7.18,67,843,0.287,35,0,0,11.5,15.0,0,1537,1769815733.681,-40.133,meta-llama/Llama-3.2-1B-Instruct,"1769815733.681, 1769815733.706, 1769815733.780, 1769815733.927, 1769815733.952"
200.0,1,1769815639.282,63.8474,3339,1028,4367,6.511,0.0814,0.2224,200.0,0.0,94.49,73.1343,-63.0183,0.0,9908.1489,1769815776.2783759,7.4,67,843,0.287,35,0,0,11.5,15.0,0,1537,1769815733.681,-40.133,meta-llama/Llama-3.2-1B-Instruct,"1769815733.681, 1769815733.706, 1769815733.780, 1769815733.927, 1769815733.952"
200.0,1,1769815639.3974,63.8131,3182,1031,4213,6.4392,0.0811,0.2763,200.0,0.0,94.5,73.0499,-63.137,0.0,9908.1489,1769815776.278723,7.29,67,843,0.287,35,0,0,11.5,15.0,0,1537,1769815733.681,-40.133,meta-llama/Llama-3.2-1B-Instruct,"1769815733.681, 1769815733.706, 1769815733.780, 1769815733.927, 1769815733.952"
200.0,1,1769815638.9532,63.6883,2678,1026,3704,6.9586,0.0823,0.2226,200.0,0.0,94.51,73.6227,-62.689,0.0,9908.1489,1769815776.2803967,7.51,67,843,0.287,35,0,0,11.5,15.0,0,1537,1769815733.681,-40.133,meta-llama/Llama-3.2-1B-Instruct,"1769815733.681, 1769815733.706, 1769815733.780, 1769815733.927, 1769815733.952"
200.0,1,1769815639.3078,63.8752,2735,1029,3764,6.4485,0.0821,0.2432,200.0,0.0,94.51,73.0819,-63.0429,0.0,9908.1489,1769815776.2811396,7.62,67,843,0.287,35,0,0,11.5,15.0,0,1537,1769815733.681,-40.133,meta-llama/Llama-3.2-1B-Instruct,"1769815733.681, 1769815733.706, 1769815733.780, 1769815733.927, 1769815733.952"
200.0,1,1769815639.0803,63.8279,3240,1025,4265,6.6981,0.0825,0.227,200.0,0.0,94.52,73.3603,-62.8119,0.0,9908.1489,1769815776.282691,7.95,67,843,0.287,35,0,0,11.5,15.0,0,1537,1769815733.681,-40.133,meta-llama/Llama-3.2-1B-Instruct,"1769815733.681, 1769815733.706, 1769815733.780, 1769815733.927, 1769815733.952"
200.0,1,1769815639.4362,63.8401,3069,1035,4104,6.3695,0.0813,0.2327,200.0,0.0,94.53,72.9894,-63.1706,0.0,9908.1489,1769815776.2867198,7.73,67,843,0.287,35,0,0,11.5,15.0,0,1537,1769815733.681,-40.133,meta-llama/Llama-3.2-1B-Instruct,"1769815733.681, 1769815733.706, 1769815733.780, 1769815733.927, 1769815733.952"
200.0,1,1769815639.1176,63.8449,2877,1023,3900,6.6716,0.0812,0.2281,200.0,0.0,94.53,73.304,-62.8511,0.0,9908.1489,1769815776.2913043,7.84,67,843,0.287,35,0,0,11.5,15.0,0,1537,1769815733.681,-40.133,meta-llama/Llama-3.2-1B-Instruct,"1769815733.681, 1769815733.706, 1769815733.780, 1769815733.927, 1769815733.952"
1.0,0,1769815732.2283,5.1745,27,32,59,36.3074,0.092,0.6133,1.0,0.0,94.54,38.9289,40.4819,40.4819,9948.6307,1769815776.339245,7.94,67,844,0.988,31,26,0,11.5,15.0,0,1537,1769815733.681,-40.133,meta-llama/Llama-3.2-1B-Instruct,"1769815733.681, 1769815733.706, 1769815733.780, 1769815733.927, 1769815733.952"
1.0,0,1769815732.2548,5.1977,27,32,59,36.2745,0.0893,0.8899,1.0,0.0,94.55,39.0447,40.4722,40.4722,9989.103,1769815776.5033736,7.93,67,845,0.988,31,27,0,11.5,15.0,0,1537,1769815733.681,-40.133,meta-llama/Llama-3.2-1B-Instruct,"1769815733.681, 1769815733.706, 1769815733.780, 1769815733.927, 1769815733.952"
1.0,0,1769815732.32,7.1547,27,32,59,34.2745,0.0861,1.164,1.0,0.164,94.43,37.1656,40.4293,40.4293,10029.5322,1769815776.6535416,7.92,67,846,0.996,30,29,0,11.5,15.0,0,1537,1769815733.681,-40.133,meta-llama/Llama-3.2-1B-Instruct,"1769815733.681, 1769815733.706, 1769815733.780, 1769815733.927, 1769815733.952"
1.0,0,1769815732.4551,39.2061,27,32,59,2.0583,0.0982,1.2063,1.0,0.2063,94.32,5.0256,40.2644,40.2644,10110.1125,1769815776.6988182,7.9,67,848,0.873,23,34,0,11.5,15.0,0,1537,1769815733.681,-40.133,meta-llama/Llama-3.2-1B-Instruct,"1769815733.681, 1769815733.706, 1769815733.780, 1769815733.927, 1769815733.952"
1.0,0,1769815732.385,18.5176,27,32,59,22.7982,0.0993,1.2231,1.0,0.2231,94.2,25.783,40.3159,40.3159,10110.1125,1769815776.7023315,7.91,67,848,0.982,28,31,0,11.5,15.0,0,1537,1769815733.681,-40.133,meta-llama/Llama-3.2-1B-Instruct,"1769815733.681, 1769815733.706, 1769815733.780, 1769815733.927, 1769815733.952"
1.0,0,1769815732.5545,39.2097,27,32,59,1.9769,0.1088,1.2071,1.0,0.2071,94.09,4.9395,40.1866,40.1866,10150.2991,1769815776.7053185,7.89,67,849,0.987,27,31,0,11.5,15.0,0,1537,1769815733.681,-40.133,meta-llama/Llama-3.2-1B-Instruct,"1769815733.681, 1769815733.706, 1769815733.780, 1769815733.927, 1769815733.952"
1.0,0,1769815732.6544,40.6806,27,32,59,0.4583,0.0876,1.1973,1.0,0.1973,93.98,3.4289,40.1389,40.1389,10190.438,1769815776.7742364,7.88,67,850,0.989,59,0,0,11.5,15.0,0,1537,1769815733.681,-40.133,meta-llama/Llama-3.2-1B-Instruct,"1769815733.681, 1769815733.706, 1769815733.780, 1769815733.927, 1769815733.952"
1.0,0,1769815733.5084,42.9889,27,11,38,0.1237,0.0675,0.0675,1.0,0.0,93.98,0.5767,42.1126,42.1126,10232.5506,1769815777.0760555,7.87,67,851,0.49,28,0,0,11.5,15.0,0,1537,1769815733.681,-40.133,meta-llama/Llama-3.2-1B-Instruct,"1769815733.681, 1769815733.706, 1769815733.780, 1769815733.927, 1769815733.952"
1.0,0,1769815732.7796,43.257,27,32,59,0.2593,0.0733,0.0959,1.0,0.0,93.99,1.5052,42.5163,42.5163,10359.7772,1769815777.5509846,7.85,67,854,0.99,31,8,0,11.5,15.0,0,1537,1769815733.681,-40.133,meta-llama/Llama-3.2-1B-Instruct,"1769815733.681, 1769815733.706, 1769815733.780, 1769815733.927, 1769815733.952"
1.0,0,1769815732.9271,43.1777,27,32,59,0.1976,0.0651,0.0732,1.0,0.0,94.0,1.4445,42.3753,42.3753,10444.979,1769815777.559432,7.85,67,856,0.989,30,8,0,11.5,15.0,0,1537,1769815733.681,-40.133,meta-llama/Llama-3.2-1B-Instruct,"1769815733.681, 1769815733.706, 1769815733.780, 1769815733.927, 1769815733.952"
1.0,0,1769815732.6808,42.1569,27,32,59,1.456,0.0692,0.0776,1.0,0.0,94.0,2.7145,42.6129,42.6129,10444.979,1769815777.559622,7.84,67,856,0.997,58,0,0,11.5,15.0,0,1537,1769815733.681,-40.133,meta-llama/Llama-3.2-1B-Instruct,"1769815733.681, 1769815733.706, 1769815733.780, 1769815733.927, 1769815733.952"
1.0,0,1769815732.7057,42.2833,27,32,59,1.3056,0.0756,0.0838,1.0,0.0,94.01,2.5674,42.5889,42.5889,10487.1655,1769815777.5602708,7.83,67,857,0.997,58,1,0,11.5,15.0,0,1537,1769815733.681,-40.133,meta-llama/Llama-3.2-1B-Instruct,"1769815733.681, 1769815733.706, 1769815733.780, 1769815733.927, 1769815733.952"
1.0,0,1769815732.9522,43.2155,27,32,59,0.1195,0.0837,0.0846,1.0,0.0,94.02,1.372,42.335,42.335,10487.1655,1769815777.5606346,7.86,67,857,0.989,30,9,0,11.5,15.0,0,1537,1769815733.681,-40.133,meta-llama/Llama-3.2-1B-Instruct,"1769815733.681, 1769815733.706, 1769815733.780, 1769815733.927, 1769815733.952"
1.0,0,1769815733.1542,43.0805,27,30,57,0.106,0.0813,0.0849,1.0,0.0,94.03,1.3253,42.1865,42.1865,10487.1655,1769815777.560805,7.82,67,857,0.488,26,0,0,11.5,15.0,0,1537,1769815733.681,-40.133,meta-llama/Llama-3.2-1B-Instruct,"1769815733.681, 1769815733.706, 1769815733.780, 1769815733.927, 1769815733.952"
1.0,0,1769815733.3067,43.0167,27,32,59,0.1367,0.0676,0.0693,1.0,0.0,94.03,1.3966,42.1535,42.1535,10529.319,1769815777.7296228,7.81,67,858,0.489,27,0,0,11.5,15.0,0,1537,1769815733.681,-40.133,meta-llama/Llama-3.2-1B-Instruct,"1769815733.681, 1769815733.706, 1769815733.780, 1769815733.927, 1769815733.952"
1.0,0,1769815733.5636,42.9971,27,27,54,0.0824,0.0672,0.0716,1.0,0.0,94.04,1.1931,42.0794,42.0794,10571.3984,1769815777.7709897,7.8,67,859,0.49,27,1,0,11.5,15.0,0,1537,1769815733.681,-40.133,meta-llama/Llama-3.2-1B-Instruct,"1769815733.681, 1769815733.706, 1769815733.780, 1769815733.927, 1769815733.952"
1.0,0,1769815733.3332,43.0766,27,32,59,0.0818,0.0689,0.0719,1.0,0.0,94.05,1.3689,42.1584,42.1584,10613.5568,1769815777.7865312,7.79,67,860,0.488,26,0,0,11.5,15.0,0,1537,1769815733.681,-40.133,meta-llama/Llama-3.2-1B-Instruct,"1769815733.681, 1769815733.706, 1769815733.780, 1769815733.927, 1769815733.952"
1.0,0,1769815733.771,43.1253,27,23,50,0.1018,0.0732,0.0788,1.0,0.0,94.05,1.0236,42.2271,42.2271,10655.784,1769815777.9217353,7.78,67,861,0.489,25,0,0,11.5,15.0,0,1537,1769815733.681,-40.133,meta-llama/Llama-3.2-1B-Instruct,"1769815733.681, 1769815733.706, 1769815733.780, 1769815733.927, 1769815733.952"
1.0,0,1769815733.6514,43.0231,27,32,59,0.0922,0.0608,0.0646,1.0,0.0,94.06,1.36,42.1153,42.1153,10697.8992,1769815778.0372982,7.77,67,862,0.491,28,0,0,11.5,15.0,0,1537,1769815733.681,-40.133,meta-llama/Llama-3.2-1B-Instruct,"1769815733.681, 1769815733.706, 1769815733.780, 1769815733.927, 1769815733.952"
1.0,0,1769815733.6736,43.2176,27,32,59,0.1007,0.0629,0.0823,1.0,0.0,94.07,1.3335,42.3183,42.3183,10740.2176,1769815778.2417104,7.76,67,863,0.489,25,0,0,11.5,15.0,0,1537,1769815733.681,-40.133,meta-llama/Llama-3.2-1B-Instruct,"1769815733.681, 1769815733.706, 1769815733.780, 1769815733.927, 1769815733.952"
1.0,0,1769815733.7936,43.1423,27,32,59,0.0734,0.0658,0.1039,1.0,0.0,94.08,1.3533,42.2157,42.2157,10782.4332,1769815778.2912664,7.75,67,864,0.49,25,0,0,11.5,15.0,0,1537,1769815733.681,-40.133,meta-llama/Llama-3.2-1B-Instruct,"1769815733.681, 1769815733.706, 1769815733.780, 1769815733.927, 1769815733.952"
1.0,0,1769815733.8509,43.1979,27,32,59,0.0869,0.0608,0.0644,1.0,0.0,94.08,1.3532,42.2848,42.2848,10824.718,1769815778.4133422,7.75,67,865,0.49,27,0,0,11.5,15.0,0,1537,1769815733.681,-40.133,meta-llama/Llama-3.2-1B-Instruct,"1769815733.681, 1769815733.706, 1769815733.780, 1769815733.927, 1769815733.952"
1.0,0,1769815733.8733,43.2277,27,32,59,0.1114,0.0653,0.0684,1.0,0.0,94.09,1.3753,42.3391,42.3391,10867.0571,1769815778.4818435,7.74,67,866,0.49,27,0,0,11.5,15.0,0,1537,1769815733.681,-40.133,meta-llama/Llama-3.2-1B-Instruct,"1769815733.681, 1769815733.706, 1769815733.780, 1769815733.927, 1769815733.952"
1.0,0,1769815734.007,43.2259,27,30,57,0.11,0.0613,0.0625,1.0,0.0,94.1,1.3347,42.3358,42.3358,10909.3929,1769815778.5731392,7.73,67,867,0.493,29,0,0,11.5,15.0,0,1537,1769815733.681,-40.133,meta-llama/Llama-3.2-1B-Instruct,"1769815733.681, 1769815733.706, 1769815733.780, 1769815733.927, 1769815733.952"
1.0,0,1769815734.4776,43.2215,27,21,48,0.0785,0.0656,0.0764,1.0,0.0,94.1,0.9276,42.3,42.3,10951.6929,1769815778.6305969,7.72,67,868,0.493,27,0,0,11.5,15.0,0,1537,1769815733.681,-40.133,meta-llama/Llama-3.2-1B-Instruct,"1769815733.681, 1769815733.706, 1769815733.780, 1769815733.927, 1769815733.952"
1.0,0,1769815734.0288,43.274,27,32,59,0.125,0.0614,0.0627,1.0,0.0,94.11,1.367,42.3991,42.3991,10994.092,1769815778.6778367,7.71,67,869,0.493,29,0,0,11.5,15.0,0,1537,1769815733.681,-40.133,meta-llama/Llama-3.2-1B-Instruct,"1769815733.681, 1769815733.706, 1769815733.780, 1769815733.927, 1769815733.952"
1.0,0,1769815734.0506,43.3817,27,32,59,0.104,0.0606,0.0761,1.0,0.0,94.12,1.3588,42.4858,42.4858,11036.5777,1769815778.8017628,7.7,67,870,0.495,31,0,0,11.5,15.0,0,1537,1769815733.681,-40.133,meta-llama/Llama-3.2-1B-Instruct,"1769815733.681, 1769815733.706, 1769815733.780, 1769815733.927, 1769815733.952"
1.0,0,1769815734.1428,43.3595,27,32,59,0.1287,0.0703,0.0718,1.0,0.0,94.12,1.383,42.4881,42.4881,11079.0659,1769815778.9131792,7.69,67,871,0.495,31,1,0,11.5,15.0,0,1561,1769815737.703,-41.2,meta-llama/Llama-3.2-1B-Instruct,"1769815737.703, 1769815737.761, 1769815737.815, 1769815737.964, 1769815738.041"
1.0,0,1769815734.2156,43.4161,27,32,59,0.1241,0.0808,0.0885,1.0,0.0,94.13,1.4025,42.5403,42.5403,11121.6061,1769815779.039882,7.68,67,872,0.493,27,0,0,11.5,15.0,0,1561,1769815737.703,-41.2,meta-llama/Llama-3.2-1B-Instruct,"1769815737.703, 1769815737.761, 1769815737.815, 1769815737.964, 1769815738.041"
1.0,0,1769815734.5846,43.2207,27,32,59,0.0974,0.0677,0.0976,1.0,0.0,94.14,1.3588,42.3181,42.3181,11163.9243,1769815779.1952584,7.67,67,873,0.493,26,0,0,11.5,15.0,0,1561,1769815737.703,-41.2,meta-llama/Llama-3.2-1B-Instruct,"1769815737.703, 1769815737.761, 1769815737.815, 1769815737.964, 1769815738.041"
1.0,0,1769815734.7245,43.1872,27,32,59,0.1086,0.0711,0.0761,1.0,0.0,94.15,1.3659,42.2957,42.2957,11206.22,1769815779.2792108,7.67,67,874,0.493,26,0,0,11.5,15.0,0,1561,1769815737.703,-41.2,meta-llama/Llama-3.2-1B-Instruct,"1769815737.703, 1769815737.761, 1769815737.815, 1769815737.964, 1769815738.041"
1.0,0,1769815735.2571,42.8454,27,32,59,0.0988,0.0648,0.0876,1.0,0.0,94.15,1.3657,41.9442,41.9442,11248.1642,1769815779.4826305,7.66,67,875,0.494,26,0,0,11.5,15.0,0,1561,1769815737.703,-41.2,meta-llama/Llama-3.2-1B-Instruct,"1769815737.703, 1769815737.761, 1769815737.815, 1769815737.964, 1769815738.041"
1.0,0,1769815736.0102,42.5322,27,20,47,0.0704,0.0931,0.0931,1.0,0.0,94.16,0.9422,41.6025,41.6025,11331.9039,1769815779.4880314,7.65,67,877,0.496,27,0,0,11.5,15.0,0,1561,1769815737.703,-41.2,meta-llama/Llama-3.2-1B-Instruct,"1769815737.703, 1769815737.761, 1769815737.815, 1769815737.964, 1769815738.041"
1.0,0,1769815735.0801,43.0293,27,32,59,0.1079,0.0721,0.0962,1.0,0.0,94.17,1.3763,42.1372,42.1372,11331.9039,1769815779.489083,7.64,67,877,0.494,26,0,0,11.5,15.0,0,1561,1769815737.703,-41.2,meta-llama/Llama-3.2-1B-Instruct,"1769815737.703, 1769815737.761, 1769815737.815, 1769815737.964, 1769815738.041"
1.0,0,1769815735.7418,42.5206,27,32,59,0.0806,0.0721,0.1014,1.0,0.0,94.17,1.3312,41.6012,41.6012,11415.2463,1769815779.6037817,7.63,67,879,0.495,27,0,0,11.5,15.0,0,1561,1769815737.703,-41.2,meta-llama/Llama-3.2-1B-Instruct,"1769815737.703, 1769815737.761, 1769815737.815, 1769815737.964, 1769815738.041"
1.0,0,1769815735.5648,42.6237,27,32,59,0.1175,0.0661,0.0689,1.0,0.0,94.18,1.4138,41.7412,41.7412,11415.2463,1769815779.6092484,7.62,67,879,0.495,27,1,0,11.5,15.0,0,1561,1769815737.703,-41.2,meta-llama/Llama-3.2-1B-Instruct,"1769815737.703, 1769815737.761, 1769815737.815, 1769815737.964, 1769815738.041"
1.0,0,1769815735.8171,42.5169,27,32,59,0.092,0.0791,0.091,1.0,0.0,94.19,1.3402,41.6089,41.6089,11456.8552,1769815779.682814,7.61,67,880,0.495,28,0,0,11.5,15.0,0,1561,1769815737.703,-41.2,meta-llama/Llama-3.2-1B-Instruct,"1769815737.703, 1769815737.761, 1769815737.815, 1769815737.964, 1769815738.041"
1.0,0,1769815735.8447,42.6319,27,32,59,0.1168,0.0808,0.0921,1.0,0.0,94.19,1.3519,41.7487,41.7487,11498.6039,1769815779.8399534,7.6,67,881,0.496,28,0,0,11.5,15.0,0,1561,1769815737.703,-41.2,meta-llama/Llama-3.2-1B-Instruct,"1769815737.703, 1769815737.761, 1769815737.815, 1769815737.964, 1769815738.041"
1.0,0,1769815736.0687,42.5948,27,32,59,0.0977,0.0826,0.0927,1.0,0.0,94.2,1.3167,41.6925,41.6925,11582.0307,1769815780.0096817,7.6,67,883,0.497,27,0,0,11.5,15.0,0,1561,1769815737.703,-41.2,meta-llama/Llama-3.2-1B-Instruct,"1769815737.703, 1769815737.761, 1769815737.815, 1769815737.964, 1769815738.041"
1.0,0,1769815737.2505,42.5958,27,0,27,,,,1.0,,,0.1385,41.7343,41.7343,11582.0307,1769815780.012962,7.59,67,883,0.501,28,0,0,11.5,15.0,0,1561,1769815737.703,-41.2,meta-llama/Llama-3.2-1B-Instruct,"1769815737.703, 1769815737.761, 1769815737.815, 1769815737.964, 1769815738.041"
1.0,0,1769815736.212,42.5551,27,32,59,0.1152,0.075,0.077,1.0,0.0,94.21,1.3623,41.6703,41.6703,11623.7009,1769815780.1315503,7.58,67,884,0.497,27,0,0,11.5,15.0,0,1561,1769815737.703,-41.2,meta-llama/Llama-3.2-1B-Instruct,"1769815737.703, 1769815737.761, 1769815737.815, 1769815737.964, 1769815738.041"
1.0,0,1769815736.2786,42.5454,27,32,59,0.0632,0.0693,0.0791,1.0,0.0,94.21,1.3465,41.6086,41.6086,11665.3095,1769815780.175834,7.57,67,885,0.496,26,0,0,11.5,15.0,0,1561,1769815737.703,-41.2,meta-llama/Llama-3.2-1B-Instruct,"1769815737.703, 1769815737.761, 1769815737.815, 1769815737.964, 1769815738.041"
1.0,0,1769815736.3392,42.5862,27,32,59,0.0856,0.0703,0.0872,1.0,0.0,94.22,1.3532,41.6717,41.6717,11706.9813,1769815780.2852337,7.56,67,886,0.497,27,0,0,11.5,15.0,0,1561,1769815737.703,-41.2,meta-llama/Llama-3.2-1B-Instruct,"1769815737.703, 1769815737.761, 1769815737.815, 1769815737.964, 1769815738.041"
1.0,0,1769815736.7032,42.2944,27,32,59,0.1091,0.0689,0.0946,1.0,0.0,94.23,1.3735,41.4035,41.4035,11748.3848,1769815780.3762095,7.55,67,887,0.497,27,0,0,11.5,15.0,0,1561,1769815737.703,-41.2,meta-llama/Llama-3.2-1B-Instruct,"1769815737.703, 1769815737.761, 1769815737.815, 1769815737.964, 1769815738.041"
1.0,0,1769815737.5951,42.6903,27,1,28,0.1324,,,1.0,,,0.1335,41.8227,41.8227,11790.2075,1769815780.4331346,7.55,67,888,0.502,27,0,0,11.5,15.0,0,1561,1769815737.703,-41.2,meta-llama/Llama-3.2-1B-Instruct,"1769815737.703, 1769815737.761, 1769815737.815, 1769815737.964, 1769815738.041"
1.0,0,1769815736.7614,42.3219,27,32,59,0.088,0.0691,0.0712,1.0,0.0,94.23,1.357,41.41,41.41,11831.6175,1769815780.4423661,7.54,67,889,0.498,28,0,0,11.5,15.0,0,1561,1769815737.703,-41.2,meta-llama/Llama-3.2-1B-Instruct,"1769815737.703, 1769815737.761, 1769815737.815, 1769815737.964, 1769815738.041"
1.0,0,1769815736.9643,42.3543,27,26,53,0.1323,0.0686,0.0779,1.0,0.0,94.24,1.2133,41.4866,41.4866,11873.1041,1769815780.5329194,7.53,67,890,0.499,27,0,0,11.5,15.0,0,1561,1769815737.703,-41.2,meta-llama/Llama-3.2-1B-Instruct,"1769815737.703, 1769815737.761, 1769815737.815, 1769815737.964, 1769815738.041"
1.0,0,1769815736.8153,42.4958,27,32,59,0.1616,0.0693,0.0845,1.0,0.0,94.25,1.3773,41.6574,41.6574,11914.7615,1769815780.689186,7.52,67,891,0.499,28,0,0,11.5,15.0,0,1561,1769815737.703,-41.2,meta-llama/Llama-3.2-1B-Instruct,"1769815737.703, 1769815737.761, 1769815737.815, 1769815737.964, 1769815738.041"
1.0,0,1769815737.0411,42.3406,27,32,59,0.1047,0.0705,0.072,1.0,0.0,94.25,1.3591,41.4453,41.4453,11956.2068,1769815780.7451007,7.51,67,892,0.499,27,0,0,11.5,15.0,0,1561,1769815737.703,-41.2,meta-llama/Llama-3.2-1B-Instruct,"1769815737.703, 1769815737.761, 1769815737.815, 1769815737.964, 1769815738.041"
1.0,0,1769815737.0728,42.4331,27,32,59,0.097,0.0768,0.0877,1.0,0.0,94.26,1.3469,41.5302,41.5302,11997.737,1769815780.8589525,7.5,67,893,0.499,27,0,0,11.5,15.0,0,1561,1769815737.703,-41.2,meta-llama/Llama-3.2-1B-Instruct,"1769815737.703, 1769815737.761, 1769815737.815, 1769815737.964, 1769815738.041"
1.0,0,1769815737.102,42.4613,27,32,59,0.1117,0.0711,0.0754,1.0,0.0,94.27,1.3813,41.573,41.573,12039.31,1769815780.9543326,7.49,67,894,0.499,27,0,0,11.5,15.0,0,1561,1769815737.703,-41.2,meta-llama/Llama-3.2-1B-Instruct,"1769815737.703, 1769815737.761, 1769815737.815, 1769815737.964, 1769815738.041"
1.0,0,1769815737.1874,42.4623,27,32,59,0.1613,0.0752,0.1039,1.0,0.0,94.27,1.4127,41.6237,41.6237,12080.9336,1769815781.0630572,7.49,67,895,0.499,26,1,0,11.5,15.0,0,1561,1769815737.703,-41.2,meta-llama/Llama-3.2-1B-Instruct,"1769815737.703, 1769815737.761, 1769815737.815, 1769815737.964, 1769815738.041"
1.0,0,1769815737.2184,42.5314,27,32,59,0.0871,0.0731,0.0734,1.0,0.0,94.28,1.3542,41.6185,41.6185,12122.5521,1769815781.105964,7.48,67,896,0.5,26,1,0,11.5,15.0,0,1561,1769815737.703,-41.2,meta-llama/Llama-3.2-1B-Instruct,"1769815737.703, 1769815737.761, 1769815737.815, 1769815737.964, 1769815738.041"
1.0,0,1769815737.3081,42.5999,27,32,59,0.0757,0.0696,0.0929,1.0,0.0,94.29,1.3782,41.6755,41.6755,12164.2277,1769815781.29168,7.47,67,897,0.501,27,1,0,11.5,15.0,0,1561,1769815737.703,-41.2,meta-llama/Llama-3.2-1B-Instruct,"1769815737.703, 1769815737.761, 1769815737.815, 1769815737.964, 1769815738.041"
1.0,0,1769815737.3779,42.5882,27,32,59,0.1063,0.0701,0.0797,1.0,0.0,94.29,1.3691,41.6946,41.6946,12205.9222,1769815781.3433623,7.46,67,898,0.502,28,0,0,11.5,15.0,0,1561,1769815737.703,-41.2,meta-llama/Llama-3.2-1B-Instruct,"1769815737.703, 1769815737.761, 1769815737.815, 1769815737.964, 1769815738.041"
1.0,0,1769815737.4085,42.6325,27,32,59,0.1329,0.0766,0.0852,1.0,0.0,94.3,1.3749,41.7654,41.7654,12247.6876,1769815781.4257288,7.45,67,899,0.502,28,0,0,11.5,15.0,0,1561,1769815737.703,-41.2,meta-llama/Llama-3.2-1B-Instruct,"1769815737.703, 1769815737.761, 1769815737.815, 1769815737.964, 1769815738.041"
1.0,0,1769815737.4659,42.6862,27,32,59,0.1128,0.086,0.0891,1.0,0.0,94.31,1.4417,41.799,41.799,12289.4867,1769815781.596185,7.44,67,900,0.501,27,0,0,11.5,15.0,0,1561,1769815737.703,-41.2,meta-llama/Llama-3.2-1B-Instruct,"1769815737.703, 1769815737.761, 1769815737.815, 1769815737.964, 1769815738.041"
200.0,1,1769815639.5855,89.2033,3339,721,4060,1.8915,0.0793,0.1029,200.0,0.0,94.31,52.8643,-57.9324,0.0,12289.4867,1769815781.668335,7.55,68,901,0.609,29,1,0,11.5,15.0,0,1561,1769815737.703,-41.2,meta-llama/Llama-3.2-1B-Instruct,"1769815737.703, 1769815737.761, 1769815737.815, 1769815737.964, 1769815738.041"
1.0,0,1769815737.8594,42.4904,27,32,59,0.0807,0.0744,0.0774,1.0,0.0,94.32,1.3724,41.5712,41.5712,12331.0579,1769815781.7232256,7.54,68,902,0.502,27,0,0,11.5,15.0,0,1561,1769815737.703,-41.2,meta-llama/Llama-3.2-1B-Instruct,"1769815737.703, 1769815737.761, 1769815737.815, 1769815737.964, 1769815738.041"
1.0,0,1769815737.9407,42.5695,27,32,59,0.1011,0.0741,0.0742,1.0,0.0,94.32,1.3575,41.6706,41.6706,12414.4235,1769815781.8762093,7.53,68,904,0.502,26,0,0,11.5,15.0,0,1561,1769815737.703,-41.2,meta-llama/Llama-3.2-1B-Instruct,"1769815737.703, 1769815737.761, 1769815737.815, 1769815737.964, 1769815738.041"
1.0,0,1769815737.9116,42.6134,27,32,59,0.0816,0.1019,0.1019,1.0,0.0,94.33,1.3493,41.695,41.695,12414.4235,1769815781.8767292,7.52,68,904,0.503,28,0,0,11.5,15.0,0,1561,1769815737.703,-41.2,meta-llama/Llama-3.2-1B-Instruct,"1769815737.703, 1769815737.761, 1769815737.815, 1769815737.964, 1769815738.041"
1.0,0,1769815737.9943,42.5622,27,32,59,0.0905,0.0862,0.0976,1.0,0.0,94.34,1.367,41.6527,41.6527,12456.0762,1769815781.9283683,7.51,68,905,0.502,25,0,0,11.5,15.0,0,1561,1769815737.703,-41.2,meta-llama/Llama-3.2-1B-Instruct,"1769815737.703, 1769815737.761, 1769815737.815, 1769815737.964, 1769815738.041"
1.0,0,1769815738.1787,42.4851,27,32,59,0.0872,0.0734,0.0748,1.0,0.0,94.34,1.3591,41.5723,41.5723,12497.6484,1769815782.0322742,7.51,68,906,0.504,28,0,0,11.5,15.0,0,1561,1769815737.703,-41.2,meta-llama/Llama-3.2-1B-Instruct,"1769815737.703, 1769815737.761, 1769815737.815, 1769815737.964, 1769815738.041"
1.0,0,1769815738.3211,42.4403,27,32,59,0.0831,0.078,0.0841,1.0,0.0,94.35,1.3497,41.5234,41.5234,12539.1718,1769815782.1120586,7.5,68,907,0.503,27,0,0,11.5,15.0,0,1561,1769815737.703,-41.2,meta-llama/Llama-3.2-1B-Instruct,"1769815737.703, 1769815737.761, 1769815737.815, 1769815737.964, 1769815738.041"
1.0,0,1769815738.589,42.2217,27,32,59,0.1174,0.0695,0.0761,1.0,0.0,94.36,1.3926,41.3391,41.3391,12580.5109,1769815782.223694,7.49,68,908,0.504,27,0,0,11.5,15.0,0,1561,1769815737.703,-41.2,meta-llama/Llama-3.2-1B-Instruct,"1769815737.703, 1769815737.761, 1769815737.815, 1769815737.964, 1769815738.041"
1.0,0,1769815738.638,42.3011,27,32,59,0.1143,0.0782,0.086,1.0,0.0,94.36,1.3637,41.4154,41.4154,12621.9263,1769815782.3058774,7.48,68,909,0.504,27,0,0,11.5,15.0,0,1561,1769815737.703,-41.2,meta-llama/Llama-3.2-1B-Instruct,"1769815737.703, 1769815737.761, 1769815737.815, 1769815737.964, 1769815738.041"
1.0,0,1769815738.6657,42.3714,27,32,59,0.1231,0.0669,0.067,1.0,0.0,94.37,1.3905,41.4945,41.4945,12663.4208,1769815782.4438014,7.47,68,910,0.504,27,0,0,11.5,15.0,0,1561,1769815737.703,-41.2,meta-llama/Llama-3.2-1B-Instruct,"1769815737.703, 1769815737.761, 1769815737.815, 1769815737.964, 1769815738.041"
1.0,0,1769815738.7832,42.3537,27,32,59,0.1304,0.0818,0.0921,1.0,0.0,94.38,1.3821,41.4841,41.4841,12704.9049,1769815782.5198433,7.46,68,911,0.504,26,1,0,11.5,15.0,0,1561,1769815737.703,-41.2,meta-llama/Llama-3.2-1B-Instruct,"1769815737.703, 1769815737.761, 1769815737.815, 1769815737.964, 1769815738.041"
1.0,0,1769815738.8428,42.375,27,32,59,0.0613,0.0682,0.0724,1.0,0.0,94.38,1.3297,41.4364,41.4364,12746.3412,1769815782.5535228,7.46,68,912,0.505,27,1,0,11.5,15.0,0,1561,1769815737.703,-41.2,meta-llama/Llama-3.2-1B-Instruct,"1769815737.703, 1769815737.761, 1769815737.815, 1769815737.964, 1769815738.041"
1.0,0,1769815738.8713,42.4462,27,32,59,0.0908,0.0722,0.0765,1.0,0.0,94.39,1.3651,41.537,41.537,12787.8782,1769815782.6836762,7.45,68,913,0.506,28,0,0,11.5,15.0,0,1561,1769815737.703,-41.2,meta-llama/Llama-3.2-1B-Instruct,"1769815737.703, 1769815737.761, 1769815737.815, 1769815737.964, 1769815738.041"
1.0,0,1769815738.9919,42.393,27,32,59,0.1137,0.0727,0.0988,1.0,0.0,94.39,1.3465,41.5067,41.5067,12829.3849,1769815782.7374496,7.44,68,914,0.505,27,0,0,11.5,15.0,0,1561,1769815737.703,-41.2,meta-llama/Llama-3.2-1B-Instruct,"1769815737.703, 1769815737.761, 1769815737.815, 1769815737.964, 1769815738.041"
1.0,0,1769815739.1755,42.3284,27,32,59,0.0743,0.0776,0.0787,1.0,0.0,94.4,1.3477,41.4028,41.4028,12870.7877,1769815782.8559623,7.43,68,915,0.506,28,0,0,11.5,15.0,0,1561,1769815737.703,-41.2,meta-llama/Llama-3.2-1B-Instruct,"1769815737.703, 1769815737.761, 1769815737.815, 1769815737.964, 1769815738.041"
1.0,0,1769815739.2641,42.2822,27,32,59,0.1047,0.0657,0.0802,1.0,0.0,94.41,1.3508,41.3869,41.3869,12912.1746,1769815782.901125,7.42,68,916,0.506,28,0,0,11.5,15.0,0,1561,1769815737.703,-41.2,meta-llama/Llama-3.2-1B-Instruct,"1769815737.703, 1769815737.761, 1769815737.815, 1769815737.964, 1769815738.041"
1.0,0,1769815739.8729,42.1831,27,19,46,0.1756,0.0601,0.0601,1.0,0.0,94.41,0.9279,41.3587,41.3587,12953.5333,1769815782.9848595,7.42,68,917,0.469,27,1,0,11.5,15.0,0,1561,1769815737.703,-41.2,meta-llama/Llama-3.2-1B-Instruct,"1769815737.703, 1769815737.761, 1769815737.815, 1769815737.964, 1769815738.041"
1.0,0,1769815739.5048,42.2274,27,32,59,0.087,0.0608,0.0737,1.0,0.0,94.42,1.3293,41.3144,41.3144,13036.2287,1769815783.0758889,7.41,68,919,0.468,27,0,0,11.5,15.0,0,1561,1769815737.703,-41.2,meta-llama/Llama-3.2-1B-Instruct,"1769815737.703, 1769815737.761, 1769815737.815, 1769815737.964, 1769815738.041"
1.0,0,1769815739.4564,42.2544,27,32,59,0.1266,0.0617,0.0683,1.0,0.0,94.43,1.3616,41.3809,41.3809,13036.2287,1769815783.0965896,7.4,68,919,0.507,29,0,0,11.5,15.0,0,1561,1769815737.703,-41.2,meta-llama/Llama-3.2-1B-Instruct,"1769815737.703, 1769815737.761, 1769815737.815, 1769815737.964, 1769815738.041"
1.0,0,1769815739.5355,42.2647,27,32,59,0.1602,0.0727,0.0829,1.0,0.0,94.43,1.3881,41.4249,41.4249,13077.6536,1769815783.1919441,7.39,68,920,0.47,29,0,0,11.5,15.0,0,1561,1769815737.703,-41.2,meta-llama/Llama-3.2-1B-Instruct,"1769815737.703, 1769815737.761, 1769815737.815, 1769815737.964, 1769815738.041"
1.0,0,1769815739.6453,42.2589,27,32,59,0.0749,0.0627,0.0697,1.0,0.0,94.44,1.3283,41.3338,41.3338,13118.9873,1769815783.2543778,7.38,68,921,0.469,27,1,0,11.5,15.0,0,1561,1769815737.703,-41.2,meta-llama/Llama-3.2-1B-Instruct,"1769815737.703, 1769815737.761, 1769815737.815, 1769815737.964, 1769815738.041"
1.0,0,1769815739.7258,42.2654,27,32,59,0.1013,0.0833,0.0864,1.0,0.0,94.44,1.3875,41.3667,41.3667,13160.354,1769815783.3840427,7.38,68,922,0.47,28,0,0,11.5,15.0,0,1561,1769815737.703,-41.2,meta-llama/Llama-3.2-1B-Instruct,"1769815737.703, 1769815737.761, 1769815737.815, 1769815737.964, 1769815738.041"
1.0,0,1769815739.991,42.1325,27,32,59,0.0941,0.0613,0.0646,1.0,0.0,94.45,1.3216,41.2265,41.2265,13201.5806,1769815783.4544518,7.37,68,923,0.47,27,0,0,11.5,15.0,0,1561,1769815737.703,-41.2,meta-llama/Llama-3.2-1B-Instruct,"1769815737.703, 1769815737.761, 1769815737.815, 1769815737.964, 1769815738.041"
1.0,0,1769815740.0333,42.1729,27,32,59,0.0828,0.0609,0.0659,1.0,0.0,94.46,1.3388,41.2557,41.2557,13242.8362,1769815783.5512233,7.36,68,924,0.47,27,0,0,11.5,15.0,0,1561,1769815737.703,-41.2,meta-llama/Llama-3.2-1B-Instruct,"1769815737.703, 1769815737.761, 1769815737.815, 1769815737.964, 1769815738.041"
1.0,0,1769815740.132,42.2211,27,32,59,0.0964,0.0645,0.0774,1.0,0.0,94.46,1.3346,41.3175,41.3175,13284.1537,1769815783.6932442,7.35,68,925,0.471,28,0,0,11.5,15.0,0,1561,1769815737.703,-41.2,meta-llama/Llama-3.2-1B-Instruct,"1769815737.703, 1769815737.761, 1769815737.815, 1769815737.964, 1769815738.041"
1.0,0,1769815740.1725,42.2438,27,32,59,0.1226,0.0749,0.0778,1.0,0.0,94.47,1.3748,41.3663,41.3663,13366.8835,1769815783.8039765,7.34,68,927,0.472,28,0,0,11.5,15.0,0,1561,1769815737.703,-41.2,meta-llama/Llama-3.2-1B-Instruct,"1769815737.703, 1769815737.761, 1769815737.815, 1769815737.964, 1769815738.041"
1.0,0,1769815740.2012,42.292,27,32,59,0.0715,0.069,0.0738,1.0,0.0,94.48,1.3023,41.3635,41.3635,13366.8835,1769815783.8056726,7.34,68,927,0.472,28,0,0,11.5,15.0,0,1561,1769815737.703,-41.2,meta-llama/Llama-3.2-1B-Instruct,"1769815737.703, 1769815737.761, 1769815737.815, 1769815737.964, 1769815738.041"
1.0,0,1769815740.5343,42.3982,27,21,48,0.1242,0.0633,0.0659,1.0,0.0,94.48,0.941,41.5224,41.5224,13408.406,1769815783.885134,7.33,68,928,0.472,27,0,0,11.5,15.0,0,1561,1769815737.703,-41.2,meta-llama/Llama-3.2-1B-Instruct,"1769815737.703, 1769815737.761, 1769815737.815, 1769815737.964, 1769815738.041"
1.0,0,1769815740.3185,42.2683,27,32,59,0.1142,0.0668,0.0785,1.0,0.0,94.49,1.3598,41.3825,41.3825,13491.165,1769815783.9572985,7.32,68,930,0.472,28,0,0,11.5,15.0,0,1561,1769815737.703,-41.2,meta-llama/Llama-3.2-1B-Instruct,"1769815737.703, 1769815737.761, 1769815737.815, 1769815737.964, 1769815738.041"
1.0,0,1769815740.3513,42.2951,27,32,59,0.0814,0.0753,0.0939,1.0,0.0,94.49,1.3071,41.3765,41.3765,13491.165,1769815783.9673827,7.31,68,930,0.472,28,1,0,11.5,15.0,0,1561,1769815737.703,-41.2,meta-llama/Llama-3.2-1B-Instruct,"1769815737.703, 1769815737.761, 1769815737.815, 1769815737.964, 1769815738.041"
1.0,0,1769815740.4035,42.3534,27,32,59,0.0886,0.0767,0.2534,1.0,0.0,94.5,1.4895,41.442,41.442,13574.2105,1769815784.2877572,7.3,68,932,0.472,28,0,0,11.5,15.0,0,1561,1769815743.5,-40.694,meta-llama/Llama-3.2-1B-Instruct,"1769815743.500, 1769815743.976, 1769815744.091, 1769815744.300, 1769815744.344"
1.0,0,1769815740.4511,42.4766,27,32,59,0.127,0.0844,0.217,1.0,0.0,94.51,1.3522,41.6036,41.6036,13574.2105,1769815784.2879434,7.3,68,932,0.472,28,0,0,11.5,15.0,0,1561,1769815743.5,-40.694,meta-llama/Llama-3.2-1B-Instruct,"1769815743.500, 1769815743.976, 1769815744.091, 1769815744.300, 1769815744.344"
1.0,0,1769815740.6555,42.3458,27,32,59,0.1001,0.0955,0.2351,1.0,0.0,94.51,1.3254,41.446,41.446,13615.6565,1769815784.3287952,7.29,68,933,0.472,26,0,0,11.5,15.0,0,1561,1769815743.5,-40.694,meta-llama/Llama-3.2-1B-Instruct,"1769815743.500, 1769815743.976, 1769815744.091, 1769815744.300, 1769815744.344"
1.0,0,1769815740.7896,42.3076,27,32,59,0.1163,0.0861,0.3384,1.0,0.0,94.52,1.3489,41.424,41.424,13657.0804,1769815784.4486794,7.28,68,934,0.472,27,0,0,11.5,15.0,0,1561,1769815743.5,-40.694,meta-llama/Llama-3.2-1B-Instruct,"1769815743.500, 1769815743.976, 1769815744.091, 1769815744.300, 1769815744.344"
1.0,0,1769815740.8324,42.3308,27,32,59,0.0737,0.0926,0.2242,1.0,0.0,94.52,1.3521,41.4045,41.4045,13698.485,1769815784.5274394,7.27,68,935,0.473,27,1,0,11.5,15.0,0,1561,1769815743.5,-40.694,meta-llama/Llama-3.2-1B-Instruct,"1769815743.500, 1769815743.976, 1769815744.091, 1769815744.300, 1769815744.344"
1.0,0,1769815740.9818,42.2631,27,32,59,0.1199,0.0716,0.2578,1.0,0.0,94.53,1.3624,41.383,41.383,13739.868,1769815784.6084516,7.26,68,936,0.473,27,0,0,11.5,15.0,0,1561,1769815743.5,-40.694,meta-llama/Llama-3.2-1B-Instruct,"1769815743.500, 1769815743.976, 1769815744.091, 1769815744.300, 1769815744.344"
1.0,0,1769815741.916,41.772,27,21,48,0.1102,0.0894,0.2154,1.0,0.0,94.54,0.953,40.8822,40.8822,13780.7501,1769815784.6527793,7.26,68,937,0.475,28,0,0,11.5,15.0,0,1561,1769815743.5,-40.694,meta-llama/Llama-3.2-1B-Instruct,"1769815743.500, 1769815743.976, 1769815744.091, 1769815744.300, 1769815744.344"
1.0,0,1769815741.0085,42.3194,27,32,59,0.0989,0.0678,0.2419,1.0,0.0,94.54,1.346,41.4184,41.4184,13822.1685,1769815784.6793442,7.25,68,938,0.473,27,1,0,11.5,15.0,0,1561,1769815743.5,-40.694,meta-llama/Llama-3.2-1B-Instruct,"1769815743.500, 1769815743.976, 1769815744.091, 1769815744.300, 1769815744.344"
1.0,0,1769815741.0589,42.3898,27,32,59,0.1242,0.0777,0.229,1.0,0.0,94.55,1.3341,41.514,41.514,13863.6825,1769815784.792862,7.24,68,939,0.474,27,0,0,11.5,15.0,0,1561,1769815743.5,-40.694,meta-llama/Llama-3.2-1B-Instruct,"1769815743.500, 1769815743.976, 1769815744.091, 1769815744.300, 1769815744.344"
1.0,0,1769815741.444,42.0801,27,32,59,0.0721,0.0872,0.2779,1.0,0.0,94.55,1.3206,41.1522,41.1522,13904.8347,1769815784.8470423,7.23,68,940,0.474,27,0,0,11.5,15.0,0,1561,1769815743.5,-40.694,meta-llama/Llama-3.2-1B-Instruct,"1769815743.500, 1769815743.976, 1769815744.091, 1769815744.300, 1769815744.344"
1.0,0,1769815742.0529,41.7126,27,32,59,0.0945,0.0896,0.2618,1.0,0.0,94.56,1.3535,40.8071,40.8071,13945.6418,1769815785.1299698,7.23,68,941,0.475,27,0,0,11.5,15.0,0,1561,1769815743.5,-40.694,meta-llama/Llama-3.2-1B-Instruct,"1769815743.500, 1769815743.976, 1769815744.091, 1769815744.300, 1769815744.344"
1.0,0,1769815742.2367,41.6098,27,32,59,0.0937,0.0718,0.2325,1.0,0.0,94.57,1.3497,40.7035,40.7035,13986.3453,1769815785.2097454,7.22,68,942,0.475,27,0,0,11.5,15.0,0,1561,1769815743.5,-40.694,meta-llama/Llama-3.2-1B-Instruct,"1769815743.500, 1769815743.976, 1769815744.091, 1769815744.300, 1769815744.344"
1.0,0,1769815742.2643,41.6606,27,32,59,0.2525,0.0718,0.0751,1.0,0.0,94.57,1.359,40.9131,40.9131,14027.2584,1769815785.2898269,7.21,68,943,0.475,26,0,0,11.5,15.0,0,1561,1769815743.5,-40.694,meta-llama/Llama-3.2-1B-Instruct,"1769815743.500, 1769815743.976, 1769815744.091, 1769815744.300, 1769815744.344"
1.0,0,1769815742.3826,41.9225,27,32,59,0.0895,0.0679,0.0703,1.0,0.0,94.58,1.303,41.012,41.012,14068.2704,1769815785.611112,7.2,68,944,0.476,24,0,0,11.5,15.0,0,1561,1769815743.5,-40.694,meta-llama/Llama-3.2-1B-Instruct,"1769815743.500, 1769815743.976, 1769815744.091, 1769815744.300, 1769815744.344"
1.0,0,1769815742.5,41.9266,27,32,59,0.0917,0.0673,0.0701,1.0,0.0,94.58,1.2969,41.0184,41.0184,14109.2888,1769815785.7246103,7.2,68,945,0.476,24,0,0,11.5,15.0,0,1561,1769815743.5,-40.694,meta-llama/Llama-3.2-1B-Instruct,"1769815743.500, 1769815743.976, 1769815744.091, 1769815744.300, 1769815744.344"
1.0,0,1769815742.9759,41.5307,27,32,59,0.082,0.0763,0.0778,1.0,0.0,94.59,1.309,40.6126,40.6126,14149.9014,1769815785.8325698,7.19,68,946,0.476,23,0,0,11.5,15.0,0,1561,1769815743.5,-40.694,meta-llama/Llama-3.2-1B-Instruct,"1769815743.500, 1769815743.976, 1769815744.091, 1769815744.300, 1769815744.344"
1.0,0,1769815743.0912,41.5354,27,31,58,0.1493,0.0732,0.0753,1.0,0.0,94.59,1.3665,40.6848,40.6848,14190.5862,1769815786.003592,7.18,68,947,0.475,22,0,0,11.5,15.0,0,1561,1769815743.5,-40.694,meta-llama/Llama-3.2-1B-Instruct,"1769815743.500, 1769815743.976, 1769815744.091, 1769815744.300, 1769815744.344"
1.0,0,1769815743.3,41.3954,27,32,59,0.0751,0.0618,0.0864,1.0,0.0,94.6,1.3111,40.4705,40.4705,14231.0567,1769815786.010151,7.17,68,948,0.475,21,1,0,11.5,15.0,0,1561,1769815743.5,-40.694,meta-llama/Llama-3.2-1B-Instruct,"1769815743.500, 1769815743.976, 1769815744.091, 1769815744.300, 1769815744.344"
1.0,0,1769815743.3435,41.4131,27,32,59,0.1156,0.0705,0.0855,1.0,0.0,94.61,1.3142,40.5287,40.5287,14271.5854,1769815786.0728843,7.17,68,949,0.476,23,0,0,11.5,15.0,0,1561,1769815743.5,-40.694,meta-llama/Llama-3.2-1B-Instruct,"1769815743.500, 1769815743.976, 1769815744.091, 1769815744.300, 1769815744.344"
1.0,0,1769815743.4366,41.3857,27,32,59,0.0644,0.0768,0.0803,1.0,0.0,94.61,1.2945,40.4501,40.4501,14312.0356,1769815786.11995,7.16,68,950,0.476,22,1,0,11.5,15.0,0,1561,1769815743.5,-40.694,meta-llama/Llama-3.2-1B-Instruct,"1769815743.500, 1769815743.976, 1769815744.091, 1769815744.300, 1769815744.344"
1.0,0,1769815743.4778,41.4373,27,32,59,0.0914,0.0692,0.1015,1.0,0.0,94.62,1.3335,40.5287,40.5287,14352.5643,1769815786.2629752,7.15,68,951,0.476,23,0,0,11.5,15.0,0,1561,1769815743.5,-40.694,meta-llama/Llama-3.2-1B-Instruct,"1769815743.500, 1769815743.976, 1769815744.091, 1769815744.300, 1769815744.344"
1.0,0,1769815743.5763,41.4195,27,32,59,0.1305,0.0815,0.0837,1.0,0.0,94.62,1.378,40.5501,40.5501,14393.1143,1769815786.376517,7.14,68,952,0.477,24,0,0,11.5,15.0,0,1561,1769815743.5,-40.694,meta-llama/Llama-3.2-1B-Instruct,"1769815743.500, 1769815743.976, 1769815744.091, 1769815744.300, 1769815744.344"
1.0,0,1769815745.3625,40.9708,27,0,27,,,,1.0,,,0.0834,40.0542,40.0542,14473.6832,1769815786.4355004,7.14,68,954,0.483,27,0,0,11.5,15.0,0,1561,1769815743.5,-40.694,meta-llama/Llama-3.2-1B-Instruct,"1769815743.500, 1769815743.976, 1769815744.091, 1769815744.300, 1769815744.344"
1.0,0,1769815743.6979,41.3952,27,32,59,0.1195,0.0618,0.0858,1.0,0.0,94.63,1.3396,40.5147,40.5147,14473.6832,1769815786.4371378,7.13,68,954,0.478,24,0,0,11.5,15.0,0,1561,1769815743.5,-40.694,meta-llama/Llama-3.2-1B-Instruct,"1769815743.500, 1769815743.976, 1769815744.091, 1769815744.300, 1769815744.344"
1.0,0,1769815743.7435,41.4699,27,32,59,0.0654,0.0637,0.0664,1.0,0.0,94.64,1.2933,40.5354,40.5354,14514.2186,1769815786.5077543,7.12,68,955,0.477,24,0,0,11.5,15.0,0,1561,1769815743.5,-40.694,meta-llama/Llama-3.2-1B-Instruct,"1769815743.500, 1769815743.976, 1769815744.091, 1769815744.300, 1769815744.344"
1.0,0,1769815744.3734,41.3718,27,19,46,0.0851,0.0932,0.0932,1.0,0.0,94.64,0.8379,40.4569,40.4569,14554.6756,1769815786.5864277,7.11,68,956,0.481,27,1,0,11.5,15.0,0,1561,1769815743.5,-40.694,meta-llama/Llama-3.2-1B-Instruct,"1769815743.500, 1769815743.976, 1769815744.091, 1769815744.300, 1769815744.344"
1.0,0,1769815743.8938,41.4738,27,31,58,0.0829,0.0687,0.0873,1.0,0.0,94.65,1.3056,40.5568,40.5568,14595.2323,1769815786.6840527,7.11,68,957,0.478,24,0,0,11.5,15.0,0,1561,1769815743.5,-40.694,meta-llama/Llama-3.2-1B-Instruct,"1769815743.500, 1769815743.976, 1769815744.091, 1769815744.300, 1769815744.344"
1.0,0,1769815743.8434,41.5314,27,32,59,0.1145,0.0708,0.0814,1.0,0.0,94.65,1.319,40.6459,40.6459,14635.8782,1769815786.70187,7.1,68,958,0.478,24,0,0,11.5,15.0,0,1561,1769815743.5,-40.694,meta-llama/Llama-3.2-1B-Instruct,"1769815743.500, 1769815743.976, 1769815744.091, 1769815744.300, 1769815744.344"
1.0,0,1769815743.9767,41.425,27,32,59,0.0967,0.0706,0.0723,1.0,0.0,94.66,1.3399,40.5218,40.5218,14676.3999,1769815786.7467065,7.09,68,959,0.478,24,0,0,11.5,15.0,0,1561,1769815743.5,-40.694,meta-llama/Llama-3.2-1B-Instruct,"1769815743.500, 1769815743.976, 1769815744.091, 1769815744.300, 1769815744.344"
1.0,0,1769815744.0535,41.5016,27,32,59,0.0638,0.0648,0.0677,1.0,0.0,94.66,1.2823,40.5654,40.5654,14757.5345,1769815786.851259,7.08,68,961,0.48,27,0,0,11.5,15.0,0,1561,1769815743.5,-40.694,meta-llama/Llama-3.2-1B-Instruct,"1769815743.500, 1769815743.976, 1769815744.091, 1769815744.300, 1769815744.344"
1.0,0,1769815744.0236,41.4916,27,32,59,0.0776,0.0677,0.0747,1.0,0.0,94.67,1.3203,40.5692,40.5692,14757.5345,1769815786.85763,7.08,68,961,0.48,27,0,0,11.5,15.0,0,1561,1769815743.5,-40.694,meta-llama/Llama-3.2-1B-Instruct,"1769815743.500, 1769815743.976, 1769815744.091, 1769815744.300, 1769815744.344"
1.0,0,1769815744.1027,41.5823,27,32,59,0.1178,0.0666,0.0815,1.0,0.0,94.68,1.352,40.7001,40.7001,14798.2346,1769815787.047294,7.07,68,962,0.482,28,0,0,11.5,15.0,0,1561,1769815743.5,-40.694,meta-llama/Llama-3.2-1B-Instruct,"1769815743.500, 1769815743.976, 1769815744.091, 1769815744.300, 1769815744.344"
1.0,0,1769815744.6333,41.2598,27,33,60,0.0811,0.0711,0.0755,1.0,0.0,94.68,1.3325,40.3409,40.3409,14838.5755,1769815787.2278178,7.06,68,963,0.482,28,0,0,11.5,15.0,0,1561,1769815743.5,-40.694,meta-llama/Llama-3.2-1B-Instruct,"1769815743.500, 1769815743.976, 1769815744.091, 1769815744.300, 1769815744.344"
1.0,0,1769815744.7216,41.2384,27,32,59,0.1017,0.0598,0.0798,1.0,0.0,94.69,1.3335,40.34,40.34,14878.9155,1769815787.3032024,7.05,68,964,0.482,28,0,0,11.5,15.0,0,1561,1769815743.5,-40.694,meta-llama/Llama-3.2-1B-Instruct,"1769815743.500, 1769815743.976, 1769815744.091, 1769815744.300, 1769815744.344"
1.0,0,1769815744.7787,41.3128,27,32,59,0.1401,0.0703,0.0788,1.0,0.0,94.69,1.3415,40.4528,40.4528,14919.3683,1769815787.4408612,7.05,68,965,0.482,27,0,0,11.5,15.0,0,1561,1769815743.5,-40.694,meta-llama/Llama-3.2-1B-Instruct,"1769815743.500, 1769815743.976, 1769815744.091, 1769815744.300, 1769815744.344"
1.0,0,1769815745.0313,41.1443,27,32,59,0.0777,0.0737,0.0978,1.0,0.0,94.7,1.3118,40.222,40.222,14959.5903,1769815787.492543,7.04,68,966,0.482,26,0,0,11.5,15.0,0,1561,1769815743.5,-40.694,meta-llama/Llama-3.2-1B-Instruct,"1769815743.500, 1769815743.976, 1769815744.091, 1769815744.300, 1769815744.344"
1.0,0,1769815745.1714,41.1069,27,32,59,0.1456,0.0755,0.0841,1.0,0.0,94.7,1.3415,40.2525,40.2525,14999.8428,1769815787.6219225,7.03,68,967,0.483,27,0,0,11.5,15.0,0,1561,1769815743.5,-40.694,meta-llama/Llama-3.2-1B-Instruct,"1769815743.500, 1769815743.976, 1769815744.091, 1769815744.300, 1769815744.344"
1.0,0,1769815745.4396,40.9498,27,32,59,0.1118,0.0617,0.0701,1.0,0.0,94.71,1.3245,40.0616,40.0616,15039.9044,1769815787.726437,7.02,68,968,0.484,28,0,0,11.5,15.0,0,1561,1769815743.5,-40.694,meta-llama/Llama-3.2-1B-Instruct,"1769815743.500, 1769815743.976, 1769815744.091, 1769815744.300, 1769815744.344"
1.0,0,1769815745.576,41.036,27,32,59,0.0848,0.0679,0.0697,1.0,0.0,94.71,1.313,40.1207,40.1207,15120.2444,1769815787.929756,7.01,68,970,0.483,25,0,0,11.5,15.0,0,1561,1769815743.5,-40.694,meta-llama/Llama-3.2-1B-Instruct,"1769815743.500, 1769815743.976, 1769815744.091, 1769815744.300, 1769815744.344"
1.0,0,1769815745.4801,41.08,27,32,59,0.1393,0.0701,0.0781,1.0,0.0,94.72,1.3602,40.2193,40.2193,15120.2444,1769815787.9311044,7.02,68,970,0.483,26,0,0,11.5,15.0,0,1561,1769815743.5,-40.694,meta-llama/Llama-3.2-1B-Instruct,"1769815743.500, 1769815743.976, 1769815744.091, 1769815744.300, 1769815744.344"
1.0,0,1769815745.6236,41.0975,27,32,59,0.1099,0.0653,0.0672,1.0,0.0,94.73,1.3395,40.2074,40.2074,15240.3906,1769815788.0874221,7.0,68,973,0.483,25,0,0,11.5,15.0,0,1561,1769815743.5,-40.694,meta-llama/Llama-3.2-1B-Instruct,"1769815743.500, 1769815743.976, 1769815744.091, 1769815744.300, 1769815744.344"
1.0,0,1769815746.7628,40.7549,27,11,38,0.1287,0.0627,0.0627,1.0,0.0,94.73,0.5648,39.8837,39.8837,15240.3906,1769815788.0906,7.0,68,973,0.486,26,0,0,11.5,15.0,0,1561,1769815743.5,-40.694,meta-llama/Llama-3.2-1B-Instruct,"1769815743.500, 1769815743.976, 1769815744.091, 1769815744.300, 1769815744.344"
1.0,0,1769815745.7764,40.9938,27,32,59,0.0615,0.0694,0.0768,1.0,0.0,94.74,1.3142,40.0552,40.0552,15240.3906,1769815788.091807,6.99,68,973,0.483,24,0,0,11.5,15.0,0,1561,1769815743.5,-40.694,meta-llama/Llama-3.2-1B-Instruct,"1769815743.500, 1769815743.976, 1769815744.091, 1769815744.300, 1769815744.344"
1.0,0,1769815746.0922,40.7808,27,32,59,0.0941,0.0621,0.0831,1.0,0.0,94.74,1.3628,39.8749,39.8749,15280.2655,1769815788.2367673,6.98,68,974,0.483,24,0,0,11.5,15.0,0,1561,1769815743.5,-40.694,meta-llama/Llama-3.2-1B-Instruct,"1769815743.500, 1769815743.976, 1769815744.091, 1769815744.300, 1769815744.344"
1.0,0,1769815746.3603,40.5808,27,32,59,0.1084,0.0651,0.0697,1.0,0.0,94.75,1.328,39.6892,39.6892,15319.9547,1769815788.293893,6.97,68,975,0.483,24,0,0,11.5,15.0,0,1561,1769815743.5,-40.694,meta-llama/Llama-3.2-1B-Instruct,"1769815743.500, 1769815743.976, 1769815744.091, 1769815744.300, 1769815744.344"
1.0,0,1769815746.3894,40.6657,27,32,59,0.0772,0.0681,0.0732,1.0,0.0,94.75,1.3041,39.7429,39.7429,15359.6976,1769815788.3645544,6.97,68,976,0.484,25,0,0,11.5,15.0,0,1561,1769815743.5,-40.694,meta-llama/Llama-3.2-1B-Instruct,"1769815743.500, 1769815743.976, 1769815744.091, 1769815744.300, 1769815744.344"
1.0,0,1769815746.4932,40.648,27,32,59,0.1101,0.0677,0.0705,1.0,0.0,94.76,1.3506,39.7582,39.7582,15399.4558,1769815788.5089672,6.96,68,977,0.485,26,0,0,11.5,15.0,0,1561,1769815743.5,-40.694,meta-llama/Llama-3.2-1B-Instruct,"1769815743.500, 1769815743.976, 1769815744.091, 1769815744.300, 1769815744.344"
1.0,0,1769815746.5198,40.6824,27,32,59,0.0997,0.0651,0.0673,1.0,0.0,94.76,1.3077,39.7822,39.7822,15439.238,1769815788.5238023,6.95,68,978,0.485,26,1,0,11.5,15.0,0,1561,1769815743.5,-40.694,meta-llama/Llama-3.2-1B-Instruct,"1769815743.500, 1769815743.976, 1769815744.091, 1769815744.300, 1769815744.344"
1.0,0,1769815746.5719,40.7217,27,32,59,0.1218,0.0651,0.0763,1.0,0.0,94.77,1.36,39.8435,39.8435,15479.0814,1769815788.6549592,6.95,68,979,0.485,26,0,0,11.5,15.0,0,1561,1769815743.5,-40.694,meta-llama/Llama-3.2-1B-Instruct,"1769815743.500, 1769815743.976, 1769815744.091, 1769815744.300, 1769815744.344"
1.0,0,1769815746.6625,40.6977,27,32,59,0.0756,0.0714,0.0853,1.0,0.0,94.78,1.3386,39.7733,39.7733,15518.8547,1769815788.7005029,6.94,68,980,0.486,26,0,0,11.5,15.0,0,1561,1769815743.5,-40.694,meta-llama/Llama-3.2-1B-Instruct,"1769815743.500, 1769815743.976, 1769815744.091, 1769815744.300, 1769815744.344"
1.0,0,1769815746.7129,40.7524,27,31,58,0.0901,0.0612,0.0691,1.0,0.0,94.78,1.3498,39.8425,39.8425,15558.6972,1769815788.8200548,6.93,68,981,0.486,27,0,0,11.5,15.0,0,1561,1769815743.5,-40.694,meta-llama/Llama-3.2-1B-Instruct,"1769815743.500, 1769815743.976, 1769815744.091, 1769815744.300, 1769815744.344"
1.0,0,1769815748.563,40.1747,27,0,27,,,,1.0,,,0.15,39.3247,39.3247,15598.0219,1769815788.895137,6.92,68,982,0.49,27,0,0,11.5,15.0,0,1561,1769815743.5,-40.694,meta-llama/Llama-3.2-1B-Instruct,"1769815743.500, 1769815743.976, 1769815744.091, 1769815744.300, 1769815744.344"
1.0,0,1769815747.301,40.4844,27,26,53,0.1136,0.0659,0.0665,1.0,0.0,94.79,1.1481,39.598,39.598,15637.6199,1769815788.934322,6.92,68,983,0.487,27,0,0,11.5,15.0,0,1561,1769815743.5,-40.694,meta-llama/Llama-3.2-1B-Instruct,"1769815743.500, 1769815743.976, 1769815744.091, 1769815744.300, 1769815744.344"
1.0,0,1769815746.9751,40.6717,27,32,59,0.0607,0.0692,0.0694,1.0,0.0,94.79,1.3097,39.7324,39.7324,15677.3523,1769815788.9619339,6.91,68,984,0.487,27,0,0,11.5,15.0,0,1561,1769815743.5,-40.694,meta-llama/Llama-3.2-1B-Instruct,"1769815743.500, 1769815743.976, 1769815744.091, 1769815744.300, 1769815744.344"
1.0,0,1769815747.1011,40.679,27,29,56,0.1379,0.0673,0.0695,1.0,0.0,94.8,1.3277,39.8169,39.8169,15717.1692,1769815789.1162426,6.9,68,985,0.487,27,0,0,11.5,15.0,0,1561,1769815743.5,-40.694,meta-llama/Llama-3.2-1B-Instruct,"1769815743.500, 1769815743.976, 1769815744.091, 1769815744.300, 1769815744.344"
1.0,0,1769815747.353,40.4856,27,32,59,0.074,0.063,0.0659,1.0,0.0,94.8,1.3103,39.5597,39.5597,15756.7288,1769815789.1591227,6.9,68,986,0.488,27,0,0,11.5,15.0,0,1561,1769815743.5,-40.694,meta-llama/Llama-3.2-1B-Instruct,"1769815743.500, 1769815743.976, 1769815744.091, 1769815744.300, 1769815744.344"
1.0,0,1769815748.4231,40.1158,27,13,40,0.1064,0.0707,0.0707,1.0,0.0,94.81,0.6213,39.2222,39.2222,15795.951,1769815789.1671526,6.89,68,987,0.49,27,0,0,11.5,15.0,0,1561,1769815743.5,-40.694,meta-llama/Llama-3.2-1B-Instruct,"1769815743.500, 1769815743.976, 1769815744.091, 1769815744.300, 1769815744.344"
1.0,0,1769815747.4408,40.5,27,32,59,0.1065,0.0651,0.0689,1.0,0.0,94.81,1.3385,39.6065,39.6065,15835.5575,1769815789.2802231,6.88,68,988,0.488,28,0,0,11.5,15.0,0,1561,1769815750.216,-39.047,meta-llama/Llama-3.2-1B-Instruct,"1769815750.216, 1769815750.257, 1769815750.290, 1769815750.341, 1769815750.744"
1.0,0,1769815747.49,40.509,27,32,59,0.0695,0.0652,0.0729,1.0,0.0,94.82,1.311,39.5785,39.5785,15875.136,1769815789.3142126,6.88,68,989,0.488,28,0,0,11.5,15.0,0,1561,1769815750.216,-39.047,meta-llama/Llama-3.2-1B-Instruct,"1769815750.216, 1769815750.257, 1769815750.290, 1769815750.341, 1769815750.744"
1.0,0,1769815747.5163,40.5854,27,32,59,0.1602,0.0637,0.0691,1.0,0.0,94.82,1.3734,39.7456,39.7456,15914.8816,1769815789.4901955,6.87,68,990,0.488,27,0,0,11.5,15.0,0,1561,1769815750.216,-39.047,meta-llama/Llama-3.2-1B-Instruct,"1769815750.216, 1769815750.257, 1769815750.290, 1769815750.341, 1769815750.744"
1.0,0,1769815747.8341,40.3539,27,32,59,0.078,0.0627,0.069,1.0,0.0,94.83,1.3305,39.4319,39.4319,15954.3136,1769815789.5407357,6.86,68,991,0.489,27,1,0,11.5,15.0,0,1561,1769815750.216,-39.047,meta-llama/Llama-3.2-1B-Instruct,"1769815750.216, 1769815750.257, 1769815750.290, 1769815750.341, 1769815750.744"
1.0,0,1769815747.9707,40.276,27,32,59,0.1023,0.0692,0.092,1.0,0.0,94.83,1.3463,39.3783,39.3783,15993.6919,1769815789.5958025,6.85,68,992,0.489,27,1,0,11.5,15.0,0,1561,1769815750.216,-39.047,meta-llama/Llama-3.2-1B-Instruct,"1769815750.216, 1769815750.257, 1769815750.290, 1769815750.341, 1769815750.744"
1.0,0,1769815748.7753,40.2516,27,13,40,0.0825,0.0601,0.0601,1.0,0.0,94.84,0.6271,39.3341,39.3341,16033.026,1769815789.6720126,6.85,68,993,0.491,26,0,0,11.5,15.0,0,1561,1769815750.216,-39.047,meta-llama/Llama-3.2-1B-Instruct,"1769815750.216, 1769815750.257, 1769815750.290, 1769815750.341, 1769815750.744"
1.0,0,1769815748.0935,40.2908,27,32,59,0.1152,0.0729,0.0741,1.0,0.0,94.85,1.3486,39.406,39.406,16072.432,1769815789.7433565,6.84,68,994,0.489,27,0,0,11.5,15.0,0,1561,1769815750.216,-39.047,meta-llama/Llama-3.2-1B-Instruct,"1769815750.216, 1769815750.257, 1769815750.290, 1769815750.341, 1769815750.744"
1.0,0,1769815748.232,40.2111,27,32,59,0.0682,0.065,0.0686,1.0,0.0,94.85,1.3007,39.2792,39.2792,16111.7113,1769815789.7612138,6.83,68,995,0.49,27,0,0,11.5,15.0,0,1561,1769815750.216,-39.047,meta-llama/Llama-3.2-1B-Instruct,"1769815750.216, 1769815750.257, 1769815750.290, 1769815750.341, 1769815750.744"
1.0,0,1769815748.5107,40.1173,27,32,59,0.0965,0.0621,0.0638,1.0,0.0,94.86,1.3157,39.2137,39.2137,16150.925,1769815789.9517066,6.83,68,996,0.49,28,0,0,11.5,15.0,0,1561,1769815750.216,-39.047,meta-llama/Llama-3.2-1B-Instruct,"1769815750.216, 1769815750.257, 1769815750.290, 1769815750.341, 1769815750.744"
1.0,0,1769815749.0315,40.2408,27,18,45,0.1122,0.073,0.073,1.0,0.0,94.86,0.8562,39.353,39.353,16190.278,1769815790.1369145,6.82,68,997,0.492,27,0,0,11.5,15.0,0,1561,1769815750.216,-39.047,meta-llama/Llama-3.2-1B-Instruct,"1769815750.216, 1769815750.257, 1769815750.290, 1769815750.341, 1769815750.744"
1.0,0,1769815748.6091,40.1825,27,32,59,0.0785,0.0755,0.0757,1.0,0.0,94.87,1.35,39.2609,39.2609,16229.5389,1769815790.154375,6.81,68,998,0.491,27,0,0,11.5,15.0,0,1561,1769815750.216,-39.047,meta-llama/Llama-3.2-1B-Instruct,"1769815750.216, 1769815750.257, 1769815750.290, 1769815750.341, 1769815750.744"
1.0,0,1769815748.6376,40.2086,27,32,59,0.0992,0.0636,0.064,1.0,0.0,94.87,1.3545,39.3078,39.3078,16268.8467,1769815790.2134495,6.81,68,999,0.491,27,0,0,11.5,15.0,0,1561,1769815750.216,-39.047,meta-llama/Llama-3.2-1B-Instruct,"1769815750.216, 1769815750.257, 1769815750.290, 1769815750.341, 1769815750.744"
1.0,0,1769815748.7479,40.2417,27,32,59,0.083,0.0681,0.0703,1.0,0.0,94.88,1.3034,39.3247,39.3247,16308.1714,1769815790.3082082,6.8,68,1000,0.49,26,0,0,11.5,15.0,0,1561,1769815750.216,-39.047,meta-llama/Llama-3.2-1B-Instruct,"1769815750.216, 1769815750.257, 1769815750.290, 1769815750.341, 1769815750.744"
1.0,0,1769815748.9559,40.165,27,32,59,0.1184,0.0718,0.0732,1.0,0.0,94.88,1.3723,39.2834,39.2834,16347.4548,1769815790.4965677,6.79,68,1001,0.491,27,0,0,11.5,15.0,0,1561,1769815750.216,-39.047,meta-llama/Llama-3.2-1B-Instruct,"1769815750.216, 1769815750.257, 1769815750.290, 1769815750.341, 1769815750.744"
1.0,0,1769815748.9978,40.1884,27,32,59,0.0633,0.0634,0.0819,1.0,0.0,94.89,1.3279,39.2517,39.2517,16386.7064,1769815790.53782,6.79,68,1002,0.491,25,1,0,11.5,15.0,0,1561,1769815750.216,-39.047,meta-llama/Llama-3.2-1B-Instruct,"1769815750.216, 1769815750.257, 1769815750.290, 1769815750.341, 1769815750.744"
1.0,0,1769815749.3409,40.2892,27,23,50,0.1002,0.0666,0.0715,1.0,0.0,94.89,1.027,39.3894,39.3894,16426.0958,1769815790.6700747,6.78,68,1003,0.492,25,0,0,11.5,15.0,0,1561,1769815750.216,-39.047,meta-llama/Llama-3.2-1B-Instruct,"1769815750.216, 1769815750.257, 1769815750.290, 1769815750.341, 1769815750.744"
1.0,0,1769815749.2162,40.1785,27,32,59,0.1246,0.0714,0.088,1.0,0.0,94.9,1.3591,39.3031,39.3031,16465.3989,1769815790.7608933,6.77,68,1004,0.492,26,0,0,11.5,15.0,0,1561,1769815750.216,-39.047,meta-llama/Llama-3.2-1B-Instruct,"1769815750.216, 1769815750.257, 1769815750.290, 1769815750.341, 1769815750.744"
1.0,0,1769815749.2573,40.2057,27,32,59,0.0727,0.0726,0.0771,1.0,0.0,94.9,1.3524,39.2784,39.2784,16504.6773,1769815790.828222,6.77,68,1005,0.493,26,1,0,11.5,15.0,0,1561,1769815750.216,-39.047,meta-llama/Llama-3.2-1B-Instruct,"1769815750.216, 1769815750.257, 1769815750.290, 1769815750.341, 1769815750.744"
1.0,0,1769815749.2899,40.27,27,32,59,0.106,0.0686,0.0697,1.0,0.0,94.91,1.3419,39.376,39.376,16544.0533,1769815790.905742,6.76,68,1006,0.492,26,0,0,11.5,15.0,0,1561,1769815750.216,-39.047,meta-llama/Llama-3.2-1B-Instruct,"1769815750.216, 1769815750.257, 1769815750.290, 1769815750.341, 1769815750.744"
1.0,0,1769815749.744,39.9724,27,32,59,0.1503,0.0666,0.0667,1.0,0.0,94.91,1.3884,39.1227,39.1227,16583.1761,1769815791.1112304,6.75,68,1007,0.492,25,0,0,11.5,15.0,0,1561,1769815750.216,-39.047,meta-llama/Llama-3.2-1B-Instruct,"1769815750.216, 1769815750.257, 1769815750.290, 1769815750.341, 1769815750.744"
1.0,0,1769815749.9515,39.8694,27,32,59,0.0902,0.0655,0.0809,1.0,0.0,94.92,1.3414,38.9596,38.9596,16622.1356,1769815791.1738417,6.75,68,1008,0.492,24,0,0,11.5,15.0,0,1561,1769815750.216,-39.047,meta-llama/Llama-3.2-1B-Instruct,"1769815750.216, 1769815750.257, 1769815750.290, 1769815750.341, 1769815750.744"
1.0,0,1769815751.4318,39.6516,27,0,27,,,,1.0,,,0.0969,38.7485,38.7485,16660.8841,1769815791.186701,6.74,68,1009,0.498,28,0,0,11.5,15.0,0,1561,1769815750.216,-39.047,meta-llama/Llama-3.2-1B-Instruct,"1769815750.216, 1769815750.257, 1769815750.290, 1769815750.341, 1769815750.744"
1.0,0,1769815750.0382,39.889,27,32,59,0.0909,0.0708,0.091,1.0,0.0,94.92,1.3333,38.9799,38.9799,16699.864,1769815791.2694008,6.73,68,1010,0.493,26,0,0,11.5,15.0,0,1561,1769815750.216,-39.047,meta-llama/Llama-3.2-1B-Instruct,"1769815750.216, 1769815750.257, 1769815750.290, 1769815750.341, 1769815750.744"
1.0,0,1769815750.1527,39.88,27,32,59,0.1147,0.0703,0.0722,1.0,0.0,94.93,1.3561,38.9947,38.9947,16738.8587,1769815791.3946729,6.73,68,1011,0.493,26,0,0,11.5,15.0,0,1561,1769815750.216,-39.047,meta-llama/Llama-3.2-1B-Instruct,"1769815750.216, 1769815750.257, 1769815750.290, 1769815750.341, 1769815750.744"
1.0,0,1769815750.6146,39.5419,27,32,59,0.1273,0.0669,0.0803,1.0,0.0,94.93,1.3575,38.6691,38.6691,16777.5278,1769815791.5185025,6.81,69,1013,0.495,26,0,0,11.5,15.0,0,1561,1769815750.216,-39.047,meta-llama/Llama-3.2-1B-Instruct,"1769815750.216, 1769815750.257, 1769815750.290, 1769815750.341, 1769815750.744"
200.0,1,1769815639.5584,89.1128,3516,971,4487,2.0019,0.0807,0.1053,200.0,0.0,94.94,62.8339,-48.0533,0.0,16777.5278,1769815791.5222285,6.82,69,1013,0.609,29,1,0,11.5,15.0,0,1561,1769815750.216,-39.047,meta-llama/Llama-3.2-1B-Instruct,"1769815750.216, 1769815750.257, 1769815750.290, 1769815750.341, 1769815750.744"
1.0,0,1769815750.7473,39.4272,27,32,59,0.1421,0.0754,0.0788,1.0,0.0,94.94,1.3732,38.5693,38.5693,16816.0971,1769815791.5557902,6.8,69,1014,0.494,25,0,0,11.5,15.0,0,1561,1769815750.216,-39.047,meta-llama/Llama-3.2-1B-Instruct,"1769815750.216, 1769815750.257, 1769815750.290, 1769815750.341, 1769815750.744"
1.0,0,1769815750.7901,39.4831,27,32,59,0.1085,0.0718,0.0794,1.0,0.0,94.95,1.3554,38.5916,38.5916,16854.6887,1769815791.6389747,6.8,69,1015,0.495,26,0,0,11.5,15.0,0,1561,1769815750.216,-39.047,meta-llama/Llama-3.2-1B-Instruct,"1769815750.216, 1769815750.257, 1769815750.290, 1769815750.341, 1769815750.744"
1.0,0,1769815750.9161,39.5473,27,32,59,0.0697,0.0678,0.0868,1.0,0.0,94.95,1.2999,38.617,38.617,16931.9482,1769815791.7777593,6.79,69,1017,0.495,26,1,0,11.5,15.0,0,1561,1769815750.216,-39.047,meta-llama/Llama-3.2-1B-Instruct,"1769815750.216, 1769815750.257, 1769815750.290, 1769815750.341, 1769815750.744"
1.0,0,1769815750.8842,39.5057,27,32,59,0.1368,0.0793,0.0809,1.0,0.0,94.96,1.3869,38.6425,38.6425,16931.9482,1769815791.7910523,6.78,69,1017,0.495,26,0,0,11.5,15.0,0,1561,1769815750.216,-39.047,meta-llama/Llama-3.2-1B-Instruct,"1769815750.216, 1769815750.257, 1769815750.290, 1769815750.341, 1769815750.744"
1.0,0,1769815751.045,39.6592,27,28,55,0.1208,0.0771,0.08,1.0,0.0,94.96,1.2182,38.78,38.78,16970.7282,1769815791.935764,6.78,69,1018,0.496,26,0,0,11.5,15.0,0,1561,1769815750.216,-39.047,meta-llama/Llama-3.2-1B-Instruct,"1769815750.216, 1769815750.257, 1769815750.290, 1769815750.341, 1769815750.744"
1.0,0,1769815750.9463,39.6118,27,32,59,0.1065,0.0843,0.0923,1.0,0.0,94.97,1.3821,38.7183,38.7183,17009.4464,1769815791.945698,6.77,69,1019,0.495,26,0,0,11.5,15.0,0,1561,1769815750.216,-39.047,meta-llama/Llama-3.2-1B-Instruct,"1769815750.216, 1769815750.257, 1769815750.290, 1769815750.341, 1769815750.744"
1.0,0,1769815750.9732,39.6533,27,32,59,0.1052,0.0656,0.0802,1.0,0.0,94.97,1.3583,38.7585,38.7585,17048.2049,1769815792.003577,6.76,69,1020,0.496,26,0,0,11.5,15.0,0,1561,1769815750.216,-39.047,meta-llama/Llama-3.2-1B-Instruct,"1769815750.216, 1769815750.257, 1769815750.290, 1769815750.341, 1769815750.744"
1.0,0,1769815752.4746,39.4243,27,0,27,,,,1.0,,,0.1052,38.5295,38.5295,17086.7344,1769815792.0074804,6.76,69,1021,0.457,26,0,0,11.5,15.0,0,1561,1769815750.216,-39.047,meta-llama/Llama-3.2-1B-Instruct,"1769815750.216, 1769815750.257, 1769815750.290, 1769815750.341, 1769815750.744"
1.0,0,1769815751.1127,39.6739,27,32,59,0.1133,0.0684,0.0732,1.0,0.0,94.98,1.3554,38.7871,38.7871,17125.5215,1769815792.1614144,6.75,69,1022,0.496,26,0,0,11.5,15.0,0,1561,1769815750.216,-39.047,meta-llama/Llama-3.2-1B-Instruct,"1769815750.216, 1769815750.257, 1769815750.290, 1769815750.341, 1769815750.744"
1.0,0,1769815752.5955,39.4695,27,0,27,,,,1.0,,,0.1003,38.5699,38.5699,17164.0914,1769815792.1658897,6.74,69,1023,0.457,24,0,0,11.5,15.0,0,1561,1769815750.216,-39.047,meta-llama/Llama-3.2-1B-Instruct,"1769815750.216, 1769815750.257, 1769815750.290, 1769815750.341, 1769815750.744"
1.0,0,1769815751.1402,39.7195,27,32,59,0.106,0.0873,0.1014,1.0,0.0,94.98,1.3448,38.8254,38.8254,17202.9168,1769815792.2101285,6.74,69,1024,0.496,26,1,0,11.5,15.0,0,1561,1769815750.216,-39.047,meta-llama/Llama-3.2-1B-Instruct,"1769815750.216, 1769815750.257, 1769815750.290, 1769815750.341, 1769815750.744"
1.0,0,1769815751.2127,39.73,27,32,59,0.1194,0.0615,0.0774,1.0,0.0,94.99,1.3299,38.8494,38.8494,17241.7662,1769815792.275599,6.73,69,1025,0.497,26,0,0,11.5,15.0,0,1561,1769815750.216,-39.047,meta-llama/Llama-3.2-1B-Instruct,"1769815750.216, 1769815750.257, 1769815750.290, 1769815750.341, 1769815750.744"
1.0,0,1769815751.4839,39.7206,27,32,59,0.1292,0.0677,0.0891,1.0,0.0,94.99,1.338,38.8499,38.8499,17280.6161,1769815792.5444965,6.73,69,1026,0.498,26,0,0,11.5,15.0,0,1561,1769815750.216,-39.047,meta-llama/Llama-3.2-1B-Instruct,"1769815750.216, 1769815750.257, 1769815750.290, 1769815750.341, 1769815750.744"
1.0,0,1769815751.5308,39.8211,27,32,59,0.1652,0.0738,0.0801,1.0,0.0,95.0,1.3048,38.9863,38.9863,17319.6023,1769815792.6704488,6.72,69,1027,0.498,25,1,0,11.5,15.0,0,1561,1769815750.216,-39.047,meta-llama/Llama-3.2-1B-Instruct,"1769815750.216, 1769815750.257, 1769815750.290, 1769815750.341, 1769815750.744"
1.0,0,1769815751.5615,39.7956,27,32,59,0.1268,0.0693,0.0718,1.0,0.0,95.0,1.3151,38.9223,38.9223,17358.5246,1769815792.6742916,6.71,69,1028,0.498,26,0,0,11.5,15.0,0,1561,1769815750.216,-39.047,meta-llama/Llama-3.2-1B-Instruct,"1769815750.216, 1769815750.257, 1769815750.290, 1769815750.341, 1769815750.744"
1.0,0,1769815751.6015,39.8191,27,32,59,0.0916,0.0681,0.0752,1.0,0.0,95.01,1.3076,38.9108,38.9108,17397.4354,1769815792.739104,6.71,69,1029,0.498,25,2,0,11.5,15.0,0,1561,1769815750.216,-39.047,meta-llama/Llama-3.2-1B-Instruct,"1769815750.216, 1769815750.257, 1769815750.290, 1769815750.341, 1769815750.744"
1.0,0,1769815751.697,39.8345,27,32,59,0.0985,0.0635,0.1053,1.0,0.0,95.01,1.3111,38.933,38.933,17436.3684,1769815792.84567,6.7,69,1030,0.456,26,0,0,11.5,15.0,0,1561,1769815750.216,-39.047,meta-llama/Llama-3.2-1B-Instruct,"1769815750.216, 1769815750.257, 1769815750.290, 1769815750.341, 1769815750.744"
1.0,0,1769815751.9457,39.6489,27,32,59,0.1039,0.0652,0.0846,1.0,0.0,95.02,1.2936,38.7528,38.7528,17475.1211,1769815792.8933136,6.69,69,1031,0.456,25,0,0,11.5,15.0,0,1561,1769815750.216,-39.047,meta-llama/Llama-3.2-1B-Instruct,"1769815750.216, 1769815750.257, 1769815750.290, 1769815750.341, 1769815750.744"
1.0,0,1769815751.975,39.697,27,32,59,0.11,0.0722,0.0736,1.0,0.0,95.02,1.3183,38.8071,38.8071,17513.9282,1769815793.0086794,6.69,69,1032,0.457,26,0,0,11.5,15.0,0,1561,1769815750.216,-39.047,meta-llama/Llama-3.2-1B-Instruct,"1769815750.216, 1769815750.257, 1769815750.290, 1769815750.341, 1769815750.744"
1.0,0,1769815752.093,39.6543,27,32,59,0.1657,0.0676,0.0701,1.0,0.0,95.03,1.3494,38.82,38.82,17552.7482,1769815793.1024654,6.68,69,1033,0.457,26,0,0,11.5,15.0,0,1561,1769815750.216,-39.047,meta-llama/Llama-3.2-1B-Instruct,"1769815750.216, 1769815750.257, 1769815750.290, 1769815750.341, 1769815750.744"
1.0,0,1769815752.4196,39.43,27,32,59,0.0877,0.0643,0.0771,1.0,0.0,95.03,1.2777,38.5177,38.5177,17591.2658,1769815793.1303265,6.67,69,1034,0.457,25,0,0,11.5,15.0,0,1561,1769815750.216,-39.047,meta-llama/Llama-3.2-1B-Instruct,"1769815750.216, 1769815750.257, 1769815750.290, 1769815750.341, 1769815750.744"
1.0,0,1769815752.5529,39.4615,27,32,59,0.1129,0.0625,0.0627,1.0,0.0,95.04,1.3112,38.5744,38.5744,17629.8402,1769815793.3388069,6.67,69,1035,0.457,24,0,0,11.5,15.0,0,1561,1769815750.216,-39.047,meta-llama/Llama-3.2-1B-Instruct,"1769815750.216, 1769815750.257, 1769815750.290, 1769815750.341, 1769815750.744"
1.0,0,1769815752.6253,39.5596,27,32,59,0.0848,0.059,0.0621,1.0,0.0,95.04,1.2919,38.6444,38.6444,17668.4845,1769815793.4808936,6.66,69,1036,0.457,23,0,0,11.5,15.0,0,1561,1769815750.216,-39.047,meta-llama/Llama-3.2-1B-Instruct,"1769815750.216, 1769815750.257, 1769815750.290, 1769815750.341, 1769815750.744"
200.0,1,1769815639.6351,89.1995,5028,1040,6068,1.8357,0.0796,0.1039,200.0,0.0,95.05,64.7128,-46.0876,0.0,17668.4845,1769815793.5699737,6.75,70,1037,0.609,29,1,0,11.5,15.0,0,1561,1769815750.216,-39.047,meta-llama/Llama-3.2-1B-Instruct,"1769815750.216, 1769815750.257, 1769815750.290, 1769815750.341, 1769815750.744"
1.0,0,1769815752.8171,39.4623,27,32,59,0.1401,0.0681,0.091,1.0,0.0,95.05,1.3055,38.6024,38.6024,17707.087,1769815793.593484,6.83,74,1042,0.457,23,0,0,11.5,15.0,0,1561,1769815750.216,-39.047,meta-llama/Llama-3.2-1B-Instruct,"1769815750.216, 1769815750.257, 1769815750.290, 1769815750.341, 1769815750.744"
200.0,1,1769815639.8295,89.4401,4032,1026,5058,4.8909,0.0829,0.0986,200.0,0.0,95.06,64.3124,-46.2475,0.0,17707.087,1769815793.6019099,6.84,76,1044,0.723,37,0,0,11.5,15.0,0,1561,1769815750.216,-39.047,meta-llama/Llama-3.2-1B-Instruct,"1769815750.216, 1769815750.257, 1769815750.290, 1769815750.341, 1769815750.744"
200.0,1,1769815639.7486,89.3575,2525,1016,3541,5.0478,0.0813,0.11,200.0,0.0,95.06,64.4805,-46.162,0.0,17707.087,1769815793.6040132,6.92,76,1044,0.609,29,1,0,11.5,15.0,0,1561,1769815750.216,-39.047,meta-llama/Llama-3.2-1B-Instruct,"1769815750.216, 1769815750.257, 1769815750.290, 1769815750.341, 1769815750.744"
200.0,1,1769815639.7748,89.3364,3323,1026,4349,5.0505,0.0807,0.0981,200.0,0.0,95.07,64.4813,-46.1823,0.0,17707.087,1769815793.6073534,7.1,76,1044,0.609,29,1,0,11.5,15.0,0,1561,1769815750.216,-39.047,meta-llama/Llama-3.2-1B-Instruct,"1769815750.216, 1769815750.257, 1769815750.290, 1769815750.341, 1769815750.744"
200.0,1,1769815639.8701,89.513,3131,1024,4155,4.7844,0.0805,0.1055,200.0,0.0,95.07,64.2088,-46.2783,0.0,17707.087,1769815793.60769,7.01,76,1044,0.723,37,0,0,11.5,15.0,0,1561,1769815750.216,-39.047,meta-llama/Llama-3.2-1B-Instruct,"1769815750.216, 1769815750.257, 1769815750.290, 1769815750.341, 1769815750.744"
200.0,1,1769815639.8025,89.3701,3109,1031,4140,4.9763,0.0796,0.1005,200.0,0.0,95.08,64.4245,-46.2054,0.0,17707.087,1769815793.6125762,7.28,76,1044,0.723,37,0,0,11.5,15.0,0,1561,1769815750.216,-39.047,meta-llama/Llama-3.2-1B-Instruct,"1769815750.216, 1769815750.257, 1769815750.290, 1769815750.341, 1769815750.744"
200.0,1,1769815639.9084,89.57,2714,1016,3730,4.7026,0.0795,0.0981,200.0,0.0,95.08,64.1163,-46.3137,0.0,17707.087,1769815793.6154115,7.19,76,1044,0.723,37,0,0,11.5,15.0,0,1561,1769815750.216,-39.047,meta-llama/Llama-3.2-1B-Instruct,"1769815750.216, 1769815750.257, 1769815750.290, 1769815750.341, 1769815750.744"
1.0,0,1769815752.8599,39.4738,27,32,59,0.0952,0.0637,0.0722,1.0,0.0,95.09,1.312,38.569,38.569,17745.656,1769815793.65435,7.27,76,1045,0.457,23,1,0,11.5,15.0,0,1561,1769815750.216,-39.047,meta-llama/Llama-3.2-1B-Instruct,"1769815750.216, 1769815750.257, 1769815750.290, 1769815750.341, 1769815750.744"
1.0,0,1769815753.0836,39.3116,27,32,59,0.0878,0.0726,0.0863,1.0,0.0,95.09,1.3161,38.3994,38.3994,17784.0554,1769815793.7123258,7.27,76,1046,0.459,25,0,0,11.5,15.0,0,1561,1769815750.216,-39.047,meta-llama/Llama-3.2-1B-Instruct,"1769815750.216, 1769815750.257, 1769815750.290, 1769815750.341, 1769815750.744"
1.0,0,1769815753.3507,39.2252,27,32,59,0.0917,0.0716,0.084,1.0,0.0,95.1,1.1991,38.3169,38.3169,17860.8194,1769815793.7819676,7.25,76,1048,0.459,25,0,0,11.5,15.0,0,1561,1769815750.216,-39.047,meta-llama/Llama-3.2-1B-Instruct,"1769815750.216, 1769815750.257, 1769815750.290, 1769815750.341, 1769815750.744"
1.0,0,1769815753.2073,39.3642,27,32,59,0.083,0.0671,0.0755,1.0,0.0,95.1,1.2016,38.4472,38.4472,17860.8194,1769815793.7822387,7.26,76,1048,0.459,26,0,0,11.5,15.0,0,1561,1769815750.216,-39.047,meta-llama/Llama-3.2-1B-Instruct,"1769815750.216, 1769815750.257, 1769815750.290, 1769815750.341, 1769815750.744"
1.0,0,1769815753.3924,39.24,27,32,59,0.1052,0.0687,0.0712,1.0,0.0,95.11,1.2005,38.3451,38.3451,17899.1646,1769815793.8360727,7.24,76,1049,0.46,25,0,0,11.5,15.0,0,1561,1769815750.216,-39.047,meta-llama/Llama-3.2-1B-Instruct,"1769815750.216, 1769815750.257, 1769815750.290, 1769815750.341, 1769815750.744"
1.0,0,1769815753.4873,39.2707,27,32,59,0.1011,0.0611,0.0641,1.0,0.0,95.11,1.1504,38.3718,38.3718,17937.5364,1769815793.9180882,7.24,76,1050,0.459,25,0,0,11.5,15.0,0,1561,1769815750.216,-39.047,meta-llama/Llama-3.2-1B-Instruct,"1769815750.216, 1769815750.257, 1769815750.290, 1769815750.341, 1769815750.744"
1.0,0,1769815753.7463,39.0746,27,32,59,0.0658,0.075,0.0766,1.0,0.0,95.12,1.1255,38.1404,38.1404,17975.6767,1769815793.956372,7.23,76,1051,0.46,25,0,0,11.5,15.0,0,1561,1769815750.216,-39.047,meta-llama/Llama-3.2-1B-Instruct,"1769815750.216, 1769815750.257, 1769815750.290, 1769815750.341, 1769815750.744"
1.0,0,1769815753.7896,39.1176,27,32,59,0.0866,0.0565,0.0584,1.0,0.0,95.12,1.0947,38.2043,38.2043,18013.881,1769815794.0045004,7.22,76,1052,0.46,25,0,0,11.5,15.0,0,1561,1769815750.216,-39.047,meta-llama/Llama-3.2-1B-Instruct,"1769815750.216, 1769815750.257, 1769815750.290, 1769815750.341, 1769815750.744"
1.0,0,1769815753.8866,39.0712,27,32,59,0.1288,0.0597,0.069,1.0,0.0,95.13,1.1298,38.2001,38.2001,18052.081,1769815794.1051462,7.22,76,1053,0.46,25,0,0,11.5,15.0,0,1561,1769815750.216,-39.047,meta-llama/Llama-3.2-1B-Instruct,"1769815750.216, 1769815750.257, 1769815750.290, 1769815750.341, 1769815750.744"
1.0,0,1769815753.9275,39.1708,27,32,59,0.1095,0.0586,0.059,1.0,0.0,95.13,1.0263,38.2803,38.2803,18090.3614,1769815794.1284072,7.21,76,1054,0.46,25,0,0,11.5,15.0,0,1561,1769815750.216,-39.047,meta-llama/Llama-3.2-1B-Instruct,"1769815750.216, 1769815750.257, 1769815750.290, 1769815750.341, 1769815750.744"
1.0,0,1769815754.0193,39.1174,27,32,59,0.1099,0.0643,0.0707,1.0,0.0,95.14,1.0301,38.2274,38.2274,18128.5887,1769815794.1789033,7.2,76,1055,0.46,24,0,0,11.5,15.0,0,1561,1769815750.216,-39.047,meta-llama/Llama-3.2-1B-Instruct,"1769815750.216, 1769815750.257, 1769815750.290, 1769815750.341, 1769815750.744"
1.0,0,1769815754.125,39.0672,27,32,59,0.1205,0.0507,0.0623,1.0,0.0,95.14,1.0009,38.1877,38.1877,18166.7764,1769815794.1952522,7.2,76,1056,0.461,25,1,0,11.5,15.0,0,1561,1769815750.216,-39.047,meta-llama/Llama-3.2-1B-Instruct,"1769815750.216, 1769815750.257, 1769815750.290, 1769815750.341, 1769815750.744"
1.0,0,1769815754.1554,39.1175,27,32,59,0.0638,0.059,0.068,1.0,0.0,95.15,0.9381,38.1812,38.1812,18204.9577,1769815794.217975,7.19,76,1057,0.462,26,1,0,11.5,15.0,0,1561,1769815750.216,-39.047,meta-llama/Llama-3.2-1B-Instruct,"1769815750.216, 1769815750.257, 1769815750.290, 1769815750.341, 1769815750.744"
1.0,0,1769815754.3741,39.0629,27,32,59,0.1072,0.044,0.0506,1.0,0.0,95.15,0.8761,38.1701,38.1701,18281.2378,1769815794.31498,7.18,76,1059,0.463,28,0,0,11.5,15.0,0,1561,1769815750.216,-39.047,meta-llama/Llama-3.2-1B-Instruct,"1769815750.216, 1769815750.257, 1769815750.290, 1769815750.341, 1769815750.744"
1.0,0,1769815754.3472,39.022,27,32,59,0.0881,0.0502,0.0524,1.0,0.0,95.16,0.9297,38.11,38.11,18281.2378,1769815794.3151739,7.18,76,1059,0.462,27,0,0,11.5,15.0,0,1561,1769815750.216,-39.047,meta-llama/Llama-3.2-1B-Instruct,"1769815750.216, 1769815750.257, 1769815750.290, 1769815750.341, 1769815750.744"
1.0,0,1769815754.425,39.1317,27,32,59,0.0918,0.0422,0.0593,1.0,0.0,95.16,0.8233,38.2235,38.2235,18319.4613,1769815794.3882263,7.17,76,1060,0.406,27,0,0,11.5,15.0,0,1561,1769815756.159,-38.19,meta-llama/Llama-3.2-1B-Instruct,"1769815756.159, 1769815756.240, 1769815756.288, 1769815756.316, 1769815756.429"
1.0,0,1769815754.4707,39.2026,27,32,59,0.1034,0.0479,0.0694,1.0,0.0,95.16,0.7799,38.306,38.306,18357.7673,1769815794.4557827,7.16,76,1061,0.169,19,0,0,11.5,15.0,0,1561,1769815756.159,-38.19,meta-llama/Llama-3.2-1B-Instruct,"1769815756.159, 1769815756.240, 1769815756.288, 1769815756.316, 1769815756.429"
1.0,0,1769815754.6313,39.1772,27,32,59,0.0991,0.0487,0.0587,1.0,0.0,95.17,0.7243,38.2763,38.2763,18396.0436,1769815794.5342185,7.16,76,1062,0.169,19,0,0,11.5,15.0,0,1561,1769815756.159,-38.19,meta-llama/Llama-3.2-1B-Instruct,"1769815756.159, 1769815756.240, 1769815756.288, 1769815756.316, 1769815756.429"
1.0,0,1769815754.753,39.0903,27,32,59,0.0537,0.0436,0.0488,1.0,0.0,95.17,0.7292,38.1439,38.1439,18434.1876,1769815794.5775037,7.15,76,1063,0.168,17,0,0,11.5,15.0,0,1561,1769815756.159,-38.19,meta-llama/Llama-3.2-1B-Instruct,"1769815756.159, 1769815756.240, 1769815756.288, 1769815756.316, 1769815756.429"
1.0,0,1769815754.7798,39.1048,27,32,59,0.0586,0.0478,0.0617,1.0,0.0,95.18,0.7301,38.1634,38.1634,18472.3509,1769815794.6216264,7.14,76,1064,0.168,18,1,0,11.5,15.0,0,1561,1769815756.159,-38.19,meta-llama/Llama-3.2-1B-Instruct,"1769815756.159, 1769815756.240, 1769815756.288, 1769815756.316, 1769815756.429"
1.0,0,1769815754.8283,39.182,27,32,59,0.0804,0.0474,0.0493,1.0,0.0,95.18,0.6775,38.2624,38.2624,18510.6133,1769815794.6895723,7.14,76,1065,0.168,17,0,0,11.5,15.0,0,1561,1769815756.159,-38.19,meta-llama/Llama-3.2-1B-Instruct,"1769815756.159, 1769815756.240, 1769815756.288, 1769815756.316, 1769815756.429"
1.0,0,1769815754.8704,39.24,27,32,59,0.0594,0.0394,0.0415,1.0,0.0,95.19,0.6495,38.2994,38.2994,18548.9127,1769815794.7647538,7.13,76,1066,0.169,17,0,0,11.5,15.0,0,1561,1769815756.159,-38.19,meta-llama/Llama-3.2-1B-Instruct,"1769815756.159, 1769815756.240, 1769815756.288, 1769815756.316, 1769815756.429"
1.0,0,1769815754.9033,39.2958,27,32,59,0.0537,0.0433,0.0599,1.0,0.0,95.19,0.6329,38.3494,38.3494,18587.2621,1769815794.8335228,7.12,76,1067,0.167,15,0,0,11.5,15.0,0,1561,1769815756.159,-38.19,meta-llama/Llama-3.2-1B-Instruct,"1769815756.159, 1769815756.240, 1769815756.288, 1769815756.316, 1769815756.429"
1.0,0,1769815754.9501,39.3258,27,32,59,0.0635,0.041,0.0498,1.0,0.0,95.2,0.6485,38.3893,38.3893,18625.6514,1769815794.9252174,7.12,76,1068,0.167,14,0,0,11.5,15.0,0,1561,1769815756.159,-38.19,meta-llama/Llama-3.2-1B-Instruct,"1769815756.159, 1769815756.240, 1769815756.288, 1769815756.316, 1769815756.429"
1.0,0,1769815755.0321,39.3568,27,32,59,0.0659,0.0329,0.0371,1.0,0.0,95.2,0.638,38.4226,38.4226,18664.0741,1769815795.0288837,7.11,76,1069,0.167,13,0,0,11.5,15.0,0,1561,1769815756.159,-38.19,meta-llama/Llama-3.2-1B-Instruct,"1769815756.159, 1769815756.240, 1769815756.288, 1769815756.316, 1769815756.429"
1.0,0,1769815755.1594,39.3114,27,32,59,0.0563,0.032,0.0346,1.0,0.0,95.21,0.6519,38.3677,38.3677,18702.4418,1769815795.1331131,7.1,76,1070,0.167,13,0,0,11.5,15.0,0,1561,1769815756.159,-38.19,meta-llama/Llama-3.2-1B-Instruct,"1769815756.159, 1769815756.240, 1769815756.288, 1769815756.316, 1769815756.429"
1.0,0,1769815755.2399,39.3151,27,32,59,0.0564,0.0335,0.0414,1.0,0.0,95.21,0.6241,38.3714,38.3714,18740.8132,1769815795.1798618,7.1,76,1071,0.167,12,0,0,11.5,15.0,0,1561,1769815756.159,-38.19,meta-llama/Llama-3.2-1B-Instruct,"1769815756.159, 1769815756.240, 1769815756.288, 1769815756.316, 1769815756.429"
1.0,0,1769815755.2876,39.351,27,32,59,0.0771,0.0439,0.0543,1.0,0.0,95.22,0.6475,38.428,38.428,18779.2412,1769815795.2895548,7.09,76,1072,0.167,12,0,0,11.5,15.0,0,1561,1769815756.159,-38.19,meta-llama/Llama-3.2-1B-Instruct,"1769815756.159, 1769815756.240, 1769815756.288, 1769815756.316, 1769815756.429"
1.0,0,1769815755.3164,39.3921,27,32,59,0.0955,0.0457,0.0537,1.0,0.0,95.22,0.6982,38.4877,38.4877,18817.7289,1769815795.4248376,7.08,76,1073,0.167,11,0,0,11.5,15.0,0,1561,1769815756.159,-38.19,meta-llama/Llama-3.2-1B-Instruct,"1769815756.159, 1769815756.240, 1769815756.288, 1769815756.316, 1769815756.429"
1.0,0,1769815755.4286,39.4274,27,32,59,0.0441,0.0405,0.0455,1.0,0.0,95.22,0.6428,38.4715,38.4715,18856.2004,1769815795.5071678,7.08,76,1074,0.167,11,0,0,11.5,15.0,0,1561,1769815756.159,-38.19,meta-llama/Llama-3.2-1B-Instruct,"1769815756.159, 1769815756.240, 1769815756.288, 1769815756.316, 1769815756.429"
1.0,0,1769815756.3974,38.9493,27,10,37,0.0544,0.0497,0.0497,1.0,0.0,95.23,0.2532,38.0037,38.0037,18894.2041,1769815795.6067984,7.07,76,1075,0.169,12,0,0,11.5,15.0,0,1561,1769815756.159,-38.19,meta-llama/Llama-3.2-1B-Instruct,"1769815756.159, 1769815756.240, 1769815756.288, 1769815756.316, 1769815756.429"
1.0,0,1769815755.6387,39.4239,27,32,59,0.1028,0.0412,0.0465,1.0,0.0,95.23,0.6806,38.5267,38.5267,18971.3152,1769815795.746981,7.06,76,1077,0.168,11,0,0,11.5,15.0,0,1561,1769815756.159,-38.19,meta-llama/Llama-3.2-1B-Instruct,"1769815756.159, 1769815756.240, 1769815756.288, 1769815756.316, 1769815756.429"
1.0,0,1769815755.5892,39.4787,27,32,59,0.1057,0.0482,0.0482,1.0,0.0,95.24,0.6748,38.5844,38.5844,18971.3152,1769815795.7471664,7.06,76,1077,0.167,11,0,0,11.5,15.0,0,1561,1769815756.159,-38.19,meta-llama/Llama-3.2-1B-Instruct,"1769815756.159, 1769815756.240, 1769815756.288, 1769815756.316, 1769815756.429"
1.0,0,1769815755.7773,39.3314,27,32,59,0.0612,0.0428,0.0448,1.0,0.0,95.24,0.6508,38.3927,38.3927,19009.7079,1769815795.7603154,7.05,76,1078,0.167,9,0,0,11.5,15.0,0,1561,1769815756.159,-38.19,meta-llama/Llama-3.2-1B-Instruct,"1769815756.159, 1769815756.240, 1769815756.288, 1769815756.316, 1769815756.429"
1.0,0,1769815755.9602,39.2349,27,32,59,0.0539,0.0497,0.0529,1.0,0.0,95.25,0.6362,38.2888,38.2888,19047.9966,1769815795.8363853,7.04,76,1079,0.167,11,0,0,11.5,15.0,0,1561,1769815756.159,-38.19,meta-llama/Llama-3.2-1B-Instruct,"1769815756.159, 1769815756.240, 1769815756.288, 1769815756.316, 1769815756.429"
1.0,0,1769815756.3562,38.9097,27,32,59,0.0522,0.0444,0.0465,1.0,0.0,95.25,0.6321,37.9619,37.9619,19085.9586,1769815795.903812,7.04,76,1080,0.169,12,0,0,11.5,15.0,0,1561,1769815756.159,-38.19,meta-llama/Llama-3.2-1B-Instruct,"1769815756.159, 1769815756.240, 1769815756.288, 1769815756.316, 1769815756.429"
1.0,0,1769815756.5499,38.8915,27,32,59,0.0684,0.0451,0.0526,1.0,0.0,95.26,0.6472,37.9598,37.9598,19123.9184,1769815796.0988328,7.03,76,1081,0.169,12,0,0,11.5,15.0,0,1561,1769815756.159,-38.19,meta-llama/Llama-3.2-1B-Instruct,"1769815756.159, 1769815756.240, 1769815756.288, 1769815756.316, 1769815756.429"
200.0,1,1769815639.9344,89.7059,2889,1029,3918,4.5436,0.0797,0.0941,200.0,0.0,95.26,66.4711,-43.8229,0.0,19123.9184,1769815796.1348937,7.12,77,1082,0.723,37,0,0,11.5,15.0,0,1561,1769815756.159,-38.19,meta-llama/Llama-3.2-1B-Instruct,"1769815756.159, 1769815756.240, 1769815756.288, 1769815756.316, 1769815756.429"
1.0,0,1769815756.5769,38.9441,27,32,59,0.0646,0.0472,0.0585,1.0,0.0,95.27,0.648,38.0087,38.0087,19161.9271,1769815796.1712563,7.11,77,1083,0.169,12,0,0,11.5,15.0,0,1561,1769815756.159,-38.19,meta-llama/Llama-3.2-1B-Instruct,"1769815756.159, 1769815756.240, 1769815756.288, 1769815756.316, 1769815756.429"
1.0,0,1769815756.6246,38.9475,27,32,59,0.0516,0.0424,0.0546,1.0,0.0,95.27,0.6278,37.9991,37.9991,19199.9262,1769815796.2069857,7.1,77,1084,0.17,12,0,0,11.5,15.0,0,1561,1769815756.159,-38.19,meta-llama/Llama-3.2-1B-Instruct,"1769815756.159, 1769815756.240, 1769815756.288, 1769815756.316, 1769815756.429"
1.0,0,1769815756.7067,38.9658,27,32,59,0.0519,0.0487,0.0511,1.0,0.0,95.27,0.621,38.0177,38.0177,19237.9439,1769815796.2985094,7.1,77,1085,0.17,13,0,0,11.5,15.0,0,1561,1769815756.159,-38.19,meta-llama/Llama-3.2-1B-Instruct,"1769815756.159, 1769815756.240, 1769815756.288, 1769815756.316, 1769815756.429"
1.0,0,1769815756.7555,38.9891,27,32,59,0.0467,0.0429,0.045,1.0,0.0,95.28,0.6156,38.0357,38.0357,19275.9796,1769815796.3609915,7.09,77,1086,0.17,12,0,0,11.5,15.0,0,1561,1769815756.159,-38.19,meta-llama/Llama-3.2-1B-Instruct,"1769815756.159, 1769815756.240, 1769815756.288, 1769815756.316, 1769815756.429"
1.0,0,1769815756.881,38.9324,27,32,59,0.0824,0.0383,0.0455,1.0,0.0,95.28,0.662,38.0148,38.0148,19313.9944,1769815796.4799333,7.08,77,1087,0.17,12,0,0,11.5,15.0,0,1561,1769815756.159,-38.19,meta-llama/Llama-3.2-1B-Instruct,"1769815756.159, 1769815756.240, 1769815756.288, 1769815756.316, 1769815756.429"
1.0,0,1769815757.2126,38.7098,27,32,59,0.0712,0.0416,0.0442,1.0,0.0,95.29,0.6595,37.7809,37.7809,19351.7753,1769815796.5905077,7.08,77,1088,0.17,11,0,0,11.5,15.0,0,1561,1769815756.159,-38.19,meta-llama/Llama-3.2-1B-Instruct,"1769815756.159, 1769815756.240, 1769815756.288, 1769815756.316, 1769815756.429"
1.0,0,1769815757.2546,38.7411,27,32,59,0.0693,0.0344,0.0401,1.0,0.0,95.29,0.6291,37.8104,37.8104,19389.5857,1769815796.6297662,7.07,77,1089,0.17,12,0,0,11.5,15.0,0,1561,1769815756.159,-38.19,meta-llama/Llama-3.2-1B-Instruct,"1769815756.159, 1769815756.240, 1769815756.288, 1769815756.316, 1769815756.429"
1.0,0,1769815757.9844,38.6243,27,0,27,,,,1.0,,,0.0522,37.6765,37.6765,19465.007,1769815796.66606,7.06,77,1091,0.135,11,0,0,11.5,15.0,0,1561,1769815756.159,-38.19,meta-llama/Llama-3.2-1B-Instruct,"1769815756.159, 1769815756.240, 1769815756.288, 1769815756.316, 1769815756.429"
1.0,0,1769815757.3496,38.6946,27,32,59,0.0502,0.0341,0.04,1.0,0.0,95.3,0.6193,37.7448,37.7448,19465.007,1769815796.669566,7.06,77,1091,0.171,13,0,0,11.5,15.0,0,1561,1769815756.159,-38.19,meta-llama/Llama-3.2-1B-Instruct,"1769815756.159, 1769815756.240, 1769815756.288, 1769815756.316, 1769815756.429"
1.0,0,1769815757.4084,38.7133,27,32,59,0.0734,0.0365,0.0407,1.0,0.0,95.3,0.6533,37.7867,37.7867,19502.7937,1769815796.7901115,7.05,77,1092,0.134,12,0,0,11.5,15.0,0,1561,1769815756.159,-38.19,meta-llama/Llama-3.2-1B-Instruct,"1769815756.159, 1769815756.240, 1769815756.288, 1769815756.316, 1769815756.429"
1.0,0,1769815757.5454,38.7751,27,31,58,0.0648,0.0459,0.0464,1.0,0.0,95.31,0.6216,37.8399,37.8399,19578.5154,1769815796.9473498,7.04,77,1094,0.134,10,0,0,11.5,15.0,0,1561,1769815756.159,-38.19,meta-llama/Llama-3.2-1B-Instruct,"1769815756.159, 1769815756.240, 1769815756.288, 1769815756.316, 1769815756.429"
1.0,0,1769815757.5003,38.8299,27,32,59,0.0519,0.0429,0.0449,1.0,0.0,95.31,0.6158,37.8817,37.8817,19578.5154,1769815796.9476097,7.04,77,1094,0.134,11,0,0,11.5,15.0,0,1561,1769815756.159,-38.19,meta-llama/Llama-3.2-1B-Instruct,"1769815756.159, 1769815756.240, 1769815756.288, 1769815756.316, 1769815756.429"
1.0,0,1769815757.5873,38.7872,27,32,59,0.0492,0.0409,0.0415,1.0,0.0,95.31,0.6113,37.8364,37.8364,19616.3518,1769815796.9867444,7.03,77,1095,0.133,9,0,0,11.5,15.0,0,1561,1769815756.159,-38.19,meta-llama/Llama-3.2-1B-Instruct,"1769815756.159, 1769815756.240, 1769815756.288, 1769815756.316, 1769815756.429"
1.0,0,1769815757.6168,38.8383,27,32,59,0.0644,0.0476,0.0493,1.0,0.0,95.32,0.6504,37.9027,37.9027,19654.2546,1769815797.1107848,7.03,77,1096,0.135,12,0,0,11.5,15.0,0,1561,1769815756.159,-38.19,meta-llama/Llama-3.2-1B-Instruct,"1769815756.159, 1769815756.240, 1769815756.288, 1769815756.316, 1769815756.429"
1.0,0,1769815757.941,38.5713,27,32,59,0.0604,0.0459,0.048,1.0,0.0,95.32,0.6288,37.6317,37.6317,19728.6876,1769815797.1443093,7.02,77,1098,0.135,12,0,0,11.5,15.0,0,1561,1769815756.159,-38.19,meta-llama/Llama-3.2-1B-Instruct,"1769815756.159, 1769815756.240, 1769815756.288, 1769815756.316, 1769815756.429"
1.0,0,1769815758.1547,38.5259,27,32,59,0.0496,0.0456,0.0657,1.0,0.0,95.33,0.6485,37.5754,37.5754,19766.2631,1769815797.347445,7.01,77,1099,0.134,10,0,0,11.5,15.0,0,1561,1769815756.159,-38.19,meta-llama/Llama-3.2-1B-Instruct,"1769815756.159, 1769815756.240, 1769815756.288, 1769815756.316, 1769815756.429"
1.0,0,1769815758.2006,38.5523,27,32,59,0.0965,0.0604,0.0746,1.0,0.0,95.33,0.6278,37.6488,37.6488,19803.9118,1769815797.4004085,7.0,77,1100,0.135,10,0,0,11.5,15.0,0,1561,1769815756.159,-38.19,meta-llama/Llama-3.2-1B-Instruct,"1769815756.159, 1769815756.240, 1769815756.288, 1769815756.316, 1769815756.429"
1.0,0,1769815758.6048,38.2263,27,32,59,0.0558,0.0433,0.0711,1.0,0.0,95.34,0.6015,37.2821,37.2821,19841.1939,1769815797.4337983,6.99,77,1101,0.135,11,0,0,11.5,15.0,0,1561,1769815756.159,-38.19,meta-llama/Llama-3.2-1B-Instruct,"1769815756.159, 1769815756.240, 1769815756.288, 1769815756.316, 1769815756.429"
1.0,0,1769815758.6332,38.2957,27,32,59,0.053,0.0388,0.0409,1.0,0.0,95.34,0.5871,37.3487,37.3487,19878.5426,1769815797.517305,6.99,77,1102,0.136,12,0,0,11.5,15.0,0,1561,1769815756.159,-38.19,meta-llama/Llama-3.2-1B-Instruct,"1769815756.159, 1769815756.240, 1769815756.288, 1769815756.316, 1769815756.429"
1.0,0,1769815758.818,38.2118,27,32,59,0.0629,0.0478,0.0492,1.0,0.0,95.34,0.5984,37.2747,37.2747,19915.8174,1769815797.6315382,6.98,77,1103,0.135,10,0,0,11.5,15.0,0,1561,1769815756.159,-38.19,meta-llama/Llama-3.2-1B-Instruct,"1769815756.159, 1769815756.240, 1769815756.288, 1769815756.316, 1769815756.429"
1.0,0,1769815759.3832,37.793,27,32,59,0.064,0.0321,0.0356,1.0,0.0,95.35,0.6081,36.857,36.857,19952.6744,1769815797.790874,6.97,77,1104,0.135,9,0,0,11.5,15.0,0,1561,1769815756.159,-38.19,meta-llama/Llama-3.2-1B-Instruct,"1769815756.159, 1769815756.240, 1769815756.288, 1769815756.316, 1769815756.429"
1.0,0,1769815759.4168,37.8162,27,32,59,0.064,0.031,0.0378,1.0,0.0,95.35,0.6197,36.8801,36.8801,19989.5545,1769815797.8684907,6.97,77,1105,0.135,9,0,0,11.5,15.0,0,1561,1769815756.159,-38.19,meta-llama/Llama-3.2-1B-Instruct,"1769815756.159, 1769815756.240, 1769815756.288, 1769815756.316, 1769815756.429"
1.0,0,1769815759.5334,37.7768,27,32,59,0.068,0.0399,0.0415,1.0,0.0,95.36,0.6191,36.8447,36.8447,20026.3993,1769815797.9326363,6.96,77,1106,0.136,10,0,0,11.5,15.0,0,1561,1769815756.159,-38.19,meta-llama/Llama-3.2-1B-Instruct,"1769815756.159, 1769815756.240, 1769815756.288, 1769815756.316, 1769815756.429"
1.0,0,1769815759.5621,37.9772,27,32,59,0.0754,0.0381,0.0427,1.0,0.0,95.36,0.6061,37.0527,37.0527,20063.4519,1769815798.1502469,6.96,77,1107,0.136,10,0,0,11.5,15.0,0,1561,1769815756.159,-38.19,meta-llama/Llama-3.2-1B-Instruct,"1769815756.159, 1769815756.240, 1769815756.288, 1769815756.316, 1769815756.429"
1.0,0,1769815759.6067,37.9373,27,32,59,0.067,0.0384,0.0524,1.0,0.0,95.37,0.6219,37.0043,37.0043,20100.4562,1769815798.1783347,6.95,77,1108,0.136,9,0,0,11.5,15.0,0,1561,1769815756.159,-38.19,meta-llama/Llama-3.2-1B-Instruct,"1769815756.159, 1769815756.240, 1769815756.288, 1769815756.316, 1769815756.429"
1.0,0,1769815759.6932,37.907,27,32,59,0.0664,0.0404,0.0421,1.0,0.0,95.37,0.6171,36.9734,36.9734,20137.4296,1769815798.2198207,6.94,77,1109,0.136,9,0,0,11.5,15.0,0,1561,1769815756.159,-38.19,meta-llama/Llama-3.2-1B-Instruct,"1769815756.159, 1769815756.240, 1769815756.288, 1769815756.316, 1769815756.429"
1.0,0,1769815759.7438,37.9053,27,32,59,0.0459,0.0441,0.0454,1.0,0.0,95.37,0.6071,36.9512,36.9512,20174.3808,1769815798.2587926,6.94,77,1110,0.136,9,0,0,11.5,15.0,0,1561,1769815756.159,-38.19,meta-llama/Llama-3.2-1B-Instruct,"1769815756.159, 1769815756.240, 1769815756.288, 1769815756.316, 1769815756.429"
1.0,0,1769815759.796,37.9209,27,32,59,0.0759,0.0351,0.0352,1.0,0.0,95.38,0.6215,36.9968,36.9968,20211.3776,1769815798.3393848,6.93,77,1111,0.137,11,0,0,11.5,15.0,0,1561,1769815756.159,-38.19,meta-llama/Llama-3.2-1B-Instruct,"1769815756.159, 1769815756.240, 1769815756.288, 1769815756.316, 1769815756.429"
1.0,0,1769815759.8825,37.9209,27,32,59,0.0502,0.0392,0.0522,1.0,0.0,95.38,0.626,36.9711,36.9711,20248.3488,1769815798.4481547,6.92,77,1112,0.137,11,0,0,11.5,15.0,0,1561,1769815756.159,-38.19,meta-llama/Llama-3.2-1B-Instruct,"1769815756.159, 1769815756.240, 1769815756.288, 1769815756.316, 1769815756.429"
1.0,0,1769815759.9279,37.9686,27,32,59,0.0682,0.0484,0.0526,1.0,0.0,95.39,0.6213,37.0368,37.0368,20285.3856,1769815798.5237103,6.92,77,1113,0.137,11,0,0,11.5,15.0,0,1561,1769815756.159,-38.19,meta-llama/Llama-3.2-1B-Instruct,"1769815756.159, 1769815756.240, 1769815756.288, 1769815756.316, 1769815756.429"
1.0,0,1769815759.9567,38.0505,27,32,59,0.0706,0.0462,0.0469,1.0,0.0,95.39,0.6351,37.1211,37.1211,20322.5066,1769815798.645362,6.91,77,1114,0.137,11,0,0,11.5,15.0,0,1561,1769815756.159,-38.19,meta-llama/Llama-3.2-1B-Instruct,"1769815756.159, 1769815756.240, 1769815756.288, 1769815756.316, 1769815756.429"
1.0,0,1769815760.0047,38.0664,27,32,59,0.0526,0.0345,0.0477,1.0,0.0,95.4,0.6036,37.1191,37.1191,20359.6257,1769815798.6796613,6.91,77,1115,0.138,12,0,0,11.5,15.0,0,1561,1769815756.159,-38.19,meta-llama/Llama-3.2-1B-Instruct,"1769815756.159, 1769815756.240, 1769815756.288, 1769815756.316, 1769815756.429"
1.0,0,1769815760.1309,38.0249,27,32,59,0.0547,0.038,0.052,1.0,0.0,95.4,0.6161,37.0796,37.0796,20396.7053,1769815798.7782457,6.9,77,1116,0.139,12,0,0,11.5,15.0,0,1561,1769815756.159,-38.19,meta-llama/Llama-3.2-1B-Instruct,"1769815756.159, 1769815756.240, 1769815756.288, 1769815756.316, 1769815756.429"
1.0,0,1769815760.1773,38.0571,27,32,59,0.0486,0.0375,0.0492,1.0,0.0,95.4,0.5982,37.1057,37.1057,20470.9201,1769815798.8366446,6.89,77,1118,0.138,11,0,0,11.5,15.0,0,1561,1769815756.159,-38.19,meta-llama/Llama-3.2-1B-Instruct,"1769815756.159, 1769815756.240, 1769815756.288, 1769815756.316, 1769815756.429"
1.0,0,1769815760.4907,38.0477,27,12,39,0.0613,0.0487,0.0487,1.0,0.0,95.41,0.2929,37.109,37.109,20470.9201,1769815798.8376353,6.89,77,1118,0.139,11,0,0,11.5,15.0,0,1561,1769815756.159,-38.19,meta-llama/Llama-3.2-1B-Instruct,"1769815756.159, 1769815756.240, 1769815756.288, 1769815756.316, 1769815756.429"
1.0,0,1769815760.2686,38.0457,27,32,59,0.0705,0.0358,0.043,1.0,0.0,95.41,0.6266,37.1162,37.1162,20508.0363,1769815798.9507637,6.88,77,1119,0.138,11,0,0,11.5,15.0,0,1561,1769815756.159,-38.19,meta-llama/Llama-3.2-1B-Instruct,"1769815756.159, 1769815756.240, 1769815756.288, 1769815756.316, 1769815756.429"
1.0,0,1769815760.4111,37.9607,27,32,59,0.0551,0.0377,0.0499,1.0,0.0,95.42,0.6276,37.0159,37.0159,20545.0521,1769815799.018594,6.88,77,1120,0.138,11,0,0,11.5,15.0,0,1561,1769815756.159,-38.19,meta-llama/Llama-3.2-1B-Instruct,"1769815756.159, 1769815756.240, 1769815756.288, 1769815756.316, 1769815756.429"
1.0,0,1769815760.4635,37.9929,27,31,58,0.0634,0.041,0.0498,1.0,0.0,95.42,0.6292,37.0563,37.0563,20582.1084,1769815799.0921543,6.87,77,1121,0.138,11,0,0,11.5,15.0,0,1561,1769815756.159,-38.19,meta-llama/Llama-3.2-1B-Instruct,"1769815756.159, 1769815756.240, 1769815756.288, 1769815756.316, 1769815756.429"
1.0,0,1769815760.6085,37.9826,27,28,55,0.0517,0.0452,0.0478,1.0,0.0,95.43,0.547,37.0343,37.0343,20619.1428,1769815799.1452138,6.86,77,1122,0.139,11,0,0,11.5,15.0,0,1561,1769815756.159,-38.19,meta-llama/Llama-3.2-1B-Instruct,"1769815756.159, 1769815756.240, 1769815756.288, 1769815756.316, 1769815756.429"
200.0,1,1769815639.9581,89.7394,2877,1027,3904,4.4579,0.0758,0.0939,200.0,0.0,95.43,69.5047,-40.7559,0.0,20619.1428,1769815799.2166636,6.95,78,1123,0.723,37,0,0,11.5,15.0,0,1561,1769815756.159,-38.19,meta-llama/Llama-3.2-1B-Instruct,"1769815756.159, 1769815756.240, 1769815756.288, 1769815756.316, 1769815756.429"
1.0,0,1769815760.6794,38.1341,27,32,59,0.0514,0.0335,0.0446,1.0,0.0,95.43,0.6013,37.1855,37.1855,20693.5407,1769815799.4167204,6.94,78,1125,0.14,11,0,0,11.5,15.0,0,1561,1769815756.159,-38.19,meta-llama/Llama-3.2-1B-Instruct,"1769815756.159, 1769815756.240, 1769815756.288, 1769815756.316, 1769815756.429"
1.0,0,1769815760.6493,38.1525,27,31,58,0.0599,0.0398,0.0473,1.0,0.0,95.44,0.6135,37.2124,37.2124,20693.5407,1769815799.4169984,6.93,78,1125,0.139,12,0,0,11.5,15.0,0,1561,1769815756.159,-38.19,meta-llama/Llama-3.2-1B-Instruct,"1769815756.159, 1769815756.240, 1769815756.288, 1769815756.316, 1769815756.429"
1.0,0,1769815760.7233,38.1245,27,32,59,0.0694,0.0421,0.0539,1.0,0.0,95.44,0.6292,37.1939,37.1939,20730.7345,1769815799.4778564,6.93,78,1126,0.138,8,0,0,11.5,15.0,0,1561,1769815763.019,-36.413,meta-llama/Llama-3.2-1B-Instruct,"1769815763.019, 1769815763.142, 1769815763.217, 1769815763.264, 1769815763.294"
1.0,0,1769815760.875,38.0267,27,32,59,0.0489,0.0363,0.0629,1.0,0.0,95.45,0.6048,37.0756,37.0756,20767.8101,1769815799.509351,6.92,78,1127,0.139,11,0,0,11.5,15.0,0,1561,1769815763.019,-36.413,meta-llama/Llama-3.2-1B-Instruct,"1769815763.019, 1769815763.142, 1769815763.217, 1769815763.264, 1769815763.294"
1.0,0,1769815760.9953,37.9894,27,32,59,0.0769,0.0377,0.0528,1.0,0.0,95.45,0.598,37.0663,37.0663,20804.8764,1769815799.5884147,6.91,78,1128,0.139,10,0,0,11.5,15.0,0,1561,1769815763.019,-36.413,meta-llama/Llama-3.2-1B-Instruct,"1769815763.019, 1769815763.142, 1769815763.217, 1769815763.264, 1769815763.294"
1.0,0,1769815761.0757,37.9622,27,32,59,0.0474,0.0426,0.0513,1.0,0.0,95.45,0.5846,37.0096,37.0096,20841.886,1769815799.6283054,6.91,78,1129,0.14,10,0,0,11.5,15.0,0,1561,1769815763.019,-36.413,meta-llama/Llama-3.2-1B-Instruct,"1769815763.019, 1769815763.142, 1769815763.217, 1769815763.264, 1769815763.294"
1.0,0,1769815761.3451,37.7683,27,32,59,0.0585,0.0362,0.0477,1.0,0.0,95.46,0.5913,36.8268,36.8268,20878.7128,1769815799.712446,6.9,78,1130,0.14,11,0,0,11.5,15.0,0,1561,1769815763.019,-36.413,meta-llama/Llama-3.2-1B-Instruct,"1769815763.019, 1769815763.142, 1769815763.217, 1769815763.264, 1769815763.294"
1.0,0,1769815761.4674,37.723,27,32,59,0.0511,0.0386,0.0487,1.0,0.0,95.46,0.609,36.7741,36.7741,20915.4869,1769815799.8010497,6.9,78,1131,0.14,11,0,0,11.5,15.0,0,1561,1769815763.019,-36.413,meta-llama/Llama-3.2-1B-Instruct,"1769815763.019, 1769815763.142, 1769815763.217, 1769815763.264, 1769815763.294"
1.0,0,1769815761.4955,37.7886,27,32,59,0.0482,0.0449,0.0517,1.0,0.0,95.47,0.5831,36.8368,36.8368,20952.3237,1769815799.8760958,6.89,78,1132,0.104,11,0,0,11.5,15.0,0,1561,1769815763.019,-36.413,meta-llama/Llama-3.2-1B-Instruct,"1769815763.019, 1769815763.142, 1769815763.217, 1769815763.264, 1769815763.294"
1.0,0,1769815762.2937,37.5577,27,0,27,,,,1.0,,,0.0618,36.6195,36.6195,20988.9432,1769815799.9159577,6.88,78,1133,0.104,10,0,0,11.5,15.0,0,1561,1769815763.019,-36.413,meta-llama/Llama-3.2-1B-Instruct,"1769815763.019, 1769815763.142, 1769815763.217, 1769815763.264, 1769815763.294"
1.0,0,1769815761.5393,37.8471,27,32,59,0.0761,0.0379,0.0424,1.0,0.0,95.47,0.6047,36.9232,36.9232,21025.8664,1769815799.9940956,6.88,78,1134,0.105,12,0,0,11.5,15.0,0,1561,1769815763.019,-36.413,meta-llama/Llama-3.2-1B-Instruct,"1769815763.019, 1769815763.142, 1769815763.217, 1769815763.264, 1769815763.294"
1.0,0,1769815761.8079,37.6443,27,32,59,0.0563,0.0307,0.0328,1.0,0.0,95.48,0.5809,36.7006,36.7006,21062.567,1769815800.0399308,6.87,78,1135,0.104,10,0,0,11.5,15.0,0,1561,1769815763.019,-36.413,meta-llama/Llama-3.2-1B-Instruct,"1769815763.019, 1769815763.142, 1769815763.217, 1769815763.264, 1769815763.294"
1.0,0,1769815762.0187,37.5029,27,32,59,0.0468,0.0378,0.038,1.0,0.0,95.48,0.5719,36.5497,36.5497,21099.1166,1769815800.0997903,6.87,78,1136,0.104,10,0,0,11.5,15.0,0,1561,1769815763.019,-36.413,meta-llama/Llama-3.2-1B-Instruct,"1769815763.019, 1769815763.142, 1769815763.217, 1769815763.264, 1769815763.294"
1.0,0,1769815762.1422,37.4626,27,32,59,0.0466,0.0405,0.0421,1.0,0.0,95.48,0.5718,36.5093,36.5093,21135.6259,1769815800.182668,6.86,78,1137,0.104,10,0,0,11.5,15.0,0,1561,1769815763.019,-36.413,meta-llama/Llama-3.2-1B-Instruct,"1769815763.019, 1769815763.142, 1769815763.217, 1769815763.264, 1769815763.294"
1.0,0,1769815762.2172,37.4673,27,32,59,0.0534,0.0373,0.0387,1.0,0.0,95.49,0.5871,36.5207,36.5207,21172.1466,1769815800.2786148,6.85,78,1138,0.104,10,0,0,11.5,15.0,0,1561,1769815763.019,-36.413,meta-llama/Llama-3.2-1B-Instruct,"1769815763.019, 1769815763.142, 1769815763.217, 1769815763.264, 1769815763.294"
1.0,0,1769815762.2643,37.5167,27,32,59,0.0418,0.0386,0.0431,1.0,0.0,95.49,0.5613,36.5585,36.5585,21208.7051,1769815800.3454442,6.85,78,1139,0.104,9,0,0,11.5,15.0,0,1561,1769815763.019,-36.413,meta-llama/Llama-3.2-1B-Instruct,"1769815763.019, 1769815763.142, 1769815763.217, 1769815763.264, 1769815763.294"
1.0,0,1769815762.6188,37.4709,27,18,45,0.0785,0.0499,0.0499,1.0,0.0,95.5,0.4316,36.5494,36.5494,21245.2546,1769815800.5221922,6.84,78,1140,0.103,7,0,0,11.5,15.0,0,1561,1769815763.019,-36.413,meta-llama/Llama-3.2-1B-Instruct,"1769815763.019, 1769815763.142, 1769815763.217, 1769815763.264, 1769815763.294"
1.0,0,1769815762.4837,37.5865,27,32,59,0.0902,0.0435,0.0621,1.0,0.0,95.5,0.6191,36.6767,36.6767,21281.9313,1769815800.7005408,6.84,78,1141,0.104,9,0,0,11.5,15.0,0,1561,1769815763.019,-36.413,meta-llama/Llama-3.2-1B-Instruct,"1769815763.019, 1769815763.142, 1769815763.217, 1769815763.264, 1769815763.294"
1.0,0,1769815762.5306,37.5524,27,32,59,0.086,0.0408,0.0468,1.0,0.0,95.5,0.6439,36.6383,36.6383,21318.5696,1769815800.7303414,6.83,78,1142,0.104,8,0,0,11.5,15.0,0,1561,1769815763.019,-36.413,meta-llama/Llama-3.2-1B-Instruct,"1769815763.019, 1769815763.142, 1769815763.217, 1769815763.264, 1769815763.294"
1.0,0,1769815762.6646,37.4569,27,32,59,0.0547,0.0459,0.0481,1.0,0.0,95.51,0.6093,36.5116,36.5116,21391.5218,1769815800.7426088,6.82,78,1144,0.103,6,0,0,11.5,15.0,0,1561,1769815763.019,-36.413,meta-llama/Llama-3.2-1B-Instruct,"1769815763.019, 1769815763.142, 1769815763.217, 1769815763.264, 1769815763.294"
1.0,0,1769815763.2947,37.3689,27,0,27,,,,1.0,,,0.0717,36.4406,36.4406,21391.5218,1769815800.7428012,6.82,78,1144,0.107,12,0,0,11.5,15.0,0,1561,1769815763.019,-36.413,meta-llama/Llama-3.2-1B-Instruct,"1769815763.019, 1769815763.142, 1769815763.217, 1769815763.264, 1769815763.294"
1.0,0,1769815762.7525,37.426,27,32,59,0.042,0.0419,0.0524,1.0,0.0,95.51,0.5983,36.4681,36.4681,21427.9899,1769815800.7809007,6.81,78,1145,0.104,9,0,0,11.5,15.0,0,1561,1769815763.019,-36.413,meta-llama/Llama-3.2-1B-Instruct,"1769815763.019, 1769815763.142, 1769815763.217, 1769815763.264, 1769815763.294"
1.0,0,1769815762.7936,37.4562,27,32,59,0.0933,0.0407,0.05,1.0,0.0,95.52,0.6171,36.5495,36.5495,21464.5394,1769815800.8696704,6.81,78,1146,0.105,10,0,0,11.5,15.0,0,1561,1769815763.019,-36.413,meta-llama/Llama-3.2-1B-Instruct,"1769815763.019, 1769815763.142, 1769815763.217, 1769815763.264, 1769815763.294"
1.0,0,1769815762.9606,37.3598,27,32,59,0.0786,0.0451,0.0556,1.0,0.0,95.52,0.5889,36.4385,36.4385,21500.9779,1769815800.912161,6.8,78,1147,0.105,10,0,0,11.5,15.0,0,1561,1769815763.019,-36.413,meta-llama/Llama-3.2-1B-Instruct,"1769815763.019, 1769815763.142, 1769815763.217, 1769815763.264, 1769815763.294"
1.0,0,1769815763.0079,37.3814,27,32,59,0.0578,0.0476,0.0528,1.0,0.0,95.52,0.6104,36.4392,36.4392,21537.4171,1769815801.0113323,6.79,78,1148,0.105,10,0,0,11.5,15.0,0,1561,1769815763.019,-36.413,meta-llama/Llama-3.2-1B-Instruct,"1769815763.019, 1769815763.142, 1769815763.217, 1769815763.264, 1769815763.294"
1.0,0,1769815763.0908,37.413,27,32,59,0.0598,0.0447,0.057,1.0,0.0,95.53,0.6274,36.4728,36.4728,21573.8899,1769815801.1322029,6.79,78,1149,0.105,11,0,0,11.5,15.0,0,1561,1769815763.019,-36.413,meta-llama/Llama-3.2-1B-Instruct,"1769815763.019, 1769815763.142, 1769815763.217, 1769815763.264, 1769815763.294"
1.0,0,1769815763.1986,37.3793,27,32,59,0.0523,0.0507,0.0554,1.0,0.0,95.53,0.6216,36.4316,36.4316,21610.3215,1769815801.205048,6.78,78,1150,0.106,11,0,0,11.5,15.0,0,1561,1769815763.019,-36.413,meta-llama/Llama-3.2-1B-Instruct,"1769815763.019, 1769815763.142, 1769815763.217, 1769815763.264, 1769815763.294"
1.0,0,1769815764.7142,36.461,27,0,27,,,,1.0,,,0.0851,35.5462,35.5462,21645.8677,1769815801.263878,6.78,78,1151,0.106,9,0,0,11.5,15.0,0,1561,1769815763.019,-36.413,meta-llama/Llama-3.2-1B-Instruct,"1769815763.019, 1769815763.142, 1769815763.217, 1769815763.264, 1769815763.294"
1.0,0,1769815763.9504,36.8104,27,32,59,0.0742,0.0407,0.0602,1.0,0.0,95.54,0.5968,35.8846,35.8846,21681.7523,1769815801.3616068,6.77,78,1152,0.105,8,0,0,11.5,15.0,0,1561,1769815763.019,-36.413,meta-llama/Llama-3.2-1B-Instruct,"1769815763.019, 1769815763.142, 1769815763.217, 1769815763.264, 1769815763.294"
1.0,0,1769815764.335,36.4857,27,32,59,0.0774,0.0447,0.0501,1.0,0.0,95.54,0.6148,35.5632,35.5632,21717.3155,1769815801.4369555,6.76,78,1153,0.105,9,0,0,11.5,15.0,0,1561,1769815763.019,-36.413,meta-llama/Llama-3.2-1B-Instruct,"1769815763.019, 1769815763.142, 1769815763.217, 1769815763.264, 1769815763.294"
1.0,0,1769815764.3623,36.5234,27,32,59,0.0784,0.042,0.0509,1.0,0.0,95.54,0.6232,35.6019,35.6019,21752.9174,1769815801.5141978,6.76,78,1154,0.105,9,0,0,11.5,15.0,0,1561,1769815763.019,-36.413,meta-llama/Llama-3.2-1B-Instruct,"1769815763.019, 1769815763.142, 1769815763.217, 1769815763.264, 1769815763.294"
1.0,0,1769815764.4098,36.5419,27,32,59,0.0541,0.0459,0.0541,1.0,0.0,95.55,0.5794,35.596,35.596,21788.5133,1769815801.533174,6.75,78,1155,0.105,8,0,0,11.5,15.0,0,1561,1769815763.019,-36.413,meta-llama/Llama-3.2-1B-Instruct,"1769815763.019, 1769815763.142, 1769815763.217, 1769815763.264, 1769815763.294"
1.0,0,1769815764.4614,36.5946,27,32,59,0.0694,0.0341,0.0346,1.0,0.0,95.55,0.5962,35.664,35.664,21824.1774,1769815801.6531873,6.75,78,1156,0.106,9,0,0,11.5,15.0,0,1561,1769815763.019,-36.413,meta-llama/Llama-3.2-1B-Instruct,"1769815763.019, 1769815763.142, 1769815763.217, 1769815763.264, 1769815763.294"
1.0,0,1769815764.6075,36.4924,27,32,59,0.0508,0.0351,0.0409,1.0,0.0,95.56,0.5971,35.5432,35.5432,21859.7206,1769815801.7064962,6.74,78,1157,0.106,9,0,0,11.5,15.0,0,1561,1769815763.019,-36.413,meta-llama/Llama-3.2-1B-Instruct,"1769815763.019, 1769815763.142, 1769815763.217, 1769815763.264, 1769815763.294"
1.0,0,1769815764.7963,36.5521,27,31,58,0.0673,0.0392,0.0395,1.0,0.0,95.56,0.6069,35.6194,35.6194,21966.6144,1769815801.9610875,6.74,78,1160,0.106,9,0,0,11.5,15.0,0,1561,1769815763.019,-36.413,meta-llama/Llama-3.2-1B-Instruct,"1769815763.019, 1769815763.142, 1769815763.217, 1769815763.264, 1769815763.294"
1.0,0,1769815764.8238,36.5507,27,32,59,0.0517,0.0448,0.046,1.0,0.0,95.56,0.5826,35.6024,35.6024,21966.6144,1769815801.9616728,6.73,78,1160,0.107,9,0,0,11.5,15.0,0,1561,1769815763.019,-36.413,meta-llama/Llama-3.2-1B-Instruct,"1769815763.019, 1769815763.142, 1769815763.217, 1769815763.264, 1769815763.294"
1.0,0,1769815764.7471,36.5944,27,32,59,0.0776,0.0347,0.04,1.0,0.0,95.57,0.6193,35.672,35.672,21966.6144,1769815801.9638507,6.72,78,1160,0.106,9,0,0,11.5,15.0,0,1561,1769815763.019,-36.413,meta-llama/Llama-3.2-1B-Instruct,"1769815763.019, 1769815763.142, 1769815763.217, 1769815763.264, 1769815763.294"
1.0,0,1769815764.9366,36.4935,27,32,59,0.0557,0.0371,0.0467,1.0,0.0,95.57,0.5875,35.5492,35.5492,22002.1635,1769815802.02058,6.72,78,1161,0.107,10,1,0,11.5,15.0,0,1561,1769815763.019,-36.413,meta-llama/Llama-3.2-1B-Instruct,"1769815763.019, 1769815763.142, 1769815763.217, 1769815763.264, 1769815763.294"
1.0,0,1769815765.0882,36.4284,27,32,59,0.0403,0.0344,0.0389,1.0,0.0,95.58,0.5915,35.4688,35.4688,22037.6323,1769815802.1212265,6.71,78,1162,0.107,10,0,0,11.5,15.0,0,1561,1769815763.019,-36.413,meta-llama/Llama-3.2-1B-Instruct,"1769815763.019, 1769815763.142, 1769815763.217, 1769815763.264, 1769815763.294"
1.0,0,1769815765.1396,36.4474,27,32,59,0.0463,0.0406,0.0467,1.0,0.0,95.58,0.6023,35.4937,35.4937,22073.126,1769815802.1914177,6.71,78,1163,0.107,10,0,0,11.5,15.0,0,1561,1769815763.019,-36.413,meta-llama/Llama-3.2-1B-Instruct,"1769815763.019, 1769815763.142, 1769815763.217, 1769815763.264, 1769815763.294"
1.0,0,1769815765.1888,36.4962,27,32,59,0.0675,0.0477,0.0509,1.0,0.0,95.58,0.6381,35.5637,35.5637,22108.6897,1769815802.3314419,6.7,78,1164,0.107,10,0,0,11.5,15.0,0,1561,1769815763.019,-36.413,meta-llama/Llama-3.2-1B-Instruct,"1769815763.019, 1769815763.142, 1769815763.217, 1769815763.264, 1769815763.294"
1.0,0,1769815765.399,36.361,27,32,59,0.0563,0.0419,0.196,1.0,0.0,95.59,0.7734,35.4173,35.4173,22144.107,1769815802.5444894,6.7,78,1165,0.107,10,0,0,11.5,15.0,0,1561,1769815763.019,-36.413,meta-llama/Llama-3.2-1B-Instruct,"1769815763.019, 1769815763.142, 1769815763.217, 1769815763.264, 1769815763.294"
1.0,0,1769815765.6001,36.3371,27,32,59,0.0509,0.0435,0.2002,1.0,0.0,95.59,0.6279,35.3879,35.3879,22179.4949,1769815802.5750866,6.69,78,1166,0.109,11,1,0,11.5,15.0,0,1561,1769815763.019,-36.413,meta-llama/Llama-3.2-1B-Instruct,"1769815763.019, 1769815763.142, 1769815763.217, 1769815763.264, 1769815763.294"
1.0,0,1769815765.4514,36.4109,27,32,59,0.0617,0.0548,0.1846,1.0,0.0,95.59,0.7145,35.4726,35.4726,22214.9676,1769815802.5962899,6.68,79,1168,0.108,11,0,0,11.5,15.0,0,1561,1769815763.019,-36.413,meta-llama/Llama-3.2-1B-Instruct,"1769815763.019, 1769815763.142, 1769815763.217, 1769815763.264, 1769815763.294"
200.0,1,1769815640.0071,89.8145,2771,1029,3800,7.4664,0.0723,0.0861,200.0,0.0,95.6,72.7619,-37.4236,0.0,22214.9676,1769815802.600374,6.76,79,1168,0.723,37,0,0,11.5,15.0,0,1561,1769815763.019,-36.413,meta-llama/Llama-3.2-1B-Instruct,"1769815763.019, 1769815763.142, 1769815763.217, 1769815763.264, 1769815763.294"
1.0,0,1769815765.6459,36.3747,27,32,59,0.0526,0.0711,0.1871,1.0,0.0,95.6,0.5885,35.4274,35.4274,22250.395,1769815802.6182947,6.76,79,1169,0.107,9,0,0,11.5,15.0,0,1561,1769815763.019,-36.413,meta-llama/Llama-3.2-1B-Instruct,"1769815763.019, 1769815763.142, 1769815763.217, 1769815763.264, 1769815763.294"
1.0,0,1769815765.6729,36.4217,27,32,59,0.0866,0.051,0.1888,1.0,0.0,95.61,0.5956,35.5082,35.5082,22285.9032,1769815802.699705,6.75,79,1170,0.108,10,0,0,11.5,15.0,0,1561,1769815763.019,-36.413,meta-llama/Llama-3.2-1B-Instruct,"1769815763.019, 1769815763.142, 1769815763.217, 1769815763.264, 1769815763.294"
1.0,0,1769815765.7229,36.449,27,32,59,0.0392,0.0468,0.1869,1.0,0.0,95.61,0.5529,35.4882,35.4882,22321.3914,1769815802.725613,6.75,79,1171,0.108,9,0,0,11.5,15.0,0,1561,1769815763.019,-36.413,meta-llama/Llama-3.2-1B-Instruct,"1769815763.019, 1769815763.142, 1769815763.217, 1769815763.264, 1769815763.294"
1.0,0,1769815765.7628,36.4794,27,32,59,0.0593,0.0414,0.1864,1.0,0.0,95.61,0.5574,35.5387,35.5387,22356.9301,1769815802.8054647,6.74,79,1172,0.108,10,0,0,11.5,15.0,0,1561,1769815763.019,-36.413,meta-llama/Llama-3.2-1B-Instruct,"1769815763.019, 1769815763.142, 1769815763.217, 1769815763.264, 1769815763.294"
1.0,0,1769815765.7969,36.4949,27,32,59,0.2831,0.0451,0.0476,1.0,0.0,95.62,0.7692,35.778,35.778,22392.7081,1769815803.0649552,6.73,79,1173,0.109,10,0,0,11.5,15.0,0,1561,1769815763.019,-36.413,meta-llama/Llama-3.2-1B-Instruct,"1769815763.019, 1769815763.142, 1769815763.217, 1769815763.264, 1769815763.294"
1.0,0,1769815765.8438,36.7654,27,32,59,0.0613,0.0531,0.0538,1.0,0.0,95.62,0.5729,35.8268,35.8268,22428.5348,1769815803.1886992,6.73,79,1174,0.071,6,0,0,11.5,15.0,0,1561,1769815763.019,-36.413,meta-llama/Llama-3.2-1B-Instruct,"1769815763.019, 1769815763.142, 1769815763.217, 1769815763.264, 1769815763.294"
1.0,0,1769815765.8741,36.7801,27,32,59,0.0462,0.0425,0.047,1.0,0.0,95.63,0.561,35.8263,35.8263,22464.3612,1769815803.2192268,6.72,79,1175,0.072,6,1,0,11.5,15.0,0,1561,1769815763.019,-36.413,meta-llama/Llama-3.2-1B-Instruct,"1769815763.019, 1769815763.142, 1769815763.217, 1769815763.264, 1769815763.294"
1.0,0,1769815765.9866,36.7473,27,32,59,0.0323,0.0502,0.0566,1.0,0.0,95.63,0.5795,35.7796,35.7796,22500.1408,1769815803.3172345,6.72,79,1176,0.071,6,0,0,11.5,15.0,0,1561,1769815763.019,-36.413,meta-llama/Llama-3.2-1B-Instruct,"1769815763.019, 1769815763.142, 1769815763.217, 1769815763.264, 1769815763.294"
1.0,0,1769815766.449,36.5112,27,18,45,0.05,0.0424,0.0424,1.0,0.0,95.63,0.3837,35.5612,35.5612,22535.702,1769815803.359676,6.71,79,1177,0.073,9,0,0,11.5,15.0,0,1561,1769815763.019,-36.413,meta-llama/Llama-3.2-1B-Instruct,"1769815763.019, 1769815763.142, 1769815763.217, 1769815763.264, 1769815763.294"
1.0,0,1769815766.2567,36.534,27,32,59,0.0628,0.0384,0.0413,1.0,0.0,95.64,0.5946,35.5968,35.5968,22571.2988,1769815803.3890963,6.79,80,1179,0.072,7,0,0,11.5,15.0,0,1561,1769815763.019,-36.413,meta-llama/Llama-3.2-1B-Instruct,"1769815763.019, 1769815763.142, 1769815763.217, 1769815763.264, 1769815763.294"
200.0,1,1769815640.0474,89.8463,2809,1027,3836,43.3136,0.0677,0.0855,200.0,0.0,95.64,73.4905,-36.6632,0.0,22571.2988,1769815803.4010618,6.79,80,1179,0.723,37,0,0,11.5,15.0,0,1561,1769815763.019,-36.413,meta-llama/Llama-3.2-1B-Instruct,"1769815763.019, 1769815763.142, 1769815763.217, 1769815763.264, 1769815763.294"
200.0,1,1769815640.1353,89.8025,2551,1025,3576,43.7866,0.0684,0.0853,200.0,0.0,95.64,73.4833,-36.7142,0.0,22571.2988,1769815803.4354992,6.86,81,1180,0.723,37,0,0,11.5,15.0,0,1561,1769815763.019,-36.413,meta-llama/Llama-3.2-1B-Instruct,"1769815763.019, 1769815763.142, 1769815763.217, 1769815763.264, 1769815763.294"
1.0,0,1769815766.3742,36.461,27,32,59,0.0601,0.0402,0.0429,1.0,0.0,95.65,0.6147,35.5211,35.5211,22606.8199,1769815803.4534183,6.86,81,1181,0.072,7,0,0,11.5,15.0,0,1561,1769815763.019,-36.413,meta-llama/Llama-3.2-1B-Instruct,"1769815763.019, 1769815763.142, 1769815763.217, 1769815763.264, 1769815763.294"
1.0,0,1769815766.4013,36.4962,27,32,59,0.0457,0.0372,0.0403,1.0,0.0,95.65,0.6024,35.5419,35.5419,22642.3618,1769815803.5014098,6.85,81,1182,0.072,7,0,0,11.5,15.0,0,1561,1769815763.019,-36.413,meta-llama/Llama-3.2-1B-Instruct,"1769815763.019, 1769815763.142, 1769815763.217, 1769815763.264, 1769815763.294"
1.0,0,1769815766.6209,36.3839,27,32,59,0.0523,0.0325,0.04,1.0,0.0,95.66,0.5714,35.4362,35.4362,22677.798,1769815803.5814943,6.85,81,1183,0.074,10,0,0,11.5,15.0,0,1561,1769815763.019,-36.413,meta-llama/Llama-3.2-1B-Instruct,"1769815763.019, 1769815763.142, 1769815763.217, 1769815763.264, 1769815763.294"
1.0,0,1769815766.7176,36.3838,27,32,59,0.0843,0.0315,0.041,1.0,0.0,95.66,0.5664,35.4681,35.4681,22713.266,1769815803.6773784,6.84,81,1184,0.074,10,0,0,11.5,15.0,0,1561,1769815763.019,-36.413,meta-llama/Llama-3.2-1B-Instruct,"1769815763.019, 1769815763.142, 1769815763.217, 1769815763.264, 1769815763.294"
1.0,0,1769815766.7642,36.405,27,32,59,0.0367,0.035,0.0394,1.0,0.0,95.66,0.5302,35.4417,35.4417,22748.7078,1769815803.7046103,6.84,81,1185,0.074,10,0,0,11.5,15.0,0,1561,1769815763.019,-36.413,meta-llama/Llama-3.2-1B-Instruct,"1769815763.019, 1769815763.142, 1769815763.217, 1769815763.264, 1769815763.294"
1.0,0,1769815767.0533,36.3907,27,20,47,0.0491,0.0248,0.0248,1.0,0.0,95.67,0.3339,35.4399,35.4399,22819.688,1769815803.7793221,6.82,81,1187,0.004,8,0,0,11.5,15.0,0,1561,1769815763.019,-36.413,meta-llama/Llama-3.2-1B-Instruct,"1769815763.019, 1769815763.142, 1769815763.217, 1769815763.264, 1769815763.294"
1.0,0,1769815766.7933,36.4554,27,32,59,0.085,0.0268,0.0306,1.0,0.0,95.67,0.5287,35.5403,35.5403,22819.688,1769815803.7797055,6.83,81,1187,0.074,10,0,0,11.5,15.0,0,1561,1769815763.019,-36.413,meta-llama/Llama-3.2-1B-Instruct,"1769815763.019, 1769815763.142, 1769815763.217, 1769815763.264, 1769815763.294"
1.0,0,1769815766.9087,36.3836,27,32,59,0.0471,0.0298,0.0341,1.0,0.0,95.67,0.5014,35.4308,35.4308,22855.1188,1769815803.797602,6.82,81,1188,0.074,10,1,0,11.5,15.0,0,1561,1769815763.019,-36.413,meta-llama/Llama-3.2-1B-Instruct,"1769815763.019, 1769815763.142, 1769815763.217, 1769815763.264, 1769815763.294"
1.0,0,1769815766.9498,36.4242,27,32,59,0.0466,0.0257,0.0329,1.0,0.0,95.68,0.4938,35.4708,35.4708,22890.5895,1769815803.872579,6.81,81,1189,0.074,9,0,0,11.5,15.0,0,1561,1769815763.019,-36.413,meta-llama/Llama-3.2-1B-Instruct,"1769815763.019, 1769815763.142, 1769815763.217, 1769815763.264, 1769815763.294"
1.0,0,1769815767.11,36.4329,27,32,59,0.0343,0.0347,0.0459,1.0,0.0,95.68,0.479,35.4672,35.4672,22926.0567,1769815804.0298524,6.81,81,1190,0.003,7,0,0,11.5,15.0,0,1561,1769815763.019,-36.413,meta-llama/Llama-3.2-1B-Instruct,"1769815763.019, 1769815763.142, 1769815763.217, 1769815763.264, 1769815763.294"
1.0,0,1769815767.1493,36.4767,27,32,59,0.0409,0.032,0.0383,1.0,0.0,95.69,0.4763,35.5176,35.5176,22961.5743,1769815804.1063297,6.8,81,1191,0.003,7,0,0,11.5,15.0,0,1561,1769815763.019,-36.413,meta-llama/Llama-3.2-1B-Instruct,"1769815763.019, 1769815763.142, 1769815763.217, 1769815763.264, 1769815763.294"
1.0,0,1769815767.358,36.457,27,32,59,0.0504,0.0383,0.0456,1.0,0.0,95.69,0.5222,35.5073,35.5073,23068.2573,1769815804.3414226,6.79,81,1194,0.003,6,0,0,11.5,15.0,0,1561,1769815763.019,-36.413,meta-llama/Llama-3.2-1B-Instruct,"1769815763.019, 1769815763.142, 1769815763.217, 1769815763.264, 1769815763.294"
1.0,0,1769815767.1791,36.6308,27,31,58,0.0615,0.0396,0.0429,1.0,0.0,95.69,0.5268,35.6923,35.6923,23068.2573,1769815804.342806,6.8,81,1194,0.003,6,0,0,11.5,15.0,0,1561,1769815763.019,-36.413,meta-llama/Llama-3.2-1B-Instruct,"1769815763.019, 1769815763.142, 1769815763.217, 1769815763.264, 1769815763.294"
1.0,0,1769815767.3863,36.4483,27,32,59,0.0351,0.0395,0.0466,1.0,0.0,95.7,0.506,35.4834,35.4834,23068.2573,1769815804.3462403,6.78,81,1194,0.002,3,0,0,11.5,15.0,0,1561,1769815763.019,-36.413,meta-llama/Llama-3.2-1B-Instruct,"1769815763.019, 1769815763.142, 1769815763.217, 1769815763.264, 1769815763.294"
1.0,0,1769815767.4318,36.4583,27,32,59,0.0818,0.0358,0.0392,1.0,0.0,95.7,0.5285,35.5401,35.5401,23103.7974,1769815804.4194705,6.78,81,1195,0.002,5,0,0,11.5,15.0,0,1561,1769815763.019,-36.413,meta-llama/Llama-3.2-1B-Instruct,"1769815763.019, 1769815763.142, 1769815763.217, 1769815763.264, 1769815763.294"
1.0,0,1769815767.462,36.4998,27,32,59,0.0593,0.0386,0.0529,1.0,0.0,95.7,0.5013,35.5591,35.5591,23139.3565,1769815804.4674058,6.77,81,1196,0.003,6,0,0,11.5,15.0,0,1561,1769815769.155,-35.304,meta-llama/Llama-3.2-1B-Instruct,"1769815769.155, 1769815769.182, 1769815769.231, 1769815769.323, 1769815769.430"
1.0,0,1769815767.5105,36.5137,27,32,59,0.0371,0.0416,0.0467,1.0,0.0,95.71,0.5004,35.5507,35.5507,23174.9072,1769815804.5274217,6.77,81,1197,0.003,6,1,0,11.5,15.0,0,1561,1769815769.155,-35.304,meta-llama/Llama-3.2-1B-Instruct,"1769815769.155, 1769815769.182, 1769815769.231, 1769815769.323, 1769815769.430"
1.0,0,1769815767.7191,36.3849,27,32,59,0.0538,0.0363,0.0449,1.0,0.0,95.71,0.5065,35.4387,35.4387,23210.3459,1769815804.6147819,6.76,81,1198,0.003,7,0,0,11.5,15.0,0,1561,1769815769.155,-35.304,meta-llama/Llama-3.2-1B-Instruct,"1769815769.155, 1769815769.182, 1769815769.231, 1769815769.323, 1769815769.430"
1.0,0,1769815767.9097,36.2413,27,32,59,0.0441,0.0405,0.0424,1.0,0.0,95.72,0.5047,35.2854,35.2854,23245.6313,1769815804.6628435,6.76,81,1199,0.003,7,0,0,11.5,15.0,0,1561,1769815769.155,-35.304,meta-llama/Llama-3.2-1B-Instruct,"1769815769.155, 1769815769.182, 1769815769.231, 1769815769.323, 1769815769.430"
1.0,0,1769815767.9545,36.2719,27,32,59,0.0503,0.0422,0.0437,1.0,0.0,95.72,0.4865,35.3222,35.3222,23280.9535,1769815804.7141886,6.75,81,1200,0.004,8,0,0,11.5,15.0,0,1561,1769815769.155,-35.304,meta-llama/Llama-3.2-1B-Instruct,"1769815769.155, 1769815769.182, 1769815769.231, 1769815769.323, 1769815769.430"
1.0,0,1769815768.0318,36.3483,27,25,52,0.0581,0.0368,0.0414,1.0,0.0,95.72,0.4318,35.4064,35.4064,23351.765,1769815804.8176188,6.74,81,1202,0.003,7,0,0,11.5,15.0,0,1561,1769815769.155,-35.304,meta-llama/Llama-3.2-1B-Instruct,"1769815769.155, 1769815769.182, 1769815769.231, 1769815769.323, 1769815769.430"
1.0,0,1769815767.9815,36.3378,27,32,59,0.0674,0.0376,0.0389,1.0,0.0,95.73,0.4932,35.4051,35.4051,23351.765,1769815804.817784,6.74,81,1202,0.004,8,0,0,11.5,15.0,0,1561,1769815769.155,-35.304,meta-llama/Llama-3.2-1B-Instruct,"1769815769.155, 1769815769.182, 1769815769.231, 1769815769.323, 1769815769.430"
1.0,0,1769815768.1115,36.3738,27,32,59,0.0416,0.0322,0.0369,1.0,0.0,95.73,0.4881,35.4153,35.4153,23387.1804,1769815804.9738681,6.73,81,1203,0.003,6,0,0,11.5,15.0,0,1561,1769815769.155,-35.304,meta-llama/Llama-3.2-1B-Instruct,"1769815769.155, 1769815769.182, 1769815769.231, 1769815769.323, 1769815769.430"
1.0,0,1769815768.1553,36.3883,27,32,59,0.0658,0.0338,0.0377,1.0,0.0,95.73,0.4935,35.4542,35.4542,23422.6346,1769815805.0381153,6.73,81,1204,0.003,6,0,0,11.5,15.0,0,1561,1769815769.155,-35.304,meta-llama/Llama-3.2-1B-Instruct,"1769815769.155, 1769815769.182, 1769815769.231, 1769815769.323, 1769815769.430"
1.0,0,1769815768.1819,36.4241,27,32,59,0.0463,0.0304,0.0317,1.0,0.0,95.74,0.4881,35.4704,35.4704,23458.105,1769815805.109534,6.72,81,1205,0.003,7,0,0,11.5,15.0,0,1561,1769815769.155,-35.304,meta-llama/Llama-3.2-1B-Instruct,"1769815769.155, 1769815769.182, 1769815769.231, 1769815769.323, 1769815769.430"
1.0,0,1769815768.5821,36.4992,27,0,27,,,,1.0,,,0.0525,35.5517,35.5517,23493.6566,1769815805.1386566,6.72,81,1206,0.003,6,0,0,11.5,15.0,0,1561,1769815769.155,-35.304,meta-llama/Llama-3.2-1B-Instruct,"1769815769.155, 1769815769.182, 1769815769.231, 1769815769.323, 1769815769.430"
1.0,0,1769815768.2311,36.465,27,32,59,0.0527,0.0291,0.0305,1.0,0.0,95.74,0.4988,35.5177,35.5177,23529.1743,1769815805.200941,6.71,81,1207,0.003,6,0,0,11.5,15.0,0,1561,1769815769.155,-35.304,meta-llama/Llama-3.2-1B-Instruct,"1769815769.155, 1769815769.182, 1769815769.231, 1769815769.323, 1769815769.430"
1.0,0,1769815768.3227,36.4339,27,32,59,0.046,0.0291,0.042,1.0,0.0,95.74,0.4876,35.4799,35.4799,23564.6542,1769815805.2503624,6.71,81,1208,0.003,6,0,0,11.5,15.0,0,1561,1769815769.155,-35.304,meta-llama/Llama-3.2-1B-Instruct,"1769815769.155, 1769815769.182, 1769815769.231, 1769815769.323, 1769815769.430"
1.0,0,1769815768.4303,36.3823,27,32,59,0.0458,0.0303,0.0419,1.0,0.0,95.75,0.4968,35.4281,35.4281,23600.0823,1769815805.3114672,6.7,81,1209,0.003,6,0,0,11.5,15.0,0,1561,1769815769.155,-35.304,meta-llama/Llama-3.2-1B-Instruct,"1769815769.155, 1769815769.182, 1769815769.231, 1769815769.323, 1769815769.430"
1.0,0,1769815768.5122,36.3672,27,32,59,0.034,0.0281,0.0284,1.0,0.0,95.75,0.4731,35.4012,35.4012,23635.4835,1769815805.356004,6.69,81,1210,0.003,6,0,0,11.5,15.0,0,1561,1769815769.155,-35.304,meta-llama/Llama-3.2-1B-Instruct,"1769815769.155, 1769815769.182, 1769815769.231, 1769815769.323, 1769815769.430"
1.0,0,1769815768.5552,36.5329,27,32,59,0.0466,0.0313,0.0342,1.0,0.0,95.76,0.5094,35.5795,35.5795,23706.5737,1769815805.6007822,6.68,81,1212,0.003,7,0,0,11.5,15.0,0,1561,1769815769.155,-35.304,meta-llama/Llama-3.2-1B-Instruct,"1769815769.155, 1769815769.182, 1769815769.231, 1769815769.323, 1769815769.430"
1.0,0,1769815768.6277,36.4669,27,32,59,0.0437,0.0303,0.0352,1.0,0.0,95.76,0.4999,35.5107,35.5107,23706.5737,1769815805.6009705,6.69,81,1212,0.003,5,0,0,11.5,15.0,0,1561,1769815769.155,-35.304,meta-llama/Llama-3.2-1B-Instruct,"1769815769.155, 1769815769.182, 1769815769.231, 1769815769.323, 1769815769.430"
1.0,0,1769815768.6547,36.5022,27,32,59,0.0416,0.0319,0.0439,1.0,0.0,95.76,0.5015,35.5438,35.5438,23742.1175,1769815805.6644619,6.68,81,1213,0.003,6,0,0,11.5,15.0,0,1561,1769815769.155,-35.304,meta-llama/Llama-3.2-1B-Instruct,"1769815769.155, 1769815769.182, 1769815769.231, 1769815769.323, 1769815769.430"
1.0,0,1769815768.8875,36.3259,27,32,59,0.036,0.0319,0.0343,1.0,0.0,95.77,0.5085,35.3619,35.3619,23777.4794,1769815805.729871,6.67,81,1214,0.003,6,0,0,11.5,15.0,0,1561,1769815769.155,-35.304,meta-llama/Llama-3.2-1B-Instruct,"1769815769.155, 1769815769.182, 1769815769.231, 1769815769.323, 1769815769.430"
1.0,0,1769815768.9183,36.3446,27,32,59,0.0484,0.0346,0.0381,1.0,0.0,95.77,0.4947,35.393,35.393,23812.8724,1769815805.762485,6.67,81,1215,0.003,6,0,0,11.5,15.0,0,1561,1769815769.155,-35.304,meta-llama/Llama-3.2-1B-Instruct,"1769815769.155, 1769815769.182, 1769815769.231, 1769815769.323, 1769815769.430"
1.0,0,1769815768.9661,36.3746,27,32,59,0.0398,0.0357,0.0367,1.0,0.0,95.77,0.5032,35.4144,35.4144,23848.2868,1769815805.849589,6.66,81,1216,0.003,6,0,0,11.5,15.0,0,1561,1769815769.155,-35.304,meta-llama/Llama-3.2-1B-Instruct,"1769815769.155, 1769815769.182, 1769815769.231, 1769815769.323, 1769815769.430"
1.0,0,1769815769.0107,36.4046,27,32,59,0.0636,0.0341,0.0406,1.0,0.0,95.78,0.56,35.4682,35.4682,23883.755,1769815805.9802477,6.66,81,1217,0.003,6,0,0,11.5,15.0,0,1561,1769815769.155,-35.304,meta-llama/Llama-3.2-1B-Instruct,"1769815769.155, 1769815769.182, 1769815769.231, 1769815769.323, 1769815769.430"
1.0,0,1769815769.1723,36.2983,27,32,59,0.0645,0.0324,0.0393,1.0,0.0,95.78,0.53,35.3628,35.3628,23919.1178,1769815806.006615,6.65,81,1218,0.003,6,0,0,11.5,15.0,0,1561,1769815769.155,-35.304,meta-llama/Llama-3.2-1B-Instruct,"1769815769.155, 1769815769.182, 1769815769.231, 1769815769.323, 1769815769.430"
1.0,0,1769815769.5754,35.9721,27,32,59,0.0488,0.0324,0.0337,1.0,0.0,95.78,0.4994,35.0209,35.0209,23954.1387,1769815806.0492678,6.64,81,1219,0.004,8,0,0,11.5,15.0,0,1561,1769815769.155,-35.304,meta-llama/Llama-3.2-1B-Instruct,"1769815769.155, 1769815769.182, 1769815769.231, 1769815769.323, 1769815769.430"
1.0,0,1769815769.6272,35.9873,27,32,59,0.0416,0.0356,0.038,1.0,0.0,95.79,0.4981,35.0289,35.0289,23989.1677,1769815806.1151438,6.64,81,1220,0.003,7,0,0,11.5,15.0,0,1561,1769815769.155,-35.304,meta-llama/Llama-3.2-1B-Instruct,"1769815769.155, 1769815769.182, 1769815769.231, 1769815769.323, 1769815769.430"
1.0,0,1769815769.6589,36.0241,27,32,59,0.0347,0.034,0.0356,1.0,0.0,95.79,0.4981,35.0588,35.0588,24024.2264,1769815806.183055,6.63,81,1221,0.003,7,0,0,11.5,15.0,0,1561,1769815769.155,-35.304,meta-llama/Llama-3.2-1B-Instruct,"1769815769.155, 1769815769.182, 1769815769.231, 1769815769.323, 1769815769.430"
1.0,0,1769815769.8412,35.9022,27,32,59,0.0441,0.0334,0.0369,1.0,0.0,95.79,0.5031,34.9463,34.9463,24059.1727,1769815806.2492003,6.63,81,1222,0.003,7,0,0,11.5,15.0,0,1561,1769815769.155,-35.304,meta-llama/Llama-3.2-1B-Instruct,"1769815769.155, 1769815769.182, 1769815769.231, 1769815769.323, 1769815769.430"
1.0,0,1769815769.8898,35.9441,27,32,59,0.0492,0.0334,0.0433,1.0,0.0,95.8,0.4789,34.9933,34.9933,24094.166,1769815806.313762,6.62,81,1223,0.003,6,0,0,11.5,15.0,0,1561,1769815769.155,-35.304,meta-llama/Llama-3.2-1B-Instruct,"1769815769.155, 1769815769.182, 1769815769.231, 1769815769.323, 1769815769.430"
1.0,0,1769815769.9175,35.9606,27,32,59,0.0409,0.0386,0.0439,1.0,0.0,95.8,0.4958,35.0015,35.0015,24129.1675,1769815806.3749366,6.62,81,1224,0.003,7,0,0,11.5,15.0,0,1561,1769815769.155,-35.304,meta-llama/Llama-3.2-1B-Instruct,"1769815769.155, 1769815769.182, 1769815769.231, 1769815769.323, 1769815769.430"
1.0,0,1769815769.9676,35.9772,27,32,59,0.0579,0.0302,0.0373,1.0,0.0,95.81,0.503,35.035,35.035,24164.2026,1769815806.4501798,6.61,81,1225,0.003,7,0,0,11.5,15.0,0,1561,1769815769.155,-35.304,meta-llama/Llama-3.2-1B-Instruct,"1769815769.155, 1769815769.182, 1769815769.231, 1769815769.323, 1769815769.430"
1.0,0,1769815770.0958,35.9314,27,32,59,0.0613,0.0287,0.0311,1.0,0.0,95.81,0.5083,34.9926,34.9926,24199.1952,1769815806.5406947,6.61,81,1226,0.003,7,0,0,11.5,15.0,0,1561,1769815769.155,-35.304,meta-llama/Llama-3.2-1B-Instruct,"1769815769.155, 1769815769.182, 1769815769.231, 1769815769.323, 1769815769.430"
1.0,0,1769815770.1739,35.9111,27,32,59,0.0521,0.0329,0.0333,1.0,0.0,95.81,0.4926,34.9632,34.9632,24234.1584,1769815806.5793118,6.6,81,1227,0.003,6,0,0,11.5,15.0,0,1561,1769815769.155,-35.304,meta-llama/Llama-3.2-1B-Instruct,"1769815769.155, 1769815769.182, 1769815769.231, 1769815769.323, 1769815769.430"
1.0,0,1769815770.2582,35.9069,27,32,59,0.0416,0.0402,0.0421,1.0,0.0,95.82,0.4899,34.9485,34.9485,24269.1068,1769815806.660043,6.6,81,1228,0.003,7,0,0,11.5,15.0,0,1561,1769815769.155,-35.304,meta-llama/Llama-3.2-1B-Instruct,"1769815769.155, 1769815769.182, 1769815769.231, 1769815769.323, 1769815769.430"
1.0,0,1769815770.3688,35.9642,27,32,59,0.0511,0.0398,0.0446,1.0,0.0,95.82,0.4967,35.0153,35.0153,24304.1221,1769815806.8318844,6.59,81,1229,0.003,7,0,0,11.5,15.0,0,1561,1769815769.155,-35.304,meta-llama/Llama-3.2-1B-Instruct,"1769815769.155, 1769815769.182, 1769815769.231, 1769815769.323, 1769815769.430"
1.0,0,1769815770.5586,35.7861,27,32,59,0.0485,0.0336,0.0398,1.0,0.0,95.82,0.5011,34.8346,34.8346,24373.8368,1769815806.849503,6.59,81,1231,0.003,5,0,0,11.5,15.0,0,1561,1769815769.155,-35.304,meta-llama/Llama-3.2-1B-Instruct,"1769815769.155, 1769815769.182, 1769815769.231, 1769815769.323, 1769815769.430"
1.0,0,1769815770.5074,35.8304,27,32,59,0.0497,0.0417,0.0449,1.0,0.0,95.83,0.5115,34.8801,34.8801,24373.8368,1769815806.849809,6.58,81,1231,0.003,6,0,0,11.5,15.0,0,1561,1769815769.155,-35.304,meta-llama/Llama-3.2-1B-Instruct,"1769815769.155, 1769815769.182, 1769815769.231, 1769815769.323, 1769815769.430"
1.0,0,1769815770.5891,35.8426,27,32,59,0.0398,0.0313,0.0355,1.0,0.0,95.83,0.5015,34.8824,34.8824,24408.7192,1769815806.938064,6.57,81,1232,0.003,7,0,0,11.5,15.0,0,1561,1769815769.155,-35.304,meta-llama/Llama-3.2-1B-Instruct,"1769815769.155, 1769815769.182, 1769815769.231, 1769815769.323, 1769815769.430"
1.0,0,1769815770.6341,35.8582,27,32,59,0.0391,0.042,0.0437,1.0,0.0,95.83,0.4913,34.8973,34.8973,24443.6165,1769815806.9860818,6.57,81,1233,0.003,7,0,0,11.5,15.0,0,1561,1769815769.155,-35.304,meta-llama/Llama-3.2-1B-Instruct,"1769815769.155, 1769815769.182, 1769815769.231, 1769815769.323, 1769815769.430"
1.0,0,1769815770.6753,35.8931,27,32,59,0.0597,0.0358,0.0381,1.0,0.0,95.84,0.5087,34.9528,34.9528,24478.5692,1769815807.0816712,6.56,81,1234,0.003,7,0,0,11.5,15.0,0,1561,1769815769.155,-35.304,meta-llama/Llama-3.2-1B-Instruct,"1769815769.155, 1769815769.182, 1769815769.231, 1769815769.323, 1769815769.430"
1.0,0,1769815770.7762,35.8401,27,32,59,0.0485,0.0378,0.0454,1.0,0.0,95.84,0.4915,34.8886,34.8886,24513.4578,1769815807.11113,6.56,81,1235,0.003,7,0,0,11.5,15.0,0,1561,1769815769.155,-35.304,meta-llama/Llama-3.2-1B-Instruct,"1769815769.155, 1769815769.182, 1769815769.231, 1769815769.323, 1769815769.430"
1.0,0,1769815770.8271,35.8691,27,27,54,0.1181,0.0423,0.0531,1.0,0.0,95.84,0.5277,34.9871,34.9871,24548.445,1769815807.2333398,6.55,81,1236,0.003,7,0,0,11.5,15.0,0,1561,1769815769.155,-35.304,meta-llama/Llama-3.2-1B-Instruct,"1769815769.155, 1769815769.182, 1769815769.231, 1769815769.323, 1769815769.430"
1.0,0,1769815771.044,35.7066,27,32,59,0.0687,0.0465,0.0478,1.0,0.0,95.85,0.5148,34.7753,34.7753,24583.2202,1769815807.2678714,6.55,81,1237,0.004,7,0,0,11.5,15.0,0,1561,1769815769.155,-35.304,meta-llama/Llama-3.2-1B-Instruct,"1769815769.155, 1769815769.182, 1769815769.231, 1769815769.323, 1769815769.430"
1.0,0,1769815771.2957,35.5099,27,32,59,0.0596,0.0452,0.0473,1.0,0.0,95.85,0.5479,34.5694,34.5694,24617.7897,1769815807.354237,6.54,81,1238,0.004,8,1,0,11.5,15.0,0,1561,1769815769.155,-35.304,meta-llama/Llama-3.2-1B-Instruct,"1769815769.155, 1769815769.182, 1769815769.231, 1769815769.323, 1769815769.430"
1.0,0,1769815771.3272,35.5829,27,32,59,0.0717,0.0369,0.0455,1.0,0.0,95.85,0.5305,34.6546,34.6546,24652.4442,1769815807.4428902,6.54,81,1239,0.003,7,0,0,11.5,15.0,0,1561,1769815769.155,-35.304,meta-llama/Llama-3.2-1B-Instruct,"1769815769.155, 1769815769.182, 1769815769.231, 1769815769.323, 1769815769.430"
1.0,0,1769815771.3745,35.591,27,32,59,0.0558,0.0375,0.0498,1.0,0.0,95.86,0.5209,34.6468,34.6468,24687.091,1769815807.4902754,6.53,81,1240,0.003,7,0,0,11.5,15.0,0,1561,1769815769.155,-35.304,meta-llama/Llama-3.2-1B-Instruct,"1769815769.155, 1769815769.182, 1769815769.231, 1769815769.323, 1769815769.430"
1.0,0,1769815771.4995,35.5117,27,32,59,0.0422,0.0422,0.0508,1.0,0.0,95.86,0.5237,34.5539,34.5539,24721.6449,1769815807.5376039,6.53,81,1241,0.003,7,0,0,11.5,15.0,0,1561,1769815769.155,-35.304,meta-llama/Llama-3.2-1B-Instruct,"1769815769.155, 1769815769.182, 1769815769.231, 1769815769.323, 1769815769.430"
1.0,0,1769815771.5268,35.5396,27,32,59,0.0378,0.0396,0.0441,1.0,0.0,95.86,0.4929,34.5774,34.5774,24756.2224,1769815807.5609593,6.52,81,1242,0.004,8,0,0,11.5,15.0,0,1561,1769815769.155,-35.304,meta-llama/Llama-3.2-1B-Instruct,"1769815769.155, 1769815769.182, 1769815769.231, 1769815769.323, 1769815769.430"
1.0,0,1769815771.5814,35.5601,27,32,59,0.0646,0.0322,0.0446,1.0,0.0,95.87,0.5024,34.6247,34.6247,24790.847,1769815807.6453378,6.52,81,1243,0.003,7,0,0,11.5,15.0,0,1561,1769815769.155,-35.304,meta-llama/Llama-3.2-1B-Instruct,"1769815769.155, 1769815769.182, 1769815769.231, 1769815769.323, 1769815769.430"
1.0,0,1769815771.6851,35.528,27,32,59,0.0519,0.0358,0.0371,1.0,0.0,95.87,0.5115,34.5799,34.5799,24825.4269,1769815807.7257912,6.51,81,1244,0.004,7,0,0,11.5,15.0,0,1561,1769815769.155,-35.304,meta-llama/Llama-3.2-1B-Instruct,"1769815769.155, 1769815769.182, 1769815769.231, 1769815769.323, 1769815769.430"
1.0,0,1769815771.8011,35.4782,27,32,59,0.0679,0.0331,0.0347,1.0,0.0,95.87,0.5054,34.5461,34.5461,24859.973,1769815807.786169,6.51,81,1245,0.003,7,0,0,11.5,15.0,0,1561,1769815769.155,-35.304,meta-llama/Llama-3.2-1B-Instruct,"1769815769.155, 1769815769.182, 1769815769.231, 1769815769.323, 1769815769.430"
1.0,0,1769815771.8283,35.5084,27,32,59,0.0434,0.0341,0.0413,1.0,0.0,95.88,0.4905,34.5518,34.5518,24894.5248,1769815807.8352478,6.5,81,1246,0.003,7,0,0,11.5,15.0,0,1561,1769815769.155,-35.304,meta-llama/Llama-3.2-1B-Instruct,"1769815769.155, 1769815769.182, 1769815769.231, 1769815769.323, 1769815769.430"
1.0,0,1769815771.8973,35.4992,27,32,59,0.0391,0.0371,0.0403,1.0,0.0,95.88,0.5042,34.5383,34.5383,24929.0631,1769815807.9037583,6.5,81,1247,0.004,8,0,0,11.5,15.0,0,1561,1769815769.155,-35.304,meta-llama/Llama-3.2-1B-Instruct,"1769815769.155, 1769815769.182, 1769815769.231, 1769815769.323, 1769815769.430"
1.0,0,1769815772.0202,35.5844,27,21,48,0.0914,0.0365,0.0382,1.0,0.0,95.88,0.3829,34.6757,34.6757,24963.7388,1769815807.9921823,6.49,81,1248,0.003,5,0,0,11.5,15.0,0,1561,1769815769.155,-35.304,meta-llama/Llama-3.2-1B-Instruct,"1769815769.155, 1769815769.182, 1769815769.231, 1769815769.323, 1769815769.430"
1.0,0,1769815771.9938,35.6245,27,32,59,0.0801,0.0387,0.0419,1.0,0.0,95.89,0.5144,34.7045,34.7045,25033.1666,1769815808.1377013,6.49,81,1250,0.003,6,0,0,11.5,15.0,0,1561,1769815769.155,-35.304,meta-llama/Llama-3.2-1B-Instruct,"1769815769.155, 1769815769.182, 1769815769.231, 1769815769.323, 1769815769.430"
1.0,0,1769815771.9669,35.6436,27,32,59,0.0796,0.0359,0.041,1.0,0.0,95.89,0.527,34.7232,34.7232,25033.1666,1769815808.1417952,6.48,81,1250,0.004,8,0,0,11.5,15.0,0,1561,1769815769.155,-35.304,meta-llama/Llama-3.2-1B-Instruct,"1769815769.155, 1769815769.182, 1769815769.231, 1769815769.323, 1769815769.430"
1.0,0,1769815772.0889,35.5907,27,32,59,0.0734,0.0335,0.0523,1.0,0.0,95.89,0.5179,34.6642,34.6642,25067.8307,1769815808.2064197,6.47,81,1251,0.002,4,0,0,11.5,15.0,0,1561,1769815769.155,-35.304,meta-llama/Llama-3.2-1B-Instruct,"1769815769.155, 1769815769.182, 1769815769.231, 1769815769.323, 1769815769.430"
1.0,0,1769815772.1163,35.6264,27,32,59,0.0784,0.0345,0.0412,1.0,0.0,95.9,0.5389,34.7048,34.7048,25102.5355,1769815808.2832105,6.47,81,1252,0.003,7,0,0,11.5,15.0,0,1561,1769815769.155,-35.304,meta-llama/Llama-3.2-1B-Instruct,"1769815769.155, 1769815769.182, 1769815769.231, 1769815769.323, 1769815769.430"
1.0,0,1769815772.2429,35.5729,27,32,59,0.0431,0.0349,0.0349,1.0,0.0,95.9,0.5008,34.616,34.616,25137.1515,1769815808.317632,6.46,81,1253,0.003,7,0,0,11.5,15.0,0,1561,1769815769.155,-35.304,meta-llama/Llama-3.2-1B-Instruct,"1769815769.155, 1769815769.182, 1769815769.231, 1769815769.323, 1769815769.430"
1.0,0,1769815772.3851,35.4977,27,31,58,0.0753,0.0343,0.0346,1.0,0.0,95.9,0.5303,34.573,34.573,25171.7245,1769815808.4176495,6.46,81,1254,0.003,6,0,0,11.5,15.0,0,1561,1769815769.155,-35.304,meta-llama/Llama-3.2-1B-Instruct,"1769815769.155, 1769815769.182, 1769815769.231, 1769815769.323, 1769815769.430"
1.0,0,1769815772.4999,35.4454,27,32,59,0.0445,0.0334,0.036,1.0,0.0,95.91,0.4958,34.49,34.49,25206.2144,1769815808.4425461,6.45,81,1255,0.003,7,0,0,11.5,15.0,0,1561,1769815769.155,-35.304,meta-llama/Llama-3.2-1B-Instruct,"1769815769.155, 1769815769.182, 1769815769.231, 1769815769.323, 1769815769.430"
1.0,0,1769815772.529,35.5156,27,32,59,0.0403,0.0315,0.0327,1.0,0.0,95.91,0.5142,34.5559,34.5559,25240.7704,1769815808.5648303,6.45,81,1256,0.003,7,0,0,11.5,15.0,0,1561,1769815769.155,-35.304,meta-llama/Llama-3.2-1B-Instruct,"1769815769.155, 1769815769.182, 1769815769.231, 1769815769.323, 1769815769.430"
1.0,0,1769815772.7674,35.3707,27,32,59,0.0609,0.0295,0.0309,1.0,0.0,95.92,0.5105,34.4316,34.4316,25275.2019,1769815808.6594381,6.44,81,1257,0.004,8,0,0,11.5,15.0,0,1561,1769815769.155,-35.304,meta-llama/Llama-3.2-1B-Instruct,"1769815769.155, 1769815769.182, 1769815769.231, 1769815769.323, 1769815769.430"
1.0,0,1769815772.7951,35.391,27,31,58,0.0667,0.0294,0.0346,1.0,0.0,95.92,0.5014,34.4577,34.4577,25309.6596,1769815808.6985013,6.44,81,1258,0.003,7,0,0,11.5,15.0,0,1561,1769815769.155,-35.304,meta-llama/Llama-3.2-1B-Instruct,"1769815769.155, 1769815769.182, 1769815769.231, 1769815769.323, 1769815769.430"
1.0,0,1769815772.8214,35.4213,27,32,59,0.0371,0.0287,0.0351,1.0,0.0,95.92,0.5016,34.4585,34.4585,25344.1181,1769815808.7520714,6.43,81,1259,0.003,7,0,0,11.5,15.0,0,1561,1769815769.155,-35.304,meta-llama/Llama-3.2-1B-Instruct,"1769815769.155, 1769815769.182, 1769815769.231, 1769815769.323, 1769815769.430"
1.0,0,1769815772.8486,35.4805,27,32,59,0.0821,0.0305,0.0351,1.0,0.0,95.93,0.5102,34.5626,34.5626,25378.6807,1769815808.8411329,6.43,81,1260,0.003,6,0,0,11.5,15.0,0,1561,1769815769.155,-35.304,meta-llama/Llama-3.2-1B-Instruct,"1769815769.155, 1769815769.182, 1769815769.231, 1769815769.323, 1769815769.430"
1.0,0,1769815772.875,35.5075,27,31,58,0.054,0.0343,0.0349,1.0,0.0,95.93,0.5055,34.5615,34.5615,25413.2422,1769815808.903644,6.42,81,1261,0.003,6,0,0,11.5,15.0,0,1561,1769815769.155,-35.304,meta-llama/Llama-3.2-1B-Instruct,"1769815769.155, 1769815769.182, 1769815769.231, 1769815769.323, 1769815769.430"
1.0,0,1769815772.9023,35.5588,27,32,59,0.0665,0.0336,0.0394,1.0,0.0,95.93,0.5463,34.6254,34.6254,25482.4995,1769815809.017484,6.41,81,1263,0.003,6,0,0,11.5,15.0,0,1561,1769815769.155,-35.304,meta-llama/Llama-3.2-1B-Instruct,"1769815769.155, 1769815769.182, 1769815769.231, 1769815769.323, 1769815769.430"
1.0,0,1769815772.9289,35.5813,27,32,59,0.0507,0.0331,0.0371,1.0,0.0,95.93,0.4958,34.632,34.632,25482.4995,1769815809.0176742,6.42,81,1263,0.003,6,1,0,11.5,15.0,0,1561,1769815769.155,-35.304,meta-llama/Llama-3.2-1B-Instruct,"1769815769.155, 1769815769.182, 1769815769.231, 1769815769.323, 1769815769.430"
1.0,0,1769815773.0055,35.5713,27,32,59,0.0403,0.029,0.0307,1.0,0.0,95.94,0.4817,34.6116,34.6116,25517.1111,1769815809.061303,6.41,81,1264,0.003,7,0,0,11.5,15.0,0,1561,1769815769.155,-35.304,meta-llama/Llama-3.2-1B-Instruct,"1769815769.155, 1769815769.182, 1769815769.231, 1769815769.323, 1769815769.430"
1.0,0,1769815773.1621,35.4746,27,32,59,0.0485,0.0297,0.0314,1.0,0.0,95.94,0.497,34.5231,34.5231,25551.6342,1769815809.138424,6.4,81,1265,0.004,8,0,0,11.5,15.0,0,1561,1769815769.155,-35.304,meta-llama/Llama-3.2-1B-Instruct,"1769815769.155, 1769815769.182, 1769815769.231, 1769815769.323, 1769815769.430"
1.0,0,1769815773.2099,35.4851,27,32,59,0.0509,0.0348,0.0356,1.0,0.0,95.94,0.5013,34.536,34.536,25586.1702,1769815809.2048278,6.4,81,1266,0.003,7,1,0,11.5,15.0,0,1561,1769815769.155,-35.304,meta-llama/Llama-3.2-1B-Instruct,"1769815769.155, 1769815769.182, 1769815769.231, 1769815769.323, 1769815769.430"
1.0,0,1769815773.4862,35.4024,27,32,59,0.0479,0.0339,0.0365,1.0,0.0,95.95,0.5163,34.4503,34.4503,25620.6205,1769815809.413374,6.39,81,1267,0.003,7,0,0,11.5,15.0,0,1561,1769815769.155,-35.304,meta-llama/Llama-3.2-1B-Instruct,"1769815769.155, 1769815769.182, 1769815769.231, 1769815769.323, 1769815769.430"
1.0,0,1769815774.5403,34.388,27,32,59,0.0719,0.0297,0.0444,1.0,0.0,95.95,0.5116,33.4598,33.4598,25688.2796,1769815809.4438267,6.39,81,1269,0.003,5,0,0,11.5,15.0,0,1561,1769815769.155,-35.304,meta-llama/Llama-3.2-1B-Instruct,"1769815769.155, 1769815769.182, 1769815769.231, 1769815769.323, 1769815769.430"
1.0,0,1769815773.8088,35.0716,27,32,59,0.1277,0.0342,0.0347,1.0,0.0,95.95,0.5599,34.1993,34.1993,25688.2796,1769815809.444064,6.38,81,1269,0.004,7,0,0,11.5,15.0,0,1561,1769815769.155,-35.304,meta-llama/Llama-3.2-1B-Instruct,"1769815769.155, 1769815769.182, 1769815769.231, 1769815769.323, 1769815769.430"
1.0,0,1769815774.903,34.0868,27,32,59,0.0651,0.0338,0.0358,1.0,0.0,95.96,0.5179,33.1518,33.1518,25721.4315,1769815809.5094695,6.38,81,1270,0.003,7,0,0,11.5,15.0,0,1561,1769815776.763,-32.734,meta-llama/Llama-3.2-1B-Instruct,"1769815776.763, 1769815776.909, 1769815776.990, 1769815777.077, 1769815777.122"
1.0,0,1769815774.9674,34.1091,27,32,59,0.0583,0.0359,0.0361,1.0,0.0,95.96,0.5058,33.1674,33.1674,25754.5989,1769815809.5902612,6.37,81,1271,0.003,6,0,0,11.5,15.0,0,1561,1769815776.763,-32.734,meta-llama/Llama-3.2-1B-Instruct,"1769815776.763, 1769815776.909, 1769815776.990, 1769815777.077, 1769815777.122"
1.0,0,1769815775.036,34.0842,27,32,59,0.0428,0.0355,0.0392,1.0,0.0,95.96,0.506,33.1269,33.1269,25787.7258,1769815809.6314971,6.37,81,1272,0.003,6,0,0,11.5,15.0,0,1561,1769815776.763,-32.734,meta-llama/Llama-3.2-1B-Instruct,"1769815776.763, 1769815776.909, 1769815776.990, 1769815777.077, 1769815777.122"
1.0,0,1769815775.1193,34.0619,27,32,59,0.0474,0.0361,0.0519,1.0,0.0,95.97,0.5182,33.1093,33.1093,25820.8352,1769815809.7032528,6.36,81,1273,0.003,7,0,0,11.5,15.0,0,1561,1769815776.763,-32.734,meta-llama/Llama-3.2-1B-Instruct,"1769815776.763, 1769815776.909, 1769815776.990, 1769815777.077, 1769815777.122"
1.0,0,1769815775.196,34.0461,27,32,59,0.0362,0.0385,0.0422,1.0,0.0,95.97,0.492,33.0823,33.0823,25887.0494,1769815809.74553,6.36,81,1275,0.003,7,0,0,11.5,15.0,0,1561,1769815776.763,-32.734,meta-llama/Llama-3.2-1B-Instruct,"1769815776.763, 1769815776.909, 1769815776.990, 1769815777.077, 1769815777.122"
1.0,0,1769815775.2663,34.0579,27,23,50,0.0741,0.0387,0.0391,1.0,0.0,95.97,0.4212,33.1319,33.1319,25887.0494,1769815809.7473316,6.35,81,1275,0.004,8,0,0,11.5,15.0,0,1561,1769815776.763,-32.734,meta-llama/Llama-3.2-1B-Instruct,"1769815776.763, 1769815776.909, 1769815776.990, 1769815777.077, 1769815777.122"
1.0,0,1769815775.4085,33.9776,27,32,59,0.045,0.0409,0.0414,1.0,0.0,95.98,0.5,33.0226,33.0226,25920.072,1769815809.8868506,6.35,81,1276,0.004,8,1,0,11.5,15.0,0,1561,1769815776.763,-32.734,meta-llama/Llama-3.2-1B-Instruct,"1769815776.763, 1769815776.909, 1769815776.990, 1769815777.077, 1769815777.122"
1.0,0,1769815775.553,33.9077,27,32,59,0.0454,0.0484,0.0493,1.0,0.0,95.98,0.5146,32.953,32.953,25953.025,1769815809.975734,6.34,81,1277,0.003,7,0,0,11.5,15.0,0,1561,1769815776.763,-32.734,meta-llama/Llama-3.2-1B-Instruct,"1769815776.763, 1769815776.909, 1769815776.990, 1769815777.077, 1769815777.122"
1.0,0,1769815775.6974,33.8254,27,32,59,0.0543,0.0331,0.0474,1.0,0.0,95.98,0.4988,32.8797,32.8797,25985.9046,1769815810.0269668,6.34,81,1278,0.003,7,0,0,11.5,15.0,0,1561,1769815776.763,-32.734,meta-llama/Llama-3.2-1B-Instruct,"1769815776.763, 1769815776.909, 1769815776.990, 1769815777.077, 1769815777.122"
1.0,0,1769815775.763,33.8047,27,32,59,0.0529,0.0348,0.0455,1.0,0.0,95.99,0.5043,32.8576,32.8576,26018.7622,1769815810.0747995,6.33,81,1279,0.003,7,0,0,11.5,15.0,0,1561,1769815776.763,-32.734,meta-llama/Llama-3.2-1B-Instruct,"1769815776.763, 1769815776.909, 1769815776.990, 1769815777.077, 1769815777.122"
1.0,0,1769815775.9092,33.7433,27,32,59,0.0464,0.0299,0.0474,1.0,0.0,95.99,0.48,32.7897,32.7897,26051.5519,1769815810.1334465,6.33,81,1280,0.003,7,0,0,11.5,15.0,0,1561,1769815776.763,-32.734,meta-llama/Llama-3.2-1B-Instruct,"1769815776.763, 1769815776.909, 1769815776.990, 1769815777.077, 1769815777.122"
1.0,0,1769815775.9901,33.7392,27,32,59,0.0495,0.0303,0.0447,1.0,0.0,95.99,0.4994,32.7887,32.7887,26084.3407,1769815810.2305932,6.32,81,1281,0.003,7,0,0,11.5,15.0,0,1561,1769815776.763,-32.734,meta-llama/Llama-3.2-1B-Instruct,"1769815776.763, 1769815776.909, 1769815776.990, 1769815777.077, 1769815777.122"
1.0,0,1769815776.0773,33.739,27,32,59,0.0391,0.0295,0.0482,1.0,0.0,96.0,0.498,32.7782,32.7782,26117.1188,1769815810.3230035,6.32,81,1282,0.003,6,0,0,11.5,15.0,0,1561,1769815776.763,-32.734,meta-llama/Llama-3.2-1B-Instruct,"1769815776.763, 1769815776.909, 1769815776.990, 1769815777.077, 1769815777.122"
1.0,0,1769815776.1223,33.7505,27,32,59,0.0435,0.0298,0.0543,1.0,0.0,96.0,0.4932,32.7941,32.7941,26149.9129,1769815810.3747497,6.31,81,1283,0.003,7,0,0,11.5,15.0,0,1561,1769815776.763,-32.734,meta-llama/Llama-3.2-1B-Instruct,"1769815776.763, 1769815776.909, 1769815776.990, 1769815777.077, 1769815777.122"
1.0,0,1769815776.2116,33.7355,27,32,59,0.0792,0.0313,0.0322,1.0,0.0,96.0,0.5167,32.8146,32.8146,26182.7275,1769815810.4713316,6.31,81,1284,0.003,7,0,0,11.5,15.0,0,1561,1769815776.763,-32.734,meta-llama/Llama-3.2-1B-Instruct,"1769815776.763, 1769815776.909, 1769815776.990, 1769815777.077, 1769815777.122"
1.0,0,1769815776.5394,33.6038,27,32,59,0.0468,0.0349,0.0371,1.0,0.0,96.01,0.5149,32.6506,32.6506,26281.1058,1769815810.667423,6.3,81,1287,0.003,5,0,0,11.5,15.0,0,1561,1769815776.763,-32.734,meta-llama/Llama-3.2-1B-Instruct,"1769815776.763, 1769815776.909, 1769815776.990, 1769815777.077, 1769815777.122"
1.0,0,1769815776.373,33.775,27,32,59,0.0411,0.0298,0.0329,1.0,0.0,96.01,0.5118,32.8161,32.8161,26281.1058,1769815810.6683438,6.3,81,1287,0.003,5,0,0,11.5,15.0,0,1561,1769815776.763,-32.734,meta-llama/Llama-3.2-1B-Instruct,"1769815776.763, 1769815776.909, 1769815776.990, 1769815777.077, 1769815777.122"
1.0,0,1769815776.2831,33.855,27,32,59,0.0567,0.0296,0.0332,1.0,0.0,96.01,0.529,32.9117,32.9117,26281.1058,1769815810.6712368,6.29,81,1287,0.003,7,0,0,11.5,15.0,0,1561,1769815776.763,-32.734,meta-llama/Llama-3.2-1B-Instruct,"1769815776.763, 1769815776.909, 1769815776.990, 1769815777.077, 1769815777.122"
1.0,0,1769815776.6301,33.5524,27,32,59,0.0479,0.0355,0.0449,1.0,0.0,96.02,0.5196,32.6003,32.6003,26313.7061,1769815810.7065055,6.29,81,1288,0.002,4,0,0,11.5,15.0,0,1561,1769815776.763,-32.734,meta-llama/Llama-3.2-1B-Instruct,"1769815776.763, 1769815776.909, 1769815776.990, 1769815777.077, 1769815777.122"
1.0,0,1769815777.0274,33.2122,27,32,59,0.0428,0.0329,0.0368,1.0,0.0,96.02,0.494,32.255,32.255,26345.9611,1769815810.7395139,6.28,81,1289,0.003,7,0,0,11.5,15.0,0,1561,1769815776.763,-32.734,meta-llama/Llama-3.2-1B-Instruct,"1769815776.763, 1769815776.909, 1769815776.990, 1769815777.077, 1769815777.122"
1.0,0,1769815777.3819,32.9234,27,32,59,0.0364,0.0305,0.0368,1.0,0.0,96.02,0.4828,31.9598,31.9598,26377.9209,1769815810.7891972,6.28,81,1290,0.003,7,0,0,11.5,15.0,0,1561,1769815776.763,-32.734,meta-llama/Llama-3.2-1B-Instruct,"1769815776.763, 1769815776.909, 1769815776.990, 1769815777.077, 1769815777.122"
1.0,0,1769815777.4769,32.911,27,32,59,0.0364,0.0272,0.0382,1.0,0.0,96.03,0.5072,31.9475,31.9475,26409.8684,1769815810.899469,6.27,81,1291,0.003,7,0,0,11.5,15.0,0,1561,1769815776.763,-32.734,meta-llama/Llama-3.2-1B-Instruct,"1769815776.763, 1769815776.909, 1769815776.990, 1769815777.077, 1769815777.122"
1.0,0,1769815778.1429,32.3091,27,32,59,0.0473,0.0396,0.0492,1.0,0.0,96.03,0.5263,31.3564,31.3564,26441.2248,1769815810.983989,6.27,81,1292,0.003,7,0,0,11.5,15.0,0,1561,1769815776.763,-32.734,meta-llama/Llama-3.2-1B-Instruct,"1769815776.763, 1769815776.909, 1769815776.990, 1769815777.077, 1769815777.122"
1.0,0,1769815778.2367,32.2773,27,32,59,0.0629,0.0302,0.0397,1.0,0.0,96.03,0.5283,31.3402,31.3402,26472.5651,1769815811.045934,6.26,81,1293,0.004,8,0,0,11.5,15.0,0,1561,1769815776.763,-32.734,meta-llama/Llama-3.2-1B-Instruct,"1769815776.763, 1769815776.909, 1769815776.990, 1769815777.077, 1769815777.122"
1.0,0,1769815778.7005,31.9057,27,32,59,0.0467,0.029,0.0358,1.0,0.0,96.03,0.5081,30.9523,30.9523,26503.5174,1769815811.119596,6.26,81,1294,0.005,9,0,0,11.5,15.0,0,1561,1769815776.763,-32.734,meta-llama/Llama-3.2-1B-Instruct,"1769815776.763, 1769815776.909, 1769815776.990, 1769815777.077, 1769815777.122"
1.0,0,1769815778.7965,31.8898,27,32,59,0.0469,0.0392,0.0464,1.0,0.0,96.04,0.5092,30.9367,30.9367,26534.4541,1769815811.2042649,6.25,81,1295,0.003,6,0,0,11.5,15.0,0,1561,1769815776.763,-32.734,meta-llama/Llama-3.2-1B-Instruct,"1769815776.763, 1769815776.909, 1769815776.990, 1769815777.077, 1769815777.122"
1.0,0,1769815778.9712,31.7949,27,32,59,0.0557,0.0337,0.0484,1.0,0.0,96.04,0.5065,30.8506,30.8506,26565.3047,1769815811.2738314,6.25,81,1296,0.003,6,0,0,11.5,15.0,0,1561,1769815776.763,-32.734,meta-llama/Llama-3.2-1B-Instruct,"1769815776.763, 1769815776.909, 1769815776.990, 1769815777.077, 1769815777.122"
1.0,0,1769815779.1654,31.6603,27,32,59,0.0363,0.036,0.0387,1.0,0.0,96.04,0.4846,30.6966,30.6966,26596.0013,1769815811.3167613,6.25,81,1297,0.003,6,0,0,11.5,15.0,0,1561,1769815776.763,-32.734,meta-llama/Llama-3.2-1B-Instruct,"1769815776.763, 1769815776.909, 1769815776.990, 1769815777.077, 1769815777.122"
1.0,0,1769815780.3291,30.8756,27,7,34,0.0358,0.0285,0.0285,1.0,0.0,96.05,0.1345,29.9113,29.9113,26625.9126,1769815811.3431094,6.24,81,1298,0.003,7,0,0,11.5,15.0,0,1561,1769815776.763,-32.734,meta-llama/Llama-3.2-1B-Instruct,"1769815776.763, 1769815776.909, 1769815776.990, 1769815777.077, 1769815777.122"
1.0,0,1769815779.341,31.5424,27,32,59,0.0393,0.0323,0.0367,1.0,0.0,96.05,0.4842,30.5818,30.5818,26656.4944,1769815811.3686,6.24,81,1299,0.003,6,0,0,11.5,15.0,0,1561,1769815776.763,-32.734,meta-llama/Llama-3.2-1B-Instruct,"1769815776.763, 1769815776.909, 1769815776.990, 1769815777.077, 1769815777.122"
1.0,0,1769815779.4204,31.525,27,32,59,0.0589,0.0304,0.0317,1.0,0.0,96.05,0.5079,30.584,30.584,26687.0784,1769815811.4555962,6.23,81,1300,0.003,7,0,0,11.5,15.0,0,1561,1769815776.763,-32.734,meta-llama/Llama-3.2-1B-Instruct,"1769815776.763, 1769815776.909, 1769815776.990, 1769815777.077, 1769815777.122"
1.0,0,1769815779.5361,31.4933,27,32,59,0.0361,0.0309,0.0475,1.0,0.0,96.06,0.4753,30.5294,30.5294,26717.6077,1769815811.5075192,6.23,81,1301,0.003,6,0,0,11.5,15.0,0,1561,1769815776.763,-32.734,meta-llama/Llama-3.2-1B-Instruct,"1769815776.763, 1769815776.909, 1769815776.990, 1769815777.077, 1769815777.122"
1.0,0,1769815779.8812,31.1956,27,32,59,0.03,0.0344,0.0354,1.0,0.0,96.06,0.4858,30.2256,30.2256,26747.8333,1769815811.56729,6.22,81,1302,0.003,7,0,0,11.5,15.0,0,1561,1769815776.763,-32.734,meta-llama/Llama-3.2-1B-Instruct,"1769815776.763, 1769815776.909, 1769815776.990, 1769815777.077, 1769815777.122"
1.0,0,1769815780.0181,31.1265,27,32,59,0.0448,0.0341,0.0365,1.0,0.0,96.06,0.4832,30.1713,30.1713,26778.0046,1769815811.6357656,6.22,81,1303,0.003,7,0,0,11.5,15.0,0,1561,1769815776.763,-32.734,meta-llama/Llama-3.2-1B-Instruct,"1769815776.763, 1769815776.909, 1769815776.990, 1769815777.077, 1769815777.122"
1.0,0,1769815780.454,30.9425,27,32,59,0.0424,0.0395,0.0471,1.0,0.0,96.07,0.5148,29.985,29.985,26838.0521,1769815811.9212663,6.21,81,1305,0.003,5,0,0,11.5,15.0,0,1561,1769815776.763,-32.734,meta-llama/Llama-3.2-1B-Instruct,"1769815776.763, 1769815776.909, 1769815776.990, 1769815777.077, 1769815777.122"
1.0,0,1769815780.3787,31.0124,27,32,59,0.0501,0.0382,0.0483,1.0,0.0,96.07,0.521,30.0625,30.0625,26838.0521,1769815811.9258597,6.21,81,1305,0.004,8,0,0,11.5,15.0,0,1561,1769815776.763,-32.734,meta-llama/Llama-3.2-1B-Instruct,"1769815776.763, 1769815776.909, 1769815776.990, 1769815777.077, 1769815777.122"
1.0,0,1769815780.6056,30.8059,27,32,59,0.0787,0.0342,0.0382,1.0,0.0,96.07,0.536,29.8846,29.8846,26867.9366,1769815811.9500382,6.2,81,1306,0.002,4,0,0,11.5,15.0,0,1561,1769815776.763,-32.734,meta-llama/Llama-3.2-1B-Instruct,"1769815776.763, 1769815776.909, 1769815776.990, 1769815777.077, 1769815777.122"
1.0,0,1769815780.7081,30.767,27,32,59,0.0895,0.0363,0.0388,1.0,0.0,96.08,0.5435,29.8565,29.8565,26897.7932,1769815812.02093,6.2,81,1307,0.003,6,0,0,11.5,15.0,0,1561,1769815776.763,-32.734,meta-llama/Llama-3.2-1B-Instruct,"1769815776.763, 1769815776.909, 1769815776.990, 1769815777.077, 1769815777.122"
1.0,0,1769815781.1062,30.4417,27,31,58,0.0347,0.0357,0.0464,1.0,0.0,96.08,0.4871,29.4764,29.4764,26927.2696,1769815812.0372627,6.19,81,1308,0.002,5,0,0,11.5,15.0,0,1561,1769815776.763,-32.734,meta-llama/Llama-3.2-1B-Instruct,"1769815776.763, 1769815776.909, 1769815776.990, 1769815777.077, 1769815777.122"
1.0,0,1769815781.1954,30.4333,27,32,59,0.0525,0.0383,0.0474,1.0,0.0,96.08,0.5086,29.4857,29.4857,26956.7553,1769815812.1380396,6.19,81,1309,0.003,6,0,0,11.5,15.0,0,1561,1769815776.763,-32.734,meta-llama/Llama-3.2-1B-Instruct,"1769815776.763, 1769815776.909, 1769815776.990, 1769815777.077, 1769815777.122"
1.0,0,1769815781.2933,30.4038,27,32,59,0.0527,0.0311,0.0373,1.0,0.0,96.08,0.4843,29.4565,29.4565,26986.2118,1769815812.1869552,6.18,81,1310,0.003,6,0,0,11.5,15.0,0,1561,1769815776.763,-32.734,meta-llama/Llama-3.2-1B-Instruct,"1769815776.763, 1769815776.909, 1769815776.990, 1769815777.077, 1769815777.122"
1.0,0,1769815781.4458,30.3356,27,30,57,0.0572,0.0335,0.0405,1.0,0.0,96.09,0.489,29.3928,29.3928,27015.6046,1769815812.2711983,6.18,81,1311,0.003,7,0,0,11.5,15.0,0,1561,1769815776.763,-32.734,meta-llama/Llama-3.2-1B-Instruct,"1769815776.763, 1769815776.909, 1769815776.990, 1769815777.077, 1769815777.122"
1.0,0,1769815781.5112,30.3137,27,32,59,0.0497,0.0314,0.0346,1.0,0.0,96.09,0.4821,29.3633,29.3633,27044.968,1769815812.3079667,6.17,81,1312,0.004,7,1,0,11.5,15.0,0,1561,1769815776.763,-32.734,meta-llama/Llama-3.2-1B-Instruct,"1769815776.763, 1769815776.909, 1769815776.990, 1769815777.077, 1769815777.122"
1.0,0,1769815781.6073,30.2904,27,32,59,0.0472,0.0317,0.032,1.0,0.0,96.09,0.4949,29.3375,29.3375,27103.4525,1769815812.394594,6.17,81,1314,0.003,7,0,0,11.5,15.0,0,1561,1769815776.763,-32.734,meta-llama/Llama-3.2-1B-Instruct,"1769815776.763, 1769815776.909, 1769815776.990, 1769815777.077, 1769815777.122"
1.0,0,1769815782.0278,30.0757,27,16,43,0.0713,0.0317,0.0317,1.0,0.0,96.1,0.2896,29.147,29.147,27103.4525,1769815812.394729,6.16,81,1314,0.003,6,0,0,11.5,15.0,0,1561,1769815776.763,-32.734,meta-llama/Llama-3.2-1B-Instruct,"1769815776.763, 1769815776.909, 1769815776.990, 1769815777.077, 1769815777.122"
1.0,0,1769815781.7799,30.1916,27,32,59,0.046,0.0317,0.0318,1.0,0.0,96.1,0.4745,29.2376,29.2376,27132.6901,1769815812.4468682,6.16,81,1315,0.003,7,0,0,11.5,15.0,0,1561,1769815776.763,-32.734,meta-llama/Llama-3.2-1B-Instruct,"1769815776.763, 1769815776.909, 1769815776.990, 1769815777.077, 1769815777.122"
1.0,0,1769815782.3769,29.8046,27,32,59,0.043,0.0251,0.0271,1.0,0.0,96.1,0.464,28.8476,28.8476,27161.5377,1769815812.6464584,6.16,81,1316,0.003,6,0,0,11.5,15.0,0,1561,1769815776.763,-32.734,meta-llama/Llama-3.2-1B-Instruct,"1769815776.763, 1769815776.909, 1769815776.990, 1769815777.077, 1769815777.122"
1.0,0,1769815782.4662,29.8233,27,32,59,0.066,0.0265,0.0439,1.0,0.0,96.11,0.5076,28.8893,28.8893,27190.427,1769815812.7983842,6.15,81,1317,0.003,5,0,0,11.5,15.0,0,1561,1769815776.763,-32.734,meta-llama/Llama-3.2-1B-Instruct,"1769815776.763, 1769815776.909, 1769815776.990, 1769815777.077, 1769815777.122"
1.0,0,1769815782.5316,29.8144,27,32,59,0.0443,0.0387,0.0438,1.0,0.0,96.11,0.4837,28.8588,28.8588,27219.2858,1769815812.8315907,6.15,81,1318,0.002,4,0,0,11.5,15.0,0,1561,1769815776.763,-32.734,meta-llama/Llama-3.2-1B-Instruct,"1769815776.763, 1769815776.909, 1769815776.990, 1769815777.077, 1769815777.122"
1.0,0,1769815782.6017,29.8326,27,32,59,0.0391,0.0428,0.0439,1.0,0.0,96.11,0.4939,28.8718,28.8718,27248.1575,1769815812.9311824,6.14,81,1319,0.002,4,0,0,11.5,15.0,0,1561,1769815776.763,-32.734,meta-llama/Llama-3.2-1B-Instruct,"1769815776.763, 1769815776.909, 1769815776.990, 1769815777.077, 1769815777.122"
1.0,0,1769815782.9535,29.7017,27,32,59,0.0614,0.0329,0.0418,1.0,0.0,96.11,0.521,28.7631,28.7631,27334.4519,1769815813.1783493,6.13,81,1322,0.002,4,0,0,11.5,15.0,0,1561,1769815776.763,-32.734,meta-llama/Llama-3.2-1B-Instruct,"1769815776.763, 1769815776.909, 1769815776.990, 1769815777.077, 1769815777.122"
1.0,0,1769815783.0246,29.6436,27,32,59,0.0498,0.0408,0.0439,1.0,0.0,96.12,0.5084,28.6934,28.6934,27334.4519,1769815813.1785471,6.13,81,1322,0.002,4,0,0,11.5,15.0,0,1561,1769815776.763,-32.734,meta-llama/Llama-3.2-1B-Instruct,"1769815776.763, 1769815776.909, 1769815776.990, 1769815777.077, 1769815777.122"
1.0,0,1769815782.8723,29.778,27,32,59,0.0598,0.0341,0.0432,1.0,0.0,96.12,0.5256,28.8378,28.8378,27334.4519,1769815813.1787498,6.14,81,1322,0.002,4,0,0,11.5,15.0,0,1561,1769815776.763,-32.734,meta-llama/Llama-3.2-1B-Instruct,"1769815776.763, 1769815776.909, 1769815776.990, 1769815777.077, 1769815777.122"
1.0,0,1769815783.8243,28.8765,27,32,59,0.0599,0.0364,0.0397,1.0,0.0,96.12,0.5069,27.9363,27.9363,27362.3882,1769815813.2131789,6.12,81,1323,0.002,4,2,0,11.5,15.0,0,1561,1769815776.763,-32.734,meta-llama/Llama-3.2-1B-Instruct,"1769815776.763, 1769815776.909, 1769815776.990, 1769815777.077, 1769815777.122"
1.0,0,1769815783.8994,28.8515,27,32,59,0.0397,0.0388,0.039,1.0,0.0,96.13,0.4926,27.8912,27.8912,27390.2794,1769815813.2461646,6.12,81,1324,0.003,7,0,0,11.5,15.0,0,1561,1769815776.763,-32.734,meta-llama/Llama-3.2-1B-Instruct,"1769815776.763, 1769815776.909, 1769815776.990, 1769815777.077, 1769815777.122"
1.0,0,1769815784.171,28.6441,27,32,59,0.0347,0.0378,0.0401,1.0,0.0,96.13,0.5027,27.6788,27.6788,27417.9582,1769815813.3199186,6.11,81,1325,0.003,7,0,0,11.5,15.0,0,1561,1769815776.763,-32.734,meta-llama/Llama-3.2-1B-Instruct,"1769815776.763, 1769815776.909, 1769815776.990, 1769815777.077, 1769815777.122"
1.0,0,1769815785.6452,27.6212,27,3,30,0.0503,0.0275,0.0275,1.0,0.0,96.13,0.09,26.6715,26.6715,27444.6298,1769815813.3592618,6.11,81,1326,0.003,6,0,0,11.5,15.0,0,1561,1769815776.763,-32.734,meta-llama/Llama-3.2-1B-Instruct,"1769815776.763, 1769815776.909, 1769815776.990, 1769815777.077, 1769815777.122"
1.0,0,1769815784.5548,28.3235,27,32,59,0.0512,0.0317,0.036,1.0,0.0,96.14,0.5146,27.3748,27.3748,27472.0045,1769815813.403123,6.1,81,1327,0.003,7,0,0,11.5,15.0,0,1561,1769815776.763,-32.734,meta-llama/Llama-3.2-1B-Instruct,"1769815776.763, 1769815776.909, 1769815776.990, 1769815777.077, 1769815777.122"
1.0,0,1769815784.7334,28.2194,27,32,59,0.0439,0.0493,0.0527,1.0,0.0,96.14,0.5127,27.2633,27.2633,27499.2678,1769815813.471027,6.1,81,1328,0.003,7,0,0,11.5,15.0,0,1561,1769815776.763,-32.734,meta-llama/Llama-3.2-1B-Instruct,"1769815776.763, 1769815776.909, 1769815776.990, 1769815777.077, 1769815777.122"
1.0,0,1769815784.7992,28.2181,27,31,58,0.0626,0.0411,0.0489,1.0,0.0,96.14,0.5424,27.2807,27.2807,27526.5485,1769815813.5656738,6.09,81,1329,0.004,8,0,0,11.5,15.0,0,1561,1769815776.763,-32.734,meta-llama/Llama-3.2-1B-Instruct,"1769815776.763, 1769815776.909, 1769815776.990, 1769815777.077, 1769815777.122"
1.0,0,1769815785.238,27.8587,27,32,59,0.0479,0.0423,0.0513,1.0,0.0,96.14,0.4948,26.9066,26.9066,27553.4552,1769815813.59379,6.09,81,1330,0.005,9,0,0,11.5,15.0,0,1561,1769815776.763,-32.734,meta-llama/Llama-3.2-1B-Instruct,"1769815776.763, 1769815776.909, 1769815776.990, 1769815777.077, 1769815777.122"
1.0,0,1769815785.3026,27.893,27,32,59,0.033,0.0363,0.0494,1.0,0.0,96.15,0.488,26.9259,26.9259,27580.3811,1769815813.6872044,6.09,81,1331,0.003,7,0,0,11.5,15.0,0,1561,1769815776.763,-32.734,meta-llama/Llama-3.2-1B-Instruct,"1769815776.763, 1769815776.909, 1769815776.990, 1769815777.077, 1769815777.122"
1.0,0,1769815785.6988,27.6393,27,32,59,0.057,0.0394,0.0585,1.0,0.0,96.15,0.4945,26.6964,26.6964,27607.0775,1769815813.8377416,6.08,81,1332,0.003,6,0,0,11.5,15.0,0,1561,1769815776.763,-32.734,meta-llama/Llama-3.2-1B-Instruct,"1769815776.763, 1769815776.909, 1769815776.990, 1769815777.077, 1769815777.122"
1.0,0,1769815785.9343,27.4634,27,32,59,0.0651,0.0343,0.0373,1.0,0.0,96.15,0.4892,26.5285,26.5285,27633.606,1769815813.8878663,6.08,81,1333,0.002,5,0,0,11.5,15.0,0,1561,1769815776.763,-32.734,meta-llama/Llama-3.2-1B-Instruct,"1769815776.763, 1769815776.909, 1769815776.990, 1769815777.077, 1769815777.122"
1.0,0,1769815786.213,27.2331,27,31,58,0.0437,0.0328,0.0404,1.0,0.0,96.16,0.4912,26.2769,26.2769,27659.8828,1769815813.939055,6.07,81,1334,0.002,5,0,0,11.5,15.0,0,1561,1769815776.763,-32.734,meta-llama/Llama-3.2-1B-Instruct,"1769815776.763, 1769815776.909, 1769815776.990, 1769815777.077, 1769815777.122"
1.0,0,1769815786.3509,27.1574,27,32,59,0.0523,0.0341,0.04,1.0,0.0,96.16,0.5042,26.2097,26.2097,27686.0926,1769815814.0223618,6.07,81,1335,0.003,6,0,0,11.5,15.0,0,1561,1769815776.763,-32.734,meta-llama/Llama-3.2-1B-Instruct,"1769815776.763, 1769815776.909, 1769815776.990, 1769815777.077, 1769815777.122"
1.0,0,1769815787.1796,26.3681,27,32,59,0.0445,0.031,0.0375,1.0,0.0,96.16,0.5052,25.4127,25.4127,27711.5053,1769815814.0555432,6.06,81,1336,0.003,6,0,0,11.5,15.0,0,1561,1769815776.763,-32.734,meta-llama/Llama-3.2-1B-Instruct,"1769815776.763, 1769815776.909, 1769815776.990, 1769815777.077, 1769815777.122"
1.0,0,1769815787.4428,26.1666,27,32,59,0.0441,0.0311,0.035,1.0,0.0,96.17,0.4846,25.2106,25.2106,27736.7159,1769815814.1002116,6.06,81,1337,0.003,6,0,0,11.5,15.0,0,1561,1769815776.763,-32.734,meta-llama/Llama-3.2-1B-Instruct,"1769815776.763, 1769815776.909, 1769815776.990, 1769815777.077, 1769815777.122"
1.0,0,1769815787.595,26.0952,27,32,59,0.0327,0.0299,0.0326,1.0,0.0,96.17,0.4758,25.128,25.128,27761.8438,1769815814.1670134,6.05,81,1338,0.003,6,0,0,11.5,15.0,0,1561,1769815776.763,-32.734,meta-llama/Llama-3.2-1B-Instruct,"1769815776.763, 1769815776.909, 1769815776.990, 1769815777.077, 1769815777.122"
1.0,0,1769815787.6584,26.2461,27,32,59,0.059,0.0309,0.0451,1.0,0.0,96.17,0.5404,25.3051,25.3051,27837.5963,1769815814.4640007,6.05,81,1341,0.003,7,0,0,11.5,15.0,0,1561,1769815776.763,-32.734,meta-llama/Llama-3.2-1B-Instruct,"1769815776.763, 1769815776.909, 1769815776.990, 1769815777.077, 1769815777.122"
1.0,0,1769815787.7274,26.1939,27,32,59,0.092,0.035,0.0472,1.0,0.0,96.17,0.541,25.2859,25.2859,27862.7306,1769815814.4711757,6.04,81,1342,0.004,7,0,0,11.5,15.0,0,1561,1769815776.763,-32.734,meta-llama/Llama-3.2-1B-Instruct,"1769815776.763, 1769815776.909, 1769815776.990, 1769815777.077, 1769815777.122"
1.0,0,1769815787.8805,26.0758,27,32,59,0.0586,0.0335,0.0475,1.0,0.0,96.18,0.5111,25.1344,25.1344,27862.7306,1769815814.4715142,6.04,81,1342,0.003,6,0,0,11.5,15.0,0,1561,1769815776.763,-32.734,meta-llama/Llama-3.2-1B-Instruct,"1769815776.763, 1769815776.909, 1769815776.990, 1769815777.077, 1769815777.122"
1.0,0,1769815787.8055,26.1054,27,32,59,0.056,0.034,0.0419,1.0,0.0,96.18,0.5366,25.1614,25.1614,27862.7306,1769815814.4718723,6.04,81,1342,0.003,6,0,0,11.5,15.0,0,1561,1769815776.763,-32.734,meta-llama/Llama-3.2-1B-Instruct,"1769815776.763, 1769815776.909, 1769815776.990, 1769815777.077, 1769815777.122"
1.0,0,1769815788.0619,25.9817,27,31,58,0.0572,0.0378,0.0489,1.0,0.0,96.18,0.5176,25.0389,25.0389,27887.7695,1769815814.5681353,6.03,81,1343,0.003,6,0,0,11.5,15.0,0,1561,1769815790.163,-24.35,meta-llama/Llama-3.2-1B-Instruct,"1769815790.163, 1769815790.885, 1769815791.075, 1769815791.438, 1769815791.602"
1.0,0,1769815788.1449,25.9403,27,32,59,0.0386,0.0331,0.0496,1.0,0.0,96.19,0.516,24.9789,24.9789,27912.7484,1769815814.6051202,6.03,81,1344,0.003,6,0,0,11.5,15.0,0,1561,1769815790.163,-24.35,meta-llama/Llama-3.2-1B-Instruct,"1769815790.163, 1769815790.885, 1769815791.075, 1769815791.438, 1769815791.602"
1.0,0,1769815788.4246,25.7288,27,32,59,0.0646,0.031,0.0475,1.0,0.0,96.19,0.5186,24.7933,24.7933,27937.5417,1769815814.6759362,6.02,81,1345,0.003,7,0,0,11.5,15.0,0,1561,1769815790.163,-24.35,meta-llama/Llama-3.2-1B-Instruct,"1769815790.163, 1769815790.885, 1769815791.075, 1769815791.438, 1769815791.602"
1.0,0,1769815788.4791,25.7336,27,31,58,0.0451,0.0476,0.0608,1.0,0.0,96.19,0.5149,24.7787,24.7787,27962.3204,1769815814.732645,6.02,81,1346,0.003,7,0,0,11.5,15.0,0,1561,1769815790.163,-24.35,meta-llama/Llama-3.2-1B-Instruct,"1769815790.163, 1769815790.885, 1769815791.075, 1769815791.438, 1769815791.602"
1.0,0,1769815788.5815,25.6808,27,32,59,0.0609,0.0387,0.0427,1.0,0.0,96.19,0.5236,24.7417,24.7417,27987.0622,1769815814.794356,6.01,81,1347,0.004,8,0,0,11.5,15.0,0,1561,1769815790.163,-24.35,meta-llama/Llama-3.2-1B-Instruct,"1769815790.163, 1769815790.885, 1769815791.075, 1769815791.438, 1769815791.602"
1.0,0,1769815788.6757,25.631,27,32,59,0.0478,0.0358,0.0402,1.0,0.0,96.2,0.4891,24.6788,24.6788,28011.7409,1769815814.7991571,6.01,81,1348,0.004,9,0,0,11.5,15.0,0,1561,1769815790.163,-24.35,meta-llama/Llama-3.2-1B-Instruct,"1769815790.163, 1769815790.885, 1769815791.075, 1769815791.438, 1769815791.602"
1.0,0,1769815788.7498,25.6266,27,32,59,0.058,0.0374,0.0411,1.0,0.0,96.2,0.4912,24.6846,24.6846,28036.4255,1769815814.8724878,6.0,81,1349,0.005,10,0,0,11.5,15.0,0,1561,1769815790.163,-24.35,meta-llama/Llama-3.2-1B-Instruct,"1769815790.163, 1769815790.885, 1769815791.075, 1769815791.438, 1769815791.602"
1.0,0,1769815788.8213,25.6302,27,32,59,0.0647,0.0359,0.043,1.0,0.0,96.2,0.5008,24.6949,24.6949,28061.1204,1769815814.9550197,6.0,81,1350,0.006,11,0,0,11.5,15.0,0,1561,1769815790.163,-24.35,meta-llama/Llama-3.2-1B-Instruct,"1769815790.163, 1769815790.885, 1769815791.075, 1769815791.438, 1769815791.602"
1.0,0,1769815788.8975,25.635,27,32,59,0.0683,0.0442,0.0527,1.0,0.0,96.21,0.5171,24.7033,24.7033,28085.8237,1769815815.055393,6.0,81,1351,0.004,8,0,0,11.5,15.0,0,1561,1769815790.163,-24.35,meta-llama/Llama-3.2-1B-Instruct,"1769815790.163, 1769815790.885, 1769815791.075, 1769815791.438, 1769815791.602"
1.0,0,1769815789.1628,25.4642,27,32,59,0.0432,0.0403,0.0481,1.0,0.0,96.21,0.508,24.5074,24.5074,28110.3311,1769815815.1364257,5.99,81,1352,0.003,7,0,0,11.5,15.0,0,1561,1769815790.163,-24.35,meta-llama/Llama-3.2-1B-Instruct,"1769815790.163, 1769815790.885, 1769815791.075, 1769815791.438, 1769815791.602"
1.0,0,1769815789.8846,24.8103,27,32,59,0.0808,0.0327,0.0347,1.0,0.0,96.21,0.5068,23.891,23.891,28134.2222,1769815815.2079432,5.99,81,1353,0.003,7,0,0,11.5,15.0,0,1561,1769815790.163,-24.35,meta-llama/Llama-3.2-1B-Instruct,"1769815790.163, 1769815790.885, 1769815791.075, 1769815791.438, 1769815791.602"
1.0,0,1769815790.0752,24.7122,27,32,59,0.0526,0.0334,0.034,1.0,0.0,96.21,0.5097,23.7648,23.7648,28157.9869,1769815815.3129199,5.98,81,1354,0.003,6,0,0,11.5,15.0,0,1561,1769815790.163,-24.35,meta-llama/Llama-3.2-1B-Instruct,"1769815790.163, 1769815790.885, 1769815791.075, 1769815791.438, 1769815791.602"
1.0,0,1769815790.4376,24.4187,27,32,59,0.0401,0.0405,0.042,1.0,0.0,96.22,0.4835,23.4588,23.4588,28181.4457,1769815815.3407452,5.98,81,1355,0.003,6,0,0,11.5,15.0,0,1561,1769815790.163,-24.35,meta-llama/Llama-3.2-1B-Instruct,"1769815790.163, 1769815790.885, 1769815791.075, 1769815791.438, 1769815791.602"
1.0,0,1769815790.6017,24.3288,27,32,59,0.0503,0.0329,0.0346,1.0,0.0,96.22,0.5214,23.3791,23.3791,28204.8249,1769815815.453548,5.97,81,1356,0.003,6,0,0,11.5,15.0,0,1561,1769815790.163,-24.35,meta-llama/Llama-3.2-1B-Instruct,"1769815790.163, 1769815790.885, 1769815791.075, 1769815791.438, 1769815791.602"
1.0,0,1769815790.6833,24.3081,27,32,59,0.0571,0.0329,0.0346,1.0,0.0,96.22,0.4898,23.3652,23.3652,28228.1901,1769815815.4822006,5.97,81,1357,0.003,6,0,0,11.5,15.0,0,1561,1769815790.163,-24.35,meta-llama/Llama-3.2-1B-Instruct,"1769815790.163, 1769815790.885, 1769815791.075, 1769815791.438, 1769815791.602"
1.0,0,1769815790.8362,24.3556,27,32,59,0.0586,0.0434,0.0508,1.0,0.0,96.23,0.4978,23.4142,23.4142,28275.0993,1769815815.6960642,5.96,81,1359,0.002,5,0,0,11.5,15.0,0,1561,1769815790.163,-24.35,meta-llama/Llama-3.2-1B-Instruct,"1769815790.163, 1769815790.885, 1769815791.075, 1769815791.438, 1769815791.602"
1.0,0,1769815790.754,24.4246,27,32,59,0.0704,0.0346,0.0489,1.0,0.0,96.23,0.5155,23.495,23.495,28275.0993,1769815815.6969612,5.96,81,1359,0.003,7,0,0,11.5,15.0,0,1561,1769815790.163,-24.35,meta-llama/Llama-3.2-1B-Instruct,"1769815790.163, 1769815790.885, 1769815791.075, 1769815791.438, 1769815791.602"
1.0,0,1769815791.471,23.7152,27,32,59,0.0695,0.0473,0.0605,1.0,0.0,96.23,0.5211,22.7847,22.7847,28297.884,1769815815.7117996,5.96,81,1360,0.003,5,0,0,11.5,15.0,0,1561,1769815790.163,-24.35,meta-llama/Llama-3.2-1B-Instruct,"1769815790.163, 1769815790.885, 1769815791.075, 1769815791.438, 1769815791.602"
1.0,0,1769815791.6498,23.5911,27,32,59,0.0568,0.0403,0.0431,1.0,0.0,96.23,0.5136,22.6478,22.6478,28320.5318,1769815815.7555714,5.95,81,1361,0.003,6,1,0,11.5,15.0,0,1561,1769815790.163,-24.35,meta-llama/Llama-3.2-1B-Instruct,"1769815790.163, 1769815790.885, 1769815791.075, 1769815791.438, 1769815791.602"
1.0,0,1769815791.7249,23.5682,27,32,59,0.0776,0.0378,0.0421,1.0,0.0,96.24,0.5322,22.6458,22.6458,28343.1776,1769815815.8263013,5.95,81,1362,0.003,7,1,0,11.5,15.0,0,1561,1769815790.163,-24.35,meta-llama/Llama-3.2-1B-Instruct,"1769815790.163, 1769815790.885, 1769815791.075, 1769815791.438, 1769815791.602"
1.0,0,1769815791.8298,23.567,27,32,59,0.0449,0.0423,0.043,1.0,0.0,96.24,0.4938,22.6119,22.6119,28365.7895,1769815815.8948023,5.94,81,1363,0.003,7,0,0,11.5,15.0,0,1561,1769815790.163,-24.35,meta-llama/Llama-3.2-1B-Instruct,"1769815790.163, 1769815790.885, 1769815791.075, 1769815791.438, 1769815791.602"
1.0,0,1769815791.8741,23.5892,27,32,59,0.0595,0.0336,0.0368,1.0,0.0,96.24,0.5229,22.6487,22.6487,28388.4382,1769815815.9920027,5.94,81,1364,0.003,7,0,0,11.5,15.0,0,1561,1769815790.163,-24.35,meta-llama/Llama-3.2-1B-Instruct,"1769815790.163, 1769815790.885, 1769815791.075, 1769815791.438, 1769815791.602"
1.0,0,1769815792.1337,23.3966,27,32,59,0.0351,0.0341,0.0356,1.0,0.0,96.25,0.4925,22.4317,22.4317,28410.8699,1769815816.0236576,5.93,81,1365,0.003,7,0,0,11.5,15.0,0,1561,1769815790.163,-24.35,meta-llama/Llama-3.2-1B-Instruct,"1769815790.163, 1769815790.885, 1769815791.075, 1769815791.438, 1769815791.602"
1.0,0,1769815792.2952,23.2921,27,32,59,0.04,0.0341,0.0451,1.0,0.0,96.25,0.5087,22.3321,22.3321,28433.202,1769815816.1011927,5.93,81,1366,0.004,8,0,0,11.5,15.0,0,1561,1769815790.163,-24.35,meta-llama/Llama-3.2-1B-Instruct,"1769815790.163, 1769815790.885, 1769815791.075, 1769815791.438, 1769815791.602"
1.0,0,1769815792.4732,23.1946,27,32,59,0.0784,0.0314,0.0559,1.0,0.0,96.25,0.531,22.273,22.273,28455.475,1769815816.2018647,5.93,81,1367,0.005,9,0,0,11.5,15.0,0,1561,1769815790.163,-24.35,meta-llama/Llama-3.2-1B-Instruct,"1769815790.163, 1769815790.885, 1769815791.075, 1769815791.438, 1769815791.602"
1.0,0,1769815793.0296,22.8498,27,21,48,0.0372,0.039,0.0519,1.0,0.0,96.25,0.3471,21.887,21.887,28499.3393,1769815816.2315052,5.92,81,1369,0.003,7,0,0,11.5,15.0,0,1561,1769815790.163,-24.35,meta-llama/Llama-3.2-1B-Instruct,"1769815790.163, 1769815790.885, 1769815791.075, 1769815791.438, 1769815791.602"
1.0,0,1769815792.7953,22.9419,27,32,59,0.0353,0.0322,0.0472,1.0,0.0,96.26,0.4932,21.9773,21.9773,28499.3393,1769815816.2328596,5.92,81,1369,0.003,6,1,0,11.5,15.0,0,1561,1769815790.163,-24.35,meta-llama/Llama-3.2-1B-Instruct,"1769815790.163, 1769815790.885, 1769815791.075, 1769815791.438, 1769815791.602"
1.0,0,1769815792.8551,22.9533,27,32,59,0.0487,0.0307,0.0437,1.0,0.0,96.26,0.4894,22.002,22.002,28521.3413,1769815816.2986858,5.91,81,1370,0.003,7,0,0,11.5,15.0,0,1561,1769815790.163,-24.35,meta-llama/Llama-3.2-1B-Instruct,"1769815790.163, 1769815790.885, 1769815791.075, 1769815791.438, 1769815791.602"
1.0,0,1769815793.1043,22.8262,27,32,59,0.0566,0.0313,0.046,1.0,0.0,96.26,0.4924,21.8828,21.8828,28543.2241,1769815816.4316242,5.91,81,1371,0.003,7,0,0,11.5,15.0,0,1561,1769815790.163,-24.35,meta-llama/Llama-3.2-1B-Instruct,"1769815790.163, 1769815790.885, 1769815791.075, 1769815791.438, 1769815791.602"
1.0,0,1769815793.4116,22.5948,27,32,59,0.0567,0.0305,0.0331,1.0,0.0,96.27,0.4987,21.6514,21.6514,28564.8755,1769815816.5122752,5.9,81,1372,0.003,7,0,0,11.5,15.0,0,1561,1769815790.163,-24.35,meta-llama/Llama-3.2-1B-Instruct,"1769815790.163, 1769815790.885, 1769815791.075, 1769815791.438, 1769815791.602"
1.0,0,1769815793.7294,22.3266,27,32,59,0.0361,0.0286,0.0304,1.0,0.0,96.27,0.4882,21.3628,21.3628,28586.2383,1769815816.549676,5.9,81,1373,0.003,7,0,0,11.5,15.0,0,1561,1769815790.163,-24.35,meta-llama/Llama-3.2-1B-Instruct,"1769815790.163, 1769815790.885, 1769815791.075, 1769815791.438, 1769815791.602"
1.0,0,1769815793.8042,22.3194,27,32,59,0.0404,0.0326,0.0342,1.0,0.0,96.27,0.4876,21.3598,21.3598,28607.5981,1769815816.6121557,5.9,81,1374,0.003,7,0,0,11.5,15.0,0,1561,1769815790.163,-24.35,meta-llama/Llama-3.2-1B-Instruct,"1769815790.163, 1769815790.885, 1769815791.075, 1769815791.438, 1769815791.602"
1.0,0,1769815794.1507,22.0296,27,32,59,0.0458,0.0278,0.0303,1.0,0.0,96.27,0.4959,21.0754,21.0754,28628.6735,1769815816.690004,5.89,81,1375,0.004,8,0,0,11.5,15.0,0,1561,1769815790.163,-24.35,meta-llama/Llama-3.2-1B-Instruct,"1769815790.163, 1769815790.885, 1769815791.075, 1769815791.438, 1769815791.602"
1.0,0,1769815794.8944,21.5949,27,10,37,0.0526,0.0274,0.0274,1.0,0.0,96.28,0.2091,20.6476,20.6476,28649.3211,1769815816.6992643,5.89,81,1376,0.002,4,0,0,11.5,15.0,0,1561,1769815790.163,-24.35,meta-llama/Llama-3.2-1B-Instruct,"1769815790.163, 1769815790.885, 1769815791.075, 1769815791.438, 1769815791.602"
1.0,0,1769815794.2301,22.0287,27,32,59,0.0386,0.0296,0.0361,1.0,0.0,96.28,0.4952,21.0672,21.0672,28670.3883,1769815816.7575705,5.88,81,1377,0.003,6,0,0,11.5,15.0,0,1561,1769815790.163,-24.35,meta-llama/Llama-3.2-1B-Instruct,"1769815790.163, 1769815790.885, 1769815791.075, 1769815791.438, 1769815791.602"
1.0,0,1769815794.4309,22.0176,27,32,59,0.0911,0.0383,0.0411,1.0,0.0,96.28,0.538,21.1087,21.1087,28712.4327,1769815816.9939935,5.88,81,1379,0.003,6,0,0,11.5,15.0,0,1561,1769815790.163,-24.35,meta-llama/Llama-3.2-1B-Instruct,"1769815790.163, 1769815790.885, 1769815791.075, 1769815791.438, 1769815791.602"
1.0,0,1769815794.6029,21.8529,27,32,59,0.0828,0.0293,0.0516,1.0,0.0,96.29,0.5365,20.9357,20.9357,28712.4327,1769815816.9969008,5.87,81,1379,0.003,6,0,0,11.5,15.0,0,1561,1769815790.163,-24.35,meta-llama/Llama-3.2-1B-Instruct,"1769815790.163, 1769815790.885, 1769815791.075, 1769815791.438, 1769815791.602"
1.0,0,1769815795.0758,21.4577,27,32,59,0.0662,0.0346,0.0465,1.0,0.0,96.29,0.5142,20.5239,20.5239,28732.9566,1769815817.0494385,5.87,81,1380,0.003,6,1,0,11.5,15.0,0,1561,1769815790.163,-24.35,meta-llama/Llama-3.2-1B-Instruct,"1769815790.163, 1769815790.885, 1769815791.075, 1769815791.438, 1769815791.602"
1.0,0,1769815795.2293,21.3597,27,32,59,0.042,0.0361,0.0439,1.0,0.0,96.29,0.5061,20.4017,20.4017,28753.3583,1769815817.1016593,5.87,81,1381,0.003,7,0,0,11.5,15.0,0,1561,1769815790.163,-24.35,meta-llama/Llama-3.2-1B-Instruct,"1769815790.163, 1769815790.885, 1769815791.075, 1769815791.438, 1769815791.602"
1.0,0,1769815795.4685,21.1769,27,32,59,0.0322,0.0424,0.0454,1.0,0.0,96.29,0.48,20.2091,20.2091,28773.5674,1769815817.1327367,5.86,81,1382,0.003,7,0,0,11.5,15.0,0,1561,1769815790.163,-24.35,meta-llama/Llama-3.2-1B-Instruct,"1769815790.163, 1769815790.885, 1769815791.075, 1769815791.438, 1769815791.602"
1.0,0,1769815795.6447,21.0694,27,32,59,0.0375,0.0439,0.0445,1.0,0.0,96.3,0.5044,20.1069,20.1069,28793.6742,1769815817.2289412,5.86,81,1383,0.003,6,0,0,11.5,15.0,0,1561,1769815790.163,-24.35,meta-llama/Llama-3.2-1B-Instruct,"1769815790.163, 1769815790.885, 1769815791.075, 1769815791.438, 1769815791.602"
1.0,0,1769815795.7065,21.0696,27,32,59,0.0387,0.0405,0.0441,1.0,0.0,96.3,0.5051,20.1083,20.1083,28813.7825,1769815817.2863443,5.85,81,1384,0.003,6,0,0,11.5,15.0,0,1561,1769815790.163,-24.35,meta-llama/Llama-3.2-1B-Instruct,"1769815790.163, 1769815790.885, 1769815791.075, 1769815791.438, 1769815791.602"
1.0,0,1769815795.8748,20.9621,27,32,59,0.048,0.0418,0.0598,1.0,0.0,96.3,0.5131,20.0101,20.0101,28833.7926,1769815817.358489,5.85,81,1385,0.003,7,0,0,11.5,15.0,0,1561,1769815790.163,-24.35,meta-llama/Llama-3.2-1B-Instruct,"1769815790.163, 1769815790.885, 1769815791.075, 1769815791.438, 1769815791.602"
1.0,0,1769815796.0197,20.8997,27,32,59,0.0609,0.038,0.0412,1.0,0.0,96.3,0.4954,19.9606,19.9606,28853.7532,1769815817.4237716,5.84,81,1386,0.004,8,0,0,11.5,15.0,0,1561,1769815790.163,-24.35,meta-llama/Llama-3.2-1B-Instruct,"1769815790.163, 1769815790.885, 1769815791.075, 1769815791.438, 1769815791.602"
1.0,0,1769815796.2681,20.7028,27,32,59,0.0392,0.0374,0.0409,1.0,0.0,96.31,0.4904,19.742,19.742,28873.4952,1769815817.4644978,5.84,81,1387,0.005,9,0,0,11.5,15.0,0,1561,1769815790.163,-24.35,meta-llama/Llama-3.2-1B-Instruct,"1769815790.163, 1769815790.885, 1769815791.075, 1769815791.438, 1769815791.602"
1.0,0,1769815796.6451,20.384,27,32,59,0.07,0.0361,0.0439,1.0,0.0,96.31,0.5352,19.454,19.454,28892.9492,1769815817.5652697,5.84,81,1388,0.004,8,0,0,11.5,15.0,0,1561,1769815790.163,-24.35,meta-llama/Llama-3.2-1B-Instruct,"1769815790.163, 1769815790.885, 1769815791.075, 1769815791.438, 1769815791.602"
1.0,0,1769815797.0514,20.2992,27,13,40,0.0617,0.0314,0.0314,1.0,0.0,96.31,0.2392,19.3609,19.3609,28912.3101,1769815817.591985,5.83,81,1389,0.003,6,0,0,11.5,15.0,0,1561,1769815790.163,-24.35,meta-llama/Llama-3.2-1B-Instruct,"1769815790.163, 1769815790.885, 1769815791.075, 1769815791.438, 1769815791.602"
1.0,0,1769815796.72,20.3933,27,32,59,0.0483,0.038,0.0389,1.0,0.0,96.32,0.4882,19.4416,19.4416,28931.7517,1769815817.609137,5.83,81,1390,0.003,7,0,0,11.5,15.0,0,1561,1769815790.163,-24.35,meta-llama/Llama-3.2-1B-Instruct,"1769815790.163, 1769815790.885, 1769815791.075, 1769815791.438, 1769815791.602"
1.0,0,1769815796.8078,20.3874,27,32,59,0.074,0.033,0.0376,1.0,0.0,96.32,0.5427,19.4614,19.4614,28970.562,1769815817.7545638,5.82,81,1392,0.003,7,0,0,11.5,15.0,0,1561,1769815790.163,-24.35,meta-llama/Llama-3.2-1B-Instruct,"1769815790.163, 1769815790.885, 1769815791.075, 1769815791.438, 1769815791.602"
1.0,0,1769815796.9714,20.304,27,32,59,0.045,0.04,0.0431,1.0,0.0,96.32,0.4782,19.349,19.349,28970.562,1769815817.7606583,5.82,81,1392,0.003,6,0,0,11.5,15.0,0,1561,1769815790.163,-24.35,meta-llama/Llama-3.2-1B-Instruct,"1769815790.163, 1769815790.885, 1769815791.075, 1769815791.438, 1769815791.602"
1.0,0,1769815797.133,20.2675,27,32,59,0.0415,0.0374,0.0395,1.0,0.0,96.32,0.4957,19.3089,19.3089,28989.871,1769815817.8973186,5.81,81,1393,0.003,6,0,0,11.5,15.0,0,1561,1769815790.163,-24.35,meta-llama/Llama-3.2-1B-Instruct,"1769815790.163, 1769815790.885, 1769815791.075, 1769815791.438, 1769815791.602"
1.0,0,1769815797.3816,20.1109,27,32,59,0.0623,0.0382,0.0469,1.0,0.0,96.33,0.491,19.1732,19.1732,29009.0442,1769815817.9857674,5.81,81,1394,0.003,6,0,0,11.5,15.0,0,1561,1769815790.163,-24.35,meta-llama/Llama-3.2-1B-Instruct,"1769815790.163, 1769815790.885, 1769815791.075, 1769815791.438, 1769815791.602"
1.0,0,1769815797.8466,19.875,27,31,58,0.0623,0.0352,0.0492,1.0,0.0,96.33,0.5181,18.9373,18.9373,29047.209,1769815818.24369,5.81,81,1396,0.002,4,0,0,11.5,15.0,0,1561,1769815790.163,-24.35,meta-llama/Llama-3.2-1B-Instruct,"1769815790.163, 1769815790.885, 1769815791.075, 1769815791.438, 1769815791.602"
1.0,0,1769815797.5572,20.1583,27,32,59,0.0693,0.0411,0.0444,1.0,0.0,96.33,0.5252,19.2275,19.2275,29047.209,1769815818.243857,5.8,81,1396,0.003,6,0,0,11.5,15.0,0,1561,1769815790.163,-24.35,meta-llama/Llama-3.2-1B-Instruct,"1769815790.163, 1769815790.885, 1769815791.075, 1769815791.438, 1769815791.602"
1.0,0,1769815797.6181,20.1129,27,32,59,0.0969,0.0301,0.0402,1.0,0.0,96.33,0.5255,19.2098,19.2098,29085.1971,1769815818.2647033,5.8,81,1398,0.002,4,0,0,11.5,15.0,0,1561,1769815790.163,-24.35,meta-llama/Llama-3.2-1B-Instruct,"1769815790.163, 1769815790.885, 1769815791.075, 1769815791.438, 1769815791.602"
1.0,0,1769815798.0452,19.6985,27,32,59,0.0797,0.0292,0.0556,1.0,0.0,96.34,0.5207,18.7783,18.7783,29085.1971,1769815818.2652423,5.79,81,1398,0.002,3,0,0,11.5,15.0,0,1561,1769815790.163,-24.35,meta-llama/Llama-3.2-1B-Instruct,"1769815790.163, 1769815790.885, 1769815791.075, 1769815791.438, 1769815791.602"
1.0,0,1769815798.2037,19.5955,27,32,59,0.0517,0.0423,0.0434,1.0,0.0,96.34,0.5137,18.6471,18.6471,29103.8442,1769815818.3171482,5.79,81,1399,0.002,5,1,0,11.5,15.0,0,1561,1769815790.163,-24.35,meta-llama/Llama-3.2-1B-Instruct,"1769815790.163, 1769815790.885, 1769815791.075, 1769815791.438, 1769815791.602"
1.0,0,1769815798.3471,19.5336,27,32,59,0.0531,0.0293,0.0472,1.0,0.0,96.34,0.5215,18.5866,18.5866,29122.4309,1769815818.4040055,5.79,81,1400,0.003,6,0,0,11.5,15.0,0,1561,1769815790.163,-24.35,meta-llama/Llama-3.2-1B-Instruct,"1769815790.163, 1769815790.885, 1769815791.075, 1769815791.438, 1769815791.602"
1.0,0,1769815798.3998,19.5409,27,32,59,0.0422,0.0376,0.0422,1.0,0.0,96.35,0.5019,18.5831,18.5831,29141.014,1769815818.4510128,5.78,81,1401,0.003,7,0,0,11.5,15.0,0,1561,1769815790.163,-24.35,meta-llama/Llama-3.2-1B-Instruct,"1769815790.163, 1769815790.885, 1769815791.075, 1769815791.438, 1769815791.602"
1.0,0,1769815798.7323,19.4435,27,17,44,0.0518,0.0416,0.0416,1.0,0.0,96.35,0.3077,18.4952,18.4952,29159.5093,1769815818.4861457,5.78,81,1402,0.005,9,0,0,11.5,15.0,0,1561,1769815790.163,-24.35,meta-llama/Llama-3.2-1B-Instruct,"1769815790.163, 1769815790.885, 1769815791.075, 1769815791.438, 1769815791.602"
1.0,0,1769815798.4898,19.5288,27,32,59,0.0361,0.036,0.0518,1.0,0.0,96.35,0.4972,18.5649,18.5649,29178.0741,1769815818.5201116,5.77,81,1403,0.003,7,0,0,11.5,15.0,0,1561,1769815790.163,-24.35,meta-llama/Llama-3.2-1B-Instruct,"1769815790.163, 1769815790.885, 1769815791.075, 1769815791.438, 1769815791.602"
1.0,0,1769815798.559,19.5272,27,32,59,0.0726,0.0427,0.0459,1.0,0.0,96.35,0.5069,18.5998,18.5998,29196.674,1769815818.5959585,5.77,81,1404,0.003,8,0,0,11.5,15.0,0,1561,1769815790.163,-24.35,meta-llama/Llama-3.2-1B-Instruct,"1769815790.163, 1769815790.885, 1769815791.075, 1769815791.438, 1769815791.602"
1.0,0,1769815798.7973,19.4491,27,31,58,0.0603,0.0355,0.0401,1.0,0.0,96.36,0.4994,18.5094,18.5094,29215.1834,1769815818.7521498,5.77,81,1405,0.004,8,0,0,11.5,15.0,0,1561,1769815790.163,-24.35,meta-llama/Llama-3.2-1B-Instruct,"1769815790.163, 1769815790.885, 1769815791.075, 1769815791.438, 1769815791.602"
1.0,0,1769815798.8813,19.4169,27,32,59,0.036,0.0394,0.0436,1.0,0.0,96.36,0.5093,18.4529,18.4529,29233.6363,1769815818.8151317,5.76,81,1406,0.003,7,0,0,11.5,15.0,0,1561,1769815790.163,-24.35,meta-llama/Llama-3.2-1B-Instruct,"1769815790.163, 1769815790.885, 1769815791.075, 1769815791.438, 1769815791.602"
1.0,0,1769815798.9362,19.416,27,32,59,0.0407,0.0423,0.0428,1.0,0.0,96.36,0.4958,18.4567,18.4567,29252.093,1769815818.849324,5.76,81,1407,0.003,7,0,0,11.5,15.0,0,1561,1769815790.163,-24.35,meta-llama/Llama-3.2-1B-Instruct,"1769815790.163, 1769815790.885, 1769815791.075, 1769815791.438, 1769815791.602"
1.0,0,1769815799.2516,19.3765,27,17,44,0.0674,0.036,0.036,1.0,0.0,96.36,0.3047,18.4439,18.4439,29289.0118,1769815818.9348207,5.75,81,1409,0.003,6,0,0,11.5,15.0,0,1561,1769815790.163,-24.35,meta-llama/Llama-3.2-1B-Instruct,"1769815790.163, 1769815790.885, 1769815791.075, 1769815791.438, 1769815791.602"
1.0,0,1769815799.0067,19.4202,27,32,59,0.0547,0.0344,0.0432,1.0,0.0,96.37,0.5077,18.4749,18.4749,29289.0118,1769815818.9355373,5.75,81,1409,0.003,7,0,0,11.5,15.0,0,1561,1769815790.163,-24.35,meta-llama/Llama-3.2-1B-Instruct,"1769815790.163, 1769815790.885, 1769815791.075, 1769815791.438, 1769815791.602"
1.0,0,1769815799.0793,19.4225,27,32,59,0.0337,0.0399,0.0403,1.0,0.0,96.37,0.4814,18.4562,18.4562,29307.468,1769815818.9850907,5.74,81,1410,0.003,6,0,0,11.5,15.0,0,1561,1769815790.163,-24.35,meta-llama/Llama-3.2-1B-Instruct,"1769815790.163, 1769815790.885, 1769815791.075, 1769815791.438, 1769815791.602"
1.0,0,1769815799.1591,19.4167,27,32,59,0.0597,0.0312,0.0357,1.0,0.0,96.37,0.5133,18.4764,18.4764,29325.9444,1769815819.0917063,5.74,81,1411,0.003,6,0,0,11.5,15.0,0,1561,1769815790.163,-24.35,meta-llama/Llama-3.2-1B-Instruct,"1769815790.163, 1769815790.885, 1769815791.075, 1769815791.438, 1769815791.602"
1.0,0,1769815799.4282,19.2508,27,32,59,0.069,0.03,0.032,1.0,0.0,96.37,0.52,18.3198,18.3198,29344.2642,1769815819.2056475,5.74,81,1412,0.003,6,1,0,11.5,15.0,0,1561,1769815790.163,-24.35,meta-llama/Llama-3.2-1B-Instruct,"1769815790.163, 1769815790.885, 1769815791.075, 1769815791.438, 1769815791.602"
1.0,0,1769815799.7489,18.9776,27,32,59,0.0473,0.028,0.0332,1.0,0.0,96.38,0.5105,18.025,18.025,29380.2426,1769815819.245609,5.73,81,1414,0.003,7,0,0,11.5,15.0,0,1561,1769815790.163,-24.35,meta-llama/Llama-3.2-1B-Instruct,"1769815790.163, 1769815790.885, 1769815791.075, 1769815791.438, 1769815791.602"
1.0,0,1769815799.8908,18.9057,27,27,54,0.0477,0.0283,0.0321,1.0,0.0,96.38,0.4415,17.9535,17.9535,29380.2426,1769815819.2465048,5.73,81,1414,0.003,7,0,0,11.5,15.0,0,1561,1769815790.163,-24.35,meta-llama/Llama-3.2-1B-Instruct,"1769815790.163, 1769815790.885, 1769815791.075, 1769815791.438, 1769815791.602"
1.0,0,1769815801.021,18.3064,27,7,34,0.0457,0.0286,0.0286,1.0,0.0,96.38,0.1485,17.3521,17.3521,29397.5947,1769815819.4846659,5.72,81,1415,0.003,7,0,0,11.5,15.0,0,1561,1769815790.163,-24.35,meta-llama/Llama-3.2-1B-Instruct,"1769815790.163, 1769815790.885, 1769815791.075, 1769815791.438, 1769815791.602"
1.0,0,1769815799.9481,19.0413,27,32,59,0.067,0.0291,0.0396,1.0,0.0,96.38,0.5211,18.1083,18.1083,29451.7363,1769815819.513993,5.72,81,1418,0.003,7,0,0,11.5,15.0,0,1561,1769815790.163,-24.35,meta-llama/Llama-3.2-1B-Instruct,"1769815790.163, 1769815790.885, 1769815791.075, 1769815791.438, 1769815791.602"
1.0,0,1769815800.0103,18.9849,27,32,59,0.0553,0.0335,0.0454,1.0,0.0,96.39,0.5128,18.0402,18.0402,29451.7363,1769815819.5142622,5.72,81,1418,0.003,5,0,0,11.5,15.0,0,1561,1769815790.163,-24.35,meta-llama/Llama-3.2-1B-Instruct,"1769815790.163, 1769815790.885, 1769815791.075, 1769815791.438, 1769815791.602"
1.0,0,1769815800.2904,18.7828,27,32,59,0.0404,0.0283,0.0383,1.0,0.0,96.39,0.4972,17.8232,17.8232,29469.5595,1769815819.5736635,5.71,81,1419,0.003,7,0,0,11.5,15.0,0,1561,1769815802.321,-17.22,meta-llama/Llama-3.2-1B-Instruct,"1769815802.321, 1769815802.474, 1769815802.992, 1769815803.050, 1769815803.212"
1.0,0,1769815800.5479,18.5892,27,32,59,0.0506,0.0292,0.0344,1.0,0.0,96.4,0.4958,17.6398,17.6398,29487.1993,1769815819.634923,5.7,81,1420,0.003,7,0,0,11.5,15.0,0,1561,1769815802.321,-17.22,meta-llama/Llama-3.2-1B-Instruct,"1769815802.321, 1769815802.474, 1769815802.992, 1769815803.050, 1769815803.212"
1.0,0,1769815800.7945,18.4296,27,32,59,0.0629,0.0265,0.0315,1.0,0.0,96.4,0.5086,17.4924,17.4924,29504.6917,1769815819.7363677,5.7,81,1421,0.003,6,0,0,11.5,15.0,0,1561,1769815802.321,-17.22,meta-llama/Llama-3.2-1B-Instruct,"1769815802.321, 1769815802.474, 1769815802.992, 1769815803.050, 1769815803.212"
1.0,0,1769815800.8549,18.423,27,32,59,0.0361,0.0372,0.0422,1.0,0.0,96.4,0.4855,17.4591,17.4591,29522.1509,1769815819.7659886,5.7,81,1422,0.003,6,0,0,11.5,15.0,0,1561,1769815802.321,-17.22,meta-llama/Llama-3.2-1B-Instruct,"1769815802.321, 1769815802.474, 1769815802.992, 1769815803.050, 1769815803.212"
1.0,0,1769815801.1417,18.2732,27,32,59,0.0597,0.0316,0.033,1.0,0.0,96.4,0.5036,17.3329,17.3329,29539.4838,1769815819.9222867,5.69,81,1423,0.004,8,0,0,11.5,15.0,0,1561,1769815802.321,-17.22,meta-llama/Llama-3.2-1B-Instruct,"1769815802.321, 1769815802.474, 1769815802.992, 1769815803.050, 1769815803.212"
1.0,0,1769815801.2216,18.2442,27,32,59,0.0695,0.0275,0.0432,1.0,0.0,96.41,0.5188,17.3137,17.3137,29556.7975,1769815819.9855602,5.69,81,1424,0.004,8,0,0,11.5,15.0,0,1561,1769815802.321,-17.22,meta-llama/Llama-3.2-1B-Instruct,"1769815802.321, 1769815802.474, 1769815802.992, 1769815803.050, 1769815803.212"
1.0,0,1769815801.2742,18.3002,27,32,59,0.0498,0.0277,0.0332,1.0,0.0,96.41,0.4976,17.35,17.35,29574.1475,1769815820.0731,5.68,81,1425,0.002,5,0,0,11.5,15.0,0,1561,1769815802.321,-17.22,meta-llama/Llama-3.2-1B-Instruct,"1769815802.321, 1769815802.474, 1769815802.992, 1769815803.050, 1769815803.212"
1.0,0,1769815801.3213,18.2935,27,32,59,0.0485,0.0361,0.0443,1.0,0.0,96.41,0.4914,17.342,17.342,29591.4895,1769815820.1076155,5.68,81,1426,0.003,5,0,0,11.5,15.0,0,1561,1769815802.321,-17.22,meta-llama/Llama-3.2-1B-Instruct,"1769815802.321, 1769815802.474, 1769815802.992, 1769815803.050, 1769815803.212"
1.0,0,1769815801.474,18.2043,27,27,54,0.0498,0.0264,0.041,1.0,0.0,96.41,0.4533,17.2541,17.2541,29608.7436,1769815820.1371868,5.68,81,1427,0.003,6,0,0,11.5,15.0,0,1561,1769815802.321,-17.22,meta-llama/Llama-3.2-1B-Instruct,"1769815802.321, 1769815802.474, 1769815802.992, 1769815803.050, 1769815803.212"
1.0,0,1769815801.992,17.7596,27,32,59,0.0393,0.0299,0.0325,1.0,0.0,96.42,0.4938,16.7989,16.7989,29625.5425,1769815820.2530217,5.67,81,1428,0.003,6,0,0,11.5,15.0,0,1561,1769815802.321,-17.22,meta-llama/Llama-3.2-1B-Instruct,"1769815802.321, 1769815802.474, 1769815802.992, 1769815803.050, 1769815803.212"
1.0,0,1769815802.05,17.7498,27,32,59,0.0375,0.0304,0.0329,1.0,0.0,96.42,0.4721,16.7873,16.7873,29642.3298,1769815820.2726603,5.67,81,1429,0.003,6,0,0,11.5,15.0,0,1561,1769815802.321,-17.22,meta-llama/Llama-3.2-1B-Instruct,"1769815802.321, 1769815802.474, 1769815802.992, 1769815803.050, 1769815803.212"
1.0,0,1769815802.2121,17.6504,27,32,59,0.0473,0.0302,0.0483,1.0,0.0,96.42,0.4794,16.6978,16.6978,29659.0275,1769815820.3428934,5.66,81,1430,0.003,7,0,0,11.5,15.0,0,1561,1769815802.321,-17.22,meta-llama/Llama-3.2-1B-Instruct,"1769815802.321, 1769815802.474, 1769815802.992, 1769815803.050, 1769815803.212"
1.0,0,1769815802.2691,17.654,27,31,58,0.0437,0.0372,0.0393,1.0,0.0,96.42,0.4755,16.6977,16.6977,29675.7252,1769815820.3994946,5.66,81,1431,0.003,7,0,0,11.5,15.0,0,1561,1769815802.321,-17.22,meta-llama/Llama-3.2-1B-Instruct,"1769815802.321, 1769815802.474, 1769815802.992, 1769815803.050, 1769815803.212"
1.0,0,1769815802.6334,17.5949,27,32,59,0.0806,0.0463,0.0484,1.0,0.0,96.43,0.5146,16.6755,16.6755,29692.4008,1769815820.7466125,5.66,81,1432,0.002,4,0,0,11.5,15.0,0,1561,1769815802.321,-17.22,meta-llama/Llama-3.2-1B-Instruct,"1769815802.321, 1769815802.474, 1769815802.992, 1769815803.050, 1769815803.212"
1.0,0,1769815802.6915,17.5424,27,32,59,0.082,0.0404,0.0454,1.0,0.0,96.43,0.5438,16.6244,16.6244,29725.7852,1769815820.780855,5.65,81,1434,0.002,3,0,0,11.5,15.0,0,1561,1769815802.321,-17.22,meta-llama/Llama-3.2-1B-Instruct,"1769815802.321, 1769815802.474, 1769815802.992, 1769815803.050, 1769815803.212"
1.0,0,1769815802.5505,17.6895,27,32,59,0.0705,0.0466,0.0482,1.0,0.0,96.43,0.5297,16.76,16.76,29725.7852,1769815820.7812705,5.65,81,1434,0.002,4,0,0,11.5,15.0,0,1561,1769815802.321,-17.22,meta-llama/Llama-3.2-1B-Instruct,"1769815802.321, 1769815802.474, 1769815802.992, 1769815803.050, 1769815803.212"
1.0,0,1769815802.7554,17.5429,27,32,59,0.0404,0.0474,0.0512,1.0,0.0,96.43,0.5163,16.5833,16.5833,29742.3684,1769815820.8216333,5.64,81,1435,0.002,5,0,0,11.5,15.0,0,1561,1769815802.321,-17.22,meta-llama/Llama-3.2-1B-Instruct,"1769815802.321, 1769815802.474, 1769815802.992, 1769815803.050, 1769815803.212"
1.0,0,1769815802.8184,17.5622,27,32,59,0.0607,0.0392,0.0479,1.0,0.0,96.44,0.5131,16.6229,16.6229,29758.9913,1769815820.8945034,5.64,81,1436,0.002,5,0,0,11.5,15.0,0,1561,1769815802.321,-17.22,meta-llama/Llama-3.2-1B-Instruct,"1769815802.321, 1769815802.474, 1769815802.992, 1769815803.050, 1769815803.212"
1.0,0,1769815803.0776,17.3586,27,32,59,0.0685,0.0389,0.0455,1.0,0.0,96.44,0.5342,16.427,16.427,29775.4183,1769815820.9735718,5.64,81,1437,0.002,5,0,0,11.5,15.0,0,1561,1769815802.321,-17.22,meta-llama/Llama-3.2-1B-Instruct,"1769815802.321, 1769815802.474, 1769815802.992, 1769815803.050, 1769815803.212"
1.0,0,1769815803.138,17.3504,27,32,59,0.0388,0.042,0.0474,1.0,0.0,96.44,0.515,16.3892,16.3892,29791.8075,1769815821.0048335,5.63,81,1438,0.003,6,0,0,11.5,15.0,0,1561,1769815802.321,-17.22,meta-llama/Llama-3.2-1B-Instruct,"1769815802.321, 1769815802.474, 1769815802.992, 1769815803.050, 1769815803.212"
1.0,0,1769815803.2081,17.3324,27,32,59,0.0329,0.0389,0.0629,1.0,0.0,96.44,0.4992,16.3653,16.3653,29808.1729,1769815821.0431142,5.63,81,1439,0.003,7,0,0,11.5,15.0,0,1561,1769815802.321,-17.22,meta-llama/Llama-3.2-1B-Instruct,"1769815802.321, 1769815802.474, 1769815802.992, 1769815803.050, 1769815803.212"
1.0,0,1769815803.6693,16.9205,27,32,59,0.0512,0.0436,0.0478,1.0,0.0,96.45,0.5263,15.9717,15.9717,29824.1445,1769815821.1237986,5.62,81,1440,0.003,8,0,0,11.5,15.0,0,1561,1769815802.321,-17.22,meta-llama/Llama-3.2-1B-Instruct,"1769815802.321, 1769815802.474, 1769815802.992, 1769815803.050, 1769815803.212"
1.0,0,1769815803.9395,16.7213,27,32,59,0.0651,0.0468,0.0485,1.0,0.0,96.45,0.508,15.7864,15.7864,29839.9309,1769815821.1728768,5.62,81,1441,0.005,9,0,0,11.5,15.0,0,1561,1769815802.321,-17.22,meta-llama/Llama-3.2-1B-Instruct,"1769815802.321, 1769815802.474, 1769815802.992, 1769815803.050, 1769815803.212"
1.0,0,1769815804.4558,16.5655,27,11,38,0.0633,0.0346,0.0346,1.0,0.0,96.45,0.2258,15.6288,15.6288,29871.2687,1769815821.258782,5.62,81,1443,0.003,7,0,0,11.5,15.0,0,1561,1769815802.321,-17.22,meta-llama/Llama-3.2-1B-Instruct,"1769815802.321, 1769815802.474, 1769815802.992, 1769815803.050, 1769815803.212"
1.0,0,1769815804.065,16.6503,27,32,59,0.0587,0.0411,0.0493,1.0,0.0,96.45,0.5329,15.7089,15.7089,29871.2687,1769815821.2589397,5.61,81,1443,0.005,10,0,0,11.5,15.0,0,1561,1769815802.321,-17.22,meta-llama/Llama-3.2-1B-Instruct,"1769815802.321, 1769815802.474, 1769815802.992, 1769815803.050, 1769815803.212"
1.0,0,1769815804.1244,16.677,27,32,59,0.043,0.0415,0.044,1.0,0.0,96.46,0.4998,15.72,15.72,29886.9886,1769815821.3041897,5.61,81,1444,0.004,8,0,0,11.5,15.0,0,1561,1769815802.321,-17.22,meta-llama/Llama-3.2-1B-Instruct,"1769815802.321, 1769815802.474, 1769815802.992, 1769815803.050, 1769815803.212"
1.0,0,1769815804.1978,16.6728,27,32,59,0.0861,0.0387,0.0422,1.0,0.0,96.46,0.5321,15.7589,15.7589,29902.7475,1769815821.404688,5.61,81,1445,0.004,8,0,0,11.5,15.0,0,1561,1769815802.321,-17.22,meta-llama/Llama-3.2-1B-Instruct,"1769815802.321, 1769815802.474, 1769815802.992, 1769815803.050, 1769815803.212"
1.0,0,1769815804.2601,16.6749,27,32,59,0.0339,0.0403,0.053,1.0,0.0,96.46,0.481,15.7088,15.7088,29918.4563,1769815821.4175222,5.6,81,1446,0.004,7,0,0,11.5,15.0,0,1561,1769815802.321,-17.22,meta-llama/Llama-3.2-1B-Instruct,"1769815802.321, 1769815802.474, 1769815802.992, 1769815803.050, 1769815803.212"
1.0,0,1769815804.7241,16.4851,27,14,41,0.0433,0.038,0.038,1.0,0.0,96.46,0.2321,15.5284,15.5284,29933.9846,1769815821.4421477,5.6,81,1447,0.003,6,1,0,11.5,15.0,0,1561,1769815802.321,-17.22,meta-llama/Llama-3.2-1B-Instruct,"1769815802.321, 1769815802.474, 1769815802.992, 1769815803.050, 1769815803.212"
1.0,0,1769815804.5125,16.5649,27,32,59,0.0454,0.0333,0.0418,1.0,0.0,96.47,0.4749,15.6103,15.6103,29949.5949,1769815821.5547605,5.59,81,1448,0.003,7,0,0,11.5,15.0,0,1561,1769815802.321,-17.22,meta-llama/Llama-3.2-1B-Instruct,"1769815802.321, 1769815802.474, 1769815802.992, 1769815803.050, 1769815803.212"
1.0,0,1769815804.6569,16.4964,27,32,59,0.0777,0.0375,0.0418,1.0,0.0,96.47,0.5184,15.5741,15.5741,29965.169,1769815821.67454,5.59,81,1449,0.003,7,0,0,11.5,15.0,0,1561,1769815802.321,-17.22,meta-llama/Llama-3.2-1B-Instruct,"1769815802.321, 1769815802.474, 1769815802.992, 1769815803.050, 1769815803.212"
1.0,0,1769815804.9155,16.3689,27,32,59,0.0598,0.031,0.0374,1.0,0.0,96.47,0.5123,15.4287,15.4287,29980.5977,1769815821.7997522,5.59,81,1450,0.003,6,0,0,11.5,15.0,0,1561,1769815802.321,-17.22,meta-llama/Llama-3.2-1B-Instruct,"1769815802.321, 1769815802.474, 1769815802.992, 1769815803.050, 1769815803.212"
1.0,0,1769815805.9917,15.6601,27,15,42,0.0682,0.0362,0.0362,1.0,0.0,96.47,0.2873,14.7284,14.7284,29995.3261,1769815821.9457746,5.58,81,1451,0.003,7,0,0,11.5,15.0,0,1561,1769815802.321,-17.22,meta-llama/Llama-3.2-1B-Instruct,"1769815802.321, 1769815802.474, 1769815802.992, 1769815803.050, 1769815803.212"
1.0,0,1769815805.1283,16.3427,27,32,59,0.0723,0.0338,0.0408,1.0,0.0,96.48,0.53,15.415,15.415,30010.7411,1769815822.0069044,5.58,81,1452,0.003,6,0,0,11.5,15.0,0,1561,1769815802.321,-17.22,meta-llama/Llama-3.2-1B-Instruct,"1769815802.321, 1769815802.474, 1769815802.992, 1769815803.050, 1769815803.212"
1.0,0,1769815805.179,16.2942,27,32,59,0.0776,0.0382,0.0383,1.0,0.0,96.48,0.5348,15.3718,15.3718,30040.9522,1769815822.0132985,5.57,81,1454,0.003,6,0,0,11.5,15.0,0,1561,1769815802.321,-17.22,meta-llama/Llama-3.2-1B-Instruct,"1769815802.321, 1769815802.474, 1769815802.992, 1769815803.050, 1769815803.212"
1.0,0,1769815805.707,15.7737,27,32,59,0.0656,0.035,0.0383,1.0,0.0,96.48,0.527,14.8393,14.8393,30040.9522,1769815822.0136807,5.57,81,1454,0.002,3,0,0,11.5,15.0,0,1561,1769815802.321,-17.22,meta-llama/Llama-3.2-1B-Instruct,"1769815802.321, 1769815802.474, 1769815802.992, 1769815803.050, 1769815803.212"
1.0,0,1769815805.7899,15.747,27,32,59,0.0472,0.0307,0.0352,1.0,0.0,96.48,0.4978,14.7942,14.7942,30055.7464,1769815822.0376148,5.57,81,1455,0.003,6,0,0,11.5,15.0,0,1561,1769815802.321,-17.22,meta-llama/Llama-3.2-1B-Instruct,"1769815802.321, 1769815802.474, 1769815802.992, 1769815803.050, 1769815803.212"
1.0,0,1769815805.9145,15.6616,27,32,59,0.0425,0.0304,0.032,1.0,0.0,96.49,0.4901,14.704,14.704,30070.4505,1769815822.0673046,5.56,81,1456,0.002,5,0,0,11.5,15.0,0,1561,1769815802.321,-17.22,meta-llama/Llama-3.2-1B-Instruct,"1769815802.321, 1769815802.474, 1769815802.992, 1769815803.050, 1769815803.212"
1.0,0,1769815806.1424,15.565,27,31,58,0.0394,0.0305,0.0312,1.0,0.0,96.49,0.4878,14.6044,14.6044,30085.0548,1769815822.2020488,5.56,81,1457,0.003,6,0,0,11.5,15.0,0,1561,1769815802.321,-17.22,meta-llama/Llama-3.2-1B-Instruct,"1769815802.321, 1769815802.474, 1769815802.992, 1769815803.050, 1769815803.212"
1.0,0,1769815806.2093,15.573,27,32,59,0.0374,0.0292,0.0354,1.0,0.0,96.49,0.4804,14.6104,14.6104,30099.6652,1769815822.2658508,5.56,81,1458,0.003,7,0,0,11.5,15.0,0,1561,1769815802.321,-17.22,meta-llama/Llama-3.2-1B-Instruct,"1769815802.321, 1769815802.474, 1769815802.992, 1769815803.050, 1769815803.212"
1.0,0,1769815806.2621,15.585,27,32,59,0.0573,0.0312,0.0332,1.0,0.0,96.49,0.5202,14.6423,14.6423,30114.3075,1769815822.3688486,5.55,81,1459,0.004,8,0,0,11.5,15.0,0,1561,1769815802.321,-17.22,meta-llama/Llama-3.2-1B-Instruct,"1769815802.321, 1769815802.474, 1769815802.992, 1769815803.050, 1769815803.212"
1.0,0,1769815806.3876,15.5594,27,32,59,0.0593,0.0312,0.0314,1.0,0.0,96.5,0.5057,14.6187,14.6187,30128.9262,1769815822.462541,5.55,81,1460,0.005,9,0,0,11.5,15.0,0,1561,1769815802.321,-17.22,meta-llama/Llama-3.2-1B-Instruct,"1769815802.321, 1769815802.474, 1769815802.992, 1769815803.050, 1769815803.212"
1.0,0,1769815806.4605,15.5607,27,32,59,0.0436,0.0293,0.0344,1.0,0.0,96.5,0.4934,14.6043,14.6043,30143.5304,1769815822.5155907,5.54,81,1461,0.003,6,0,0,11.5,15.0,0,1561,1769815802.321,-17.22,meta-llama/Llama-3.2-1B-Instruct,"1769815802.321, 1769815802.474, 1769815802.992, 1769815803.050, 1769815803.212"
1.0,0,1769815806.595,15.5034,27,32,59,0.0368,0.0318,0.0395,1.0,0.0,96.5,0.4879,14.5402,14.5402,30158.0707,1769815822.5874565,5.54,81,1462,0.002,5,0,0,11.5,15.0,0,1561,1769815802.321,-17.22,meta-llama/Llama-3.2-1B-Instruct,"1769815802.321, 1769815802.474, 1769815802.992, 1769815803.050, 1769815803.212"
1.0,0,1769815806.6473,15.5093,27,32,59,0.0357,0.032,0.0338,1.0,0.0,96.5,0.4781,14.545,14.545,30172.6157,1769815822.6369195,5.54,81,1463,0.003,6,0,0,11.5,15.0,0,1561,1769815802.321,-17.22,meta-llama/Llama-3.2-1B-Instruct,"1769815802.321, 1769815802.474, 1769815802.992, 1769815803.050, 1769815803.212"
1.0,0,1769815806.9888,15.3138,27,32,59,0.0347,0.0344,0.2094,1.0,0.0,96.51,0.5582,14.3485,14.3485,30201.5421,1769815822.87485,5.53,81,1465,0.003,6,0,0,11.5,15.0,0,1561,1769815802.321,-17.22,meta-llama/Llama-3.2-1B-Instruct,"1769815802.321, 1769815802.474, 1769815802.992, 1769815803.050, 1769815803.212"
1.0,0,1769815806.7127,15.5325,27,32,59,0.0455,0.037,0.2192,1.0,0.0,96.51,0.6241,14.5779,14.5779,30201.5421,1769815822.8776414,5.53,81,1465,0.003,6,0,0,11.5,15.0,0,1561,1769815802.321,-17.22,meta-llama/Llama-3.2-1B-Instruct,"1769815802.321, 1769815802.474, 1769815802.992, 1769815803.050, 1769815803.212"
1.0,0,1769815807.315,15.0735,27,32,59,0.0459,0.0285,0.2076,1.0,0.0,96.51,0.498,14.1194,14.1194,30215.6615,1769815822.8880289,5.53,81,1466,0.003,6,0,0,11.5,15.0,0,1561,1769815802.321,-17.22,meta-llama/Llama-3.2-1B-Instruct,"1769815802.321, 1769815802.474, 1769815802.992, 1769815803.050, 1769815803.212"
1.0,0,1769815807.3653,15.0973,27,32,59,0.043,0.028,0.2088,1.0,0.0,96.51,0.462,14.1402,14.1402,30229.8017,1769815822.9259756,5.52,81,1467,0.003,6,0,0,11.5,15.0,0,1561,1769815802.321,-17.22,meta-llama/Llama-3.2-1B-Instruct,"1769815802.321, 1769815802.474, 1769815802.992, 1769815803.050, 1769815803.212"
1.0,0,1769815807.4431,15.1059,27,32,59,0.0544,0.0381,0.2062,1.0,0.0,96.52,0.4649,14.1603,14.1603,30243.962,1769815823.0240474,5.52,81,1468,0.003,6,0,0,11.5,15.0,0,1561,1769815802.321,-17.22,meta-llama/Llama-3.2-1B-Instruct,"1769815802.321, 1769815802.474, 1769815802.992, 1769815803.050, 1769815803.212"
1.0,0,1769815808.5362,14.6188,27,0,27,,,,1.0,,,0.0485,13.6673,13.6673,30257.6293,1769815823.2041802,5.51,81,1469,0.003,6,0,0,11.5,15.0,0,1561,1769815802.321,-17.22,meta-llama/Llama-3.2-1B-Instruct,"1769815802.321, 1769815802.474, 1769815802.992, 1769815803.050, 1769815803.212"
1.0,0,1769815807.5055,15.2123,27,32,59,0.1714,0.0428,0.0468,1.0,0.0,96.52,0.6118,14.3837,14.3837,30272.013,1769815823.340109,5.51,81,1470,0.003,6,0,0,11.5,15.0,0,1561,1769815802.321,-17.22,meta-llama/Llama-3.2-1B-Instruct,"1769815802.321, 1769815802.474, 1769815802.992, 1769815803.050, 1769815803.212"
1.0,0,1769815807.6455,15.1956,27,31,58,0.0844,0.0425,0.0476,1.0,0.0,96.52,0.5286,14.28,14.28,30286.293,1769815823.374877,5.51,81,1471,0.002,3,0,0,11.5,15.0,0,1561,1769815802.321,-17.22,meta-llama/Llama-3.2-1B-Instruct,"1769815802.321, 1769815802.474, 1769815802.992, 1769815803.050, 1769815803.212"
1.0,0,1769815807.8528,15.0602,27,33,60,0.0643,0.0409,0.0424,1.0,0.0,96.52,0.5012,14.1245,14.1245,30300.4175,1769815823.415069,5.5,81,1472,0.002,3,1,0,11.5,15.0,0,1561,1769815802.321,-17.22,meta-llama/Llama-3.2-1B-Instruct,"1769815802.321, 1769815802.474, 1769815802.992, 1769815803.050, 1769815803.212"
1.0,0,1769815808.1613,14.8089,27,32,59,0.0446,0.042,0.0474,1.0,0.0,96.53,0.4916,13.8535,13.8535,30314.271,1769815823.4691558,5.5,81,1473,0.002,4,0,0,11.5,15.0,0,1561,1769815802.321,-17.22,meta-llama/Llama-3.2-1B-Instruct,"1769815802.321, 1769815802.474, 1769815802.992, 1769815803.050, 1769815803.212"
1.0,0,1769815808.2946,14.7427,27,32,59,0.0565,0.0354,0.0407,1.0,0.0,96.53,0.506,13.7992,13.7992,30328.0702,1769815823.54721,5.5,81,1474,0.002,4,0,0,11.5,15.0,0,1561,1769815802.321,-17.22,meta-llama/Llama-3.2-1B-Instruct,"1769815802.321, 1769815802.474, 1769815802.992, 1769815803.050, 1769815803.212"
1.0,0,1769815808.4277,14.657,27,32,59,0.0519,0.0395,0.0469,1.0,0.0,96.53,0.5051,13.7089,13.7089,30341.7791,1769815823.5953567,5.49,81,1475,0.002,4,0,0,11.5,15.0,0,1561,1769815802.321,-17.22,meta-llama/Llama-3.2-1B-Instruct,"1769815802.321, 1769815802.474, 1769815802.992, 1769815803.050, 1769815803.212"
1.0,0,1769815808.5982,14.66,27,32,59,0.0663,0.0301,0.0324,1.0,0.0,96.53,0.498,13.7262,13.7262,30355.5053,1769815823.75731,5.49,81,1476,0.003,6,0,0,11.5,15.0,0,1561,1769815802.321,-17.22,meta-llama/Llama-3.2-1B-Instruct,"1769815802.321, 1769815802.474, 1769815802.992, 1769815803.050, 1769815803.212"
1.0,0,1769815808.8712,14.447,27,32,59,0.0558,0.0305,0.0319,1.0,0.0,96.53,0.5023,13.5028,13.5028,30369.0081,1769815823.821399,5.48,81,1477,0.004,7,0,0,11.5,15.0,0,1561,1769815802.321,-17.22,meta-llama/Llama-3.2-1B-Instruct,"1769815802.321, 1769815802.474, 1769815802.992, 1769815803.050, 1769815803.212"
1.0,0,1769815809.0367,14.4254,27,27,54,0.0332,0.0292,0.0313,1.0,0.0,96.54,0.4219,13.4586,13.4586,30395.9455,1769815823.8851423,5.48,81,1479,0.003,6,0,0,11.5,15.0,0,1561,1769815802.321,-17.22,meta-llama/Llama-3.2-1B-Instruct,"1769815802.321, 1769815802.474, 1769815802.992, 1769815803.050, 1769815803.212"
1.0,0,1769815808.9586,14.4326,27,32,59,0.0462,0.0293,0.0399,1.0,0.0,96.54,0.4931,13.4789,13.4789,30395.9455,1769815823.8854177,5.48,81,1479,0.003,6,0,0,11.5,15.0,0,1561,1769815802.321,-17.22,meta-llama/Llama-3.2-1B-Instruct,"1769815802.321, 1769815802.474, 1769815802.992, 1769815803.050, 1769815803.212"
1.0,0,1769815809.0917,14.4329,27,32,59,0.0499,0.0314,0.0343,1.0,0.0,96.54,0.4807,13.4828,13.4828,30409.4283,1769815824.009016,5.47,81,1480,0.003,6,0,0,11.5,15.0,0,1561,1769815802.321,-17.22,meta-llama/Llama-3.2-1B-Instruct,"1769815802.321, 1769815802.474, 1769815802.992, 1769815803.050, 1769815803.212"
1.0,0,1769815809.78,14.213,27,0,27,,,,1.0,,,0.0508,13.2638,13.2638,30422.6921,1769815824.0468118,5.47,81,1481,0.002,5,0,0,11.5,15.0,0,1561,1769815802.321,-17.22,meta-llama/Llama-3.2-1B-Instruct,"1769815802.321, 1769815802.474, 1769815802.992, 1769815803.050, 1769815803.212"
1.0,0,1769815809.15,14.4505,27,31,58,0.0567,0.0341,0.0357,1.0,0.0,96.54,0.494,13.5073,13.5073,30436.1994,1769815824.0983324,5.47,81,1482,0.002,5,0,0,11.5,15.0,0,1561,1769815802.321,-17.22,meta-llama/Llama-3.2-1B-Instruct,"1769815802.321, 1769815802.474, 1769815802.992, 1769815803.050, 1769815803.212"
1.0,0,1769815809.2784,14.3694,27,32,59,0.0364,0.0305,0.0354,1.0,0.0,96.55,0.4724,13.4058,13.4058,30449.6052,1769815824.122436,5.46,81,1483,0.002,5,0,0,11.5,15.0,0,1561,1769815802.321,-17.22,meta-llama/Llama-3.2-1B-Instruct,"1769815802.321, 1769815802.474, 1769815802.992, 1769815803.050, 1769815803.212"
1.0,0,1769815809.4243,14.3031,27,32,59,0.0536,0.0355,0.045,1.0,0.0,96.55,0.4978,13.3567,13.3567,30462.9619,1769815824.2305086,5.46,81,1484,0.003,7,0,0,11.5,15.0,0,1561,1769815802.321,-17.22,meta-llama/Llama-3.2-1B-Instruct,"1769815802.321, 1769815802.474, 1769815802.992, 1769815803.050, 1769815803.212"
1.0,0,1769815809.493,14.3097,27,32,59,0.0369,0.0379,0.0472,1.0,0.0,96.55,0.4851,13.3466,13.3466,30476.3085,1769815824.2916896,5.45,81,1485,0.003,7,0,0,11.5,15.0,0,1561,1769815802.321,-17.22,meta-llama/Llama-3.2-1B-Instruct,"1769815802.321, 1769815802.474, 1769815802.992, 1769815803.050, 1769815803.212"
1.0,0,1769815809.6151,14.3729,27,32,59,0.0537,0.0391,0.043,1.0,0.0,96.55,0.5006,13.4265,13.4265,30489.735,1769815824.4977171,5.45,81,1486,0.003,7,0,0,11.5,15.0,0,1561,1769815802.321,-17.22,meta-llama/Llama-3.2-1B-Instruct,"1769815802.321, 1769815802.474, 1769815802.992, 1769815803.050, 1769815803.212"
1.0,0,1769815809.9855,14.0471,27,32,59,0.0304,0.0431,0.0478,1.0,0.0,96.56,0.4743,13.0775,13.0775,30502.8125,1769815824.510869,5.45,81,1487,0.003,6,0,0,11.5,15.0,0,1561,1769815802.321,-17.22,meta-llama/Llama-3.2-1B-Instruct,"1769815802.321, 1769815802.474, 1769815802.992, 1769815803.050, 1769815803.212"
1.0,0,1769815810.0349,14.0728,27,32,59,0.0574,0.0454,0.0519,1.0,0.0,96.56,0.5016,13.1303,13.1303,30515.9428,1769815824.6152637,5.44,81,1488,0.002,5,0,0,11.5,15.0,0,1561,1769815812.107,-12.506,meta-llama/Llama-3.2-1B-Instruct,"1769815812.107, 1769815812.161, 1769815812.310, 1769815812.448, 1769815812.672"
1.0,0,1769815810.0852,14.0742,27,32,59,0.0622,0.0328,0.0453,1.0,0.0,96.56,0.5048,13.1364,13.1364,30529.0791,1769815824.670296,5.44,81,1489,0.002,5,0,0,11.5,15.0,0,1561,1769815812.107,-12.506,meta-llama/Llama-3.2-1B-Instruct,"1769815812.107, 1769815812.161, 1769815812.310, 1769815812.448, 1769815812.672"
1.0,0,1769815810.274,13.9363,27,32,59,0.0795,0.03,0.0311,1.0,0.0,96.56,0.5208,13.0157,13.0157,30542.0949,1769815824.7379913,5.44,81,1490,0.003,6,0,0,11.5,15.0,0,1561,1769815812.107,-12.506,meta-llama/Llama-3.2-1B-Instruct,"1769815812.107, 1769815812.161, 1769815812.310, 1769815812.448, 1769815812.672"
1.0,0,1769815810.3443,13.929,27,32,59,0.0377,0.0362,0.0372,1.0,0.0,96.57,0.5077,12.9668,12.9668,30555.0616,1769815824.788309,5.43,81,1491,0.002,5,0,0,11.5,15.0,0,1561,1769815812.107,-12.506,meta-llama/Llama-3.2-1B-Instruct,"1769815812.107, 1769815812.161, 1769815812.310, 1769815812.448, 1769815812.672"
1.0,0,1769815810.4172,13.9334,27,32,59,0.0694,0.0293,0.0502,1.0,0.0,96.57,0.5062,13.0028,13.0028,30568.0645,1769815824.8576574,5.43,81,1492,0.003,6,0,0,11.5,15.0,0,1561,1769815812.107,-12.506,meta-llama/Llama-3.2-1B-Instruct,"1769815812.107, 1769815812.161, 1769815812.310, 1769815812.448, 1769815812.672"
1.0,0,1769815810.6443,13.7684,27,32,59,0.0361,0.0295,0.0432,1.0,0.0,96.57,0.4912,12.8044,12.8044,30580.8689,1769815824.9103374,5.43,81,1493,0.003,7,0,0,11.5,15.0,0,1561,1769815812.107,-12.506,meta-llama/Llama-3.2-1B-Instruct,"1769815812.107, 1769815812.161, 1769815812.310, 1769815812.448, 1769815812.672"
1.0,0,1769815810.8533,13.6377,27,32,59,0.0529,0.0403,0.0406,1.0,0.0,96.57,0.4973,12.6907,12.6907,30593.5596,1769815824.9914017,5.42,81,1494,0.004,8,0,0,11.5,15.0,0,1561,1769815812.107,-12.506,meta-llama/Llama-3.2-1B-Instruct,"1769815812.107, 1769815812.161, 1769815812.310, 1769815812.448, 1769815812.672"
1.0,0,1769815810.912,13.658,27,32,59,0.0451,0.0345,0.0456,1.0,0.0,96.58,0.4894,12.703,12.703,30606.2626,1769815825.0608363,5.42,81,1495,0.003,7,0,0,11.5,15.0,0,1561,1769815812.107,-12.506,meta-llama/Llama-3.2-1B-Instruct,"1769815812.107, 1769815812.161, 1769815812.310, 1769815812.448, 1769815812.672"
1.0,0,1769815810.9945,13.6338,27,32,59,0.0388,0.0387,0.0435,1.0,0.0,96.58,0.4847,12.6726,12.6726,30618.9352,1769815825.1139126,5.41,81,1496,0.003,7,0,0,11.5,15.0,0,1561,1769815812.107,-12.506,meta-llama/Llama-3.2-1B-Instruct,"1769815812.107, 1769815812.161, 1769815812.310, 1769815812.448, 1769815812.672"
1.0,0,1769815811.1069,13.6101,27,32,59,0.0564,0.0375,0.0429,1.0,0.0,96.58,0.513,12.6666,12.6666,30631.6018,1769815825.233366,5.41,81,1497,0.003,7,0,0,11.5,15.0,0,1561,1769815812.107,-12.506,meta-llama/Llama-3.2-1B-Instruct,"1769815812.107, 1769815812.161, 1769815812.310, 1769815812.448, 1769815812.672"
1.0,0,1769815811.1613,13.6042,27,32,59,0.05,0.0393,0.0416,1.0,0.0,96.58,0.4939,12.6541,12.6541,30644.2559,1769815825.2628217,5.41,81,1498,0.003,6,1,0,11.5,15.0,0,1561,1769815812.107,-12.506,meta-llama/Llama-3.2-1B-Instruct,"1769815812.107, 1769815812.161, 1769815812.310, 1769815812.448, 1769815812.672"
1.0,0,1769815811.3105,13.5259,27,32,59,0.0498,0.0453,0.0481,1.0,0.0,96.58,0.4847,12.5758,12.5758,30656.8316,1769815825.3219721,5.4,81,1499,0.003,7,0,0,11.5,15.0,0,1561,1769815812.107,-12.506,meta-llama/Llama-3.2-1B-Instruct,"1769815812.107, 1769815812.161, 1769815812.310, 1769815812.448, 1769815812.672"
1.0,0,1769815811.6715,13.2809,27,32,59,0.0381,0.0331,0.0393,1.0,0.0,96.59,0.4755,12.319,12.319,30681.6663,1769815825.4303443,5.4,81,1501,0.003,6,0,0,11.5,15.0,0,1561,1769815812.107,-12.506,meta-llama/Llama-3.2-1B-Instruct,"1769815812.107, 1769815812.161, 1769815812.310, 1769815812.448, 1769815812.672"
1.0,0,1769815811.448,13.4649,27,32,59,0.0507,0.0374,0.0478,1.0,0.0,96.59,0.5166,12.5157,12.5157,30681.6663,1769815825.4305747,5.4,81,1501,0.003,6,0,0,11.5,15.0,0,1561,1769815812.107,-12.506,meta-llama/Llama-3.2-1B-Instruct,"1769815812.107, 1769815812.161, 1769815812.310, 1769815812.448, 1769815812.672"
1.0,0,1769815811.7224,13.3087,27,32,59,0.063,0.0299,0.0402,1.0,0.0,96.59,0.4942,12.3717,12.3717,30694.038,1769815825.5280344,5.39,81,1502,0.003,7,0,0,11.5,15.0,0,1561,1769815812.107,-12.506,meta-llama/Llama-3.2-1B-Instruct,"1769815812.107, 1769815812.161, 1769815812.310, 1769815812.448, 1769815812.672"
1.0,0,1769815812.2599,12.9922,27,32,59,0.0496,0.0312,0.0339,1.0,0.0,96.59,0.5088,12.0418,12.0418,30730.2959,1769815825.7633526,5.39,81,1505,0.003,6,0,0,11.5,15.0,0,1561,1769815812.107,-12.506,meta-llama/Llama-3.2-1B-Instruct,"1769815812.107, 1769815812.161, 1769815812.310, 1769815812.448, 1769815812.672"
1.0,0,1769815812.5305,12.7137,27,32,59,0.0614,0.0308,0.0394,1.0,0.0,96.6,0.5178,11.7751,11.7751,30730.2959,1769815825.7637522,5.39,81,1505,0.003,5,0,0,11.5,15.0,0,1561,1769815812.107,-12.506,meta-llama/Llama-3.2-1B-Instruct,"1769815812.107, 1769815812.161, 1769815812.310, 1769815812.448, 1769815812.672"
1.0,0,1769815811.866,13.373,27,32,59,0.068,0.0312,0.0417,1.0,0.0,96.6,0.5239,12.4411,12.4411,30730.2959,1769815825.765753,5.38,81,1505,0.003,7,0,0,11.5,15.0,0,1561,1769815812.107,-12.506,meta-llama/Llama-3.2-1B-Instruct,"1769815812.107, 1769815812.161, 1769815812.310, 1769815812.448, 1769815812.672"
1.0,0,1769815812.6739,12.6357,27,32,59,0.0413,0.034,0.0461,1.0,0.0,96.6,0.4877,11.677,11.677,30741.9729,1769815825.8007374,5.38,81,1506,0.002,4,0,0,11.5,15.0,0,1561,1769815812.107,-12.506,meta-llama/Llama-3.2-1B-Instruct,"1769815812.107, 1769815812.161, 1769815812.310, 1769815812.448, 1769815812.672"
1.0,0,1769815812.7836,12.584,27,32,59,0.0526,0.0258,0.031,1.0,0.0,96.6,0.5117,11.6366,11.6366,30753.6096,1769815825.8837886,5.37,81,1507,0.003,7,0,0,11.5,15.0,0,1561,1769815812.107,-12.506,meta-llama/Llama-3.2-1B-Instruct,"1769815812.107, 1769815812.161, 1769815812.310, 1769815812.448, 1769815812.672"
1.0,0,1769815812.854,12.5521,27,32,59,0.046,0.0285,0.0306,1.0,0.0,96.61,0.502,11.598,11.598,30765.2076,1769815825.9089234,5.37,81,1508,0.003,7,0,0,11.5,15.0,0,1561,1769815812.107,-12.506,meta-llama/Llama-3.2-1B-Instruct,"1769815812.107, 1769815812.161, 1769815812.310, 1769815812.448, 1769815812.672"
1.0,0,1769815812.9127,12.5891,27,32,59,0.0606,0.0265,0.0321,1.0,0.0,96.61,0.5228,11.6497,11.6497,30776.8573,1769815826.028998,5.37,81,1509,0.003,7,0,0,11.5,15.0,0,1561,1769815812.107,-12.506,meta-llama/Llama-3.2-1B-Instruct,"1769815812.107, 1769815812.161, 1769815812.310, 1769815812.448, 1769815812.672"
1.0,0,1769815813.31,12.3114,27,32,59,0.0524,0.0289,0.0453,1.0,0.0,96.61,0.4872,11.3638,11.3638,30799.7448,1769815826.1122417,5.36,81,1511,0.003,7,0,0,11.5,15.0,0,1561,1769815812.107,-12.506,meta-llama/Llama-3.2-1B-Instruct,"1769815812.107, 1769815812.161, 1769815812.310, 1769815812.448, 1769815812.672"
1.0,0,1769815813.1472,12.4312,27,32,59,0.0926,0.0322,0.0533,1.0,0.0,96.61,0.5332,11.5238,11.5238,30799.7448,1769815826.1125846,5.36,81,1511,0.003,7,0,0,11.5,15.0,0,1561,1769815812.107,-12.506,meta-llama/Llama-3.2-1B-Instruct,"1769815812.107, 1769815812.161, 1769815812.310, 1769815812.448, 1769815812.672"
1.0,0,1769815813.371,12.3227,27,32,59,0.0575,0.045,0.0464,1.0,0.0,96.61,0.519,11.3802,11.3802,30811.1251,1769815826.2144423,5.36,81,1512,0.004,9,0,0,11.5,15.0,0,1561,1769815812.107,-12.506,meta-llama/Llama-3.2-1B-Instruct,"1769815812.107, 1769815812.161, 1769815812.310, 1769815812.448, 1769815812.672"
1.0,0,1769815813.4247,12.3563,27,32,59,0.058,0.0464,0.0505,1.0,0.0,96.62,0.51,11.4143,11.4143,30822.5394,1769815826.2973535,5.35,81,1513,0.003,7,0,0,11.5,15.0,0,1561,1769815812.107,-12.506,meta-llama/Llama-3.2-1B-Instruct,"1769815812.107, 1769815812.161, 1769815812.310, 1769815812.448, 1769815812.672"
1.0,0,1769815813.4851,12.3779,27,32,59,0.0562,0.0433,0.0446,1.0,0.0,96.62,0.4936,11.434,11.434,30833.9734,1769815826.3630326,5.35,81,1514,0.003,6,0,0,11.5,15.0,0,1561,1769815812.107,-12.506,meta-llama/Llama-3.2-1B-Instruct,"1769815812.107, 1769815812.161, 1769815812.310, 1769815812.448, 1769815812.672"
1.0,0,1769815813.5266,12.4029,27,32,59,0.0386,0.0446,0.0465,1.0,0.0,96.62,0.4866,11.4415,11.4415,30845.4149,1769815826.4182816,5.35,81,1515,0.003,6,0,0,11.5,15.0,0,1561,1769815812.107,-12.506,meta-llama/Llama-3.2-1B-Instruct,"1769815812.107, 1769815812.161, 1769815812.310, 1769815812.448, 1769815812.672"
1.0,0,1769815813.6593,12.3213,27,32,59,0.0395,0.0417,0.0429,1.0,0.0,96.62,0.469,11.3608,11.3608,30856.7757,1769815826.4506361,5.34,81,1516,0.003,7,0,0,11.5,15.0,0,1561,1769815812.107,-12.506,meta-llama/Llama-3.2-1B-Instruct,"1769815812.107, 1769815812.161, 1769815812.310, 1769815812.448, 1769815812.672"
1.0,0,1769815814.2833,12.2141,27,0,27,,,,1.0,,,0.0705,11.2846,11.2846,30868.0603,1769815826.580121,5.34,81,1517,0.002,4,0,0,11.5,15.0,0,1561,1769815812.107,-12.506,meta-llama/Llama-3.2-1B-Instruct,"1769815812.107, 1769815812.161, 1769815812.310, 1769815812.448, 1769815812.672"
1.0,0,1769815813.7099,12.3605,27,32,59,0.0797,0.0315,0.044,1.0,0.0,96.63,0.5158,11.4402,11.4402,30879.5005,1769815826.5963442,5.34,81,1518,0.003,7,0,0,11.5,15.0,0,1561,1769815812.107,-12.506,meta-llama/Llama-3.2-1B-Instruct,"1769815812.107, 1769815812.161, 1769815812.310, 1769815812.448, 1769815812.672"
1.0,0,1769815813.7708,12.3747,27,32,59,0.0355,0.0338,0.0388,1.0,0.0,96.63,0.4833,11.4102,11.4102,30890.9107,1769815826.630283,5.33,81,1519,0.003,6,0,0,11.5,15.0,0,1561,1769815812.107,-12.506,meta-llama/Llama-3.2-1B-Instruct,"1769815812.107, 1769815812.161, 1769815812.310, 1769815812.448, 1769815812.672"
1.0,0,1769815813.9911,12.2061,27,32,59,0.0442,0.038,0.0382,1.0,0.0,96.63,0.4872,11.2503,11.2503,30902.161,1769815826.6868992,5.33,81,1520,0.003,7,0,0,11.5,15.0,0,1561,1769815812.107,-12.506,meta-llama/Llama-3.2-1B-Instruct,"1769815812.107, 1769815812.161, 1769815812.310, 1769815812.448, 1769815812.672"
1.0,0,1769815814.345,12.2268,27,9,36,0.0601,0.0237,0.0237,1.0,0.0,96.63,0.2117,11.2869,11.2869,30924.7184,1769815826.7888858,5.32,81,1522,0.003,6,0,0,11.5,15.0,0,1561,1769815812.107,-12.506,meta-llama/Llama-3.2-1B-Instruct,"1769815812.107, 1769815812.161, 1769815812.310, 1769815812.448, 1769815812.672"
1.0,0,1769815814.057,12.2084,27,32,59,0.0621,0.0326,0.0464,1.0,0.0,96.64,0.5172,11.2705,11.2705,30924.7184,1769815826.7901976,5.33,81,1522,0.003,7,0,0,11.5,15.0,0,1561,1769815812.107,-12.506,meta-llama/Llama-3.2-1B-Instruct,"1769815812.107, 1769815812.161, 1769815812.310, 1769815812.448, 1769815812.672"
1.0,0,1769815815.2165,11.6643,27,0,27,,,,1.0,,,0.0856,10.7499,10.7499,30935.4683,1769815826.9806902,5.32,81,1523,0.003,6,0,0,11.5,15.0,0,1561,1769815812.107,-12.506,meta-llama/Llama-3.2-1B-Instruct,"1769815812.107, 1769815812.161, 1769815812.310, 1769815812.448, 1769815812.672"
1.0,0,1769815814.1833,12.3111,27,32,59,0.0694,0.0458,0.0506,1.0,0.0,96.64,0.5007,11.3805,11.3805,30946.8488,1769815827.001976,5.31,81,1524,0.003,7,0,0,11.5,15.0,0,1561,1769815812.107,-12.506,meta-llama/Llama-3.2-1B-Instruct,"1769815812.107, 1769815812.161, 1769815812.310, 1769815812.448, 1769815812.672"
1.0,0,1769815814.2377,12.2685,27,32,59,0.0593,0.0437,0.0485,1.0,0.0,96.64,0.5125,11.3278,11.3278,30958.1766,1769815827.0194616,5.31,81,1525,0.003,6,0,0,11.5,15.0,0,1561,1769815812.107,-12.506,meta-llama/Llama-3.2-1B-Instruct,"1769815812.107, 1769815812.161, 1769815812.310, 1769815812.448, 1769815812.672"
1.0,0,1769815815.436,11.5209,27,1,28,0.0736,,,1.0,,,0.0761,10.5945,10.5945,30968.7711,1769815827.039033,5.31,81,1526,0.003,6,0,0,11.5,15.0,0,1561,1769815812.107,-12.506,meta-llama/Llama-3.2-1B-Instruct,"1769815812.107, 1769815812.161, 1769815812.310, 1769815812.448, 1769815812.672"
1.0,0,1769815814.6634,11.9829,27,32,59,0.0303,0.0388,0.042,1.0,0.0,96.64,0.4797,11.0132,11.0132,30979.7843,1769815827.1309614,5.3,81,1527,0.002,5,0,0,11.5,15.0,0,1561,1769815812.107,-12.506,meta-llama/Llama-3.2-1B-Instruct,"1769815812.107, 1769815812.161, 1769815812.310, 1769815812.448, 1769815812.672"
1.0,0,1769815814.8291,11.8672,27,32,59,0.0398,0.043,0.0451,1.0,0.0,96.64,0.4864,10.907,10.907,30990.6913,1769815827.1865602,5.3,81,1528,0.002,5,0,0,11.5,15.0,0,1561,1769815812.107,-12.506,meta-llama/Llama-3.2-1B-Instruct,"1769815812.107, 1769815812.161, 1769815812.310, 1769815812.448, 1769815812.672"
1.0,0,1769815814.8881,11.8833,27,32,59,0.0689,0.043,0.0452,1.0,0.0,96.65,0.5134,10.9521,10.9521,31001.6435,1769815827.285381,5.3,81,1529,0.002,4,0,0,11.5,15.0,0,1561,1769815812.107,-12.506,meta-llama/Llama-3.2-1B-Instruct,"1769815812.107, 1769815812.161, 1769815812.310, 1769815812.448, 1769815812.672"
1.0,0,1769815815.1495,11.6799,27,32,59,0.0581,0.0461,0.0483,1.0,0.0,96.65,0.4939,10.738,10.738,31012.3815,1769815827.3328729,5.29,81,1530,0.002,4,0,0,11.5,15.0,0,1561,1769815812.107,-12.506,meta-llama/Llama-3.2-1B-Instruct,"1769815812.107, 1769815812.161, 1769815812.310, 1769815812.448, 1769815812.672"
1.0,0,1769815815.4902,11.5355,27,32,59,0.05,0.0449,0.0497,1.0,0.0,96.65,0.527,10.5855,10.5855,31033.234,1769815827.5597072,5.29,81,1532,0.002,5,0,0,11.5,15.0,0,1561,1769815812.107,-12.506,meta-llama/Llama-3.2-1B-Instruct,"1769815812.107, 1769815812.161, 1769815812.310, 1769815812.448, 1769815812.672"
1.0,0,1769815815.8492,11.2186,27,32,59,0.0484,0.0476,0.0528,1.0,0.0,96.65,0.4847,10.2669,10.2669,31033.234,1769815827.5602903,5.29,81,1532,0.002,4,0,0,11.5,15.0,0,1561,1769815812.107,-12.506,meta-llama/Llama-3.2-1B-Instruct,"1769815812.107, 1769815812.161, 1769815812.310, 1769815812.448, 1769815812.672"
1.0,0,1769815815.9793,11.1385,27,32,59,0.0322,0.0449,0.048,1.0,0.0,96.66,0.4871,10.1707,10.1707,31043.4046,1769815827.6178687,5.28,81,1533,0.003,6,0,0,11.5,15.0,0,1561,1769815812.107,-12.506,meta-llama/Llama-3.2-1B-Instruct,"1769815812.107, 1769815812.161, 1769815812.310, 1769815812.448, 1769815812.672"
1.0,0,1769815816.0323,11.14,27,32,59,0.0805,0.0425,0.0541,1.0,0.0,96.66,0.5185,10.2204,10.2204,31053.6251,1769815827.695753,5.28,81,1534,0.003,6,0,0,11.5,15.0,0,1561,1769815812.107,-12.506,meta-llama/Llama-3.2-1B-Instruct,"1769815812.107, 1769815812.161, 1769815812.310, 1769815812.448, 1769815812.672"
1.0,0,1769815816.3495,10.8948,27,32,59,0.0398,0.0438,0.0568,1.0,0.0,96.66,0.4792,9.9347,9.9347,31063.5598,1769815827.724489,5.28,81,1535,0.003,6,0,0,11.5,15.0,0,1561,1769815812.107,-12.506,meta-llama/Llama-3.2-1B-Instruct,"1769815812.107, 1769815812.161, 1769815812.310, 1769815812.448, 1769815812.672"
1.0,0,1769815816.4243,10.8932,27,32,59,0.0651,0.0338,0.0478,1.0,0.0,96.66,0.5004,9.9583,9.9583,31073.518,1769815827.8221054,5.27,81,1536,0.003,6,0,0,11.5,15.0,0,1561,1769815812.107,-12.506,meta-llama/Llama-3.2-1B-Instruct,"1769815812.107, 1769815812.161, 1769815812.310, 1769815812.448, 1769815812.672"
1.0,0,1769815816.9485,10.8303,27,0,27,,,,1.0,,,0.0446,9.8749,9.8749,31083.3929,1769815827.8250194,5.27,81,1537,0.003,5,0,0,11.5,15.0,0,1561,1769815812.107,-12.506,meta-llama/Llama-3.2-1B-Instruct,"1769815812.107, 1769815812.161, 1769815812.310, 1769815812.448, 1769815812.672"
1.0,0,1769815816.5054,10.8704,27,32,59,0.0466,0.035,0.0404,1.0,0.0,96.66,0.4867,9.917,9.917,31093.3099,1769815827.8646746,5.27,81,1538,0.003,6,0,0,11.5,15.0,0,1561,1769815812.107,-12.506,meta-llama/Llama-3.2-1B-Instruct,"1769815812.107, 1769815812.161, 1769815812.310, 1769815812.448, 1769815812.672"
1.0,0,1769815816.5632,10.8788,27,32,59,0.0779,0.0318,0.0319,1.0,0.0,96.67,0.5106,9.9567,9.9567,31103.2666,1769815827.9570205,5.26,81,1539,0.003,7,0,0,11.5,15.0,0,1561,1769815812.107,-12.506,meta-llama/Llama-3.2-1B-Instruct,"1769815812.107, 1769815812.161, 1769815812.310, 1769815812.448, 1769815812.672"
1.0,0,1769815816.6213,10.8844,27,32,59,0.038,0.0301,0.0332,1.0,0.0,96.67,0.4799,9.9224,9.9224,31113.189,1769815827.988546,5.26,81,1540,0.004,7,0,0,11.5,15.0,0,1561,1769815812.107,-12.506,meta-llama/Llama-3.2-1B-Instruct,"1769815812.107, 1769815812.161, 1769815812.310, 1769815812.448, 1769815812.672"
1.0,0,1769815816.8102,10.7963,27,32,59,0.0494,0.0298,0.0315,1.0,0.0,96.67,0.492,9.8457,9.8457,31123.0347,1769815828.1032119,5.26,81,1541,0.003,7,0,0,11.5,15.0,0,1561,1769815812.107,-12.506,meta-llama/Llama-3.2-1B-Instruct,"1769815812.107, 1769815812.161, 1769815812.310, 1769815812.448, 1769815812.672"
1.0,0,1769815816.8717,10.8967,27,32,59,0.0463,0.0375,0.0422,1.0,0.0,96.67,0.4929,9.943,9.943,31132.9777,1769815828.2623303,5.25,81,1542,0.003,7,0,0,11.5,15.0,0,1561,1769815812.107,-12.506,meta-llama/Llama-3.2-1B-Instruct,"1769815812.107, 1769815812.161, 1769815812.310, 1769815812.448, 1769815812.672"
1.0,0,1769815817.1628,10.6794,27,32,59,0.0538,0.0347,0.0448,1.0,0.0,96.68,0.5165,9.7331,9.7331,31142.7108,1769815828.3658972,5.25,81,1543,0.003,5,0,0,11.5,15.0,0,1561,1769815812.107,-12.506,meta-llama/Llama-3.2-1B-Instruct,"1769815812.107, 1769815812.161, 1769815812.310, 1769815812.448, 1769815812.672"
1.0,0,1769815817.3131,10.5637,27,32,59,0.0453,0.0393,0.0481,1.0,0.0,96.68,0.502,9.609,9.609,31152.3199,1769815828.3869631,5.25,81,1544,0.002,4,0,0,11.5,15.0,0,1561,1769815812.107,-12.506,meta-llama/Llama-3.2-1B-Instruct,"1769815812.107, 1769815812.161, 1769815812.310, 1769815812.448, 1769815812.672"
1.0,0,1769815818.1472,10.1978,27,0,27,,,,1.0,,,0.0438,9.2416,9.2416,31161.5615,1769815828.3893723,5.24,81,1545,0.004,8,0,0,11.5,15.0,0,1561,1769815812.107,-12.506,meta-llama/Llama-3.2-1B-Instruct,"1769815812.107, 1769815812.161, 1769815812.310, 1769815812.448, 1769815812.672"
1.0,0,1769815817.4646,10.4768,27,32,59,0.0423,0.0393,0.0404,1.0,0.0,96.68,0.489,9.5191,9.5191,31171.0805,1769815828.4344711,5.24,81,1546,0.003,6,0,0,11.5,15.0,0,1561,1769815812.107,-12.506,meta-llama/Llama-3.2-1B-Instruct,"1769815812.107, 1769815812.161, 1769815812.310, 1769815812.448, 1769815812.672"
1.0,0,1769815817.6037,10.3971,27,32,59,0.0373,0.0367,0.0388,1.0,0.0,96.68,0.5037,9.4345,9.4345,31190.0131,1769815828.5062377,5.24,81,1548,0.002,5,0,0,11.5,15.0,0,1561,1769815812.107,-12.506,meta-llama/Llama-3.2-1B-Instruct,"1769815812.107, 1769815812.161, 1769815812.310, 1769815812.448, 1769815812.672"
1.0,0,1769815817.6531,10.4349,27,24,51,0.0633,0.0317,0.0376,1.0,0.0,96.68,0.418,9.4981,9.4981,31190.0131,1769815828.5069604,5.23,81,1548,0.003,6,0,0,11.5,15.0,0,1561,1769815812.107,-12.506,meta-llama/Llama-3.2-1B-Instruct,"1769815812.107, 1769815812.161, 1769815812.310, 1769815812.448, 1769815812.672"
1.0,0,1769815817.6924,10.4348,27,33,60,0.0441,0.0326,0.0409,1.0,0.0,96.69,0.4951,9.4789,9.4789,31199.492,1769815828.6286285,5.23,81,1549,0.002,5,0,0,11.5,15.0,0,1561,1769815812.107,-12.506,meta-llama/Llama-3.2-1B-Instruct,"1769815812.107, 1769815812.161, 1769815812.310, 1769815812.448, 1769815812.672"
1.0,0,1769815817.8557,10.3512,27,32,59,0.0465,0.0341,0.0362,1.0,0.0,96.69,0.5,9.3976,9.3976,31208.8897,1769815828.7078648,5.23,81,1550,0.003,7,0,0,11.5,15.0,0,1561,1769815812.107,-12.506,meta-llama/Llama-3.2-1B-Instruct,"1769815812.107, 1769815812.161, 1769815812.310, 1769815812.448, 1769815812.672"
1.0,0,1769815817.992,10.2902,27,32,59,0.0455,0.0279,0.0332,1.0,0.0,96.69,0.4919,9.3357,9.3357,31218.2254,1769815828.776835,5.22,81,1551,0.003,7,0,0,11.5,15.0,0,1561,1769815812.107,-12.506,meta-llama/Llama-3.2-1B-Instruct,"1769815812.107, 1769815812.161, 1769815812.310, 1769815812.448, 1769815812.672"
1.0,0,1769815818.2186,10.2024,27,32,59,0.0338,0.0295,0.038,1.0,0.0,96.69,0.4822,9.2362,9.2362,31227.4615,1769815828.904234,5.22,81,1552,0.003,6,0,0,11.5,15.0,0,1561,1769815812.107,-12.506,meta-llama/Llama-3.2-1B-Instruct,"1769815812.107, 1769815812.161, 1769815812.310, 1769815812.448, 1769815812.672"
1.0,0,1769815818.2698,10.2172,27,32,59,0.0395,0.0288,0.0315,1.0,0.0,96.7,0.4795,9.2567,9.2567,31236.7183,1769815828.969794,5.22,81,1553,0.003,6,0,0,11.5,15.0,0,1561,1769815812.107,-12.506,meta-llama/Llama-3.2-1B-Instruct,"1769815812.107, 1769815812.161, 1769815812.310, 1769815812.448, 1769815812.672"
1.0,0,1769815818.3937,10.1724,27,32,59,0.0461,0.0328,0.0373,1.0,0.0,96.7,0.5019,9.2185,9.2185,31245.9368,1769815829.0761092,5.21,81,1554,0.002,5,0,0,11.5,15.0,0,1561,1769815812.107,-12.506,meta-llama/Llama-3.2-1B-Instruct,"1769815812.107, 1769815812.161, 1769815812.310, 1769815812.448, 1769815812.672"
1.0,0,1769815818.4756,10.1531,27,32,59,0.0419,0.0323,0.0364,1.0,0.0,96.7,0.4811,9.195,9.195,31255.1317,1769815829.1143732,5.21,81,1555,0.002,5,0,0,11.5,15.0,0,1561,1769815812.107,-12.506,meta-llama/Llama-3.2-1B-Instruct,"1769815812.107, 1769815812.161, 1769815812.310, 1769815812.448, 1769815812.672"
1.0,0,1769815818.6065,10.0697,27,32,59,0.0556,0.0318,0.0396,1.0,0.0,96.7,0.4881,9.1253,9.1253,31264.2571,1769815829.1655061,5.21,81,1556,0.003,6,0,0,11.5,15.0,0,1561,1769815812.107,-12.506,meta-llama/Llama-3.2-1B-Instruct,"1769815812.107, 1769815812.161, 1769815812.310, 1769815812.448, 1769815812.672"
1.0,0,1769815818.6553,10.1059,27,32,59,0.0351,0.0308,0.038,1.0,0.0,96.7,0.4739,9.1411,9.1411,31273.3981,1769815829.237212,5.2,81,1557,0.003,6,0,0,11.5,15.0,0,1561,1769815812.107,-12.506,meta-llama/Llama-3.2-1B-Instruct,"1769815812.107, 1769815812.161, 1769815812.310, 1769815812.448, 1769815812.672"
1.0,0,1769815818.7641,10.0506,27,32,59,0.0489,0.0362,0.0445,1.0,0.0,96.71,0.4792,9.0996,9.0996,31282.4977,1769815829.2963128,5.2,81,1558,0.003,6,0,0,11.5,15.0,0,1561,1769815812.107,-12.506,meta-llama/Llama-3.2-1B-Instruct,"1769815812.107, 1769815812.161, 1769815812.310, 1769815812.448, 1769815812.672"
1.0,0,1769815819.0009,10.0113,27,32,59,0.0636,0.0354,0.0451,1.0,0.0,96.71,0.5188,9.0749,9.0749,31300.4613,1769815829.533774,5.19,81,1560,0.003,6,0,0,11.5,15.0,0,1561,1769815812.107,-12.506,meta-llama/Llama-3.2-1B-Instruct,"1769815812.107, 1769815812.161, 1769815812.310, 1769815812.448, 1769815812.672"
1.0,0,1769815819.188,9.8285,27,32,59,0.0602,0.0354,0.0524,1.0,0.0,96.71,0.5115,8.8887,8.8887,31300.4613,1769815829.5339637,5.2,81,1560,0.003,5,0,0,11.5,15.0,0,1561,1769815812.107,-12.506,meta-llama/Llama-3.2-1B-Instruct,"1769815812.107, 1769815812.161, 1769815812.310, 1769815812.448, 1769815812.672"
1.0,0,1769815819.2588,9.7922,27,32,59,0.0443,0.0347,0.047,1.0,0.0,96.71,0.5,8.8366,8.8366,31309.2979,1769815829.5585425,5.19,81,1561,0.003,5,0,0,11.5,15.0,0,1561,1769815812.107,-12.506,meta-llama/Llama-3.2-1B-Instruct,"1769815812.107, 1769815812.161, 1769815812.310, 1769815812.448, 1769815812.672"
1.0,0,1769815819.362,9.7637,27,32,59,0.0665,0.0364,0.0466,1.0,0.0,96.71,0.5247,8.8301,8.8301,31318.128,1769815829.6570778,5.19,81,1562,0.003,6,0,0,11.5,15.0,0,1561,1769815812.107,-12.506,meta-llama/Llama-3.2-1B-Instruct,"1769815812.107, 1769815812.161, 1769815812.310, 1769815812.448, 1769815812.672"
1.0,0,1769815819.5365,9.6805,27,32,59,0.0673,0.0353,0.037,1.0,0.0,96.72,0.5087,8.7478,8.7478,31326.8758,1769815829.7359548,5.18,81,1563,0.003,6,0,0,11.5,15.0,0,1561,1769815821.464,-8.2,meta-llama/Llama-3.2-1B-Instruct,"1769815821.464, 1769815821.624, 1769815821.693, 1769815822.053, 1769815822.190"
1.0,0,1769815819.5944,9.6765,27,32,59,0.074,0.0307,0.0331,1.0,0.0,96.72,0.5241,8.7505,8.7505,31335.6264,1769815829.8016145,5.18,81,1564,0.003,6,0,0,11.5,15.0,0,1561,1769815821.464,-8.2,meta-llama/Llama-3.2-1B-Instruct,"1769815821.464, 1769815821.624, 1769815821.693, 1769815822.053, 1769815822.190"
1.0,0,1769815819.712,9.6214,27,32,59,0.0468,0.0304,0.036,1.0,0.0,96.72,0.4986,8.6682,8.6682,31344.2946,1769815829.833679,5.18,81,1565,0.002,5,0,0,11.5,15.0,0,1561,1769815821.464,-8.2,meta-llama/Llama-3.2-1B-Instruct,"1769815821.464, 1769815821.624, 1769815821.693, 1769815822.053, 1769815822.190"
1.0,0,1769815820.0963,9.298,27,32,59,0.0437,0.0371,0.0391,1.0,0.0,96.72,0.5035,8.3417,8.3417,31352.6363,1769815829.902914,5.17,81,1566,0.003,7,0,0,11.5,15.0,0,1561,1769815821.464,-8.2,meta-llama/Llama-3.2-1B-Instruct,"1769815821.464, 1769815821.624, 1769815821.693, 1769815822.053, 1769815822.190"
1.0,0,1769815820.1567,9.3163,27,32,59,0.0545,0.0291,0.0297,1.0,0.0,96.73,0.5062,8.3708,8.3708,31361.0071,1769815829.9827774,5.17,81,1567,0.004,8,0,0,11.5,15.0,0,1561,1769815821.464,-8.2,meta-llama/Llama-3.2-1B-Instruct,"1769815821.464, 1769815821.624, 1769815821.693, 1769815822.053, 1769815822.190"
1.0,0,1769815820.2029,9.3517,27,32,59,0.0407,0.0335,0.0344,1.0,0.0,96.73,0.4912,8.3925,8.3925,31369.3995,1769815830.0474591,5.17,81,1568,0.003,6,0,0,11.5,15.0,0,1561,1769815821.464,-8.2,meta-llama/Llama-3.2-1B-Instruct,"1769815821.464, 1769815821.624, 1769815821.693, 1769815822.053, 1769815822.190"
1.0,0,1769815820.464,9.2999,27,21,48,0.0327,0.0274,0.03,1.0,0.0,96.73,0.3396,8.3326,8.3326,31386.0316,1769815830.108385,5.16,81,1570,0.003,7,0,0,11.5,15.0,0,1561,1769815821.464,-8.2,meta-llama/Llama-3.2-1B-Instruct,"1769815821.464, 1769815821.624, 1769815821.693, 1769815822.053, 1769815822.190"
1.0,0,1769815820.3556,9.2532,27,32,59,0.0463,0.0302,0.0446,1.0,0.0,96.73,0.4951,8.2994,8.2994,31386.0316,1769815830.1088932,5.16,81,1570,0.003,7,0,0,11.5,15.0,0,1561,1769815821.464,-8.2,meta-llama/Llama-3.2-1B-Instruct,"1769815821.464, 1769815821.624, 1769815821.693, 1769815822.053, 1769815822.190"
1.0,0,1769815820.4096,9.2621,27,32,59,0.0547,0.0298,0.0299,1.0,0.0,96.73,0.4973,8.3168,8.3168,31394.3484,1769815830.170079,5.16,81,1571,0.003,7,0,0,11.5,15.0,0,1561,1769815821.464,-8.2,meta-llama/Llama-3.2-1B-Instruct,"1769815821.464, 1769815821.624, 1769815821.693, 1769815822.053, 1769815822.190"
1.0,0,1769815820.624,9.1926,27,32,59,0.0554,0.0255,0.0331,1.0,0.0,96.74,0.4921,8.2479,8.2479,31402.5963,1769815830.313702,5.15,81,1572,0.003,7,0,0,11.5,15.0,0,1561,1769815821.464,-8.2,meta-llama/Llama-3.2-1B-Instruct,"1769815821.464, 1769815821.624, 1769815821.693, 1769815822.053, 1769815822.190"
1.0,0,1769815820.6931,9.1927,27,32,59,0.058,0.0292,0.0324,1.0,0.0,96.74,0.4971,8.2507,8.2507,31410.847,1769815830.3893511,5.15,81,1573,0.003,7,0,0,11.5,15.0,0,1561,1769815821.464,-8.2,meta-llama/Llama-3.2-1B-Instruct,"1769815821.464, 1769815821.624, 1769815821.693, 1769815822.053, 1769815822.190"
1.0,0,1769815821.053,8.9123,27,32,59,0.0482,0.0312,0.039,1.0,0.0,96.74,0.482,7.9605,7.9605,31418.8075,1769815830.4480517,5.15,81,1574,0.003,7,0,0,11.5,15.0,0,1561,1769815821.464,-8.2,meta-llama/Llama-3.2-1B-Instruct,"1769815821.464, 1769815821.624, 1769815821.693, 1769815822.053, 1769815822.190"
1.0,0,1769815821.19,8.8696,27,32,59,0.0423,0.0338,0.0366,1.0,0.0,96.74,0.4831,7.9118,7.9118,31426.7194,1769815830.5485196,5.14,81,1575,0.003,6,0,0,11.5,15.0,0,1561,1769815821.464,-8.2,meta-llama/Llama-3.2-1B-Instruct,"1769815821.464, 1769815821.624, 1769815821.693, 1769815822.053, 1769815822.190"
1.0,0,1769815822.1961,8.1772,27,25,52,0.055,0.0341,0.0342,1.0,0.0,96.74,0.4185,7.2322,7.2322,31433.9516,1769815830.7970903,5.14,81,1576,0.003,7,0,0,11.5,15.0,0,1561,1769815821.464,-8.2,meta-llama/Llama-3.2-1B-Instruct,"1769815821.464, 1769815821.624, 1769815821.693, 1769815822.053, 1769815822.190"
1.0,0,1769815821.313,8.9706,27,32,59,0.0972,0.0359,0.0392,1.0,0.0,96.75,0.5534,8.0677,8.0677,31457.4255,1769815830.8418415,5.14,81,1579,0.002,5,0,0,11.5,15.0,0,1561,1769815821.464,-8.2,meta-llama/Llama-3.2-1B-Instruct,"1769815821.464, 1769815821.624, 1769815821.693, 1769815822.053, 1769815822.190"
1.0,0,1769815821.7519,8.5723,27,32,59,0.0557,0.0333,0.0419,1.0,0.0,96.75,0.5163,7.6279,7.6279,31465.3021,1769815830.8453364,5.13,81,1580,0.002,3,0,0,11.5,15.0,0,1561,1769815821.464,-8.2,meta-llama/Llama-3.2-1B-Instruct,"1769815821.464, 1769815821.624, 1769815821.693, 1769815822.053, 1769815822.190"
1.0,0,1769815821.5052,8.7897,27,32,59,0.0869,0.036,0.0418,1.0,0.0,96.75,0.5474,7.8766,7.8766,31465.3021,1769815830.8455412,5.13,81,1580,0.002,4,0,0,11.5,15.0,0,1561,1769815821.464,-8.2,meta-llama/Llama-3.2-1B-Instruct,"1769815821.464, 1769815821.624, 1769815821.693, 1769815822.053, 1769815822.190"
1.0,0,1769815821.6132,8.6749,27,32,59,0.1034,0.0383,0.0451,1.0,0.0,96.75,0.5536,7.7783,7.7783,31465.3021,1769815830.845779,5.13,81,1580,0.002,4,0,0,11.5,15.0,0,1561,1769815821.464,-8.2,meta-llama/Llama-3.2-1B-Instruct,"1769815821.464, 1769815821.624, 1769815821.693, 1769815822.053, 1769815822.190"
1.0,0,1769815822.3409,8.0944,27,32,59,0.0393,0.0359,0.0369,1.0,0.0,96.76,0.4972,7.1337,7.1337,31472.4358,1769815830.9372656,5.12,81,1581,0.003,7,0,0,11.5,15.0,0,1561,1769815821.464,-8.2,meta-llama/Llama-3.2-1B-Instruct,"1769815821.464, 1769815821.624, 1769815821.693, 1769815822.053, 1769815822.190"
1.0,0,1769815822.5078,7.9866,27,32,59,0.0519,0.0332,0.0357,1.0,0.0,96.76,0.5005,7.0385,7.0385,31479.4743,1769815830.9961805,5.12,81,1582,0.003,7,0,0,11.5,15.0,0,1561,1769815821.464,-8.2,meta-llama/Llama-3.2-1B-Instruct,"1769815821.464, 1769815821.624, 1769815821.693, 1769815822.053, 1769815822.190"
1.0,0,1769815822.578,8.0002,27,32,59,0.0669,0.0392,0.0413,1.0,0.0,96.76,0.5346,7.0671,7.0671,31486.5414,1769815831.115004,5.12,81,1583,0.003,7,0,0,11.5,15.0,0,1561,1769815821.464,-8.2,meta-llama/Llama-3.2-1B-Instruct,"1769815821.464, 1769815821.624, 1769815821.693, 1769815822.053, 1769815822.190"
1.0,0,1769815822.6371,8.0155,27,32,59,0.0677,0.0333,0.0405,1.0,0.0,96.76,0.5309,7.0832,7.0832,31493.6245,1769815831.1863978,5.11,81,1584,0.004,8,0,0,11.5,15.0,0,1561,1769815821.464,-8.2,meta-llama/Llama-3.2-1B-Instruct,"1769815821.464, 1769815821.624, 1769815821.693, 1769815822.053, 1769815822.190"
1.0,0,1769815822.9493,7.7928,27,32,59,0.0927,0.0313,0.0315,1.0,0.0,96.76,0.5289,6.8854,6.8854,31500.51,1769815831.274706,5.11,81,1585,0.005,9,0,0,11.5,15.0,0,1561,1769815821.464,-8.2,meta-llama/Llama-3.2-1B-Instruct,"1769815821.464, 1769815821.624, 1769815821.693, 1769815822.053, 1769815822.190"
1.0,0,1769815822.9943,7.8261,27,32,59,0.0419,0.0344,0.0441,1.0,0.0,96.77,0.5062,6.868,6.868,31507.378,1769815831.328104,5.11,81,1586,0.004,8,1,0,11.5,15.0,0,1561,1769815821.464,-8.2,meta-llama/Llama-3.2-1B-Instruct,"1769815821.464, 1769815821.624, 1769815821.693, 1769815822.053, 1769815822.190"
1.0,0,1769815823.2312,7.6599,27,32,59,0.0429,0.0358,0.0405,1.0,0.0,96.77,0.4983,6.7027,6.7027,31514.0807,1769815831.3901863,5.1,81,1587,0.003,6,0,0,11.5,15.0,0,1561,1769815821.464,-8.2,meta-llama/Llama-3.2-1B-Instruct,"1769815821.464, 1769815821.624, 1769815821.693, 1769815822.053, 1769815822.190"
1.0,0,1769815823.2936,7.6554,27,31,58,0.0432,0.0291,0.0312,1.0,0.0,96.77,0.4932,6.6985,6.6985,31520.7792,1769815831.4437575,5.1,81,1588,0.003,6,0,0,11.5,15.0,0,1561,1769815821.464,-8.2,meta-llama/Llama-3.2-1B-Instruct,"1769815821.464, 1769815821.624, 1769815821.693, 1769815822.053, 1769815822.190"
1.0,0,1769815823.4886,7.5223,27,32,59,0.0495,0.0285,0.0303,1.0,0.0,96.77,0.4843,6.5718,6.5718,31527.351,1769815831.496089,5.1,81,1589,0.003,6,0,0,11.5,15.0,0,1561,1769815821.464,-8.2,meta-llama/Llama-3.2-1B-Instruct,"1769815821.464, 1769815821.624, 1769815821.693, 1769815822.053, 1769815822.190"
1.0,0,1769815824.1855,7.371,27,0,27,,,,1.0,,,0.0634,6.4344,6.4344,31540.3744,1769815831.623983,5.09,81,1591,0.003,7,0,0,11.5,15.0,0,1561,1769815821.464,-8.2,meta-llama/Llama-3.2-1B-Instruct,"1769815821.464, 1769815821.624, 1769815821.693, 1769815822.053, 1769815822.190"
1.0,0,1769815823.5652,7.5338,27,32,59,0.0551,0.0323,0.0424,1.0,0.0,96.77,0.5241,6.589,6.589,31540.3744,1769815831.6255212,5.09,81,1591,0.003,6,0,0,11.5,15.0,0,1561,1769815821.464,-8.2,meta-llama/Llama-3.2-1B-Instruct,"1769815821.464, 1769815821.624, 1769815821.693, 1769815822.053, 1769815822.190"
1.0,0,1769815823.7733,7.3853,27,32,59,0.0483,0.0326,0.0374,1.0,0.0,96.78,0.5103,6.4336,6.4336,31546.808,1769815831.6709518,5.09,81,1592,0.003,7,0,0,11.5,15.0,0,1561,1769815821.464,-8.2,meta-llama/Llama-3.2-1B-Instruct,"1769815821.464, 1769815821.624, 1769815821.693, 1769815822.053, 1769815822.190"
1.0,0,1769815824.0091,7.212,27,32,59,0.051,0.0297,0.0348,1.0,0.0,96.78,0.4909,6.263,6.263,31553.071,1769815831.7152965,5.08,81,1593,0.003,7,0,0,11.5,15.0,0,1561,1769815821.464,-8.2,meta-llama/Llama-3.2-1B-Instruct,"1769815821.464, 1769815821.624, 1769815821.693, 1769815822.053, 1769815822.190"
1.0,0,1769815824.0655,7.2256,27,32,59,0.0312,0.0308,0.0348,1.0,0.0,96.78,0.4904,6.2568,6.2568,31559.3278,1769815831.7894883,5.08,81,1594,0.003,7,0,0,11.5,15.0,0,1561,1769815821.464,-8.2,meta-llama/Llama-3.2-1B-Instruct,"1769815821.464, 1769815821.624, 1769815821.693, 1769815822.053, 1769815822.190"
1.0,0,1769815824.1347,7.2038,27,32,59,0.047,0.0336,0.0387,1.0,0.0,96.78,0.5052,6.2509,6.2509,31565.5787,1769815831.8446155,5.08,81,1595,0.003,7,0,0,11.5,15.0,0,1561,1769815821.464,-8.2,meta-llama/Llama-3.2-1B-Instruct,"1769815821.464, 1769815821.624, 1769815821.693, 1769815822.053, 1769815822.190"
1.0,0,1769815824.3883,7.1749,27,32,59,0.0594,0.0346,0.038,1.0,0.0,96.78,0.5218,6.2343,6.2343,31577.8975,1769815832.0942008,5.08,81,1597,0.003,6,0,0,11.5,15.0,0,1561,1769815821.464,-8.2,meta-llama/Llama-3.2-1B-Instruct,"1769815821.464, 1769815821.624, 1769815821.693, 1769815822.053, 1769815822.190"
1.0,0,1769815824.5362,7.0366,27,32,59,0.0479,0.0338,0.0391,1.0,0.0,96.79,0.5126,6.0846,6.0846,31577.8975,1769815832.0943723,5.07,81,1597,0.003,5,0,0,11.5,15.0,0,1561,1769815821.464,-8.2,meta-llama/Llama-3.2-1B-Instruct,"1769815821.464, 1769815821.624, 1769815821.693, 1769815822.053, 1769815822.190"
1.0,0,1769815824.6704,6.9375,27,32,59,0.0438,0.0356,0.0387,1.0,0.0,96.79,0.4953,5.9813,5.9813,31583.8788,1769815832.1053388,5.07,81,1598,0.002,5,2,0,11.5,15.0,0,1561,1769815821.464,-8.2,meta-llama/Llama-3.2-1B-Instruct,"1769815821.464, 1769815821.624, 1769815821.693, 1769815822.053, 1769815822.190"
1.0,0,1769815824.8864,6.7742,27,32,59,0.0467,0.0326,0.0362,1.0,0.0,96.79,0.5039,5.8209,5.8209,31589.6997,1769815832.172926,5.07,81,1599,0.003,6,0,0,11.5,15.0,0,1561,1769815821.464,-8.2,meta-llama/Llama-3.2-1B-Instruct,"1769815821.464, 1769815821.624, 1769815821.693, 1769815822.053, 1769815822.190"
1.0,0,1769815824.9301,6.8176,27,32,59,0.0314,0.0331,0.0419,1.0,0.0,96.79,0.5194,5.8491,5.8491,31601.2924,1769815832.2790303,5.06,81,1601,0.003,6,0,0,11.5,15.0,0,1561,1769815821.464,-8.2,meta-llama/Llama-3.2-1B-Instruct,"1769815821.464, 1769815821.624, 1769815821.693, 1769815822.053, 1769815822.190"
1.0,0,1769815825.1914,6.6711,27,21,48,0.0725,0.0265,0.0307,1.0,0.0,96.79,0.4131,5.7436,5.7436,31601.2924,1769815832.280585,5.06,81,1601,0.003,6,0,0,11.5,15.0,0,1561,1769815821.464,-8.2,meta-llama/Llama-3.2-1B-Instruct,"1769815821.464, 1769815821.624, 1769815821.693, 1769815822.053, 1769815822.190"
1.0,0,1769815825.0666,6.7354,27,32,59,0.0388,0.0327,0.0407,1.0,0.0,96.8,0.5057,5.7742,5.7742,31607.0666,1769815832.3097484,5.06,81,1602,0.003,6,0,0,11.5,15.0,0,1561,1769815821.464,-8.2,meta-llama/Llama-3.2-1B-Instruct,"1769815821.464, 1769815821.624, 1769815821.693, 1769815822.053, 1769815822.190"
1.0,0,1769815825.2654,6.6559,27,32,59,0.0359,0.0326,0.0422,1.0,0.0,96.8,0.496,5.6918,5.6918,31612.7584,1769815832.4267418,5.05,81,1603,0.003,6,0,0,11.5,15.0,0,1561,1769815821.464,-8.2,meta-llama/Llama-3.2-1B-Instruct,"1769815821.464, 1769815821.624, 1769815821.693, 1769815822.053, 1769815822.190"
1.0,0,1769815825.3285,6.6765,27,31,58,0.0364,0.0324,0.0392,1.0,0.0,96.8,0.5052,5.7129,5.7129,31618.4713,1769815832.5121958,5.05,81,1604,0.004,8,0,0,11.5,15.0,0,1561,1769815821.464,-8.2,meta-llama/Llama-3.2-1B-Instruct,"1769815821.464, 1769815821.624, 1769815821.693, 1769815822.053, 1769815822.190"
1.0,0,1769815825.5499,6.5057,27,32,59,0.0351,0.0312,0.0499,1.0,0.0,96.8,0.4834,5.5408,5.5408,31624.0121,1769815832.539877,5.05,81,1605,0.005,9,0,0,11.5,15.0,0,1561,1769815821.464,-8.2,meta-llama/Llama-3.2-1B-Instruct,"1769815821.464, 1769815821.624, 1769815821.693, 1769815822.053, 1769815822.190"
1.0,0,1769815825.5945,6.5338,27,32,59,0.0326,0.0329,0.0584,1.0,0.0,96.81,0.4906,5.5664,5.5664,31629.5785,1769815832.6199844,5.04,81,1606,0.003,7,0,0,11.5,15.0,0,1561,1769815821.464,-8.2,meta-llama/Llama-3.2-1B-Instruct,"1769815821.464, 1769815821.624, 1769815821.693, 1769815822.053, 1769815822.190"
1.0,0,1769815826.1226,6.0733,27,32,59,0.0629,0.0287,0.0317,1.0,0.0,96.81,0.5117,5.1362,5.1362,31634.7147,1769815832.7116053,5.04,81,1607,0.003,7,0,0,11.5,15.0,0,1561,1769815821.464,-8.2,meta-llama/Llama-3.2-1B-Instruct,"1769815821.464, 1769815821.624, 1769815821.693, 1769815822.053, 1769815822.190"
1.0,0,1769815826.9982,5.5778,27,8,35,0.0336,0.0334,0.0334,1.0,0.0,96.81,0.153,4.6114,4.6114,31639.3261,1769815832.7298667,5.04,81,1608,0.003,7,0,0,11.5,15.0,0,1561,1769815821.464,-8.2,meta-llama/Llama-3.2-1B-Instruct,"1769815821.464, 1769815821.624, 1769815821.693, 1769815822.053, 1769815822.190"
1.0,0,1769815826.3166,5.9423,27,32,59,0.0442,0.0319,0.0367,1.0,0.0,96.81,0.5116,4.9865,4.9865,31644.3126,1769815832.7763515,5.03,81,1609,0.003,6,0,0,11.5,15.0,0,1561,1769815821.464,-8.2,meta-llama/Llama-3.2-1B-Instruct,"1769815821.464, 1769815821.624, 1769815821.693, 1769815822.053, 1769815822.190"
1.0,0,1769815826.3807,5.9455,27,32,59,0.035,0.0302,0.0304,1.0,0.0,96.81,0.4828,4.9805,4.9805,31649.2931,1769815832.8110616,5.03,81,1610,0.003,6,0,0,11.5,15.0,0,1561,1769815821.464,-8.2,meta-llama/Llama-3.2-1B-Instruct,"1769815821.464, 1769815821.624, 1769815821.693, 1769815822.053, 1769815822.190"
1.0,0,1769815826.6798,5.7007,27,32,59,0.0407,0.0327,0.0333,1.0,0.0,96.82,0.4928,4.7414,4.7414,31654.0345,1769815832.8743849,5.03,81,1611,0.003,7,0,0,11.5,15.0,0,1561,1769815821.464,-8.2,meta-llama/Llama-3.2-1B-Instruct,"1769815821.464, 1769815821.624, 1769815821.693, 1769815822.053, 1769815822.190"
1.0,0,1769815826.8046,5.6344,27,32,59,0.0528,0.0365,0.0373,1.0,0.0,96.82,0.5041,4.6872,4.6872,31658.7217,1769815832.9479752,5.02,81,1612,0.003,7,0,0,11.5,15.0,0,1561,1769815821.464,-8.2,meta-llama/Llama-3.2-1B-Instruct,"1769815821.464, 1769815821.624, 1769815821.693, 1769815822.053, 1769815822.190"
1.0,0,1769815826.9326,5.5891,27,32,59,0.0595,0.0374,0.0492,1.0,0.0,96.82,0.5075,4.6486,4.6486,31663.3704,1769815833.0310252,5.02,81,1613,0.003,7,0,0,11.5,15.0,0,1561,1769815821.464,-8.2,meta-llama/Llama-3.2-1B-Instruct,"1769815821.464, 1769815821.624, 1769815821.693, 1769815822.053, 1769815822.190"
1.0,0,1769815827.0409,5.5984,27,32,59,0.0444,0.0342,0.0436,1.0,0.0,96.82,0.5024,4.6429,4.6429,31668.0132,1769815833.1442711,5.02,81,1614,0.003,7,0,0,11.5,15.0,0,1561,1769815821.464,-8.2,meta-llama/Llama-3.2-1B-Instruct,"1769815821.464, 1769815821.624, 1769815821.693, 1769815822.053, 1769815822.190"
1.0,0,1769815827.3478,5.4846,27,32,59,0.0637,0.0329,0.0457,1.0,0.0,96.82,0.5114,4.5483,4.5483,31672.5615,1769815833.3457544,5.02,81,1615,0.003,5,0,0,11.5,15.0,0,1561,1769815821.464,-8.2,meta-llama/Llama-3.2-1B-Instruct,"1769815821.464, 1769815821.624, 1769815821.693, 1769815822.053, 1769815822.190"
1.0,0,1769815827.1407,5.6807,27,32,59,0.0725,0.0394,0.0409,1.0,0.0,96.83,0.537,4.7532,4.7532,31682.1212,1769815833.3646562,5.01,81,1617,0.003,5,0,0,11.5,15.0,0,1561,1769815821.464,-8.2,meta-llama/Llama-3.2-1B-Instruct,"1769815821.464, 1769815821.624, 1769815821.693, 1769815822.053, 1769815822.190"
1.0,0,1769815827.0916,5.7249,27,32,59,0.0816,0.0353,0.0367,1.0,0.0,96.83,0.5462,4.8064,4.8064,31682.1212,1769815833.3648095,5.01,81,1617,0.004,8,0,0,11.5,15.0,0,1561,1769815821.464,-8.2,meta-llama/Llama-3.2-1B-Instruct,"1769815821.464, 1769815821.624, 1769815821.693, 1769815822.053, 1769815822.190"
1.0,0,1769815827.4099,5.4776,27,32,59,0.0519,0.0324,0.0354,1.0,0.0,96.83,0.5073,4.5294,4.5294,31686.6506,1769815833.3985665,5.01,81,1618,0.002,4,2,0,11.5,15.0,0,1561,1769815821.464,-8.2,meta-llama/Llama-3.2-1B-Instruct,"1769815821.464, 1769815821.624, 1769815821.693, 1769815822.053, 1769815822.190"
1.0,0,1769815827.7964,5.1297,27,32,59,0.0737,0.0349,0.0378,1.0,0.0,96.83,0.5234,4.2034,4.2034,31690.854,1769815833.4538226,5.0,81,1619,0.003,7,0,0,11.5,15.0,0,1561,1769815821.464,-8.2,meta-llama/Llama-3.2-1B-Instruct,"1769815821.464, 1769815821.624, 1769815821.693, 1769815822.053, 1769815822.190"
1.0,0,1769815827.9137,5.0785,27,32,59,0.034,0.0351,0.0417,1.0,0.0,96.83,0.4888,4.1125,4.1125,31694.9665,1769815833.4822848,5.0,81,1620,0.003,6,0,0,11.5,15.0,0,1561,1769815821.464,-8.2,meta-llama/Llama-3.2-1B-Instruct,"1769815821.464, 1769815821.624, 1769815821.693, 1769815822.053, 1769815822.190"
1.0,0,1769815827.9722,5.1058,27,32,59,0.0449,0.0344,0.0385,1.0,0.0,96.84,0.5098,4.1507,4.1507,31699.1173,1769815833.5889308,5.0,81,1621,0.003,7,0,0,11.5,15.0,0,1561,1769815821.464,-8.2,meta-llama/Llama-3.2-1B-Instruct,"1769815821.464, 1769815821.624, 1769815821.693, 1769815822.053, 1769815822.190"
1.0,0,1769815828.0406,5.1065,27,32,59,0.0437,0.038,0.0402,1.0,0.0,96.84,0.4983,4.1502,4.1502,31703.2674,1769815833.6534271,4.99,81,1622,0.003,7,0,0,11.5,15.0,0,1561,1769815821.464,-8.2,meta-llama/Llama-3.2-1B-Instruct,"1769815821.464, 1769815821.624, 1769815821.693, 1769815822.053, 1769815822.190"
1.0,0,1769815828.3165,4.8648,27,32,59,0.0353,0.0444,0.0464,1.0,0.0,96.84,0.517,3.9001,3.9001,31707.1675,1769815833.7039,4.99,81,1623,0.003,7,0,0,11.5,15.0,0,1561,1769815821.464,-8.2,meta-llama/Llama-3.2-1B-Instruct,"1769815821.464, 1769815821.624, 1769815821.693, 1769815822.053, 1769815822.190"
1.0,0,1769815828.3942,4.8709,27,31,58,0.0443,0.0346,0.0429,1.0,0.0,96.84,0.4995,3.9152,3.9152,31711.0827,1769815833.7655013,4.99,81,1624,0.005,9,0,0,11.5,15.0,0,1561,1769815821.464,-8.2,meta-llama/Llama-3.2-1B-Instruct,"1769815821.464, 1769815821.624, 1769815821.693, 1769815822.053, 1769815822.190"
1.0,0,1769815828.5273,4.8578,27,32,59,0.0595,0.0343,0.0398,1.0,0.0,96.84,0.5157,3.9173,3.9173,31715.0,1769815833.9082563,4.98,81,1625,0.003,6,0,0,11.5,15.0,0,1561,1769815821.464,-8.2,meta-llama/Llama-3.2-1B-Instruct,"1769815821.464, 1769815821.624, 1769815821.693, 1769815822.053, 1769815822.190"
1.0,0,1769815829.2478,4.2977,27,23,50,0.0392,0.0423,0.043,1.0,0.0,96.85,0.3849,3.3369,3.3369,31722.084,1769815833.9314654,4.98,81,1627,0.003,7,0,0,11.5,15.0,0,1561,1769815821.464,-8.2,meta-llama/Llama-3.2-1B-Instruct,"1769815821.464, 1769815821.624, 1769815821.693, 1769815822.053, 1769815822.190"
1.0,0,1769815828.732,4.7,27,32,59,0.0471,0.0481,0.0511,1.0,0.0,96.85,0.4988,3.7471,3.7471,31722.084,1769815833.9318666,4.98,81,1627,0.003,6,0,0,11.5,15.0,0,1561,1769815821.464,-8.2,meta-llama/Llama-3.2-1B-Instruct,"1769815821.464, 1769815821.624, 1769815821.693, 1769815822.053, 1769815822.190"
1.0,0,1769815828.9705,4.5192,27,32,59,0.0376,0.0386,0.0421,1.0,0.0,96.85,0.4893,3.5568,3.5568,31725.6408,1769815833.9814014,4.98,81,1628,0.003,6,0,0,11.5,15.0,0,1561,1769815821.464,-8.2,meta-llama/Llama-3.2-1B-Instruct,"1769815821.464, 1769815821.624, 1769815821.693, 1769815822.053, 1769815822.190"
1.0,0,1769815829.3097,4.3093,27,32,59,0.0788,0.0335,0.0421,1.0,0.0,96.85,0.5154,3.388,3.388,31729.0288,1769815834.1372948,4.97,81,1629,0.003,7,0,0,11.5,15.0,0,1561,1769815821.464,-8.2,meta-llama/Llama-3.2-1B-Instruct,"1769815821.464, 1769815821.624, 1769815821.693, 1769815822.053, 1769815822.190"
1.0,0,1769815829.7278,3.9574,27,32,59,0.0408,0.0393,0.0473,1.0,0.0,96.85,0.4909,2.9981,2.9981,31732.027,1769815834.1840186,4.97,81,1630,0.003,6,0,0,11.5,15.0,0,1561,1769815821.464,-8.2,meta-llama/Llama-3.2-1B-Instruct,"1769815821.464, 1769815821.624, 1769815821.693, 1769815822.053, 1769815822.190"
1.0,0,1769815830.0194,3.7392,27,32,59,0.0458,0.0331,0.0424,1.0,0.0,96.86,0.4891,2.785,2.785,31734.812,1769815834.2486367,4.97,81,1631,0.003,7,0,0,11.5,15.0,0,1561,1769815821.464,-8.2,meta-llama/Llama-3.2-1B-Instruct,"1769815821.464, 1769815821.624, 1769815821.693, 1769815822.053, 1769815822.190"
1.0,0,1769815830.2248,3.6004,27,32,59,0.0685,0.0425,0.0489,1.0,0.0,96.86,0.5097,2.6689,2.6689,31737.4809,1769815834.339448,4.96,81,1632,0.003,7,0,0,11.5,15.0,0,1561,1769815821.464,-8.2,meta-llama/Llama-3.2-1B-Instruct,"1769815821.464, 1769815821.624, 1769815821.693, 1769815822.053, 1769815822.190"
1.0,0,1769815830.2759,3.7741,27,32,59,0.0761,0.0336,0.046,1.0,0.0,96.86,0.5363,2.8502,2.8502,31745.5378,1769815834.595275,4.96,81,1635,0.004,7,0,0,11.5,15.0,0,1561,1769815821.464,-8.2,meta-llama/Llama-3.2-1B-Instruct,"1769815821.464, 1769815821.624, 1769815821.693, 1769815822.053, 1769815822.190"
1.0,0,1769815830.7053,3.3508,27,32,59,0.0752,0.0404,0.0672,1.0,0.0,96.86,0.5357,2.4261,2.4261,31745.5378,1769815834.5998108,4.96,81,1635,0.002,4,0,0,11.5,15.0,0,1561,1769815821.464,-8.2,meta-llama/Llama-3.2-1B-Instruct,"1769815821.464, 1769815821.624, 1769815821.693, 1769815822.053, 1769815822.190"
1.0,0,1769815830.3475,3.7131,27,32,59,0.0676,0.0394,0.0448,1.0,0.0,96.86,0.5329,2.7807,2.7807,31745.5378,1769815834.6035316,4.95,81,1635,0.002,5,0,0,11.5,15.0,0,1561,1769815821.464,-8.2,meta-llama/Llama-3.2-1B-Instruct,"1769815821.464, 1769815821.624, 1769815821.693, 1769815822.053, 1769815822.190"
1.0,0,1769815830.8665,3.2521,27,32,59,0.0564,0.0351,0.0512,1.0,0.0,96.87,0.5154,2.3084,2.3084,31747.8462,1769815834.6395462,4.95,81,1636,0.003,6,0,0,11.5,15.0,0,1561,1769815821.464,-8.2,meta-llama/Llama-3.2-1B-Instruct,"1769815821.464, 1769815821.624, 1769815821.693, 1769815822.053, 1769815822.190"
1.0,0,1769815831.0721,3.093,27,31,58,0.0432,0.0339,0.0593,1.0,0.0,96.87,0.4932,2.1362,2.1362,31749.9824,1769815834.6738422,4.95,81,1637,0.002,6,0,0,11.5,15.0,0,1561,1769815833.352,-1.317,meta-llama/Llama-3.2-1B-Instruct,"1769815833.352, 1769815833.482, 1769815833.552, 1769815833.611, 1769815833.667"
1.0,0,1769815831.2622,2.9714,27,32,59,0.0627,0.0322,0.0379,1.0,0.0,96.87,0.52,2.0341,2.0341,31752.0165,1769815834.762438,4.95,81,1638,0.003,6,0,0,11.5,15.0,0,1561,1769815833.352,-1.317,meta-llama/Llama-3.2-1B-Instruct,"1769815833.352, 1769815833.482, 1769815833.552, 1769815833.611, 1769815833.667"
1.0,0,1769815831.5864,2.6933,27,32,59,0.0567,0.0341,0.0345,1.0,0.0,96.87,0.5101,1.7499,1.7499,31753.7664,1769815834.7905884,4.94,81,1639,0.003,7,0,0,11.5,15.0,0,1561,1769815833.352,-1.317,meta-llama/Llama-3.2-1B-Instruct,"1769815833.352, 1769815833.482, 1769815833.552, 1769815833.611, 1769815833.667"
1.0,0,1769815831.7688,2.5853,27,30,57,0.0763,0.0367,0.0433,1.0,0.0,96.87,0.5189,1.6616,1.6616,31755.428,1769815834.873751,4.94,81,1640,0.003,7,0,0,11.5,15.0,0,1561,1769815833.352,-1.317,meta-llama/Llama-3.2-1B-Instruct,"1769815833.352, 1769815833.482, 1769815833.552, 1769815833.611, 1769815833.667"
1.0,0,1769815831.9004,2.5878,27,32,59,0.0368,0.0371,0.0408,1.0,0.0,96.88,0.4937,1.6246,1.6246,31758.7164,1769815834.9889035,4.94,81,1642,0.004,8,1,0,11.5,15.0,0,1561,1769815833.352,-1.317,meta-llama/Llama-3.2-1B-Instruct,"1769815833.352, 1769815833.482, 1769815833.552, 1769815833.611, 1769815833.667"
1.0,0,1769815831.8342,2.5849,27,32,59,0.079,0.0351,0.0501,1.0,0.0,96.88,0.5677,1.6638,1.6638,31758.7164,1769815834.9897785,4.93,81,1642,0.003,7,0,0,11.5,15.0,0,1561,1769815833.352,-1.317,meta-llama/Llama-3.2-1B-Instruct,"1769815833.352, 1769815833.482, 1769815833.552, 1769815833.611, 1769815833.667"
1.0,0,1769815832.165,2.3851,27,32,59,0.0384,0.0407,0.0412,1.0,0.0,96.88,0.4953,1.4235,1.4235,31760.1399,1769815835.05036,4.93,81,1643,0.005,10,0,0,11.5,15.0,0,1561,1769815833.352,-1.317,meta-llama/Llama-3.2-1B-Instruct,"1769815833.352, 1769815833.482, 1769815833.552, 1769815833.611, 1769815833.667"
1.0,0,1769815832.2295,2.3892,27,32,59,0.0419,0.0406,0.0458,1.0,0.0,96.88,0.4819,1.431,1.431,31761.571,1769815835.1068764,4.93,81,1644,0.003,7,0,0,11.5,15.0,0,1561,1769815833.352,-1.317,meta-llama/Llama-3.2-1B-Instruct,"1769815833.352, 1769815833.482, 1769815833.552, 1769815833.611, 1769815833.667"
1.0,0,1769815832.2943,2.4004,27,32,59,0.0548,0.0418,0.0436,1.0,0.0,96.88,0.4915,1.4552,1.4552,31763.0262,1769815835.1870422,4.92,81,1645,0.003,7,0,0,11.5,15.0,0,1561,1769815833.352,-1.317,meta-llama/Llama-3.2-1B-Instruct,"1769815833.352, 1769815833.482, 1769815833.552, 1769815833.611, 1769815833.667"
1.0,0,1769815832.3523,2.4129,27,32,59,0.061,0.0344,0.0366,1.0,0.0,96.88,0.4891,1.4738,1.4738,31764.5,1769815835.2561014,4.92,81,1646,0.003,7,0,0,11.5,15.0,0,1561,1769815833.352,-1.317,meta-llama/Llama-3.2-1B-Instruct,"1769815833.352, 1769815833.482, 1769815833.552, 1769815833.611, 1769815833.667"
1.0,0,1769815832.4823,2.3628,27,32,59,0.0605,0.037,0.0438,1.0,0.0,96.89,0.4957,1.4233,1.4233,31765.9233,1769815835.3438706,4.92,81,1647,0.003,7,0,0,11.5,15.0,0,1561,1769815833.352,-1.317,meta-llama/Llama-3.2-1B-Instruct,"1769815833.352, 1769815833.482, 1769815833.552, 1769815833.611, 1769815833.667"
1.0,0,1769815832.5522,2.3465,27,32,59,0.0736,0.0305,0.0361,1.0,0.0,96.89,0.5191,1.4202,1.4202,31767.3435,1769815835.4262545,4.92,81,1648,0.003,7,0,0,11.5,15.0,0,1561,1769815833.352,-1.317,meta-llama/Llama-3.2-1B-Instruct,"1769815833.352, 1769815833.482, 1769815833.552, 1769815833.611, 1769815833.667"
1.0,0,1769815832.6113,2.3437,27,32,59,0.092,0.0305,0.0346,1.0,0.0,96.89,0.5126,1.4357,1.4357,31768.7792,1769815835.4718628,4.91,81,1649,0.003,7,0,0,11.5,15.0,0,1561,1769815833.352,-1.317,meta-llama/Llama-3.2-1B-Instruct,"1769815833.352, 1769815833.482, 1769815833.552, 1769815833.611, 1769815833.667"
1.0,0,1769815832.6671,2.3641,27,32,59,0.0419,0.0308,0.0323,1.0,0.0,96.89,0.4846,1.4061,1.4061,31770.1853,1769815835.5171661,4.91,81,1650,0.003,7,0,0,11.5,15.0,0,1561,1769815833.352,-1.317,meta-llama/Llama-3.2-1B-Instruct,"1769815833.352, 1769815833.482, 1769815833.552, 1769815833.611, 1769815833.667"
1.0,0,1769815832.8502,2.4485,27,32,59,0.0573,0.0393,0.0414,1.0,0.0,96.89,0.5039,1.5057,1.5057,31771.6911,1769815835.8055046,4.91,81,1651,0.002,4,0,0,11.5,15.0,0,1561,1769815833.352,-1.317,meta-llama/Llama-3.2-1B-Instruct,"1769815833.352, 1769815833.482, 1769815833.552, 1769815833.611, 1769815833.667"
1.0,0,1769815832.73,2.555,27,32,59,0.072,0.0375,0.0457,1.0,0.0,96.9,0.5209,1.627,1.627,31773.318,1769815835.8068612,4.9,81,1652,0.003,6,0,0,11.5,15.0,0,1561,1769815833.352,-1.317,meta-llama/Llama-3.2-1B-Instruct,"1769815833.352, 1769815833.482, 1769815833.552, 1769815833.611, 1769815833.667"
1.0,0,1769815832.7725,2.5184,27,32,59,0.0836,0.0346,0.0582,1.0,0.0,96.9,0.525,1.602,1.602,31774.92,1769815835.8168366,4.9,81,1653,0.003,5,0,0,11.5,15.0,0,1561,1769815833.352,-1.317,meta-llama/Llama-3.2-1B-Instruct,"1769815833.352, 1769815833.482, 1769815833.552, 1769815833.611, 1769815833.667"
1.0,0,1769815832.9022,2.4291,27,32,59,0.0534,0.0328,0.0449,1.0,0.0,96.9,0.4985,1.4825,1.4825,31776.4025,1769815835.835201,4.9,81,1654,0.002,4,0,0,11.5,15.0,0,1561,1769815833.352,-1.317,meta-llama/Llama-3.2-1B-Instruct,"1769815833.352, 1769815833.482, 1769815833.552, 1769815833.611, 1769815833.667"
1.0,0,1769815833.0455,2.3607,27,32,59,0.0552,0.0363,0.0444,1.0,0.0,96.9,0.5238,1.4159,1.4159,31777.8184,1769815835.9333174,4.89,81,1655,0.002,6,0,0,11.5,15.0,0,1561,1769815833.352,-1.317,meta-llama/Llama-3.2-1B-Instruct,"1769815833.352, 1769815833.482, 1769815833.552, 1769815833.611, 1769815833.667"
1.0,0,1769815833.1085,2.3635,27,32,59,0.0407,0.0358,0.04,1.0,0.0,96.9,0.4883,1.4042,1.4042,31779.2227,1769815835.966502,4.89,81,1656,0.003,6,0,0,11.5,15.0,0,1561,1769815833.352,-1.317,meta-llama/Llama-3.2-1B-Instruct,"1769815833.352, 1769815833.482, 1769815833.552, 1769815833.611, 1769815833.667"
1.0,0,1769815833.3286,2.2059,27,32,59,0.0453,0.045,0.0528,1.0,0.0,96.91,0.5283,1.2512,1.2512,31780.4738,1769815836.0648947,4.89,81,1657,0.003,6,0,0,11.5,15.0,0,1561,1769815833.352,-1.317,meta-llama/Llama-3.2-1B-Instruct,"1769815833.352, 1769815833.482, 1769815833.552, 1769815833.611, 1769815833.667"
1.0,0,1769815834.2084,1.8268,27,0,27,,,,1.0,,,0.0445,0.8712,0.8712,31781.3451,1769815836.0870953,4.89,81,1658,0.003,6,0,0,11.5,15.0,0,1561,1769815833.352,-1.317,meta-llama/Llama-3.2-1B-Instruct,"1769815833.352, 1769815833.482, 1769815833.552, 1769815833.611, 1769815833.667"
1.0,0,1769815833.7147,2.027,27,20,47,0.0443,0.0452,0.0452,1.0,0.0,96.91,0.3467,1.0713,1.0713,31782.4163,1769815836.0904672,4.88,81,1659,0.005,9,0,0,11.5,15.0,0,1561,1769815833.352,-1.317,meta-llama/Llama-3.2-1B-Instruct,"1769815833.352, 1769815833.482, 1769815833.552, 1769815833.611, 1769815833.667"
1.0,0,1769815833.5165,2.0998,27,32,59,0.0434,0.0429,0.045,1.0,0.0,96.91,0.4992,1.1432,1.1432,31783.5595,1769815836.1227727,4.88,81,1660,0.003,7,0,0,11.5,15.0,0,1561,1769815833.352,-1.317,meta-llama/Llama-3.2-1B-Instruct,"1769815833.352, 1769815833.482, 1769815833.552, 1769815833.611, 1769815833.667"
1.0,0,1769815833.6643,2.0171,27,32,59,0.0802,0.0317,0.0443,1.0,0.0,96.91,0.5018,1.0973,1.0973,31784.6568,1769815836.186201,4.88,81,1661,0.004,8,0,0,11.5,15.0,0,1561,1769815833.352,-1.317,meta-llama/Llama-3.2-1B-Instruct,"1769815833.352, 1769815833.482, 1769815833.552, 1769815833.611, 1769815833.667"
1.0,0,1769815833.8569,1.9929,27,32,59,0.0474,0.0323,0.0506,1.0,0.0,96.91,0.4981,1.0403,1.0403,31785.6971,1769815836.3525221,4.87,81,1662,0.003,6,0,0,11.5,15.0,0,1561,1769815833.352,-1.317,meta-llama/Llama-3.2-1B-Instruct,"1769815833.352, 1769815833.482, 1769815833.552, 1769815833.611, 1769815833.667"
1.0,0,1769815834.096,1.8186,27,31,58,0.0419,0.035,0.05,1.0,0.0,96.92,0.4877,0.8604,0.8604,31786.5576,1769815836.4043298,4.87,81,1663,0.003,7,0,0,11.5,15.0,0,1561,1769815833.352,-1.317,meta-llama/Llama-3.2-1B-Instruct,"1769815833.352, 1769815833.482, 1769815833.552, 1769815833.611, 1769815833.667"
1.0,0,1769815834.144,1.8425,27,32,59,0.062,0.0309,0.0344,1.0,0.0,96.92,0.4756,0.9045,0.9045,31787.462,1769815836.4635878,4.87,81,1664,0.003,6,0,0,11.5,15.0,0,1561,1769815833.352,-1.317,meta-llama/Llama-3.2-1B-Instruct,"1769815833.352, 1769815833.482, 1769815833.552, 1769815833.611, 1769815833.667"
1.0,0,1769815834.2572,1.8599,27,32,59,0.0405,0.0341,0.0411,1.0,0.0,96.92,0.4746,0.9003,0.9003,31788.3623,1769815836.5927536,4.86,81,1665,0.002,4,0,0,11.5,15.0,0,1561,1769815833.352,-1.317,meta-llama/Llama-3.2-1B-Instruct,"1769815833.352, 1769815833.482, 1769815833.552, 1769815833.611, 1769815833.667"
1.0,0,1769815834.3234,1.8454,27,32,59,0.0464,0.0338,0.0404,1.0,0.0,96.92,0.4704,0.8919,0.8919,31789.2542,1769815836.6417642,4.86,81,1666,0.002,5,0,0,11.5,15.0,0,1561,1769815833.352,-1.317,meta-llama/Llama-3.2-1B-Instruct,"1769815833.352, 1769815833.482, 1769815833.552, 1769815833.611, 1769815833.667"
1.0,0,1769815834.3886,1.8267,27,32,59,0.0454,0.0361,0.0403,1.0,0.0,96.92,0.4692,0.8721,0.8721,31790.1263,1769815836.6853504,4.86,81,1667,0.002,4,1,0,11.5,15.0,0,1561,1769815833.352,-1.317,meta-llama/Llama-3.2-1B-Instruct,"1769815833.352, 1769815833.482, 1769815833.552, 1769815833.611, 1769815833.667"
1.0,0,1769815834.457,1.8713,27,32,59,0.0551,0.0315,0.0354,1.0,0.0,96.92,0.5008,0.9263,0.9263,31791.0526,1769815836.8354936,4.86,81,1668,0.003,6,0,0,11.5,15.0,0,1561,1769815833.352,-1.317,meta-llama/Llama-3.2-1B-Instruct,"1769815833.352, 1769815833.482, 1769815833.552, 1769815833.611, 1769815833.667"
1.0,0,1769815834.5192,2.0305,27,32,59,0.0671,0.033,0.0364,1.0,0.0,96.93,0.5216,1.0976,1.0976,31793.1049,1769815837.0742257,4.85,81,1670,0.002,5,0,0,11.5,15.0,0,1561,1769815833.352,-1.317,meta-llama/Llama-3.2-1B-Instruct,"1769815833.352, 1769815833.482, 1769815833.552, 1769815833.611, 1769815833.667"
1.0,0,1769815834.6656,1.8886,27,32,59,0.066,0.0299,0.0348,1.0,0.0,96.93,0.5198,0.9547,0.9547,31794.141,1769815837.0760422,4.85,81,1671,0.002,4,0,0,11.5,15.0,0,1561,1769815833.352,-1.317,meta-llama/Llama-3.2-1B-Instruct,"1769815833.352, 1769815833.482, 1769815833.552, 1769815833.611, 1769815833.667"
1.0,0,1769815834.5816,1.9784,27,32,59,0.0577,0.0321,0.037,1.0,0.0,96.93,0.5158,1.0361,1.0361,31794.141,1769815837.076923,4.85,81,1671,0.003,5,0,0,11.5,15.0,0,1561,1769815833.352,-1.317,meta-llama/Llama-3.2-1B-Instruct,"1769815833.352, 1769815833.482, 1769815833.552, 1769815833.611, 1769815833.667"
1.0,0,1769815834.726,1.9064,27,32,59,0.051,0.038,0.0424,1.0,0.0,96.93,0.5197,0.9575,0.9575,31795.0985,1769815837.1581748,4.84,81,1672,0.003,6,0,0,11.5,15.0,0,1561,1769815833.352,-1.317,meta-llama/Llama-3.2-1B-Instruct,"1769815833.352, 1769815833.482, 1769815833.552, 1769815833.611, 1769815833.667"
1.0,0,1769815834.8,1.8725,27,32,59,0.0464,0.0353,0.0375,1.0,0.0,96.93,0.4975,0.9189,0.9189,31796.0174,1769815837.170795,4.84,81,1673,0.002,5,0,0,11.5,15.0,0,1561,1769815833.352,-1.317,meta-llama/Llama-3.2-1B-Instruct,"1769815833.352, 1769815833.482, 1769815833.552, 1769815833.611, 1769815833.667"
1.0,0,1769815834.9327,1.8375,27,32,59,0.052,0.0375,0.0401,1.0,0.0,96.94,0.5406,0.8894,0.8894,31796.9068,1769815837.3127606,4.84,81,1674,0.003,6,0,0,11.5,15.0,0,1561,1769815833.352,-1.317,meta-llama/Llama-3.2-1B-Instruct,"1769815833.352, 1769815833.482, 1769815833.552, 1769815833.611, 1769815833.667"
1.0,0,1769815835.1766,1.6361,27,30,57,0.0722,0.0384,0.0502,1.0,0.0,96.94,0.5302,0.7083,0.7083,31797.6151,1769815837.3490198,4.84,81,1675,0.003,7,0,0,11.5,15.0,0,1561,1769815833.352,-1.317,meta-llama/Llama-3.2-1B-Instruct,"1769815833.352, 1769815833.482, 1769815833.552, 1769815833.611, 1769815833.667"
1.0,0,1769815835.2395,1.6374,27,31,58,0.0402,0.0342,0.0374,1.0,0.0,96.94,0.5004,0.6776,0.6776,31798.2927,1769815837.3848758,4.83,81,1676,0.003,6,0,0,11.5,15.0,0,1561,1769815833.352,-1.317,meta-llama/Llama-3.2-1B-Instruct,"1769815833.352, 1769815833.482, 1769815833.552, 1769815833.611, 1769815833.667"
1.0,0,1769815835.5044,1.4332,27,32,59,0.0401,0.0361,0.0449,1.0,0.0,96.94,0.5169,0.4733,0.4733,31798.766,1769815837.4581523,4.83,81,1677,0.004,8,0,0,11.5,15.0,0,1561,1769815833.352,-1.317,meta-llama/Llama-3.2-1B-Instruct,"1769815833.352, 1769815833.482, 1769815833.552, 1769815833.611, 1769815833.667"
1.0,0,1769815835.6499,1.3612,27,32,59,0.0564,0.0346,0.0434,1.0,0.0,96.94,0.5125,0.4176,0.4176,31799.1836,1769815837.5271199,4.83,81,1678,0.005,9,0,0,11.5,15.0,0,1561,1769815833.352,-1.317,meta-llama/Llama-3.2-1B-Instruct,"1769815833.352, 1769815833.482, 1769815833.552, 1769815833.611, 1769815833.667"
1.0,0,1769815835.9615,1.1306,27,32,59,0.0577,0.0344,0.042,1.0,0.0,96.95,0.5088,0.1883,0.1883,31799.372,1769815837.6039433,4.82,81,1679,0.003,7,0,0,11.5,15.0,0,1561,1769815833.352,-1.317,meta-llama/Llama-3.2-1B-Instruct,"1769815833.352, 1769815833.482, 1769815833.552, 1769815833.611, 1769815833.667"
1.0,0,1769815836.5996,0.7649,27,16,43,0.0485,0.0423,0.0423,1.0,0.0,96.95,0.2863,-0.1866,0.0,31799.5546,1769815837.6535983,4.88,82,1681,0.003,7,0,0,11.5,15.0,0,1561,1769815833.352,-1.317,meta-llama/Llama-3.2-1B-Instruct,"1769815833.352, 1769815833.482, 1769815833.552, 1769815833.611, 1769815833.667"
1.0,0,1769815836.0136,1.1269,27,32,59,0.0557,0.0396,0.0437,1.0,0.0,96.95,0.5129,0.1826,0.1826,31799.5546,1769815837.6543334,4.88,82,1681,0.003,7,0,0,11.5,15.0,0,1561,1769815833.352,-1.317,meta-llama/Llama-3.2-1B-Instruct,"1769815833.352, 1769815833.482, 1769815833.552, 1769815833.611, 1769815833.667"
1.0,0,1769815836.1453,1.0749,27,32,59,0.0389,0.042,0.0465,1.0,0.0,96.95,0.488,0.1138,0.1138,31799.6683,1769815837.7091,4.88,82,1682,0.003,7,0,0,11.5,15.0,0,1561,1769815833.352,-1.317,meta-llama/Llama-3.2-1B-Instruct,"1769815833.352, 1769815833.482, 1769815833.552, 1769815833.611, 1769815833.667"
1.0,0,1769815836.3742,0.9065,27,32,59,0.0492,0.0356,0.0398,1.0,0.0,96.95,0.4919,-0.0444,0.0,31799.6683,1769815837.7794623,4.93,83,1683,0.003,7,0,0,11.5,15.0,0,1561,1769815833.352,-1.317,meta-llama/Llama-3.2-1B-Instruct,"1769815833.352, 1769815833.482, 1769815833.552, 1769815833.611, 1769815833.667"
1.0,0,1769815837.2457,0.5876,27,0,27,,,,1.0,,,0.0645,-0.348,0.0,31799.6683,1769815837.902731,4.99,84,1684,0.002,5,0,0,11.5,15.0,0,1561,1769815833.352,-1.317,meta-llama/Llama-3.2-1B-Instruct,"1769815833.352, 1769815833.482, 1769815833.552, 1769815833.611, 1769815833.667"
1.0,0,1769815836.7378,0.6987,27,32,59,0.0626,0.0391,0.0471,1.0,0.0,96.95,0.5035,-0.2387,0.0,31799.6683,1769815837.9408503,5.04,85,1685,0.003,6,0,0,11.5,15.0,0,1561,1769815833.352,-1.317,meta-llama/Llama-3.2-1B-Instruct,"1769815833.352, 1769815833.482, 1769815833.552, 1769815833.611, 1769815833.667"
1.0,0,1769815836.7835,0.7299,27,32,59,0.0578,0.0387,0.0456,1.0,0.0,96.96,0.5032,-0.2123,0.0,31799.6683,1769815838.0175364,5.1,86,1686,0.003,7,0,0,11.5,15.0,0,1561,1769815833.352,-1.317,meta-llama/Llama-3.2-1B-Instruct,"1769815833.352, 1769815833.482, 1769815833.552, 1769815833.611, 1769815833.667"
1.0,0,1769815836.9063,0.6711,27,32,59,0.0669,0.0282,0.03,1.0,0.0,96.96,0.4935,-0.262,0.0,31799.6683,1769815838.0718398,5.16,87,1687,0.003,7,0,0,11.5,15.0,0,1561,1769815833.352,-1.317,meta-llama/Llama-3.2-1B-Instruct,"1769815833.352, 1769815833.482, 1769815833.552, 1769815833.611, 1769815833.667"
1.0,0,1769815837.0568,0.5776,27,32,59,0.0373,0.0313,0.0384,1.0,0.0,96.96,0.4843,-0.3851,0.0,31799.6683,1769815838.1268954,5.21,88,1688,0.003,7,0,0,11.5,15.0,0,1561,1769815833.352,-1.317,meta-llama/Llama-3.2-1B-Instruct,"1769815833.352, 1769815833.482, 1769815833.552, 1769815833.611, 1769815833.667"
1.0,0,1769815839.4442,0.0683,27,0,27,,,,1.0,,,11.0492,10.1174,10.1174,31809.7857,1769815850.5719228,5.21,88,1689,0.234,31,0,0,11.5,15.0,0,1797,1769815841.311,-8.395,meta-llama/Llama-3.2-1B-Instruct,"1769815841.311, 1769815841.333, 1769815841.370, 1769815841.394, 1769815841.400"
200.0,1,1769815640.7959,199.0286,6945,0,6945,,,,200.0,,,10.7888,9.8174,9.8174,31819.6032,1769815850.6698687,5.21,88,1690,0.234,31,0,0,11.5,15.0,0,1797,1769815841.311,-8.395,meta-llama/Llama-3.2-1B-Instruct,"1769815841.311, 1769815841.333, 1769815841.370, 1769815841.394, 1769815841.400"
1.0,0,1769815837.1851,0.6364,27,32,59,0.0549,1.9648,9.3156,1.0,8.3156,96.9,13.1359,-0.3087,0.0,31819.6032,1769815850.9674284,5.26,89,1691,0.003,6,0,0,11.5,15.0,0,1797,1769815841.311,-8.395,meta-llama/Llama-3.2-1B-Instruct,"1769815841.311, 1769815841.333, 1769815841.370, 1769815841.394, 1769815841.400"
1.0,0,1769815837.4075,0.4216,27,32,59,0.0619,1.9767,9.3271,1.0,8.3271,96.84,13.4757,-0.5165,0.0,31819.6032,1769815851.3057435,5.32,90,1692,0.002,4,0,0,11.5,15.0,0,1797,1769815841.311,-8.395,meta-llama/Llama-3.2-1B-Instruct,"1769815841.311, 1769815841.333, 1769815841.370, 1769815841.394, 1769815841.400"
1.0,0,1769815837.4759,0.445,27,32,59,0.0694,1.961,9.2963,1.0,8.2963,96.78,14.743,-0.4856,0.0,31821.1395,1769815852.6923428,5.37,91,1694,0.003,6,0,0,11.5,15.0,0,1797,1769815841.311,-8.395,meta-llama/Llama-3.2-1B-Instruct,"1769815841.311, 1769815841.333, 1769815841.370, 1769815841.394, 1769815841.400"
1.0,0,1769815838.7351,0.0583,27,12,39,2.478,9.2948,9.2948,1.0,8.2948,96.73,13.8366,1.5363,1.5363,31822.6028,1769815852.7597797,5.32,91,1695,0.089,12,1,0,11.5,15.0,0,1797,1769815841.311,-8.395,meta-llama/Llama-3.2-1B-Instruct,"1769815841.311, 1769815841.333, 1769815841.370, 1769815841.394, 1769815841.400"
1.0,0,1769815838.8091,0.0603,27,14,41,2.4031,9.293,9.293,1.0,8.293,96.67,13.8749,1.4634,1.4634,31822.6028,1769815852.7675753,5.37,91,1695,0.089,12,1,0,11.5,15.0,0,1797,1769815841.311,-8.395,meta-llama/Llama-3.2-1B-Instruct,"1769815841.311, 1769815841.333, 1769815841.370, 1769815841.394, 1769815841.400"
1.0,0,1769815837.5414,0.435,27,31,58,0.0383,1.9822,9.3086,1.0,8.3086,96.61,14.8812,-0.5267,0.0,31822.6028,1769815852.8635502,5.42,92,1696,0.003,6,0,0,11.5,15.0,0,1797,1769815841.311,-8.395,meta-llama/Llama-3.2-1B-Instruct,"1769815841.311, 1769815841.333, 1769815841.370, 1769815841.394, 1769815841.400"
1.0,0,1769815839.1928,0.0488,27,23,50,2.0272,0.6957,9.2882,1.0,8.2882,96.55,14.6955,1.0761,1.0761,31823.6789,1769815853.9701114,5.42,93,1698,0.089,12,1,0,11.5,15.0,0,1797,1769815841.311,-8.395,meta-llama/Llama-3.2-1B-Instruct,"1769815841.311, 1769815841.333, 1769815841.370, 1769815841.394, 1769815841.400"
1.0,0,1769815837.6129,0.4443,27,32,59,0.0545,1.963,9.3072,1.0,8.3072,96.49,15.9054,-0.5012,0.0,31823.6789,1769815853.9715726,5.48,93,1698,0.003,6,0,0,11.5,15.0,0,1797,1769815841.311,-8.395,meta-llama/Llama-3.2-1B-Instruct,"1769815841.311, 1769815841.333, 1769815841.370, 1769815841.394, 1769815841.400"
1.0,0,1769815838.1651,0.0765,27,32,59,1.0687,1.9657,9.3018,1.0,8.3018,96.43,16.1902,0.1451,0.1451,31823.8241,1769815854.4632053,5.47,94,1700,0.026,6,0,0,11.5,15.0,0,1797,1769815841.311,-8.395,meta-llama/Llama-3.2-1B-Instruct,"1769815841.311, 1769815841.333, 1769815841.370, 1769815841.394, 1769815841.400"
1.0,0,1769815838.3478,0.0592,27,32,59,0.9136,1.9588,9.3083,1.0,8.3083,96.37,16.0377,-0.0272,0.0,31823.8241,1769815854.4633963,5.53,94,1700,0.026,6,0,0,11.5,15.0,0,1797,1769815841.311,-8.395,meta-llama/Llama-3.2-1B-Instruct,"1769815841.311, 1769815841.333, 1769815841.370, 1769815841.394, 1769815841.400"
1.0,0,1769815838.0977,0.0944,27,32,59,1.1195,1.9702,9.3243,1.0,8.3243,96.32,16.274,0.214,0.214,31824.0899,1769815854.469256,5.53,94,1702,0.003,5,0,0,11.5,15.0,0,1797,1769815841.311,-8.395,meta-llama/Llama-3.2-1B-Instruct,"1769815841.311, 1769815841.333, 1769815841.370, 1769815841.394, 1769815841.400"
1.0,0,1769815838.2643,0.0687,27,32,59,0.9832,1.9691,9.3229,1.0,8.3229,96.26,16.1348,0.0519,0.0519,31824.0899,1769815854.4694371,5.52,94,1702,0.026,6,0,0,11.5,15.0,0,1797,1769815841.311,-8.395,meta-llama/Llama-3.2-1B-Instruct,"1769815841.311, 1769815841.333, 1769815841.370, 1769815841.394, 1769815841.400"
1.0,0,1769815838.848,0.1988,27,32,59,2.2226,0.6972,9.2907,1.0,8.2907,96.2,15.4741,1.4215,1.4215,31831.2105,1769815854.5310674,5.51,94,1707,0.089,12,1,0,11.5,15.0,0,1797,1769815841.311,-8.395,meta-llama/Llama-3.2-1B-Instruct,"1769815841.311, 1769815841.333, 1769815841.370, 1769815841.394, 1769815841.400"
1.0,0,1769815838.9779,0.0791,27,32,59,2.2266,0.69,9.3093,1.0,8.3093,96.14,15.4674,1.3057,1.3057,31838.772,1769815854.5445378,5.51,94,1712,0.089,12,1,0,11.5,15.0,0,1797,1769815841.311,-8.395,meta-llama/Llama-3.2-1B-Instruct,"1769815841.311, 1769815841.333, 1769815841.370, 1769815841.394, 1769815841.400"
1.0,0,1769815838.7664,0.0673,27,32,59,2.4414,0.726,9.2837,1.0,8.2837,96.08,15.6785,1.5087,1.5087,31838.772,1769815854.547377,5.51,94,1712,0.089,12,1,0,11.5,15.0,0,1797,1769815841.311,-8.395,meta-llama/Llama-3.2-1B-Instruct,"1769815841.311, 1769815841.333, 1769815841.370, 1769815841.394, 1769815841.400"
1.0,0,1769815839.158,0.0575,27,32,59,2.0676,0.6946,9.3091,1.0,8.3091,96.03,15.2945,1.125,1.125,31838.772,1769815854.5498247,5.52,94,1712,0.089,12,1,0,11.5,15.0,0,1797,1769815841.311,-8.395,meta-llama/Llama-3.2-1B-Instruct,"1769815841.311, 1769815841.333, 1769815841.370, 1769815841.394, 1769815841.400"
1.0,0,1769815838.6931,0.0672,27,32,59,2.5206,0.6755,9.2975,1.0,8.2975,95.97,15.7814,1.5878,1.5878,31838.772,1769815854.5501359,5.5,94,1712,0.089,12,1,0,11.5,15.0,0,1797,1769815841.311,-8.395,meta-llama/Llama-3.2-1B-Instruct,"1769815841.311, 1769815841.333, 1769815841.370, 1769815841.394, 1769815841.400"
1.0,0,1769815838.5999,0.069,27,32,59,2.6178,0.6982,9.3175,1.0,8.3175,95.91,15.8718,1.6868,1.6868,31838.772,1769815854.5504882,5.5,94,1712,0.089,12,1,0,11.5,15.0,0,1797,1769815841.311,-8.395,meta-llama/Llama-3.2-1B-Instruct,"1769815841.311, 1769815841.333, 1769815841.370, 1769815841.394, 1769815841.400"
1.0,0,1769815838.5186,0.0593,27,32,59,2.7004,0.7005,9.2898,1.0,8.2898,95.85,15.9297,1.7598,1.7598,31838.772,1769815854.5506473,5.52,94,1712,0.089,12,1,0,11.5,15.0,0,1797,1769815841.311,-8.395,meta-llama/Llama-3.2-1B-Instruct,"1769815841.311, 1769815841.333, 1769815841.370, 1769815841.394, 1769815841.400"
1.0,0,1769815839.1239,0.055,27,32,59,2.1135,0.6933,9.2976,1.0,8.2976,95.8,15.3632,1.1685,1.1685,31840.6796,1769815854.5519097,5.49,94,1713,0.089,12,1,0,11.5,15.0,0,1797,1769815841.311,-8.395,meta-llama/Llama-3.2-1B-Instruct,"1769815841.311, 1769815841.333, 1769815841.370, 1769815841.394, 1769815841.400"
1.0,0,1769815839.0122,0.0908,27,32,59,2.1816,0.6871,9.318,1.0,8.318,95.74,15.441,1.2723,1.2723,31840.6796,1769815854.5522952,5.49,94,1713,0.089,12,1,0,11.5,15.0,0,1797,1769815841.311,-8.395,meta-llama/Llama-3.2-1B-Instruct,"1769815841.311, 1769815841.333, 1769815841.370, 1769815841.394, 1769815841.400"
1.0,0,1769815838.4307,0.0693,27,31,58,2.7767,0.6944,9.299,1.0,8.299,95.68,16.0361,1.8461,1.8461,31840.6796,1769815854.552451,5.5,94,1713,0.089,12,1,0,11.5,15.0,0,1797,1769815841.311,-8.395,meta-llama/Llama-3.2-1B-Instruct,"1769815841.311, 1769815841.333, 1769815841.370, 1769815841.394, 1769815841.400"
1.0,0,1769815838.3814,0.0767,27,32,59,2.831,0.6966,9.2922,1.0,8.2922,95.62,16.0929,1.9076,1.9076,31840.6796,1769815854.5531409,5.49,94,1713,0.026,6,0,0,11.5,15.0,0,1797,1769815841.311,-8.395,meta-llama/Llama-3.2-1B-Instruct,"1769815841.311, 1769815841.333, 1769815841.370, 1769815841.394, 1769815841.400"
1.0,0,1769815839.9686,0.2855,27,32,59,10.3071,0.4349,0.6895,1.0,0.0,95.63,14.3278,9.5926,9.5926,31888.3836,1769815854.591257,5.47,94,1718,0.234,31,0,0,11.5,15.0,0,1797,1769815841.311,-8.395,meta-llama/Llama-3.2-1B-Instruct,"1769815841.311, 1769815841.333, 1769815841.370, 1769815841.394, 1769815841.400"
1.0,0,1769815839.839,0.0666,27,32,59,10.6457,0.4317,0.7017,1.0,0.0,95.63,14.6663,9.7123,9.7123,31917.5965,1769815854.6029377,5.48,94,1721,0.234,31,0,0,11.5,15.0,0,1797,1769815841.311,-8.395,meta-llama/Llama-3.2-1B-Instruct,"1769815841.311, 1769815841.333, 1769815841.370, 1769815841.394, 1769815841.400"
1.0,0,1769815839.8027,0.0637,27,32,59,10.741,0.4412,0.6968,1.0,0.0,95.64,14.7294,9.8048,9.8048,31937.7312,1769815854.6109467,5.47,94,1723,0.234,31,0,0,11.5,15.0,0,1797,1769815841.311,-8.395,meta-llama/Llama-3.2-1B-Instruct,"1769815841.311, 1769815841.333, 1769815841.370, 1769815841.394, 1769815841.400"
1.0,0,1769815840.1188,0.2435,27,32,59,10.2467,0.4394,0.6898,1.0,0.0,95.65,14.2403,9.4902,9.4902,31937.7312,1769815854.6117396,5.46,94,1723,0.234,31,0,0,11.5,15.0,0,1797,1769815841.311,-8.395,meta-llama/Llama-3.2-1B-Instruct,"1769815841.311, 1769815841.333, 1769815841.370, 1769815841.394, 1769815841.400"
1.0,0,1769815839.7144,0.0667,27,32,59,10.8175,0.4754,0.6932,1.0,0.0,95.65,14.8248,9.8841,9.8841,31937.7312,1769815854.612337,5.46,94,1723,0.234,31,0,0,11.5,15.0,0,1797,1769815841.311,-8.395,meta-llama/Llama-3.2-1B-Instruct,"1769815841.311, 1769815841.333, 1769815841.370, 1769815841.394, 1769815841.400"
1.0,0,1769815840.3998,12.5459,27,32,59,0.1575,0.3215,0.4392,1.0,0.0,95.65,2.904,11.7034,11.7034,31949.4346,1769815855.8526468,5.45,94,1724,0.903,56,0,0,11.5,15.0,0,1875,1769815841.57,-13.149,meta-llama/Llama-3.2-1B-Instruct,"1769815841.570, 1769815841.579, 1769815841.617, 1769815841.688, 1769815841.697"
200.0,1,1769815641.3105,209.5139,2680,145,2825,0.4383,0.093,0.4309,200.0,0.0,95.65,11.7679,21.2818,21.2818,31970.7164,1769815862.610288,5.45,94,1725,0.793,58,0,0,11.5,15.0,0,1930,1769815842.231,-17.506,meta-llama/Llama-3.2-1B-Instruct,"1769815842.231, 1769815842.273, 1769815842.299, 1769815842.321, 1769815842.343"
200.0,1,1769815640.6185,198.9403,2923,225,3148,11.0467,0.0857,0.3585,200.0,0.0,95.66,27.9845,26.9248,26.9248,31997.6412,1769815867.5589862,5.45,94,1726,0.234,31,0,0,11.5,15.0,0,2018,1769815842.273,-22.503,meta-llama/Llama-3.2-1B-Instruct,"1769815842.273, 1769815842.299, 1769815842.321, 1769815842.343, 1769815842.378"
200.0,1,1769815640.5798,198.8927,4742,866,5608,11.095,0.0849,0.1673,200.0,0.0,95.66,71.1744,70.0671,70.0671,32067.7083,1769815910.6660547,5.44,94,1727,0.234,31,0,0,11.5,15.0,0,2810,1769815842.299,-68.01,meta-llama/Llama-3.2-1B-Instruct,"1769815842.299, 1769815842.321, 1769815842.343, 1769815842.378, 1769815842.382"
200.0,1,1769815640.1594,197.9804,2472,1026,3498,0.3371,0.08,0.2829,200.0,0.0,95.66,83.1864,81.1668,81.1668,32148.8751,1769815921.3440547,5.44,94,1728,0.002,5,0,0,11.5,15.0,0,2980,1769815842.321,-78.101,meta-llama/Llama-3.2-1B-Instruct,"1769815842.321, 1769815842.343, 1769815842.378, 1769815842.382, 1769815842.402"
200.0,1,1769815640.1872,198.0987,3871,1030,4901,1.0278,0.0827,0.1955,200.0,0.0,95.67,83.1143,81.213,81.213,32311.2806,1769815921.4212987,5.44,94,1730,0.026,6,0,0,11.5,15.0,0,2980,1769815842.321,-78.101,meta-llama/Llama-3.2-1B-Instruct,"1769815842.321, 1769815842.343, 1769815842.378, 1769815842.382, 1769815842.402"
200.0,1,1769815640.2125,198.1565,2643,1021,3664,0.9456,0.0796,0.1899,200.0,0.0,95.67,83.0359,81.1924,81.1924,32311.2806,1769815921.4268875,5.43,94,1730,0.026,6,0,0,11.5,15.0,0,2980,1769815842.321,-78.101,meta-llama/Llama-3.2-1B-Instruct,"1769815842.321, 1769815842.343, 1769815842.378, 1769815842.382, 1769815842.402"
200.0,1,1769815640.2907,198.3328,3269,1028,4297,2.647,0.0839,0.1937,200.0,0.0,95.67,83.3428,81.6755,81.6755,32719.4107,1769815921.9828315,5.43,94,1735,0.089,12,1,0,11.5,15.0,0,2980,1769815842.321,-78.101,meta-llama/Llama-3.2-1B-Instruct,"1769815842.321, 1769815842.343, 1769815842.378, 1769815842.382, 1769815842.402"
200.0,1,1769815640.3984,198.6683,2546,1042,3588,2.2266,0.081,0.2059,200.0,0.0,95.67,82.9016,81.5699,81.5699,32719.4107,1769815921.98803,5.43,94,1735,0.089,12,1,0,11.5,15.0,0,2980,1769815842.321,-78.101,meta-llama/Llama-3.2-1B-Instruct,"1769815842.321, 1769815842.343, 1769815842.378, 1769815842.382, 1769815842.402"
200.0,1,1769815640.2371,198.3035,3020,1023,4043,2.7336,0.0853,0.1771,200.0,0.0,95.68,83.4331,81.7367,81.7367,32719.4107,1769815921.988616,5.42,94,1735,0.089,12,1,0,11.5,15.0,0,2980,1769815842.321,-78.101,meta-llama/Llama-3.2-1B-Instruct,"1769815842.321, 1769815842.343, 1769815842.378, 1769815842.382, 1769815842.402"
200.0,1,1769815640.3744,198.6776,2612,1030,3642,2.2381,0.0802,0.204,200.0,0.0,95.68,82.9232,81.6007,81.6007,32719.4107,1769815921.9904468,5.42,94,1735,0.089,12,1,0,11.5,15.0,0,2980,1769815842.321,-78.101,meta-llama/Llama-3.2-1B-Instruct,"1769815842.321, 1769815842.343, 1769815842.378, 1769815842.382, 1769815842.402"
200.0,1,1769815640.4271,198.7166,3305,1026,4331,2.1472,0.0812,0.209,200.0,0.0,95.68,82.8307,81.5473,81.5473,32719.4107,1769815921.99413,5.42,94,1735,0.089,12,1,0,11.5,15.0,0,2980,1769815842.321,-78.101,meta-llama/Llama-3.2-1B-Instruct,"1769815842.321, 1769815842.343, 1769815842.378, 1769815842.382, 1769815842.402"
200.0,1,1769815640.5206,198.818,2927,1026,3953,11.2147,0.0858,0.1856,200.0,0.0,95.68,83.9418,82.7598,82.7598,33789.6866,1769815923.297377,5.41,94,1748,0.234,31,0,0,11.5,15.0,0,2980,1769815842.321,-78.101,meta-llama/Llama-3.2-1B-Instruct,"1769815842.321, 1769815842.343, 1769815842.378, 1769815842.382, 1769815842.402"
200.0,1,1769815641.2558,199.3379,2407,1016,3423,9.966,0.0858,0.1936,200.0,0.0,95.69,82.6842,82.0221,82.0221,33872.0323,1769815923.2989821,5.41,94,1749,0.234,31,0,0,11.5,15.0,0,2980,1769815842.321,-78.101,meta-llama/Llama-3.2-1B-Instruct,"1769815842.321, 1769815842.343, 1769815842.378, 1769815842.382, 1769815842.402"
200.0,1,1769815641.004,199.2642,3367,1024,4391,10.3233,0.0805,0.1857,200.0,0.0,95.69,83.0148,82.2789,82.2789,33954.6302,1769815923.3042946,5.41,94,1750,0.234,31,0,0,11.5,15.0,0,2980,1769815842.321,-78.101,meta-llama/Llama-3.2-1B-Instruct,"1769815842.321, 1769815842.343, 1769815842.378, 1769815842.382, 1769815842.402"
200.0,1,1769815641.1761,199.244,3581,1030,4611,10.1801,0.0809,0.2186,200.0,0.0,95.69,82.8636,82.1076,82.1076,33954.6302,1769815923.3058133,5.4,94,1750,0.234,31,0,0,11.5,15.0,0,2980,1769815842.321,-78.101,meta-llama/Llama-3.2-1B-Instruct,"1769815842.321, 1769815842.343, 1769815842.378, 1769815842.382, 1769815842.402"
200.0,1,1769815641.2186,199.3121,5091,1030,6121,10.0587,0.0816,0.2144,200.0,0.0,95.7,82.7567,82.0687,82.0687,33954.6302,1769815923.3062532,5.4,94,1750,0.234,31,0,0,11.5,15.0,0,2980,1769815842.321,-78.101,meta-llama/Llama-3.2-1B-Instruct,"1769815842.321, 1769815842.343, 1769815842.378, 1769815842.382, 1769815842.402"
200.0,1,1769815640.5502,198.8745,3966,1030,4996,11.1552,0.0827,0.2056,200.0,0.0,95.7,83.8572,82.7317,82.7317,33954.6302,1769815923.3070977,5.41,94,1750,0.234,31,0,0,11.5,15.0,0,2980,1769815842.321,-78.101,meta-llama/Llama-3.2-1B-Instruct,"1769815842.321, 1769815842.343, 1769815842.378, 1769815842.382, 1769815842.402"
200.0,1,1769815641.1091,199.2027,3581,1029,4610,10.2854,0.08,0.2097,200.0,0.0,95.7,82.981,82.1837,82.1837,33954.6302,1769815923.310939,5.39,94,1750,0.234,31,0,0,11.5,15.0,0,2980,1769815842.321,-78.101,meta-llama/Llama-3.2-1B-Instruct,"1769815842.321, 1769815842.343, 1769815842.378, 1769815842.382, 1769815842.402"
200.0,1,1769815640.6437,198.9668,3671,1028,4699,10.9628,0.0815,0.1939,200.0,0.0,95.7,83.6853,82.6521,82.6521,33954.6302,1769815923.3133783,5.38,94,1750,0.234,31,0,0,11.5,15.0,0,2980,1769815842.321,-78.101,meta-llama/Llama-3.2-1B-Instruct,"1769815842.321, 1769815842.343, 1769815842.378, 1769815842.382, 1769815842.402"
200.0,1,1769815641.0704,199.1862,3159,1031,4190,10.315,0.0829,0.189,200.0,0.0,95.71,83.0348,82.221,82.221,33954.6302,1769815923.3137295,5.39,94,1750,0.234,31,0,0,11.5,15.0,0,2980,1769815842.321,-78.101,meta-llama/Llama-3.2-1B-Instruct,"1769815842.321, 1769815842.343, 1769815842.378, 1769815842.382, 1769815842.402"
200.0,1,1769815640.6764,198.9803,2589,1024,3613,10.9204,0.0823,0.1835,200.0,0.0,95.71,83.6401,82.6204,82.6204,33954.6302,1769815923.314877,5.38,94,1750,0.234,31,0,0,11.5,15.0,0,2980,1769815842.321,-78.101,meta-llama/Llama-3.2-1B-Instruct,"1769815842.321, 1769815842.343, 1769815842.378, 1769815842.382, 1769815842.402"
200.0,1,1769815640.916,199.125,2912,1029,3941,10.5342,0.0819,0.1854,200.0,0.0,95.71,83.2493,82.3743,82.3743,33954.6302,1769815923.315786,5.4,94,1750,0.234,31,0,0,11.5,15.0,0,2980,1769815842.321,-78.101,meta-llama/Llama-3.2-1B-Instruct,"1769815842.321, 1769815842.343, 1769815842.378, 1769815842.382, 1769815842.402"
200.0,1,1769815640.9522,199.1408,2678,1024,3702,10.5008,0.0816,0.2019,200.0,0.0,95.71,83.2048,82.3456,82.3456,33954.6302,1769815923.3161595,5.37,94,1750,0.234,31,0,0,11.5,15.0,0,2980,1769815842.321,-78.101,meta-llama/Llama-3.2-1B-Instruct,"1769815842.321, 1769815842.343, 1769815842.378, 1769815842.382, 1769815842.402"
200.0,1,1769815640.7028,198.9968,3675,1024,4699,10.8652,0.0829,0.2046,200.0,0.0,95.72,83.6011,82.5979,82.5979,33954.6302,1769815923.3168411,5.37,94,1750,0.234,31,0,0,11.5,15.0,0,2980,1769815842.321,-78.101,meta-llama/Llama-3.2-1B-Instruct,"1769815842.321, 1769815842.343, 1769815842.378, 1769815842.382, 1769815842.402"
200.0,1,1769815641.2854,199.3814,4119,1028,5147,9.9057,0.082,0.195,200.0,0.0,95.72,82.6273,82.0087,82.0087,33954.6302,1769815923.3180196,5.38,94,1750,0.234,31,0,0,11.5,15.0,0,2980,1769815842.321,-78.101,meta-llama/Llama-3.2-1B-Instruct,"1769815842.321, 1769815842.343, 1769815842.378, 1769815842.382, 1769815842.402"
200.0,1,1769815642.2307,220.5235,2899,0,2899,,,,200.0,,,71.9993,92.5229,92.5229,34139.8511,1769815934.772331,5.37,94,1752,0.959,30,29,0,11.5,15.0,0,3190,1769815843.239,-87.348,meta-llama/Llama-3.2-1B-Instruct,"1769815843.239, 1769815843.264, 1769815843.270, 1769815843.315, 1769815843.344"
200.0,1,1769815642.0671,214.1013,2714,0,2714,,,,200.0,,,78.5968,92.6981,92.6981,34232.1749,1769815934.7789133,5.37,94,1753,0.956,31,21,0,11.5,15.0,0,3190,1769815843.239,-87.348,meta-llama/Llama-3.2-1B-Instruct,"1769815843.239, 1769815843.264, 1769815843.270, 1769815843.315, 1769815843.344"
200.0,1,1769815642.4489,279.6975,3557,0,3557,,,,200.0,,,12.6263,92.3238,92.3238,34232.1749,1769815934.785854,5.36,94,1753,0.795,20,35,0,11.5,15.0,0,3190,1769815843.239,-87.348,meta-llama/Llama-3.2-1B-Instruct,"1769815843.239, 1769815843.264, 1769815843.270, 1769815843.315, 1769815843.344"
200.0,1,1769815641.333,209.5778,2472,1028,3500,1.0796,0.0812,0.3127,200.0,0.0,95.72,85.6446,95.2224,95.2224,34327.3973,1769815936.5715282,5.36,94,1754,0.821,58,0,0,11.5,15.0,0,3190,1769815843.239,-87.348,meta-llama/Llama-3.2-1B-Instruct,"1769815843.315, 1769815843.344, 1769815843.355, 1769815843.384, 1769815843.438"
1.0,0,1769815842.1367,81.8251,27,0,27,,,,1.0,,,13.0331,93.8582,93.8582,34421.2555,1769815937.0170512,5.36,94,1755,0.357,17,27,0,11.5,15.0,0,3190,1769815843.239,-87.348,meta-llama/Llama-3.2-1B-Instruct,"1769815843.315, 1769815843.344, 1769815843.355, 1769815843.384, 1769815843.438"
1.0,0,1769815840.9871,14.8914,27,12,39,78.8849,1.4686,1.4686,1.0,0.4686,95.66,81.5175,92.7763,92.7763,34514.0318,1769815937.398942,5.35,94,1756,0.956,31,18,0,11.5,15.0,0,3190,1769815843.239,-87.348,meta-llama/Llama-3.2-1B-Instruct,"1769815843.315, 1769815843.344, 1769815843.355, 1769815843.384, 1769815843.438"
200.0,1,1769815641.7481,213.5322,2643,20,2663,79.4729,1.4782,1.4782,200.0,0.0,95.67,82.6841,96.2163,96.2163,34610.2482,1769815937.9799702,5.35,94,1757,0.953,32,12,0,11.5,15.0,0,3190,1769815843.239,-87.348,meta-llama/Llama-3.2-1B-Instruct,"1769815843.315, 1769815843.344, 1769815843.355, 1769815843.384, 1769815843.438"
1.0,0,1769815840.6174,14.3271,27,32,59,71.1591,1.4613,8.6407,1.0,7.6407,95.61,83.7016,84.4862,84.4862,34694.7344,1769815938.6566339,5.35,94,1758,0.952,32,5,0,11.5,15.0,0,3190,1769815843.239,-87.348,meta-llama/Llama-3.2-1B-Instruct,"1769815843.315, 1769815843.344, 1769815843.355, 1769815843.384, 1769815843.438"
1.0,0,1769815840.5376,14.1419,27,32,59,71.4299,1.4481,8.642,1.0,7.642,95.56,83.9869,84.5717,84.5717,34948.2527,1769815938.679172,5.34,94,1761,0.95,32,3,0,11.5,15.0,0,3190,1769815843.239,-87.348,meta-llama/Llama-3.2-1B-Instruct,"1769815843.315, 1769815843.344, 1769815843.355, 1769815843.384, 1769815843.438"
1.0,0,1769815840.6876,14.3283,27,32,59,71.0887,1.4571,8.6572,1.0,7.6572,95.5,83.6577,84.417,84.417,35117.2021,1769815938.6816149,5.34,94,1763,0.952,32,8,0,11.5,15.0,0,3190,1769815843.239,-87.348,meta-llama/Llama-3.2-1B-Instruct,"1769815843.315, 1769815843.344, 1769815843.355, 1769815843.384, 1769815843.438"
1.0,0,1769815840.5703,14.3064,27,32,59,71.2232,1.4589,8.6405,1.0,7.6405,95.44,83.7893,84.5296,84.5296,35117.2021,1769815938.6823583,5.34,94,1763,0.951,32,4,0,11.5,15.0,0,3190,1769815843.239,-87.348,meta-llama/Llama-3.2-1B-Instruct,"1769815843.315, 1769815843.344, 1769815843.355, 1769815843.384, 1769815843.438"
1.0,0,1769815840.7475,14.4622,27,32,59,70.8968,1.4666,8.6616,1.0,7.6616,95.39,83.4704,84.359,84.359,35117.2021,1769815938.6826231,5.33,94,1763,0.953,32,10,0,11.5,15.0,0,3190,1769815843.239,-87.348,meta-llama/Llama-3.2-1B-Instruct,"1769815843.315, 1769815843.344, 1769815843.355, 1769815843.384, 1769815843.438"
1.0,0,1769815840.5015,13.625,27,32,59,71.9655,1.4889,8.6519,1.0,7.6519,95.33,84.5532,84.5904,84.5904,35117.2021,1769815938.6828344,5.33,94,1763,0.963,57,1,0,11.5,15.0,0,3190,1769815843.239,-87.348,meta-llama/Llama-3.2-1B-Instruct,"1769815843.315, 1769815843.344, 1769815843.355, 1769815843.384, 1769815843.438"
1.0,0,1769815841.0131,15.0667,27,32,59,78.6812,0.3515,1.4606,1.0,0.4606,95.28,82.6488,92.7479,92.7479,35672.3394,1769815938.7441556,5.33,94,1769,0.956,31,20,0,11.5,15.0,0,3190,1769815843.239,-87.348,meta-llama/Llama-3.2-1B-Instruct,"1769815843.315, 1769815843.344, 1769815843.355, 1769815843.384, 1769815843.438"
1.0,0,1769815841.1678,15.3685,27,32,59,78.2223,0.3584,1.463,1.0,0.463,95.22,82.1976,92.5908,92.5908,35672.3394,1769815938.7449408,5.32,94,1769,0.958,31,26,0,11.5,15.0,0,3190,1769815843.239,-87.348,meta-llama/Llama-3.2-1B-Instruct,"1769815843.315, 1769815843.344, 1769815843.355, 1769815843.384, 1769815843.438"
1.0,0,1769815841.3823,80.6837,27,32,59,12.6719,0.3865,1.4643,1.0,0.4643,95.17,16.6659,92.3556,92.3556,35672.3394,1769815938.746123,5.32,94,1769,0.795,20,35,0,11.5,15.0,0,3190,1769815843.239,-87.348,meta-llama/Llama-3.2-1B-Instruct,"1769815843.315, 1769815843.344, 1769815843.355, 1769815843.384, 1769815843.438"
1.0,0,1769815841.4547,80.7272,27,32,59,12.5578,0.3657,1.4734,1.0,0.4734,95.11,16.5618,92.285,92.285,35765.251,1769815938.7483528,5.31,94,1770,0.795,20,35,0,11.5,15.0,0,3190,1769815843.239,-87.348,meta-llama/Llama-3.2-1B-Instruct,"1769815843.315, 1769815843.344, 1769815843.355, 1769815843.384, 1769815843.438"
1.0,0,1769815841.1943,15.8733,27,32,59,77.6637,0.3652,1.4643,1.0,0.4643,95.06,81.659,92.537,92.537,35765.251,1769815938.7485373,5.33,94,1770,0.961,31,28,0,11.5,15.0,0,3190,1769815843.239,-87.348,meta-llama/Llama-3.2-1B-Instruct,"1769815843.315, 1769815843.344, 1769815843.355, 1769815843.384, 1769815843.438"
1.0,0,1769815840.839,14.7053,27,32,59,79.2063,0.3656,1.4713,1.0,0.4713,95.0,83.203,92.9116,92.9116,35858.202,1769815938.749417,5.31,94,1771,0.954,32,16,0,11.5,15.0,0,3190,1769815843.239,-87.348,meta-llama/Llama-3.2-1B-Instruct,"1769815843.315, 1769815843.344, 1769815843.355, 1769815843.384, 1769815843.438"
1.0,0,1769815841.1367,15.2693,27,24,51,78.3517,0.3682,1.4697,1.0,0.4697,94.94,82.3373,92.621,92.621,35858.202,1769815938.7495859,5.32,94,1771,0.958,31,25,0,11.5,15.0,0,3190,1769815843.239,-87.348,meta-llama/Llama-3.2-1B-Instruct,"1769815843.315, 1769815843.344, 1769815843.355, 1769815843.384, 1769815843.438"
1.0,0,1769815840.8157,14.6634,27,32,59,79.2876,0.3736,1.4679,1.0,0.4679,94.89,83.2699,92.951,92.951,35858.202,1769815938.75078,5.31,94,1771,0.954,32,14,0,11.5,15.0,0,3190,1769815843.239,-87.348,meta-llama/Llama-3.2-1B-Instruct,"1769815843.315, 1769815843.344, 1769815843.355, 1769815843.384, 1769815843.438"
1.0,0,1769815842.0141,81.6246,27,32,59,12.6607,0.1058,0.3661,1.0,0.0,94.89,15.2308,93.2853,93.2853,36137.9868,1769815938.8827662,5.3,94,1774,0.357,17,27,0,11.5,15.0,0,3190,1769815843.239,-87.348,meta-llama/Llama-3.2-1B-Instruct,"1769815843.315, 1769815843.344, 1769815843.355, 1769815843.384, 1769815843.438"
1.0,0,1769815842.1103,81.7566,27,32,59,12.4613,0.0939,0.3771,1.0,0.0,94.9,15.0127,93.2179,93.2179,36137.9868,1769815938.8848426,5.3,94,1774,0.357,17,27,0,11.5,15.0,0,3190,1769815843.239,-87.348,meta-llama/Llama-3.2-1B-Instruct,"1769815843.315, 1769815843.344, 1769815843.355, 1769815843.384, 1769815843.438"
1.0,0,1769815842.0436,81.6892,27,32,59,12.5924,0.0995,0.3738,1.0,0.0,94.9,15.1431,93.2816,93.2816,36137.9868,1769815938.8857195,5.3,94,1774,0.357,17,27,0,11.5,15.0,0,3190,1769815843.239,-87.348,meta-llama/Llama-3.2-1B-Instruct,"1769815843.315, 1769815843.344, 1769815843.355, 1769815843.384, 1769815843.438"
200.0,1,1769815641.3697,209.7433,3159,1028,4187,0.8839,0.081,0.3303,200.0,0.0,94.9,91.2063,100.9496,100.9496,36238.9364,1769815942.3355007,5.3,94,1775,0.821,58,0,0,11.5,15.0,0,3359,1769815844.019,-96.618,meta-llama/Llama-3.2-1B-Instruct,"1769815844.019, 1769815844.045, 1769815844.059, 1769815844.084, 1769815844.131"
1.0,0,1769815842.1637,81.8901,27,32,59,18.6882,0.0864,0.0894,1.0,0.0,94.9,20.808,99.5783,99.5783,36338.5147,1769815944.8671293,5.29,94,1776,0.357,17,27,0,11.5,15.0,0,3359,1769815844.019,-96.618,meta-llama/Llama-3.2-1B-Instruct,"1769815844.019, 1769815844.045, 1769815844.059, 1769815844.084, 1769815844.131"
200.0,1,1769815641.3939,209.9821,3009,1023,4032,0.9928,0.0811,0.248,200.0,0.0,94.91,110.9636,120.9457,120.9457,36459.4604,1769815962.3577807,5.29,94,1777,0.873,59,0,0,11.5,15.0,0,3683,1769815844.059,-116.788,meta-llama/Llama-3.2-1B-Instruct,"1769815844.059, 1769815844.084, 1769815844.131, 1769815844.151, 1769815844.180"
200.0,1,1769815641.5785,213.3038,3317,460,3777,71.2206,0.0864,0.3666,200.0,0.0,94.91,113.0568,126.3606,126.3606,36585.821,1769815967.9535038,5.29,94,1778,0.951,32,5,0,11.5,15.0,0,3767,1769815844.084,-121.775,meta-llama/Llama-3.2-1B-Instruct,"1769815844.084, 1769815844.131, 1769815844.151, 1769815844.180, 1769815844.202"
200.0,1,1769815641.4335,211.5873,3155,955,4110,0.5148,0.084,0.3279,200.0,0.0,94.91,115.6441,127.2314,127.2314,36713.0523,1769815968.68015,5.28,94,1779,0.903,56,0,0,11.5,15.0,0,3767,1769815844.084,-121.775,meta-llama/Llama-3.2-1B-Instruct,"1769815844.084, 1769815844.131, 1769815844.151, 1769815844.180, 1769815844.202"
200.0,1,1769815642.0063,213.9446,2661,501,3162,78.7965,0.0859,0.3651,200.0,0.0,94.92,116.4403,130.3849,130.3849,36843.4372,1769815972.4071522,5.28,94,1780,0.956,31,19,0,11.5,15.0,0,3852,1769815844.151,-126.712,meta-llama/Llama-3.2-1B-Instruct,"1769815844.151, 1769815844.180, 1769815844.202, 1769815844.228, 1769815844.242"
200.0,1,1769815642.0927,214.1586,3324,580,3904,78.4918,0.0851,0.3571,200.0,0.0,94.92,122.0697,136.2283,136.2283,36979.6655,1769815978.3364706,5.28,94,1781,0.956,31,23,0,11.5,15.0,0,3930,1769815844.18,-131.732,meta-llama/Llama-3.2-1B-Instruct,"1769815844.180, 1769815844.202, 1769815844.228, 1769815844.242, 1769815844.280"
200.0,1,1769815641.4576,211.6844,2610,1026,3636,0.7261,0.0847,0.335,200.0,0.0,94.92,128.3765,140.0609,140.0609,37119.7264,1769815981.5394967,5.27,94,1782,0.936,58,0,0,11.5,15.0,0,4011,1769815844.202,-136.714,meta-llama/Llama-3.2-1B-Instruct,"1769815844.202, 1769815844.228, 1769815844.242, 1769815844.280, 1769815844.344"
1.0,0,1769815842.2386,92.6737,27,32,59,47.3602,0.0892,0.0917,1.0,0.0,94.93,49.4758,139.0339,139.0339,37258.7602,1769815984.4005005,5.27,94,1783,0.99,51,6,0,11.5,15.0,0,4011,1769815844.202,-136.714,meta-llama/Llama-3.2-1B-Instruct,"1769815844.202, 1769815844.228, 1769815844.242, 1769815844.280, 1769815844.344"
1.0,0,1769815842.2697,93.0996,27,32,59,51.4389,0.0931,0.3684,1.0,0.0,94.93,53.5425,143.5386,143.5386,37402.2988,1769815988.9216824,5.27,94,1784,0.99,51,6,0,11.5,15.0,0,4099,1769815844.242,-141.681,meta-llama/Llama-3.2-1B-Instruct,"1769815844.242, 1769815844.280, 1769815844.344, 1769815844.396, 1769815844.452"
200.0,1,1769815641.4859,211.7081,4884,1023,5907,72.9138,0.0831,0.3697,200.0,0.0,94.93,155.6969,167.405,167.405,38238.8161,1769816008.9124432,5.27,94,1789,0.936,58,0,0,11.5,15.0,0,4415,1769815844.28,-161.789,meta-llama/Llama-3.2-1B-Instruct,"1769815844.280, 1769815844.344, 1769815844.396, 1769815844.452, 1769815844.492"
200.0,1,1769815641.6971,213.3886,2441,1030,3471,71.0106,0.0837,0.3724,200.0,0.0,94.93,153.8129,167.2015,167.2015,38238.8161,1769816008.9153728,5.26,94,1789,0.952,32,9,0,11.5,15.0,0,4415,1769815844.28,-161.789,meta-llama/Llama-3.2-1B-Instruct,"1769815844.280, 1769815844.344, 1769815844.396, 1769815844.452, 1769815844.492"
200.0,1,1769815641.5123,212.7045,2914,1025,3939,71.8841,0.0835,0.372,200.0,0.0,94.94,154.6828,167.3873,167.3873,38238.8161,1769816008.917841,5.25,94,1789,0.964,57,2,0,11.5,15.0,0,4415,1769815844.28,-161.789,meta-llama/Llama-3.2-1B-Instruct,"1769815844.280, 1769815844.344, 1769815844.396, 1769815844.452, 1769815844.492"
200.0,1,1769815641.5495,213.1954,2886,1026,3912,71.3543,0.0833,0.3684,200.0,0.0,94.94,154.1539,167.3494,167.3494,38238.8161,1769816008.9181828,5.26,94,1789,0.951,32,3,0,11.5,15.0,0,4415,1769815844.28,-161.789,meta-llama/Llama-3.2-1B-Instruct,"1769815844.280, 1769815844.344, 1769815844.396, 1769815844.452, 1769815844.492"
200.0,1,1769815641.7226,213.4332,3006,1025,4031,70.9543,0.0839,0.363,200.0,0.0,94.94,153.741,167.1741,167.1741,38238.8161,1769816008.9215837,5.26,94,1789,0.952,32,9,0,11.5,15.0,0,4415,1769815844.28,-161.789,meta-llama/Llama-3.2-1B-Instruct,"1769815844.280, 1769815844.344, 1769815844.396, 1769815844.452, 1769815844.492"
200.0,1,1769815642.8601,280.5573,2516,1024,3540,11.3178,0.0861,0.3409,200.0,0.0,94.95,85.5608,166.1181,166.1181,40739.3045,1769816009.001514,5.25,94,1804,0.357,17,27,0,11.5,15.0,0,4415,1769815844.28,-161.789,meta-llama/Llama-3.2-1B-Instruct,"1769815844.280, 1769815844.344, 1769815844.396, 1769815844.452, 1769815844.492"
200.0,1,1769815642.4023,279.7105,2536,1023,3559,12.6239,0.0878,0.341,200.0,0.0,94.95,86.8699,166.5804,166.5804,40739.3045,1769816009.0024254,5.24,94,1804,0.795,20,35,0,11.5,15.0,0,4415,1769815844.28,-161.789,meta-llama/Llama-3.2-1B-Instruct,"1769815844.280, 1769815844.344, 1769815844.396, 1769815844.452, 1769815844.492"
200.0,1,1769815642.031,214.0658,3376,1023,4399,78.6325,0.0844,0.3441,200.0,0.0,94.95,152.8855,166.9513,166.9513,40739.3045,1769816009.0061119,5.25,94,1804,0.956,31,21,0,11.5,15.0,0,4415,1769815844.28,-161.789,meta-llama/Llama-3.2-1B-Instruct,"1769815844.280, 1769815844.344, 1769815844.396, 1769815844.452, 1769815844.492"
200.0,1,1769815642.2986,268.5106,2441,1022,3463,23.9231,0.0882,0.3635,200.0,0.0,94.95,98.1705,166.6811,166.6811,40739.3045,1769816009.0072308,5.25,94,1804,0.965,25,34,0,11.5,15.0,0,4415,1769815844.28,-161.789,meta-llama/Llama-3.2-1B-Instruct,"1769815844.280, 1769815844.344, 1769815844.396, 1769815844.452, 1769815844.492"
200.0,1,1769815641.9688,213.8476,2552,1024,3576,78.9294,0.0856,0.3393,200.0,0.0,94.96,153.1718,167.0193,167.0193,40739.3045,1769816009.0076597,5.24,94,1804,0.955,32,18,0,11.5,15.0,0,4415,1769815844.28,-161.789,meta-llama/Llama-3.2-1B-Instruct,"1769815844.280, 1769815844.344, 1769815844.396, 1769815844.452, 1769815844.492"
200.0,1,1769815641.811,213.6057,2407,1015,3422,79.3249,0.0847,0.3439,200.0,0.0,94.96,153.5726,167.1782,167.1782,40739.3045,1769816009.0082562,5.24,94,1804,0.954,32,13,0,11.5,15.0,0,4415,1769815844.28,-161.789,meta-llama/Llama-3.2-1B-Instruct,"1769815844.280, 1769815844.344, 1769815844.396, 1769815844.452, 1769815844.492"
200.0,1,1769815642.3208,279.1008,2877,1023,3900,13.3505,0.083,0.3599,200.0,0.0,94.96,87.57,166.6708,166.6708,40739.3045,1769816009.0086026,5.23,94,1804,0.886,22,35,0,11.5,15.0,0,4415,1769815844.28,-161.789,meta-llama/Llama-3.2-1B-Instruct,"1769815844.280, 1769815844.344, 1769815844.396, 1769815844.452, 1769815844.492"
200.0,1,1769815642.3429,279.1784,2527,1024,3551,13.2288,0.084,0.3687,200.0,0.0,94.97,87.4686,166.6471,166.6471,40739.3045,1769816009.0108762,5.23,94,1804,0.886,22,35,0,11.5,15.0,0,4415,1769815844.28,-161.789,meta-llama/Llama-3.2-1B-Instruct,"1769815844.280, 1769815844.344, 1769815844.396, 1769815844.452, 1769815844.492"
200.0,1,1769815642.9476,280.6341,2808,1026,3834,11.173,0.0842,0.3618,200.0,0.0,94.97,85.4118,166.0459,166.0459,40739.3045,1769816009.0112207,5.22,94,1804,0.357,17,27,0,11.5,15.0,0,4415,1769815844.28,-161.789,meta-llama/Llama-3.2-1B-Instruct,"1769815844.280, 1769815844.344, 1769815844.396, 1769815844.452, 1769815844.492"
200.0,1,1769815641.7736,213.5681,3014,1029,4043,79.3917,0.0891,0.3442,200.0,0.0,94.97,153.6506,167.2187,167.2187,40739.3045,1769816009.0151756,5.23,94,1804,0.954,32,12,0,11.5,15.0,0,4415,1769815844.28,-161.789,meta-llama/Llama-3.2-1B-Instruct,"1769815844.280, 1769815844.344, 1769815844.396, 1769815844.452, 1769815844.492"
200.0,1,1769815642.1667,214.3095,3516,1036,4552,78.2938,0.0847,0.3475,200.0,0.0,94.97,152.5145,166.8241,166.8241,40739.3045,1769816009.0157897,5.23,94,1804,0.958,31,25,0,11.5,15.0,0,4415,1769815844.28,-161.789,meta-llama/Llama-3.2-1B-Instruct,"1769815844.280, 1769815844.344, 1769815844.396, 1769815844.452, 1769815844.492"
200.0,1,1769815642.8995,280.6726,2633,1026,3659,11.1836,0.0837,0.3594,200.0,0.0,94.98,85.4281,166.1007,166.1007,40739.3045,1769816009.017543,5.21,94,1804,0.357,17,27,0,11.5,15.0,0,4415,1769815844.28,-161.789,meta-llama/Llama-3.2-1B-Instruct,"1769815844.280, 1769815844.344, 1769815844.396, 1769815844.452, 1769815844.492"
200.0,1,1769815642.2732,225.3726,4739,1027,5766,67.1021,0.0841,0.3487,200.0,0.0,94.98,141.3491,166.7217,166.7217,40739.3045,1769816009.0207107,5.22,94,1804,0.95,29,30,0,11.5,15.0,0,4415,1769815844.28,-161.789,meta-llama/Llama-3.2-1B-Instruct,"1769815844.280, 1769815844.344, 1769815844.396, 1769815844.452, 1769815844.492"
200.0,1,1769815642.3776,279.1821,5078,1028,6106,13.1746,0.088,0.3604,200.0,0.0,94.98,87.4357,166.6179,166.6179,40739.3045,1769816009.0211458,5.22,94,1804,0.886,22,35,0,11.5,15.0,0,4415,1769815844.28,-161.789,meta-llama/Llama-3.2-1B-Instruct,"1769815844.280, 1769815844.344, 1769815844.396, 1769815844.452, 1769815844.492"
200.0,1,1769815641.8862,213.7781,2900,1025,3925,79.0719,0.0873,0.3475,200.0,0.0,94.99,153.335,167.1131,167.1131,40739.3045,1769816009.022816,5.21,94,1804,0.955,32,17,0,11.5,15.0,0,4415,1769815844.28,-161.789,meta-llama/Llama-3.2-1B-Instruct,"1769815844.280, 1769815844.344, 1769815844.396, 1769815844.452, 1769815844.492"
200.0,1,1769815642.9228,280.6544,2739,1024,3763,12.7448,0.0834,0.3745,200.0,0.0,94.99,97.1447,177.7992,177.7992,41450.1526,1769816020.7464688,5.2,94,1808,0.357,17,27,0,11.5,15.0,0,4597,1769815844.917,-171.194,meta-llama/Llama-3.2-1B-Instruct,"1769815844.917, 1769815844.932, 1769815844.944, 1769815844.959, 1769815844.970"
200.0,1,1769815643.0506,280.7346,3871,1029,4900,12.5206,0.0841,0.3652,200.0,0.0,94.99,96.9315,177.666,177.666,41450.1526,1769816020.750938,5.21,94,1808,0.357,17,27,0,11.5,15.0,0,4597,1769815844.917,-171.194,meta-llama/Llama-3.2-1B-Instruct,"1769815844.917, 1769815844.932, 1769815844.944, 1769815844.959, 1769815844.970"
200.0,1,1769815643.0749,280.7513,2461,1025,3486,12.4843,0.0841,0.3485,200.0,0.0,94.99,96.9091,177.6604,177.6604,41450.1526,1769816020.7529593,5.2,94,1808,0.357,17,27,0,11.5,15.0,0,4597,1769815844.917,-171.194,meta-llama/Llama-3.2-1B-Instruct,"1769815844.917, 1769815844.932, 1769815844.944, 1769815844.959, 1769815844.970"
200.0,1,1769815643.0219,280.646,2635,1024,3659,12.6448,0.0849,0.3625,200.0,0.0,95.0,97.0765,177.7225,177.7225,41450.1526,1769816020.7560346,5.2,94,1808,0.357,17,27,0,11.5,15.0,0,4597,1769815844.917,-171.194,meta-llama/Llama-3.2-1B-Instruct,"1769815844.917, 1769815844.932, 1769815844.944, 1769815844.959, 1769815844.970"
1.0,0,1769815842.3435,94.7836,27,32,59,74.6037,1.4904,8.9768,1.0,7.9768,94.94,87.0965,168.3873,168.3873,41618.5399,1769816024.2445586,5.2,94,1809,0.99,51,8,0,11.5,15.0,0,4692,1769815844.97,-176.18,meta-llama/Llama-3.2-1B-Instruct,"1769815844.970, 1769815844.987, 1769815844.997, 1769815845.025, 1769815845.052"
1.0,0,1769815842.6277,96.6105,27,32,59,81.5055,0.0831,1.5088,1.0,0.5088,94.89,85.0627,177.1161,177.1161,41795.656,1769816024.3091784,5.19,94,1810,0.966,32,16,0,11.5,15.0,0,4692,1769815844.97,-176.18,meta-llama/Llama-3.2-1B-Instruct,"1769815844.970, 1769815844.987, 1769815844.997, 1769815845.025, 1769815845.052"
1.0,0,1769815842.7282,96.959,27,32,59,81.0178,0.0913,1.4906,1.0,0.4906,94.84,84.6267,176.9768,176.9768,42502.9228,1769816024.3187957,5.19,94,1814,0.968,32,23,0,11.5,15.0,0,4692,1769815844.97,-176.18,meta-llama/Llama-3.2-1B-Instruct,"1769815844.970, 1769815844.987, 1769815844.997, 1769815845.025, 1769815845.052"
1.0,0,1769815843.059,119.4236,27,32,59,58.2567,0.0863,1.5054,1.0,0.5054,94.78,61.8318,176.6803,176.6803,42502.9228,1769816024.3189979,5.18,94,1814,0.986,30,29,0,11.5,15.0,0,4692,1769815844.97,-176.18,meta-llama/Llama-3.2-1B-Instruct,"1769815844.970, 1769815844.987, 1769815844.997, 1769815845.025, 1769815845.052"
1.0,0,1769815843.1312,125.6466,27,32,59,51.9318,0.093,1.4888,1.0,0.4888,94.73,55.5332,176.5784,176.5784,42502.9228,1769816024.3191626,5.19,94,1814,0.99,30,29,0,11.5,15.0,0,4692,1769815844.97,-176.18,meta-llama/Llama-3.2-1B-Instruct,"1769815844.970, 1769815844.987, 1769815844.997, 1769815845.025, 1769815845.052"
1.0,0,1769815842.7004,96.8229,27,32,59,81.2083,0.096,1.5086,1.0,0.5086,94.67,84.7952,177.0313,177.0313,42502.9228,1769816024.3203666,5.18,94,1814,0.967,32,20,0,11.5,15.0,0,4692,1769815844.97,-176.18,meta-llama/Llama-3.2-1B-Instruct,"1769815844.970, 1769815844.987, 1769815844.997, 1769815845.025, 1769815845.052"
1.0,0,1769815843.2015,138.4425,27,32,59,40.6461,0.0827,0.0899,1.0,0.0,94.68,42.7825,178.0886,178.0886,42859.0704,1769816024.4308705,5.18,94,1816,0.984,29,30,0,11.5,15.0,0,4692,1769815844.97,-176.18,meta-llama/Llama-3.2-1B-Instruct,"1769815844.970, 1769815844.987, 1769815844.997, 1769815845.025, 1769815845.052"
1.0,0,1769815843.2281,141.3344,27,33,60,37.7247,0.0907,0.1017,1.0,0.0,94.68,39.8558,178.0591,178.0591,42859.0704,1769816024.4315217,5.18,94,1816,0.993,28,31,0,11.5,15.0,0,4692,1769815844.97,-176.18,meta-llama/Llama-3.2-1B-Instruct,"1769815844.970, 1769815844.987, 1769815844.997, 1769815845.025, 1769815845.052"
200.0,1,1769815643.5747,295.5132,2516,68,2584,81.6369,0.0873,1.5187,200.0,0.0,94.68,87.6744,183.1875,183.1875,43042.258,1769816026.7732244,5.17,94,1817,0.965,32,14,0,11.5,15.0,0,4762,1769815845.12,-181.059,meta-llama/Llama-3.2-1B-Instruct,"1769815845.120, 1769815845.147, 1769815845.197, 1769815845.315, 1769815845.340"
200.0,1,1769815643.2644,292.0593,2898,152,3050,51.495,0.0842,8.9974,200.0,0.0,94.69,91.7046,183.764,183.764,43226.0219,1769816027.0403473,5.17,94,1818,0.99,51,6,0,11.5,15.0,0,4762,1769815845.12,-181.059,meta-llama/Llama-3.2-1B-Instruct,"1769815845.120, 1769815845.147, 1769815845.197, 1769815845.315, 1769815845.340"
200.0,1,1769815643.1232,280.7949,2961,1025,3986,13.0861,0.0835,0.3735,200.0,0.0,94.69,107.138,187.9329,187.9329,43413.9549,1769816031.069132,5.17,94,1819,0.357,17,27,0,11.5,15.0,0,4762,1769815845.12,-181.059,meta-llama/Llama-3.2-1B-Instruct,"1769815845.120, 1769815845.147, 1769815845.197, 1769815845.315, 1769815845.340"
200.0,1,1769815643.1621,280.8386,2779,1033,3812,18.7353,0.085,0.3726,200.0,0.0,94.69,123.776,204.6145,204.6145,43618.5694,1769816047.7932599,5.16,94,1820,0.357,17,27,0,11.5,15.0,0,5070,1769815845.315,-200.907,meta-llama/Llama-3.2-1B-Instruct,"1769815845.315, 1769815845.340, 1769815845.362, 1769815845.388, 1769815845.414"
200.0,1,1769815643.2012,280.9007,2905,1034,3939,45.3638,0.0822,0.3798,200.0,0.0,94.7,140.3163,221.217,221.217,43839.7864,1769816064.4431484,5.16,94,1821,0.357,17,27,0,11.5,15.0,0,5295,1769815845.34,-215.952,meta-llama/Llama-3.2-1B-Instruct,"1769815845.340, 1769815845.362, 1769815845.388, 1769815845.414, 1769815845.437"
200.0,1,1769815643.8082,296.0312,3283,664,3947,80.8944,0.0848,0.4026,200.0,0.0,94.7,128.8109,224.842,224.842,44064.6284,1769816068.6661854,5.16,94,1822,0.968,32,24,0,11.5,15.0,0,5370,1769815845.362,-220.968,meta-llama/Llama-3.2-1B-Instruct,"1769815845.362, 1769815845.388, 1769815845.414, 1769815845.437, 1769815845.464"
200.0,1,1769815643.6605,295.7525,2972,755,3727,81.2956,0.0859,0.3459,200.0,0.0,94.7,135.4067,231.1592,231.1592,44295.7876,1769816074.8337948,5.16,94,1823,0.967,32,18,0,11.5,15.0,0,5450,1769815845.388,-225.98,meta-llama/Llama-3.2-1B-Instruct,"1769815845.388, 1769815845.414, 1769815845.437, 1769815845.464, 1769815845.519"
200.0,1,1769815643.3551,294.1979,2461,945,3406,74.1838,0.0829,0.3774,200.0,0.0,94.7,151.7806,245.9785,245.9785,44541.7661,1769816089.372113,5.15,94,1824,0.992,50,9,0,11.5,15.0,0,5687,1769815845.414,-241.023,meta-llama/Llama-3.2-1B-Instruct,"1769815845.414, 1769815845.437, 1769815845.464, 1769815845.519, 1769815845.551"
200.0,1,1769815643.2366,280.9099,5033,1024,6057,58.1342,0.0862,0.4063,200.0,0.0,94.71,167.0594,247.9693,247.9693,44789.7353,1769816091.2268486,5.15,94,1825,0.357,17,27,0,11.5,15.0,0,5687,1769815845.414,-241.023,meta-llama/Llama-3.2-1B-Instruct,"1769815845.414, 1769815845.437, 1769815845.464, 1769815845.519, 1769815845.551"
200.0,1,1769815643.3149,293.3836,3246,1032,4278,75.0373,0.0846,0.3961,200.0,0.0,94.71,159.9561,253.3397,253.3397,45043.075,1769816096.6722746,5.15,94,1826,0.99,52,7,0,11.5,15.0,0,5851,1769815845.464,-251.025,meta-llama/Llama-3.2-1B-Instruct,"1769815845.464, 1769815845.519, 1769815845.551, 1769815845.558, 1769815845.577"
200.0,1,1769815643.6343,295.7735,2913,1028,3941,81.3177,0.0855,0.3921,200.0,0.0,94.71,157.3431,253.1166,253.1166,48585.7739,1769816096.7813451,5.13,94,1840,0.966,32,17,0,11.5,15.0,0,5851,1769815845.464,-251.025,meta-llama/Llama-3.2-1B-Instruct,"1769815845.464, 1769815845.519, 1769815845.551, 1769815845.558, 1769815845.577"
200.0,1,1769815643.8997,296.0803,5781,1025,6806,80.766,0.0834,0.3749,200.0,0.0,94.72,156.7654,252.8457,252.8457,48585.7739,1769816096.781826,5.14,94,1840,0.969,32,26,0,11.5,15.0,0,5851,1769815845.464,-251.025,meta-llama/Llama-3.2-1B-Instruct,"1769815845.464, 1769815845.519, 1769815845.551, 1769815845.558, 1769815845.577"
200.0,1,1769815643.7264,295.8906,3037,1026,4063,81.1112,0.0865,0.3785,200.0,0.0,94.72,157.127,253.0176,253.0176,48585.7739,1769816096.7838824,5.14,94,1840,0.968,32,21,0,11.5,15.0,0,5851,1769815845.464,-251.025,meta-llama/Llama-3.2-1B-Instruct,"1769815845.464, 1769815845.519, 1769815845.551, 1769815845.558, 1769815845.577"
200.0,1,1769815643.4639,295.4287,2657,1028,3685,81.8224,0.0858,0.3869,200.0,0.0,94.72,157.8538,253.2825,253.2825,48585.7739,1769816096.7843482,5.13,94,1840,0.964,32,11,0,11.5,15.0,0,5851,1769815845.464,-251.025,meta-llama/Llama-3.2-1B-Instruct,"1769815845.464, 1769815845.519, 1769815845.551, 1769815845.558, 1769815845.577"
200.0,1,1769815643.6877,295.7938,3103,1028,4131,81.269,0.0849,0.385,200.0,0.0,94.73,157.2671,253.0608,253.0608,48585.7739,1769816096.785611,5.13,94,1840,0.967,32,20,0,11.5,15.0,0,5851,1769815845.464,-251.025,meta-llama/Llama-3.2-1B-Instruct,"1769815845.464, 1769815845.519, 1769815845.551, 1769815845.558, 1769815845.577"
200.0,1,1769815643.4384,295.3852,5186,1026,6212,81.8835,0.0875,0.3903,200.0,0.0,94.73,157.9175,253.3026,253.3026,48585.7739,1769816096.7860594,5.14,94,1840,0.966,35,11,0,11.5,15.0,0,5851,1769815845.464,-251.025,meta-llama/Llama-3.2-1B-Instruct,"1769815845.464, 1769815845.519, 1769815845.551, 1769815845.558, 1769815845.577"
200.0,1,1769815643.6057,295.5614,4739,1026,5765,81.5438,0.0878,0.4066,200.0,0.0,94.73,157.5708,253.1322,253.1322,48585.7739,1769816096.7875352,5.15,94,1840,0.965,32,15,0,11.5,15.0,0,5851,1769815845.464,-251.025,meta-llama/Llama-3.2-1B-Instruct,"1769815845.464, 1769815845.519, 1769815845.551, 1769815845.558, 1769815845.577"
200.0,1,1769815644.0843,323.9943,3653,1023,4676,52.6427,0.085,0.4016,200.0,0.0,94.73,128.6807,252.675,252.675,48585.7739,1769816096.7887416,5.12,94,1840,0.972,29,30,0,11.5,15.0,0,5851,1769815845.464,-251.025,meta-llama/Llama-3.2-1B-Instruct,"1769815845.464, 1769815845.519, 1769815845.551, 1769815845.558, 1769815845.577"
200.0,1,1769815643.8637,296.0515,2585,1029,3614,80.7878,0.0844,0.3895,200.0,0.0,94.74,156.845,252.8965,252.8965,48585.7739,1769816096.7905438,5.12,94,1840,0.969,32,25,0,11.5,15.0,0,5851,1769815845.464,-251.025,meta-llama/Llama-3.2-1B-Instruct,"1769815845.464, 1769815845.519, 1769815845.551, 1769815845.558, 1769815845.577"
200.0,1,1769815643.5325,295.4969,2413,1027,3440,81.6971,0.0862,0.4039,200.0,0.0,94.74,157.7426,253.2395,253.2395,48838.7854,1769816096.7919364,5.11,94,1841,0.964,32,14,0,11.5,15.0,0,5851,1769815845.464,-251.025,meta-llama/Llama-3.2-1B-Instruct,"1769815845.464, 1769815845.519, 1769815845.551, 1769815845.558, 1769815845.577"
200.0,1,1769815643.384,294.7418,4303,1022,5325,82.604,0.0842,0.3845,200.0,0.0,94.74,158.6429,253.3847,253.3847,48838.7854,1769816096.792441,5.12,94,1841,0.971,49,10,0,11.5,15.0,0,5851,1769815845.464,-251.025,meta-llama/Llama-3.2-1B-Instruct,"1769815845.464, 1769815845.519, 1769815845.551, 1769815845.558, 1769815845.577"
200.0,1,1769815644.0189,298.4319,3655,1022,4677,78.287,0.0851,0.4036,200.0,0.0,94.75,154.2993,252.7312,252.7312,48838.7854,1769816096.7974892,5.13,94,1841,0.967,33,26,0,11.5,15.0,0,5851,1769815845.464,-251.025,meta-llama/Llama-3.2-1B-Instruct,"1769815845.464, 1769815845.519, 1769815845.551, 1769815845.558, 1769815845.577"
200.0,1,1769815644.0452,300.9402,4077,1024,5101,75.7639,0.084,0.385,200.0,0.0,94.75,151.7946,252.7348,252.7348,48838.7854,1769816096.7978263,5.11,94,1841,0.977,32,27,0,11.5,15.0,0,5851,1769815845.464,-251.025,meta-llama/Llama-3.2-1B-Instruct,"1769815845.464, 1769815845.519, 1769815845.551, 1769815845.558, 1769815845.577"
200.0,1,1769815643.4946,295.4505,3545,1029,4574,81.7735,0.084,0.4008,200.0,0.0,94.75,157.8285,253.279,253.279,48838.7854,1769816096.8026965,5.11,94,1841,0.964,32,12,0,11.5,15.0,0,5851,1769815845.464,-251.025,meta-llama/Llama-3.2-1B-Instruct,"1769815845.464, 1769815845.519, 1769815845.551, 1769815845.558, 1769815845.577"
200.0,1,1769815643.7794,295.9904,3180,1023,4203,80.9427,0.0888,0.3722,200.0,0.0,94.75,157.0211,253.0115,253.0115,48838.7854,1769816096.8075495,5.11,94,1841,0.968,32,24,0,11.5,15.0,0,5851,1769815845.464,-251.025,meta-llama/Llama-3.2-1B-Instruct,"1769815845.464, 1769815845.519, 1769815845.551, 1769815845.558, 1769815845.577"
200.0,1,1769815644.1505,328.3516,3051,1023,4074,49.7955,0.0857,0.4041,200.0,0.0,94.76,134.7482,263.0998,263.0998,49891.0195,1769816107.2860098,5.1,94,1845,0.972,29,30,0,11.5,15.0,0,6039,1769815845.951,-260.582,meta-llama/Llama-3.2-1B-Instruct,"1769815845.951, 1769815845.977, 1769815845.979, 1769815846.007, 1769815846.045"
200.0,1,1769815644.2424,344.8238,2572,1024,3596,33.2515,0.0877,0.4055,200.0,0.0,94.76,118.2058,263.0296,263.0296,49891.0195,1769816107.2879424,5.1,94,1845,0.988,28,31,0,11.5,15.0,0,6039,1769815845.951,-260.582,meta-llama/Llama-3.2-1B-Instruct,"1769815845.951, 1769815845.977, 1769815845.979, 1769815846.007, 1769815846.045"
200.0,1,1769815644.1797,334.3093,3359,1027,4386,43.8201,0.0865,0.4007,200.0,0.0,94.76,128.7894,263.0987,263.0987,49891.0195,1769816107.297783,5.1,94,1845,0.958,28,31,0,11.5,15.0,0,6039,1769815845.951,-260.582,meta-llama/Llama-3.2-1B-Instruct,"1769815845.951, 1769815845.977, 1769815845.979, 1769815846.007, 1769815846.045"
200.0,1,1769815644.2796,364.7671,2680,1034,3714,13.2743,0.0838,0.4086,200.0,0.0,94.77,98.2389,263.0059,263.0059,49891.0195,1769816107.306326,5.09,94,1845,0.382,12,28,0,11.5,15.0,0,6039,1769815845.951,-260.582,meta-llama/Llama-3.2-1B-Instruct,"1769815845.951, 1769815845.977, 1769815845.979, 1769815846.007, 1769815846.045"
1.0,0,1769815843.891,166.0501,27,32,59,97.3154,0.1046,2.0079,1.0,1.0079,94.71,101.4819,262.3655,262.3655,50677.969,1769816111.4330552,5.09,94,1848,0.382,12,28,0,11.5,15.0,0,6039,1769815845.951,-260.582,meta-llama/Llama-3.2-1B-Instruct,"1769815845.951, 1769815845.977, 1769815845.979, 1769815846.007, 1769815846.045"
1.0,0,1769815843.9443,177.0277,27,32,59,86.2824,0.0919,2.0084,1.0,1.0084,94.66,90.457,262.3101,262.3101,51465.4812,1769816111.4388475,5.09,94,1851,0.949,37,19,0,11.5,15.0,0,6039,1769815845.951,-260.582,meta-llama/Llama-3.2-1B-Instruct,"1769815845.951, 1769815845.977, 1769815845.979, 1769815846.007, 1769815846.045"
1.0,0,1769815843.9973,180.5381,27,34,61,82.749,0.0954,2.0119,1.0,1.0119,94.61,86.9049,262.2871,262.2871,53564.3703,1769816111.4486907,5.07,94,1859,0.956,29,24,0,11.5,15.0,0,6039,1769815845.951,-260.582,meta-llama/Llama-3.2-1B-Instruct,"1769815845.951, 1769815845.977, 1769815845.979, 1769815846.007, 1769815846.045"
1.0,0,1769815844.052,180.7281,27,32,59,82.487,0.1069,1.9979,1.0,0.9979,94.56,86.6534,262.215,262.215,53826.2813,1769816111.4498196,5.08,94,1860,0.957,29,27,0,11.5,15.0,0,6039,1769815845.951,-260.582,meta-llama/Llama-3.2-1B-Instruct,"1769815845.951, 1769815845.977, 1769815845.979, 1769815846.007, 1769815846.045"
1.0,0,1769815843.7008,166.0498,27,32,59,97.5187,0.0871,2.0185,1.0,1.0185,94.5,101.6842,262.5685,262.5685,53826.2813,1769816111.4501312,5.08,94,1860,0.382,12,28,0,11.5,15.0,0,6039,1769815845.951,-260.582,meta-llama/Llama-3.2-1B-Instruct,"1769815845.951, 1769815845.977, 1769815845.979, 1769815846.007, 1769815846.045"
1.0,0,1769815843.8631,165.9773,27,32,59,97.442,0.1124,1.9814,1.0,0.9814,94.45,101.6017,262.4193,262.4193,53826.2813,1769816111.4503193,5.07,94,1860,0.382,12,28,0,11.5,15.0,0,6039,1769815845.951,-260.582,meta-llama/Llama-3.2-1B-Instruct,"1769815845.951, 1769815845.977, 1769815845.979, 1769815846.007, 1769815846.045"
1.0,0,1769815843.5321,165.8215,27,32,59,97.9071,0.099,2.0059,1.0,1.0059,94.4,102.0837,262.7286,262.7286,53826.2813,1769816111.4506202,5.08,94,1860,0.382,12,28,0,11.5,15.0,0,6039,1769815845.951,-260.582,meta-llama/Llama-3.2-1B-Instruct,"1769815845.951, 1769815845.977, 1769815845.979, 1769815846.007, 1769815846.045"
1.0,0,1769815843.6733,165.9627,27,32,59,97.6419,0.0979,1.9997,1.0,0.9997,94.35,101.804,262.6046,262.6046,53826.2813,1769816111.450773,5.08,94,1860,0.382,12,28,0,11.5,15.0,0,6039,1769815845.951,-260.582,meta-llama/Llama-3.2-1B-Instruct,"1769815845.951, 1769815845.977, 1769815845.979, 1769815846.007, 1769815846.045"
1.0,0,1769815844.0245,180.6111,27,32,59,82.6408,0.101,1.997,1.0,0.997,94.29,86.8085,262.252,262.252,53826.2813,1769816111.4564388,5.06,94,1860,0.957,29,25,0,11.5,15.0,0,6039,1769815845.951,-260.582,meta-llama/Llama-3.2-1B-Instruct,"1769815845.951, 1769815845.977, 1769815845.979, 1769815846.007, 1769815846.045"
1.0,0,1769815844.1199,182.8099,27,32,59,80.3295,0.0951,2.007,1.0,1.007,94.24,84.5149,262.1394,262.1394,53826.2813,1769816111.4571595,5.06,94,1860,0.942,28,31,0,11.5,15.0,0,6039,1769815845.951,-260.582,meta-llama/Llama-3.2-1B-Instruct,"1769815845.951, 1769815845.977, 1769815845.979, 1769815846.007, 1769815846.045"
1.0,0,1769815844.1472,183.0384,27,32,59,80.0887,0.0959,2.0027,1.0,1.0027,94.19,84.2599,262.1272,262.1272,53826.2813,1769816111.465054,5.06,94,1860,0.971,28,31,0,11.5,15.0,0,6039,1769815845.951,-260.582,meta-llama/Llama-3.2-1B-Instruct,"1769815845.951, 1769815845.977, 1769815845.979, 1769815846.007, 1769815846.045"
1.0,0,1769815843.9171,176.9491,27,32,59,86.3873,0.1065,1.9928,1.0,0.9928,94.14,90.5775,262.3364,262.3364,53826.2813,1769816111.4657216,5.07,94,1860,0.949,37,19,0,11.5,15.0,0,6039,1769815845.951,-260.582,meta-llama/Llama-3.2-1B-Instruct,"1769815845.951, 1769815845.977, 1769815845.979, 1769815846.007, 1769815846.045"
1.0,0,1769815844.5578,252.4602,27,32,59,12.3249,0.085,0.0863,1.0,0.0,93.98,14.5574,263.7851,263.7851,54353.7715,1769816111.5862124,5.05,94,1862,0.323,8,36,0,11.5,15.0,0,6114,1769815846.07,-265.512,meta-llama/Llama-3.2-1B-Instruct,"1769815846.070, 1769815846.072, 1769815846.091, 1769815846.115, 1769815846.141"
1.0,0,1769815844.6293,252.5568,27,32,59,12.1483,0.0983,0.1033,1.0,0.0,93.99,14.397,263.7051,263.7051,54353.7715,1769816111.5876899,5.05,94,1862,0.323,8,36,0,11.5,15.0,0,6114,1769815846.07,-265.512,meta-llama/Llama-3.2-1B-Instruct,"1769815846.070, 1769815846.072, 1769815846.091, 1769815846.115, 1769815846.141"
200.0,1,1769815645.3885,429.5458,2806,111,2917,32.3133,0.0889,0.4073,200.0,0.0,93.99,42.0609,271.6068,271.6068,54625.3783,1769816117.0046544,5.05,94,1863,0.987,24,35,0,11.5,15.0,0,6164,1769815846.578,-270.053,meta-llama/Llama-3.2-1B-Instruct,"1769815846.578, 1769815846.604, 1769815846.629, 1769815846.631, 1769815846.665"
200.0,1,1769815645.614,451.5248,2411,227,2638,12.2155,0.0881,0.3402,200.0,0.0,93.99,28.0982,279.623,279.623,54905.0012,1769816125.247706,5.04,94,1864,0.323,8,36,0,11.5,15.0,0,6233,1769815846.629,-275.033,meta-llama/Llama-3.2-1B-Instruct,"1769815846.629, 1769815846.631, 1769815846.665, 1769815846.701, 1769815846.715"
200.0,1,1769815644.3964,364.7632,3189,1029,4218,22.3832,0.0836,0.4055,200.0,0.0,94.0,117.8713,282.6345,282.6345,55187.6358,1769816127.0442512,5.04,94,1865,0.382,12,28,0,11.5,15.0,0,6298,1769815846.631,-280.044,meta-llama/Llama-3.2-1B-Instruct,"1769815846.631, 1769815846.665, 1769815846.701, 1769815846.715, 1769815846.729"
200.0,1,1769815645.0517,379.6739,2980,268,3248,82.516,0.0898,0.3854,200.0,0.0,94.0,103.754,283.4279,283.4279,55471.0637,1769816128.493869,5.04,94,1866,0.957,29,27,0,11.5,15.0,0,6298,1769815846.631,-280.044,meta-llama/Llama-3.2-1B-Instruct,"1769815846.631, 1769815846.665, 1769815846.701, 1769815846.715, 1769815846.729"
200.0,1,1769815645.6541,451.5701,2521,275,2796,12.1388,0.0862,0.4022,200.0,0.0,94.0,33.746,285.3161,285.3161,55756.3798,1769816130.9859757,5.03,94,1867,0.323,8,36,0,11.5,15.0,0,6298,1769815846.631,-280.044,meta-llama/Llama-3.2-1B-Instruct,"1769815846.631, 1769815846.665, 1769815846.701, 1769815846.715, 1769815846.729"
1.0,0,1769815844.7112,252.6574,27,32,59,31.5377,0.0856,0.1039,1.0,0.0,94.01,33.686,283.1951,283.1951,56322.704,1769816131.0579705,5.03,94,1869,0.323,8,36,0,11.5,15.0,0,6298,1769815846.631,-280.044,meta-llama/Llama-3.2-1B-Instruct,"1769815846.631, 1769815846.665, 1769815846.701, 1769815846.715, 1769815846.729"
1.0,0,1769815844.7912,252.6241,27,32,59,31.505,0.0801,0.0908,1.0,0.0,94.01,33.6412,283.1291,283.1291,56322.704,1769816131.0581567,5.03,94,1869,0.323,8,36,0,11.5,15.0,0,6298,1769815846.631,-280.044,meta-llama/Llama-3.2-1B-Instruct,"1769815846.631, 1769815846.665, 1769815846.701, 1769815846.715, 1769815846.729"
200.0,1,1769815644.9592,376.0678,3276,353,3629,86.2215,0.0902,0.3672,200.0,0.0,94.01,113.6264,289.6942,289.6942,56612.3982,1769816134.6683924,5.03,94,1870,0.949,37,19,0,11.5,15.0,0,6362,1769815846.758,-284.975,meta-llama/Llama-3.2-1B-Instruct,"1769815846.758, 1769815846.794, 1769815846.798, 1769815846.822, 1769815846.850"
1.0,0,1769815844.8696,252.7072,27,32,59,37.4791,0.0808,0.3681,1.0,0.0,94.02,39.6236,289.1863,289.1863,56901.5845,1769816137.2086308,5.02,94,1871,0.323,8,36,0,11.5,15.0,0,6435,1769815846.798,-289.987,meta-llama/Llama-3.2-1B-Instruct,"1769815846.798, 1769815846.822, 1769815846.850, 1769815846.893, 1769815846.894"
200.0,1,1769815644.3439,364.7723,6059,1028,7087,18.874,0.0858,0.3699,200.0,0.0,94.02,145.6568,310.4291,310.4291,57212.0136,1769816154.7903476,5.02,94,1872,0.382,12,28,0,11.5,15.0,0,6653,1769815846.822,-305.158,meta-llama/Llama-3.2-1B-Instruct,"1769815846.822, 1769815846.850, 1769815846.893, 1769815846.894, 1769815846.919"
200.0,1,1769815645.5771,451.4916,2730,804,3534,12.2864,0.0862,0.355,200.0,0.0,94.02,70.0418,321.5334,321.5334,57533.5471,1769816167.1245427,5.02,94,1873,0.323,8,36,0,11.5,15.0,0,6799,1769815846.85,-315.275,meta-llama/Llama-3.2-1B-Instruct,"1769815846.850, 1769815846.893, 1769815846.894, 1769815846.919, 1769815846.922"
200.0,1,1769815644.4522,364.7506,4739,1025,5764,71.4346,0.1416,0.4014,200.0,0.0,94.03,162.2864,327.037,327.037,57860.5841,1769816171.508718,5.02,94,1874,0.382,12,28,0,11.5,15.0,0,6862,1769815846.85,-320.301,meta-llama/Llama-3.2-1B-Instruct,"1769815846.850, 1769815846.893, 1769815846.894, 1769815846.919, 1769815846.922"
1.0,0,1769815844.9511,262.5758,27,32,59,64.6528,0.0955,0.4183,1.0,0.0,94.03,66.8192,326.2286,326.2286,58513.0181,1769816174.349333,5.01,94,1876,0.973,48,8,0,11.5,15.0,0,6930,1769815846.894,-325.278,meta-llama/Llama-3.2-1B-Instruct,"1769815846.894, 1769815846.919, 1769815846.922, 1769815846.981, 1769815847.006"
1.0,0,1769815844.9792,262.5503,27,32,59,64.6551,0.0883,0.4056,1.0,0.0,94.03,66.8169,326.2055,326.2055,58513.0181,1769816174.3498058,5.01,94,1876,0.973,48,8,0,11.5,15.0,0,6930,1769815846.894,-325.278,meta-llama/Llama-3.2-1B-Instruct,"1769815846.894, 1769815846.919, 1769815846.922, 1769815846.981, 1769815847.006"
200.0,1,1769815644.4922,364.7699,3000,1026,4026,87.0966,0.091,0.3945,200.0,0.0,94.04,172.4661,337.236,337.236,58850.2542,1769816181.7545648,5.01,94,1877,0.382,12,28,0,11.5,15.0,0,6993,1769815846.922,-330.474,meta-llama/Llama-3.2-1B-Instruct,"1769815846.922, 1769815846.981, 1769815847.006, 1769815847.028, 1769815847.037"
200.0,1,1769815644.9317,376.0007,3173,1024,4197,86.3301,0.0859,0.3618,200.0,0.0,94.04,161.5813,337.5819,337.5819,65263.6233,1769816182.5315912,4.98,94,1896,0.949,37,19,0,11.5,15.0,0,7062,1769815846.981,-335.451,meta-llama/Llama-3.2-1B-Instruct,"1769815846.981, 1769815847.006, 1769815847.028, 1769815847.037, 1769815847.075"
200.0,1,1769815645.4369,445.9257,2680,1019,3699,15.8776,0.0905,0.3752,200.0,0.0,94.04,91.1443,337.07,337.07,65263.6233,1769816182.532049,4.99,94,1896,0.987,23,36,0,11.5,15.0,0,7062,1769815846.981,-335.451,meta-llama/Llama-3.2-1B-Instruct,"1769815846.981, 1769815847.006, 1769815847.028, 1769815847.037, 1769815847.075"
200.0,1,1769815644.8638,365.0285,2668,1025,3693,97.3369,0.0909,0.3762,200.0,0.0,94.05,172.614,337.6425,337.6425,65263.6233,1769816182.5332737,5.0,94,1896,0.382,12,28,0,11.5,15.0,0,7062,1769815846.981,-335.451,meta-llama/Llama-3.2-1B-Instruct,"1769815846.981, 1769815847.006, 1769815847.028, 1769815847.037, 1769815847.075"
200.0,1,1769815645.1971,385.9896,4900,1027,5927,76.0651,0.0865,0.3639,200.0,0.0,94.05,151.3135,337.3031,337.3031,65263.6233,1769816182.5337157,5.01,94,1896,0.976,28,31,0,11.5,15.0,0,7062,1769815846.981,-335.451,meta-llama/Llama-3.2-1B-Instruct,"1769815846.981, 1769815847.006, 1769815847.028, 1769815847.037, 1769815847.075"
200.0,1,1769815645.3399,419.4957,2527,1027,3554,42.4344,0.0844,0.372,200.0,0.0,94.06,117.6749,337.1706,337.1706,65263.6233,1769816182.5353487,4.99,94,1896,0.964,25,34,0,11.5,15.0,0,7062,1769815846.981,-335.451,meta-llama/Llama-3.2-1B-Instruct,"1769815846.981, 1769815847.006, 1769815847.028, 1769815847.037, 1769815847.075"
200.0,1,1769815644.6004,365.0306,3750,1027,4777,97.6112,0.0885,0.3615,200.0,0.0,94.06,172.8822,337.9128,337.9128,65263.6233,1769816182.5358982,4.98,94,1896,0.382,12,28,0,11.5,15.0,0,7062,1769815846.981,-335.451,meta-llama/Llama-3.2-1B-Instruct,"1769815846.981, 1769815847.006, 1769815847.028, 1769815847.037, 1769815847.075"
200.0,1,1769815644.5737,365.0451,3806,1026,4832,97.6431,0.0878,0.3571,200.0,0.0,94.06,172.8864,337.9314,337.9314,65263.6233,1769816182.5364666,5.0,94,1896,0.382,12,28,0,11.5,15.0,0,7062,1769815846.981,-335.451,meta-llama/Llama-3.2-1B-Instruct,"1769815846.981, 1769815847.006, 1769815847.028, 1769815847.037, 1769815847.075"
200.0,1,1769815644.8938,365.0979,2976,1030,4006,97.2541,0.0899,0.3679,200.0,0.0,94.07,172.511,337.609,337.609,65263.6233,1769816182.5369062,5.0,94,1896,0.382,12,28,0,11.5,15.0,0,7062,1769815846.981,-335.451,meta-llama/Llama-3.2-1B-Instruct,"1769815846.981, 1769815847.006, 1769815847.028, 1769815847.037, 1769815847.075"
200.0,1,1769815645.3151,402.6674,2649,1020,3669,59.2833,0.0872,0.3788,200.0,0.0,94.07,134.5299,337.1973,337.1973,65263.6233,1769816182.5373216,4.98,94,1896,0.941,26,33,0,11.5,15.0,0,7062,1769815846.981,-335.451,meta-llama/Llama-3.2-1B-Instruct,"1769815846.981, 1769815847.006, 1769815847.028, 1769815847.037, 1769815847.075"
200.0,1,1769815644.9873,379.4746,3297,1028,4325,82.7701,0.0909,0.3654,200.0,0.0,94.07,158.0494,337.524,337.524,65263.6233,1769816182.538854,4.99,94,1896,0.956,29,24,0,11.5,15.0,0,7062,1769815846.981,-335.451,meta-llama/Llama-3.2-1B-Instruct,"1769815846.981, 1769815847.006, 1769815847.028, 1769815847.037, 1769815847.075"
200.0,1,1769815645.4143,444.0817,2678,1037,3715,17.7691,0.0856,0.391,200.0,0.0,94.08,93.0228,337.1045,337.1045,65263.6233,1769816182.5392253,4.97,94,1896,0.98,23,36,0,11.5,15.0,0,7062,1769815846.981,-335.451,meta-llama/Llama-3.2-1B-Instruct,"1769815846.981, 1769815847.006, 1769815847.028, 1769815847.037, 1769815847.075"
200.0,1,1769815644.5192,364.7874,2500,1033,3533,97.9405,0.0884,0.3826,200.0,0.0,94.08,173.2127,338.0,338.0,65263.6233,1769816182.5396457,4.97,94,1896,0.382,12,28,0,11.5,15.0,0,7062,1769815846.981,-335.451,meta-llama/Llama-3.2-1B-Instruct,"1769815846.981, 1769815847.006, 1769815847.028, 1769815847.037, 1769815847.075"
200.0,1,1769815645.1161,380.2798,2678,1025,3703,81.8591,0.0861,0.3621,200.0,0.0,94.08,157.1277,337.4075,337.4075,65263.6233,1769816182.5411506,4.97,94,1896,0.959,29,29,0,11.5,15.0,0,7062,1769815846.981,-335.451,meta-llama/Llama-3.2-1B-Instruct,"1769815846.981, 1769815847.006, 1769815847.028, 1769815847.037, 1769815847.075"
200.0,1,1769815645.4639,451.3341,4221,1027,5248,10.4654,0.087,0.37,200.0,0.0,94.09,85.7163,337.0504,337.0504,65263.6233,1769816182.5417075,4.98,94,1896,0.323,8,36,0,11.5,15.0,0,7062,1769815846.981,-335.451,meta-llama/Llama-3.2-1B-Instruct,"1769815846.981, 1769815847.006, 1769815847.028, 1769815847.037, 1769815847.075"
200.0,1,1769815645.0887,380.1488,2821,1030,3851,82.0121,0.0873,0.3615,200.0,0.0,94.09,157.2886,337.4374,337.4374,65263.6233,1769816182.542772,4.96,94,1896,0.959,29,29,0,11.5,15.0,0,7062,1769815846.981,-335.451,meta-llama/Llama-3.2-1B-Instruct,"1769815846.981, 1769815847.006, 1769815847.028, 1769815847.037, 1769815847.075"
200.0,1,1769815644.6507,364.9731,2862,1022,3884,97.6103,0.0889,0.3645,200.0,0.0,94.09,172.9028,337.876,337.876,65263.6233,1769816182.544314,4.96,94,1896,0.382,12,28,0,11.5,15.0,0,7062,1769815846.981,-335.451,meta-llama/Llama-3.2-1B-Instruct,"1769815846.981, 1769815847.006, 1769815847.028, 1769815847.037, 1769815847.075"
200.0,1,1769815644.7696,365.0241,3253,1027,4280,97.4647,0.0875,0.366,200.0,0.0,94.1,172.7314,337.7556,337.7556,65263.6233,1769816182.5447505,4.96,94,1896,0.382,12,28,0,11.5,15.0,0,7062,1769815846.981,-335.451,meta-llama/Llama-3.2-1B-Instruct,"1769815846.981, 1769815847.006, 1769815847.028, 1769815847.037, 1769815847.075"
200.0,1,1769815644.6899,364.9882,2807,1029,3836,97.5933,0.0871,0.3633,200.0,0.0,94.1,172.844,337.8322,337.8322,65263.6233,1769816182.5466802,4.97,94,1896,0.382,12,28,0,11.5,15.0,0,7062,1769815846.981,-335.451,meta-llama/Llama-3.2-1B-Instruct,"1769815846.981, 1769815847.006, 1769815847.028, 1769815847.037, 1769815847.075"
200.0,1,1769815645.519,451.3668,3279,1026,4305,12.4629,0.0865,0.3615,200.0,0.0,94.1,95.9874,347.3542,347.3542,65958.308,1769816192.9047947,4.96,94,1898,0.323,8,36,0,11.5,15.0,0,7237,1769815847.578,-344.875,meta-llama/Llama-3.2-1B-Instruct,"1769815847.578, 1769815847.586, 1769815847.606, 1769815847.611, 1769815847.631"
200.0,1,1769815645.5515,451.4078,4701,1027,5728,12.3928,0.086,0.3702,200.0,0.0,94.1,95.9227,347.3305,347.3305,65958.308,1769816192.9059591,4.95,94,1898,0.323,8,36,0,11.5,15.0,0,7237,1769815847.578,-344.875,meta-llama/Llama-3.2-1B-Instruct,"1769815847.578, 1769815847.586, 1769815847.606, 1769815847.611, 1769815847.631"
1.0,0,1769815846.0285,336.7003,27,12,39,10.775,0.967,0.967,1.0,0.0,94.11,12.5636,346.4753,346.4753,66304.7833,1769816195.2940662,4.95,94,1899,0.935,41,0,0,11.5,15.0,0,7237,1769815847.578,-344.875,meta-llama/Llama-3.2-1B-Instruct,"1769815847.578, 1769815847.586, 1769815847.606, 1769815847.611, 1769815847.631"
1.0,0,1769815845.9216,335.9703,27,32,59,10.9741,0.642,0.9618,1.0,0.0,94.11,14.644,345.9444,345.9444,69075.3697,1769816196.5540261,4.94,94,1907,0.986,26,33,0,11.5,15.0,0,7237,1769815847.578,-344.875,meta-llama/Llama-3.2-1B-Instruct,"1769815847.578, 1769815847.586, 1769815847.606, 1769815847.611, 1769815847.631"
1.0,0,1769815845.701,285.4158,27,32,59,61.7606,0.6438,0.9537,1.0,0.0,94.11,65.4248,346.1765,346.1765,69768.2635,1769816196.5615282,4.94,94,1909,0.982,29,28,0,11.5,15.0,0,7237,1769815847.578,-344.875,meta-llama/Llama-3.2-1B-Instruct,"1769815847.578, 1769815847.586, 1769815847.606, 1769815847.611, 1769815847.631"
1.0,0,1769815845.0451,266.5076,27,32,59,81.3142,0.6642,0.9477,1.0,0.0,94.12,84.9973,346.8219,346.8219,69768.2635,1769816196.5669022,4.93,94,1909,0.978,33,12,0,11.5,15.0,0,7237,1769815847.578,-344.875,meta-llama/Llama-3.2-1B-Instruct,"1769815847.578, 1769815847.586, 1769815847.606, 1769815847.611, 1769815847.631"
1.0,0,1769815845.2627,267.0897,27,32,59,80.5085,0.652,0.9796,1.0,0.0,94.12,84.1912,346.5982,346.5982,69768.2635,1769816196.5670512,4.94,94,1909,0.981,31,21,0,11.5,15.0,0,7237,1769815847.578,-344.875,meta-llama/Llama-3.2-1B-Instruct,"1769815847.578, 1769815847.586, 1769815847.606, 1769815847.611, 1769815847.631"
1.0,0,1769815845.6294,279.7344,27,31,58,67.5217,0.6479,0.9508,1.0,0.0,94.12,71.1785,346.2561,346.2561,69768.2635,1769816196.567249,4.94,94,1909,0.981,29,30,0,11.5,15.0,0,7237,1769815847.578,-344.875,meta-llama/Llama-3.2-1B-Instruct,"1769815847.578, 1769815847.586, 1769815847.606, 1769815847.611, 1769815847.631"
1.0,0,1769815845.1866,266.8969,27,32,59,80.8046,0.6347,0.9766,1.0,0.0,94.13,84.4669,346.7015,346.7015,69768.2635,1769816196.5674386,4.93,94,1909,0.979,31,18,0,11.5,15.0,0,7237,1769815847.578,-344.875,meta-llama/Llama-3.2-1B-Instruct,"1769815847.578, 1769815847.586, 1769815847.606, 1769815847.611, 1769815847.631"
1.0,0,1769815845.7939,290.1728,27,32,59,56.9238,0.635,0.9732,1.0,0.0,94.13,60.6013,346.0966,346.0966,70114.3601,1769816196.5740888,4.92,94,1910,0.99,30,29,0,11.5,15.0,0,7237,1769815847.578,-344.875,meta-llama/Llama-3.2-1B-Instruct,"1769815847.578, 1769815847.586, 1769815847.606, 1769815847.611, 1769815847.631"
1.0,0,1769815845.0725,266.6582,27,32,59,81.1613,0.6353,0.9745,1.0,0.0,94.13,84.8304,346.8195,346.8195,70114.3601,1769816196.5745976,4.92,94,1910,0.978,31,13,0,11.5,15.0,0,7237,1769815847.578,-344.875,meta-llama/Llama-3.2-1B-Instruct,"1769815847.578, 1769815847.586, 1769815847.606, 1769815847.611, 1769815847.631"
1.0,0,1769815845.7295,285.57,27,32,59,61.5576,0.6473,0.9759,1.0,0.0,94.14,65.2543,346.1276,346.1276,70114.3601,1769816196.5750613,4.93,94,1910,0.982,29,28,0,11.5,15.0,0,7237,1769815847.578,-344.875,meta-llama/Llama-3.2-1B-Instruct,"1769815847.578, 1769815847.586, 1769815847.606, 1769815847.611, 1769815847.631"
1.0,0,1769815845.8215,309.0764,27,32,59,37.998,0.6302,0.9752,1.0,0.0,94.14,41.662,346.0744,346.0744,70114.3601,1769816196.5757873,4.93,94,1910,0.97,27,32,0,11.5,15.0,0,7237,1769815847.578,-344.875,meta-llama/Llama-3.2-1B-Instruct,"1769815847.578, 1769815847.586, 1769815847.606, 1769815847.611, 1769815847.631"
1.0,0,1769815845.8942,328.5825,27,32,59,18.3777,0.6593,0.9604,1.0,0.0,94.14,22.0545,345.9602,345.9602,70114.3601,1769816196.5767467,4.95,94,1910,0.997,27,31,0,11.5,15.0,0,7237,1769815847.578,-344.875,meta-llama/Llama-3.2-1B-Instruct,"1769815847.578, 1769815847.586, 1769815847.606, 1769815847.611, 1769815847.631"
1.0,0,1769815846.0932,336.7952,27,32,59,11.5841,0.0924,0.1056,1.0,0.0,94.15,13.7987,347.3793,347.3793,70461.7394,1769816196.693368,4.92,94,1911,0.935,41,0,0,11.5,15.0,0,7237,1769815847.578,-344.875,meta-llama/Llama-3.2-1B-Instruct,"1769815847.578, 1769815847.586, 1769815847.606, 1769815847.611, 1769815847.631"
200.0,1,1769815645.6779,451.6007,2913,1025,3938,30.1637,0.0909,0.3794,200.0,0.0,94.15,114.3381,365.9388,365.9388,70827.6782,1769816211.6441216,4.92,94,1912,0.323,8,36,0,11.5,15.0,0,7417,1769815848.072,-359.686,meta-llama/Llama-3.2-1B-Instruct,"1769815848.072, 1769815848.075, 1769815848.104, 1769815848.141, 1769815848.142"
200.0,1,1769815645.7038,451.6187,2700,1029,3729,31.6025,0.0856,0.3989,200.0,0.0,94.15,118.1586,369.7773,369.7773,71197.4556,1769816215.4969566,4.91,94,1913,0.323,8,36,0,11.5,15.0,0,7476,1769815848.075,-364.704,meta-llama/Llama-3.2-1B-Instruct,"1769815848.075, 1769815848.104, 1769815848.141, 1769815848.142, 1769815848.169"
200.0,1,1769815646.1147,465.7614,2970,377,3347,81.0259,0.0924,0.4503,200.0,0.0,94.16,108.8622,374.6236,374.6236,71572.0792,1769816220.752549,4.91,94,1914,0.978,31,15,0,11.5,15.0,0,7543,1769815848.104,-369.715,meta-llama/Llama-3.2-1B-Instruct,"1769815848.104, 1769815848.141, 1769815848.142, 1769815848.169, 1769815848.195"
200.0,1,1769815646.8499,520.3856,3605,498,4103,25.6391,0.0916,0.3739,200.0,0.0,94.16,61.6736,382.0591,382.0591,72337.2469,1769816228.9261658,4.91,94,1916,0.979,26,33,0,11.5,15.0,0,7669,1769815848.141,-379.724,meta-llama/Llama-3.2-1B-Instruct,"1769815848.141, 1769815848.142, 1769815848.169, 1769815848.195, 1769815848.211"
200.0,1,1769815645.8078,451.6645,2668,1024,3692,33.8968,0.0884,0.4122,200.0,0.0,94.16,131.444,383.1086,383.1086,72337.2469,1769816228.931145,4.91,94,1916,0.323,8,36,0,11.5,15.0,0,7669,1769815848.141,-379.724,meta-llama/Llama-3.2-1B-Instruct,"1769815848.141, 1769815848.142, 1769815848.169, 1769815848.195, 1769815848.211"
1.0,0,1769815846.1631,336.8825,27,32,59,46.8638,0.0805,0.3384,1.0,0.0,94.16,49.0161,382.7462,382.7462,72719.9931,1769816232.0641596,4.9,94,1917,0.935,41,0,0,11.5,15.0,0,7669,1769815848.141,-379.724,meta-llama/Llama-3.2-1B-Instruct,"1769815848.141, 1769815848.142, 1769815848.169, 1769815848.195, 1769815848.211"
200.0,1,1769815645.8458,451.6826,2578,1025,3603,37.5233,0.0887,0.3841,200.0,0.0,94.17,154.2801,405.9627,405.9627,73125.9558,1769816251.8258808,4.9,94,1918,0.323,8,36,0,11.5,15.0,0,7792,1769815848.195,-399.767,meta-llama/Llama-3.2-1B-Instruct,"1769815848.195, 1769815848.211, 1769815848.225, 1769815848.263, 1769815848.289"
200.0,1,1769815646.7979,490.5504,2695,934,3629,55.5301,0.0876,0.3791,200.0,0.0,94.17,122.4844,413.0349,413.0349,73538.9907,1769816259.8489857,4.9,94,1919,0.995,29,30,0,11.5,15.0,0,7791,1769815848.211,-409.925,meta-llama/Llama-3.2-1B-Instruct,"1769815848.211, 1769815848.225, 1769815848.263, 1769815848.289, 1769815848.315"
200.0,1,1769815646.0697,465.5983,3086,955,4041,81.2116,0.0865,0.3836,200.0,0.0,94.17,149.8611,415.4594,415.4594,73954.4501,1769816261.5436249,4.9,94,1920,0.977,31,13,0,11.5,15.0,0,7791,1769815848.211,-409.925,meta-llama/Llama-3.2-1B-Instruct,"1769815848.211, 1769815848.225, 1769815848.263, 1769815848.289, 1769815848.315"
200.0,1,1769815645.9509,451.6743,2521,1024,3545,74.5712,0.0901,0.3974,200.0,0.0,94.18,165.252,416.9263,416.9263,74371.3763,1769816262.8913682,4.89,94,1921,0.323,8,36,0,11.5,15.0,0,7791,1769815848.211,-409.925,meta-llama/Llama-3.2-1B-Instruct,"1769815848.211, 1769815848.225, 1769815848.263, 1769815848.289, 1769815848.315"
200.0,1,1769815646.0912,465.7121,2429,1023,3452,81.0593,0.0904,0.3879,200.0,0.0,94.18,155.1512,420.8633,420.8633,76894.8221,1769816266.97313,4.89,94,1927,0.978,31,15,0,11.5,15.0,0,7788,1769815848.289,-414.878,meta-llama/Llama-3.2-1B-Instruct,"1769815848.289, 1769815848.315, 1769815848.351, 1769815848.370, 1769815848.380"
200.0,1,1769815646.193,465.9706,3233,1026,4259,80.708,0.0905,0.4226,200.0,0.0,94.18,154.8046,420.7752,420.7752,79417.1578,1769816266.99438,4.88,94,1933,0.98,31,19,0,11.5,15.0,0,7788,1769815848.289,-414.878,meta-llama/Llama-3.2-1B-Instruct,"1769815848.289, 1769815848.315, 1769815848.351, 1769815848.370, 1769815848.380"
200.0,1,1769815646.8933,524.8507,3172,1037,4209,21.1085,0.091,0.4064,200.0,0.0,94.19,95.2375,420.0883,420.0883,79837.9877,1769816267.0040874,4.87,94,1934,0.99,29,30,0,11.5,15.0,0,7788,1769815848.289,-414.878,meta-llama/Llama-3.2-1B-Instruct,"1769815848.289, 1769815848.315, 1769815848.351, 1769815848.370, 1769815848.380"
200.0,1,1769815646.4136,466.2439,4613,1027,5640,80.2013,0.0891,0.4107,200.0,0.0,94.19,154.329,420.573,420.573,80258.3623,1769816267.0059073,4.87,94,1935,0.982,31,26,0,11.5,15.0,0,7788,1769815848.289,-414.878,meta-llama/Llama-3.2-1B-Instruct,"1769815848.289, 1769815848.315, 1769815848.351, 1769815848.370, 1769815848.380"
200.0,1,1769815646.3131,466.1033,2411,1025,3436,80.488,0.0869,0.4012,200.0,0.0,94.19,154.5457,420.649,420.649,80258.3623,1769816267.0067086,4.89,94,1935,0.981,31,22,0,11.5,15.0,0,7788,1769815848.289,-414.878,meta-llama/Llama-3.2-1B-Instruct,"1769815848.289, 1769815848.315, 1769815848.351, 1769815848.370, 1769815848.380"
200.0,1,1769815646.7149,484.5794,2419,1029,3448,61.5983,0.088,0.395,200.0,0.0,94.2,135.6698,420.2493,420.2493,80258.3623,1769816267.0074077,4.88,94,1935,0.982,29,28,0,11.5,15.0,0,7788,1769815848.289,-414.878,meta-llama/Llama-3.2-1B-Instruct,"1769815848.289, 1769815848.315, 1769815848.351, 1769815848.370, 1769815848.380"
200.0,1,1769815646.665,482.2304,5069,1029,6098,63.9562,0.0901,0.3876,200.0,0.0,94.2,138.062,420.2924,420.2924,80678.9184,1769816267.0099802,4.89,94,1936,0.975,31,28,0,11.5,15.0,0,7788,1769815848.289,-414.878,meta-llama/Llama-3.2-1B-Instruct,"1769815848.289, 1769815848.315, 1769815848.351, 1769815848.370, 1769815848.380"
200.0,1,1769815646.9195,527.645,2677,1023,3700,18.2999,0.0904,0.3932,200.0,0.0,94.2,92.4158,420.0608,420.0608,80678.9184,1769816267.0120006,4.88,94,1936,0.997,27,31,0,11.5,15.0,0,7788,1769815848.289,-414.878,meta-llama/Llama-3.2-1B-Instruct,"1769815848.289, 1769815848.315, 1769815848.351, 1769815848.370, 1769815848.380"
200.0,1,1769815646.3559,466.1385,3691,1033,4724,80.3754,0.09,0.4007,200.0,0.0,94.21,154.4781,420.6166,420.6166,80678.9184,1769816267.0131688,4.88,94,1936,0.981,31,23,0,11.5,15.0,0,7788,1769815848.289,-414.878,meta-llama/Llama-3.2-1B-Instruct,"1769815848.289, 1769815848.315, 1769815848.351, 1769815848.370, 1769815848.380"
200.0,1,1769815646.1407,465.7963,2868,1027,3895,80.9585,0.0877,0.3952,200.0,0.0,94.21,155.0481,420.8443,420.8443,80678.9184,1769816267.0202074,4.87,94,1936,0.978,31,16,0,11.5,15.0,0,7788,1769815848.289,-414.878,meta-llama/Llama-3.2-1B-Instruct,"1769815848.289, 1769815848.315, 1769815848.351, 1769815848.370, 1769815848.380"
200.0,1,1769815646.6309,480.5395,2689,1028,3717,65.7147,0.0894,0.3951,200.0,0.0,94.21,139.8352,420.3746,420.3746,82361.0183,1769816267.030773,4.86,94,1940,0.975,29,30,0,11.5,15.0,0,7788,1769815848.289,-414.878,meta-llama/Llama-3.2-1B-Instruct,"1769815848.289, 1769815848.315, 1769815848.351, 1769815848.370, 1769815848.380"
200.0,1,1769815646.2209,466.1274,3019,1028,4047,80.5323,0.0897,0.4162,200.0,0.0,94.21,154.6405,420.7679,420.7679,82361.0183,1769816267.0321536,4.86,94,1940,0.98,31,20,0,11.5,15.0,0,7788,1769815848.289,-414.878,meta-llama/Llama-3.2-1B-Instruct,"1769815848.289, 1769815848.315, 1769815848.351, 1769815848.370, 1769815848.380"
200.0,1,1769815646.4532,466.2773,2920,1022,3942,80.1454,0.0888,0.4094,200.0,0.0,94.22,154.2787,420.5561,420.5561,83202.5964,1769816267.0386772,4.86,94,1942,0.982,31,27,0,11.5,15.0,0,7788,1769815848.289,-414.878,meta-llama/Llama-3.2-1B-Instruct,"1769815848.289, 1769815848.315, 1769815848.351, 1769815848.370, 1769815848.380"
200.0,1,1769815646.6043,471.2974,2535,1023,3558,74.9735,0.0883,0.4115,200.0,0.0,94.22,149.1222,420.4196,420.4196,83202.5964,1769816267.039781,4.85,94,1942,0.975,30,29,0,11.5,15.0,0,7788,1769815848.289,-414.878,meta-llama/Llama-3.2-1B-Instruct,"1769815848.289, 1769815848.315, 1769815848.351, 1769815848.370, 1769815848.380"
200.0,1,1769815646.9813,535.6368,2481,1028,3509,10.8939,0.0876,0.4093,200.0,0.0,94.22,84.3647,420.0015,420.0015,83202.5964,1769816267.041347,4.87,94,1942,0.244,7,34,0,11.5,15.0,0,7788,1769815848.289,-414.878,meta-llama/Llama-3.2-1B-Instruct,"1769815848.289, 1769815848.315, 1769815848.351, 1769815848.370, 1769815848.380"
200.0,1,1769815647.0061,535.6667,2603,1030,3633,10.8576,0.0866,0.3957,200.0,0.0,94.23,84.3561,420.0229,420.0229,83202.5964,1769816267.0439498,4.85,94,1942,0.935,41,0,0,11.5,15.0,0,7788,1769815848.289,-414.878,meta-llama/Llama-3.2-1B-Instruct,"1769815848.289, 1769815848.315, 1769815848.351, 1769815848.370, 1769815848.380"
200.0,1,1769815646.3843,466.1841,2948,1027,3975,80.3316,0.0877,0.3963,200.0,0.0,94.23,154.4581,420.6422,420.6422,83202.5964,1769816267.0443068,4.85,94,1942,0.981,31,24,0,11.5,15.0,0,7788,1769815848.289,-414.878,meta-llama/Llama-3.2-1B-Instruct,"1769815848.289, 1769815848.315, 1769815848.351, 1769815848.370, 1769815848.380"
200.0,1,1769815646.1662,465.8513,4056,1023,5079,80.877,0.0867,0.403,200.0,0.0,94.23,154.9786,420.8299,420.8299,83202.5964,1769816267.0464234,4.86,94,1942,0.979,31,17,0,11.5,15.0,0,7788,1769815848.289,-414.878,meta-llama/Llama-3.2-1B-Instruct,"1769815848.289, 1769815848.315, 1769815848.351, 1769815848.370, 1769815848.380"
200.0,1,1769815646.0067,461.5521,2861,1022,3883,85.3375,0.0874,0.4053,200.0,0.0,94.24,159.4631,421.0152,421.0152,83202.5964,1769816267.0472806,4.85,94,1942,0.973,48,8,0,11.5,15.0,0,7788,1769815848.289,-414.878,meta-llama/Llama-3.2-1B-Instruct,"1769815848.289, 1769815848.315, 1769815848.351, 1769815848.370, 1769815848.380"
200.0,1,1769815645.9775,461.5573,2863,1025,3888,85.333,0.0888,0.4003,200.0,0.0,94.24,159.5034,421.0607,421.0607,83202.5964,1769816267.0523438,4.84,94,1942,0.973,48,8,0,11.5,15.0,0,7788,1769815848.289,-414.878,meta-llama/Llama-3.2-1B-Instruct,"1769815848.289, 1769815848.315, 1769815848.351, 1769815848.370, 1769815848.380"
200.0,1,1769815646.5183,466.3227,3672,1023,4695,80.0155,0.0895,0.4058,200.0,0.0,94.24,154.1947,420.5174,420.5174,83202.5964,1769816267.0530245,4.84,94,1942,0.982,31,28,0,11.5,15.0,0,7788,1769815848.289,-414.878,meta-llama/Llama-3.2-1B-Instruct,"1769815848.289, 1769815848.315, 1769815848.351, 1769815848.370, 1769815848.380"
200.0,1,1769815647.0374,535.74,3829,1025,4854,11.7116,0.087,0.3964,200.0,0.0,94.24,95.5297,431.2697,431.2697,83633.8661,1769816278.323472,4.84,94,1943,0.935,41,0,0,11.5,15.0,0,7788,1769815848.289,-414.878,meta-llama/Llama-3.2-1B-Instruct,"1769815848.289, 1769815848.315, 1769815848.351, 1769815848.370, 1769815848.380"
1.0,0,1769815846.5506,337.1295,27,14,41,94.6367,0.7468,0.7468,1.0,0.0,94.25,96.951,430.7662,430.7662,84064.6323,1769816280.644174,4.84,94,1944,0.935,41,0,0,11.5,15.0,0,7788,1769815848.289,-414.878,meta-llama/Llama-3.2-1B-Instruct,"1769815848.289, 1769815848.315, 1769815848.351, 1769815848.370, 1769815848.380"
200.0,1,1769815647.223,535.9311,3675,23,3698,95.1582,0.7386,0.7409,200.0,0.0,94.25,98.1155,434.0466,434.0466,84498.6789,1769816281.2825925,4.83,94,1945,0.935,41,0,0,11.5,15.0,0,7788,1769815848.289,-414.878,meta-llama/Llama-3.2-1B-Instruct,"1769815848.289, 1769815848.315, 1769815848.351, 1769815848.370, 1769815848.380"
1.0,0,1769815847.0723,364.7171,27,32,59,66.4993,0.7443,0.7493,1.0,0.0,94.25,70.5105,430.2164,430.2164,85789.9645,1769816282.3081026,4.83,94,1948,0.959,30,29,0,11.5,15.0,0,7788,1769815848.289,-414.878,meta-llama/Llama-3.2-1B-Instruct,"1769815848.289, 1769815848.315, 1769815848.351, 1769815848.370, 1769815848.380"
1.0,0,1769815846.8876,350.5941,27,32,59,80.8059,0.7414,0.7474,1.0,0.0,94.26,84.8217,430.4,430.4,85789.9645,1769816282.3082566,4.83,94,1948,0.971,32,22,0,11.5,15.0,0,7788,1769815848.289,-414.878,meta-llama/Llama-3.2-1B-Instruct,"1769815848.289, 1769815848.315, 1769815848.351, 1769815848.370, 1769815848.380"
1.0,0,1769815846.6062,348.8521,27,32,59,82.8171,0.7432,0.7544,1.0,0.0,94.26,86.8487,430.6692,430.6692,86650.1994,1769816282.3207626,4.83,94,1950,0.967,44,15,0,11.5,15.0,0,7788,1769815848.289,-414.878,meta-llama/Llama-3.2-1B-Instruct,"1769815848.289, 1769815848.315, 1769815848.351, 1769815848.370, 1769815848.380"
1.0,0,1769815847.1419,381.9516,27,32,59,49.1981,0.7507,0.7516,1.0,0.0,94.26,53.2195,430.1497,430.1497,87080.9232,1769816282.3241835,4.82,94,1951,0.99,30,28,0,11.5,15.0,0,7788,1769815848.289,-414.878,meta-llama/Llama-3.2-1B-Instruct,"1769815848.289, 1769815848.315, 1769815848.351, 1769815848.370, 1769815848.380"
1.0,0,1769815847.2111,412.7635,27,31,58,18.3218,0.7423,0.7492,1.0,0.0,94.27,22.343,430.0853,430.0853,87080.9232,1769816282.3244615,4.82,94,1951,0.964,25,34,0,11.5,15.0,0,7788,1769815848.289,-414.878,meta-llama/Llama-3.2-1B-Instruct,"1769815848.289, 1769815848.315, 1769815848.351, 1769815848.370, 1769815848.380"
1.0,0,1769815846.9157,350.6374,27,32,59,80.7572,0.736,0.7522,1.0,0.0,94.27,84.7717,430.3946,430.3946,87941.7616,1769816282.3290658,4.82,94,1953,0.971,32,23,0,11.5,15.0,0,7788,1769815848.289,-414.878,meta-llama/Llama-3.2-1B-Instruct,"1769815848.289, 1769815848.315, 1769815848.351, 1769815848.370, 1769815848.380"
1.0,0,1769815846.5781,346.442,27,32,59,85.2818,0.739,0.7461,1.0,0.0,94.27,89.3037,430.7238,430.7238,87941.7616,1769816282.3295264,4.82,94,1953,0.889,42,16,0,11.5,15.0,0,7788,1769815848.289,-414.878,meta-llama/Llama-3.2-1B-Instruct,"1769815848.289, 1769815848.315, 1769815848.351, 1769815848.370, 1769815848.380"
1.0,0,1769815846.8557,350.4488,27,32,59,80.9951,0.7453,0.7482,1.0,0.0,94.28,85.0241,430.4438,430.4438,87941.7616,1769816282.3302133,4.81,94,1953,0.97,32,21,0,11.5,15.0,0,7788,1769815848.289,-414.878,meta-llama/Llama-3.2-1B-Instruct,"1769815848.289, 1769815848.315, 1769815848.351, 1769815848.370, 1769815848.380"
1.0,0,1769815847.3702,419.9288,27,32,59,19.0995,0.0827,0.0834,1.0,0.0,94.28,21.2487,438.0283,438.0283,88379.7899,1769816288.5489063,4.81,94,1954,0.916,37,2,0,13.93,15.0,0,7788,1769815848.289,-414.878,meta-llama/Llama-3.2-1B-Instruct,"1769815848.289, 1769815848.315, 1769815848.351, 1769815848.370, 1769815848.380"
200.0,1,1769815647.6973,549.252,3401,187,3588,81.34,0.0809,0.7442,200.0,0.0,94.28,96.2755,445.5274,445.5274,88825.3174,1769816293.2377427,4.81,94,1955,0.968,32,17,0,11.5,15.0,0,7788,1769815848.289,-414.878,meta-llama/Llama-3.2-1B-Instruct,"1769815848.289, 1769815848.315, 1769815848.351, 1769815848.370, 1769815848.380"
200.0,1,1769815647.0747,535.7555,3694,1028,4722,11.6724,0.0888,0.3969,200.0,0.0,94.28,110.8812,446.6366,446.6366,89271.954,1769816293.7250285,4.81,94,1956,0.935,41,0,0,11.5,15.0,0,7788,1769815848.289,-414.878,meta-llama/Llama-3.2-1B-Instruct,"1769815848.289, 1769815848.315, 1769815848.351, 1769815848.370, 1769815848.380"
200.0,1,1769815647.1006,535.8372,3610,1030,4640,46.9471,0.0824,0.3424,200.0,0.0,94.29,152.1153,487.9525,487.9525,89759.9065,1769816335.0688987,4.8,94,1957,0.935,41,0,0,11.5,15.0,0,7788,1769815848.289,-414.878,meta-llama/Llama-3.2-1B-Instruct,"1769815848.289, 1769815848.315, 1769815848.351, 1769815848.370, 1769815848.380"
200.0,1,1769815648.1693,584.0408,2808,930,3738,46.1017,0.0759,0.0856,200.0,0.0,94.29,112.3876,496.4284,496.4284,90256.3349,1769816344.6106637,4.8,94,1958,0.999,29,30,0,11.5,15.0,0,7788,1769815848.289,-414.878,meta-llama/Llama-3.2-1B-Instruct,"1769815848.289, 1769815848.315, 1769815848.351, 1769815848.370, 1769815848.380"
200.0,1,1769815647.1395,535.8484,3416,1028,4444,46.8986,0.0801,0.3521,200.0,0.0,94.29,162.2066,498.055,498.055,90754.3899,1769816345.2105258,4.8,94,1959,0.935,41,0,0,11.5,15.0,0,7788,1769815848.289,-414.878,meta-llama/Llama-3.2-1B-Instruct,"1769815848.289, 1769815848.315, 1769815848.351, 1769815848.370, 1769815848.380"
200.0,1,1769815648.2245,613.4287,5091,990,6081,17.4022,0.0755,0.0937,200.0,0.0,94.3,87.8355,501.2643,501.2643,91255.6542,1769816349.5051036,4.8,94,1960,0.967,25,34,0,11.5,15.0,0,7788,1769815848.289,-414.878,meta-llama/Llama-3.2-1B-Instruct,"1769815848.289, 1769815848.315, 1769815848.351, 1769815848.370, 1769815848.380"
200.0,1,1769815647.6106,549.1488,2913,1024,3937,81.5535,0.0763,0.0983,200.0,0.0,94.3,155.2225,504.3712,504.3712,101845.9286,1769816352.0018096,4.79,94,1981,0.967,32,16,0,11.5,15.0,0,7788,1769815848.289,-414.878,meta-llama/Llama-3.2-1B-Instruct,"1769815848.289, 1769815848.315, 1769815848.351, 1769815848.370, 1769815848.380"
200.0,1,1769815648.1949,603.7331,3271,1027,4298,26.3691,0.078,0.0966,200.0,0.0,94.3,100.0568,503.7899,503.7899,101845.9286,1769816352.0047412,4.78,94,1981,0.971,26,33,0,11.5,15.0,0,7788,1769815848.289,-414.878,meta-llama/Llama-3.2-1B-Instruct,"1769815848.289, 1769815848.315, 1769815848.351, 1769815848.370, 1769815848.380"
200.0,1,1769815647.4066,535.9741,3025,1027,4052,94.8995,0.0824,0.1343,200.0,0.0,94.31,168.603,504.5771,504.5771,101845.9286,1769816352.006712,4.79,94,1981,0.935,41,0,0,11.5,15.0,0,7788,1769815848.289,-414.878,meta-llama/Llama-3.2-1B-Instruct,"1769815848.289, 1769815848.315, 1769815848.351, 1769815848.370, 1769815848.380"
200.0,1,1769815648.0454,549.9131,2735,1024,3759,80.3254,0.0794,0.1024,200.0,0.0,94.31,154.0347,503.9479,503.9479,101845.9286,1769816352.0070703,4.76,94,1981,0.973,32,27,0,11.5,15.0,0,7788,1769815848.289,-414.878,meta-llama/Llama-3.2-1B-Instruct,"1769815848.289, 1769815848.315, 1769815848.351, 1769815848.370, 1769815848.380"
200.0,1,1769815647.379,535.9735,3184,1032,4216,94.9332,0.0819,0.1498,200.0,0.0,94.31,168.6317,504.6052,504.6052,101845.9286,1769816352.0074022,4.79,94,1981,0.935,41,0,0,11.5,15.0,0,7788,1769815848.289,-414.878,meta-llama/Llama-3.2-1B-Instruct,"1769815848.289, 1769815848.315, 1769815848.351, 1769815848.370, 1769815848.380"
200.0,1,1769815647.5858,545.5021,2516,1020,3536,85.2271,0.0782,0.0961,200.0,0.0,94.31,158.9017,504.4038,504.4038,101845.9286,1769816352.0089025,4.77,94,1981,0.889,42,16,0,11.5,15.0,0,7788,1769815848.289,-414.878,meta-llama/Llama-3.2-1B-Instruct,"1769815848.289, 1769815848.315, 1769815848.351, 1769815848.370, 1769815848.380"
200.0,1,1769815647.4979,535.9573,3180,1023,4203,94.8486,0.0768,0.0976,200.0,0.0,94.32,168.531,504.4883,504.4883,101845.9286,1769816352.0094712,4.78,94,1981,0.935,41,0,0,11.5,15.0,0,7788,1769815848.289,-414.878,meta-llama/Llama-3.2-1B-Instruct,"1769815848.289, 1769815848.315, 1769815848.351, 1769815848.370, 1769815848.380"
200.0,1,1769815647.9577,549.7277,2631,1022,3653,80.6308,0.0765,0.1007,200.0,0.0,94.32,154.3015,504.0291,504.0291,101845.9286,1769816352.010427,4.78,94,1981,0.971,32,25,0,11.5,15.0,0,7788,1769815848.289,-414.878,meta-llama/Llama-3.2-1B-Instruct,"1769815848.289, 1769815848.315, 1769815848.351, 1769815848.370, 1769815848.380"
200.0,1,1769815647.7847,549.2938,4795,1027,5822,81.228,0.0776,0.134,200.0,0.0,94.32,154.9069,504.2007,504.2007,101845.9286,1769816352.0117347,4.78,94,1981,0.969,32,18,0,11.5,15.0,0,7788,1769815848.289,-414.878,meta-llama/Llama-3.2-1B-Instruct,"1769815848.289, 1769815848.315, 1769815848.351, 1769815848.370, 1769815848.380"
200.0,1,1769815647.3258,535.9789,2501,1028,3529,94.9765,0.0807,0.2064,200.0,0.0,94.33,168.6873,504.6662,504.6662,101845.9286,1769816352.0130565,4.77,94,1981,0.935,41,0,0,11.5,15.0,0,7788,1769815848.289,-414.878,meta-llama/Llama-3.2-1B-Instruct,"1769815848.289, 1769815848.315, 1769815848.351, 1769815848.370, 1769815848.380"
200.0,1,1769815647.5225,535.9798,3299,1036,4335,94.8055,0.0762,0.1306,200.0,0.0,94.33,168.4859,504.4657,504.4657,101845.9286,1769816352.0141444,4.77,94,1981,0.935,41,0,0,11.5,15.0,0,7788,1769815848.289,-414.878,meta-llama/Llama-3.2-1B-Instruct,"1769815848.289, 1769815848.315, 1769815848.351, 1769815848.370, 1769815848.380"
200.0,1,1769815648.1041,572.7547,3066,1027,4093,57.4314,0.0799,0.1419,200.0,0.0,94.33,131.1302,503.8849,503.8849,101845.9286,1769816352.0146139,4.77,94,1981,0.965,29,30,0,11.5,15.0,0,7788,1769815848.289,-414.878,meta-llama/Llama-3.2-1B-Instruct,"1769815848.289, 1769815848.315, 1769815848.351, 1769815848.370, 1769815848.380"
200.0,1,1769815647.6312,549.3342,2500,1017,3517,81.3087,0.0722,0.0987,200.0,0.0,94.33,155.0177,504.3518,504.3518,101845.9286,1769816352.015185,4.79,94,1981,0.968,32,17,0,11.5,15.0,0,7788,1769815848.289,-414.878,meta-llama/Llama-3.2-1B-Instruct,"1769815848.289, 1769815848.315, 1769815848.351, 1769815848.370, 1769815848.380"
200.0,1,1769815648.141,580.8999,3494,1024,4518,49.2701,0.0789,0.0975,200.0,0.0,94.34,122.9555,503.8554,503.8554,101845.9286,1769816352.0157542,4.75,94,1981,0.99,30,28,0,11.5,15.0,0,7788,1769815848.289,-414.878,meta-llama/Llama-3.2-1B-Instruct,"1769815848.289, 1769815848.315, 1769815848.351, 1769815848.370, 1769815848.380"
200.0,1,1769815647.8792,549.5113,2503,1001,3504,80.9293,0.0761,0.093,200.0,0.0,94.34,154.6063,504.1176,504.1176,101845.9286,1769816352.0161674,4.75,94,1981,0.971,32,22,0,11.5,15.0,0,7788,1769815848.289,-414.878,meta-llama/Llama-3.2-1B-Instruct,"1769815848.289, 1769815848.315, 1769815848.351, 1769815848.370, 1769815848.380"
200.0,1,1769815647.9221,549.7004,2623,1033,3656,80.6566,0.082,0.1059,200.0,0.0,94.34,154.3734,504.0739,504.0739,101845.9286,1769816352.0181022,4.76,94,1981,0.971,32,24,0,11.5,15.0,0,7788,1769815848.289,-414.878,meta-llama/Llama-3.2-1B-Instruct,"1769815848.289, 1769815848.315, 1769815848.351, 1769815848.370, 1769815848.380"
200.0,1,1769815647.1959,535.9092,3265,1033,4298,95.2124,0.0785,0.0913,200.0,0.0,94.35,168.8877,504.7969,504.7969,101845.9286,1769816352.0186403,4.76,94,1981,0.935,41,0,0,11.5,15.0,0,7788,1769815848.289,-414.878,meta-llama/Llama-3.2-1B-Instruct,"1769815848.289, 1769815848.315, 1769815848.351, 1769815848.370, 1769815848.380"
200.0,1,1769815647.2513,535.9511,3898,1024,4922,95.0747,0.0816,0.1081,200.0,0.0,94.35,168.7949,504.746,504.746,101845.9286,1769816352.0233743,4.75,94,1981,0.935,41,0,0,11.5,15.0,0,7788,1769815848.289,-414.878,meta-llama/Llama-3.2-1B-Instruct,"1769815848.289, 1769815848.315, 1769815848.351, 1769815848.370, 1769815848.380"
200.0,1,1769815647.726,549.2733,3952,1023,4975,81.3152,0.075,0.1554,200.0,0.0,94.35,154.9951,504.2684,504.2684,101845.9286,1769816352.0242426,4.76,94,1981,0.968,32,17,0,11.5,15.0,0,7788,1769815848.289,-414.878,meta-llama/Llama-3.2-1B-Instruct,"1769815848.289, 1769815848.315, 1769815848.351, 1769815848.370, 1769815848.380"
200.0,1,1769815648.075,567.529,4612,1028,5640,62.7151,0.0769,0.1426,200.0,0.0,94.36,136.3948,503.9238,503.9238,101845.9286,1769816352.0257106,4.75,94,1981,0.976,30,29,0,11.5,15.0,0,7788,1769815848.289,-414.878,meta-llama/Llama-3.2-1B-Instruct,"1769815848.289, 1769815848.315, 1769815848.351, 1769815848.370, 1769815848.380"
200.0,1,1769815647.2879,535.9582,5567,1024,6591,95.0476,0.0791,0.1026,200.0,0.0,94.36,168.7523,504.7105,504.7105,101845.9286,1769816352.0264368,4.75,94,1981,0.935,41,0,0,11.5,15.0,0,7788,1769815848.289,-414.878,meta-llama/Llama-3.2-1B-Instruct,"1769815848.289, 1769815848.315, 1769815848.351, 1769815848.370, 1769815848.380"
1.0,0,1769815847.3979,420.0067,27,7,34,85.5637,0.02,0.02,1.0,0.0,94.36,85.6857,504.5704,504.5704,102350.499,1769816353.0925338,4.74,94,1982,0.916,37,2,0,13.93,15.0,0,7788,1769815848.289,-414.878,meta-llama/Llama-3.2-1B-Instruct,"1769815848.289, 1769815848.315, 1769815848.351, 1769815848.370, 1769815848.380"
200.0,1,1769815648.2634,614.7402,3194,1027,4221,16.7923,0.077,0.1288,200.0,0.0,94.36,93.4081,508.1483,508.1483,102858.6472,1769816356.426359,4.74,94,1983,0.97,25,34,0,11.5,15.0,0,7788,1769815848.289,-414.878,meta-llama/Llama-3.2-1B-Instruct,"1769815848.289, 1769815848.315, 1769815848.351, 1769815848.370, 1769815848.380"
200.0,1,1769815648.2889,618.8413,2779,1025,3804,12.6479,0.0784,0.0852,200.0,0.0,94.37,92.2793,511.1206,511.1206,103369.7679,1769816359.424139,4.74,94,1984,0.916,37,2,0,13.93,15.0,0,7788,1769815848.289,-414.878,meta-llama/Llama-3.2-1B-Instruct,"1769815848.289, 1769815848.315, 1769815848.351, 1769815848.370, 1769815848.380"
200.0,1,1769815648.3509,618.8959,2509,1025,3534,19.171,0.0726,0.0777,200.0,0.0,94.37,96.6086,515.5045,515.5045,103885.2724,1769816363.8668644,4.74,94,1985,0.916,37,2,0,13.93,15.0,0,7788,1769815848.289,-414.878,meta-llama/Llama-3.2-1B-Instruct,"1769815848.289, 1769815848.315, 1769815848.351, 1769815848.370, 1769815848.380"
200.0,1,1769815648.3149,618.876,4077,1031,5108,14.6895,0.0697,0.078,200.0,0.0,94.37,99.2566,518.1326,518.1326,104403.405,1769816366.4610953,4.73,94,1986,0.916,37,2,0,13.93,15.0,0,7788,1769815848.289,-414.878,meta-llama/Llama-3.2-1B-Instruct,"1769815848.289, 1769815848.315, 1769815848.351, 1769815848.370, 1769815848.380"
200.0,1,1769815648.3802,618.9763,3216,1028,4244,85.6137,0.0175,0.0184,200.0,0.0,94.38,101.0824,520.0587,520.0587,104923.4636,1769816368.453356,4.73,94,1987,0.916,37,2,0,13.93,15.0,0,7788,1769815848.289,-414.878,meta-llama/Llama-3.2-1B-Instruct,"1769815848.289, 1769815848.315, 1769815848.351, 1769815848.370, 1769815848.380"
