orig_slo,slo_type,insertion_time,wait_time,prompt_tok,out_tok,total_tok,ttft,tbt_p95,tbt_p99,tbt_slo,tbt_violation,tbt_success_rate_pct,ttlt,diff,violation,total_violation,finished_time,success_rate_pct,success_count,processed_count,kv,run_cnt,wait_cnt,swap_cnt,vram_used_gib,vram_total_gib,vq_id,vq_groups,head_deadline,slack,model,deadlines
1.0,0,1769859705.6742,0.102,27,0,27,,,,1.0,,,0.3314,-0.5666,0.0,0.0,1769859707.3272336,100.0,17,17,0.033,5,1,0,7.19,15.0,0,1,1769859905.377,200.0,meta-llama/Llama-3.2-1B-Instruct,1769859905.377
1.0,0,1769859705.941,0.2937,27,32,59,0.097,0.0373,0.4877,1.0,0.0,100.0,1.1112,-0.6094,0.0,0.0,1769859707.3487024,100.0,19,19,0.036,17,0,0,7.19,15.0,0,1,1769859905.377,200.0,meta-llama/Llama-3.2-1B-Instruct,1769859905.377
1.0,0,1769859705.9396,0.2917,27,32,59,0.105,0.0306,0.4735,1.0,0.0,100.0,1.1135,-0.6032,0.0,0.0,1769859707.3602955,100.0,19,19,0.036,16,1,0,7.19,15.0,0,1,1769859905.377,200.0,meta-llama/Llama-3.2-1B-Instruct,1769859905.377
1.0,0,1769859706.0349,1.4773,27,32,59,0.1254,0.0255,0.461,1.0,0.0,100.0,0.8351,0.6027,0.6027,1.2288,1769859708.3840916,95.0,19,21,0.032,1,0,0,7.19,15.0,0,1,1769859905.377,200.0,meta-llama/Llama-3.2-1B-Instruct,1769859905.377
1.0,0,1769859705.9772,1.5137,27,32,59,0.1124,0.056,0.4838,1.0,0.0,100.0,0.8908,0.6261,0.6261,1.2288,1769859708.3926466,90.48,19,21,0.032,1,0,0,7.19,15.0,0,1,1769859905.377,200.0,meta-llama/Llama-3.2-1B-Instruct,1769859905.377
1.0,0,1769859705.4391,0.1424,27,32,59,0.4808,0.0527,0.107,1.0,0.0,100.0,1.2294,-0.3768,0.0,1.7249,1769859708.4098523,100.0,19,22,0.0,0,0,0,6.35,15.0,0,1,1769859905.377,200.0,meta-llama/Llama-3.2-1B-Instruct,1769859905.377
1.0,0,1769859706.145,1.4308,27,32,59,0.0653,0.0262,0.4925,1.0,0.0,100.0,0.8284,0.4961,0.4961,1.7249,1769859708.4141078,86.36,19,22,0.032,1,1,0,7.19,15.0,0,1,1769859905.377,200.0,meta-llama/Llama-3.2-1B-Instruct,1769859905.377
1.0,0,1769859705.6783,0.2104,27,32,59,0.2082,0.0498,0.0637,1.0,0.0,100.0,0.9039,-0.5814,0.0,1.7249,1769859709.0027103,100.0,19,22,0.033,5,1,0,7.19,15.0,0,1,1769859905.377,200.0,meta-llama/Llama-3.2-1B-Instruct,1769859905.377
1.0,0,1769859705.6373,0.1059,27,32,59,0.3625,0.0526,0.0559,1.0,0.0,100.0,1.0528,-0.5317,0.0,1.7249,1769859709.939673,100.0,19,22,0.033,5,1,0,7.19,15.0,0,1,1769859905.377,200.0,meta-llama/Llama-3.2-1B-Instruct,1769859905.377
1.0,0,1769859705.7986,0.2232,27,32,59,0.1088,0.0361,0.0495,1.0,0.0,100.0,0.7715,-0.668,0.0,1.7249,1769859709.9546547,100.0,19,22,0.033,5,1,0,7.19,15.0,0,1,1769859905.377,200.0,meta-llama/Llama-3.2-1B-Instruct,1769859905.377
1.0,0,1769859705.9381,0.1128,27,32,59,0.0853,0.0491,0.0528,1.0,0.0,100.0,0.7488,-0.8019,0.0,1.7249,1769859710.9790466,100.0,19,22,0.033,5,1,0,7.19,15.0,0,1,1769859905.377,200.0,meta-llama/Llama-3.2-1B-Instruct,1769859905.377
1.0,0,1769859705.6756,0.1419,27,32,59,0.2864,0.0564,0.061,1.0,0.0,100.0,0.9927,-0.5717,0.0,1.7249,1769859710.984831,100.0,19,22,0.033,5,1,0,7.19,15.0,0,1,1769859905.377,200.0,meta-llama/Llama-3.2-1B-Instruct,1769859905.377
1.0,0,1769859705.4667,0.2257,27,32,59,0.4063,0.0507,0.0635,1.0,0.0,100.0,1.1086,-0.3679,0.0,1.7249,1769859712.410966,100.0,19,22,0.033,5,1,0,7.19,15.0,0,1,1769859905.377,200.0,meta-llama/Llama-3.2-1B-Instruct,1769859905.377
1.0,0,1769859705.681,0.2726,27,32,59,0.1528,0.0491,0.0572,1.0,0.0,100.0,0.8538,-0.5746,0.0,1.7249,1769859712.8689697,100.0,19,22,0.033,5,1,0,7.19,15.0,0,1,1769859905.377,200.0,meta-llama/Llama-3.2-1B-Instruct,1769859905.377
1.0,0,1769859705.3984,0.092,27,32,59,0.5703,0.0552,0.1119,1.0,0.0,100.0,1.3255,-0.3377,0.0,1.7249,1769859712.924237,100.0,19,22,0.0,0,0,0,6.29,15.0,0,1,1769859905.377,200.0,meta-llama/Llama-3.2-1B-Instruct,1769859905.377
1.0,0,1769859705.4405,0.1765,27,32,59,0.4902,0.0527,0.0594,1.0,0.0,100.0,1.2001,-0.3333,0.0,1.7249,1769859712.9248219,100.0,19,22,0.0,0,0,0,6.35,15.0,0,1,1769859905.377,200.0,meta-llama/Llama-3.2-1B-Instruct,1769859905.377
1.0,0,1769859705.3968,0.0943,27,32,59,0.1746,0.0433,0.5076,1.0,0.0,100.0,1.3081,-0.7311,0.0,1.7249,1769859713.5434713,100.0,19,22,0.0,0,0,0,6.29,15.0,0,1,1769859905.377,200.0,meta-llama/Llama-3.2-1B-Instruct,1769859905.377
1.0,0,1769859705.6796,0.2427,27,32,59,0.1756,0.0407,0.0704,1.0,0.0,100.0,0.8743,-0.5817,0.0,1.7249,1769859715.4709218,100.0,19,22,0.033,5,1,0,7.19,15.0,0,53,1769859707.284,-7.717,meta-llama/Llama-3.2-1B-Instruct,"1769859707.284, 1769859707.324, 1769859707.334, 1769859707.403, 1769859707.643"
1.0,0,1769859705.6769,0.1743,27,32,59,0.2448,0.0499,0.0636,1.0,0.0,100.0,0.964,-0.5809,0.0,1.7249,1769859715.4711554,100.0,19,22,0.033,5,1,0,7.19,15.0,0,53,1769859707.284,-7.717,meta-llama/Llama-3.2-1B-Instruct,"1769859707.284, 1769859707.324, 1769859707.334, 1769859707.403, 1769859707.643"
1.0,0,1769859705.4376,0.0829,27,32,59,0.5434,0.0502,0.1018,1.0,0.0,100.0,1.2775,-0.3737,0.0,1.7249,1769859715.9484131,100.0,19,22,0.0,0,0,0,6.29,15.0,0,53,1769859707.284,-7.717,meta-llama/Llama-3.2-1B-Instruct,"1769859707.284, 1769859707.324, 1769859707.334, 1769859707.403, 1769859707.643"
1.0,0,1769859705.4423,0.2093,27,32,59,0.4432,0.0501,0.0749,1.0,0.0,100.0,1.1511,-0.3475,0.0,1.7249,1769859715.9925072,100.0,19,22,0.0,0,0,0,7.19,15.0,0,53,1769859707.284,-7.717,meta-llama/Llama-3.2-1B-Instruct,"1769859707.284, 1769859707.324, 1769859707.334, 1769859707.403, 1769859707.643"
1.0,0,1769859705.759,0.2384,27,32,59,0.1074,0.054,0.0626,1.0,0.0,100.0,0.8059,-0.6542,0.0,1.7249,1769859715.998073,100.0,19,22,0.033,5,1,0,7.19,15.0,0,53,1769859707.284,-7.717,meta-llama/Llama-3.2-1B-Instruct,"1769859707.284, 1769859707.324, 1769859707.334, 1769859707.403, 1769859707.643"
200.0,1,1769859705.3772,0.1143,3324,741,4065,0.5681,0.0276,0.465,200.0,0.0,100.0,10.6754,-189.2103,0.0,1.7249,1769859716.1756322,86.96,20,23,0.0,0,0,0,6.29,15.0,0,53,1769859707.284,-7.717,meta-llama/Llama-3.2-1B-Instruct,"1769859707.284, 1769859707.324, 1769859707.334, 1769859707.403, 1769859707.643"
1.0,0,1769859706.2736,9.8743,27,27,54,0.1074,0.0554,0.0592,1.0,0.0,100.0,0.7363,8.9816,8.9816,10.7066,1769859716.8852167,83.33,20,24,0.0,0,0,0,7.19,15.0,0,53,1769859707.284,-7.717,meta-llama/Llama-3.2-1B-Instruct,"1769859707.284, 1769859707.324, 1769859707.334, 1769859707.403, 1769859707.643"
1.0,0,1769859706.3236,9.923,27,32,59,0.0561,0.0561,0.0692,1.0,0.0,100.0,0.7609,8.9791,8.9791,28.7029,1769859717.0091789,80.0,20,26,0.0,0,0,0,7.19,15.0,0,53,1769859707.284,-7.717,meta-llama/Llama-3.2-1B-Instruct,"1769859707.284, 1769859707.324, 1769859707.334, 1769859707.403, 1769859707.643"
1.0,0,1769859706.2844,9.9165,27,32,59,0.1007,0.0562,0.0604,1.0,0.0,100.0,0.8072,9.0173,9.0173,28.7029,1769859717.0094259,76.92,20,26,0.0,0,0,0,7.19,15.0,0,53,1769859707.284,-7.717,meta-llama/Llama-3.2-1B-Instruct,"1769859707.284, 1769859707.324, 1769859707.334, 1769859707.403, 1769859707.643"
1.0,0,1769859706.7437,9.8701,27,19,46,0.0821,0.0702,0.0702,1.0,0.0,100.0,0.6264,8.9522,8.9522,37.6551,1769859717.2432394,74.07,20,27,0.003,7,0,0,7.19,15.0,0,53,1769859707.284,-7.717,meta-llama/Llama-3.2-1B-Instruct,"1769859707.284, 1769859707.324, 1769859707.334, 1769859707.403, 1769859707.643"
1.0,0,1769859706.4034,10.0216,27,32,59,0.1265,0.0637,0.064,1.0,0.0,100.0,0.9692,9.1481,9.1481,64.8316,1769859717.4008036,71.43,20,30,0.001,3,0,0,7.19,15.0,0,53,1769859707.284,-7.717,meta-llama/Llama-3.2-1B-Instruct,"1769859707.284, 1769859707.324, 1769859707.334, 1769859707.403, 1769859707.643"
1.0,0,1769859706.7406,9.7545,27,32,59,0.0572,0.0595,0.0648,1.0,0.0,100.0,0.9021,8.8118,8.8118,64.8316,1769859717.401021,66.67,20,30,0.001,3,0,0,7.19,15.0,0,53,1769859707.284,-7.717,meta-llama/Llama-3.2-1B-Instruct,"1769859707.284, 1769859707.324, 1769859707.334, 1769859707.403, 1769859707.643"
1.0,0,1769859706.3341,10.086,27,32,59,0.1305,0.0581,0.0646,1.0,0.0,100.0,0.9751,9.2165,9.2165,73.7421,1769859717.4029806,68.97,20,31,0.001,2,1,0,7.19,15.0,0,53,1769859707.284,-7.717,meta-llama/Llama-3.2-1B-Instruct,"1769859707.284, 1769859707.324, 1769859707.334, 1769859707.403, 1769859707.643"
1.0,0,1769859706.6434,9.7867,27,32,59,0.1238,0.0582,0.0586,1.0,0.0,100.0,0.9725,8.9105,8.9105,73.7421,1769859717.4089189,64.52,20,31,0.001,3,0,0,7.19,15.0,0,53,1769859707.284,-7.717,meta-llama/Llama-3.2-1B-Instruct,"1769859707.284, 1769859707.324, 1769859707.334, 1769859707.403, 1769859707.643"
1.0,0,1769859706.7421,9.805,27,32,59,0.0755,0.0628,0.0629,1.0,0.0,100.0,0.9418,8.8805,8.8805,82.6226,1769859717.4918387,62.5,20,32,0.002,6,0,0,7.19,15.0,0,53,1769859707.284,-7.717,meta-llama/Llama-3.2-1B-Instruct,"1769859707.284, 1769859707.324, 1769859707.334, 1769859707.403, 1769859707.643"
1.0,0,1769859706.7581,9.932,27,32,59,0.0818,0.0593,0.0615,1.0,0.0,100.0,0.8858,9.0137,9.0137,91.6364,1769859717.5777526,60.61,20,33,0.003,8,0,0,7.19,15.0,0,53,1769859707.284,-7.717,meta-llama/Llama-3.2-1B-Instruct,"1769859707.284, 1769859707.324, 1769859707.334, 1769859707.403, 1769859707.643"
1.0,0,1769859706.8614,9.8951,27,32,59,0.0854,0.0628,0.0649,1.0,0.0,100.0,0.8698,8.9805,8.9805,109.1497,1769859717.6320307,58.82,20,35,0.004,9,0,0,7.19,15.0,0,53,1769859707.284,-7.717,meta-llama/Llama-3.2-1B-Instruct,"1769859707.284, 1769859707.324, 1769859707.334, 1769859707.403, 1769859707.643"
1.0,0,1769859707.4409,9.4574,27,27,54,0.0754,0.0609,0.0663,1.0,0.0,100.0,0.7291,8.5328,8.5328,109.1497,1769859717.632917,57.14,20,35,0.005,10,0,0,7.19,15.0,0,53,1769859707.284,-7.717,meta-llama/Llama-3.2-1B-Instruct,"1769859707.284, 1769859707.324, 1769859707.334, 1769859707.403, 1769859707.643"
1.0,0,1769859707.6835,9.5257,27,18,45,0.0948,0.0592,0.0592,1.0,0.0,100.0,0.4336,8.6204,8.6204,117.7701,1769859717.6447392,55.56,20,36,0.006,12,0,0,7.19,15.0,0,53,1769859707.284,-7.717,meta-llama/Llama-3.2-1B-Instruct,"1769859707.284, 1769859707.324, 1769859707.334, 1769859707.403, 1769859707.643"
1.0,0,1769859707.3885,9.4481,27,32,59,0.0852,0.055,0.0565,1.0,0.0,100.0,0.8219,8.5333,8.5333,126.3034,1769859717.6603522,54.05,20,37,0.005,11,0,0,7.19,15.0,0,53,1769859707.284,-7.717,meta-llama/Llama-3.2-1B-Instruct,"1769859707.284, 1769859707.324, 1769859707.334, 1769859707.403, 1769859707.643"
1.0,0,1769859707.488,9.4683,27,32,59,0.0957,0.059,0.0634,1.0,0.0,100.0,0.7858,8.564,8.564,134.8674,1769859717.7435017,52.63,20,38,0.005,11,0,0,7.19,15.0,0,53,1769859707.284,-7.717,meta-llama/Llama-3.2-1B-Instruct,"1769859707.284, 1769859707.324, 1769859707.334, 1769859707.403, 1769859707.643"
1.0,0,1769859707.5518,9.5005,27,32,59,0.069,0.0555,0.0666,1.0,0.0,100.0,0.7739,8.5696,8.5696,143.437,1769859717.8288538,51.28,20,39,0.004,10,0,0,7.19,15.0,0,53,1769859707.284,-7.717,meta-llama/Llama-3.2-1B-Instruct,"1769859707.284, 1769859707.324, 1769859707.334, 1769859707.403, 1769859707.643"
1.0,0,1769859707.5973,9.5189,27,32,59,0.0894,0.0611,0.0646,1.0,0.0,100.0,0.7894,8.6082,8.6082,152.0452,1769859717.910674,50.0,20,40,0.005,11,0,0,7.19,15.0,0,53,1769859707.284,-7.717,meta-llama/Llama-3.2-1B-Instruct,"1769859707.284, 1769859707.324, 1769859707.334, 1769859707.403, 1769859707.643"
1.0,0,1769859707.685,9.6001,27,32,59,0.1064,0.0492,0.056,1.0,0.0,100.0,0.7707,8.7065,8.7065,160.7517,1769859718.0567443,48.78,20,41,0.006,12,1,0,7.19,15.0,0,53,1769859707.284,-7.717,meta-llama/Llama-3.2-1B-Instruct,"1769859707.284, 1769859707.324, 1769859707.334, 1769859707.403, 1769859707.643"
1.0,0,1769859707.746,9.6361,27,32,59,0.0728,0.0608,0.0633,1.0,0.0,100.0,0.7973,8.7089,8.7089,169.4606,1769859718.1845098,47.62,20,42,0.007,13,0,0,7.19,15.0,0,53,1769859707.284,-7.717,meta-llama/Llama-3.2-1B-Instruct,"1769859707.284, 1769859707.324, 1769859707.334, 1769859707.403, 1769859707.643"
1.0,0,1769859716.1826,1.2627,27,32,59,0.0964,0.0602,0.0678,1.0,0.0,100.0,0.8064,0.3591,0.3591,169.8197,1769859718.258036,46.51,20,43,0.005,10,0,0,7.19,15.0,0,53,1769859707.284,-7.717,meta-llama/Llama-3.2-1B-Instruct,"1769859707.284, 1769859707.324, 1769859707.334, 1769859707.403, 1769859707.643"
1.0,0,1769859716.2224,1.4486,27,32,59,0.0698,0.0689,0.0727,1.0,0.0,100.0,0.9066,0.5184,0.5184,171.2783,1769859718.5848405,44.44,20,46,0.005,10,1,0,7.19,15.0,0,53,1769859707.284,-7.717,meta-llama/Llama-3.2-1B-Instruct,"1769859707.284, 1769859707.324, 1769859707.334, 1769859707.403, 1769859707.643"
1.0,0,1769859716.2699,1.4036,27,32,59,0.068,0.0577,0.0618,1.0,0.0,100.0,0.9023,0.4717,0.4717,171.2783,1769859718.585927,45.45,20,46,0.005,10,0,0,7.19,15.0,0,53,1769859707.284,-7.717,meta-llama/Llama-3.2-1B-Instruct,"1769859707.284, 1769859707.324, 1769859707.334, 1769859707.403, 1769859707.643"
1.0,0,1769859716.2714,1.4113,27,32,59,0.0572,0.0656,0.0697,1.0,0.0,100.0,0.9019,0.4686,0.4686,171.2783,1769859718.586456,43.48,20,46,0.003,6,0,0,7.19,15.0,0,53,1769859707.284,-7.717,meta-llama/Llama-3.2-1B-Instruct,"1769859707.284, 1769859707.324, 1769859707.334, 1769859707.403, 1769859707.643"
1.0,0,1769859716.3215,1.4337,27,32,59,0.066,0.0563,0.0597,1.0,0.0,100.0,0.8977,0.4997,0.4997,171.778,1769859718.6562243,42.55,20,47,0.003,8,0,0,7.19,15.0,0,53,1769859707.284,-7.717,meta-llama/Llama-3.2-1B-Instruct,"1769859707.284, 1769859707.324, 1769859707.334, 1769859707.403, 1769859707.643"
1.0,0,1769859716.3731,1.4323,27,32,59,0.0628,0.058,0.0764,1.0,0.0,100.0,0.8863,0.4951,0.4951,172.2731,1769859718.7009254,41.67,20,48,0.003,8,0,0,7.19,15.0,0,53,1769859707.284,-7.717,meta-llama/Llama-3.2-1B-Instruct,"1769859707.284, 1769859707.324, 1769859707.334, 1769859707.403, 1769859707.643"
1.0,0,1769859716.3746,1.515,27,32,59,0.0522,0.0675,0.071,1.0,0.0,100.0,0.8224,0.5673,0.5673,172.8404,1769859718.7133849,40.82,20,49,0.004,8,0,0,7.19,15.0,0,53,1769859707.284,-7.717,meta-llama/Llama-3.2-1B-Instruct,"1769859707.284, 1769859707.324, 1769859707.334, 1769859707.403, 1769859707.643"
1.0,0,1769859716.4571,1.5068,27,32,59,0.0713,0.0603,0.0643,1.0,0.0,100.0,0.8545,0.5781,0.5781,173.4185,1769859718.8207257,40.0,20,50,0.004,9,0,0,7.19,15.0,0,53,1769859707.284,-7.717,meta-llama/Llama-3.2-1B-Instruct,"1769859707.284, 1769859707.324, 1769859707.334, 1769859707.403, 1769859707.643"
1.0,0,1769859716.5173,1.5071,27,32,59,0.0788,0.0608,0.0615,1.0,0.0,100.0,0.8367,0.5858,0.5858,174.0043,1769859718.863205,39.22,20,51,0.005,10,0,0,7.19,15.0,0,53,1769859707.284,-7.717,meta-llama/Llama-3.2-1B-Instruct,"1769859707.284, 1769859707.324, 1769859707.334, 1769859707.403, 1769859707.643"
1.0,0,1769859716.5188,1.5815,27,32,59,0.0801,0.0538,0.0538,1.0,0.0,100.0,0.7947,0.6616,0.6616,174.6659,1769859718.9037988,38.46,20,52,0.004,9,1,0,7.19,15.0,0,53,1769859707.284,-7.717,meta-llama/Llama-3.2-1B-Instruct,"1769859707.284, 1769859707.324, 1769859707.334, 1769859707.403, 1769859707.643"
1.0,0,1769859716.5202,1.6405,27,32,59,0.0613,0.0567,0.0582,1.0,0.0,100.0,0.7592,0.7018,0.7018,175.3677,1769859718.9222581,37.74,20,53,0.005,10,0,0,7.19,15.0,0,53,1769859707.284,-7.717,meta-llama/Llama-3.2-1B-Instruct,"1769859707.284, 1769859707.324, 1769859707.334, 1769859707.403, 1769859707.643"
1.0,0,1769859716.5217,1.7139,27,32,59,0.0911,0.0598,0.0632,1.0,0.0,100.0,0.7641,0.805,0.805,176.1727,1769859719.000691,37.04,20,54,0.005,11,0,0,7.19,15.0,0,53,1769859707.284,-7.717,meta-llama/Llama-3.2-1B-Instruct,"1769859707.284, 1769859707.324, 1769859707.334, 1769859707.403, 1769859707.643"
1.0,0,1769859716.658,1.6577,27,32,59,0.0637,0.0717,0.1243,1.0,0.0,100.0,0.8345,0.7214,0.7214,176.8941,1769859719.1575427,36.36,20,55,0.005,10,0,0,7.19,15.0,0,53,1769859707.284,-7.717,meta-llama/Llama-3.2-1B-Instruct,"1769859707.284, 1769859707.324, 1769859707.334, 1769859707.403, 1769859707.643"
1.0,0,1769859716.6596,1.7406,27,32,59,0.0744,0.0494,0.1236,1.0,0.0,100.0,0.8402,0.815,0.815,177.7091,1769859719.241162,35.71,20,56,0.006,12,0,0,7.19,15.0,0,53,1769859707.284,-7.717,meta-llama/Llama-3.2-1B-Instruct,"1769859707.284, 1769859707.324, 1769859707.334, 1769859707.403, 1769859707.643"
1.0,0,1769859716.6611,1.7989,27,32,59,0.0651,0.053,0.1196,1.0,0.0,100.0,0.8264,0.864,0.864,178.5731,1769859719.300618,35.09,20,57,0.006,12,0,0,7.19,15.0,0,53,1769859707.284,-7.717,meta-llama/Llama-3.2-1B-Instruct,"1769859707.284, 1769859707.324, 1769859707.334, 1769859707.403, 1769859707.643"
1.0,0,1769859716.6626,1.8908,27,32,59,0.0637,0.0555,0.1211,1.0,0.0,100.0,0.8534,0.9545,0.9545,179.5276,1769859719.408457,34.48,20,58,0.007,14,0,0,7.19,15.0,0,53,1769859707.284,-7.717,meta-llama/Llama-3.2-1B-Instruct,"1769859707.284, 1769859707.324, 1769859707.334, 1769859707.403, 1769859707.643"
1.0,0,1769859716.6641,2.0328,27,32,59,0.0654,0.0458,0.12,1.0,0.0,100.0,0.8842,1.0982,1.0982,180.6258,1769859719.585152,33.9,20,59,0.005,10,0,0,7.19,15.0,0,53,1769859707.284,-7.717,meta-llama/Llama-3.2-1B-Instruct,"1769859707.284, 1769859707.324, 1769859707.334, 1769859707.403, 1769859707.643"
1.0,0,1769859716.7357,1.9994,27,32,59,0.075,0.0515,0.1275,1.0,0.0,100.0,0.8873,1.0744,1.0744,181.7002,1769859719.625119,33.33,20,60,0.005,9,0,0,7.19,15.0,0,53,1769859707.284,-7.717,meta-llama/Llama-3.2-1B-Instruct,"1769859707.284, 1769859707.324, 1769859707.334, 1769859707.403, 1769859707.643"
1.0,0,1769859717.3506,1.664,27,32,59,0.0606,0.0471,0.0485,1.0,0.0,100.0,0.8683,0.7246,0.7246,185.0589,1769859719.8920736,32.26,20,64,0.003,7,2,0,7.19,15.0,0,53,1769859707.284,-7.717,meta-llama/Llama-3.2-1B-Instruct,"1769859707.284, 1769859707.324, 1769859707.334, 1769859707.403, 1769859707.643"
1.0,0,1769859717.3492,1.6229,27,32,59,0.1023,0.0477,0.0494,1.0,0.0,100.0,0.9097,0.7252,0.7252,185.8283,1769859719.8926322,32.79,20,65,0.004,7,0,0,7.19,15.0,0,53,1769859707.284,-7.717,meta-llama/Llama-3.2-1B-Instruct,"1769859707.284, 1769859707.324, 1769859707.334, 1769859707.403, 1769859707.643"
1.0,0,1769859717.0201,1.9144,27,32,59,0.1385,0.0491,0.0536,1.0,0.0,100.0,0.9488,1.0529,1.0529,185.8283,1769859719.8935158,31.75,20,65,0.005,10,0,0,7.19,15.0,0,53,1769859707.284,-7.717,meta-llama/Llama-3.2-1B-Instruct,"1769859707.284, 1769859707.324, 1769859707.334, 1769859707.403, 1769859707.643"
1.0,0,1769859717.3519,1.7141,27,32,59,0.0554,0.0485,0.0487,1.0,0.0,100.0,0.8264,0.7694,0.7694,185.8283,1769859719.897613,30.77,20,65,0.004,9,1,0,7.19,15.0,0,53,1769859707.284,-7.717,meta-llama/Llama-3.2-1B-Instruct,"1769859707.284, 1769859707.324, 1769859707.334, 1769859707.403, 1769859707.643"
1.0,0,1769859717.1728,1.7668,27,32,59,0.0891,0.0509,0.096,1.0,0.0,100.0,0.9496,0.8559,0.8559,185.8283,1769859719.8994288,31.25,20,65,0.005,9,0,0,7.19,15.0,0,53,1769859707.284,-7.717,meta-llama/Llama-3.2-1B-Instruct,"1769859707.284, 1769859707.324, 1769859707.334, 1769859707.403, 1769859707.643"
1.0,0,1769859717.3532,1.7827,27,32,59,0.0594,0.0516,0.0645,1.0,0.0,100.0,0.8802,0.8421,0.8421,186.6704,1769859720.0175064,30.3,20,66,0.005,11,0,0,7.19,15.0,0,53,1769859707.284,-7.717,meta-llama/Llama-3.2-1B-Instruct,"1769859707.284, 1769859707.324, 1769859707.334, 1769859707.403, 1769859707.643"
1.0,0,1769859717.66,1.6191,27,32,59,0.0599,0.0544,0.0625,1.0,0.0,100.0,0.8276,0.679,0.679,188.2786,1769859720.1104865,29.41,20,68,0.005,10,0,0,7.19,15.0,0,106,1769859719.438,-0.62,meta-llama/Llama-3.2-1B-Instruct,"1769859719.438, 1769859719.624, 1769859719.922, 1769859719.928, 1769859719.930"
1.0,0,1769859717.3547,1.8652,27,32,59,0.064,0.0507,0.0509,1.0,0.0,100.0,0.8853,0.9292,0.9292,188.2786,1769859720.111236,29.85,20,68,0.005,10,0,0,7.19,15.0,0,106,1769859719.438,-0.62,meta-llama/Llama-3.2-1B-Instruct,"1769859719.438, 1769859719.624, 1769859719.922, 1769859719.928, 1769859719.930"
1.0,0,1769859717.7318,1.6178,27,32,59,0.0522,0.0515,0.0575,1.0,0.0,100.0,0.7807,0.6699,0.6699,188.9485,1769859720.1317143,28.99,20,69,0.005,11,0,0,7.19,15.0,0,106,1769859719.438,-0.62,meta-llama/Llama-3.2-1B-Instruct,"1769859719.438, 1769859719.624, 1769859719.922, 1769859719.928, 1769859719.930"
1.0,0,1769859717.9253,1.4994,27,32,59,0.0651,0.0555,0.0614,1.0,0.0,100.0,0.75,0.5645,0.5645,189.513,1769859720.177212,28.57,20,70,0.005,11,0,0,7.19,15.0,0,106,1769859719.438,-0.62,meta-llama/Llama-3.2-1B-Instruct,"1769859719.438, 1769859719.624, 1769859719.922, 1769859719.928, 1769859719.930"
1.0,0,1769859718.0809,1.9124,27,9,36,0.0634,0.0385,0.0385,1.0,0.0,100.0,0.2205,0.9759,0.9759,191.1066,1769859720.2183564,27.78,20,72,0.005,10,0,0,7.19,15.0,0,106,1769859719.438,-0.62,meta-llama/Llama-3.2-1B-Instruct,"1769859719.438, 1769859719.624, 1769859719.922, 1769859719.928, 1769859719.930"
1.0,0,1769859717.9269,1.552,27,32,59,0.0657,0.0452,0.057,1.0,0.0,100.0,0.7313,0.6177,0.6177,191.1066,1769859720.218546,28.17,20,72,0.005,11,0,0,7.19,15.0,0,106,1769859719.438,-0.62,meta-llama/Llama-3.2-1B-Instruct,"1769859719.438, 1769859719.624, 1769859719.922, 1769859719.928, 1769859719.930"
1.0,0,1769859717.9972,1.5713,27,32,59,0.0563,0.0656,0.1478,1.0,0.0,100.0,0.8391,0.6277,0.6277,191.7343,1769859720.4155655,27.4,20,73,0.006,13,0,0,7.19,15.0,0,106,1769859719.438,-0.62,meta-llama/Llama-3.2-1B-Instruct,"1769859719.438, 1769859719.624, 1769859719.922, 1769859719.928, 1769859719.930"
1.0,0,1769859718.0751,1.6098,27,33,60,0.06,0.0523,0.1498,1.0,0.0,100.0,0.8832,0.6698,0.6698,192.4041,1769859720.569752,27.03,20,74,0.006,12,0,0,7.19,15.0,0,106,1769859719.438,-0.62,meta-llama/Llama-3.2-1B-Instruct,"1769859719.438, 1769859719.624, 1769859719.922, 1769859719.928, 1769859719.930"
1.0,0,1769859718.0766,1.6837,27,31,58,0.0645,0.0601,0.1498,1.0,0.0,100.0,0.9339,0.7482,0.7482,193.1523,1769859720.7017307,26.67,20,75,0.007,13,0,0,7.19,15.0,0,106,1769859719.438,-0.62,meta-llama/Llama-3.2-1B-Instruct,"1769859719.438, 1769859719.624, 1769859719.922, 1769859719.928, 1769859719.930"
1.0,0,1769859718.078,1.7875,27,32,59,0.0825,0.0716,0.1524,1.0,0.0,100.0,1.0158,0.87,0.87,194.0223,1769859720.8851976,26.32,20,76,0.007,14,0,0,7.19,15.0,0,106,1769859719.438,-0.62,meta-llama/Llama-3.2-1B-Instruct,"1769859719.438, 1769859719.624, 1769859719.922, 1769859719.928, 1769859719.930"
1.0,0,1769859718.0795,1.8587,27,32,59,0.0662,0.0622,0.1559,1.0,0.0,100.0,0.969,0.9249,0.9249,194.9472,1769859720.909001,25.97,20,77,0.005,9,0,0,7.19,15.0,0,106,1769859719.438,-0.62,meta-llama/Llama-3.2-1B-Instruct,"1769859719.438, 1769859719.624, 1769859719.922, 1769859719.928, 1769859719.930"
1.0,0,1769859718.6242,1.6252,27,20,47,0.1095,0.0635,0.0635,1.0,0.0,100.0,0.7318,0.7347,0.7347,195.6819,1769859720.9904242,25.64,20,78,0.003,5,0,0,7.19,15.0,0,106,1769859719.438,-0.62,meta-llama/Llama-3.2-1B-Instruct,"1769859719.438, 1769859719.624, 1769859719.922, 1769859719.928, 1769859719.930"
1.0,0,1769859718.4368,1.7622,27,32,59,0.1204,0.0578,0.088,1.0,0.0,100.0,1.056,0.8826,0.8826,198.3315,1769859721.2686412,25.32,20,82,0.005,11,0,0,7.19,15.0,0,106,1769859719.438,-0.62,meta-llama/Llama-3.2-1B-Instruct,"1769859719.438, 1769859719.624, 1769859719.922, 1769859719.928, 1769859719.930"
1.0,0,1769859718.9224,1.3768,27,32,59,0.0611,0.059,0.0659,1.0,0.0,100.0,0.9612,0.4379,0.4379,198.3315,1769859721.274415,25.0,20,82,0.003,7,1,0,7.19,15.0,0,106,1769859719.438,-0.62,meta-llama/Llama-3.2-1B-Instruct,"1769859719.438, 1769859719.624, 1769859719.922, 1769859719.928, 1769859719.930"
1.0,0,1769859718.9283,1.4223,27,31,58,0.0623,0.058,0.0619,1.0,0.0,100.0,0.9126,0.4846,0.4846,198.3315,1769859721.2757115,24.39,20,82,0.004,8,1,0,7.19,15.0,0,106,1769859719.438,-0.62,meta-llama/Llama-3.2-1B-Instruct,"1769859719.438, 1769859719.624, 1769859719.922, 1769859719.928, 1769859719.930"
1.0,0,1769859718.4382,1.7554,27,32,59,0.0891,0.0738,0.1231,1.0,0.0,100.0,1.0679,0.8445,0.8445,198.3315,1769859721.2773314,24.69,20,82,0.004,8,0,0,7.19,15.0,0,106,1769859719.438,-0.62,meta-llama/Llama-3.2-1B-Instruct,"1769859719.438, 1769859719.624, 1769859719.922, 1769859719.928, 1769859719.930"
1.0,0,1769859718.9298,1.4675,27,32,59,0.0883,0.0637,0.0743,1.0,0.0,100.0,0.8939,0.5557,0.5557,198.8873,1769859721.294358,24.1,20,83,0.004,9,0,0,7.19,15.0,0,106,1769859719.438,-0.62,meta-llama/Llama-3.2-1B-Instruct,"1769859719.438, 1769859719.624, 1769859719.922, 1769859719.928, 1769859719.930"
1.0,0,1769859718.9909,1.4796,27,32,59,0.0622,0.0579,0.0585,1.0,0.0,100.0,0.878,0.5418,0.5418,199.4291,1769859721.349882,23.81,20,84,0.004,9,0,0,7.19,15.0,0,106,1769859719.438,-0.62,meta-llama/Llama-3.2-1B-Instruct,"1769859719.438, 1769859719.624, 1769859719.922, 1769859719.928, 1769859719.930"
1.0,0,1769859718.9925,1.5525,27,32,59,0.0716,0.0564,0.0741,1.0,0.0,100.0,0.8438,0.6241,0.6241,200.0532,1769859721.3908465,23.53,20,85,0.005,11,0,0,7.19,15.0,0,106,1769859719.438,-0.62,meta-llama/Llama-3.2-1B-Instruct,"1769859719.438, 1769859719.624, 1769859719.922, 1769859719.928, 1769859719.930"
1.0,0,1769859719.1769,1.4448,27,32,59,0.0705,0.0608,0.065,1.0,0.0,100.0,0.8009,0.5153,0.5153,200.5685,1769859721.4291987,23.26,20,86,0.005,10,1,0,7.19,15.0,0,106,1769859719.438,-0.62,meta-llama/Llama-3.2-1B-Instruct,"1769859719.438, 1769859719.624, 1769859719.922, 1769859719.928, 1769859719.930"
1.0,0,1769859719.3282,1.3545,27,32,59,0.0789,0.0572,0.0631,1.0,0.0,100.0,0.7664,0.4334,0.4334,201.0019,1769859721.453924,22.99,20,87,0.005,11,0,0,7.19,15.0,0,106,1769859719.438,-0.62,meta-llama/Llama-3.2-1B-Instruct,"1769859719.438, 1769859719.624, 1769859719.922, 1769859719.928, 1769859719.930"
1.0,0,1769859719.4606,1.2852,27,32,59,0.0562,0.0489,0.0662,1.0,0.0,100.0,0.7106,0.3414,0.3414,201.3433,1769859721.4600356,22.73,20,88,0.005,11,1,0,7.19,15.0,0,106,1769859719.438,-0.62,meta-llama/Llama-3.2-1B-Instruct,"1769859719.438, 1769859719.624, 1769859719.922, 1769859719.928, 1769859719.930"
1.0,0,1769859719.4622,1.3574,27,32,59,0.0614,0.0511,0.0597,1.0,0.0,100.0,0.7698,0.4188,0.4188,201.7622,1769859721.5907323,22.47,20,89,0.006,13,0,0,7.19,15.0,0,106,1769859719.438,-0.62,meta-llama/Llama-3.2-1B-Instruct,"1769859719.438, 1769859719.624, 1769859719.922, 1769859719.928, 1769859719.930"
1.0,0,1769859719.4638,1.4234,27,31,58,0.0557,0.0525,0.0633,1.0,0.0,100.0,0.7505,0.4791,0.4791,202.2413,1769859721.645918,22.22,20,90,0.006,13,0,0,7.19,15.0,0,106,1769859719.438,-0.62,meta-llama/Llama-3.2-1B-Instruct,"1769859719.438, 1769859719.624, 1769859719.922, 1769859719.928, 1769859719.930"
1.0,0,1769859719.4652,1.5,27,32,59,0.0928,0.0585,0.0596,1.0,0.0,100.0,0.785,0.5928,0.5928,202.8341,1769859721.753821,21.98,20,91,0.006,13,0,0,7.19,15.0,0,106,1769859719.438,-0.62,meta-llama/Llama-3.2-1B-Instruct,"1769859719.438, 1769859719.624, 1769859719.922, 1769859719.928, 1769859719.930"
1.0,0,1769859719.6591,1.3883,27,32,59,0.0668,0.054,0.0824,1.0,0.0,100.0,0.7806,0.4551,0.4551,203.2892,1769859721.8307302,21.74,20,92,0.006,13,0,0,7.19,15.0,0,106,1769859719.438,-0.62,meta-llama/Llama-3.2-1B-Instruct,"1769859719.438, 1769859719.624, 1769859719.922, 1769859719.928, 1769859719.930"
1.0,0,1769859719.7338,1.3955,27,32,59,0.0973,0.0524,0.0555,1.0,0.0,100.0,0.8157,0.4929,0.4929,203.7821,1769859721.9475627,21.51,20,93,0.007,14,0,0,7.19,15.0,0,106,1769859719.438,-0.62,meta-llama/Llama-3.2-1B-Instruct,"1769859719.438, 1769859719.624, 1769859719.922, 1769859719.928, 1769859719.930"
1.0,0,1769859721.0135,1.0347,27,0,27,,,,1.0,,,0.0659,0.1005,0.1005,203.8826,1769859722.1208022,21.28,20,94,0.005,10,1,0,7.19,15.0,0,106,1769859719.438,-0.62,meta-llama/Llama-3.2-1B-Instruct,"1769859719.438, 1769859719.624, 1769859719.922, 1769859719.928, 1769859719.930"
1.0,0,1769859719.8055,1.4302,27,32,59,0.1006,0.0578,0.0693,1.0,0.0,100.0,0.8882,0.5307,0.5307,204.4133,1769859722.1249526,21.05,20,95,0.008,15,0,0,7.19,15.0,0,106,1769859719.438,-0.62,meta-llama/Llama-3.2-1B-Instruct,"1769859719.438, 1769859719.624, 1769859719.922, 1769859719.928, 1769859719.930"
1.0,0,1769859721.186,0.9791,27,0,27,,,,1.0,,,0.0599,0.0391,0.0391,204.4523,1769859722.2257326,20.83,20,96,0.005,11,0,0,7.19,15.0,0,106,1769859719.438,-0.62,meta-llama/Llama-3.2-1B-Instruct,"1769859719.438, 1769859719.624, 1769859719.922, 1769859719.928, 1769859719.930"
1.0,0,1769859720.0379,1.4451,27,32,59,0.069,0.0528,0.0573,1.0,0.0,100.0,0.9604,0.5141,0.5141,206.3261,1769859722.4478266,20.2,20,99,0.003,6,0,0,7.19,15.0,0,106,1769859719.438,-0.62,meta-llama/Llama-3.2-1B-Instruct,"1769859719.438, 1769859719.624, 1769859719.922, 1769859719.928, 1769859719.930"
1.0,0,1769859719.807,1.6363,27,32,59,0.0978,0.0553,0.0586,1.0,0.0,100.0,0.995,0.734,0.734,206.3261,1769859722.447947,20.62,20,99,0.005,10,0,0,7.19,15.0,0,106,1769859719.438,-0.62,meta-llama/Llama-3.2-1B-Instruct,"1769859719.438, 1769859719.624, 1769859719.922, 1769859719.928, 1769859719.930"
1.0,0,1769859719.9144,1.5354,27,32,59,0.0903,0.0556,0.0675,1.0,0.0,100.0,0.9905,0.6256,0.6256,206.3261,1769859722.4481826,20.41,20,99,0.005,9,0,0,7.19,15.0,0,106,1769859719.438,-0.62,meta-llama/Llama-3.2-1B-Instruct,"1769859719.438, 1769859719.624, 1769859719.922, 1769859719.928, 1769859719.930"
1.0,0,1769859720.1456,1.3973,27,32,59,0.0969,0.0572,0.0651,1.0,0.0,100.0,0.9952,0.4942,0.4942,206.8203,1769859722.5423048,20.0,20,100,0.004,9,0,0,7.19,15.0,0,106,1769859719.438,-0.62,meta-llama/Llama-3.2-1B-Instruct,"1769859719.438, 1769859719.624, 1769859719.922, 1769859719.928, 1769859719.930"
1.0,0,1769859720.1472,1.4806,27,32,59,0.0674,0.0563,0.0568,1.0,0.0,100.0,0.9613,0.5481,0.5481,207.3684,1769859722.5980997,19.8,20,101,0.004,8,0,0,7.19,15.0,0,106,1769859719.438,-0.62,meta-llama/Llama-3.2-1B-Instruct,"1769859719.438, 1769859719.624, 1769859719.922, 1769859719.928, 1769859719.930"
1.0,0,1769859720.1488,1.542,27,32,59,0.062,0.0589,0.0593,1.0,0.0,100.0,0.9268,0.6039,0.6039,207.9723,1769859722.6199496,19.61,20,102,0.004,8,0,0,7.19,15.0,0,106,1769859719.438,-0.62,meta-llama/Llama-3.2-1B-Instruct,"1769859719.438, 1769859719.624, 1769859719.922, 1769859719.928, 1769859719.930"
1.0,0,1769859720.2747,1.4916,27,33,60,0.0626,0.0551,0.061,1.0,0.0,100.0,0.9266,0.5541,0.5541,208.5264,1769859722.6982718,19.42,20,103,0.004,9,0,0,7.19,15.0,0,106,1769859719.438,-0.62,meta-llama/Llama-3.2-1B-Instruct,"1769859719.438, 1769859719.624, 1769859719.922, 1769859719.928, 1769859719.930"
1.0,0,1769859720.3274,1.5199,27,32,59,0.0604,0.055,0.0672,1.0,0.0,100.0,0.8917,0.5803,0.5803,209.1067,1769859722.7410147,19.23,20,104,0.004,9,0,0,7.19,15.0,0,106,1769859719.438,-0.62,meta-llama/Llama-3.2-1B-Instruct,"1769859719.438, 1769859719.624, 1769859719.922, 1769859719.928, 1769859719.930"
1.0,0,1769859720.5878,1.3385,27,32,59,0.0722,0.0596,0.1351,1.0,0.0,100.0,1.0227,0.4106,0.4106,209.5173,1769859722.9507885,19.05,20,105,0.004,9,0,0,7.19,15.0,0,106,1769859719.438,-0.62,meta-llama/Llama-3.2-1B-Instruct,"1769859719.438, 1769859719.624, 1769859719.922, 1769859719.928, 1769859719.930"
1.0,0,1769859720.7229,1.2664,27,32,59,0.07,0.0588,0.1376,1.0,0.0,100.0,1.0179,0.3364,0.3364,209.8537,1769859723.0103822,18.87,20,106,0.004,9,0,0,7.19,15.0,0,106,1769859719.438,-0.62,meta-llama/Llama-3.2-1B-Instruct,"1769859719.438, 1769859719.624, 1769859719.922, 1769859719.928, 1769859719.930"
1.0,0,1769859721.1846,0.9226,27,32,59,0.054,0.0594,0.1344,1.0,0.0,100.0,0.9654,-0.0235,0.0,209.8537,1769859723.073428,19.63,21,107,0.005,11,0,0,7.19,15.0,0,106,1769859719.438,-0.62,meta-llama/Llama-3.2-1B-Instruct,"1769859719.438, 1769859719.624, 1769859719.922, 1769859719.928, 1769859719.930"
1.0,0,1769859721.1874,1.0517,27,32,59,0.0606,0.0544,0.1357,1.0,0.0,100.0,0.9016,0.1123,0.1123,209.966,1769859723.144916,19.44,21,108,0.005,11,0,0,7.19,15.0,0,106,1769859719.438,-0.62,meta-llama/Llama-3.2-1B-Instruct,"1769859719.438, 1769859719.624, 1769859719.922, 1769859719.928, 1769859719.930"
1.0,0,1769859721.1887,1.105,27,32,59,0.0562,0.0575,0.1322,1.0,0.0,100.0,0.8645,0.1612,0.1612,210.1272,1769859723.1591587,19.27,21,109,0.006,11,0,0,7.19,15.0,0,106,1769859719.438,-0.62,meta-llama/Llama-3.2-1B-Instruct,"1769859719.438, 1769859719.624, 1769859719.922, 1769859719.928, 1769859719.930"
1.0,0,1769859721.1902,1.1776,27,32,59,0.0746,0.0554,0.1298,1.0,0.0,100.0,0.8299,0.2522,0.2522,210.3794,1769859723.2015781,19.09,21,110,0.007,13,0,0,7.19,15.0,0,106,1769859719.438,-0.62,meta-llama/Llama-3.2-1B-Instruct,"1769859719.438, 1769859719.624, 1769859719.922, 1769859719.928, 1769859719.930"
1.0,0,1769859721.1916,1.2307,27,32,59,0.0595,0.0482,0.1375,1.0,0.0,100.0,0.7904,0.2902,0.2902,210.6696,1769859723.2146025,18.92,21,111,0.007,13,0,0,7.19,15.0,0,106,1769859719.438,-0.62,meta-llama/Llama-3.2-1B-Instruct,"1769859719.438, 1769859719.624, 1769859719.922, 1769859719.928, 1769859719.930"
1.0,0,1769859721.1931,1.301,27,32,59,0.0926,0.052,0.1324,1.0,0.0,100.0,0.7734,0.3936,0.3936,211.0632,1769859723.2685165,18.75,21,112,0.006,12,0,0,7.19,15.0,0,106,1769859719.438,-0.62,meta-llama/Llama-3.2-1B-Instruct,"1769859719.438, 1769859719.624, 1769859719.922, 1769859719.928, 1769859719.930"
1.0,0,1769859721.8121,0.8578,27,32,59,0.1003,0.0516,0.0935,1.0,0.0,100.0,0.718,-0.0419,0.0,211.2723,1769859723.3910341,19.47,23,115,0.005,10,0,0,7.19,15.0,0,106,1769859719.438,-0.62,meta-llama/Llama-3.2-1B-Instruct,"1769859719.438, 1769859719.624, 1769859719.922, 1769859719.928, 1769859719.930"
1.0,0,1769859721.602,1.0612,27,32,59,0.1479,0.0499,0.0534,1.0,0.0,100.0,0.7269,0.2091,0.2091,211.2723,1769859723.3912714,20.0,23,115,0.005,11,1,0,7.19,15.0,0,106,1769859719.438,-0.62,meta-llama/Llama-3.2-1B-Instruct,"1769859719.438, 1769859719.624, 1769859719.922, 1769859719.928, 1769859719.930"
1.0,0,1769859721.9582,0.7983,27,31,58,0.0566,0.0481,0.0648,1.0,0.0,100.0,0.6321,-0.1451,0.0,211.2723,1769859723.3918111,20.18,23,115,0.004,9,1,0,7.19,15.0,0,106,1769859719.438,-0.62,meta-llama/Llama-3.2-1B-Instruct,"1769859719.438, 1769859719.624, 1769859719.922, 1769859719.928, 1769859719.930"
1.0,0,1769859722.084,0.7126,27,32,59,0.0719,0.0417,0.0477,1.0,0.0,100.0,0.6023,-0.2155,0.0,211.2723,1769859723.3995757,20.69,24,116,0.005,10,1,0,7.19,15.0,0,106,1769859719.438,-0.62,meta-llama/Llama-3.2-1B-Instruct,"1769859719.438, 1769859719.624, 1769859719.922, 1769859719.928, 1769859719.930"
1.0,0,1769859722.341,0.5153,27,32,59,0.0703,0.038,0.0558,1.0,0.0,100.0,0.5672,-0.4144,0.0,211.2723,1769859723.4257736,21.37,25,117,0.005,11,0,0,7.19,15.0,0,106,1769859719.438,-0.62,meta-llama/Llama-3.2-1B-Instruct,"1769859719.438, 1769859719.624, 1769859719.922, 1769859719.928, 1769859719.930"
1.0,0,1769859722.348,0.5804,27,32,59,0.0604,0.0523,0.053,1.0,0.0,100.0,0.602,-0.3593,0.0,211.2723,1769859723.536712,22.03,26,118,0.006,13,0,0,7.19,15.0,0,106,1769859719.438,-0.62,meta-llama/Llama-3.2-1B-Instruct,"1769859719.438, 1769859719.624, 1769859719.922, 1769859719.928, 1769859719.930"
1.0,0,1769859722.35,0.6412,27,32,59,0.0629,0.0524,0.0537,1.0,0.0,100.0,0.595,-0.2958,0.0,211.2723,1769859723.5897388,22.69,27,119,0.006,12,0,0,7.19,15.0,0,106,1769859719.438,-0.62,meta-llama/Llama-3.2-1B-Instruct,"1769859719.438, 1769859719.624, 1769859719.922, 1769859719.928, 1769859719.930"
1.0,0,1769859722.4639,0.948,27,32,59,0.0672,0.0594,0.0615,1.0,0.0,100.0,0.8359,0.0152,0.0152,211.2875,1769859724.2577536,22.5,27,120,0.002,3,0,0,7.19,15.0,0,106,1769859719.438,-0.62,meta-llama/Llama-3.2-1B-Instruct,"1769859719.438, 1769859719.624, 1769859719.922, 1769859719.928, 1769859719.930"
1.0,0,1769859722.9033,0.5668,27,32,59,0.0657,0.0584,0.0622,1.0,0.0,100.0,0.7888,-0.3676,0.0,211.2875,1769859724.261258,23.14,28,121,0.001,2,1,0,7.19,15.0,0,106,1769859719.438,-0.62,meta-llama/Llama-3.2-1B-Instruct,"1769859719.438, 1769859719.624, 1769859719.922, 1769859719.928, 1769859719.930"
1.0,0,1769859722.9581,0.5657,27,32,59,0.0657,0.0587,0.059,1.0,0.0,100.0,0.7996,-0.3686,0.0,211.2875,1769859724.3243098,23.77,29,122,0.001,3,0,0,7.19,15.0,0,106,1769859719.438,-0.62,meta-llama/Llama-3.2-1B-Instruct,"1769859719.438, 1769859719.624, 1769859719.922, 1769859719.928, 1769859719.930"
1.0,0,1769859723.3859,0.1868,27,32,59,0.0678,0.0604,0.0614,1.0,0.0,100.0,0.8053,-0.7455,0.0,211.2875,1769859724.3801556,24.39,30,123,0.001,3,0,0,7.19,15.0,0,106,1769859719.438,-0.62,meta-llama/Llama-3.2-1B-Instruct,"1769859719.438, 1769859719.624, 1769859719.922, 1769859719.928, 1769859719.930"
1.0,0,1769859723.3904,0.2438,27,32,59,0.0708,0.0582,0.9522,1.0,0.0,100.0,1.7237,-0.6854,0.0,211.2875,1769859725.3641467,25.0,31,124,0.001,4,0,0,7.19,15.0,0,156,1769859725.875,0.814,meta-llama/Llama-3.2-1B-Instruct,"1769859725.875, 1769859725.912, 1769859725.914, 1769859725.991, 1769859725.993"
1.0,0,1769859723.4415,0.2508,27,32,59,0.074,0.0622,0.9561,1.0,0.0,100.0,1.7108,-0.6752,0.0,211.2875,1769859725.4059663,25.6,32,125,0.002,5,0,0,7.19,15.0,0,156,1769859725.875,0.814,meta-llama/Llama-3.2-1B-Instruct,"1769859725.875, 1769859725.912, 1769859725.914, 1769859725.991, 1769859725.993"
1.0,0,1769859723.6123,0.355,27,30,57,0.0645,0.0539,0.9548,1.0,0.0,100.0,1.8531,-0.5805,0.0,211.2875,1769859725.8237007,27.34,36,129,0.003,6,3,0,7.19,15.0,0,156,1769859725.875,0.814,meta-llama/Llama-3.2-1B-Instruct,"1769859725.875, 1769859725.912, 1769859725.914, 1769859725.991, 1769859725.993"
1.0,0,1769859723.6095,0.2935,27,32,59,0.0806,0.0609,0.9489,1.0,0.0,100.0,1.9102,-0.6259,0.0,211.2875,1769859725.8239317,26.19,36,129,0.003,6,0,0,7.19,15.0,0,156,1769859725.875,0.814,meta-llama/Llama-3.2-1B-Instruct,"1769859725.875, 1769859725.912, 1769859725.914, 1769859725.991, 1769859725.993"
1.0,0,1769859723.6109,0.2971,27,32,59,0.0749,0.0645,0.9508,1.0,0.0,100.0,1.9109,-0.628,0.0,211.2875,1769859725.824561,26.77,36,129,0.003,6,0,0,7.19,15.0,0,156,1769859725.875,0.814,meta-llama/Llama-3.2-1B-Instruct,"1769859725.875, 1769859725.912, 1769859725.914, 1769859725.991, 1769859725.993"
1.0,0,1769859723.608,0.2907,27,32,59,0.0832,0.0603,0.9554,1.0,0.0,100.0,1.9248,-0.6261,0.0,211.2875,1769859725.824992,27.91,36,129,0.002,6,0,0,7.19,15.0,0,156,1769859725.875,0.814,meta-llama/Llama-3.2-1B-Instruct,"1769859725.875, 1769859725.912, 1769859725.914, 1769859725.991, 1769859725.993"
1.0,0,1769859723.78,0.2351,27,32,59,0.0702,0.0635,0.9506,1.0,0.0,100.0,1.8496,-0.6947,0.0,211.2875,1769859725.874191,28.46,38,131,0.004,9,1,0,7.19,15.0,0,156,1769859725.875,0.814,meta-llama/Llama-3.2-1B-Instruct,"1769859725.875, 1769859725.912, 1769859725.914, 1769859725.991, 1769859725.993"
1.0,0,1769859723.7881,0.2864,27,32,59,0.0548,0.0611,0.9565,1.0,0.0,100.0,1.7965,-0.6588,0.0,211.2875,1769859725.8840985,29.01,38,131,0.005,10,1,0,7.19,15.0,0,156,1769859725.875,0.814,meta-llama/Llama-3.2-1B-Instruct,"1769859725.875, 1769859725.912, 1769859725.914, 1769859725.991, 1769859725.993"
1.0,0,1769859723.941,0.2292,27,32,59,0.0793,0.0636,0.949,1.0,0.0,100.0,1.7944,-0.6915,0.0,211.2875,1769859725.9667032,29.55,39,132,0.005,12,0,0,7.19,15.0,0,156,1769859725.875,0.814,meta-llama/Llama-3.2-1B-Instruct,"1769859725.875, 1769859725.912, 1769859725.914, 1769859725.991, 1769859725.993"
1.0,0,1769859724.05,0.1828,27,32,59,0.0762,0.0847,0.9632,1.0,0.0,100.0,1.7502,-0.741,0.0,211.2875,1769859725.9859507,30.08,40,133,0.006,12,0,0,7.19,15.0,0,156,1769859725.875,0.814,meta-llama/Llama-3.2-1B-Instruct,"1769859725.875, 1769859725.912, 1769859725.914, 1769859725.991, 1769859725.993"
1.0,0,1769859724.6296,0.0886,27,32,59,0.5824,0.0512,0.0671,1.0,0.0,100.0,1.2983,-0.3291,0.0,211.2875,1769859726.0222235,31.62,47,140,0.034,16,1,0,7.19,15.0,0,156,1769859725.875,0.814,meta-llama/Llama-3.2-1B-Instruct,"1769859725.875, 1769859725.912, 1769859725.914, 1769859725.991, 1769859725.993"
1.0,0,1769859724.5847,0.072,27,32,59,0.6413,0.0428,0.0646,1.0,0.0,100.0,1.3579,-0.2866,0.0,211.2875,1769859726.0232575,30.6,47,140,0.032,11,0,0,7.19,15.0,0,156,1769859725.875,0.814,meta-llama/Llama-3.2-1B-Instruct,"1769859725.875, 1769859725.912, 1769859725.914, 1769859725.991, 1769859725.993"
1.0,0,1769859724.2732,0.1484,27,32,59,0.2956,0.0616,0.6055,1.0,0.0,100.0,1.597,-0.556,0.0,211.2875,1769859726.0234582,32.61,47,140,0.032,11,0,0,7.19,15.0,0,156,1769859725.875,0.814,meta-llama/Llama-3.2-1B-Instruct,"1769859725.875, 1769859725.912, 1769859725.914, 1769859725.991, 1769859725.993"
1.0,0,1769859724.4445,0.1157,27,32,59,0.1547,0.0883,0.6063,1.0,0.0,100.0,1.456,-0.7296,0.0,211.2875,1769859726.0258305,31.11,47,140,0.032,11,0,0,7.19,15.0,0,156,1769859725.875,0.814,meta-llama/Llama-3.2-1B-Instruct,"1769859725.875, 1769859725.912, 1769859725.914, 1769859725.991, 1769859725.993"
1.0,0,1769859724.2714,0.0914,27,32,59,0.354,0.0702,0.6119,1.0,0.0,100.0,1.6567,-0.5546,0.0,211.2875,1769859726.0260623,33.09,47,140,0.005,11,0,0,7.19,15.0,0,156,1769859725.875,0.814,meta-llama/Llama-3.2-1B-Instruct,"1769859725.875, 1769859725.912, 1769859725.914, 1769859725.991, 1769859725.993"
1.0,0,1769859724.3415,0.1268,27,32,59,0.2452,0.0591,0.611,1.0,0.0,100.0,1.5485,-0.628,0.0,211.2875,1769859726.0262663,32.12,47,140,0.032,11,0,0,7.19,15.0,0,156,1769859725.875,0.814,meta-llama/Llama-3.2-1B-Instruct,"1769859725.875, 1769859725.912, 1769859725.914, 1769859725.991, 1769859725.993"
1.0,0,1769859724.443,0.0761,27,32,59,0.1948,0.0721,0.6204,1.0,0.0,100.0,1.5028,-0.7291,0.0,211.2875,1769859726.0266123,33.57,47,140,0.032,11,0,0,7.19,15.0,0,156,1769859725.875,0.814,meta-llama/Llama-3.2-1B-Instruct,"1769859725.875, 1769859725.912, 1769859725.914, 1769859725.991, 1769859725.993"
1.0,0,1769859724.8749,0.6457,27,32,59,0.0878,0.0533,0.0642,1.0,0.0,100.0,0.8093,-0.2665,0.0,211.2875,1769859726.3368666,34.04,48,141,0.094,18,0,0,7.19,15.0,0,156,1769859725.875,0.814,meta-llama/Llama-3.2-1B-Instruct,"1769859725.875, 1769859725.912, 1769859725.914, 1769859725.991, 1769859725.993"
1.0,0,1769859724.9125,0.6847,27,32,59,0.0741,0.058,0.0585,1.0,0.0,100.0,0.7685,-0.2412,0.0,211.2875,1769859726.371073,34.51,49,142,0.094,19,0,0,7.19,15.0,0,156,1769859725.875,0.814,meta-llama/Llama-3.2-1B-Instruct,"1769859725.875, 1769859725.912, 1769859725.914, 1769859725.991, 1769859725.993"
1.0,0,1769859725.093,1.3952,27,1,28,0.0733,,,1.0,,,0.08,0.4685,0.4685,211.756,1769859726.5857255,34.27,49,143,0.09,9,0,0,7.19,15.0,0,156,1769859725.875,0.814,meta-llama/Llama-3.2-1B-Instruct,"1769859725.875, 1769859725.912, 1769859725.914, 1769859725.991, 1769859725.993"
1.0,0,1769859724.9139,1.1254,27,32,59,0.0609,0.071,0.0716,1.0,0.0,100.0,1.0842,0.1863,0.1863,211.9423,1769859727.1355898,34.03,49,144,0.088,5,0,0,7.19,15.0,0,156,1769859725.875,0.814,meta-llama/Llama-3.2-1B-Instruct,"1769859725.875, 1769859725.912, 1769859725.914, 1769859725.991, 1769859725.993"
1.0,0,1769859724.9912,1.101,27,32,59,0.0677,0.0663,0.076,1.0,0.0,100.0,1.0518,0.1688,0.1688,212.111,1769859727.1450403,33.79,49,145,0.088,5,0,0,7.19,15.0,0,156,1769859725.875,0.814,meta-llama/Llama-3.2-1B-Instruct,"1769859725.875, 1769859725.912, 1769859725.914, 1769859725.991, 1769859725.993"
1.0,0,1769859724.9926,1.1537,27,32,59,0.0623,0.0658,0.0748,1.0,0.0,100.0,1.0611,0.2159,0.2159,212.3269,1769859727.2210877,33.56,49,146,0.089,6,0,0,7.19,15.0,0,156,1769859725.875,0.814,meta-llama/Llama-3.2-1B-Instruct,"1769859725.875, 1769859725.912, 1769859725.914, 1769859725.991, 1769859725.993"
1.0,0,1769859725.0873,1.1036,27,32,59,0.0936,0.0679,0.0689,1.0,0.0,100.0,1.072,0.1972,0.1972,212.5241,1769859727.266408,33.33,49,147,0.089,7,0,0,7.19,15.0,0,156,1769859725.875,0.814,meta-llama/Llama-3.2-1B-Instruct,"1769859725.875, 1769859725.912, 1769859725.914, 1769859725.991, 1769859725.993"
1.0,0,1769859725.0902,1.2606,27,32,59,0.0565,0.0655,0.0718,1.0,0.0,100.0,1.1627,0.3171,0.3171,212.8412,1769859727.5221512,33.11,49,148,0.089,7,0,0,7.19,15.0,0,156,1769859725.875,0.814,meta-llama/Llama-3.2-1B-Instruct,"1769859725.875, 1769859725.912, 1769859725.914, 1769859725.991, 1769859725.993"
1.0,0,1769859725.0887,1.2428,27,32,59,0.0754,0.068,0.0716,1.0,0.0,100.0,1.1918,0.3182,0.3182,213.1594,1769859727.524222,32.89,49,149,0.089,8,1,0,7.19,15.0,0,156,1769859725.875,0.814,meta-llama/Llama-3.2-1B-Instruct,"1769859725.875, 1769859725.912, 1769859725.914, 1769859725.991, 1769859725.993"
1.0,0,1769859725.0916,1.3265,27,32,59,0.0784,0.0678,0.0721,1.0,0.0,100.0,1.1654,0.4049,0.4049,213.5643,1769859727.5845928,32.67,49,150,0.09,9,0,0,7.19,15.0,0,156,1769859725.875,0.814,meta-llama/Llama-3.2-1B-Instruct,"1769859725.875, 1769859725.912, 1769859725.914, 1769859725.991, 1769859725.993"
1.0,0,1769859725.6576,1.8915,27,0,27,,,,1.0,,,0.0828,0.9743,0.9743,214.5386,1769859727.6371067,32.45,49,151,0.095,18,0,0,7.19,15.0,0,156,1769859725.875,0.814,meta-llama/Llama-3.2-1B-Instruct,"1769859725.875, 1769859725.912, 1769859725.914, 1769859725.991, 1769859725.993"
1.0,0,1769859725.0944,1.4491,27,32,59,0.0916,0.0738,0.0779,1.0,0.0,100.0,1.1623,0.5408,0.5408,215.0793,1769859727.7129617,32.24,49,152,0.09,10,0,0,7.19,15.0,0,156,1769859725.875,0.814,meta-llama/Llama-3.2-1B-Instruct,"1769859725.875, 1769859725.912, 1769859725.914, 1769859725.991, 1769859725.993"
1.0,0,1769859725.0959,1.5261,27,32,59,0.0526,0.0675,0.076,1.0,0.0,100.0,1.1259,0.5787,0.5787,215.658,1769859727.7505646,32.03,49,153,0.09,10,1,0,7.19,15.0,0,156,1769859725.875,0.814,meta-llama/Llama-3.2-1B-Instruct,"1769859725.875, 1769859725.912, 1769859725.914, 1769859725.991, 1769859725.993"
1.0,0,1769859725.1752,1.5169,27,32,59,0.0816,0.0699,0.0919,1.0,0.0,100.0,1.119,0.5985,0.5985,216.2565,1769859727.8120122,31.82,49,154,0.091,12,0,0,7.19,15.0,0,156,1769859725.875,0.814,meta-llama/Llama-3.2-1B-Instruct,"1769859725.875, 1769859725.912, 1769859725.914, 1769859725.991, 1769859725.993"
1.0,0,1769859725.2191,1.5433,27,32,59,0.0661,0.0674,0.0765,1.0,0.0,100.0,1.083,0.6094,0.6094,216.8658,1769859727.8466756,31.61,49,155,0.092,12,0,0,7.19,15.0,0,156,1769859725.875,0.814,meta-llama/Llama-3.2-1B-Instruct,"1769859725.875, 1769859725.912, 1769859725.914, 1769859725.991, 1769859725.993"
1.0,0,1769859725.2206,1.6106,27,32,59,0.0704,0.0673,0.0796,1.0,0.0,100.0,1.0543,0.681,0.681,217.5468,1769859727.889549,31.41,49,156,0.092,13,0,0,7.19,15.0,0,156,1769859725.875,0.814,meta-llama/Llama-3.2-1B-Instruct,"1769859725.875, 1769859725.912, 1769859725.914, 1769859725.991, 1769859725.993"
1.0,0,1769859725.222,1.6935,27,32,59,0.0681,0.0627,0.074,1.0,0.0,100.0,1.1169,0.7615,0.7615,218.3084,1769859728.035209,31.21,49,157,0.093,15,0,0,7.19,15.0,0,156,1769859725.875,0.814,meta-llama/Llama-3.2-1B-Instruct,"1769859725.875, 1769859725.912, 1769859725.914, 1769859725.991, 1769859725.993"
1.0,0,1769859725.3193,1.6453,27,32,59,0.0876,0.0682,0.0685,1.0,0.0,100.0,1.1034,0.7329,0.7329,219.0413,1769859728.0702505,31.01,49,158,0.094,15,0,0,7.19,15.0,0,156,1769859725.875,0.814,meta-llama/Llama-3.2-1B-Instruct,"1769859725.875, 1769859725.912, 1769859725.914, 1769859725.991, 1769859725.993"
1.0,0,1769859725.3309,1.7061,27,32,59,0.0947,0.063,0.0814,1.0,0.0,100.0,1.0493,0.8008,0.8008,219.8421,1769859728.0870988,30.82,49,159,0.094,16,0,0,7.19,15.0,0,156,1769859725.875,0.814,meta-llama/Llama-3.2-1B-Instruct,"1769859725.875, 1769859725.912, 1769859725.914, 1769859725.991, 1769859725.993"
1.0,0,1769859725.3725,1.736,27,32,59,0.1088,0.0569,0.0659,1.0,0.0,100.0,1.0575,0.8448,0.8448,220.6869,1769859728.1670108,30.63,49,160,0.094,17,0,0,7.19,15.0,0,156,1769859725.875,0.814,meta-llama/Llama-3.2-1B-Instruct,"1769859725.875, 1769859725.912, 1769859725.914, 1769859725.991, 1769859725.993"
1.0,0,1769859725.4809,1.7113,27,32,59,0.0674,0.0578,0.0612,1.0,0.0,100.0,1.0453,0.7787,0.7787,221.4656,1769859728.2412477,30.43,49,161,0.094,16,0,0,7.19,15.0,0,156,1769859725.875,0.814,meta-llama/Llama-3.2-1B-Instruct,"1769859725.875, 1769859725.912, 1769859725.914, 1769859725.991, 1769859725.993"
1.0,0,1769859725.564,1.7353,27,32,59,0.0786,0.061,0.0614,1.0,0.0,100.0,1.0509,0.8138,0.8138,222.2795,1769859728.350934,30.25,49,162,0.094,16,0,0,7.19,15.0,0,156,1769859725.875,0.814,meta-llama/Llama-3.2-1B-Instruct,"1769859725.875, 1769859725.912, 1769859725.914, 1769859725.991, 1769859725.993"
1.0,0,1769859725.5655,1.7904,27,32,59,0.07,0.0614,0.062,1.0,0.0,100.0,1.0295,0.8604,0.8604,223.973,1769859728.3920805,30.06,49,164,0.094,16,0,0,7.19,15.0,0,156,1769859725.875,0.814,meta-llama/Llama-3.2-1B-Instruct,"1769859725.875, 1769859725.912, 1769859725.914, 1769859725.991, 1769859725.993"
1.0,0,1769859725.656,1.7582,27,33,60,0.075,0.0564,0.0606,1.0,0.0,100.0,0.9749,0.8332,0.8332,223.973,1769859728.392792,29.88,49,164,0.095,17,0,0,7.19,15.0,0,156,1769859725.875,0.814,meta-llama/Llama-3.2-1B-Instruct,"1769859725.875, 1769859725.912, 1769859725.914, 1769859725.991, 1769859725.993"
1.0,0,1769859725.7437,2.0216,27,25,52,0.0761,0.0588,0.0588,1.0,0.0,100.0,0.879,1.0977,1.0977,225.0707,1769859728.6455905,29.7,49,165,0.094,15,0,0,7.19,15.0,0,156,1769859725.875,0.814,meta-llama/Llama-3.2-1B-Instruct,"1769859725.875, 1769859725.912, 1769859725.914, 1769859725.991, 1769859725.993"
1.0,0,1769859725.7333,1.945,27,32,59,0.067,0.057,0.0572,1.0,0.0,100.0,1.038,1.012,1.012,226.0827,1769859728.7296603,29.52,49,166,0.095,16,0,0,7.19,15.0,0,156,1769859725.875,0.814,meta-llama/Llama-3.2-1B-Instruct,"1769859725.875, 1769859725.912, 1769859725.914, 1769859725.991, 1769859725.993"
1.0,0,1769859726.5999,2.1563,27,0,27,,,,1.0,,,0.0873,1.2437,1.2437,227.3264,1769859728.8442469,29.34,49,167,0.095,15,0,0,7.19,15.0,0,156,1769859725.875,0.814,meta-llama/Llama-3.2-1B-Instruct,"1769859725.875, 1769859725.912, 1769859725.914, 1769859725.991, 1769859725.993"
1.0,0,1769859725.9154,1.9464,27,32,59,0.0823,0.09,0.126,1.0,0.0,100.0,1.1806,1.0288,1.0288,228.3552,1769859729.0488744,29.17,49,168,0.094,14,0,0,7.19,15.0,0,156,1769859725.875,0.814,meta-llama/Llama-3.2-1B-Instruct,"1769859725.875, 1769859725.912, 1769859725.914, 1769859725.991, 1769859725.993"
1.0,0,1769859726.2412,1.6846,27,32,59,0.0598,0.0886,0.1343,1.0,0.0,100.0,1.1467,0.7445,0.7445,229.0996,1769859729.0753396,28.99,49,169,0.094,13,0,0,7.19,15.0,0,156,1769859725.875,0.814,meta-llama/Llama-3.2-1B-Instruct,"1769859725.875, 1769859725.912, 1769859725.914, 1769859725.991, 1769859725.993"
1.0,0,1769859726.2427,1.7521,27,32,59,0.0802,0.0859,0.1322,1.0,0.0,100.0,1.1505,0.8324,0.8324,229.932,1769859729.1462994,28.82,49,170,0.094,15,0,0,7.19,15.0,0,156,1769859725.875,0.814,meta-llama/Llama-3.2-1B-Instruct,"1769859725.875, 1769859725.912, 1769859725.914, 1769859725.991, 1769859725.993"
1.0,0,1769859726.3226,1.7478,27,32,59,0.0681,0.0883,0.1367,1.0,0.0,100.0,1.1151,0.8159,0.8159,230.7479,1769859729.1864336,28.65,49,171,0.094,14,0,0,7.19,15.0,0,156,1769859725.875,0.814,meta-llama/Llama-3.2-1B-Instruct,"1769859725.875, 1769859725.912, 1769859725.914, 1769859725.991, 1769859725.993"
1.0,0,1769859726.3907,1.7386,27,32,59,0.0666,0.0948,0.1288,1.0,0.0,100.0,1.0972,0.8052,0.8052,231.5531,1769859729.239343,28.49,49,172,0.094,13,0,0,7.19,15.0,0,156,1769859725.875,0.814,meta-llama/Llama-3.2-1B-Instruct,"1769859725.875, 1769859725.912, 1769859725.914, 1769859725.991, 1769859725.993"
1.0,0,1769859726.3922,1.8173,27,32,59,0.0789,0.1005,0.1231,1.0,0.0,100.0,1.0892,0.8962,0.8962,232.4493,1769859729.3021793,28.32,49,173,0.094,14,0,0,7.19,15.0,0,156,1769859725.875,0.814,meta-llama/Llama-3.2-1B-Instruct,"1769859725.875, 1769859725.912, 1769859725.914, 1769859725.991, 1769859725.993"
1.0,0,1769859726.3937,1.9,27,32,59,0.0535,0.1025,0.1277,1.0,0.0,100.0,1.0822,0.9534,0.9534,233.4027,1769859729.3851817,28.16,49,174,0.094,13,1,0,7.19,15.0,0,156,1769859725.875,0.814,meta-llama/Llama-3.2-1B-Instruct,"1769859725.875, 1769859725.912, 1769859725.914, 1769859725.991, 1769859725.993"
1.0,0,1769859726.3952,1.9692,27,32,59,0.0754,0.0863,0.1338,1.0,0.0,100.0,1.1062,1.0446,1.0446,234.4473,1769859729.4885812,28.0,49,175,0.094,14,0,0,7.19,15.0,0,156,1769859725.875,0.814,meta-llama/Llama-3.2-1B-Instruct,"1769859725.875, 1769859725.912, 1769859725.914, 1769859725.991, 1769859725.993"
1.0,0,1769859726.463,1.967,27,32,59,0.0781,0.1013,0.1251,1.0,0.0,100.0,1.0644,1.0451,1.0451,235.4924,1769859729.5013006,27.84,49,176,0.093,12,0,0,7.19,15.0,0,156,1769859725.875,0.814,meta-llama/Llama-3.2-1B-Instruct,"1769859725.875, 1769859725.912, 1769859725.914, 1769859725.991, 1769859725.993"
1.0,0,1769859726.4648,2.054,27,32,59,0.0705,0.0976,0.1331,1.0,0.0,100.0,1.0556,1.1246,1.1246,236.6169,1769859729.576342,27.68,49,177,0.094,14,0,0,7.19,15.0,0,156,1769859725.875,0.814,meta-llama/Llama-3.2-1B-Instruct,"1769859725.875, 1769859725.912, 1769859725.914, 1769859725.991, 1769859725.993"
1.0,0,1769859726.4665,2.0985,27,32,59,0.0771,0.0977,0.1285,1.0,0.0,100.0,1.0551,1.1756,1.1756,237.7925,1769859729.6215124,27.53,49,178,0.094,14,0,0,7.19,15.0,0,156,1769859725.875,0.814,meta-llama/Llama-3.2-1B-Instruct,"1769859725.875, 1769859725.912, 1769859725.914, 1769859725.991, 1769859725.993"
1.0,0,1769859726.4682,2.1566,27,32,59,0.0663,0.0991,0.1217,1.0,0.0,100.0,1.0214,1.223,1.223,239.0155,1769859729.6515903,27.37,49,179,0.095,15,0,0,7.19,15.0,0,156,1769859725.875,0.814,meta-llama/Llama-3.2-1B-Instruct,"1769859725.875, 1769859725.912, 1769859725.914, 1769859725.991, 1769859725.993"
1.0,0,1769859726.7949,2.0344,27,32,59,0.0572,0.0628,0.0994,1.0,0.0,100.0,0.9742,1.0916,1.0916,241.5229,1769859729.807554,27.07,49,181,0.096,16,1,0,7.19,15.0,0,156,1769859725.875,0.814,meta-llama/Llama-3.2-1B-Instruct,"1769859725.875, 1769859725.912, 1769859725.914, 1769859725.991, 1769859725.993"
1.0,0,1769859726.4698,2.2904,27,32,59,0.1254,0.0644,0.0933,1.0,0.0,100.0,1.0421,1.4158,1.4158,241.5229,1769859729.8077562,27.22,49,181,0.095,15,0,0,7.19,15.0,0,156,1769859725.875,0.814,meta-llama/Llama-3.2-1B-Instruct,"1769859725.875, 1769859725.912, 1769859725.914, 1769859725.991, 1769859725.993"
1.0,0,1769859726.7963,2.0842,27,32,59,0.0896,0.0532,0.0612,1.0,0.0,100.0,0.9703,1.1737,1.1737,242.6967,1769859729.856387,26.92,49,182,0.096,16,1,0,7.19,15.0,0,156,1769859725.875,0.814,meta-llama/Llama-3.2-1B-Instruct,"1769859725.875, 1769859725.912, 1769859725.914, 1769859725.991, 1769859725.993"
1.0,0,1769859726.7977,2.1246,27,32,59,0.0509,0.0589,0.0687,1.0,0.0,100.0,0.9346,1.1755,1.1755,243.8721,1769859729.8578868,26.78,49,183,0.096,17,0,0,7.19,15.0,0,156,1769859725.875,0.814,meta-llama/Llama-3.2-1B-Instruct,"1769859725.875, 1769859725.912, 1769859725.914, 1769859725.991, 1769859725.993"
1.0,0,1769859726.8723,2.0948,27,32,59,0.0769,0.0549,0.0601,1.0,0.0,100.0,0.9077,1.1717,1.1717,246.3818,1769859729.8782187,26.63,49,185,0.097,18,1,0,7.19,15.0,0,156,1769859725.875,0.814,meta-llama/Llama-3.2-1B-Instruct,"1769859725.875, 1769859725.912, 1769859725.914, 1769859725.991, 1769859725.993"
1.0,0,1769859727.0149,2.2718,27,19,46,0.0662,0.0481,0.0481,1.0,0.0,100.0,0.5893,1.3379,1.3379,246.3818,1769859729.8783994,26.49,49,185,0.096,15,0,0,7.19,15.0,0,156,1769859725.875,0.814,meta-llama/Llama-3.2-1B-Instruct,"1769859725.875, 1769859725.912, 1769859725.914, 1769859725.991, 1769859725.993"
1.0,0,1769859727.0133,2.1919,27,32,59,0.0871,0.0595,0.0599,1.0,0.0,100.0,0.8789,1.2791,1.2791,247.6609,1769859730.0853095,26.34,49,186,0.096,16,0,0,7.19,15.0,0,254,1769859728.285,-1.796,meta-llama/Llama-3.2-1B-Instruct,"1769859728.285, 1769859728.585, 1769859728.587, 1769859728.835, 1769859728.904"
1.0,0,1769859727.0165,2.3447,27,32,59,0.07,0.0649,0.232,1.0,0.0,100.0,1.0531,1.4147,1.4147,252.1329,1769859730.4501185,26.2,49,189,0.096,16,0,0,7.19,15.0,0,254,1769859728.285,-1.796,meta-llama/Llama-3.2-1B-Instruct,"1769859728.285, 1769859728.585, 1769859728.587, 1769859728.835, 1769859728.904"
1.0,0,1769859727.0768,2.4695,27,32,59,0.0745,0.0584,0.2376,1.0,0.0,100.0,0.8889,1.544,1.544,253.7378,1769859730.455357,26.06,49,190,0.096,15,0,0,7.19,15.0,0,254,1769859728.285,-1.796,meta-llama/Llama-3.2-1B-Instruct,"1769859728.285, 1769859728.585, 1769859728.587, 1769859728.835, 1769859728.904"
1.0,0,1769859727.0783,2.5551,27,32,59,0.0498,0.0589,0.2448,1.0,0.0,100.0,0.817,1.6049,1.6049,255.4354,1769859730.4679806,25.79,49,191,0.096,14,0,0,7.19,15.0,0,254,1769859728.285,-1.796,meta-llama/Llama-3.2-1B-Instruct,"1769859728.285, 1769859728.585, 1769859728.587, 1769859728.835, 1769859728.904"
1.0,0,1769859727.0798,2.62,27,32,59,0.0776,0.0641,0.256,1.0,0.0,100.0,0.7679,1.6976,1.6976,255.4354,1769859730.4879944,25.65,49,191,0.096,14,0,0,7.19,15.0,0,254,1769859728.285,-1.796,meta-llama/Llama-3.2-1B-Instruct,"1769859728.285, 1769859728.585, 1769859728.587, 1769859728.835, 1769859728.904"
1.0,0,1769859727.018,2.4382,27,32,59,0.0751,0.0641,0.2508,1.0,0.0,100.0,0.984,1.5133,1.5133,257.2074,1769859730.4889286,25.93,49,192,0.096,15,0,0,7.19,15.0,0,254,1769859728.285,-1.796,meta-llama/Llama-3.2-1B-Instruct,"1769859728.285, 1769859728.585, 1769859728.587, 1769859728.835, 1769859728.904"
1.0,0,1769859727.0813,2.7101,27,32,59,0.0619,0.0583,0.2374,1.0,0.0,100.0,0.6973,1.772,1.772,257.2074,1769859730.497245,25.52,49,192,0.096,15,0,0,7.19,15.0,0,254,1769859728.285,-1.796,meta-llama/Llama-3.2-1B-Instruct,"1769859728.285, 1769859728.585, 1769859728.587, 1769859728.835, 1769859728.904"
1.0,0,1769859727.5873,3.0011,27,0,27,,,,1.0,,,0.0817,2.0828,2.0828,259.2902,1769859730.671308,25.39,49,193,0.094,8,0,0,7.19,15.0,0,254,1769859728.285,-1.796,meta-llama/Llama-3.2-1B-Instruct,"1769859728.285, 1769859728.585, 1769859728.587, 1769859728.835, 1769859728.904"
1.0,0,1769859727.0842,2.9304,27,32,59,0.0884,0.0598,0.2307,1.0,0.0,100.0,0.8917,2.0188,2.0188,263.33,1769859730.9114304,25.26,49,195,0.094,10,0,0,7.19,15.0,0,254,1769859728.285,-1.796,meta-llama/Llama-3.2-1B-Instruct,"1769859728.285, 1769859728.585, 1769859728.587, 1769859728.835, 1769859728.904"
1.0,0,1769859727.0856,2.962,27,32,59,0.059,0.0606,0.2795,1.0,0.0,100.0,0.8611,2.021,2.021,265.353,1769859730.9122038,25.13,49,196,0.094,10,1,0,7.19,15.0,0,254,1769859728.285,-1.796,meta-llama/Llama-3.2-1B-Instruct,"1769859728.285, 1769859728.585, 1769859728.587, 1769859728.835, 1769859728.904"
1.0,0,1769859727.0828,2.92,27,32,59,0.103,0.0659,0.2438,1.0,0.0,100.0,0.9092,2.023,2.023,265.353,1769859730.912902,25.0,49,196,0.094,12,0,0,7.19,15.0,0,254,1769859728.285,-1.796,meta-llama/Llama-3.2-1B-Instruct,"1769859728.285, 1769859728.585, 1769859728.587, 1769859728.835, 1769859728.904"
1.0,0,1769859727.2789,2.8279,27,32,59,0.0697,0.0666,0.2294,1.0,0.0,100.0,0.9122,1.8976,1.8976,267.2506,1769859731.0255208,24.87,49,197,0.094,11,1,0,7.19,15.0,0,254,1769859728.285,-1.796,meta-llama/Llama-3.2-1B-Instruct,"1769859728.285, 1769859728.585, 1769859728.587, 1769859728.835, 1769859728.904"
1.0,0,1769859728.2532,2.9952,27,0,27,,,,1.0,,,0.0804,2.0756,2.0756,269.3262,1769859731.3295527,24.75,49,198,0.096,12,0,0,7.19,15.0,0,254,1769859728.285,-1.796,meta-llama/Llama-3.2-1B-Instruct,"1769859728.285, 1769859728.585, 1769859728.587, 1769859728.835, 1769859728.904"
1.0,0,1769859727.2851,2.8809,27,32,59,0.2848,0.065,0.0877,1.0,0.0,100.0,1.2829,2.1657,2.1657,271.4919,1769859731.449904,24.62,49,199,0.095,12,0,0,7.19,15.0,0,254,1769859728.285,-1.796,meta-llama/Llama-3.2-1B-Instruct,"1769859728.285, 1769859728.585, 1769859728.587, 1769859728.835, 1769859728.904"
1.0,0,1769859727.5853,2.9437,27,32,59,0.0696,0.0639,0.0946,1.0,0.0,100.0,1.1246,2.0133,2.0133,273.5052,1769859731.6545646,24.5,49,200,0.094,8,0,0,7.19,15.0,0,254,1769859728.285,-1.796,meta-llama/Llama-3.2-1B-Instruct,"1769859728.285, 1769859728.585, 1769859728.587, 1769859728.835, 1769859728.904"
1.0,0,1769859727.8355,2.8142,27,32,59,0.0503,0.0714,0.0879,1.0,0.0,100.0,1.168,1.8645,1.8645,275.3697,1769859731.8305502,24.38,49,201,0.094,9,0,0,7.19,15.0,0,254,1769859728.285,-1.796,meta-llama/Llama-3.2-1B-Instruct,"1769859728.285, 1769859728.585, 1769859728.587, 1769859728.835, 1769859728.904"
1.0,0,1769859727.9042,2.816,27,32,59,0.0982,0.0653,0.0903,1.0,0.0,100.0,1.1751,1.9142,1.9142,279.0172,1769859731.8979013,24.26,49,203,0.095,10,0,0,7.19,15.0,0,254,1769859728.285,-1.796,meta-llama/Llama-3.2-1B-Instruct,"1769859728.285, 1769859728.585, 1769859728.587, 1769859728.835, 1769859728.904"
1.0,0,1769859728.104,2.6666,27,32,59,0.0667,0.0831,0.0871,1.0,0.0,100.0,1.1262,1.7334,1.7334,279.0172,1769859731.898995,24.14,49,203,0.095,10,0,0,7.19,15.0,0,254,1769859728.285,-1.796,meta-llama/Llama-3.2-1B-Instruct,"1769859728.285, 1769859728.585, 1769859728.587, 1769859728.835, 1769859728.904"
1.0,0,1769859728.1055,2.7253,27,32,59,0.0744,0.0668,0.0892,1.0,0.0,100.0,1.1195,1.7997,1.7997,280.8169,1769859731.9518762,24.02,49,204,0.096,12,0,0,7.19,15.0,0,254,1769859728.285,-1.796,meta-llama/Llama-3.2-1B-Instruct,"1769859728.285, 1769859728.585, 1769859728.587, 1769859728.835, 1769859728.904"
1.0,0,1769859728.1083,2.8413,27,32,59,0.0719,0.067,0.088,1.0,0.0,100.0,1.0242,1.9133,1.9133,282.7302,1769859731.9798205,23.9,49,205,0.094,10,0,0,7.19,15.0,0,254,1769859728.285,-1.796,meta-llama/Llama-3.2-1B-Instruct,"1769859728.285, 1769859728.585, 1769859728.587, 1769859728.835, 1769859728.904"
1.0,0,1769859728.1069,2.7837,27,32,59,0.074,0.067,0.0912,1.0,0.0,100.0,1.0929,1.8577,1.8577,284.5879,1769859731.9845548,23.79,49,206,0.096,12,1,0,7.19,15.0,0,254,1769859728.285,-1.796,meta-llama/Llama-3.2-1B-Instruct,"1769859728.285, 1769859728.585, 1769859728.587, 1769859728.835, 1769859728.904"
1.0,0,1769859728.1097,2.9,27,32,59,0.0525,0.0669,0.0998,1.0,0.0,100.0,0.9877,1.9525,1.9525,286.5405,1769859731.9995327,23.67,49,207,0.095,11,0,0,7.19,15.0,0,254,1769859728.285,-1.796,meta-llama/Llama-3.2-1B-Instruct,"1769859728.285, 1769859728.585, 1769859728.587, 1769859728.835, 1769859728.904"
1.0,0,1769859728.1856,3.0372,27,32,59,0.0964,0.065,0.0686,1.0,0.0,100.0,1.073,2.1336,2.1336,288.6741,1769859732.2982774,23.56,49,208,0.096,12,0,0,7.19,15.0,0,254,1769859728.285,-1.796,meta-llama/Llama-3.2-1B-Instruct,"1769859728.285, 1769859728.585, 1769859728.587, 1769859728.835, 1769859728.904"
1.0,0,1769859728.1111,3.1066,27,32,59,0.1031,0.0636,0.0711,1.0,0.0,100.0,1.0819,2.2096,2.2096,290.8837,1769859732.300419,23.44,49,209,0.095,12,0,0,7.19,15.0,0,254,1769859728.285,-1.796,meta-llama/Llama-3.2-1B-Instruct,"1769859728.285, 1769859728.585, 1769859728.587, 1769859728.835, 1769859728.904"
1.0,0,1769859728.2547,3.059,27,32,59,0.0659,0.0625,0.0683,1.0,0.0,100.0,1.0403,2.1249,2.1249,293.0086,1769859732.3618152,23.33,49,210,0.097,14,1,0,7.19,15.0,0,254,1769859728.285,-1.796,meta-llama/Llama-3.2-1B-Instruct,"1769859728.285, 1769859728.585, 1769859728.587, 1769859728.835, 1769859728.904"
1.0,0,1769859728.2562,3.1115,27,32,59,0.08,0.0569,0.0843,1.0,0.0,100.0,0.9944,2.1916,2.1916,295.2002,1769859732.3670402,23.22,49,211,0.097,14,1,0,7.19,15.0,0,254,1769859728.285,-1.796,meta-llama/Llama-3.2-1B-Instruct,"1769859728.285, 1769859728.585, 1769859728.587, 1769859728.835, 1769859728.904"
1.0,0,1769859728.2577,3.1706,27,32,59,0.0522,0.0588,0.0712,1.0,0.0,100.0,0.9623,2.2228,2.2228,297.423,1769859732.3981645,23.11,49,212,0.097,15,0,0,7.19,15.0,0,254,1769859728.285,-1.796,meta-llama/Llama-3.2-1B-Instruct,"1769859728.285, 1769859728.585, 1769859728.587, 1769859728.835, 1769859728.904"
1.0,0,1769859728.2591,3.2391,27,32,59,0.0718,0.0619,0.0757,1.0,0.0,100.0,0.9276,2.3109,2.3109,299.7339,1769859732.4288924,23.0,49,213,0.098,16,0,0,7.19,15.0,0,254,1769859728.285,-1.796,meta-llama/Llama-3.2-1B-Instruct,"1769859728.285, 1769859728.585, 1769859728.587, 1769859728.835, 1769859728.904"
1.0,0,1769859728.2605,3.3149,27,32,59,0.0754,0.0567,0.068,1.0,0.0,100.0,0.8855,2.3903,2.3903,302.1242,1769859732.4628031,22.9,49,214,0.099,17,0,0,7.19,15.0,0,254,1769859728.285,-1.796,meta-llama/Llama-3.2-1B-Instruct,"1769859728.285, 1769859728.585, 1769859728.587, 1769859728.835, 1769859728.904"
1.0,0,1769859728.4782,3.2127,27,32,59,0.0822,0.0535,0.0713,1.0,0.0,100.0,0.7991,2.2949,2.2949,306.6513,1769859732.4944975,22.79,49,216,0.099,17,0,0,7.19,15.0,0,254,1769859728.285,-1.796,meta-llama/Llama-3.2-1B-Instruct,"1769859728.285, 1769859728.585, 1769859728.587, 1769859728.835, 1769859728.904"
1.0,0,1769859728.4766,3.1552,27,32,59,0.0769,0.061,0.0624,1.0,0.0,100.0,0.8586,2.2322,2.2322,306.6513,1769859732.4955842,22.69,49,216,0.099,17,0,0,7.19,15.0,0,254,1769859728.285,-1.796,meta-llama/Llama-3.2-1B-Instruct,"1769859728.285, 1769859728.585, 1769859728.587, 1769859728.835, 1769859728.904"
1.0,0,1769859728.4796,3.2764,27,32,59,0.0662,0.044,0.0629,1.0,0.0,100.0,0.7798,2.3426,2.3426,308.9939,1769859732.5375137,22.58,49,217,0.1,18,0,0,7.19,15.0,0,254,1769859728.285,-1.796,meta-llama/Llama-3.2-1B-Instruct,"1769859728.285, 1769859728.585, 1769859728.587, 1769859728.835, 1769859728.904"
1.0,0,1769859728.9495,3.525,27,0,27,,,,1.0,,,0.1083,2.6333,2.6333,311.6272,1769859732.5864363,22.48,49,218,0.097,11,0,0,7.19,15.0,0,254,1769859728.285,-1.796,meta-llama/Llama-3.2-1B-Instruct,"1769859728.285, 1769859728.585, 1769859728.587, 1769859728.835, 1769859728.904"
1.0,0,1769859728.8958,3.1303,27,32,59,0.0601,0.0711,0.1642,1.0,0.0,100.0,1.0557,2.1904,2.1904,313.8176,1769859733.0842946,22.37,49,219,0.097,13,0,0,7.19,15.0,0,254,1769859728.285,-1.796,meta-llama/Llama-3.2-1B-Instruct,"1769859728.285, 1769859728.585, 1769859728.587, 1769859728.835, 1769859728.904"
1.0,0,1769859728.8972,3.2055,27,32,59,0.0929,0.0691,0.1609,1.0,0.0,100.0,1.0967,2.2984,2.2984,316.116,1769859733.203322,22.27,49,220,0.098,14,0,0,7.19,15.0,0,254,1769859728.285,-1.796,meta-llama/Llama-3.2-1B-Instruct,"1769859728.285, 1769859728.585, 1769859728.587, 1769859728.835, 1769859728.904"
1.0,0,1769859728.8985,3.2993,27,33,60,0.0868,0.0652,0.1573,1.0,0.0,100.0,1.1338,2.3861,2.3861,318.5021,1769859733.3380473,22.17,49,221,0.098,14,0,0,7.19,15.0,0,254,1769859728.285,-1.796,meta-llama/Llama-3.2-1B-Instruct,"1769859728.285, 1769859728.585, 1769859728.587, 1769859728.835, 1769859728.904"
1.0,0,1769859728.8998,3.3789,27,32,59,0.0722,0.0784,0.1607,1.0,0.0,100.0,1.1433,2.4511,2.4511,320.9532,1769859733.4228613,22.07,49,222,0.1,16,0,0,7.19,15.0,0,254,1769859728.285,-1.796,meta-llama/Llama-3.2-1B-Instruct,"1769859728.285, 1769859728.585, 1769859728.587, 1769859728.835, 1769859728.904"
1.0,0,1769859729.169,3.3961,27,32,59,0.1073,0.068,0.0697,1.0,0.0,100.0,1.1876,2.5034,2.5034,331.1817,1769859733.7599032,21.97,49,226,0.095,8,1,0,7.19,15.0,0,254,1769859728.285,-1.796,meta-llama/Llama-3.2-1B-Instruct,"1769859728.285, 1769859728.585, 1769859728.587, 1769859728.835, 1769859728.904"
1.0,0,1769859729.181,3.4417,27,32,59,0.0514,0.0662,0.0718,1.0,0.0,100.0,1.131,2.4931,2.4931,331.1817,1769859733.7601204,21.78,49,226,0.095,9,1,0,7.19,15.0,0,254,1769859728.285,-1.796,meta-llama/Llama-3.2-1B-Instruct,"1769859728.285, 1769859728.585, 1769859728.587, 1769859728.835, 1769859728.904"
1.0,0,1769859729.0912,3.4317,27,32,59,0.1063,0.0726,0.0729,1.0,0.0,100.0,1.2303,2.538,2.538,331.1817,1769859733.7603188,21.88,49,226,0.095,8,0,0,7.19,15.0,0,254,1769859728.285,-1.796,meta-llama/Llama-3.2-1B-Instruct,"1769859728.285, 1769859728.585, 1769859728.587, 1769859728.835, 1769859728.904"
1.0,0,1769859728.9012,3.5782,27,34,61,0.1159,0.0783,0.1006,1.0,0.0,100.0,1.2803,2.6941,2.6941,331.1817,1769859733.7614272,21.68,49,226,0.099,14,0,0,7.19,15.0,0,254,1769859728.285,-1.796,meta-llama/Llama-3.2-1B-Instruct,"1769859728.285, 1769859728.585, 1769859728.587, 1769859728.835, 1769859728.904"
1.0,0,1769859729.2646,3.414,27,32,59,0.0736,0.0725,0.0908,1.0,0.0,100.0,1.1103,2.4876,2.4876,333.6693,1769859733.793569,21.59,49,227,0.096,10,0,0,7.19,15.0,0,254,1769859728.285,-1.796,meta-llama/Llama-3.2-1B-Instruct,"1769859728.285, 1769859728.585, 1769859728.587, 1769859728.835, 1769859728.904"
1.0,0,1769859729.3256,3.414,27,32,59,0.0816,0.0702,0.0724,1.0,0.0,100.0,1.0846,2.4955,2.4955,336.1648,1769859733.8251429,21.49,49,228,0.096,11,0,0,7.19,15.0,0,254,1769859728.285,-1.796,meta-llama/Llama-3.2-1B-Instruct,"1769859728.285, 1769859728.585, 1769859728.587, 1769859728.835, 1769859728.904"
1.0,0,1769859729.6742,3.1372,27,32,59,0.0607,0.0667,0.0734,1.0,0.0,100.0,1.0587,2.1979,2.1979,338.3627,1769859733.8728335,21.4,49,229,0.097,13,0,0,7.19,15.0,0,254,1769859728.285,-1.796,meta-llama/Llama-3.2-1B-Instruct,"1769859728.285, 1769859728.585, 1769859728.587, 1769859728.835, 1769859728.904"
1.0,0,1769859729.6864,3.2025,27,32,59,0.0737,0.0614,0.0666,1.0,0.0,100.0,1.0231,2.2762,2.2762,342.7485,1769859733.9255497,21.3,49,231,0.098,14,0,0,7.19,15.0,0,254,1769859728.285,-1.796,meta-llama/Llama-3.2-1B-Instruct,"1769859728.285, 1769859728.585, 1769859728.587, 1769859728.835, 1769859728.904"
1.0,0,1769859730.0137,2.9963,27,32,59,0.0682,0.0659,0.0741,1.0,0.0,100.0,0.9454,2.0645,2.0645,344.813,1769859733.9581358,21.12,49,232,0.099,16,0,0,7.19,15.0,0,254,1769859728.285,-1.796,meta-llama/Llama-3.2-1B-Instruct,"1769859728.285, 1769859728.585, 1769859728.587, 1769859728.835, 1769859728.904"
1.0,0,1769859730.0608,3.0237,27,32,59,0.0634,0.0642,0.0649,1.0,0.0,100.0,0.9326,2.0871,2.0871,346.9001,1769859734.019526,21.03,49,233,0.099,16,0,0,7.19,15.0,0,254,1769859728.285,-1.796,meta-llama/Llama-3.2-1B-Instruct,"1769859728.285, 1769859728.585, 1769859728.587, 1769859728.835, 1769859728.904"
1.0,0,1769859730.1432,3.0272,27,32,59,0.0888,0.0642,0.0654,1.0,0.0,100.0,1.0057,2.1159,2.1159,350.7743,1769859734.190661,20.94,49,235,0.1,17,0,0,7.19,15.0,0,254,1769859728.285,-1.796,meta-llama/Llama-3.2-1B-Instruct,"1769859728.285, 1769859728.585, 1769859728.587, 1769859728.835, 1769859728.904"
1.0,0,1769859730.5607,2.6805,27,32,59,0.0778,0.0662,0.0678,1.0,0.0,100.0,0.9459,1.7582,1.7582,350.7743,1769859734.1908753,20.85,49,235,0.1,16,1,0,7.19,15.0,0,254,1769859728.285,-1.796,meta-llama/Llama-3.2-1B-Instruct,"1769859728.285, 1769859728.585, 1769859728.587, 1769859728.835, 1769859728.904"
1.0,0,1769859730.5627,2.7522,27,32,59,0.0841,0.0615,0.0745,1.0,0.0,100.0,0.9438,1.8364,1.8364,352.6107,1769859734.2676227,20.76,49,236,0.1,18,0,0,7.19,15.0,0,254,1769859728.285,-1.796,meta-llama/Llama-3.2-1B-Instruct,"1769859728.285, 1769859728.585, 1769859728.587, 1769859728.835, 1769859728.904"
1.0,0,1769859730.5642,2.8231,27,32,59,0.1005,0.0539,0.0651,1.0,0.0,100.0,0.9282,1.9237,1.9237,354.5344,1769859734.318964,20.68,49,237,0.1,18,0,0,7.19,15.0,0,254,1769859728.285,-1.796,meta-llama/Llama-3.2-1B-Instruct,"1769859728.285, 1769859728.585, 1769859728.587, 1769859728.835, 1769859728.904"
1.0,0,1769859730.7464,2.7197,27,32,59,0.0852,0.0508,0.0592,1.0,0.0,100.0,0.8869,1.8048,1.8048,356.3392,1769859734.3538933,20.59,49,238,0.1,17,0,0,7.19,15.0,0,254,1769859728.285,-1.796,meta-llama/Llama-3.2-1B-Instruct,"1769859728.285, 1769859728.585, 1769859728.587, 1769859728.835, 1769859728.904"
1.0,0,1769859730.8678,2.6908,27,32,59,0.0738,0.0554,0.0653,1.0,0.0,100.0,0.8257,1.7647,1.7647,358.1039,1769859734.385274,20.5,49,239,0.102,19,0,0,7.19,15.0,0,254,1769859728.285,-1.796,meta-llama/Llama-3.2-1B-Instruct,"1769859728.285, 1769859728.585, 1769859728.587, 1769859728.835, 1769859728.904"
1.0,0,1769859730.9205,3.0227,27,26,53,0.0652,0.0504,0.0645,1.0,0.0,100.0,0.6499,2.0879,2.0879,360.1918,1769859734.5963929,20.42,49,240,0.099,11,0,0,7.19,15.0,0,254,1769859728.285,-1.796,meta-llama/Llama-3.2-1B-Instruct,"1769859728.285, 1769859728.585, 1769859728.587, 1769859728.835, 1769859728.904"
1.0,0,1769859730.9219,3.0712,27,32,59,0.0698,0.0477,0.0544,1.0,0.0,100.0,0.7055,2.141,2.141,362.3328,1769859734.7021077,20.33,49,241,0.098,10,0,0,7.19,15.0,0,254,1769859728.285,-1.796,meta-llama/Llama-3.2-1B-Instruct,"1769859728.285, 1769859728.585, 1769859728.587, 1769859728.835, 1769859728.904"
1.0,0,1769859731.2003,2.8483,27,32,59,0.091,0.0489,0.0634,1.0,0.0,100.0,0.7107,1.9393,1.9393,366.1259,1769859734.7667134,20.25,49,243,0.098,10,1,0,7.19,15.0,0,254,1769859728.285,-1.796,meta-llama/Llama-3.2-1B-Instruct,"1769859728.285, 1769859728.585, 1769859728.587, 1769859728.835, 1769859728.904"
1.0,0,1769859731.2906,2.8044,27,32,59,0.0494,0.052,0.0539,1.0,0.0,100.0,0.6699,1.8538,1.8538,368.4248,1769859734.7693415,20.16,49,244,0.099,11,0,0,7.19,15.0,0,254,1769859728.285,-1.796,meta-llama/Llama-3.2-1B-Instruct,"1769859728.285, 1769859728.585, 1769859728.587, 1769859728.835, 1769859728.904"
1.0,0,1769859731.4689,3.2111,27,0,27,,,,1.0,,,0.0878,2.2989,2.2989,368.4248,1769859734.7696786,20.08,49,244,0.098,8,0,0,7.19,15.0,0,254,1769859728.285,-1.796,meta-llama/Llama-3.2-1B-Instruct,"1769859728.285, 1769859728.585, 1769859728.587, 1769859728.835, 1769859728.904"
1.0,0,1769859731.2942,2.876,27,32,59,0.0599,0.0495,0.0548,1.0,0.0,100.0,0.6574,1.9359,1.9359,370.3607,1769859734.8291688,20.0,49,245,0.099,13,0,0,7.19,15.0,0,254,1769859728.285,-1.796,meta-llama/Llama-3.2-1B-Instruct,"1769859728.285, 1769859728.585, 1769859728.587, 1769859728.835, 1769859728.904"
1.0,0,1769859731.4674,2.7861,27,32,59,0.0626,0.0439,0.0573,1.0,0.0,100.0,0.6299,1.8487,1.8487,372.2094,1769859734.886208,19.92,49,246,0.099,12,0,0,7.19,15.0,0,254,1769859728.285,-1.796,meta-llama/Llama-3.2-1B-Instruct,"1769859728.285, 1769859728.585, 1769859728.587, 1769859728.835, 1769859728.904"
1.0,0,1769859731.4718,3.4484,27,0,27,,,,1.0,,,0.0907,2.5391,2.5391,374.7485,1769859735.0150108,19.84,49,247,0.097,5,0,0,7.19,15.0,0,254,1769859728.285,-1.796,meta-llama/Llama-3.2-1B-Instruct,"1769859728.285, 1769859728.585, 1769859728.587, 1769859728.835, 1769859728.904"
1.0,0,1769859731.9022,3.3078,27,9,36,0.0618,0.0599,0.0599,1.0,0.0,100.0,0.3472,2.3696,2.3696,377.1181,1769859735.5676937,19.76,49,248,0.098,9,1,0,7.19,15.0,0,316,1769859732.901,-2.195,meta-llama/Llama-3.2-1B-Instruct,"1769859732.901, 1769859732.902, 1769859733.072, 1769859733.073, 1769859733.164"
1.0,0,1769859731.4704,3.2904,27,32,59,0.0678,0.0787,0.1863,1.0,0.0,100.0,1.1996,2.3582,2.3582,379.4763,1769859735.9677918,19.68,49,249,0.097,5,0,0,7.19,15.0,0,316,1769859732.901,-2.195,meta-llama/Llama-3.2-1B-Instruct,"1769859732.901, 1769859732.902, 1769859733.072, 1769859733.073, 1769859733.164"
1.0,0,1769859731.668,3.3433,27,32,59,0.0992,0.0683,0.069,1.0,0.0,100.0,1.1574,2.4425,2.4425,389.3178,1769859736.1735592,19.52,49,253,0.096,5,1,0,7.19,15.0,0,316,1769859732.901,-2.195,meta-llama/Llama-3.2-1B-Instruct,"1769859732.901, 1769859732.902, 1769859733.072, 1769859733.073, 1769859733.164"
1.0,0,1769859731.4833,3.4443,27,32,59,0.1083,0.0862,0.121,1.0,0.0,100.0,1.2398,2.5525,2.5525,389.3178,1769859736.1737459,19.6,49,253,0.096,5,0,0,7.19,15.0,0,316,1769859732.901,-2.195,meta-llama/Llama-3.2-1B-Instruct,"1769859732.901, 1769859732.902, 1769859733.072, 1769859733.073, 1769859733.164"
1.0,0,1769859731.6662,3.2873,27,32,59,0.1166,0.068,0.0854,1.0,0.0,100.0,1.218,2.4039,2.4039,389.3178,1769859736.1739461,19.44,49,253,0.096,4,0,0,7.19,15.0,0,316,1769859732.901,-2.195,meta-llama/Llama-3.2-1B-Instruct,"1769859732.901, 1769859732.902, 1769859733.072, 1769859733.073, 1769859733.164"
1.0,0,1769859731.6697,3.386,27,32,59,0.0566,0.0682,0.0721,1.0,0.0,100.0,1.117,2.4426,2.4426,389.3178,1769859736.174146,19.37,49,253,0.097,6,1,0,7.19,15.0,0,316,1769859732.901,-2.195,meta-llama/Llama-3.2-1B-Instruct,"1769859732.901, 1769859732.902, 1769859733.072, 1769859733.073, 1769859733.164"
1.0,0,1769859731.8986,3.2041,27,32,59,0.0602,0.0607,0.0614,1.0,0.0,100.0,1.1185,2.2643,2.2643,391.5821,1769859736.2359376,19.29,49,254,0.097,7,1,0,7.19,15.0,0,316,1769859732.901,-2.195,meta-llama/Llama-3.2-1B-Instruct,"1769859732.901, 1769859732.902, 1769859733.072, 1769859733.073, 1769859733.164"
1.0,0,1769859731.9008,3.2495,27,32,59,0.0671,0.0653,0.0779,1.0,0.0,100.0,1.086,2.3165,2.3165,393.8986,1769859736.2388377,19.22,49,255,0.097,8,0,0,7.19,15.0,0,316,1769859732.901,-2.195,meta-llama/Llama-3.2-1B-Instruct,"1769859732.901, 1769859732.902, 1769859733.072, 1769859733.073, 1769859733.164"
1.0,0,1769859732.0716,3.2036,27,32,59,0.066,0.0672,0.0738,1.0,0.0,100.0,1.0162,2.2696,2.2696,396.1682,1769859736.3024423,19.14,49,256,0.098,11,0,0,7.19,15.0,0,316,1769859732.901,-2.195,meta-llama/Llama-3.2-1B-Instruct,"1769859732.901, 1769859732.902, 1769859733.072, 1769859733.073, 1769859733.164"
1.0,0,1769859732.073,3.2561,27,32,59,0.0767,0.0635,0.0718,1.0,0.0,100.0,0.9943,2.3328,2.3328,398.501,1769859736.3311493,19.07,49,257,0.099,11,0,0,7.19,15.0,0,316,1769859732.901,-2.195,meta-llama/Llama-3.2-1B-Instruct,"1769859732.901, 1769859732.902, 1769859733.072, 1769859733.073, 1769859733.164"
1.0,0,1769859732.2508,3.2054,27,32,59,0.0919,0.0675,0.0683,1.0,0.0,100.0,0.9099,2.2973,2.2973,403.1081,1769859736.368884,18.92,49,259,0.1,13,0,0,7.19,15.0,0,316,1769859732.901,-2.195,meta-llama/Llama-3.2-1B-Instruct,"1769859732.901, 1769859732.902, 1769859733.072, 1769859733.073, 1769859733.164"
1.0,0,1769859732.1641,3.2262,27,32,59,0.0836,0.0602,0.0669,1.0,0.0,100.0,0.9749,2.3098,2.3098,403.1081,1769859736.3690856,18.99,49,259,0.1,12,1,0,7.19,15.0,0,316,1769859732.901,-2.195,meta-llama/Llama-3.2-1B-Instruct,"1769859732.901, 1769859732.902, 1769859733.072, 1769859733.073, 1769859733.164"
1.0,0,1769859732.2524,3.278,27,32,59,0.0682,0.0618,0.0656,1.0,0.0,100.0,0.9899,2.3462,2.3462,405.4543,1769859736.5243542,18.85,49,260,0.101,15,0,0,7.19,15.0,0,316,1769859732.901,-2.195,meta-llama/Llama-3.2-1B-Instruct,"1769859732.901, 1769859732.902, 1769859733.072, 1769859733.073, 1769859733.164"
1.0,0,1769859732.3187,3.2965,27,32,59,0.0861,0.0599,0.0735,1.0,0.0,100.0,0.9874,2.3826,2.3826,407.8369,1769859736.6039631,18.77,49,261,0.101,15,0,0,7.19,15.0,0,316,1769859732.901,-2.195,meta-llama/Llama-3.2-1B-Instruct,"1769859732.901, 1769859732.902, 1769859733.072, 1769859733.073, 1769859733.164"
1.0,0,1769859732.4177,3.2772,27,31,58,0.0901,0.0656,0.0668,1.0,0.0,100.0,1.0349,2.3673,2.3673,410.2042,1769859736.7418468,18.7,49,262,0.102,16,0,0,7.19,15.0,0,316,1769859732.901,-2.195,meta-llama/Llama-3.2-1B-Instruct,"1769859732.901, 1769859732.902, 1769859733.072, 1769859733.073, 1769859733.164"
1.0,0,1769859732.4996,3.2878,27,32,59,0.0978,0.0631,0.069,1.0,0.0,100.0,1.0191,2.3856,2.3856,412.5898,1769859736.81258,18.63,49,263,0.102,16,1,0,7.19,15.0,0,316,1769859732.901,-2.195,meta-llama/Llama-3.2-1B-Instruct,"1769859732.901, 1769859732.902, 1769859733.072, 1769859733.073, 1769859733.164"
1.0,0,1769859732.501,3.3687,27,32,59,0.0801,0.0647,0.0698,1.0,0.0,100.0,0.9832,2.4488,2.4488,415.0386,1769859736.853842,18.56,49,264,0.103,17,0,0,7.19,15.0,0,316,1769859732.901,-2.195,meta-llama/Llama-3.2-1B-Instruct,"1769859732.901, 1769859732.902, 1769859733.072, 1769859733.073, 1769859733.164"
1.0,0,1769859732.5023,3.4359,27,33,60,0.1036,0.0616,0.0699,1.0,0.0,100.0,1.0216,2.5395,2.5395,417.5781,1769859736.9744947,18.49,49,265,0.104,18,0,0,7.19,15.0,0,316,1769859732.901,-2.195,meta-llama/Llama-3.2-1B-Instruct,"1769859732.901, 1769859732.902, 1769859733.072, 1769859733.073, 1769859733.164"
1.0,0,1769859732.5036,3.6405,27,32,59,0.0757,0.057,0.0603,1.0,0.0,100.0,0.9594,2.7162,2.7162,420.2943,1769859737.1093404,18.42,49,266,0.105,19,0,0,7.19,15.0,0,316,1769859732.901,-2.195,meta-llama/Llama-3.2-1B-Instruct,"1769859732.901, 1769859732.902, 1769859733.072, 1769859733.073, 1769859733.164"
1.0,0,1769859732.5049,3.8377,27,32,59,0.0739,0.0572,0.0657,1.0,0.0,100.0,1.0119,2.9116,2.9116,423.2059,1769859737.355431,18.35,49,267,0.102,12,0,0,7.19,15.0,0,316,1769859732.901,-2.195,meta-llama/Llama-3.2-1B-Instruct,"1769859732.901, 1769859732.902, 1769859733.072, 1769859733.073, 1769859733.164"
1.0,0,1769859732.9305,3.5167,27,32,59,0.0713,0.0593,0.0594,1.0,0.0,100.0,0.9428,2.5881,2.5881,428.6118,1769859737.4062605,18.28,49,269,0.101,11,0,0,7.19,15.0,0,316,1769859732.901,-2.195,meta-llama/Llama-3.2-1B-Instruct,"1769859732.901, 1769859732.902, 1769859733.072, 1769859733.073, 1769859733.164"
1.0,0,1769859732.6461,3.7473,27,32,59,0.0706,0.0615,0.0662,1.0,0.0,100.0,1.0056,2.8178,2.8178,431.0517,1769859737.422382,18.22,49,270,0.1,10,0,0,7.19,15.0,0,316,1769859732.901,-2.195,meta-llama/Llama-3.2-1B-Instruct,"1769859732.901, 1769859732.902, 1769859733.072, 1769859733.073, 1769859733.164"
1.0,0,1769859733.1269,3.3714,27,32,59,0.0685,0.0499,0.0555,1.0,0.0,100.0,0.9216,2.4399,2.4399,431.0517,1769859737.4244092,18.15,49,270,0.101,12,0,0,7.19,15.0,0,316,1769859732.901,-2.195,meta-llama/Llama-3.2-1B-Instruct,"1769859732.901, 1769859732.902, 1769859733.072, 1769859733.073, 1769859733.164"
1.0,0,1769859733.2814,3.2942,27,32,59,0.0791,0.0536,0.058,1.0,0.0,100.0,0.8755,2.3733,2.3733,433.4251,1769859737.4547899,18.08,49,271,0.102,13,0,0,7.19,15.0,0,316,1769859732.901,-2.195,meta-llama/Llama-3.2-1B-Instruct,"1769859732.901, 1769859732.902, 1769859733.072, 1769859733.073, 1769859733.164"
1.0,0,1769859733.4369,3.2094,27,32,59,0.0875,0.0534,0.0583,1.0,0.0,100.0,0.8993,2.2969,2.2969,435.7219,1769859737.5508304,18.01,49,272,0.101,12,0,0,7.19,15.0,0,316,1769859732.901,-2.195,meta-llama/Llama-3.2-1B-Instruct,"1769859732.901, 1769859732.902, 1769859733.072, 1769859733.073, 1769859733.164"
1.0,0,1769859733.4385,3.2719,27,32,59,0.0989,0.0546,0.0681,1.0,0.0,100.0,0.8983,2.3709,2.3709,438.0928,1769859737.6093357,17.95,49,273,0.102,13,0,0,7.19,15.0,0,316,1769859732.901,-2.195,meta-llama/Llama-3.2-1B-Instruct,"1769859732.901, 1769859732.902, 1769859733.072, 1769859733.073, 1769859733.164"
1.0,0,1769859733.44,3.354,27,32,59,0.0531,0.056,0.0576,1.0,0.0,100.0,0.8638,2.4071,2.4071,440.4999,1769859737.659365,17.88,49,274,0.102,13,0,0,7.19,15.0,0,316,1769859732.901,-2.195,meta-llama/Llama-3.2-1B-Instruct,"1769859732.901, 1769859732.902, 1769859733.072, 1769859733.073, 1769859733.164"
1.0,0,1769859733.9086,3.4997,27,6,33,0.0917,0.0484,0.0484,1.0,0.0,100.0,0.2932,2.5914,2.5914,443.0913,1769859737.703603,17.82,49,275,0.104,16,0,0,7.19,15.0,0,316,1769859732.901,-2.195,meta-llama/Llama-3.2-1B-Instruct,"1769859732.901, 1769859732.902, 1769859733.072, 1769859733.073, 1769859733.164"
1.0,0,1769859733.5266,3.3376,27,32,59,0.052,0.0517,0.0622,1.0,0.0,100.0,0.8621,2.3896,2.3896,445.4809,1769859737.726946,17.75,49,276,0.102,13,0,0,7.19,15.0,0,316,1769859732.901,-2.195,meta-llama/Llama-3.2-1B-Instruct,"1769859732.901, 1769859732.902, 1769859733.072, 1769859733.073, 1769859733.164"
1.0,0,1769859733.6773,3.2836,27,32,59,0.0959,0.0524,0.0545,1.0,0.0,100.0,0.9119,2.3795,2.3795,447.8604,1769859737.875051,17.69,49,277,0.102,14,0,0,7.19,15.0,0,316,1769859732.901,-2.195,meta-llama/Llama-3.2-1B-Instruct,"1769859732.901, 1769859732.902, 1769859733.072, 1769859733.073, 1769859733.164"
1.0,0,1769859733.6912,3.3431,27,32,59,0.0682,0.0524,0.0621,1.0,0.0,100.0,0.9073,2.4113,2.4113,450.2717,1769859737.9427218,17.63,49,278,0.102,14,0,0,7.19,15.0,0,316,1769859732.901,-2.195,meta-llama/Llama-3.2-1B-Instruct,"1769859732.901, 1769859732.902, 1769859733.072, 1769859733.073, 1769859733.164"
1.0,0,1769859733.7344,3.3962,27,31,58,0.0579,0.0512,0.0543,1.0,0.0,100.0,0.8934,2.4541,2.4541,452.7258,1769859738.0269513,17.56,49,279,0.103,14,0,0,7.19,15.0,0,316,1769859732.901,-2.195,meta-llama/Llama-3.2-1B-Instruct,"1769859732.901, 1769859732.902, 1769859733.072, 1769859733.073, 1769859733.164"
1.0,0,1769859733.8258,3.3846,27,32,59,0.0706,0.0608,0.0635,1.0,0.0,100.0,0.9445,2.4551,2.4551,455.1809,1769859738.1669059,17.5,49,280,0.103,15,0,0,7.19,15.0,0,316,1769859732.901,-2.195,meta-llama/Llama-3.2-1B-Instruct,"1769859732.901, 1769859732.902, 1769859733.072, 1769859733.073, 1769859733.164"
1.0,0,1769859735.1273,3.2012,27,3,30,0.0716,0.0556,0.0556,1.0,0.0,100.0,0.2394,2.2729,2.2729,457.4538,1769859738.5748153,17.44,49,281,0.104,16,0,0,7.19,15.0,0,316,1769859732.901,-2.195,meta-llama/Llama-3.2-1B-Instruct,"1769859732.901, 1769859732.902, 1769859733.072, 1769859733.073, 1769859733.164"
1.0,0,1769859733.9197,3.474,27,32,59,0.1098,0.0781,0.0992,1.0,0.0,100.0,1.1997,2.5838,2.5838,460.0375,1769859738.6026576,17.38,49,282,0.104,15,0,0,7.19,15.0,0,316,1769859732.901,-2.195,meta-llama/Llama-3.2-1B-Instruct,"1769859732.901, 1769859732.902, 1769859733.072, 1769859733.073, 1769859733.164"
1.0,0,1769859734.1398,3.3521,27,32,59,0.0552,0.0627,0.0993,1.0,0.0,100.0,1.1299,2.4073,2.4073,462.4448,1769859738.6238363,17.31,49,283,0.102,11,2,0,7.19,15.0,0,316,1769859732.901,-2.195,meta-llama/Llama-3.2-1B-Instruct,"1769859732.901, 1769859732.902, 1769859733.072, 1769859733.073, 1769859733.164"
1.0,0,1769859734.6496,2.9394,27,32,59,0.0696,0.0613,0.0915,1.0,0.0,100.0,1.1284,2.009,2.009,464.4539,1769859738.7203472,17.25,49,284,0.103,13,0,0,7.19,15.0,0,316,1769859732.901,-2.195,meta-llama/Llama-3.2-1B-Instruct,"1769859732.901, 1769859732.902, 1769859733.072, 1769859733.073, 1769859733.164"
1.0,0,1769859734.8441,2.7956,27,32,59,0.0602,0.0885,0.0938,1.0,0.0,100.0,1.1322,1.8557,1.8557,466.3096,1769859738.7747424,17.19,49,285,0.103,12,0,0,7.19,15.0,0,316,1769859732.901,-2.195,meta-llama/Llama-3.2-1B-Instruct,"1769859732.901, 1769859732.902, 1769859733.072, 1769859733.073, 1769859733.164"
1.0,0,1769859734.9909,3.0824,27,19,46,0.0747,0.099,0.099,1.0,0.0,100.0,0.782,2.1571,2.1571,468.4667,1769859738.8611221,17.13,49,286,0.103,13,0,0,7.19,15.0,0,316,1769859732.901,-2.195,meta-llama/Llama-3.2-1B-Instruct,"1769859732.901, 1769859732.902, 1769859733.072, 1769859733.073, 1769859733.164"
1.0,0,1769859734.846,2.8578,27,32,59,0.0793,0.0774,0.0941,1.0,0.0,100.0,1.202,1.9371,1.9371,470.4038,1769859738.9082408,17.07,49,287,0.102,12,0,0,7.19,15.0,0,316,1769859732.901,-2.195,meta-llama/Llama-3.2-1B-Instruct,"1769859732.901, 1769859732.902, 1769859733.072, 1769859733.073, 1769859733.164"
1.0,0,1769859734.914,2.856,27,32,59,0.0773,0.0735,0.0952,1.0,0.0,100.0,1.2159,1.9333,1.9333,472.3371,1769859738.9961147,17.01,49,288,0.102,11,0,0,7.19,15.0,0,316,1769859732.901,-2.195,meta-llama/Llama-3.2-1B-Instruct,"1769859732.901, 1769859732.902, 1769859733.072, 1769859733.073, 1769859733.164"
1.0,0,1769859734.9865,2.8709,27,32,59,0.0793,0.0712,0.1039,1.0,0.0,100.0,1.1985,1.9503,1.9503,474.2874,1769859739.058723,16.96,49,289,0.103,13,0,0,7.19,15.0,0,316,1769859732.901,-2.195,meta-llama/Llama-3.2-1B-Instruct,"1769859732.901, 1769859732.902, 1769859733.072, 1769859733.073, 1769859733.164"
1.0,0,1769859734.988,2.9267,27,32,59,0.0631,0.0756,0.0938,1.0,0.0,100.0,1.1797,1.9898,1.9898,476.2772,1769859739.0998538,16.9,49,290,0.103,12,1,0,7.19,15.0,0,316,1769859732.901,-2.195,meta-llama/Llama-3.2-1B-Instruct,"1769859732.901, 1769859732.902, 1769859733.072, 1769859733.073, 1769859733.164"
1.0,0,1769859734.9895,3.0081,27,32,59,0.0629,0.0734,0.1041,1.0,0.0,100.0,1.1884,2.071,2.071,478.3482,1769859739.2061822,16.84,49,291,0.103,13,0,0,7.19,15.0,0,316,1769859732.901,-2.195,meta-llama/Llama-3.2-1B-Instruct,"1769859732.901, 1769859732.902, 1769859733.072, 1769859733.073, 1769859733.164"
1.0,0,1769859735.0345,3.1029,27,32,59,0.1542,0.0653,0.0694,1.0,0.0,100.0,1.2553,2.2571,2.2571,482.8507,1769859739.3971696,16.72,49,293,0.103,13,0,0,7.19,15.0,0,316,1769859732.901,-2.195,meta-llama/Llama-3.2-1B-Instruct,"1769859732.901, 1769859732.902, 1769859733.072, 1769859733.073, 1769859733.164"
1.0,0,1769859735.079,3.1919,27,32,59,0.0536,0.0648,0.0651,1.0,0.0,100.0,1.1166,2.2455,2.2455,482.8507,1769859739.398939,16.78,49,293,0.104,14,1,0,7.19,15.0,0,316,1769859732.901,-2.195,meta-llama/Llama-3.2-1B-Instruct,"1769859732.901, 1769859732.902, 1769859733.072, 1769859733.073, 1769859733.164"
1.0,0,1769859735.0773,3.144,27,32,59,0.1046,0.0622,0.0815,1.0,0.0,100.0,1.1784,2.2486,2.2486,485.0993,1769859739.4013922,16.67,49,294,0.103,13,1,0,7.19,15.0,0,316,1769859732.901,-2.195,meta-llama/Llama-3.2-1B-Instruct,"1769859732.901, 1769859732.902, 1769859733.072, 1769859733.073, 1769859733.164"
1.0,0,1769859735.2436,3.1373,27,32,59,0.0825,0.0564,0.0735,1.0,0.0,100.0,1.0675,2.2198,2.2198,489.5311,1769859739.4639122,16.61,49,296,0.105,16,1,0,7.19,15.0,0,316,1769859732.901,-2.195,meta-llama/Llama-3.2-1B-Instruct,"1769859732.901, 1769859732.902, 1769859733.072, 1769859733.073, 1769859733.164"
1.0,0,1769859735.3073,3.1246,27,32,59,0.0873,0.0595,0.0645,1.0,0.0,100.0,1.0286,2.2119,2.2119,489.5311,1769859739.464215,16.55,49,296,0.105,17,0,0,7.19,15.0,0,316,1769859732.901,-2.195,meta-llama/Llama-3.2-1B-Instruct,"1769859732.901, 1769859732.902, 1769859733.072, 1769859733.073, 1769859733.164"
1.0,0,1769859735.3089,3.1827,27,32,59,0.0772,0.0634,0.0639,1.0,0.0,100.0,1.0313,2.2599,2.2599,491.791,1769859739.528446,16.5,49,297,0.105,18,0,0,7.19,15.0,0,316,1769859732.901,-2.195,meta-llama/Llama-3.2-1B-Instruct,"1769859732.901, 1769859732.902, 1769859733.072, 1769859733.073, 1769859733.164"
1.0,0,1769859735.3104,3.3889,27,32,59,0.0749,0.0621,0.074,1.0,0.0,100.0,1.0239,2.4638,2.4638,494.2548,1769859739.7259195,16.44,49,298,0.106,17,0,0,7.19,15.0,0,316,1769859732.901,-2.195,meta-llama/Llama-3.2-1B-Instruct,"1769859732.901, 1769859732.902, 1769859733.072, 1769859733.073, 1769859733.164"
1.0,0,1769859735.5907,3.163,27,32,59,0.0931,0.057,0.0694,1.0,0.0,100.0,1.0154,2.2561,2.2561,498.7482,1769859739.777784,16.39,49,300,0.106,16,0,0,7.19,15.0,0,316,1769859732.901,-2.195,meta-llama/Llama-3.2-1B-Instruct,"1769859732.901, 1769859732.902, 1769859733.072, 1769859733.073, 1769859733.164"
1.0,0,1769859735.668,3.147,27,31,58,0.0903,0.0504,0.0537,1.0,0.0,100.0,0.9601,2.2373,2.2373,498.7482,1769859739.7807605,16.33,49,300,0.105,16,0,0,7.19,15.0,0,316,1769859732.901,-2.195,meta-llama/Llama-3.2-1B-Instruct,"1769859732.901, 1769859732.902, 1769859733.072, 1769859733.073, 1769859733.164"
1.0,0,1769859735.7476,3.1626,27,32,59,0.0707,0.057,0.0626,1.0,0.0,100.0,0.9028,2.2333,2.2333,500.9815,1769859739.8140867,16.28,49,301,0.105,16,0,0,7.19,15.0,0,316,1769859732.901,-2.195,meta-llama/Llama-3.2-1B-Instruct,"1769859732.901, 1769859732.902, 1769859733.072, 1769859733.073, 1769859733.164"
1.0,0,1769859735.9089,3.0679,27,32,59,0.0788,0.0495,0.0585,1.0,0.0,100.0,0.887,2.1467,2.1467,503.1282,1769859739.8770657,16.23,49,302,0.105,16,0,0,7.19,15.0,0,316,1769859732.901,-2.195,meta-llama/Llama-3.2-1B-Instruct,"1769859732.901, 1769859732.902, 1769859733.072, 1769859733.073, 1769859733.164"
1.0,0,1769859735.9103,3.158,27,32,59,0.0654,0.0622,0.0666,1.0,0.0,100.0,0.8328,2.2233,2.2233,505.3515,1769859739.9059439,16.17,49,303,0.106,16,0,0,7.19,15.0,0,316,1769859732.901,-2.195,meta-llama/Llama-3.2-1B-Instruct,"1769859732.901, 1769859732.902, 1769859733.072, 1769859733.073, 1769859733.164"
1.0,0,1769859735.9117,3.2494,27,32,59,0.0728,0.0552,0.0857,1.0,0.0,100.0,0.9779,2.3221,2.3221,507.6736,1769859740.1440737,16.12,49,304,0.105,15,0,0,7.19,15.0,0,382,1769859738.616,-1.5,meta-llama/Llama-3.2-1B-Instruct,"1769859738.616, 1769859738.676, 1769859738.678, 1769859738.679, 1769859738.828"
1.0,0,1769859735.9131,3.338,27,32,59,0.052,0.0602,0.0935,1.0,0.0,100.0,1.0053,2.39,2.39,510.0636,1769859740.2699523,16.07,49,305,0.106,16,0,0,7.19,15.0,0,382,1769859738.616,-1.5,meta-llama/Llama-3.2-1B-Instruct,"1769859738.616, 1769859738.676, 1769859738.678, 1769859738.679, 1769859738.828"
1.0,0,1769859735.9144,3.4061,27,32,59,0.0642,0.0663,0.0887,1.0,0.0,100.0,0.9612,2.4703,2.4703,512.5339,1769859740.2845764,16.01,49,306,0.106,17,0,0,7.19,15.0,0,382,1769859738.616,-1.5,meta-llama/Llama-3.2-1B-Instruct,"1769859738.616, 1769859738.676, 1769859738.678, 1769859738.679, 1769859738.828"
1.0,0,1769859735.9158,3.5167,27,32,59,0.0803,0.0646,0.0933,1.0,0.0,100.0,1.0217,2.5969,2.5969,515.1308,1769859740.4644167,15.96,49,307,0.105,15,0,0,7.19,15.0,0,382,1769859738.616,-1.5,meta-llama/Llama-3.2-1B-Instruct,"1769859738.616, 1769859738.676, 1769859738.678, 1769859738.679, 1769859738.828"
1.0,0,1769859736.2916,3.2213,27,32,59,0.0875,0.07,0.0932,1.0,0.0,100.0,1.0216,2.3088,2.3088,517.4396,1769859740.5406752,15.91,49,308,0.105,13,0,0,7.19,15.0,0,382,1769859738.616,-1.5,meta-llama/Llama-3.2-1B-Instruct,"1769859738.616, 1769859738.676, 1769859738.678, 1769859738.679, 1769859738.828"
1.0,0,1769859736.4238,3.1626,27,32,59,0.0727,0.0725,0.0902,1.0,0.0,100.0,1.0679,2.2353,2.2353,519.6748,1769859740.6560407,15.86,49,309,0.105,14,0,0,7.19,15.0,0,382,1769859738.616,-1.5,meta-llama/Llama-3.2-1B-Instruct,"1769859738.616, 1769859738.676, 1769859738.678, 1769859738.679, 1769859738.828"
1.0,0,1769859736.4257,3.2366,27,32,59,0.0612,0.0804,0.0866,1.0,0.0,100.0,1.0385,2.2979,2.2979,521.9727,1769859740.7085085,15.81,49,310,0.106,15,0,0,7.19,15.0,0,382,1769859738.616,-1.5,meta-llama/Llama-3.2-1B-Instruct,"1769859738.616, 1769859738.676, 1769859738.678, 1769859738.679, 1769859738.828"
1.0,0,1769859738.3028,2.4703,27,0,27,,,,1.0,,,0.0897,1.56,1.56,523.5327,1769859740.866634,15.76,49,311,0.107,17,0,0,7.19,15.0,0,382,1769859738.616,-1.5,meta-llama/Llama-3.2-1B-Instruct,"1769859738.616, 1769859738.676, 1769859738.678, 1769859738.679, 1769859738.828"
1.0,0,1769859736.5454,3.3318,27,32,59,0.1047,0.0674,0.0695,1.0,0.0,100.0,1.2666,2.4365,2.4365,525.9692,1769859741.1511323,15.71,49,312,0.105,12,0,0,7.19,15.0,0,382,1769859738.616,-1.5,meta-llama/Llama-3.2-1B-Instruct,"1769859738.616, 1769859738.676, 1769859738.678, 1769859738.679, 1769859738.828"
1.0,0,1769859736.5469,3.379,27,32,59,0.0568,0.0585,0.0608,1.0,0.0,100.0,1.2275,2.4358,2.4358,530.9105,1769859741.1546574,15.65,49,314,0.104,10,2,0,7.19,15.0,0,382,1769859738.616,-1.5,meta-llama/Llama-3.2-1B-Instruct,"1769859738.616, 1769859738.676, 1769859738.678, 1769859738.679, 1769859738.828"
1.0,0,1769859736.4755,3.3964,27,32,59,0.1091,0.0638,0.0711,1.0,0.0,100.0,1.282,2.5055,2.5055,530.9105,1769859741.154812,15.61,49,314,0.105,14,0,0,7.19,15.0,0,382,1769859738.616,-1.5,meta-llama/Llama-3.2-1B-Instruct,"1769859738.616, 1769859738.676, 1769859738.678, 1769859738.679, 1769859738.828"
1.0,0,1769859736.8314,3.1372,27,32,59,0.0743,0.0657,0.0852,1.0,0.0,100.0,1.203,2.2115,2.2115,533.122,1769859741.179099,15.56,49,315,0.104,12,1,0,7.19,15.0,0,382,1769859738.616,-1.5,meta-llama/Llama-3.2-1B-Instruct,"1769859738.616, 1769859738.676, 1769859738.678, 1769859738.679, 1769859738.828"
1.0,0,1769859737.0868,2.9343,27,32,59,0.0651,0.067,0.0738,1.0,0.0,100.0,1.184,1.9994,1.9994,536.9987,1769859741.2171502,15.51,49,317,0.105,13,0,0,7.19,15.0,0,382,1769859738.616,-1.5,meta-llama/Llama-3.2-1B-Instruct,"1769859738.616, 1769859738.676, 1769859738.678, 1769859738.679, 1769859738.828"
1.0,0,1769859737.2631,2.8051,27,32,59,0.0722,0.062,0.0678,1.0,0.0,100.0,1.1469,1.8773,1.8773,536.9987,1769859741.2177465,15.46,49,317,0.105,14,0,0,7.19,15.0,0,382,1769859738.616,-1.5,meta-llama/Llama-3.2-1B-Instruct,"1769859738.616, 1769859738.676, 1769859738.678, 1769859738.679, 1769859738.828"
1.0,0,1769859737.3338,2.7857,27,32,59,0.0694,0.0625,0.0656,1.0,0.0,100.0,1.1079,1.8551,1.8551,538.8538,1769859741.2310612,15.41,49,318,0.105,15,0,0,7.19,15.0,0,382,1769859738.616,-1.5,meta-llama/Llama-3.2-1B-Instruct,"1769859738.616, 1769859738.676, 1769859738.678, 1769859738.679, 1769859738.828"
1.0,0,1769859737.6163,2.561,27,32,59,0.0644,0.064,0.0723,1.0,0.0,100.0,1.0724,1.6254,1.6254,540.4792,1769859741.251791,15.36,49,319,0.105,15,0,0,7.19,15.0,0,382,1769859738.616,-1.5,meta-llama/Llama-3.2-1B-Instruct,"1769859738.616, 1769859738.676, 1769859738.678, 1769859738.679, 1769859738.828"
1.0,0,1769859737.6764,2.5715,27,32,59,0.0901,0.0598,0.0666,1.0,0.0,100.0,1.047,1.6616,1.6616,542.1408,1769859741.2960188,15.31,49,320,0.106,16,0,0,7.19,15.0,0,382,1769859738.616,-1.5,meta-llama/Llama-3.2-1B-Instruct,"1769859738.616, 1769859738.676, 1769859738.678, 1769859738.679, 1769859738.828"
1.0,0,1769859738.3013,2.3678,27,20,47,0.083,0.0664,0.0664,1.0,0.0,100.0,0.6548,1.4508,1.4508,543.5916,1769859741.3337488,15.26,49,321,0.107,17,0,0,7.19,15.0,0,382,1769859738.616,-1.5,meta-llama/Llama-3.2-1B-Instruct,"1769859738.616, 1769859738.676, 1769859738.678, 1769859738.679, 1769859738.828"
1.0,0,1769859737.678,2.6564,27,31,58,0.074,0.0597,0.0615,1.0,0.0,100.0,1.0461,1.7304,1.7304,545.322,1769859741.3849583,15.22,49,322,0.106,15,0,0,7.19,15.0,0,382,1769859738.616,-1.5,meta-llama/Llama-3.2-1B-Instruct,"1769859738.616, 1769859738.676, 1769859738.678, 1769859738.679, 1769859738.828"
1.0,0,1769859737.6794,2.761,27,32,59,0.0852,0.0608,0.063,1.0,0.0,100.0,1.0577,1.8462,1.8462,547.1682,1769859741.5010705,15.17,49,323,0.107,16,0,0,7.19,15.0,0,382,1769859738.616,-1.5,meta-llama/Llama-3.2-1B-Instruct,"1769859738.616, 1769859738.676, 1769859738.678, 1769859738.679, 1769859738.828"
1.0,0,1769859737.8276,2.6802,27,32,59,0.0995,0.0579,0.0642,1.0,0.0,100.0,1.0263,1.7798,1.7798,548.948,1769859741.5386522,15.12,49,324,0.107,16,0,0,7.19,15.0,0,382,1769859738.616,-1.5,meta-llama/Llama-3.2-1B-Instruct,"1769859738.616, 1769859738.676, 1769859738.678, 1769859738.679, 1769859738.828"
1.0,0,1769859737.9631,2.6252,27,32,59,0.0626,0.0591,0.0618,1.0,0.0,100.0,1.0028,1.6878,1.6878,550.6358,1769859741.6195467,15.08,49,325,0.107,16,0,0,7.19,15.0,0,382,1769859738.616,-1.5,meta-llama/Llama-3.2-1B-Instruct,"1769859738.616, 1769859738.676, 1769859738.678, 1769859738.679, 1769859738.828"
1.0,0,1769859738.3042,2.541,27,32,59,0.1021,0.0637,0.0709,1.0,0.0,100.0,0.9711,1.6431,1.6431,552.2789,1769859741.8234305,15.03,49,326,0.108,17,1,0,7.19,15.0,0,382,1769859738.616,-1.5,meta-llama/Llama-3.2-1B-Instruct,"1769859738.616, 1769859738.676, 1769859738.678, 1769859738.679, 1769859738.828"
1.0,0,1769859738.4105,2.526,27,32,59,0.0967,0.0574,0.0664,1.0,0.0,100.0,0.992,1.6228,1.6228,553.9017,1769859741.939531,14.98,49,327,0.108,17,0,0,7.19,15.0,0,382,1769859738.616,-1.5,meta-llama/Llama-3.2-1B-Instruct,"1769859738.616, 1769859738.676, 1769859738.678, 1769859738.679, 1769859738.828"
1.0,0,1769859738.4119,2.6658,27,32,59,0.0668,0.0609,0.0624,1.0,0.0,100.0,0.9473,1.7326,1.7326,555.6343,1769859742.0258517,14.94,49,328,0.109,18,0,0,7.19,15.0,0,382,1769859738.616,-1.5,meta-llama/Llama-3.2-1B-Instruct,"1769859738.616, 1769859738.676, 1769859738.678, 1769859738.679, 1769859738.828"
1.0,0,1769859738.5225,2.847,27,32,59,0.0617,0.0589,0.0677,1.0,0.0,100.0,0.9305,1.9087,1.9087,559.4548,1769859742.312999,14.89,49,330,0.105,10,0,0,7.19,15.0,0,382,1769859738.616,-1.5,meta-llama/Llama-3.2-1B-Instruct,"1769859738.616, 1769859738.676, 1769859738.678, 1769859738.679, 1769859738.828"
1.0,0,1769859738.4713,2.8409,27,32,59,0.071,0.066,0.0708,1.0,0.0,100.0,0.9892,1.9119,1.9119,559.4548,1769859742.3249867,14.85,49,330,0.105,10,0,0,7.19,15.0,0,382,1769859738.616,-1.5,meta-llama/Llama-3.2-1B-Instruct,"1769859738.616, 1769859738.676, 1769859738.678, 1769859738.679, 1769859738.828"
1.0,0,1769859738.524,2.9079,27,31,58,0.0657,0.0577,0.0651,1.0,0.0,100.0,0.8947,1.9737,1.9737,561.4285,1769859742.3295414,14.8,49,331,0.105,10,0,0,7.19,15.0,0,382,1769859738.616,-1.5,meta-llama/Llama-3.2-1B-Instruct,"1769859738.616, 1769859738.676, 1769859738.678, 1769859738.679, 1769859738.828"
1.0,0,1769859738.5255,2.9846,27,32,59,0.0827,0.0598,0.0813,1.0,0.0,100.0,0.9418,2.0674,2.0674,565.5473,1769859742.4583545,14.71,49,333,0.105,11,0,0,7.19,15.0,0,382,1769859738.616,-1.5,meta-llama/Llama-3.2-1B-Instruct,"1769859738.616, 1769859738.676, 1769859738.678, 1769859738.679, 1769859738.828"
1.0,0,1769859738.6331,2.9743,27,26,53,0.0771,0.0576,0.058,1.0,0.0,100.0,0.8409,2.0515,2.0515,565.5473,1769859742.4591131,14.76,49,333,0.105,10,0,0,7.19,15.0,0,382,1769859738.616,-1.5,meta-llama/Llama-3.2-1B-Instruct,"1769859738.616, 1769859738.676, 1769859738.678, 1769859738.679, 1769859738.828"
1.0,0,1769859738.9463,3.3477,27,6,33,0.075,0.0888,0.0888,1.0,0.0,100.0,0.2777,2.4226,2.4226,567.97,1769859742.576762,14.67,49,334,0.108,15,0,0,7.19,15.0,0,382,1769859738.616,-1.5,meta-llama/Llama-3.2-1B-Instruct,"1769859738.616, 1769859738.676, 1769859738.678, 1769859738.679, 1769859738.828"
1.0,0,1769859738.6442,3.0265,27,32,59,0.0653,0.0569,0.068,1.0,0.0,100.0,0.9702,2.0918,2.0918,572.1641,1769859742.646989,14.63,49,336,0.105,10,0,0,7.19,15.0,0,382,1769859738.616,-1.5,meta-llama/Llama-3.2-1B-Instruct,"1769859738.616, 1769859738.676, 1769859738.678, 1769859738.679, 1769859738.828"
1.0,0,1769859738.6766,3.036,27,32,59,0.0663,0.057,0.0684,1.0,0.0,100.0,0.9287,2.1024,2.1024,572.1641,1769859742.647234,14.58,49,336,0.106,11,0,0,7.19,15.0,0,382,1769859738.616,-1.5,meta-llama/Llama-3.2-1B-Instruct,"1769859738.616, 1769859738.676, 1769859738.678, 1769859738.679, 1769859738.828"
1.0,0,1769859738.8765,2.9227,27,31,58,0.0682,0.0591,0.0738,1.0,0.0,100.0,0.8971,1.9909,1.9909,574.155,1769859742.6994255,14.54,49,337,0.106,13,0,0,7.19,15.0,0,382,1769859738.616,-1.5,meta-llama/Llama-3.2-1B-Instruct,"1769859738.616, 1769859738.676, 1769859738.678, 1769859738.679, 1769859738.828"
1.0,0,1769859738.878,2.9825,27,32,59,0.0633,0.0683,0.0738,1.0,0.0,100.0,0.9033,2.0458,2.0458,576.2008,1769859742.7677684,14.5,49,338,0.106,12,0,0,7.19,15.0,0,382,1769859738.616,-1.5,meta-llama/Llama-3.2-1B-Instruct,"1769859738.616, 1769859738.676, 1769859738.678, 1769859738.679, 1769859738.828"
1.0,0,1769859738.8794,3.0446,27,32,59,0.056,0.0724,0.077,1.0,0.0,100.0,0.9126,2.1006,2.1006,578.3014,1769859742.8467216,14.45,49,339,0.106,13,0,0,7.19,15.0,0,382,1769859738.616,-1.5,meta-llama/Llama-3.2-1B-Instruct,"1769859738.616, 1769859738.676, 1769859738.678, 1769859738.679, 1769859738.828"
1.0,0,1769859738.9435,3.0676,27,32,59,0.0902,0.0622,0.0834,1.0,0.0,100.0,0.9201,2.1577,2.1577,580.4591,1769859742.932666,14.41,49,340,0.107,14,0,0,7.19,15.0,0,382,1769859738.616,-1.5,meta-llama/Llama-3.2-1B-Instruct,"1769859738.616, 1769859738.676, 1769859738.678, 1769859738.679, 1769859738.828"
1.0,0,1769859738.945,3.1403,27,33,60,0.0627,0.0598,0.0682,1.0,0.0,100.0,0.9079,2.203,2.203,582.6621,1769859743.0062947,14.37,49,341,0.107,13,0,0,7.19,15.0,0,382,1769859738.616,-1.5,meta-llama/Llama-3.2-1B-Instruct,"1769859738.616, 1769859738.676, 1769859738.678, 1769859738.679, 1769859738.828"
1.0,0,1769859738.9477,3.3335,27,32,59,0.0884,0.0667,0.086,1.0,0.0,100.0,1.0582,2.4219,2.4219,585.0841,1769859743.3418317,14.33,49,342,0.108,15,0,0,7.19,15.0,0,382,1769859738.616,-1.5,meta-llama/Llama-3.2-1B-Instruct,"1769859738.616, 1769859738.676, 1769859738.678, 1769859738.679, 1769859738.828"
1.0,0,1769859740.0985,3.2062,27,0,27,,,,1.0,,,0.0875,2.2937,2.2937,587.3778,1769859743.3962557,14.29,49,343,0.109,16,0,0,7.19,15.0,0,382,1769859738.616,-1.5,meta-llama/Llama-3.2-1B-Instruct,"1769859738.616, 1769859738.676, 1769859738.678, 1769859738.679, 1769859738.828"
1.0,0,1769859739.0368,3.318,27,32,59,0.0903,0.0647,0.0654,1.0,0.0,100.0,1.0456,2.4083,2.4083,589.786,1769859743.4030552,14.24,49,344,0.107,12,0,0,7.19,15.0,0,382,1769859738.616,-1.5,meta-llama/Llama-3.2-1B-Instruct,"1769859738.616, 1769859738.676, 1769859738.678, 1769859738.679, 1769859738.828"
1.0,0,1769859739.2199,3.2005,27,31,58,0.0731,0.0639,0.0758,1.0,0.0,100.0,1.0489,2.2735,2.2735,592.0596,1769859743.4702942,14.2,49,345,0.108,14,0,0,7.19,15.0,0,382,1769859738.616,-1.5,meta-llama/Llama-3.2-1B-Instruct,"1769859738.616, 1769859738.676, 1769859738.678, 1769859738.679, 1769859738.828"
1.0,0,1769859739.2217,3.2921,27,32,59,0.0574,0.0677,0.0688,1.0,0.0,100.0,1.0182,2.3495,2.3495,594.4091,1769859743.5383294,14.16,49,346,0.108,14,0,0,7.19,15.0,0,382,1769859738.616,-1.5,meta-llama/Llama-3.2-1B-Instruct,"1769859738.616, 1769859738.676, 1769859738.678, 1769859738.679, 1769859738.828"
1.0,0,1769859739.3674,3.2355,27,31,58,0.0837,0.0693,0.0813,1.0,0.0,100.0,1.0839,2.3193,2.3193,596.7283,1769859743.6918387,14.12,49,347,0.108,13,0,0,7.19,15.0,0,382,1769859738.616,-1.5,meta-llama/Llama-3.2-1B-Instruct,"1769859738.616, 1769859738.676, 1769859738.678, 1769859738.679, 1769859738.828"
1.0,0,1769859739.6311,3.0408,27,32,59,0.0907,0.0621,0.0906,1.0,0.0,100.0,1.135,2.1314,2.1314,598.8598,1769859743.811126,14.08,49,348,0.107,12,0,0,7.19,15.0,0,382,1769859738.616,-1.5,meta-llama/Llama-3.2-1B-Instruct,"1769859738.616, 1769859738.676, 1769859738.678, 1769859738.679, 1769859738.828"
1.0,0,1769859739.7077,3.0372,27,32,59,0.0794,0.0708,0.0885,1.0,0.0,100.0,1.1354,2.1166,2.1166,600.9763,1769859743.8850954,14.04,49,349,0.107,12,0,0,7.19,15.0,0,382,1769859738.616,-1.5,meta-llama/Llama-3.2-1B-Instruct,"1769859738.616, 1769859738.676, 1769859738.678, 1769859738.679, 1769859738.828"
1.0,0,1769859739.7092,3.1219,27,32,59,0.0851,0.0752,0.086,1.0,0.0,100.0,1.2154,2.2069,2.2069,603.1833,1769859744.0534074,14.0,49,350,0.107,12,0,0,7.19,15.0,0,382,1769859738.616,-1.5,meta-llama/Llama-3.2-1B-Instruct,"1769859738.616, 1769859738.676, 1769859738.678, 1769859738.679, 1769859738.828"
1.0,0,1769859739.9044,3.0012,27,32,59,0.0895,0.0668,0.0827,1.0,0.0,100.0,1.2272,2.0907,2.0907,605.274,1769859744.134445,13.96,49,351,0.107,12,0,0,7.19,15.0,0,382,1769859738.616,-1.5,meta-llama/Llama-3.2-1B-Instruct,"1769859738.616, 1769859738.676, 1769859738.678, 1769859738.679, 1769859738.828"
1.0,0,1769859739.9433,3.0668,27,32,59,0.0631,0.0707,0.0812,1.0,0.0,100.0,1.2517,2.13,2.13,607.404,1769859744.284737,13.92,49,352,0.107,12,0,0,7.19,15.0,0,382,1769859738.616,-1.5,meta-llama/Llama-3.2-1B-Instruct,"1769859738.616, 1769859738.676, 1769859738.678, 1769859738.679, 1769859738.828"
1.0,0,1769859740.0456,3.0086,27,32,59,0.0788,0.0674,0.0852,1.0,0.0,100.0,1.231,2.0873,2.0873,609.4913,1769859744.2880616,13.88,49,353,0.107,12,0,0,7.19,15.0,0,382,1769859738.616,-1.5,meta-llama/Llama-3.2-1B-Instruct,"1769859738.616, 1769859738.676, 1769859738.678, 1769859738.679, 1769859738.828"
1.0,0,1769859740.047,3.0716,27,32,59,0.0673,0.0703,0.0883,1.0,0.0,100.0,1.1921,2.1388,2.1388,611.6301,1769859744.311679,13.84,49,354,0.108,13,0,0,7.19,15.0,0,382,1769859738.616,-1.5,meta-llama/Llama-3.2-1B-Instruct,"1769859738.616, 1769859738.676, 1769859738.678, 1769859738.679, 1769859738.828"
1.0,0,1769859741.4049,2.789,27,5,32,0.0684,0.0576,0.0576,1.0,0.0,100.0,0.2127,1.8574,1.8574,615.7051,1769859744.4095285,13.8,49,356,0.112,18,0,0,7.19,15.0,0,382,1769859738.616,-1.5,meta-llama/Llama-3.2-1B-Instruct,"1769859738.616, 1769859738.676, 1769859738.678, 1769859738.679, 1769859738.828"
1.0,0,1769859740.0483,3.1548,27,32,59,0.0628,0.0646,0.0826,1.0,0.0,100.0,1.2052,2.2176,2.2176,615.7051,1769859744.4099152,13.76,49,356,0.109,15,0,0,7.19,15.0,0,382,1769859738.616,-1.5,meta-llama/Llama-3.2-1B-Instruct,"1769859738.616, 1769859738.676, 1769859738.678, 1769859738.679, 1769859738.828"
1.0,0,1769859740.0968,3.1562,27,32,59,0.058,0.0678,0.0936,1.0,0.0,100.0,1.2003,2.2142,2.2142,617.9193,1769859744.4619095,13.73,49,357,0.109,15,0,0,7.19,15.0,0,382,1769859738.616,-1.5,meta-llama/Llama-3.2-1B-Instruct,"1769859738.616, 1769859738.676, 1769859738.678, 1769859738.679, 1769859738.828"
1.0,0,1769859740.2195,3.1627,27,32,59,0.0642,0.0662,0.0821,1.0,0.0,100.0,1.1011,2.2269,2.2269,620.1462,1769859744.485516,13.69,49,358,0.11,16,1,0,7.19,15.0,0,382,1769859738.616,-1.5,meta-llama/Llama-3.2-1B-Instruct,"1769859738.616, 1769859738.676, 1769859738.678, 1769859738.679, 1769859738.828"
1.0,0,1769859741.4035,2.6182,27,15,42,0.0696,0.0521,0.0521,1.0,0.0,100.0,0.52,1.6877,1.6877,621.8339,1769859744.5503879,13.65,49,359,0.112,19,0,0,7.19,15.0,0,382,1769859738.616,-1.5,meta-llama/Llama-3.2-1B-Instruct,"1769859738.616, 1769859738.676, 1769859738.678, 1769859738.679, 1769859738.828"
1.0,0,1769859740.2209,3.299,27,32,59,0.1103,0.0668,0.0712,1.0,0.0,100.0,1.1741,2.4092,2.4092,626.4177,1769859744.6999578,13.61,49,361,0.109,16,0,0,7.19,15.0,0,382,1769859738.616,-1.5,meta-llama/Llama-3.2-1B-Instruct,"1769859738.616, 1769859738.676, 1769859738.678, 1769859738.679, 1769859738.828"
1.0,0,1769859740.5608,3.11,27,28,55,0.0646,0.0614,0.0625,1.0,0.0,100.0,1.029,2.1746,2.1746,630.9424,1769859744.7085447,13.57,49,363,0.11,16,0,0,7.19,15.0,0,382,1769859738.616,-1.5,meta-llama/Llama-3.2-1B-Instruct,"1769859738.616, 1769859738.676, 1769859738.678, 1769859738.679, 1769859738.828"
1.0,0,1769859740.3975,3.2274,27,32,59,0.0615,0.0651,0.0655,1.0,0.0,100.0,1.0834,2.2889,2.2889,630.9424,1769859744.7144215,13.5,49,363,0.109,15,1,0,7.19,15.0,0,382,1769859738.616,-1.5,meta-llama/Llama-3.2-1B-Instruct,"1769859738.616, 1769859738.676, 1769859738.678, 1769859738.679, 1769859738.828"
1.0,0,1769859740.396,3.1647,27,32,59,0.0712,0.0631,0.067,1.0,0.0,100.0,1.1453,2.2358,2.2358,630.9424,1769859744.7148733,13.54,49,363,0.109,14,1,0,7.19,15.0,0,382,1769859738.616,-1.5,meta-llama/Llama-3.2-1B-Instruct,"1769859738.616, 1769859738.676, 1769859738.678, 1769859738.679, 1769859738.828"
1.0,0,1769859740.5622,3.1618,27,31,58,0.0761,0.0634,0.0641,1.0,0.0,100.0,1.0223,2.2379,2.2379,633.1803,1769859744.7473803,13.46,49,364,0.11,16,0,0,7.19,15.0,0,382,1769859738.616,-1.5,meta-llama/Llama-3.2-1B-Instruct,"1769859738.616, 1769859738.676, 1769859738.678, 1769859738.679, 1769859738.828"
1.0,0,1769859740.5636,3.2251,27,32,59,0.0559,0.0618,0.0654,1.0,0.0,100.0,0.9658,2.2811,2.2811,635.4613,1769859744.7578287,13.42,49,365,0.11,17,0,0,7.19,15.0,0,382,1769859738.616,-1.5,meta-llama/Llama-3.2-1B-Instruct,"1769859738.616, 1769859738.676, 1769859738.678, 1769859738.679, 1769859738.828"
1.0,0,1769859740.6264,3.2541,27,32,59,0.0904,0.0537,0.0538,1.0,0.0,100.0,0.9685,2.3445,2.3445,637.8059,1769859744.8541622,13.39,49,366,0.11,18,0,0,7.19,15.0,0,382,1769859738.616,-1.5,meta-llama/Llama-3.2-1B-Instruct,"1769859738.616, 1769859738.676, 1769859738.678, 1769859738.679, 1769859738.828"
1.0,0,1769859740.6278,3.3208,27,32,59,0.0725,0.0568,0.0811,1.0,0.0,100.0,0.9736,2.3933,2.3933,640.1992,1769859744.9280868,13.35,49,367,0.11,17,0,0,7.19,15.0,0,382,1769859738.616,-1.5,meta-llama/Llama-3.2-1B-Instruct,"1769859738.616, 1769859738.676, 1769859738.678, 1769859738.679, 1769859738.828"
1.0,0,1769859741.4077,3.0562,27,19,46,0.0677,0.0719,0.0719,1.0,0.0,100.0,0.6524,2.1239,2.1239,642.3231,1769859745.1177518,13.32,49,368,0.11,14,0,0,7.19,15.0,0,382,1769859738.616,-1.5,meta-llama/Llama-3.2-1B-Instruct,"1769859738.616, 1769859738.676, 1769859738.678, 1769859738.679, 1769859738.828"
1.0,0,1769859741.4063,2.8487,27,32,59,0.1079,0.0581,0.086,1.0,0.0,100.0,1.0052,1.9566,1.9566,644.2797,1769859745.2681088,13.28,49,369,0.111,18,0,0,7.19,15.0,0,444,1769859743.33,-1.826,meta-llama/Llama-3.2-1B-Instruct,"1769859743.330, 1769859743.332, 1769859743.488, 1769859743.717, 1769859743.881"
1.0,0,1769859741.6478,2.8701,27,32,59,0.0792,0.0597,0.077,1.0,0.0,100.0,1.0609,1.9492,1.9492,646.2289,1769859745.5886965,13.24,49,370,0.11,13,0,0,7.19,15.0,0,444,1769859743.33,-1.826,meta-llama/Llama-3.2-1B-Instruct,"1769859743.330, 1769859743.332, 1769859743.488, 1769859743.717, 1769859743.881"
1.0,0,1769859741.6947,2.8923,27,32,59,0.0792,0.0696,0.0821,1.0,0.0,100.0,1.0495,1.9715,1.9715,648.2004,1769859745.6442745,13.21,49,371,0.11,13,0,0,7.19,15.0,0,444,1769859743.33,-1.826,meta-llama/Llama-3.2-1B-Instruct,"1769859743.330, 1769859743.332, 1769859743.488, 1769859743.717, 1769859743.881"
1.0,0,1769859743.0301,2.7457,27,0,27,,,,1.0,,,0.0847,1.8304,1.8304,650.0307,1769859745.8661888,13.17,49,372,0.113,18,0,0,7.19,15.0,0,444,1769859743.33,-1.826,meta-llama/Llama-3.2-1B-Instruct,"1769859743.330, 1769859743.332, 1769859743.488, 1769859743.717, 1769859743.881"
1.0,0,1769859741.9641,2.8142,27,32,59,0.0941,0.0622,0.0629,1.0,0.0,100.0,1.2046,1.9083,1.9083,653.9731,1769859745.9854407,13.14,49,374,0.108,9,0,0,7.19,15.0,0,444,1769859743.33,-1.826,meta-llama/Llama-3.2-1B-Instruct,"1769859743.330, 1769859743.332, 1769859743.488, 1769859743.717, 1769859743.881"
1.0,0,1769859741.8364,2.9254,27,32,59,0.1086,0.0592,0.0593,1.0,0.0,100.0,1.2215,2.034,2.034,653.9731,1769859745.986338,13.1,49,374,0.11,14,0,0,7.19,15.0,0,444,1769859743.33,-1.826,meta-llama/Llama-3.2-1B-Instruct,"1769859743.330, 1769859743.332, 1769859743.488, 1769859743.717, 1769859743.881"
1.0,0,1769859742.0577,2.7924,27,32,59,0.0757,0.0601,0.0673,1.0,0.0,100.0,1.1624,1.8681,1.8681,655.8412,1769859746.0137787,13.07,49,375,0.107,9,1,0,7.19,15.0,0,444,1769859743.33,-1.826,meta-llama/Llama-3.2-1B-Instruct,"1769859743.330, 1769859743.332, 1769859743.488, 1769859743.717, 1769859743.881"
1.0,0,1769859742.1327,2.7764,27,32,59,0.0646,0.0659,0.0679,1.0,0.0,100.0,1.1688,1.8409,1.8409,657.6821,1769859746.0791576,13.03,49,376,0.108,10,0,0,7.19,15.0,0,444,1769859743.33,-1.826,meta-llama/Llama-3.2-1B-Instruct,"1769859743.330, 1769859743.332, 1769859743.488, 1769859743.717, 1769859743.881"
1.0,0,1769859742.1341,2.8419,27,32,59,0.0723,0.0627,0.0655,1.0,0.0,100.0,1.1229,1.9142,1.9142,661.5627,1769859746.1104364,13.0,49,378,0.108,10,0,0,7.19,15.0,0,444,1769859743.33,-1.826,meta-llama/Llama-3.2-1B-Instruct,"1769859743.330, 1769859743.332, 1769859743.488, 1769859743.717, 1769859743.881"
1.0,0,1769859742.1355,2.8972,27,32,59,0.0692,0.0582,0.0697,1.0,0.0,100.0,1.0774,1.9664,1.9664,661.5627,1769859746.1121962,12.96,49,378,0.108,11,0,0,7.19,15.0,0,444,1769859743.33,-1.826,meta-llama/Llama-3.2-1B-Instruct,"1769859743.330, 1769859743.332, 1769859743.488, 1769859743.717, 1769859743.881"
1.0,0,1769859742.2,2.9019,27,32,59,0.0562,0.06,0.0658,1.0,0.0,100.0,1.0409,1.9581,1.9581,663.5208,1769859746.1462061,12.93,49,379,0.109,13,0,0,7.19,15.0,0,444,1769859743.33,-1.826,meta-llama/Llama-3.2-1B-Instruct,"1769859743.330, 1769859743.332, 1769859743.488, 1769859743.717, 1769859743.881"
1.0,0,1769859742.3289,2.8487,27,32,59,0.0696,0.0561,0.0591,1.0,0.0,100.0,1.0116,1.9183,1.9183,665.4391,1769859746.192171,12.89,49,380,0.109,13,0,0,7.19,15.0,0,444,1769859743.33,-1.826,meta-llama/Llama-3.2-1B-Instruct,"1769859743.330, 1769859743.332, 1769859743.488, 1769859743.717, 1769859743.881"
1.0,0,1769859742.3304,2.912,27,32,59,0.0652,0.0653,0.0664,1.0,0.0,100.0,1.0182,1.9772,1.9772,667.4163,1769859746.2614243,12.86,49,381,0.11,13,0,0,7.19,15.0,0,444,1769859743.33,-1.826,meta-llama/Llama-3.2-1B-Instruct,"1769859743.330, 1769859743.332, 1769859743.488, 1769859743.717, 1769859743.881"
1.0,0,1769859742.3319,3.0057,27,32,59,0.0533,0.0668,0.068,1.0,0.0,100.0,1.0075,2.0591,2.0591,669.4753,1769859746.3474996,12.83,49,382,0.11,14,0,0,7.19,15.0,0,444,1769859743.33,-1.826,meta-llama/Llama-3.2-1B-Instruct,"1769859743.330, 1769859743.332, 1769859743.488, 1769859743.717, 1769859743.881"
1.0,0,1769859742.4884,2.9162,27,32,59,0.087,0.0564,0.0737,1.0,0.0,100.0,1.0603,2.0031,2.0031,671.4785,1769859746.469279,12.79,49,383,0.11,15,0,0,7.19,15.0,0,444,1769859743.33,-1.826,meta-llama/Llama-3.2-1B-Instruct,"1769859743.330, 1769859743.332, 1769859743.488, 1769859743.717, 1769859743.881"
1.0,0,1769859742.7167,2.7576,27,32,59,0.0513,0.0629,0.0674,1.0,0.0,100.0,1.0337,1.8089,1.8089,673.2874,1769859746.511392,12.76,49,384,0.111,15,0,0,7.19,15.0,0,444,1769859743.33,-1.826,meta-llama/Llama-3.2-1B-Instruct,"1769859743.330, 1769859743.332, 1769859743.488, 1769859743.717, 1769859743.881"
1.0,0,1769859742.8809,2.6774,27,32,59,0.0816,0.0616,0.0713,1.0,0.0,100.0,1.0714,1.759,1.759,675.0463,1769859746.6331012,12.73,49,385,0.111,16,0,0,7.19,15.0,0,444,1769859743.33,-1.826,meta-llama/Llama-3.2-1B-Instruct,"1769859743.330, 1769859743.332, 1769859743.488, 1769859743.717, 1769859743.881"
1.0,0,1769859742.8824,2.7404,27,32,59,0.0513,0.0624,0.0692,1.0,0.0,100.0,1.0541,1.7916,1.7916,676.838,1769859746.6777725,12.69,49,386,0.111,16,1,0,7.19,15.0,0,444,1769859743.33,-1.826,meta-llama/Llama-3.2-1B-Instruct,"1769859743.330, 1769859743.332, 1769859743.488, 1769859743.717, 1769859743.881"
1.0,0,1769859743.0284,2.6676,27,32,59,0.0733,0.0641,0.067,1.0,0.0,100.0,1.0455,1.7409,1.7409,678.5789,1769859746.742999,12.66,49,387,0.112,17,0,0,7.19,15.0,0,444,1769859743.33,-1.826,meta-llama/Llama-3.2-1B-Instruct,"1769859743.330, 1769859743.332, 1769859743.488, 1769859743.717, 1769859743.881"
1.0,0,1769859743.0318,2.8058,27,32,59,0.0856,0.0686,0.0724,1.0,0.0,100.0,0.9769,1.8914,1.8914,680.4703,1769859746.8290157,12.63,49,388,0.113,18,0,0,7.19,15.0,0,444,1769859743.33,-1.826,meta-llama/Llama-3.2-1B-Instruct,"1769859743.330, 1769859743.332, 1769859743.488, 1769859743.717, 1769859743.881"
1.0,0,1769859743.0333,2.9554,27,32,59,0.0702,0.0581,0.0624,1.0,0.0,100.0,0.9703,2.0256,2.0256,682.4959,1769859746.9613347,12.6,49,389,0.114,19,0,0,7.19,15.0,0,444,1769859743.33,-1.826,meta-llama/Llama-3.2-1B-Instruct,"1769859743.330, 1769859743.332, 1769859743.488, 1769859743.717, 1769859743.881"
1.0,0,1769859743.0346,3.1384,27,32,59,0.0605,0.061,0.062,1.0,0.0,100.0,0.9656,2.1989,2.1989,684.6948,1769859747.140736,12.56,49,390,0.111,13,0,0,7.19,15.0,0,444,1769859743.33,-1.826,meta-llama/Llama-3.2-1B-Instruct,"1769859743.330, 1769859743.332, 1769859743.488, 1769859743.717, 1769859743.881"
1.0,0,1769859743.2892,2.9542,27,32,59,0.0569,0.0622,0.0693,1.0,0.0,100.0,0.933,2.0111,2.0111,686.7059,1769859747.1787395,12.53,49,391,0.11,12,0,0,7.19,15.0,0,444,1769859743.33,-1.826,meta-llama/Llama-3.2-1B-Instruct,"1769859743.330, 1769859743.332, 1769859743.488, 1769859743.717, 1769859743.881"
1.0,0,1769859743.2906,3.0267,27,33,60,0.0836,0.0572,0.0586,1.0,0.0,100.0,0.9711,2.1103,2.1103,690.6139,1769859747.29329,12.5,49,393,0.111,13,0,0,7.19,15.0,0,444,1769859743.33,-1.826,meta-llama/Llama-3.2-1B-Instruct,"1769859743.330, 1769859743.332, 1769859743.488, 1769859743.717, 1769859743.881"
1.0,0,1769859744.4953,2.7081,27,0,27,,,,1.0,,,0.0896,1.7977,1.7977,690.6139,1769859747.293899,12.47,49,393,0.112,15,0,0,7.19,15.0,0,444,1769859743.33,-1.826,meta-llama/Llama-3.2-1B-Instruct,"1769859743.330, 1769859743.332, 1769859743.488, 1769859743.717, 1769859743.881"
1.0,0,1769859743.292,3.0969,27,32,59,0.0767,0.06,0.1028,1.0,0.0,100.0,1.0081,2.1736,2.1736,692.7875,1769859747.4032488,12.44,49,394,0.111,12,0,0,7.19,15.0,0,444,1769859743.33,-1.826,meta-llama/Llama-3.2-1B-Instruct,"1769859743.330, 1769859743.332, 1769859743.488, 1769859743.717, 1769859743.881"
1.0,0,1769859743.2934,3.1555,27,32,59,0.0597,0.0649,0.1208,1.0,0.0,100.0,0.9932,2.2152,2.2152,695.0027,1769859747.4433088,12.41,49,395,0.111,13,0,0,7.19,15.0,0,444,1769859743.33,-1.826,meta-llama/Llama-3.2-1B-Instruct,"1769859743.330, 1769859743.332, 1769859743.488, 1769859743.717, 1769859743.881"
1.0,0,1769859743.3564,3.1551,27,32,59,0.0628,0.0685,0.1139,1.0,0.0,100.0,0.9715,2.2179,2.2179,697.2206,1769859747.4933634,12.37,49,396,0.111,13,0,0,7.19,15.0,0,444,1769859743.33,-1.826,meta-llama/Llama-3.2-1B-Instruct,"1769859743.330, 1769859743.332, 1769859743.488, 1769859743.717, 1769859743.881"
1.0,0,1769859743.4224,3.1401,27,32,59,0.0623,0.0639,0.1171,1.0,0.0,100.0,0.9331,2.2024,2.2024,699.423,1769859747.4974,12.34,49,397,0.111,13,0,0,7.19,15.0,0,444,1769859743.33,-1.826,meta-llama/Llama-3.2-1B-Instruct,"1769859743.330, 1769859743.332, 1769859743.488, 1769859743.717, 1769859743.881"
1.0,0,1769859743.7642,2.8743,27,32,59,0.0908,0.0637,0.1077,1.0,0.0,100.0,0.9743,1.9651,1.9651,701.3881,1769859747.6145196,12.31,49,398,0.111,14,0,0,7.19,15.0,0,444,1769859743.33,-1.826,meta-llama/Llama-3.2-1B-Instruct,"1769859743.330, 1769859743.332, 1769859743.488, 1769859743.717, 1769859743.881"
1.0,0,1769859743.8331,2.8828,27,32,59,0.0638,0.0622,0.1167,1.0,0.0,100.0,0.9852,1.9466,1.9466,703.3347,1769859747.7050734,12.28,49,399,0.111,13,1,0,7.19,15.0,0,444,1769859743.33,-1.826,meta-llama/Llama-3.2-1B-Instruct,"1769859743.330, 1769859743.332, 1769859743.488, 1769859743.717, 1769859743.881"
1.0,0,1769859743.8346,2.9755,27,32,59,0.056,0.0695,0.1063,1.0,0.0,100.0,0.9641,2.0314,2.0314,705.3661,1769859747.7853665,12.25,49,400,0.111,14,0,0,7.19,15.0,0,444,1769859743.33,-1.826,meta-llama/Llama-3.2-1B-Instruct,"1769859743.330, 1769859743.332, 1769859743.488, 1769859743.717, 1769859743.881"
1.0,0,1769859744.172,2.7102,27,32,59,0.0679,0.0715,0.1184,1.0,0.0,100.0,0.9887,1.7781,1.7781,707.1442,1769859747.8903615,12.22,49,401,0.111,14,0,0,7.19,15.0,0,444,1769859743.33,-1.826,meta-llama/Llama-3.2-1B-Instruct,"1769859743.330, 1769859743.332, 1769859743.488, 1769859743.717, 1769859743.881"
1.0,0,1769859744.2234,2.7565,27,32,59,0.0729,0.0652,0.1163,1.0,0.0,100.0,0.9638,1.8294,1.8294,708.9736,1769859747.9461524,12.19,49,402,0.112,14,0,0,7.19,15.0,0,444,1769859743.33,-1.826,meta-llama/Llama-3.2-1B-Instruct,"1769859743.330, 1769859743.332, 1769859743.488, 1769859743.717, 1769859743.881"
1.0,0,1769859744.5649,2.7039,27,32,59,0.0621,0.0608,0.0846,1.0,0.0,100.0,1.0562,1.766,1.766,712.5057,1769859748.3359113,12.16,49,404,0.112,13,0,0,7.19,15.0,0,444,1769859743.33,-1.826,meta-llama/Llama-3.2-1B-Instruct,"1769859743.330, 1769859743.332, 1769859743.488, 1769859743.717, 1769859743.881"
1.0,0,1769859744.5634,2.6478,27,32,59,0.1183,0.0654,0.07,1.0,0.0,100.0,1.1231,1.7661,1.7661,712.5057,1769859748.3365028,12.13,49,404,0.113,14,0,0,7.19,15.0,0,444,1769859743.33,-1.826,meta-llama/Llama-3.2-1B-Instruct,"1769859743.330, 1769859743.332, 1769859743.488, 1769859743.717, 1769859743.881"
1.0,0,1769859744.6289,2.7048,27,32,59,0.069,0.0625,0.0883,1.0,0.0,100.0,1.0645,1.7738,1.7738,716.0871,1769859748.4038777,12.1,49,406,0.112,13,1,0,7.19,15.0,0,444,1769859743.33,-1.826,meta-llama/Llama-3.2-1B-Instruct,"1769859743.330, 1769859743.332, 1769859743.488, 1769859743.717, 1769859743.881"
1.0,0,1769859744.6304,2.7522,27,32,59,0.0554,0.054,0.0828,1.0,0.0,100.0,1.0196,1.8076,1.8076,716.0871,1769859748.4040701,12.07,49,406,0.112,14,0,0,7.19,15.0,0,444,1769859743.33,-1.826,meta-llama/Llama-3.2-1B-Instruct,"1769859743.330, 1769859743.332, 1769859743.488, 1769859743.717, 1769859743.881"
1.0,0,1769859744.6319,2.8365,27,32,59,0.0761,0.0644,0.0739,1.0,0.0,100.0,0.9999,1.9125,1.9125,717.9996,1769859748.4701414,12.04,49,407,0.112,14,0,0,7.19,15.0,0,444,1769859743.33,-1.826,meta-llama/Llama-3.2-1B-Instruct,"1769859743.330, 1769859743.332, 1769859743.488, 1769859743.717, 1769859743.881"
1.0,0,1769859745.875,2.6105,27,0,27,,,,1.0,,,0.0625,1.673,1.673,719.6726,1769859748.5488307,12.01,49,408,0.114,14,0,0,7.19,15.0,0,444,1769859743.33,-1.826,meta-llama/Llama-3.2-1B-Instruct,"1769859743.330, 1769859743.332, 1769859743.488, 1769859743.717, 1769859743.881"
1.0,0,1769859745.5119,2.9264,27,1,28,0.1067,,,1.0,,,0.1656,2.0331,2.0331,723.6804,1769859748.6084788,11.98,49,410,0.114,16,1,0,7.19,15.0,0,444,1769859743.33,-1.826,meta-llama/Llama-3.2-1B-Instruct,"1769859743.330, 1769859743.332, 1769859743.488, 1769859743.717, 1769859743.881"
1.0,0,1769859744.6335,2.9139,27,32,59,0.0609,0.0725,0.0759,1.0,0.0,100.0,1.0579,1.9748,1.9748,723.6804,1769859748.6100042,11.95,49,410,0.112,13,0,0,7.19,15.0,0,444,1769859743.33,-1.826,meta-llama/Llama-3.2-1B-Instruct,"1769859743.330, 1769859743.332, 1769859743.488, 1769859743.717, 1769859743.881"
1.0,0,1769859744.635,2.9816,27,32,59,0.0765,0.083,0.087,1.0,0.0,100.0,1.0583,2.0582,2.0582,725.7386,1769859748.6778693,11.92,49,411,0.112,13,0,0,7.19,15.0,0,444,1769859743.33,-1.826,meta-llama/Llama-3.2-1B-Instruct,"1769859743.330, 1769859743.332, 1769859743.488, 1769859743.717, 1769859743.881"
1.0,0,1769859744.6364,3.038,27,32,59,0.0666,0.0742,0.0882,1.0,0.0,100.0,1.0807,2.1046,2.1046,727.8432,1769859748.7642193,11.89,49,412,0.112,13,0,0,7.19,15.0,0,444,1769859743.33,-1.826,meta-llama/Llama-3.2-1B-Instruct,"1769859743.330, 1769859743.332, 1769859743.488, 1769859743.717, 1769859743.881"
1.0,0,1769859744.8796,2.8817,27,32,59,0.063,0.0723,0.0876,1.0,0.0,100.0,1.0236,1.9447,1.9447,729.788,1769859748.791923,11.86,49,413,0.112,14,0,0,7.19,15.0,0,444,1769859743.33,-1.826,meta-llama/Llama-3.2-1B-Instruct,"1769859743.330, 1769859743.332, 1769859743.488, 1769859743.717, 1769859743.881"
1.0,0,1769859744.8811,2.9767,27,32,59,0.0854,0.072,0.085,1.0,0.0,100.0,1.1102,2.0622,2.0622,731.8501,1769859748.97356,11.84,49,414,0.112,13,0,0,7.19,15.0,0,444,1769859743.33,-1.826,meta-llama/Llama-3.2-1B-Instruct,"1769859743.330, 1769859743.332, 1769859743.488, 1769859743.717, 1769859743.881"
1.0,0,1769859744.8826,3.049,27,32,59,0.0832,0.0748,0.0814,1.0,0.0,100.0,1.0784,2.1323,2.1323,733.9824,1769859749.0136352,11.81,49,415,0.112,13,1,0,7.19,15.0,0,444,1769859743.33,-1.826,meta-llama/Llama-3.2-1B-Instruct,"1769859743.330, 1769859743.332, 1769859743.488, 1769859743.717, 1769859743.881"
1.0,0,1769859745.0679,2.9298,27,32,59,0.0685,0.0813,0.0841,1.0,0.0,100.0,1.0601,1.9983,1.9983,735.9808,1769859749.0585735,11.78,49,416,0.112,13,0,0,7.19,15.0,0,444,1769859743.33,-1.826,meta-llama/Llama-3.2-1B-Instruct,"1769859743.330, 1769859743.332, 1769859743.488, 1769859743.717, 1769859743.881"
1.0,0,1769859745.212,2.8406,27,32,59,0.0584,0.0735,0.092,1.0,0.0,100.0,1.034,1.899,1.899,737.8798,1769859749.0958178,11.75,49,417,0.113,14,0,0,7.19,15.0,0,444,1769859743.33,-1.826,meta-llama/Llama-3.2-1B-Instruct,"1769859743.330, 1769859743.332, 1769859743.488, 1769859743.717, 1769859743.881"
1.0,0,1769859745.3115,2.8232,27,32,59,0.0793,0.0829,0.088,1.0,0.0,100.0,1.0431,1.9025,1.9025,739.7823,1769859749.1785288,11.72,49,418,0.114,16,0,0,7.19,15.0,0,444,1769859743.33,-1.826,meta-llama/Llama-3.2-1B-Instruct,"1769859743.330, 1769859743.332, 1769859743.488, 1769859743.717, 1769859743.881"
1.0,0,1769859745.3755,2.851,27,32,59,0.0889,0.0629,0.087,1.0,0.0,100.0,1.0267,1.9399,1.9399,741.7222,1769859749.2542276,11.69,49,419,0.115,17,0,0,7.19,15.0,0,444,1769859743.33,-1.826,meta-llama/Llama-3.2-1B-Instruct,"1769859743.330, 1769859743.332, 1769859743.488, 1769859743.717, 1769859743.881"
1.0,0,1769859745.3773,2.9245,27,32,59,0.0849,0.059,0.0774,1.0,0.0,100.0,1.0249,2.0094,2.0094,743.7315,1769859749.341987,11.67,49,420,0.115,18,0,0,7.19,15.0,0,444,1769859743.33,-1.826,meta-llama/Llama-3.2-1B-Instruct,"1769859743.330, 1769859743.332, 1769859743.488, 1769859743.717, 1769859743.881"
1.0,0,1769859745.9278,2.6118,27,33,60,0.0564,0.0719,0.077,1.0,0.0,100.0,0.9626,1.6682,1.6682,745.3997,1769859749.5141823,11.64,49,421,0.114,15,1,0,7.19,15.0,0,444,1769859743.33,-1.826,meta-llama/Llama-3.2-1B-Instruct,"1769859743.330, 1769859743.332, 1769859743.488, 1769859743.717, 1769859743.881"
1.0,0,1769859745.9293,2.6531,27,32,59,0.0882,0.056,0.0627,1.0,0.0,100.0,0.9716,1.7413,1.7413,747.141,1769859749.5592186,11.61,49,422,0.114,15,0,0,7.19,15.0,0,444,1769859743.33,-1.826,meta-llama/Llama-3.2-1B-Instruct,"1769859743.330, 1769859743.332, 1769859743.488, 1769859743.717, 1769859743.881"
1.0,0,1769859745.9309,2.7269,27,32,59,0.0603,0.0624,0.0857,1.0,0.0,100.0,0.9263,1.7873,1.7873,748.9283,1769859749.5935094,11.58,49,423,0.113,14,0,0,7.19,15.0,0,444,1769859743.33,-1.826,meta-llama/Llama-3.2-1B-Instruct,"1769859743.330, 1769859743.332, 1769859743.488, 1769859743.717, 1769859743.881"
1.0,0,1769859746.2888,2.483,27,27,54,0.0681,0.061,0.0648,1.0,0.0,100.0,0.8235,1.5511,1.5511,750.4795,1769859749.5961838,11.56,49,424,0.114,15,0,0,7.19,15.0,0,444,1769859743.33,-1.826,meta-llama/Llama-3.2-1B-Instruct,"1769859743.330, 1769859743.332, 1769859743.488, 1769859743.717, 1769859743.881"
1.0,0,1769859746.2903,2.5519,27,32,59,0.0926,0.0542,0.0686,1.0,0.0,100.0,0.8749,1.6444,1.6444,752.1239,1769859749.7201245,11.53,49,425,0.113,13,0,0,7.19,15.0,0,444,1769859743.33,-1.826,meta-llama/Llama-3.2-1B-Instruct,"1769859743.330, 1769859743.332, 1769859743.488, 1769859743.717, 1769859743.881"
1.0,0,1769859746.3663,2.5516,27,31,58,0.0476,0.0679,0.0772,1.0,0.0,100.0,0.8422,1.5992,1.5992,753.7231,1769859749.7615943,11.5,49,426,0.114,14,0,0,7.19,15.0,0,444,1769859743.33,-1.826,meta-llama/Llama-3.2-1B-Instruct,"1769859743.330, 1769859743.332, 1769859743.488, 1769859743.717, 1769859743.881"
1.0,0,1769859746.4818,2.5043,27,32,59,0.065,0.0622,0.0638,1.0,0.0,100.0,0.8976,1.5694,1.5694,755.2925,1769859749.8869061,11.48,49,427,0.114,15,0,0,7.19,15.0,0,444,1769859743.33,-1.826,meta-llama/Llama-3.2-1B-Instruct,"1769859743.330, 1769859743.332, 1769859743.488, 1769859743.717, 1769859743.881"
1.0,0,1769859746.4832,2.5887,27,32,59,0.0623,0.064,0.0693,1.0,0.0,100.0,0.8997,1.651,1.651,756.9435,1769859749.9776187,11.45,49,428,0.114,14,0,0,7.19,15.0,0,444,1769859743.33,-1.826,meta-llama/Llama-3.2-1B-Instruct,"1769859743.330, 1769859743.332, 1769859743.488, 1769859743.717, 1769859743.881"
1.0,0,1769859746.4846,2.6647,27,32,59,0.0865,0.0603,0.0606,1.0,0.0,100.0,0.922,1.7512,1.7512,758.6947,1769859750.0848494,11.42,49,429,0.114,14,0,0,7.19,15.0,0,444,1769859743.33,-1.826,meta-llama/Llama-3.2-1B-Instruct,"1769859743.330, 1769859743.332, 1769859743.488, 1769859743.717, 1769859743.881"
1.0,0,1769859746.5475,2.67,27,32,59,0.0682,0.0612,0.0791,1.0,0.0,100.0,0.8678,1.7382,1.7382,760.4328,1769859750.0862007,11.4,49,430,0.113,13,0,0,7.19,15.0,0,444,1769859743.33,-1.826,meta-llama/Llama-3.2-1B-Instruct,"1769859743.330, 1769859743.332, 1769859743.488, 1769859743.717, 1769859743.881"
1.0,0,1769859747.1256,2.2486,27,32,59,0.0829,0.0563,0.0669,1.0,0.0,100.0,0.8619,1.3315,1.3315,763.3042,1769859750.2444932,11.37,49,432,0.114,13,1,0,7.19,15.0,0,502,1769859749.519,-0.676,meta-llama/Llama-3.2-1B-Instruct,"1769859749.519, 1769859749.557, 1769859749.558, 1769859749.633, 1769859749.634"
1.0,0,1769859746.8532,2.4559,27,32,59,0.084,0.0594,0.0675,1.0,0.0,100.0,0.928,1.5399,1.5399,763.3042,1769859750.2522285,11.34,49,432,0.113,13,0,0,7.19,15.0,0,502,1769859749.519,-0.676,meta-llama/Llama-3.2-1B-Instruct,"1769859749.519, 1769859749.557, 1769859749.558, 1769859749.633, 1769859749.634"
1.0,0,1769859747.517,1.9797,27,32,59,0.0632,0.0591,0.0697,1.0,0.0,100.0,0.8771,1.0428,1.0428,764.3471,1769859750.378443,11.32,49,433,0.115,15,0,0,7.19,15.0,0,502,1769859749.519,-0.676,meta-llama/Llama-3.2-1B-Instruct,"1769859749.519, 1769859749.557, 1769859749.558, 1769859749.633, 1769859749.634"
1.0,0,1769859747.9774,1.8223,27,32,59,0.0692,0.0651,0.2382,1.0,0.0,100.0,0.8295,0.8915,0.8915,765.2385,1769859750.6487381,11.29,49,434,0.114,12,0,0,7.19,15.0,0,502,1769859749.519,-0.676,meta-llama/Llama-3.2-1B-Instruct,"1769859749.519, 1769859749.557, 1769859749.558, 1769859749.633, 1769859749.634"
1.0,0,1769859747.8094,1.8681,27,33,60,0.0807,0.0694,0.239,1.0,0.0,100.0,0.9735,0.9488,0.9488,766.1873,1769859750.6614919,11.26,49,435,0.114,12,0,0,7.19,15.0,0,502,1769859749.519,-0.676,meta-llama/Llama-3.2-1B-Instruct,"1769859749.519, 1769859749.557, 1769859749.558, 1769859749.633, 1769859749.634"
1.0,0,1769859748.1969,1.8526,27,20,47,0.1027,0.2419,0.2419,1.0,0.0,100.0,0.6388,0.9553,0.9553,767.9832,1769859750.697431,11.21,49,437,0.115,14,0,0,7.19,15.0,0,502,1769859749.519,-0.676,meta-llama/Llama-3.2-1B-Instruct,"1769859749.519, 1769859749.557, 1769859749.558, 1769859749.633, 1769859749.634"
1.0,0,1769859747.9757,1.7676,27,32,59,0.073,0.0619,0.2406,1.0,0.0,100.0,0.9313,0.8405,0.8405,769.9574,1769859750.7206576,11.24,49,439,0.113,11,0,0,7.19,15.0,0,502,1769859749.519,-0.676,meta-llama/Llama-3.2-1B-Instruct,"1769859749.519, 1769859749.557, 1769859749.558, 1769859749.633, 1769859749.634"
1.0,0,1769859747.7249,1.9475,27,32,59,0.0828,0.0681,0.2409,1.0,0.0,100.0,1.0276,1.0303,1.0303,769.9574,1769859750.7266366,11.19,49,439,0.115,14,0,0,7.19,15.0,0,502,1769859749.519,-0.676,meta-llama/Llama-3.2-1B-Instruct,"1769859749.519, 1769859749.557, 1769859749.558, 1769859749.633, 1769859749.634"
1.0,0,1769859747.9791,1.8797,27,32,59,0.0642,0.074,0.327,1.0,0.0,100.0,0.8616,0.9439,0.9439,769.9574,1769859750.7287865,11.16,49,439,0.114,14,0,0,7.19,15.0,0,502,1769859749.519,-0.676,meta-llama/Llama-3.2-1B-Instruct,"1769859749.519, 1769859749.557, 1769859749.558, 1769859749.633, 1769859749.634"
1.0,0,1769859748.0279,1.9201,27,32,59,0.0579,0.0679,0.2311,1.0,0.0,100.0,0.7961,0.9779,0.9779,770.9354,1769859750.7466276,11.14,49,440,0.115,14,0,0,7.19,15.0,0,502,1769859749.519,-0.676,meta-llama/Llama-3.2-1B-Instruct,"1769859749.519, 1769859749.557, 1769859749.558, 1769859749.633, 1769859749.634"
1.0,0,1769859748.4554,1.6895,27,32,59,0.0893,0.0573,0.2468,1.0,0.0,100.0,0.7144,0.7788,0.7788,771.7142,1769859750.86041,11.11,49,441,0.114,12,0,0,7.19,15.0,0,502,1769859749.519,-0.676,meta-llama/Llama-3.2-1B-Instruct,"1769859749.519, 1769859749.557, 1769859749.558, 1769859749.633, 1769859749.634"
1.0,0,1769859748.508,1.7106,27,32,59,0.0845,0.0531,0.2346,1.0,0.0,100.0,0.6853,0.7951,0.7951,772.5093,1769859750.9076035,11.09,49,442,0.114,13,0,0,7.19,15.0,0,502,1769859749.519,-0.676,meta-llama/Llama-3.2-1B-Instruct,"1769859749.519, 1769859749.557, 1769859749.558, 1769859749.633, 1769859749.634"
1.0,0,1769859748.5568,1.7965,27,32,59,0.2618,0.0571,0.1039,1.0,0.0,100.0,0.7106,1.0583,1.0583,774.4489,1769859751.0687444,11.06,49,444,0.115,13,1,0,7.19,15.0,0,502,1769859749.519,-0.676,meta-llama/Llama-3.2-1B-Instruct,"1769859749.519, 1769859749.557, 1769859749.558, 1769859749.633, 1769859749.634"
1.0,0,1769859748.5191,1.7696,27,32,59,0.1117,0.1076,0.2223,1.0,0.0,100.0,0.779,0.8813,0.8813,774.4489,1769859751.0704439,11.04,49,444,0.114,12,0,0,7.19,15.0,0,502,1769859749.519,-0.676,meta-llama/Llama-3.2-1B-Instruct,"1769859749.519, 1769859749.557, 1769859749.558, 1769859749.633, 1769859749.634"
1.0,0,1769859748.5583,1.8553,27,32,59,0.2674,0.0648,0.1068,1.0,0.0,100.0,1.0297,1.1227,1.1227,775.5716,1769859751.4446936,11.01,49,445,0.115,14,0,0,7.19,15.0,0,502,1769859749.519,-0.676,meta-llama/Llama-3.2-1B-Instruct,"1769859749.519, 1769859749.557, 1769859749.558, 1769859749.633, 1769859749.634"
1.0,0,1769859748.6342,2.2641,27,16,43,0.0932,0.0707,0.0707,1.0,0.0,100.0,0.6383,1.3573,1.3573,776.9289,1769859751.540353,10.99,49,446,0.113,8,0,0,7.19,15.0,0,502,1769859749.519,-0.676,meta-llama/Llama-3.2-1B-Instruct,"1769859749.519, 1769859749.557, 1769859749.558, 1769859749.633, 1769859749.634"
1.0,0,1769859748.9555,2.566,27,8,35,0.0945,0.0722,0.0722,1.0,0.0,100.0,0.4033,1.6605,1.6605,779.9651,1769859751.9290826,10.96,49,448,0.115,13,0,0,7.19,15.0,0,502,1769859749.519,-0.676,meta-llama/Llama-3.2-1B-Instruct,"1769859749.519, 1769859749.557, 1769859749.558, 1769859749.633, 1769859749.634"
1.0,0,1769859748.8047,2.3026,27,22,49,0.073,0.0604,0.0622,1.0,0.0,100.0,0.8197,1.3756,1.3756,779.9651,1769859751.9293716,10.94,49,448,0.112,8,0,0,7.19,15.0,0,502,1769859749.519,-0.676,meta-llama/Llama-3.2-1B-Instruct,"1769859749.519, 1769859749.557, 1769859749.558, 1769859749.633, 1769859749.634"
1.0,0,1769859748.6355,2.2852,27,31,58,0.0869,0.0596,0.0619,1.0,0.0,100.0,1.1639,1.3721,1.3721,781.3372,1769859752.091874,10.91,49,449,0.112,6,2,0,7.19,15.0,0,502,1769859749.519,-0.676,meta-llama/Llama-3.2-1B-Instruct,"1769859749.519, 1769859749.557, 1769859749.558, 1769859749.633, 1769859749.634"
1.0,0,1769859748.6369,2.3424,27,32,59,0.0832,0.0623,0.0675,1.0,0.0,100.0,1.1129,1.4256,1.4256,784.1228,1769859752.100846,10.89,49,451,0.113,8,1,0,7.19,15.0,0,502,1769859749.519,-0.676,meta-llama/Llama-3.2-1B-Instruct,"1769859749.519, 1769859749.557, 1769859749.558, 1769859749.633, 1769859749.634"
1.0,0,1769859748.6327,2.2583,27,32,59,0.1017,0.0653,0.0769,1.0,0.0,100.0,1.2096,1.36,1.36,784.1228,1769859752.1095846,10.86,49,451,0.113,8,0,0,7.19,15.0,0,502,1769859749.519,-0.676,meta-llama/Llama-3.2-1B-Instruct,"1769859749.519, 1769859749.557, 1769859749.558, 1769859749.633, 1769859749.634"
1.0,0,1769859748.6383,2.4142,27,32,59,0.065,0.0676,0.0727,1.0,0.0,100.0,1.0807,1.4792,1.4792,785.602,1769859752.1431012,10.84,49,452,0.112,8,0,0,7.19,15.0,0,502,1769859749.519,-0.676,meta-llama/Llama-3.2-1B-Instruct,"1769859749.519, 1769859749.557, 1769859749.558, 1769859749.633, 1769859749.634"
1.0,0,1769859748.8062,2.367,27,32,59,0.0857,0.0551,0.0617,1.0,0.0,100.0,1.0934,1.4527,1.4527,787.0547,1769859752.2704098,10.82,49,453,0.114,10,0,0,7.19,15.0,0,502,1769859749.519,-0.676,meta-llama/Llama-3.2-1B-Instruct,"1769859749.519, 1769859749.557, 1769859749.558, 1769859749.633, 1769859749.634"
1.0,0,1769859748.8077,2.4354,27,32,59,0.0506,0.0636,0.0649,1.0,0.0,100.0,1.0794,1.486,1.486,788.5407,1769859752.3239858,10.79,49,454,0.114,10,0,0,7.19,15.0,0,502,1769859749.519,-0.676,meta-llama/Llama-3.2-1B-Instruct,"1769859749.519, 1769859749.557, 1769859749.558, 1769859749.633, 1769859749.634"
1.0,0,1769859748.8092,2.5038,27,32,59,0.0529,0.0631,0.0642,1.0,0.0,100.0,1.0681,1.5566,1.5566,790.0973,1769859752.396895,10.77,49,455,0.115,12,0,0,7.19,15.0,0,502,1769859749.519,-0.676,meta-llama/Llama-3.2-1B-Instruct,"1769859749.519, 1769859749.557, 1769859749.558, 1769859749.633, 1769859749.634"
1.0,0,1769859748.8107,2.5979,27,32,59,0.0837,0.0608,0.075,1.0,0.0,100.0,1.102,1.6816,1.6816,791.7789,1769859752.5152674,10.75,49,456,0.115,13,0,0,7.19,15.0,0,502,1769859749.519,-0.676,meta-llama/Llama-3.2-1B-Instruct,"1769859749.519, 1769859749.557, 1769859749.558, 1769859749.633, 1769859749.634"
1.0,0,1769859748.8909,2.5795,27,33,60,0.0641,0.0608,0.0639,1.0,0.0,100.0,1.0777,1.6436,1.6436,793.4226,1769859752.5493271,10.72,49,457,0.115,12,0,0,7.19,15.0,0,502,1769859749.519,-0.676,meta-llama/Llama-3.2-1B-Instruct,"1769859749.519, 1769859749.557, 1769859749.558, 1769859749.633, 1769859749.634"
1.0,0,1769859748.957,2.6415,27,32,59,0.0663,0.0682,0.0758,1.0,0.0,100.0,1.0115,1.7078,1.7078,795.1304,1769859752.610971,10.7,49,458,0.115,13,0,0,7.19,15.0,0,502,1769859749.519,-0.676,meta-llama/Llama-3.2-1B-Instruct,"1769859749.519, 1769859749.557, 1769859749.558, 1769859749.633, 1769859749.634"
1.0,0,1769859748.9584,2.6934,27,32,59,0.0807,0.0684,0.0686,1.0,0.0,100.0,1.024,1.7741,1.7741,796.9045,1769859752.6780248,10.68,49,459,0.116,14,0,0,7.19,15.0,0,502,1769859749.519,-0.676,meta-llama/Llama-3.2-1B-Instruct,"1769859749.519, 1769859749.557, 1769859749.558, 1769859749.633, 1769859749.634"
1.0,0,1769859748.9643,2.7522,27,31,58,0.0568,0.0667,0.0669,1.0,0.0,100.0,0.9975,1.809,1.809,798.7134,1769859752.7212374,10.65,49,460,0.117,15,1,0,7.19,15.0,0,502,1769859749.519,-0.676,meta-llama/Llama-3.2-1B-Instruct,"1769859749.519, 1769859749.557, 1769859749.558, 1769859749.633, 1769859749.634"
1.0,0,1769859749.0342,2.7708,27,32,59,0.0939,0.0579,0.0582,1.0,0.0,100.0,0.9625,1.8647,1.8647,800.5781,1769859752.7770305,10.63,49,461,0.118,17,0,0,7.19,15.0,0,502,1769859749.519,-0.676,meta-llama/Llama-3.2-1B-Instruct,"1769859749.519, 1769859749.557, 1769859749.558, 1769859749.633, 1769859749.634"
1.0,0,1769859749.1212,2.7556,27,32,59,0.1006,0.0633,0.0654,1.0,0.0,100.0,1.014,1.8562,1.8562,802.4344,1769859752.8970892,10.61,49,462,0.118,17,0,0,7.19,15.0,0,502,1769859749.519,-0.676,meta-llama/Llama-3.2-1B-Instruct,"1769859749.519, 1769859749.557, 1769859749.558, 1769859749.633, 1769859749.634"
1.0,0,1769859749.1227,2.9885,27,32,59,0.1044,0.066,0.068,1.0,0.0,100.0,1.0112,2.093,2.093,808.7248,1769859753.1289194,10.58,49,465,0.118,16,0,0,7.19,15.0,0,502,1769859749.519,-0.676,meta-llama/Llama-3.2-1B-Instruct,"1769859749.519, 1769859749.557, 1769859749.558, 1769859749.633, 1769859749.634"
1.0,0,1769859749.124,2.9913,27,32,59,0.0995,0.0605,0.0641,1.0,0.0,100.0,1.013,2.0908,2.0908,808.7248,1769859753.1309304,10.54,49,465,0.118,15,0,0,7.19,15.0,0,502,1769859749.519,-0.676,meta-llama/Llama-3.2-1B-Instruct,"1769859749.519, 1769859749.557, 1769859749.558, 1769859749.633, 1769859749.634"
1.0,0,1769859749.1968,3.1085,27,32,59,0.0819,0.0577,0.0637,1.0,0.0,100.0,0.9198,2.1903,2.1903,813.0342,1769859753.2339323,10.52,49,467,0.117,15,1,0,7.19,15.0,0,502,1769859749.519,-0.676,meta-llama/Llama-3.2-1B-Instruct,"1769859749.519, 1769859749.557, 1769859749.558, 1769859749.633, 1769859749.634"
1.0,0,1769859749.195,3.0398,27,32,59,0.0793,0.0654,0.0695,1.0,0.0,100.0,0.9955,2.1191,2.1191,813.0342,1769859753.234735,10.49,49,467,0.118,16,0,0,7.19,15.0,0,502,1769859749.519,-0.676,meta-llama/Llama-3.2-1B-Instruct,"1769859749.519, 1769859749.557, 1769859749.558, 1769859749.633, 1769859749.634"
1.0,0,1769859749.6138,2.7508,27,32,59,0.0617,0.0589,0.0686,1.0,0.0,100.0,0.9308,1.8124,1.8124,814.8467,1769859753.2977242,10.47,49,468,0.117,16,0,0,7.19,15.0,0,502,1769859749.519,-0.676,meta-llama/Llama-3.2-1B-Instruct,"1769859749.519, 1769859749.557, 1769859749.558, 1769859749.633, 1769859749.634"
1.0,0,1769859749.992,2.4725,27,32,59,0.0796,0.0607,0.0671,1.0,0.0,100.0,0.9197,1.5521,1.5521,816.3988,1769859753.3949263,10.45,49,469,0.118,16,0,0,7.19,15.0,0,502,1769859749.519,-0.676,meta-llama/Llama-3.2-1B-Instruct,"1769859749.519, 1769859749.557, 1769859749.558, 1769859749.633, 1769859749.634"
1.0,0,1769859749.9935,2.5804,27,32,59,0.099,0.065,0.1239,1.0,0.0,100.0,1.0462,1.6793,1.6793,818.0781,1769859753.6234643,10.43,49,470,0.118,15,0,0,7.19,15.0,0,502,1769859749.519,-0.676,meta-llama/Llama-3.2-1B-Instruct,"1769859749.519, 1769859749.557, 1769859749.558, 1769859749.633, 1769859749.634"
1.0,0,1769859749.995,2.6533,27,32,59,0.0678,0.0667,0.1372,1.0,0.0,100.0,1.0793,1.7211,1.7211,819.7992,1769859753.7340703,10.4,49,471,0.117,14,0,0,7.19,15.0,0,502,1769859749.519,-0.676,meta-llama/Llama-3.2-1B-Instruct,"1769859749.519, 1769859749.557, 1769859749.558, 1769859749.633, 1769859749.634"
1.0,0,1769859750.1168,2.6254,27,33,60,0.0869,0.0706,0.1219,1.0,0.0,100.0,1.1511,1.7123,1.7123,821.5116,1769859753.9013038,10.38,49,472,0.117,14,0,0,7.19,15.0,0,502,1769859749.519,-0.676,meta-llama/Llama-3.2-1B-Instruct,"1769859749.519, 1769859749.557, 1769859749.558, 1769859749.633, 1769859749.634"
1.0,0,1769859750.1185,2.6963,27,32,59,0.0787,0.0729,0.1264,1.0,0.0,100.0,1.1518,1.7751,1.7751,823.2866,1769859753.968279,10.36,49,473,0.117,13,1,0,7.19,15.0,0,502,1769859749.519,-0.676,meta-llama/Llama-3.2-1B-Instruct,"1769859749.519, 1769859749.557, 1769859749.558, 1769859749.633, 1769859749.634"
1.0,0,1769859751.2241,2.1256,27,13,40,0.1509,0.0692,0.0692,1.0,0.0,100.0,0.7122,1.2765,1.2765,824.5631,1769859754.0667126,10.34,49,474,0.117,13,0,0,7.19,15.0,0,502,1769859749.519,-0.676,meta-llama/Llama-3.2-1B-Instruct,"1769859749.519, 1769859749.557, 1769859749.558, 1769859749.633, 1769859749.634"
1.0,0,1769859750.7458,2.2517,27,32,59,0.0598,0.0681,0.1203,1.0,0.0,100.0,1.2069,1.3115,1.3115,827.75,1769859754.2056375,10.32,49,476,0.118,14,1,0,7.19,15.0,0,502,1769859749.519,-0.676,meta-llama/Llama-3.2-1B-Instruct,"1769859749.519, 1769859749.557, 1769859749.558, 1769859749.633, 1769859749.634"
1.0,0,1769859750.1827,2.7633,27,32,59,0.1121,0.0693,0.1334,1.0,0.0,100.0,1.2592,1.8754,1.8754,827.75,1769859754.2068121,10.29,49,476,0.118,14,0,0,7.19,15.0,0,502,1769859749.519,-0.676,meta-llama/Llama-3.2-1B-Instruct,"1769859749.519, 1769859749.557, 1769859749.558, 1769859749.633, 1769859749.634"
1.0,0,1769859751.2197,1.8298,27,32,59,0.0742,0.072,0.1314,1.0,0.0,100.0,1.2326,0.904,0.904,828.654,1769859754.2876842,10.27,49,477,0.119,15,1,0,7.19,15.0,0,502,1769859749.519,-0.676,meta-llama/Llama-3.2-1B-Instruct,"1769859749.519, 1769859749.557, 1769859749.558, 1769859749.633, 1769859749.634"
1.0,0,1769859751.2212,1.9097,27,32,59,0.0933,0.0766,0.1313,1.0,0.0,100.0,1.2347,1.003,1.003,829.657,1769859754.3681998,10.25,49,478,0.117,14,0,0,7.19,15.0,0,502,1769859749.519,-0.676,meta-llama/Llama-3.2-1B-Instruct,"1769859749.519, 1769859749.557, 1769859749.558, 1769859749.633, 1769859749.634"
1.0,0,1769859752.2043,1.9601,27,6,33,0.0918,0.0454,0.0454,1.0,0.0,100.0,0.2338,1.0519,1.0519,831.7673,1769859754.4009948,10.23,49,480,0.121,18,1,0,7.19,15.0,0,502,1769859749.519,-0.676,meta-llama/Llama-3.2-1B-Instruct,"1769859749.519, 1769859749.557, 1769859749.558, 1769859749.633, 1769859749.634"
1.0,0,1769859751.2227,1.98,27,32,59,0.0784,0.0701,0.1273,1.0,0.0,100.0,1.1973,1.0585,1.0585,831.7673,1769859754.4015534,10.21,49,480,0.118,14,1,0,7.19,15.0,0,502,1769859749.519,-0.676,meta-llama/Llama-3.2-1B-Instruct,"1769859749.519, 1769859749.557, 1769859749.558, 1769859749.633, 1769859749.634"
1.0,0,1769859751.227,2.1994,27,32,59,0.12,0.0622,0.0668,1.0,0.0,100.0,1.2135,1.3195,1.3195,836.9876,1769859754.6540859,10.19,49,484,0.118,12,0,0,7.19,15.0,0,502,1769859749.519,-0.676,meta-llama/Llama-3.2-1B-Instruct,"1769859749.519, 1769859749.557, 1769859749.558, 1769859749.633, 1769859749.634"
1.0,0,1769859751.2285,2.2581,27,32,59,0.0612,0.0648,0.0722,1.0,0.0,100.0,1.1551,1.3193,1.3193,838.382,1769859754.6646776,10.17,49,485,0.118,14,1,0,7.19,15.0,0,502,1769859749.519,-0.676,meta-llama/Llama-3.2-1B-Instruct,"1769859749.519, 1769859749.557, 1769859749.558, 1769859749.633, 1769859749.634"
1.0,0,1769859751.2788,2.3215,27,32,59,0.0729,0.0688,0.071,1.0,0.0,100.0,1.0631,1.3944,1.3944,838.382,1769859754.665625,10.1,49,485,0.119,16,0,0,7.19,15.0,0,502,1769859749.519,-0.676,meta-llama/Llama-3.2-1B-Instruct,"1769859749.519, 1769859749.557, 1769859749.558, 1769859749.633, 1769859749.634"
1.0,0,1769859751.4952,2.1733,27,32,59,0.0634,0.0581,0.0676,1.0,0.0,100.0,1.0235,1.2366,1.2366,839.6186,1769859754.6937737,10.08,49,486,0.119,17,0,0,7.19,15.0,0,502,1769859749.519,-0.676,meta-llama/Llama-3.2-1B-Instruct,"1769859749.519, 1769859749.557, 1769859749.558, 1769859749.633, 1769859749.634"
1.0,0,1769859751.5698,2.1437,27,32,59,0.0723,0.0641,0.133,1.0,0.0,100.0,1.1063,1.216,1.216,840.8347,1769859754.8203392,10.06,49,487,0.119,17,0,0,7.19,15.0,0,502,1769859749.519,-0.676,meta-llama/Llama-3.2-1B-Instruct,"1769859749.519, 1769859749.557, 1769859749.558, 1769859749.633, 1769859749.634"
1.0,0,1769859751.6275,2.1523,27,32,59,0.058,0.0712,0.1278,1.0,0.0,100.0,1.1207,1.2103,1.2103,842.0449,1769859754.9024184,10.04,49,488,0.119,17,0,0,7.19,15.0,0,502,1769859749.519,-0.676,meta-llama/Llama-3.2-1B-Instruct,"1769859749.519, 1769859749.557, 1769859749.558, 1769859749.633, 1769859749.634"
1.0,0,1769859751.6894,2.1893,27,32,59,0.0831,0.0804,0.1288,1.0,0.0,100.0,1.1591,1.2723,1.2723,843.3173,1769859755.0399327,10.02,49,489,0.12,19,0,0,7.19,15.0,0,502,1769859749.519,-0.676,meta-llama/Llama-3.2-1B-Instruct,"1769859749.519, 1769859749.557, 1769859749.558, 1769859749.633, 1769859749.634"
1.0,0,1769859751.944,2.1645,27,32,59,0.0626,0.0794,0.1247,1.0,0.0,100.0,1.2066,1.2271,1.2271,845.8664,1769859755.3178308,9.98,49,491,0.12,17,1,0,7.19,15.0,0,559,1769859753.969,-1.263,meta-llama/Llama-3.2-1B-Instruct,"1769859753.969, 1769859754.014, 1769859754.100, 1769859754.101, 1769859754.103"
1.0,0,1769859751.8485,2.1974,27,32,59,0.1245,0.0815,0.1247,1.0,0.0,100.0,1.2662,1.322,1.322,845.8664,1769859755.3180265,10.0,49,491,0.121,18,0,0,7.19,15.0,0,559,1769859753.969,-1.263,meta-llama/Llama-3.2-1B-Instruct,"1769859753.969, 1769859754.014, 1769859754.100, 1769859754.101, 1769859754.103"
200.0,1,1769859705.4158,18.8795,2934,999,3933,0.3688,0.0655,0.1103,200.0,0.0,100.0,31.1245,-149.996,0.0,845.8664,1769859755.4338555,10.16,50,492,0.005,11,0,0,7.19,15.0,0,559,1769859753.969,-1.263,meta-llama/Llama-3.2-1B-Instruct,"1769859753.969, 1769859754.014, 1769859754.100, 1769859754.101, 1769859754.103"
1.0,0,1769859752.206,2.1546,27,32,59,0.1047,0.0913,0.1193,1.0,0.0,100.0,1.2318,1.2593,1.2593,848.3097,1769859755.6067793,10.14,50,494,0.12,17,0,0,7.19,15.0,0,559,1769859753.969,-1.263,meta-llama/Llama-3.2-1B-Instruct,"1769859753.969, 1769859754.014, 1769859754.100, 1769859754.101, 1769859754.103"
1.0,0,1769859752.2842,2.1365,27,32,59,0.0475,0.0838,0.1219,1.0,0.0,100.0,1.1781,1.184,1.184,848.3097,1769859755.6070964,10.12,50,494,0.119,14,1,0,7.19,15.0,0,559,1769859753.969,-1.263,meta-llama/Llama-3.2-1B-Instruct,"1769859753.969, 1769859754.014, 1769859754.100, 1769859754.101, 1769859754.103"
1.0,0,1769859752.2859,2.3109,27,32,59,0.1567,0.0766,0.0767,1.0,0.0,100.0,1.3123,1.4675,1.4675,852.5321,1769859755.9156935,10.08,50,497,0.12,15,1,0,7.19,15.0,0,559,1769859753.969,-1.263,meta-llama/Llama-3.2-1B-Instruct,"1769859753.969, 1769859754.014, 1769859754.100, 1769859754.101, 1769859754.103"
1.0,0,1769859752.3413,2.2687,27,32,59,0.1099,0.0793,0.0938,1.0,0.0,100.0,1.2969,1.3786,1.3786,853.9497,1769859755.9162307,10.1,50,498,0.12,16,0,0,7.19,15.0,0,559,1769859753.969,-1.263,meta-llama/Llama-3.2-1B-Instruct,"1769859753.969, 1769859754.014, 1769859754.100, 1769859754.101, 1769859754.103"
1.0,0,1769859752.3427,2.2803,27,32,59,0.096,0.0742,0.1005,1.0,0.0,100.0,1.2905,1.3763,1.3763,853.9497,1769859755.9164221,10.06,50,498,0.121,16,0,0,7.19,15.0,0,559,1769859753.969,-1.263,meta-llama/Llama-3.2-1B-Instruct,"1769859753.969, 1769859754.014, 1769859754.100, 1769859754.101, 1769859754.103"
1.0,0,1769859752.3441,2.3622,27,32,59,0.0554,0.0711,0.0773,1.0,0.0,100.0,1.2098,1.4176,1.4176,853.9497,1769859755.9172258,10.04,50,498,0.118,12,1,0,7.19,15.0,0,559,1769859753.969,-1.263,meta-llama/Llama-3.2-1B-Instruct,"1769859753.969, 1769859754.014, 1769859754.100, 1769859754.101, 1769859754.103"
1.0,0,1769859752.3469,2.4402,27,32,59,0.0581,0.0721,0.0727,1.0,0.0,100.0,1.154,1.4983,1.4983,858.4963,1769859755.9506233,10.02,50,501,0.119,14,0,0,7.19,15.0,0,559,1769859753.969,-1.263,meta-llama/Llama-3.2-1B-Instruct,"1769859753.969, 1769859754.014, 1769859754.100, 1769859754.101, 1769859754.103"
1.0,0,1769859752.3455,2.4031,27,32,59,0.0981,0.0641,0.0744,1.0,0.0,100.0,1.1972,1.5011,1.5011,858.4963,1769859755.9515944,10.0,50,501,0.118,13,1,0,7.19,15.0,0,559,1769859753.969,-1.263,meta-llama/Llama-3.2-1B-Instruct,"1769859753.969, 1769859754.014, 1769859754.100, 1769859754.101, 1769859754.103"
1.0,0,1769859752.3484,2.4916,27,32,59,0.0556,0.0668,0.071,1.0,0.0,100.0,1.1099,1.5472,1.5472,858.4963,1769859755.9528754,9.98,50,501,0.119,14,1,0,7.19,15.0,0,559,1769859753.969,-1.263,meta-llama/Llama-3.2-1B-Instruct,"1769859753.969, 1769859754.014, 1769859754.100, 1769859754.101, 1769859754.103"
1.0,0,1769859752.3499,2.534,27,32,59,0.0888,0.0663,0.0673,1.0,0.0,100.0,1.0749,1.6228,1.6228,860.1191,1769859755.9629557,9.96,50,502,0.119,15,0,0,7.19,15.0,0,559,1769859753.969,-1.263,meta-llama/Llama-3.2-1B-Instruct,"1769859753.969, 1769859754.014, 1769859754.100, 1769859754.101, 1769859754.103"
1.0,0,1769859752.418,2.5287,27,32,59,0.0575,0.066,0.0663,1.0,0.0,100.0,1.0304,1.5862,1.5862,861.7053,1769859755.9818022,9.94,50,503,0.119,15,1,0,7.19,15.0,0,559,1769859753.969,-1.263,meta-llama/Llama-3.2-1B-Instruct,"1769859753.969, 1769859754.014, 1769859754.100, 1769859754.101, 1769859754.103"
1.0,0,1769859752.4276,2.5924,27,32,59,0.0776,0.0549,0.0644,1.0,0.0,100.0,0.9894,1.67,1.67,863.3753,1769859756.0104306,9.92,50,504,0.12,17,0,0,7.19,15.0,0,559,1769859753.969,-1.263,meta-llama/Llama-3.2-1B-Instruct,"1769859753.969, 1769859754.014, 1769859754.100, 1769859754.101, 1769859754.103"
1.0,0,1769859752.5378,2.546,27,32,59,0.0637,0.0591,0.0606,1.0,0.0,100.0,0.9426,1.6096,1.6096,864.9849,1769859756.0298228,9.9,50,505,0.12,16,0,0,7.19,15.0,0,559,1769859753.969,-1.263,meta-llama/Llama-3.2-1B-Instruct,"1769859753.969, 1769859754.014, 1769859754.100, 1769859754.101, 1769859754.103"
200.0,1,1769859705.4821,19.2835,3165,1026,4191,0.5365,0.0634,0.0945,200.0,0.0,100.0,31.281,-149.4355,0.0,866.542,1769859756.0684903,10.08,52,508,0.062,17,1,0,7.19,15.0,0,559,1769859753.969,-1.263,meta-llama/Llama-3.2-1B-Instruct,"1769859753.969, 1769859754.014, 1769859754.100, 1769859754.101, 1769859754.103"
1.0,0,1769859752.6999,2.4829,27,32,59,0.0742,0.0551,0.0732,1.0,0.0,100.0,0.8838,1.5571,1.5571,866.542,1769859756.0686858,10.24,52,508,0.121,18,0,0,7.19,15.0,0,559,1769859753.969,-1.263,meta-llama/Llama-3.2-1B-Instruct,"1769859753.969, 1769859754.014, 1769859754.100, 1769859754.101, 1769859754.103"
200.0,1,1769859705.4512,19.1541,2944,1034,3978,0.3923,0.0635,0.0974,200.0,0.0,100.0,31.4502,-149.3956,0.0,866.542,1769859756.073057,10.26,52,508,0.032,11,0,0,7.19,15.0,0,559,1769859753.969,-1.263,meta-llama/Llama-3.2-1B-Instruct,"1769859753.969, 1769859754.014, 1769859754.100, 1769859754.101, 1769859754.103"
1.0,0,1769859752.7015,2.5356,27,32,59,0.067,0.0603,0.0637,1.0,0.0,100.0,0.8523,1.6026,1.6026,868.1446,1769859756.0944707,10.22,52,509,0.121,18,0,0,7.19,15.0,0,559,1769859753.969,-1.263,meta-llama/Llama-3.2-1B-Instruct,"1769859753.969, 1769859754.014, 1769859754.100, 1769859754.101, 1769859754.103"
1.0,0,1769859752.9687,2.4716,27,32,59,0.0873,0.0558,0.059,1.0,0.0,100.0,0.8424,1.5589,1.5589,869.7035,1769859756.2844236,10.2,52,510,0.084,17,0,0,7.19,15.0,0,559,1769859753.969,-1.263,meta-llama/Llama-3.2-1B-Instruct,"1769859753.969, 1769859754.014, 1769859754.100, 1769859754.101, 1769859754.103"
1.0,0,1769859753.0141,2.4925,27,32,59,0.0672,0.0555,0.0598,1.0,0.0,100.0,0.8293,1.5597,1.5597,871.2633,1769859756.3371527,10.18,52,511,0.084,17,0,0,7.19,15.0,0,559,1769859753.969,-1.263,meta-llama/Llama-3.2-1B-Instruct,"1769859753.969, 1769859754.014, 1769859754.100, 1769859754.101, 1769859754.103"
1.0,0,1769859753.4653,2.7938,27,0,27,,,,1.0,,,0.0954,1.8892,1.8892,873.1524,1769859756.3551114,10.16,52,512,0.003,7,0,0,7.19,15.0,0,559,1769859753.969,-1.263,meta-llama/Llama-3.2-1B-Instruct,"1769859753.969, 1769859754.014, 1769859754.100, 1769859754.101, 1769859754.103"
1.0,0,1769859753.0997,2.5012,27,32,59,0.0723,0.0546,0.0606,1.0,0.0,100.0,0.8916,1.5735,1.5735,874.7259,1769859756.4976416,10.14,52,513,0.085,19,0,0,7.19,15.0,0,559,1769859753.969,-1.263,meta-llama/Llama-3.2-1B-Instruct,"1769859753.969, 1769859754.014, 1769859754.100, 1769859754.101, 1769859754.103"
1.0,0,1769859753.1014,2.6927,27,32,59,0.0913,0.0583,0.0645,1.0,0.0,100.0,0.9043,1.784,1.784,878.2962,1769859756.701259,10.12,52,515,0.086,18,0,0,7.19,15.0,0,559,1769859753.969,-1.263,meta-llama/Llama-3.2-1B-Instruct,"1769859753.969, 1769859754.014, 1769859754.100, 1769859754.101, 1769859754.103"
1.0,0,1769859753.1031,2.7095,27,32,59,0.0768,0.0642,0.07,1.0,0.0,100.0,0.8885,1.7862,1.7862,878.2962,1769859756.7018547,10.1,52,515,0.086,18,0,0,7.19,15.0,0,559,1769859753.969,-1.263,meta-llama/Llama-3.2-1B-Instruct,"1769859753.969, 1769859754.014, 1769859754.100, 1769859754.101, 1769859754.103"
1.0,0,1769859753.914,2.7613,27,0,27,,,,1.0,,,0.0781,1.8394,1.8394,880.1355,1769859756.7572236,10.08,52,516,0.005,11,0,0,7.19,15.0,0,559,1769859753.969,-1.263,meta-llama/Llama-3.2-1B-Instruct,"1769859753.969, 1769859754.014, 1769859754.100, 1769859754.101, 1769859754.103"
1.0,0,1769859753.2465,2.8329,27,32,59,0.0686,0.0647,0.0658,1.0,0.0,100.0,0.924,1.9015,1.9015,882.037,1769859757.0064805,10.06,52,517,0.003,6,0,0,7.19,15.0,0,559,1769859753.969,-1.263,meta-llama/Llama-3.2-1B-Instruct,"1769859753.969, 1769859754.014, 1769859754.100, 1769859754.101, 1769859754.103"
1.0,0,1769859753.3129,2.8238,27,32,59,0.0697,0.0583,0.0616,1.0,0.0,100.0,0.9007,1.8935,1.8935,883.9305,1769859757.0394282,10.04,52,518,0.003,5,0,0,7.19,15.0,0,559,1769859753.969,-1.263,meta-llama/Llama-3.2-1B-Instruct,"1769859753.969, 1769859754.014, 1769859754.100, 1769859754.101, 1769859754.103"
1.0,0,1769859754.0163,3.0134,27,0,27,,,,1.0,,,0.0648,2.0782,2.0782,887.9667,1769859757.0954082,10.02,52,520,0.005,11,0,0,7.19,15.0,0,559,1769859753.969,-1.263,meta-llama/Llama-3.2-1B-Instruct,"1769859753.969, 1769859754.014, 1769859754.100, 1769859754.101, 1769859754.103"
1.0,0,1769859753.316,2.8819,27,32,59,0.0761,0.0625,0.0715,1.0,0.0,100.0,0.8972,1.958,1.958,887.9667,1769859757.0959938,10.0,52,520,0.003,6,1,0,7.19,15.0,0,559,1769859753.969,-1.263,meta-llama/Llama-3.2-1B-Instruct,"1769859753.969, 1769859754.014, 1769859754.100, 1769859754.101, 1769859754.103"
1.0,0,1769859753.6369,2.6719,27,32,59,0.0498,0.0603,0.0713,1.0,0.0,100.0,0.8135,1.7217,1.7217,889.6884,1769859757.1233532,9.98,52,521,0.003,7,1,0,7.19,15.0,0,559,1769859753.969,-1.263,meta-llama/Llama-3.2-1B-Instruct,"1769859753.969, 1769859754.014, 1769859754.100, 1769859754.101, 1769859754.103"
1.0,0,1769859753.6906,2.6794,27,32,59,0.0553,0.0604,0.0639,1.0,0.0,100.0,0.7833,1.7347,1.7347,891.4231,1769859757.153981,9.96,52,522,0.003,7,0,0,7.19,15.0,0,559,1769859753.969,-1.263,meta-llama/Llama-3.2-1B-Instruct,"1769859753.969, 1769859754.014, 1769859754.100, 1769859754.101, 1769859754.103"
1.0,0,1769859753.7532,2.6637,27,32,59,0.0648,0.0604,0.0638,1.0,0.0,100.0,0.7513,1.7286,1.7286,893.1517,1769859757.1697173,9.94,52,523,0.003,7,0,0,7.19,15.0,0,559,1769859753.969,-1.263,meta-llama/Llama-3.2-1B-Instruct,"1769859753.969, 1769859754.014, 1769859754.100, 1769859754.101, 1769859754.103"
1.0,0,1769859753.7547,2.7431,27,32,59,0.0703,0.0634,0.0679,1.0,0.0,100.0,0.7975,1.8134,1.8134,896.7602,1769859757.3016503,9.92,52,525,0.003,8,0,0,7.19,15.0,0,559,1769859753.969,-1.263,meta-llama/Llama-3.2-1B-Instruct,"1769859753.969, 1769859754.014, 1769859754.100, 1769859754.101, 1769859754.103"
1.0,0,1769859753.8216,2.737,27,32,59,0.0581,0.0606,0.0683,1.0,0.0,100.0,0.7428,1.7952,1.7952,896.7602,1769859757.3028424,9.9,52,525,0.004,8,1,0,7.19,15.0,0,559,1769859753.969,-1.263,meta-llama/Llama-3.2-1B-Instruct,"1769859753.969, 1769859754.014, 1769859754.100, 1769859754.101, 1769859754.103"
1.0,0,1769859753.9125,2.7089,27,32,59,0.063,0.0589,0.061,1.0,0.0,100.0,0.739,1.7719,1.7719,898.5321,1769859757.3618677,9.89,52,526,0.005,10,0,0,7.19,15.0,0,559,1769859753.969,-1.263,meta-llama/Llama-3.2-1B-Instruct,"1769859753.969, 1769859754.014, 1769859754.100, 1769859754.101, 1769859754.103"
1.0,0,1769859754.3957,3.0038,27,0,27,,,,1.0,,,0.0735,2.0773,2.0773,900.6095,1769859757.4748838,9.87,52,527,0.002,5,1,0,7.19,15.0,0,559,1769859753.969,-1.263,meta-llama/Llama-3.2-1B-Instruct,"1769859753.969, 1769859754.014, 1769859754.100, 1769859754.101, 1769859754.103"
1.0,0,1769859753.9154,2.8254,27,32,59,0.0752,0.0548,0.0566,1.0,0.0,100.0,0.7504,1.9005,1.9005,902.51,1769859757.4925783,9.85,52,528,0.004,10,0,0,7.19,15.0,0,559,1769859753.969,-1.263,meta-llama/Llama-3.2-1B-Instruct,"1769859753.969, 1769859754.014, 1769859754.100, 1769859754.101, 1769859754.103"
1.0,0,1769859753.9169,2.8883,27,32,59,0.0714,0.052,0.0553,1.0,0.0,100.0,0.7486,1.9597,1.9597,904.4697,1769859757.5548549,9.83,52,529,0.004,10,0,0,7.19,15.0,0,559,1769859753.969,-1.263,meta-llama/Llama-3.2-1B-Instruct,"1769859753.969, 1769859754.014, 1769859754.100, 1769859754.101, 1769859754.103"
1.0,0,1769859754.2322,3.056,27,10,37,0.0655,0.0514,0.0514,1.0,0.0,100.0,0.3796,2.1215,2.1215,906.5912,1769859757.6696515,9.81,52,530,0.003,6,0,0,7.19,15.0,0,559,1769859753.969,-1.263,meta-llama/Llama-3.2-1B-Instruct,"1769859753.969, 1769859754.014, 1769859754.100, 1769859754.101, 1769859754.103"
1.0,0,1769859755.5477,2.4003,27,0,27,,,,1.0,,,0.0749,1.4751,1.4751,908.0663,1769859758.0295002,9.79,52,531,0.004,10,0,0,7.19,15.0,0,559,1769859753.969,-1.263,meta-llama/Llama-3.2-1B-Instruct,"1769859753.969, 1769859754.014, 1769859754.100, 1769859754.101, 1769859754.103"
1.0,0,1769859754.1844,2.9605,27,32,59,0.0592,0.0584,0.0603,1.0,0.0,100.0,1.0208,2.0197,2.0197,910.0861,1769859758.1700008,9.77,52,532,0.004,7,0,0,7.19,15.0,0,559,1769859753.969,-1.263,meta-llama/Llama-3.2-1B-Instruct,"1769859753.969, 1769859754.014, 1769859754.100, 1769859754.101, 1769859754.103"
1.0,0,1769859754.1858,3.0306,27,32,59,0.0687,0.0605,0.062,1.0,0.0,100.0,0.978,2.0993,2.0993,912.1853,1769859758.1956513,9.76,52,533,0.003,6,0,0,7.19,15.0,0,559,1769859753.969,-1.263,meta-llama/Llama-3.2-1B-Instruct,"1769859753.969, 1769859754.014, 1769859754.100, 1769859754.101, 1769859754.103"
1.0,0,1769859754.3104,3.0357,27,32,59,0.065,0.0538,0.0554,1.0,0.0,100.0,0.9196,2.1007,2.1007,914.286,1769859758.2749527,9.74,52,534,0.003,5,0,0,7.19,15.0,0,559,1769859753.969,-1.263,meta-llama/Llama-3.2-1B-Instruct,"1769859753.969, 1769859754.014, 1769859754.100, 1769859754.101, 1769859754.103"
1.0,0,1769859754.7702,2.6843,27,32,59,0.0814,0.0584,0.0588,1.0,0.0,100.0,0.9432,1.7657,1.7657,916.0517,1769859758.4007642,9.72,52,535,0.003,6,0,0,7.19,15.0,0,559,1769859753.969,-1.263,meta-llama/Llama-3.2-1B-Instruct,"1769859753.969, 1769859754.014, 1769859754.100, 1769859754.101, 1769859754.103"
1.0,0,1769859754.8566,2.6815,27,32,59,0.0657,0.0584,0.0593,1.0,0.0,100.0,0.9724,1.7472,1.7472,917.7989,1769859758.5114028,9.7,52,536,0.003,6,0,0,7.19,15.0,0,559,1769859753.969,-1.263,meta-llama/Llama-3.2-1B-Instruct,"1769859753.969, 1769859754.014, 1769859754.100, 1769859754.101, 1769859754.103"
1.0,0,1769859754.9231,2.6708,27,32,59,0.0657,0.0566,0.0587,1.0,0.0,100.0,0.9804,1.7365,1.7365,919.5354,1769859758.5784903,9.68,52,537,0.002,5,0,0,7.19,15.0,0,559,1769859753.969,-1.263,meta-llama/Llama-3.2-1B-Instruct,"1769859753.969, 1769859754.014, 1769859754.100, 1769859754.101, 1769859754.103"
1.0,0,1769859756.0496,2.2303,27,7,34,0.062,0.0564,0.0564,1.0,0.0,100.0,0.3581,1.2923,1.2923,922.6289,1769859758.653812,9.67,52,539,0.006,11,0,0,7.19,15.0,0,559,1769859753.969,-1.263,meta-llama/Llama-3.2-1B-Instruct,"1769859753.969, 1769859754.014, 1769859754.100, 1769859754.101, 1769859754.103"
1.0,0,1769859754.9245,2.7244,27,31,58,0.0768,0.0545,0.0549,1.0,0.0,100.0,1.0025,1.8012,1.8012,922.6289,1769859758.6544611,9.65,52,539,0.002,6,1,0,7.19,15.0,0,559,1769859753.969,-1.263,meta-llama/Llama-3.2-1B-Instruct,"1769859753.969, 1769859754.014, 1769859754.100, 1769859754.101, 1769859754.103"
1.0,0,1769859754.9937,2.7244,27,32,59,0.0754,0.057,0.06,1.0,0.0,100.0,1.008,1.7998,1.7998,926.2157,1769859758.7295303,9.63,52,541,0.003,6,0,0,7.19,15.0,0,559,1769859753.969,-1.263,meta-llama/Llama-3.2-1B-Instruct,"1769859753.969, 1769859754.014, 1769859754.100, 1769859754.101, 1769859754.103"
1.0,0,1769859755.0604,2.7258,27,32,59,0.0612,0.0545,0.0553,1.0,0.0,100.0,0.9431,1.787,1.787,926.2157,1769859758.7304242,9.61,52,541,0.003,7,0,0,7.19,15.0,0,559,1769859753.969,-1.263,meta-llama/Llama-3.2-1B-Instruct,"1769859753.969, 1769859754.014, 1769859754.100, 1769859754.101, 1769859754.103"
1.0,0,1769859755.3282,2.502,27,32,59,0.0709,0.055,0.0601,1.0,0.0,100.0,0.9404,1.5729,1.5729,927.7886,1769859758.7719288,9.59,52,542,0.003,8,0,0,7.19,15.0,0,559,1769859753.969,-1.263,meta-llama/Llama-3.2-1B-Instruct,"1769859753.969, 1769859754.014, 1769859754.100, 1769859754.101, 1769859754.103"
1.0,0,1769859755.3403,2.5486,27,32,59,0.0719,0.0586,0.0587,1.0,0.0,100.0,0.9284,1.6205,1.6205,929.409,1769859758.8242676,9.58,52,543,0.004,9,0,0,7.19,15.0,0,559,1769859753.969,-1.263,meta-llama/Llama-3.2-1B-Instruct,"1769859753.969, 1769859754.014, 1769859754.100, 1769859754.101, 1769859754.103"
1.0,0,1769859755.5491,2.4633,27,32,59,0.0542,0.0553,0.061,1.0,0.0,100.0,0.8612,1.5175,1.5175,930.9265,1769859758.878376,9.56,52,544,0.005,12,0,0,7.19,15.0,0,559,1769859753.969,-1.263,meta-llama/Llama-3.2-1B-Instruct,"1769859753.969, 1769859754.014, 1769859754.100, 1769859754.101, 1769859754.103"
1.0,0,1769859755.856,2.2327,27,32,59,0.0715,0.0535,0.0648,1.0,0.0,100.0,0.8654,1.3041,1.3041,932.2306,1769859758.9588108,9.54,52,545,0.006,12,0,0,7.19,15.0,0,559,1769859753.969,-1.263,meta-llama/Llama-3.2-1B-Instruct,"1769859753.969, 1769859754.014, 1769859754.100, 1769859754.101, 1769859754.103"
1.0,0,1769859755.8577,2.4173,27,26,53,0.0716,0.053,0.0607,1.0,0.0,100.0,0.7652,1.4889,1.4889,933.7196,1769859759.0454087,9.52,52,546,0.006,12,0,0,7.19,15.0,0,559,1769859753.969,-1.263,meta-llama/Llama-3.2-1B-Instruct,"1769859753.969, 1769859754.014, 1769859754.100, 1769859754.101, 1769859754.103"
1.0,0,1769859756.7162,1.9896,27,18,45,0.0593,0.0525,0.0525,1.0,0.0,100.0,0.5,1.0489,1.0489,934.7685,1769859759.2066073,9.51,52,547,0.007,13,0,0,7.19,15.0,0,559,1769859753.969,-1.263,meta-llama/Llama-3.2-1B-Instruct,"1769859753.969, 1769859754.014, 1769859754.100, 1769859754.101, 1769859754.103"
1.0,0,1769859756.284,2.0461,27,32,59,0.1032,0.0499,0.0672,1.0,0.0,100.0,0.9456,1.1492,1.1492,936.9065,1769859759.2872584,9.49,52,549,0.005,10,0,0,7.19,15.0,0,559,1769859753.969,-1.263,meta-llama/Llama-3.2-1B-Instruct,"1769859753.969, 1769859754.014, 1769859754.100, 1769859754.101, 1769859754.103"
1.0,0,1769859756.4511,1.9261,27,32,59,0.0627,0.0586,0.0625,1.0,0.0,100.0,0.906,0.9888,0.9888,936.9065,1769859759.2880678,9.47,52,549,0.006,12,0,0,7.19,15.0,0,559,1769859753.969,-1.263,meta-llama/Llama-3.2-1B-Instruct,"1769859753.969, 1769859754.014, 1769859754.100, 1769859754.101, 1769859754.103"
1.0,0,1769859756.537,1.9534,27,32,59,0.0547,0.0486,0.0618,1.0,0.0,100.0,0.8505,1.0082,1.0082,938.9624,1769859759.3464096,9.45,52,551,0.006,13,1,0,7.19,15.0,0,559,1769859753.969,-1.263,meta-llama/Llama-3.2-1B-Instruct,"1769859753.969, 1769859754.014, 1769859754.100, 1769859754.101, 1769859754.103"
1.0,0,1769859756.4525,1.982,27,32,59,0.0657,0.0525,0.0581,1.0,0.0,100.0,0.911,1.0477,1.0477,938.9624,1769859759.3476014,9.44,52,551,0.006,13,0,0,7.19,15.0,0,559,1769859753.969,-1.263,meta-llama/Llama-3.2-1B-Instruct,"1769859753.969, 1769859754.014, 1769859754.100, 1769859754.101, 1769859754.103"
1.0,0,1769859756.5882,1.9716,27,32,59,0.0489,0.0578,0.0685,1.0,0.0,100.0,0.8457,1.0205,1.0205,939.9828,1769859759.4067838,9.42,52,552,0.007,14,0,0,7.19,15.0,0,559,1769859753.969,-1.263,meta-llama/Llama-3.2-1B-Instruct,"1769859753.969, 1769859754.014, 1769859754.100, 1769859754.101, 1769859754.103"
1.0,0,1769859756.5897,2.0348,27,32,59,0.0653,0.0539,0.0546,1.0,0.0,100.0,0.8266,1.1001,1.1001,941.0829,1769859759.457436,9.4,52,553,0.007,14,0,0,7.19,15.0,0,559,1769859753.969,-1.263,meta-llama/Llama-3.2-1B-Instruct,"1769859753.969, 1769859754.014, 1769859754.100, 1769859754.101, 1769859754.103"
1.0,0,1769859756.7177,2.0751,27,31,58,0.0688,0.0577,0.0729,1.0,0.0,100.0,0.7693,1.1439,1.1439,942.2268,1769859759.577156,9.39,52,554,0.005,11,0,0,7.19,15.0,0,559,1769859753.969,-1.263,meta-llama/Llama-3.2-1B-Instruct,"1769859753.969, 1769859754.014, 1769859754.100, 1769859754.101, 1769859754.103"
1.0,0,1769859756.7792,2.0842,27,32,59,0.0593,0.0524,0.0563,1.0,0.0,100.0,0.7342,1.1434,1.1434,943.3702,1769859759.5993693,9.37,52,555,0.005,11,0,0,7.19,15.0,0,559,1769859753.969,-1.263,meta-llama/Llama-3.2-1B-Instruct,"1769859753.969, 1769859754.014, 1769859754.100, 1769859754.101, 1769859754.103"
1.0,0,1769859757.1133,1.8645,27,32,59,0.1128,0.0624,0.0973,1.0,0.0,100.0,0.8948,0.9773,0.9773,944.3475,1769859759.8737633,9.35,52,556,0.005,10,0,0,7.19,15.0,0,559,1769859753.969,-1.263,meta-llama/Llama-3.2-1B-Instruct,"1769859753.969, 1769859754.014, 1769859754.100, 1769859754.101, 1769859754.103"
1.0,0,1769859757.1151,1.9537,27,32,59,0.0899,0.0545,0.0949,1.0,0.0,100.0,0.8156,1.0436,1.0436,946.375,1769859759.88642,9.32,52,558,0.005,9,0,0,7.19,15.0,0,559,1769859753.969,-1.263,meta-llama/Llama-3.2-1B-Instruct,"1769859753.969, 1769859754.014, 1769859754.100, 1769859754.101, 1769859754.103"
1.0,0,1769859757.1947,1.9219,27,32,59,0.062,0.0551,0.0919,1.0,0.0,100.0,0.7675,0.9838,0.9838,946.375,1769859759.886578,9.34,52,558,0.005,10,0,0,7.19,15.0,0,559,1769859753.969,-1.263,meta-llama/Llama-3.2-1B-Instruct,"1769859753.969, 1769859754.014, 1769859754.100, 1769859754.101, 1769859754.103"
1.0,0,1769859757.3792,1.807,27,32,59,0.0902,0.0613,0.094,1.0,0.0,100.0,0.7547,0.8973,0.8973,947.2723,1769859759.942362,9.3,52,559,0.006,12,0,0,7.19,15.0,0,559,1769859753.969,-1.263,meta-llama/Llama-3.2-1B-Instruct,"1769859753.969, 1769859754.014, 1769859754.100, 1769859754.101, 1769859754.103"
1.0,0,1769859757.426,1.8333,27,32,59,0.0764,0.0576,0.0956,1.0,0.0,100.0,0.7089,0.9096,0.9096,948.1819,1769859759.96921,9.29,52,560,0.006,11,0,0,7.19,15.0,0,559,1769859753.969,-1.263,meta-llama/Llama-3.2-1B-Instruct,"1769859753.969, 1769859754.014, 1769859754.100, 1769859754.101, 1769859754.103"
1.0,0,1769859757.4275,1.8966,27,32,59,0.0729,0.0421,0.0938,1.0,0.0,100.0,0.6708,0.9696,0.9696,949.1515,1769859759.9960012,9.27,52,561,0.005,10,0,0,7.19,15.0,0,559,1769859753.969,-1.263,meta-llama/Llama-3.2-1B-Instruct,"1769859753.969, 1769859754.014, 1769859754.100, 1769859754.101, 1769859754.103"
1.0,0,1769859757.6951,1.8506,27,32,59,0.0845,0.0414,0.0611,1.0,0.0,100.0,0.6202,0.9351,0.9351,951.94,1769859760.1711054,9.25,52,564,0.004,8,0,0,7.19,15.0,0,559,1769859753.969,-1.263,meta-llama/Llama-3.2-1B-Instruct,"1769859753.969, 1769859754.014, 1769859754.100, 1769859754.101, 1769859754.103"
1.0,0,1769859757.9813,1.5857,27,32,59,0.0653,0.041,0.0559,1.0,0.0,100.0,0.6025,0.651,0.651,951.94,1769859760.171697,9.24,52,564,0.004,8,0,0,7.19,15.0,0,559,1769859753.969,-1.263,meta-llama/Llama-3.2-1B-Instruct,"1769859753.969, 1769859754.014, 1769859754.100, 1769859754.101, 1769859754.103"
1.0,0,1769859757.429,2.1067,27,32,59,0.0958,0.0453,0.0534,1.0,0.0,100.0,0.6352,1.2024,1.2024,951.94,1769859760.1722047,9.22,52,564,0.004,9,0,0,7.19,15.0,0,559,1769859753.969,-1.263,meta-llama/Llama-3.2-1B-Instruct,"1769859753.969, 1769859754.014, 1769859754.100, 1769859754.101, 1769859754.103"
1.0,0,1769859757.9829,1.6417,27,32,59,0.0653,0.041,0.0524,1.0,0.0,100.0,0.5966,0.707,0.707,952.647,1769859760.222374,9.2,52,565,0.003,7,2,0,7.19,15.0,0,559,1769859753.969,-1.263,meta-llama/Llama-3.2-1B-Instruct,"1769859753.969, 1769859754.014, 1769859754.100, 1769859754.101, 1769859754.103"
1.0,0,1769859757.9844,1.6927,27,32,59,0.0706,0.0476,0.0536,1.0,0.0,100.0,0.5969,0.7633,0.7633,953.4103,1769859760.2750773,9.19,52,566,0.004,9,0,0,7.19,15.0,0,614,1769859759.468,-0.787,meta-llama/Llama-3.2-1B-Instruct,"1769859759.468, 1769859759.531, 1769859759.532, 1769859759.596, 1769859759.839"
1.0,0,1769859758.214,1.5354,27,32,59,0.0621,0.0544,0.0621,1.0,0.0,100.0,0.6378,0.5974,0.5974,954.0077,1769859760.3879163,9.17,52,567,0.005,11,0,0,7.19,15.0,0,614,1769859759.468,-0.787,meta-llama/Llama-3.2-1B-Instruct,"1769859759.468, 1769859759.531, 1769859759.532, 1769859759.596, 1769859759.839"
1.0,0,1769859758.2211,1.9307,27,32,59,0.068,0.051,0.0597,1.0,0.0,100.0,0.7154,0.9987,0.9987,955.0065,1769859760.8681772,9.15,52,568,0.004,6,0,0,7.19,15.0,0,614,1769859759.468,-0.787,meta-llama/Llama-3.2-1B-Instruct,"1769859759.468, 1769859759.531, 1769859759.532, 1769859759.596, 1769859759.839"
1.0,0,1769859758.3565,1.8532,27,32,59,0.0575,0.0569,0.0908,1.0,0.0,100.0,0.7501,0.9107,0.9107,955.9172,1769859760.9671254,9.14,52,569,0.002,3,1,0,7.19,15.0,0,614,1769859759.468,-0.787,meta-llama/Llama-3.2-1B-Instruct,"1769859759.468, 1769859759.531, 1769859759.532, 1769859759.596, 1769859759.839"
1.0,0,1769859758.4677,1.849,27,32,59,0.0649,0.0566,0.088,1.0,0.0,100.0,0.7163,0.9139,0.9139,957.6871,1769859761.0353649,9.12,52,571,0.001,3,0,0,7.19,15.0,0,614,1769859759.468,-0.787,meta-llama/Llama-3.2-1B-Instruct,"1769859759.468, 1769859759.531, 1769859759.532, 1769859759.596, 1769859759.839"
1.0,0,1769859758.4662,1.7944,27,32,59,0.0616,0.0638,0.0893,1.0,0.0,100.0,0.7742,0.856,0.856,957.6871,1769859761.0361133,9.11,52,571,0.002,3,0,0,7.19,15.0,0,614,1769859759.468,-0.787,meta-llama/Llama-3.2-1B-Instruct,"1769859759.468, 1769859759.531, 1769859759.532, 1769859759.596, 1769859759.839"
1.0,0,1769859758.5307,1.8387,27,32,59,0.0637,0.0617,0.0892,1.0,0.0,100.0,0.6895,0.9024,0.9024,958.5895,1769859761.06204,9.09,52,572,0.002,4,0,0,7.19,15.0,0,614,1769859759.468,-0.787,meta-llama/Llama-3.2-1B-Instruct,"1769859759.468, 1769859759.531, 1769859759.532, 1769859759.596, 1769859759.839"
1.0,0,1769859758.5323,1.8969,27,32,59,0.0466,0.0576,0.0886,1.0,0.0,100.0,0.6828,0.9435,0.9435,959.533,1769859761.1149309,9.08,52,573,0.002,4,0,0,7.19,15.0,0,614,1769859759.468,-0.787,meta-llama/Llama-3.2-1B-Instruct,"1769859759.468, 1769859759.531, 1769859759.532, 1769859759.596, 1769859759.839"
1.0,0,1769859758.5962,2.0125,27,32,59,0.0594,0.0594,0.0908,1.0,0.0,100.0,0.8779,1.0719,1.0719,960.6049,1769859761.4927845,9.06,52,574,0.003,6,0,0,7.19,15.0,0,614,1769859759.468,-0.787,meta-llama/Llama-3.2-1B-Instruct,"1769859759.468, 1769859759.531, 1769859759.532, 1769859759.596, 1769859759.839"
1.0,0,1769859759.0398,1.843,27,32,59,0.0553,0.0596,0.0597,1.0,0.0,100.0,0.9802,0.8983,0.8983,962.5651,1769859761.8728716,9.04,52,576,0.004,8,1,0,7.19,15.0,0,614,1769859759.468,-0.787,meta-llama/Llama-3.2-1B-Instruct,"1769859759.468, 1769859759.531, 1769859759.532, 1769859759.596, 1769859759.839"
1.0,0,1769859758.8404,1.9549,27,32,59,0.107,0.0598,0.068,1.0,0.0,100.0,1.0745,1.0619,1.0619,964.7227,1769859761.875447,9.03,52,578,0.004,7,0,0,7.19,15.0,0,614,1769859759.468,-0.787,meta-llama/Llama-3.2-1B-Instruct,"1769859759.468, 1769859759.531, 1769859759.532, 1769859759.596, 1769859759.839"
1.0,0,1769859758.8418,1.9946,27,32,59,0.1013,0.0596,0.0601,1.0,0.0,100.0,1.0369,1.0958,1.0958,964.7227,1769859761.8851595,9.01,52,578,0.004,7,2,0,7.19,15.0,0,614,1769859759.468,-0.787,meta-llama/Llama-3.2-1B-Instruct,"1769859759.468, 1769859759.531, 1769859759.532, 1769859759.596, 1769859759.839"
1.0,0,1769859758.8388,1.9616,27,32,59,0.1002,0.06,0.0618,1.0,0.0,100.0,1.0746,1.0618,1.0618,964.7227,1769859761.8951945,9.0,52,578,0.003,6,0,0,7.19,15.0,0,614,1769859759.468,-0.787,meta-llama/Llama-3.2-1B-Instruct,"1769859759.468, 1769859759.531, 1769859759.532, 1769859759.596, 1769859759.839"
1.0,0,1769859759.0457,1.8976,27,32,59,0.0816,0.0598,0.0598,1.0,0.0,100.0,0.968,0.9791,0.9791,965.7018,1769859761.9126103,8.98,52,579,0.004,9,1,0,7.19,15.0,0,614,1769859759.468,-0.787,meta-llama/Llama-3.2-1B-Instruct,"1769859759.468, 1769859759.531, 1769859759.532, 1769859759.596, 1769859759.839"
1.0,0,1769859759.0924,2.0062,27,31,58,0.0496,0.0614,0.0733,1.0,0.0,100.0,0.9057,1.0557,1.0557,967.7776,1769859762.0091102,8.97,52,581,0.003,7,1,0,7.19,15.0,0,614,1769859759.468,-0.787,meta-llama/Llama-3.2-1B-Instruct,"1769859759.468, 1769859759.531, 1769859759.532, 1769859759.596, 1769859759.839"
1.0,0,1769859759.0908,1.9192,27,32,59,0.1009,0.0595,0.0624,1.0,0.0,100.0,0.9948,1.02,1.02,967.7776,1769859762.0134835,8.95,52,581,0.004,9,1,0,7.19,15.0,0,614,1769859759.468,-0.787,meta-llama/Llama-3.2-1B-Instruct,"1769859759.468, 1769859759.531, 1769859759.532, 1769859759.596, 1769859759.839"
1.0,0,1769859759.0939,2.0654,27,32,59,0.0598,0.0561,0.0577,1.0,0.0,100.0,0.8743,1.1251,1.1251,968.9027,1769859762.0353715,8.93,52,582,0.003,8,0,0,7.19,15.0,0,614,1769859759.468,-0.787,meta-llama/Llama-3.2-1B-Instruct,"1769859759.468, 1769859759.531, 1769859759.532, 1769859759.596, 1769859759.839"
1.0,0,1769859759.1515,2.0701,27,32,59,0.0749,0.0545,0.0662,1.0,0.0,100.0,0.9003,1.145,1.145,970.0478,1769859762.130671,8.92,52,583,0.003,8,0,0,7.19,15.0,0,614,1769859759.468,-0.787,meta-llama/Llama-3.2-1B-Instruct,"1769859759.468, 1769859759.531, 1769859759.532, 1769859759.596, 1769859759.839"
1.0,0,1769859759.1542,2.2041,27,32,59,0.0735,0.0553,0.0671,1.0,0.0,100.0,0.8579,1.2777,1.2777,973.5767,1769859762.2282841,8.9,52,586,0.005,10,1,0,7.19,15.0,0,614,1769859759.468,-0.787,meta-llama/Llama-3.2-1B-Instruct,"1769859759.468, 1769859759.531, 1769859759.532, 1769859759.596, 1769859759.839"
1.0,0,1769859759.448,1.969,27,32,59,0.0654,0.0596,0.0597,1.0,0.0,100.0,0.8067,1.0343,1.0343,973.5767,1769859762.2314396,8.89,52,586,0.005,11,0,0,7.19,15.0,0,614,1769859759.468,-0.787,meta-llama/Llama-3.2-1B-Instruct,"1769859759.468, 1769859759.531, 1769859759.532, 1769859759.596, 1769859759.839"
1.0,0,1769859759.1529,2.1449,27,32,59,0.072,0.061,0.0777,1.0,0.0,100.0,0.9293,1.2169,1.2169,973.5767,1769859762.2374518,8.87,52,586,0.004,9,0,0,7.19,15.0,0,614,1769859759.468,-0.787,meta-llama/Llama-3.2-1B-Instruct,"1769859759.468, 1769859759.531, 1769859759.532, 1769859759.596, 1769859759.839"
1.0,0,1769859759.5128,1.974,27,32,59,0.0625,0.0642,0.0644,1.0,0.0,100.0,0.8018,1.0364,1.0364,974.6131,1769859762.292093,8.86,52,587,0.005,12,0,0,7.19,15.0,0,614,1769859759.468,-0.787,meta-llama/Llama-3.2-1B-Instruct,"1769859759.468, 1769859759.531, 1769859759.532, 1769859759.596, 1769859759.839"
1.0,0,1769859759.6499,1.9143,27,33,60,0.0741,0.0611,0.0704,1.0,0.0,100.0,0.8053,0.9884,0.9884,975.6015,1769859762.3709846,8.84,52,588,0.005,13,0,0,7.19,15.0,0,614,1769859759.468,-0.787,meta-llama/Llama-3.2-1B-Instruct,"1769859759.468, 1769859759.531, 1769859759.532, 1769859759.596, 1769859759.839"
1.0,0,1769859759.6513,1.9761,27,32,59,0.0838,0.0516,0.0632,1.0,0.0,100.0,0.7899,1.06,1.06,976.6615,1769859762.4185352,8.83,52,589,0.007,13,0,0,7.19,15.0,0,614,1769859759.468,-0.787,meta-llama/Llama-3.2-1B-Instruct,"1769859759.468, 1769859759.531, 1769859759.532, 1769859759.596, 1769859759.839"
1.0,0,1769859759.6528,2.0305,27,32,59,0.0661,0.0474,0.0705,1.0,0.0,100.0,0.7626,1.0966,1.0966,977.7581,1769859762.4535291,8.81,52,590,0.007,14,0,0,7.19,15.0,0,614,1769859759.468,-0.787,meta-llama/Llama-3.2-1B-Instruct,"1769859759.468, 1769859759.531, 1769859759.532, 1769859759.596, 1769859759.839"
1.0,0,1769859759.7252,2.0439,27,32,59,0.0594,0.0586,0.0675,1.0,0.0,100.0,0.7559,1.1033,1.1033,978.8614,1769859762.5315602,8.8,52,591,0.008,16,0,0,7.19,15.0,0,614,1769859759.468,-0.787,meta-llama/Llama-3.2-1B-Instruct,"1769859759.468, 1769859759.531, 1769859759.532, 1769859759.596, 1769859759.839"
1.0,0,1769859760.2383,1.6401,27,32,59,0.1009,0.0569,0.0682,1.0,0.0,100.0,0.8499,0.7411,0.7411,979.6024,1769859762.7321446,8.78,52,592,0.009,17,0,0,7.19,15.0,0,614,1769859759.468,-0.787,meta-llama/Llama-3.2-1B-Instruct,"1769859759.468, 1769859759.531, 1769859759.532, 1769859759.596, 1769859759.839"
1.0,0,1769859760.5695,1.4808,27,32,59,0.0658,0.0552,0.0795,1.0,0.0,100.0,0.9536,0.5466,0.5466,980.9817,1769859763.0063655,8.77,52,594,0.005,10,0,0,7.19,15.0,0,614,1769859759.468,-0.787,meta-llama/Llama-3.2-1B-Instruct,"1769859759.468, 1769859759.531, 1769859759.532, 1769859759.596, 1769859759.839"
1.0,0,1769859760.2905,1.7312,27,32,59,0.1014,0.0562,0.0675,1.0,0.0,100.0,0.9832,0.8326,0.8326,980.9817,1769859763.0065634,8.75,52,594,0.006,12,1,0,7.19,15.0,0,614,1769859759.468,-0.787,meta-llama/Llama-3.2-1B-Instruct,"1769859759.468, 1769859759.531, 1769859759.532, 1769859759.596, 1769859759.839"
1.0,0,1769859760.635,1.482,27,32,59,0.1122,0.0509,0.0515,1.0,0.0,100.0,0.8989,0.5942,0.5942,981.5759,1769859763.0181415,8.74,52,595,0.005,11,0,0,7.19,15.0,0,614,1769859759.468,-0.787,meta-llama/Llama-3.2-1B-Instruct,"1769859759.468, 1769859759.531, 1769859759.532, 1769859759.596, 1769859759.839"
1.0,0,1769859760.6365,1.5546,27,32,59,0.0909,0.0529,0.0583,1.0,0.0,100.0,0.8792,0.6455,0.6455,982.2214,1769859763.0729094,8.72,52,596,0.005,11,0,0,7.19,15.0,0,614,1769859759.468,-0.787,meta-llama/Llama-3.2-1B-Instruct,"1769859759.468, 1769859759.531, 1769859759.532, 1769859759.596, 1769859759.839"
1.0,0,1769859760.6395,1.7173,27,32,59,0.0573,0.0514,0.0529,1.0,0.0,100.0,0.8212,0.7745,0.7745,983.7245,1769859763.1831286,8.71,52,598,0.005,9,0,0,7.19,15.0,0,614,1769859759.468,-0.787,meta-llama/Llama-3.2-1B-Instruct,"1769859759.468, 1769859759.531, 1769859759.532, 1769859759.596, 1769859759.839"
1.0,0,1769859760.638,1.6707,27,32,59,0.0579,0.0528,0.06,1.0,0.0,100.0,0.8734,0.7286,0.7286,983.7245,1769859763.1836607,8.7,52,598,0.005,9,0,0,7.19,15.0,0,614,1769859759.468,-0.787,meta-llama/Llama-3.2-1B-Instruct,"1769859759.468, 1769859759.531, 1769859759.532, 1769859759.596, 1769859759.839"
1.0,0,1769859760.6409,1.7955,27,32,59,0.055,0.0554,0.0562,1.0,0.0,100.0,0.779,0.8506,0.8506,984.575,1769859763.2186038,8.68,52,599,0.004,9,0,0,7.19,15.0,0,614,1769859759.468,-0.787,meta-llama/Llama-3.2-1B-Instruct,"1769859759.468, 1769859759.531, 1769859759.532, 1769859759.596, 1769859759.839"
1.0,0,1769859760.7256,1.7749,27,32,59,0.0648,0.0507,0.053,1.0,0.0,100.0,0.7621,0.8398,0.8398,985.4148,1769859763.2640395,8.67,52,600,0.004,8,0,0,7.19,15.0,0,614,1769859759.468,-0.787,meta-llama/Llama-3.2-1B-Instruct,"1769859759.468, 1769859759.531, 1769859759.532, 1769859759.596, 1769859759.839"
1.0,0,1769859760.7315,1.8529,27,32,59,0.0605,0.0523,0.0576,1.0,0.0,100.0,0.741,0.9133,0.9133,986.3281,1769859763.3280118,8.65,52,601,0.004,9,0,0,7.19,15.0,0,614,1769859759.468,-0.787,meta-llama/Llama-3.2-1B-Instruct,"1769859759.468, 1769859759.531, 1769859759.532, 1769859759.596, 1769859759.839"
1.0,0,1769859760.8581,1.805,27,32,59,0.0657,0.0551,0.0759,1.0,0.0,100.0,0.7803,0.8707,0.8707,987.1988,1769859763.4460297,8.64,52,602,0.005,10,0,0,7.19,15.0,0,614,1769859759.468,-0.787,meta-llama/Llama-3.2-1B-Instruct,"1769859759.468, 1769859759.531, 1769859759.532, 1769859759.596, 1769859759.839"
1.0,0,1769859760.8596,1.8549,27,32,59,0.0573,0.0548,0.0733,1.0,0.0,100.0,0.7587,0.9123,0.9123,988.947,1769859763.4836586,8.62,52,604,0.005,10,0,0,7.19,15.0,0,614,1769859759.468,-0.787,meta-llama/Llama-3.2-1B-Instruct,"1769859759.468, 1769859759.531, 1769859759.532, 1769859759.596, 1769859759.839"
1.0,0,1769859760.985,1.7729,27,30,57,0.063,0.0569,0.0825,1.0,0.0,100.0,0.722,0.8359,0.8359,988.947,1769859763.4945247,8.61,52,604,0.005,10,0,0,7.19,15.0,0,614,1769859759.468,-0.787,meta-llama/Llama-3.2-1B-Instruct,"1769859759.468, 1769859759.531, 1769859759.532, 1769859759.596, 1769859759.839"
1.0,0,1769859760.9864,1.823,27,31,58,0.0604,0.0484,0.076,1.0,0.0,100.0,0.6859,0.8834,0.8834,989.8304,1769859763.4963017,8.6,52,605,0.005,11,0,0,7.19,15.0,0,614,1769859759.468,-0.787,meta-llama/Llama-3.2-1B-Instruct,"1769859759.468, 1769859759.531, 1769859759.532, 1769859759.596, 1769859759.839"
1.0,0,1769859761.1338,1.729,27,31,58,0.0595,0.0558,0.079,1.0,0.0,100.0,0.6818,0.7885,0.7885,990.6189,1769859763.5475514,8.58,52,606,0.005,12,0,0,7.19,15.0,0,614,1769859759.468,-0.787,meta-llama/Llama-3.2-1B-Instruct,"1769859759.468, 1769859759.531, 1769859759.532, 1769859759.596, 1769859759.839"
1.0,0,1769859761.1966,2.1848,27,14,41,0.0585,0.0553,0.0553,1.0,0.0,100.0,0.4005,1.2434,1.2434,991.8623,1769859763.7902067,8.57,52,607,0.004,9,0,0,7.19,15.0,0,614,1769859759.468,-0.787,meta-llama/Llama-3.2-1B-Instruct,"1769859759.468, 1769859759.531, 1769859759.532, 1769859759.596, 1769859759.839"
1.0,0,1769859761.1353,1.9503,27,32,59,0.0652,0.0558,0.0687,1.0,0.0,100.0,0.729,1.0156,1.0156,992.8778,1769859763.8218987,8.55,52,608,0.005,10,0,0,7.19,15.0,0,614,1769859759.468,-0.787,meta-llama/Llama-3.2-1B-Instruct,"1769859759.468, 1769859759.531, 1769859759.532, 1769859759.596, 1769859759.839"
1.0,0,1769859761.2684,2.5477,27,7,34,0.0628,0.0577,0.0577,1.0,0.0,100.0,0.2631,1.6105,1.6105,994.4883,1769859764.0908163,8.54,52,609,0.004,8,0,0,7.19,15.0,0,614,1769859759.468,-0.787,meta-llama/Llama-3.2-1B-Instruct,"1769859759.468, 1769859759.531, 1769859759.532, 1769859759.596, 1769859759.839"
1.0,0,1769859761.6641,2.4063,27,0,27,,,,1.0,,,0.0616,1.4679,1.4679,995.9562,1769859764.1325493,8.52,52,610,0.005,11,0,0,7.19,15.0,0,614,1769859759.468,-0.787,meta-llama/Llama-3.2-1B-Instruct,"1769859759.468, 1769859759.531, 1769859759.532, 1769859759.596, 1769859759.839"
1.0,0,1769859761.1953,2.1198,27,32,59,0.0564,0.0534,0.0704,1.0,0.0,100.0,0.8446,1.1762,1.1762,999.4744,1769859764.1628964,8.51,52,613,0.004,7,0,0,7.19,15.0,0,614,1769859759.468,-0.787,meta-llama/Llama-3.2-1B-Instruct,"1769859759.468, 1769859759.531, 1769859759.532, 1769859759.596, 1769859759.839"
1.0,0,1769859761.1939,2.0804,27,32,59,0.0963,0.0526,0.0626,1.0,0.0,100.0,0.8857,1.1767,1.1767,999.4744,1769859764.16308,8.5,52,613,0.004,8,0,0,7.19,15.0,0,614,1769859759.468,-0.787,meta-llama/Llama-3.2-1B-Instruct,"1769859759.468, 1769859759.531, 1769859759.532, 1769859759.596, 1769859759.839"
1.0,0,1769859761.1925,2.0749,27,32,59,0.0903,0.0559,0.0567,1.0,0.0,100.0,0.8952,1.1652,1.1652,999.4744,1769859764.1645432,8.48,52,613,0.005,10,0,0,7.19,15.0,0,614,1769859759.468,-0.787,meta-llama/Llama-3.2-1B-Instruct,"1769859759.468, 1769859759.531, 1769859759.532, 1769859759.596, 1769859759.839"
1.0,0,1769859762.0843,2.1379,27,0,27,,,,1.0,,,0.0802,1.218,1.218,1000.6924,1769859764.3102617,8.47,52,614,0.004,8,0,0,7.19,15.0,0,614,1769859759.468,-0.787,meta-llama/Llama-3.2-1B-Instruct,"1769859759.468, 1769859759.531, 1769859759.532, 1769859759.596, 1769859759.839"
1.0,0,1769859761.198,2.2652,27,32,59,0.0762,0.0616,0.0635,1.0,0.0,100.0,0.8539,1.3415,1.3415,1002.0338,1769859764.3203287,8.46,52,615,0.003,7,0,0,7.19,15.0,0,614,1769859759.468,-0.787,meta-llama/Llama-3.2-1B-Instruct,"1769859759.468, 1769859759.531, 1769859759.532, 1769859759.596, 1769859759.839"
1.0,0,1769859761.1993,2.3275,27,32,59,0.0665,0.064,0.0642,1.0,0.0,100.0,0.8499,1.394,1.394,1003.4279,1769859764.3802006,8.44,52,616,0.003,6,0,0,7.19,15.0,0,614,1769859759.468,-0.787,meta-llama/Llama-3.2-1B-Instruct,"1769859759.468, 1769859759.531, 1769859759.532, 1769859759.596, 1769859759.839"
1.0,0,1769859761.2656,2.3133,27,32,59,0.0646,0.0606,0.0834,1.0,0.0,100.0,0.8382,1.3779,1.3779,1004.8058,1769859764.4197536,8.43,52,617,0.003,6,1,0,7.19,15.0,0,614,1769859759.468,-0.787,meta-llama/Llama-3.2-1B-Instruct,"1769859759.468, 1769859759.531, 1769859759.532, 1769859759.596, 1769859759.839"
1.0,0,1769859761.267,2.3719,27,32,59,0.0631,0.0581,0.0722,1.0,0.0,100.0,0.8132,1.4351,1.4351,1006.2408,1769859764.4577508,8.41,52,618,0.003,7,1,0,7.19,15.0,0,614,1769859759.468,-0.787,meta-llama/Llama-3.2-1B-Instruct,"1769859759.468, 1769859759.531, 1769859759.532, 1769859759.596, 1769859759.839"
1.0,0,1769859761.6021,2.2785,27,32,59,0.0666,0.0663,0.0683,1.0,0.0,100.0,0.8416,1.345,1.345,1007.5859,1769859764.739595,8.4,52,619,0.004,8,0,0,7.19,15.0,0,614,1769859759.468,-0.787,meta-llama/Llama-3.2-1B-Instruct,"1769859759.468, 1769859759.531, 1769859759.532, 1769859759.596, 1769859759.839"
1.0,0,1769859761.6037,2.3494,27,32,59,0.0703,0.0534,0.0765,1.0,0.0,100.0,0.8419,1.4197,1.4197,1009.0056,1769859764.7986546,8.39,52,620,0.004,9,0,0,7.19,15.0,0,614,1769859759.468,-0.787,meta-llama/Llama-3.2-1B-Instruct,"1769859759.468, 1769859759.531, 1769859759.532, 1769859759.596, 1769859759.839"
1.0,0,1769859761.6052,2.4064,27,32,59,0.0725,0.0496,0.064,1.0,0.0,100.0,0.8043,1.4789,1.4789,1010.4845,1769859764.8167312,8.37,52,621,0.004,9,0,0,7.19,15.0,0,614,1769859759.468,-0.787,meta-llama/Llama-3.2-1B-Instruct,"1769859759.468, 1769859759.531, 1769859759.532, 1769859759.596, 1769859759.839"
1.0,0,1769859761.6655,2.4772,27,32,59,0.0703,0.0629,0.0718,1.0,0.0,100.0,0.8279,1.5476,1.5476,1012.0321,1769859764.9831727,8.36,52,622,0.005,10,0,0,7.19,15.0,0,614,1769859759.468,-0.787,meta-llama/Llama-3.2-1B-Instruct,"1769859759.468, 1769859759.531, 1769859759.532, 1769859759.596, 1769859759.839"
1.0,0,1769859762.0859,2.1963,27,32,59,0.0697,0.0552,0.0593,1.0,0.0,100.0,0.8547,1.266,1.266,1013.2981,1769859765.1418257,8.35,52,623,0.004,9,0,0,7.19,15.0,0,614,1769859759.468,-0.787,meta-llama/Llama-3.2-1B-Instruct,"1769859759.468, 1769859759.531, 1769859759.532, 1769859759.596, 1769859759.839"
1.0,0,1769859762.1588,2.2072,27,32,59,0.0519,0.049,0.0564,1.0,0.0,100.0,0.811,1.2591,1.2591,1014.5571,1769859765.179962,8.33,52,624,0.004,8,0,0,7.19,15.0,0,614,1769859759.468,-0.787,meta-llama/Llama-3.2-1B-Instruct,"1769859759.468, 1769859759.531, 1769859759.532, 1769859759.596, 1769859759.839"
1.0,0,1769859762.1617,2.3577,27,32,59,0.0695,0.0544,0.059,1.0,0.0,100.0,0.9404,1.4272,1.4272,1018.8903,1769859765.4714453,8.32,52,627,0.003,6,0,0,7.19,15.0,0,686,1769859764.204,-1.104,meta-llama/Llama-3.2-1B-Instruct,"1769859764.204, 1769859764.292, 1769859764.294, 1769859764.295, 1769859764.297"
1.0,0,1769859762.1631,2.4116,27,32,59,0.0667,0.0581,0.059,1.0,0.0,100.0,0.8943,1.4783,1.4783,1018.8903,1769859765.4716377,8.29,52,627,0.003,6,0,0,7.19,15.0,0,686,1769859764.204,-1.104,meta-llama/Llama-3.2-1B-Instruct,"1769859764.204, 1769859764.292, 1769859764.294, 1769859764.295, 1769859764.297"
1.0,0,1769859762.1603,2.3554,27,32,59,0.0722,0.0618,0.0683,1.0,0.0,100.0,0.9455,1.4277,1.4277,1018.8903,1769859765.471832,8.31,52,627,0.003,7,0,0,7.19,15.0,0,686,1769859764.204,-1.104,meta-llama/Llama-3.2-1B-Instruct,"1769859764.204, 1769859764.292, 1769859764.294, 1769859764.295, 1769859764.297"
1.0,0,1769859762.1646,2.4777,27,32,59,0.0763,0.0582,0.0592,1.0,0.0,100.0,0.9233,1.554,1.554,1020.4443,1769859765.5679598,8.28,52,628,0.004,8,0,0,7.19,15.0,0,686,1769859764.204,-1.104,meta-llama/Llama-3.2-1B-Instruct,"1769859764.204, 1769859764.292, 1769859764.294, 1769859764.295, 1769859764.297"
1.0,0,1769859762.166,2.5564,27,31,58,0.073,0.0704,0.0938,1.0,0.0,100.0,0.933,1.6294,1.6294,1022.0737,1769859765.6594322,8.27,52,629,0.004,9,1,0,7.19,15.0,0,686,1769859764.204,-1.104,meta-llama/Llama-3.2-1B-Instruct,"1769859764.204, 1769859764.292, 1769859764.294, 1769859764.295, 1769859764.297"
1.0,0,1769859762.1675,2.6333,27,32,59,0.0855,0.0576,0.0603,1.0,0.0,100.0,0.868,1.7188,1.7188,1023.7925,1769859765.6695607,8.25,52,630,0.004,9,0,0,7.19,15.0,0,686,1769859764.204,-1.104,meta-llama/Llama-3.2-1B-Instruct,"1769859764.204, 1769859764.292, 1769859764.294, 1769859764.295, 1769859764.297"
1.0,0,1769859762.3972,2.4747,27,32,59,0.0632,0.0542,0.0553,1.0,0.0,100.0,0.8416,1.5378,1.5378,1025.3303,1769859765.7163057,8.24,52,631,0.004,9,0,0,7.19,15.0,0,686,1769859764.204,-1.104,meta-llama/Llama-3.2-1B-Instruct,"1769859764.204, 1769859764.292, 1769859764.294, 1769859764.295, 1769859764.297"
1.0,0,1769859762.3988,2.5576,27,32,59,0.078,0.0627,0.0632,1.0,0.0,100.0,0.796,1.6356,1.6356,1026.9659,1769859765.7541022,8.23,52,632,0.004,9,0,0,7.19,15.0,0,686,1769859764.204,-1.104,meta-llama/Llama-3.2-1B-Instruct,"1769859764.204, 1769859764.292, 1769859764.294, 1769859764.295, 1769859764.297"
1.0,0,1769859762.4003,2.6204,27,32,59,0.0532,0.0508,0.0518,1.0,0.0,100.0,0.7596,1.6736,1.6736,1028.6395,1769859765.7884977,8.21,52,633,0.004,9,0,0,7.19,15.0,0,686,1769859764.204,-1.104,meta-llama/Llama-3.2-1B-Instruct,"1769859764.204, 1769859764.292, 1769859764.294, 1769859764.295, 1769859764.297"
1.0,0,1769859762.4681,2.6176,27,32,59,0.0501,0.0531,0.0566,1.0,0.0,100.0,0.7369,1.6677,1.6677,1030.3072,1769859765.824346,8.2,52,634,0.005,11,0,0,7.19,15.0,0,686,1769859764.204,-1.104,meta-llama/Llama-3.2-1B-Instruct,"1769859764.204, 1769859764.292, 1769859764.294, 1769859764.295, 1769859764.297"
1.0,0,1769859762.5565,2.6005,27,32,59,0.0563,0.0621,0.064,1.0,0.0,100.0,0.819,1.6567,1.6567,1031.964,1769859765.9775605,8.19,52,635,0.005,11,0,0,7.19,15.0,0,686,1769859764.204,-1.104,meta-llama/Llama-3.2-1B-Instruct,"1769859764.204, 1769859764.292, 1769859764.294, 1769859764.295, 1769859764.297"
1.0,0,1769859762.6942,2.5469,27,32,59,0.0707,0.061,0.0704,1.0,0.0,100.0,0.8677,1.6176,1.6176,1033.5816,1769859766.1148853,8.18,52,636,0.005,11,0,0,7.19,15.0,0,686,1769859764.204,-1.104,meta-llama/Llama-3.2-1B-Instruct,"1769859764.204, 1769859764.292, 1769859764.294, 1769859764.295, 1769859764.297"
1.0,0,1769859763.4255,2.4852,27,5,32,0.0629,0.0547,0.0547,1.0,0.0,100.0,0.218,1.5481,1.5481,1035.1297,1769859766.1293464,8.16,52,637,0.004,9,0,0,7.19,15.0,0,686,1769859764.204,-1.104,meta-llama/Llama-3.2-1B-Instruct,"1769859764.204, 1769859764.292, 1769859764.294, 1769859764.295, 1769859764.297"
1.0,0,1769859763.0613,2.2535,27,32,59,0.0875,0.061,0.0717,1.0,0.0,100.0,0.8776,1.3411,1.3411,1036.4708,1769859766.194411,8.15,52,638,0.006,12,0,0,7.19,15.0,0,686,1769859764.204,-1.104,meta-llama/Llama-3.2-1B-Instruct,"1769859764.204, 1769859764.292, 1769859764.294, 1769859764.295, 1769859764.297"
1.0,0,1769859763.2038,2.1825,27,32,59,0.0692,0.0562,0.0617,1.0,0.0,100.0,0.8666,1.2517,1.2517,1037.7225,1769859766.2685325,8.14,52,639,0.006,12,0,0,7.19,15.0,0,686,1769859764.204,-1.104,meta-llama/Llama-3.2-1B-Instruct,"1769859764.204, 1769859764.292, 1769859764.294, 1769859764.295, 1769859764.297"
1.0,0,1769859763.292,2.1909,27,32,59,0.0728,0.0496,0.0553,1.0,0.0,100.0,0.8659,1.2637,1.2637,1038.9861,1769859766.349583,8.12,52,640,0.005,11,0,0,7.19,15.0,0,686,1769859764.204,-1.104,meta-llama/Llama-3.2-1B-Instruct,"1769859764.204, 1769859764.292, 1769859764.294, 1769859764.295, 1769859764.297"
1.0,0,1769859763.2936,2.2494,27,32,59,0.0675,0.0543,0.0671,1.0,0.0,100.0,0.8292,1.3169,1.3169,1040.3031,1769859766.3736482,8.11,52,641,0.005,11,0,0,7.19,15.0,0,686,1769859764.204,-1.104,meta-llama/Llama-3.2-1B-Instruct,"1769859764.204, 1769859764.292, 1769859764.294, 1769859764.295, 1769859764.297"
1.0,0,1769859763.2952,2.4745,27,32,59,0.0905,0.0546,0.0585,1.0,0.0,100.0,1.0407,1.565,1.565,1046.6233,1769859766.8366776,8.1,52,645,0.005,11,0,0,7.19,15.0,0,686,1769859764.204,-1.104,meta-llama/Llama-3.2-1B-Instruct,"1769859764.204, 1769859764.292, 1769859764.294, 1769859764.295, 1769859764.297"
1.0,0,1769859763.2966,2.4655,27,32,59,0.1033,0.0542,0.0572,1.0,0.0,100.0,1.0608,1.5688,1.5688,1046.6233,1769859766.8378117,8.07,52,645,0.005,10,0,0,7.19,15.0,0,686,1769859764.204,-1.104,meta-llama/Llama-3.2-1B-Instruct,"1769859764.204, 1769859764.292, 1769859764.294, 1769859764.295, 1769859764.297"
1.0,0,1769859763.2995,2.5515,27,32,59,0.0711,0.0534,0.0734,1.0,0.0,100.0,0.9833,1.6226,1.6226,1046.6233,1769859766.8394756,8.06,52,645,0.003,7,2,0,7.19,15.0,0,686,1769859764.204,-1.104,meta-llama/Llama-3.2-1B-Instruct,"1769859764.204, 1769859764.292, 1769859764.294, 1769859764.295, 1769859764.297"
1.0,0,1769859763.2981,2.4938,27,32,59,0.07,0.0539,0.0549,1.0,0.0,100.0,1.0282,1.5638,1.5638,1046.6233,1769859766.8401952,8.09,52,645,0.004,8,0,0,7.19,15.0,0,686,1769859764.204,-1.104,meta-llama/Llama-3.2-1B-Instruct,"1769859764.204, 1769859764.292, 1769859764.294, 1769859764.295, 1769859764.297"
1.0,0,1769859763.427,2.5611,27,32,59,0.0661,0.0491,0.0596,1.0,0.0,100.0,0.9523,1.6272,1.6272,1049.7958,1769859766.945721,8.04,52,647,0.004,10,0,0,7.19,15.0,0,686,1769859764.204,-1.104,meta-llama/Llama-3.2-1B-Instruct,"1769859764.204, 1769859764.292, 1769859764.294, 1769859764.295, 1769859764.297"
1.0,0,1769859763.5555,2.4867,27,32,59,0.0586,0.0609,0.0625,1.0,0.0,100.0,0.8939,1.5454,1.5454,1049.7958,1769859766.946003,8.05,52,647,0.005,10,0,0,7.19,15.0,0,686,1769859764.204,-1.104,meta-llama/Llama-3.2-1B-Instruct,"1769859764.204, 1769859764.292, 1769859764.294, 1769859764.295, 1769859764.297"
1.0,0,1769859763.5571,2.552,27,32,59,0.0543,0.0518,0.0659,1.0,0.0,100.0,0.8628,1.6063,1.6063,1051.4022,1769859766.972765,8.02,52,648,0.005,11,0,0,7.19,15.0,0,686,1769859764.204,-1.104,meta-llama/Llama-3.2-1B-Instruct,"1769859764.204, 1769859764.292, 1769859764.294, 1769859764.295, 1769859764.297"
1.0,0,1769859763.6124,2.5623,27,32,59,0.0523,0.0527,0.0594,1.0,0.0,100.0,0.8248,1.6146,1.6146,1053.0167,1769859767.0019987,8.01,52,649,0.005,11,0,0,7.19,15.0,0,686,1769859764.204,-1.104,meta-llama/Llama-3.2-1B-Instruct,"1769859764.204, 1769859764.292, 1769859764.294, 1769859764.295, 1769859764.297"
1.0,0,1769859763.6138,2.649,27,32,59,0.0807,0.0565,0.064,1.0,0.0,100.0,0.8878,1.7296,1.7296,1054.7464,1769859767.1560469,8.0,52,650,0.005,11,0,0,7.19,15.0,0,686,1769859764.204,-1.104,meta-llama/Llama-3.2-1B-Instruct,"1769859764.204, 1769859764.292, 1769859764.294, 1769859764.295, 1769859764.297"
1.0,0,1769859763.7807,2.5628,27,32,59,0.077,0.0565,0.064,1.0,0.0,100.0,0.9561,1.6398,1.6398,1056.3862,1769859767.3020384,7.99,52,651,0.005,10,0,0,7.19,15.0,0,686,1769859764.204,-1.104,meta-llama/Llama-3.2-1B-Instruct,"1769859764.204, 1769859764.292, 1769859764.294, 1769859764.295, 1769859764.297"
1.0,0,1769859764.9945,2.2864,27,0,27,,,,1.0,,,0.0905,1.377,1.377,1059.2366,1769859767.3748455,7.98,52,653,0.006,13,1,0,7.19,15.0,0,686,1769859764.204,-1.104,meta-llama/Llama-3.2-1B-Instruct,"1769859764.204, 1769859764.292, 1769859764.294, 1769859764.295, 1769859764.297"
1.0,0,1769859763.9873,2.4229,27,32,59,0.0506,0.067,0.0766,1.0,0.0,100.0,0.9634,1.4734,1.4734,1059.2366,1769859767.375063,7.96,52,653,0.004,9,0,0,7.19,15.0,0,686,1769859764.204,-1.104,meta-llama/Llama-3.2-1B-Instruct,"1769859764.204, 1769859764.292, 1769859764.294, 1769859764.295, 1769859764.297"
1.0,0,1769859763.9889,2.4934,27,30,57,0.0638,0.0597,0.0621,1.0,0.0,100.0,0.9493,1.5572,1.5572,1060.7938,1769859767.437169,7.95,52,654,0.005,11,0,0,7.19,15.0,0,686,1769859764.204,-1.104,meta-llama/Llama-3.2-1B-Instruct,"1769859764.204, 1769859764.292, 1769859764.294, 1769859764.295, 1769859764.297"
1.0,0,1769859763.9904,2.5612,27,32,59,0.0571,0.0625,0.0706,1.0,0.0,100.0,0.9509,1.6183,1.6183,1063.8826,1769859767.5097034,7.94,52,656,0.006,12,0,0,7.19,15.0,0,686,1769859764.204,-1.104,meta-llama/Llama-3.2-1B-Instruct,"1769859764.204, 1769859764.292, 1769859764.294, 1769859764.295, 1769859764.297"
1.0,0,1769859764.1843,2.4081,27,32,59,0.0625,0.0699,0.0751,1.0,0.0,100.0,0.9153,1.4705,1.4705,1063.8826,1769859767.5105407,7.93,52,656,0.006,12,0,0,7.19,15.0,0,686,1769859764.204,-1.104,meta-llama/Llama-3.2-1B-Instruct,"1769859764.204, 1769859764.292, 1769859764.294, 1769859764.295, 1769859764.297"
1.0,0,1769859764.1858,2.4762,27,32,59,0.058,0.0654,0.0709,1.0,0.0,100.0,0.9064,1.5342,1.5342,1065.4168,1769859767.5827322,7.91,52,657,0.006,13,0,0,7.19,15.0,0,686,1769859764.204,-1.104,meta-llama/Llama-3.2-1B-Instruct,"1769859764.204, 1769859764.292, 1769859764.294, 1769859764.295, 1769859764.297"
1.0,0,1769859765.5184,2.0539,27,0,27,,,,1.0,,,0.0949,1.1488,1.1488,1066.5656,1769859767.6705344,7.9,52,658,0.006,12,0,0,7.19,15.0,0,686,1769859764.204,-1.104,meta-llama/Llama-3.2-1B-Instruct,"1769859764.204, 1769859764.292, 1769859764.294, 1769859764.295, 1769859764.297"
1.0,0,1769859764.1871,2.5467,27,32,59,0.0775,0.0636,0.0645,1.0,0.0,100.0,0.9395,1.6242,1.6242,1068.1898,1769859767.6748252,7.89,52,659,0.007,15,0,0,7.19,15.0,0,686,1769859764.204,-1.104,meta-llama/Llama-3.2-1B-Instruct,"1769859764.204, 1769859764.292, 1769859764.294, 1769859764.295, 1769859764.297"
1.0,0,1769859764.1885,2.6169,27,31,58,0.0778,0.0707,0.0814,1.0,0.0,100.0,0.893,1.6947,1.6947,1069.8846,1769859767.7026138,7.88,52,660,0.006,13,0,0,7.19,15.0,0,686,1769859764.204,-1.104,meta-llama/Llama-3.2-1B-Instruct,"1769859764.204, 1769859764.292, 1769859764.294, 1769859764.295, 1769859764.297"
1.0,0,1769859764.3408,2.6762,27,32,59,0.1028,0.0624,0.0635,1.0,0.0,100.0,1.0652,1.779,1.779,1074.5191,1769859768.090633,7.87,52,663,0.006,12,0,0,7.19,15.0,0,686,1769859764.204,-1.104,meta-llama/Llama-3.2-1B-Instruct,"1769859764.204, 1769859764.292, 1769859764.294, 1769859764.295, 1769859764.297"
1.0,0,1769859764.6102,2.4109,27,32,59,0.0996,0.0651,0.0666,1.0,0.0,100.0,1.0615,1.5105,1.5105,1074.5191,1769859768.0908737,7.85,52,663,0.006,11,0,0,7.19,15.0,0,686,1769859764.204,-1.104,meta-llama/Llama-3.2-1B-Instruct,"1769859764.204, 1769859764.292, 1769859764.294, 1769859764.295, 1769859764.297"
1.0,0,1769859764.7771,2.2825,27,32,59,0.0626,0.0603,0.0672,1.0,0.0,100.0,1.0307,1.345,1.345,1074.5191,1769859768.0934415,7.84,52,663,0.005,9,0,0,7.19,15.0,0,686,1769859764.204,-1.104,meta-llama/Llama-3.2-1B-Instruct,"1769859764.204, 1769859764.292, 1769859764.294, 1769859764.295, 1769859764.297"
1.0,0,1769859764.7786,2.3449,27,32,59,0.0614,0.06,0.0646,1.0,0.0,100.0,1.006,1.4064,1.4064,1075.9255,1769859768.130659,7.83,52,664,0.005,11,1,0,7.19,15.0,0,686,1769859764.204,-1.104,meta-llama/Llama-3.2-1B-Instruct,"1769859764.204, 1769859764.292, 1769859764.294, 1769859764.295, 1769859764.297"
1.0,0,1769859764.85,2.3625,27,33,60,0.0656,0.0642,0.0646,1.0,0.0,100.0,0.9359,1.4281,1.4281,1078.7838,1769859768.1496181,7.82,52,666,0.006,12,0,0,7.19,15.0,0,686,1769859764.204,-1.104,meta-llama/Llama-3.2-1B-Instruct,"1769859764.204, 1769859764.292, 1769859764.294, 1769859764.295, 1769859764.297"
1.0,0,1769859764.8486,2.3247,27,32,59,0.1056,0.0677,0.0765,1.0,0.0,100.0,0.9756,1.4303,1.4303,1078.7838,1769859768.1499498,7.81,52,666,0.005,11,0,0,7.19,15.0,0,686,1769859764.204,-1.104,meta-llama/Llama-3.2-1B-Instruct,"1769859764.204, 1769859764.292, 1769859764.294, 1769859764.295, 1769859764.297"
1.0,0,1769859764.9961,2.3506,27,32,59,0.0578,0.0612,0.0685,1.0,0.0,100.0,0.8582,1.4085,1.4085,1080.1923,1769859768.2056236,7.8,52,667,0.006,13,0,0,7.19,15.0,0,686,1769859764.204,-1.104,meta-llama/Llama-3.2-1B-Instruct,"1769859764.204, 1769859764.292, 1769859764.294, 1769859764.295, 1769859764.297"
1.0,0,1769859765.1186,2.3004,27,32,59,0.0509,0.055,0.0652,1.0,0.0,100.0,0.8092,1.3514,1.3514,1081.5436,1769859768.229684,7.78,52,668,0.007,13,0,0,7.19,15.0,0,686,1769859764.204,-1.104,meta-llama/Llama-3.2-1B-Instruct,"1769859764.204, 1769859764.292, 1769859764.294, 1769859764.295, 1769859764.297"
1.0,0,1769859765.3636,2.1212,27,32,59,0.0617,0.0584,0.066,1.0,0.0,100.0,0.7906,1.183,1.183,1082.7266,1769859768.2798395,7.77,52,669,0.006,13,0,0,7.19,15.0,0,686,1769859764.204,-1.104,meta-llama/Llama-3.2-1B-Instruct,"1769859764.204, 1769859764.292, 1769859764.294, 1769859764.295, 1769859764.297"
1.0,0,1769859765.5869,2.0558,27,32,59,0.0575,0.0581,0.0595,1.0,0.0,100.0,0.7902,1.1134,1.1134,1083.8399,1769859768.440928,7.76,52,670,0.005,11,1,0,7.19,15.0,0,686,1769859764.204,-1.104,meta-llama/Llama-3.2-1B-Instruct,"1769859764.204, 1769859764.292, 1769859764.294, 1769859764.295, 1769859764.297"
1.0,0,1769859765.5883,2.128,27,32,59,0.0739,0.05,0.0553,1.0,0.0,100.0,0.7993,1.2019,1.2019,1086.2304,1769859768.5316823,7.75,52,672,0.004,10,0,0,7.19,15.0,0,686,1769859764.204,-1.104,meta-llama/Llama-3.2-1B-Instruct,"1769859764.204, 1769859764.292, 1769859764.294, 1769859764.295, 1769859764.297"
1.0,0,1769859765.6682,2.1113,27,32,59,0.0773,0.0515,0.0576,1.0,0.0,100.0,0.749,1.1886,1.1886,1086.2304,1769859768.5380387,7.74,52,672,0.005,10,0,0,7.19,15.0,0,686,1769859764.204,-1.104,meta-llama/Llama-3.2-1B-Instruct,"1769859764.204, 1769859764.292, 1769859764.294, 1769859764.295, 1769859764.297"
1.0,0,1769859765.6702,2.1711,27,32,59,0.0627,0.0453,0.0502,1.0,0.0,100.0,0.7471,1.2338,1.2338,1087.4642,1769859768.5893805,7.73,52,673,0.005,11,0,0,7.19,15.0,0,686,1769859764.204,-1.104,meta-llama/Llama-3.2-1B-Instruct,"1769859764.204, 1769859764.292, 1769859764.294, 1769859764.295, 1769859764.297"
1.0,0,1769859765.7406,2.189,27,32,59,0.0578,0.055,0.1308,1.0,0.0,100.0,0.8221,1.2468,1.2468,1088.711,1769859768.763326,7.72,52,674,0.007,13,0,0,7.19,15.0,0,686,1769859764.204,-1.104,meta-llama/Llama-3.2-1B-Instruct,"1769859764.204, 1769859764.292, 1769859764.294, 1769859764.295, 1769859764.297"
1.0,0,1769859765.7422,2.2414,27,32,59,0.0666,0.0521,0.1333,1.0,0.0,100.0,0.8378,1.308,1.308,1090.019,1769859768.8353007,7.7,52,675,0.007,13,0,0,7.19,15.0,0,686,1769859764.204,-1.104,meta-llama/Llama-3.2-1B-Instruct,"1769859764.204, 1769859764.292, 1769859764.294, 1769859764.295, 1769859764.297"
1.0,0,1769859765.8175,2.2468,27,32,59,0.0617,0.0514,0.1292,1.0,0.0,100.0,0.8223,1.3084,1.3084,1091.3275,1769859768.9002275,7.69,52,676,0.008,15,0,0,7.19,15.0,0,686,1769859764.204,-1.104,meta-llama/Llama-3.2-1B-Instruct,"1769859764.204, 1769859764.292, 1769859764.294, 1769859764.295, 1769859764.297"
1.0,0,1769859765.824,2.4184,27,32,59,0.0801,0.059,0.1301,1.0,0.0,100.0,0.9683,1.4985,1.4985,1094.3147,1769859769.2147481,7.68,52,678,0.006,12,0,0,7.19,15.0,0,686,1769859764.204,-1.104,meta-llama/Llama-3.2-1B-Instruct,"1769859764.204, 1769859764.292, 1769859764.294, 1769859764.295, 1769859764.297"
1.0,0,1769859765.8264,2.4208,27,32,59,0.068,0.0544,0.1291,1.0,0.0,100.0,0.967,1.4888,1.4888,1094.3147,1769859769.2154846,7.67,52,678,0.004,8,0,0,7.19,15.0,0,686,1769859764.204,-1.104,meta-llama/Llama-3.2-1B-Instruct,"1769859764.204, 1769859764.292, 1769859764.294, 1769859764.295, 1769859764.297"
1.0,0,1769859765.8754,2.4422,27,32,59,0.0636,0.063,0.137,1.0,0.0,100.0,0.9427,1.5059,1.5059,1095.8206,1769859769.269494,7.66,52,679,0.004,7,0,0,7.19,15.0,0,686,1769859764.204,-1.104,meta-llama/Llama-3.2-1B-Instruct,"1769859764.204, 1769859764.292, 1769859764.294, 1769859764.295, 1769859764.297"
1.0,0,1769859765.8843,2.5187,27,32,59,0.0884,0.0588,0.1296,1.0,0.0,100.0,0.9494,1.6071,1.6071,1097.4277,1769859769.355071,7.65,52,680,0.005,10,0,0,7.19,15.0,0,686,1769859764.204,-1.104,meta-llama/Llama-3.2-1B-Instruct,"1769859764.204, 1769859764.292, 1769859764.294, 1769859764.295, 1769859764.297"
1.0,0,1769859766.0737,2.4834,27,31,58,0.1023,0.0588,0.0667,1.0,0.0,100.0,0.8782,1.5858,1.5858,1103.7949,1769859769.439962,7.61,52,684,0.004,8,0,0,7.19,15.0,0,686,1769859764.204,-1.104,meta-llama/Llama-3.2-1B-Instruct,"1769859764.204, 1769859764.292, 1769859764.294, 1769859764.295, 1769859764.297"
1.0,0,1769859766.0722,2.4607,27,32,59,0.0847,0.0583,0.1001,1.0,0.0,100.0,0.8993,1.5454,1.5454,1103.7949,1769859769.4401612,7.62,52,684,0.005,9,0,0,7.19,15.0,0,686,1769859764.204,-1.104,meta-llama/Llama-3.2-1B-Instruct,"1769859764.204, 1769859764.292, 1769859764.294, 1769859764.295, 1769859764.297"
1.0,0,1769859766.0765,2.5793,27,32,59,0.0708,0.0564,0.0588,1.0,0.0,100.0,0.7806,1.65,1.65,1103.7949,1769859769.4403708,7.6,52,684,0.004,9,1,0,7.19,15.0,0,686,1769859764.204,-1.104,meta-llama/Llama-3.2-1B-Instruct,"1769859764.204, 1769859764.292, 1769859764.294, 1769859764.295, 1769859764.297"
1.0,0,1769859766.0751,2.5282,27,32,59,0.0578,0.0613,0.0657,1.0,0.0,100.0,0.8285,1.5859,1.5859,1103.7949,1769859769.4405415,7.64,52,684,0.004,8,1,0,7.19,15.0,0,686,1769859764.204,-1.104,meta-llama/Llama-3.2-1B-Instruct,"1769859764.204, 1769859764.292, 1769859764.294, 1769859764.295, 1769859764.297"
1.0,0,1769859766.078,2.6283,27,32,59,0.1147,0.0562,0.064,1.0,0.0,100.0,0.7903,1.743,1.743,1105.5379,1769859769.502329,7.59,52,685,0.005,10,0,0,7.19,15.0,0,686,1769859764.204,-1.104,meta-llama/Llama-3.2-1B-Instruct,"1769859764.204, 1769859764.292, 1769859764.294, 1769859764.295, 1769859764.297"
1.0,0,1769859766.1514,2.6473,27,32,59,0.0991,0.063,0.0906,1.0,0.0,100.0,0.8556,1.7463,1.7463,1107.2842,1769859769.6570177,7.58,52,686,0.005,10,0,0,7.19,15.0,0,686,1769859764.204,-1.104,meta-llama/Llama-3.2-1B-Instruct,"1769859764.204, 1769859764.292, 1769859764.294, 1769859764.295, 1769859764.297"
1.0,0,1769859766.3055,2.5676,27,32,59,0.0813,0.0597,0.0941,1.0,0.0,100.0,0.8326,1.6488,1.6488,1108.933,1769859769.7128322,7.57,52,687,0.005,10,1,0,7.19,15.0,0,686,1769859764.204,-1.104,meta-llama/Llama-3.2-1B-Instruct,"1769859764.204, 1769859764.292, 1769859764.294, 1769859764.295, 1769859764.297"
1.0,0,1769859766.3071,2.631,27,32,59,0.0745,0.0471,0.093,1.0,0.0,100.0,0.8217,1.7055,1.7055,1110.6385,1769859769.7616894,7.56,52,688,0.005,10,1,0,7.19,15.0,0,686,1769859764.204,-1.104,meta-llama/Llama-3.2-1B-Instruct,"1769859764.204, 1769859764.292, 1769859764.294, 1769859764.295, 1769859764.297"
1.0,0,1769859766.3869,2.6171,27,32,59,0.0659,0.047,0.0922,1.0,0.0,100.0,0.7905,1.683,1.683,1112.3215,1769859769.7959516,7.55,52,689,0.005,12,0,0,7.19,15.0,0,686,1769859764.204,-1.104,meta-llama/Llama-3.2-1B-Instruct,"1769859764.204, 1769859764.292, 1769859764.294, 1769859764.295, 1769859764.297"
1.0,0,1769859766.4469,2.6239,27,32,59,0.0611,0.055,0.0914,1.0,0.0,100.0,0.7861,1.6849,1.6849,1114.0065,1769859769.864862,7.54,52,690,0.006,12,0,0,7.19,15.0,0,686,1769859764.204,-1.104,meta-llama/Llama-3.2-1B-Instruct,"1769859764.204, 1769859764.292, 1769859764.294, 1769859764.295, 1769859764.297"
1.0,0,1769859766.9321,2.2162,27,32,59,0.0597,0.0698,0.0973,1.0,0.0,100.0,0.7986,1.2759,1.2759,1115.2823,1769859769.9477887,7.53,52,691,0.007,14,0,0,7.19,15.0,0,686,1769859764.204,-1.104,meta-llama/Llama-3.2-1B-Instruct,"1769859764.204, 1769859764.292, 1769859764.294, 1769859764.295, 1769859764.297"
1.0,0,1769859767.0366,2.1995,27,32,59,0.0681,0.07,0.0988,1.0,0.0,100.0,0.8139,1.2676,1.2676,1116.5499,1769859770.05514,7.51,52,692,0.007,13,0,0,7.19,15.0,0,686,1769859764.204,-1.104,meta-llama/Llama-3.2-1B-Instruct,"1769859764.204, 1769859764.292, 1769859764.294, 1769859764.295, 1769859764.297"
1.0,0,1769859767.0393,2.4326,27,31,58,0.0998,0.0618,0.063,1.0,0.0,100.0,0.855,1.5323,1.5323,1120.82,1769859770.3367062,7.49,52,695,0.007,13,0,0,7.19,15.0,0,686,1769859764.204,-1.104,meta-llama/Llama-3.2-1B-Instruct,"1769859764.204, 1769859764.292, 1769859764.294, 1769859764.295, 1769859764.297"
1.0,0,1769859767.2545,2.2438,27,32,59,0.0749,0.0567,0.06,1.0,0.0,100.0,0.8264,1.3186,1.3186,1120.82,1769859770.3392844,7.5,52,695,0.004,8,0,0,7.19,15.0,0,686,1769859764.204,-1.104,meta-llama/Llama-3.2-1B-Instruct,"1769859764.204, 1769859764.292, 1769859764.294, 1769859764.295, 1769859764.297"
1.0,0,1769859767.1508,2.3233,27,32,59,0.0958,0.0578,0.0625,1.0,0.0,100.0,0.8576,1.4192,1.4192,1122.1262,1769859770.3453417,7.48,52,696,0.006,12,0,0,7.19,15.0,0,686,1769859764.204,-1.104,meta-llama/Llama-3.2-1B-Instruct,"1769859764.204, 1769859764.292, 1769859764.294, 1769859764.295, 1769859764.297"
1.0,0,1769859767.3198,2.2377,27,32,59,0.0684,0.0589,0.0602,1.0,0.0,100.0,0.7875,1.3061,1.3061,1122.1262,1769859770.346523,7.47,52,696,0.005,9,1,0,7.19,15.0,0,686,1769859764.204,-1.104,meta-llama/Llama-3.2-1B-Instruct,"1769859764.204, 1769859764.292, 1769859764.294, 1769859764.295, 1769859764.297"
1.0,0,1769859767.5321,2.3963,27,18,45,0.069,0.0459,0.0459,1.0,0.0,100.0,0.4304,1.4653,1.4653,1123.5915,1769859770.3605092,7.46,52,697,0.004,9,0,0,7.19,15.0,0,686,1769859764.204,-1.104,meta-llama/Llama-3.2-1B-Instruct,"1769859764.204, 1769859764.292, 1769859764.294, 1769859764.295, 1769859764.297"
1.0,0,1769859767.3937,2.2186,27,32,59,0.0822,0.066,0.0718,1.0,0.0,100.0,0.808,1.3008,1.3008,1124.8923,1769859770.4274018,7.45,52,698,0.005,10,0,0,7.19,15.0,0,742,1769859769.04,-1.343,meta-llama/Llama-3.2-1B-Instruct,"1769859769.040, 1769859769.112, 1769859769.379, 1769859769.381, 1769859769.528"
1.0,0,1769859767.3952,2.3002,27,32,59,0.0872,0.0568,0.0635,1.0,0.0,100.0,0.7855,1.3874,1.3874,1126.2797,1769859770.4817257,7.44,52,699,0.005,10,1,0,7.19,15.0,0,742,1769859769.04,-1.343,meta-llama/Llama-3.2-1B-Instruct,"1769859769.040, 1769859769.112, 1769859769.379, 1769859769.381, 1769859769.528"
1.0,0,1769859767.3967,2.3674,27,32,59,0.0702,0.0656,0.0667,1.0,0.0,100.0,0.7945,1.4376,1.4376,1127.7172,1769859770.5667832,7.43,52,700,0.005,10,0,0,7.19,15.0,0,742,1769859769.04,-1.343,meta-llama/Llama-3.2-1B-Instruct,"1769859769.040, 1769859769.112, 1769859769.379, 1769859769.381, 1769859769.528"
1.0,0,1769859767.407,2.462,27,32,59,0.0759,0.0531,0.0533,1.0,0.0,100.0,0.7726,1.5379,1.5379,1129.2551,1769859770.6431239,7.42,52,701,0.005,10,0,0,7.19,15.0,0,742,1769859769.04,-1.343,meta-llama/Llama-3.2-1B-Instruct,"1769859769.040, 1769859769.112, 1769859769.379, 1769859769.381, 1769859769.528"
1.0,0,1769859767.8924,2.0981,27,31,58,0.0622,0.0538,0.0553,1.0,0.0,100.0,0.7052,1.1604,1.1604,1130.4155,1769859770.6967285,7.41,52,702,0.004,10,0,0,7.19,15.0,0,742,1769859769.04,-1.343,meta-llama/Llama-3.2-1B-Instruct,"1769859769.040, 1769859769.112, 1769859769.379, 1769859769.381, 1769859769.528"
1.0,0,1769859767.8939,2.1802,27,32,59,0.0685,0.0482,0.0586,1.0,0.0,100.0,0.6788,1.2487,1.2487,1131.6642,1769859770.7543283,7.4,52,703,0.004,10,0,0,7.19,15.0,0,742,1769859769.04,-1.343,meta-llama/Llama-3.2-1B-Instruct,"1769859769.040, 1769859769.112, 1769859769.379, 1769859769.381, 1769859769.528"
1.0,0,1769859767.8953,2.2474,27,32,59,0.0727,0.0508,0.0546,1.0,0.0,100.0,0.6701,1.3201,1.3201,1132.9843,1769859770.8138363,7.39,52,704,0.005,10,0,0,7.19,15.0,0,742,1769859769.04,-1.343,meta-llama/Llama-3.2-1B-Instruct,"1769859769.040, 1769859769.112, 1769859769.379, 1769859769.381, 1769859769.528"
1.0,0,1769859768.5787,2.2697,27,0,27,,,,1.0,,,0.0829,1.3526,1.3526,1134.3369,1769859770.9359496,7.38,52,705,0.003,6,1,0,7.19,15.0,0,742,1769859769.04,-1.343,meta-llama/Llama-3.2-1B-Instruct,"1769859769.040, 1769859769.112, 1769859769.379, 1769859769.381, 1769859769.528"
1.0,0,1769859767.8966,2.4162,27,32,59,0.1013,0.0596,0.0689,1.0,0.0,100.0,0.8225,1.5175,1.5175,1135.8544,1769859771.1393113,7.37,52,706,0.007,12,0,0,7.19,15.0,0,742,1769859769.04,-1.343,meta-llama/Llama-3.2-1B-Instruct,"1769859769.040, 1769859769.112, 1769859769.379, 1769859769.381, 1769859769.528"
1.0,0,1769859768.1117,2.4283,27,32,59,0.0793,0.0651,0.2129,1.0,0.0,100.0,0.8222,1.5076,1.5076,1138.876,1769859771.3846734,7.36,52,708,0.004,8,0,0,7.19,15.0,0,742,1769859769.04,-1.343,meta-llama/Llama-3.2-1B-Instruct,"1769859769.040, 1769859769.112, 1769859769.379, 1769859769.381, 1769859769.528"
1.0,0,1769859767.9632,2.4412,27,32,59,0.0728,0.065,0.2331,1.0,0.0,100.0,0.9748,1.514,1.514,1140.3571,1769859771.3965409,7.34,52,709,0.004,8,0,0,7.19,15.0,0,742,1769859769.04,-1.343,meta-llama/Llama-3.2-1B-Instruct,"1769859769.040, 1769859769.112, 1769859769.379, 1769859769.381, 1769859769.528"
1.0,0,1769859768.0398,2.4281,27,31,58,0.053,0.0615,0.2532,1.0,0.0,100.0,0.9187,1.4811,1.4811,1140.3571,1769859771.406366,7.33,52,709,0.003,7,0,0,7.19,15.0,0,742,1769859769.04,-1.343,meta-llama/Llama-3.2-1B-Instruct,"1769859769.040, 1769859769.112, 1769859769.379, 1769859769.381, 1769859769.528"
1.0,0,1769859768.3814,2.337,27,31,58,0.0716,0.0706,0.2383,1.0,0.0,100.0,0.7162,1.4086,1.4086,1143.1759,1769859771.4422305,7.32,52,711,0.003,7,0,0,7.19,15.0,0,742,1769859769.04,-1.343,meta-llama/Llama-3.2-1B-Instruct,"1769859769.040, 1769859769.112, 1769859769.379, 1769859769.381, 1769859769.528"
1.0,0,1769859768.3789,2.3343,27,32,59,0.0759,0.0615,0.2275,1.0,0.0,100.0,0.7246,1.4102,1.4102,1143.1759,1769859771.4443452,7.31,52,711,0.004,7,1,0,7.19,15.0,0,742,1769859769.04,-1.343,meta-llama/Llama-3.2-1B-Instruct,"1769859769.040, 1769859769.112, 1769859769.379, 1769859769.381, 1769859769.528"
1.0,0,1769859768.5281,2.262,27,32,59,0.0742,0.0644,0.2419,1.0,0.0,100.0,0.671,1.3362,1.3362,1144.5121,1769859771.4645853,7.3,52,712,0.002,5,1,0,7.19,15.0,0,742,1769859769.04,-1.343,meta-llama/Llama-3.2-1B-Instruct,"1769859769.040, 1769859769.112, 1769859769.379, 1769859769.381, 1769859769.528"
1.0,0,1769859768.6261,2.2898,27,32,59,0.0572,0.0841,0.2194,1.0,0.0,100.0,0.6997,1.347,1.347,1145.8591,1769859771.6170053,7.29,52,713,0.003,7,0,0,7.19,15.0,0,742,1769859769.04,-1.343,meta-llama/Llama-3.2-1B-Instruct,"1769859769.040, 1769859769.112, 1769859769.379, 1769859769.381, 1769859769.528"
1.0,0,1769859768.6822,2.306,27,32,59,0.0479,0.0802,0.224,1.0,0.0,100.0,0.7151,1.3538,1.3538,1148.6477,1769859771.7093363,7.28,52,715,0.004,8,0,0,7.19,15.0,0,742,1769859769.04,-1.343,meta-llama/Llama-3.2-1B-Instruct,"1769859769.040, 1769859769.112, 1769859769.379, 1769859769.381, 1769859769.528"
1.0,0,1769859768.6838,2.3651,27,32,59,0.0696,0.0842,0.2463,1.0,0.0,100.0,0.6601,1.4347,1.4347,1148.6477,1769859771.712715,7.27,52,715,0.004,9,0,0,7.19,15.0,0,742,1769859769.04,-1.343,meta-llama/Llama-3.2-1B-Instruct,"1769859769.040, 1769859769.112, 1769859769.379, 1769859769.381, 1769859769.528"
1.0,0,1769859768.6853,2.4248,27,29,56,0.2774,0.0507,0.0804,1.0,0.0,100.0,0.6401,1.7022,1.7022,1150.3499,1769859771.7538872,7.26,52,716,0.005,10,0,0,7.19,15.0,0,742,1769859769.04,-1.343,meta-llama/Llama-3.2-1B-Instruct,"1769859769.040, 1769859769.112, 1769859769.379, 1769859769.381, 1769859769.528"
1.0,0,1769859769.6686,2.0219,27,1,28,0.0623,,,1.0,,,0.072,1.0842,1.0842,1151.4341,1769859771.7677689,7.25,52,717,0.002,6,0,0,7.19,15.0,0,742,1769859769.04,-1.343,meta-llama/Llama-3.2-1B-Instruct,"1769859769.040, 1769859769.112, 1769859769.379, 1769859769.381, 1769859769.528"
1.0,0,1769859769.8166,1.9972,27,0,27,,,,1.0,,,0.075,1.0722,1.0722,1152.5063,1769859771.8935378,7.24,52,718,0.002,4,0,0,7.19,15.0,0,742,1769859769.04,-1.343,meta-llama/Llama-3.2-1B-Instruct,"1769859769.040, 1769859769.112, 1769859769.379, 1769859769.381, 1769859769.528"
1.0,0,1769859769.1939,2.318,27,14,41,0.0565,0.0619,0.0619,1.0,0.0,100.0,0.4132,1.3745,1.3745,1153.8808,1769859771.92642,7.23,52,719,0.002,4,0,0,7.19,15.0,0,742,1769859769.04,-1.343,meta-llama/Llama-3.2-1B-Instruct,"1769859769.040, 1769859769.112, 1769859769.379, 1769859769.381, 1769859769.528"
1.0,0,1769859768.6868,2.7779,27,32,59,0.1031,0.0682,0.1157,1.0,0.0,100.0,1.0787,1.881,1.881,1156.9217,1769859772.546779,7.22,52,721,0.002,4,0,0,7.19,15.0,0,742,1769859769.04,-1.343,meta-llama/Llama-3.2-1B-Instruct,"1769859769.040, 1769859769.112, 1769859769.379, 1769859769.381, 1769859769.528"
1.0,0,1769859769.4519,2.108,27,32,59,0.0519,0.0713,0.1154,1.0,0.0,100.0,0.9855,1.1599,1.1599,1156.9217,1769859772.5475857,7.21,52,721,0.003,5,1,0,7.19,15.0,0,742,1769859769.04,-1.343,meta-llama/Llama-3.2-1B-Instruct,"1769859769.040, 1769859769.112, 1769859769.379, 1769859769.381, 1769859769.528"
1.0,0,1769859769.5242,2.0785,27,32,59,0.0651,0.0789,0.1133,1.0,0.0,100.0,0.9826,1.1436,1.1436,1158.0653,1769859772.5906243,7.2,52,722,0.003,6,0,0,7.19,15.0,0,742,1769859769.04,-1.343,meta-llama/Llama-3.2-1B-Instruct,"1769859769.040, 1769859769.112, 1769859769.379, 1769859769.381, 1769859769.528"
1.0,0,1769859770.588,2.0169,27,2,29,0.0716,0.0228,0.0228,1.0,0.0,100.0,0.1004,1.0884,1.0884,1160.3066,1769859772.714886,7.19,52,724,0.005,12,0,0,7.19,15.0,0,742,1769859769.04,-1.343,meta-llama/Llama-3.2-1B-Instruct,"1769859769.040, 1769859769.112, 1769859769.379, 1769859769.381, 1769859769.528"
1.0,0,1769859769.6703,2.0857,27,32,59,0.0673,0.0644,0.112,1.0,0.0,100.0,0.9581,1.1529,1.1529,1160.3066,1769859772.7174659,7.18,52,724,0.002,5,0,0,7.19,15.0,0,742,1769859769.04,-1.343,meta-llama/Llama-3.2-1B-Instruct,"1769859769.040, 1769859769.112, 1769859769.379, 1769859769.381, 1769859769.528"
1.0,0,1769859770.3788,1.9686,27,12,39,0.0752,0.0616,0.0616,1.0,0.0,100.0,0.4375,1.0439,1.0439,1161.3505,1769859772.7922974,7.17,52,725,0.005,10,1,0,7.19,15.0,0,742,1769859769.04,-1.343,meta-llama/Llama-3.2-1B-Instruct,"1769859769.040, 1769859769.112, 1769859769.379, 1769859769.381, 1769859769.528"
1.0,0,1769859769.9011,2.0541,27,32,59,0.1303,0.062,0.0665,1.0,0.0,100.0,1.0455,1.1845,1.1845,1165.6016,1769859773.0099847,7.16,52,729,0.002,6,0,0,7.19,15.0,0,742,1769859769.04,-1.343,meta-llama/Llama-3.2-1B-Instruct,"1769859769.040, 1769859769.112, 1769859769.379, 1769859769.381, 1769859769.528"
1.0,0,1769859770.3719,1.7048,27,32,59,0.0516,0.0606,0.0634,1.0,0.0,100.0,0.9296,0.7564,0.7564,1165.6016,1769859773.0107152,7.13,52,729,0.002,6,1,0,7.19,15.0,0,742,1769859769.04,-1.343,meta-llama/Llama-3.2-1B-Instruct,"1769859769.040, 1769859769.112, 1769859769.379, 1769859769.381, 1769859769.528"
1.0,0,1769859769.9025,2.0578,27,32,59,0.0941,0.0634,0.091,1.0,0.0,100.0,1.0423,1.1519,1.1519,1165.6016,1769859773.010893,7.15,52,729,0.002,4,0,0,7.19,15.0,0,742,1769859769.04,-1.343,meta-llama/Llama-3.2-1B-Instruct,"1769859769.040, 1769859769.112, 1769859769.379, 1769859769.381, 1769859769.528"
1.0,0,1769859769.9676,2.055,27,31,58,0.1034,0.0553,0.0641,1.0,0.0,100.0,0.9816,1.1584,1.1584,1165.6016,1769859773.011452,7.14,52,729,0.002,4,1,0,7.19,15.0,0,742,1769859769.04,-1.343,meta-llama/Llama-3.2-1B-Instruct,"1769859769.040, 1769859769.112, 1769859769.379, 1769859769.381, 1769859769.528"
1.0,0,1769859770.3738,1.7546,27,32,59,0.0716,0.0598,0.0603,1.0,0.0,100.0,0.9042,0.8263,0.8263,1166.4279,1769859773.0458045,7.12,52,730,0.003,7,1,0,7.19,15.0,0,742,1769859769.04,-1.343,meta-llama/Llama-3.2-1B-Instruct,"1769859769.040, 1769859769.112, 1769859769.379, 1769859769.381, 1769859769.528"
1.0,0,1769859770.3757,1.8422,27,32,59,0.0583,0.0538,0.0597,1.0,0.0,100.0,0.8969,0.9005,0.9005,1167.3284,1769859773.1177013,7.11,52,731,0.004,9,0,0,7.19,15.0,0,742,1769859769.04,-1.343,meta-llama/Llama-3.2-1B-Instruct,"1769859769.040, 1769859769.112, 1769859769.379, 1769859769.381, 1769859769.528"
1.0,0,1769859770.3773,1.8992,27,32,59,0.0865,0.0538,0.0585,1.0,0.0,100.0,0.8737,0.9857,0.9857,1168.3141,1769859773.1550725,7.1,52,732,0.004,9,0,0,7.19,15.0,0,742,1769859769.04,-1.343,meta-llama/Llama-3.2-1B-Instruct,"1769859769.040, 1769859769.112, 1769859769.379, 1769859769.381, 1769859769.528"
1.0,0,1769859770.502,1.9519,27,32,59,0.0771,0.0438,0.0478,1.0,0.0,100.0,0.764,1.0289,1.0289,1170.4312,1769859773.2193103,7.09,52,734,0.006,12,1,0,7.19,15.0,0,742,1769859769.04,-1.343,meta-llama/Llama-3.2-1B-Instruct,"1769859769.040, 1769859769.112, 1769859769.379, 1769859769.381, 1769859769.528"
1.0,0,1769859770.3804,2.0233,27,32,59,0.0649,0.0555,0.0609,1.0,0.0,100.0,0.8147,1.0882,1.0882,1170.4312,1769859773.219656,7.08,52,734,0.005,11,1,0,7.19,15.0,0,742,1769859769.04,-1.343,meta-llama/Llama-3.2-1B-Instruct,"1769859769.040, 1769859769.112, 1769859769.379, 1769859769.381, 1769859769.528"
1.0,0,1769859770.5863,1.9344,27,32,59,0.0587,0.0411,0.0428,1.0,0.0,100.0,0.7503,0.993,0.993,1171.4243,1769859773.2733614,7.07,52,735,0.006,13,1,0,7.19,15.0,0,742,1769859769.04,-1.343,meta-llama/Llama-3.2-1B-Instruct,"1769859769.040, 1769859769.112, 1769859769.379, 1769859769.381, 1769859769.528"
1.0,0,1769859770.5896,2.1012,27,32,59,0.0655,0.0456,0.0545,1.0,0.0,100.0,0.8114,1.1667,1.1667,1172.5909,1769859773.5051913,7.07,52,736,0.006,13,0,0,7.19,15.0,0,742,1769859769.04,-1.343,meta-llama/Llama-3.2-1B-Instruct,"1769859769.040, 1769859769.112, 1769859769.379, 1769859769.381, 1769859769.528"
1.0,0,1769859770.7559,2.0157,27,32,59,0.0663,0.0492,0.0538,1.0,0.0,100.0,0.8194,1.082,1.082,1173.6729,1769859773.5917194,7.06,52,737,0.006,12,0,0,7.19,15.0,0,742,1769859769.04,-1.343,meta-llama/Llama-3.2-1B-Instruct,"1769859769.040, 1769859769.112, 1769859769.379, 1769859769.381, 1769859769.528"
1.0,0,1769859770.8906,1.9724,27,32,59,0.0599,0.0536,0.0542,1.0,0.0,100.0,0.8632,1.0323,1.0323,1174.7052,1769859773.7272255,7.05,52,738,0.006,12,0,0,7.19,15.0,0,742,1769859769.04,-1.343,meta-llama/Llama-3.2-1B-Instruct,"1769859769.040, 1769859769.112, 1769859769.379, 1769859769.381, 1769859769.528"
1.0,0,1769859771.0766,1.8646,27,32,59,0.0622,0.0512,0.0619,1.0,0.0,100.0,0.8867,0.9268,0.9268,1175.632,1769859773.8350508,7.04,52,739,0.007,13,0,0,7.19,15.0,0,742,1769859769.04,-1.343,meta-llama/Llama-3.2-1B-Instruct,"1769859769.040, 1769859769.112, 1769859769.379, 1769859769.381, 1769859769.528"
1.0,0,1769859771.0782,1.9438,27,32,59,0.0563,0.0558,0.057,1.0,0.0,100.0,0.8421,1.0001,1.0001,1176.6321,1769859773.8648827,7.03,52,740,0.005,10,0,0,7.19,15.0,0,742,1769859769.04,-1.343,meta-llama/Llama-3.2-1B-Instruct,"1769859769.040, 1769859769.112, 1769859769.379, 1769859769.381, 1769859769.528"
1.0,0,1769859771.0856,2.296,27,18,45,0.073,0.065,0.065,1.0,0.0,100.0,0.5779,1.369,1.369,1178.0011,1769859773.9670224,7.02,52,741,0.003,8,0,0,7.19,15.0,0,742,1769859769.04,-1.343,meta-llama/Llama-3.2-1B-Instruct,"1769859769.040, 1769859769.112, 1769859769.379, 1769859769.381, 1769859769.528"
1.0,0,1769859772.2479,1.7145,27,0,27,,,,1.0,,,0.056,0.7705,0.7705,1178.7716,1769859774.0204773,7.01,52,742,0.006,12,0,0,7.19,15.0,0,742,1769859769.04,-1.343,meta-llama/Llama-3.2-1B-Instruct,"1769859769.040, 1769859769.112, 1769859769.379, 1769859769.381, 1769859769.528"
1.0,0,1769859771.0797,2.107,27,32,59,0.0638,0.0547,0.0691,1.0,0.0,100.0,0.9325,1.1709,1.1709,1181.1135,1769859774.12358,7.0,52,744,0.005,10,0,0,7.19,15.0,0,742,1769859769.04,-1.343,meta-llama/Llama-3.2-1B-Instruct,"1769859769.040, 1769859769.112, 1769859769.379, 1769859769.381, 1769859769.528"
1.0,0,1769859771.0812,2.0988,27,32,59,0.0723,0.0554,0.057,1.0,0.0,100.0,0.9422,1.171,1.171,1181.1135,1769859774.1238086,6.99,52,744,0.004,8,0,0,7.19,15.0,0,742,1769859769.04,-1.343,meta-llama/Llama-3.2-1B-Instruct,"1769859769.040, 1769859769.112, 1769859769.379, 1769859769.381, 1769859769.528"
1.0,0,1769859771.0827,2.1754,27,32,59,0.0561,0.0553,0.0581,1.0,0.0,100.0,0.925,1.2315,1.2315,1182.345,1769859774.1856627,6.98,52,745,0.004,8,0,0,7.19,15.0,0,742,1769859769.04,-1.343,meta-llama/Llama-3.2-1B-Instruct,"1769859769.040, 1769859769.112, 1769859769.379, 1769859769.381, 1769859769.528"
1.0,0,1769859771.0841,2.2178,27,32,59,0.0781,0.0591,0.0614,1.0,0.0,100.0,0.9035,1.2959,1.2959,1183.6409,1769859774.215409,6.97,52,746,0.003,7,0,0,7.19,15.0,0,742,1769859769.04,-1.343,meta-llama/Llama-3.2-1B-Instruct,"1769859769.040, 1769859769.112, 1769859769.379, 1769859769.381, 1769859769.528"
1.0,0,1769859772.3248,1.8386,27,0,27,,,,1.0,,,0.088,0.9267,0.9267,1184.5676,1769859774.2547314,6.96,52,747,0.005,10,0,0,7.19,15.0,0,742,1769859769.04,-1.343,meta-llama/Llama-3.2-1B-Instruct,"1769859769.040, 1769859769.112, 1769859769.379, 1769859769.381, 1769859769.528"
1.0,0,1769859771.5367,1.908,27,32,59,0.0585,0.0548,0.0551,1.0,0.0,100.0,0.8619,0.9665,0.9665,1186.3617,1769859774.3093076,6.95,52,749,0.004,9,1,0,7.19,15.0,0,742,1769859769.04,-1.343,meta-llama/Llama-3.2-1B-Instruct,"1769859769.040, 1769859769.112, 1769859769.379, 1769859769.381, 1769859769.528"
1.0,0,1769859771.7258,1.7668,27,32,59,0.0608,0.0544,0.0583,1.0,0.0,100.0,0.8149,0.8277,0.8277,1186.3617,1769859774.3106005,6.94,52,749,0.005,10,0,0,7.19,15.0,0,742,1769859769.04,-1.343,meta-llama/Llama-3.2-1B-Instruct,"1769859769.040, 1769859769.112, 1769859769.379, 1769859769.381, 1769859769.528"
1.0,0,1769859771.9159,1.6487,27,32,59,0.0781,0.0564,0.0576,1.0,0.0,100.0,0.8021,0.7268,0.7268,1187.0885,1769859774.3686943,6.93,52,750,0.005,11,0,0,7.19,15.0,0,742,1769859769.04,-1.343,meta-llama/Llama-3.2-1B-Instruct,"1769859769.040, 1769859769.112, 1769859769.379, 1769859769.381, 1769859769.528"
1.0,0,1769859771.9175,1.7175,27,32,59,0.0634,0.0569,0.0609,1.0,0.0,100.0,0.754,0.7809,0.7809,1187.8694,1769859774.3903701,6.92,52,751,0.005,11,0,0,7.19,15.0,0,742,1769859769.04,-1.343,meta-llama/Llama-3.2-1B-Instruct,"1769859769.040, 1769859769.112, 1769859769.379, 1769859769.381, 1769859769.528"
1.0,0,1769859771.919,1.775,27,32,59,0.068,0.0565,0.058,1.0,0.0,100.0,0.7102,0.843,0.843,1188.7124,1769859774.4052484,6.91,52,752,0.005,11,0,0,7.19,15.0,0,742,1769859769.04,-1.343,meta-llama/Llama-3.2-1B-Instruct,"1769859769.040, 1769859769.112, 1769859769.379, 1769859769.381, 1769859769.528"
1.0,0,1769859771.9205,1.8825,27,32,59,0.0592,0.056,0.0939,1.0,0.0,100.0,0.7763,0.9417,0.9417,1189.6541,1769859774.5803163,6.91,52,753,0.005,11,0,0,7.19,15.0,0,742,1769859769.04,-1.343,meta-llama/Llama-3.2-1B-Instruct,"1769859769.040, 1769859769.112, 1769859769.379, 1769859769.381, 1769859769.528"
1.0,0,1769859771.9966,1.8786,27,32,59,0.0746,0.0621,0.0946,1.0,0.0,100.0,0.8031,0.9531,0.9531,1190.6072,1769859774.681529,6.9,52,754,0.005,11,0,0,7.19,15.0,0,742,1769859769.04,-1.343,meta-llama/Llama-3.2-1B-Instruct,"1769859769.040, 1769859769.112, 1769859769.379, 1769859769.381, 1769859769.528"
1.0,0,1769859772.3216,1.7106,27,32,59,0.0762,0.0574,0.0982,1.0,0.0,100.0,0.8054,0.7868,0.7868,1191.394,1769859774.8391154,6.89,52,755,0.005,11,0,0,7.19,15.0,0,742,1769859769.04,-1.343,meta-llama/Llama-3.2-1B-Instruct,"1769859769.040, 1769859769.112, 1769859769.379, 1769859769.381, 1769859769.528"
1.0,0,1769859772.3233,1.7717,27,32,59,0.0683,0.0623,0.0965,1.0,0.0,100.0,0.7959,0.84,0.84,1192.234,1769859774.8931699,6.88,52,756,0.006,11,0,0,7.19,15.0,0,742,1769859769.04,-1.343,meta-llama/Llama-3.2-1B-Instruct,"1769859769.040, 1769859769.112, 1769859769.379, 1769859769.381, 1769859769.528"
1.0,0,1769859772.5656,1.9384,27,20,47,0.067,0.0564,0.0564,1.0,0.0,100.0,0.6239,1.0054,1.0054,1193.2394,1769859775.1288548,6.87,52,757,0.003,6,1,0,7.19,15.0,0,742,1769859769.04,-1.343,meta-llama/Llama-3.2-1B-Instruct,"1769859769.040, 1769859769.112, 1769859769.379, 1769859769.381, 1769859769.528"
1.0,0,1769859772.4343,2.0101,27,32,59,0.0784,0.0571,0.0608,1.0,0.0,100.0,0.9724,1.0885,1.0885,1196.5626,1769859775.4207919,6.85,52,760,0.002,4,0,0,7.19,15.0,0,742,1769859769.04,-1.343,meta-llama/Llama-3.2-1B-Instruct,"1769859769.040, 1769859769.112, 1769859769.379, 1769859769.381, 1769859769.528"
1.0,0,1769859772.4326,1.9961,27,32,59,0.0979,0.0619,0.0678,1.0,0.0,100.0,0.9876,1.0941,1.0941,1196.5626,1769859775.4209657,6.86,52,760,0.004,7,0,0,7.19,15.0,0,742,1769859769.04,-1.343,meta-llama/Llama-3.2-1B-Instruct,"1769859769.040, 1769859769.112, 1769859769.379, 1769859769.381, 1769859769.528"
1.0,0,1769859772.3844,2.0366,27,32,59,0.104,0.0552,0.0618,1.0,0.0,100.0,0.9964,1.1406,1.1406,1196.5626,1769859775.4211535,6.84,52,760,0.005,9,0,0,7.19,15.0,0,742,1769859769.04,-1.343,meta-llama/Llama-3.2-1B-Instruct,"1769859769.040, 1769859769.112, 1769859769.379, 1769859769.381, 1769859769.528"
1.0,0,1769859772.5671,1.9981,27,32,59,0.0626,0.0533,0.0601,1.0,0.0,100.0,0.8778,1.0607,1.0607,1197.6232,1769859775.4463592,6.83,52,761,0.003,7,0,0,7.19,15.0,0,742,1769859769.04,-1.343,meta-llama/Llama-3.2-1B-Instruct,"1769859769.040, 1769859769.112, 1769859769.379, 1769859769.381, 1769859769.528"
1.0,0,1769859772.5685,2.0483,27,32,59,0.0606,0.0577,0.0581,1.0,0.0,100.0,0.8574,1.1089,1.1089,1198.7321,1769859775.4751427,6.82,52,762,0.003,8,0,0,7.19,15.0,0,742,1769859769.04,-1.343,meta-llama/Llama-3.2-1B-Instruct,"1769859769.040, 1769859769.112, 1769859769.379, 1769859769.381, 1769859769.528"
1.0,0,1769859772.9054,1.7849,27,32,59,0.0743,0.058,0.0582,1.0,0.0,100.0,0.8256,0.8592,0.8592,1199.5914,1769859775.5176551,6.82,52,763,0.003,8,0,0,7.19,15.0,0,742,1769859769.04,-1.343,meta-llama/Llama-3.2-1B-Instruct,"1769859769.040, 1769859769.112, 1769859769.379, 1769859769.381, 1769859769.528"
1.0,0,1769859772.9889,1.7602,27,32,59,0.0525,0.0565,0.0583,1.0,0.0,100.0,0.7802,0.8127,0.8127,1200.404,1769859775.5308838,6.81,52,764,0.004,8,0,0,7.19,15.0,0,742,1769859769.04,-1.343,meta-llama/Llama-3.2-1B-Instruct,"1769859769.040, 1769859769.112, 1769859769.379, 1769859769.381, 1769859769.528"
1.0,0,1769859773.1442,1.9702,27,20,47,0.0675,0.0571,0.0571,1.0,0.0,100.0,0.4612,1.0377,1.0377,1201.4417,1769859775.5779266,6.8,52,765,0.005,11,0,0,7.19,15.0,0,801,1769859774.467,-1.082,meta-llama/Llama-3.2-1B-Instruct,"1769859774.467, 1769859774.668, 1769859774.846, 1769859774.848, 1769859774.919"
1.0,0,1769859772.9904,1.8277,27,32,59,0.0744,0.0565,0.0604,1.0,0.0,100.0,0.7823,0.9021,0.9021,1202.3438,1769859775.601324,6.79,52,766,0.005,10,0,0,7.19,15.0,0,801,1769859774.467,-1.082,meta-llama/Llama-3.2-1B-Instruct,"1769859774.467, 1769859774.668, 1769859774.846, 1769859774.848, 1769859774.919"
1.0,0,1769859773.0633,1.8452,27,32,59,0.0605,0.0574,0.0631,1.0,0.0,100.0,0.7152,0.9056,0.9056,1203.2495,1769859775.6244261,6.78,52,767,0.004,9,0,0,7.19,15.0,0,801,1769859774.467,-1.082,meta-llama/Llama-3.2-1B-Instruct,"1769859774.467, 1769859774.668, 1769859774.846, 1769859774.848, 1769859774.919"
1.0,0,1769859773.1408,1.8434,27,32,59,0.0652,0.0549,0.061,1.0,0.0,100.0,0.6791,0.9086,0.9086,1204.1581,1769859775.6648822,6.77,52,768,0.004,10,0,0,7.19,15.0,0,801,1769859774.467,-1.082,meta-llama/Llama-3.2-1B-Instruct,"1769859774.467, 1769859774.668, 1769859774.846, 1769859774.848, 1769859774.919"
1.0,0,1769859773.1426,1.9088,27,32,59,0.0727,0.0607,0.0669,1.0,0.0,100.0,0.6576,0.9815,0.9815,1205.1396,1769859775.7145128,6.76,52,769,0.005,11,0,0,7.19,15.0,0,801,1769859774.467,-1.082,meta-llama/Llama-3.2-1B-Instruct,"1769859774.467, 1769859774.668, 1769859774.846, 1769859774.848, 1769859774.919"
1.0,0,1769859773.2802,1.8904,27,32,59,0.0755,0.049,0.055,1.0,0.0,100.0,0.5985,0.966,0.966,1206.1056,1769859775.7700202,6.75,52,770,0.005,11,0,0,7.19,15.0,0,801,1769859774.467,-1.082,meta-llama/Llama-3.2-1B-Instruct,"1769859774.467, 1769859774.668, 1769859774.846, 1769859774.848, 1769859774.919"
1.0,0,1769859773.2816,1.9439,27,32,59,0.1016,0.0469,0.0502,1.0,0.0,100.0,0.6219,1.0455,1.0455,1207.1511,1769859775.8483145,6.74,52,771,0.006,13,0,0,7.19,15.0,0,801,1769859774.467,-1.082,meta-llama/Llama-3.2-1B-Instruct,"1769859774.467, 1769859774.668, 1769859774.846, 1769859774.848, 1769859774.919"
1.0,0,1769859773.3507,1.9793,27,32,59,0.0561,0.0527,0.0553,1.0,0.0,100.0,0.578,1.0354,1.0354,1208.1865,1769859775.909261,6.74,52,772,0.007,14,0,0,7.19,15.0,0,801,1769859774.467,-1.082,meta-llama/Llama-3.2-1B-Instruct,"1769859774.467, 1769859774.668, 1769859774.846, 1769859774.848, 1769859774.919"
1.0,0,1769859773.4669,2.2218,27,32,59,0.0722,0.0612,0.0619,1.0,0.0,100.0,0.9595,1.294,1.294,1210.5766,1769859776.6552422,6.73,52,774,0.003,5,0,0,7.19,15.0,0,801,1769859774.467,-1.082,meta-llama/Llama-3.2-1B-Instruct,"1769859774.467, 1769859774.668, 1769859774.846, 1769859774.848, 1769859774.919"
1.0,0,1769859773.6681,2.0364,27,32,59,0.0597,0.0564,0.0696,1.0,0.0,100.0,0.9451,1.0961,1.0961,1210.5766,1769859776.658618,6.72,52,774,0.002,4,0,0,7.19,15.0,0,801,1769859774.467,-1.082,meta-llama/Llama-3.2-1B-Instruct,"1769859774.467, 1769859774.668, 1769859774.846, 1769859774.848, 1769859774.919"
1.0,0,1769859773.8463,1.9188,27,32,59,0.073,0.0631,0.0662,1.0,0.0,100.0,0.9603,0.9918,0.9918,1211.5684,1769859776.7416487,6.71,52,775,0.002,3,1,0,7.19,15.0,0,801,1769859774.467,-1.082,meta-llama/Llama-3.2-1B-Instruct,"1769859774.467, 1769859774.668, 1769859774.846, 1769859774.848, 1769859774.919"
1.0,0,1769859773.8479,1.9872,27,32,59,0.0656,0.0668,0.0674,1.0,0.0,100.0,0.9242,1.0528,1.0528,1212.6212,1769859776.7607691,6.7,52,776,0.002,4,1,0,7.19,15.0,0,801,1769859774.467,-1.082,meta-llama/Llama-3.2-1B-Instruct,"1769859774.467, 1769859774.668, 1769859774.846, 1769859774.848, 1769859774.919"
1.0,0,1769859773.9188,1.9735,27,32,59,0.0657,0.0541,0.0625,1.0,0.0,100.0,0.9275,1.0392,1.0392,1213.6605,1769859776.823498,6.69,52,777,0.002,4,1,0,7.19,15.0,0,801,1769859774.467,-1.082,meta-llama/Llama-3.2-1B-Instruct,"1769859774.467, 1769859774.668, 1769859774.846, 1769859774.848, 1769859774.919"
1.0,0,1769859773.9202,2.0299,27,32,59,0.063,0.0642,0.0741,1.0,0.0,100.0,0.8964,1.0929,1.0929,1214.7533,1769859776.8497987,6.68,52,778,0.002,4,0,0,7.19,15.0,0,801,1769859774.467,-1.082,meta-llama/Llama-3.2-1B-Instruct,"1769859774.467, 1769859774.668, 1769859774.846, 1769859774.848, 1769859774.919"
1.0,0,1769859773.9216,2.0787,27,32,59,0.0724,0.0636,0.0685,1.0,0.0,100.0,0.8682,1.1511,1.1511,1215.9044,1769859776.8750815,6.68,52,779,0.002,5,0,0,7.19,15.0,0,801,1769859774.467,-1.082,meta-llama/Llama-3.2-1B-Instruct,"1769859774.467, 1769859774.668, 1769859774.846, 1769859774.848, 1769859774.919"
1.0,0,1769859773.923,2.1437,27,32,59,0.0563,0.0598,0.0641,1.0,0.0,100.0,0.8207,1.2,1.2,1217.1044,1769859776.8887658,6.67,52,780,0.003,7,0,0,7.19,15.0,0,801,1769859774.467,-1.082,meta-llama/Llama-3.2-1B-Instruct,"1769859774.467, 1769859774.668, 1769859774.846, 1769859774.848, 1769859774.919"
1.0,0,1769859774.0035,2.1214,27,32,59,0.0753,0.0553,0.0707,1.0,0.0,100.0,0.7967,1.1967,1.1967,1218.3011,1769859776.9283302,6.66,52,781,0.003,7,0,0,7.19,15.0,0,801,1769859774.467,-1.082,meta-llama/Llama-3.2-1B-Instruct,"1769859774.467, 1769859774.668, 1769859774.846, 1769859774.848, 1769859774.919"
1.0,0,1769859774.005,2.1842,27,32,59,0.0861,0.0561,0.0573,1.0,0.0,100.0,0.7578,1.2703,1.2703,1219.5713,1769859776.947962,6.65,52,782,0.003,8,1,0,7.19,15.0,0,801,1769859774.467,-1.082,meta-llama/Llama-3.2-1B-Instruct,"1769859774.467, 1769859774.668, 1769859774.846, 1769859774.848, 1769859774.919"
1.0,0,1769859774.0064,2.2528,27,32,59,0.0777,0.0563,0.0602,1.0,0.0,100.0,0.7546,1.3305,1.3305,1220.9018,1769859777.01473,6.64,52,783,0.004,10,0,0,7.19,15.0,0,801,1769859774.467,-1.082,meta-llama/Llama-3.2-1B-Instruct,"1769859774.467, 1769859774.668, 1769859774.846, 1769859774.848, 1769859774.919"
1.0,0,1769859774.4044,1.9164,27,32,59,0.0552,0.057,0.0621,1.0,0.0,100.0,0.7507,0.9716,0.9716,1221.8734,1769859777.072415,6.63,52,784,0.004,10,0,0,7.19,15.0,0,801,1769859774.467,-1.082,meta-llama/Llama-3.2-1B-Instruct,"1769859774.467, 1769859774.668, 1769859774.846, 1769859774.848, 1769859774.919"
1.0,0,1769859774.4693,1.9292,27,32,59,0.0541,0.0569,0.0579,1.0,0.0,100.0,0.7131,0.9833,0.9833,1222.8567,1769859777.1171749,6.62,52,785,0.005,12,0,0,7.19,15.0,0,801,1769859774.467,-1.082,meta-llama/Llama-3.2-1B-Instruct,"1769859774.467, 1769859774.668, 1769859774.846, 1769859774.848, 1769859774.919"
1.0,0,1769859774.4708,2.0062,27,32,59,0.084,0.0533,0.0608,1.0,0.0,100.0,0.7635,1.0902,1.0902,1223.9469,1769859777.2501237,6.62,52,786,0.006,13,0,0,7.19,15.0,0,801,1769859774.467,-1.082,meta-llama/Llama-3.2-1B-Instruct,"1769859774.467, 1769859774.668, 1769859774.846, 1769859774.848, 1769859774.919"
1.0,0,1769859774.6624,1.8833,27,32,59,0.0647,0.0572,0.0573,1.0,0.0,100.0,0.7422,0.948,0.948,1224.8949,1769859777.2922435,6.61,52,787,0.006,13,0,0,7.19,15.0,0,801,1769859774.467,-1.082,meta-llama/Llama-3.2-1B-Instruct,"1769859774.467, 1769859774.668, 1769859774.846, 1769859774.848, 1769859774.919"
1.0,0,1769859774.6638,1.9627,27,32,59,0.0626,0.0568,0.0591,1.0,0.0,100.0,0.7166,1.0252,1.0252,1225.9201,1769859777.3498993,6.6,52,788,0.007,15,0,0,7.19,15.0,0,801,1769859774.467,-1.082,meta-llama/Llama-3.2-1B-Instruct,"1769859774.467, 1769859774.668, 1769859774.846, 1769859774.848, 1769859774.919"
1.0,0,1769859774.881,1.8289,27,29,56,0.1013,0.0549,0.0559,1.0,0.0,100.0,0.7516,0.9301,0.9301,1226.8502,1769859777.4631522,6.59,52,789,0.007,14,0,0,7.19,15.0,0,801,1769859774.467,-1.082,meta-llama/Llama-3.2-1B-Instruct,"1769859774.467, 1769859774.668, 1769859774.846, 1769859774.848, 1769859774.919"
1.0,0,1769859776.044,1.6118,27,5,32,0.07,0.0576,0.0576,1.0,0.0,100.0,0.2438,0.6819,0.6819,1230.7423,1769859777.9061356,6.57,52,793,0.005,10,0,0,7.19,15.0,0,801,1769859774.467,-1.082,meta-llama/Llama-3.2-1B-Instruct,"1769859774.467, 1769859774.668, 1769859774.846, 1769859774.848, 1769859774.919"
1.0,0,1769859774.9515,2.002,27,32,59,0.0917,0.0588,0.0775,1.0,0.0,100.0,0.9474,1.0937,1.0937,1230.7423,1769859777.9065154,6.57,52,793,0.005,9,0,0,7.19,15.0,0,801,1769859774.467,-1.082,meta-llama/Llama-3.2-1B-Instruct,"1769859774.467, 1769859774.668, 1769859774.846, 1769859774.848, 1769859774.919"
1.0,0,1769859774.95,1.9983,27,32,59,0.0978,0.0582,0.0756,1.0,0.0,100.0,0.9508,1.096,1.096,1230.7423,1769859777.9091115,6.58,52,793,0.006,12,0,0,7.19,15.0,0,801,1769859774.467,-1.082,meta-llama/Llama-3.2-1B-Instruct,"1769859774.467, 1769859774.668, 1769859774.846, 1769859774.848, 1769859774.919"
1.0,0,1769859775.0283,1.9682,27,32,59,0.0523,0.0588,0.0736,1.0,0.0,100.0,0.9066,1.0204,1.0204,1230.7423,1769859777.909322,6.56,52,793,0.004,7,0,0,7.19,15.0,0,801,1769859774.467,-1.082,meta-llama/Llama-3.2-1B-Instruct,"1769859774.467, 1769859774.668, 1769859774.846, 1769859774.848, 1769859774.919"
1.0,0,1769859775.6737,1.4225,27,32,59,0.0555,0.059,0.0618,1.0,0.0,100.0,0.88,0.478,0.478,1231.2202,1769859777.9789534,6.55,52,794,0.004,8,0,0,7.19,15.0,0,801,1769859774.467,-1.082,meta-llama/Llama-3.2-1B-Instruct,"1769859774.467, 1769859774.668, 1769859774.846, 1769859774.848, 1769859774.919"
1.0,0,1769859775.6752,1.4777,27,32,59,0.0485,0.0565,0.0607,1.0,0.0,100.0,0.8732,0.5262,0.5262,1231.7464,1769859778.0270545,6.54,52,795,0.004,8,0,0,7.19,15.0,0,801,1769859774.467,-1.082,meta-llama/Llama-3.2-1B-Instruct,"1769859774.467, 1769859774.668, 1769859774.846, 1769859774.848, 1769859774.919"
1.0,0,1769859776.1578,1.6118,27,10,37,0.0648,0.0463,0.0463,1.0,0.0,100.0,0.2919,0.6766,0.6766,1232.4231,1769859778.067374,6.53,52,796,0.006,12,1,0,7.19,15.0,0,801,1769859774.467,-1.082,meta-llama/Llama-3.2-1B-Instruct,"1769859774.467, 1769859774.668, 1769859774.846, 1769859774.848, 1769859774.919"
1.0,0,1769859776.1594,1.6897,27,9,36,0.0524,0.0412,0.0412,1.0,0.0,100.0,0.2194,0.7421,0.7421,1233.1651,1769859778.0699105,6.52,52,797,0.007,14,0,0,7.19,15.0,0,801,1769859774.467,-1.082,meta-llama/Llama-3.2-1B-Instruct,"1769859774.467, 1769859774.668, 1769859774.846, 1769859774.848, 1769859774.919"
1.0,0,1769859775.7349,1.5362,27,32,59,0.0674,0.0579,0.0585,1.0,0.0,100.0,0.8499,0.6035,0.6035,1233.7687,1769859778.1255877,6.52,52,798,0.003,7,0,0,7.19,15.0,0,801,1769859774.467,-1.082,meta-llama/Llama-3.2-1B-Instruct,"1769859774.467, 1769859774.668, 1769859774.846, 1769859774.848, 1769859774.919"
1.0,0,1769859775.7363,1.5922,27,32,59,0.0757,0.0584,0.0622,1.0,0.0,100.0,0.8182,0.6679,0.6679,1234.4366,1769859778.149691,6.51,52,799,0.003,7,0,0,7.19,15.0,0,801,1769859774.467,-1.082,meta-llama/Llama-3.2-1B-Instruct,"1769859774.467, 1769859774.668, 1769859774.846, 1769859774.848, 1769859774.919"
1.0,0,1769859775.7377,1.651,27,32,59,0.0644,0.0568,0.0649,1.0,0.0,100.0,0.7724,0.7154,0.7154,1235.1519,1769859778.1642346,6.5,52,800,0.003,7,0,0,7.19,15.0,0,801,1769859774.467,-1.082,meta-llama/Llama-3.2-1B-Instruct,"1769859774.467, 1769859774.668, 1769859774.846, 1769859774.848, 1769859774.919"
1.0,0,1769859775.9267,1.5182,27,32,59,0.0581,0.0575,0.0725,1.0,0.0,100.0,0.7382,0.5764,0.5764,1235.7283,1769859778.1864543,6.49,52,801,0.003,8,0,0,7.19,15.0,0,801,1769859774.467,-1.082,meta-llama/Llama-3.2-1B-Instruct,"1769859774.467, 1769859774.668, 1769859774.846, 1769859774.848, 1769859774.919"
1.0,0,1769859775.9282,1.5951,27,32,59,0.0703,0.0666,0.131,1.0,0.0,100.0,0.9124,0.6654,0.6654,1237.0785,1769859778.449997,6.48,52,803,0.004,9,0,0,7.19,15.0,0,801,1769859774.467,-1.082,meta-llama/Llama-3.2-1B-Instruct,"1769859774.467, 1769859774.668, 1769859774.846, 1769859774.848, 1769859774.919"
1.0,0,1769859775.9765,1.6212,27,32,59,0.0636,0.0673,0.1388,1.0,0.0,100.0,0.8487,0.6848,0.6848,1237.0785,1769859778.4501736,6.48,52,803,0.004,9,0,0,7.19,15.0,0,801,1769859774.467,-1.082,meta-llama/Llama-3.2-1B-Instruct,"1769859774.467, 1769859774.668, 1769859774.846, 1769859774.848, 1769859774.919"
1.0,0,1769859776.0955,1.6153,27,32,59,0.0796,0.0565,0.143,1.0,0.0,100.0,0.8082,0.6949,0.6949,1237.7734,1769859778.5216165,6.47,52,804,0.005,11,0,0,7.19,15.0,0,801,1769859774.467,-1.082,meta-llama/Llama-3.2-1B-Instruct,"1769859774.467, 1769859774.668, 1769859774.846, 1769859774.848, 1769859774.919"
1.0,0,1769859776.2943,1.6554,27,29,56,0.071,0.0618,0.1414,1.0,0.0,100.0,0.8598,0.7264,0.7264,1238.4999,1769859778.8179812,6.46,52,805,0.005,11,0,0,7.19,15.0,0,801,1769859774.467,-1.082,meta-llama/Llama-3.2-1B-Instruct,"1769859774.467, 1769859774.668, 1769859774.846, 1769859774.848, 1769859774.919"
1.0,0,1769859776.5963,1.6497,27,32,59,0.0638,0.058,0.0582,1.0,0.0,100.0,0.9289,0.7135,0.7135,1242.1254,1769859779.1871643,6.43,52,809,0.003,5,2,0,7.19,15.0,0,801,1769859774.467,-1.082,meta-llama/Llama-3.2-1B-Instruct,"1769859774.467, 1769859774.668, 1769859774.846, 1769859774.848, 1769859774.919"
1.0,0,1769859776.3694,1.8288,27,32,59,0.109,0.0567,0.0628,1.0,0.0,100.0,0.9722,0.9378,0.9378,1242.1254,1769859779.1887412,6.44,52,809,0.002,4,0,0,7.19,15.0,0,801,1769859774.467,-1.082,meta-llama/Llama-3.2-1B-Instruct,"1769859774.467, 1769859774.668, 1769859774.846, 1769859774.848, 1769859774.919"
1.0,0,1769859776.296,1.8696,27,32,59,0.0936,0.062,0.1014,1.0,0.0,100.0,1.0028,0.9632,0.9632,1242.1254,1769859779.1891963,6.45,52,809,0.005,10,0,0,7.19,15.0,0,801,1769859774.467,-1.082,meta-llama/Llama-3.2-1B-Instruct,"1769859774.467, 1769859774.668, 1769859774.846, 1769859774.848, 1769859774.919"
1.0,0,1769859776.2975,1.8748,27,32,59,0.1361,0.0568,0.0633,1.0,0.0,100.0,1.0022,1.011,1.011,1242.8906,1769859779.1902044,6.44,52,810,0.004,8,0,0,7.19,15.0,0,801,1769859774.467,-1.082,meta-llama/Llama-3.2-1B-Instruct,"1769859774.467, 1769859774.668, 1769859774.846, 1769859774.848, 1769859774.919"
1.0,0,1769859776.598,1.7009,27,32,59,0.0644,0.0582,0.0611,1.0,0.0,100.0,0.8907,0.7653,0.7653,1242.8906,1769859779.1910696,6.42,52,810,0.003,7,1,0,7.19,15.0,0,801,1769859774.467,-1.082,meta-llama/Llama-3.2-1B-Instruct,"1769859774.467, 1769859774.668, 1769859774.846, 1769859774.848, 1769859774.919"
1.0,0,1769859776.9712,1.3814,27,32,59,0.0639,0.0521,0.0642,1.0,0.0,100.0,0.8605,0.4453,0.4453,1243.3359,1769859779.2144291,6.41,52,811,0.003,8,0,0,7.19,15.0,0,801,1769859774.467,-1.082,meta-llama/Llama-3.2-1B-Instruct,"1769859774.467, 1769859774.668, 1769859774.846, 1769859774.848, 1769859774.919"
1.0,0,1769859777.1364,1.2997,27,32,59,0.0821,0.0633,0.0651,1.0,0.0,100.0,0.9126,0.3818,0.3818,1243.7177,1769859779.3532016,6.4,52,812,0.004,9,0,0,7.19,15.0,0,801,1769859774.467,-1.082,meta-llama/Llama-3.2-1B-Instruct,"1769859774.467, 1769859774.668, 1769859774.846, 1769859774.848, 1769859774.919"
1.0,0,1769859777.1379,1.3646,27,32,59,0.0788,0.0533,0.0574,1.0,0.0,100.0,0.872,0.4434,0.4434,1244.1612,1769859779.381228,6.4,52,813,0.004,8,0,0,7.19,15.0,0,801,1769859774.467,-1.082,meta-llama/Llama-3.2-1B-Instruct,"1769859774.467, 1769859774.668, 1769859774.846, 1769859774.848, 1769859774.919"
1.0,0,1769859777.3618,1.2078,27,32,59,0.0953,0.0548,0.0604,1.0,0.0,100.0,0.8533,0.3031,0.3031,1244.4643,1769859779.4245927,6.39,52,814,0.004,9,0,0,7.19,15.0,0,801,1769859774.467,-1.082,meta-llama/Llama-3.2-1B-Instruct,"1769859774.467, 1769859774.668, 1769859774.846, 1769859774.848, 1769859774.919"
1.0,0,1769859777.4205,1.2321,27,31,58,0.0531,0.0525,0.0537,1.0,0.0,100.0,0.8144,0.2852,0.2852,1244.7495,1769859779.4684262,6.38,52,815,0.004,9,1,0,7.19,15.0,0,801,1769859774.467,-1.082,meta-llama/Llama-3.2-1B-Instruct,"1769859774.467, 1769859774.668, 1769859774.846, 1769859774.848, 1769859774.919"
1.0,0,1769859777.5609,1.1647,27,32,59,0.0557,0.0667,0.0938,1.0,0.0,100.0,0.8566,0.2204,0.2204,1244.9699,1769859779.5845435,6.37,52,816,0.005,11,0,0,7.19,15.0,0,801,1769859774.467,-1.082,meta-llama/Llama-3.2-1B-Instruct,"1769859774.467, 1769859774.668, 1769859774.846, 1769859774.848, 1769859774.919"
1.0,0,1769859777.9938,1.2757,27,12,39,0.0726,0.0877,0.0877,1.0,0.0,100.0,0.3699,0.3483,0.3483,1245.3182,1769859779.6448207,6.36,52,817,0.005,11,0,0,7.19,15.0,0,801,1769859774.467,-1.082,meta-llama/Llama-3.2-1B-Instruct,"1769859774.467, 1769859774.668, 1769859774.846, 1769859774.848, 1769859774.919"
1.0,0,1769859777.5626,1.2346,27,32,59,0.0625,0.059,0.0931,1.0,0.0,100.0,0.8666,0.2971,0.2971,1245.6154,1769859779.664527,6.36,52,818,0.005,12,0,0,7.19,15.0,0,801,1769859774.467,-1.082,meta-llama/Llama-3.2-1B-Instruct,"1769859774.467, 1769859774.668, 1769859774.846, 1769859774.848, 1769859774.919"
1.0,0,1769859777.6821,1.1817,27,31,58,0.0653,0.062,0.0894,1.0,0.0,100.0,0.8693,0.247,0.247,1245.8623,1769859779.7373552,6.35,52,819,0.005,11,1,0,7.19,15.0,0,801,1769859774.467,-1.082,meta-llama/Llama-3.2-1B-Instruct,"1769859774.467, 1769859774.668, 1769859774.846, 1769859774.848, 1769859774.919"
1.0,0,1769859777.6838,1.2462,27,32,59,0.0624,0.0547,0.0877,1.0,0.0,100.0,0.8193,0.3086,0.3086,1246.1709,1769859779.7514496,6.34,52,820,0.006,13,0,0,7.19,15.0,0,801,1769859774.467,-1.082,meta-llama/Llama-3.2-1B-Instruct,"1769859774.467, 1769859774.668, 1769859774.846, 1769859774.848, 1769859774.919"
1.0,0,1769859777.7438,1.2596,27,32,59,0.0644,0.0695,0.0937,1.0,0.0,100.0,0.8629,0.324,0.324,1246.4949,1769859779.876735,6.33,52,821,0.007,14,0,0,7.19,15.0,0,801,1769859774.467,-1.082,meta-llama/Llama-3.2-1B-Instruct,"1769859774.467, 1769859774.668, 1769859774.846, 1769859774.848, 1769859774.919"
1.0,0,1769859777.7452,1.3425,27,32,59,0.0585,0.0627,0.0901,1.0,0.0,100.0,0.8566,0.401,0.401,1246.896,1769859779.9524853,6.33,52,822,0.008,15,0,0,7.19,15.0,0,801,1769859774.467,-1.082,meta-llama/Llama-3.2-1B-Instruct,"1769859774.467, 1769859774.668, 1769859774.846, 1769859774.848, 1769859774.919"
1.0,0,1769859777.9919,1.1857,27,32,59,0.0868,0.0645,0.1038,1.0,0.0,100.0,0.9125,0.2725,0.2725,1247.1685,1769859780.092271,6.32,52,823,0.008,16,0,0,7.19,15.0,0,801,1769859774.467,-1.082,meta-llama/Llama-3.2-1B-Instruct,"1769859774.467, 1769859774.668, 1769859774.846, 1769859774.848, 1769859774.919"
1.0,0,1769859778.2679,1.2986,27,18,45,0.0741,0.0577,0.0577,1.0,0.0,100.0,0.5902,0.3727,0.3727,1247.5412,1769859780.167601,6.31,52,824,0.005,10,0,0,7.19,15.0,0,801,1769859774.467,-1.082,meta-llama/Llama-3.2-1B-Instruct,"1769859774.467, 1769859774.668, 1769859774.846, 1769859774.848, 1769859774.919"
1.0,0,1769859778.1633,1.2734,27,32,59,0.06,0.063,0.0772,1.0,0.0,100.0,0.8977,0.3334,0.3334,1248.3767,1769859780.3354864,6.3,52,826,0.005,9,0,0,7.19,15.0,0,801,1769859774.467,-1.082,meta-llama/Llama-3.2-1B-Instruct,"1769859774.467, 1769859774.668, 1769859774.846, 1769859774.848, 1769859774.919"
1.0,0,1769859777.9952,1.412,27,32,59,0.0902,0.0599,0.0654,1.0,0.0,100.0,0.9276,0.5022,0.5022,1248.3767,1769859780.3357747,6.3,52,826,0.006,11,0,0,7.19,15.0,0,801,1769859774.467,-1.082,meta-llama/Llama-3.2-1B-Instruct,"1769859774.467, 1769859774.668, 1769859774.846, 1769859774.848, 1769859774.919"
1.0,0,1769859778.165,1.3247,27,32,59,0.0642,0.0607,0.0655,1.0,0.0,100.0,0.8783,0.389,0.389,1248.7657,1769859780.369445,6.29,52,827,0.005,9,1,0,7.19,15.0,0,801,1769859774.467,-1.082,meta-llama/Llama-3.2-1B-Instruct,"1769859774.467, 1769859774.668, 1769859774.846, 1769859774.848, 1769859774.919"
1.0,0,1769859778.3264,1.3187,27,32,59,0.0538,0.0587,0.0654,1.0,0.0,100.0,0.8527,0.3725,0.3725,1249.1381,1769859780.5074837,6.28,52,828,0.005,10,0,0,7.19,15.0,0,801,1769859774.467,-1.082,meta-llama/Llama-3.2-1B-Instruct,"1769859774.467, 1769859774.668, 1769859774.846, 1769859774.848, 1769859774.919"
1.0,0,1769859778.3941,1.3232,27,32,59,0.078,0.0606,0.0657,1.0,0.0,100.0,0.8658,0.4012,0.4012,1249.5394,1769859780.5842683,6.27,52,829,0.005,10,0,0,7.19,15.0,0,867,1769859780.907,0.355,meta-llama/Llama-3.2-1B-Instruct,"1769859780.907, 1769859780.909, 1769859780.911, 1769859780.975, 1769859781.045"
1.0,0,1769859778.6944,1.0885,27,32,59,0.0841,0.0585,0.0667,1.0,0.0,100.0,0.8129,0.1725,0.1725,1249.7119,1769859780.5967646,6.27,52,830,0.004,8,0,0,7.19,15.0,0,867,1769859780.907,0.355,meta-llama/Llama-3.2-1B-Instruct,"1769859780.907, 1769859780.909, 1769859780.911, 1769859780.975, 1769859781.045"
1.0,0,1769859778.7691,1.1023,27,32,59,0.0757,0.057,0.065,1.0,0.0,100.0,0.7781,0.1779,0.1779,1249.8898,1769859780.6566193,6.26,52,831,0.004,9,0,0,7.19,15.0,0,867,1769859780.907,0.355,meta-llama/Llama-3.2-1B-Instruct,"1769859780.907, 1769859780.909, 1769859780.911, 1769859780.975, 1769859781.045"
1.0,0,1769859779.052,0.885,27,32,59,0.0673,0.053,0.0705,1.0,0.0,100.0,0.7608,-0.0477,0.0,1249.8898,1769859780.7016902,6.37,53,832,0.004,9,0,0,7.19,15.0,0,867,1769859780.907,0.355,meta-llama/Llama-3.2-1B-Instruct,"1769859780.907, 1769859780.909, 1769859780.911, 1769859780.975, 1769859781.045"
1.0,0,1769859779.2317,0.7731,27,32,59,0.0768,0.0585,0.0744,1.0,0.0,100.0,0.7614,-0.1501,0.0,1249.8898,1769859780.7715771,6.48,54,833,0.004,10,0,0,7.19,15.0,0,867,1769859780.907,0.355,meta-llama/Llama-3.2-1B-Instruct,"1769859780.907, 1769859780.909, 1769859780.911, 1769859780.975, 1769859781.045"
1.0,0,1769859779.3049,0.7669,27,32,59,0.0862,0.0509,0.0781,1.0,0.0,100.0,0.7505,-0.1469,0.0,1249.8898,1769859780.825052,6.59,55,834,0.005,10,1,0,7.19,15.0,0,867,1769859780.907,0.355,meta-llama/Llama-3.2-1B-Instruct,"1769859780.907, 1769859780.909, 1769859780.911, 1769859780.975, 1769859781.045"
1.0,0,1769859779.3063,0.8375,27,32,59,0.0525,0.0619,0.0639,1.0,0.0,100.0,0.705,-0.11,0.0,1249.8898,1769859780.851143,6.71,56,835,0.005,10,0,0,7.19,15.0,0,867,1769859780.907,0.355,meta-llama/Llama-3.2-1B-Instruct,"1769859780.907, 1769859780.909, 1769859780.911, 1769859780.975, 1769859781.045"
1.0,0,1769859779.5134,0.7203,27,32,59,0.0774,0.0551,0.0689,1.0,0.0,100.0,0.7526,-0.2024,0.0,1249.8898,1769859780.9878535,6.82,57,836,0.005,11,0,0,7.19,15.0,0,867,1769859780.907,0.355,meta-llama/Llama-3.2-1B-Instruct,"1769859780.907, 1769859780.909, 1769859780.911, 1769859780.975, 1769859781.045"
1.0,0,1769859779.515,0.8002,27,32,59,0.0535,0.0554,0.0688,1.0,0.0,100.0,0.7325,-0.1463,0.0,1249.8898,1769859781.0532122,6.93,58,837,0.006,12,0,0,7.19,15.0,0,867,1769859780.907,0.355,meta-llama/Llama-3.2-1B-Instruct,"1769859780.907, 1769859780.909, 1769859780.911, 1769859780.975, 1769859781.045"
1.0,0,1769859779.6201,0.7789,27,32,59,0.1052,0.0596,0.0701,1.0,0.0,100.0,0.836,-0.1159,0.0,1249.8898,1769859781.238954,7.04,59,838,0.005,10,0,0,7.19,15.0,0,867,1769859780.907,0.355,meta-llama/Llama-3.2-1B-Instruct,"1769859780.907, 1769859780.909, 1769859780.911, 1769859780.975, 1769859781.045"
1.0,0,1769859779.6218,0.8619,27,32,59,0.0645,0.0745,0.0772,1.0,0.0,100.0,0.8254,-0.0735,0.0,1249.8898,1769859781.311465,7.15,60,839,0.005,10,1,0,7.19,15.0,0,867,1769859780.907,0.355,meta-llama/Llama-3.2-1B-Instruct,"1769859780.907, 1769859780.909, 1769859780.911, 1769859780.975, 1769859781.045"
1.0,0,1769859780.1127,1.1722,27,0,27,,,,1.0,,,0.0603,0.2325,0.2325,1250.1223,1769859781.3492172,7.14,60,840,0.004,10,0,0,7.19,15.0,0,867,1769859780.907,0.355,meta-llama/Llama-3.2-1B-Instruct,"1769859780.907, 1769859780.909, 1769859780.911, 1769859780.975, 1769859781.045"
1.0,0,1769859779.975,0.9171,27,16,43,0.0587,0.0646,0.0646,1.0,0.0,100.0,0.5038,-0.0242,0.0,1250.1223,1769859781.396731,7.25,61,841,0.003,7,0,0,7.19,15.0,0,867,1769859780.907,0.355,meta-llama/Llama-3.2-1B-Instruct,"1769859780.907, 1769859780.909, 1769859780.911, 1769859780.975, 1769859781.045"
1.0,0,1769859779.9073,0.7682,27,32,59,0.0702,0.0585,0.0665,1.0,0.0,100.0,0.9307,-0.1616,0.0,1250.2621,1769859781.6205773,7.36,62,843,0.005,9,0,0,7.19,15.0,0,867,1769859780.907,0.355,meta-llama/Llama-3.2-1B-Instruct,"1769859780.907, 1769859780.909, 1769859780.911, 1769859780.975, 1769859781.045"
1.0,0,1769859779.6233,1.0467,27,32,59,0.0931,0.0684,0.0766,1.0,0.0,100.0,0.9401,0.1398,0.1398,1250.2621,1769859781.6208043,7.35,62,843,0.005,10,0,0,7.19,15.0,0,867,1769859780.907,0.355,meta-llama/Llama-3.2-1B-Instruct,"1769859780.907, 1769859780.909, 1769859780.911, 1769859780.975, 1769859781.045"
1.0,0,1769859779.909,0.8303,27,32,59,0.0617,0.0617,0.064,1.0,0.0,100.0,0.9152,-0.108,0.0,1250.2621,1769859781.6563597,7.46,63,844,0.004,7,0,0,7.19,15.0,0,867,1769859780.907,0.355,meta-llama/Llama-3.2-1B-Instruct,"1769859780.907, 1769859780.909, 1769859780.911, 1769859780.975, 1769859781.045"
1.0,0,1769859779.9107,0.9199,27,32,59,0.0574,0.0586,0.0591,1.0,0.0,100.0,0.9325,-0.0227,0.0,1250.2621,1769859781.7685235,7.57,64,845,0.004,8,0,0,7.19,15.0,0,867,1769859780.907,0.355,meta-llama/Llama-3.2-1B-Instruct,"1769859780.907, 1769859780.909, 1769859780.911, 1769859780.975, 1769859781.045"
1.0,0,1769859780.0452,0.9207,27,32,59,0.0694,0.0585,0.0637,1.0,0.0,100.0,0.9019,-0.0099,0.0,1250.2621,1769859781.8703036,7.68,65,846,0.004,9,0,0,7.19,15.0,0,867,1769859780.907,0.355,meta-llama/Llama-3.2-1B-Instruct,"1769859780.907, 1769859780.909, 1769859780.911, 1769859780.975, 1769859781.045"
1.0,0,1769859780.0469,0.9921,27,32,59,0.0656,0.0614,0.0651,1.0,0.0,100.0,0.8612,0.0576,0.0576,1250.3197,1769859781.9096587,7.67,65,847,0.004,8,1,0,7.19,15.0,0,867,1769859780.907,0.355,meta-llama/Llama-3.2-1B-Instruct,"1769859780.907, 1769859780.909, 1769859780.911, 1769859780.975, 1769859781.045"
1.0,0,1769859780.0486,1.0493,27,32,59,0.0705,0.065,0.0704,1.0,0.0,100.0,0.8388,0.1198,0.1198,1250.5627,1769859781.9481795,7.67,65,849,0.004,9,0,0,7.19,15.0,0,867,1769859780.907,0.355,meta-llama/Llama-3.2-1B-Instruct,"1769859780.907, 1769859780.909, 1769859780.911, 1769859780.975, 1769859781.045"
1.0,0,1769859780.1099,1.0493,27,32,59,0.0738,0.06,0.0606,1.0,0.0,100.0,0.7847,0.1232,0.1232,1250.5627,1769859781.9485188,7.66,65,849,0.004,9,0,0,7.19,15.0,0,867,1769859780.907,0.355,meta-llama/Llama-3.2-1B-Instruct,"1769859780.907, 1769859780.909, 1769859780.911, 1769859780.975, 1769859781.045"
1.0,0,1769859780.1113,1.1069,27,32,59,0.083,0.0629,0.1198,1.0,0.0,100.0,0.8913,0.1899,0.1899,1250.7526,1769859782.1113183,7.65,65,850,0.005,10,0,0,7.19,15.0,0,867,1769859780.907,0.355,meta-llama/Llama-3.2-1B-Instruct,"1769859780.907, 1769859780.909, 1769859780.911, 1769859780.975, 1769859781.045"
1.0,0,1769859780.1141,1.2679,27,32,59,0.0688,0.0759,0.1182,1.0,0.0,100.0,0.9229,0.3367,0.3367,1251.0892,1769859782.3181055,7.64,65,851,0.005,10,0,0,7.19,15.0,0,867,1769859780.907,0.355,meta-llama/Llama-3.2-1B-Instruct,"1769859780.907, 1769859780.909, 1769859780.911, 1769859780.975, 1769859781.045"
1.0,0,1769859780.1154,1.3225,27,31,58,0.0711,0.0576,0.1172,1.0,0.0,100.0,0.8908,0.3936,0.3936,1251.4828,1769859782.332997,7.63,65,852,0.005,9,0,0,7.19,15.0,0,867,1769859780.907,0.355,meta-llama/Llama-3.2-1B-Instruct,"1769859780.907, 1769859780.909, 1769859780.911, 1769859780.975, 1769859781.045"
1.0,0,1769859780.1168,1.3995,27,31,58,0.104,0.0658,0.1216,1.0,0.0,100.0,0.9476,0.5035,0.5035,1251.9864,1769859782.481219,7.62,65,853,0.005,10,1,0,7.19,15.0,0,867,1769859780.907,0.355,meta-llama/Llama-3.2-1B-Instruct,"1769859780.907, 1769859780.909, 1769859780.911, 1769859780.975, 1769859781.045"
1.0,0,1769859780.1182,1.4827,27,32,59,0.0547,0.0645,0.1188,1.0,0.0,100.0,0.892,0.5374,0.5374,1252.5238,1769859782.4998882,7.61,65,854,0.005,10,0,0,7.19,15.0,0,867,1769859780.907,0.355,meta-llama/Llama-3.2-1B-Instruct,"1769859780.907, 1769859780.909, 1769859780.911, 1769859780.975, 1769859781.045"
1.0,0,1769859780.2685,1.4145,27,32,59,0.0846,0.062,0.1222,1.0,0.0,100.0,0.9575,0.4991,0.4991,1253.3194,1769859782.6532357,7.6,65,856,0.005,10,0,0,7.19,15.0,0,867,1769859780.907,0.355,meta-llama/Llama-3.2-1B-Instruct,"1769859780.907, 1769859780.909, 1769859780.911, 1769859780.975, 1769859781.045"
1.0,0,1769859780.5205,1.2262,27,32,59,0.0704,0.058,0.117,1.0,0.0,100.0,0.9007,0.2966,0.2966,1253.3194,1769859782.6554291,7.59,65,856,0.005,10,0,0,7.19,15.0,0,867,1769859780.907,0.355,meta-llama/Llama-3.2-1B-Instruct,"1769859780.907, 1769859780.909, 1769859780.911, 1769859780.975, 1769859781.045"
1.0,0,1769859781.1937,1.467,27,0,27,,,,1.0,,,0.1082,0.5752,0.5752,1253.8946,1769859782.7725801,7.58,65,857,0.005,12,0,0,7.19,15.0,0,867,1769859780.907,0.355,meta-llama/Llama-3.2-1B-Instruct,"1769859780.907, 1769859780.909, 1769859780.911, 1769859780.975, 1769859781.045"
1.0,0,1769859780.5238,1.4076,27,32,59,0.1197,0.0659,0.0913,1.0,0.0,100.0,1.061,0.5274,0.5274,1255.3087,1769859783.0030594,7.57,65,860,0.005,9,0,0,7.19,15.0,0,867,1769859780.907,0.355,meta-llama/Llama-3.2-1B-Instruct,"1769859780.907, 1769859780.909, 1769859780.911, 1769859780.975, 1769859781.045"
1.0,0,1769859780.7147,1.3312,27,32,59,0.0646,0.0695,0.0948,1.0,0.0,100.0,0.9493,0.3958,0.3958,1255.3087,1769859783.0051508,7.56,65,860,0.004,9,1,0,7.19,15.0,0,867,1769859780.907,0.355,meta-llama/Llama-3.2-1B-Instruct,"1769859780.907, 1769859780.909, 1769859780.911, 1769859780.975, 1769859781.045"
1.0,0,1769859780.5222,1.4069,27,32,59,0.0841,0.0848,0.0914,1.0,0.0,100.0,1.0621,0.4909,0.4909,1255.8358,1769859783.0135503,7.58,65,861,0.005,10,1,0,7.19,15.0,0,867,1769859780.907,0.355,meta-llama/Llama-3.2-1B-Instruct,"1769859780.907, 1769859780.909, 1769859780.911, 1769859780.975, 1769859781.045"
1.0,0,1769859780.5253,1.4635,27,32,59,0.0636,0.0643,0.0912,1.0,0.0,100.0,1.0226,0.5271,0.5271,1255.8358,1769859783.013761,7.55,65,861,0.004,7,0,0,7.19,15.0,0,867,1769859780.907,0.355,meta-llama/Llama-3.2-1B-Instruct,"1769859780.907, 1769859780.909, 1769859780.911, 1769859780.975, 1769859781.045"
1.0,0,1769859780.8621,1.2439,27,32,59,0.0758,0.0659,0.0908,1.0,0.0,100.0,0.9383,0.3197,0.3197,1256.1555,1769859783.0487597,7.54,65,862,0.005,10,0,0,7.19,15.0,0,867,1769859780.907,0.355,meta-llama/Llama-3.2-1B-Instruct,"1769859780.907, 1769859780.909, 1769859780.911, 1769859780.975, 1769859781.045"
1.0,0,1769859781.0719,1.095,27,32,59,0.0689,0.0587,0.0941,1.0,0.0,100.0,0.9189,0.1639,0.1639,1256.3194,1769859783.0914855,7.53,65,863,0.004,10,1,0,7.19,15.0,0,867,1769859780.907,0.355,meta-llama/Llama-3.2-1B-Instruct,"1769859780.907, 1769859780.909, 1769859780.911, 1769859780.975, 1769859781.045"
1.0,0,1769859781.0734,1.1629,27,32,59,0.067,0.0606,0.0899,1.0,0.0,100.0,0.8733,0.2299,0.2299,1256.5492,1769859783.1176474,7.52,65,864,0.005,12,0,0,7.19,15.0,0,867,1769859780.907,0.355,meta-llama/Llama-3.2-1B-Instruct,"1769859780.907, 1769859780.909, 1769859780.911, 1769859780.975, 1769859781.045"
1.0,0,1769859781.0749,1.2333,27,32,59,0.0771,0.0604,0.0925,1.0,0.0,100.0,0.8375,0.3104,0.3104,1256.8597,1769859783.1465094,7.51,65,865,0.006,12,0,0,7.19,15.0,0,867,1769859780.907,0.355,meta-llama/Llama-3.2-1B-Instruct,"1769859780.907, 1769859780.909, 1769859780.911, 1769859780.975, 1769859781.045"
1.0,0,1769859781.134,1.2623,27,32,59,0.0668,0.0564,0.098,1.0,0.0,100.0,0.7921,0.3291,0.3291,1257.1888,1769859783.2048569,7.51,65,866,0.006,12,0,0,7.19,15.0,0,867,1769859780.907,0.355,meta-llama/Llama-3.2-1B-Instruct,"1769859780.907, 1769859780.909, 1769859780.911, 1769859780.975, 1769859781.045"
1.0,0,1769859781.1354,1.3396,27,32,59,0.083,0.0894,0.0906,1.0,0.0,100.0,0.8828,0.4225,0.4225,1257.6114,1769859783.3657928,7.5,65,867,0.006,12,0,0,7.19,15.0,0,867,1769859780.907,0.355,meta-llama/Llama-3.2-1B-Instruct,"1769859780.907, 1769859780.909, 1769859780.911, 1769859780.975, 1769859781.045"
1.0,0,1769859781.1369,1.4086,27,32,59,0.0616,0.0862,0.0988,1.0,0.0,100.0,0.8208,0.4701,0.4701,1258.0815,1769859783.368461,7.49,65,868,0.005,11,0,0,7.19,15.0,0,867,1769859780.907,0.355,meta-llama/Llama-3.2-1B-Instruct,"1769859780.907, 1769859780.909, 1769859780.911, 1769859780.975, 1769859781.045"
1.0,0,1769859781.5708,1.318,27,32,59,0.0594,0.0918,0.4285,1.0,0.0,100.0,1.0443,0.3774,0.3774,1258.7622,1769859783.9638553,7.47,65,870,0.007,14,0,0,7.19,15.0,0,867,1769859780.907,0.355,meta-llama/Llama-3.2-1B-Instruct,"1769859780.907, 1769859780.909, 1769859780.911, 1769859780.975, 1769859781.045"
1.0,0,1769859781.569,1.2406,27,32,59,0.0627,0.0914,0.4201,1.0,0.0,100.0,1.1146,0.3033,0.3033,1261.278,1769859784.0059738,7.48,65,875,0.006,12,0,0,7.19,15.0,0,867,1769859780.907,0.355,meta-llama/Llama-3.2-1B-Instruct,"1769859780.907, 1769859780.909, 1769859780.911, 1769859780.975, 1769859781.045"
1.0,0,1769859781.6512,1.5117,27,32,59,0.11,0.0648,0.4214,1.0,0.0,100.0,0.8401,0.6217,0.6217,1262.1574,1769859784.0126061,7.44,65,877,0.005,11,0,0,7.19,15.0,0,867,1769859780.907,0.355,meta-llama/Llama-3.2-1B-Instruct,"1769859780.907, 1769859780.909, 1769859780.911, 1769859780.975, 1769859781.045"
1.0,0,1769859781.9617,1.3789,27,32,59,0.0819,0.0349,0.4326,1.0,0.0,100.0,0.6663,0.4609,0.4609,1262.1574,1769859784.018218,7.42,65,877,0.004,9,0,0,7.19,15.0,0,867,1769859780.907,0.355,meta-llama/Llama-3.2-1B-Instruct,"1769859780.907, 1769859780.909, 1769859780.911, 1769859780.975, 1769859781.045"
1.0,0,1769859781.9633,1.4441,27,32,59,0.063,0.0506,0.4165,1.0,0.0,100.0,0.5984,0.5071,0.5071,1262.1574,1769859784.0184143,7.43,65,877,0.004,9,0,0,7.19,15.0,0,867,1769859780.907,0.355,meta-llama/Llama-3.2-1B-Instruct,"1769859780.907, 1769859780.909, 1769859780.911, 1769859780.975, 1769859781.045"
1.0,0,1769859781.3317,1.3739,27,32,59,0.0642,0.0908,0.4546,1.0,0.0,100.0,1.2744,0.4381,0.4381,1263.0637,1769859784.020209,7.45,65,878,0.006,11,0,0,7.19,15.0,0,867,1769859780.907,0.355,meta-llama/Llama-3.2-1B-Instruct,"1769859780.907, 1769859780.909, 1769859780.911, 1769859780.975, 1769859781.045"
1.0,0,1769859781.5725,1.4048,27,32,59,0.0666,0.091,0.4643,1.0,0.0,100.0,0.9959,0.4714,0.4714,1263.0637,1769859784.020961,7.46,65,878,0.006,12,0,0,7.19,15.0,0,867,1769859780.907,0.355,meta-llama/Llama-3.2-1B-Instruct,"1769859780.907, 1769859780.909, 1769859780.911, 1769859780.975, 1769859781.045"
1.0,0,1769859782.0231,1.9571,27,32,59,0.0628,0.0591,0.152,1.0,0.0,100.0,0.9417,1.0199,1.0199,1264.6372,1769859784.9231474,7.39,65,880,0.005,10,0,0,7.19,15.0,0,867,1769859780.907,0.355,meta-llama/Llama-3.2-1B-Instruct,"1769859780.907, 1769859780.909, 1769859780.911, 1769859780.975, 1769859781.045"
1.0,0,1769859782.07,2.0561,27,32,59,0.0559,0.0596,0.1461,1.0,0.0,100.0,0.9529,1.112,1.112,1266.8597,1769859785.099512,7.38,65,882,0.0,1,0,0,7.19,15.0,0,867,1769859780.907,0.355,meta-llama/Llama-3.2-1B-Instruct,"1769859780.907, 1769859780.909, 1769859780.911, 1769859780.975, 1769859781.045"
1.0,0,1769859782.0245,2.0481,27,32,59,0.0624,0.0629,0.1469,1.0,0.0,100.0,1.0145,1.1105,1.1105,1266.8597,1769859785.0997694,7.37,65,882,0.0,1,0,0,7.19,15.0,0,867,1769859780.907,0.355,meta-llama/Llama-3.2-1B-Instruct,"1769859780.907, 1769859780.909, 1769859780.911, 1769859780.975, 1769859781.045"
1.0,0,1769859782.0715,2.1131,27,32,59,0.0869,0.0612,0.1539,1.0,0.0,100.0,0.9169,1.2,1.2,1269.2622,1769859785.107462,7.36,65,884,0.001,2,0,0,7.19,15.0,0,867,1769859780.907,0.355,meta-llama/Llama-3.2-1B-Instruct,"1769859780.907, 1769859780.909, 1769859780.911, 1769859780.975, 1769859781.045"
1.0,0,1769859782.073,2.154,27,32,59,0.0485,0.0637,0.1489,1.0,0.0,100.0,0.8756,1.2026,1.2026,1269.2622,1769859785.1087682,7.35,65,884,0.001,3,1,0,7.19,15.0,0,867,1769859780.907,0.355,meta-llama/Llama-3.2-1B-Instruct,"1769859780.907, 1769859780.909, 1769859780.911, 1769859780.975, 1769859781.045"
1.0,0,1769859782.1437,2.2992,27,32,59,0.1067,0.0614,0.0807,1.0,0.0,100.0,1.0211,1.4059,1.4059,1273.4585,1769859785.4679506,7.34,65,887,0.002,5,0,0,7.19,15.0,0,867,1769859780.907,0.355,meta-llama/Llama-3.2-1B-Instruct,"1769859780.907, 1769859780.909, 1769859780.911, 1769859780.975, 1769859781.045"
1.0,0,1769859782.0744,2.351,27,32,59,0.0872,0.0705,0.1195,1.0,0.0,100.0,1.039,1.4382,1.4382,1274.7673,1769859785.4724455,7.34,65,888,0.002,5,0,0,7.19,15.0,0,867,1769859780.907,0.355,meta-llama/Llama-3.2-1B-Instruct,"1769859780.907, 1769859780.909, 1769859780.911, 1769859780.975, 1769859781.045"
1.0,0,1769859782.1965,2.2358,27,32,59,0.1164,0.0681,0.0859,1.0,0.0,100.0,1.0345,1.3522,1.3522,1276.0781,1769859785.4743562,7.33,65,889,0.002,5,0,0,7.19,15.0,0,867,1769859780.907,0.355,meta-llama/Llama-3.2-1B-Instruct,"1769859780.907, 1769859780.909, 1769859780.911, 1769859780.975, 1769859781.045"
1.0,0,1769859782.2733,2.2042,27,32,59,0.1046,0.0635,0.0688,1.0,0.0,100.0,0.9947,1.3088,1.3088,1276.0781,1769859785.4745338,7.32,65,889,0.002,5,0,0,7.19,15.0,0,867,1769859780.907,0.355,meta-llama/Llama-3.2-1B-Instruct,"1769859780.907, 1769859780.909, 1769859780.911, 1769859780.975, 1769859781.045"
1.0,0,1769859782.2747,2.2538,27,32,59,0.0569,0.0599,0.0614,1.0,0.0,100.0,0.9453,1.3107,1.3107,1276.0781,1769859785.475303,7.31,65,889,0.003,8,1,0,7.19,15.0,0,867,1769859780.907,0.355,meta-llama/Llama-3.2-1B-Instruct,"1769859780.907, 1769859780.909, 1769859780.911, 1769859780.975, 1769859781.045"
1.0,0,1769859782.4323,2.188,27,32,59,0.0672,0.0616,0.0703,1.0,0.0,100.0,0.8893,1.2552,1.2552,1279.8596,1769859785.5165582,7.3,65,892,0.004,10,0,0,7.19,15.0,0,867,1769859780.907,0.355,meta-llama/Llama-3.2-1B-Instruct,"1769859780.907, 1769859780.909, 1769859780.911, 1769859780.975, 1769859781.045"
1.0,0,1769859782.4309,2.1448,27,32,59,0.0651,0.0592,0.0599,1.0,0.0,100.0,0.9373,1.2099,1.2099,1279.8596,1769859785.5183911,7.3,65,892,0.004,9,1,0,7.19,15.0,0,867,1769859780.907,0.355,meta-llama/Llama-3.2-1B-Instruct,"1769859780.907, 1769859780.909, 1769859780.911, 1769859780.975, 1769859781.045"
1.0,0,1769859782.4336,2.2414,27,32,59,0.0751,0.0507,0.0779,1.0,0.0,100.0,0.8413,1.3164,1.3164,1279.8596,1769859785.5187469,7.29,65,892,0.004,11,0,0,7.19,15.0,0,867,1769859780.907,0.355,meta-llama/Llama-3.2-1B-Instruct,"1769859780.907, 1769859780.909, 1769859780.911, 1769859780.975, 1769859781.045"
1.0,0,1769859782.8536,1.8798,27,32,59,0.0851,0.0537,0.0626,1.0,0.0,100.0,0.8528,0.9649,0.9649,1280.8245,1769859785.5949552,7.28,65,893,0.005,12,0,0,7.19,15.0,0,922,1769859786.027,0.474,meta-llama/Llama-3.2-1B-Instruct,"1769859786.027, 1769859786.029, 1769859786.127, 1769859786.211, 1769859786.212"
1.0,0,1769859783.4498,1.3586,27,32,59,0.0562,0.049,0.0632,1.0,0.0,100.0,0.7985,0.4149,0.4149,1281.2394,1769859785.6122673,7.27,65,894,0.006,14,0,0,7.19,15.0,0,922,1769859786.027,0.474,meta-llama/Llama-3.2-1B-Instruct,"1769859786.027, 1769859786.029, 1769859786.127, 1769859786.211, 1769859786.212"
1.0,0,1769859784.0448,0.8394,27,32,59,0.0746,0.0559,0.0641,1.0,0.0,100.0,0.7844,-0.0861,0.0,1281.2394,1769859785.6741707,7.37,66,895,0.007,15,0,0,7.19,15.0,0,922,1769859786.027,0.474,meta-llama/Llama-3.2-1B-Instruct,"1769859786.027, 1769859786.029, 1769859786.127, 1769859786.211, 1769859786.212"
1.0,0,1769859784.1587,0.8191,27,32,59,0.063,0.0531,0.064,1.0,0.0,100.0,0.7295,-0.1179,0.0,1281.2394,1769859785.712328,7.48,67,896,0.007,15,0,0,7.19,15.0,0,922,1769859786.027,0.474,meta-llama/Llama-3.2-1B-Instruct,"1769859786.027, 1769859786.029, 1769859786.127, 1769859786.211, 1769859786.212"
1.0,0,1769859784.1601,0.8943,27,32,59,0.1197,0.0511,0.0579,1.0,0.0,100.0,0.7877,0.014,0.014,1281.2533,1769859785.8503876,7.47,67,897,0.008,16,0,0,7.19,15.0,0,922,1769859786.027,0.474,meta-llama/Llama-3.2-1B-Instruct,"1769859786.027, 1769859786.029, 1769859786.127, 1769859786.211, 1769859786.212"
1.0,0,1769859784.208,0.9455,27,32,59,0.0775,0.0518,0.0535,1.0,0.0,100.0,0.7708,0.023,0.023,1281.2763,1769859785.9306922,7.46,67,898,0.005,12,0,0,7.19,15.0,0,922,1769859786.027,0.474,meta-llama/Llama-3.2-1B-Instruct,"1769859786.027, 1769859786.029, 1769859786.127, 1769859786.211, 1769859786.212"
1.0,0,1769859784.2648,0.9702,27,32,59,0.0541,0.0457,0.0458,1.0,0.0,100.0,0.735,0.0243,0.0243,1281.3006,1769859785.9718444,7.45,67,899,0.007,14,0,0,7.19,15.0,0,922,1769859786.027,0.474,meta-llama/Llama-3.2-1B-Instruct,"1769859786.027, 1769859786.029, 1769859786.127, 1769859786.211, 1769859786.212"
1.0,0,1769859784.6502,0.6615,27,32,59,0.0738,0.0513,0.065,1.0,0.0,100.0,0.7987,-0.2647,0.0,1281.3006,1769859786.1193693,7.56,68,900,0.008,15,0,0,7.19,15.0,0,922,1769859786.027,0.474,meta-llama/Llama-3.2-1B-Instruct,"1769859786.027, 1769859786.029, 1769859786.127, 1769859786.211, 1769859786.212"
1.0,0,1769859784.7112,0.6996,27,32,59,0.0521,0.0584,0.0663,1.0,0.0,100.0,0.7705,-0.2483,0.0,1281.3006,1769859786.1821992,7.66,69,901,0.009,16,0,0,7.19,15.0,0,922,1769859786.027,0.474,meta-llama/Llama-3.2-1B-Instruct,"1769859786.027, 1769859786.029, 1769859786.127, 1769859786.211, 1769859786.212"
1.0,0,1769859784.9446,0.5411,27,32,59,0.0708,0.0469,0.0591,1.0,0.0,100.0,0.7839,-0.3881,0.0,1281.3006,1769859786.2765365,7.76,70,902,0.006,11,0,0,7.19,15.0,0,922,1769859786.027,0.474,meta-llama/Llama-3.2-1B-Instruct,"1769859786.027, 1769859786.029, 1769859786.127, 1769859786.211, 1769859786.212"
1.0,0,1769859785.0273,0.6543,27,32,59,0.0983,0.0617,0.069,1.0,0.0,100.0,0.9332,-0.2474,0.0,1281.3006,1769859786.6245449,7.86,73,905,0.004,7,0,0,7.19,15.0,0,922,1769859786.027,0.474,meta-llama/Llama-3.2-1B-Instruct,"1769859786.027, 1769859786.029, 1769859786.127, 1769859786.211, 1769859786.212"
1.0,0,1769859784.9461,0.7301,27,32,59,0.1045,0.0717,0.0742,1.0,0.0,100.0,0.9423,-0.1654,0.0,1281.3006,1769859786.6255212,7.96,73,905,0.005,10,0,0,7.19,15.0,0,922,1769859786.027,0.474,meta-llama/Llama-3.2-1B-Instruct,"1769859786.027, 1769859786.029, 1769859786.127, 1769859786.211, 1769859786.212"
1.0,0,1769859785.0287,0.7068,27,32,59,0.0485,0.0649,0.065,1.0,0.0,100.0,0.8866,-0.2447,0.0,1281.3006,1769859786.6282964,8.07,73,905,0.003,6,2,0,7.19,15.0,0,922,1769859786.027,0.474,meta-llama/Llama-3.2-1B-Instruct,"1769859786.027, 1769859786.029, 1769859786.127, 1769859786.211, 1769859786.212"
1.0,0,1769859785.1267,0.6828,27,32,59,0.0858,0.0622,0.0649,1.0,0.0,100.0,0.9393,-0.2315,0.0,1281.3006,1769859786.7543783,8.17,74,906,0.004,9,0,0,7.19,15.0,0,922,1769859786.027,0.474,meta-llama/Llama-3.2-1B-Instruct,"1769859786.027, 1769859786.029, 1769859786.127, 1769859786.211, 1769859786.212"
1.0,0,1769859785.711,0.7249,27,12,39,0.0611,0.0629,0.0629,1.0,0.0,100.0,0.3463,-0.214,0.0,1281.3006,1769859786.7970905,8.27,75,907,0.005,12,0,0,7.19,15.0,0,922,1769859786.027,0.474,meta-llama/Llama-3.2-1B-Instruct,"1769859786.027, 1769859786.029, 1769859786.127, 1769859786.211, 1769859786.212"
1.0,0,1769859785.2125,0.7452,27,32,59,0.0739,0.0625,0.0799,1.0,0.0,100.0,0.85,-0.1809,0.0,1281.3006,1769859786.8114505,8.47,77,909,0.004,8,0,0,7.19,15.0,0,922,1769859786.027,0.474,meta-llama/Llama-3.2-1B-Instruct,"1769859786.027, 1769859786.029, 1769859786.127, 1769859786.211, 1769859786.212"
1.0,0,1769859785.211,0.7013,27,32,59,0.0547,0.061,0.0761,1.0,0.0,100.0,0.8912,-0.2441,0.0,1281.3006,1769859786.813076,8.37,77,909,0.004,8,0,0,7.19,15.0,0,922,1769859786.027,0.474,meta-llama/Llama-3.2-1B-Instruct,"1769859786.027, 1769859786.029, 1769859786.127, 1769859786.211, 1769859786.212"
1.0,0,1769859785.2699,0.7528,27,32,59,0.0573,0.0571,0.0608,1.0,0.0,100.0,0.8135,-0.1898,0.0,1281.3006,1769859786.8384774,8.57,78,910,0.004,9,0,0,7.19,15.0,0,922,1769859786.027,0.474,meta-llama/Llama-3.2-1B-Instruct,"1769859786.027, 1769859786.029, 1769859786.127, 1769859786.211, 1769859786.212"
1.0,0,1769859785.2713,0.8427,27,32,59,0.0628,0.0601,0.0613,1.0,0.0,100.0,0.7832,-0.0945,0.0,1281.3006,1769859786.9026847,8.67,80,912,0.005,10,0,0,7.19,15.0,0,922,1769859786.027,0.474,meta-llama/Llama-3.2-1B-Instruct,"1769859786.027, 1769859786.029, 1769859786.127, 1769859786.211, 1769859786.212"
1.0,0,1769859785.3653,0.7998,27,32,59,0.0525,0.0557,0.0658,1.0,0.0,100.0,0.7373,-0.1476,0.0,1281.3006,1769859786.9032729,8.77,80,912,0.004,9,0,0,7.19,15.0,0,922,1769859786.027,0.474,meta-llama/Llama-3.2-1B-Instruct,"1769859786.027, 1769859786.029, 1769859786.127, 1769859786.211, 1769859786.212"
1.0,0,1769859785.3673,0.8767,27,32,59,0.0737,0.0599,0.0687,1.0,0.0,100.0,0.7184,-0.0497,0.0,1281.3006,1769859786.975379,8.87,81,913,0.004,10,0,0,7.19,15.0,0,922,1769859786.027,0.474,meta-llama/Llama-3.2-1B-Instruct,"1769859786.027, 1769859786.029, 1769859786.127, 1769859786.211, 1769859786.212"
1.0,0,1769859786.4805,0.4831,27,0,27,,,,1.0,,,0.076,-0.4409,0.0,1281.3006,1769859787.0437787,8.97,82,914,0.003,6,0,0,7.19,15.0,0,922,1769859786.027,0.474,meta-llama/Llama-3.2-1B-Instruct,"1769859786.027, 1769859786.029, 1769859786.127, 1769859786.211, 1769859786.212"
1.0,0,1769859785.369,0.9413,27,32,59,0.0729,0.0629,0.0673,1.0,0.0,100.0,0.7568,0.0142,0.0142,1281.3148,1769859787.069184,8.96,82,915,0.004,9,0,0,7.19,15.0,0,922,1769859786.027,0.474,meta-llama/Llama-3.2-1B-Instruct,"1769859786.027, 1769859786.029, 1769859786.127, 1769859786.211, 1769859786.212"
1.0,0,1769859785.3705,1.0011,27,32,59,0.081,0.0515,0.0543,1.0,0.0,100.0,0.744,0.0821,0.0821,1281.3969,1769859787.1179805,8.95,82,916,0.005,10,0,0,7.19,15.0,0,922,1769859786.027,0.474,meta-llama/Llama-3.2-1B-Instruct,"1769859786.027, 1769859786.029, 1769859786.127, 1769859786.211, 1769859786.212"
1.0,0,1769859785.9429,0.5782,27,32,59,0.0845,0.0563,0.0581,1.0,0.0,100.0,0.7864,-0.3372,0.0,1281.3969,1769859787.314634,9.05,83,917,0.006,13,0,0,7.19,15.0,0,922,1769859786.027,0.474,meta-llama/Llama-3.2-1B-Instruct,"1769859786.027, 1769859786.029, 1769859786.127, 1769859786.211, 1769859786.212"
1.0,0,1769859785.9955,0.5988,27,32,59,0.0618,0.0596,0.0603,1.0,0.0,100.0,0.7803,-0.3394,0.0,1281.3969,1769859787.3771977,9.15,85,919,0.007,14,0,0,7.19,15.0,0,922,1769859786.027,0.474,meta-llama/Llama-3.2-1B-Instruct,"1769859786.027, 1769859786.029, 1769859786.127, 1769859786.211, 1769859786.212"
1.0,0,1769859786.9193,0.3713,27,1,28,0.0836,,,1.0,,,0.0859,-0.5451,0.0,1281.3969,1769859787.37736,9.25,85,919,0.004,8,0,0,7.19,15.0,0,922,1769859786.027,0.474,meta-llama/Llama-3.2-1B-Instruct,"1769859786.027, 1769859786.029, 1769859786.127, 1769859786.211, 1769859786.212"
1.0,0,1769859785.997,0.6879,27,32,59,0.0589,0.0589,0.0592,1.0,0.0,100.0,0.7766,-0.2532,0.0,1281.3969,1769859787.4678698,9.35,86,920,0.006,12,0,0,7.19,15.0,0,922,1769859786.027,0.474,meta-llama/Llama-3.2-1B-Instruct,"1769859786.027, 1769859786.029, 1769859786.127, 1769859786.211, 1769859786.212"
1.0,0,1769859787.6368,0.257,27,0,27,,,,1.0,,,0.2388,-0.5042,0.0,1281.3969,1769859788.1342604,9.45,87,921,0.057,14,1,0,7.19,15.0,0,922,1769859786.027,0.474,meta-llama/Llama-3.2-1B-Instruct,"1769859786.027, 1769859786.029, 1769859786.127, 1769859786.211, 1769859786.212"
1.0,0,1769859787.9645,0.2008,27,0,27,,,,1.0,,,0.0793,-0.7199,0.0,1281.3969,1769859788.2456994,9.54,88,922,0.057,14,1,0,7.19,15.0,0,922,1769859786.027,0.474,meta-llama/Llama-3.2-1B-Instruct,"1769859786.027, 1769859786.029, 1769859786.127, 1769859786.211, 1769859786.212"
1.0,0,1769859786.2006,0.7474,27,32,59,0.0865,0.057,0.617,1.0,0.0,100.0,1.5445,-0.1661,0.0,1281.3969,1769859788.5028665,9.64,89,923,0.006,12,0,0,7.19,15.0,0,922,1769859786.027,0.474,meta-llama/Llama-3.2-1B-Instruct,"1769859786.027, 1769859786.029, 1769859786.127, 1769859786.211, 1769859786.212"
1.0,0,1769859786.3452,0.6236,27,32,59,0.0663,0.0565,0.6123,1.0,0.0,100.0,1.5345,-0.3101,0.0,1281.3969,1769859788.5122929,9.74,90,924,0.004,8,0,0,7.19,15.0,0,922,1769859786.027,0.474,meta-llama/Llama-3.2-1B-Instruct,"1769859786.027, 1769859786.029, 1769859786.127, 1769859786.211, 1769859786.212"
1.0,0,1769859786.568,0.4718,27,32,59,0.0749,0.0565,0.6226,1.0,0.0,100.0,1.5209,-0.4533,0.0,1281.3969,1769859788.5764554,9.84,92,926,0.003,6,2,0,7.19,15.0,0,922,1769859786.027,0.474,meta-llama/Llama-3.2-1B-Instruct,"1769859786.027, 1769859786.029, 1769859786.127, 1769859786.211, 1769859786.212"
1.0,0,1769859786.5697,0.5344,27,32,59,0.0516,0.0614,0.6209,1.0,0.0,100.0,1.4706,-0.414,0.0,1281.3969,1769859788.5778644,9.94,92,926,0.003,6,1,0,7.19,15.0,0,922,1769859786.027,0.474,meta-llama/Llama-3.2-1B-Instruct,"1769859786.027, 1769859786.029, 1769859786.127, 1769859786.211, 1769859786.212"
1.0,0,1769859786.66,0.5151,27,32,59,0.0639,0.067,0.619,1.0,0.0,100.0,1.4484,-0.421,0.0,1281.3969,1769859788.6279473,10.03,93,927,0.003,7,0,0,7.19,15.0,0,922,1769859786.027,0.474,meta-llama/Llama-3.2-1B-Instruct,"1769859786.027, 1769859786.029, 1769859786.127, 1769859786.211, 1769859786.212"
1.0,0,1769859786.7288,0.5023,27,33,60,0.0795,0.0553,0.6155,1.0,0.0,100.0,1.4239,-0.4182,0.0,1281.3969,1769859788.6657157,10.13,94,928,0.003,7,0,0,7.19,15.0,0,922,1769859786.027,0.474,meta-llama/Llama-3.2-1B-Instruct,"1769859786.027, 1769859786.029, 1769859786.127, 1769859786.211, 1769859786.212"
1.0,0,1769859787.2022,0.1562,27,32,59,0.0579,0.0539,0.6217,1.0,0.0,100.0,1.4269,-0.7858,0.0,1281.3969,1769859788.7888978,10.23,95,929,0.003,8,0,0,7.19,15.0,0,922,1769859786.027,0.474,meta-llama/Llama-3.2-1B-Instruct,"1769859786.027, 1769859786.029, 1769859786.127, 1769859786.211, 1769859786.212"
1.0,0,1769859787.6353,0.2061,27,32,59,0.2903,0.0483,0.0601,1.0,0.0,100.0,1.1268,-0.5036,0.0,1281.3969,1769859788.9781613,10.42,99,933,0.057,14,1,0,7.19,15.0,0,922,1769859786.027,0.474,meta-llama/Llama-3.2-1B-Instruct,"1769859786.027, 1769859786.029, 1769859786.127, 1769859786.211, 1769859786.212"
1.0,0,1769859787.7727,0.1791,27,32,59,0.1791,0.052,0.0543,1.0,0.0,100.0,1.016,-0.6418,0.0,1281.3969,1769859788.9799993,10.32,101,935,0.057,14,1,0,7.19,15.0,0,922,1769859786.027,0.474,meta-llama/Llama-3.2-1B-Instruct,"1769859786.027, 1769859786.029, 1769859786.127, 1769859786.211, 1769859786.212"
1.0,0,1769859787.5365,0.1219,27,32,59,0.4653,0.0517,0.0556,1.0,0.0,100.0,1.3138,-0.4128,0.0,1281.3969,1769859788.9802003,10.52,101,935,0.031,8,1,0,7.19,15.0,0,922,1769859786.027,0.474,meta-llama/Llama-3.2-1B-Instruct,"1769859786.027, 1769859786.029, 1769859786.127, 1769859786.211, 1769859786.212"
1.0,0,1769859787.538,0.1651,27,32,59,0.419,0.0485,0.0494,1.0,0.0,100.0,1.2748,-0.4159,0.0,1281.3969,1769859788.9824445,10.61,104,938,0.031,8,1,0,7.19,15.0,0,922,1769859786.027,0.474,meta-llama/Llama-3.2-1B-Instruct,"1769859786.027, 1769859786.029, 1769859786.127, 1769859786.211, 1769859786.212"
1.0,0,1769859787.6338,0.1601,27,32,59,0.3314,0.0489,0.0604,1.0,0.0,100.0,1.1847,-0.5085,0.0,1281.3969,1769859788.9826522,10.71,104,938,0.031,8,1,0,7.19,15.0,0,922,1769859786.027,0.474,meta-llama/Llama-3.2-1B-Instruct,"1769859786.027, 1769859786.029, 1769859786.127, 1769859786.211, 1769859786.212"
1.0,0,1769859787.4888,0.0754,27,32,59,0.5572,0.053,0.0535,1.0,0.0,100.0,1.4169,-0.3674,0.0,1281.3969,1769859788.9835808,10.99,104,938,0.031,8,1,0,7.19,15.0,0,922,1769859786.027,0.474,meta-llama/Llama-3.2-1B-Instruct,"1769859786.027, 1769859786.029, 1769859786.127, 1769859786.211, 1769859786.212"
1.0,0,1769859787.4903,0.1312,27,32,59,0.4989,0.0493,0.0542,1.0,0.0,100.0,1.3583,-0.3699,0.0,1281.3969,1769859788.985226,10.8,104,938,0.031,8,1,0,7.19,15.0,0,922,1769859786.027,0.474,meta-llama/Llama-3.2-1B-Instruct,"1769859786.027, 1769859786.029, 1769859786.127, 1769859786.211, 1769859786.212"
1.0,0,1769859787.8158,0.1719,27,32,59,0.137,0.0608,0.0658,1.0,0.0,100.0,0.9945,-0.6911,0.0,1281.3969,1769859788.9855099,11.09,104,938,0.057,14,1,0,7.19,15.0,0,922,1769859786.027,0.474,meta-llama/Llama-3.2-1B-Instruct,"1769859786.027, 1769859786.029, 1769859786.127, 1769859786.211, 1769859786.212"
1.0,0,1769859787.5395,0.2112,27,32,59,0.3768,0.049,0.0598,1.0,0.0,100.0,1.2298,-0.412,0.0,1281.3969,1769859788.9867516,10.9,104,938,0.031,8,1,0,7.19,15.0,0,922,1769859786.027,0.474,meta-llama/Llama-3.2-1B-Instruct,"1769859786.027, 1769859786.029, 1769859786.127, 1769859786.211, 1769859786.212"
1.0,0,1769859788.7007,0.3294,27,0,27,,,,1.0,,,0.0704,-0.6002,0.0,1281.3969,1769859789.1056397,11.18,105,939,0.056,9,0,0,7.19,15.0,0,922,1769859786.027,0.474,meta-llama/Llama-3.2-1B-Instruct,"1769859786.027, 1769859786.029, 1769859786.127, 1769859786.211, 1769859786.212"
1.0,0,1769859787.966,0.3203,27,32,59,0.0842,0.0528,0.0582,1.0,0.0,100.0,0.895,-0.5954,0.0,1281.3969,1769859789.185556,11.28,106,940,0.061,18,0,0,7.19,15.0,0,922,1769859786.027,0.474,meta-llama/Llama-3.2-1B-Instruct,"1769859786.027, 1769859786.029, 1769859786.127, 1769859786.211, 1769859786.212"
1.0,0,1769859788.0099,0.3678,27,32,59,0.0572,0.0553,0.0622,1.0,0.0,100.0,0.8656,-0.575,0.0,1281.3969,1769859789.2515333,11.37,107,941,0.061,19,0,0,7.19,15.0,0,922,1769859786.027,0.474,meta-llama/Llama-3.2-1B-Instruct,"1769859786.027, 1769859786.029, 1769859786.127, 1769859786.211, 1769859786.212"
1.0,0,1769859788.2564,0.5354,27,23,50,0.0548,0.0516,0.061,1.0,0.0,100.0,0.6018,-0.4098,0.0,1281.3969,1769859789.4040258,11.46,108,942,0.06,15,0,0,7.19,15.0,0,922,1769859786.027,0.474,meta-llama/Llama-3.2-1B-Instruct,"1769859786.027, 1769859786.029, 1769859786.127, 1769859786.211, 1769859786.212"
1.0,0,1769859788.0113,0.6507,27,32,59,0.0727,0.0546,0.056,1.0,0.0,100.0,0.8275,-0.2766,0.0,1281.3969,1769859789.491334,11.56,109,943,0.06,15,0,0,7.19,15.0,0,922,1769859786.027,0.474,meta-llama/Llama-3.2-1B-Instruct,"1769859786.027, 1769859786.029, 1769859786.127, 1769859786.211, 1769859786.212"
1.0,0,1769859788.0127,0.7092,27,32,59,0.0676,0.0536,0.0959,1.0,0.0,100.0,0.8612,-0.2232,0.0,1281.3969,1769859789.5861888,11.65,110,944,0.06,14,1,0,7.19,15.0,0,922,1769859786.027,0.474,meta-llama/Llama-3.2-1B-Instruct,"1769859786.027, 1769859786.029, 1769859786.127, 1769859786.211, 1769859786.212"
1.0,0,1769859788.4242,0.4475,27,32,59,0.064,0.0609,0.0864,1.0,0.0,100.0,0.8647,-0.4885,0.0,1281.3969,1769859789.737229,11.75,111,945,0.061,16,0,0,7.19,15.0,0,922,1769859786.027,0.474,meta-llama/Llama-3.2-1B-Instruct,"1769859786.027, 1769859786.029, 1769859786.127, 1769859786.211, 1769859786.212"
1.0,0,1769859788.5162,0.4291,27,32,59,0.0817,0.0617,0.0906,1.0,0.0,100.0,0.9082,-0.4892,0.0,1281.3969,1769859789.8546627,11.84,112,946,0.061,17,0,0,7.19,15.0,0,922,1769859786.027,0.474,meta-llama/Llama-3.2-1B-Instruct,"1769859786.027, 1769859786.029, 1769859786.127, 1769859786.211, 1769859786.212"
1.0,0,1769859788.8486,0.2433,27,32,59,0.0654,0.0603,0.0952,1.0,0.0,100.0,0.8588,-0.6913,0.0,1281.3969,1769859789.9563956,11.93,113,947,0.057,10,0,0,7.19,15.0,0,922,1769859786.027,0.474,meta-llama/Llama-3.2-1B-Instruct,"1769859786.027, 1769859786.029, 1769859786.127, 1769859786.211, 1769859786.212"
1.0,0,1769859788.9998,0.218,27,32,59,0.076,0.0707,0.0983,1.0,0.0,100.0,0.9988,-0.7061,0.0,1281.3969,1769859790.225242,12.03,114,948,0.057,8,0,0,7.19,15.0,0,922,1769859786.027,0.474,meta-llama/Llama-3.2-1B-Instruct,"1769859786.027, 1769859786.029, 1769859786.127, 1769859786.211, 1769859786.212"
1.0,0,1769859789.0047,0.4531,27,32,59,0.0669,0.0638,0.0684,1.0,0.0,100.0,1.0801,-0.48,0.0,1281.3969,1769859790.539249,12.12,117,951,0.057,8,0,0,7.19,15.0,0,922,1769859786.027,0.474,meta-llama/Llama-3.2-1B-Instruct,"1769859786.027, 1769859786.029, 1769859786.127, 1769859786.211, 1769859786.212"
1.0,0,1769859789.0015,0.42,27,32,59,0.104,0.0593,0.0609,1.0,0.0,100.0,1.1168,-0.476,0.0,1281.3969,1769859790.5399823,12.21,117,951,0.057,9,0,0,7.19,15.0,0,922,1769859786.027,0.474,meta-llama/Llama-3.2-1B-Instruct,"1769859786.027, 1769859786.029, 1769859786.127, 1769859786.211, 1769859786.212"
1.0,0,1769859789.0031,0.4236,27,32,59,0.0963,0.0601,0.0631,1.0,0.0,100.0,1.1123,-0.4801,0.0,1281.3969,1769859790.5402305,12.3,117,951,0.057,9,0,0,7.19,15.0,0,922,1769859786.027,0.474,meta-llama/Llama-3.2-1B-Instruct,"1769859786.027, 1769859786.029, 1769859786.127, 1769859786.211, 1769859786.212"
1.0,0,1769859789.0636,0.4436,27,32,59,0.074,0.0591,0.0677,1.0,0.0,100.0,1.0672,-0.4823,0.0,1281.3969,1769859790.5886524,12.39,119,953,0.057,8,2,0,7.19,15.0,0,972,1769859905.62,115.048,meta-llama/Llama-3.2-1B-Instruct,"1769859905.620, 1769859905.654, 1769859905.711, 1769859905.738, 1769859905.778"
1.0,0,1769859789.065,0.5048,27,32,59,0.0731,0.0597,0.0698,1.0,0.0,100.0,1.0085,-0.4221,0.0,1281.3969,1769859790.5997937,12.49,119,953,0.057,10,0,0,7.19,15.0,0,972,1769859905.62,115.048,meta-llama/Llama-3.2-1B-Instruct,"1769859905.620, 1769859905.654, 1769859905.711, 1769859905.738, 1769859905.778"
1.0,0,1769859789.1926,0.4504,27,32,59,0.0777,0.0596,0.0636,1.0,0.0,100.0,0.9731,-0.4719,0.0,1281.3969,1769859790.6169305,12.58,120,954,0.057,10,0,0,7.19,15.0,0,972,1769859905.62,115.048,meta-llama/Llama-3.2-1B-Instruct,"1769859905.620, 1769859905.654, 1769859905.711, 1769859905.738, 1769859905.778"
1.0,0,1769859789.199,0.5137,27,31,58,0.0765,0.057,0.0705,1.0,0.0,100.0,0.9406,-0.4097,0.0,1281.3969,1769859790.663998,12.67,121,955,0.058,11,0,0,7.19,15.0,0,972,1769859905.62,115.048,meta-llama/Llama-3.2-1B-Instruct,"1769859905.620, 1769859905.654, 1769859905.711, 1769859905.738, 1769859905.778"
1.0,0,1769859789.2004,0.5787,27,32,59,0.0655,0.0624,0.0661,1.0,0.0,100.0,0.9123,-0.3558,0.0,1281.3969,1769859790.6985493,12.76,122,956,0.058,11,1,0,7.19,15.0,0,972,1769859905.62,115.048,meta-llama/Llama-3.2-1B-Instruct,"1769859905.620, 1769859905.654, 1769859905.711, 1769859905.738, 1769859905.778"
1.0,0,1769859789.4147,0.46,27,32,59,0.0728,0.0574,0.061,1.0,0.0,100.0,0.8684,-0.4672,0.0,1281.3969,1769859790.7448251,12.85,123,957,0.058,12,0,0,7.19,15.0,0,972,1769859905.62,115.048,meta-llama/Llama-3.2-1B-Instruct,"1769859905.620, 1769859905.654, 1769859905.711, 1769859905.738, 1769859905.778"
1.0,0,1769859789.4208,0.5304,27,32,59,0.0688,0.0606,0.9348,1.0,0.0,100.0,1.7841,-0.4008,0.0,1281.3969,1769859791.7362015,12.94,124,958,0.059,12,0,0,7.19,15.0,0,972,1769859905.62,115.048,meta-llama/Llama-3.2-1B-Instruct,"1769859905.620, 1769859905.654, 1769859905.711, 1769859905.738, 1769859905.778"
1.0,0,1769859789.4337,0.5799,27,32,59,0.0927,0.0605,0.9243,1.0,0.0,100.0,1.799,-0.3274,0.0,1281.3969,1769859791.81813,13.03,125,959,0.059,13,0,0,7.19,15.0,0,972,1769859905.62,115.048,meta-llama/Llama-3.2-1B-Instruct,"1769859905.620, 1769859905.654, 1769859905.711, 1769859905.738, 1769859905.778"
1.0,0,1769859789.489,0.6007,27,32,59,0.0765,0.0602,0.9207,1.0,0.0,100.0,1.741,-0.3228,0.0,1281.3969,1769859791.8341413,13.12,126,960,0.059,13,0,0,7.19,15.0,0,972,1769859905.62,115.048,meta-llama/Llama-3.2-1B-Instruct,"1769859905.620, 1769859905.654, 1769859905.711, 1769859905.738, 1769859905.778"
1.0,0,1769859789.918,0.2236,27,32,59,0.0746,0.0671,0.9303,1.0,0.0,100.0,1.7114,-0.7019,0.0,1281.3969,1769859791.8560662,13.22,127,961,0.059,14,0,0,7.19,15.0,0,972,1769859905.62,115.048,meta-llama/Llama-3.2-1B-Instruct,"1769859905.620, 1769859905.654, 1769859905.711, 1769859905.738, 1769859905.778"
1.0,0,1769859790.1793,0.0923,27,32,59,0.0522,0.0614,0.9247,1.0,0.0,100.0,1.6454,-0.8555,0.0,1281.3969,1769859791.9295487,13.31,129,963,0.06,15,0,0,7.19,15.0,0,972,1769859905.62,115.048,meta-llama/Llama-3.2-1B-Instruct,"1769859905.620, 1769859905.654, 1769859905.711, 1769859905.738, 1769859905.778"
1.0,0,1769859790.1179,0.0934,27,32,59,0.0756,0.0631,0.9277,1.0,0.0,100.0,1.7098,-0.831,0.0,1281.3969,1769859791.934789,13.4,129,963,0.06,15,0,0,7.19,15.0,0,972,1769859905.62,115.048,meta-llama/Llama-3.2-1B-Instruct,"1769859905.620, 1769859905.654, 1769859905.711, 1769859905.738, 1769859905.778"
1.0,0,1769859790.2511,0.1102,27,32,59,0.0602,0.0567,0.9221,1.0,0.0,100.0,1.6533,-0.8296,0.0,1281.3969,1769859792.0407474,13.49,130,964,0.061,17,0,0,7.19,15.0,0,972,1769859905.62,115.048,meta-llama/Llama-3.2-1B-Instruct,"1769859905.620, 1769859905.654, 1769859905.711, 1769859905.738, 1769859905.778"
1.0,0,1769859791.2036,0.8785,27,0,27,,,,1.0,,,0.1068,-0.0147,0.0,1281.3969,1769859792.200804,13.58,131,965,0.136,14,0,0,7.33,15.0,0,972,1769859905.62,115.048,meta-llama/Llama-3.2-1B-Instruct,"1769859905.620, 1769859905.654, 1769859905.711, 1769859905.738, 1769859905.778"
1.0,0,1769859790.8511,0.0673,27,32,59,0.77,0.0725,0.0758,1.0,0.0,100.0,1.7059,-0.1627,0.0,1281.3969,1769859792.6339576,13.66,134,968,0.101,10,0,0,7.33,15.0,0,972,1769859905.62,115.048,meta-llama/Llama-3.2-1B-Instruct,"1769859905.620, 1769859905.654, 1769859905.711, 1769859905.738, 1769859905.778"
1.0,0,1769859790.9065,0.2745,27,32,59,0.5155,0.065,0.0651,1.0,0.0,100.0,1.4491,-0.21,0.0,1281.3969,1769859792.640418,13.84,138,972,0.101,10,0,0,7.33,15.0,0,972,1769859905.62,115.048,meta-llama/Llama-3.2-1B-Instruct,"1769859905.620, 1769859905.654, 1769859905.711, 1769859905.738, 1769859905.778"
1.0,0,1769859790.8526,0.1267,27,32,59,0.7196,0.0663,0.0665,1.0,0.0,100.0,1.6559,-0.1538,0.0,1281.3969,1769859792.640836,13.93,138,972,0.101,10,0,0,7.33,15.0,0,972,1769859905.62,115.048,meta-llama/Llama-3.2-1B-Instruct,"1769859905.620, 1769859905.654, 1769859905.711, 1769859905.738, 1769859905.778"
1.0,0,1769859790.7424,0.0846,27,32,59,0.8634,0.0676,0.0703,1.0,0.0,100.0,1.8086,-0.052,0.0,1281.3969,1769859792.6450515,14.02,138,972,0.101,10,0,0,7.33,15.0,0,972,1769859905.62,115.048,meta-llama/Llama-3.2-1B-Instruct,"1769859905.620, 1769859905.654, 1769859905.711, 1769859905.738, 1769859905.778"
1.0,0,1769859791.0008,0.554,27,32,59,0.1432,0.0663,0.0782,1.0,0.0,100.0,1.0738,-0.3028,0.0,1281.3969,1769859792.6452763,13.75,138,972,0.138,18,1,0,7.33,15.0,0,972,1769859905.62,115.048,meta-llama/Llama-3.2-1B-Instruct,"1769859905.620, 1769859905.654, 1769859905.711, 1769859905.738, 1769859905.778"
1.0,0,1769859790.8997,0.1745,27,32,59,0.6152,0.062,0.0707,1.0,0.0,100.0,1.5641,-0.2103,0.0,1281.3969,1769859792.649253,14.11,139,973,0.101,10,0,0,7.33,15.0,0,972,1769859905.62,115.048,meta-llama/Llama-3.2-1B-Instruct,"1769859905.620, 1769859905.654, 1769859905.711, 1769859905.738, 1769859905.778"
1.0,0,1769859790.8983,0.1285,27,32,59,0.6704,0.0717,0.0732,1.0,0.0,100.0,1.6206,-0.2011,0.0,1281.3969,1769859792.6502013,14.29,139,973,0.101,10,0,0,7.33,15.0,0,972,1769859905.62,115.048,meta-llama/Llama-3.2-1B-Instruct,"1769859905.620, 1769859905.654, 1769859905.711, 1769859905.738, 1769859905.778"
1.0,0,1769859790.9015,0.226,27,32,59,0.5654,0.0656,0.067,1.0,0.0,100.0,1.5127,-0.2086,0.0,1281.3969,1769859792.6506221,14.2,139,973,0.101,10,0,0,7.33,15.0,0,972,1769859905.62,115.048,meta-llama/Llama-3.2-1B-Instruct,"1769859905.620, 1769859905.654, 1769859905.711, 1769859905.738, 1769859905.778"
1.0,0,1769859790.9564,0.2748,27,32,59,0.4692,0.0663,0.0715,1.0,0.0,100.0,1.4198,-0.256,0.0,1281.3969,1769859792.6523237,14.37,140,974,0.101,10,0,0,7.33,15.0,0,972,1769859905.62,115.048,meta-llama/Llama-3.2-1B-Instruct,"1769859905.620, 1769859905.654, 1769859905.711, 1769859905.738, 1769859905.778"
1.0,0,1769859791.0025,0.8938,27,32,59,0.0806,0.0669,0.0714,1.0,0.0,100.0,0.9141,-0.0256,0.0,1281.3969,1769859792.8130512,14.46,141,975,0.137,15,0,0,7.33,15.0,0,972,1769859905.62,115.048,meta-llama/Llama-3.2-1B-Instruct,"1769859905.620, 1769859905.654, 1769859905.711, 1769859905.738, 1769859905.778"
1.0,0,1769859791.0486,0.9556,27,33,60,0.0859,0.0624,0.0697,1.0,0.0,100.0,0.9145,0.0415,0.0415,1281.4384,1769859792.920359,14.45,141,976,0.136,14,0,0,7.33,15.0,0,972,1769859905.62,115.048,meta-llama/Llama-3.2-1B-Instruct,"1769859905.620, 1769859905.654, 1769859905.711, 1769859905.738, 1769859905.778"
1.0,0,1769859791.2051,0.9644,27,32,59,0.0834,0.0633,0.0723,1.0,0.0,100.0,0.9331,0.0478,0.0478,1281.4863,1769859793.1093564,14.43,141,977,0.137,15,1,0,7.33,15.0,0,972,1769859905.62,115.048,meta-llama/Llama-3.2-1B-Instruct,"1769859905.620, 1769859905.654, 1769859905.711, 1769859905.738, 1769859905.778"
1.0,0,1769859791.2096,1.2139,27,32,59,0.1007,0.0629,0.1985,1.0,0.0,100.0,0.8939,0.3146,0.3146,1281.9415,1769859793.3285003,14.4,141,979,0.14,17,0,0,7.33,15.0,0,972,1769859905.62,115.048,meta-llama/Llama-3.2-1B-Instruct,"1769859905.620, 1769859905.654, 1769859905.711, 1769859905.738, 1769859905.778"
1.0,0,1769859791.2622,1.2398,27,32,59,0.0777,0.0712,0.1976,1.0,0.0,100.0,0.8318,0.3175,0.3175,1282.4872,1769859793.360288,14.37,141,981,0.14,18,0,0,7.33,15.0,0,972,1769859905.62,115.048,meta-llama/Llama-3.2-1B-Instruct,"1769859905.620, 1769859905.654, 1769859905.711, 1769859905.738, 1769859905.778"
1.0,0,1769859791.2081,1.1401,27,32,59,0.0881,0.0689,0.2025,1.0,0.0,100.0,0.9825,0.2282,0.2282,1282.4872,1769859793.3695626,14.39,141,981,0.139,16,0,0,7.33,15.0,0,972,1769859905.62,115.048,meta-llama/Llama-3.2-1B-Instruct,"1769859905.620, 1769859905.654, 1769859905.711, 1769859905.738, 1769859905.778"
1.0,0,1769859791.2066,1.0596,27,32,59,0.0811,0.0683,0.1979,1.0,0.0,100.0,1.0397,0.1407,0.1407,1282.4872,1769859793.3707087,14.42,141,981,0.139,16,0,0,7.33,15.0,0,972,1769859905.62,115.048,meta-llama/Llama-3.2-1B-Instruct,"1769859905.620, 1769859905.654, 1769859905.711, 1769859905.738, 1769859905.778"
1.0,0,1769859791.3908,1.444,27,32,59,0.0728,0.0608,0.1882,1.0,0.0,100.0,0.8545,0.5169,0.5169,1283.004,1769859793.6958923,14.36,141,982,0.136,10,0,0,7.33,15.0,0,972,1769859905.62,115.048,meta-llama/Llama-3.2-1B-Instruct,"1769859905.620, 1769859905.654, 1769859905.711, 1769859905.738, 1769859905.778"
1.0,0,1769859791.3923,1.5008,27,32,59,0.0912,0.0586,0.1919,1.0,0.0,100.0,0.8264,0.592,0.592,1283.596,1769859793.7205641,14.34,141,983,0.136,10,0,0,7.33,15.0,0,972,1769859905.62,115.048,meta-llama/Llama-3.2-1B-Instruct,"1769859905.620, 1769859905.654, 1769859905.711, 1769859905.738, 1769859905.778"
1.0,0,1769859791.4378,1.5231,27,32,59,0.0878,0.0557,0.2018,1.0,0.0,100.0,0.8877,0.6109,0.6109,1284.207,1769859793.8494058,14.33,141,984,0.136,10,0,0,7.33,15.0,0,972,1769859905.62,115.048,meta-llama/Llama-3.2-1B-Instruct,"1769859905.620, 1769859905.654, 1769859905.711, 1769859905.738, 1769859905.778"
1.0,0,1769859791.6143,1.4884,27,32,59,0.2492,0.0539,0.0589,1.0,0.0,100.0,1.2446,0.7376,0.7376,1284.9446,1769859794.3596985,14.31,141,985,0.137,11,1,0,7.33,15.0,0,972,1769859905.62,115.048,meta-llama/Llama-3.2-1B-Instruct,"1769859905.620, 1769859905.654, 1769859905.711, 1769859905.738, 1769859905.778"
1.0,0,1769859792.7129,1.5913,27,0,27,,,,1.0,,,0.1234,0.7147,0.7147,1285.6593,1769859794.4292986,14.3,141,986,0.141,17,0,0,7.33,15.0,0,972,1769859905.62,115.048,meta-llama/Llama-3.2-1B-Instruct,"1769859905.620, 1769859905.654, 1769859905.711, 1769859905.738, 1769859905.778"
1.0,0,1769859791.8142,1.8776,27,21,48,0.078,0.0481,0.0489,1.0,0.0,100.0,0.7942,0.9556,0.9556,1287.4183,1769859794.488548,14.29,141,988,0.138,12,0,0,7.33,15.0,0,972,1769859905.62,115.048,meta-llama/Llama-3.2-1B-Instruct,"1769859905.620, 1769859905.654, 1769859905.711, 1769859905.738, 1769859905.778"
1.0,0,1769859791.6582,1.7446,27,32,59,0.0589,0.0682,0.0987,1.0,0.0,100.0,1.0849,0.8034,0.8034,1288.2573,1769859794.4900906,14.27,141,989,0.136,8,1,0,7.33,15.0,0,972,1769859905.62,115.048,meta-llama/Llama-3.2-1B-Instruct,"1769859905.620, 1769859905.654, 1769859905.711, 1769859905.738, 1769859905.778"
1.0,0,1769859791.6157,1.7259,27,32,59,0.1131,0.0583,0.0886,1.0,0.0,100.0,1.1482,0.839,0.839,1288.2573,1769859794.4908972,14.26,141,989,0.135,7,0,0,7.33,15.0,0,972,1769859905.62,115.048,meta-llama/Llama-3.2-1B-Instruct,"1769859905.620, 1769859905.654, 1769859905.711, 1769859905.738, 1769859905.778"
1.0,0,1769859792.8685,1.5895,27,0,27,,,,1.0,,,0.0695,0.659,0.659,1288.9163,1769859794.530313,14.24,141,990,0.142,17,0,0,7.33,15.0,0,972,1769859905.62,115.048,meta-llama/Llama-3.2-1B-Instruct,"1769859905.620, 1769859905.654, 1769859905.711, 1769859905.738, 1769859905.778"
1.0,0,1769859791.6596,1.7952,27,32,59,0.0873,0.0588,0.0963,1.0,0.0,100.0,1.1537,0.8825,0.8825,1289.7989,1769859794.6202507,14.23,141,991,0.136,9,1,0,7.33,15.0,0,972,1769859905.62,115.048,meta-llama/Llama-3.2-1B-Instruct,"1769859905.620, 1769859905.654, 1769859905.711, 1769859905.738, 1769859905.778"
1.0,0,1769859791.6611,1.8935,27,32,59,0.0592,0.0767,0.0939,1.0,0.0,100.0,1.1596,0.9527,0.9527,1290.7516,1769859794.7160869,14.21,141,992,0.137,10,0,0,7.33,15.0,0,972,1769859905.62,115.048,meta-llama/Llama-3.2-1B-Instruct,"1769859905.620, 1769859905.654, 1769859905.711, 1769859905.738, 1769859905.778"
1.0,0,1769859791.8056,1.8027,27,32,59,0.0799,0.06,0.0941,1.0,0.0,100.0,1.1339,0.8826,0.8826,1291.6342,1769859794.7495599,14.2,141,993,0.138,11,0,0,7.33,15.0,0,972,1769859905.62,115.048,meta-llama/Llama-3.2-1B-Instruct,"1769859905.620, 1769859905.654, 1769859905.711, 1769859905.738, 1769859905.778"
1.0,0,1769859792.14,1.6113,27,32,59,0.0701,0.0635,0.0864,1.0,0.0,100.0,1.1194,0.6814,0.6814,1292.3156,1769859794.8905969,14.19,141,994,0.138,11,1,0,7.33,15.0,0,972,1769859905.62,115.048,meta-llama/Llama-3.2-1B-Instruct,"1769859905.620, 1769859905.654, 1769859905.711, 1769859905.738, 1769859905.778"
1.0,0,1769859792.2287,1.5927,27,32,59,0.0621,0.0642,0.0936,1.0,0.0,100.0,1.0718,0.6548,0.6548,1292.9704,1769859794.8970833,14.17,141,995,0.138,12,0,0,7.33,15.0,0,972,1769859905.62,115.048,meta-llama/Llama-3.2-1B-Instruct,"1769859905.620, 1769859905.654, 1769859905.711, 1769859905.738, 1769859905.778"
1.0,0,1769859792.9377,1.5835,27,13,40,0.0893,0.065,0.065,1.0,0.0,100.0,0.4311,0.6728,0.6728,1293.6432,1769859794.9600003,14.16,141,996,0.141,16,0,0,7.33,15.0,0,972,1769859905.62,115.048,meta-llama/Llama-3.2-1B-Instruct,"1769859905.620, 1769859905.654, 1769859905.711, 1769859905.738, 1769859905.778"
1.0,0,1769859792.3947,1.5157,27,32,59,0.0688,0.0672,0.0889,1.0,0.0,100.0,1.1062,0.5844,0.5844,1294.2277,1769859795.02627,14.14,141,997,0.138,13,0,0,7.33,15.0,0,972,1769859905.62,115.048,meta-llama/Llama-3.2-1B-Instruct,"1769859905.620, 1769859905.654, 1769859905.711, 1769859905.738, 1769859905.778"
1.0,0,1769859792.3962,1.6014,27,32,59,0.0767,0.0654,0.0939,1.0,0.0,100.0,1.1256,0.6781,0.6781,1294.9057,1769859795.129346,14.13,141,998,0.139,14,0,0,7.33,15.0,0,972,1769859905.62,115.048,meta-llama/Llama-3.2-1B-Instruct,"1769859905.620, 1769859905.654, 1769859905.711, 1769859905.738, 1769859905.778"
1.0,0,1769859792.4791,1.5842,27,32,59,0.062,0.0708,0.0942,1.0,0.0,100.0,1.0914,0.6462,0.6462,1295.5519,1769859795.1599677,14.11,141,999,0.139,14,0,0,7.33,15.0,0,972,1769859905.62,115.048,meta-llama/Llama-3.2-1B-Instruct,"1769859905.620, 1769859905.654, 1769859905.711, 1769859905.738, 1769859905.778"
1.0,0,1769859792.7089,1.4341,27,32,59,0.0805,0.0772,0.0936,1.0,0.0,100.0,1.1047,0.5146,0.5146,1296.0665,1769859795.249081,14.1,141,1000,0.14,16,0,0,7.33,15.0,0,972,1769859905.62,115.048,meta-llama/Llama-3.2-1B-Instruct,"1769859905.620, 1769859905.654, 1769859905.711, 1769859905.738, 1769859905.778"
1.0,0,1769859792.8032,1.5483,27,32,59,0.0756,0.0587,0.0602,1.0,0.0,100.0,1.0056,0.6238,0.6238,1296.6903,1769859795.3614082,14.09,141,1001,0.142,16,0,0,7.33,15.0,0,972,1769859905.62,115.048,meta-llama/Llama-3.2-1B-Instruct,"1769859905.620, 1769859905.654, 1769859905.711, 1769859905.738, 1769859905.778"
1.0,0,1769859792.8048,1.6166,27,32,59,0.0875,0.0606,0.0645,1.0,0.0,100.0,0.9494,0.7041,0.7041,1297.3944,1769859795.3718667,14.07,141,1002,0.142,17,1,0,7.33,15.0,0,972,1769859905.62,115.048,meta-llama/Llama-3.2-1B-Instruct,"1769859905.620, 1769859905.654, 1769859905.711, 1769859905.738, 1769859905.778"
1.0,0,1769859792.9392,1.6507,27,32,59,0.0654,0.0531,0.0566,1.0,0.0,100.0,0.8785,0.716,0.716,1298.1105,1769859795.4719949,14.06,141,1003,0.14,15,0,0,7.33,15.0,0,972,1769859905.62,115.048,meta-llama/Llama-3.2-1B-Instruct,"1769859905.620, 1769859905.654, 1769859905.711, 1769859905.738, 1769859905.778"
1.0,0,1769859793.0916,1.5863,27,32,59,0.0668,0.048,0.0631,1.0,0.0,100.0,0.8419,0.6531,0.6531,1298.7636,1769859795.5240824,14.04,141,1004,0.141,16,0,0,7.33,15.0,0,972,1769859905.62,115.048,meta-llama/Llama-3.2-1B-Instruct,"1769859905.620, 1769859905.654, 1769859905.711, 1769859905.738, 1769859905.778"
1.0,0,1769859793.098,1.6643,27,32,59,0.0656,0.0641,0.0739,1.0,0.0,100.0,0.8528,0.7299,0.7299,1299.4935,1769859795.6216278,14.03,141,1005,0.141,15,0,0,7.33,15.0,0,1052,1769859794.655,-0.935,meta-llama/Llama-3.2-1B-Instruct,"1769859794.655, 1769859794.731, 1769859794.792, 1769859794.793, 1769859794.795"
1.0,0,1769859793.3776,1.4785,27,32,59,0.0915,0.0537,0.0586,1.0,0.0,100.0,0.9015,0.57,0.57,1300.0635,1769859795.760509,14.02,141,1006,0.141,15,0,0,7.33,15.0,0,1052,1769859794.655,-0.935,meta-llama/Llama-3.2-1B-Instruct,"1769859794.655, 1769859794.731, 1769859794.792, 1769859794.793, 1769859794.795"
1.0,0,1769859793.3797,1.5485,27,31,58,0.0994,0.0549,0.0622,1.0,0.0,100.0,0.9196,0.648,0.648,1300.7115,1769859795.8487434,14.0,141,1007,0.141,14,0,0,7.33,15.0,0,1052,1769859794.655,-0.935,meta-llama/Llama-3.2-1B-Instruct,"1769859794.655, 1769859794.731, 1769859794.792, 1769859794.793, 1769859794.795"
1.0,0,1769859793.5014,1.4944,27,32,59,0.0759,0.0564,0.0585,1.0,0.0,100.0,0.8876,0.5703,0.5703,1301.2818,1769859795.884464,13.99,141,1008,0.141,14,1,0,7.33,15.0,0,1052,1769859794.655,-0.935,meta-llama/Llama-3.2-1B-Instruct,"1769859794.655, 1769859794.731, 1769859794.792, 1769859794.793, 1769859794.795"
1.0,0,1769859793.5888,1.5104,27,32,59,0.0564,0.0542,0.0627,1.0,0.0,100.0,0.8793,0.5667,0.5667,1301.8485,1769859795.9796417,13.97,141,1009,0.141,15,0,0,7.33,15.0,0,1052,1769859794.655,-0.935,meta-llama/Llama-3.2-1B-Instruct,"1769859794.655, 1769859794.731, 1769859794.792, 1769859794.793, 1769859794.795"
1.0,0,1769859793.5944,1.9497,27,12,39,0.0726,0.0584,0.0584,1.0,0.0,100.0,0.496,1.0224,1.0224,1302.8709,1769859796.043516,13.96,141,1010,0.141,12,0,0,7.33,15.0,0,1052,1769859794.655,-0.935,meta-llama/Llama-3.2-1B-Instruct,"1769859794.655, 1769859794.731, 1769859794.792, 1769859794.793, 1769859794.795"
1.0,0,1769859793.5902,1.5932,27,32,59,0.0623,0.0597,0.0638,1.0,0.0,100.0,0.9722,0.6556,0.6556,1303.5265,1769859796.1602154,13.95,141,1011,0.141,14,0,0,7.33,15.0,0,1052,1769859794.655,-0.935,meta-llama/Llama-3.2-1B-Instruct,"1769859794.655, 1769859794.731, 1769859794.792, 1769859794.793, 1769859794.795"
1.0,0,1769859793.5916,1.7962,27,32,59,0.078,0.0691,0.0697,1.0,0.0,100.0,1.1977,0.8742,0.8742,1304.4007,1769859796.5883548,13.93,141,1012,0.141,12,0,0,7.33,15.0,0,1052,1769859794.655,-0.935,meta-llama/Llama-3.2-1B-Instruct,"1769859794.655, 1769859794.731, 1769859794.792, 1769859794.793, 1769859794.795"
1.0,0,1769859794.8127,1.5671,27,9,36,0.0669,0.0613,0.0613,1.0,0.0,100.0,0.3676,0.634,0.634,1306.0608,1769859796.7490938,13.91,141,1014,0.144,17,0,0,7.33,15.0,0,1052,1769859794.655,-0.935,meta-llama/Llama-3.2-1B-Instruct,"1769859794.655, 1769859794.731, 1769859794.792, 1769859794.793, 1769859794.795"
1.0,0,1769859793.593,1.9377,27,32,59,0.0883,0.0659,0.078,1.0,0.0,100.0,1.2141,1.0261,1.0261,1306.0608,1769859796.7493892,13.92,141,1014,0.141,12,0,0,7.33,15.0,0,1052,1769859794.655,-0.935,meta-llama/Llama-3.2-1B-Instruct,"1769859794.655, 1769859794.731, 1769859794.792, 1769859794.793, 1769859794.795"
1.0,0,1769859793.5959,2.0033,27,32,59,0.0572,0.068,0.0691,1.0,0.0,100.0,1.2055,1.0605,1.0605,1307.1213,1769859796.8059633,13.89,141,1015,0.141,11,1,0,7.33,15.0,0,1052,1769859794.655,-0.935,meta-llama/Llama-3.2-1B-Instruct,"1769859794.655, 1769859794.731, 1769859794.792, 1769859794.793, 1769859794.795"
1.0,0,1769859793.6546,2.0272,27,32,59,0.0641,0.0686,0.0686,1.0,0.0,100.0,1.2013,1.0913,1.0913,1308.2126,1769859796.8868022,13.88,141,1016,0.141,13,0,0,7.33,15.0,0,1052,1769859794.655,-0.935,meta-llama/Llama-3.2-1B-Instruct,"1769859794.655, 1769859794.731, 1769859794.792, 1769859794.793, 1769859794.795"
1.0,0,1769859793.7314,2.0084,27,32,59,0.0552,0.0627,0.0724,1.0,0.0,100.0,1.2047,1.0636,1.0636,1309.2761,1769859796.965395,13.86,141,1017,0.141,13,0,0,7.33,15.0,0,1052,1769859794.655,-0.935,meta-llama/Llama-3.2-1B-Instruct,"1769859794.655, 1769859794.731, 1769859794.792, 1769859794.793, 1769859794.795"
1.0,0,1769859793.7916,2.0239,27,32,59,0.0677,0.0676,0.0712,1.0,0.0,100.0,1.22,1.0916,1.0916,1310.3677,1769859797.0463674,13.85,141,1018,0.142,14,0,0,7.33,15.0,0,1052,1769859794.655,-0.935,meta-llama/Llama-3.2-1B-Instruct,"1769859794.655, 1769859794.731, 1769859794.792, 1769859794.793, 1769859794.795"
1.0,0,1769859793.7945,2.169,27,32,59,0.0763,0.0657,0.0668,1.0,0.0,100.0,1.241,1.2453,1.2453,1312.7908,1769859797.2068434,13.84,141,1020,0.142,13,0,0,7.33,15.0,0,1052,1769859794.655,-0.935,meta-llama/Llama-3.2-1B-Instruct,"1769859794.655, 1769859794.731, 1769859794.792, 1769859794.793, 1769859794.795"
1.0,0,1769859793.7931,2.1028,27,32,59,0.075,0.0673,0.0724,1.0,0.0,100.0,1.3102,1.1778,1.1778,1312.7908,1769859797.207101,13.82,141,1020,0.141,13,0,0,7.33,15.0,0,1052,1769859794.655,-0.935,meta-llama/Llama-3.2-1B-Instruct,"1769859794.655, 1769859794.731, 1769859794.792, 1769859794.793, 1769859794.795"
1.0,0,1769859794.0402,2.0366,27,32,59,0.0576,0.071,0.084,1.0,0.0,100.0,1.1969,1.0943,1.0943,1315.1379,1769859797.285107,13.81,141,1022,0.141,13,0,0,7.33,15.0,0,1052,1769859794.655,-0.935,meta-llama/Llama-3.2-1B-Instruct,"1769859794.655, 1769859794.731, 1769859794.792, 1769859794.793, 1769859794.795"
1.0,0,1769859793.8675,2.1549,27,32,59,0.0979,0.0648,0.0673,1.0,0.0,100.0,1.254,1.2528,1.2528,1315.1379,1769859797.2853494,13.8,141,1022,0.141,13,0,0,7.33,15.0,0,1052,1769859794.655,-0.935,meta-llama/Llama-3.2-1B-Instruct,"1769859794.655, 1769859794.731, 1769859794.792, 1769859794.793, 1769859794.795"
1.0,0,1769859794.0418,2.0977,27,32,59,0.0859,0.0671,0.0695,1.0,0.0,100.0,1.1858,1.1836,1.1836,1316.3215,1769859797.3270986,13.78,141,1023,0.142,15,0,0,7.33,15.0,0,1052,1769859794.655,-0.935,meta-llama/Llama-3.2-1B-Instruct,"1769859794.655, 1769859794.731, 1769859794.792, 1769859794.793, 1769859794.795"
1.0,0,1769859794.1154,2.0821,27,32,59,0.0688,0.0721,0.073,1.0,0.0,100.0,1.1691,1.151,1.151,1317.4725,1769859797.3708425,13.77,141,1024,0.141,14,0,0,7.33,15.0,0,1052,1769859794.655,-0.935,meta-llama/Llama-3.2-1B-Instruct,"1769859794.655, 1769859794.731, 1769859794.792, 1769859794.793, 1769859794.795"
1.0,0,1769859794.2976,1.9992,27,32,59,0.0802,0.0643,0.0701,1.0,0.0,100.0,1.1995,1.0794,1.0794,1318.5519,1769859797.5015426,13.76,141,1025,0.143,16,0,0,7.33,15.0,0,1052,1769859794.655,-0.935,meta-llama/Llama-3.2-1B-Instruct,"1769859794.655, 1769859794.731, 1769859794.792, 1769859794.793, 1769859794.795"
1.0,0,1769859794.8142,1.6125,27,32,59,0.0787,0.0598,0.0687,1.0,0.0,100.0,1.1347,0.6912,0.6912,1319.2431,1769859797.5710018,13.74,141,1026,0.144,17,0,0,7.33,15.0,0,1052,1769859794.655,-0.935,meta-llama/Llama-3.2-1B-Instruct,"1769859794.655, 1769859794.731, 1769859794.792, 1769859794.793, 1769859794.795"
1.0,0,1769859794.9715,1.5196,27,32,59,0.0606,0.0658,0.0724,1.0,0.0,100.0,1.113,0.5802,0.5802,1319.8233,1769859797.6115458,13.73,141,1027,0.144,18,0,0,7.33,15.0,0,1052,1769859794.655,-0.935,meta-llama/Llama-3.2-1B-Instruct,"1769859794.655, 1769859794.731, 1769859794.792, 1769859794.793, 1769859794.795"
1.0,0,1769859794.9736,1.7539,27,32,59,0.0699,0.0671,0.0684,1.0,0.0,100.0,1.1155,0.8238,0.8238,1320.6471,1769859797.8509169,13.72,141,1028,0.145,19,0,0,7.33,15.0,0,1052,1769859794.655,-0.935,meta-llama/Llama-3.2-1B-Instruct,"1769859794.655, 1769859794.731, 1769859794.792, 1769859794.793, 1769859794.795"
1.0,0,1769859794.9756,1.8896,27,32,59,0.0789,0.0629,0.0662,1.0,0.0,100.0,1.0392,0.9685,0.9685,1321.6156,1769859797.9053886,13.7,141,1029,0.145,17,0,0,7.33,15.0,0,1052,1769859794.655,-0.935,meta-llama/Llama-3.2-1B-Instruct,"1769859794.655, 1769859794.731, 1769859794.792, 1769859794.793, 1769859794.795"
1.0,0,1769859795.0528,1.8783,27,32,59,0.071,0.0642,0.077,1.0,0.0,100.0,1.008,0.9493,0.9493,1322.5649,1769859797.9400365,13.69,141,1030,0.144,16,0,0,7.33,15.0,0,1052,1769859794.655,-0.935,meta-llama/Llama-3.2-1B-Instruct,"1769859794.655, 1769859794.731, 1769859794.792, 1769859794.793, 1769859794.795"
1.0,0,1769859795.0542,1.969,27,32,59,0.0587,0.0653,0.0657,1.0,0.0,100.0,0.9423,1.0277,1.0277,1323.5926,1769859797.968443,13.68,141,1031,0.145,17,0,0,7.33,15.0,0,1052,1769859794.655,-0.935,meta-llama/Llama-3.2-1B-Instruct,"1769859794.655, 1769859794.731, 1769859794.792, 1769859794.793, 1769859794.795"
1.0,0,1769859795.1414,1.9692,27,32,59,0.0814,0.0553,0.0558,1.0,0.0,100.0,0.9268,1.0505,1.0505,1324.6431,1769859798.0413344,13.66,141,1032,0.145,17,0,0,7.33,15.0,0,1052,1769859794.655,-0.935,meta-llama/Llama-3.2-1B-Instruct,"1769859794.655, 1769859794.731, 1769859794.792, 1769859794.793, 1769859794.795"
1.0,0,1769859795.484,1.6842,27,32,59,0.1141,0.0564,0.0574,1.0,0.0,100.0,0.9476,0.7983,0.7983,1325.4414,1769859798.1187181,13.65,141,1033,0.145,17,0,0,7.33,15.0,0,1052,1769859794.655,-0.935,meta-llama/Llama-3.2-1B-Instruct,"1769859794.655, 1769859794.731, 1769859794.792, 1769859794.793, 1769859794.795"
1.0,0,1769859795.4936,1.7595,27,32,59,0.0675,0.0531,0.0532,1.0,0.0,100.0,0.9445,0.827,0.827,1327.1129,1769859798.2143013,13.64,141,1035,0.145,16,0,0,7.33,15.0,0,1052,1769859794.655,-0.935,meta-llama/Llama-3.2-1B-Instruct,"1769859794.655, 1769859794.731, 1769859794.792, 1769859794.793, 1769859794.795"
1.0,0,1769859795.7204,1.7839,27,24,51,0.0605,0.0555,0.0647,1.0,0.0,100.0,0.7011,0.8445,0.8445,1327.1129,1769859798.2158585,13.62,141,1035,0.144,15,0,0,7.33,15.0,0,1052,1769859794.655,-0.935,meta-llama/Llama-3.2-1B-Instruct,"1769859794.655, 1769859794.731, 1769859794.792, 1769859794.793, 1769859794.795"
1.0,0,1769859795.641,1.7072,27,32,59,0.059,0.0608,0.0713,1.0,0.0,100.0,0.9165,0.7662,0.7662,1327.8791,1769859798.2685184,13.61,141,1036,0.144,15,0,0,7.33,15.0,0,1052,1769859794.655,-0.935,meta-llama/Llama-3.2-1B-Instruct,"1769859794.655, 1769859794.731, 1769859794.792, 1769859794.793, 1769859794.795"
1.0,0,1769859795.6424,1.7911,27,32,59,0.0668,0.0589,0.0602,1.0,0.0,100.0,0.967,0.858,0.858,1328.737,1769859798.4083135,13.6,141,1037,0.144,15,0,0,7.33,15.0,0,1052,1769859794.655,-0.935,meta-llama/Llama-3.2-1B-Instruct,"1769859794.655, 1769859794.731, 1769859794.792, 1769859794.793, 1769859794.795"
1.0,0,1769859795.7221,1.8587,27,32,59,0.0709,0.0579,0.0625,1.0,0.0,100.0,0.9661,0.9296,0.9296,1329.6666,1769859798.560302,13.58,141,1038,0.144,15,0,0,7.33,15.0,0,1052,1769859794.655,-0.935,meta-llama/Llama-3.2-1B-Instruct,"1769859794.655, 1769859794.731, 1769859794.792, 1769859794.793, 1769859794.795"
1.0,0,1769859795.7235,1.9485,27,32,59,0.0899,0.0633,0.0641,1.0,0.0,100.0,0.9856,1.0384,1.0384,1330.705,1769859798.665998,13.57,141,1039,0.144,15,0,0,7.33,15.0,0,1052,1769859794.655,-0.935,meta-llama/Llama-3.2-1B-Instruct,"1769859794.655, 1769859794.731, 1769859794.792, 1769859794.793, 1769859794.795"
1.0,0,1769859795.725,2.0208,27,32,59,0.0905,0.0645,0.0698,1.0,0.0,100.0,0.9469,1.1113,1.1113,1331.8163,1769859798.6941617,13.56,141,1040,0.145,15,0,0,7.33,15.0,0,1052,1769859794.655,-0.935,meta-llama/Llama-3.2-1B-Instruct,"1769859794.655, 1769859794.731, 1769859794.792, 1769859794.793, 1769859794.795"
1.0,0,1769859796.051,1.9187,27,32,59,0.0624,0.0722,0.1109,1.0,0.0,100.0,1.194,0.9811,0.9811,1333.7792,1769859799.1739478,13.54,141,1042,0.145,16,0,0,7.33,15.0,0,1052,1769859794.655,-0.935,meta-llama/Llama-3.2-1B-Instruct,"1769859794.655, 1769859794.731, 1769859794.792, 1769859794.793, 1769859794.795"
1.0,0,1769859796.0525,1.9217,27,31,58,0.0601,0.0688,0.1074,1.0,0.0,100.0,1.198,0.9818,0.9818,1333.7792,1769859799.1754186,13.53,141,1042,0.145,15,0,0,7.33,15.0,0,1052,1769859794.655,-0.935,meta-llama/Llama-3.2-1B-Instruct,"1769859794.655, 1769859794.731, 1769859794.792, 1769859794.793, 1769859794.795"
1.0,0,1769859796.1764,1.8422,27,32,59,0.0703,0.0699,0.1017,1.0,0.0,100.0,1.1825,0.9125,0.9125,1334.6917,1769859799.201976,13.52,141,1043,0.144,13,0,0,7.33,15.0,0,1052,1769859794.655,-0.935,meta-llama/Llama-3.2-1B-Instruct,"1769859794.655, 1769859794.731, 1769859794.792, 1769859794.793, 1769859794.795"
1.0,0,1769859796.1779,1.9159,27,32,59,0.0578,0.0703,0.1164,1.0,0.0,100.0,1.1551,0.9737,0.9737,1335.6655,1769859799.2500076,13.51,141,1044,0.145,14,0,0,7.33,15.0,0,1052,1769859794.655,-0.935,meta-llama/Llama-3.2-1B-Instruct,"1769859794.655, 1769859794.731, 1769859794.792, 1769859794.793, 1769859794.795"
1.0,0,1769859796.3518,1.8264,27,32,59,0.0784,0.0743,0.1072,1.0,0.0,100.0,1.1422,0.9048,0.9048,1336.5703,1769859799.322657,13.49,141,1045,0.145,14,0,0,7.33,15.0,0,1052,1769859794.655,-0.935,meta-llama/Llama-3.2-1B-Instruct,"1769859794.655, 1769859794.731, 1769859794.792, 1769859794.793, 1769859794.795"
1.0,0,1769859796.3534,1.8965,27,32,59,0.0724,0.0681,0.1081,1.0,0.0,100.0,1.0814,0.9689,0.9689,1338.2153,1769859799.3369129,13.48,141,1047,0.144,13,0,0,7.33,15.0,0,1052,1769859794.655,-0.935,meta-llama/Llama-3.2-1B-Instruct,"1769859794.655, 1769859794.731, 1769859794.792, 1769859794.793, 1769859794.795"
1.0,0,1769859797.1447,1.5923,27,15,42,0.0839,0.113,0.113,1.0,0.0,100.0,0.5993,0.6762,0.6762,1338.2153,1769859799.3376312,13.47,141,1047,0.145,14,0,0,7.33,15.0,0,1052,1769859794.655,-0.935,meta-llama/Llama-3.2-1B-Instruct,"1769859794.655, 1769859794.731, 1769859794.792, 1769859794.793, 1769859794.795"
1.0,0,1769859796.4648,1.8528,27,32,59,0.0698,0.0671,0.1137,1.0,0.0,100.0,1.0586,0.9227,0.9227,1339.1379,1769859799.3793387,13.45,141,1048,0.144,13,0,0,7.33,15.0,0,1052,1769859794.655,-0.935,meta-llama/Llama-3.2-1B-Instruct,"1769859794.655, 1769859794.731, 1769859794.792, 1769859794.793, 1769859794.795"
1.0,0,1769859797.0657,1.3161,27,31,58,0.0639,0.0758,0.1109,1.0,0.0,100.0,1.0496,0.38,0.38,1339.5179,1769859799.4360893,13.44,141,1049,0.144,14,0,0,7.33,15.0,0,1052,1769859794.655,-0.935,meta-llama/Llama-3.2-1B-Instruct,"1769859794.655, 1769859794.731, 1769859794.792, 1769859794.793, 1769859794.795"
1.0,0,1769859797.0671,1.3959,27,32,59,0.0846,0.0673,0.1137,1.0,0.0,100.0,1.0691,0.4806,0.4806,1339.9985,1769859799.5331607,13.43,141,1050,0.145,15,0,0,7.33,15.0,0,1052,1769859794.655,-0.935,meta-llama/Llama-3.2-1B-Instruct,"1769859794.655, 1769859794.731, 1769859794.792, 1769859794.793, 1769859794.795"
1.0,0,1769859797.0685,1.4667,27,32,59,0.1168,0.0674,0.1072,1.0,0.0,100.0,1.0781,0.5835,0.5835,1340.582,1769859799.6321905,13.42,141,1051,0.145,15,1,0,7.33,15.0,0,1052,1769859794.655,-0.935,meta-llama/Llama-3.2-1B-Instruct,"1769859794.655, 1769859794.731, 1769859794.792, 1769859794.793, 1769859794.795"
1.0,0,1769859797.1432,1.5324,27,32,59,0.0691,0.0721,0.1078,1.0,0.0,100.0,1.0339,0.6015,0.6015,1341.1834,1769859799.7119536,13.4,141,1052,0.145,15,0,0,7.33,15.0,0,1052,1769859794.655,-0.935,meta-llama/Llama-3.2-1B-Instruct,"1769859794.655, 1769859794.731, 1769859794.792, 1769859794.793, 1769859794.795"
1.0,0,1769859797.1462,1.6472,27,32,59,0.095,0.0618,0.1111,1.0,0.0,100.0,1.0433,0.7422,0.7422,1341.9256,1769859799.8387978,13.39,141,1053,0.146,15,1,0,7.33,15.0,0,1052,1769859794.655,-0.935,meta-llama/Llama-3.2-1B-Instruct,"1769859794.655, 1769859794.731, 1769859794.792, 1769859794.793, 1769859794.795"
1.0,0,1769859797.2261,1.6498,27,32,59,0.1304,0.0552,0.0845,1.0,0.0,100.0,1.0566,0.7802,0.7802,1343.4855,1769859799.9411926,13.38,141,1055,0.146,16,1,0,7.33,15.0,0,1052,1769859794.655,-0.935,meta-llama/Llama-3.2-1B-Instruct,"1769859794.655, 1769859794.731, 1769859794.792, 1769859794.793, 1769859794.795"
1.0,0,1769859797.2276,1.7137,27,32,59,0.066,0.0631,0.0726,1.0,0.0,100.0,0.9962,0.7797,0.7797,1343.4855,1769859799.9486456,13.36,141,1055,0.147,17,0,0,7.33,15.0,0,1052,1769859794.655,-0.935,meta-llama/Llama-3.2-1B-Instruct,"1769859794.655, 1769859794.731, 1769859794.792, 1769859794.793, 1769859794.795"
1.0,0,1769859797.229,1.7711,27,31,58,0.0899,0.0572,0.06,1.0,0.0,100.0,0.9559,0.861,0.861,1344.3465,1769859799.9572535,13.35,141,1056,0.147,18,1,0,7.33,15.0,0,1052,1769859794.655,-0.935,meta-llama/Llama-3.2-1B-Instruct,"1769859794.655, 1769859794.731, 1769859794.792, 1769859794.793, 1769859794.795"
1.0,0,1769859797.8009,2.2874,27,5,32,0.055,0.0692,0.0692,1.0,0.0,100.0,0.1831,1.3424,1.3424,1345.6889,1769859800.2754214,13.34,141,1057,0.146,13,1,0,7.33,15.0,0,1052,1769859794.655,-0.935,meta-llama/Llama-3.2-1B-Instruct,"1769859794.655, 1769859794.731, 1769859794.792, 1769859794.793, 1769859794.795"
1.0,0,1769859797.3073,2.0501,27,32,59,0.0766,0.0604,0.0697,1.0,0.0,100.0,1.0398,1.1266,1.1266,1346.8156,1769859800.3983397,13.33,141,1058,0.146,13,0,0,7.33,15.0,0,1052,1769859794.655,-0.935,meta-llama/Llama-3.2-1B-Instruct,"1769859794.655, 1769859794.731, 1769859794.792, 1769859794.793, 1769859794.795"
1.0,0,1769859797.309,2.1396,27,32,59,0.0788,0.0615,0.0629,1.0,0.0,100.0,1.0119,1.2184,1.2184,1349.2985,1769859800.4664378,13.31,141,1060,0.145,12,0,0,7.33,15.0,0,1052,1769859794.655,-0.935,meta-llama/Llama-3.2-1B-Instruct,"1769859794.655, 1769859794.731, 1769859794.792, 1769859794.793, 1769859794.795"
1.0,0,1769859797.3107,2.2036,27,32,59,0.061,0.066,0.0678,1.0,0.0,100.0,0.9497,1.2646,1.2646,1349.2985,1769859800.4782648,13.3,141,1060,0.145,12,1,0,7.33,15.0,0,1052,1769859794.655,-0.935,meta-llama/Llama-3.2-1B-Instruct,"1769859794.655, 1769859794.731, 1769859794.792, 1769859794.793, 1769859794.795"
1.0,0,1769859797.8051,2.6457,27,0,27,,,,1.0,,,0.1229,1.7686,1.7686,1351.0671,1769859800.575434,13.29,141,1061,0.148,16,0,0,7.33,15.0,0,1052,1769859794.655,-0.935,meta-llama/Llama-3.2-1B-Instruct,"1769859794.655, 1769859794.731, 1769859794.792, 1769859794.793, 1769859794.795"
1.0,0,1769859797.409,2.2771,27,32,59,0.073,0.0675,0.0733,1.0,0.0,100.0,1.0442,1.3502,1.3502,1353.8157,1769859800.7409556,13.28,141,1063,0.146,12,1,0,7.33,15.0,0,1117,1769859799.512,-1.103,meta-llama/Llama-3.2-1B-Instruct,"1769859799.512, 1769859799.514, 1769859799.515, 1769859799.838, 1769859800.024"
1.0,0,1769859797.3123,2.3066,27,32,59,0.0919,0.0678,0.0856,1.0,0.0,100.0,1.1144,1.3984,1.3984,1353.8157,1769859800.7440765,13.26,141,1063,0.146,13,0,0,7.33,15.0,0,1117,1769859799.512,-1.103,meta-llama/Llama-3.2-1B-Instruct,"1769859799.512, 1769859799.514, 1769859799.515, 1769859799.838, 1769859800.024"
1.0,0,1769859797.4727,2.2715,27,32,59,0.065,0.0687,0.0727,1.0,0.0,100.0,1.0368,1.3365,1.3365,1355.1522,1769859800.7853277,13.25,141,1064,0.146,12,1,0,7.33,15.0,0,1117,1769859799.512,-1.103,meta-llama/Llama-3.2-1B-Instruct,"1769859799.512, 1769859799.514, 1769859799.515, 1769859799.838, 1769859800.024"
1.0,0,1769859797.5512,2.2426,27,32,59,0.0899,0.0663,0.0722,1.0,0.0,100.0,1.0269,1.3324,1.3324,1356.4847,1769859800.8267138,13.24,141,1065,0.146,13,0,0,7.33,15.0,0,1117,1769859799.512,-1.103,meta-llama/Llama-3.2-1B-Instruct,"1769859799.512, 1769859799.514, 1769859799.515, 1769859799.838, 1769859800.024"
1.0,0,1769859797.7234,2.1509,27,32,59,0.0623,0.0684,0.0766,1.0,0.0,100.0,0.9959,1.2131,1.2131,1357.6978,1769859800.8712063,13.23,141,1066,0.146,13,0,0,7.33,15.0,0,1117,1769859799.512,-1.103,meta-llama/Llama-3.2-1B-Instruct,"1769859799.512, 1769859799.514, 1769859799.515, 1769859799.838, 1769859800.024"
1.0,0,1769859797.7249,2.2164,27,32,59,0.0903,0.0637,0.0824,1.0,0.0,100.0,0.9801,1.3067,1.3067,1360.3816,1769859800.9257317,13.21,141,1068,0.145,13,0,0,7.33,15.0,0,1117,1769859799.512,-1.103,meta-llama/Llama-3.2-1B-Instruct,"1769859799.512, 1769859799.514, 1769859799.515, 1769859799.838, 1769859800.024"
1.0,0,1769859797.7263,2.2915,27,27,54,0.0856,0.0667,0.0688,1.0,0.0,100.0,0.9076,1.3771,1.3771,1360.3816,1769859800.9268155,13.2,141,1068,0.145,12,0,0,7.33,15.0,0,1117,1769859799.512,-1.103,meta-llama/Llama-3.2-1B-Instruct,"1769859799.512, 1769859799.514, 1769859799.515, 1769859799.838, 1769859800.024"
1.0,0,1769859798.8379,2.1265,27,0,27,,,,1.0,,,0.062,1.1884,1.1884,1361.57,1769859801.0271606,13.19,141,1069,0.147,12,1,0,7.33,15.0,0,1117,1769859799.512,-1.103,meta-llama/Llama-3.2-1B-Instruct,"1769859799.512, 1769859799.514, 1769859799.515, 1769859799.838, 1769859800.024"
1.0,0,1769859797.8023,2.3609,27,32,59,0.094,0.0722,0.0792,1.0,0.0,100.0,0.99,1.4548,1.4548,1363.0248,1769859801.154904,13.18,141,1070,0.147,15,0,0,7.33,15.0,0,1117,1769859799.512,-1.103,meta-llama/Llama-3.2-1B-Instruct,"1769859799.512, 1769859799.514, 1769859799.515, 1769859799.838, 1769859800.024"
1.0,0,1769859797.8037,2.4296,27,32,59,0.0912,0.0599,0.0729,1.0,0.0,100.0,0.9779,1.5208,1.5208,1364.5456,1769859801.214921,13.17,141,1071,0.147,16,0,0,7.33,15.0,0,1117,1769859799.512,-1.103,meta-llama/Llama-3.2-1B-Instruct,"1769859799.512, 1769859799.514, 1769859799.515, 1769859799.838, 1769859800.024"
1.0,0,1769859798.4292,2.1966,27,24,51,0.1101,0.0615,0.0673,1.0,0.0,100.0,0.7788,1.3068,1.3068,1365.8524,1769859801.40695,13.15,141,1072,0.148,15,1,0,7.33,15.0,0,1117,1769859799.512,-1.103,meta-llama/Llama-3.2-1B-Instruct,"1769859799.512, 1769859799.514, 1769859799.515, 1769859799.838, 1769859800.024"
1.0,0,1769859797.9928,2.4461,27,32,59,0.1135,0.0643,0.0775,1.0,0.0,100.0,1.0845,1.5596,1.5596,1368.9254,1769859801.5269883,13.13,141,1074,0.148,15,0,0,7.33,15.0,0,1117,1769859799.512,-1.103,meta-llama/Llama-3.2-1B-Instruct,"1769859799.512, 1769859799.514, 1769859799.515, 1769859799.838, 1769859800.024"
1.0,0,1769859798.0612,2.4486,27,32,59,0.0648,0.0635,0.073,1.0,0.0,100.0,1.013,1.5134,1.5134,1368.9254,1769859801.5293941,13.14,141,1074,0.147,13,0,0,7.33,15.0,0,1117,1769859799.512,-1.103,meta-llama/Llama-3.2-1B-Instruct,"1769859799.512, 1769859799.514, 1769859799.515, 1769859799.838, 1769859800.024"
1.0,0,1769859798.1364,2.4304,27,32,59,0.0711,0.0704,0.0705,1.0,0.0,100.0,0.9939,1.5016,1.5016,1370.4269,1769859801.5621204,13.12,141,1075,0.148,15,0,0,7.33,15.0,0,1117,1769859799.512,-1.103,meta-llama/Llama-3.2-1B-Instruct,"1769859799.512, 1769859799.514, 1769859799.515, 1769859799.838, 1769859800.024"
1.0,0,1769859798.5124,2.1982,27,32,59,0.0737,0.0635,0.0656,1.0,0.0,100.0,0.9507,1.2719,1.2719,1371.6988,1769859801.663457,13.1,141,1076,0.149,16,0,0,7.33,15.0,0,1117,1769859799.512,-1.103,meta-llama/Llama-3.2-1B-Instruct,"1769859799.512, 1769859799.514, 1769859799.515, 1769859799.838, 1769859800.024"
1.0,0,1769859798.5139,2.2851,27,32,59,0.0636,0.0592,0.0615,1.0,0.0,100.0,0.952,1.3487,1.3487,1373.0475,1769859801.7520165,13.09,141,1077,0.148,15,0,0,7.33,15.0,0,1117,1769859799.512,-1.103,meta-llama/Llama-3.2-1B-Instruct,"1769859799.512, 1769859799.514, 1769859799.515, 1769859799.838, 1769859800.024"
1.0,0,1769859798.5154,2.3754,27,32,59,0.0901,0.0597,0.0754,1.0,0.0,100.0,1.0291,1.4655,1.4655,1374.513,1769859801.9242449,13.08,141,1078,0.147,13,0,0,7.33,15.0,0,1117,1769859799.512,-1.103,meta-llama/Llama-3.2-1B-Instruct,"1769859799.512, 1769859799.514, 1769859799.515, 1769859799.838, 1769859800.024"
1.0,0,1769859799.0243,2.0203,27,33,60,0.0918,0.0624,0.0851,1.0,0.0,100.0,1.0406,1.1122,1.1122,1375.6252,1769859802.0994883,13.07,141,1079,0.147,13,0,0,7.33,15.0,0,1117,1769859799.512,-1.103,meta-llama/Llama-3.2-1B-Instruct,"1769859799.512, 1769859799.514, 1769859799.515, 1769859799.838, 1769859800.024"
1.0,0,1769859799.0739,2.0759,27,32,59,0.0599,0.0598,0.0873,1.0,0.0,100.0,0.975,1.1358,1.1358,1376.761,1769859802.1287177,13.06,141,1080,0.148,13,1,0,7.33,15.0,0,1117,1769859799.512,-1.103,meta-llama/Llama-3.2-1B-Instruct,"1769859799.512, 1769859799.514, 1769859799.515, 1769859799.838, 1769859800.024"
1.0,0,1769859799.1546,2.0604,27,32,59,0.0803,0.0606,0.0799,1.0,0.0,100.0,0.9833,1.1407,1.1407,1379.1871,1769859802.2053618,13.04,141,1082,0.147,13,0,0,7.33,15.0,0,1117,1769859799.512,-1.103,meta-llama/Llama-3.2-1B-Instruct,"1769859799.512, 1769859799.514, 1769859799.515, 1769859799.838, 1769859800.024"
1.0,0,1769859799.1664,2.2044,27,25,52,0.0811,0.0664,0.0808,1.0,0.0,100.0,0.83,1.2854,1.2854,1379.1871,1769859802.2071044,13.03,141,1082,0.148,14,1,0,7.33,15.0,0,1117,1769859799.512,-1.103,meta-llama/Llama-3.2-1B-Instruct,"1769859799.512, 1769859799.514, 1769859799.515, 1769859799.838, 1769859800.024"
1.0,0,1769859799.156,2.1192,27,32,59,0.075,0.062,0.0802,1.0,0.0,100.0,1.0249,1.1942,1.1942,1380.3813,1769859802.3098903,13.02,141,1083,0.148,14,0,0,7.33,15.0,0,1117,1769859799.512,-1.103,meta-llama/Llama-3.2-1B-Instruct,"1769859799.512, 1769859799.514, 1769859799.515, 1769859799.838, 1769859800.024"
1.0,0,1769859799.9103,2.3586,27,0,27,,,,1.0,,,0.084,1.4426,1.4426,1381.8239,1769859802.3589334,13.01,141,1084,0.149,14,0,0,7.33,15.0,0,1117,1769859799.512,-1.103,meta-llama/Llama-3.2-1B-Instruct,"1769859799.512, 1769859799.514, 1769859799.515, 1769859799.838, 1769859800.024"
1.0,0,1769859799.4202,2.0327,27,32,59,0.0712,0.0592,0.0847,1.0,0.0,100.0,0.9893,1.1039,1.1039,1382.9278,1769859802.446371,13.0,141,1085,0.149,14,1,0,7.33,15.0,0,1117,1769859799.512,-1.103,meta-llama/Llama-3.2-1B-Instruct,"1769859799.512, 1769859799.514, 1769859799.515, 1769859799.838, 1769859800.024"
1.0,0,1769859799.4216,2.1112,27,32,59,0.0718,0.0803,0.0892,1.0,0.0,100.0,1.0161,1.183,1.183,1384.1108,1769859802.5502734,12.98,141,1086,0.149,14,0,0,7.33,15.0,0,1117,1769859799.512,-1.103,meta-llama/Llama-3.2-1B-Instruct,"1769859799.512, 1769859799.514, 1769859799.515, 1769859799.838, 1769859800.024"
1.0,0,1769859799.4927,2.2005,27,32,59,0.0843,0.062,0.0649,1.0,0.0,100.0,1.0048,1.2848,1.2848,1385.3956,1769859802.7062194,12.97,141,1087,0.149,13,0,0,7.33,15.0,0,1117,1769859799.512,-1.103,meta-llama/Llama-3.2-1B-Instruct,"1769859799.512, 1769859799.514, 1769859799.515, 1769859799.838, 1769859800.024"
1.0,0,1769859799.4913,2.1817,27,31,58,0.1055,0.0558,0.0611,1.0,0.0,100.0,1.036,1.2872,1.2872,1386.6828,1769859802.7098713,12.96,141,1088,0.149,14,0,0,7.33,15.0,0,1117,1769859799.512,-1.103,meta-llama/Llama-3.2-1B-Instruct,"1769859799.512, 1769859799.514, 1769859799.515, 1769859799.838, 1769859800.024"
1.0,0,1769859799.551,2.2181,27,32,59,0.0589,0.0701,0.0732,1.0,0.0,100.0,1.0058,1.2771,1.2771,1387.9599,1769859802.778324,12.95,141,1089,0.148,13,1,0,7.33,15.0,0,1117,1769859799.512,-1.103,meta-llama/Llama-3.2-1B-Instruct,"1769859799.512, 1769859799.514, 1769859799.515, 1769859799.838, 1769859800.024"
1.0,0,1769859799.5523,2.2602,27,32,59,0.075,0.0581,0.0731,1.0,0.0,100.0,1.0001,1.3352,1.3352,1389.295,1769859802.813861,12.94,141,1090,0.149,14,0,0,7.33,15.0,0,1117,1769859799.512,-1.103,meta-llama/Llama-3.2-1B-Instruct,"1769859799.512, 1769859799.514, 1769859799.515, 1769859799.838, 1769859800.024"
1.0,0,1769859799.7199,2.1684,27,32,59,0.0971,0.0648,0.0725,1.0,0.0,100.0,0.9954,1.2655,1.2655,1390.5605,1769859802.893147,12.92,141,1091,0.149,15,0,0,7.33,15.0,0,1117,1769859799.512,-1.103,meta-llama/Llama-3.2-1B-Instruct,"1769859799.512, 1769859799.514, 1769859799.515, 1769859799.838, 1769859800.024"
1.0,0,1769859799.7216,2.2893,27,32,59,0.0723,0.0612,0.0681,1.0,0.0,100.0,0.9282,1.3616,1.3616,1391.9221,1769859802.9508383,12.91,141,1092,0.15,16,0,0,7.33,15.0,0,1117,1769859799.512,-1.103,meta-llama/Llama-3.2-1B-Instruct,"1769859799.512, 1769859799.514, 1769859799.515, 1769859799.838, 1769859800.024"
1.0,0,1769859799.7706,2.3222,27,32,59,0.1009,0.0684,0.0691,1.0,0.0,100.0,0.98,1.4231,1.4231,1393.3452,1769859803.0840893,12.9,141,1093,0.15,16,0,0,7.33,15.0,0,1117,1769859799.512,-1.103,meta-llama/Llama-3.2-1B-Instruct,"1769859799.512, 1769859799.514, 1769859799.515, 1769859799.838, 1769859800.024"
1.0,0,1769859799.8472,2.3224,27,33,60,0.0695,0.06,0.0625,1.0,0.0,100.0,0.9729,1.392,1.392,1394.7372,1769859803.1451626,12.89,141,1094,0.15,15,1,0,7.33,15.0,0,1117,1769859799.512,-1.103,meta-llama/Llama-3.2-1B-Instruct,"1769859799.512, 1769859799.514, 1769859799.515, 1769859799.838, 1769859800.024"
1.0,0,1769859800.6841,1.6748,27,32,59,0.0632,0.0697,0.0904,1.0,0.0,100.0,1.0215,0.738,0.738,1395.4752,1769859803.3865948,12.88,141,1095,0.15,14,0,0,7.33,15.0,0,1117,1769859799.512,-1.103,meta-llama/Llama-3.2-1B-Instruct,"1769859799.512, 1769859799.514, 1769859799.515, 1769859799.838, 1769859800.024"
1.0,0,1769859801.0925,1.3243,27,32,59,0.0704,0.064,0.0951,1.0,0.0,100.0,1.0968,0.3948,0.3948,1395.87,1769859803.5153027,12.86,141,1096,0.151,15,0,0,7.33,15.0,0,1117,1769859799.512,-1.103,meta-llama/Llama-3.2-1B-Instruct,"1769859799.512, 1769859799.514, 1769859799.515, 1769859799.838, 1769859800.024"
1.0,0,1769859801.0945,1.4098,27,32,59,0.0802,0.0644,0.1064,1.0,0.0,100.0,1.1527,0.49,0.49,1396.36,1769859803.6648214,12.85,141,1097,0.151,15,0,0,7.33,15.0,0,1117,1769859799.512,-1.103,meta-llama/Llama-3.2-1B-Instruct,"1769859799.512, 1769859799.514, 1769859799.515, 1769859799.838, 1769859800.024"
1.0,0,1769859801.0962,1.5193,27,32,59,0.0628,0.0684,0.0945,1.0,0.0,100.0,1.1518,0.5821,0.5821,1396.9421,1769859803.7697353,12.84,141,1098,0.151,15,0,0,7.33,15.0,0,1117,1769859799.512,-1.103,meta-llama/Llama-3.2-1B-Instruct,"1769859799.512, 1769859799.514, 1769859799.515, 1769859799.838, 1769859800.024"
1.0,0,1769859801.0978,1.5861,27,32,59,0.0899,0.0686,0.0911,1.0,0.0,100.0,1.148,0.6761,0.6761,1397.6182,1769859803.835864,12.83,141,1099,0.151,16,0,0,7.33,15.0,0,1117,1769859799.512,-1.103,meta-llama/Llama-3.2-1B-Instruct,"1769859799.512, 1769859799.514, 1769859799.515, 1769859799.838, 1769859800.024"
1.0,0,1769859801.2517,1.4986,27,32,59,0.0586,0.0662,0.096,1.0,0.0,100.0,1.1208,0.5572,0.5572,1398.1755,1769859803.873909,12.82,141,1100,0.15,14,0,0,7.33,15.0,0,1117,1769859799.512,-1.103,meta-llama/Llama-3.2-1B-Instruct,"1769859799.512, 1769859799.514, 1769859799.515, 1769859799.838, 1769859800.024"
1.0,0,1769859801.9702,2.0272,27,4,31,0.0875,0.0285,0.0285,1.0,0.0,100.0,0.2156,1.1147,1.1147,1400.6404,1769859804.2146723,12.79,141,1103,0.153,18,0,0,7.33,15.0,0,1117,1769859799.512,-1.103,meta-llama/Llama-3.2-1B-Instruct,"1769859799.512, 1769859799.514, 1769859799.515, 1769859799.838, 1769859800.024"
1.0,0,1769859801.32,1.601,27,32,59,0.0747,0.072,0.0944,1.0,0.0,100.0,1.2925,0.6756,0.6756,1400.6404,1769859804.2148433,12.78,141,1103,0.15,14,0,0,7.33,15.0,0,1117,1769859799.512,-1.103,meta-llama/Llama-3.2-1B-Instruct,"1769859799.512, 1769859799.514, 1769859799.515, 1769859799.838, 1769859800.024"
1.0,0,1769859801.3216,1.6077,27,32,59,0.0669,0.0754,0.0868,1.0,0.0,100.0,1.281,0.6746,0.6746,1400.6404,1769859804.2150307,12.81,141,1103,0.15,13,0,0,7.33,15.0,0,1117,1769859799.512,-1.103,meta-llama/Llama-3.2-1B-Instruct,"1769859799.512, 1769859799.514, 1769859799.515, 1769859799.838, 1769859800.024"
1.0,0,1769859801.3232,1.6812,27,32,59,0.0681,0.065,0.0987,1.0,0.0,100.0,1.2728,0.7493,0.7493,1401.3897,1769859804.2906134,12.77,141,1104,0.15,12,0,0,7.33,15.0,0,1117,1769859799.512,-1.103,meta-llama/Llama-3.2-1B-Instruct,"1769859799.512, 1769859799.514, 1769859799.515, 1769859799.838, 1769859800.024"
1.0,0,1769859801.3247,1.7542,27,32,59,0.0591,0.0714,0.0969,1.0,0.0,100.0,1.2368,0.8133,0.8133,1402.2031,1769859804.324406,12.76,141,1105,0.151,14,0,0,7.33,15.0,0,1117,1769859799.512,-1.103,meta-llama/Llama-3.2-1B-Instruct,"1769859799.512, 1769859799.514, 1769859799.515, 1769859799.838, 1769859800.024"
1.0,0,1769859801.4142,1.731,27,32,59,0.075,0.0746,0.1013,1.0,0.0,100.0,1.2212,0.8061,0.8061,1403.0091,1769859804.3786879,12.75,141,1106,0.151,14,0,0,7.33,15.0,0,1117,1769859799.512,-1.103,meta-llama/Llama-3.2-1B-Instruct,"1769859799.512, 1769859799.514, 1769859799.515, 1769859799.838, 1769859800.024"
1.0,0,1769859801.582,1.6423,27,32,59,0.1042,0.0649,0.0689,1.0,0.0,100.0,1.1766,0.7466,0.7466,1404.5018,1769859804.4063647,12.73,141,1108,0.151,14,1,0,7.33,15.0,0,1117,1769859799.512,-1.103,meta-llama/Llama-3.2-1B-Instruct,"1769859799.512, 1769859799.514, 1769859799.515, 1769859799.838, 1769859800.024"
1.0,0,1769859801.5834,1.6877,27,32,59,0.0584,0.074,0.0761,1.0,0.0,100.0,1.1279,0.7461,0.7461,1404.5018,1769859804.407721,12.74,141,1108,0.152,15,1,0,7.33,15.0,0,1117,1769859799.512,-1.103,meta-llama/Llama-3.2-1B-Instruct,"1769859799.512, 1769859799.514, 1769859799.515, 1769859799.838, 1769859800.024"
1.0,0,1769859801.5849,1.7371,27,32,59,0.0614,0.0649,0.068,1.0,0.0,100.0,1.0909,0.7985,0.7985,1405.3003,1769859804.414496,12.71,141,1109,0.152,16,0,0,7.33,15.0,0,1117,1769859799.512,-1.103,meta-llama/Llama-3.2-1B-Instruct,"1769859799.512, 1769859799.514, 1769859799.515, 1769859799.838, 1769859800.024"
1.0,0,1769859801.7885,1.644,27,32,59,0.0707,0.0569,0.0747,1.0,0.0,100.0,1.0254,0.7148,0.7148,1406.6786,1769859804.4625196,12.69,141,1111,0.152,17,0,0,7.33,15.0,0,1117,1769859799.512,-1.103,meta-llama/Llama-3.2-1B-Instruct,"1769859799.512, 1769859799.514, 1769859799.515, 1769859799.838, 1769859800.024"
1.0,0,1769859801.7869,1.5836,27,32,59,0.08,0.0618,0.0647,1.0,0.0,100.0,1.0809,0.6635,0.6635,1406.6786,1769859804.4636588,12.7,141,1111,0.152,17,0,0,7.33,15.0,0,1117,1769859799.512,-1.103,meta-llama/Llama-3.2-1B-Instruct,"1769859799.512, 1769859799.514, 1769859799.515, 1769859799.838, 1769859800.024"
1.0,0,1769859801.9645,1.5438,27,32,59,0.0895,0.0539,0.0637,1.0,0.0,100.0,1.0067,0.6333,0.6333,1407.3119,1769859804.5158408,12.68,141,1112,0.153,18,0,0,7.33,15.0,0,1117,1769859799.512,-1.103,meta-llama/Llama-3.2-1B-Instruct,"1769859799.512, 1769859799.514, 1769859799.515, 1769859799.838, 1769859800.024"
1.0,0,1769859801.966,1.6943,27,32,59,0.0919,0.0581,0.0642,1.0,0.0,100.0,1.0323,0.7862,0.7862,1408.098,1769859804.6934297,12.67,141,1113,0.154,19,0,0,7.33,15.0,0,1117,1769859799.512,-1.103,meta-llama/Llama-3.2-1B-Instruct,"1769859799.512, 1769859799.514, 1769859799.515, 1769859799.838, 1769859800.024"
1.0,0,1769859801.9674,1.8439,27,32,59,0.0573,0.0549,0.0549,1.0,0.0,100.0,1.019,0.9012,0.9012,1408.9993,1769859804.835944,12.66,141,1114,0.153,17,0,0,7.33,15.0,0,1117,1769859799.512,-1.103,meta-llama/Llama-3.2-1B-Instruct,"1769859799.512, 1769859799.514, 1769859799.515, 1769859799.838, 1769859800.024"
1.0,0,1769859801.9688,1.917,27,32,59,0.0756,0.0678,0.0726,1.0,0.0,100.0,1.0258,0.9926,0.9926,1409.9919,1769859804.9146504,12.65,141,1115,0.153,17,0,0,7.33,15.0,0,1117,1769859799.512,-1.103,meta-llama/Llama-3.2-1B-Instruct,"1769859799.512, 1769859799.514, 1769859799.515, 1769859799.838, 1769859800.024"
1.0,0,1769859801.9716,2.1596,27,26,53,0.0815,0.0585,0.0634,1.0,0.0,100.0,0.8799,1.2411,1.2411,1411.233,1769859805.0149398,12.63,141,1116,0.154,18,0,0,7.33,15.0,0,1117,1769859799.512,-1.103,meta-llama/Llama-3.2-1B-Instruct,"1769859799.512, 1769859799.514, 1769859799.515, 1769859799.838, 1769859800.024"
1.0,0,1769859803.0397,2.1539,27,0,27,,,,1.0,,,0.0642,1.2181,1.2181,1412.4511,1769859805.2619255,12.62,141,1117,0.153,16,1,0,7.33,15.0,0,1117,1769859799.512,-1.103,meta-llama/Llama-3.2-1B-Instruct,"1769859799.512, 1769859799.514, 1769859799.515, 1769859799.838, 1769859800.024"
1.0,0,1769859801.973,2.4614,27,23,50,0.0774,0.0853,0.0928,1.0,0.0,100.0,1.0708,1.5388,1.5388,1413.9899,1769859805.5140567,12.61,141,1118,0.151,10,0,0,7.33,15.0,0,1117,1769859799.512,-1.103,meta-llama/Llama-3.2-1B-Instruct,"1769859799.512, 1769859799.514, 1769859799.515, 1769859799.838, 1769859800.024"
1.0,0,1769859802.0523,2.4457,27,32,59,0.061,0.0874,0.0982,1.0,0.0,100.0,1.2904,1.5067,1.5067,1415.4966,1769859805.7897563,12.6,141,1119,0.15,9,1,0,7.33,15.0,0,1205,1769859804.188,-1.429,meta-llama/Llama-3.2-1B-Instruct,"1769859804.188, 1769859804.190, 1769859804.191, 1769859804.193, 1769859804.345"
1.0,0,1769859802.1482,2.3967,27,32,59,0.0681,0.0851,0.0939,1.0,0.0,100.0,1.2674,1.4648,1.4648,1416.9613,1769859805.8165195,12.59,141,1120,0.15,9,0,0,7.33,15.0,0,1205,1769859804.188,-1.429,meta-llama/Llama-3.2-1B-Instruct,"1769859804.188, 1769859804.190, 1769859804.191, 1769859804.193, 1769859804.345"
1.0,0,1769859802.4675,2.1352,27,32,59,0.0656,0.0874,0.092,1.0,0.0,100.0,1.2395,1.2007,1.2007,1418.1621,1769859805.8430676,12.58,141,1121,0.151,10,1,0,7.33,15.0,0,1205,1769859804.188,-1.429,meta-llama/Llama-3.2-1B-Instruct,"1769859804.188, 1769859804.190, 1769859804.191, 1769859804.193, 1769859804.345"
1.0,0,1769859802.5727,2.0995,27,32,59,0.0639,0.0915,0.0968,1.0,0.0,100.0,1.2148,1.1635,1.1635,1419.3255,1769859805.8910837,12.57,141,1122,0.151,12,0,0,7.33,15.0,0,1205,1769859804.188,-1.429,meta-llama/Llama-3.2-1B-Instruct,"1769859804.188, 1769859804.190, 1769859804.191, 1769859804.193, 1769859804.345"
1.0,0,1769859802.5741,2.1719,27,32,59,0.0828,0.0846,0.0935,1.0,0.0,100.0,1.2001,1.2546,1.2546,1420.5802,1769859805.9511662,12.56,141,1123,0.151,11,0,0,7.33,15.0,0,1205,1769859804.188,-1.429,meta-llama/Llama-3.2-1B-Instruct,"1769859804.188, 1769859804.190, 1769859804.191, 1769859804.193, 1769859804.345"
1.0,0,1769859802.5755,2.2425,27,32,59,0.0838,0.0882,0.1042,1.0,0.0,100.0,1.1458,1.3263,1.3263,1421.9065,1769859805.9656942,12.54,141,1124,0.152,12,1,0,7.33,15.0,0,1205,1769859804.188,-1.429,meta-llama/Llama-3.2-1B-Instruct,"1769859804.188, 1769859804.190, 1769859804.191, 1769859804.193, 1769859804.345"
1.0,0,1769859802.7273,2.1545,27,32,59,0.0774,0.0903,0.0905,1.0,0.0,100.0,1.1234,1.2319,1.2319,1424.3644,1769859806.0168798,12.53,141,1126,0.151,12,0,0,7.33,15.0,0,1205,1769859804.188,-1.429,meta-llama/Llama-3.2-1B-Instruct,"1769859804.188, 1769859804.190, 1769859804.191, 1769859804.193, 1769859804.345"
1.0,0,1769859802.7887,2.1506,27,32,59,0.0754,0.0886,0.0931,1.0,0.0,100.0,1.0772,1.226,1.226,1424.3644,1769859806.0217311,12.52,141,1126,0.151,12,0,0,7.33,15.0,0,1205,1769859804.188,-1.429,meta-llama/Llama-3.2-1B-Instruct,"1769859804.188, 1769859804.190, 1769859804.191, 1769859804.193, 1769859804.345"
1.0,0,1769859802.7904,2.2058,27,32,59,0.1041,0.0628,0.0972,1.0,0.0,100.0,1.0722,1.31,1.31,1426.9895,1769859806.0839896,12.5,141,1128,0.152,13,1,0,7.33,15.0,0,1205,1769859804.188,-1.429,meta-llama/Llama-3.2-1B-Instruct,"1769859804.188, 1769859804.190, 1769859804.191, 1769859804.193, 1769859804.345"
1.0,0,1769859802.792,2.2541,27,32,59,0.0611,0.0564,0.094,1.0,0.0,100.0,1.0203,1.3152,1.3152,1429.6083,1769859806.0893648,12.51,141,1130,0.152,13,0,0,7.33,15.0,0,1205,1769859804.188,-1.429,meta-llama/Llama-3.2-1B-Instruct,"1769859804.188, 1769859804.190, 1769859804.191, 1769859804.193, 1769859804.345"
1.0,0,1769859802.8845,2.2485,27,32,59,0.0598,0.057,0.0607,1.0,0.0,100.0,0.9523,1.3083,1.3083,1429.6083,1769859806.0931745,12.49,141,1130,0.152,15,1,0,7.33,15.0,0,1205,1769859804.188,-1.429,meta-llama/Llama-3.2-1B-Instruct,"1769859804.188, 1769859804.190, 1769859804.191, 1769859804.193, 1769859804.345"
1.0,0,1769859802.8786,2.2155,27,32,59,0.0949,0.0641,0.0641,1.0,0.0,100.0,0.9949,1.3104,1.3104,1429.6083,1769859806.094814,12.48,141,1130,0.152,14,1,0,7.33,15.0,0,1205,1769859804.188,-1.429,meta-llama/Llama-3.2-1B-Instruct,"1769859804.188, 1769859804.190, 1769859804.191, 1769859804.193, 1769859804.345"
1.0,0,1769859803.0439,2.3371,27,32,59,0.0777,0.0557,0.0558,1.0,0.0,100.0,0.9199,1.4148,1.4148,1432.4413,1769859806.3065557,12.46,141,1132,0.154,17,0,0,7.33,15.0,0,1205,1769859804.188,-1.429,meta-llama/Llama-3.2-1B-Instruct,"1769859804.188, 1769859804.190, 1769859804.191, 1769859804.193, 1769859804.345"
1.0,0,1769859803.0412,2.3015,27,32,59,0.1167,0.0556,0.0557,1.0,0.0,100.0,0.9573,1.4182,1.4182,1433.8524,1769859806.3089225,12.47,141,1133,0.153,17,0,0,7.33,15.0,0,1205,1769859804.188,-1.429,meta-llama/Llama-3.2-1B-Instruct,"1769859804.188, 1769859804.190, 1769859804.191, 1769859804.193, 1769859804.345"
1.0,0,1769859803.0425,2.3193,27,32,59,0.0918,0.056,0.0561,1.0,0.0,100.0,0.946,1.4111,1.4111,1433.8524,1769859806.31112,12.44,141,1133,0.153,17,0,0,7.33,15.0,0,1205,1769859804.188,-1.429,meta-llama/Llama-3.2-1B-Instruct,"1769859804.188, 1769859804.190, 1769859804.191, 1769859804.193, 1769859804.345"
1.0,0,1769859803.186,2.448,27,33,60,0.0851,0.0549,0.0591,1.0,0.0,100.0,0.928,1.5331,1.5331,1435.3855,1769859806.5634935,12.43,141,1134,0.156,19,0,0,7.33,15.0,0,1205,1769859804.188,-1.429,meta-llama/Llama-3.2-1B-Instruct,"1769859804.188, 1769859804.190, 1769859804.191, 1769859804.193, 1769859804.345"
1.0,0,1769859803.4768,3.1402,27,0,27,,,,1.0,,,0.1337,2.274,2.274,1437.6595,1769859806.753324,12.42,141,1135,0.153,11,0,0,7.33,15.0,0,1205,1769859804.188,-1.429,meta-llama/Llama-3.2-1B-Instruct,"1769859804.188, 1769859804.190, 1769859804.191, 1769859804.193, 1769859804.345"
1.0,0,1769859803.7029,3.2575,27,0,27,,,,1.0,,,0.0638,2.3213,2.3213,1439.9807,1769859807.036848,12.41,141,1136,0.156,16,0,0,7.33,15.0,0,1205,1769859804.188,-1.429,meta-llama/Llama-3.2-1B-Instruct,"1769859804.188, 1769859804.190, 1769859804.191, 1769859804.193, 1769859804.345"
1.0,0,1769859803.1881,2.8047,27,33,60,0.0897,0.0699,0.0889,1.0,0.0,100.0,1.2075,1.8943,1.8943,1441.8751,1769859807.2011666,12.4,141,1137,0.155,14,0,0,7.33,15.0,0,1205,1769859804.188,-1.429,meta-llama/Llama-3.2-1B-Instruct,"1769859804.188, 1769859804.190, 1769859804.191, 1769859804.193, 1769859804.345"
1.0,0,1769859803.1897,2.8877,27,32,59,0.0656,0.0715,0.0879,1.0,0.0,100.0,1.221,1.9532,1.9532,1443.8283,1769859807.3025746,12.39,141,1138,0.154,12,0,0,7.33,15.0,0,1205,1769859804.188,-1.429,meta-llama/Llama-3.2-1B-Instruct,"1769859804.188, 1769859804.190, 1769859804.191, 1769859804.193, 1769859804.345"
1.0,0,1769859803.1913,2.939,27,32,59,0.0628,0.0593,0.0961,1.0,0.0,100.0,1.1998,2.0018,2.0018,1445.8301,1769859807.3335826,12.38,141,1139,0.152,9,1,0,7.33,15.0,0,1205,1769859804.188,-1.429,meta-llama/Llama-3.2-1B-Instruct,"1769859804.188, 1769859804.190, 1769859804.191, 1769859804.193, 1769859804.345"
1.0,0,1769859803.1929,3.026,27,32,59,0.0857,0.0626,0.0951,1.0,0.0,100.0,1.2128,2.1117,2.1117,1447.9418,1769859807.436552,12.37,141,1140,0.153,11,0,0,7.33,15.0,0,1205,1769859804.188,-1.429,meta-llama/Llama-3.2-1B-Instruct,"1769859804.188, 1769859804.190, 1769859804.191, 1769859804.193, 1769859804.345"
1.0,0,1769859803.4753,3.1194,27,17,44,0.1113,0.0772,0.0772,1.0,0.0,100.0,0.8838,2.2307,2.2307,1450.1725,1769859807.4881546,12.36,141,1141,0.153,12,0,0,7.33,15.0,0,1205,1769859804.188,-1.429,meta-llama/Llama-3.2-1B-Instruct,"1769859804.188, 1769859804.190, 1769859804.191, 1769859804.193, 1769859804.345"
1.0,0,1769859803.3449,2.9371,27,32,59,0.0733,0.0688,0.0896,1.0,0.0,100.0,1.2093,2.0104,2.0104,1452.1829,1769859807.4920661,12.35,141,1142,0.153,11,0,0,7.33,15.0,0,1205,1769859804.188,-1.429,meta-llama/Llama-3.2-1B-Instruct,"1769859804.188, 1769859804.190, 1769859804.191, 1769859804.193, 1769859804.345"
1.0,0,1769859803.4722,2.8901,27,32,59,0.0545,0.0663,0.0937,1.0,0.0,100.0,1.1971,1.9446,1.9446,1454.1274,1769859807.5742004,12.34,141,1143,0.152,9,1,0,7.33,15.0,0,1205,1769859804.188,-1.429,meta-llama/Llama-3.2-1B-Instruct,"1769859804.188, 1769859804.190, 1769859804.191, 1769859804.193, 1769859804.345"
1.0,0,1769859803.6189,3.2869,27,20,47,0.0711,0.0687,0.0687,1.0,0.0,100.0,0.7771,2.358,2.358,1458.5421,1769859807.6863241,12.33,141,1145,0.155,15,0,0,7.33,15.0,0,1205,1769859804.188,-1.429,meta-llama/Llama-3.2-1B-Instruct,"1769859804.188, 1769859804.190, 1769859804.191, 1769859804.193, 1769859804.345"
1.0,0,1769859803.4738,2.9736,27,32,59,0.0831,0.0675,0.0924,1.0,0.0,100.0,1.2379,2.0567,2.0567,1458.5421,1769859807.68698,12.31,141,1145,0.153,11,0,0,7.33,15.0,0,1205,1769859804.188,-1.429,meta-llama/Llama-3.2-1B-Instruct,"1769859804.188, 1769859804.190, 1769859804.191, 1769859804.193, 1769859804.345"
1.0,0,1769859803.551,3.1273,27,32,59,0.0711,0.0592,0.0625,1.0,0.0,100.0,1.1715,2.1984,2.1984,1460.7405,1769859807.8561773,12.3,141,1146,0.154,12,1,0,7.33,15.0,0,1205,1769859804.188,-1.429,meta-llama/Llama-3.2-1B-Instruct,"1769859804.188, 1769859804.190, 1769859804.191, 1769859804.193, 1769859804.345"
1.0,0,1769859803.5525,3.1893,27,32,59,0.0908,0.0597,0.0616,1.0,0.0,100.0,1.1429,2.2802,2.2802,1463.0207,1769859807.8879144,12.29,141,1147,0.154,13,0,0,7.33,15.0,0,1205,1769859804.188,-1.429,meta-llama/Llama-3.2-1B-Instruct,"1769859804.188, 1769859804.190, 1769859804.191, 1769859804.193, 1769859804.345"
1.0,0,1769859803.5539,3.2363,27,32,59,0.048,0.062,0.0665,1.0,0.0,100.0,1.0981,2.2844,2.2844,1465.305,1769859807.8894434,12.28,141,1148,0.154,13,1,0,7.33,15.0,0,1205,1769859804.188,-1.429,meta-llama/Llama-3.2-1B-Instruct,"1769859804.188, 1769859804.190, 1769859804.191, 1769859804.193, 1769859804.345"
1.0,0,1769859803.5553,3.2961,27,32,59,0.0742,0.0742,0.0823,1.0,0.0,100.0,1.1823,2.3703,2.3703,1467.6754,1769859808.0363393,12.27,141,1149,0.155,15,0,0,7.33,15.0,0,1205,1769859804.188,-1.429,meta-llama/Llama-3.2-1B-Instruct,"1769859804.188, 1769859804.190, 1769859804.191, 1769859804.193, 1769859804.345"
1.0,0,1769859803.7799,3.2747,27,32,59,0.0725,0.0628,0.0784,1.0,0.0,100.0,1.1419,2.3472,2.3472,1470.0226,1769859808.199259,12.26,141,1150,0.157,17,0,0,7.33,15.0,0,1205,1769859804.188,-1.429,meta-llama/Llama-3.2-1B-Instruct,"1769859804.188, 1769859804.190, 1769859804.191, 1769859804.193, 1769859804.345"
1.0,0,1769859803.8516,3.3209,27,32,59,0.0717,0.0612,0.0806,1.0,0.0,100.0,1.081,2.3926,2.3926,1474.8109,1769859808.2618773,12.24,141,1152,0.157,18,0,0,7.33,15.0,0,1205,1769859804.188,-1.429,meta-llama/Llama-3.2-1B-Instruct,"1769859804.188, 1769859804.190, 1769859804.191, 1769859804.193, 1769859804.345"
1.0,0,1769859803.7894,3.3209,27,31,58,0.0748,0.0704,0.0857,1.0,0.0,100.0,1.1412,2.3957,2.3957,1474.8109,1769859808.2649813,12.25,141,1152,0.157,17,0,0,7.33,15.0,0,1205,1769859804.188,-1.429,meta-llama/Llama-3.2-1B-Instruct,"1769859804.188, 1769859804.190, 1769859804.191, 1769859804.193, 1769859804.345"
1.0,0,1769859803.8532,3.4562,27,32,59,0.0696,0.0629,0.0935,1.0,0.0,100.0,1.0531,2.5258,2.5258,1477.3367,1769859808.3705442,12.23,141,1153,0.157,18,0,0,7.33,15.0,0,1205,1769859804.188,-1.429,meta-llama/Llama-3.2-1B-Instruct,"1769859804.188, 1769859804.190, 1769859804.191, 1769859804.193, 1769859804.345"
1.0,0,1769859803.8546,3.6167,27,32,59,0.0605,0.0726,0.0809,1.0,0.0,100.0,1.1048,2.6772,2.6772,1480.0139,1769859808.5788498,12.22,141,1154,0.156,16,0,0,7.33,15.0,0,1205,1769859804.188,-1.429,meta-llama/Llama-3.2-1B-Instruct,"1769859804.188, 1769859804.190, 1769859804.191, 1769859804.193, 1769859804.345"
1.0,0,1769859804.0406,3.5148,27,32,59,0.0811,0.0696,0.0841,1.0,0.0,100.0,1.2291,2.5959,2.5959,1482.6098,1769859808.7899482,12.21,141,1155,0.156,16,0,0,7.33,15.0,0,1205,1769859804.188,-1.429,meta-llama/Llama-3.2-1B-Instruct,"1769859804.188, 1769859804.190, 1769859804.191, 1769859804.193, 1769859804.345"
1.0,0,1769859804.0421,3.6133,27,32,59,0.0696,0.0756,0.0858,1.0,0.0,100.0,1.2095,2.6829,2.6829,1485.2927,1769859808.8671508,12.2,141,1156,0.157,16,0,0,7.33,15.0,0,1205,1769859804.188,-1.429,meta-llama/Llama-3.2-1B-Instruct,"1769859804.188, 1769859804.190, 1769859804.191, 1769859804.193, 1769859804.345"
1.0,0,1769859804.0436,3.7649,27,32,59,0.0973,0.0949,0.0962,1.0,0.0,100.0,1.3059,2.8622,2.8622,1491.0226,1769859809.120282,12.19,141,1158,0.156,15,0,0,7.33,15.0,0,1205,1769859804.188,-1.429,meta-llama/Llama-3.2-1B-Instruct,"1769859804.188, 1769859804.190, 1769859804.191, 1769859804.193, 1769859804.345"
1.0,0,1769859804.0451,3.7902,27,32,59,0.0775,0.0665,0.071,1.0,0.0,100.0,1.2847,2.8677,2.8677,1491.0226,1769859809.120939,12.18,141,1158,0.157,15,0,0,7.33,15.0,0,1205,1769859804.188,-1.429,meta-llama/Llama-3.2-1B-Instruct,"1769859804.188, 1769859804.190, 1769859804.191, 1769859804.193, 1769859804.345"
1.0,0,1769859804.1987,3.7004,27,32,59,0.0994,0.0667,0.0679,1.0,0.0,100.0,1.247,2.7998,2.7998,1496.2439,1769859809.1477153,12.17,141,1160,0.156,13,1,0,7.33,15.0,0,1205,1769859804.188,-1.429,meta-llama/Llama-3.2-1B-Instruct,"1769859804.188, 1769859804.190, 1769859804.191, 1769859804.193, 1769859804.345"
1.0,0,1769859804.5788,3.3572,27,32,59,0.0644,0.0643,0.0691,1.0,0.0,100.0,1.2105,2.4215,2.4215,1496.2439,1769859809.147914,12.16,141,1160,0.156,14,1,0,7.33,15.0,0,1205,1769859804.188,-1.429,meta-llama/Llama-3.2-1B-Instruct,"1769859804.188, 1769859804.190, 1769859804.191, 1769859804.193, 1769859804.345"
1.0,0,1769859804.5803,3.4202,27,32,59,0.0802,0.062,0.0693,1.0,0.0,100.0,1.1879,2.5004,2.5004,1498.7442,1769859809.1981583,12.14,141,1161,0.156,15,1,0,7.33,15.0,0,1205,1769859804.188,-1.429,meta-llama/Llama-3.2-1B-Instruct,"1769859804.188, 1769859804.190, 1769859804.191, 1769859804.193, 1769859804.345"
1.0,0,1769859804.5817,3.4837,27,32,59,0.0576,0.0644,0.0667,1.0,0.0,100.0,1.1436,2.5413,2.5413,1501.2855,1769859809.2099497,12.13,141,1162,0.156,15,0,0,7.33,15.0,0,1205,1769859804.188,-1.429,meta-llama/Llama-3.2-1B-Instruct,"1769859804.188, 1769859804.190, 1769859804.191, 1769859804.193, 1769859804.345"
1.0,0,1769859804.7118,3.4551,27,32,59,0.0842,0.0625,0.0645,1.0,0.0,100.0,1.0956,2.5393,2.5393,1503.8249,1769859809.2703335,12.12,141,1163,0.157,17,0,0,7.33,15.0,0,1205,1769859804.188,-1.429,meta-llama/Llama-3.2-1B-Instruct,"1769859804.188, 1769859804.190, 1769859804.191, 1769859804.193, 1769859804.345"
1.0,0,1769859804.7134,3.5203,27,32,59,0.071,0.0629,0.0667,1.0,0.0,100.0,1.0598,2.5913,2.5913,1506.4162,1769859809.2947557,12.11,141,1164,0.157,16,0,0,7.33,15.0,0,1205,1769859804.188,-1.429,meta-llama/Llama-3.2-1B-Instruct,"1769859804.188, 1769859804.190, 1769859804.191, 1769859804.193, 1769859804.345"
1.0,0,1769859804.7149,3.6183,27,32,59,0.0971,0.0635,0.0648,1.0,0.0,100.0,1.0737,2.7154,2.7154,1509.1316,1769859809.4124715,12.1,141,1165,0.157,16,0,0,7.33,15.0,0,1205,1769859804.188,-1.429,meta-llama/Llama-3.2-1B-Instruct,"1769859804.188, 1769859804.190, 1769859804.191, 1769859804.193, 1769859804.345"
1.0,0,1769859804.7163,3.702,27,32,59,0.0734,0.0613,0.0636,1.0,0.0,100.0,1.0181,2.7754,2.7754,1511.907,1769859809.4379625,12.09,141,1166,0.157,15,0,0,7.33,15.0,0,1205,1769859804.188,-1.429,meta-llama/Llama-3.2-1B-Instruct,"1769859804.188, 1769859804.190, 1769859804.191, 1769859804.193, 1769859804.345"
1.0,0,1769859804.8581,3.7003,27,32,59,0.0769,0.0616,0.0652,1.0,0.0,100.0,0.9545,2.7772,2.7772,1517.4674,1769859809.5221937,12.08,141,1168,0.158,17,1,0,7.33,15.0,0,1205,1769859804.188,-1.429,meta-llama/Llama-3.2-1B-Instruct,"1769859804.188, 1769859804.190, 1769859804.191, 1769859804.193, 1769859804.345"
1.0,0,1769859804.7937,3.6852,27,32,59,0.0981,0.0549,0.0727,1.0,0.0,100.0,1.038,2.7832,2.7832,1517.4674,1769859809.52456,12.07,141,1168,0.158,16,0,0,7.33,15.0,0,1205,1769859804.188,-1.429,meta-llama/Llama-3.2-1B-Instruct,"1769859804.188, 1769859804.190, 1769859804.191, 1769859804.193, 1769859804.345"
1.0,0,1769859804.9228,3.6964,27,32,59,0.0804,0.0511,0.0535,1.0,0.0,100.0,0.9528,2.7768,2.7768,1520.2442,1769859809.5741127,12.06,141,1169,0.158,17,0,0,7.33,15.0,0,1205,1769859804.188,-1.429,meta-llama/Llama-3.2-1B-Instruct,"1769859804.188, 1769859804.190, 1769859804.191, 1769859804.193, 1769859804.345"
1.0,0,1769859804.9753,3.7089,27,32,59,0.0675,0.0514,0.0548,1.0,0.0,100.0,0.9229,2.7764,2.7764,1523.0206,1769859809.614691,12.05,141,1170,0.158,18,0,0,7.33,15.0,0,1205,1769859804.188,-1.429,meta-llama/Llama-3.2-1B-Instruct,"1769859804.188, 1769859804.190, 1769859804.191, 1769859804.193, 1769859804.345"
1.0,0,1769859805.074,3.8237,27,32,59,0.0745,0.0502,0.0506,1.0,0.0,100.0,0.8983,2.8982,2.8982,1525.9188,1769859809.803328,12.04,141,1171,0.16,18,0,0,7.33,15.0,0,1205,1769859804.188,-1.429,meta-llama/Llama-3.2-1B-Instruct,"1769859804.188, 1769859804.190, 1769859804.191, 1769859804.193, 1769859804.345"
1.0,0,1769859805.0772,3.9807,27,32,59,0.0505,0.0497,0.0658,1.0,0.0,100.0,0.8812,3.0312,3.0312,1528.9501,1769859809.9417858,12.03,141,1172,0.16,19,0,0,7.33,15.0,0,1205,1769859804.188,-1.429,meta-llama/Llama-3.2-1B-Instruct,"1769859804.188, 1769859804.190, 1769859804.191, 1769859804.193, 1769859804.345"
1.0,0,1769859805.1081,4.2289,27,32,59,0.0665,0.0579,0.0658,1.0,0.0,100.0,0.9515,3.2954,3.2954,1532.2455,1769859810.3070111,12.02,141,1173,0.157,12,0,0,7.33,15.0,0,1205,1769859804.188,-1.429,meta-llama/Llama-3.2-1B-Instruct,"1769859804.188, 1769859804.190, 1769859804.191, 1769859804.193, 1769859804.345"
1.0,0,1769859805.1096,4.3029,27,32,59,0.0637,0.0596,0.1194,1.0,0.0,100.0,1.056,3.3667,3.3667,1535.6121,1769859810.4697802,12.01,141,1174,0.157,12,0,0,7.33,15.0,0,1205,1769859804.188,-1.429,meta-llama/Llama-3.2-1B-Instruct,"1769859804.188, 1769859804.190, 1769859804.191, 1769859804.193, 1769859804.345"
1.0,0,1769859805.111,4.3866,27,32,59,0.0739,0.101,0.1193,1.0,0.0,100.0,1.1592,3.4605,3.4605,1539.0727,1769859810.6581757,12.0,141,1175,0.157,11,0,0,7.33,15.0,0,1266,1769859807.118,-3.528,meta-llama/Llama-3.2-1B-Instruct,"1769859807.118, 1769859807.176, 1769859807.177, 1769859807.321, 1769859807.502"
1.0,0,1769859805.1719,4.3854,27,31,58,0.052,0.0914,0.1268,1.0,0.0,100.0,1.1232,3.4374,3.4374,1542.5101,1769859810.6863577,11.99,141,1176,0.156,10,0,0,7.33,15.0,0,1266,1769859807.118,-3.528,meta-llama/Llama-3.2-1B-Instruct,"1769859807.118, 1769859807.176, 1769859807.177, 1769859807.321, 1769859807.502"
1.0,0,1769859805.1735,4.4493,27,32,59,0.0534,0.0943,0.1276,1.0,0.0,100.0,1.1215,3.5027,3.5027,1546.0128,1769859810.7453067,11.98,141,1177,0.156,10,0,0,7.33,15.0,0,1266,1769859807.118,-3.528,meta-llama/Llama-3.2-1B-Instruct,"1769859807.118, 1769859807.176, 1769859807.177, 1769859807.321, 1769859807.502"
1.0,0,1769859805.3289,4.3832,27,29,56,0.1154,0.096,0.1167,1.0,0.0,100.0,1.1094,3.4986,3.4986,1549.5114,1769859810.827764,11.97,141,1178,0.156,11,0,0,7.33,15.0,0,1266,1769859807.118,-3.528,meta-llama/Llama-3.2-1B-Instruct,"1769859807.118, 1769859807.176, 1769859807.177, 1769859807.321, 1769859807.502"
1.0,0,1769859805.6025,4.1797,27,32,59,0.0463,0.0967,0.131,1.0,0.0,100.0,1.1101,3.226,3.226,1552.7374,1769859810.8932867,11.96,141,1179,0.157,11,0,0,7.33,15.0,0,1266,1769859807.118,-3.528,meta-llama/Llama-3.2-1B-Instruct,"1769859807.118, 1769859807.176, 1769859807.177, 1769859807.321, 1769859807.502"
1.0,0,1769859805.6147,4.2505,27,32,59,0.076,0.1011,0.1183,1.0,0.0,100.0,1.154,3.3265,3.3265,1556.0639,1769859811.0215175,11.95,141,1180,0.157,12,0,0,7.33,15.0,0,1266,1769859807.118,-3.528,meta-llama/Llama-3.2-1B-Instruct,"1769859807.118, 1769859807.176, 1769859807.177, 1769859807.321, 1769859807.502"
1.0,0,1769859805.6816,4.2624,27,32,59,0.077,0.1044,0.1239,1.0,0.0,100.0,1.1027,3.3394,3.3394,1559.4034,1769859811.048686,11.94,141,1181,0.157,12,0,0,7.33,15.0,0,1266,1769859807.118,-3.528,meta-llama/Llama-3.2-1B-Instruct,"1769859807.118, 1769859807.176, 1769859807.177, 1769859807.321, 1769859807.502"
1.0,0,1769859805.7649,4.2393,27,32,59,0.0499,0.0902,0.1307,1.0,0.0,100.0,1.0876,3.2892,3.2892,1562.6926,1769859811.095017,11.93,141,1182,0.157,12,0,0,7.33,15.0,0,1266,1769859807.118,-3.528,meta-llama/Llama-3.2-1B-Instruct,"1769859807.118, 1769859807.176, 1769859807.177, 1769859807.321, 1769859807.502"
1.0,0,1769859805.7666,4.3381,27,32,59,0.0727,0.0982,0.1201,1.0,0.0,100.0,1.2515,3.4108,3.4108,1569.8015,1769859811.361182,11.92,141,1184,0.158,14,0,0,7.33,15.0,0,1266,1769859807.118,-3.528,meta-llama/Llama-3.2-1B-Instruct,"1769859807.118, 1769859807.176, 1769859807.177, 1769859807.321, 1769859807.502"
1.0,0,1769859806.5016,4.6276,27,3,30,0.0705,0.0614,0.0614,1.0,0.0,100.0,0.2317,3.6981,3.6981,1569.8015,1769859811.363408,11.91,141,1184,0.16,16,0,0,7.33,15.0,0,1266,1769859807.118,-3.528,meta-llama/Llama-3.2-1B-Instruct,"1769859807.118, 1769859807.176, 1769859807.177, 1769859807.321, 1769859807.502"
1.0,0,1769859805.8539,4.4067,27,32,59,0.0989,0.0911,0.1069,1.0,0.0,100.0,1.3784,3.5056,3.5056,1580.3759,1769859811.6511195,11.9,141,1187,0.16,15,0,0,7.33,15.0,0,1266,1769859807.118,-3.528,meta-llama/Llama-3.2-1B-Instruct,"1769859807.118, 1769859807.176, 1769859807.177, 1769859807.321, 1769859807.502"
1.0,0,1769859805.7681,4.5024,27,32,59,0.1257,0.0964,0.1066,1.0,0.0,100.0,1.369,3.6281,3.6281,1580.3759,1769859811.6512992,11.89,141,1187,0.159,14,0,0,7.33,15.0,0,1266,1769859807.118,-3.528,meta-llama/Llama-3.2-1B-Instruct,"1769859807.118, 1769859807.176, 1769859807.177, 1769859807.321, 1769859807.502"
1.0,0,1769859805.9661,4.3629,27,32,59,0.0778,0.0942,0.0958,1.0,0.0,100.0,1.3172,3.4407,3.4407,1580.3759,1769859811.6514757,11.88,141,1187,0.159,14,1,0,7.33,15.0,0,1266,1769859807.118,-3.528,meta-llama/Llama-3.2-1B-Instruct,"1769859807.118, 1769859807.176, 1769859807.177, 1769859807.321, 1769859807.502"
1.0,0,1769859805.9681,4.415,27,32,59,0.1057,0.0821,0.105,1.0,0.0,100.0,1.291,3.5207,3.5207,1587.3542,1769859811.6778448,11.87,141,1189,0.16,16,1,0,7.33,15.0,0,1266,1769859807.118,-3.528,meta-llama/Llama-3.2-1B-Instruct,"1769859807.118, 1769859807.176, 1769859807.177, 1769859807.321, 1769859807.502"
1.0,0,1769859806.0405,4.3903,27,32,59,0.0673,0.0666,0.1079,1.0,0.0,100.0,1.2442,3.4577,3.4577,1587.3542,1769859811.6780357,11.86,141,1189,0.16,17,1,0,7.33,15.0,0,1266,1769859807.118,-3.528,meta-llama/Llama-3.2-1B-Instruct,"1769859807.118, 1769859807.176, 1769859807.177, 1769859807.321, 1769859807.502"
1.0,0,1769859806.1154,4.3659,27,32,59,0.0772,0.0661,0.0896,1.0,0.0,100.0,1.216,3.4432,3.4432,1590.7974,1769859811.7063355,11.85,141,1190,0.16,17,1,0,7.33,15.0,0,1266,1769859807.118,-3.528,meta-llama/Llama-3.2-1B-Instruct,"1769859807.118, 1769859807.176, 1769859807.177, 1769859807.321, 1769859807.502"
1.0,0,1769859806.1169,4.4724,27,32,59,0.0639,0.0666,0.0912,1.0,0.0,100.0,1.1418,3.5363,3.5363,1594.3337,1769859811.7324739,11.84,141,1191,0.161,19,0,0,7.33,15.0,0,1266,1769859807.118,-3.528,meta-llama/Llama-3.2-1B-Instruct,"1769859807.118, 1769859807.176, 1769859807.177, 1769859807.321, 1769859807.502"
1.0,0,1769859806.1183,4.7043,27,32,59,0.0598,0.0652,0.1083,1.0,0.0,100.0,1.1308,3.7641,3.7641,1598.0978,1769859811.9679081,11.83,141,1192,0.161,17,0,0,7.33,15.0,0,1266,1769859807.118,-3.528,meta-llama/Llama-3.2-1B-Instruct,"1769859807.118, 1769859807.176, 1769859807.177, 1769859807.321, 1769859807.502"
1.0,0,1769859806.1758,4.7304,27,32,59,0.0665,0.0821,0.106,1.0,0.0,100.0,1.1237,3.7969,3.7969,1601.8947,1769859812.0415077,11.82,141,1193,0.161,16,0,0,7.33,15.0,0,1266,1769859807.118,-3.528,meta-llama/Llama-3.2-1B-Instruct,"1769859807.118, 1769859807.176, 1769859807.177, 1769859807.321, 1769859807.502"
1.0,0,1769859806.1773,4.8207,27,32,59,0.1194,0.0689,0.0986,1.0,0.0,100.0,1.1289,3.94,3.94,1609.6493,1769859812.13354,11.81,141,1195,0.161,17,0,0,7.33,15.0,0,1266,1769859807.118,-3.528,meta-llama/Llama-3.2-1B-Instruct,"1769859807.118, 1769859807.176, 1769859807.177, 1769859807.321, 1769859807.502"
1.0,0,1769859806.3214,4.7526,27,32,59,0.062,0.0807,0.0996,1.0,0.0,100.0,1.0548,3.8146,3.8146,1609.6493,1769859812.1368012,11.8,141,1195,0.16,15,1,0,7.33,15.0,0,1266,1769859807.118,-3.528,meta-llama/Llama-3.2-1B-Instruct,"1769859807.118, 1769859807.176, 1769859807.177, 1769859807.321, 1769859807.502"
1.0,0,1769859806.6536,4.5323,27,32,59,0.0771,0.0657,0.0944,1.0,0.0,100.0,1.0314,3.6094,3.6094,1613.2586,1769859812.2232368,11.79,141,1196,0.161,16,1,0,7.33,15.0,0,1266,1769859807.118,-3.528,meta-llama/Llama-3.2-1B-Instruct,"1769859807.118, 1769859807.176, 1769859807.177, 1769859807.321, 1769859807.502"
1.0,0,1769859806.655,4.618,27,32,59,0.0826,0.0689,0.1111,1.0,0.0,100.0,1.019,3.7007,3.7007,1616.9593,1769859812.310041,11.78,141,1197,0.162,18,0,0,7.33,15.0,0,1266,1769859807.118,-3.528,meta-llama/Llama-3.2-1B-Instruct,"1769859807.118, 1769859807.176, 1769859807.177, 1769859807.321, 1769859807.502"
1.0,0,1769859807.6246,4.7498,27,0,27,,,,1.0,,,0.0661,3.8159,3.8159,1620.7752,1769859812.4411364,11.77,141,1198,0.161,14,0,0,7.33,15.0,0,1266,1769859807.118,-3.528,meta-llama/Llama-3.2-1B-Instruct,"1769859807.118, 1769859807.176, 1769859807.177, 1769859807.321, 1769859807.502"
1.0,0,1769859806.9446,4.6299,27,32,59,0.0728,0.0688,0.0798,1.0,0.0,100.0,0.9033,3.7027,3.7027,1628.1065,1769859812.4832656,11.75,141,1200,0.163,18,1,0,7.33,15.0,0,1266,1769859807.118,-3.528,meta-llama/Llama-3.2-1B-Instruct,"1769859807.118, 1769859807.176, 1769859807.177, 1769859807.321, 1769859807.502"
1.0,0,1769859806.9414,4.519,27,32,59,0.1096,0.0678,0.07,1.0,0.0,100.0,1.0102,3.6286,3.6286,1628.1065,1769859812.4834619,11.76,141,1200,0.162,17,0,0,7.33,15.0,0,1266,1769859807.118,-3.528,meta-llama/Llama-3.2-1B-Instruct,"1769859807.118, 1769859807.176, 1769859807.177, 1769859807.321, 1769859807.502"
1.0,0,1769859806.943,4.5538,27,32,59,0.0738,0.0756,0.0783,1.0,0.0,100.0,0.9869,3.6276,3.6276,1631.7341,1769859812.4960346,11.74,141,1201,0.162,17,0,0,7.33,15.0,0,1266,1769859807.118,-3.528,meta-llama/Llama-3.2-1B-Instruct,"1769859807.118, 1769859807.176, 1769859807.177, 1769859807.321, 1769859807.502"
1.0,0,1769859806.9462,4.8518,27,32,59,0.084,0.0772,0.0789,1.0,0.0,100.0,0.975,3.9358,3.9358,1635.6699,1769859812.782325,11.73,141,1202,0.16,13,0,0,7.33,15.0,0,1266,1769859807.118,-3.528,meta-llama/Llama-3.2-1B-Instruct,"1769859807.118, 1769859807.176, 1769859807.177, 1769859807.321, 1769859807.502"
1.0,0,1769859806.9477,4.9197,27,32,59,0.0922,0.0769,0.0794,1.0,0.0,100.0,0.9864,4.0118,4.0118,1639.6817,1769859812.8564155,11.72,141,1203,0.16,13,1,0,7.33,15.0,0,1266,1769859807.118,-3.528,meta-llama/Llama-3.2-1B-Instruct,"1769859807.118, 1769859807.176, 1769859807.177, 1769859807.321, 1769859807.502"
1.0,0,1769859806.9492,4.9848,27,32,59,0.064,0.0692,0.0803,1.0,0.0,100.0,1.0221,4.0487,4.0487,1643.7304,1769859812.9626873,11.71,141,1204,0.161,14,0,0,7.33,15.0,0,1266,1769859807.118,-3.528,meta-llama/Llama-3.2-1B-Instruct,"1769859807.118, 1769859807.176, 1769859807.177, 1769859807.321, 1769859807.502"
1.0,0,1769859808.6643,4.296,27,0,27,,,,1.0,,,0.0747,3.3707,3.3707,1647.1011,1769859813.039976,11.7,141,1205,0.162,15,0,0,7.33,15.0,0,1266,1769859807.118,-3.528,meta-llama/Llama-3.2-1B-Instruct,"1769859807.118, 1769859807.176, 1769859807.177, 1769859807.321, 1769859807.502"
1.0,0,1769859806.9505,5.0637,27,32,59,0.12,0.0826,0.0874,1.0,0.0,100.0,1.0548,4.1837,4.1837,1651.2848,1769859813.0711896,11.69,141,1206,0.161,15,0,0,7.33,15.0,0,1266,1769859807.118,-3.528,meta-llama/Llama-3.2-1B-Instruct,"1769859807.118, 1769859807.176, 1769859807.177, 1769859807.321, 1769859807.502"
1.0,0,1769859807.2822,4.915,27,26,53,0.0937,0.0623,0.0739,1.0,0.0,100.0,0.9259,4.0087,4.0087,1655.2935,1769859813.1238918,11.68,141,1207,0.161,14,0,0,7.33,15.0,0,1266,1769859807.118,-3.528,meta-llama/Llama-3.2-1B-Instruct,"1769859807.118, 1769859807.176, 1769859807.177, 1769859807.321, 1769859807.502"
1.0,0,1769859807.088,5.0205,27,32,59,0.0639,0.065,0.08,1.0,0.0,100.0,1.0618,4.0844,4.0844,1659.3779,1769859813.1712415,11.67,141,1208,0.161,15,0,0,7.33,15.0,0,1266,1769859807.118,-3.528,meta-llama/Llama-3.2-1B-Instruct,"1769859807.118, 1769859807.176, 1769859807.177, 1769859807.321, 1769859807.502"
1.0,0,1769859807.2836,4.9967,27,32,59,0.0911,0.0587,0.0818,1.0,0.0,100.0,1.114,4.0878,4.0878,1663.4657,1769859813.4015381,11.66,141,1209,0.161,13,1,0,7.33,15.0,0,1266,1769859807.118,-3.528,meta-llama/Llama-3.2-1B-Instruct,"1769859807.118, 1769859807.176, 1769859807.177, 1769859807.321, 1769859807.502"
1.0,0,1769859807.9211,4.5725,27,32,59,0.0867,0.087,0.2187,1.0,0.0,100.0,1.3196,3.6592,3.6592,1667.1249,1769859813.8697531,11.65,141,1210,0.16,12,0,0,7.33,15.0,0,1266,1769859807.118,-3.528,meta-llama/Llama-3.2-1B-Instruct,"1769859807.118, 1769859807.176, 1769859807.177, 1769859807.321, 1769859807.502"
1.0,0,1769859808.4561,4.0766,27,32,59,0.0664,0.0836,0.2169,1.0,0.0,100.0,1.3414,3.1429,3.1429,1670.2678,1769859813.8862307,11.64,141,1211,0.16,11,0,0,7.33,15.0,0,1266,1769859807.118,-3.528,meta-llama/Llama-3.2-1B-Instruct,"1769859807.118, 1769859807.176, 1769859807.177, 1769859807.321, 1769859807.502"
1.0,0,1769859808.6579,4.0513,27,32,59,0.0869,0.0711,0.2076,1.0,0.0,100.0,1.2002,3.1381,3.1381,1676.5466,1769859813.9131572,11.62,141,1213,0.162,13,0,0,7.33,15.0,0,1266,1769859807.118,-3.528,meta-llama/Llama-3.2-1B-Instruct,"1769859807.118, 1769859807.176, 1769859807.177, 1769859807.321, 1769859807.502"
1.0,0,1769859808.6561,4.0372,27,32,59,0.1035,0.0656,0.2414,1.0,0.0,100.0,1.2142,3.1407,3.1407,1676.5466,1769859813.9150891,11.63,141,1213,0.161,13,0,0,7.33,15.0,0,1266,1769859807.118,-3.528,meta-llama/Llama-3.2-1B-Instruct,"1769859807.118, 1769859807.176, 1769859807.177, 1769859807.321, 1769859807.502"
1.0,0,1769859808.6596,4.117,27,32,59,0.0763,0.0675,0.2123,1.0,0.0,100.0,1.1414,3.1933,3.1933,1679.7399,1769859813.9290075,11.61,141,1214,0.162,13,0,0,7.33,15.0,0,1266,1769859807.118,-3.528,meta-llama/Llama-3.2-1B-Instruct,"1769859807.118, 1769859807.176, 1769859807.177, 1769859807.321, 1769859807.502"
1.0,0,1769859808.6613,4.1674,27,32,59,0.0793,0.0671,0.2164,1.0,0.0,100.0,1.116,3.2467,3.2467,1682.9866,1769859813.950255,11.6,141,1215,0.162,14,0,0,7.33,15.0,0,1266,1769859807.118,-3.528,meta-llama/Llama-3.2-1B-Instruct,"1769859807.118, 1769859807.176, 1769859807.177, 1769859807.321, 1769859807.502"
1.0,0,1769859808.6629,4.2298,27,32,59,0.0641,0.0664,0.2443,1.0,0.0,100.0,1.0976,3.2939,3.2939,1686.2805,1769859813.9914722,11.6,141,1216,0.162,14,1,0,7.33,15.0,0,1266,1769859807.118,-3.528,meta-llama/Llama-3.2-1B-Instruct,"1769859807.118, 1769859807.176, 1769859807.177, 1769859807.321, 1769859807.502"
1.0,0,1769859808.8005,4.2346,27,32,59,0.0804,0.0734,0.2557,1.0,0.0,100.0,1.0611,3.315,3.315,1692.897,1769859814.0987046,11.59,141,1218,0.162,15,0,0,7.33,15.0,0,1266,1769859807.118,-3.528,meta-llama/Llama-3.2-1B-Instruct,"1769859807.118, 1769859807.176, 1769859807.177, 1769859807.321, 1769859807.502"
1.0,0,1769859808.8596,4.2472,27,32,59,0.0542,0.0628,0.2365,1.0,0.0,100.0,0.9903,3.3015,3.3015,1692.897,1769859814.0993454,11.58,141,1218,0.162,14,1,0,7.33,15.0,0,1266,1769859807.118,-3.528,meta-llama/Llama-3.2-1B-Instruct,"1769859807.118, 1769859807.176, 1769859807.177, 1769859807.321, 1769859807.502"
1.0,0,1769859808.9433,4.242,27,32,59,0.0967,0.0741,0.2074,1.0,0.0,100.0,0.9889,3.3387,3.3387,1696.2356,1769859814.1793854,11.57,141,1219,0.162,14,0,0,7.33,15.0,0,1266,1769859807.118,-3.528,meta-llama/Llama-3.2-1B-Instruct,"1769859807.118, 1769859807.176, 1769859807.177, 1769859807.321, 1769859807.502"
1.0,0,1769859808.9448,4.3213,27,32,59,0.0839,0.0705,0.225,1.0,0.0,100.0,0.9701,3.4052,3.4052,1699.6408,1769859814.2405512,11.56,141,1220,0.162,14,1,0,7.33,15.0,0,1266,1769859807.118,-3.528,meta-llama/Llama-3.2-1B-Instruct,"1769859807.118, 1769859807.176, 1769859807.177, 1769859807.321, 1769859807.502"
1.0,0,1769859809.0244,4.3145,27,32,59,0.0583,0.0669,0.2122,1.0,0.0,100.0,0.9393,3.3728,3.3728,1703.0136,1769859814.2857769,11.55,141,1221,0.163,15,1,0,7.33,15.0,0,1266,1769859807.118,-3.528,meta-llama/Llama-3.2-1B-Instruct,"1769859807.118, 1769859807.176, 1769859807.177, 1769859807.321, 1769859807.502"
1.0,0,1769859809.0372,4.3798,27,32,59,0.0635,0.0631,0.2132,1.0,0.0,100.0,0.9972,3.4433,3.4433,1706.457,1769859814.4164999,11.54,141,1222,0.163,16,0,0,7.33,15.0,0,1266,1769859807.118,-3.528,meta-llama/Llama-3.2-1B-Instruct,"1769859807.118, 1769859807.176, 1769859807.177, 1769859807.321, 1769859807.502"
1.0,0,1769859809.0997,4.4009,27,32,59,0.0897,0.0584,0.2008,1.0,0.0,100.0,0.9408,3.4905,3.4905,1709.9475,1769859814.4479299,11.53,141,1223,0.164,17,0,0,7.33,15.0,0,1266,1769859807.118,-3.528,meta-llama/Llama-3.2-1B-Instruct,"1769859807.118, 1769859807.176, 1769859807.177, 1769859807.321, 1769859807.502"
1.0,0,1769859809.1012,4.4676,27,32,59,0.2412,0.0594,0.0598,1.0,0.0,100.0,0.9401,3.7087,3.7087,1713.6562,1769859814.5199037,11.52,141,1224,0.164,17,0,0,7.33,15.0,0,1266,1769859807.118,-3.528,meta-llama/Llama-3.2-1B-Instruct,"1769859807.118, 1769859807.176, 1769859807.177, 1769859807.321, 1769859807.502"
1.0,0,1769859809.1147,4.81,27,32,59,0.0637,0.0706,0.0728,1.0,0.0,100.0,0.9588,3.8737,3.8737,1717.5299,1769859814.8887832,11.51,141,1225,0.164,15,0,0,7.33,15.0,0,1266,1769859807.118,-3.528,meta-llama/Llama-3.2-1B-Instruct,"1769859807.118, 1769859807.176, 1769859807.177, 1769859807.321, 1769859807.502"
1.0,0,1769859809.1852,4.9655,27,32,59,0.0777,0.0609,0.0703,1.0,0.0,100.0,1.0379,4.0432,4.0432,1721.5731,1769859815.1894825,11.5,141,1226,0.163,11,0,0,7.33,15.0,0,1266,1769859807.118,-3.528,meta-llama/Llama-3.2-1B-Instruct,"1769859807.118, 1769859807.176, 1769859807.177, 1769859807.321, 1769859807.502"
1.0,0,1769859810.7808,4.3417,27,0,27,,,,1.0,,,0.0826,3.4244,3.4244,1724.9975,1769859815.2057602,11.49,141,1227,0.165,16,0,0,7.33,15.0,0,1266,1769859807.118,-3.528,meta-llama/Llama-3.2-1B-Instruct,"1769859807.118, 1769859807.176, 1769859807.177, 1769859807.321, 1769859807.502"
1.0,0,1769859809.1918,5.0321,27,32,59,0.0551,0.0599,0.0599,1.0,0.0,100.0,1.0694,4.0872,4.0872,1729.0847,1769859815.2950847,11.48,141,1228,0.162,11,0,0,7.33,15.0,0,1266,1769859807.118,-3.528,meta-llama/Llama-3.2-1B-Instruct,"1769859807.118, 1769859807.176, 1769859807.177, 1769859807.321, 1769859807.502"
1.0,0,1769859809.3764,4.9131,27,32,59,0.0739,0.0608,0.0608,1.0,0.0,100.0,1.0459,3.987,3.987,1733.0717,1769859815.3465493,11.47,141,1229,0.162,10,0,0,7.33,15.0,0,1266,1769859807.118,-3.528,meta-llama/Llama-3.2-1B-Instruct,"1769859807.118, 1769859807.176, 1769859807.177, 1769859807.321, 1769859807.502"
1.0,0,1769859809.3782,4.9671,27,32,59,0.0641,0.0635,0.0674,1.0,0.0,100.0,1.0282,4.0312,4.0312,1737.1029,1769859815.3751144,11.46,141,1230,0.162,10,0,0,7.33,15.0,0,1266,1769859807.118,-3.528,meta-llama/Llama-3.2-1B-Instruct,"1769859807.118, 1769859807.176, 1769859807.177, 1769859807.321, 1769859807.502"
1.0,0,1769859809.593,4.8357,27,32,59,0.0798,0.0623,0.0696,1.0,0.0,100.0,1.0626,3.9154,3.9154,1741.0184,1769859815.5112789,11.45,141,1231,0.162,11,0,0,7.33,15.0,0,1266,1769859807.118,-3.528,meta-llama/Llama-3.2-1B-Instruct,"1769859807.118, 1769859807.176, 1769859807.177, 1769859807.321, 1769859807.502"
1.0,0,1769859809.8286,4.675,27,32,59,0.0872,0.0614,0.0626,1.0,0.0,100.0,1.0146,3.7622,3.7622,1744.7806,1769859815.5220273,11.44,141,1232,0.161,10,0,0,7.33,15.0,0,1266,1769859807.118,-3.528,meta-llama/Llama-3.2-1B-Instruct,"1769859807.118, 1769859807.176, 1769859807.177, 1769859807.321, 1769859807.502"
1.0,0,1769859809.83,4.7485,27,32,59,0.0553,0.0587,0.0679,1.0,0.0,100.0,0.9877,3.8038,3.8038,1748.5844,1769859815.56864,11.44,141,1233,0.162,10,1,0,7.33,15.0,0,1266,1769859807.118,-3.528,meta-llama/Llama-3.2-1B-Instruct,"1769859807.118, 1769859807.176, 1769859807.177, 1769859807.321, 1769859807.502"
1.0,0,1769859810.3005,4.3573,27,32,59,0.059,0.0586,0.0694,1.0,0.0,100.0,1.0213,3.4164,3.4164,1752.0007,1769859815.690083,11.43,141,1234,0.163,12,0,0,7.33,15.0,0,1266,1769859807.118,-3.528,meta-llama/Llama-3.2-1B-Instruct,"1769859807.118, 1769859807.176, 1769859807.177, 1769859807.321, 1769859807.502"
1.0,0,1769859810.5529,4.2373,27,32,59,0.0568,0.0532,0.0616,1.0,0.0,100.0,0.9551,3.2941,3.2941,1758.7702,1769859815.746477,11.42,141,1236,0.163,13,0,0,7.33,15.0,0,1266,1769859807.118,-3.528,meta-llama/Llama-3.2-1B-Instruct,"1769859807.118, 1769859807.176, 1769859807.177, 1769859807.321, 1769859807.502"
1.0,0,1769859810.3604,4.3703,27,32,59,0.1051,0.0576,0.0586,1.0,0.0,100.0,1.015,3.4754,3.4754,1758.7702,1769859815.7466826,11.41,141,1236,0.163,13,0,0,7.33,15.0,0,1266,1769859807.118,-3.528,meta-llama/Llama-3.2-1B-Instruct,"1769859807.118, 1769859807.176, 1769859807.177, 1769859807.321, 1769859807.502"
1.0,0,1769859810.5668,4.2803,27,32,59,0.0908,0.0489,0.0639,1.0,0.0,100.0,0.9966,3.3711,3.3711,1762.1413,1769859815.8556647,11.4,141,1237,0.164,15,0,0,7.33,15.0,0,1326,1769859812.409,-3.342,meta-llama/Llama-3.2-1B-Instruct,"1769859812.409, 1769859812.473, 1769859812.694, 1769859812.697, 1769859812.773"
1.0,0,1769859810.6973,4.2457,27,32,59,0.0607,0.0597,0.0641,1.0,0.0,100.0,0.9712,3.3064,3.3064,1765.4477,1769859815.9292746,11.39,141,1238,0.164,14,1,0,7.33,15.0,0,1326,1769859812.409,-3.342,meta-llama/Llama-3.2-1B-Instruct,"1769859812.409, 1769859812.473, 1769859812.694, 1769859812.697, 1769859812.773"
1.0,0,1769859810.8692,4.2802,27,32,59,0.0644,0.0638,0.0742,1.0,0.0,100.0,0.9935,3.3446,3.3446,1768.7923,1769859816.14567,11.38,141,1239,0.166,16,0,0,7.33,15.0,0,1326,1769859812.409,-3.342,meta-llama/Llama-3.2-1B-Instruct,"1769859812.409, 1769859812.473, 1769859812.694, 1769859812.697, 1769859812.773"
1.0,0,1769859810.8707,4.3457,27,32,59,0.0678,0.0548,0.0587,1.0,0.0,100.0,0.9613,3.4135,3.4135,1772.2058,1769859816.1866636,11.37,141,1240,0.166,16,0,0,7.33,15.0,0,1326,1769859812.409,-3.342,meta-llama/Llama-3.2-1B-Instruct,"1769859812.409, 1769859812.473, 1769859812.694, 1769859812.697, 1769859812.773"
1.0,0,1769859810.8721,4.4437,27,32,59,0.0586,0.0591,0.0662,1.0,0.0,100.0,1.0033,3.5023,3.5023,1775.7081,1769859816.3236244,11.36,141,1241,0.166,16,0,0,7.33,15.0,0,1326,1769859812.409,-3.342,meta-llama/Llama-3.2-1B-Instruct,"1769859812.409, 1769859812.473, 1769859812.694, 1769859812.697, 1769859812.773"
1.0,0,1769859811.1057,4.2823,27,32,59,0.0533,0.055,0.0584,1.0,0.0,100.0,0.9561,3.3356,3.3356,1779.0437,1769859816.3446207,11.35,141,1242,0.165,15,0,0,7.33,15.0,0,1326,1769859812.409,-3.342,meta-llama/Llama-3.2-1B-Instruct,"1769859812.409, 1769859812.473, 1769859812.694, 1769859812.697, 1769859812.773"
1.0,0,1769859811.1636,4.3277,27,32,59,0.0729,0.0618,0.0931,1.0,0.0,100.0,1.0504,3.4006,3.4006,1782.4443,1769859816.5559375,11.34,141,1243,0.166,16,0,0,7.33,15.0,0,1326,1769859812.409,-3.342,meta-llama/Llama-3.2-1B-Instruct,"1769859812.409, 1769859812.473, 1769859812.694, 1769859812.697, 1769859812.773"
1.0,0,1769859811.3216,4.2564,27,32,59,0.0602,0.0683,0.1012,1.0,0.0,100.0,1.0177,3.3166,3.3166,1785.7609,1769859816.621134,11.33,141,1244,0.166,14,0,0,7.33,15.0,0,1326,1769859812.409,-3.342,meta-llama/Llama-3.2-1B-Instruct,"1769859812.409, 1769859812.473, 1769859812.694, 1769859812.697, 1769859812.773"
1.0,0,1769859811.323,4.3387,27,32,59,0.0747,0.0748,0.1129,1.0,0.0,100.0,1.0361,3.4134,3.4134,1789.1744,1769859816.7074049,11.33,141,1245,0.165,14,0,0,7.33,15.0,0,1326,1769859812.409,-3.342,meta-llama/Llama-3.2-1B-Instruct,"1769859812.409, 1769859812.473, 1769859812.694, 1769859812.697, 1769859812.773"
1.0,0,1769859811.3244,4.4058,27,32,59,0.061,0.0673,0.0986,1.0,0.0,100.0,1.0328,3.4668,3.4668,1792.6411,1769859816.7681282,11.32,141,1246,0.165,14,1,0,7.33,15.0,0,1326,1769859812.409,-3.342,meta-llama/Llama-3.2-1B-Instruct,"1769859812.409, 1769859812.473, 1769859812.694, 1769859812.697, 1769859812.773"
1.0,0,1769859811.409,4.4111,27,32,59,0.0909,0.0586,0.1006,1.0,0.0,100.0,1.014,3.502,3.502,1796.1431,1769859816.845185,11.31,141,1247,0.165,14,0,0,7.33,15.0,0,1326,1769859812.409,-3.342,meta-llama/Llama-3.2-1B-Instruct,"1769859812.409, 1769859812.473, 1769859812.694, 1769859812.697, 1769859812.773"
1.0,0,1769859811.473,4.4253,27,32,59,0.0838,0.076,0.1051,1.0,0.0,100.0,1.0196,3.509,3.509,1799.6522,1769859816.9216712,11.3,141,1248,0.165,13,0,0,7.33,15.0,0,1326,1769859812.409,-3.342,meta-llama/Llama-3.2-1B-Instruct,"1769859812.409, 1769859812.473, 1769859812.694, 1769859812.697, 1769859812.773"
1.0,0,1769859811.6939,4.2743,27,35,62,0.069,0.0621,0.0909,1.0,0.0,100.0,0.996,3.3433,3.3433,1802.9954,1769859816.9683924,11.29,141,1249,0.165,13,0,0,7.33,15.0,0,1326,1769859812.409,-3.342,meta-llama/Llama-3.2-1B-Instruct,"1769859812.409, 1769859812.473, 1769859812.694, 1769859812.697, 1769859812.773"
1.0,0,1769859811.6975,4.3639,27,32,59,0.0772,0.0623,0.0922,1.0,0.0,100.0,1.0171,3.4411,3.4411,1806.4365,1769859817.082828,11.28,141,1250,0.166,15,0,0,7.33,15.0,0,1326,1769859812.409,-3.342,meta-llama/Llama-3.2-1B-Instruct,"1769859812.409, 1769859812.473, 1769859812.694, 1769859812.697, 1769859812.773"
1.0,0,1769859811.7726,4.3893,27,32,59,0.0628,0.0606,0.1023,1.0,0.0,100.0,1.0317,3.4521,3.4521,1809.8886,1769859817.1952987,11.27,141,1251,0.166,15,0,0,7.33,15.0,0,1326,1769859812.409,-3.342,meta-llama/Llama-3.2-1B-Instruct,"1769859812.409, 1769859812.473, 1769859812.694, 1769859812.697, 1769859812.773"
1.0,0,1769859811.8435,4.3739,27,32,59,0.0662,0.0712,0.1025,1.0,0.0,100.0,1.0155,3.4401,3.4401,1813.3287,1769859817.23894,11.26,141,1252,0.166,14,0,0,7.33,15.0,0,1326,1769859812.409,-3.342,meta-llama/Llama-3.2-1B-Instruct,"1769859812.409, 1769859812.473, 1769859812.694, 1769859812.697, 1769859812.773"
1.0,0,1769859811.8464,4.5701,27,32,59,0.0572,0.0601,0.0663,1.0,0.0,100.0,1.0143,3.6274,3.6274,1820.584,1769859817.4336727,11.25,141,1254,0.167,14,0,0,7.33,15.0,0,1326,1769859812.409,-3.342,meta-llama/Llama-3.2-1B-Instruct,"1769859812.409, 1769859812.473, 1769859812.694, 1769859812.697, 1769859812.773"
1.0,0,1769859811.845,4.5185,27,32,59,0.1094,0.06,0.0656,1.0,0.0,100.0,1.0699,3.6279,3.6279,1824.2323,1769859817.446479,11.24,141,1255,0.167,16,0,0,7.33,15.0,0,1326,1769859812.409,-3.342,meta-llama/Llama-3.2-1B-Instruct,"1769859812.409, 1769859812.473, 1769859812.694, 1769859812.697, 1769859812.773"
1.0,0,1769859811.907,4.5582,27,32,59,0.0901,0.0596,0.0695,1.0,0.0,100.0,0.9809,3.6483,3.6483,1824.2323,1769859817.447211,11.24,141,1255,0.167,15,1,0,7.33,15.0,0,1326,1769859812.409,-3.342,meta-llama/Llama-3.2-1B-Instruct,"1769859812.409, 1769859812.473, 1769859812.694, 1769859812.697, 1769859812.773"
1.0,0,1769859812.0816,4.4443,27,32,59,0.0671,0.0568,0.0633,1.0,0.0,100.0,1.0095,3.5114,3.5114,1827.7437,1769859817.5386286,11.23,141,1256,0.167,16,0,0,7.33,15.0,0,1326,1769859812.409,-3.342,meta-llama/Llama-3.2-1B-Instruct,"1769859812.409, 1769859812.473, 1769859812.694, 1769859812.697, 1769859812.773"
1.0,0,1769859812.3438,4.2897,27,32,59,0.0673,0.0596,0.0717,1.0,0.0,100.0,0.9834,3.357,3.357,1831.1007,1769859817.6183023,11.22,141,1257,0.167,16,0,0,7.33,15.0,0,1326,1769859812.409,-3.342,meta-llama/Llama-3.2-1B-Instruct,"1769859812.409, 1769859812.473, 1769859812.694, 1769859812.697, 1769859812.773"
1.0,0,1769859812.3453,4.3977,27,32,59,0.0707,0.0562,0.0575,1.0,0.0,100.0,0.9799,3.4684,3.4684,1834.5691,1769859817.7322538,11.21,141,1258,0.167,16,0,0,7.33,15.0,0,1326,1769859812.409,-3.342,meta-llama/Llama-3.2-1B-Instruct,"1769859812.409, 1769859812.473, 1769859812.694, 1769859812.697, 1769859812.773"
1.0,0,1769859812.5124,4.6127,27,21,48,0.0632,0.0501,0.0593,1.0,0.0,100.0,0.673,3.6759,3.6759,1838.245,1769859817.7990952,11.2,141,1259,0.168,15,1,0,7.33,15.0,0,1326,1769859812.409,-3.342,meta-llama/Llama-3.2-1B-Instruct,"1769859812.409, 1769859812.473, 1769859812.694, 1769859812.697, 1769859812.773"
1.0,0,1769859812.3467,4.4697,27,32,59,0.084,0.0528,0.0583,1.0,0.0,100.0,1.0133,3.5537,3.5537,1841.7987,1769859817.842631,11.19,141,1260,0.167,16,0,0,7.33,15.0,0,1326,1769859812.409,-3.342,meta-llama/Llama-3.2-1B-Instruct,"1769859812.409, 1769859812.473, 1769859812.694, 1769859812.697, 1769859812.773"
1.0,0,1769859812.3481,4.5451,27,32,59,0.0705,0.0538,0.0593,1.0,0.0,100.0,0.9925,3.6155,3.6155,1845.4142,1769859817.889212,11.18,141,1261,0.168,15,1,0,7.33,15.0,0,1326,1769859812.409,-3.342,meta-llama/Llama-3.2-1B-Instruct,"1769859812.409, 1769859812.473, 1769859812.694, 1769859812.697, 1769859812.773"
1.0,0,1769859812.5094,4.471,27,32,59,0.0506,0.0601,0.0618,1.0,0.0,100.0,0.9754,3.5216,3.5216,1848.9358,1769859817.9605298,11.17,141,1262,0.167,15,0,0,7.33,15.0,0,1326,1769859812.409,-3.342,meta-llama/Llama-3.2-1B-Instruct,"1769859812.409, 1769859812.473, 1769859812.694, 1769859812.697, 1769859812.773"
1.0,0,1769859812.9915,4.3295,27,20,47,0.0606,0.0484,0.0484,1.0,0.0,100.0,0.6554,3.3901,3.3901,1852.3259,1769859817.978848,11.16,141,1263,0.168,16,0,0,7.33,15.0,0,1326,1769859812.409,-3.342,meta-llama/Llama-3.2-1B-Instruct,"1769859812.409, 1769859812.473, 1769859812.694, 1769859812.697, 1769859812.773"
1.0,0,1769859812.5109,4.5509,27,32,59,0.0805,0.0522,0.058,1.0,0.0,100.0,0.9996,3.6313,3.6313,1855.9572,1769859818.0634565,11.16,141,1264,0.168,16,0,0,7.33,15.0,0,1326,1769859812.409,-3.342,meta-llama/Llama-3.2-1B-Instruct,"1769859812.409, 1769859812.473, 1769859812.694, 1769859812.697, 1769859812.773"
1.0,0,1769859812.99,4.2199,27,32,59,0.0653,0.052,0.0579,1.0,0.0,100.0,0.9879,3.2852,3.2852,1859.2425,1769859818.200461,11.15,141,1265,0.168,16,0,0,7.33,15.0,0,1326,1769859812.409,-3.342,meta-llama/Llama-3.2-1B-Instruct,"1769859812.409, 1769859812.473, 1769859812.694, 1769859812.697, 1769859812.773"
1.0,0,1769859812.9929,4.4207,27,32,59,0.0806,0.058,0.0584,1.0,0.0,100.0,1.0379,3.5013,3.5013,1862.7437,1769859818.4553013,11.14,141,1266,0.169,17,0,0,7.33,15.0,0,1326,1769859812.409,-3.342,meta-llama/Llama-3.2-1B-Instruct,"1769859812.409, 1769859812.473, 1769859812.694, 1769859812.697, 1769859812.773"
1.0,0,1769859813.2429,4.3492,27,32,59,0.0582,0.0647,0.0649,1.0,0.0,100.0,1.1263,3.4074,3.4074,1866.1511,1769859818.7303362,11.13,141,1267,0.167,13,0,0,7.33,15.0,0,1326,1769859812.409,-3.342,meta-llama/Llama-3.2-1B-Instruct,"1769859812.409, 1769859812.473, 1769859812.694, 1769859812.697, 1769859812.773"
1.0,0,1769859813.144,4.4184,27,32,59,0.0858,0.0649,0.0656,1.0,0.0,100.0,1.1707,3.5042,3.5042,1869.6553,1769859818.7342062,11.12,141,1268,0.168,14,0,0,7.33,15.0,0,1326,1769859812.409,-3.342,meta-llama/Llama-3.2-1B-Instruct,"1769859812.409, 1769859812.473, 1769859812.694, 1769859812.697, 1769859812.773"
1.0,0,1769859813.2444,4.4221,27,32,59,0.0523,0.0539,0.0698,1.0,0.0,100.0,1.1098,3.4743,3.4743,1873.1297,1769859818.7803504,11.11,141,1269,0.168,15,0,0,7.33,15.0,0,1326,1769859812.409,-3.342,meta-llama/Llama-3.2-1B-Instruct,"1769859812.409, 1769859812.473, 1769859812.694, 1769859812.697, 1769859812.773"
1.0,0,1769859813.5429,4.1962,27,32,59,0.0563,0.068,0.0702,1.0,0.0,100.0,1.1119,3.2525,3.2525,1876.3822,1769859818.8522208,11.1,141,1270,0.168,15,0,0,7.33,15.0,0,1326,1769859812.409,-3.342,meta-llama/Llama-3.2-1B-Instruct,"1769859812.409, 1769859812.473, 1769859812.694, 1769859812.697, 1769859812.773"
1.0,0,1769859813.5444,4.2726,27,32,59,0.0693,0.0619,0.064,1.0,0.0,100.0,1.0982,3.3419,3.3419,1879.7241,1769859818.9220238,11.09,141,1271,0.168,14,0,0,7.33,15.0,0,1326,1769859812.409,-3.342,meta-llama/Llama-3.2-1B-Instruct,"1769859812.409, 1769859812.473, 1769859812.694, 1769859812.697, 1769859812.773"
1.0,0,1769859814.011,3.8783,27,32,59,0.0574,0.0627,0.0665,1.0,0.0,100.0,1.0908,2.9357,2.9357,1882.6598,1769859818.983892,11.08,141,1272,0.168,14,0,0,7.33,15.0,0,1326,1769859812.409,-3.342,meta-llama/Llama-3.2-1B-Instruct,"1769859812.409, 1769859812.473, 1769859812.694, 1769859812.697, 1769859812.773"
1.0,0,1769859814.0125,3.9482,27,32,59,0.0594,0.0638,0.0734,1.0,0.0,100.0,1.0931,3.0076,3.0076,1885.6674,1769859819.0586078,11.08,141,1273,0.168,14,0,0,7.33,15.0,0,1326,1769859812.409,-3.342,meta-llama/Llama-3.2-1B-Instruct,"1769859812.409, 1769859812.473, 1769859812.694, 1769859812.697, 1769859812.773"
1.0,0,1769859814.3222,3.8802,27,26,53,0.0578,0.0646,0.0676,1.0,0.0,100.0,0.9476,2.9381,2.9381,1891.6099,1769859819.1534653,11.07,141,1275,0.168,14,0,0,7.33,15.0,0,1326,1769859812.409,-3.342,meta-llama/Llama-3.2-1B-Instruct,"1769859812.409, 1769859812.473, 1769859812.694, 1769859812.697, 1769859812.773"
1.0,0,1769859814.1164,3.9117,27,32,59,0.0927,0.0608,0.0661,1.0,0.0,100.0,1.1244,3.0044,3.0044,1891.6099,1769859819.1536927,11.06,141,1275,0.168,14,0,0,7.33,15.0,0,1326,1769859812.409,-3.342,meta-llama/Llama-3.2-1B-Instruct,"1769859812.409, 1769859812.473, 1769859812.694, 1769859812.697, 1769859812.773"
1.0,0,1769859814.262,3.8376,27,32,59,0.0991,0.0617,0.0664,1.0,0.0,100.0,1.1353,2.9367,2.9367,1894.5466,1769859819.251266,11.05,141,1276,0.168,13,0,0,7.33,15.0,0,1326,1769859812.409,-3.342,meta-llama/Llama-3.2-1B-Instruct,"1769859812.409, 1769859812.473, 1769859812.694, 1769859812.697, 1769859812.773"
1.0,0,1769859815.0928,3.2597,27,32,59,0.0577,0.055,0.0692,1.0,0.0,100.0,1.065,2.3174,2.3174,1899.3219,1769859819.4377,11.04,141,1278,0.169,15,0,0,7.33,15.0,0,1326,1769859812.409,-3.342,meta-llama/Llama-3.2-1B-Instruct,"1769859812.409, 1769859812.473, 1769859812.694, 1769859812.697, 1769859812.773"
1.0,0,1769859814.9094,3.3778,27,32,59,0.0801,0.058,0.0697,1.0,0.0,100.0,1.1374,2.4579,2.4579,1899.3219,1769859819.437962,11.03,141,1278,0.169,15,0,0,7.33,15.0,0,1326,1769859812.409,-3.342,meta-llama/Llama-3.2-1B-Instruct,"1769859812.409, 1769859812.473, 1769859812.694, 1769859812.697, 1769859812.773"
1.0,0,1769859815.1985,3.2374,27,32,59,0.0783,0.0654,0.0773,1.0,0.0,100.0,1.0598,2.3157,2.3157,1901.6376,1769859819.508116,11.02,141,1279,0.17,16,0,0,7.33,15.0,0,1326,1769859812.409,-3.342,meta-llama/Llama-3.2-1B-Instruct,"1769859812.409, 1769859812.473, 1769859812.694, 1769859812.697, 1769859812.773"
1.0,0,1769859815.2001,3.2923,27,32,59,0.0989,0.0588,0.0604,1.0,0.0,100.0,1.0275,2.3912,2.3912,1904.0288,1769859819.5205855,11.02,141,1280,0.17,16,1,0,7.33,15.0,0,1326,1769859812.409,-3.342,meta-llama/Llama-3.2-1B-Instruct,"1769859812.409, 1769859812.473, 1769859812.694, 1769859812.697, 1769859812.773"
1.0,0,1769859815.2015,3.3944,27,32,59,0.0625,0.0591,0.0591,1.0,0.0,100.0,1.0183,2.457,2.457,1906.4857,1769859819.621339,11.01,141,1281,0.17,17,0,0,7.33,15.0,0,1326,1769859812.409,-3.342,meta-llama/Llama-3.2-1B-Instruct,"1769859812.409, 1769859812.473, 1769859812.694, 1769859812.697, 1769859812.773"
1.0,0,1769859815.203,3.5562,27,32,59,0.0915,0.0592,0.0596,1.0,0.0,100.0,1.0501,2.6477,2.6477,1909.1334,1769859819.8125892,11.0,141,1282,0.171,18,0,0,7.33,15.0,0,1326,1769859812.409,-3.342,meta-llama/Llama-3.2-1B-Instruct,"1769859812.409, 1769859812.473, 1769859812.694, 1769859812.697, 1769859812.773"
1.0,0,1769859815.2048,3.6747,27,32,59,0.0795,0.0637,0.0652,1.0,0.0,100.0,1.031,2.7542,2.7542,1911.8876,1769859819.9222546,10.99,141,1283,0.17,16,0,0,7.33,15.0,0,1326,1769859812.409,-3.342,meta-llama/Llama-3.2-1B-Instruct,"1769859812.409, 1769859812.473, 1769859812.694, 1769859812.697, 1769859812.773"
1.0,0,1769859815.2671,3.6837,27,32,59,0.0817,0.0665,0.0674,1.0,0.0,100.0,1.0001,2.7654,2.7654,1914.653,1769859819.965813,10.98,141,1284,0.17,15,0,0,7.33,15.0,0,1326,1769859812.409,-3.342,meta-llama/Llama-3.2-1B-Instruct,"1769859812.409, 1769859812.473, 1769859812.694, 1769859812.697, 1769859812.773"
1.0,0,1769859815.2686,3.7595,27,32,59,0.0757,0.0663,0.0705,1.0,0.0,100.0,0.9561,2.8353,2.8353,1917.4882,1769859819.9851391,10.97,141,1285,0.17,15,0,0,7.33,15.0,0,1326,1769859812.409,-3.342,meta-llama/Llama-3.2-1B-Instruct,"1769859812.409, 1769859812.473, 1769859812.694, 1769859812.697, 1769859812.773"
1.0,0,1769859815.4273,3.6898,27,32,59,0.0729,0.0616,0.0624,1.0,0.0,100.0,0.9185,2.7627,2.7627,1920.2509,1769859820.0481274,10.96,141,1286,0.171,16,0,0,7.33,15.0,0,1326,1769859812.409,-3.342,meta-llama/Llama-3.2-1B-Instruct,"1769859812.409, 1769859812.473, 1769859812.694, 1769859812.697, 1769859812.773"
1.0,0,1769859815.4288,3.7901,27,32,59,0.0875,0.0666,0.1237,1.0,0.0,100.0,1.0734,2.8776,2.8776,1923.1285,1769859820.2945347,10.96,141,1287,0.17,15,0,0,7.33,15.0,0,1326,1769859812.409,-3.342,meta-llama/Llama-3.2-1B-Instruct,"1769859812.409, 1769859812.473, 1769859812.694, 1769859812.697, 1769859812.773"
1.0,0,1769859815.4302,3.8796,27,32,59,0.0615,0.0705,0.1321,1.0,0.0,100.0,1.0962,2.9411,2.9411,1926.0696,1769859820.4090436,10.95,141,1288,0.17,14,0,0,7.33,15.0,0,1326,1769859812.409,-3.342,meta-llama/Llama-3.2-1B-Instruct,"1769859812.409, 1769859812.473, 1769859812.694, 1769859812.697, 1769859812.773"
1.0,0,1769859815.4316,3.9648,27,32,59,0.0922,0.0715,0.1286,1.0,0.0,100.0,1.2256,3.057,3.057,1929.1266,1769859820.6267855,10.94,141,1289,0.17,15,0,0,7.33,15.0,0,1326,1769859812.409,-3.342,meta-llama/Llama-3.2-1B-Instruct,"1769859812.409, 1769859812.473, 1769859812.694, 1769859812.697, 1769859812.773"
1.0,0,1769859815.433,4.0668,27,32,59,0.0681,0.0737,0.1261,1.0,0.0,100.0,1.2102,3.1349,3.1349,1932.2615,1769859820.7131743,10.93,141,1290,0.17,15,0,0,7.33,15.0,0,1326,1769859812.409,-3.342,meta-llama/Llama-3.2-1B-Instruct,"1769859812.409, 1769859812.473, 1769859812.694, 1769859812.697, 1769859812.773"
1.0,0,1769859815.4344,4.1268,27,32,59,0.0517,0.0751,0.1216,1.0,0.0,100.0,1.1795,3.1784,3.1784,1935.44,1769859820.7436652,10.92,141,1291,0.169,13,0,0,7.33,15.0,0,1326,1769859812.409,-3.342,meta-llama/Llama-3.2-1B-Instruct,"1769859812.409, 1769859812.473, 1769859812.694, 1769859812.697, 1769859812.773"
1.0,0,1769859815.4446,4.1883,27,32,59,0.0812,0.0744,0.1282,1.0,0.0,100.0,1.1908,3.2695,3.2695,1938.7095,1769859820.8265696,10.91,141,1292,0.17,14,0,0,7.33,15.0,0,1372,1769859818.555,-2.249,meta-llama/Llama-3.2-1B-Instruct,"1769859818.555, 1769859818.702, 1769859818.773, 1769859818.998, 1769859819.000"
200.0,1,1769859705.5842,81.9248,2597,1024,3621,0.6203,0.0644,0.0926,200.0,0.0,100.0,33.3378,-84.7374,0.0,1938.7095,1769859820.8622057,10.98,143,1294,0.003,7,0,0,7.19,15.0,0,1372,1769859818.555,-2.249,meta-llama/Llama-3.2-1B-Instruct,"1769859818.555, 1769859818.702, 1769859818.773, 1769859818.998, 1769859819.000"
200.0,1,1769859705.5126,81.9258,2938,1025,3963,0.3998,0.0634,0.0946,200.0,0.0,100.0,33.4114,-84.6628,0.0,1938.7095,1769859820.865135,11.05,143,1294,0.004,8,0,0,7.19,15.0,0,1372,1769859818.555,-2.249,meta-llama/Llama-3.2-1B-Instruct,"1769859818.555, 1769859818.702, 1769859818.773, 1769859818.998, 1769859819.000"
1.0,0,1769859815.7098,4.0185,27,32,59,0.0837,0.0735,0.1327,1.0,0.0,100.0,1.18,3.1022,3.1022,1941.8116,1769859820.9107614,11.04,143,1295,0.17,15,0,0,7.33,15.0,0,1372,1769859818.555,-2.249,meta-llama/Llama-3.2-1B-Instruct,"1769859818.555, 1769859818.702, 1769859818.773, 1769859818.998, 1769859819.000"
1.0,0,1769859816.2629,3.5164,27,32,59,0.0724,0.0747,0.1253,1.0,0.0,100.0,1.177,2.5888,2.5888,1944.4004,1769859820.9579792,11.03,143,1296,0.171,15,0,0,7.33,15.0,0,1372,1769859818.555,-2.249,meta-llama/Llama-3.2-1B-Instruct,"1769859818.555, 1769859818.702, 1769859818.773, 1769859818.998, 1769859819.000"
1.0,0,1769859816.3912,3.6116,27,32,59,0.1028,0.074,0.104,1.0,0.0,100.0,1.2312,2.7143,2.7143,1952.0026,1769859821.243252,11.03,143,1299,0.171,16,0,0,7.33,15.0,0,1372,1769859818.555,-2.249,meta-llama/Llama-3.2-1B-Instruct,"1769859818.555, 1769859818.702, 1769859818.773, 1769859818.998, 1769859819.000"
1.0,0,1769859816.6845,3.3301,27,32,59,0.1262,0.074,0.076,1.0,0.0,100.0,1.2275,2.4563,2.4563,1954.3751,1769859821.2462344,11.01,143,1300,0.171,15,0,0,7.33,15.0,0,1372,1769859818.555,-2.249,meta-llama/Llama-3.2-1B-Instruct,"1769859818.555, 1769859818.702, 1769859818.773, 1769859818.998, 1769859819.000"
1.0,0,1769859816.7827,3.3462,27,32,59,0.0853,0.0692,0.0766,1.0,0.0,100.0,1.1111,2.4316,2.4316,1954.3751,1769859821.2464514,11.02,143,1300,0.171,14,1,0,7.33,15.0,0,1372,1769859818.555,-2.249,meta-llama/Llama-3.2-1B-Instruct,"1769859818.555, 1769859818.702, 1769859818.773, 1769859818.998, 1769859819.000"
1.0,0,1769859816.7812,3.2878,27,32,59,0.0847,0.0769,0.0785,1.0,0.0,100.0,1.177,2.3725,2.3725,1956.843,1769859821.2629457,11.0,143,1301,0.17,12,0,0,7.33,15.0,0,1372,1769859818.555,-2.249,meta-llama/Llama-3.2-1B-Instruct,"1769859818.555, 1769859818.702, 1769859818.773, 1769859818.998, 1769859819.000"
1.0,0,1769859816.7841,3.4115,27,30,57,0.0563,0.0674,0.0706,1.0,0.0,100.0,1.067,2.4679,2.4679,1956.843,1769859821.27082,10.99,143,1301,0.171,15,0,0,7.33,15.0,0,1372,1769859818.555,-2.249,meta-llama/Llama-3.2-1B-Instruct,"1769859818.555, 1769859818.702, 1769859818.773, 1769859818.998, 1769859819.000"
1.0,0,1769859816.7855,3.4846,27,32,59,0.0887,0.0631,0.0692,1.0,0.0,100.0,1.0283,2.5733,2.5733,1959.4162,1769859821.3018894,10.98,143,1302,0.172,17,0,0,7.33,15.0,0,1372,1769859818.555,-2.249,meta-llama/Llama-3.2-1B-Instruct,"1769859818.555, 1769859818.702, 1769859818.773, 1769859818.998, 1769859819.000"
1.0,0,1769859817.261,3.0865,27,32,59,0.0599,0.0539,0.0639,1.0,0.0,100.0,0.9833,2.1464,2.1464,1961.5627,1769859821.3388171,10.97,143,1303,0.172,17,0,0,7.33,15.0,0,1372,1769859818.555,-2.249,meta-llama/Llama-3.2-1B-Instruct,"1769859818.555, 1769859818.702, 1769859818.773, 1769859818.998, 1769859819.000"
1.0,0,1769859817.3637,3.0463,27,32,59,0.0581,0.066,0.0876,1.0,0.0,100.0,1.0115,2.1044,2.1044,1963.6671,1769859821.4226375,10.97,143,1304,0.172,17,0,0,7.33,15.0,0,1372,1769859818.555,-2.249,meta-llama/Llama-3.2-1B-Instruct,"1769859818.555, 1769859818.702, 1769859818.773, 1769859818.998, 1769859819.000"
1.0,0,1769859817.3656,3.1212,27,32,59,0.0894,0.076,0.082,1.0,0.0,100.0,1.0462,2.2106,2.2106,1965.8777,1769859821.535616,10.96,143,1305,0.173,18,0,0,7.33,15.0,0,1372,1769859818.555,-2.249,meta-llama/Llama-3.2-1B-Instruct,"1769859818.555, 1769859818.702, 1769859818.773, 1769859818.998, 1769859819.000"
1.0,0,1769859817.3673,3.1877,27,32,59,0.0647,0.0575,0.0904,1.0,0.0,100.0,1.0132,2.2523,2.2523,1968.1301,1769859821.5792973,10.95,143,1306,0.173,18,0,0,7.33,15.0,0,1372,1769859818.555,-2.249,meta-llama/Llama-3.2-1B-Instruct,"1769859818.555, 1769859818.702, 1769859818.773, 1769859818.998, 1769859819.000"
1.0,0,1769859817.369,3.4435,27,32,59,0.0777,0.0739,0.0905,1.0,0.0,100.0,0.984,2.5211,2.5211,1970.6512,1769859821.7975073,10.94,143,1307,0.173,17,0,0,7.33,15.0,0,1372,1769859818.555,-2.249,meta-llama/Llama-3.2-1B-Instruct,"1769859818.555, 1769859818.702, 1769859818.773, 1769859818.998, 1769859819.000"
1.0,0,1769859817.5552,3.3279,27,32,59,0.0632,0.0738,0.0822,1.0,0.0,100.0,1.0132,2.391,2.391,1973.0422,1769859821.8976674,10.93,143,1308,0.1,14,1,0,7.33,15.0,0,1372,1769859818.555,-2.249,meta-llama/Llama-3.2-1B-Instruct,"1769859818.555, 1769859818.702, 1769859818.773, 1769859818.998, 1769859819.000"
1.0,0,1769859817.7023,3.2398,27,32,59,0.0994,0.0751,0.0891,1.0,0.0,100.0,0.9905,2.3392,2.3392,1975.3814,1769859821.9485624,10.92,143,1309,0.1,14,1,0,7.33,15.0,0,1372,1769859818.555,-2.249,meta-llama/Llama-3.2-1B-Instruct,"1769859818.555, 1769859818.702, 1769859818.773, 1769859818.998, 1769859819.000"
1.0,0,1769859817.7735,3.2905,27,32,59,0.0673,0.0725,0.0855,1.0,0.0,100.0,0.9932,2.3578,2.3578,1977.7393,1769859822.0621026,10.92,143,1310,0.101,15,0,0,7.33,15.0,0,1372,1769859818.555,-2.249,meta-llama/Llama-3.2-1B-Instruct,"1769859818.555, 1769859818.702, 1769859818.773, 1769859818.998, 1769859819.000"
1.0,0,1769859817.9995,3.2861,27,32,59,0.0781,0.0722,0.3712,1.0,0.0,100.0,1.4037,2.3642,2.3642,1982.4678,1769859822.6945674,10.91,143,1312,0.099,10,0,0,7.33,15.0,0,1372,1769859818.555,-2.249,meta-llama/Llama-3.2-1B-Instruct,"1769859818.555, 1769859818.702, 1769859818.773, 1769859818.998, 1769859819.000"
1.0,0,1769859817.9981,3.2604,27,32,59,0.1039,0.068,0.3728,1.0,0.0,100.0,1.4357,2.3643,2.3643,1982.4678,1769859822.6967607,10.9,143,1312,0.102,15,0,0,7.33,15.0,0,1372,1769859818.555,-2.249,meta-llama/Llama-3.2-1B-Instruct,"1769859818.555, 1769859818.702, 1769859818.773, 1769859818.998, 1769859819.000"
1.0,0,1769859818.0737,3.2837,27,32,59,0.0868,0.0692,0.3744,1.0,0.0,100.0,1.3591,2.3705,2.3705,1984.8383,1769859822.723301,10.89,143,1313,0.099,10,1,0,7.33,15.0,0,1372,1769859818.555,-2.249,meta-llama/Llama-3.2-1B-Instruct,"1769859818.555, 1769859818.702, 1769859818.773, 1769859818.998, 1769859819.000"
1.0,0,1769859818.0752,3.3219,27,32,59,0.0701,0.0747,0.3792,1.0,0.0,100.0,1.3273,2.392,2.392,1987.2303,1769859822.7357533,10.88,143,1314,0.099,11,0,0,7.33,15.0,0,1372,1769859818.555,-2.249,meta-llama/Llama-3.2-1B-Instruct,"1769859818.555, 1769859818.702, 1769859818.773, 1769859818.998, 1769859819.000"
1.0,0,1769859818.3256,3.133,27,32,59,0.0719,0.0749,0.3732,1.0,0.0,100.0,1.284,2.2049,2.2049,1989.4351,1769859822.7506444,10.87,143,1315,0.099,12,0,0,7.33,15.0,0,1372,1769859818.555,-2.249,meta-llama/Llama-3.2-1B-Instruct,"1769859818.555, 1769859818.702, 1769859818.773, 1769859818.998, 1769859819.000"
1.0,0,1769859818.4678,3.0815,27,31,58,0.078,0.0703,0.3724,1.0,0.0,100.0,1.2826,2.1595,2.1595,1993.8137,1769859822.8347917,10.86,143,1317,0.099,11,0,0,7.33,15.0,0,1372,1769859818.555,-2.249,meta-llama/Llama-3.2-1B-Instruct,"1769859818.555, 1769859818.702, 1769859818.773, 1769859818.998, 1769859819.000"
1.0,0,1769859818.4695,3.1419,27,32,59,0.0771,0.0662,0.3693,1.0,0.0,100.0,1.2199,2.219,2.219,1993.8137,1769859822.8349679,10.87,143,1317,0.099,11,0,0,7.33,15.0,0,1372,1769859818.555,-2.249,meta-llama/Llama-3.2-1B-Instruct,"1769859818.555, 1769859818.702, 1769859818.773, 1769859818.998, 1769859819.000"
1.0,0,1769859818.725,2.9467,27,31,58,0.0941,0.0642,0.3737,1.0,0.0,100.0,1.193,2.0408,2.0408,1995.8545,1769859822.8691916,10.85,143,1318,0.1,13,0,0,7.33,15.0,0,1372,1769859818.555,-2.249,meta-llama/Llama-3.2-1B-Instruct,"1769859818.555, 1769859818.702, 1769859818.773, 1769859818.998, 1769859819.000"
1.0,0,1769859818.8055,2.9409,27,32,59,0.1026,0.0654,0.373,1.0,0.0,100.0,1.1792,2.0435,2.0435,1997.8979,1769859822.9294405,10.84,143,1319,0.101,14,0,0,7.33,15.0,0,1372,1769859818.555,-2.249,meta-llama/Llama-3.2-1B-Instruct,"1769859818.555, 1769859818.702, 1769859818.773, 1769859818.998, 1769859819.000"
1.0,0,1769859818.9266,2.9039,27,32,59,0.0621,0.0675,0.3755,1.0,0.0,100.0,1.1512,1.9659,1.9659,1999.8639,1769859822.985391,10.83,143,1320,0.1,13,0,0,7.33,15.0,0,1372,1769859818.555,-2.249,meta-llama/Llama-3.2-1B-Instruct,"1769859818.555, 1769859818.702, 1769859818.773, 1769859818.998, 1769859819.000"
1.0,0,1769859818.995,2.9189,27,32,59,0.0757,0.069,0.3725,1.0,0.0,100.0,1.2103,1.9946,1.9946,2001.8585,1769859823.144503,10.83,143,1321,0.101,14,0,0,7.33,15.0,0,1372,1769859818.555,-2.249,meta-llama/Llama-3.2-1B-Instruct,"1769859818.555, 1769859818.702, 1769859818.773, 1769859818.998, 1769859819.000"
1.0,0,1769859819.1727,2.8435,27,32,59,0.0727,0.0716,0.3757,1.0,0.0,100.0,1.1918,1.9162,1.9162,2003.7746,1769859823.216123,10.82,143,1322,0.101,14,0,0,7.33,15.0,0,1372,1769859818.555,-2.249,meta-llama/Llama-3.2-1B-Instruct,"1769859818.555, 1769859818.702, 1769859818.773, 1769859818.998, 1769859819.000"
1.0,0,1769859819.5991,2.7953,27,28,55,0.2104,0.0492,0.0622,1.0,0.0,100.0,0.898,2.0057,2.0057,2005.7803,1769859823.2984912,10.81,143,1323,0.102,15,0,0,7.33,15.0,0,1372,1769859818.555,-2.249,meta-llama/Llama-3.2-1B-Instruct,"1769859818.555, 1769859818.702, 1769859818.773, 1769859818.998, 1769859819.000"
1.0,0,1769859819.2705,2.8348,27,32,59,0.0758,0.0672,0.3747,1.0,0.0,100.0,1.1936,1.9107,1.9107,2007.691,1769859823.2998478,10.8,143,1324,0.101,14,0,0,7.33,15.0,0,1372,1769859818.555,-2.249,meta-llama/Llama-3.2-1B-Instruct,"1769859818.555, 1769859818.702, 1769859818.773, 1769859818.998, 1769859819.000"
1.0,0,1769859820.2397,2.7888,27,9,36,0.0646,0.0523,0.0523,1.0,0.0,100.0,0.2884,1.8534,1.8534,2011.4688,1769859823.3296754,10.79,143,1326,0.1,12,0,0,7.33,15.0,0,1372,1769859818.555,-2.249,meta-llama/Llama-3.2-1B-Instruct,"1769859818.555, 1769859818.702, 1769859818.773, 1769859818.998, 1769859819.000"
1.0,0,1769859819.3485,2.8349,27,32,59,0.42,0.0503,0.0604,1.0,0.0,100.0,1.1499,2.2549,2.2549,2017.8057,1769859823.3360698,10.77,143,1329,0.102,15,0,0,7.33,15.0,0,1372,1769859818.555,-2.249,meta-llama/Llama-3.2-1B-Instruct,"1769859818.555, 1769859818.702, 1769859818.773, 1769859818.998, 1769859819.000"
1.0,0,1769859819.6796,2.7199,27,32,59,0.2045,0.0551,0.0593,1.0,0.0,100.0,0.9291,1.9244,1.9244,2017.8057,1769859823.3380902,10.78,143,1329,0.102,15,0,0,7.33,15.0,0,1372,1769859818.555,-2.249,meta-llama/Llama-3.2-1B-Instruct,"1769859818.555, 1769859818.702, 1769859818.773, 1769859818.998, 1769859819.000"
1.0,0,1769859819.5342,2.7062,27,32,59,0.3675,0.0535,0.0709,1.0,0.0,100.0,1.092,2.0737,2.0737,2017.8057,1769859823.3384442,10.78,143,1329,0.102,15,0,0,7.33,15.0,0,1372,1769859818.555,-2.249,meta-llama/Llama-3.2-1B-Instruct,"1769859818.555, 1769859818.702, 1769859818.773, 1769859818.998, 1769859819.000"
1.0,0,1769859819.5977,2.6908,27,32,59,0.3174,0.0546,0.0646,1.0,0.0,100.0,1.046,2.0082,2.0082,2017.8057,1769859823.3386571,10.76,143,1329,0.102,15,0,0,7.33,15.0,0,1372,1769859818.555,-2.249,meta-llama/Llama-3.2-1B-Instruct,"1769859818.555, 1769859818.702, 1769859818.773, 1769859818.998, 1769859819.000"
1.0,0,1769859819.7563,3.1323,27,32,59,0.086,0.0644,0.1395,1.0,0.0,100.0,1.0213,2.2184,2.2184,2020.024,1769859823.91362,10.75,143,1330,0.101,12,0,0,7.33,15.0,0,1372,1769859818.555,-2.249,meta-llama/Llama-3.2-1B-Instruct,"1769859818.555, 1769859818.702, 1769859818.773, 1769859818.998, 1769859819.000"
1.0,0,1769859819.9099,3.0551,27,32,59,0.0797,0.0691,0.1407,1.0,0.0,100.0,1.0078,2.1348,2.1348,2022.1588,1769859823.9747968,10.74,143,1331,0.1,11,1,0,7.33,15.0,0,1372,1769859818.555,-2.249,meta-llama/Llama-3.2-1B-Instruct,"1769859818.555, 1769859818.702, 1769859818.773, 1769859818.998, 1769859819.000"
200.0,1,1769859705.6201,85.0903,4467,1025,5492,0.5593,0.0648,0.0998,200.0,0.0,100.0,33.3467,-81.563,0.0,2022.1588,1769859824.079308,10.81,145,1333,0.059,11,0,0,7.19,15.0,0,1372,1769859818.555,-2.249,meta-llama/Llama-3.2-1B-Instruct,"1769859818.555, 1769859818.702, 1769859818.773, 1769859818.998, 1769859819.000"
200.0,1,1769859705.6537,85.1182,3648,1019,4667,0.92,0.0657,0.0971,200.0,0.0,100.0,33.2951,-81.5867,0.0,2022.1588,1769859824.084512,10.88,145,1333,0.059,9,0,0,7.33,15.0,0,1372,1769859818.555,-2.249,meta-llama/Llama-3.2-1B-Instruct,"1769859818.555, 1769859818.702, 1769859818.773, 1769859818.998, 1769859819.000"
1.0,0,1769859820.2413,2.8976,27,32,59,0.0687,0.0642,0.1376,1.0,0.0,100.0,1.0741,1.9663,1.9663,2024.1252,1769859824.2136724,10.87,145,1334,0.102,13,0,0,7.33,15.0,0,1372,1769859818.555,-2.249,meta-llama/Llama-3.2-1B-Instruct,"1769859818.555, 1769859818.702, 1769859818.773, 1769859818.998, 1769859819.000"
1.0,0,1769859820.2428,2.9895,27,32,59,0.0608,0.0659,0.1397,1.0,0.0,100.0,1.0416,2.0504,2.0504,2026.1755,1769859824.297751,10.86,145,1335,0.101,12,0,0,7.33,15.0,0,1372,1769859818.555,-2.249,meta-llama/Llama-3.2-1B-Instruct,"1769859818.555, 1769859818.702, 1769859818.773, 1769859818.998, 1769859819.000"
1.0,0,1769859820.3194,2.9929,27,32,59,0.0573,0.0612,0.1299,1.0,0.0,100.0,0.9977,2.0503,2.0503,2028.2258,1769859824.3130887,10.85,145,1336,0.1,11,0,0,7.33,15.0,0,1372,1769859818.555,-2.249,meta-llama/Llama-3.2-1B-Instruct,"1769859818.555, 1769859818.702, 1769859818.773, 1769859818.998, 1769859819.000"
1.0,0,1769859820.321,3.0629,27,32,59,0.0629,0.0642,0.1415,1.0,0.0,100.0,0.986,2.1258,2.1258,2030.3516,1769859824.3719451,10.85,145,1337,0.098,7,0,0,7.33,15.0,0,1372,1769859818.555,-2.249,meta-llama/Llama-3.2-1B-Instruct,"1769859818.555, 1769859818.702, 1769859818.773, 1769859818.998, 1769859819.000"
1.0,0,1769859820.3225,3.1321,27,32,59,0.0774,0.0644,0.1345,1.0,0.0,100.0,0.9992,2.2094,2.2094,2032.561,1769859824.4653752,10.84,145,1338,0.098,7,0,0,7.33,15.0,0,1372,1769859818.555,-2.249,meta-llama/Llama-3.2-1B-Instruct,"1769859818.555, 1769859818.702, 1769859818.773, 1769859818.998, 1769859819.000"
1.0,0,1769859820.5304,3.1843,27,32,59,0.066,0.0644,0.0656,1.0,0.0,100.0,1.0504,2.2504,2.2504,2037.0622,1769859824.7733343,10.83,145,1340,0.1,9,0,0,7.33,15.0,0,1372,1769859818.555,-2.249,meta-llama/Llama-3.2-1B-Instruct,"1769859818.555, 1769859818.702, 1769859818.773, 1769859818.998, 1769859819.000"
1.0,0,1769859820.7816,3.0438,27,32,59,0.0754,0.0566,0.0614,1.0,0.0,100.0,0.9482,2.1192,2.1192,2043.6757,1769859824.7768672,10.81,145,1343,0.101,12,0,0,7.33,15.0,0,1372,1769859818.555,-2.249,meta-llama/Llama-3.2-1B-Instruct,"1769859818.555, 1769859818.702, 1769859818.773, 1769859818.998, 1769859819.000"
1.0,0,1769859820.4552,3.1859,27,32,59,0.1031,0.0591,0.1036,1.0,0.0,100.0,1.1337,2.289,2.289,2043.6757,1769859824.7816284,10.8,145,1343,0.099,9,0,0,7.33,15.0,0,1372,1769859818.555,-2.249,meta-llama/Llama-3.2-1B-Instruct,"1769859818.555, 1769859818.702, 1769859818.773, 1769859818.998, 1769859819.000"
1.0,0,1769859820.6971,3.0754,27,32,59,0.1298,0.0593,0.0605,1.0,0.0,100.0,1.0041,2.2052,2.2052,2043.6757,1769859824.786191,10.8,145,1343,0.1,11,1,0,7.33,15.0,0,1372,1769859818.555,-2.249,meta-llama/Llama-3.2-1B-Instruct,"1769859818.555, 1769859818.702, 1769859818.773, 1769859818.998, 1769859819.000"
1.0,0,1769859820.5289,3.1173,27,32,59,0.1336,0.0631,0.0689,1.0,0.0,100.0,1.1234,2.2509,2.2509,2043.6757,1769859824.787054,10.82,145,1343,0.1,9,0,0,7.33,15.0,0,1372,1769859818.555,-2.249,meta-llama/Llama-3.2-1B-Instruct,"1769859818.555, 1769859818.702, 1769859818.773, 1769859818.998, 1769859819.000"
1.0,0,1769859820.8525,3.039,27,32,59,0.0827,0.0631,0.0642,1.0,0.0,100.0,0.9041,2.1216,2.1216,2045.7973,1769859824.8003714,10.79,145,1344,0.101,13,1,0,7.33,15.0,0,1372,1769859818.555,-2.249,meta-llama/Llama-3.2-1B-Instruct,"1769859818.555, 1769859818.702, 1769859818.773, 1769859818.998, 1769859819.000"
1.0,0,1769859820.9179,3.0391,27,32,59,0.056,0.0574,0.0592,1.0,0.0,100.0,0.8597,2.0952,2.0952,2047.8925,1769859824.818277,10.78,145,1345,0.101,13,1,0,7.33,15.0,0,1372,1769859818.555,-2.249,meta-llama/Llama-3.2-1B-Instruct,"1769859818.555, 1769859818.702, 1769859818.773, 1769859818.998, 1769859819.000"
1.0,0,1769859820.9194,3.1138,27,32,59,0.0924,0.0655,0.0743,1.0,0.0,100.0,0.8339,2.2063,2.2063,2050.0988,1769859824.8809435,10.77,145,1346,0.102,14,0,0,7.33,15.0,0,1372,1769859818.555,-2.249,meta-llama/Llama-3.2-1B-Instruct,"1769859818.555, 1769859818.702, 1769859818.773, 1769859818.998, 1769859819.000"
1.0,0,1769859820.9209,3.1896,27,32,59,0.0558,0.0536,0.0683,1.0,0.0,100.0,0.7859,2.2454,2.2454,2052.3442,1769859824.9001615,10.76,145,1347,0.006,12,0,0,7.33,15.0,0,1372,1769859818.555,-2.249,meta-llama/Llama-3.2-1B-Instruct,"1769859818.555, 1769859818.702, 1769859818.773, 1769859818.998, 1769859819.000"
1.0,0,1769859820.9223,3.2629,27,32,59,0.0565,0.0604,0.0609,1.0,0.0,100.0,0.7724,2.3194,2.3194,2054.6636,1769859824.9633691,10.76,145,1348,0.007,14,0,0,7.33,15.0,0,1372,1769859818.555,-2.249,meta-llama/Llama-3.2-1B-Instruct,"1769859818.555, 1769859818.702, 1769859818.773, 1769859818.998, 1769859819.000"
1.0,0,1769859821.0134,3.2793,27,32,59,0.0746,0.0633,0.0752,1.0,0.0,100.0,0.8265,2.3539,2.3539,2057.0175,1769859825.1199803,10.75,145,1349,0.007,14,0,0,7.33,15.0,0,1372,1769859818.555,-2.249,meta-llama/Llama-3.2-1B-Instruct,"1769859818.555, 1769859818.702, 1769859818.773, 1769859818.998, 1769859819.000"
1.0,0,1769859821.0149,3.3475,27,32,59,0.0569,0.064,0.0656,1.0,0.0,100.0,0.8026,2.4043,2.4043,2059.4218,1769859825.1677349,10.74,145,1350,0.006,12,1,0,7.33,15.0,0,1372,1769859818.555,-2.249,meta-llama/Llama-3.2-1B-Instruct,"1769859818.555, 1769859818.702, 1769859818.773, 1769859818.998, 1769859819.000"
1.0,0,1769859821.0163,3.4221,27,31,58,0.0837,0.0604,0.0626,1.0,0.0,100.0,0.8235,2.5058,2.5058,2061.9276,1769859825.2628982,10.73,145,1351,0.006,13,0,0,7.33,15.0,0,1372,1769859818.555,-2.249,meta-llama/Llama-3.2-1B-Instruct,"1769859818.555, 1769859818.702, 1769859818.773, 1769859818.998, 1769859819.000"
1.0,0,1769859821.0178,3.4959,27,32,59,0.0635,0.059,0.0603,1.0,0.0,100.0,0.7973,2.5594,2.5594,2064.487,1769859825.3198555,10.72,145,1352,0.006,12,0,0,7.33,15.0,0,1372,1769859818.555,-2.249,meta-llama/Llama-3.2-1B-Instruct,"1769859818.555, 1769859818.702, 1769859818.773, 1769859818.998, 1769859819.000"
1.0,0,1769859821.0244,3.5928,27,32,59,0.0845,0.0667,0.0748,1.0,0.0,100.0,0.8777,2.6773,2.6773,2067.1643,1769859825.4975486,10.72,145,1353,0.007,14,0,0,7.33,15.0,0,1372,1769859818.555,-2.249,meta-llama/Llama-3.2-1B-Instruct,"1769859818.555, 1769859818.702, 1769859818.773, 1769859818.998, 1769859819.000"
1.0,0,1769859821.1043,3.586,27,32,59,0.084,0.0661,0.0728,1.0,0.0,100.0,0.826,2.67,2.67,2069.8343,1769859825.518313,10.71,145,1354,0.008,14,0,0,7.33,15.0,0,1372,1769859818.555,-2.249,meta-llama/Llama-3.2-1B-Instruct,"1769859818.555, 1769859818.702, 1769859818.773, 1769859818.998, 1769859819.000"
1.0,0,1769859821.106,3.762,27,32,59,0.0837,0.0635,0.0686,1.0,0.0,100.0,0.9475,2.8457,2.8457,2078.2051,1769859825.8259237,10.7,145,1357,0.008,15,0,0,7.33,15.0,0,1372,1769859818.555,-2.249,meta-llama/Llama-3.2-1B-Instruct,"1769859818.555, 1769859818.702, 1769859818.773, 1769859818.998, 1769859819.000"
1.0,0,1769859821.1077,3.7671,27,32,59,0.0736,0.0602,0.0768,1.0,0.0,100.0,0.9433,2.8407,2.8407,2078.2051,1769859825.8278408,10.69,145,1357,0.005,9,0,0,7.33,15.0,0,1372,1769859818.555,-2.249,meta-llama/Llama-3.2-1B-Instruct,"1769859818.555, 1769859818.702, 1769859818.773, 1769859818.998, 1769859819.000"
1.0,0,1769859821.9739,3.5927,27,6,33,0.0917,0.0565,0.0565,1.0,0.0,100.0,0.258,2.6845,2.6845,2078.2051,1769859825.8279936,10.69,145,1357,0.005,10,1,0,7.33,15.0,0,1372,1769859818.555,-2.249,meta-llama/Llama-3.2-1B-Instruct,"1769859818.555, 1769859818.702, 1769859818.773, 1769859818.998, 1769859819.000"
1.0,0,1769859821.2276,3.713,27,32,59,0.0728,0.0575,0.0696,1.0,0.0,100.0,0.9606,2.7858,2.7858,2083.6315,1769859825.9155126,10.68,145,1359,0.004,7,0,0,7.33,15.0,0,1447,1769859823.159,-2.701,meta-llama/Llama-3.2-1B-Instruct,"1769859823.159, 1769859823.213, 1769859823.474, 1769859823.476, 1769859823.523"
1.0,0,1769859821.4348,3.5714,27,32,59,0.0692,0.0649,0.0668,1.0,0.0,100.0,0.9016,2.6406,2.6406,2083.6315,1769859825.9161594,10.67,145,1359,0.004,9,0,0,7.33,15.0,0,1447,1769859823.159,-2.701,meta-llama/Llama-3.2-1B-Instruct,"1769859823.159, 1769859823.213, 1769859823.474, 1769859823.476, 1769859823.523"
1.0,0,1769859821.4966,3.5929,27,32,59,0.0751,0.0681,0.0724,1.0,0.0,100.0,0.9525,2.668,2.668,2086.2995,1769859826.0447018,10.66,145,1360,0.004,9,1,0,7.33,15.0,0,1447,1769859823.159,-2.701,meta-llama/Llama-3.2-1B-Instruct,"1769859823.159, 1769859823.213, 1769859823.474, 1769859823.476, 1769859823.523"
1.0,0,1769859821.498,3.6698,27,32,59,0.0669,0.0586,0.0729,1.0,0.0,100.0,0.933,2.7367,2.7367,2091.8532,1769859826.1209848,10.65,145,1362,0.004,9,0,0,7.33,15.0,0,1447,1769859823.159,-2.701,meta-llama/Llama-3.2-1B-Instruct,"1769859823.159, 1769859823.213, 1769859823.474, 1769859823.476, 1769859823.523"
1.0,0,1769859821.4994,3.7361,27,32,59,0.0809,0.0637,0.0648,1.0,0.0,100.0,0.8752,2.817,2.817,2091.8532,1769859826.1366029,10.65,145,1362,0.005,9,1,0,7.33,15.0,0,1447,1769859823.159,-2.701,meta-llama/Llama-3.2-1B-Instruct,"1769859823.159, 1769859823.213, 1769859823.474, 1769859823.476, 1769859823.523"
1.0,0,1769859821.5008,3.7976,27,32,59,0.0881,0.0576,0.0645,1.0,0.0,100.0,0.842,2.8856,2.8856,2094.7388,1769859826.1451592,10.64,145,1363,0.004,9,0,0,7.33,15.0,0,1447,1769859823.159,-2.701,meta-llama/Llama-3.2-1B-Instruct,"1769859823.159, 1769859823.213, 1769859823.474, 1769859823.476, 1769859823.523"
1.0,0,1769859822.4744,3.6364,27,0,27,,,,1.0,,,0.083,2.7194,2.7194,2097.4582,1769859826.1949246,10.63,145,1364,0.005,10,0,0,7.33,15.0,0,1447,1769859823.159,-2.701,meta-llama/Llama-3.2-1B-Instruct,"1769859823.159, 1769859823.213, 1769859823.474, 1769859823.476, 1769859823.523"
1.0,0,1769859821.6478,3.7169,27,32,59,0.0737,0.0574,0.059,1.0,0.0,100.0,0.8799,2.7907,2.7907,2100.2489,1769859826.250418,10.62,145,1365,0.004,9,1,0,7.33,15.0,0,1447,1769859823.159,-2.701,meta-llama/Llama-3.2-1B-Instruct,"1769859823.159, 1769859823.213, 1769859823.474, 1769859823.476, 1769859823.523"
1.0,0,1769859821.8084,3.6158,27,32,59,0.0765,0.0564,0.0643,1.0,0.0,100.0,0.8923,2.6923,2.6923,2102.9412,1769859826.3175862,10.61,145,1366,0.005,10,0,0,7.33,15.0,0,1447,1769859823.159,-2.701,meta-llama/Llama-3.2-1B-Instruct,"1769859823.159, 1769859823.213, 1769859823.474, 1769859823.476, 1769859823.523"
1.0,0,1769859821.9725,3.5251,27,32,59,0.0651,0.0594,0.0651,1.0,0.0,100.0,0.8639,2.5903,2.5903,2105.5315,1769859826.3759532,10.61,145,1367,0.005,11,0,0,7.33,15.0,0,1447,1769859823.159,-2.701,meta-llama/Llama-3.2-1B-Instruct,"1769859823.159, 1769859823.213, 1769859823.474, 1769859823.476, 1769859823.523"
1.0,0,1769859822.0788,3.5596,27,32,59,0.0749,0.0561,0.0576,1.0,0.0,100.0,0.8775,2.6346,2.6346,2108.1661,1769859826.5189385,10.6,145,1368,0.005,11,1,0,7.33,15.0,0,1447,1769859823.159,-2.701,meta-llama/Llama-3.2-1B-Instruct,"1769859823.159, 1769859823.213, 1769859823.474, 1769859823.476, 1769859823.523"
1.0,0,1769859822.155,3.5494,27,32,59,0.0598,0.0593,0.0654,1.0,0.0,100.0,0.883,2.6092,2.6092,2110.7753,1769859826.5986767,10.59,145,1369,0.006,12,1,0,7.33,15.0,0,1447,1769859823.159,-2.701,meta-llama/Llama-3.2-1B-Instruct,"1769859823.159, 1769859823.213, 1769859823.474, 1769859823.476, 1769859823.523"
1.0,0,1769859822.1565,3.6373,27,32,59,0.0693,0.0586,0.0611,1.0,0.0,100.0,0.8725,2.7066,2.7066,2113.4819,1769859826.6704547,10.58,145,1370,0.007,14,0,0,7.33,15.0,0,1447,1769859823.159,-2.701,meta-llama/Llama-3.2-1B-Instruct,"1769859823.159, 1769859823.213, 1769859823.474, 1769859823.476, 1769859823.523"
1.0,0,1769859822.158,3.7299,27,32,59,0.0832,0.0558,0.0605,1.0,0.0,100.0,0.936,2.8131,2.8131,2119.1617,1769859826.8264208,10.58,145,1372,0.005,11,0,0,7.33,15.0,0,1447,1769859823.159,-2.701,meta-llama/Llama-3.2-1B-Instruct,"1769859823.159, 1769859823.213, 1769859823.474, 1769859823.476, 1769859823.523"
1.0,0,1769859822.1594,3.7956,27,32,59,0.0711,0.0608,0.0622,1.0,0.0,100.0,0.8705,2.8667,2.8667,2119.1617,1769859826.82662,10.57,145,1372,0.005,11,0,0,7.33,15.0,0,1447,1769859823.159,-2.701,meta-llama/Llama-3.2-1B-Instruct,"1769859823.159, 1769859823.213, 1769859823.474, 1769859823.476, 1769859823.523"
1.0,0,1769859822.2127,3.8939,27,32,59,0.0889,0.0605,0.0669,1.0,0.0,100.0,0.953,2.9829,2.9829,2122.1446,1769859827.0765321,10.56,145,1373,0.006,11,0,0,7.33,15.0,0,1447,1769859823.159,-2.701,meta-llama/Llama-3.2-1B-Instruct,"1769859823.159, 1769859823.213, 1769859823.474, 1769859823.476, 1769859823.523"
1.0,0,1769859822.476,3.7043,27,32,59,0.065,0.0598,0.0598,1.0,0.0,100.0,0.9006,2.7693,2.7693,2124.9139,1769859827.0817444,10.55,145,1374,0.004,8,0,0,7.33,15.0,0,1447,1769859823.159,-2.701,meta-llama/Llama-3.2-1B-Instruct,"1769859823.159, 1769859823.213, 1769859823.474, 1769859823.476, 1769859823.523"
1.0,0,1769859822.5228,3.7167,27,32,59,0.0652,0.0576,0.0635,1.0,0.0,100.0,0.9042,2.7819,2.7819,2127.6958,1769859827.1446133,10.55,145,1375,0.005,9,0,0,7.33,15.0,0,1447,1769859823.159,-2.701,meta-llama/Llama-3.2-1B-Instruct,"1769859823.159, 1769859823.213, 1769859823.474, 1769859823.476, 1769859823.523"
1.0,0,1769859822.5243,3.7725,27,32,59,0.0626,0.0591,0.0616,1.0,0.0,100.0,0.9078,2.835,2.835,2130.5308,1769859827.2082205,10.54,145,1376,0.004,9,0,0,7.33,15.0,0,1447,1769859823.159,-2.701,meta-llama/Llama-3.2-1B-Instruct,"1769859823.159, 1769859823.213, 1769859823.474, 1769859823.476, 1769859823.523"
1.0,0,1769859822.5257,3.8397,27,32,59,0.0645,0.0541,0.0621,1.0,0.0,100.0,0.9151,2.9042,2.9042,2133.435,1769859827.2948456,10.53,145,1377,0.004,9,1,0,7.33,15.0,0,1447,1769859823.159,-2.701,meta-llama/Llama-3.2-1B-Instruct,"1769859823.159, 1769859823.213, 1769859823.474, 1769859823.476, 1769859823.523"
1.0,0,1769859822.5272,3.9085,27,32,59,0.0735,0.0656,0.0682,1.0,0.0,100.0,0.8642,2.982,2.982,2136.417,1769859827.3018525,10.52,145,1378,0.004,9,0,0,7.33,15.0,0,1447,1769859823.159,-2.701,meta-llama/Llama-3.2-1B-Instruct,"1769859823.159, 1769859823.213, 1769859823.474, 1769859823.476, 1769859823.523"
1.0,0,1769859822.5286,3.9668,27,32,59,0.0601,0.0554,0.0608,1.0,0.0,100.0,0.8363,3.0269,3.0269,2139.4439,1769859827.3365023,10.51,145,1379,0.005,11,0,0,7.33,15.0,0,1447,1769859823.159,-2.701,meta-llama/Llama-3.2-1B-Instruct,"1769859823.159, 1769859823.213, 1769859823.474, 1769859823.476, 1769859823.523"
1.0,0,1769859822.53,4.0513,27,30,57,0.0507,0.0509,0.0728,1.0,0.0,100.0,0.8051,3.102,3.102,2142.5459,1769859827.3891203,10.51,145,1380,0.005,11,0,0,7.33,15.0,0,1447,1769859823.159,-2.701,meta-llama/Llama-3.2-1B-Instruct,"1769859823.159, 1769859823.213, 1769859823.474, 1769859823.476, 1769859823.523"
1.0,0,1769859822.5314,4.1245,27,32,59,0.0537,0.0649,0.0763,1.0,0.0,100.0,0.8918,3.1782,3.1782,2145.7242,1769859827.5482297,10.5,145,1381,0.005,11,0,0,7.33,15.0,0,1447,1769859823.159,-2.701,meta-llama/Llama-3.2-1B-Instruct,"1769859823.159, 1769859823.213, 1769859823.474, 1769859823.476, 1769859823.523"
1.0,0,1769859822.8526,3.8795,27,32,59,0.0715,0.0555,0.0712,1.0,0.0,100.0,0.9377,2.951,2.951,2148.6752,1769859827.672285,10.49,145,1382,0.005,11,0,0,7.33,15.0,0,1447,1769859823.159,-2.701,meta-llama/Llama-3.2-1B-Instruct,"1769859823.159, 1769859823.213, 1769859823.474, 1769859823.476, 1769859823.523"
1.0,0,1769859823.6819,3.504,27,16,43,0.0636,0.0609,0.0609,1.0,0.0,100.0,0.5457,2.5676,2.5676,2151.2428,1769859827.7356234,10.48,145,1383,0.006,11,0,0,7.33,15.0,0,1447,1769859823.159,-2.701,meta-llama/Llama-3.2-1B-Instruct,"1769859823.159, 1769859823.213, 1769859823.474, 1769859823.476, 1769859823.523"
1.0,0,1769859822.855,3.9382,27,32,59,0.0828,0.0612,0.0675,1.0,0.0,100.0,0.9553,3.021,3.021,2154.2638,1769859827.7505646,10.48,145,1384,0.005,11,0,0,7.33,15.0,0,1447,1769859823.159,-2.701,meta-llama/Llama-3.2-1B-Instruct,"1769859823.159, 1769859823.213, 1769859823.474, 1769859823.476, 1769859823.523"
1.0,0,1769859823.7984,3.7843,27,5,32,0.0664,0.0441,0.0441,1.0,0.0,100.0,0.2042,2.8507,2.8507,2157.1145,1769859827.7926793,10.47,145,1385,0.005,11,1,0,7.33,15.0,0,1447,1769859823.159,-2.701,meta-llama/Llama-3.2-1B-Instruct,"1769859823.159, 1769859823.213, 1769859823.474, 1769859823.476, 1769859823.523"
1.0,0,1769859822.9426,3.937,27,32,59,0.0881,0.0604,0.0619,1.0,0.0,100.0,0.9383,3.0251,3.0251,2160.1396,1769859827.8395898,10.46,145,1386,0.005,10,1,0,7.33,15.0,0,1447,1769859823.159,-2.701,meta-llama/Llama-3.2-1B-Instruct,"1769859823.159, 1769859823.213, 1769859823.474, 1769859823.476, 1769859823.523"
1.0,0,1769859823.3603,3.592,27,32,59,0.0639,0.055,0.0685,1.0,0.0,100.0,0.9479,2.6559,2.6559,2162.7955,1769859827.9123096,10.45,145,1387,0.006,12,0,0,7.33,15.0,0,1447,1769859823.159,-2.701,meta-llama/Llama-3.2-1B-Instruct,"1769859823.159, 1769859823.213, 1769859823.474, 1769859823.476, 1769859823.523"
1.0,0,1769859823.5792,3.4599,27,32,59,0.0933,0.0665,0.0684,1.0,0.0,100.0,0.9579,2.5532,2.5532,2165.3487,1769859827.9997594,10.45,145,1388,0.007,13,0,0,7.33,15.0,0,1447,1769859823.159,-2.701,meta-llama/Llama-3.2-1B-Instruct,"1769859823.159, 1769859823.213, 1769859823.474, 1769859823.476, 1769859823.523"
1.0,0,1769859823.6802,3.4396,27,32,59,0.0799,0.0553,0.0581,1.0,0.0,100.0,0.9061,2.5194,2.5194,2167.8681,1769859828.0279045,10.44,145,1389,0.006,11,1,0,7.33,15.0,0,1447,1769859823.159,-2.701,meta-llama/Llama-3.2-1B-Instruct,"1769859823.159, 1769859823.213, 1769859823.474, 1769859823.476, 1769859823.523"
1.0,0,1769859823.685,3.6773,27,25,52,0.0612,0.0563,0.0637,1.0,0.0,100.0,0.7793,2.7385,2.7385,2170.6066,1769859828.1518805,10.43,145,1390,0.005,9,0,0,7.33,15.0,0,1447,1769859823.159,-2.701,meta-llama/Llama-3.2-1B-Instruct,"1769859823.159, 1769859823.213, 1769859823.474, 1769859823.476, 1769859823.523"
1.0,0,1769859823.6835,3.6432,27,32,59,0.0988,0.0547,0.0594,1.0,0.0,100.0,0.9622,2.7419,2.7419,2173.3486,1769859828.2910223,10.42,145,1391,0.005,11,0,0,7.33,15.0,0,1447,1769859823.159,-2.701,meta-llama/Llama-3.2-1B-Instruct,"1769859823.159, 1769859823.213, 1769859823.474, 1769859823.476, 1769859823.523"
1.0,0,1769859823.7454,3.681,27,32,59,0.0721,0.0552,0.0635,1.0,0.0,100.0,0.9375,2.7531,2.7531,2176.1017,1769859828.3686388,10.42,145,1392,0.005,10,0,0,7.33,15.0,0,1447,1769859823.159,-2.701,meta-llama/Llama-3.2-1B-Instruct,"1769859823.159, 1769859823.213, 1769859823.474, 1769859823.476, 1769859823.523"
1.0,0,1769859823.7469,3.7378,27,32,59,0.062,0.0534,0.0573,1.0,0.0,100.0,0.9058,2.7998,2.7998,2178.9015,1769859828.3929927,10.41,145,1393,0.005,10,1,0,7.33,15.0,0,1447,1769859823.159,-2.701,meta-llama/Llama-3.2-1B-Instruct,"1769859823.159, 1769859823.213, 1769859823.474, 1769859823.476, 1769859823.523"
1.0,0,1769859823.7969,3.7289,27,32,59,0.0835,0.0567,0.0596,1.0,0.0,100.0,0.9059,2.8124,2.8124,2181.7139,1769859828.4326806,10.4,145,1394,0.005,11,0,0,7.33,15.0,0,1447,1769859823.159,-2.701,meta-llama/Llama-3.2-1B-Instruct,"1769859823.159, 1769859823.213, 1769859823.474, 1769859823.476, 1769859823.523"
1.0,0,1769859823.9361,3.714,27,32,59,0.0579,0.0666,0.0671,1.0,0.0,100.0,0.829,2.7719,2.7719,2184.4858,1769859828.486744,10.39,145,1395,0.006,12,0,0,7.33,15.0,0,1447,1769859823.159,-2.701,meta-llama/Llama-3.2-1B-Instruct,"1769859823.159, 1769859823.213, 1769859823.474, 1769859823.476, 1769859823.523"
1.0,0,1769859824.0875,3.6331,27,32,59,0.0681,0.0509,0.0605,1.0,0.0,100.0,0.7955,2.7012,2.7012,2187.187,1769859828.5226595,10.39,145,1396,0.006,13,0,0,7.33,15.0,0,1447,1769859823.159,-2.701,meta-llama/Llama-3.2-1B-Instruct,"1769859823.159, 1769859823.213, 1769859823.474, 1769859823.476, 1769859823.523"
1.0,0,1769859824.0891,3.7362,27,32,59,0.0637,0.0569,0.0583,1.0,0.0,100.0,0.7403,2.7999,2.7999,2189.9869,1769859828.570348,10.38,145,1397,0.005,11,0,0,7.33,15.0,0,1447,1769859823.159,-2.701,meta-llama/Llama-3.2-1B-Instruct,"1769859823.159, 1769859823.213, 1769859823.474, 1769859823.476, 1769859823.523"
1.0,0,1769859824.6664,3.2269,27,33,60,0.0644,0.0536,0.0604,1.0,0.0,100.0,0.7197,2.2913,2.2913,2192.2782,1769859828.6168528,10.37,145,1398,0.005,10,0,0,7.33,15.0,0,1447,1769859823.159,-2.701,meta-llama/Llama-3.2-1B-Instruct,"1769859823.159, 1769859823.213, 1769859823.474, 1769859823.476, 1769859823.523"
1.0,0,1769859824.6679,3.3385,27,32,59,0.0691,0.0671,0.0868,1.0,0.0,100.0,0.8162,2.4077,2.4077,2194.6858,1769859828.8277154,10.36,145,1399,0.005,11,0,0,7.33,15.0,0,1447,1769859823.159,-2.701,meta-llama/Llama-3.2-1B-Instruct,"1769859823.159, 1769859823.213, 1769859823.474, 1769859823.476, 1769859823.523"
1.0,0,1769859824.7266,3.3378,27,32,59,0.0757,0.0604,0.0862,1.0,0.0,100.0,0.8233,2.4135,2.4135,2197.0994,1769859828.8941796,10.36,145,1400,0.004,9,0,0,7.33,15.0,0,1447,1769859823.159,-2.701,meta-llama/Llama-3.2-1B-Instruct,"1769859823.159, 1769859823.213, 1769859823.474, 1769859823.476, 1769859823.523"
1.0,0,1769859824.7282,3.4186,27,32,59,0.0706,0.0531,0.0837,1.0,0.0,100.0,0.8059,2.4892,2.4892,2199.5886,1769859828.956669,10.35,145,1401,0.005,10,0,0,7.33,15.0,0,1447,1769859823.159,-2.701,meta-llama/Llama-3.2-1B-Instruct,"1769859823.159, 1769859823.213, 1769859823.474, 1769859823.476, 1769859823.523"
1.0,0,1769859824.8172,3.4014,27,32,59,0.0661,0.0494,0.0939,1.0,0.0,100.0,0.8192,2.4675,2.4675,2202.056,1769859829.038567,10.34,145,1402,0.005,11,0,0,7.33,15.0,0,1447,1769859823.159,-2.701,meta-llama/Llama-3.2-1B-Instruct,"1769859823.159, 1769859823.213, 1769859823.474, 1769859823.476, 1769859823.523"
1.0,0,1769859824.8246,3.483,27,32,59,0.0537,0.0504,0.0839,1.0,0.0,100.0,0.8193,2.5367,2.5367,2204.5928,1769859829.1396725,10.33,145,1403,0.006,11,0,0,7.33,15.0,0,1447,1769859823.159,-2.701,meta-llama/Llama-3.2-1B-Instruct,"1769859823.159, 1769859823.213, 1769859823.474, 1769859823.476, 1769859823.523"
1.0,0,1769859824.9147,3.4609,27,32,59,0.0508,0.0508,0.0967,1.0,0.0,100.0,0.8184,2.5118,2.5118,2207.1045,1769859829.200752,10.33,145,1404,0.005,11,0,0,7.33,15.0,0,1447,1769859823.159,-2.701,meta-llama/Llama-3.2-1B-Instruct,"1769859823.159, 1769859823.213, 1769859823.474, 1769859823.476, 1769859823.523"
1.0,0,1769859824.9845,3.6169,27,30,57,0.0878,0.0509,0.054,1.0,0.0,100.0,0.9333,2.7047,2.7047,2212.5128,1769859829.5445669,10.31,145,1406,0.005,9,0,0,7.33,15.0,0,1447,1769859823.159,-2.701,meta-llama/Llama-3.2-1B-Instruct,"1769859823.159, 1769859823.213, 1769859823.474, 1769859823.476, 1769859823.523"
1.0,0,1769859824.9831,3.6138,27,32,59,0.0898,0.0498,0.0594,1.0,0.0,100.0,0.9287,2.7036,2.7036,2212.5128,1769859829.5541272,10.32,145,1406,0.005,10,0,0,7.33,15.0,0,1447,1769859823.159,-2.701,meta-llama/Llama-3.2-1B-Instruct,"1769859823.159, 1769859823.213, 1769859823.474, 1769859823.476, 1769859823.523"
1.0,0,1769859825.0431,3.5886,27,32,59,0.0566,0.0569,0.0594,1.0,0.0,100.0,0.9236,2.6452,2.6452,2217.8561,1769859829.5632057,10.31,145,1408,0.003,6,0,0,7.33,15.0,0,1447,1769859823.159,-2.701,meta-llama/Llama-3.2-1B-Instruct,"1769859823.159, 1769859823.213, 1769859823.474, 1769859823.476, 1769859823.523"
1.0,0,1769859825.0445,3.635,27,32,59,0.063,0.0587,0.0631,1.0,0.0,100.0,0.878,2.6981,2.6981,2217.8561,1769859829.566225,10.3,145,1408,0.003,7,2,0,7.33,15.0,0,1447,1769859823.159,-2.701,meta-llama/Llama-3.2-1B-Instruct,"1769859823.159, 1769859823.213, 1769859823.474, 1769859823.476, 1769859823.523"
1.0,0,1769859825.0459,3.6915,27,32,59,0.0807,0.0473,0.0704,1.0,0.0,100.0,0.8308,2.7723,2.7723,2220.6284,1769859829.569233,10.29,145,1409,0.004,9,0,0,7.33,15.0,0,1447,1769859823.159,-2.701,meta-llama/Llama-3.2-1B-Instruct,"1769859823.159, 1769859823.213, 1769859823.474, 1769859823.476, 1769859823.523"
1.0,0,1769859825.2761,3.5287,27,32,59,0.0607,0.0541,0.063,1.0,0.0,100.0,0.8308,2.5893,2.5893,2223.2177,1769859829.6364646,10.28,145,1410,0.005,10,1,0,7.33,15.0,0,1447,1769859823.159,-2.701,meta-llama/Llama-3.2-1B-Instruct,"1769859823.159, 1769859823.213, 1769859823.474, 1769859823.476, 1769859823.523"
1.0,0,1769859825.5319,3.3583,27,32,59,0.0656,0.0546,0.0563,1.0,0.0,100.0,0.833,2.4239,2.4239,2225.6416,1769859829.7291105,10.28,145,1411,0.005,11,0,0,7.33,15.0,0,1447,1769859823.159,-2.701,meta-llama/Llama-3.2-1B-Instruct,"1769859823.159, 1769859823.213, 1769859823.474, 1769859823.476, 1769859823.523"
1.0,0,1769859825.5335,3.4354,27,32,59,0.0684,0.0579,0.0678,1.0,0.0,100.0,0.7902,2.5038,2.5038,2228.1454,1769859829.7608182,10.27,145,1412,0.005,10,0,0,7.33,15.0,0,1447,1769859823.159,-2.701,meta-llama/Llama-3.2-1B-Instruct,"1769859823.159, 1769859823.213, 1769859823.474, 1769859823.476, 1769859823.523"
1.0,0,1769859825.535,3.5197,27,32,59,0.069,0.048,0.0559,1.0,0.0,100.0,0.7494,2.5886,2.5886,2230.7341,1769859829.805067,10.26,145,1413,0.005,10,0,0,7.33,15.0,0,1447,1769859823.159,-2.701,meta-llama/Llama-3.2-1B-Instruct,"1769859823.159, 1769859823.213, 1769859823.474, 1769859823.476, 1769859823.523"
1.0,0,1769859825.5364,3.5764,27,32,59,0.0808,0.0453,0.0532,1.0,0.0,100.0,0.7149,2.6572,2.6572,2233.3912,1769859829.8288126,10.25,145,1414,0.004,10,0,0,7.33,15.0,0,1447,1769859823.159,-2.701,meta-llama/Llama-3.2-1B-Instruct,"1769859823.159, 1769859823.213, 1769859823.474, 1769859823.476, 1769859823.523"
1.0,0,1769859825.6157,3.5642,27,32,59,0.0557,0.0431,0.0455,1.0,0.0,100.0,0.6777,2.6199,2.6199,2236.0111,1769859829.8700893,10.25,145,1415,0.005,10,1,0,7.33,15.0,0,1447,1769859823.159,-2.701,meta-llama/Llama-3.2-1B-Instruct,"1769859823.159, 1769859823.213, 1769859823.474, 1769859823.476, 1769859823.523"
1.0,0,1769859825.7485,3.508,27,32,59,0.0616,0.0465,0.0898,1.0,0.0,100.0,0.7468,2.5696,2.5696,2238.5808,1769859830.0051637,10.24,145,1416,0.005,11,0,0,7.33,15.0,0,1447,1769859823.159,-2.701,meta-llama/Llama-3.2-1B-Instruct,"1769859823.159, 1769859823.213, 1769859823.474, 1769859823.476, 1769859823.523"
1.0,0,1769859825.9932,3.3445,27,32,59,0.068,0.0566,0.0918,1.0,0.0,100.0,0.7903,2.4125,2.4125,2240.9932,1769859830.1296766,10.23,145,1417,0.006,12,0,0,7.33,15.0,0,1447,1769859823.159,-2.701,meta-llama/Llama-3.2-1B-Instruct,"1769859823.159, 1769859823.213, 1769859823.474, 1769859823.476, 1769859823.523"
1.0,0,1769859826.0567,3.367,27,32,59,0.0616,0.0565,0.088,1.0,0.0,100.0,0.79,2.4286,2.4286,2243.4219,1769859830.2147589,10.23,145,1418,0.007,13,0,0,7.33,15.0,0,1447,1769859823.159,-2.701,meta-llama/Llama-3.2-1B-Instruct,"1769859823.159, 1769859823.213, 1769859823.474, 1769859823.476, 1769859823.523"
1.0,0,1769859826.1564,3.384,27,32,59,0.0733,0.0693,0.0956,1.0,0.0,100.0,0.8746,2.4573,2.4573,2245.8791,1769859830.4224036,10.22,145,1419,0.007,14,0,0,7.33,15.0,0,1447,1769859823.159,-2.701,meta-llama/Llama-3.2-1B-Instruct,"1769859823.159, 1769859823.213, 1769859823.474, 1769859823.476, 1769859823.523"
1.0,0,1769859826.2107,3.4048,27,32,59,0.0576,0.0574,0.092,1.0,0.0,100.0,0.81,2.4624,2.4624,2248.3415,1769859830.4336343,10.21,145,1420,0.005,10,0,0,7.33,15.0,0,1447,1769859823.159,-2.701,meta-llama/Llama-3.2-1B-Instruct,"1769859823.159, 1769859823.213, 1769859823.474, 1769859823.476, 1769859823.523"
1.0,0,1769859826.542,3.7034,27,12,39,0.0874,0.0608,0.0608,1.0,0.0,100.0,0.3844,2.7908,2.7908,2251.1323,1769859830.6340082,10.2,145,1421,0.004,9,0,0,7.33,15.0,0,1447,1769859823.159,-2.701,meta-llama/Llama-3.2-1B-Instruct,"1769859823.159, 1769859823.213, 1769859823.474, 1769859823.476, 1769859823.523"
1.0,0,1769859826.4026,3.4452,27,32,59,0.1042,0.0548,0.0649,1.0,0.0,100.0,1.0176,2.5494,2.5494,2261.5944,1769859830.8718674,10.2,145,1425,0.003,6,0,0,7.33,15.0,0,1447,1769859823.159,-2.701,meta-llama/Llama-3.2-1B-Instruct,"1769859823.159, 1769859823.213, 1769859823.474, 1769859823.476, 1769859823.523"
1.0,0,1769859826.4011,3.4566,27,32,59,0.1314,0.0583,0.0589,1.0,0.0,100.0,1.0127,2.588,2.588,2261.5944,1769859830.8742852,10.18,145,1425,0.004,8,0,0,7.33,15.0,0,1447,1769859823.159,-2.701,meta-llama/Llama-3.2-1B-Instruct,"1769859823.159, 1769859823.213, 1769859823.474, 1769859823.476, 1769859823.523"
1.0,0,1769859826.2123,3.6305,27,32,59,0.1081,0.0616,0.0627,1.0,0.0,100.0,1.0257,2.7386,2.7386,2261.5944,1769859830.8745933,10.19,145,1425,0.005,10,0,0,7.33,15.0,0,1447,1769859823.159,-2.701,meta-llama/Llama-3.2-1B-Instruct,"1769859823.159, 1769859823.213, 1769859823.474, 1769859823.476, 1769859823.523"
1.0,0,1769859826.404,3.5169,27,32,59,0.0691,0.0563,0.0688,1.0,0.0,100.0,0.9507,2.586,2.586,2261.5944,1769859830.8761973,10.18,145,1425,0.003,7,1,0,7.33,15.0,0,1447,1769859823.159,-2.701,meta-llama/Llama-3.2-1B-Instruct,"1769859823.159, 1769859823.213, 1769859823.474, 1769859823.476, 1769859823.523"
1.0,0,1769859826.4054,3.5783,27,32,59,0.0683,0.0554,0.0605,1.0,0.0,100.0,0.925,2.6465,2.6465,2264.2409,1769859830.917362,10.17,145,1426,0.004,8,1,0,7.33,15.0,0,1524,1769859828.341,-2.575,meta-llama/Llama-3.2-1B-Instruct,"1769859828.341, 1769859828.343, 1769859828.344, 1769859828.397, 1769859828.399"
1.0,0,1769859826.4067,3.6344,27,32,59,0.0683,0.0577,0.0604,1.0,0.0,100.0,0.898,2.7028,2.7028,2266.9437,1769859830.954237,10.16,145,1427,0.003,8,0,0,7.33,15.0,0,1524,1769859828.341,-2.575,meta-llama/Llama-3.2-1B-Instruct,"1769859828.341, 1769859828.343, 1769859828.344, 1769859828.397, 1769859828.399"
1.0,0,1769859826.4715,3.6413,27,32,59,0.0686,0.056,0.0618,1.0,0.0,100.0,0.8549,2.7099,2.7099,2269.6536,1769859830.9712422,10.15,145,1428,0.004,9,1,0,7.33,15.0,0,1524,1769859828.341,-2.575,meta-llama/Llama-3.2-1B-Instruct,"1769859828.341, 1769859828.343, 1769859828.344, 1769859828.397, 1769859828.399"
1.0,0,1769859826.5405,3.6307,27,32,59,0.0838,0.057,0.059,1.0,0.0,100.0,0.8418,2.7145,2.7145,2272.3681,1769859831.017278,10.15,145,1429,0.004,9,0,0,7.33,15.0,0,1524,1769859828.341,-2.575,meta-llama/Llama-3.2-1B-Instruct,"1769859828.341, 1769859828.343, 1769859828.344, 1769859828.397, 1769859828.399"
1.0,0,1769859826.6206,3.7123,27,32,59,0.0748,0.0529,0.0534,1.0,0.0,100.0,0.7492,2.7871,2.7871,2275.1552,1769859831.0867054,10.14,145,1430,0.005,11,0,0,7.33,15.0,0,1524,1769859828.341,-2.575,meta-llama/Llama-3.2-1B-Instruct,"1769859828.341, 1769859828.343, 1769859828.344, 1769859828.397, 1769859828.399"
1.0,0,1769859826.6938,3.6963,27,32,59,0.0918,0.052,0.0551,1.0,0.0,100.0,0.8479,2.7882,2.7882,2277.9434,1769859831.2422242,10.13,145,1431,0.005,11,0,0,7.33,15.0,0,1524,1769859828.341,-2.575,meta-llama/Llama-3.2-1B-Instruct,"1769859828.341, 1769859828.343, 1769859828.344, 1769859828.397, 1769859828.399"
1.0,0,1769859826.8433,3.6252,27,32,59,0.0736,0.0571,0.0628,1.0,0.0,100.0,0.838,2.6988,2.6988,2280.6422,1769859831.3100193,10.13,145,1432,0.004,10,1,0,7.33,15.0,0,1524,1769859828.341,-2.575,meta-llama/Llama-3.2-1B-Instruct,"1769859828.341, 1769859828.343, 1769859828.344, 1769859828.397, 1769859828.399"
1.0,0,1769859826.8447,3.6885,27,32,59,0.0749,0.0528,0.0606,1.0,0.0,100.0,0.8301,2.7634,2.7634,2283.4055,1769859831.380896,10.12,145,1433,0.005,11,0,0,7.33,15.0,0,1524,1769859828.341,-2.575,meta-llama/Llama-3.2-1B-Instruct,"1769859828.341, 1769859828.343, 1769859828.344, 1769859828.397, 1769859828.399"
1.0,0,1769859826.846,3.7622,27,32,59,0.0714,0.0528,0.0623,1.0,0.0,100.0,0.8482,2.8336,2.8336,2288.9892,1769859831.4660378,10.11,145,1435,0.006,12,0,0,7.33,15.0,0,1524,1769859828.341,-2.575,meta-llama/Llama-3.2-1B-Instruct,"1769859828.341, 1769859828.343, 1769859828.344, 1769859828.397, 1769859828.399"
1.0,0,1769859826.9918,3.6906,27,32,59,0.0595,0.0583,0.0594,1.0,0.0,100.0,0.7814,2.7501,2.7501,2288.9892,1769859831.471412,10.1,145,1435,0.006,13,0,0,7.33,15.0,0,1524,1769859828.341,-2.575,meta-llama/Llama-3.2-1B-Instruct,"1769859828.341, 1769859828.343, 1769859828.344, 1769859828.397, 1769859828.399"
1.0,0,1769859826.9932,3.7761,27,31,58,0.0712,0.0589,0.0594,1.0,0.0,100.0,0.8565,2.8472,2.8472,2291.8364,1769859831.6278934,10.1,145,1436,0.007,14,0,0,7.33,15.0,0,1524,1769859828.341,-2.575,meta-llama/Llama-3.2-1B-Instruct,"1769859828.341, 1769859828.343, 1769859828.344, 1769859828.397, 1769859828.399"
1.0,0,1769859826.9946,3.8489,27,32,59,0.066,0.0605,0.0622,1.0,0.0,100.0,0.849,2.9149,2.9149,2294.7514,1769859831.702771,10.09,145,1437,0.008,15,0,0,7.33,15.0,0,1524,1769859828.341,-2.575,meta-llama/Llama-3.2-1B-Instruct,"1769859828.341, 1769859828.343, 1769859828.344, 1769859828.397, 1769859828.399"
1.0,0,1769859827.3428,3.7656,27,23,50,0.0582,0.0607,0.0611,1.0,0.0,100.0,0.669,2.8238,2.8238,2297.5751,1769859831.7789385,10.08,145,1438,0.004,7,0,0,7.33,15.0,0,1524,1769859828.341,-2.575,meta-llama/Llama-3.2-1B-Instruct,"1769859828.341, 1769859828.343, 1769859828.344, 1769859828.397, 1769859828.399"
1.0,0,1769859828.1873,3.636,27,0,27,,,,1.0,,,0.0695,2.7054,2.7054,2300.2806,1769859831.8991635,10.08,145,1439,0.005,10,0,0,7.33,15.0,0,1524,1769859828.341,-2.575,meta-llama/Llama-3.2-1B-Instruct,"1769859828.341, 1769859828.343, 1769859828.344, 1769859828.397, 1769859828.399"
1.0,0,1769859827.1634,3.8962,27,32,59,0.0958,0.0583,0.064,1.0,0.0,100.0,0.9321,2.992,2.992,2306.0871,1769859832.0017555,10.07,145,1441,0.005,11,0,0,7.33,15.0,0,1524,1769859828.341,-2.575,meta-llama/Llama-3.2-1B-Instruct,"1769859828.341, 1769859828.343, 1769859828.344, 1769859828.397, 1769859828.399"
1.0,0,1769859827.3412,3.7269,27,32,59,0.0877,0.0659,0.0806,1.0,0.0,100.0,0.9315,2.8146,2.8146,2306.0871,1769859832.002478,10.06,145,1441,0.005,9,0,0,7.33,15.0,0,1524,1769859828.341,-2.575,meta-llama/Llama-3.2-1B-Instruct,"1769859828.341, 1769859828.343, 1769859828.344, 1769859828.397, 1769859828.399"
1.0,0,1769859827.3444,3.8116,27,30,57,0.0836,0.0521,0.055,1.0,0.0,100.0,0.9181,2.8952,2.8952,2308.9824,1769859832.0767345,10.06,145,1442,0.004,9,1,0,7.33,15.0,0,1524,1769859828.341,-2.575,meta-llama/Llama-3.2-1B-Instruct,"1769859828.341, 1769859828.343, 1769859828.344, 1769859828.397, 1769859828.399"
1.0,0,1769859827.3973,3.8312,27,32,59,0.0798,0.0593,0.0635,1.0,0.0,100.0,0.8927,2.9111,2.9111,2311.8934,1769859832.122148,10.05,145,1443,0.005,10,1,0,7.33,15.0,0,1524,1769859828.341,-2.575,meta-llama/Llama-3.2-1B-Instruct,"1769859828.341, 1769859828.343, 1769859828.344, 1769859828.397, 1769859828.399"
1.0,0,1769859827.3989,3.8893,27,31,58,0.0713,0.0557,0.0645,1.0,0.0,100.0,0.8704,2.9606,2.9606,2314.854,1769859832.1724262,10.04,145,1444,0.005,10,0,0,7.33,15.0,0,1524,1769859828.341,-2.575,meta-llama/Llama-3.2-1B-Instruct,"1769859828.341, 1769859828.343, 1769859828.344, 1769859828.397, 1769859828.399"
1.0,0,1769859827.4626,3.8969,27,32,59,0.059,0.0547,0.0637,1.0,0.0,100.0,0.8235,2.9559,2.9559,2317.81,1769859832.1854858,10.03,145,1445,0.005,10,0,0,7.33,15.0,0,1524,1769859828.341,-2.575,meta-llama/Llama-3.2-1B-Instruct,"1769859828.341, 1769859828.343, 1769859828.344, 1769859828.397, 1769859828.399"
1.0,0,1769859827.5068,3.9595,27,32,59,0.0683,0.0584,0.0593,1.0,0.0,100.0,0.7868,3.0278,3.0278,2320.8378,1769859832.2558444,10.03,145,1446,0.005,11,0,0,7.33,15.0,0,1524,1769859828.341,-2.575,meta-llama/Llama-3.2-1B-Instruct,"1769859828.341, 1769859828.343, 1769859828.344, 1769859828.397, 1769859828.399"
1.0,0,1769859827.6204,3.8969,27,32,59,0.0601,0.0511,0.0627,1.0,0.0,100.0,0.7434,2.957,2.957,2323.7947,1769859832.2614932,10.02,145,1447,0.004,9,0,0,7.33,15.0,0,1524,1769859828.341,-2.575,meta-llama/Llama-3.2-1B-Instruct,"1769859828.341, 1769859828.343, 1769859828.344, 1769859828.397, 1769859828.399"
1.0,0,1769859827.6221,3.9769,27,32,59,0.0883,0.0458,0.0494,1.0,0.0,100.0,0.746,3.0652,3.0652,2326.8599,1769859832.3457885,10.01,145,1448,0.004,10,0,0,7.33,15.0,0,1524,1769859828.341,-2.575,meta-llama/Llama-3.2-1B-Instruct,"1769859828.341, 1769859828.343, 1769859828.344, 1769859828.397, 1769859828.399"
1.0,0,1769859827.6884,3.9762,27,32,59,0.0827,0.058,0.0977,1.0,0.0,100.0,0.7995,3.0589,3.0589,2329.9188,1769859832.4650123,10.01,145,1449,0.005,10,0,0,7.33,15.0,0,1524,1769859828.341,-2.575,meta-llama/Llama-3.2-1B-Instruct,"1769859828.341, 1769859828.343, 1769859828.344, 1769859828.397, 1769859828.399"
1.0,0,1769859827.9422,3.8073,27,32,59,0.0688,0.0526,0.0936,1.0,0.0,100.0,0.8272,2.8761,2.8761,2332.7948,1769859832.577722,10.0,145,1450,0.005,11,0,0,7.33,15.0,0,1524,1769859828.341,-2.575,meta-llama/Llama-3.2-1B-Instruct,"1769859828.341, 1769859828.343, 1769859828.344, 1769859828.397, 1769859828.399"
1.0,0,1769859828.5891,4.036,27,0,27,,,,1.0,,,0.0591,3.095,3.095,2335.8899,1769859832.6871328,9.99,145,1451,0.004,8,0,0,7.33,15.0,0,1524,1769859828.341,-2.575,meta-llama/Llama-3.2-1B-Instruct,"1769859828.341, 1769859828.343, 1769859828.344, 1769859828.397, 1769859828.399"
1.0,0,1769859828.2646,3.6378,27,32,59,0.0567,0.0623,0.0938,1.0,0.0,100.0,0.8593,2.6944,2.6944,2338.5843,1769859832.7716017,9.99,145,1452,0.006,12,0,0,7.33,15.0,0,1524,1769859828.341,-2.575,meta-llama/Llama-3.2-1B-Instruct,"1769859828.341, 1769859828.343, 1769859828.344, 1769859828.397, 1769859828.399"
1.0,0,1769859828.3444,3.633,27,32,59,0.0634,0.0663,0.0936,1.0,0.0,100.0,0.8718,2.6964,2.6964,2341.2807,1769859832.8557334,9.98,145,1453,0.006,12,0,0,7.33,15.0,0,1524,1769859828.341,-2.575,meta-llama/Llama-3.2-1B-Instruct,"1769859828.341, 1769859828.343, 1769859828.344, 1769859828.397, 1769859828.399"
1.0,0,1769859828.3462,3.7142,27,32,59,0.0596,0.0581,0.1019,1.0,0.0,100.0,0.8481,2.7738,2.7738,2344.0545,1769859832.916557,9.97,145,1454,0.005,11,0,0,7.33,15.0,0,1524,1769859828.341,-2.575,meta-llama/Llama-3.2-1B-Instruct,"1769859828.341, 1769859828.343, 1769859828.344, 1769859828.397, 1769859828.399"
1.0,0,1769859828.4873,3.8301,27,32,59,0.0672,0.0605,0.0664,1.0,0.0,100.0,1.0107,2.8972,2.8972,2349.9891,1769859833.3360488,9.96,145,1456,0.003,6,1,0,7.33,15.0,0,1524,1769859828.341,-2.575,meta-llama/Llama-3.2-1B-Instruct,"1769859828.341, 1769859828.343, 1769859828.344, 1769859828.397, 1769859828.399"
1.0,0,1769859828.3479,3.9317,27,32,59,0.1057,0.0552,0.057,1.0,0.0,100.0,1.0464,3.0374,3.0374,2352.8449,1769859833.3416638,9.97,145,1457,0.004,8,0,0,7.33,15.0,0,1524,1769859828.341,-2.575,meta-llama/Llama-3.2-1B-Instruct,"1769859828.341, 1769859828.343, 1769859828.344, 1769859828.397, 1769859828.399"
1.0,0,1769859828.5825,3.7971,27,32,59,0.0587,0.0559,0.0658,1.0,0.0,100.0,0.9568,2.8558,2.8558,2352.8449,1769859833.3452258,9.95,145,1457,0.003,6,1,0,7.33,15.0,0,1524,1769859828.341,-2.575,meta-llama/Llama-3.2-1B-Instruct,"1769859828.341, 1769859828.343, 1769859828.344, 1769859828.397, 1769859828.399"
1.0,0,1769859828.5843,3.8585,27,32,59,0.0676,0.0601,0.0617,1.0,0.0,100.0,0.9362,2.9261,2.9261,2355.771,1769859833.3798852,9.95,145,1458,0.003,7,0,0,7.33,15.0,0,1524,1769859828.341,-2.575,meta-llama/Llama-3.2-1B-Instruct,"1769859828.341, 1769859828.343, 1769859828.344, 1769859828.397, 1769859828.399"
1.0,0,1769859828.586,3.9154,27,32,59,0.0617,0.0571,0.0578,1.0,0.0,100.0,0.929,2.9771,2.9771,2358.748,1769859833.4402354,9.94,145,1459,0.003,7,1,0,7.33,15.0,0,1524,1769859828.341,-2.575,meta-llama/Llama-3.2-1B-Instruct,"1769859828.341, 1769859828.343, 1769859828.344, 1769859828.397, 1769859828.399"
1.0,0,1769859828.5876,3.9783,27,32,59,0.0724,0.0569,0.0577,1.0,0.0,100.0,0.9029,3.0507,3.0507,2361.7987,1769859833.4696095,9.93,145,1460,0.004,8,0,0,7.33,15.0,0,1524,1769859828.341,-2.575,meta-llama/Llama-3.2-1B-Instruct,"1769859828.341, 1769859828.343, 1769859828.344, 1769859828.397, 1769859828.399"
1.0,0,1769859828.708,3.9824,27,32,59,0.0699,0.0558,0.0625,1.0,0.0,100.0,0.8229,3.0524,3.0524,2364.8511,1769859833.5198085,9.92,145,1461,0.004,9,0,0,7.33,15.0,0,1524,1769859828.341,-2.575,meta-llama/Llama-3.2-1B-Instruct,"1769859828.341, 1769859828.343, 1769859828.344, 1769859828.397, 1769859828.399"
1.0,0,1769859828.9413,4.1462,27,22,49,0.0513,0.0551,0.0639,1.0,0.0,100.0,0.4778,3.1975,3.1975,2371.1721,1769859833.570174,9.92,145,1463,0.005,11,0,0,7.33,15.0,0,1524,1769859828.341,-2.575,meta-llama/Llama-3.2-1B-Instruct,"1769859828.341, 1769859828.343, 1769859828.344, 1769859828.397, 1769859828.399"
1.0,0,1769859828.7095,4.0581,27,32,59,0.0654,0.0599,0.066,1.0,0.0,100.0,0.7995,3.1235,3.1235,2371.1721,1769859833.571531,9.91,145,1463,0.004,9,0,0,7.33,15.0,0,1524,1769859828.341,-2.575,meta-llama/Llama-3.2-1B-Instruct,"1769859828.341, 1769859828.343, 1769859828.344, 1769859828.397, 1769859828.399"
1.0,0,1769859828.711,4.1257,27,32,59,0.0661,0.0578,0.0957,1.0,0.0,100.0,0.8713,3.1918,3.1918,2374.3638,1769859833.712469,9.9,145,1464,0.004,9,0,0,7.33,15.0,0,1524,1769859828.341,-2.575,meta-llama/Llama-3.2-1B-Instruct,"1769859828.341, 1769859828.343, 1769859828.344, 1769859828.397, 1769859828.399"
1.0,0,1769859828.8524,4.1052,27,32,59,0.0576,0.0572,0.0972,1.0,0.0,100.0,0.8191,3.1628,3.1628,2380.6456,1769859833.781949,9.9,145,1466,0.004,9,0,0,7.33,15.0,0,1524,1769859828.341,-2.575,meta-llama/Llama-3.2-1B-Instruct,"1769859828.341, 1769859828.343, 1769859828.344, 1769859828.397, 1769859828.399"
1.0,0,1769859828.8509,4.0519,27,32,59,0.0671,0.0603,0.0982,1.0,0.0,100.0,0.8782,3.119,3.119,2380.6456,1769859833.7821345,9.89,145,1466,0.004,9,0,0,7.33,15.0,0,1524,1769859828.341,-2.575,meta-llama/Llama-3.2-1B-Instruct,"1769859828.341, 1769859828.343, 1769859828.344, 1769859828.397, 1769859828.399"
1.0,0,1769859828.9399,4.078,27,32,59,0.0878,0.0592,0.0956,1.0,0.0,100.0,0.8302,3.1658,3.1658,2383.8114,1769859833.857198,9.88,145,1467,0.005,11,0,0,7.33,15.0,0,1524,1769859828.341,-2.575,meta-llama/Llama-3.2-1B-Instruct,"1769859828.341, 1769859828.343, 1769859828.344, 1769859828.397, 1769859828.399"
1.0,0,1769859828.9428,4.2213,27,32,59,0.0849,0.0562,0.101,1.0,0.0,100.0,0.8344,3.3062,3.3062,2387.1176,1769859834.0012634,9.88,145,1468,0.006,13,0,0,7.33,15.0,0,1524,1769859828.341,-2.575,meta-llama/Llama-3.2-1B-Instruct,"1769859828.341, 1769859828.343, 1769859828.344, 1769859828.397, 1769859828.399"
1.0,0,1769859828.9442,4.285,27,32,59,0.0493,0.0506,0.0957,1.0,0.0,100.0,0.8075,3.3343,3.3343,2390.4519,1769859834.0408857,9.87,145,1469,0.007,13,1,0,7.33,15.0,0,1524,1769859828.341,-2.575,meta-llama/Llama-3.2-1B-Instruct,"1769859828.341, 1769859828.343, 1769859828.344, 1769859828.397, 1769859828.399"
1.0,0,1769859829.1519,4.1959,27,32,59,0.074,0.0611,0.1051,1.0,0.0,100.0,0.8689,3.2699,3.2699,2393.7218,1769859834.2175097,9.86,145,1470,0.007,15,0,0,7.33,15.0,0,1524,1769859828.341,-2.575,meta-llama/Llama-3.2-1B-Instruct,"1769859828.341, 1769859828.343, 1769859828.344, 1769859828.397, 1769859828.399"
1.0,0,1769859829.2204,4.3319,27,32,59,0.0836,0.059,0.0716,1.0,0.0,100.0,0.9987,3.4155,3.4155,2400.3525,1769859834.554027,9.86,145,1472,0.006,11,0,0,7.33,15.0,0,1524,1769859828.341,-2.575,meta-llama/Llama-3.2-1B-Instruct,"1769859828.341, 1769859828.343, 1769859828.344, 1769859828.397, 1769859828.399"
1.0,0,1769859829.4698,4.1305,27,32,59,0.0848,0.0569,0.0575,1.0,0.0,100.0,0.952,3.2152,3.2152,2403.8188,1769859834.5626771,9.85,145,1473,0.004,7,0,0,7.33,15.0,0,1524,1769859828.341,-2.575,meta-llama/Llama-3.2-1B-Instruct,"1769859828.341, 1769859828.343, 1769859828.344, 1769859828.397, 1769859828.399"
1.0,0,1769859829.2219,4.3224,27,32,59,0.1439,0.056,0.0603,1.0,0.0,100.0,1.016,3.4663,3.4663,2403.8188,1769859834.563061,9.84,145,1473,0.005,10,0,0,7.33,15.0,0,1524,1769859828.341,-2.575,meta-llama/Llama-3.2-1B-Instruct,"1769859828.341, 1769859828.343, 1769859828.344, 1769859828.397, 1769859828.399"
1.0,0,1769859829.4712,4.1965,27,32,59,0.0732,0.0493,0.0508,1.0,0.0,100.0,0.9171,3.2697,3.2697,2407.0885,1769859834.586979,9.84,145,1474,0.004,9,1,0,7.33,15.0,0,1524,1769859828.341,-2.575,meta-llama/Llama-3.2-1B-Instruct,"1769859828.341, 1769859828.343, 1769859828.344, 1769859828.397, 1769859828.399"
1.0,0,1769859829.655,4.1037,27,32,59,0.0583,0.0503,0.0598,1.0,0.0,100.0,0.8913,3.162,3.162,2410.2506,1769859834.6557198,9.83,145,1475,0.005,10,0,0,7.33,15.0,0,1524,1769859828.341,-2.575,meta-llama/Llama-3.2-1B-Instruct,"1769859828.341, 1769859828.343, 1769859828.344, 1769859828.397, 1769859828.399"
1.0,0,1769859830.0139,3.944,27,32,59,0.0782,0.0529,0.213,1.0,0.0,100.0,0.9405,3.0222,3.0222,2416.5103,1769859834.912623,9.82,145,1477,0.004,9,0,0,7.33,15.0,0,1524,1769859828.341,-2.575,meta-llama/Llama-3.2-1B-Instruct,"1769859828.341, 1769859828.343, 1769859828.344, 1769859828.397, 1769859828.399"
1.0,0,1769859830.4485,4.3376,27,0,27,,,,1.0,,,0.1444,3.482,3.482,2428.8619,1769859834.9352171,9.8,145,1481,0.006,12,0,0,7.33,15.0,0,1524,1769859828.341,-2.575,meta-llama/Llama-3.2-1B-Instruct,"1769859828.341, 1769859828.343, 1769859828.344, 1769859828.397, 1769859828.399"
1.0,0,1769859830.29,3.8963,27,32,59,0.0757,0.0487,0.2131,1.0,0.0,100.0,0.7387,2.972,2.972,2431.9673,1769859834.9494462,9.81,145,1482,0.005,11,0,0,7.33,15.0,0,1524,1769859828.341,-2.575,meta-llama/Llama-3.2-1B-Instruct,"1769859828.341, 1769859828.343, 1769859828.344, 1769859828.397, 1769859828.399"
1.0,0,1769859829.9593,3.9468,27,32,59,0.0722,0.0604,0.2193,1.0,0.0,100.0,1.0285,3.019,3.019,2434.9872,1769859834.9556105,9.79,145,1483,0.004,9,0,0,7.33,15.0,0,1524,1769859828.341,-2.575,meta-llama/Llama-3.2-1B-Instruct,"1769859828.341, 1769859828.343, 1769859828.344, 1769859828.397, 1769859828.399"
1.0,0,1769859830.2914,3.9611,27,32,59,0.0588,0.0613,0.2109,1.0,0.0,100.0,0.6978,3.0199,3.0199,2434.9872,1769859834.9560657,9.78,145,1483,0.005,10,0,0,7.33,15.0,0,1524,1769859828.341,-2.575,meta-llama/Llama-3.2-1B-Instruct,"1769859828.341, 1769859828.343, 1769859828.344, 1769859828.397, 1769859828.399"
1.0,0,1769859830.2886,3.8215,27,32,59,0.0572,0.0487,0.2045,1.0,0.0,100.0,0.8197,2.8787,2.8787,2434.9872,1769859834.956271,9.8,145,1483,0.004,9,1,0,7.33,15.0,0,1524,1769859828.341,-2.575,meta-llama/Llama-3.2-1B-Instruct,"1769859828.341, 1769859828.343, 1769859828.344, 1769859828.397, 1769859828.399"
1.0,0,1769859830.0154,4.0347,27,32,59,0.0708,0.058,0.2065,1.0,0.0,100.0,0.8883,3.1054,3.1054,2438.077,1769859834.9580817,9.78,145,1484,0.004,9,0,0,7.33,15.0,0,1524,1769859828.341,-2.575,meta-llama/Llama-3.2-1B-Instruct,"1769859828.341, 1769859828.343, 1769859828.344, 1769859828.397, 1769859828.399"
1.0,0,1769859830.2928,4.0213,27,31,58,0.0686,0.0497,0.2113,1.0,0.0,100.0,0.6438,3.0899,3.0899,2438.077,1769859834.9590704,9.77,145,1484,0.006,12,0,0,7.33,15.0,0,1524,1769859828.341,-2.575,meta-llama/Llama-3.2-1B-Instruct,"1769859828.341, 1769859828.343, 1769859828.344, 1769859828.397, 1769859828.399"
1.0,0,1769859830.2943,4.1178,27,32,59,0.0663,0.0513,0.212,1.0,0.0,100.0,0.6244,3.1841,3.1841,2441.2611,1769859835.0380855,9.76,145,1485,0.007,13,0,0,7.33,15.0,0,1524,1769859828.341,-2.575,meta-llama/Llama-3.2-1B-Instruct,"1769859828.341, 1769859828.343, 1769859828.344, 1769859828.397, 1769859828.399"
1.0,0,1769859830.4455,4.0256,27,32,59,0.0565,0.0517,0.2115,1.0,0.0,100.0,0.5829,3.0821,3.0821,2444.3432,1769859835.0553133,9.76,145,1486,0.007,13,0,0,7.33,15.0,0,1524,1769859828.341,-2.575,meta-llama/Llama-3.2-1B-Instruct,"1769859828.341, 1769859828.343, 1769859828.344, 1769859828.397, 1769859828.399"
1.0,0,1769859830.447,4.1226,27,32,59,0.0482,0.0948,0.2079,1.0,0.0,100.0,0.7147,3.1708,3.1708,2447.514,1769859835.2869954,9.75,145,1487,0.006,12,0,0,7.33,15.0,0,1524,1769859828.341,-2.575,meta-llama/Llama-3.2-1B-Instruct,"1769859828.341, 1769859828.343, 1769859828.344, 1769859828.397, 1769859828.399"
1.0,0,1769859831.2025,4.3232,27,0,27,,,,1.0,,,0.0894,3.4126,3.4126,2450.9266,1769859835.6234417,9.74,145,1488,0.004,11,0,0,7.33,15.0,0,1524,1769859828.341,-2.575,meta-llama/Llama-3.2-1B-Instruct,"1769859828.341, 1769859828.343, 1769859828.344, 1769859828.397, 1769859828.399"
1.0,0,1769859830.8157,4.4177,27,26,53,0.0935,0.0623,0.1015,1.0,0.0,100.0,0.7979,3.5112,3.5112,2457.9008,1769859836.0343142,9.74,145,1490,0.002,5,1,0,7.33,15.0,0,1585,1769859832.641,-3.333,meta-llama/Llama-3.2-1B-Instruct,"1769859832.641, 1769859832.722, 1769859832.791, 1769859832.792, 1769859832.861"
1.0,0,1769859830.5728,4.3983,27,32,59,0.0647,0.0926,0.099,1.0,0.0,100.0,1.0618,3.463,3.463,2457.9008,1769859836.0344877,9.73,145,1490,0.002,3,0,0,7.33,15.0,0,1585,1769859832.641,-3.333,meta-llama/Llama-3.2-1B-Instruct,"1769859832.641, 1769859832.722, 1769859832.791, 1769859832.792, 1769859832.861"
1.0,0,1769859830.6542,4.3733,27,32,59,0.1035,0.0746,0.0943,1.0,0.0,100.0,1.0338,3.4768,3.4768,2468.195,1769859836.079022,9.73,145,1493,0.002,3,0,0,7.33,15.0,0,1585,1769859832.641,-3.333,meta-llama/Llama-3.2-1B-Instruct,"1769859832.641, 1769859832.722, 1769859832.791, 1769859832.792, 1769859832.861"
1.0,0,1769859830.8128,4.3052,27,32,59,0.0642,0.0629,0.0989,1.0,0.0,100.0,0.9439,3.3693,3.3693,2468.195,1769859836.079305,9.72,145,1493,0.001,3,1,0,7.33,15.0,0,1585,1769859832.641,-3.333,meta-llama/Llama-3.2-1B-Instruct,"1769859832.641, 1769859832.722, 1769859832.791, 1769859832.792, 1769859832.861"
1.0,0,1769859830.721,4.3545,27,32,59,0.0936,0.0666,0.0915,1.0,0.0,100.0,0.9878,3.4481,3.4481,2468.195,1769859836.0794806,9.71,145,1493,0.001,2,1,0,7.33,15.0,0,1585,1769859832.641,-3.333,meta-llama/Llama-3.2-1B-Instruct,"1769859832.641, 1769859832.722, 1769859832.791, 1769859832.792, 1769859832.861"
1.0,0,1769859830.8143,4.36,27,32,59,0.0676,0.0639,0.0934,1.0,0.0,100.0,0.9444,3.4276,3.4276,2471.6226,1769859836.1199234,9.71,145,1494,0.002,4,1,0,7.33,15.0,0,1585,1769859832.641,-3.333,meta-llama/Llama-3.2-1B-Instruct,"1769859832.641, 1769859832.722, 1769859832.791, 1769859832.792, 1769859832.861"
1.0,0,1769859830.8945,4.3757,27,32,59,0.0557,0.0627,0.0933,1.0,0.0,100.0,0.9051,3.4313,3.4313,2475.054,1769859836.1766984,9.7,145,1495,0.002,6,0,0,7.33,15.0,0,1585,1769859832.641,-3.333,meta-llama/Llama-3.2-1B-Instruct,"1769859832.641, 1769859832.722, 1769859832.791, 1769859832.792, 1769859832.861"
1.0,0,1769859830.9728,4.3565,27,32,59,0.0753,0.0627,0.0941,1.0,0.0,100.0,0.963,3.4317,3.4317,2478.4857,1769859836.2934172,9.69,145,1496,0.002,6,0,0,7.33,15.0,0,1585,1769859832.641,-3.333,meta-llama/Llama-3.2-1B-Instruct,"1769859832.641, 1769859832.722, 1769859832.791, 1769859832.792, 1769859832.861"
1.0,0,1769859831.1279,4.3364,27,32,59,0.0682,0.0562,0.0576,1.0,0.0,100.0,0.8624,3.4047,3.4047,2488.7135,1769859836.339201,9.68,145,1499,0.003,9,1,0,7.33,15.0,0,1585,1769859832.641,-3.333,meta-llama/Llama-3.2-1B-Instruct,"1769859832.641, 1769859832.722, 1769859832.791, 1769859832.792, 1769859832.861"
1.0,0,1769859831.0841,4.2986,27,32,59,0.0999,0.0587,0.0592,1.0,0.0,100.0,0.9418,3.3985,3.3985,2488.7135,1769859836.3413045,9.69,145,1499,0.003,7,0,0,7.33,15.0,0,1585,1769859832.641,-3.333,meta-llama/Llama-3.2-1B-Instruct,"1769859832.641, 1769859832.722, 1769859832.791, 1769859832.792, 1769859832.861"
1.0,0,1769859831.0868,4.3286,27,32,59,0.096,0.0648,0.0825,1.0,0.0,100.0,0.9227,3.4246,3.4246,2488.7135,1769859836.3415585,9.67,145,1499,0.003,8,0,0,7.33,15.0,0,1585,1769859832.641,-3.333,meta-llama/Llama-3.2-1B-Instruct,"1769859832.641, 1769859832.722, 1769859832.791, 1769859832.792, 1769859832.861"
1.0,0,1769859831.2041,4.4047,27,31,58,0.0657,0.0588,0.0594,1.0,0.0,100.0,0.8545,3.4704,3.4704,2495.6452,1769859836.4749997,9.67,145,1501,0.005,11,0,0,7.33,15.0,0,1585,1769859832.641,-3.333,meta-llama/Llama-3.2-1B-Instruct,"1769859832.641, 1769859832.722, 1769859832.791, 1769859832.792, 1769859832.861"
1.0,0,1769859831.2653,4.4012,27,32,59,0.0601,0.0562,0.0578,1.0,0.0,100.0,0.8081,3.4613,3.4613,2495.6452,1769859836.4801044,9.66,145,1501,0.005,11,0,0,7.33,15.0,0,1585,1769859832.641,-3.333,meta-llama/Llama-3.2-1B-Instruct,"1769859832.641, 1769859832.722, 1769859832.791, 1769859832.792, 1769859832.861"
1.0,0,1769859831.2669,4.4865,27,32,59,0.0928,0.0576,0.0598,1.0,0.0,100.0,0.849,3.5794,3.5794,2499.2246,1769859836.6187234,9.65,145,1502,0.006,13,0,0,7.33,15.0,0,1585,1769859832.641,-3.333,meta-llama/Llama-3.2-1B-Instruct,"1769859832.641, 1769859832.722, 1769859832.791, 1769859832.792, 1769859832.861"
1.0,0,1769859831.3278,4.4983,27,32,59,0.0976,0.0558,0.0574,1.0,0.0,100.0,0.8164,3.5959,3.5959,2502.8205,1769859836.6454782,9.65,145,1503,0.006,14,0,0,7.33,15.0,0,1585,1769859832.641,-3.333,meta-llama/Llama-3.2-1B-Instruct,"1769859832.641, 1769859832.722, 1769859832.791, 1769859832.792, 1769859832.861"
1.0,0,1769859831.6395,4.419,27,32,59,0.1046,0.0552,0.0598,1.0,0.0,100.0,1.0051,3.5236,3.5236,2510.0075,1769859837.06833,9.64,145,1505,0.008,15,0,0,7.33,15.0,0,1585,1769859832.641,-3.333,meta-llama/Llama-3.2-1B-Instruct,"1769859832.641, 1769859832.722, 1769859832.791, 1769859832.792, 1769859832.861"
1.0,0,1769859831.4973,4.5505,27,32,59,0.1129,0.0533,0.0692,1.0,0.0,100.0,1.0184,3.6634,3.6634,2513.528,1769859837.0699277,9.63,145,1506,0.007,14,1,0,7.33,15.0,0,1585,1769859832.641,-3.333,meta-llama/Llama-3.2-1B-Instruct,"1769859832.641, 1769859832.722, 1769859832.791, 1769859832.792, 1769859832.861"
1.0,0,1769859831.6411,4.4534,27,32,59,0.0671,0.0563,0.0582,1.0,0.0,100.0,0.9752,3.5205,3.5205,2513.528,1769859837.0759473,9.63,145,1506,0.005,10,0,0,7.33,15.0,0,1585,1769859832.641,-3.333,meta-llama/Llama-3.2-1B-Instruct,"1769859832.641, 1769859832.722, 1769859832.791, 1769859832.792, 1769859832.861"
1.0,0,1769859831.7215,4.4345,27,33,60,0.0683,0.0549,0.0636,1.0,0.0,100.0,0.9643,3.5028,3.5028,2517.0308,1769859837.1217904,9.62,145,1507,0.005,11,1,0,7.33,15.0,0,1585,1769859832.641,-3.333,meta-llama/Llama-3.2-1B-Instruct,"1769859832.641, 1769859832.722, 1769859832.791, 1769859832.792, 1769859832.861"
1.0,0,1769859831.7906,4.4384,27,32,59,0.0546,0.0602,0.0691,1.0,0.0,100.0,0.9402,3.4929,3.4929,2520.5237,1769859837.1765273,9.62,145,1508,0.005,11,1,0,7.33,15.0,0,1585,1769859832.641,-3.333,meta-llama/Llama-3.2-1B-Instruct,"1769859832.641, 1769859832.722, 1769859832.791, 1769859832.792, 1769859832.861"
1.0,0,1769859831.7923,4.5166,27,32,59,0.0642,0.053,0.0648,1.0,0.0,100.0,0.9285,3.5808,3.5808,2524.1045,1769859837.2387772,9.61,145,1509,0.004,9,0,0,7.33,15.0,0,1585,1769859832.641,-3.333,meta-llama/Llama-3.2-1B-Instruct,"1769859832.641, 1769859832.722, 1769859832.791, 1769859832.792, 1769859832.861"
1.0,0,1769859831.8608,4.5273,27,32,59,0.0496,0.061,0.0646,1.0,0.0,100.0,0.8737,3.5769,3.5769,2527.6814,1769859837.265345,9.6,145,1510,0.005,10,0,0,7.33,15.0,0,1585,1769859832.641,-3.333,meta-llama/Llama-3.2-1B-Instruct,"1769859832.641, 1769859832.722, 1769859832.791, 1769859832.792, 1769859832.861"
1.0,0,1769859832.2082,4.2668,27,32,59,0.0558,0.0525,0.0566,1.0,0.0,100.0,0.8617,3.3226,3.3226,2531.004,1769859837.3377469,9.6,145,1511,0.005,11,0,0,7.33,15.0,0,1585,1769859832.641,-3.333,meta-llama/Llama-3.2-1B-Instruct,"1769859832.641, 1769859832.722, 1769859832.791, 1769859832.792, 1769859832.861"
1.0,0,1769859832.2109,4.3297,27,32,59,0.0657,0.0708,0.1016,1.0,0.0,100.0,0.9331,3.3954,3.3954,2534.3994,1769859837.4746406,9.59,145,1512,0.005,10,0,0,7.33,15.0,0,1585,1769859832.641,-3.333,meta-llama/Llama-3.2-1B-Instruct,"1769859832.641, 1769859832.722, 1769859832.791, 1769859832.792, 1769859832.861"
1.0,0,1769859832.2123,4.4246,27,32,59,0.0676,0.0644,0.0959,1.0,0.0,100.0,0.9797,3.4922,3.4922,2541.3502,1769859837.6200235,9.58,145,1514,0.004,10,0,0,7.33,15.0,0,1585,1769859832.641,-3.333,meta-llama/Llama-3.2-1B-Instruct,"1769859832.641, 1769859832.722, 1769859832.791, 1769859832.792, 1769859832.861"
1.0,0,1769859832.2911,4.3993,27,32,59,0.0593,0.0599,0.0969,1.0,0.0,100.0,0.9295,3.4586,3.4586,2541.3502,1769859837.621266,9.58,145,1514,0.005,9,0,0,7.33,15.0,0,1585,1769859832.641,-3.333,meta-llama/Llama-3.2-1B-Instruct,"1769859832.641, 1769859832.722, 1769859832.791, 1769859832.792, 1769859832.861"
1.0,0,1769859832.2933,4.4485,27,32,59,0.0748,0.0523,0.1031,1.0,0.0,100.0,0.9079,3.5233,3.5233,2544.8734,1769859837.664055,9.57,145,1515,0.005,10,0,0,7.33,15.0,0,1585,1769859832.641,-3.333,meta-llama/Llama-3.2-1B-Instruct,"1769859832.641, 1769859832.722, 1769859832.791, 1769859832.792, 1769859832.861"
1.0,0,1769859832.298,4.5014,27,32,59,0.0781,0.0545,0.1037,1.0,0.0,100.0,0.879,3.5795,3.5795,2548.453,1769859837.6797693,9.56,145,1516,0.005,11,0,0,7.33,15.0,0,1585,1769859832.641,-3.333,meta-llama/Llama-3.2-1B-Instruct,"1769859832.641, 1769859832.722, 1769859832.791, 1769859832.792, 1769859832.861"
1.0,0,1769859832.4045,4.459,27,32,59,0.0515,0.0578,0.0934,1.0,0.0,100.0,0.8708,3.5105,3.5105,2551.9635,1769859837.7409863,9.56,145,1517,0.006,12,0,0,7.33,15.0,0,1585,1769859832.641,-3.333,meta-llama/Llama-3.2-1B-Instruct,"1769859832.641, 1769859832.722, 1769859832.791, 1769859832.792, 1769859832.861"
1.0,0,1769859832.4063,4.5313,27,32,59,0.0876,0.0505,0.0971,1.0,0.0,100.0,0.8888,3.6188,3.6188,2555.5823,1769859837.8316534,9.55,145,1518,0.007,14,0,0,7.33,15.0,0,1585,1769859832.641,-3.333,meta-llama/Llama-3.2-1B-Instruct,"1769859832.641, 1769859832.722, 1769859832.791, 1769859832.792, 1769859832.861"
1.0,0,1769859832.6603,4.3379,27,32,59,0.069,0.0608,0.1014,1.0,0.0,100.0,0.8692,3.4069,3.4069,2558.9893,1769859837.8693428,9.55,145,1519,0.007,14,0,0,7.33,15.0,0,1585,1769859832.641,-3.333,meta-llama/Llama-3.2-1B-Instruct,"1769859832.641, 1769859832.722, 1769859832.791, 1769859832.792, 1769859832.861"
1.0,0,1769859832.7212,4.3746,27,32,59,0.0681,0.0628,0.0918,1.0,0.0,100.0,0.8809,3.4427,3.4427,2562.432,1769859837.9947321,9.54,145,1520,0.006,13,0,0,7.33,15.0,0,1585,1769859832.641,-3.333,meta-llama/Llama-3.2-1B-Instruct,"1769859832.641, 1769859832.722, 1769859832.791, 1769859832.792, 1769859832.861"
1.0,0,1769859832.9359,4.3744,27,32,59,0.0594,0.0579,0.0589,1.0,0.0,100.0,0.9129,3.4338,3.4338,2569.4366,1769859838.230304,9.53,145,1522,0.005,10,0,0,7.33,15.0,0,1585,1769859832.641,-3.333,meta-llama/Llama-3.2-1B-Instruct,"1769859832.641, 1769859832.722, 1769859832.791, 1769859832.792, 1769859832.861"
1.0,0,1769859832.7997,4.4675,27,32,59,0.1032,0.0569,0.0618,1.0,0.0,100.0,0.9573,3.5708,3.5708,2569.4366,1769859838.2308297,9.53,145,1522,0.006,12,0,0,7.33,15.0,0,1585,1769859832.641,-3.333,meta-llama/Llama-3.2-1B-Instruct,"1769859832.641, 1769859832.722, 1769859832.791, 1769859832.792, 1769859832.861"
1.0,0,1769859832.9906,4.3591,27,32,59,0.0873,0.0546,0.0673,1.0,0.0,100.0,0.8981,3.4464,3.4464,2572.883,1769859838.2558749,9.52,145,1523,0.005,10,1,0,7.33,15.0,0,1585,1769859832.641,-3.333,meta-llama/Llama-3.2-1B-Instruct,"1769859832.641, 1769859832.722, 1769859832.791, 1769859832.792, 1769859832.861"
1.0,0,1769859833.0644,4.351,27,32,59,0.057,0.0545,0.0587,1.0,0.0,100.0,0.8439,3.408,3.408,2576.291,1769859838.2616148,9.51,145,1524,0.005,11,0,0,7.33,15.0,0,1585,1769859832.641,-3.333,meta-llama/Llama-3.2-1B-Instruct,"1769859832.641, 1769859832.722, 1769859832.791, 1769859832.792, 1769859832.861"
1.0,0,1769859833.4589,4.0278,27,32,59,0.0623,0.0566,0.0595,1.0,0.0,100.0,0.8389,3.0901,3.0901,2579.3811,1769859838.3273525,9.51,145,1525,0.006,12,0,0,7.33,15.0,0,1585,1769859832.641,-3.333,meta-llama/Llama-3.2-1B-Instruct,"1769859832.641, 1769859832.722, 1769859832.791, 1769859832.792, 1769859832.861"
1.0,0,1769859833.5753,4.003,27,32,59,0.0657,0.0516,0.0542,1.0,0.0,100.0,0.8377,3.0687,3.0687,2585.5907,1769859838.4203045,9.5,145,1527,0.007,13,0,0,7.33,15.0,0,1585,1769859832.641,-3.333,meta-llama/Llama-3.2-1B-Instruct,"1769859832.641, 1769859832.722, 1769859832.791, 1769859832.792, 1769859832.861"
1.0,0,1769859833.6437,4.0832,27,24,51,0.0576,0.0491,0.0572,1.0,0.0,100.0,0.6895,3.1409,3.1409,2585.5907,1769859838.4204824,9.5,145,1527,0.005,10,0,0,7.33,15.0,0,1585,1769859832.641,-3.333,meta-llama/Llama-3.2-1B-Instruct,"1769859832.641, 1769859832.722, 1769859832.791, 1769859832.792, 1769859832.861"
1.0,0,1769859833.6423,4.0108,27,32,59,0.0714,0.0546,0.0609,1.0,0.0,100.0,0.8229,3.0822,3.0822,2588.6728,1769859838.4810824,9.49,145,1528,0.006,11,1,0,7.33,15.0,0,1585,1769859832.641,-3.333,meta-llama/Llama-3.2-1B-Instruct,"1769859832.641, 1769859832.722, 1769859832.791, 1769859832.792, 1769859832.861"
1.0,0,1769859833.6451,4.1658,27,32,59,0.0509,0.0499,0.0571,1.0,0.0,100.0,0.7204,3.2166,3.2166,2591.8895,1769859838.5438895,9.48,145,1529,0.005,10,0,0,7.33,15.0,0,1585,1769859832.641,-3.333,meta-llama/Llama-3.2-1B-Instruct,"1769859832.641, 1769859832.722, 1769859832.791, 1769859832.792, 1769859832.861"
1.0,0,1769859833.7234,4.1593,27,32,59,0.0973,0.0612,0.0886,1.0,0.0,100.0,0.8195,3.2566,3.2566,2595.1461,1769859838.7029674,9.48,145,1530,0.004,10,0,0,7.33,15.0,0,1585,1769859832.641,-3.333,meta-llama/Llama-3.2-1B-Instruct,"1769859832.641, 1769859832.722, 1769859832.791, 1769859832.792, 1769859832.861"
1.0,0,1769859833.7248,4.2557,27,32,59,0.0582,0.0457,0.0943,1.0,0.0,100.0,0.7994,3.3138,3.3138,2598.4599,1769859838.7838836,9.47,145,1531,0.005,10,0,0,7.33,15.0,0,1585,1769859832.641,-3.333,meta-llama/Llama-3.2-1B-Instruct,"1769859832.641, 1769859832.722, 1769859832.791, 1769859832.792, 1769859832.861"
1.0,0,1769859833.8822,4.164,27,32,59,0.0672,0.0562,0.0907,1.0,0.0,100.0,0.7968,3.2312,3.2312,2601.6911,1769859838.8529267,9.46,145,1532,0.005,11,0,0,7.33,15.0,0,1585,1769859832.641,-3.333,meta-llama/Llama-3.2-1B-Instruct,"1769859832.641, 1769859832.722, 1769859832.791, 1769859832.792, 1769859832.861"
1.0,0,1769859833.8837,4.258,27,32,59,0.0791,0.066,0.0944,1.0,0.0,100.0,0.7946,3.3372,3.3372,2605.0282,1769859838.9383733,9.46,145,1533,0.006,12,0,0,7.33,15.0,0,1585,1769859832.641,-3.333,meta-llama/Llama-3.2-1B-Instruct,"1769859832.641, 1769859832.722, 1769859832.791, 1769859832.792, 1769859832.861"
1.0,0,1769859834.0197,4.2052,27,32,59,0.0758,0.0652,0.0886,1.0,0.0,100.0,0.8235,3.281,3.281,2608.3092,1769859839.050634,9.45,145,1534,0.006,12,0,0,7.33,15.0,0,1585,1769859832.641,-3.333,meta-llama/Llama-3.2-1B-Instruct,"1769859832.641, 1769859832.722, 1769859832.791, 1769859832.792, 1769859832.861"
1.0,0,1769859834.0211,4.2802,27,32,59,0.0738,0.0675,0.0921,1.0,0.0,100.0,0.8026,3.3539,3.3539,2611.6631,1769859839.1092002,9.45,145,1535,0.004,9,0,0,7.33,15.0,0,1585,1769859832.641,-3.333,meta-llama/Llama-3.2-1B-Instruct,"1769859832.641, 1769859832.722, 1769859832.791, 1769859832.792, 1769859832.861"
1.0,0,1769859834.2855,4.2374,27,32,59,0.1019,0.0571,0.0626,1.0,0.0,100.0,0.9382,3.3394,3.3394,2621.8161,1769859839.466874,9.44,145,1538,0.004,8,0,0,7.33,15.0,0,1585,1769859832.641,-3.333,meta-llama/Llama-3.2-1B-Instruct,"1769859832.641, 1769859832.722, 1769859832.791, 1769859832.792, 1769859832.861"
1.0,0,1769859834.2869,4.2731,27,32,59,0.0618,0.0549,0.0637,1.0,0.0,100.0,0.9036,3.3349,3.3349,2621.8161,1769859839.4672837,9.43,145,1538,0.003,6,2,0,7.33,15.0,0,1585,1769859832.641,-3.333,meta-llama/Llama-3.2-1B-Instruct,"1769859832.641, 1769859832.722, 1769859832.791, 1769859832.792, 1769859832.861"
1.0,0,1769859834.1445,4.3736,27,32,59,0.1051,0.0591,0.0651,1.0,0.0,100.0,0.9461,3.4786,3.4786,2621.8161,1769859839.4675026,9.43,145,1538,0.004,9,0,0,7.33,15.0,0,1585,1769859832.641,-3.333,meta-llama/Llama-3.2-1B-Instruct,"1769859832.641, 1769859832.722, 1769859832.791, 1769859832.792, 1769859832.861"
1.0,0,1769859834.2883,4.3187,27,32,59,0.0675,0.0532,0.0583,1.0,0.0,100.0,0.8996,3.3862,3.3862,2625.2023,1769859839.5088258,9.42,145,1539,0.004,8,1,0,7.33,15.0,0,1585,1769859832.641,-3.333,meta-llama/Llama-3.2-1B-Instruct,"1769859832.641, 1769859832.722, 1769859832.791, 1769859832.792, 1769859832.861"
1.0,0,1769859834.2897,4.3721,27,32,59,0.0864,0.0566,0.0601,1.0,0.0,100.0,0.8842,3.4585,3.4585,2628.6608,1769859839.557721,9.42,145,1540,0.004,9,0,0,7.33,15.0,0,1585,1769859832.641,-3.333,meta-llama/Llama-3.2-1B-Instruct,"1769859832.641, 1769859832.722, 1769859832.791, 1769859832.792, 1769859832.861"
1.0,0,1769859834.4387,4.319,27,32,59,0.0817,0.0647,0.066,1.0,0.0,100.0,0.8761,3.4008,3.4008,2632.0616,1769859839.6446116,9.41,145,1541,0.004,10,0,0,7.33,15.0,0,1585,1769859832.641,-3.333,meta-llama/Llama-3.2-1B-Instruct,"1769859832.641, 1769859832.722, 1769859832.791, 1769859832.792, 1769859832.861"
1.0,0,1769859834.5294,4.3029,27,32,59,0.0628,0.0541,0.0636,1.0,0.0,100.0,0.843,3.3657,3.3657,2635.4273,1769859839.6826873,9.4,145,1542,0.005,10,0,0,7.33,15.0,0,1585,1769859832.641,-3.333,meta-llama/Llama-3.2-1B-Instruct,"1769859832.641, 1769859832.722, 1769859832.791, 1769859832.792, 1769859832.861"
1.0,0,1769859834.6077,4.2999,27,32,59,0.08,0.0575,0.0644,1.0,0.0,100.0,0.8117,3.3798,3.3798,2638.8071,1769859839.7206752,9.4,145,1543,0.005,10,0,0,7.33,15.0,0,1585,1769859832.641,-3.333,meta-llama/Llama-3.2-1B-Instruct,"1769859832.641, 1769859832.722, 1769859832.791, 1769859832.792, 1769859832.861"
1.0,0,1769859834.9915,3.9876,27,32,59,0.0678,0.0619,0.0694,1.0,0.0,100.0,0.7644,3.0554,3.0554,2641.8625,1769859839.7444065,9.39,145,1544,0.004,9,1,0,7.33,15.0,0,1585,1769859832.641,-3.333,meta-llama/Llama-3.2-1B-Instruct,"1769859832.641, 1769859832.722, 1769859832.791, 1769859832.792, 1769859832.861"
1.0,0,1769859834.9928,4.0991,27,32,59,0.0737,0.053,0.0924,1.0,0.0,100.0,0.8251,3.1728,3.1728,2645.0352,1769859839.9190814,9.39,145,1545,0.005,10,0,0,7.33,15.0,0,1585,1769859832.641,-3.333,meta-llama/Llama-3.2-1B-Instruct,"1769859832.641, 1769859832.722, 1769859832.791, 1769859832.792, 1769859832.861"
1.0,0,1769859835.0513,4.1047,27,32,59,0.0661,0.0544,0.0957,1.0,0.0,100.0,0.8221,3.1708,3.1708,2648.2061,1769859839.979649,9.38,145,1546,0.004,10,0,0,7.33,15.0,0,1585,1769859832.641,-3.333,meta-llama/Llama-3.2-1B-Instruct,"1769859832.641, 1769859832.722, 1769859832.791, 1769859832.792, 1769859832.861"
1.0,0,1769859835.0956,4.1185,27,32,59,0.0657,0.0524,0.0897,1.0,0.0,100.0,0.795,3.1842,3.1842,2651.3903,1769859840.0100188,9.37,145,1547,0.005,10,0,0,7.33,15.0,0,1585,1769859832.641,-3.333,meta-llama/Llama-3.2-1B-Instruct,"1769859832.641, 1769859832.722, 1769859832.791, 1769859832.792, 1769859832.861"
1.0,0,1769859836.0705,3.9587,27,0,27,,,,1.0,,,0.0689,3.0275,3.0275,2654.4178,1769859840.1030781,9.37,145,1548,0.004,9,1,0,7.33,15.0,0,1585,1769859832.641,-3.333,meta-llama/Llama-3.2-1B-Instruct,"1769859832.641, 1769859832.722, 1769859832.791, 1769859832.792, 1769859832.861"
1.0,0,1769859835.097,4.1989,27,32,59,0.0642,0.0595,0.0889,1.0,0.0,100.0,0.8468,3.2631,3.2631,2657.6809,1769859840.1448307,9.36,145,1549,0.006,12,0,0,7.33,15.0,0,1585,1769859832.641,-3.333,meta-llama/Llama-3.2-1B-Instruct,"1769859832.641, 1769859832.722, 1769859832.791, 1769859832.792, 1769859832.861"
1.0,0,1769859835.0983,4.2642,27,32,59,0.0656,0.0585,0.0943,1.0,0.0,100.0,0.8116,3.3298,3.3298,2661.0108,1769859840.180327,9.35,145,1550,0.006,12,0,0,7.33,15.0,0,1585,1769859832.641,-3.333,meta-llama/Llama-3.2-1B-Instruct,"1769859832.641, 1769859832.722, 1769859832.791, 1769859832.792, 1769859832.861"
1.0,0,1769859835.2004,4.2391,27,32,59,0.0685,0.0647,0.0915,1.0,0.0,100.0,0.8646,3.3076,3.3076,2664.3183,1769859840.3119152,9.35,145,1551,0.007,13,0,0,7.33,15.0,0,1585,1769859832.641,-3.333,meta-llama/Llama-3.2-1B-Instruct,"1769859832.641, 1769859832.722, 1769859832.791, 1769859832.792, 1769859832.861"
1.0,0,1769859835.2018,4.3279,27,32,59,0.063,0.0652,0.0996,1.0,0.0,100.0,0.8577,3.391,3.391,2667.7093,1769859840.3981988,9.34,145,1552,0.005,11,0,0,7.33,15.0,0,1585,1769859832.641,-3.333,meta-llama/Llama-3.2-1B-Instruct,"1769859832.641, 1769859832.722, 1769859832.791, 1769859832.792, 1769859832.861"
1.0,0,1769859835.643,4.1365,27,32,59,0.0799,0.0594,0.0642,1.0,0.0,100.0,0.9836,3.2164,3.2164,2674.1419,1769859840.7694438,9.34,145,1554,0.004,7,0,0,7.33,15.0,0,1585,1769859832.641,-3.333,meta-llama/Llama-3.2-1B-Instruct,"1769859832.641, 1769859832.722, 1769859832.791, 1769859832.792, 1769859832.861"
1.0,0,1769859835.6414,4.1258,27,32,59,0.0905,0.0601,0.0704,1.0,0.0,100.0,0.9995,3.2163,3.2163,2677.5013,1769859840.770112,9.33,145,1555,0.005,9,0,0,7.33,15.0,0,1585,1769859832.641,-3.333,meta-llama/Llama-3.2-1B-Instruct,"1769859832.641, 1769859832.722, 1769859832.791, 1769859832.792, 1769859832.861"
1.0,0,1769859835.4917,4.2707,27,32,59,0.0886,0.0607,0.0662,1.0,0.0,100.0,1.0075,3.3593,3.3593,2677.5013,1769859840.770968,9.32,145,1555,0.005,11,0,0,7.33,15.0,0,1585,1769859832.641,-3.333,meta-llama/Llama-3.2-1B-Instruct,"1769859832.641, 1769859832.722, 1769859832.791, 1769859832.792, 1769859832.861"
1.0,0,1769859835.8807,3.9624,27,32,59,0.072,0.0535,0.0643,1.0,0.0,100.0,0.9658,3.0345,3.0345,2683.5526,1769859840.8148916,9.32,145,1557,0.004,8,2,0,7.33,15.0,0,1585,1769859832.641,-3.333,meta-llama/Llama-3.2-1B-Instruct,"1769859832.641, 1769859832.722, 1769859832.791, 1769859832.792, 1769859832.861"
1.0,0,1769859835.9566,3.9453,27,32,59,0.0716,0.063,0.0675,1.0,0.0,100.0,0.9115,3.0168,3.0168,2683.5526,1769859840.8164804,9.31,145,1557,0.005,10,0,0,7.33,15.0,0,1585,1769859832.641,-3.333,meta-llama/Llama-3.2-1B-Instruct,"1769859832.641, 1769859832.722, 1769859832.791, 1769859832.792, 1769859832.861"
1.0,0,1769859836.0476,3.9169,27,32,59,0.1019,0.0598,0.0661,1.0,0.0,100.0,0.9625,3.0188,3.0188,2686.5714,1769859840.9340038,9.31,145,1558,0.005,10,0,0,7.33,15.0,0,1585,1769859832.641,-3.333,meta-llama/Llama-3.2-1B-Instruct,"1769859832.641, 1769859832.722, 1769859832.791, 1769859832.792, 1769859832.861"
1.0,0,1769859836.1306,3.9891,27,32,59,0.0521,0.051,0.065,1.0,0.0,100.0,0.8576,3.0412,3.0412,2692.5649,1769859840.9865098,9.3,145,1560,0.004,9,0,0,7.33,15.0,0,1585,1769859832.641,-3.333,meta-llama/Llama-3.2-1B-Instruct,"1769859832.641, 1769859832.722, 1769859832.791, 1769859832.792, 1769859832.861"
1.0,0,1769859836.9001,3.8813,27,6,33,0.071,0.0471,0.0471,1.0,0.0,100.0,0.1973,2.9524,2.9524,2692.5649,1769859840.9893568,9.29,145,1560,0.005,11,0,0,7.33,15.0,0,1585,1769859832.641,-3.333,meta-llama/Llama-3.2-1B-Instruct,"1769859832.641, 1769859832.722, 1769859832.791, 1769859832.792, 1769859832.861"
1.0,0,1769859836.1321,4.044,27,32,59,0.0613,0.0568,0.0579,1.0,0.0,100.0,0.8302,3.1052,3.1052,2695.6701,1769859841.0076754,9.29,145,1561,0.004,9,0,0,7.33,15.0,0,1645,1769859838.328,-2.665,meta-llama/Llama-3.2-1B-Instruct,"1769859838.328, 1769859838.457, 1769859838.458, 1769859838.843, 1769859839.103"
1.0,0,1769859836.1336,4.0897,27,32,59,0.08,0.0506,0.0555,1.0,0.0,100.0,0.7938,3.1697,3.1697,2698.8398,1769859841.0180724,9.28,145,1562,0.004,9,1,0,7.33,15.0,0,1645,1769859838.328,-2.665,meta-llama/Llama-3.2-1B-Instruct,"1769859838.328, 1769859838.457, 1769859838.458, 1769859838.843, 1769859839.103"
1.0,0,1769859836.2661,4.0227,27,32,59,0.0589,0.0522,0.0996,1.0,0.0,100.0,0.8682,3.0815,3.0815,2701.9214,1769859841.1579518,9.28,145,1563,0.004,10,0,0,7.33,15.0,0,1645,1769859838.328,-2.665,meta-llama/Llama-3.2-1B-Instruct,"1769859838.328, 1769859838.457, 1769859838.458, 1769859838.843, 1769859839.103"
1.0,0,1769859836.2676,4.1073,27,32,59,0.0683,0.0616,0.0971,1.0,0.0,100.0,0.8937,3.1756,3.1756,2705.097,1769859841.269947,9.27,145,1564,0.005,11,0,0,7.33,15.0,0,1645,1769859838.328,-2.665,meta-llama/Llama-3.2-1B-Instruct,"1769859838.328, 1769859838.457, 1769859838.458, 1769859838.843, 1769859839.103"
1.0,0,1769859836.5766,3.8751,27,32,59,0.0726,0.0713,0.0976,1.0,0.0,100.0,0.901,2.9477,2.9477,2708.0447,1769859841.357168,9.27,145,1565,0.005,11,0,0,7.33,15.0,0,1645,1769859838.328,-2.665,meta-llama/Llama-3.2-1B-Instruct,"1769859838.328, 1769859838.457, 1769859838.458, 1769859838.843, 1769859839.103"
1.0,0,1769859836.6664,3.8615,27,32,59,0.069,0.0633,0.0936,1.0,0.0,100.0,0.8987,2.9304,2.9304,2710.9751,1769859841.4331522,9.26,145,1566,0.005,11,0,0,7.33,15.0,0,1645,1769859838.328,-2.665,meta-llama/Llama-3.2-1B-Instruct,"1769859838.328, 1769859838.457, 1769859838.458, 1769859838.843, 1769859839.103"
1.0,0,1769859836.6679,3.9494,27,32,59,0.105,0.0561,0.0915,1.0,0.0,100.0,0.9345,3.0544,3.0544,2717.0339,1769859841.55411,9.25,145,1568,0.006,13,0,0,7.33,15.0,0,1645,1769859838.328,-2.665,meta-llama/Llama-3.2-1B-Instruct,"1769859838.328, 1769859838.457, 1769859838.458, 1769859838.843, 1769859839.103"
1.0,0,1769859836.7185,3.9582,27,32,59,0.0462,0.0549,0.1015,1.0,0.0,100.0,0.8755,3.0044,3.0044,2717.0339,1769859841.5542808,9.25,145,1568,0.007,13,1,0,7.33,15.0,0,1645,1769859838.328,-2.665,meta-llama/Llama-3.2-1B-Instruct,"1769859838.328, 1769859838.457, 1769859838.458, 1769859838.843, 1769859839.103"
1.0,0,1769859836.9015,3.9456,27,32,59,0.0789,0.0569,0.0946,1.0,0.0,100.0,0.9134,3.0245,3.0245,2720.0584,1769859841.7682226,9.24,145,1569,0.005,10,1,0,7.33,15.0,0,1645,1769859838.328,-2.665,meta-llama/Llama-3.2-1B-Instruct,"1769859838.328, 1769859838.457, 1769859838.458, 1769859838.843, 1769859839.103"
1.0,0,1769859836.9736,4.0264,27,32,59,0.0876,0.0602,0.0674,1.0,0.0,100.0,0.9683,3.114,3.114,2728.9799,1769859841.9732957,9.24,145,1572,0.006,11,0,0,7.33,15.0,0,1645,1769859838.328,-2.665,meta-llama/Llama-3.2-1B-Instruct,"1769859838.328, 1769859838.457, 1769859838.458, 1769859838.843, 1769859839.103"
1.0,0,1769859837.1341,3.8901,27,32,59,0.1109,0.0529,0.0609,1.0,0.0,100.0,0.945,3.001,3.001,2728.9799,1769859841.9735186,9.22,145,1572,0.004,7,0,0,7.33,15.0,0,1645,1769859838.328,-2.665,meta-llama/Llama-3.2-1B-Instruct,"1769859838.328, 1769859838.457, 1769859838.458, 1769859838.843, 1769859839.103"
1.0,0,1769859837.3279,3.7419,27,32,59,0.0646,0.0543,0.064,1.0,0.0,100.0,0.8989,2.8065,2.8065,2728.9799,1769859841.990666,9.23,145,1572,0.004,8,1,0,7.33,15.0,0,1645,1769859838.328,-2.665,meta-llama/Llama-3.2-1B-Instruct,"1769859838.328, 1769859838.457, 1769859838.458, 1769859838.843, 1769859839.103"
1.0,0,1769859837.4568,3.6604,27,32,59,0.0861,0.0492,0.0546,1.0,0.0,100.0,0.8844,2.7466,2.7466,2731.7264,1769859842.0023634,9.22,145,1573,0.004,9,0,0,7.33,15.0,0,1645,1769859838.328,-2.665,meta-llama/Llama-3.2-1B-Instruct,"1769859838.328, 1769859838.457, 1769859838.458, 1769859838.843, 1769859839.103"
1.0,0,1769859837.4583,3.7301,27,31,58,0.0756,0.0515,0.0593,1.0,0.0,100.0,0.8923,2.8057,2.8057,2736.9914,1769859842.0908315,9.21,145,1575,0.004,9,0,0,7.33,15.0,0,1645,1769859838.328,-2.665,meta-llama/Llama-3.2-1B-Instruct,"1769859838.328, 1769859838.457, 1769859838.458, 1769859838.843, 1769859839.103"
1.0,0,1769859837.8434,3.4025,27,32,59,0.0567,0.0517,0.069,1.0,0.0,100.0,0.8356,2.4592,2.4592,2736.9914,1769859842.0923092,9.21,145,1575,0.004,10,0,0,7.33,15.0,0,1645,1769859838.328,-2.665,meta-llama/Llama-3.2-1B-Instruct,"1769859838.328, 1769859838.457, 1769859838.458, 1769859838.843, 1769859839.103"
1.0,0,1769859838.1025,3.2171,27,31,58,0.0732,0.0518,0.0673,1.0,0.0,100.0,0.8548,2.2904,2.2904,2739.2817,1769859842.1752532,9.2,145,1576,0.005,11,0,0,7.33,15.0,0,1645,1769859838.328,-2.665,meta-llama/Llama-3.2-1B-Instruct,"1769859838.328, 1769859838.457, 1769859838.458, 1769859838.843, 1769859839.103"
1.0,0,1769859838.2699,3.1386,27,32,59,0.0656,0.0549,0.0587,1.0,0.0,100.0,0.8027,2.2042,2.2042,2741.486,1769859842.2169342,9.19,145,1577,0.005,11,0,0,7.33,15.0,0,1645,1769859838.328,-2.665,meta-llama/Llama-3.2-1B-Instruct,"1769859838.328, 1769859838.457, 1769859838.458, 1769859838.843, 1769859839.103"
1.0,0,1769859838.2715,3.221,27,32,59,0.0588,0.0472,0.0565,1.0,0.0,100.0,0.786,2.2798,2.2798,2743.7658,1769859842.2808132,9.19,145,1578,0.005,11,0,0,7.33,15.0,0,1645,1769859838.328,-2.665,meta-llama/Llama-3.2-1B-Instruct,"1769859838.328, 1769859838.457, 1769859838.458, 1769859838.843, 1769859839.103"
1.0,0,1769859838.2729,3.3038,27,32,59,0.0771,0.0659,0.0842,1.0,0.0,100.0,0.8882,2.3809,2.3809,2746.1467,1769859842.4679685,9.18,145,1579,0.004,10,0,0,7.33,15.0,0,1645,1769859838.328,-2.665,meta-llama/Llama-3.2-1B-Instruct,"1769859838.328, 1769859838.457, 1769859838.458, 1769859838.843, 1769859839.103"
1.0,0,1769859838.5735,3.0804,27,32,59,0.0617,0.0594,0.0827,1.0,0.0,100.0,0.8691,2.1421,2.1421,2748.2888,1769859842.5308318,9.18,145,1580,0.005,10,0,0,7.33,15.0,0,1645,1769859838.328,-2.665,meta-llama/Llama-3.2-1B-Instruct,"1769859838.328, 1769859838.457, 1769859838.458, 1769859838.843, 1769859839.103"
1.0,0,1769859838.6337,3.1133,27,32,59,0.0656,0.0591,0.0831,1.0,0.0,100.0,0.9031,2.1789,2.1789,2750.4678,1769859842.663538,9.17,145,1581,0.006,12,0,0,7.33,15.0,0,1645,1769859838.328,-2.665,meta-llama/Llama-3.2-1B-Instruct,"1769859838.328, 1769859838.457, 1769859838.458, 1769859838.843, 1769859839.103"
1.0,0,1769859838.8066,3.0126,27,32,59,0.0656,0.0597,0.0874,1.0,0.0,100.0,0.9125,2.0781,2.0781,2752.5459,1769859842.7430918,9.17,145,1582,0.006,11,0,0,7.33,15.0,0,1645,1769859838.328,-2.665,meta-llama/Llama-3.2-1B-Instruct,"1769859838.328, 1769859838.457, 1769859838.458, 1769859838.843, 1769859839.103"
1.0,0,1769859838.9578,2.944,27,32,59,0.069,0.0665,0.0831,1.0,0.0,100.0,0.8883,2.0131,2.0131,2754.5589,1769859842.7919822,9.16,145,1583,0.007,13,0,0,7.33,15.0,0,1645,1769859838.328,-2.665,meta-llama/Llama-3.2-1B-Instruct,"1769859838.328, 1769859838.457, 1769859838.458, 1769859838.843, 1769859839.103"
1.0,0,1769859839.2682,2.7057,27,32,59,0.0748,0.0655,0.0832,1.0,0.0,100.0,0.8787,1.7805,1.7805,2756.3395,1769859842.8599765,9.15,145,1584,0.005,11,0,0,7.33,15.0,0,1645,1769859838.328,-2.665,meta-llama/Llama-3.2-1B-Instruct,"1769859838.328, 1769859838.457, 1769859838.458, 1769859838.843, 1769859839.103"
1.0,0,1769859839.4001,2.6699,27,32,59,0.072,0.0721,0.0831,1.0,0.0,100.0,0.912,1.742,1.742,2758.0814,1769859842.9878075,9.15,145,1585,0.005,10,0,0,7.33,15.0,0,1645,1769859838.328,-2.665,meta-llama/Llama-3.2-1B-Instruct,"1769859838.328, 1769859838.457, 1769859838.458, 1769859838.843, 1769859839.103"
1.0,0,1769859839.6612,2.5998,27,32,59,0.0879,0.0578,0.0613,1.0,0.0,100.0,0.9391,1.6878,1.6878,2761.7119,1769859843.2029285,9.14,145,1587,0.004,7,0,0,7.33,15.0,0,1645,1769859838.328,-2.665,meta-llama/Llama-3.2-1B-Instruct,"1769859838.328, 1769859838.457, 1769859838.458, 1769859838.843, 1769859839.103"
1.0,0,1769859839.403,2.8351,27,32,59,0.1076,0.0611,0.0637,1.0,0.0,100.0,0.9634,1.9427,1.9427,2763.6577,1769859843.2041013,9.14,145,1588,0.005,9,0,0,7.33,15.0,0,1645,1769859838.328,-2.665,meta-llama/Llama-3.2-1B-Instruct,"1769859838.328, 1769859838.457, 1769859838.458, 1769859838.843, 1769859839.103"
1.0,0,1769859839.4016,2.8287,27,32,59,0.1172,0.0606,0.0624,1.0,0.0,100.0,0.9733,1.9459,1.9459,2763.6577,1769859843.2048652,9.13,145,1588,0.004,9,0,0,7.33,15.0,0,1645,1769859838.328,-2.665,meta-llama/Llama-3.2-1B-Instruct,"1769859838.328, 1769859838.457, 1769859838.458, 1769859838.843, 1769859839.103"
1.0,0,1769859839.6697,2.6656,27,32,59,0.0605,0.0619,0.0633,1.0,0.0,100.0,0.9011,1.7262,1.7262,2765.3839,1769859843.237355,9.13,145,1589,0.004,9,1,0,7.33,15.0,0,1645,1769859838.328,-2.665,meta-llama/Llama-3.2-1B-Instruct,"1769859838.328, 1769859838.457, 1769859838.458, 1769859838.843, 1769859839.103"
1.0,0,1769859839.738,2.6476,27,32,59,0.0718,0.0605,0.0618,1.0,0.0,100.0,0.8719,1.7194,1.7194,2767.1033,1769859843.2604809,9.12,145,1590,0.005,10,0,0,7.33,15.0,0,1645,1769859838.328,-2.665,meta-llama/Llama-3.2-1B-Instruct,"1769859838.328, 1769859838.457, 1769859838.458, 1769859838.843, 1769859839.103"
1.0,0,1769859839.8072,2.6376,27,32,59,0.0756,0.0541,0.06,1.0,0.0,100.0,0.8388,1.7131,1.7131,2768.8164,1769859843.2852905,9.11,145,1591,0.005,11,0,0,7.33,15.0,0,1645,1769859838.328,-2.665,meta-llama/Llama-3.2-1B-Instruct,"1769859838.328, 1769859838.457, 1769859838.458, 1769859838.843, 1769859839.103"
1.0,0,1769859839.8695,2.6375,27,32,59,0.0825,0.0571,0.0652,1.0,0.0,100.0,0.8361,1.7201,1.7201,2770.5365,1769859843.343766,9.11,145,1592,0.005,11,0,0,7.33,15.0,0,1645,1769859838.328,-2.665,meta-llama/Llama-3.2-1B-Instruct,"1769859838.328, 1769859838.457, 1769859838.458, 1769859838.843, 1769859839.103"
1.0,0,1769859839.8708,2.6987,27,32,59,0.0697,0.0504,0.052,1.0,0.0,100.0,0.7881,1.7684,1.7684,2772.3049,1769859843.36099,9.1,145,1593,0.005,11,1,0,7.33,15.0,0,1645,1769859838.328,-2.665,meta-llama/Llama-3.2-1B-Instruct,"1769859838.328, 1769859838.457, 1769859838.458, 1769859838.843, 1769859839.103"
1.0,0,1769859839.8721,2.7788,27,32,59,0.0669,0.0593,0.0604,1.0,0.0,100.0,0.7658,1.8457,1.8457,2774.1505,1769859843.425664,9.1,145,1594,0.006,13,0,0,7.33,15.0,0,1645,1769859838.328,-2.665,meta-llama/Llama-3.2-1B-Instruct,"1769859838.328, 1769859838.457, 1769859838.458, 1769859838.843, 1769859839.103"
1.0,0,1769859839.8734,2.8858,27,32,59,0.0749,0.0541,0.0555,1.0,0.0,100.0,0.7334,1.9607,1.9607,2776.1113,1769859843.4956481,9.09,145,1595,0.006,12,0,0,7.33,15.0,0,1645,1769859838.328,-2.665,meta-llama/Llama-3.2-1B-Instruct,"1769859838.328, 1769859838.457, 1769859838.458, 1769859838.843, 1769859839.103"
1.0,0,1769859839.8747,2.9733,27,32,59,0.0682,0.05,0.0601,1.0,0.0,100.0,0.71,2.0415,2.0415,2778.1527,1769859843.5601845,9.09,145,1596,0.006,12,0,0,7.33,15.0,0,1645,1769859838.328,-2.665,meta-llama/Llama-3.2-1B-Instruct,"1769859838.328, 1769859838.457, 1769859838.458, 1769859838.843, 1769859839.103"
1.0,0,1769859839.876,3.0287,27,32,59,0.0511,0.0491,0.0502,1.0,0.0,100.0,0.6955,2.0798,2.0798,2780.2325,1769859843.60171,9.08,145,1597,0.005,11,0,0,7.33,15.0,0,1645,1769859838.328,-2.665,meta-llama/Llama-3.2-1B-Instruct,"1769859838.328, 1769859838.457, 1769859838.458, 1769859838.843, 1769859839.103"
1.0,0,1769859839.8774,3.1048,27,32,59,0.0673,0.0493,0.0544,1.0,0.0,100.0,0.7096,2.1721,2.1721,2782.4046,1769859843.6958425,9.07,145,1598,0.006,13,0,0,7.33,15.0,0,1645,1769859838.328,-2.665,meta-llama/Llama-3.2-1B-Instruct,"1769859838.328, 1769859838.457, 1769859838.458, 1769859838.843, 1769859839.103"
1.0,0,1769859840.1444,3.3082,27,7,34,0.0935,0.0436,0.0436,1.0,0.0,100.0,0.2817,2.4017,2.4017,2784.8062,1769859843.7400548,9.07,145,1599,0.004,9,1,0,7.33,15.0,0,1645,1769859838.328,-2.665,meta-llama/Llama-3.2-1B-Instruct,"1769859838.328, 1769859838.457, 1769859838.458, 1769859838.843, 1769859839.103"
1.0,0,1769859839.8788,3.1938,27,32,59,0.0876,0.0539,0.0552,1.0,0.0,100.0,0.7527,2.2814,2.2814,2787.0877,1769859843.8360808,9.06,145,1600,0.007,13,0,0,7.33,15.0,0,1645,1769859838.328,-2.665,meta-llama/Llama-3.2-1B-Instruct,"1769859838.328, 1769859838.457, 1769859838.458, 1769859838.843, 1769859839.103"
1.0,0,1769859840.0057,3.161,27,32,59,0.0666,0.0499,0.0654,1.0,0.0,100.0,0.7374,2.2276,2.2276,2789.3153,1769859843.9055073,9.06,145,1601,0.007,13,1,0,7.33,15.0,0,1645,1769859838.328,-2.665,meta-llama/Llama-3.2-1B-Instruct,"1769859838.328, 1769859838.457, 1769859838.458, 1769859838.843, 1769859839.103"
1.0,0,1769859840.0097,3.2508,27,28,55,0.0689,0.0517,0.0536,1.0,0.0,100.0,0.7006,2.3198,2.3198,2791.635,1769859843.9676006,9.05,145,1602,0.005,11,0,0,7.33,15.0,0,1645,1769859838.328,-2.665,meta-llama/Llama-3.2-1B-Instruct,"1769859838.328, 1769859838.457, 1769859838.458, 1769859838.843, 1769859839.103"
1.0,0,1769859840.2576,3.2047,27,33,60,0.0862,0.0585,0.0606,1.0,0.0,100.0,0.8865,2.2908,2.2908,2793.9259,1769859844.3590555,9.05,145,1603,0.004,7,0,0,7.33,15.0,0,1645,1769859838.328,-2.665,meta-llama/Llama-3.2-1B-Instruct,"1769859838.328, 1769859838.457, 1769859838.458, 1769859838.843, 1769859839.103"
1.0,0,1769859840.3315,3.1997,27,32,59,0.0667,0.0544,0.0607,1.0,0.0,100.0,0.8495,2.2663,2.2663,2796.1922,1769859844.3841956,9.04,145,1604,0.003,6,0,0,7.33,15.0,0,1645,1769859838.328,-2.665,meta-llama/Llama-3.2-1B-Instruct,"1769859838.328, 1769859838.457, 1769859838.458, 1769859838.843, 1769859839.103"
1.0,0,1769859840.3328,3.2841,27,32,59,0.074,0.0543,0.0695,1.0,0.0,100.0,0.8724,2.3581,2.3581,2798.5503,1769859844.4901621,9.03,145,1605,0.003,7,0,0,7.33,15.0,0,1645,1769859838.328,-2.665,meta-llama/Llama-3.2-1B-Instruct,"1769859838.328, 1769859838.457, 1769859838.458, 1769859838.843, 1769859839.103"
1.0,0,1769859840.4096,3.2713,27,32,59,0.0546,0.0687,0.0742,1.0,0.0,100.0,0.8379,2.3259,2.3259,2800.8762,1769859844.5201879,9.03,145,1606,0.004,8,0,0,7.33,15.0,0,1645,1769859838.328,-2.665,meta-llama/Llama-3.2-1B-Instruct,"1769859838.328, 1769859838.457, 1769859838.458, 1769859838.843, 1769859839.103"
1.0,0,1769859840.5774,3.1737,27,32,59,0.0667,0.0533,0.0599,1.0,0.0,100.0,0.8112,2.2404,2.2404,2803.1166,1769859844.5671535,9.02,145,1607,0.003,7,0,0,7.33,15.0,0,1645,1769859838.328,-2.665,meta-llama/Llama-3.2-1B-Instruct,"1769859838.328, 1769859838.457, 1769859838.458, 1769859838.843, 1769859839.103"
1.0,0,1769859840.5791,3.2508,27,32,59,0.0735,0.0544,0.0582,1.0,0.0,100.0,0.8259,2.3244,2.3244,2805.4409,1769859844.6566346,9.02,145,1608,0.004,8,0,0,7.33,15.0,0,1645,1769859838.328,-2.665,meta-llama/Llama-3.2-1B-Instruct,"1769859838.328, 1769859838.457, 1769859838.458, 1769859838.843, 1769859839.103"
1.0,0,1769859840.5808,3.3097,27,32,59,0.0579,0.0614,0.0647,1.0,0.0,100.0,0.7874,2.3676,2.3676,2807.8085,1769859844.6891026,9.01,145,1609,0.003,7,0,0,7.33,15.0,0,1645,1769859838.328,-2.665,meta-llama/Llama-3.2-1B-Instruct,"1769859838.328, 1769859838.457, 1769859838.458, 1769859838.843, 1769859839.103"
1.0,0,1769859840.5825,3.372,27,32,59,0.0718,0.0585,0.0632,1.0,0.0,100.0,0.7387,2.4438,2.4438,2810.2523,1769859844.694327,9.01,145,1610,0.003,7,0,0,7.33,15.0,0,1645,1769859838.328,-2.665,meta-llama/Llama-3.2-1B-Instruct,"1769859838.328, 1769859838.457, 1769859838.458, 1769859838.843, 1769859839.103"
1.0,0,1769859840.584,3.4303,27,32,59,0.0714,0.0629,0.0639,1.0,0.0,100.0,0.7338,2.5018,2.5018,2812.7541,1769859844.751959,9.0,145,1611,0.003,7,0,0,7.33,15.0,0,1645,1769859838.328,-2.665,meta-llama/Llama-3.2-1B-Instruct,"1769859838.328, 1769859838.457, 1769859838.458, 1769859838.843, 1769859839.103"
1.0,0,1769859840.5854,3.5132,27,32,59,0.0809,0.0536,0.0543,1.0,0.0,100.0,0.7175,2.5941,2.5941,2815.3482,1769859844.8236804,9.0,145,1612,0.004,9,0,0,7.33,15.0,0,1645,1769859838.328,-2.665,meta-llama/Llama-3.2-1B-Instruct,"1769859838.328, 1769859838.457, 1769859838.458, 1769859838.843, 1769859839.103"
1.0,0,1769859840.5867,3.5754,27,32,59,0.0731,0.0514,0.0554,1.0,0.0,100.0,0.7103,2.6485,2.6485,2817.9967,1769859844.8793159,8.99,145,1613,0.004,9,1,0,7.33,15.0,0,1645,1769859838.328,-2.665,meta-llama/Llama-3.2-1B-Instruct,"1769859838.328, 1769859838.457, 1769859838.458, 1769859838.843, 1769859839.103"
1.0,0,1769859840.6609,3.5932,27,32,59,0.0741,0.0504,0.0646,1.0,0.0,100.0,0.7171,2.6673,2.6673,2820.664,1769859844.9726114,8.98,145,1614,0.005,11,0,0,7.33,15.0,0,1645,1769859838.328,-2.665,meta-llama/Llama-3.2-1B-Instruct,"1769859838.328, 1769859838.457, 1769859838.458, 1769859838.843, 1769859839.103"
1.0,0,1769859840.6626,3.7022,27,32,59,0.0729,0.0567,0.0635,1.0,0.0,100.0,0.7532,2.7751,2.7751,2823.4391,1769859845.1191788,8.98,145,1615,0.006,12,0,0,7.33,15.0,0,1645,1769859838.328,-2.665,meta-llama/Llama-3.2-1B-Instruct,"1769859838.328, 1769859838.457, 1769859838.458, 1769859838.843, 1769859839.103"
1.0,0,1769859840.6643,3.768,27,32,59,0.0557,0.0591,0.0697,1.0,0.0,100.0,0.7227,2.8238,2.8238,2826.2629,1769859845.160803,8.97,145,1616,0.005,10,1,0,7.33,15.0,0,1645,1769859838.328,-2.665,meta-llama/Llama-3.2-1B-Instruct,"1769859838.328, 1769859838.457, 1769859838.458, 1769859838.843, 1769859839.103"
1.0,0,1769859840.666,3.8728,27,32,59,0.0812,0.0528,0.0566,1.0,0.0,100.0,0.7659,2.954,2.954,2829.2169,1769859845.308117,8.97,145,1617,0.005,10,0,0,7.33,15.0,0,1645,1769859838.328,-2.665,meta-llama/Llama-3.2-1B-Instruct,"1769859838.328, 1769859838.457, 1769859838.458, 1769859838.843, 1769859839.103"
1.0,0,1769859840.7318,3.9914,27,32,59,0.0727,0.0586,0.0591,1.0,0.0,100.0,0.8899,3.0641,3.0641,2832.281,1769859845.6270347,8.96,145,1618,0.004,7,0,0,7.33,15.0,0,1645,1769859838.328,-2.665,meta-llama/Llama-3.2-1B-Instruct,"1769859838.328, 1769859838.457, 1769859838.458, 1769859838.843, 1769859839.103"
1.0,0,1769859840.6676,4.0369,27,32,59,0.0895,0.0587,0.0629,1.0,0.0,100.0,0.925,3.1264,3.1264,2835.4074,1769859845.6313646,8.96,145,1619,0.005,10,0,0,7.33,15.0,0,1645,1769859838.328,-2.665,meta-llama/Llama-3.2-1B-Instruct,"1769859838.328, 1769859838.457, 1769859838.458, 1769859838.843, 1769859839.103"
1.0,0,1769859840.8882,3.9174,27,32,59,0.0649,0.0602,0.061,1.0,0.0,100.0,0.8748,2.9824,2.9824,2838.3898,1769859845.6888945,8.95,145,1620,0.004,8,0,0,7.33,15.0,0,1645,1769859838.328,-2.665,meta-llama/Llama-3.2-1B-Instruct,"1769859838.328, 1769859838.457, 1769859838.458, 1769859838.843, 1769859839.103"
1.0,0,1769859840.8899,3.9855,27,32,59,0.0692,0.0623,0.0677,1.0,0.0,100.0,0.8852,3.0547,3.0547,2841.4445,1769859845.7615113,8.95,145,1621,0.003,7,0,0,7.33,15.0,0,1645,1769859838.328,-2.665,meta-llama/Llama-3.2-1B-Instruct,"1769859838.328, 1769859838.457, 1769859838.458, 1769859838.843, 1769859839.103"
1.0,0,1769859841.094,3.8558,27,32,59,0.0802,0.0562,0.0616,1.0,0.0,100.0,0.8645,2.936,2.936,2844.3804,1769859845.8243968,8.94,145,1622,0.003,7,1,0,7.33,15.0,0,1645,1769859838.328,-2.665,meta-llama/Llama-3.2-1B-Instruct,"1769859838.328, 1769859838.457, 1769859838.458, 1769859838.843, 1769859839.103"
1.0,0,1769859841.1666,3.8523,27,32,59,0.0581,0.0555,0.0637,1.0,0.0,100.0,0.8571,2.9104,2.9104,2847.2908,1769859845.8811383,8.93,145,1623,0.004,8,0,0,7.33,15.0,0,1645,1769859838.328,-2.665,meta-llama/Llama-3.2-1B-Instruct,"1769859838.328, 1769859838.457, 1769859838.458, 1769859838.843, 1769859839.103"
1.0,0,1769859841.3799,3.7203,27,32,59,0.0542,0.0558,0.0581,1.0,0.0,100.0,0.8113,2.7744,2.7744,2850.0652,1769859845.9125834,8.93,145,1624,0.004,9,0,0,7.33,15.0,0,1645,1769859838.328,-2.665,meta-llama/Llama-3.2-1B-Instruct,"1769859838.328, 1769859838.457, 1769859838.458, 1769859838.843, 1769859839.103"
1.0,0,1769859841.4553,3.7943,27,29,56,0.0556,0.0583,0.0611,1.0,0.0,100.0,0.7352,2.8499,2.8499,2855.8079,1769859845.989121,8.92,145,1626,0.004,8,1,0,7.33,15.0,0,1645,1769859838.328,-2.665,meta-llama/Llama-3.2-1B-Instruct,"1769859838.328, 1769859838.457, 1769859838.458, 1769859838.843, 1769859839.103"
1.0,0,1769859841.3815,3.8006,27,32,59,0.0922,0.0594,0.0599,1.0,0.0,100.0,0.8069,2.8928,2.8928,2855.8079,1769859845.9932184,8.92,145,1626,0.004,8,0,0,7.33,15.0,0,1645,1769859838.328,-2.665,meta-llama/Llama-3.2-1B-Instruct,"1769859838.328, 1769859838.457, 1769859838.458, 1769859838.843, 1769859839.103"
1.0,0,1769859841.6266,3.6965,27,30,57,0.0594,0.0575,0.0575,1.0,0.0,100.0,0.7834,2.7559,2.7559,2858.5638,1769859846.108641,8.91,145,1627,0.004,9,0,0,7.33,15.0,0,1645,1769859838.328,-2.665,meta-llama/Llama-3.2-1B-Instruct,"1769859838.328, 1769859838.457, 1769859838.458, 1769859838.843, 1769859839.103"
1.0,0,1769859841.7839,3.6042,27,32,59,0.0782,0.0511,0.0542,1.0,0.0,100.0,0.7474,2.6824,2.6824,2861.2462,1769859846.1365044,8.91,145,1628,0.004,9,0,0,7.33,15.0,0,1645,1769859838.328,-2.665,meta-llama/Llama-3.2-1B-Instruct,"1769859838.328, 1769859838.457, 1769859838.458, 1769859838.843, 1769859839.103"
1.0,0,1769859841.8754,3.5923,27,32,59,0.083,0.0512,0.053,1.0,0.0,100.0,0.7115,2.6753,2.6753,2863.9215,1769859846.180415,8.9,145,1629,0.005,11,0,0,7.33,15.0,0,1704,1769859843.161,-3.013,meta-llama/Llama-3.2-1B-Instruct,"1769859843.161, 1769859843.225, 1769859843.227, 1769859843.606, 1769859843.608"
1.0,0,1769859841.8768,3.6486,27,32,59,0.0646,0.0562,0.0596,1.0,0.0,100.0,0.6812,2.7132,2.7132,2866.6347,1769859846.207049,8.9,145,1630,0.005,12,0,0,7.33,15.0,0,1704,1769859843.161,-3.013,meta-llama/Llama-3.2-1B-Instruct,"1769859843.161, 1769859843.225, 1769859843.227, 1769859843.606, 1769859843.608"
1.0,0,1769859841.9461,3.6633,27,31,58,0.0732,0.051,0.0553,1.0,0.0,100.0,0.6592,2.7366,2.7366,2869.3713,1769859846.272552,8.89,145,1631,0.006,13,0,0,7.33,15.0,0,1704,1769859843.161,-3.013,meta-llama/Llama-3.2-1B-Instruct,"1769859843.161, 1769859843.225, 1769859843.227, 1769859843.606, 1769859843.608"
1.0,0,1769859842.0284,3.6699,27,32,59,0.0599,0.0519,0.0585,1.0,0.0,100.0,0.6713,2.7298,2.7298,2872.1011,1769859846.37238,8.88,145,1632,0.005,11,0,0,7.33,15.0,0,1704,1769859843.161,-3.013,meta-llama/Llama-3.2-1B-Instruct,"1769859843.161, 1769859843.225, 1769859843.227, 1769859843.606, 1769859843.608"
1.0,0,1769859842.1062,3.7021,27,32,59,0.0607,0.0554,0.0557,1.0,0.0,100.0,0.6922,2.7628,2.7628,2874.8639,1769859846.501481,8.88,145,1633,0.005,11,0,0,7.33,15.0,0,1704,1769859843.161,-3.013,meta-llama/Llama-3.2-1B-Instruct,"1769859843.161, 1769859843.225, 1769859843.227, 1769859843.606, 1769859843.608"
1.0,0,1769859842.1597,3.8206,27,32,59,0.0791,0.0514,0.0517,1.0,0.0,100.0,0.7766,2.8997,2.8997,2880.7119,1769859846.7619948,8.87,145,1635,0.004,8,0,0,7.33,15.0,0,1704,1769859843.161,-3.013,meta-llama/Llama-3.2-1B-Instruct,"1769859843.161, 1769859843.225, 1769859843.227, 1769859843.606, 1769859843.608"
1.0,0,1769859842.1075,3.8466,27,32,59,0.1018,0.0504,0.0562,1.0,0.0,100.0,0.8063,2.9484,2.9484,2880.7119,1769859846.7628562,8.87,145,1635,0.005,10,0,0,7.33,15.0,0,1704,1769859843.161,-3.013,meta-llama/Llama-3.2-1B-Instruct,"1769859843.161, 1769859843.225, 1769859843.227, 1769859843.606, 1769859843.608"
1.0,0,1769859842.2247,4.0744,27,32,59,0.0681,0.0517,0.0551,1.0,0.0,100.0,0.8439,3.1424,3.1424,2887.0097,1769859847.1474922,8.86,145,1637,0.002,4,0,0,7.33,15.0,0,1704,1769859843.161,-3.013,meta-llama/Llama-3.2-1B-Instruct,"1769859843.161, 1769859843.225, 1769859843.227, 1769859843.606, 1769859843.608"
1.0,0,1769859842.1612,4.0989,27,32,59,0.0564,0.0511,0.0519,1.0,0.0,100.0,0.8851,3.1553,3.1553,2887.0097,1769859847.1476848,8.86,145,1637,0.002,4,0,0,7.33,15.0,0,1704,1769859843.161,-3.013,meta-llama/Llama-3.2-1B-Instruct,"1769859843.161, 1769859843.225, 1769859843.227, 1769859843.606, 1769859843.608"
1.0,0,1769859842.2271,4.1218,27,32,59,0.0743,0.0548,0.0558,1.0,0.0,100.0,0.8219,3.1961,3.1961,2890.2059,1769859847.171523,8.85,145,1638,0.002,5,0,0,7.33,15.0,0,1704,1769859843.161,-3.013,meta-llama/Llama-3.2-1B-Instruct,"1769859843.161, 1769859843.225, 1769859843.227, 1769859843.606, 1769859843.608"
1.0,0,1769859842.6063,3.8049,27,32,59,0.0759,0.0537,0.0585,1.0,0.0,100.0,0.7964,2.8808,2.8808,2893.0867,1769859847.215641,8.85,145,1639,0.002,5,0,0,7.33,15.0,0,1704,1769859843.161,-3.013,meta-llama/Llama-3.2-1B-Instruct,"1769859843.161, 1769859843.225, 1769859843.227, 1769859843.606, 1769859843.608"
1.0,0,1769859842.6082,3.8831,27,32,59,0.0705,0.0518,0.0569,1.0,0.0,100.0,0.7766,2.9536,2.9536,2896.0402,1769859847.2687328,8.84,145,1640,0.003,6,0,0,7.33,15.0,0,1704,1769859843.161,-3.013,meta-llama/Llama-3.2-1B-Instruct,"1769859843.161, 1769859843.225, 1769859843.227, 1769859843.606, 1769859843.608"
1.0,0,1769859842.7039,3.8517,27,32,59,0.0688,0.0529,0.0923,1.0,0.0,100.0,0.863,2.9205,2.9205,2898.9607,1769859847.4257295,8.84,145,1641,0.003,6,0,0,7.33,15.0,0,1704,1769859843.161,-3.013,meta-llama/Llama-3.2-1B-Instruct,"1769859843.161, 1769859843.225, 1769859843.227, 1769859843.606, 1769859843.608"
1.0,0,1769859842.808,3.8092,27,32,59,0.0852,0.0497,0.0977,1.0,0.0,100.0,0.8895,2.8944,2.8944,2901.8551,1769859847.5101745,8.83,145,1642,0.003,7,0,0,7.33,15.0,0,1704,1769859843.161,-3.013,meta-llama/Llama-3.2-1B-Instruct,"1769859843.161, 1769859843.225, 1769859843.227, 1769859843.606, 1769859843.608"
1.0,0,1769859842.8096,3.887,27,32,59,0.0742,0.0558,0.0909,1.0,0.0,100.0,0.8462,2.9612,2.9612,2904.8164,1769859847.5447106,8.83,145,1643,0.004,8,0,0,7.33,15.0,0,1704,1769859843.161,-3.013,meta-llama/Llama-3.2-1B-Instruct,"1769859843.161, 1769859843.225, 1769859843.227, 1769859843.606, 1769859843.608"
1.0,0,1769859842.811,3.9544,27,32,59,0.0834,0.054,0.0969,1.0,0.0,100.0,0.8683,3.0378,3.0378,2907.8542,1769859847.6355367,8.82,145,1644,0.003,8,0,0,7.33,15.0,0,1704,1769859843.161,-3.013,meta-llama/Llama-3.2-1B-Instruct,"1769859843.161, 1769859843.225, 1769859843.227, 1769859843.606, 1769859843.608"
1.0,0,1769859842.8826,3.9574,27,32,59,0.0523,0.0499,0.0908,1.0,0.0,100.0,0.8247,3.0097,3.0097,2910.8639,1769859847.6720343,8.81,145,1645,0.003,8,1,0,7.33,15.0,0,1704,1769859843.161,-3.013,meta-llama/Llama-3.2-1B-Instruct,"1769859843.161, 1769859843.225, 1769859843.227, 1769859843.606, 1769859843.608"
1.0,0,1769859842.9439,3.9727,27,32,59,0.0851,0.0598,0.0955,1.0,0.0,100.0,0.8732,3.0578,3.0578,2913.9217,1769859847.7921574,8.81,145,1646,0.005,10,0,0,7.33,15.0,0,1704,1769859843.161,-3.013,meta-llama/Llama-3.2-1B-Instruct,"1769859843.161, 1769859843.225, 1769859843.227, 1769859843.606, 1769859843.608"
1.0,0,1769859843.0322,3.9557,27,32,59,0.0701,0.0528,0.0868,1.0,0.0,100.0,0.8376,3.0258,3.0258,2916.9476,1769859847.827573,8.8,145,1647,0.005,10,0,0,7.33,15.0,0,1704,1769859843.161,-3.013,meta-llama/Llama-3.2-1B-Instruct,"1769859843.161, 1769859843.225, 1769859843.227, 1769859843.606, 1769859843.608"
1.0,0,1769859843.5824,4.2223,27,0,27,,,,1.0,,,0.0694,3.2917,3.2917,2920.2392,1769859847.8773158,8.8,145,1648,0.005,11,0,0,7.33,15.0,0,1704,1769859843.161,-3.013,meta-llama/Llama-3.2-1B-Instruct,"1769859843.161, 1769859843.225, 1769859843.227, 1769859843.606, 1769859843.608"
1.0,0,1769859843.3039,4.1815,27,18,45,0.0569,0.0475,0.0475,1.0,0.0,100.0,0.5457,3.2384,3.2384,2923.4776,1769859848.0332,8.79,145,1649,0.006,12,0,0,7.33,15.0,0,1704,1769859843.161,-3.013,meta-llama/Llama-3.2-1B-Instruct,"1769859843.161, 1769859843.225, 1769859843.227, 1769859843.606, 1769859843.608"
1.0,0,1769859843.0336,4.1574,27,32,59,0.1518,0.0497,0.054,1.0,0.0,100.0,0.9453,3.3092,3.3092,2936.6598,1769859848.1422951,8.79,145,1653,0.005,11,1,0,7.33,15.0,0,1704,1769859843.161,-3.013,meta-llama/Llama-3.2-1B-Instruct,"1769859843.161, 1769859843.225, 1769859843.227, 1769859843.606, 1769859843.608"
1.0,0,1769859843.0364,4.2058,27,32,59,0.0996,0.0555,0.07,1.0,0.0,100.0,0.8994,3.3054,3.3054,2936.6598,1769859848.1464412,8.78,145,1653,0.004,8,0,0,7.33,15.0,0,1704,1769859843.161,-3.013,meta-llama/Llama-3.2-1B-Instruct,"1769859843.161, 1769859843.225, 1769859843.227, 1769859843.606, 1769859843.608"
1.0,0,1769859843.0378,4.2442,27,32,59,0.062,0.0551,0.0635,1.0,0.0,100.0,0.8564,3.3062,3.3062,2936.6598,1769859848.1502407,8.78,145,1653,0.004,8,2,0,7.33,15.0,0,1704,1769859843.161,-3.013,meta-llama/Llama-3.2-1B-Instruct,"1769859843.161, 1769859843.225, 1769859843.227, 1769859843.606, 1769859843.608"
1.0,0,1769859843.035,4.1615,27,32,59,0.0999,0.0589,0.0608,1.0,0.0,100.0,0.9456,3.2613,3.2613,2936.6598,1769859848.152436,8.77,145,1653,0.006,12,0,0,7.33,15.0,0,1704,1769859843.161,-3.013,meta-llama/Llama-3.2-1B-Instruct,"1769859843.161, 1769859843.225, 1769859843.227, 1769859843.606, 1769859843.608"
1.0,0,1769859843.2231,4.1252,27,32,59,0.0677,0.055,0.0622,1.0,0.0,100.0,0.839,3.1929,3.1929,2939.8527,1769859848.1924803,8.77,145,1654,0.005,10,1,0,7.33,15.0,0,1704,1769859843.161,-3.013,meta-llama/Llama-3.2-1B-Instruct,"1769859843.161, 1769859843.225, 1769859843.227, 1769859843.606, 1769859843.608"
1.0,0,1769859843.3069,4.3398,27,19,46,0.0699,0.063,0.063,1.0,0.0,100.0,0.5462,3.4098,3.4098,2943.2625,1769859848.1955369,8.76,145,1655,0.005,11,0,0,7.33,15.0,0,1704,1769859843.161,-3.013,meta-llama/Llama-3.2-1B-Instruct,"1769859843.161, 1769859843.225, 1769859843.227, 1769859843.606, 1769859843.608"
1.0,0,1769859843.2245,4.1853,27,32,59,0.0553,0.0536,0.0547,1.0,0.0,100.0,0.8587,3.2407,3.2407,2946.5031,1769859848.2756815,8.76,145,1656,0.005,11,0,0,7.33,15.0,0,1704,1769859843.161,-3.013,meta-llama/Llama-3.2-1B-Instruct,"1769859843.161, 1769859843.225, 1769859843.227, 1769859843.606, 1769859843.608"
1.0,0,1769859843.3054,4.2517,27,32,59,0.0779,0.0543,0.057,1.0,0.0,100.0,0.8241,3.3296,3.3296,2949.8327,1769859848.3890593,8.75,145,1657,0.005,11,0,0,7.33,15.0,0,1704,1769859843.161,-3.013,meta-llama/Llama-3.2-1B-Instruct,"1769859843.161, 1769859843.225, 1769859843.227, 1769859843.606, 1769859843.608"
1.0,0,1769859843.4161,4.3064,27,32,59,0.0687,0.0566,0.0618,1.0,0.0,100.0,0.8195,3.3751,3.3751,2953.2078,1769859848.5432928,8.75,145,1658,0.005,11,0,0,7.33,15.0,0,1704,1769859843.161,-3.013,meta-llama/Llama-3.2-1B-Instruct,"1769859843.161, 1769859843.225, 1769859843.227, 1769859843.606, 1769859843.608"
1.0,0,1769859844.5007,4.1188,27,0,27,,,,1.0,,,0.0667,3.1855,3.1855,2956.3933,1769859848.6873808,8.74,145,1659,0.004,9,0,0,7.33,15.0,0,1704,1769859843.161,-3.013,meta-llama/Llama-3.2-1B-Instruct,"1769859843.161, 1769859843.225, 1769859843.227, 1769859843.606, 1769859843.608"
1.0,0,1769859843.8665,4.0109,27,33,60,0.0835,0.0536,0.0541,1.0,0.0,100.0,0.8889,3.0943,3.0943,2959.4876,1769859848.77056,8.73,145,1660,0.005,11,0,0,7.33,15.0,0,1704,1769859843.161,-3.013,meta-llama/Llama-3.2-1B-Instruct,"1769859843.161, 1769859843.225, 1769859843.227, 1769859843.606, 1769859843.608"
1.0,0,1769859843.8681,4.0801,27,32,59,0.0698,0.0541,0.061,1.0,0.0,100.0,0.8488,3.1498,3.1498,2962.6374,1769859848.8105302,8.73,145,1661,0.005,10,1,0,7.33,15.0,0,1704,1769859843.161,-3.013,meta-llama/Llama-3.2-1B-Instruct,"1769859843.161, 1769859843.225, 1769859843.227, 1769859843.606, 1769859843.608"
1.0,0,1769859843.9238,4.0849,27,32,59,0.0682,0.0513,0.0548,1.0,0.0,100.0,0.8182,3.1531,3.1531,2965.7905,1769859848.8352263,8.72,145,1662,0.006,11,0,0,7.33,15.0,0,1704,1769859843.161,-3.013,meta-llama/Llama-3.2-1B-Instruct,"1769859843.161, 1769859843.225, 1769859843.227, 1769859843.606, 1769859843.608"
1.0,0,1769859843.9252,4.1727,27,32,59,0.0921,0.0526,0.0586,1.0,0.0,100.0,0.9593,3.2649,3.2649,2972.3651,1769859849.0680935,8.72,145,1664,0.006,12,0,0,7.33,15.0,0,1704,1769859843.161,-3.013,meta-llama/Llama-3.2-1B-Instruct,"1769859843.161, 1769859843.225, 1769859843.227, 1769859843.606, 1769859843.608"
1.0,0,1769859843.9266,4.2508,27,32,59,0.0588,0.0567,0.0604,1.0,0.0,100.0,0.8897,3.3097,3.3097,2972.3651,1769859849.0700932,8.71,145,1664,0.004,8,0,0,7.33,15.0,0,1704,1769859843.161,-3.013,meta-llama/Llama-3.2-1B-Instruct,"1769859843.161, 1769859843.225, 1769859843.227, 1769859843.606, 1769859843.608"
1.0,0,1769859843.9869,4.2696,27,32,59,0.0683,0.0554,0.0642,1.0,0.0,100.0,0.9331,3.3379,3.3379,2975.7029,1769859849.1973631,8.71,145,1665,0.004,8,0,0,7.33,15.0,0,1704,1769859843.161,-3.013,meta-llama/Llama-3.2-1B-Instruct,"1769859843.161, 1769859843.225, 1769859843.227, 1769859843.606, 1769859843.608"
1.0,0,1769859845.1366,4.0287,27,0,27,,,,1.0,,,0.0882,3.1169,3.1169,2978.8199,1769859849.255439,8.7,145,1666,0.005,11,1,0,7.33,15.0,0,1704,1769859843.161,-3.013,meta-llama/Llama-3.2-1B-Instruct,"1769859843.161, 1769859843.225, 1769859843.227, 1769859843.606, 1769859843.608"
1.0,0,1769859844.2041,4.2218,27,32,59,0.0788,0.0581,0.0593,1.0,0.0,100.0,0.9499,3.3006,3.3006,2985.4882,1769859849.3799746,8.7,145,1668,0.003,7,0,0,7.33,15.0,0,1704,1769859843.161,-3.013,meta-llama/Llama-3.2-1B-Instruct,"1769859843.161, 1769859843.225, 1769859843.227, 1769859843.606, 1769859843.608"
1.0,0,1769859844.1384,4.2789,27,32,59,0.0888,0.0601,0.0727,1.0,0.0,100.0,0.9624,3.3677,3.3677,2985.4882,1769859849.3809323,8.69,145,1668,0.003,7,0,0,7.33,15.0,0,1704,1769859843.161,-3.013,meta-llama/Llama-3.2-1B-Instruct,"1769859843.161, 1769859843.225, 1769859843.227, 1769859843.606, 1769859843.608"
1.0,0,1769859844.2055,4.3052,27,32,59,0.0701,0.0626,0.0633,1.0,0.0,100.0,0.9539,3.3753,3.3753,2992.0869,1769859849.4721322,8.69,145,1670,0.004,8,1,0,7.33,15.0,0,1704,1769859843.161,-3.013,meta-llama/Llama-3.2-1B-Instruct,"1769859843.161, 1769859843.225, 1769859843.227, 1769859843.606, 1769859843.608"
1.0,0,1769859844.412,4.1593,27,32,59,0.0641,0.0565,0.0574,1.0,0.0,100.0,0.9006,3.2234,3.2234,2992.0869,1769859849.473944,8.68,145,1670,0.004,8,1,0,7.33,15.0,0,1704,1769859843.161,-3.013,meta-llama/Llama-3.2-1B-Instruct,"1769859843.161, 1769859843.225, 1769859843.227, 1769859843.606, 1769859843.608"
1.0,0,1769859844.505,4.1776,27,32,59,0.0493,0.0588,0.0776,1.0,0.0,100.0,0.8533,3.2269,3.2269,2995.3138,1769859849.53815,8.68,145,1671,0.005,10,0,0,7.33,15.0,0,1704,1769859843.161,-3.013,meta-llama/Llama-3.2-1B-Instruct,"1769859843.161, 1769859843.225, 1769859843.227, 1769859843.606, 1769859843.608"
1.0,0,1769859844.5065,4.3076,27,32,59,0.0697,0.0575,0.0639,1.0,0.0,100.0,0.8958,3.3774,3.3774,3002.0431,1769859849.7134814,8.67,145,1673,0.005,10,0,0,7.33,15.0,0,1704,1769859843.161,-3.013,meta-llama/Llama-3.2-1B-Instruct,"1769859843.161, 1769859843.225, 1769859843.227, 1769859843.606, 1769859843.608"
1.0,0,1769859844.5825,4.2876,27,32,59,0.0643,0.0619,0.0711,1.0,0.0,100.0,0.8424,3.3519,3.3519,3002.0431,1769859849.714136,8.67,145,1673,0.004,8,1,0,7.33,15.0,0,1704,1769859843.161,-3.013,meta-llama/Llama-3.2-1B-Instruct,"1769859843.161, 1769859843.225, 1769859843.227, 1769859843.606, 1769859843.608"
1.0,0,1769859844.6804,4.2467,27,32,59,0.0788,0.0593,0.1287,1.0,0.0,100.0,0.9419,3.3256,3.3256,3005.3687,1769859849.872119,8.66,145,1674,0.004,9,0,0,7.33,15.0,0,1704,1769859843.161,-3.013,meta-llama/Llama-3.2-1B-Instruct,"1769859843.161, 1769859843.225, 1769859843.227, 1769859843.606, 1769859843.608"
1.0,0,1769859844.8386,4.1416,27,32,59,0.0733,0.075,0.1304,1.0,0.0,100.0,0.9487,3.215,3.215,3008.5837,1769859849.9347615,8.66,145,1675,0.005,10,1,0,7.33,15.0,0,1704,1769859843.161,-3.013,meta-llama/Llama-3.2-1B-Instruct,"1769859843.161, 1769859843.225, 1769859843.227, 1769859843.606, 1769859843.608"
1.0,0,1769859844.9194,4.1229,27,32,59,0.069,0.0718,0.1283,1.0,0.0,100.0,0.9443,3.1919,3.1919,3011.7755,1769859849.9960055,8.65,145,1676,0.005,11,0,0,7.33,15.0,0,1704,1769859843.161,-3.013,meta-llama/Llama-3.2-1B-Instruct,"1769859843.161, 1769859843.225, 1769859843.227, 1769859843.606, 1769859843.608"
1.0,0,1769859844.921,4.1824,27,32,59,0.0801,0.0637,0.1269,1.0,0.0,100.0,0.9105,3.2626,3.2626,3015.0381,1769859850.016497,8.65,145,1677,0.004,10,0,0,7.33,15.0,0,1704,1769859843.161,-3.013,meta-llama/Llama-3.2-1B-Instruct,"1769859843.161, 1769859843.225, 1769859843.227, 1769859843.606, 1769859843.608"
1.0,0,1769859845.138,4.1198,27,32,59,0.0839,0.0617,0.1297,1.0,0.0,100.0,0.9239,3.2037,3.2037,3018.2418,1769859850.183986,8.64,145,1678,0.006,12,0,0,7.33,15.0,0,1704,1769859843.161,-3.013,meta-llama/Llama-3.2-1B-Instruct,"1769859843.161, 1769859843.225, 1769859843.227, 1769859843.606, 1769859843.608"
1.0,0,1769859845.2887,4.0536,27,32,59,0.0755,0.0615,0.1337,1.0,0.0,100.0,0.9252,3.1291,3.1291,3021.3709,1769859850.270467,8.64,145,1679,0.006,12,0,0,7.33,15.0,0,1704,1769859843.161,-3.013,meta-llama/Llama-3.2-1B-Instruct,"1769859843.161, 1769859843.225, 1769859843.227, 1769859843.606, 1769859843.608"
1.0,0,1769859845.2903,4.1647,27,32,59,0.0817,0.0709,0.1284,1.0,0.0,100.0,0.9531,3.2464,3.2464,3024.6173,1769859850.4136188,8.63,145,1680,0.005,11,0,0,7.33,15.0,0,1704,1769859843.161,-3.013,meta-llama/Llama-3.2-1B-Instruct,"1769859843.161, 1769859843.225, 1769859843.227, 1769859843.606, 1769859843.608"
1.0,0,1769859845.2919,4.2302,27,32,59,0.0579,0.0707,0.125,1.0,0.0,100.0,0.9368,3.288,3.288,3027.9053,1769859850.4597077,8.63,145,1681,0.005,9,1,0,7.33,15.0,0,1704,1769859843.161,-3.013,meta-llama/Llama-3.2-1B-Instruct,"1769859843.161, 1769859843.225, 1769859843.227, 1769859843.606, 1769859843.608"
1.0,0,1769859846.3241,3.4329,27,32,59,0.0634,0.0582,0.0684,1.0,0.0,100.0,0.9121,2.4964,2.4964,3033.6731,1769859850.6772265,8.62,145,1683,0.005,9,1,0,7.33,15.0,0,1704,1769859843.161,-3.013,meta-llama/Llama-3.2-1B-Instruct,"1769859843.161, 1769859843.225, 1769859843.227, 1769859843.606, 1769859843.608"
1.0,0,1769859845.5025,4.1556,27,32,59,0.1159,0.0607,0.0909,1.0,0.0,100.0,1.0155,3.2714,3.2714,3039.4584,1769859850.6790462,8.62,145,1685,0.004,9,0,0,7.33,15.0,0,1704,1769859843.161,-3.013,meta-llama/Llama-3.2-1B-Instruct,"1769859843.161, 1769859843.225, 1769859843.227, 1769859843.606, 1769859843.608"
1.0,0,1769859846.3255,3.4819,27,32,59,0.0641,0.0565,0.0586,1.0,0.0,100.0,0.8702,2.546,2.546,3039.4584,1769859850.6823123,8.61,145,1685,0.005,10,1,0,7.33,15.0,0,1704,1769859843.161,-3.013,meta-llama/Llama-3.2-1B-Instruct,"1769859843.161, 1769859843.225, 1769859843.227, 1769859843.606, 1769859843.608"
1.0,0,1769859845.5721,4.1168,27,31,58,0.1225,0.0593,0.0753,1.0,0.0,100.0,0.9891,3.2393,3.2393,3039.4584,1769859850.6825037,8.61,145,1685,0.005,9,0,0,7.33,15.0,0,1704,1769859843.161,-3.013,meta-llama/Llama-3.2-1B-Instruct,"1769859843.161, 1769859843.225, 1769859843.227, 1769859843.606, 1769859843.608"
1.0,0,1769859846.3934,3.4624,27,32,59,0.0685,0.065,0.0667,1.0,0.0,100.0,0.8805,2.5309,2.5309,3041.9893,1769859850.7409956,8.6,145,1686,0.005,11,1,0,7.33,15.0,0,1704,1769859843.161,-3.013,meta-llama/Llama-3.2-1B-Instruct,"1769859843.161, 1769859843.225, 1769859843.227, 1769859843.606, 1769859843.608"
1.0,0,1769859846.3948,3.5188,27,32,59,0.0745,0.0572,0.0575,1.0,0.0,100.0,0.8835,2.5933,2.5933,3044.5826,1769859850.8022835,8.6,145,1687,0.005,11,1,0,7.33,15.0,0,1704,1769859843.161,-3.013,meta-llama/Llama-3.2-1B-Instruct,"1769859843.161, 1769859843.225, 1769859843.227, 1769859843.606, 1769859843.608"
1.0,0,1769859846.3961,3.5925,27,32,59,0.0871,0.0584,0.064,1.0,0.0,100.0,0.8408,2.6795,2.6795,3047.2621,1769859850.8308027,8.59,145,1688,0.005,11,0,0,7.33,15.0,0,1704,1769859843.161,-3.013,meta-llama/Llama-3.2-1B-Instruct,"1769859843.161, 1769859843.225, 1769859843.227, 1769859843.606, 1769859843.608"
1.0,0,1769859846.4488,3.6099,27,32,59,0.0808,0.0471,0.055,1.0,0.0,100.0,0.7966,2.6907,2.6907,3049.9528,1769859850.8573878,8.58,145,1689,0.005,10,0,0,7.33,15.0,0,1704,1769859843.161,-3.013,meta-llama/Llama-3.2-1B-Instruct,"1769859843.161, 1769859843.225, 1769859843.227, 1769859843.606, 1769859843.608"
1.0,0,1769859846.4501,3.7092,27,32,59,0.0598,0.0584,0.0585,1.0,0.0,100.0,0.8222,2.769,2.769,3052.7218,1769859850.9920294,8.58,145,1690,0.005,12,0,0,7.33,15.0,0,1704,1769859843.161,-3.013,meta-llama/Llama-3.2-1B-Instruct,"1769859843.161, 1769859843.225, 1769859843.227, 1769859843.606, 1769859843.608"
1.0,0,1769859846.5248,3.6993,27,32,59,0.0887,0.0535,0.0569,1.0,0.0,100.0,0.8492,2.7881,2.7881,3057.626,1769859851.077358,8.57,145,1692,0.005,11,0,0,7.33,15.0,0,1704,1769859843.161,-3.013,meta-llama/Llama-3.2-1B-Instruct,"1769859843.161, 1769859843.225, 1769859843.227, 1769859843.606, 1769859843.608"
1.0,0,1769859846.9607,3.3536,27,32,59,0.061,0.0577,0.0653,1.0,0.0,100.0,0.8163,2.4146,2.4146,3060.0406,1769859851.1314342,8.56,145,1693,0.005,11,1,0,7.33,15.0,0,1704,1769859843.161,-3.013,meta-llama/Llama-3.2-1B-Instruct,"1769859843.161, 1769859843.225, 1769859843.227, 1769859843.606, 1769859843.608"
1.0,0,1769859847.0196,3.3631,27,32,59,0.0705,0.0499,0.0521,1.0,0.0,100.0,0.8285,2.4336,2.4336,3062.4742,1769859851.2125394,8.56,145,1694,0.006,13,0,0,7.33,15.0,0,1753,1769859849.542,-1.659,meta-llama/Llama-3.2-1B-Instruct,"1769859849.542, 1769859849.544, 1769859849.545, 1769859849.547, 1769859849.595"
1.0,0,1769859847.0212,3.4479,27,33,60,0.0804,0.0529,0.0533,1.0,0.0,100.0,0.8625,2.5284,2.5284,3065.0025,1769859851.3335314,8.55,145,1695,0.006,12,0,0,7.33,15.0,0,1753,1769859849.542,-1.659,meta-llama/Llama-3.2-1B-Instruct,"1769859849.542, 1769859849.544, 1769859849.545, 1769859849.547, 1769859849.595"
1.0,0,1769859847.5305,3.043,27,32,59,0.0726,0.049,0.0608,1.0,0.0,100.0,0.8571,2.1156,2.1156,3067.1182,1769859851.4321969,8.55,145,1696,0.007,13,0,0,7.33,15.0,0,1753,1769859849.542,-1.659,meta-llama/Llama-3.2-1B-Instruct,"1769859849.542, 1769859849.544, 1769859849.545, 1769859849.547, 1769859849.595"
1.0,0,1769859847.6921,3.0281,27,32,59,0.0612,0.0476,0.0548,1.0,0.0,100.0,0.7801,2.0893,2.0893,3069.2074,1769859851.5013213,8.54,145,1697,0.005,10,0,0,7.33,15.0,0,1753,1769859849.542,-1.659,meta-llama/Llama-3.2-1B-Instruct,"1769859849.542, 1769859849.544, 1769859849.545, 1769859849.547, 1769859849.595"
1.0,0,1769859847.6937,3.1661,27,32,59,0.0579,0.0459,0.0467,1.0,0.0,100.0,0.7441,2.224,2.224,3073.253,1769859851.6136484,8.54,145,1699,0.005,10,1,0,7.33,15.0,0,1753,1769859849.542,-1.659,meta-llama/Llama-3.2-1B-Instruct,"1769859849.542, 1769859849.544, 1769859849.545, 1769859849.547, 1769859849.595"
1.0,0,1769859848.1512,2.7448,27,32,59,0.0769,0.0449,0.0473,1.0,0.0,100.0,0.716,1.8216,1.8216,3073.253,1769859851.6148338,8.53,145,1699,0.004,8,0,0,7.33,15.0,0,1753,1769859849.542,-1.659,meta-llama/Llama-3.2-1B-Instruct,"1769859849.542, 1769859849.544, 1769859849.545, 1769859849.547, 1769859849.595"
1.0,0,1769859848.1531,2.8323,27,32,59,0.0744,0.0437,0.0457,1.0,0.0,100.0,0.6788,1.9067,1.9067,3075.1597,1769859851.6674433,8.53,145,1700,0.005,10,0,0,7.33,15.0,0,1753,1769859849.542,-1.659,meta-llama/Llama-3.2-1B-Instruct,"1769859849.542, 1769859849.544, 1769859849.545, 1769859849.547, 1769859849.595"
1.0,0,1769859848.2947,2.7699,27,32,59,0.0641,0.0447,0.0472,1.0,0.0,100.0,0.6407,1.834,1.834,3076.9937,1769859851.708795,8.52,145,1701,0.005,9,0,0,7.33,15.0,0,1753,1769859849.542,-1.659,meta-llama/Llama-3.2-1B-Instruct,"1769859849.542, 1769859849.544, 1769859849.545, 1769859849.547, 1769859849.595"
1.0,0,1769859848.2962,2.8442,27,31,58,0.0496,0.0459,0.0462,1.0,0.0,100.0,0.6282,1.8937,1.8937,3078.8874,1769859851.7711446,8.52,145,1702,0.004,8,0,0,7.33,15.0,0,1753,1769859849.542,-1.659,meta-llama/Llama-3.2-1B-Instruct,"1769859849.542, 1769859849.544, 1769859849.545, 1769859849.547, 1769859849.595"
1.0,0,1769859848.5399,2.6509,27,32,59,0.0628,0.0441,0.048,1.0,0.0,100.0,0.5984,1.7137,1.7137,3080.6011,1769859851.7909634,8.51,145,1703,0.004,8,0,0,7.33,15.0,0,1753,1769859849.542,-1.659,meta-llama/Llama-3.2-1B-Instruct,"1769859849.542, 1769859849.544, 1769859849.545, 1769859849.547, 1769859849.595"
1.0,0,1769859848.5422,2.7252,27,32,59,0.065,0.0457,0.0601,1.0,0.0,100.0,0.6283,1.7903,1.7903,3082.3914,1769859851.8981104,8.51,145,1704,0.004,9,0,0,7.33,15.0,0,1753,1769859849.542,-1.659,meta-llama/Llama-3.2-1B-Instruct,"1769859849.542, 1769859849.544, 1769859849.545, 1769859849.547, 1769859849.595"
1.0,0,1769859848.5954,3.2214,27,5,32,0.0685,0.0569,0.0569,1.0,0.0,100.0,0.1557,2.29,2.29,3086.5473,1769859851.973828,8.5,145,1706,0.002,3,1,0,7.33,15.0,0,1753,1769859849.542,-1.659,meta-llama/Llama-3.2-1B-Instruct,"1769859849.542, 1769859849.544, 1769859849.545, 1769859849.547, 1769859849.595"
1.0,0,1769859848.5437,2.8062,27,32,59,0.0598,0.0492,0.0624,1.0,0.0,100.0,0.6213,1.866,1.866,3086.5473,1769859851.9741154,8.5,145,1706,0.004,9,0,0,7.33,15.0,0,1753,1769859849.542,-1.659,meta-llama/Llama-3.2-1B-Instruct,"1769859849.542, 1769859849.544, 1769859849.545, 1769859849.547, 1769859849.595"
1.0,0,1769859848.5985,3.3432,27,3,30,0.0711,0.0188,0.0188,1.0,0.0,100.0,0.1097,2.4143,2.4143,3088.9617,1769859852.0522985,8.49,145,1707,0.002,4,0,0,7.33,15.0,0,1753,1769859849.542,-1.659,meta-llama/Llama-3.2-1B-Instruct,"1769859849.542, 1769859849.544, 1769859849.545, 1769859849.547, 1769859849.595"
1.0,0,1769859848.5454,3.1484,27,32,59,0.0835,0.0654,0.1754,1.0,0.0,100.0,1.009,2.2319,2.2319,3091.1935,1769859852.7152655,8.49,145,1708,0.003,5,0,0,7.33,15.0,0,1753,1769859849.542,-1.659,meta-llama/Llama-3.2-1B-Instruct,"1769859849.542, 1769859849.544, 1769859849.545, 1769859849.547, 1769859849.595"
1.0,0,1769859848.5469,3.2243,27,32,59,0.0901,0.0624,0.1701,1.0,0.0,100.0,1.0154,2.3144,2.3144,3093.5079,1769859852.7930748,8.48,145,1709,0.002,4,0,0,7.33,15.0,0,1753,1769859849.542,-1.659,meta-llama/Llama-3.2-1B-Instruct,"1769859849.542, 1769859849.544, 1769859849.545, 1769859849.547, 1769859849.595"
1.0,0,1769859848.597,3.2776,27,32,59,0.0716,0.0682,0.1755,1.0,0.0,100.0,0.9843,2.3492,2.3492,3095.8571,1769859852.859569,8.48,145,1710,0.002,5,0,0,7.33,15.0,0,1753,1769859849.542,-1.659,meta-llama/Llama-3.2-1B-Instruct,"1769859849.542, 1769859849.544, 1769859849.545, 1769859849.547, 1769859849.595"
1.0,0,1769859849.5473,2.895,27,17,44,0.074,0.0657,0.0657,1.0,0.0,100.0,0.5373,1.969,1.969,3097.8261,1769859852.9840596,8.47,145,1711,0.003,9,0,0,7.33,15.0,0,1753,1769859849.542,-1.659,meta-llama/Llama-3.2-1B-Instruct,"1769859849.542, 1769859849.544, 1769859849.545, 1769859849.547, 1769859849.595"
1.0,0,1769859849.2275,2.9773,27,32,59,0.0577,0.0611,0.0712,1.0,0.0,100.0,0.9564,2.035,2.035,3104.7196,1769859853.168855,8.47,145,1714,0.002,5,1,0,7.33,15.0,0,1753,1769859849.542,-1.659,meta-llama/Llama-3.2-1B-Instruct,"1769859849.542, 1769859849.544, 1769859849.545, 1769859849.547, 1769859849.595"
1.0,0,1769859848.9553,3.1868,27,32,59,0.1074,0.0662,0.0727,1.0,0.0,100.0,1.0209,2.2942,2.2942,3106.7435,1769859853.1702006,8.46,145,1715,0.001,3,0,0,7.33,15.0,0,1753,1769859849.542,-1.659,meta-llama/Llama-3.2-1B-Instruct,"1769859849.542, 1769859849.544, 1769859849.545, 1769859849.547, 1769859849.595"
1.0,0,1769859848.6481,3.4401,27,34,61,0.1241,0.0678,0.116,1.0,0.0,100.0,1.0752,2.5642,2.5642,3106.7435,1769859853.1723459,8.46,145,1715,0.001,3,0,0,7.33,15.0,0,1753,1769859849.542,-1.659,meta-llama/Llama-3.2-1B-Instruct,"1769859849.542, 1769859849.544, 1769859849.545, 1769859849.547, 1769859849.595"
1.0,0,1769859849.3014,2.9512,27,32,59,0.0728,0.0632,0.0695,1.0,0.0,100.0,0.9167,2.0239,2.0239,3109.2755,1769859853.1775687,8.45,145,1716,0.002,6,0,0,7.33,15.0,0,1753,1769859849.542,-1.659,meta-llama/Llama-3.2-1B-Instruct,"1769859849.542, 1769859849.544, 1769859849.545, 1769859849.547, 1769859849.595"
1.0,0,1769859848.6463,3.4478,27,32,59,0.0842,0.0692,0.1456,1.0,0.0,100.0,1.0785,2.532,2.532,3109.2755,1769859853.17777,8.45,145,1716,0.001,3,0,0,7.33,15.0,0,1753,1769859849.542,-1.659,meta-llama/Llama-3.2-1B-Instruct,"1769859849.542, 1769859849.544, 1769859849.545, 1769859849.547, 1769859849.595"
1.0,0,1769859849.4009,2.9141,27,32,59,0.0796,0.0574,0.0578,1.0,0.0,100.0,0.9396,1.9937,1.9937,3113.2414,1769859853.2598896,8.44,145,1718,0.003,7,0,0,7.33,15.0,0,1753,1769859849.542,-1.659,meta-llama/Llama-3.2-1B-Instruct,"1769859849.542, 1769859849.544, 1769859849.545, 1769859849.547, 1769859849.595"
1.0,0,1769859849.4938,2.8814,27,32,59,0.0907,0.0578,0.0718,1.0,0.0,100.0,0.8834,1.9721,1.9721,3113.2414,1769859853.2606192,8.44,145,1718,0.003,8,1,0,7.33,15.0,0,1753,1769859849.542,-1.659,meta-llama/Llama-3.2-1B-Instruct,"1769859849.542, 1769859849.544, 1769859849.545, 1769859849.547, 1769859849.595"
1.0,0,1769859849.6449,2.8849,27,32,59,0.0676,0.0556,0.0568,1.0,0.0,100.0,0.8153,1.9525,1.9525,3115.1938,1769859853.3489435,8.44,145,1719,0.005,11,0,0,7.33,15.0,0,1753,1769859849.542,-1.659,meta-llama/Llama-3.2-1B-Instruct,"1769859849.542, 1769859849.544, 1769859849.545, 1769859849.547, 1769859849.595"
1.0,0,1769859849.6526,2.947,27,32,59,0.0613,0.0533,0.059,1.0,0.0,100.0,0.7986,2.0083,2.0083,3117.2021,1769859853.4025764,8.43,145,1720,0.006,12,0,0,7.33,15.0,0,1753,1769859849.542,-1.659,meta-llama/Llama-3.2-1B-Instruct,"1769859849.542, 1769859849.544, 1769859849.545, 1769859849.547, 1769859849.595"
1.0,0,1769859850.8788,2.5804,27,0,27,,,,1.0,,,0.075,1.6553,1.6553,3120.8349,1769859853.5411062,8.43,145,1722,0.004,9,1,0,7.33,15.0,0,1753,1769859849.542,-1.659,meta-llama/Llama-3.2-1B-Instruct,"1769859849.542, 1769859849.544, 1769859849.545, 1769859849.547, 1769859849.595"
1.0,0,1769859849.7825,2.9071,27,32,59,0.0703,0.0556,0.0572,1.0,0.0,100.0,0.8513,1.9775,1.9775,3120.8349,1769859853.5521493,8.42,145,1722,0.006,13,0,0,7.33,15.0,0,1753,1769859849.542,-1.659,meta-llama/Llama-3.2-1B-Instruct,"1769859849.542, 1769859849.544, 1769859849.545, 1769859849.547, 1769859849.595"
1.0,0,1769859849.7841,2.9836,27,32,59,0.079,0.0614,0.0625,1.0,0.0,100.0,0.862,2.0625,2.0625,3122.8974,1769859853.6352513,8.42,145,1723,0.006,13,0,0,7.33,15.0,0,1753,1769859849.542,-1.659,meta-llama/Llama-3.2-1B-Instruct,"1769859849.542, 1769859849.544, 1769859849.545, 1769859849.547, 1769859849.595"
1.0,0,1769859849.8899,2.9468,27,32,59,0.0872,0.0547,0.0558,1.0,0.0,100.0,0.8222,2.034,2.034,3124.9315,1769859853.659735,8.41,145,1724,0.005,12,1,0,7.33,15.0,0,1753,1769859849.542,-1.659,meta-llama/Llama-3.2-1B-Instruct,"1769859849.542, 1769859849.544, 1769859849.545, 1769859849.547, 1769859849.595"
1.0,0,1769859851.1135,2.528,27,0,27,,,,1.0,,,0.0666,1.5946,1.5946,3126.5261,1769859853.714737,8.41,145,1725,0.005,10,0,0,7.33,15.0,0,1753,1769859849.542,-1.659,meta-llama/Llama-3.2-1B-Instruct,"1769859849.542, 1769859849.544, 1769859849.545, 1769859849.547, 1769859849.595"
1.0,0,1769859849.9531,2.9589,27,32,59,0.0643,0.0511,0.0582,1.0,0.0,100.0,0.8133,2.0231,2.0231,3128.5492,1769859853.732778,8.4,145,1726,0.006,12,0,0,7.33,15.0,0,1753,1769859849.542,-1.659,meta-llama/Llama-3.2-1B-Instruct,"1769859849.542, 1769859849.544, 1769859849.545, 1769859849.547, 1769859849.595"
1.0,0,1769859850.6195,2.3461,27,32,59,0.0752,0.054,0.0548,1.0,0.0,100.0,0.822,1.4213,1.4213,3129.9705,1769859853.7940958,8.4,145,1727,0.007,13,1,0,7.33,15.0,0,1753,1769859849.542,-1.659,meta-llama/Llama-3.2-1B-Instruct,"1769859849.542, 1769859849.544, 1769859849.545, 1769859849.547, 1769859849.595"
1.0,0,1769859850.6965,2.3736,27,32,59,0.0676,0.058,0.0613,1.0,0.0,100.0,0.9037,1.4412,1.4412,3131.4117,1769859853.9822881,8.39,145,1728,0.007,14,0,0,7.33,15.0,0,1753,1769859849.542,-1.659,meta-llama/Llama-3.2-1B-Instruct,"1769859849.542, 1769859849.544, 1769859849.545, 1769859849.547, 1769859849.595"
1.0,0,1769859850.6982,2.4477,27,32,59,0.0827,0.0633,0.0653,1.0,0.0,100.0,0.9029,1.5304,1.5304,3132.9421,1769859854.0499327,8.39,145,1729,0.008,15,0,0,7.33,15.0,0,1753,1769859849.542,-1.659,meta-llama/Llama-3.2-1B-Instruct,"1769859849.542, 1769859849.544, 1769859849.545, 1769859849.547, 1769859849.595"
1.0,0,1769859851.6667,2.1074,27,12,39,0.0811,0.0628,0.0628,1.0,0.0,100.0,0.4814,1.1886,1.1886,3134.1307,1769859854.261268,8.38,145,1730,0.004,7,1,0,7.33,15.0,0,1753,1769859849.542,-1.659,meta-llama/Llama-3.2-1B-Instruct,"1769859849.542, 1769859849.544, 1769859849.545, 1769859849.547, 1769859849.595"
1.0,0,1769859850.7607,2.5725,27,32,59,0.0686,0.0639,0.0665,1.0,0.0,100.0,1.0018,1.6412,1.6412,3137.4133,1769859854.338509,8.38,145,1732,0.005,9,0,0,7.33,15.0,0,1753,1769859849.542,-1.659,meta-llama/Llama-3.2-1B-Instruct,"1769859849.542, 1769859849.544, 1769859849.545, 1769859849.547, 1769859849.595"
1.0,0,1769859850.7591,2.5696,27,32,59,0.0718,0.0612,0.0632,1.0,0.0,100.0,1.0096,1.6414,1.6414,3137.4133,1769859854.3392525,8.37,145,1732,0.005,10,0,0,7.33,15.0,0,1753,1769859849.542,-1.659,meta-llama/Llama-3.2-1B-Instruct,"1769859849.542, 1769859849.544, 1769859849.545, 1769859849.547, 1769859849.595"
1.0,0,1769859850.8767,2.5092,27,32,59,0.0707,0.0658,0.0679,1.0,0.0,100.0,0.9912,1.5799,1.5799,3138.9932,1769859854.3797855,8.37,145,1733,0.004,8,2,0,7.33,15.0,0,1753,1769859849.542,-1.659,meta-llama/Llama-3.2-1B-Instruct,"1769859849.542, 1769859849.544, 1769859849.545, 1769859849.547, 1769859849.595"
1.0,0,1769859851.0329,2.5083,27,32,59,0.0609,0.0619,0.0628,1.0,0.0,100.0,0.9548,1.5692,1.5692,3140.5624,1769859854.5016081,8.36,145,1734,0.005,10,0,0,7.33,15.0,0,1753,1769859849.542,-1.659,meta-llama/Llama-3.2-1B-Instruct,"1769859849.542, 1769859849.544, 1769859849.545, 1769859849.547, 1769859849.595"
1.0,0,1769859851.1697,2.5392,27,32,59,0.0725,0.0617,0.0618,1.0,0.0,100.0,0.89,1.6118,1.6118,3142.1741,1769859854.606839,8.36,145,1735,0.004,8,0,0,7.33,15.0,0,1753,1769859849.542,-1.659,meta-llama/Llama-3.2-1B-Instruct,"1769859849.542, 1769859849.544, 1769859849.545, 1769859849.547, 1769859849.595"
1.0,0,1769859851.6683,2.1718,27,32,59,0.0763,0.0636,0.131,1.0,0.0,100.0,0.9717,1.2481,1.2481,3143.4223,1769859854.8135111,8.35,145,1736,0.003,7,0,0,7.33,15.0,0,1753,1769859849.542,-1.659,meta-llama/Llama-3.2-1B-Instruct,"1769859849.542, 1769859849.544, 1769859849.545, 1769859849.547, 1769859849.595"
1.0,0,1769859851.6724,2.2263,27,32,59,0.0743,0.063,0.1325,1.0,0.0,100.0,0.9709,1.3007,1.3007,3144.7229,1769859854.877277,8.35,145,1737,0.004,8,0,0,7.33,15.0,0,1753,1769859849.542,-1.659,meta-llama/Llama-3.2-1B-Instruct,"1769859849.542, 1769859849.544, 1769859849.545, 1769859849.547, 1769859849.595"
1.0,0,1769859851.9817,1.9813,27,32,59,0.0715,0.0582,0.1366,1.0,0.0,100.0,0.925,1.0528,1.0528,3145.7758,1769859854.8918748,8.34,145,1738,0.004,9,0,0,7.33,15.0,0,1753,1769859849.542,-1.659,meta-llama/Llama-3.2-1B-Instruct,"1769859849.542, 1769859849.544, 1769859849.545, 1769859849.547, 1769859849.595"
1.0,0,1769859851.9848,2.101,27,32,59,0.053,0.0731,0.1359,1.0,0.0,100.0,0.8742,1.154,1.154,3148.044,1769859854.964385,8.34,145,1740,0.004,9,0,0,7.33,15.0,0,1753,1769859849.542,-1.659,meta-llama/Llama-3.2-1B-Instruct,"1769859849.542, 1769859849.544, 1769859849.545, 1769859849.547, 1769859849.595"
1.0,0,1769859851.9833,2.0436,27,32,59,0.0706,0.0643,0.1427,1.0,0.0,100.0,0.935,1.1142,1.1142,3148.044,1769859854.9649923,8.33,145,1740,0.004,10,0,0,7.33,15.0,0,1753,1769859849.542,-1.659,meta-llama/Llama-3.2-1B-Instruct,"1769859849.542, 1769859849.544, 1769859849.545, 1769859849.547, 1769859849.595"
1.0,0,1769859852.6422,2.0958,27,8,35,0.0687,0.0641,0.0641,1.0,0.0,100.0,0.2998,1.1645,1.1645,3149.2085,1769859855.0432792,8.33,145,1741,0.006,12,1,0,7.33,15.0,0,1753,1769859849.542,-1.659,meta-llama/Llama-3.2-1B-Instruct,"1769859849.542, 1769859849.544, 1769859849.545, 1769859849.547, 1769859849.595"
1.0,0,1769859852.1752,1.9845,27,32,59,0.0597,0.0781,0.128,1.0,0.0,100.0,0.9094,1.0442,1.0442,3150.2527,1769859855.0735588,8.32,145,1742,0.005,11,0,0,7.33,15.0,0,1753,1769859849.542,-1.659,meta-llama/Llama-3.2-1B-Instruct,"1769859849.542, 1769859849.544, 1769859849.545, 1769859849.547, 1769859849.595"
1.0,0,1769859852.2276,2.0078,27,32,59,0.0798,0.0711,0.1399,1.0,0.0,100.0,0.9266,1.0877,1.0877,3151.3403,1769859855.1628504,8.32,145,1743,0.005,11,0,0,7.33,15.0,0,1753,1769859849.542,-1.659,meta-llama/Llama-3.2-1B-Instruct,"1769859849.542, 1769859849.544, 1769859849.545, 1769859849.547, 1769859849.595"
1.0,0,1769859852.2843,2.0361,27,32,59,0.0551,0.076,0.1444,1.0,0.0,100.0,0.8765,1.0912,1.0912,3152.4316,1769859855.1990151,8.31,145,1744,0.005,11,0,0,7.33,15.0,0,1753,1769859849.542,-1.659,meta-llama/Llama-3.2-1B-Instruct,"1769859849.542, 1769859849.544, 1769859849.545, 1769859849.547, 1769859849.595"
1.0,0,1769859852.4937,1.9037,27,32,59,0.0992,0.0744,0.1311,1.0,0.0,100.0,0.9075,1.0029,1.0029,3153.4345,1769859855.3173878,8.31,145,1745,0.004,10,0,0,7.33,15.0,0,1753,1769859849.542,-1.659,meta-llama/Llama-3.2-1B-Instruct,"1769859849.542, 1769859849.544, 1769859849.545, 1769859849.547, 1769859849.595"
1.0,0,1769859852.4979,2.1492,27,32,59,0.0959,0.065,0.0695,1.0,0.0,100.0,0.9415,1.2451,1.2451,3158.2435,1769859855.6052165,8.3,145,1749,0.005,9,0,0,7.33,15.0,0,1753,1769859849.542,-1.659,meta-llama/Llama-3.2-1B-Instruct,"1769859849.542, 1769859849.544, 1769859849.545, 1769859849.547, 1769859849.595"
1.0,0,1769859852.6408,2.0497,27,32,59,0.0556,0.0636,0.0736,1.0,0.0,100.0,0.9023,1.1052,1.1052,3158.2435,1769859855.610397,8.3,145,1749,0.005,10,2,0,7.33,15.0,0,1753,1769859849.542,-1.659,meta-llama/Llama-3.2-1B-Instruct,"1769859849.542, 1769859849.544, 1769859849.545, 1769859849.547, 1769859849.595"
1.0,0,1769859852.4951,2.0849,27,32,59,0.1623,0.0651,0.0664,1.0,0.0,100.0,1.0169,1.2472,1.2472,3158.2435,1769859855.6108944,8.3,145,1749,0.005,10,0,0,7.33,15.0,0,1753,1769859849.542,-1.659,meta-llama/Llama-3.2-1B-Instruct,"1769859849.542, 1769859849.544, 1769859849.545, 1769859849.547, 1769859849.595"
1.0,0,1769859852.4965,2.0787,27,32,59,0.1328,0.0589,0.0904,1.0,0.0,100.0,1.0288,1.2115,1.2115,3158.2435,1769859855.61145,8.29,145,1749,0.005,10,0,0,7.33,15.0,0,1753,1769859849.542,-1.659,meta-llama/Llama-3.2-1B-Instruct,"1769859849.542, 1769859849.544, 1769859849.545, 1769859849.547, 1769859849.595"
1.0,0,1769859852.7357,2.0441,27,32,59,0.0791,0.0707,0.075,1.0,0.0,100.0,0.8601,1.1233,1.1233,3159.3668,1769859855.6432483,8.29,145,1750,0.006,13,0,0,7.33,15.0,0,1753,1769859849.542,-1.659,meta-llama/Llama-3.2-1B-Instruct,"1769859849.542, 1769859849.544, 1769859849.545, 1769859849.547, 1769859849.595"
1.0,0,1769859852.8126,2.0401,27,32,59,0.0796,0.0629,0.0899,1.0,0.0,100.0,0.8711,1.1197,1.1197,3160.4864,1769859855.7264845,8.28,145,1751,0.006,13,0,0,7.33,15.0,0,1753,1769859849.542,-1.659,meta-llama/Llama-3.2-1B-Instruct,"1769859849.542, 1769859849.544, 1769859849.545, 1769859849.547, 1769859849.595"
1.0,0,1769859852.8867,2.0496,27,32,59,0.0961,0.0626,0.0701,1.0,0.0,100.0,0.828,1.1456,1.1456,3162.8716,1769859855.7698932,8.27,145,1753,0.006,13,0,0,7.33,15.0,0,1753,1769859849.542,-1.659,meta-llama/Llama-3.2-1B-Instruct,"1769859849.542, 1769859849.544, 1769859849.545, 1769859849.547, 1769859849.595"
1.0,0,1769859853.2699,2.1659,27,11,38,0.0737,0.067,0.067,1.0,0.0,100.0,0.3258,1.2396,1.2396,3162.8716,1769859855.7704875,8.28,145,1753,0.006,12,0,0,7.33,15.0,0,1753,1769859849.542,-1.659,meta-llama/Llama-3.2-1B-Instruct,"1769859849.542, 1769859849.544, 1769859849.545, 1769859849.547, 1769859849.595"
1.0,0,1769859852.8883,2.1201,27,32,59,0.0602,0.0704,0.0758,1.0,0.0,100.0,0.788,1.1803,1.1803,3164.0519,1769859855.797264,8.27,145,1754,0.006,12,0,0,7.33,15.0,0,1753,1769859849.542,-1.659,meta-llama/Llama-3.2-1B-Instruct,"1769859849.542, 1769859849.544, 1769859849.545, 1769859849.547, 1769859849.595"
1.0,0,1769859852.8898,2.2106,27,32,59,0.0609,0.0597,0.0727,1.0,0.0,100.0,0.7501,1.2715,1.2715,3165.3234,1769859855.8549414,8.26,145,1755,0.005,11,0,0,7.33,15.0,0,1753,1769859849.542,-1.659,meta-llama/Llama-3.2-1B-Instruct,"1769859849.542, 1769859849.544, 1769859849.545, 1769859849.547, 1769859849.595"
1.0,0,1769859853.0207,2.1564,27,32,59,0.0933,0.0583,0.0674,1.0,0.0,100.0,0.8597,1.2497,1.2497,3166.5731,1769859856.0386298,8.26,145,1756,0.005,11,0,0,7.33,15.0,0,1753,1769859849.542,-1.659,meta-llama/Llama-3.2-1B-Instruct,"1769859849.542, 1769859849.544, 1769859849.545, 1769859849.547, 1769859849.595"
1.0,0,1769859853.2658,2.0243,27,32,59,0.0832,0.0618,0.0677,1.0,0.0,100.0,0.8651,1.1075,1.1075,3167.6806,1769859856.1641188,8.25,145,1757,0.006,11,0,0,7.33,15.0,0,1753,1769859849.542,-1.659,meta-llama/Llama-3.2-1B-Instruct,"1769859849.542, 1769859849.544, 1769859849.545, 1769859849.547, 1769859849.595"
1.0,0,1769859853.2685,2.0918,27,32,59,0.0592,0.0614,0.0657,1.0,0.0,100.0,0.8487,1.1511,1.1511,3168.8317,1769859856.2119987,8.25,145,1758,0.005,10,0,0,7.33,15.0,0,1753,1769859849.542,-1.659,meta-llama/Llama-3.2-1B-Instruct,"1769859849.542, 1769859849.544, 1769859849.545, 1769859849.547, 1769859849.595"
1.0,0,1769859853.8033,2.0784,27,11,38,0.0685,0.0619,0.0619,1.0,0.0,100.0,0.3561,1.147,1.147,3169.9786,1769859856.2393534,8.24,145,1759,0.003,6,0,0,7.33,15.0,0,1753,1769859849.542,-1.659,meta-llama/Llama-3.2-1B-Instruct,"1769859849.542, 1769859849.544, 1769859849.545, 1769859849.547, 1769859849.595"
1.0,0,1769859853.5013,1.9986,27,32,59,0.0868,0.0565,0.0615,1.0,0.0,100.0,0.7805,1.0854,1.0854,3171.064,1769859856.2817016,8.24,145,1760,0.006,12,0,0,7.33,15.0,0,1807,1769859854.991,-1.252,meta-llama/Llama-3.2-1B-Instruct,"1769859854.991, 1769859854.992, 1769859855.192, 1769859855.194, 1769859855.517"
1.0,0,1769859853.5028,2.066,27,32,59,0.0731,0.0581,0.0606,1.0,0.0,100.0,0.8238,1.1392,1.1392,3172.2032,1769859856.4104915,8.23,145,1761,0.007,14,0,0,7.33,15.0,0,1807,1769859854.991,-1.252,meta-llama/Llama-3.2-1B-Instruct,"1769859854.991, 1769859854.992, 1769859855.192, 1769859855.194, 1769859855.517"
1.0,0,1769859853.5043,2.1492,27,32,59,0.0696,0.0562,0.0631,1.0,0.0,100.0,0.8318,1.2188,1.2188,3173.4219,1769859856.4887936,8.23,145,1762,0.005,10,0,0,7.33,15.0,0,1807,1769859854.991,-1.252,meta-llama/Llama-3.2-1B-Instruct,"1769859854.991, 1769859854.992, 1769859855.192, 1769859855.194, 1769859855.517"
1.0,0,1769859854.1922,2.2747,27,2,29,0.0754,0.0243,0.0243,1.0,0.0,100.0,0.1053,1.35,1.35,3174.772,1769859856.5846174,8.22,145,1763,0.004,9,0,0,7.33,15.0,0,1807,1769859854.991,-1.252,meta-llama/Llama-3.2-1B-Instruct,"1769859854.991, 1769859854.992, 1769859855.192, 1769859855.194, 1769859855.517"
1.0,0,1769859853.992,2.4063,27,8,35,0.084,0.0446,0.0446,1.0,0.0,100.0,0.2554,1.4903,1.4903,3176.2623,1769859856.6543796,8.22,145,1764,0.005,10,0,0,7.33,15.0,0,1807,1769859854.991,-1.252,meta-llama/Llama-3.2-1B-Instruct,"1769859854.991, 1769859854.992, 1769859855.192, 1769859855.194, 1769859855.517"
1.0,0,1769859853.8017,2.0315,27,32,59,0.1145,0.054,0.0735,1.0,0.0,100.0,0.8956,1.146,1.146,3178.606,1769859856.732977,8.21,145,1766,0.003,7,0,0,7.33,15.0,0,1807,1769859854.991,-1.252,meta-llama/Llama-3.2-1B-Instruct,"1769859854.991, 1769859854.992, 1769859855.192, 1769859855.194, 1769859855.517"
1.0,0,1769859853.7517,2.0758,27,32,59,0.1219,0.0608,0.0658,1.0,0.0,100.0,0.9004,1.1976,1.1976,3178.606,1769859856.7332537,8.22,145,1766,0.005,10,0,0,7.33,15.0,0,1807,1769859854.991,-1.252,meta-llama/Llama-3.2-1B-Instruct,"1769859854.991, 1769859854.992, 1769859855.192, 1769859855.194, 1769859855.517"
1.0,0,1769859853.8048,2.1388,27,32,59,0.0811,0.0537,0.0617,1.0,0.0,100.0,0.8537,1.22,1.22,3179.8259,1769859856.8040292,8.21,145,1767,0.004,8,1,0,7.33,15.0,0,1807,1769859854.991,-1.252,meta-llama/Llama-3.2-1B-Instruct,"1769859854.991, 1769859854.992, 1769859855.192, 1769859855.194, 1769859855.517"
1.0,0,1769859853.8062,2.2039,27,31,58,0.077,0.0563,0.0585,1.0,0.0,100.0,0.8597,1.2809,1.2809,3181.1068,1769859856.8727818,8.2,145,1768,0.004,10,0,0,7.33,15.0,0,1807,1769859854.991,-1.252,meta-llama/Llama-3.2-1B-Instruct,"1769859854.991, 1769859854.992, 1769859855.192, 1769859855.194, 1769859855.517"
1.0,0,1769859853.8752,2.2712,27,32,59,0.0621,0.0577,0.1926,1.0,0.0,100.0,0.9216,1.3333,1.3333,3186.632,1769859857.0965226,8.2,145,1772,0.005,10,0,0,7.33,15.0,0,1807,1769859854.991,-1.252,meta-llama/Llama-3.2-1B-Instruct,"1769859854.991, 1769859854.992, 1769859855.192, 1769859855.194, 1769859855.517"
1.0,0,1769859853.8078,2.2695,27,32,59,0.0691,0.066,0.2028,1.0,0.0,100.0,1.0027,1.3386,1.3386,3186.632,1769859857.1064756,8.19,145,1772,0.004,9,0,0,7.33,15.0,0,1807,1769859854.991,-1.252,meta-llama/Llama-3.2-1B-Instruct,"1769859854.991, 1769859854.992, 1769859855.192, 1769859855.194, 1769859855.517"
1.0,0,1769859853.8768,2.3769,27,32,59,0.0798,0.0597,0.1843,1.0,0.0,100.0,0.837,1.4567,1.4567,3186.632,1769859857.1081142,8.19,145,1772,0.004,9,0,0,7.33,15.0,0,1807,1769859854.991,-1.252,meta-llama/Llama-3.2-1B-Instruct,"1769859854.991, 1769859854.992, 1769859855.192, 1769859855.194, 1769859855.517"
1.0,0,1769859853.9907,2.3313,27,32,59,0.0653,0.0539,0.185,1.0,0.0,100.0,0.7743,1.3966,1.3966,3186.632,1769859857.1084003,8.18,145,1772,0.004,8,0,0,7.33,15.0,0,1807,1769859854.991,-1.252,meta-llama/Llama-3.2-1B-Instruct,"1769859854.991, 1769859854.992, 1769859855.192, 1769859855.194, 1769859855.517"
1.0,0,1769859854.1938,2.3666,27,32,59,0.0578,0.0573,0.19,1.0,0.0,100.0,0.7059,1.4244,1.4244,3188.0564,1769859857.2733235,8.18,145,1773,0.005,10,0,0,7.33,15.0,0,1807,1769859854.991,-1.252,meta-llama/Llama-3.2-1B-Instruct,"1769859854.991, 1769859854.992, 1769859855.192, 1769859855.194, 1769859855.517"
1.0,0,1769859854.5166,2.1131,27,31,58,0.0667,0.0592,0.2264,1.0,0.0,100.0,0.7063,1.1798,1.1798,3189.2362,1769859857.3412256,8.17,145,1774,0.005,10,0,0,7.33,15.0,0,1807,1769859854.991,-1.252,meta-llama/Llama-3.2-1B-Instruct,"1769859854.991, 1769859854.992, 1769859855.192, 1769859855.194, 1769859855.517"
1.0,0,1769859854.5236,2.1729,27,32,59,0.076,0.0602,0.1852,1.0,0.0,100.0,0.7166,1.2488,1.2488,3190.485,1769859857.4139917,8.17,145,1775,0.005,9,1,0,7.33,15.0,0,1807,1769859854.991,-1.252,meta-llama/Llama-3.2-1B-Instruct,"1769859854.991, 1769859854.992, 1769859855.192, 1769859855.194, 1769859855.517"
1.0,0,1769859854.6651,2.1199,27,32,59,0.0787,0.0572,0.1897,1.0,0.0,100.0,0.7058,1.1987,1.1987,3191.6837,1769859857.4942906,8.16,145,1776,0.004,9,0,0,7.33,15.0,0,1807,1769859854.991,-1.252,meta-llama/Llama-3.2-1B-Instruct,"1769859854.991, 1769859854.992, 1769859855.192, 1769859855.194, 1769859855.517"
1.0,0,1769859854.7607,2.0951,27,32,59,0.2021,0.0527,0.0554,1.0,0.0,100.0,0.6608,1.2972,1.2972,3192.9809,1769859857.520097,8.16,145,1777,0.004,9,0,0,7.33,15.0,0,1807,1769859854.991,-1.252,meta-llama/Llama-3.2-1B-Instruct,"1769859854.991, 1769859854.992, 1769859855.192, 1769859855.194, 1769859855.517"
1.0,0,1769859854.7621,2.3847,27,32,59,0.066,0.0561,0.0963,1.0,0.0,100.0,0.9878,1.4507,1.4507,3194.4315,1769859858.1365876,8.16,145,1778,0.003,5,0,0,7.33,15.0,0,1807,1769859854.991,-1.252,meta-llama/Llama-3.2-1B-Instruct,"1769859854.991, 1769859854.992, 1769859855.192, 1769859855.194, 1769859855.517"
1.0,0,1769859854.7635,2.4301,27,32,59,0.0654,0.0558,0.0966,1.0,0.0,100.0,0.9863,1.4956,1.4956,3197.4394,1769859858.1896079,8.15,145,1780,0.003,5,0,0,7.33,15.0,0,1807,1769859854.991,-1.252,meta-llama/Llama-3.2-1B-Instruct,"1769859854.991, 1769859854.992, 1769859855.192, 1769859855.194, 1769859855.517"
1.0,0,1769859854.8235,2.4453,27,32,59,0.0669,0.056,0.0982,1.0,0.0,100.0,0.9206,1.5122,1.5122,3197.4394,1769859858.1932027,8.15,145,1780,0.003,6,0,0,7.33,15.0,0,1807,1769859854.991,-1.252,meta-llama/Llama-3.2-1B-Instruct,"1769859854.991, 1769859854.992, 1769859855.192, 1769859855.194, 1769859855.517"
1.0,0,1769859854.9838,2.3523,27,34,61,0.0608,0.0605,0.0982,1.0,0.0,100.0,0.8979,1.413,1.413,3198.8524,1769859858.2361083,8.14,145,1781,0.003,6,1,0,7.33,15.0,0,1807,1769859854.991,-1.252,meta-llama/Llama-3.2-1B-Instruct,"1769859854.991, 1769859854.992, 1769859855.192, 1769859855.194, 1769859855.517"
1.0,0,1769859855.1445,2.2801,27,32,59,0.0679,0.0588,0.0988,1.0,0.0,100.0,0.8533,1.348,1.348,3200.2005,1769859858.2791133,8.14,145,1782,0.003,6,0,0,7.33,15.0,0,1807,1769859854.991,-1.252,meta-llama/Llama-3.2-1B-Instruct,"1769859854.991, 1769859854.992, 1769859855.192, 1769859855.194, 1769859855.517"
1.0,0,1769859855.543,1.9569,27,32,59,0.0739,0.0519,0.0989,1.0,0.0,100.0,0.8228,1.0309,1.0309,3201.2313,1769859858.3268929,8.13,145,1783,0.003,6,0,0,7.33,15.0,0,1807,1769859854.991,-1.252,meta-llama/Llama-3.2-1B-Instruct,"1769859854.991, 1769859854.992, 1769859855.192, 1769859855.194, 1769859855.517"
1.0,0,1769859855.7002,1.8526,27,32,59,0.0798,0.1028,0.1392,1.0,0.0,100.0,0.9604,0.9324,0.9324,3202.1637,1769859858.5157366,8.13,145,1784,0.002,5,0,0,7.33,15.0,0,1807,1769859854.991,-1.252,meta-llama/Llama-3.2-1B-Instruct,"1769859854.991, 1769859854.992, 1769859855.192, 1769859855.194, 1769859855.517"
1.0,0,1769859855.7016,1.9319,27,32,59,0.0562,0.099,0.1256,1.0,0.0,100.0,0.9405,0.9881,0.9881,3203.1519,1769859858.5758288,8.12,145,1785,0.003,6,0,0,7.33,15.0,0,1807,1769859854.991,-1.252,meta-llama/Llama-3.2-1B-Instruct,"1769859854.991, 1769859854.992, 1769859855.192, 1769859855.194, 1769859855.517"
1.0,0,1769859855.8532,1.8625,27,32,59,0.0763,0.1013,0.1323,1.0,0.0,100.0,0.9812,0.9389,0.9389,3204.0907,1769859858.7030442,8.12,145,1786,0.003,8,0,0,7.33,15.0,0,1807,1769859854.991,-1.252,meta-llama/Llama-3.2-1B-Instruct,"1769859854.991, 1769859854.992, 1769859855.192, 1769859855.194, 1769859855.517"
1.0,0,1769859855.982,1.8208,27,32,59,0.0566,0.1019,0.1283,1.0,0.0,100.0,0.9484,0.8775,0.8775,3204.9682,1769859858.7575033,8.11,145,1787,0.004,8,0,0,7.33,15.0,0,1807,1769859854.991,-1.252,meta-llama/Llama-3.2-1B-Instruct,"1769859854.991, 1769859854.992, 1769859855.192, 1769859855.194, 1769859855.517"
1.0,0,1769859856.055,1.8061,27,32,59,0.0584,0.099,0.124,1.0,0.0,100.0,0.9527,0.8645,0.8645,3205.8327,1769859858.8157132,8.11,145,1788,0.004,9,0,0,7.33,15.0,0,1807,1769859854.991,-1.252,meta-llama/Llama-3.2-1B-Instruct,"1769859854.991, 1769859854.992, 1769859855.192, 1769859855.194, 1769859855.517"
1.0,0,1769859856.6065,1.3643,27,32,59,0.0607,0.0808,0.1305,1.0,0.0,100.0,0.9164,0.425,0.425,3206.6827,1769859858.889673,8.11,145,1790,0.005,11,0,0,7.33,15.0,0,1807,1769859854.991,-1.252,meta-llama/Llama-3.2-1B-Instruct,"1769859854.991, 1769859854.992, 1769859855.192, 1769859855.194, 1769859855.517"
1.0,0,1769859856.6669,1.3554,27,30,57,0.0697,0.0715,0.1312,1.0,0.0,100.0,0.8671,0.4251,0.4251,3207.4894,1769859858.8906841,8.1,145,1791,0.006,12,1,0,7.33,15.0,0,1807,1769859854.991,-1.252,meta-llama/Llama-3.2-1B-Instruct,"1769859854.991, 1769859854.992, 1769859855.192, 1769859855.194, 1769859855.517"
1.0,0,1769859856.2237,1.7003,27,32,59,0.1064,0.06,0.1322,1.0,0.0,100.0,0.966,0.8067,0.8067,3207.4894,1769859858.8908553,8.1,145,1791,0.005,10,0,0,7.33,15.0,0,1807,1769859854.991,-1.252,meta-llama/Llama-3.2-1B-Instruct,"1769859854.991, 1769859854.992, 1769859855.192, 1769859855.194, 1769859855.517"
1.0,0,1769859856.6685,1.394,27,32,59,0.0657,0.0749,0.1237,1.0,0.0,100.0,0.8837,0.4596,0.4596,3207.9491,1769859858.957081,8.09,145,1792,0.006,13,0,0,7.33,15.0,0,1807,1769859854.991,-1.252,meta-llama/Llama-3.2-1B-Instruct,"1769859854.991, 1769859854.992, 1769859855.192, 1769859855.194, 1769859855.517"
1.0,0,1769859857.1147,1.1956,27,32,59,0.1232,0.0685,0.0727,1.0,0.0,100.0,1.0256,0.3188,0.3188,3209.1528,1769859859.3417296,8.09,145,1795,0.005,10,0,0,7.33,15.0,0,1807,1769859854.991,-1.252,meta-llama/Llama-3.2-1B-Instruct,"1769859854.991, 1769859854.992, 1769859855.192, 1769859855.194, 1769859855.517"
1.0,0,1769859857.1164,1.2591,27,32,59,0.0586,0.0615,0.0688,1.0,0.0,100.0,0.9648,0.3176,0.3176,3209.8775,1769859859.3450384,8.08,145,1796,0.005,9,1,0,7.33,15.0,0,1807,1769859854.991,-1.252,meta-llama/Llama-3.2-1B-Instruct,"1769859854.991, 1769859854.992, 1769859855.192, 1769859855.194, 1769859855.517"
1.0,0,1769859856.8265,1.4734,27,32,59,0.0939,0.0605,0.1033,1.0,0.0,100.0,1.04,0.5673,0.5673,3209.8775,1769859859.3463237,8.08,145,1796,0.006,12,0,0,7.33,15.0,0,1807,1769859854.991,-1.252,meta-llama/Llama-3.2-1B-Instruct,"1769859854.991, 1769859854.992, 1769859855.192, 1769859855.194, 1769859855.517"
1.0,0,1769859856.6699,1.6358,27,32,59,0.0889,0.075,0.1048,1.0,0.0,100.0,1.0388,0.7247,0.7247,3209.8775,1769859859.3465142,8.07,145,1796,0.006,13,0,0,7.33,15.0,0,1807,1769859854.991,-1.252,meta-llama/Llama-3.2-1B-Instruct,"1769859854.991, 1769859854.992, 1769859855.192, 1769859855.194, 1769859855.517"
1.0,0,1769859857.1178,1.3087,27,32,59,0.0798,0.0578,0.0594,1.0,0.0,100.0,0.9571,0.3885,0.3885,3210.266,1769859859.3861015,8.07,145,1797,0.005,12,1,0,7.33,15.0,0,1807,1769859854.991,-1.252,meta-llama/Llama-3.2-1B-Instruct,"1769859854.991, 1769859854.992, 1769859855.192, 1769859855.194, 1769859855.517"
1.0,0,1769859857.5282,0.9576,27,32,59,0.0828,0.0589,0.0638,1.0,0.0,100.0,0.9294,0.0404,0.0404,3210.3063,1769859859.428703,8.06,145,1798,0.006,13,0,0,7.33,15.0,0,1807,1769859854.991,-1.252,meta-llama/Llama-3.2-1B-Instruct,"1769859854.991, 1769859854.992, 1769859855.192, 1769859855.194, 1769859855.517"
1.0,0,1769859857.6829,0.8679,27,32,59,0.1091,0.0577,0.0612,1.0,0.0,100.0,0.9225,-0.023,0.0,3210.3063,1769859859.4787657,8.12,146,1799,0.006,13,0,0,7.33,15.0,0,1807,1769859854.991,-1.252,meta-llama/Llama-3.2-1B-Instruct,"1769859854.991, 1769859854.992, 1769859855.192, 1769859855.194, 1769859855.517"
1.0,0,1769859857.6844,0.9566,27,30,57,0.0542,0.0552,0.0579,1.0,0.0,100.0,0.8615,0.0108,0.0108,3210.3171,1769859859.504668,8.11,146,1800,0.006,13,0,0,7.33,15.0,0,1807,1769859854.991,-1.252,meta-llama/Llama-3.2-1B-Instruct,"1769859854.991, 1769859854.992, 1769859855.192, 1769859855.194, 1769859855.517"
1.0,0,1769859857.9528,1.2581,27,14,41,0.0563,0.0564,0.0564,1.0,0.0,100.0,0.3374,0.3145,0.3145,3210.6316,1769859859.5581567,8.11,146,1801,0.007,14,1,0,7.33,15.0,0,1807,1769859854.991,-1.252,meta-llama/Llama-3.2-1B-Instruct,"1769859854.991, 1769859854.992, 1769859855.192, 1769859855.194, 1769859855.517"
1.0,0,1769859857.691,1.0319,27,31,58,0.0718,0.058,0.0598,1.0,0.0,100.0,0.8671,0.1037,0.1037,3210.7353,1769859859.5994804,8.1,146,1802,0.007,14,0,0,7.33,15.0,0,1807,1769859854.991,-1.252,meta-llama/Llama-3.2-1B-Instruct,"1769859854.991, 1769859854.992, 1769859855.192, 1769859855.194, 1769859855.517"
1.0,0,1769859857.7589,1.0269,27,32,59,0.0725,0.0661,0.0697,1.0,0.0,100.0,0.8595,0.0994,0.0994,3210.8347,1769859859.6500647,8.1,146,1803,0.007,13,0,0,7.33,15.0,0,1807,1769859854.991,-1.252,meta-llama/Llama-3.2-1B-Instruct,"1769859854.991, 1769859854.992, 1769859855.192, 1769859855.194, 1769859855.517"
1.0,0,1769859857.7604,1.0982,27,32,59,0.0662,0.0654,0.0957,1.0,0.0,100.0,0.9089,0.1644,0.1644,3210.9991,1769859859.770246,8.09,146,1804,0.006,13,1,0,7.33,15.0,0,1807,1769859854.991,-1.252,meta-llama/Llama-3.2-1B-Instruct,"1769859854.991, 1769859854.992, 1769859855.192, 1769859855.194, 1769859855.517"
1.0,0,1769859857.7619,1.1677,27,32,59,0.082,0.0572,0.0867,1.0,0.0,100.0,0.9268,0.2497,0.2497,3211.2488,1769859859.8648512,8.09,146,1805,0.005,12,0,0,7.33,15.0,0,1807,1769859854.991,-1.252,meta-llama/Llama-3.2-1B-Instruct,"1769859854.991, 1769859854.992, 1769859855.192, 1769859855.194, 1769859855.517"
1.0,0,1769859857.8324,1.1686,27,32,59,0.0626,0.0632,0.0953,1.0,0.0,100.0,0.9218,0.2312,0.2312,3211.4799,1769859859.9334931,8.08,146,1806,0.005,11,0,0,7.33,15.0,0,1807,1769859854.991,-1.252,meta-llama/Llama-3.2-1B-Instruct,"1769859854.991, 1769859854.992, 1769859855.192, 1769859855.194, 1769859855.517"
1.0,0,1769859857.8932,1.1819,27,32,59,0.0838,0.0589,0.0866,1.0,0.0,100.0,0.9763,0.2657,0.2657,3211.7457,1769859860.0551999,8.08,146,1807,0.006,13,0,0,7.33,15.0,0,1807,1769859854.991,-1.252,meta-llama/Llama-3.2-1B-Instruct,"1769859854.991, 1769859854.992, 1769859855.192, 1769859855.194, 1769859855.517"
1.0,0,1769859857.9513,1.1911,27,32,59,0.0857,0.0628,0.0941,1.0,0.0,100.0,0.9559,0.2768,0.2768,3212.0225,1769859860.099264,8.08,146,1808,0.007,13,0,0,7.33,15.0,0,1807,1769859854.991,-1.252,meta-llama/Llama-3.2-1B-Instruct,"1769859854.991, 1769859854.992, 1769859855.192, 1769859855.194, 1769859855.517"
1.0,0,1769859857.9997,1.3169,27,32,59,0.0688,0.0678,0.0848,1.0,0.0,100.0,0.902,0.3857,0.3857,3212.4082,1769859860.2236283,8.07,146,1809,0.008,16,0,0,7.33,15.0,0,1807,1769859854.991,-1.252,meta-llama/Llama-3.2-1B-Instruct,"1769859854.991, 1769859854.992, 1769859855.192, 1769859855.194, 1769859855.517"
1.0,0,1769859858.0454,1.3631,27,32,59,0.0635,0.0667,0.0935,1.0,0.0,100.0,0.9598,0.4267,0.4267,3212.8348,1769859860.3822477,8.07,146,1810,0.006,12,0,0,7.33,15.0,0,1807,1769859854.991,-1.252,meta-llama/Llama-3.2-1B-Instruct,"1769859854.991, 1769859854.992, 1769859855.192, 1769859855.194, 1769859855.517"
1.0,0,1769859858.8992,1.5603,27,0,27,,,,1.0,,,0.0693,0.6296,0.6296,3213.6352,1769859860.53533,8.06,146,1812,0.006,12,0,0,7.33,15.0,0,1807,1769859854.991,-1.252,meta-llama/Llama-3.2-1B-Instruct,"1769859854.991, 1769859854.992, 1769859855.192, 1769859855.194, 1769859855.517"
1.0,0,1769859858.5962,1.1059,27,28,55,0.0649,0.0586,0.06,1.0,0.0,100.0,0.8263,0.1707,0.1707,3213.6352,1769859860.5360415,8.06,146,1812,0.004,9,1,0,7.33,15.0,0,1807,1769859854.991,-1.252,meta-llama/Llama-3.2-1B-Instruct,"1769859854.991, 1769859854.992, 1769859855.192, 1769859855.194, 1769859855.517"
1.0,0,1769859858.5263,1.1192,27,32,59,0.0556,0.0593,0.0605,1.0,0.0,100.0,0.9175,0.1748,0.1748,3214.2015,1769859860.574445,8.05,146,1814,0.004,8,0,0,7.33,15.0,0,1807,1769859854.991,-1.252,meta-llama/Llama-3.2-1B-Instruct,"1769859854.991, 1769859854.992, 1769859855.192, 1769859855.194, 1769859855.517"
1.0,0,1769859858.2672,1.2913,27,32,59,0.1002,0.0648,0.067,1.0,0.0,100.0,1.0072,0.3915,0.3915,3214.6349,1769859860.5812397,8.05,146,1815,0.005,11,0,0,7.33,15.0,0,1807,1769859854.991,-1.252,meta-llama/Llama-3.2-1B-Instruct,"1769859854.991, 1769859854.992, 1769859855.192, 1769859855.194, 1769859855.517"
1.0,0,1769859858.2687,1.3096,27,32,59,0.1238,0.056,0.0578,1.0,0.0,100.0,1.0023,0.4333,0.4333,3214.6349,1769859860.5833607,8.04,146,1815,0.004,8,0,0,7.33,15.0,0,1807,1769859854.991,-1.252,meta-llama/Llama-3.2-1B-Instruct,"1769859854.991, 1769859854.992, 1769859855.192, 1769859855.194, 1769859855.517"
1.0,0,1769859858.6888,1.1002,27,32,59,0.071,0.065,0.0707,1.0,0.0,100.0,0.8641,0.1712,0.1712,3214.8061,1769859860.656092,8.04,146,1816,0.005,10,0,0,7.33,15.0,0,1807,1769859854.991,-1.252,meta-llama/Llama-3.2-1B-Instruct,"1769859854.991, 1769859854.992, 1769859855.192, 1769859855.194, 1769859855.517"
1.0,0,1769859858.6964,1.1495,27,32,59,0.0736,0.0658,0.073,1.0,0.0,100.0,0.8832,0.2232,0.2232,3215.2924,1769859860.7336357,8.04,146,1818,0.005,10,0,0,7.33,15.0,0,1807,1769859854.991,-1.252,meta-llama/Llama-3.2-1B-Instruct,"1769859854.991, 1769859854.992, 1769859855.192, 1769859855.194, 1769859855.517"
1.0,0,1769859858.6993,1.2125,27,32,59,0.0506,0.0568,0.0589,1.0,0.0,100.0,0.8206,0.2631,0.2631,3215.2924,1769859860.7345636,8.03,146,1818,0.005,10,1,0,7.33,15.0,0,1807,1769859854.991,-1.252,meta-llama/Llama-3.2-1B-Instruct,"1769859854.991, 1769859854.992, 1769859855.192, 1769859855.194, 1769859855.517"
1.0,0,1769859858.8254,1.1501,27,32,59,0.0666,0.0618,0.073,1.0,0.0,100.0,0.7815,0.2167,0.2167,3215.5091,1769859860.7584493,8.03,146,1819,0.005,11,0,0,7.33,15.0,0,1807,1769859854.991,-1.252,meta-llama/Llama-3.2-1B-Instruct,"1769859854.991, 1769859854.992, 1769859855.192, 1769859855.194, 1769859855.517"
1.0,0,1769859858.827,1.2067,27,32,59,0.0573,0.059,0.0599,1.0,0.0,100.0,0.7479,0.264,0.264,3215.7731,1769859860.7823958,8.02,146,1820,0.005,11,0,0,7.33,15.0,0,1807,1769859854.991,-1.252,meta-llama/Llama-3.2-1B-Instruct,"1769859854.991, 1769859854.992, 1769859855.192, 1769859855.194, 1769859855.517"
1.0,0,1769859858.8285,1.2917,27,32,59,0.0705,0.0541,0.0592,1.0,0.0,100.0,0.7161,0.3621,0.3621,3216.1353,1769859860.837211,8.02,146,1821,0.005,11,0,0,7.33,15.0,0,1807,1769859854.991,-1.252,meta-llama/Llama-3.2-1B-Instruct,"1769859854.991, 1769859854.992, 1769859855.192, 1769859855.194, 1769859855.517"
1.0,0,1769859858.83,1.3673,27,32,59,0.0805,0.0556,0.0573,1.0,0.0,100.0,0.7157,0.4478,0.4478,3216.583,1769859860.9155533,8.01,146,1822,0.005,11,0,0,7.33,15.0,0,1807,1769859854.991,-1.252,meta-llama/Llama-3.2-1B-Instruct,"1769859854.991, 1769859854.992, 1769859855.192, 1769859855.194, 1769859855.517"
1.0,0,1769859858.8314,1.437,27,31,58,0.0643,0.0501,0.053,1.0,0.0,100.0,0.7037,0.5013,0.5013,3217.0844,1769859860.974152,8.01,146,1823,0.005,12,0,0,7.33,15.0,0,1807,1769859854.991,-1.252,meta-llama/Llama-3.2-1B-Instruct,"1769859854.991, 1769859854.992, 1769859855.192, 1769859855.194, 1769859855.517"
1.0,0,1769859858.8977,1.4881,27,32,59,0.0658,0.0604,0.0636,1.0,0.0,100.0,0.8323,0.5539,0.5539,3217.6383,1769859861.222613,8.0,146,1824,0.006,13,0,0,7.33,15.0,0,1807,1769859854.991,-1.252,meta-llama/Llama-3.2-1B-Instruct,"1769859854.991, 1769859854.992, 1769859855.192, 1769859855.194, 1769859855.517"
1.0,0,1769859858.9007,1.6506,27,32,59,0.0861,0.0604,0.0679,1.0,0.0,100.0,0.8259,0.7367,0.7367,3218.375,1769859861.3791509,8.0,146,1825,0.006,12,0,0,7.33,15.0,0,1870,1769859860.446,-0.815,meta-llama/Llama-3.2-1B-Instruct,"1769859860.446, 1769859860.546, 1769859860.549, 1769859860.612, 1769859860.613"
1.0,0,1769859858.9021,1.7413,27,32,59,0.0806,0.0638,0.0662,1.0,0.0,100.0,0.8631,0.822,0.822,3219.197,1769859861.5117016,8.0,146,1826,0.005,10,0,0,7.33,15.0,0,1870,1769859860.446,-0.815,meta-llama/Llama-3.2-1B-Instruct,"1769859860.446, 1769859860.546, 1769859860.549, 1769859860.612, 1769859860.613"
1.0,0,1769859858.905,1.9031,27,32,59,0.0738,0.0601,0.0675,1.0,0.0,100.0,0.9538,0.9769,0.9769,3221.1495,1769859861.7779238,7.99,146,1828,0.003,6,0,0,7.33,15.0,0,1870,1769859860.446,-0.815,meta-llama/Llama-3.2-1B-Instruct,"1769859860.446, 1769859860.546, 1769859860.549, 1769859860.612, 1769859860.613"
1.0,0,1769859858.9036,1.9088,27,32,59,0.0668,0.0606,0.0665,1.0,0.0,100.0,0.9567,0.9756,0.9756,3221.1495,1769859861.7781062,7.99,146,1828,0.004,9,0,0,7.33,15.0,0,1870,1769859860.446,-0.815,meta-llama/Llama-3.2-1B-Instruct,"1769859860.446, 1769859860.546, 1769859860.549, 1769859860.612, 1769859860.613"
1.0,0,1769859858.9755,1.9065,27,32,59,0.0861,0.057,0.0655,1.0,0.0,100.0,0.9584,0.9926,0.9926,3222.1421,1769859861.8417876,7.98,146,1829,0.003,5,0,0,7.33,15.0,0,1870,1769859860.446,-0.815,meta-llama/Llama-3.2-1B-Instruct,"1769859860.446, 1769859860.546, 1769859860.549, 1769859860.612, 1769859860.613"
1.0,0,1769859859.0458,1.9105,27,32,59,0.0695,0.0642,0.0667,1.0,0.0,100.0,0.9416,0.9801,0.9801,3223.1222,1769859861.9005687,7.98,146,1830,0.003,6,1,0,7.33,15.0,0,1870,1769859860.446,-0.815,meta-llama/Llama-3.2-1B-Instruct,"1769859860.446, 1769859860.546, 1769859860.549, 1769859860.612, 1769859860.613"
1.0,0,1769859859.0472,1.9681,27,32,59,0.0759,0.059,0.0657,1.0,0.0,100.0,0.9109,1.044,1.044,3224.1661,1769859861.9356585,7.97,146,1831,0.003,6,1,0,7.33,15.0,0,1870,1769859860.446,-0.815,meta-llama/Llama-3.2-1B-Instruct,"1769859860.446, 1769859860.546, 1769859860.549, 1769859860.612, 1769859860.613"
1.0,0,1769859859.2487,1.8288,27,32,59,0.0734,0.0578,0.0588,1.0,0.0,100.0,0.8605,0.9022,0.9022,3225.0683,1769859861.9408624,7.97,146,1832,0.003,7,0,0,7.33,15.0,0,1870,1769859860.446,-0.815,meta-llama/Llama-3.2-1B-Instruct,"1769859860.446, 1769859860.546, 1769859860.549, 1769859860.612, 1769859860.613"
1.0,0,1769859859.2501,1.8902,27,32,59,0.0713,0.0627,0.0661,1.0,0.0,100.0,0.8427,0.9615,0.9615,3226.0298,1769859861.9846766,7.97,146,1833,0.004,8,0,0,7.33,15.0,0,1870,1769859860.446,-0.815,meta-llama/Llama-3.2-1B-Instruct,"1769859860.446, 1769859860.546, 1769859860.549, 1769859860.612, 1769859860.613"
1.0,0,1769859859.3611,1.8408,27,32,59,0.0795,0.0513,0.0534,1.0,0.0,100.0,0.795,0.9203,0.9203,3226.9501,1769859862.0020912,7.96,146,1834,0.004,9,0,0,7.33,15.0,0,1870,1769859860.446,-0.815,meta-llama/Llama-3.2-1B-Instruct,"1769859860.446, 1769859860.546, 1769859860.549, 1769859860.612, 1769859860.613"
1.0,0,1769859859.4441,1.8235,27,31,58,0.078,0.0561,0.0626,1.0,0.0,100.0,0.7808,0.9015,0.9015,3227.8516,1769859862.0519385,7.96,146,1835,0.004,10,0,0,7.33,15.0,0,1870,1769859860.446,-0.815,meta-llama/Llama-3.2-1B-Instruct,"1769859860.446, 1769859860.546, 1769859860.549, 1769859860.612, 1769859860.613"
1.0,0,1769859859.4457,1.9108,27,32,59,0.0753,0.0534,0.0599,1.0,0.0,100.0,0.7323,0.986,0.986,3228.8376,1769859862.090518,7.95,146,1836,0.005,11,0,0,7.33,15.0,0,1870,1769859860.446,-0.815,meta-llama/Llama-3.2-1B-Instruct,"1769859860.446, 1769859860.546, 1769859860.549, 1769859860.612, 1769859860.613"
1.0,0,1769859859.5457,1.8725,27,32,59,0.0789,0.0599,0.0996,1.0,0.0,100.0,0.815,0.9515,0.9515,3229.7891,1769859862.2402883,7.95,146,1837,0.005,10,1,0,7.33,15.0,0,1870,1769859860.446,-0.815,meta-llama/Llama-3.2-1B-Instruct,"1769859860.446, 1769859860.546, 1769859860.549, 1769859860.612, 1769859860.613"
1.0,0,1769859859.5485,1.9373,27,32,59,0.0591,0.0533,0.1016,1.0,0.0,100.0,0.7613,0.9965,0.9965,3230.7855,1769859862.248207,7.94,146,1838,0.005,12,0,0,7.33,15.0,0,1870,1769859860.446,-0.815,meta-llama/Llama-3.2-1B-Instruct,"1769859860.446, 1769859860.546, 1769859860.549, 1769859860.612, 1769859860.613"
1.0,0,1769859859.6115,1.9495,27,32,59,0.0689,0.0698,0.0954,1.0,0.0,100.0,0.8198,1.0185,1.0185,3231.804,1769859862.3875911,7.94,146,1839,0.005,12,0,0,7.33,15.0,0,1870,1769859860.446,-0.815,meta-llama/Llama-3.2-1B-Instruct,"1769859860.446, 1769859860.546, 1769859860.549, 1769859860.612, 1769859860.613"
1.0,0,1769859859.6132,2.0357,27,32,59,0.091,0.0773,0.1014,1.0,0.0,100.0,0.8219,1.1267,1.1267,3232.9307,1769859862.4786594,7.93,146,1840,0.006,13,0,0,7.33,15.0,0,1870,1769859860.446,-0.815,meta-llama/Llama-3.2-1B-Instruct,"1769859860.446, 1769859860.546, 1769859860.549, 1769859860.612, 1769859860.613"
1.0,0,1769859859.6148,2.109,27,32,59,0.1028,0.0595,0.0933,1.0,0.0,100.0,0.8295,1.2118,1.2118,3234.1425,1769859862.554399,7.93,146,1841,0.007,13,0,0,7.33,15.0,0,1870,1769859860.446,-0.815,meta-llama/Llama-3.2-1B-Instruct,"1769859860.446, 1769859860.546, 1769859860.549, 1769859860.612, 1769859860.613"
1.0,0,1769859860.0757,1.7349,27,31,58,0.0694,0.0719,0.1037,1.0,0.0,100.0,0.8037,0.8043,0.8043,3234.9468,1769859862.617371,7.93,146,1842,0.006,12,1,0,7.33,15.0,0,1870,1769859860.446,-0.815,meta-llama/Llama-3.2-1B-Instruct,"1769859860.446, 1769859860.546, 1769859860.549, 1769859860.612, 1769859860.613"
1.0,0,1769859860.7745,1.8251,27,0,27,,,,1.0,,,0.053,0.8781,0.8781,3235.8249,1769859862.6531858,7.92,146,1843,0.004,10,0,0,7.33,15.0,0,1870,1769859860.446,-0.815,meta-llama/Llama-3.2-1B-Instruct,"1769859860.446, 1769859860.546, 1769859860.549, 1769859860.612, 1769859860.613"
1.0,0,1769859860.1656,1.9,27,32,59,0.0936,0.061,0.0686,1.0,0.0,100.0,1.043,0.9936,0.9936,3238.3116,1769859863.1102426,7.91,146,1846,0.006,12,0,0,7.33,15.0,0,1870,1769859860.446,-0.815,meta-llama/Llama-3.2-1B-Instruct,"1769859860.446, 1769859860.546, 1769859860.549, 1769859860.612, 1769859860.613"
1.0,0,1769859860.4262,1.6828,27,32,59,0.0629,0.0653,0.0671,1.0,0.0,100.0,0.9948,0.7457,0.7457,3238.3116,1769859863.1104252,7.92,146,1846,0.003,6,0,0,7.33,15.0,0,1870,1769859860.446,-0.815,meta-llama/Llama-3.2-1B-Instruct,"1769859860.446, 1769859860.546, 1769859860.549, 1769859860.612, 1769859860.613"
1.0,0,1769859860.4248,1.645,27,32,59,0.1024,0.0581,0.0627,1.0,0.0,100.0,1.0391,0.7474,0.7474,3238.3116,1769859863.1105895,7.91,146,1846,0.004,8,0,0,7.33,15.0,0,1870,1769859860.446,-0.815,meta-llama/Llama-3.2-1B-Instruct,"1769859860.446, 1769859860.546, 1769859860.549, 1769859860.612, 1769859860.613"
1.0,0,1769859860.51,1.6425,27,32,59,0.0831,0.0618,0.0733,1.0,0.0,100.0,0.9687,0.7256,0.7256,3239.0372,1769859863.1261253,7.9,146,1847,0.004,8,1,0,7.33,15.0,0,1870,1769859860.446,-0.815,meta-llama/Llama-3.2-1B-Instruct,"1769859860.446, 1769859860.546, 1769859860.549, 1769859860.612, 1769859860.613"
1.0,0,1769859860.5114,1.7067,27,32,59,0.0857,0.062,0.0653,1.0,0.0,100.0,0.9496,0.7924,0.7924,3239.8296,1769859863.1690931,7.9,146,1848,0.004,9,1,0,7.33,15.0,0,1870,1769859860.446,-0.815,meta-llama/Llama-3.2-1B-Instruct,"1769859860.446, 1769859860.546, 1769859860.549, 1769859860.612, 1769859860.613"
1.0,0,1769859860.6035,1.6894,27,32,59,0.0862,0.0561,0.061,1.0,0.0,100.0,0.9023,0.7756,0.7756,3240.6052,1769859863.197286,7.9,146,1849,0.003,8,0,0,7.33,15.0,0,1870,1769859860.446,-0.815,meta-llama/Llama-3.2-1B-Instruct,"1769859860.446, 1769859860.546, 1769859860.549, 1769859860.612, 1769859860.613"
1.0,0,1769859860.605,1.7536,27,29,56,0.0724,0.0547,0.0631,1.0,0.0,100.0,0.8518,0.8261,0.8261,3241.4313,1769859863.2114441,7.89,146,1850,0.004,9,0,0,7.33,15.0,0,1870,1769859860.446,-0.815,meta-llama/Llama-3.2-1B-Instruct,"1769859860.446, 1769859860.546, 1769859860.549, 1769859860.612, 1769859860.613"
1.0,0,1769859860.6064,1.8481,27,32,59,0.0545,0.0556,0.0581,1.0,0.0,100.0,0.8399,0.9027,0.9027,3242.334,1769859863.3014617,7.89,146,1851,0.005,10,0,0,7.33,15.0,0,1870,1769859860.446,-0.815,meta-llama/Llama-3.2-1B-Instruct,"1769859860.446, 1769859860.546, 1769859860.549, 1769859860.612, 1769859860.613"
1.0,0,1769859860.6079,1.9257,27,32,59,0.0547,0.0619,0.0714,1.0,0.0,100.0,0.7899,0.9805,0.9805,3243.3144,1769859863.3284233,7.88,146,1852,0.005,10,0,0,7.33,15.0,0,1870,1769859860.446,-0.815,meta-llama/Llama-3.2-1B-Instruct,"1769859860.446, 1769859860.546, 1769859860.549, 1769859860.612, 1769859860.613"
1.0,0,1769859860.7804,1.8838,27,32,59,0.0761,0.0546,0.0613,1.0,0.0,100.0,0.7271,0.9599,0.9599,3244.2743,1769859863.3951876,7.88,146,1853,0.004,9,0,0,7.33,15.0,0,1870,1769859860.446,-0.815,meta-llama/Llama-3.2-1B-Instruct,"1769859860.446, 1769859860.546, 1769859860.549, 1769859860.612, 1769859860.613"
1.0,0,1769859860.9912,1.7382,27,32,59,0.0669,0.0523,0.0525,1.0,0.0,100.0,0.7258,0.8052,0.8052,3245.0795,1769859863.4564564,7.87,146,1854,0.004,9,1,0,7.33,15.0,0,1870,1769859860.446,-0.815,meta-llama/Llama-3.2-1B-Instruct,"1769859860.446, 1769859860.546, 1769859860.549, 1769859860.612, 1769859860.613"
1.0,0,1769859861.323,1.4818,27,32,59,0.0735,0.0583,0.0602,1.0,0.0,100.0,0.7674,0.5553,0.5553,3246.1776,1769859863.5796533,7.87,146,1856,0.005,10,0,0,7.33,15.0,0,1870,1769859860.446,-0.815,meta-llama/Llama-3.2-1B-Instruct,"1769859860.446, 1769859860.546, 1769859860.549, 1769859860.612, 1769859860.613"
1.0,0,1769859861.394,1.4806,27,32,59,0.0622,0.0536,0.0539,1.0,0.0,100.0,0.7048,0.5428,0.5428,3246.1776,1769859863.5804243,7.87,146,1856,0.006,11,0,0,7.33,15.0,0,1870,1769859860.446,-0.815,meta-llama/Llama-3.2-1B-Instruct,"1769859860.446, 1769859860.546, 1769859860.549, 1769859860.612, 1769859860.613"
1.0,0,1769859861.7895,1.1346,27,32,59,0.0856,0.0527,0.0548,1.0,0.0,100.0,0.7362,0.2202,0.2202,3246.3978,1769859863.6613357,7.86,146,1857,0.006,12,0,0,7.33,15.0,0,1870,1769859860.446,-0.815,meta-llama/Llama-3.2-1B-Instruct,"1769859860.446, 1769859860.546, 1769859860.549, 1769859860.612, 1769859860.613"
1.0,0,1769859861.8777,1.1174,27,32,59,0.0605,0.0456,0.052,1.0,0.0,100.0,0.7042,0.1779,0.1779,3246.5756,1769859863.7017815,7.86,146,1858,0.007,13,1,0,7.33,15.0,0,1870,1769859860.446,-0.815,meta-llama/Llama-3.2-1B-Instruct,"1769859860.446, 1769859860.546, 1769859860.549, 1769859860.612, 1769859860.613"
1.0,0,1769859862.0825,0.9648,27,32,59,0.0602,0.0392,0.0527,1.0,0.0,100.0,0.6733,0.025,0.025,3246.6007,1769859863.7218156,7.85,146,1859,0.007,14,0,0,7.33,15.0,0,1870,1769859860.446,-0.815,meta-llama/Llama-3.2-1B-Instruct,"1769859860.446, 1769859860.546, 1769859860.549, 1769859860.612, 1769859860.613"
1.0,0,1769859862.7077,1.058,27,0,27,,,,1.0,,,0.0635,0.1215,0.1215,3246.7222,1769859863.8334363,7.85,146,1860,0.002,6,0,0,7.33,15.0,0,1870,1769859860.446,-0.815,meta-llama/Llama-3.2-1B-Instruct,"1769859860.446, 1769859860.546, 1769859860.549, 1769859860.612, 1769859860.613"
1.0,0,1769859862.8424,0.9869,27,0,27,,,,1.0,,,0.0559,0.0428,0.0428,3246.765,1769859863.8860207,7.85,146,1861,0.002,6,0,0,7.33,15.0,0,1870,1769859860.446,-0.815,meta-llama/Llama-3.2-1B-Instruct,"1769859860.446, 1769859860.546, 1769859860.549, 1769859860.612, 1769859860.613"
1.0,0,1769859862.7049,0.9365,27,7,34,0.0601,0.0488,0.0488,1.0,0.0,100.0,0.2778,-0.0034,0.0,3246.765,1769859863.9240105,7.89,147,1862,0.003,7,0,0,7.33,15.0,0,1870,1769859860.446,-0.815,meta-llama/Llama-3.2-1B-Instruct,"1769859860.446, 1769859860.546, 1769859860.549, 1769859860.612, 1769859860.613"
1.0,0,1769859862.2691,1.2261,27,23,50,0.0731,0.0486,0.0557,1.0,0.0,100.0,0.7495,0.2992,0.2992,3247.0642,1769859864.2564573,7.89,147,1863,0.003,6,0,0,7.33,15.0,0,1870,1769859860.446,-0.815,meta-llama/Llama-3.2-1B-Instruct,"1769859860.446, 1769859860.546, 1769859860.549, 1769859860.612, 1769859860.613"
1.0,0,1769859862.1297,1.2499,27,32,59,0.056,0.0493,0.0493,1.0,0.0,100.0,0.9408,0.3059,0.3059,3247.3701,1769859864.3216763,7.89,147,1864,0.004,7,0,0,7.33,15.0,0,1870,1769859860.446,-0.815,meta-llama/Llama-3.2-1B-Instruct,"1769859860.446, 1769859860.546, 1769859860.549, 1769859860.612, 1769859860.613"
1.0,0,1769859862.2677,1.1723,27,32,59,0.0687,0.055,0.0581,1.0,0.0,100.0,0.975,0.241,0.241,3247.6111,1769859864.4209094,7.88,147,1865,0.004,6,0,0,7.33,15.0,0,1870,1769859860.446,-0.815,meta-llama/Llama-3.2-1B-Instruct,"1769859860.446, 1769859860.546, 1769859860.549, 1769859860.612, 1769859860.613"
1.0,0,1769859862.5709,0.9869,27,32,59,0.0632,0.0591,0.0669,1.0,0.0,100.0,0.9219,0.0501,0.0501,3247.6612,1769859864.4824579,7.88,147,1866,0.004,7,0,0,7.33,15.0,0,1870,1769859860.446,-0.815,meta-llama/Llama-3.2-1B-Instruct,"1769859860.446, 1769859860.546, 1769859860.549, 1769859860.612, 1769859860.613"
1.0,0,1769859862.7063,0.9984,27,32,59,0.0512,0.0535,0.0649,1.0,0.0,100.0,0.8516,0.0496,0.0496,3247.7108,1769859864.5620418,7.87,147,1867,0.003,6,0,0,7.33,15.0,0,1870,1769859860.446,-0.815,meta-llama/Llama-3.2-1B-Instruct,"1769859860.446, 1769859860.546, 1769859860.549, 1769859860.612, 1769859860.613"
1.0,0,1769859862.8441,1.0614,27,32,59,0.0643,0.0646,0.0876,1.0,0.0,100.0,0.8763,0.1257,0.1257,3247.8366,1769859864.7846766,7.87,147,1868,0.002,5,0,0,7.33,15.0,0,1870,1769859860.446,-0.815,meta-llama/Llama-3.2-1B-Instruct,"1769859860.446, 1769859860.546, 1769859860.549, 1769859860.612, 1769859860.613"
1.0,0,1769859862.8996,1.0614,27,32,59,0.0797,0.0591,0.0926,1.0,0.0,100.0,0.9235,0.1411,0.1411,3247.9776,1769859864.8912902,7.87,148,1870,0.002,5,0,0,7.33,15.0,0,1870,1769859860.446,-0.815,meta-llama/Llama-3.2-1B-Instruct,"1769859860.446, 1769859860.546, 1769859860.549, 1769859860.612, 1769859860.613"
1.0,0,1769859863.355,0.6634,27,32,59,0.0592,0.0553,0.0947,1.0,0.0,100.0,0.8715,-0.2774,0.0,3247.9776,1769859864.8952806,7.91,148,1870,0.003,6,0,0,7.33,15.0,0,1870,1769859860.446,-0.815,meta-llama/Llama-3.2-1B-Instruct,"1769859860.446, 1769859860.546, 1769859860.549, 1769859860.612, 1769859860.613"
1.0,0,1769859863.4711,0.6189,27,32,59,0.0565,0.0595,0.0867,1.0,0.0,100.0,0.8888,-0.3246,0.0,3247.9776,1769859864.9829366,7.96,149,1871,0.003,8,0,0,7.33,15.0,0,1870,1769859860.446,-0.815,meta-llama/Llama-3.2-1B-Instruct,"1769859860.446, 1769859860.546, 1769859860.549, 1769859860.612, 1769859860.613"
1.0,0,1769859863.5247,0.6283,27,32,59,0.0488,0.0615,0.0918,1.0,0.0,100.0,0.8588,-0.3228,0.0,3247.9776,1769859865.0130246,8.01,150,1872,0.004,9,0,0,7.33,15.0,0,1870,1769859860.446,-0.815,meta-llama/Llama-3.2-1B-Instruct,"1769859860.446, 1769859860.546, 1769859860.549, 1769859860.612, 1769859860.613"
1.0,0,1769859863.5263,0.7037,27,32,59,0.064,0.0594,0.0909,1.0,0.0,100.0,0.8593,-0.2323,0.0,3247.9776,1769859865.091841,8.06,151,1873,0.005,10,0,0,7.33,15.0,0,1870,1769859860.446,-0.815,meta-llama/Llama-3.2-1B-Instruct,"1769859860.446, 1769859860.546, 1769859860.549, 1769859860.612, 1769859860.613"
1.0,0,1769859863.5278,0.778,27,32,59,0.073,0.0489,0.0895,1.0,0.0,100.0,0.8245,-0.1489,0.0,3247.9776,1769859865.1352756,8.11,152,1874,0.005,10,0,0,7.33,15.0,0,1870,1769859860.446,-0.815,meta-llama/Llama-3.2-1B-Instruct,"1769859860.446, 1769859860.546, 1769859860.549, 1769859860.612, 1769859860.613"
1.0,0,1769859863.6065,0.7603,27,32,59,0.0487,0.0505,0.0925,1.0,0.0,100.0,0.7943,-0.191,0.0,3247.9776,1769859865.1676366,8.16,153,1875,0.004,9,0,0,7.33,15.0,0,1870,1769859860.446,-0.815,meta-llama/Llama-3.2-1B-Instruct,"1769859860.446, 1769859860.546, 1769859860.549, 1769859860.612, 1769859860.613"
1.0,0,1769859863.7392,0.873,27,32,59,0.0683,0.0654,0.0715,1.0,0.0,100.0,0.9039,-0.0587,0.0,3248.0476,1769859865.5253625,8.21,154,1877,0.004,8,0,0,7.33,15.0,0,1870,1769859860.446,-0.815,meta-llama/Llama-3.2-1B-Instruct,"1769859860.446, 1769859860.546, 1769859860.549, 1769859860.612, 1769859860.613"
1.0,0,1769859863.6785,0.8916,27,32,59,0.1088,0.0568,0.0592,1.0,0.0,100.0,0.9588,0.0004,0.0004,3248.048,1769859865.5342774,8.25,155,1879,0.004,9,0,0,7.33,15.0,0,1870,1769859860.446,-0.815,meta-llama/Llama-3.2-1B-Instruct,"1769859860.446, 1769859860.546, 1769859860.549, 1769859860.612, 1769859860.613"
1.0,0,1769859863.608,0.9578,27,32,59,0.1122,0.0524,0.0557,1.0,0.0,100.0,0.9584,0.07,0.07,3248.048,1769859865.5401344,8.2,155,1879,0.005,10,0,0,7.33,15.0,0,1870,1769859860.446,-0.815,meta-llama/Llama-3.2-1B-Instruct,"1769859860.446, 1769859860.546, 1769859860.549, 1769859860.612, 1769859860.613"
1.0,0,1769859863.867,0.8034,27,32,59,0.0746,0.0587,0.0606,1.0,0.0,100.0,0.8579,-0.1219,0.0,3248.048,1769859865.5403624,8.25,155,1879,0.005,9,2,0,7.33,15.0,0,1870,1769859860.446,-0.815,meta-llama/Llama-3.2-1B-Instruct,"1769859860.446, 1769859860.546, 1769859860.549, 1769859860.612, 1769859860.613"
1.0,0,1769859863.9363,0.8018,27,32,59,0.0839,0.056,0.067,1.0,0.0,100.0,0.9147,-0.1143,0.0,3248.3923,1769859865.655383,8.3,156,1881,0.006,12,0,0,7.33,15.0,0,1870,1769859860.446,-0.815,meta-llama/Llama-3.2-1B-Instruct,"1769859860.446, 1769859860.546, 1769859860.549, 1769859860.612, 1769859860.613"
1.0,0,1769859864.1871,1.2369,27,5,32,0.1073,0.0584,0.0584,1.0,0.0,100.0,0.2293,0.3443,0.3443,3248.3923,1769859865.6557336,8.29,156,1881,0.007,13,0,0,7.33,15.0,0,1870,1769859860.446,-0.815,meta-llama/Llama-3.2-1B-Instruct,"1769859860.446, 1769859860.546, 1769859860.549, 1769859860.612, 1769859860.613"
1.0,0,1769859863.938,0.8728,27,32,59,0.0809,0.0551,0.0601,1.0,0.0,100.0,0.8619,-0.0463,0.0,3248.3923,1769859865.6798756,8.34,157,1882,0.006,11,1,0,7.33,15.0,0,1870,1769859860.446,-0.815,meta-llama/Llama-3.2-1B-Instruct,"1769859860.446, 1769859860.546, 1769859860.549, 1769859860.612, 1769859860.613"
1.0,0,1769859863.9396,0.9392,27,32,59,0.0516,0.0561,0.0679,1.0,0.0,100.0,0.8149,-0.0092,0.0,3248.3923,1769859865.6958623,8.39,158,1883,0.006,12,0,0,7.33,15.0,0,1870,1769859860.446,-0.815,meta-llama/Llama-3.2-1B-Instruct,"1769859860.446, 1769859860.546, 1769859860.549, 1769859860.612, 1769859860.613"
1.0,0,1769859863.9946,0.9561,27,32,59,0.0619,0.0559,0.0574,1.0,0.0,100.0,0.7899,0.018,0.018,3248.4103,1769859865.7416284,8.39,158,1884,0.005,11,0,0,7.33,15.0,0,1870,1769859860.446,-0.815,meta-llama/Llama-3.2-1B-Instruct,"1769859860.446, 1769859860.546, 1769859860.549, 1769859860.612, 1769859860.613"
1.0,0,1769859864.0616,0.9966,27,32,59,0.0729,0.0583,0.0588,1.0,0.0,100.0,0.8045,0.0694,0.0694,3248.4797,1769859865.867984,8.38,158,1885,0.005,11,0,0,7.33,15.0,0,1870,1769859860.446,-0.815,meta-llama/Llama-3.2-1B-Instruct,"1769859860.446, 1769859860.546, 1769859860.549, 1769859860.612, 1769859860.613"
1.0,0,1769859864.1202,1.0285,27,32,59,0.0684,0.059,0.0835,1.0,0.0,100.0,0.7959,0.0969,0.0969,3248.5766,1769859865.950203,8.38,158,1886,0.005,10,0,0,7.33,15.0,0,1870,1769859860.446,-0.815,meta-llama/Llama-3.2-1B-Instruct,"1769859860.446, 1769859860.546, 1769859860.549, 1769859860.612, 1769859860.613"
1.0,0,1769859864.1217,1.0905,27,32,59,0.0708,0.0549,0.0578,1.0,0.0,100.0,0.7507,0.1613,0.1613,3248.7379,1769859865.9675987,8.37,158,1887,0.004,9,0,0,7.33,15.0,0,1870,1769859860.446,-0.815,meta-llama/Llama-3.2-1B-Instruct,"1769859860.446, 1769859860.546, 1769859860.549, 1769859860.612, 1769859860.613"
1.0,0,1769859864.1232,1.15,27,32,59,0.0657,0.0612,0.0669,1.0,0.0,100.0,0.7531,0.2157,0.2157,3248.9536,1769859866.0290105,8.37,158,1888,0.005,10,0,0,7.33,15.0,0,1870,1769859860.446,-0.815,meta-llama/Llama-3.2-1B-Instruct,"1769859860.446, 1769859860.546, 1769859860.549, 1769859860.612, 1769859860.613"
1.0,0,1769859864.1246,1.2196,27,32,59,0.0585,0.0517,0.0606,1.0,0.0,100.0,0.7382,0.2781,0.2781,3249.2317,1769859866.0832312,8.36,158,1889,0.006,12,0,0,7.33,15.0,0,1870,1769859860.446,-0.815,meta-llama/Llama-3.2-1B-Instruct,"1769859860.446, 1769859860.546, 1769859860.549, 1769859860.612, 1769859860.613"
1.0,0,1769859864.2842,1.2321,27,32,59,0.0849,0.0614,0.0637,1.0,0.0,100.0,0.7868,0.317,0.317,3249.5487,1769859866.3039665,8.36,158,1890,0.005,11,0,0,7.33,15.0,0,1928,1769859866.382,0.11,meta-llama/Llama-3.2-1B-Instruct,"1769859866.382, 1769859866.384, 1769859866.385, 1769859866.751, 1769859866.901"
1.0,0,1769859864.4044,1.182,27,32,59,0.0657,0.0557,0.0604,1.0,0.0,100.0,0.7833,0.2477,0.2477,3249.7964,1769859866.3744123,8.36,158,1891,0.005,10,0,0,7.33,15.0,0,1928,1769859866.382,0.11,meta-llama/Llama-3.2-1B-Instruct,"1769859866.382, 1769859866.384, 1769859866.385, 1769859866.751, 1769859866.901"
1.0,0,1769859864.4843,1.31,27,32,59,0.0647,0.0577,0.0591,1.0,0.0,100.0,0.8899,0.3747,0.3747,3251.0754,1769859866.6908917,8.35,158,1895,0.004,7,0,0,7.33,15.0,0,1928,1769859866.382,0.11,meta-llama/Llama-3.2-1B-Instruct,"1769859866.382, 1769859866.384, 1769859866.385, 1769859866.751, 1769859866.901"
1.0,0,1769859865.3852,1.1028,27,7,34,0.0503,0.0412,0.0412,1.0,0.0,100.0,0.1985,0.153,0.153,3251.0754,1769859866.6914191,8.35,158,1895,0.005,11,0,0,7.33,15.0,0,1928,1769859866.382,0.11,meta-llama/Llama-3.2-1B-Instruct,"1769859866.382, 1769859866.384, 1769859866.385, 1769859866.751, 1769859866.901"
1.0,0,1769859864.4805,1.3012,27,32,59,0.0763,0.0584,0.0679,1.0,0.0,100.0,0.908,0.3775,0.3775,3251.0754,1769859866.6917179,8.34,158,1895,0.005,11,0,0,7.33,15.0,0,1928,1769859866.382,0.11,meta-llama/Llama-3.2-1B-Instruct,"1769859866.382, 1769859866.384, 1769859866.385, 1769859866.751, 1769859866.901"
1.0,0,1769859864.4821,1.2917,27,32,59,0.0821,0.0563,0.0619,1.0,0.0,100.0,0.9154,0.3738,0.3738,3251.0754,1769859866.6920142,8.34,158,1895,0.004,8,0,0,7.33,15.0,0,1928,1769859866.382,0.11,meta-llama/Llama-3.2-1B-Instruct,"1769859866.382, 1769859866.384, 1769859866.385, 1769859866.751, 1769859866.901"
1.0,0,1769859864.4858,1.3829,27,32,59,0.0667,0.0578,0.059,1.0,0.0,100.0,0.9018,0.4496,0.4496,3251.525,1769859866.7774558,8.33,158,1896,0.004,9,0,0,7.33,15.0,0,1928,1769859866.382,0.11,meta-llama/Llama-3.2-1B-Instruct,"1769859866.382, 1769859866.384, 1769859866.385, 1769859866.751, 1769859866.901"
1.0,0,1769859865.9021,0.8461,27,0,27,,,,1.0,,,0.078,-0.0759,0.0,3251.525,1769859866.832367,8.38,159,1897,0.006,11,0,0,7.33,15.0,0,1928,1769859866.382,0.11,meta-llama/Llama-3.2-1B-Instruct,"1769859866.382, 1769859866.384, 1769859866.385, 1769859866.751, 1769859866.901"
1.0,0,1769859864.4903,1.4467,27,32,59,0.0682,0.0569,0.057,1.0,0.0,100.0,0.9278,0.5149,0.5149,3252.04,1769859866.869388,8.38,159,1898,0.004,9,0,0,7.33,15.0,0,1928,1769859866.382,0.11,meta-llama/Llama-3.2-1B-Instruct,"1769859866.382, 1769859866.384, 1769859866.385, 1769859866.751, 1769859866.901"
1.0,0,1769859864.6459,1.3683,27,32,59,0.0678,0.0546,0.0585,1.0,0.0,100.0,0.8974,0.4361,0.4361,3252.4761,1769859866.9147537,8.37,159,1899,0.004,9,0,0,7.33,15.0,0,1928,1769859866.382,0.11,meta-llama/Llama-3.2-1B-Instruct,"1769859866.382, 1769859866.384, 1769859866.385, 1769859866.751, 1769859866.901"
1.0,0,1769859865.0087,1.0592,27,32,59,0.0715,0.0569,0.0603,1.0,0.0,100.0,0.8621,0.1307,0.1307,3252.6068,1769859866.9325964,8.37,159,1900,0.004,8,1,0,7.33,15.0,0,1928,1769859866.382,0.11,meta-llama/Llama-3.2-1B-Instruct,"1769859866.382, 1769859866.384, 1769859866.385, 1769859866.751, 1769859866.901"
1.0,0,1769859865.0129,1.1091,27,32,59,0.0753,0.0552,0.0577,1.0,0.0,100.0,0.8313,0.1844,0.1844,3252.7911,1769859866.9541373,8.36,159,1901,0.004,8,0,0,7.33,15.0,0,1928,1769859866.382,0.11,meta-llama/Llama-3.2-1B-Instruct,"1769859866.382, 1769859866.384, 1769859866.385, 1769859866.751, 1769859866.901"
1.0,0,1769859865.1828,1.0173,27,32,59,0.0739,0.0574,0.06,1.0,0.0,100.0,0.8002,0.0912,0.0912,3252.8823,1769859867.005295,8.36,159,1902,0.004,9,0,0,7.33,15.0,0,1928,1769859866.382,0.11,meta-llama/Llama-3.2-1B-Instruct,"1769859866.382, 1769859866.384, 1769859866.385, 1769859866.751, 1769859866.901"
1.0,0,1769859865.1844,1.0939,27,32,59,0.0807,0.0494,0.0562,1.0,0.0,100.0,0.7592,0.1746,0.1746,3253.0569,1769859867.0586162,8.36,159,1903,0.005,11,0,0,7.33,15.0,0,1928,1769859866.382,0.11,meta-llama/Llama-3.2-1B-Instruct,"1769859866.382, 1769859866.384, 1769859866.385, 1769859866.751, 1769859866.901"
1.0,0,1769859865.3823,0.9825,27,32,59,0.067,0.0547,0.0637,1.0,0.0,100.0,0.7103,0.0494,0.0494,3253.1064,1769859867.0794103,8.35,159,1904,0.005,11,0,0,7.33,15.0,0,1928,1769859866.382,0.11,meta-llama/Llama-3.2-1B-Instruct,"1769859866.382, 1769859866.384, 1769859866.385, 1769859866.751, 1769859866.901"
1.0,0,1769859865.3837,1.0392,27,32,59,0.0759,0.0502,0.0555,1.0,0.0,100.0,0.7164,0.1151,0.1151,3253.2215,1769859867.1408083,8.35,159,1905,0.005,10,0,0,7.33,15.0,0,1928,1769859866.382,0.11,meta-llama/Llama-3.2-1B-Instruct,"1769859866.382, 1769859866.384, 1769859866.385, 1769859866.751, 1769859866.901"
1.0,0,1769859865.7513,0.8139,27,32,59,0.0724,0.0547,0.063,1.0,0.0,100.0,0.7477,-0.1138,0.0,3253.2215,1769859867.313997,8.39,160,1906,0.006,13,0,0,7.33,15.0,0,1928,1769859866.382,0.11,meta-llama/Llama-3.2-1B-Instruct,"1769859866.382, 1769859866.384, 1769859866.385, 1769859866.751, 1769859866.901"
1.0,0,1769859865.9006,0.7509,27,32,59,0.0733,0.0525,0.063,1.0,0.0,100.0,0.7505,-0.1758,0.0,3253.2215,1769859867.4055214,8.44,161,1907,0.007,14,0,0,7.33,15.0,0,1928,1769859866.382,0.11,meta-llama/Llama-3.2-1B-Instruct,"1769859866.382, 1769859866.384, 1769859866.385, 1769859866.751, 1769859866.901"
1.0,0,1769859865.9036,0.9122,27,32,59,0.0479,0.0481,0.0604,1.0,0.0,100.0,0.732,-0.0399,0.0,3253.2215,1769859867.5521982,8.49,162,1908,0.005,10,0,0,7.33,15.0,0,1928,1769859866.382,0.11,meta-llama/Llama-3.2-1B-Instruct,"1769859866.382, 1769859866.384, 1769859866.385, 1769859866.751, 1769859866.901"
1.0,0,1769859866.0993,0.952,27,32,59,0.0696,0.0651,0.0685,1.0,0.0,100.0,0.9267,0.0216,0.0216,3253.3251,1769859867.987416,8.49,162,1910,0.003,6,0,0,7.33,15.0,0,1928,1769859866.382,0.11,meta-llama/Llama-3.2-1B-Instruct,"1769859866.382, 1769859866.384, 1769859866.385, 1769859866.751, 1769859866.901"
1.0,0,1769859866.0439,1.0027,27,32,59,0.0792,0.0613,0.0733,1.0,0.0,100.0,0.9406,0.082,0.082,3253.462,1769859867.9885514,8.48,162,1911,0.004,7,0,0,7.33,15.0,0,1928,1769859866.382,0.11,meta-llama/Llama-3.2-1B-Instruct,"1769859866.382, 1769859866.384, 1769859866.385, 1769859866.751, 1769859866.901"
1.0,0,1769859865.9857,1.052,27,32,59,0.0849,0.0583,0.0772,1.0,0.0,100.0,0.9502,0.1369,0.1369,3253.462,1769859867.9888234,8.48,162,1911,0.005,10,0,0,7.33,15.0,0,1928,1769859866.382,0.11,meta-llama/Llama-3.2-1B-Instruct,"1769859866.382, 1769859866.384, 1769859866.385, 1769859866.751, 1769859866.901"
1.0,0,1769859866.1685,0.9618,27,32,59,0.0556,0.0504,0.0601,1.0,0.0,100.0,0.884,0.0174,0.0174,3253.4794,1769859868.0204756,8.47,162,1912,0.002,4,0,0,7.33,15.0,0,1928,1769859866.382,0.11,meta-llama/Llama-3.2-1B-Instruct,"1769859866.382, 1769859866.384, 1769859866.385, 1769859866.751, 1769859866.901"
1.0,0,1769859866.2493,0.9431,27,32,59,0.069,0.0578,0.0584,1.0,0.0,100.0,0.8558,0.0121,0.0121,3253.4915,1769859868.0534623,8.47,162,1913,0.003,6,0,0,7.33,15.0,0,1928,1769859866.382,0.11,meta-llama/Llama-3.2-1B-Instruct,"1769859866.382, 1769859866.384, 1769859866.385, 1769859866.751, 1769859866.901"
1.0,0,1769859866.2507,1.0012,27,32,59,0.0573,0.0565,0.0571,1.0,0.0,100.0,0.8655,0.0585,0.0585,3253.55,1769859868.1185353,8.46,162,1914,0.003,8,0,0,7.33,15.0,0,1928,1769859866.382,0.11,meta-llama/Llama-3.2-1B-Instruct,"1769859866.382, 1769859866.384, 1769859866.385, 1769859866.751, 1769859866.901"
1.0,0,1769859866.252,1.0813,27,32,59,0.0637,0.0559,0.0617,1.0,0.0,100.0,0.8831,0.145,0.145,3253.6965,1769859868.2192535,8.46,162,1916,0.004,8,0,0,7.33,15.0,0,1928,1769859866.382,0.11,meta-llama/Llama-3.2-1B-Instruct,"1769859866.382, 1769859866.384, 1769859866.385, 1769859866.751, 1769859866.901"
1.0,0,1769859866.4602,0.9298,27,32,59,0.0717,0.0539,0.0557,1.0,0.0,100.0,0.8273,0.0015,0.0015,3253.6965,1769859868.2194388,8.46,162,1916,0.004,8,1,0,7.33,15.0,0,1928,1769859866.382,0.11,meta-llama/Llama-3.2-1B-Instruct,"1769859866.382, 1769859866.384, 1769859866.385, 1769859866.751, 1769859866.901"
1.0,0,1769859866.5281,0.9225,27,32,59,0.0504,0.0606,0.0634,1.0,0.0,100.0,0.796,-0.0271,0.0,3253.6965,1769859868.2473612,8.5,163,1917,0.004,8,0,0,7.33,15.0,0,1928,1769859866.382,0.11,meta-llama/Llama-3.2-1B-Instruct,"1769859866.382, 1769859866.384, 1769859866.385, 1769859866.751, 1769859866.901"
1.0,0,1769859866.6167,0.9089,27,32,59,0.074,0.0577,0.0803,1.0,0.0,100.0,0.7738,-0.0171,0.0,3253.6965,1769859868.3181596,8.55,164,1918,0.004,10,0,0,7.33,15.0,0,1928,1769859866.382,0.11,meta-llama/Llama-3.2-1B-Instruct,"1769859866.382, 1769859866.384, 1769859866.385, 1769859866.751, 1769859866.901"
1.0,0,1769859866.6181,0.9946,27,32,59,0.0582,0.0518,0.0605,1.0,0.0,100.0,0.7156,0.0528,0.0528,3253.7493,1769859868.3304112,8.55,164,1919,0.004,10,0,0,7.33,15.0,0,1928,1769859866.382,0.11,meta-llama/Llama-3.2-1B-Instruct,"1769859866.382, 1769859866.384, 1769859866.385, 1769859866.751, 1769859866.901"
1.0,0,1769859866.6316,1.402,27,15,42,0.0698,0.0527,0.0527,1.0,0.0,100.0,0.3479,0.4718,0.4718,3254.2211,1769859868.382447,8.54,164,1920,0.005,11,0,0,7.33,15.0,0,1928,1769859866.382,0.11,meta-llama/Llama-3.2-1B-Instruct,"1769859866.382, 1769859866.384, 1769859866.385, 1769859866.751, 1769859866.901"
1.0,0,1769859866.6195,1.0909,27,32,59,0.0767,0.0521,0.0606,1.0,0.0,100.0,0.7887,0.1676,0.1676,3254.3887,1769859868.4998474,8.54,164,1921,0.005,11,0,0,7.33,15.0,0,1928,1769859866.382,0.11,meta-llama/Llama-3.2-1B-Instruct,"1769859866.382, 1769859866.384, 1769859866.385, 1769859866.751, 1769859866.901"
1.0,0,1769859866.6209,1.1769,27,32,59,0.0774,0.0559,0.0571,1.0,0.0,100.0,0.7977,0.2543,0.2543,3254.643,1769859868.596997,8.53,164,1922,0.006,12,0,0,7.33,15.0,0,1928,1769859866.382,0.11,meta-llama/Llama-3.2-1B-Instruct,"1769859866.382, 1769859866.384, 1769859866.385, 1769859866.751, 1769859866.901"
1.0,0,1769859867.4879,1.0944,27,0,27,,,,1.0,,,0.0539,0.1484,0.1484,3254.7913,1769859868.63764,8.53,164,1923,0.004,8,0,0,7.33,15.0,0,1928,1769859866.382,0.11,meta-llama/Llama-3.2-1B-Instruct,"1769859866.382, 1769859866.384, 1769859866.385, 1769859866.751, 1769859866.901"
1.0,0,1769859867.4865,1.0437,27,3,30,0.0661,0.038,0.038,1.0,0.0,100.0,0.1313,0.1098,0.1098,3255.2419,1769859868.6663115,8.52,164,1925,0.004,8,0,0,7.33,15.0,0,1928,1769859866.382,0.11,meta-llama/Llama-3.2-1B-Instruct,"1769859866.382, 1769859866.384, 1769859866.385, 1769859866.751, 1769859866.901"
1.0,0,1769859866.6223,1.2641,27,31,58,0.0767,0.0489,0.0517,1.0,0.0,100.0,0.7784,0.3408,0.3408,3255.2419,1769859868.669855,8.52,164,1925,0.007,13,0,0,7.33,15.0,0,1928,1769859866.382,0.11,meta-llama/Llama-3.2-1B-Instruct,"1769859866.382, 1769859866.384, 1769859866.385, 1769859866.751, 1769859866.901"
1.0,0,1769859866.6241,1.3299,27,31,58,0.06,0.054,0.0574,1.0,0.0,100.0,0.7713,0.3898,0.3898,3255.6317,1769859868.726242,8.52,164,1926,0.007,13,1,0,7.33,15.0,0,1928,1769859866.382,0.11,meta-llama/Llama-3.2-1B-Instruct,"1769859866.382, 1769859866.384, 1769859866.385, 1769859866.751, 1769859866.901"
1.0,0,1769859867.0137,1.0955,27,32,59,0.0758,0.0545,0.0635,1.0,0.0,100.0,0.907,0.1713,0.1713,3255.803,1769859869.025735,8.51,164,1927,0.005,11,0,0,7.33,15.0,0,1928,1769859866.382,0.11,meta-llama/Llama-3.2-1B-Instruct,"1769859866.382, 1769859866.384, 1769859866.385, 1769859866.751, 1769859866.901"
1.0,0,1769859867.159,1.1514,27,32,59,0.0671,0.0589,0.0675,1.0,0.0,100.0,0.9754,0.2185,0.2185,3256.3831,1769859869.2892454,8.51,164,1929,0.004,8,0,0,7.33,15.0,0,1928,1769859866.382,0.11,meta-llama/Llama-3.2-1B-Instruct,"1769859866.382, 1769859866.384, 1769859866.385, 1769859866.751, 1769859866.901"
1.0,0,1769859867.0183,1.2847,27,32,59,0.077,0.0603,0.0611,1.0,0.0,100.0,0.9848,0.3617,0.3617,3256.3831,1769859869.2896814,8.5,164,1929,0.005,10,1,0,7.33,15.0,0,1928,1769859866.382,0.11,meta-llama/Llama-3.2-1B-Instruct,"1769859866.382, 1769859866.384, 1769859866.385, 1769859866.751, 1769859866.901"
1.0,0,1769859867.4838,0.8829,27,32,59,0.0551,0.0556,0.061,1.0,0.0,100.0,0.9653,-0.062,0.0,3256.3831,1769859869.3444755,8.55,165,1930,0.003,6,0,0,7.33,15.0,0,1928,1769859866.382,0.11,meta-llama/Llama-3.2-1B-Instruct,"1769859866.382, 1769859866.384, 1769859866.385, 1769859866.751, 1769859866.901"
1.0,0,1769859867.4852,0.9385,27,32,59,0.0599,0.0571,0.0597,1.0,0.0,100.0,0.9489,-0.0015,0.0,3256.3831,1769859869.377416,8.6,166,1931,0.004,8,0,0,7.33,15.0,0,1928,1769859866.382,0.11,meta-llama/Llama-3.2-1B-Instruct,"1769859866.382, 1769859866.384, 1769859866.385, 1769859866.751, 1769859866.901"
1.0,0,1769859867.5732,1.1349,27,32,59,0.0667,0.055,0.0684,1.0,0.0,100.0,0.8442,0.2016,0.2016,3256.8088,1769859869.558769,8.59,166,1933,0.003,6,0,0,7.33,15.0,0,1928,1769859866.382,0.11,meta-llama/Llama-3.2-1B-Instruct,"1769859866.382, 1769859866.384, 1769859866.385, 1769859866.751, 1769859866.901"
1.0,0,1769859867.4892,1.1636,27,32,59,0.0604,0.0591,0.0616,1.0,0.0,100.0,0.9009,0.224,0.224,3256.8088,1769859869.5696976,8.59,166,1933,0.004,8,0,0,7.33,15.0,0,1928,1769859866.382,0.11,meta-llama/Llama-3.2-1B-Instruct,"1769859866.382, 1769859866.384, 1769859866.385, 1769859866.751, 1769859866.901"
1.0,0,1769859868.7443,0.9124,27,0,27,,,,1.0,,,0.0759,-0.0117,0.0,3256.8088,1769859869.738196,8.63,167,1934,0.006,11,1,0,7.33,15.0,0,1928,1769859866.382,0.11,meta-llama/Llama-3.2-1B-Instruct,"1769859866.382, 1769859866.384, 1769859866.385, 1769859866.751, 1769859866.901"
1.0,0,1769859867.5747,1.2019,27,32,59,0.1016,0.0634,0.1474,1.0,0.0,100.0,0.9637,0.3034,0.3034,3257.1122,1769859869.7442563,8.68,168,1936,0.003,6,1,0,7.33,15.0,0,1928,1769859866.382,0.11,meta-llama/Llama-3.2-1B-Instruct,"1769859866.382, 1769859866.384, 1769859866.385, 1769859866.751, 1769859866.901"
1.0,0,1769859867.9305,0.8928,27,32,59,0.0513,0.0629,0.1425,1.0,0.0,100.0,0.9164,-0.0559,0.0,3257.1122,1769859869.7444305,8.68,168,1936,0.003,7,1,0,7.33,15.0,0,1928,1769859866.382,0.11,meta-llama/Llama-3.2-1B-Instruct,"1769859866.382, 1769859866.384, 1769859866.385, 1769859866.751, 1769859866.901"
1.0,0,1769859867.9319,0.9428,27,32,59,0.0861,0.061,0.1387,1.0,0.0,100.0,0.9139,0.0289,0.0289,3257.1411,1769859869.7943835,8.67,168,1937,0.003,8,1,0,7.33,15.0,0,1928,1769859866.382,0.11,meta-llama/Llama-3.2-1B-Instruct,"1769859866.382, 1769859866.384, 1769859866.385, 1769859866.751, 1769859866.901"
1.0,0,1769859868.0046,0.9407,27,32,59,0.0725,0.0541,0.1279,1.0,0.0,100.0,0.8652,0.0133,0.0133,3257.1544,1769859869.814039,8.67,168,1938,0.004,9,0,0,7.33,15.0,0,1928,1769859866.382,0.11,meta-llama/Llama-3.2-1B-Instruct,"1769859866.382, 1769859866.384, 1769859866.385, 1769859866.751, 1769859866.901"
1.0,0,1769859868.006,1.0159,27,32,59,0.0773,0.0573,0.1326,1.0,0.0,100.0,0.9081,0.0932,0.0932,3257.2476,1769859869.9410985,8.66,168,1939,0.004,10,0,0,7.33,15.0,0,1928,1769859866.382,0.11,meta-llama/Llama-3.2-1B-Instruct,"1769859866.382, 1769859866.384, 1769859866.385, 1769859866.751, 1769859866.901"
1.0,0,1769859868.0073,1.0961,27,32,59,0.0605,0.0654,0.1342,1.0,0.0,100.0,0.9202,0.1566,0.1566,3257.4042,1769859870.0290954,8.66,168,1940,0.005,11,0,0,7.33,15.0,0,1928,1769859866.382,0.11,meta-llama/Llama-3.2-1B-Instruct,"1769859866.382, 1769859866.384, 1769859866.385, 1769859866.751, 1769859866.901"
1.0,0,1769859868.0165,1.1698,27,32,59,0.0919,0.0651,0.1326,1.0,0.0,100.0,0.9275,0.2616,0.2616,3257.6658,1769859870.118635,8.66,168,1941,0.006,12,0,0,7.33,15.0,0,1928,1769859866.382,0.11,meta-llama/Llama-3.2-1B-Instruct,"1769859866.382, 1769859866.384, 1769859866.385, 1769859866.751, 1769859866.901"
1.0,0,1769859868.1641,1.1082,27,32,59,0.0676,0.0665,0.1303,1.0,0.0,100.0,0.8841,0.1758,0.1758,3257.8416,1769859870.1574404,8.65,168,1942,0.006,12,0,0,7.33,15.0,0,1928,1769859866.382,0.11,meta-llama/Llama-3.2-1B-Instruct,"1769859866.382, 1769859866.384, 1769859866.385, 1769859866.751, 1769859866.901"
1.0,0,1769859868.3996,0.9476,27,32,59,0.0826,0.0654,0.1322,1.0,0.0,100.0,0.927,0.0302,0.0302,3257.8717,1769859870.2819283,8.65,168,1943,0.005,11,0,0,7.33,15.0,0,1928,1769859866.382,0.11,meta-llama/Llama-3.2-1B-Instruct,"1769859866.382, 1769859866.384, 1769859866.385, 1769859866.751, 1769859866.901"
1.0,0,1769859869.3106,0.7855,27,13,40,0.0529,0.0482,0.0482,1.0,0.0,100.0,0.3423,-0.1615,0.0,3257.8717,1769859870.444933,8.69,169,1944,0.005,10,0,0,7.33,15.0,0,1928,1769859866.382,0.11,meta-llama/Llama-3.2-1B-Instruct,"1769859866.382, 1769859866.384, 1769859866.385, 1769859866.751, 1769859866.901"
1.0,0,1769859868.4011,1.136,27,32,59,0.089,0.0562,0.0959,1.0,0.0,100.0,0.9796,0.225,0.225,3258.4384,1769859870.5198982,8.69,169,1947,0.005,11,0,0,7.33,15.0,0,1928,1769859866.382,0.11,meta-llama/Llama-3.2-1B-Instruct,"1769859866.382, 1769859866.384, 1769859866.385, 1769859866.751, 1769859866.901"
1.0,0,1769859868.4907,1.0694,27,32,59,0.1032,0.07,0.0716,1.0,0.0,100.0,0.9581,0.1726,0.1726,3258.4384,1769859870.5202472,8.68,169,1947,0.006,11,0,0,7.33,15.0,0,1928,1769859866.382,0.11,meta-llama/Llama-3.2-1B-Instruct,"1769859866.382, 1769859866.384, 1769859866.385, 1769859866.751, 1769859866.901"
1.0,0,1769859868.4957,1.1133,27,32,59,0.0558,0.0667,0.0707,1.0,0.0,100.0,0.9105,0.169,0.169,3258.4384,1769859870.5207214,8.68,169,1947,0.005,10,1,0,7.33,15.0,0,1928,1769859866.382,0.11,meta-llama/Llama-3.2-1B-Instruct,"1769859866.382, 1769859866.384, 1769859866.385, 1769859866.751, 1769859866.901"
1.0,0,1769859869.0717,0.6454,27,31,58,0.0643,0.0583,0.0671,1.0,0.0,100.0,0.8252,-0.2903,0.0,3258.4384,1769859870.5441713,8.73,170,1948,0.005,11,0,0,7.33,15.0,0,1928,1769859866.382,0.11,meta-llama/Llama-3.2-1B-Instruct,"1769859866.382, 1769859866.384, 1769859866.385, 1769859866.751, 1769859866.901"
1.0,0,1769859869.0734,0.717,27,32,59,0.065,0.064,0.0743,1.0,0.0,100.0,0.8312,-0.218,0.0,3258.4384,1769859870.634478,8.77,171,1949,0.005,10,0,0,7.33,15.0,0,1928,1769859866.382,0.11,meta-llama/Llama-3.2-1B-Instruct,"1769859866.382, 1769859866.384, 1769859866.385, 1769859866.751, 1769859866.901"
1.0,0,1769859869.0749,0.7845,27,32,59,0.0683,0.058,0.073,1.0,0.0,100.0,0.8174,-0.1472,0.0,3258.4384,1769859870.6776044,8.82,172,1950,0.004,9,1,0,7.33,15.0,0,1928,1769859866.382,0.11,meta-llama/Llama-3.2-1B-Instruct,"1769859866.382, 1769859866.384, 1769859866.385, 1769859866.751, 1769859866.901"
1.0,0,1769859869.1395,0.7805,27,32,59,0.0993,0.0432,0.0725,1.0,0.0,100.0,0.7877,-0.1202,0.0,3258.4384,1769859870.7092602,8.87,173,1951,0.005,10,0,0,7.33,15.0,0,1928,1769859866.382,0.11,meta-llama/Llama-3.2-1B-Instruct,"1769859866.382, 1769859866.384, 1769859866.385, 1769859866.751, 1769859866.901"
1.0,0,1769859869.309,0.6757,27,32,59,0.0765,0.0495,0.0723,1.0,0.0,100.0,0.7665,-0.2478,0.0,3258.4384,1769859870.759819,8.91,174,1952,0.005,10,0,0,7.33,15.0,0,1928,1769859866.382,0.11,meta-llama/Llama-3.2-1B-Instruct,"1769859866.382, 1769859866.384, 1769859866.385, 1769859866.751, 1769859866.901"
1.0,0,1769859869.3121,0.8629,27,32,59,0.0595,0.0474,0.0653,1.0,0.0,100.0,0.6999,-0.0776,0.0,3258.4384,1769859870.8758316,8.96,175,1953,0.005,10,0,0,7.33,15.0,0,1928,1769859866.382,0.11,meta-llama/Llama-3.2-1B-Instruct,"1769859866.382, 1769859866.384, 1769859866.385, 1769859866.751, 1769859866.901"
1.0,0,1769859869.3135,0.9365,27,32,59,0.0709,0.0513,0.0518,1.0,0.0,100.0,0.7608,0.0073,0.0073,3258.4457,1769859871.0129104,8.96,175,1954,0.005,11,0,0,7.33,15.0,0,1928,1769859866.382,0.11,meta-llama/Llama-3.2-1B-Instruct,"1769859866.382, 1769859866.384, 1769859866.385, 1769859866.751, 1769859866.901"
1.0,0,1769859869.3149,1.059,27,32,59,0.0685,0.0515,0.0515,1.0,0.0,100.0,0.781,0.1275,0.1275,3258.5732,1769859871.1599944,8.95,175,1955,0.005,11,0,0,7.33,15.0,0,1928,1769859866.382,0.11,meta-llama/Llama-3.2-1B-Instruct,"1769859866.382, 1769859866.384, 1769859866.385, 1769859866.751, 1769859866.901"
1.0,0,1769859869.756,0.6751,27,32,59,0.076,0.057,0.0579,1.0,0.0,100.0,0.7901,-0.249,0.0,3258.5732,1769859871.2263591,9.0,176,1956,0.006,11,0,0,7.33,15.0,0,1928,1769859866.382,0.11,meta-llama/Llama-3.2-1B-Instruct,"1769859866.382, 1769859866.384, 1769859866.385, 1769859866.751, 1769859866.901"
1.0,0,1769859869.8934,0.6026,27,32,59,0.0847,0.0518,0.0567,1.0,0.0,100.0,0.804,-0.3127,0.0,3258.5732,1769859871.3008811,9.04,177,1957,0.006,11,0,0,7.33,15.0,0,1984,1769859871.819,0.534,meta-llama/Llama-3.2-1B-Instruct,"1769859871.819, 1769859871.821, 1769859871.967, 1769859871.969, 1769859872.087"
1.0,0,1769859870.0689,0.5363,27,32,59,0.0682,0.058,0.0624,1.0,0.0,100.0,0.7875,-0.3954,0.0,3258.5732,1769859871.4065874,9.09,178,1958,0.005,9,0,0,7.33,15.0,0,1984,1769859871.819,0.534,meta-llama/Llama-3.2-1B-Instruct,"1769859871.819, 1769859871.821, 1769859871.967, 1769859871.969, 1769859872.087"
1.0,0,1769859870.4072,0.3883,27,32,59,0.062,0.0557,0.0567,1.0,0.0,100.0,0.9013,-0.5497,0.0,3258.5732,1769859871.7079804,9.14,181,1961,0.003,7,0,0,7.33,15.0,0,1984,1769859871.819,0.534,meta-llama/Llama-3.2-1B-Instruct,"1769859871.819, 1769859871.821, 1769859871.967, 1769859871.969, 1769859872.087"
1.0,0,1769859870.1393,0.6448,27,32,59,0.0767,0.0609,0.0624,1.0,0.0,100.0,0.917,-0.2785,0.0,3258.5732,1769859871.7119777,9.18,181,1961,0.004,8,0,0,7.33,15.0,0,1984,1769859871.819,0.534,meta-llama/Llama-3.2-1B-Instruct,"1769859871.819, 1769859871.821, 1769859871.967, 1769859871.969, 1769859872.087"
1.0,0,1769859870.5653,0.2815,27,32,59,0.0772,0.0545,0.0594,1.0,0.0,100.0,0.8583,-0.6413,0.0,3258.5732,1769859871.7137365,9.23,181,1961,0.003,6,0,0,7.33,15.0,0,1984,1769859871.819,0.534,meta-llama/Llama-3.2-1B-Instruct,"1769859871.819, 1769859871.821, 1769859871.967, 1769859871.969, 1769859872.087"
1.0,0,1769859870.6454,0.2906,27,32,59,0.0746,0.0532,0.0548,1.0,0.0,100.0,0.8549,-0.6348,0.0,3258.5732,1769859871.795746,9.28,182,1962,0.004,8,0,0,7.33,15.0,0,1984,1769859871.819,0.534,meta-llama/Llama-3.2-1B-Instruct,"1769859871.819, 1769859871.821, 1769859871.967, 1769859871.969, 1769859872.087"
1.0,0,1769859870.647,0.3444,27,32,59,0.0702,0.0561,0.0606,1.0,0.0,100.0,0.8739,-0.5854,0.0,3258.5732,1769859871.8718815,9.32,184,1964,0.004,8,0,0,7.33,15.0,0,1984,1769859871.819,0.534,meta-llama/Llama-3.2-1B-Instruct,"1769859871.819, 1769859871.821, 1769859871.967, 1769859871.969, 1769859872.087"
1.0,0,1769859870.6484,0.4055,27,25,52,0.0474,0.0531,0.0573,1.0,0.0,100.0,0.8123,-0.5472,0.0,3258.5732,1769859871.8734403,9.37,184,1964,0.004,8,1,0,7.33,15.0,0,1984,1769859871.819,0.534,meta-llama/Llama-3.2-1B-Instruct,"1769859871.819, 1769859871.821, 1769859871.967, 1769859871.969, 1769859872.087"
1.0,0,1769859870.6499,0.4779,27,32,59,0.0902,0.0549,0.0571,1.0,0.0,100.0,0.8285,-0.4319,0.0,3258.5732,1769859871.962977,9.41,185,1965,0.005,10,0,0,7.33,15.0,0,1984,1769859871.819,0.534,meta-llama/Llama-3.2-1B-Instruct,"1769859871.819, 1769859871.821, 1769859871.967, 1769859871.969, 1769859872.087"
1.0,0,1769859870.6514,0.547,27,32,59,0.0782,0.0507,0.0546,1.0,0.0,100.0,0.8092,-0.3748,0.0,3258.5732,1769859872.0203881,9.46,186,1966,0.004,9,0,0,7.33,15.0,0,1984,1769859871.819,0.534,meta-llama/Llama-3.2-1B-Instruct,"1769859871.819, 1769859871.821, 1769859871.967, 1769859871.969, 1769859872.087"
1.0,0,1769859870.653,0.6187,27,32,59,0.0649,0.0523,0.0559,1.0,0.0,100.0,0.7657,-0.3163,0.0,3258.5732,1769859872.040999,9.51,187,1967,0.004,9,1,0,7.33,15.0,0,1984,1769859871.819,0.534,meta-llama/Llama-3.2-1B-Instruct,"1769859871.819, 1769859871.821, 1769859871.967, 1769859871.969, 1769859872.087"
1.0,0,1769859870.8195,0.581,27,32,59,0.0641,0.0485,0.051,1.0,0.0,100.0,0.7764,-0.3549,0.0,3258.5732,1769859872.1827366,9.55,188,1968,0.005,10,0,0,7.33,15.0,0,1984,1769859871.819,0.534,meta-llama/Llama-3.2-1B-Instruct,"1769859871.819, 1769859871.821, 1769859871.967, 1769859871.969, 1769859872.087"
1.0,0,1769859870.821,0.6289,27,32,59,0.0689,0.049,0.0499,1.0,0.0,100.0,0.7993,-0.3022,0.0,3258.5732,1769859872.2529318,9.6,189,1969,0.005,9,0,0,7.33,15.0,0,1984,1769859871.819,0.534,meta-llama/Llama-3.2-1B-Instruct,"1769859871.819, 1769859871.821, 1769859871.967, 1769859871.969, 1769859872.087"
1.0,0,1769859870.9671,0.5398,27,32,59,0.0734,0.0461,0.0478,1.0,0.0,100.0,0.8157,-0.3868,0.0,3258.5732,1769859872.328958,9.64,190,1970,0.005,10,1,0,7.33,15.0,0,1984,1769859871.819,0.534,meta-llama/Llama-3.2-1B-Instruct,"1769859871.819, 1769859871.821, 1769859871.967, 1769859871.969, 1769859872.087"
1.0,0,1769859870.9686,0.6372,27,32,59,0.0584,0.0489,0.0518,1.0,0.0,100.0,0.7815,-0.3044,0.0,3258.5732,1769859872.3950834,9.69,191,1971,0.006,12,0,0,7.33,15.0,0,1984,1769859871.819,0.534,meta-llama/Llama-3.2-1B-Instruct,"1769859871.819, 1769859871.821, 1769859871.967, 1769859871.969, 1769859872.087"
1.0,0,1769859871.0874,0.5931,27,32,59,0.0701,0.0614,0.0675,1.0,0.0,100.0,0.8244,-0.3368,0.0,3258.5732,1769859872.510515,9.74,192,1972,0.006,12,0,0,7.33,15.0,0,1984,1769859871.819,0.534,meta-llama/Llama-3.2-1B-Instruct,"1769859871.819, 1769859871.821, 1769859871.967, 1769859871.969, 1769859872.087"
1.0,0,1769859871.1674,0.6011,27,32,59,0.0617,0.0622,0.0771,1.0,0.0,100.0,0.8328,-0.3372,0.0,3258.5732,1769859872.608202,9.78,193,1973,0.005,11,0,0,7.33,15.0,0,1984,1769859871.819,0.534,meta-llama/Llama-3.2-1B-Instruct,"1769859871.819, 1769859871.821, 1769859871.967, 1769859871.969, 1769859872.087"
1.0,0,1769859871.247,0.6016,27,32,59,0.0603,0.0547,0.0769,1.0,0.0,100.0,0.8362,-0.3382,0.0,3258.5732,1769859872.693082,9.83,194,1974,0.005,11,0,0,7.33,15.0,0,1984,1769859871.819,0.534,meta-llama/Llama-3.2-1B-Instruct,"1769859871.819, 1769859871.821, 1769859871.967, 1769859871.969, 1769859872.087"
1.0,0,1769859871.423,0.5891,27,26,53,0.0743,0.0598,0.0629,1.0,0.0,100.0,0.8008,-0.3366,0.0,3258.5732,1769859872.8186681,9.87,195,1975,0.005,9,0,0,7.33,15.0,0,1984,1769859871.819,0.534,meta-llama/Llama-3.2-1B-Instruct,"1769859871.819, 1769859871.821, 1769859871.967, 1769859871.969, 1769859872.087"
1.0,0,1769859871.3392,0.6751,27,32,59,0.0764,0.0558,0.0579,1.0,0.0,100.0,0.9413,-0.2485,0.0,3258.5732,1769859872.9567974,9.92,196,1976,0.005,10,0,0,7.33,15.0,0,1984,1769859871.819,0.534,meta-llama/Llama-3.2-1B-Instruct,"1769859871.819, 1769859871.821, 1769859871.967, 1769859871.969, 1769859872.087"
1.0,0,1769859871.572,0.5218,27,32,59,0.0731,0.0563,0.0603,1.0,0.0,100.0,0.9466,-0.4051,0.0,3258.5732,1769859873.048913,9.96,197,1977,0.004,7,0,0,7.33,15.0,0,1984,1769859871.819,0.534,meta-llama/Llama-3.2-1B-Instruct,"1769859871.819, 1769859871.821, 1769859871.967, 1769859871.969, 1769859872.087"
1.0,0,1769859871.5734,0.5957,27,32,59,0.0591,0.0544,0.0597,1.0,0.0,100.0,0.922,-0.3452,0.0,3258.5732,1769859873.0920126,10.01,198,1978,0.004,9,0,0,7.33,15.0,0,1984,1769859871.819,0.534,meta-llama/Llama-3.2-1B-Instruct,"1769859871.819, 1769859871.821, 1769859871.967, 1769859871.969, 1769859872.087"
1.0,0,1769859871.5837,0.6486,27,32,59,0.0527,0.0645,0.0726,1.0,0.0,100.0,0.8997,-0.2986,0.0,3258.5732,1769859873.1450086,10.06,199,1979,0.005,10,0,0,7.33,15.0,0,1984,1769859871.819,0.534,meta-llama/Llama-3.2-1B-Instruct,"1769859871.819, 1769859871.821, 1769859871.967, 1769859871.969, 1769859872.087"
1.0,0,1769859871.6364,0.6694,27,32,59,0.0557,0.0536,0.0644,1.0,0.0,100.0,0.8544,-0.275,0.0,3258.5732,1769859873.1619008,10.1,200,1980,0.005,10,0,0,7.33,15.0,0,1984,1769859871.819,0.534,meta-llama/Llama-3.2-1B-Instruct,"1769859871.819, 1769859871.821, 1769859871.967, 1769859871.969, 1769859872.087"
1.0,0,1769859871.638,0.7374,27,32,59,0.0859,0.0484,0.056,1.0,0.0,100.0,0.8321,-0.1767,0.0,3258.5732,1769859873.2141364,10.15,201,1981,0.005,10,0,0,7.33,15.0,0,1984,1769859871.819,0.534,meta-llama/Llama-3.2-1B-Instruct,"1769859871.819, 1769859871.821, 1769859871.967, 1769859871.969, 1769859872.087"
1.0,0,1769859871.6394,0.8031,27,32,59,0.0619,0.0442,0.0567,1.0,0.0,100.0,0.792,-0.135,0.0,3258.5732,1769859873.241194,10.19,202,1982,0.005,10,0,0,7.33,15.0,0,1984,1769859871.819,0.534,meta-llama/Llama-3.2-1B-Instruct,"1769859871.819, 1769859871.821, 1769859871.967, 1769859871.969, 1769859872.087"
1.0,0,1769859871.8165,0.7692,27,32,59,0.0572,0.0525,0.0525,1.0,0.0,100.0,0.7176,-0.1736,0.0,3258.5732,1769859873.3078449,10.24,204,1984,0.005,10,0,0,7.33,15.0,0,1984,1769859871.819,0.534,meta-llama/Llama-3.2-1B-Instruct,"1769859871.819, 1769859871.821, 1769859871.967, 1769859871.969, 1769859872.087"
1.0,0,1769859871.7348,0.7901,27,32,59,0.0829,0.0517,0.0546,1.0,0.0,100.0,0.7811,-0.127,0.0,3258.5732,1769859873.308001,10.28,204,1984,0.005,10,0,0,7.33,15.0,0,1984,1769859871.819,0.534,meta-llama/Llama-3.2-1B-Instruct,"1769859871.819, 1769859871.821, 1769859871.967, 1769859871.969, 1769859872.087"
1.0,0,1769859871.8934,0.7747,27,32,59,0.0543,0.0517,0.0943,1.0,0.0,100.0,0.8065,-0.171,0.0,3258.5732,1769859873.4782495,10.33,205,1985,0.005,10,0,0,7.33,15.0,0,1984,1769859871.819,0.534,meta-llama/Llama-3.2-1B-Instruct,"1769859871.819, 1769859871.821, 1769859871.967, 1769859871.969, 1769859872.087"
1.0,0,1769859871.8949,0.8442,27,32,59,0.0725,0.0528,0.0922,1.0,0.0,100.0,0.8423,-0.0833,0.0,3258.5732,1769859873.590802,10.37,206,1986,0.005,11,0,0,7.33,15.0,0,1984,1769859871.819,0.534,meta-llama/Llama-3.2-1B-Instruct,"1769859871.819, 1769859871.821, 1769859871.967, 1769859871.969, 1769859872.087"
1.0,0,1769859872.1343,0.6639,27,32,59,0.0632,0.0589,0.0901,1.0,0.0,100.0,0.7941,-0.2729,0.0,3258.5732,1769859873.5933006,10.42,207,1987,0.005,11,0,0,7.33,15.0,0,1984,1769859871.819,0.534,meta-llama/Llama-3.2-1B-Instruct,"1769859871.819, 1769859871.821, 1769859871.967, 1769859871.969, 1769859872.087"
1.0,0,1769859872.1359,0.7329,27,32,59,0.0618,0.0461,0.0912,1.0,0.0,100.0,0.7835,-0.2053,0.0,3258.5732,1769859873.6596034,10.46,208,1988,0.005,11,1,0,7.33,15.0,0,1984,1769859871.819,0.534,meta-llama/Llama-3.2-1B-Instruct,"1769859871.819, 1769859871.821, 1769859871.967, 1769859871.969, 1769859872.087"
1.0,0,1769859872.1374,0.7997,27,32,59,0.0586,0.0584,0.0877,1.0,0.0,100.0,0.7823,-0.1417,0.0,3258.5732,1769859873.722028,10.51,209,1989,0.006,13,0,0,7.33,15.0,0,1984,1769859871.819,0.534,meta-llama/Llama-3.2-1B-Instruct,"1769859871.819, 1769859871.821, 1769859871.967, 1769859871.969, 1769859872.087"
1.0,0,1769859872.1389,0.8782,27,32,59,0.0734,0.0537,0.095,1.0,0.0,100.0,0.7974,-0.0484,0.0,3258.5732,1769859873.8154576,10.55,210,1990,0.006,13,0,0,7.33,15.0,0,1984,1769859871.819,0.534,meta-llama/Llama-3.2-1B-Instruct,"1769859871.819, 1769859871.821, 1769859871.967, 1769859871.969, 1769859872.087"
1.0,0,1769859872.8331,0.5205,27,32,59,0.0594,0.0613,0.063,1.0,0.0,100.0,0.8578,-0.4201,0.0,3258.5732,1769859874.2215977,10.6,213,1993,0.004,7,2,0,7.33,15.0,0,1984,1769859871.819,0.534,meta-llama/Llama-3.2-1B-Instruct,"1769859871.819, 1769859871.821, 1769859871.967, 1769859871.969, 1769859872.087"
1.0,0,1769859872.4184,0.856,27,32,59,0.1412,0.0604,0.074,1.0,0.0,100.0,0.9403,-0.0029,0.0,3258.5732,1769859874.2217472,10.64,213,1993,0.004,8,0,0,7.33,15.0,0,1984,1769859871.819,0.534,meta-llama/Llama-3.2-1B-Instruct,"1769859871.819, 1769859871.821, 1769859871.967, 1769859871.969, 1769859872.087"
1.0,0,1769859872.417,0.8523,27,31,58,0.1453,0.0538,0.0622,1.0,0.0,100.0,0.9463,-0.0024,0.0,3258.5956,1769859874.2270937,10.69,213,1994,0.005,10,0,0,7.33,15.0,0,1984,1769859871.819,0.534,meta-llama/Llama-3.2-1B-Instruct,"1769859871.819, 1769859871.821, 1769859871.967, 1769859871.969, 1769859872.087"
1.0,0,1769859872.3508,0.9135,27,32,59,0.109,0.0561,0.0565,1.0,0.0,100.0,0.96,0.0225,0.0225,3258.5956,1769859874.2296827,10.68,213,1994,0.006,12,0,0,7.33,15.0,0,1984,1769859871.819,0.534,meta-llama/Llama-3.2-1B-Instruct,"1769859871.819, 1769859871.821, 1769859871.967, 1769859871.969, 1769859872.087"
1.0,0,1769859872.8345,0.5741,27,32,59,0.0676,0.059,0.0607,1.0,0.0,100.0,0.8662,-0.3583,0.0,3258.5956,1769859874.277917,10.73,214,1995,0.004,9,1,0,7.33,15.0,0,1984,1769859871.819,0.534,meta-llama/Llama-3.2-1B-Instruct,"1769859871.819, 1769859871.821, 1769859871.967, 1769859871.969, 1769859872.087"
1.0,0,1769859872.8359,0.6454,27,32,59,0.0546,0.0587,0.0631,1.0,0.0,100.0,0.8553,-0.3,0.0,3258.5956,1769859874.338531,10.77,215,1996,0.005,10,1,0,7.33,15.0,0,1984,1769859871.819,0.534,meta-llama/Llama-3.2-1B-Instruct,"1769859871.819, 1769859871.821, 1769859871.967, 1769859871.969, 1769859872.087"
1.0,0,1769859872.9743,0.5997,27,32,59,0.0531,0.0591,0.0614,1.0,0.0,100.0,0.8605,-0.3472,0.0,3258.5956,1769859874.4420865,10.82,216,1997,0.005,11,0,0,7.33,15.0,0,1984,1769859871.819,0.534,meta-llama/Llama-3.2-1B-Instruct,"1769859871.819, 1769859871.821, 1769859871.967, 1769859871.969, 1769859872.087"
1.0,0,1769859872.9757,0.6628,27,32,59,0.083,0.05,0.053,1.0,0.0,100.0,0.8445,-0.2542,0.0,3258.5956,1769859874.4902737,10.86,218,1999,0.005,10,0,0,7.33,15.0,0,1984,1769859871.819,0.534,meta-llama/Llama-3.2-1B-Instruct,"1769859871.819, 1769859871.821, 1769859871.967, 1769859871.969, 1769859872.087"
1.0,0,1769859873.1478,0.5499,27,32,59,0.0595,0.0528,0.0589,1.0,0.0,100.0,0.7863,-0.3906,0.0,3258.5956,1769859874.4905357,10.91,218,1999,0.004,9,0,0,7.33,15.0,0,1984,1769859871.819,0.534,meta-llama/Llama-3.2-1B-Instruct,"1769859871.819, 1769859871.821, 1769859871.967, 1769859871.969, 1769859872.087"
1.0,0,1769859873.1495,0.6089,27,32,59,0.1206,0.0537,0.0652,1.0,0.0,100.0,0.7894,-0.2706,0.0,3258.5956,1769859874.5534463,10.95,219,2000,0.004,9,0,0,7.33,15.0,0,1984,1769859871.819,0.534,meta-llama/Llama-3.2-1B-Instruct,"1769859871.819, 1769859871.821, 1769859871.967, 1769859871.969, 1769859872.087"
1.0,0,1769859873.2356,0.6181,27,32,59,0.0914,0.0482,0.0567,1.0,0.0,100.0,0.7658,-0.2905,0.0,3258.5956,1769859874.6224985,10.99,220,2001,0.004,10,0,0,7.33,15.0,0,1984,1769859871.819,0.534,meta-llama/Llama-3.2-1B-Instruct,"1769859871.819, 1769859871.821, 1769859871.967, 1769859871.969, 1769859872.087"
1.0,0,1769859873.3814,0.5467,27,31,58,0.0603,0.0524,0.0577,1.0,0.0,100.0,0.7545,-0.393,0.0,3258.5956,1769859874.6882014,11.04,221,2002,0.004,10,0,0,7.33,15.0,0,1984,1769859871.819,0.534,meta-llama/Llama-3.2-1B-Instruct,"1769859871.819, 1769859871.821, 1769859871.967, 1769859871.969, 1769859872.087"
1.0,0,1769859873.5204,0.4952,27,32,59,0.0718,0.0502,0.0569,1.0,0.0,100.0,0.8073,-0.433,0.0,3258.5956,1769859874.8274376,11.08,222,2003,0.006,12,0,0,7.33,15.0,0,1984,1769859871.819,0.534,meta-llama/Llama-3.2-1B-Instruct,"1769859871.819, 1769859871.821, 1769859871.967, 1769859871.969, 1769859872.087"
1.0,0,1769859873.6138,0.4849,27,32,59,0.0604,0.0512,0.0577,1.0,0.0,100.0,0.7902,-0.4546,0.0,3258.5956,1769859874.8981328,11.13,223,2004,0.006,12,0,0,7.33,15.0,0,1984,1769859871.819,0.534,meta-llama/Llama-3.2-1B-Instruct,"1769859871.819, 1769859871.821, 1769859871.967, 1769859871.969, 1769859872.087"
1.0,0,1769859873.822,0.3709,27,32,59,0.0829,0.0555,0.061,1.0,0.0,100.0,0.8528,-0.5462,0.0,3258.5956,1769859875.0578427,11.17,225,2006,0.007,14,0,0,7.33,15.0,0,1984,1769859871.819,0.534,meta-llama/Llama-3.2-1B-Instruct,"1769859871.819, 1769859871.821, 1769859871.967, 1769859871.969, 1769859872.087"
1.0,0,1769859873.8235,0.4545,27,32,59,0.0568,0.0525,0.0612,1.0,0.0,100.0,0.7779,-0.4888,0.0,3258.5956,1769859875.0584574,11.22,225,2006,0.005,10,0,0,7.33,15.0,0,1984,1769859871.819,0.534,meta-llama/Llama-3.2-1B-Instruct,"1769859871.819, 1769859871.821, 1769859871.967, 1769859871.969, 1769859872.087"
1.0,0,1769859873.9017,0.44,27,32,59,0.0622,0.0545,0.0696,1.0,0.0,100.0,0.8154,-0.4978,0.0,3258.5956,1769859875.1588445,11.26,226,2007,0.005,10,0,0,7.33,15.0,0,1984,1769859871.819,0.534,meta-llama/Llama-3.2-1B-Instruct,"1769859871.819, 1769859871.821, 1769859871.967, 1769859871.969, 1769859872.087"
1.0,0,1769859874.0573,0.4725,27,32,59,0.0867,0.0511,0.0635,1.0,0.0,100.0,0.9614,-0.4408,0.0,3258.5956,1769859875.5117686,11.3,229,2010,0.004,8,0,0,7.33,15.0,0,1984,1769859871.819,0.534,meta-llama/Llama-3.2-1B-Instruct,"1769859871.819, 1769859871.821, 1769859871.967, 1769859871.969, 1769859872.087"
1.0,0,1769859874.0587,0.5496,27,32,59,0.0692,0.0544,0.0571,1.0,0.0,100.0,0.8925,-0.3812,0.0,3258.5956,1769859875.5119898,11.35,229,2010,0.004,7,0,0,7.33,15.0,0,1984,1769859871.819,0.534,meta-llama/Llama-3.2-1B-Instruct,"1769859871.819, 1769859871.821, 1769859871.967, 1769859871.969, 1769859872.087"
1.0,0,1769859873.9695,0.5495,27,32,59,0.0955,0.0604,0.0705,1.0,0.0,100.0,0.9848,-0.3551,0.0,3258.5956,1769859875.513353,11.39,229,2010,0.005,10,0,0,7.33,15.0,0,1984,1769859871.819,0.534,meta-llama/Llama-3.2-1B-Instruct,"1769859871.819, 1769859871.821, 1769859871.967, 1769859871.969, 1769859872.087"
1.0,0,1769859874.0601,0.6063,27,32,59,0.0543,0.0544,0.0565,1.0,0.0,100.0,0.9107,-0.3394,0.0,3258.5956,1769859875.5889704,11.44,230,2011,0.004,9,0,0,7.33,15.0,0,1984,1769859871.819,0.534,meta-llama/Llama-3.2-1B-Instruct,"1769859871.819, 1769859871.821, 1769859871.967, 1769859871.969, 1769859872.087"
1.0,0,1769859874.2475,0.4845,27,32,59,0.0533,0.0549,0.0606,1.0,0.0,100.0,0.8579,-0.4623,0.0,3258.5956,1769859875.5923038,11.48,231,2012,0.004,9,0,0,7.33,15.0,0,1984,1769859871.819,0.534,meta-llama/Llama-3.2-1B-Instruct,"1769859871.819, 1769859871.821, 1769859871.967, 1769859871.969, 1769859872.087"
1.0,0,1769859874.249,0.5563,27,32,59,0.0609,0.054,0.062,1.0,0.0,100.0,0.8628,-0.3828,0.0,3258.5956,1769859875.679397,11.53,232,2013,0.005,10,0,0,7.33,15.0,0,1984,1769859871.819,0.534,meta-llama/Llama-3.2-1B-Instruct,"1769859871.819, 1769859871.821, 1769859871.967, 1769859871.969, 1769859872.087"
1.0,0,1769859874.2505,0.6258,27,32,59,0.069,0.0493,0.065,1.0,0.0,100.0,0.8407,-0.3051,0.0,3258.5956,1769859875.7209294,11.57,233,2014,0.005,10,0,0,7.33,15.0,0,1984,1769859871.819,0.534,meta-llama/Llama-3.2-1B-Instruct,"1769859871.819, 1769859871.821, 1769859871.967, 1769859871.969, 1769859872.087"
1.0,0,1769859874.2519,0.6935,27,32,59,0.0581,0.0582,0.0627,1.0,0.0,100.0,0.7989,-0.2484,0.0,3258.5956,1769859875.749263,11.61,234,2015,0.004,9,0,0,7.33,15.0,0,1984,1769859871.819,0.534,meta-llama/Llama-3.2-1B-Instruct,"1769859871.819, 1769859871.821, 1769859871.967, 1769859871.969, 1769859872.087"
1.0,0,1769859874.474,0.5557,27,32,59,0.0755,0.0518,0.0533,1.0,0.0,100.0,0.7631,-0.3687,0.0,3258.5956,1769859875.7938612,11.66,235,2016,0.005,10,0,0,7.33,15.0,0,1984,1769859871.819,0.534,meta-llama/Llama-3.2-1B-Instruct,"1769859871.819, 1769859871.821, 1769859871.967, 1769859871.969, 1769859872.087"
1.0,0,1769859874.4843,0.6056,27,32,59,0.0577,0.0482,0.0505,1.0,0.0,100.0,0.7161,-0.3366,0.0,3258.5956,1769859875.8085284,11.7,236,2017,0.004,9,1,0,7.33,15.0,0,1984,1769859871.819,0.534,meta-llama/Llama-3.2-1B-Instruct,"1769859871.819, 1769859871.821, 1769859871.967, 1769859871.969, 1769859872.087"
1.0,0,1769859874.7127,0.4215,27,32,59,0.0608,0.0461,0.0582,1.0,0.0,100.0,0.7127,-0.5177,0.0,3258.5956,1769859875.8486042,11.74,237,2018,0.005,10,0,0,7.33,15.0,0,1984,1769859871.819,0.534,meta-llama/Llama-3.2-1B-Instruct,"1769859871.819, 1769859871.821, 1769859871.967, 1769859871.969, 1769859872.087"
1.0,0,1769859874.8462,0.3872,27,32,59,0.0862,0.0578,0.1015,1.0,0.0,100.0,0.813,-0.5266,0.0,3258.5956,1769859876.0474632,11.79,238,2019,0.005,11,0,0,7.33,15.0,0,1984,1769859871.819,0.534,meta-llama/Llama-3.2-1B-Instruct,"1769859871.819, 1769859871.821, 1769859871.967, 1769859871.969, 1769859872.087"
1.0,0,1769859874.917,0.3859,27,32,59,0.0732,0.0551,0.0964,1.0,0.0,100.0,0.8214,-0.5409,0.0,3258.5956,1769859876.1315558,11.83,239,2020,0.006,11,1,0,7.33,15.0,0,1984,1769859871.819,0.534,meta-llama/Llama-3.2-1B-Instruct,"1769859871.819, 1769859871.821, 1769859871.967, 1769859871.969, 1769859872.087"
1.0,0,1769859874.9184,0.461,27,32,59,0.0665,0.0528,0.0975,1.0,0.0,100.0,0.7943,-0.4725,0.0,3258.5956,1769859876.1787314,11.88,240,2021,0.006,13,0,0,7.33,15.0,0,1984,1769859871.819,0.534,meta-llama/Llama-3.2-1B-Instruct,"1769859871.819, 1769859871.821, 1769859871.967, 1769859871.969, 1769859872.087"
1.0,0,1769859874.9198,0.5544,27,32,59,0.0652,0.054,0.0976,1.0,0.0,100.0,0.8366,-0.3804,0.0,3258.5956,1769859876.3203373,11.92,241,2022,0.007,14,0,0,7.33,15.0,0,1984,1769859871.819,0.534,meta-llama/Llama-3.2-1B-Instruct,"1769859871.819, 1769859871.821, 1769859871.967, 1769859871.969, 1769859872.087"
1.0,0,1769859874.9212,0.6363,27,32,59,0.093,0.0534,0.0956,1.0,0.0,100.0,0.8717,-0.2707,0.0,3258.5956,1769859876.4301894,11.96,242,2023,0.006,12,0,0,7.33,15.0,0,1984,1769859871.819,0.534,meta-llama/Llama-3.2-1B-Instruct,"1769859871.819, 1769859871.821, 1769859871.967, 1769859871.969, 1769859872.087"
1.0,0,1769859875.1161,0.7554,27,32,59,0.0512,0.0519,0.062,1.0,0.0,100.0,0.7449,-0.1934,0.0,3258.5956,1769859876.6202266,12.01,244,2025,0.003,7,0,0,7.33,15.0,0,1984,1769859871.819,0.534,meta-llama/Llama-3.2-1B-Instruct,"1769859871.819, 1769859871.821, 1769859871.967, 1769859871.969, 1769859872.087"
1.0,0,1769859874.9226,0.8581,27,32,59,0.1202,0.0528,0.0577,1.0,0.0,100.0,0.8393,-0.0217,0.0,3258.5956,1769859876.6217477,12.05,246,2027,0.005,11,0,0,7.33,15.0,0,1984,1769859871.819,0.534,meta-llama/Llama-3.2-1B-Instruct,"1769859871.819, 1769859871.821, 1769859871.967, 1769859871.969, 1769859872.087"
1.0,0,1769859875.1146,0.7192,27,32,59,0.0878,0.0554,0.0594,1.0,0.0,100.0,0.7868,-0.193,0.0,3258.5956,1769859876.622059,12.09,246,2027,0.003,6,0,0,7.33,15.0,0,1984,1769859871.819,0.534,meta-llama/Llama-3.2-1B-Instruct,"1769859871.819, 1769859871.821, 1769859871.967, 1769859871.969, 1769859872.087"
1.0,0,1769859875.0692,0.7064,27,32,59,0.1248,0.0519,0.054,1.0,0.0,100.0,0.8457,-0.1687,0.0,3258.5956,1769859876.622784,12.14,246,2027,0.004,8,0,0,7.33,15.0,0,1984,1769859871.819,0.534,meta-llama/Llama-3.2-1B-Instruct,"1769859871.819, 1769859871.821, 1769859871.967, 1769859871.969, 1769859872.087"
1.0,0,1769859875.1175,0.837,27,32,59,0.0684,0.0523,0.0585,1.0,0.0,100.0,0.7162,-0.0946,0.0,3258.5956,1769859876.6904116,12.18,247,2028,0.004,9,0,0,7.33,15.0,0,1984,1769859871.819,0.534,meta-llama/Llama-3.2-1B-Instruct,"1769859871.819, 1769859871.821, 1769859871.967, 1769859871.969, 1769859872.087"
1.0,0,1769859875.5262,0.4898,27,32,59,0.0681,0.0484,0.0504,1.0,0.0,100.0,0.6859,-0.442,0.0,3258.5956,1769859876.7031538,12.22,248,2029,0.004,9,1,0,7.33,15.0,0,2044,1769859876.614,-0.081,meta-llama/Llama-3.2-1B-Instruct,"1769859876.614, 1769859876.809, 1769859877.199, 1769859877.201, 1769859905.738"
1.0,0,1769859875.5279,0.5757,27,32,59,0.0699,0.0476,0.0486,1.0,0.0,100.0,0.6439,-0.3544,0.0,3258.5956,1769859876.749274,12.27,249,2030,0.004,9,0,0,7.33,15.0,0,2044,1769859876.614,-0.081,meta-llama/Llama-3.2-1B-Instruct,"1769859876.614, 1769859876.809, 1769859877.199, 1769859877.201, 1769859905.738"
1.0,0,1769859875.5294,0.6351,27,32,59,0.0651,0.0452,0.0596,1.0,0.0,100.0,0.6112,-0.2998,0.0,3258.5956,1769859876.778862,12.31,250,2031,0.004,9,0,0,7.33,15.0,0,2044,1769859876.614,-0.081,meta-llama/Llama-3.2-1B-Instruct,"1769859876.614, 1769859876.809, 1769859877.199, 1769859877.201, 1769859905.738"
1.0,0,1769859875.5403,0.6894,27,32,59,0.053,0.0511,0.0582,1.0,0.0,100.0,0.6112,-0.2576,0.0,3258.5956,1769859876.8470147,12.35,251,2032,0.005,10,0,0,7.33,15.0,0,2044,1769859876.614,-0.081,meta-llama/Llama-3.2-1B-Instruct,"1769859876.614, 1769859876.809, 1769859877.199, 1769859877.201, 1769859905.738"
1.0,0,1769859875.6115,0.6821,27,32,59,0.0717,0.0454,0.0566,1.0,0.0,100.0,0.5672,-0.2462,0.0,3258.5956,1769859876.86168,12.4,252,2033,0.005,11,0,0,7.33,15.0,0,2044,1769859876.614,-0.081,meta-llama/Llama-3.2-1B-Instruct,"1769859876.614, 1769859876.809, 1769859877.199, 1769859877.201, 1769859905.738"
1.0,0,1769859875.613,0.754,27,32,59,0.0592,0.0446,0.0543,1.0,0.0,100.0,0.553,-0.1868,0.0,3258.5956,1769859876.920871,12.44,253,2034,0.005,10,0,0,7.33,15.0,0,2044,1769859876.614,-0.081,meta-llama/Llama-3.2-1B-Instruct,"1769859876.614, 1769859876.809, 1769859877.199, 1769859877.201, 1769859905.738"
1.0,0,1769859875.6144,1.1568,27,13,40,0.067,0.0443,0.0443,1.0,0.0,100.0,0.2484,0.2238,0.2238,3258.8194,1769859877.0199864,12.43,253,2035,0.002,3,0,0,7.33,15.0,0,2044,1769859876.614,-0.081,meta-llama/Llama-3.2-1B-Instruct,"1769859876.614, 1769859876.809, 1769859877.199, 1769859877.201, 1769859905.738"
1.0,0,1769859877.1565,0.0839,27,18,45,0.7221,2.3378,2.3378,1.0,1.3378,99.95,3.6104,-0.1941,0.0,3258.8194,1769859880.8554533,12.48,254,2036,0.035,4,0,0,7.33,15.0,0,2044,1769859876.614,-0.081,meta-llama/Llama-3.2-1B-Instruct,"1769859876.614, 1769859876.809, 1769859877.199, 1769859877.201, 1769859905.738"
1.0,0,1769859877.2564,0.4796,27,19,46,0.9187,1.6513,1.6513,1.0,0.6513,99.9,3.1514,0.3983,0.3983,3259.2178,1769859880.8883295,12.47,254,2037,0.074,9,0,0,7.33,15.0,0,2044,1769859876.614,-0.081,meta-llama/Llama-3.2-1B-Instruct,"1769859876.614, 1769859876.809, 1769859877.199, 1769859877.201, 1769859905.738"
1.0,0,1769859875.8088,1.0346,27,32,59,0.0623,0.048,3.2377,1.0,2.2377,99.85,4.0745,0.0968,0.0968,3259.3146,1769859880.9192872,12.46,254,2038,0.002,3,0,0,7.33,15.0,0,2044,1769859876.614,-0.081,meta-llama/Llama-3.2-1B-Instruct,"1769859876.614, 1769859876.809, 1769859877.199, 1769859877.201, 1769859905.738"
1.0,0,1769859877.158,0.1238,27,25,52,0.6815,0.0728,2.3441,1.0,1.3441,99.8,3.9626,-0.1947,0.0,3259.3146,1769859881.2458017,12.51,255,2039,0.035,4,0,0,7.33,15.0,0,2044,1769859876.614,-0.081,meta-llama/Llama-3.2-1B-Instruct,"1769859876.614, 1769859876.809, 1769859877.199, 1769859877.201, 1769859905.738"
1.0,0,1769859877.2534,0.0779,27,30,57,0.6271,0.2238,2.3426,1.0,1.3426,99.75,4.1719,-0.295,0.0,3263.336,1769859881.541901,12.55,258,2046,0.035,4,0,0,7.33,15.0,0,2044,1769859876.614,-0.081,meta-llama/Llama-3.2-1B-Instruct,"1769859876.614, 1769859876.809, 1769859877.199, 1769859877.201, 1769859905.738"
1.0,0,1769859878.0966,0.1777,27,31,58,1.9821,0.0771,0.2083,1.0,0.0,99.75,3.2611,1.1598,1.1598,3263.336,1769859881.5546274,12.57,259,2047,0.134,13,1,0,7.52,15.0,0,2044,1769859876.614,-0.081,meta-llama/Llama-3.2-1B-Instruct,"1769859876.614, 1769859876.809, 1769859877.199, 1769859877.201, 1769859905.738"
1.0,0,1769859877.9476,0.0937,27,31,58,2.2192,0.0799,0.2204,1.0,0.0,99.75,3.47,1.3129,1.3129,3263.336,1769859881.5548022,12.54,259,2047,0.134,13,1,0,7.52,15.0,0,2044,1769859876.614,-0.081,meta-llama/Llama-3.2-1B-Instruct,"1769859876.614, 1769859876.809, 1769859877.199, 1769859877.201, 1769859905.738"
1.0,0,1769859876.2008,0.8305,27,31,58,0.463,0.236,2.815,1.0,1.815,99.7,4.4746,0.2935,0.2935,3263.336,1769859881.558031,12.54,259,2047,0.001,2,0,0,7.33,15.0,0,2044,1769859876.614,-0.081,meta-llama/Llama-3.2-1B-Instruct,"1769859876.614, 1769859876.809, 1769859877.199, 1769859877.201, 1769859905.738"
1.0,0,1769859878.0036,0.0733,27,31,58,2.182,0.0775,0.2483,1.0,0.0,99.7,3.4407,1.2553,1.2553,3263.336,1769859881.5627162,12.57,259,2047,0.134,13,1,0,7.52,15.0,0,2044,1769859876.614,-0.081,meta-llama/Llama-3.2-1B-Instruct,"1769859876.614, 1769859876.809, 1769859877.199, 1769859877.201, 1769859905.738"
1.0,0,1769859876.1994,0.8296,27,31,58,0.0885,0.23,3.1874,1.0,2.1874,99.65,4.4875,-0.0819,0.0,3263.336,1769859881.564786,12.58,259,2047,0.001,2,1,0,7.33,15.0,0,2044,1769859876.614,-0.081,meta-llama/Llama-3.2-1B-Instruct,"1769859876.614, 1769859876.809, 1769859877.199, 1769859877.201, 1769859905.738"
1.0,0,1769859877.2549,0.1195,27,31,58,0.5864,0.2794,2.3447,1.0,1.3447,99.6,4.1672,-0.2941,0.0,3263.336,1769859881.5657275,12.61,259,2047,0.035,4,0,0,7.33,15.0,0,2044,1769859876.614,-0.081,meta-llama/Llama-3.2-1B-Instruct,"1769859876.614, 1769859876.809, 1769859877.199, 1769859877.201, 1769859905.738"
1.0,0,1769859877.7139,0.0761,27,31,58,0.8638,0.2486,1.657,1.0,0.657,99.55,3.7536,-0.06,0.0,3263.336,1769859881.5692468,12.65,259,2047,0.074,9,0,0,7.33,15.0,0,2044,1769859876.614,-0.081,meta-llama/Llama-3.2-1B-Instruct,"1769859876.614, 1769859876.809, 1769859877.199, 1769859877.201, 1769859905.738"
1.0,0,1769859878.2574,2.8215,27,32,59,0.0592,0.0739,0.2465,1.0,0.0,99.55,0.893,1.8807,1.8807,3267.0619,1769859881.9788628,12.64,259,2049,0.272,18,0,0,8.17,15.0,0,2172,1769859879.389,-2.338,meta-llama/Llama-3.2-1B-Instruct,"1769859879.389, 1769859879.390, 1769859879.391, 1769859879.443, 1769859879.445"
1.0,0,1769859878.218,2.7795,27,32,59,0.0657,0.0676,0.2192,1.0,0.0,99.55,0.9694,1.8452,1.8452,3267.0619,1769859881.9816704,12.65,259,2049,0.271,17,0,0,8.17,15.0,0,2172,1769859879.389,-2.338,meta-llama/Llama-3.2-1B-Instruct,"1769859879.389, 1769859879.390, 1769859879.391, 1769859879.443, 1769859879.445"
1.0,0,1769859878.2587,2.8802,27,32,59,0.0694,0.0619,0.2412,1.0,0.0,99.55,0.8828,1.9496,1.9496,3269.0115,1769859882.0228,12.63,259,2050,0.272,18,0,0,8.17,15.0,0,2172,1769859879.389,-2.338,meta-llama/Llama-3.2-1B-Instruct,"1769859879.389, 1769859879.390, 1769859879.391, 1769859879.443, 1769859879.445"
1.0,0,1769859878.2599,3.3661,27,32,59,0.069,0.0675,0.0873,1.0,0.0,99.55,1.2385,2.4351,2.4351,3271.4466,1769859882.8704736,12.63,259,2051,0.269,11,0,0,8.17,15.0,0,2172,1769859879.389,-2.338,meta-llama/Llama-3.2-1B-Instruct,"1769859879.389, 1769859879.390, 1769859879.391, 1769859879.443, 1769859879.445"
1.0,0,1769859878.3493,3.3808,27,32,59,0.047,0.0669,0.0782,1.0,0.0,99.55,1.1643,2.4279,2.4279,3276.2987,1769859882.898907,12.62,259,2053,0.27,12,0,0,8.17,15.0,0,2172,1769859879.389,-2.338,meta-llama/Llama-3.2-1B-Instruct,"1769859879.389, 1769859879.390, 1769859879.391, 1769859879.443, 1769859879.445"
1.0,0,1769859878.348,3.3324,27,32,59,0.0919,0.0692,0.0858,1.0,0.0,99.55,1.2171,2.4243,2.4243,3276.2987,1769859882.8991008,12.62,259,2053,0.269,11,1,0,8.17,15.0,0,2172,1769859879.389,-2.338,meta-llama/Llama-3.2-1B-Instruct,"1769859879.389, 1769859879.390, 1769859879.391, 1769859879.443, 1769859879.445"
1.0,0,1769859878.3911,3.5971,27,32,59,0.0611,0.0638,0.0763,1.0,0.0,99.55,1.2484,2.6581,2.6581,3284.2773,1769859883.245401,12.61,259,2056,0.27,12,0,0,8.17,15.0,0,2172,1769859879.389,-2.338,meta-llama/Llama-3.2-1B-Instruct,"1769859879.389, 1769859879.390, 1769859879.391, 1769859879.443, 1769859879.445"
1.0,0,1769859878.3899,3.5583,27,32,59,0.1019,0.0647,0.0671,1.0,0.0,99.55,1.2959,2.6602,2.6602,3284.2773,1769859883.2455482,12.6,259,2056,0.271,14,0,0,8.17,15.0,0,2172,1769859879.389,-2.338,meta-llama/Llama-3.2-1B-Instruct,"1769859879.389, 1769859879.390, 1769859879.391, 1769859879.443, 1769859879.445"
1.0,0,1769859878.3886,3.5558,27,32,59,0.1045,0.0666,0.0676,1.0,0.0,99.55,1.2993,2.6603,2.6603,3284.2773,1769859883.2457573,12.6,259,2056,0.271,14,0,0,8.17,15.0,0,2172,1769859879.389,-2.338,meta-llama/Llama-3.2-1B-Instruct,"1769859879.389, 1769859879.390, 1769859879.391, 1769859879.443, 1769859879.445"
1.0,0,1769859878.4432,3.6011,27,32,59,0.0646,0.0683,0.0708,1.0,0.0,99.55,1.266,2.6658,2.6658,3286.9431,1769859883.3140237,12.59,259,2057,0.27,12,2,0,8.17,15.0,0,2172,1769859879.389,-2.338,meta-llama/Llama-3.2-1B-Instruct,"1769859879.389, 1769859879.390, 1769859879.391, 1769859879.443, 1769859879.445"
1.0,0,1769859878.4446,3.6491,27,32,59,0.0711,0.0705,0.0727,1.0,0.0,99.55,1.243,2.7202,2.7202,3289.6633,1769859883.3426986,12.59,259,2058,0.271,14,0,0,8.17,15.0,0,2172,1769859879.389,-2.338,meta-llama/Llama-3.2-1B-Instruct,"1769859879.389, 1769859879.390, 1769859879.391, 1769859879.443, 1769859879.445"
1.0,0,1769859878.4458,3.7223,27,32,59,0.0843,0.0675,0.0731,1.0,0.0,99.55,1.2113,2.8066,2.8066,3292.47,1769859883.385806,12.58,259,2059,0.271,15,0,0,8.17,15.0,0,2172,1769859879.389,-2.338,meta-llama/Llama-3.2-1B-Instruct,"1769859879.389, 1769859879.390, 1769859879.391, 1769859879.443, 1769859879.445"
1.0,0,1769859878.6578,3.578,27,32,59,0.0786,0.0654,0.079,1.0,0.0,99.55,1.1832,2.6566,2.6566,3295.1266,1769859883.4265459,12.57,259,2060,0.272,17,0,0,8.17,15.0,0,2172,1769859879.389,-2.338,meta-llama/Llama-3.2-1B-Instruct,"1769859879.389, 1769859879.390, 1769859879.391, 1769859879.443, 1769859879.445"
1.0,0,1769859878.7087,3.608,27,32,59,0.108,0.0567,0.0716,1.0,0.0,99.55,1.1178,2.7161,2.7161,3300.5678,1769859883.4400427,12.57,259,2062,0.273,18,0,0,8.17,15.0,0,2172,1769859879.389,-2.338,meta-llama/Llama-3.2-1B-Instruct,"1769859879.389, 1769859879.390, 1769859879.391, 1769859879.443, 1769859879.445"
1.0,0,1769859878.7103,3.6621,27,32,59,0.063,0.0639,0.0727,1.0,0.0,99.55,1.0656,2.7252,2.7252,3300.5678,1769859883.4402382,12.56,259,2062,0.273,18,0,0,8.17,15.0,0,2172,1769859879.389,-2.338,meta-llama/Llama-3.2-1B-Instruct,"1769859879.389, 1769859879.390, 1769859879.391, 1769859879.443, 1769859879.445"
1.0,0,1769859878.7117,4.4249,27,32,59,0.1226,0.0693,0.0787,1.0,0.0,99.55,1.2425,3.5475,3.5475,3307.5628,1769859884.3861198,12.55,259,2064,0.276,17,0,0,8.17,15.0,0,2172,1769859879.389,-2.338,meta-llama/Llama-3.2-1B-Instruct,"1769859879.389, 1769859879.390, 1769859879.391, 1769859879.443, 1769859879.445"
1.0,0,1769859878.8155,4.3841,27,32,59,0.0634,0.0704,0.0722,1.0,0.0,99.55,1.1856,3.4475,3.4475,3311.0094,1769859884.3932018,12.55,259,2065,0.276,17,2,0,8.17,15.0,0,2172,1769859879.389,-2.338,meta-llama/Llama-3.2-1B-Instruct,"1769859879.389, 1769859879.390, 1769859879.391, 1769859879.443, 1769859879.445"
1.0,0,1769859878.814,4.3275,27,32,59,0.1192,0.068,0.0792,1.0,0.0,99.55,1.2451,3.4466,3.4466,3311.0094,1769859884.394111,12.54,259,2065,0.276,17,0,0,8.17,15.0,0,2172,1769859879.389,-2.338,meta-llama/Llama-3.2-1B-Instruct,"1769859879.389, 1769859879.390, 1769859879.391, 1769859879.443, 1769859879.445"
1.0,0,1769859878.8168,4.5845,27,32,59,0.0848,0.0708,0.0812,1.0,0.0,99.55,1.3034,3.6692,3.6692,3314.6787,1769859884.7061195,12.54,259,2066,0.274,13,0,0,8.17,15.0,0,2172,1769859879.389,-2.338,meta-llama/Llama-3.2-1B-Instruct,"1769859879.389, 1769859879.390, 1769859879.391, 1769859879.443, 1769859879.445"
1.0,0,1769859878.9024,4.5838,27,32,59,0.0661,0.0756,0.0761,1.0,0.0,99.55,1.2947,3.6499,3.6499,3318.3286,1769859884.7818792,12.53,259,2067,0.273,11,0,0,8.17,15.0,0,2172,1769859879.389,-2.338,meta-llama/Llama-3.2-1B-Instruct,"1769859879.389, 1769859879.390, 1769859879.391, 1769859879.443, 1769859879.445"
1.0,0,1769859878.9439,4.6026,27,32,59,0.088,0.078,0.0877,1.0,0.0,99.55,1.2888,3.6906,3.6906,3322.0191,1769859884.8435447,12.52,259,2068,0.274,13,0,0,8.17,15.0,0,2172,1769859879.389,-2.338,meta-llama/Llama-3.2-1B-Instruct,"1769859879.389, 1769859879.390, 1769859879.391, 1769859879.443, 1769859879.445"
1.0,0,1769859878.9452,4.6609,27,32,59,0.0672,0.0791,0.0825,1.0,0.0,99.55,1.26,3.7281,3.7281,3325.7472,1769859884.867757,12.52,259,2069,0.274,13,0,0,8.17,15.0,0,2172,1769859879.389,-2.338,meta-llama/Llama-3.2-1B-Instruct,"1769859879.389, 1769859879.390, 1769859879.391, 1769859879.443, 1769859879.445"
1.0,0,1769859879.1204,4.5854,27,32,59,0.0626,0.0823,0.0893,1.0,0.0,99.55,1.2502,3.6481,3.6481,3329.3953,1769859884.962111,12.51,259,2070,0.275,15,0,0,8.17,15.0,0,2172,1769859879.389,-2.338,meta-llama/Llama-3.2-1B-Instruct,"1769859879.389, 1769859879.390, 1769859879.391, 1769859879.443, 1769859879.445"
1.0,0,1769859879.2043,4.589,27,32,59,0.0883,0.0712,0.0762,1.0,0.0,99.55,1.2554,3.6772,3.6772,3333.0725,1769859885.0539026,12.51,259,2071,0.275,16,0,0,8.17,15.0,0,2172,1769859879.389,-2.338,meta-llama/Llama-3.2-1B-Instruct,"1769859879.389, 1769859879.390, 1769859879.391, 1769859879.443, 1769859879.445"
1.0,0,1769859879.2314,4.6578,27,32,59,0.0693,0.0681,0.0777,1.0,0.0,99.55,1.22,3.7271,3.7271,3336.7997,1769859885.1141355,12.5,259,2072,0.276,16,1,0,8.17,15.0,0,2172,1769859879.389,-2.338,meta-llama/Llama-3.2-1B-Instruct,"1769859879.389, 1769859879.390, 1769859879.391, 1769859879.443, 1769859879.445"
1.0,0,1769859879.2675,4.6802,27,32,59,0.0796,0.0645,0.0688,1.0,0.0,99.55,1.1829,3.7597,3.7597,3340.5594,1769859885.133357,12.49,259,2073,0.276,17,0,0,8.17,15.0,0,2172,1769859879.389,-2.338,meta-llama/Llama-3.2-1B-Instruct,"1769859879.389, 1769859879.390, 1769859879.391, 1769859879.443, 1769859879.445"
1.0,0,1769859879.3144,4.6971,27,32,59,0.0783,0.0667,0.069,1.0,0.0,99.55,1.1739,3.7754,3.7754,3344.3348,1769859885.1979046,12.49,259,2074,0.277,18,0,0,8.17,15.0,0,2172,1769859879.389,-2.338,meta-llama/Llama-3.2-1B-Instruct,"1769859879.389, 1769859879.390, 1769859879.391, 1769859879.443, 1769859879.445"
1.0,0,1769859879.4603,5.4723,27,15,42,0.1069,0.066,0.066,1.0,0.0,99.55,0.6972,4.5793,4.5793,3348.9141,1769859885.6307433,12.48,259,2075,0.278,15,0,0,8.17,15.0,0,2172,1769859879.389,-2.338,meta-llama/Llama-3.2-1B-Instruct,"1769859879.389, 1769859879.390, 1769859879.391, 1769859879.443, 1769859879.445"
1.0,0,1769859879.3157,5.2224,27,32,59,0.0668,0.0691,0.0759,1.0,0.0,99.55,1.2863,4.2892,4.2892,3353.2033,1769859885.8265722,12.48,259,2076,0.279,17,0,0,8.17,15.0,0,2172,1769859879.389,-2.338,meta-llama/Llama-3.2-1B-Instruct,"1769859879.389, 1769859879.390, 1769859879.391, 1769859879.443, 1769859879.445"
1.0,0,1769859879.317,5.2915,27,32,59,0.0621,0.0703,0.0717,1.0,0.0,99.55,1.2546,4.3537,4.3537,3357.5569,1769859885.8638866,12.47,259,2077,0.279,17,0,0,8.17,15.0,0,2172,1769859879.389,-2.338,meta-llama/Llama-3.2-1B-Instruct,"1769859879.389, 1769859879.390, 1769859879.391, 1769859879.443, 1769859879.445"
1.0,0,1769859879.415,5.2591,27,32,59,0.0873,0.0729,0.0856,1.0,0.0,99.55,1.2382,4.3464,4.3464,3361.9033,1769859885.9234626,12.46,259,2078,0.279,18,0,0,8.17,15.0,0,2172,1769859879.389,-2.338,meta-llama/Llama-3.2-1B-Instruct,"1769859879.389, 1769859879.390, 1769859879.391, 1769859879.443, 1769859879.445"
1.0,0,1769859879.4617,5.564,27,32,59,0.0785,0.0789,0.0827,1.0,0.0,99.55,1.3521,4.6425,4.6425,3366.5458,1769859886.378624,12.46,259,2079,0.278,16,0,0,8.17,15.0,0,2172,1769859879.389,-2.338,meta-llama/Llama-3.2-1B-Instruct,"1769859879.389, 1769859879.390, 1769859879.391, 1769859879.443, 1769859879.445"
1.0,0,1769859879.5072,5.6023,27,32,59,0.0692,0.0721,0.0746,1.0,0.0,99.55,1.3294,4.6714,4.6714,3371.2172,1769859886.4440444,12.45,259,2080,0.278,15,1,0,8.17,15.0,0,2172,1769859879.389,-2.338,meta-llama/Llama-3.2-1B-Instruct,"1769859879.389, 1769859879.390, 1769859879.391, 1769859879.443, 1769859879.445"
1.0,0,1769859879.5086,5.677,27,32,59,0.0877,0.0735,0.0759,1.0,0.0,99.55,1.3552,4.7647,4.7647,3375.9819,1769859886.5423512,12.45,259,2081,0.277,14,0,0,8.17,15.0,0,2172,1769859879.389,-2.338,meta-llama/Llama-3.2-1B-Instruct,"1769859879.389, 1769859879.390, 1769859879.391, 1769859879.443, 1769859879.445"
1.0,0,1769859879.5101,5.7439,27,32,59,0.0906,0.0779,0.078,1.0,0.0,99.55,1.3526,4.8345,4.8345,3386.4798,1769859886.6105103,12.44,259,2083,0.278,14,0,0,8.17,15.0,0,2172,1769859879.389,-2.338,meta-llama/Llama-3.2-1B-Instruct,"1769859879.389, 1769859879.390, 1769859879.391, 1769859879.443, 1769859879.445"
1.0,0,1769859879.551,5.7672,27,32,59,0.0732,0.0804,0.0814,1.0,0.0,99.55,1.3811,4.8404,4.8404,3391.3202,1769859886.702012,12.43,259,2084,0.278,16,0,0,8.17,15.0,0,2172,1769859879.389,-2.338,meta-llama/Llama-3.2-1B-Instruct,"1769859879.389, 1769859879.390, 1769859879.391, 1769859879.443, 1769859879.445"
1.0,0,1769859879.5525,5.8684,27,32,59,0.0764,0.0764,0.0817,1.0,0.0,99.55,1.334,4.9448,4.9448,3396.265,1769859886.7642174,12.42,259,2085,0.279,17,0,0,8.17,15.0,0,2172,1769859879.389,-2.338,meta-llama/Llama-3.2-1B-Instruct,"1769859879.389, 1769859879.390, 1769859879.391, 1769859879.443, 1769859879.445"
1.0,0,1769859879.6433,5.9219,27,32,59,0.0881,0.0725,0.0731,1.0,0.0,99.55,1.2859,5.01,5.01,3406.3237,1769859886.852797,12.41,259,2087,0.28,18,0,0,8.17,15.0,0,2262,1769859881.043,-5.791,meta-llama/Llama-3.2-1B-Instruct,"1769859881.043, 1769859881.088, 1769859881.090, 1769859881.196, 1769859881.295"
1.0,0,1769859879.5975,5.9526,27,32,59,0.0961,0.0739,0.0744,1.0,0.0,99.55,1.2926,5.0487,5.0487,3406.3237,1769859886.8531113,12.42,259,2087,0.28,18,0,0,8.17,15.0,0,2262,1769859881.043,-5.791,meta-llama/Llama-3.2-1B-Instruct,"1769859881.043, 1769859881.088, 1769859881.090, 1769859881.196, 1769859881.295"
1.0,0,1769859879.6447,6.0969,27,32,59,0.0791,0.0782,0.0889,1.0,0.0,99.55,1.3931,5.1759,5.1759,3411.4997,1769859887.1354134,12.4,259,2088,0.281,19,0,0,8.17,15.0,0,2262,1769859881.043,-5.791,meta-llama/Llama-3.2-1B-Instruct,"1769859881.043, 1769859881.088, 1769859881.090, 1769859881.196, 1769859881.295"
1.0,0,1769859879.7723,6.171,27,32,59,0.0782,0.081,0.0832,1.0,0.0,99.55,1.4021,5.2492,5.2492,3416.7488,1769859887.3523362,12.4,259,2089,0.281,17,0,0,8.17,15.0,0,2262,1769859881.043,-5.791,meta-llama/Llama-3.2-1B-Instruct,"1769859881.043, 1769859881.088, 1769859881.090, 1769859881.196, 1769859881.295"
1.0,0,1769859879.9432,6.0565,27,32,59,0.0958,0.0803,0.0812,1.0,0.0,99.55,1.3843,5.1523,5.1523,3421.9011,1769859887.3915963,12.39,259,2090,0.281,17,0,0,8.17,15.0,0,2262,1769859881.043,-5.791,meta-llama/Llama-3.2-1B-Instruct,"1769859881.043, 1769859881.088, 1769859881.090, 1769859881.196, 1769859881.295"
1.0,0,1769859879.9446,6.1527,27,32,59,0.0865,0.0841,0.0875,1.0,0.0,99.55,1.3573,5.2392,5.2392,3427.1403,1769859887.4579685,12.39,259,2091,0.282,19,0,0,8.17,15.0,0,2262,1769859881.043,-5.791,meta-llama/Llama-3.2-1B-Instruct,"1769859881.043, 1769859881.088, 1769859881.090, 1769859881.196, 1769859881.295"
1.0,0,1769859879.9474,6.6407,27,32,59,0.0912,0.0782,0.0787,1.0,0.0,99.56,1.392,5.7319,5.7319,3432.8722,1769859887.983037,12.38,259,2092,0.283,17,0,0,8.17,15.0,0,2262,1769859881.043,-5.791,meta-llama/Llama-3.2-1B-Instruct,"1769859881.043, 1769859881.088, 1769859881.090, 1769859881.196, 1769859881.295"
1.0,0,1769859879.9955,6.7799,27,32,59,0.0943,0.0751,0.0827,1.0,0.0,99.56,1.4238,5.8742,5.8742,3444.6646,1769859888.2039344,12.37,259,2094,0.282,16,0,0,8.17,15.0,0,2262,1769859881.043,-5.791,meta-llama/Llama-3.2-1B-Instruct,"1769859881.043, 1769859881.088, 1769859881.090, 1769859881.196, 1769859881.295"
1.0,0,1769859879.9488,6.8223,27,30,57,0.096,0.0763,0.0774,1.0,0.0,99.56,1.4304,5.9182,5.9182,3444.6646,1769859888.2054,12.37,259,2094,0.283,17,0,0,8.17,15.0,0,2262,1769859881.043,-5.791,meta-llama/Llama-3.2-1B-Instruct,"1769859881.043, 1769859881.088, 1769859881.090, 1769859881.196, 1769859881.295"
1.0,0,1769859879.9969,6.8502,27,32,59,0.0852,0.0803,0.0806,1.0,0.0,99.56,1.3922,5.9354,5.9354,3450.6,1769859888.2408326,12.36,259,2095,0.282,15,0,0,8.17,15.0,0,2262,1769859881.043,-5.791,meta-llama/Llama-3.2-1B-Instruct,"1769859881.043, 1769859881.088, 1769859881.090, 1769859881.196, 1769859881.295"
1.0,0,1769859880.0428,6.8728,27,32,59,0.0683,0.0742,0.0851,1.0,0.0,99.56,1.3501,5.9411,5.9411,3456.5411,1769859888.2665207,12.36,259,2096,0.281,15,0,0,8.17,15.0,0,2262,1769859881.043,-5.791,meta-llama/Llama-3.2-1B-Instruct,"1769859881.043, 1769859881.088, 1769859881.090, 1769859881.196, 1769859881.295"
1.0,0,1769859880.0881,6.9023,27,32,59,0.0556,0.0771,0.0843,1.0,0.0,99.56,1.3027,5.9578,5.9578,3462.4989,1769859888.3014946,12.35,259,2097,0.282,17,0,0,8.17,15.0,0,2262,1769859881.043,-5.791,meta-llama/Llama-3.2-1B-Instruct,"1769859881.043, 1769859881.088, 1769859881.090, 1769859881.196, 1769859881.295"
1.0,0,1769859880.0895,6.9399,27,32,59,0.0944,0.0661,0.0687,1.0,0.0,99.56,1.2948,6.0343,6.0343,3474.5256,1769859888.3379347,12.35,259,2099,0.282,17,0,0,8.17,15.0,0,2262,1769859881.043,-5.791,meta-llama/Llama-3.2-1B-Instruct,"1769859881.043, 1769859881.088, 1769859881.090, 1769859881.196, 1769859881.295"
1.0,0,1769859880.1963,6.9148,27,32,59,0.0776,0.0713,0.078,1.0,0.0,99.56,1.2266,5.9924,5.9924,3480.373,1769859888.3478105,12.34,259,2100,0.282,18,0,0,8.17,15.0,0,2262,1769859881.043,-5.791,meta-llama/Llama-3.2-1B-Instruct,"1769859881.043, 1769859881.088, 1769859881.090, 1769859881.196, 1769859881.295"
1.0,0,1769859880.2953,6.9718,27,32,59,0.083,0.0694,0.0725,1.0,0.0,99.56,1.2437,6.0549,6.0549,3486.4279,1769859888.523174,12.33,259,2101,0.284,19,0,0,8.17,15.0,0,2262,1769859881.043,-5.791,meta-llama/Llama-3.2-1B-Instruct,"1769859881.043, 1769859881.088, 1769859881.090, 1769859881.196, 1769859881.295"
1.0,0,1769859880.5168,6.9607,27,32,59,0.1238,0.0785,0.0862,1.0,0.0,99.56,1.2475,6.0845,6.0845,3492.5125,1769859888.7282915,12.32,259,2102,0.283,17,0,0,8.17,15.0,0,2262,1769859881.043,-5.791,meta-llama/Llama-3.2-1B-Instruct,"1769859881.043, 1769859881.088, 1769859881.090, 1769859881.196, 1769859881.295"
1.0,0,1769859880.8213,6.8563,27,32,59,0.1368,0.0708,0.0747,1.0,0.0,99.56,1.2189,5.9931,5.9931,3498.5055,1769859888.8975618,12.32,259,2103,0.284,19,0,0,8.17,15.0,0,2262,1769859881.043,-5.791,meta-llama/Llama-3.2-1B-Instruct,"1769859881.043, 1769859881.088, 1769859881.090, 1769859881.196, 1769859881.295"
1.0,0,1769859880.8229,7.306,27,32,59,0.0712,0.0726,0.0744,1.0,0.0,99.56,1.2415,6.3772,6.3772,3504.8828,1769859889.383464,12.31,259,2104,0.287,19,0,0,8.17,15.0,0,2262,1769859881.043,-5.791,meta-llama/Llama-3.2-1B-Instruct,"1769859881.043, 1769859881.088, 1769859881.090, 1769859881.196, 1769859881.295"
1.0,0,1769859881.1657,7.175,27,32,59,0.0605,0.069,0.0706,1.0,0.0,99.56,1.2962,6.2355,6.2355,3511.1182,1769859889.642338,12.3,259,2105,0.283,13,0,0,8.17,15.0,0,2262,1769859881.043,-5.791,meta-llama/Llama-3.2-1B-Instruct,"1769859881.043, 1769859881.088, 1769859881.090, 1769859881.196, 1769859881.295"
1.0,0,1769859881.1673,7.2226,27,32,59,0.0816,0.0683,0.0786,1.0,0.0,99.56,1.2863,6.3042,6.3042,3517.4225,1769859889.682615,12.3,259,2106,0.283,12,0,0,8.17,15.0,0,2262,1769859881.043,-5.791,meta-llama/Llama-3.2-1B-Instruct,"1769859881.043, 1769859881.088, 1769859881.090, 1769859881.196, 1769859881.295"
1.0,0,1769859881.1688,7.2879,27,32,59,0.051,0.0634,0.0635,1.0,0.0,99.56,1.2522,6.3389,6.3389,3523.7614,1769859889.710566,12.29,259,2107,0.283,13,0,0,8.17,15.0,0,2262,1769859881.043,-5.791,meta-llama/Llama-3.2-1B-Instruct,"1769859881.043, 1769859881.088, 1769859881.090, 1769859881.196, 1769859881.295"
1.0,0,1769859881.2549,7.2867,27,32,59,0.0781,0.0671,0.0717,1.0,0.0,99.56,1.2556,6.3648,6.3648,3530.1262,1769859889.8010662,12.29,259,2108,0.284,14,0,0,8.17,15.0,0,2262,1769859881.043,-5.791,meta-llama/Llama-3.2-1B-Instruct,"1769859881.043, 1769859881.088, 1769859881.090, 1769859881.196, 1769859881.295"
1.0,0,1769859881.66,6.9418,27,32,59,0.0796,0.0724,0.1033,1.0,0.0,99.56,1.3574,6.0214,6.0214,3536.1476,1769859889.9660544,12.28,259,2109,0.284,15,0,0,8.17,15.0,0,2262,1769859881.043,-5.791,meta-llama/Llama-3.2-1B-Instruct,"1769859881.043, 1769859881.088, 1769859881.090, 1769859881.196, 1769859881.295"
1.0,0,1769859881.9353,6.7623,27,32,59,0.0825,0.069,0.0961,1.0,0.0,99.56,1.4068,5.8448,5.8448,3541.9924,1769859890.1056013,12.27,259,2110,0.285,16,0,0,8.17,15.0,0,2262,1769859881.043,-5.791,meta-llama/Llama-3.2-1B-Instruct,"1769859881.043, 1769859881.088, 1769859881.090, 1769859881.196, 1769859881.295"
1.0,0,1769859881.9533,6.8296,27,32,59,0.0709,0.0689,0.1039,1.0,0.0,99.56,1.3888,5.9004,5.9004,3547.8928,1769859890.172671,12.27,259,2111,0.285,16,0,0,8.17,15.0,0,2262,1769859881.043,-5.791,meta-llama/Llama-3.2-1B-Instruct,"1769859881.043, 1769859881.088, 1769859881.090, 1769859881.196, 1769859881.295"
1.0,0,1769859882.1275,6.748,27,32,59,0.0774,0.0674,0.1027,1.0,0.0,99.56,1.3522,5.8254,5.8254,3553.7182,1769859890.229076,12.26,259,2112,0.286,17,0,0,8.17,15.0,0,2262,1769859881.043,-5.791,meta-llama/Llama-3.2-1B-Instruct,"1769859881.043, 1769859881.088, 1769859881.090, 1769859881.196, 1769859881.295"
1.0,0,1769859882.1291,6.8009,27,32,59,0.0913,0.0698,0.0958,1.0,0.0,99.56,1.3594,5.8922,5.8922,3559.6105,1769859890.292958,12.26,259,2113,0.285,16,0,0,8.17,15.0,0,2262,1769859881.043,-5.791,meta-llama/Llama-3.2-1B-Instruct,"1769859881.043, 1769859881.088, 1769859881.090, 1769859881.196, 1769859881.295"
1.0,0,1769859882.2097,6.7905,27,32,59,0.1055,0.0667,0.1045,1.0,0.0,99.56,1.3286,5.896,5.896,3565.5065,1769859890.3304238,12.25,259,2114,0.286,17,0,0,8.17,15.0,0,2262,1769859881.043,-5.791,meta-llama/Llama-3.2-1B-Instruct,"1769859881.043, 1769859881.088, 1769859881.090, 1769859881.196, 1769859881.295"
1.0,0,1769859882.2739,6.8941,27,32,59,0.1155,0.0666,0.1029,1.0,0.0,99.56,1.269,6.0097,6.0097,3571.5162,1769859890.4560351,12.25,259,2115,0.287,18,1,0,8.17,15.0,0,2262,1769859881.043,-5.791,meta-llama/Llama-3.2-1B-Instruct,"1769859881.043, 1769859881.088, 1769859881.090, 1769859881.196, 1769859881.295"
1.0,0,1769859882.5272,7.0281,27,32,59,0.0852,0.0949,0.1121,1.0,0.0,99.56,1.3158,6.1133,6.1133,3577.6295,1769859890.880205,12.24,259,2116,0.289,19,0,0,8.17,15.0,0,2262,1769859881.043,-5.791,meta-llama/Llama-3.2-1B-Instruct,"1769859881.043, 1769859881.088, 1769859881.090, 1769859881.196, 1769859881.295"
1.0,0,1769859882.6202,7.2146,27,32,59,0.0498,0.0784,0.0849,1.0,0.0,99.56,1.2694,6.2644,6.2644,3590.1535,1769859891.113315,12.23,259,2118,0.288,16,0,0,8.17,15.0,0,2262,1769859881.043,-5.791,meta-llama/Llama-3.2-1B-Instruct,"1769859881.043, 1769859881.088, 1769859881.090, 1769859881.196, 1769859881.295"
1.0,0,1769859882.633,7.2662,27,32,59,0.0582,0.076,0.1057,1.0,0.0,99.56,1.239,6.3244,6.3244,3596.4779,1769859891.1415598,12.22,259,2119,0.289,18,0,0,8.17,15.0,0,2262,1769859881.043,-5.791,meta-llama/Llama-3.2-1B-Instruct,"1769859881.043, 1769859881.088, 1769859881.090, 1769859881.196, 1769859881.295"
1.0,0,1769859882.749,7.1958,27,32,59,0.0855,0.0737,0.1,1.0,0.0,99.56,1.223,6.2813,6.2813,3602.7592,1769859891.1740944,12.22,259,2120,0.289,18,0,0,8.17,15.0,0,2262,1769859881.043,-5.791,meta-llama/Llama-3.2-1B-Instruct,"1769859881.043, 1769859881.088, 1769859881.090, 1769859881.196, 1769859881.295"
1.0,0,1769859882.9655,7.2272,27,32,59,0.0996,0.0762,0.0924,1.0,0.0,99.56,1.1863,6.3268,6.3268,3609.086,1769859891.3806934,12.21,259,2121,0.289,17,0,0,8.17,15.0,0,2262,1769859881.043,-5.791,meta-llama/Llama-3.2-1B-Instruct,"1769859881.043, 1769859881.088, 1769859881.090, 1769859881.196, 1769859881.295"
1.0,0,1769859884.2938,7.3305,27,0,27,,,,1.0,,,0.0932,6.4237,6.4237,3615.5097,1769859891.7216172,12.21,259,2122,0.292,18,1,0,8.17,15.0,0,2262,1769859881.043,-5.791,meta-llama/Llama-3.2-1B-Instruct,"1769859881.043, 1769859881.088, 1769859881.090, 1769859881.196, 1769859881.295"
1.0,0,1769859883.3604,7.1115,27,32,59,0.0679,0.0741,0.0744,1.0,0.0,99.56,1.337,6.1794,6.1794,3634.3296,1769859891.8145547,12.2,259,2125,0.288,14,0,0,8.17,15.0,0,2262,1769859881.043,-5.791,meta-llama/Llama-3.2-1B-Instruct,"1769859881.043, 1769859881.088, 1769859881.090, 1769859881.196, 1769859881.295"
1.0,0,1769859883.2186,7.1965,27,32,59,0.1226,0.08,0.0805,1.0,0.0,99.56,1.3983,6.3191,6.3191,3634.3296,1769859891.8151362,12.19,259,2125,0.288,15,0,0,8.17,15.0,0,2262,1769859881.043,-5.791,meta-llama/Llama-3.2-1B-Instruct,"1769859881.043, 1769859881.088, 1769859881.090, 1769859881.196, 1769859881.295"
1.0,0,1769859883.2172,7.193,27,32,59,0.1285,0.075,0.0775,1.0,0.0,99.56,1.4036,6.3215,6.3215,3634.3296,1769859891.8154237,12.19,259,2125,0.288,16,0,0,8.17,15.0,0,2262,1769859881.043,-5.791,meta-llama/Llama-3.2-1B-Instruct,"1769859881.043, 1769859881.088, 1769859881.090, 1769859881.196, 1769859881.295"
1.0,0,1769859883.584,6.9487,27,32,59,0.0728,0.0731,0.0774,1.0,0.0,99.56,1.3152,6.0216,6.0216,3640.3512,1769859891.8585234,12.18,259,2126,0.288,15,2,0,8.17,15.0,0,2262,1769859881.043,-5.791,meta-llama/Llama-3.2-1B-Instruct,"1769859881.043, 1769859881.088, 1769859881.090, 1769859881.196, 1769859881.295"
1.0,0,1769859883.8513,6.7939,27,32,59,0.0527,0.0681,0.0703,1.0,0.0,99.56,1.2192,5.8465,5.8465,3652.0398,1769859891.86626,12.18,259,2128,0.289,18,0,0,8.17,15.0,0,2262,1769859881.043,-5.791,meta-llama/Llama-3.2-1B-Instruct,"1769859881.043, 1769859881.088, 1769859881.090, 1769859881.196, 1769859881.295"
1.0,0,1769859883.8496,6.7354,27,32,59,0.1067,0.0699,0.0799,1.0,0.0,99.56,1.281,5.8421,5.8421,3652.0398,1769859891.8669438,12.17,259,2128,0.289,17,0,0,8.17,15.0,0,2262,1769859881.043,-5.791,meta-llama/Llama-3.2-1B-Instruct,"1769859881.043, 1769859881.088, 1769859881.090, 1769859881.196, 1769859881.295"
1.0,0,1769859883.8529,7.1683,27,32,59,0.0868,0.0677,0.0682,1.0,0.0,99.56,1.1654,6.2551,6.2551,3658.2949,1769859892.1971407,12.17,259,2129,0.292,19,0,0,8.17,15.0,0,2340,1769859885.442,-6.458,meta-llama/Llama-3.2-1B-Instruct,"1769859885.442, 1769859885.572, 1769859885.634, 1769859885.823, 1769859885.838"
1.0,0,1769859883.8545,7.4125,27,32,59,0.062,0.0704,0.0763,1.0,0.0,99.56,1.3211,6.4745,6.4745,3664.7694,1769859892.5913973,12.16,259,2130,0.29,16,0,0,8.17,15.0,0,2340,1769859885.442,-6.458,meta-llama/Llama-3.2-1B-Instruct,"1769859885.442, 1769859885.572, 1769859885.634, 1769859885.823, 1769859885.838"
1.0,0,1769859883.8561,7.5042,27,32,59,0.0814,0.0731,0.0732,1.0,0.0,99.56,1.295,6.5856,6.5856,3671.3551,1769859892.656256,12.15,259,2131,0.291,17,0,0,8.17,15.0,0,2340,1769859885.442,-6.458,meta-llama/Llama-3.2-1B-Instruct,"1769859885.442, 1769859885.572, 1769859885.634, 1769859885.823, 1769859885.838"
1.0,0,1769859883.9187,7.4983,27,32,59,0.0852,0.072,0.0721,1.0,0.0,99.56,1.2771,6.5835,6.5835,3677.9386,1769859892.6949666,12.15,259,2132,0.291,16,0,0,8.17,15.0,0,2340,1769859885.442,-6.458,meta-llama/Llama-3.2-1B-Instruct,"1769859885.442, 1769859885.572, 1769859885.634, 1769859885.823, 1769859885.838"
1.0,0,1769859883.9206,7.5655,27,32,59,0.0903,0.0711,0.0711,1.0,0.0,99.56,1.2361,6.6558,6.6558,3684.5944,1769859892.7231283,12.14,259,2133,0.291,17,1,0,8.17,15.0,0,2340,1769859885.442,-6.458,meta-llama/Llama-3.2-1B-Instruct,"1769859885.442, 1769859885.572, 1769859885.634, 1769859885.823, 1769859885.838"
1.0,0,1769859884.4324,7.4167,27,32,59,0.0609,0.0671,0.0723,1.0,0.0,99.56,1.0635,6.4776,6.4776,3691.072,1769859892.919372,12.14,259,2134,0.291,15,0,0,8.17,15.0,0,2340,1769859885.442,-6.458,meta-llama/Llama-3.2-1B-Instruct,"1769859885.442, 1769859885.572, 1769859885.634, 1769859885.823, 1769859885.838"
1.0,0,1769859884.4425,7.5754,27,32,59,0.0684,0.0968,0.1054,1.0,0.0,99.56,1.2732,6.6438,6.6438,3697.7158,1769859893.303751,12.13,259,2135,0.291,14,0,0,8.17,15.0,0,2340,1769859885.442,-6.458,meta-llama/Llama-3.2-1B-Instruct,"1769859885.442, 1769859885.572, 1769859885.634, 1769859885.823, 1769859885.838"
1.0,0,1769859884.5724,7.5016,27,32,59,0.0683,0.0877,0.1079,1.0,0.0,99.56,1.2642,6.5699,6.5699,3704.2857,1769859893.3391356,12.13,259,2136,0.291,14,0,0,8.17,15.0,0,2340,1769859885.442,-6.458,meta-llama/Llama-3.2-1B-Instruct,"1769859885.442, 1769859885.572, 1769859885.634, 1769859885.823, 1769859885.838"
1.0,0,1769859884.6336,7.5321,27,32,59,0.0705,0.0961,0.1086,1.0,0.0,99.56,1.2683,6.6026,6.6026,3710.8883,1769859893.4348505,12.12,259,2137,0.292,16,0,0,8.17,15.0,0,2340,1769859885.442,-6.458,meta-llama/Llama-3.2-1B-Instruct,"1769859885.442, 1769859885.572, 1769859885.634, 1769859885.823, 1769859885.838"
1.0,0,1769859884.823,7.4333,27,32,59,0.0627,0.0853,0.11,1.0,0.0,99.56,1.2327,6.496,6.496,3717.3843,1769859893.4938517,12.11,259,2138,0.293,16,0,0,8.17,15.0,0,2340,1769859885.442,-6.458,meta-llama/Llama-3.2-1B-Instruct,"1769859885.442, 1769859885.572, 1769859885.634, 1769859885.823, 1769859885.838"
1.0,0,1769859884.838,7.4975,27,32,59,0.0789,0.0962,0.1079,1.0,0.0,99.57,1.2931,6.5763,6.5763,3723.9606,1769859893.6295593,12.11,259,2139,0.293,17,0,0,8.17,15.0,0,2340,1769859885.442,-6.458,meta-llama/Llama-3.2-1B-Instruct,"1769859885.442, 1769859885.572, 1769859885.634, 1769859885.823, 1769859885.838"
1.0,0,1769859885.0701,7.3294,27,32,59,0.084,0.1013,0.1179,1.0,0.0,99.57,1.3326,6.4134,6.4134,3730.374,1769859893.734582,12.1,259,2140,0.293,17,0,0,8.17,15.0,0,2340,1769859885.442,-6.458,meta-llama/Llama-3.2-1B-Instruct,"1769859885.442, 1769859885.572, 1769859885.634, 1769859885.823, 1769859885.838"
1.0,0,1769859885.0716,7.3937,27,32,59,0.0849,0.0984,0.1136,1.0,0.0,99.57,1.3082,6.4785,6.4785,3736.8526,1769859893.7785995,12.1,259,2141,0.294,18,0,0,8.17,15.0,0,2340,1769859885.442,-6.458,meta-llama/Llama-3.2-1B-Instruct,"1769859885.442, 1769859885.572, 1769859885.634, 1769859885.823, 1769859885.838"
1.0,0,1769859885.5931,8.0563,27,14,41,0.0788,0.0703,0.0703,1.0,0.0,99.57,0.6451,7.1351,7.1351,3743.9877,1769859894.2978761,12.09,259,2142,0.295,17,1,0,8.17,15.0,0,2340,1769859885.442,-6.458,meta-llama/Llama-3.2-1B-Instruct,"1769859885.442, 1769859885.572, 1769859885.634, 1769859885.823, 1769859885.838"
1.0,0,1769859885.073,7.8016,27,32,59,0.1101,0.099,0.108,1.0,0.0,99.57,1.4875,6.9117,6.9117,3757.5938,1769859894.3710117,12.08,259,2144,0.294,16,0,0,8.17,15.0,0,2340,1769859885.442,-6.458,meta-llama/Llama-3.2-1B-Instruct,"1769859885.442, 1769859885.572, 1769859885.634, 1769859885.823, 1769859885.838"
1.0,0,1769859885.2926,7.621,27,32,59,0.0735,0.0978,0.1027,1.0,0.0,99.57,1.4473,6.6945,6.6945,3757.5938,1769859894.3721416,12.09,259,2144,0.294,15,1,0,8.17,15.0,0,2340,1769859885.442,-6.458,meta-llama/Llama-3.2-1B-Instruct,"1769859885.442, 1769859885.572, 1769859885.634, 1769859885.823, 1769859885.838"
1.0,0,1769859885.2943,7.6738,27,32,59,0.1141,0.0869,0.1078,1.0,0.0,99.57,1.4271,6.7879,6.7879,3771.0201,1769859894.3996632,12.07,259,2146,0.294,15,1,0,8.17,15.0,0,2340,1769859885.442,-6.458,meta-llama/Llama-3.2-1B-Instruct,"1769859885.442, 1769859885.572, 1769859885.634, 1769859885.823, 1769859885.838"
1.0,0,1769859885.4543,7.5762,27,32,59,0.0621,0.0825,0.0959,1.0,0.0,99.57,1.3682,6.6383,6.6383,3771.0201,1769859894.4002986,12.07,259,2146,0.294,17,1,0,8.17,15.0,0,2340,1769859885.442,-6.458,meta-llama/Llama-3.2-1B-Instruct,"1769859885.442, 1769859885.572, 1769859885.634, 1769859885.823, 1769859885.838"
1.0,0,1769859885.5056,7.5768,27,32,59,0.0934,0.0759,0.0949,1.0,0.0,99.57,1.3416,6.6701,6.6701,3777.6902,1769859894.4399912,12.06,259,2147,0.295,18,1,0,8.17,15.0,0,2340,1769859885.442,-6.458,meta-llama/Llama-3.2-1B-Instruct,"1769859885.442, 1769859885.572, 1769859885.634, 1769859885.823, 1769859885.838"
1.0,0,1769859885.5891,7.884,27,32,59,0.0794,0.1051,0.1054,1.0,0.0,99.57,1.4399,6.9633,6.9633,3784.6535,1769859894.9251175,12.06,259,2148,0.296,17,0,0,8.17,15.0,0,2340,1769859885.442,-6.458,meta-llama/Llama-3.2-1B-Instruct,"1769859885.442, 1769859885.572, 1769859885.634, 1769859885.823, 1769859885.838"
1.0,0,1769859885.5917,8.0026,27,32,59,0.0615,0.0737,0.0968,1.0,0.0,99.57,1.3516,7.0641,7.0641,3791.7176,1769859894.9506476,12.05,259,2149,0.296,17,0,0,8.17,15.0,0,2340,1769859885.442,-6.458,meta-llama/Llama-3.2-1B-Instruct,"1769859885.442, 1769859885.572, 1769859885.634, 1769859885.823, 1769859885.838"
1.0,0,1769859885.5904,7.9444,27,32,59,0.122,0.0711,0.1002,1.0,0.0,99.57,1.4168,7.0664,7.0664,3798.784,1769859894.9524703,12.05,259,2150,0.295,16,0,0,8.17,15.0,0,2340,1769859885.442,-6.458,meta-llama/Llama-3.2-1B-Instruct,"1769859885.442, 1769859885.572, 1769859885.634, 1769859885.823, 1769859885.838"
1.0,0,1769859885.5944,8.1864,27,32,59,0.0863,0.0753,0.0991,1.0,0.0,99.57,1.2982,7.2727,7.2727,3806.0567,1769859895.0854013,12.04,259,2151,0.295,18,0,0,8.17,15.0,0,2340,1769859885.442,-6.458,meta-llama/Llama-3.2-1B-Instruct,"1769859885.442, 1769859885.572, 1769859885.634, 1769859885.823, 1769859885.838"
1.0,0,1769859885.781,8.0689,27,32,59,0.0912,0.0623,0.1112,1.0,0.0,99.57,1.288,7.16,7.16,3813.2167,1769859895.1445131,12.04,259,2152,0.295,17,0,0,8.17,15.0,0,2340,1769859885.442,-6.458,meta-llama/Llama-3.2-1B-Instruct,"1769859885.442, 1769859885.572, 1769859885.634, 1769859885.823, 1769859885.838"
1.0,0,1769859885.8348,8.0861,27,31,58,0.0736,0.0696,0.094,1.0,0.0,99.57,1.2764,7.1597,7.1597,3820.3764,1769859895.1996348,12.03,259,2153,0.296,18,0,0,8.17,15.0,0,2340,1769859885.442,-6.458,meta-llama/Llama-3.2-1B-Instruct,"1769859885.442, 1769859885.572, 1769859885.634, 1769859885.823, 1769859885.838"
1.0,0,1769859885.8388,8.7403,27,13,40,0.0745,0.0696,0.0696,1.0,0.0,99.57,0.6477,7.8147,7.8147,3828.1911,1769859895.227656,12.02,259,2154,0.296,15,1,0,8.17,15.0,0,2340,1769859885.442,-6.458,meta-llama/Llama-3.2-1B-Instruct,"1769859885.442, 1769859885.572, 1769859885.634, 1769859885.823, 1769859885.838"
1.0,0,1769859885.9036,8.8981,27,19,46,0.0709,0.1789,0.1789,1.0,0.0,99.57,0.8173,7.969,7.969,3836.1602,1769859895.6197722,12.02,259,2155,0.299,19,0,0,8.17,15.0,0,2340,1769859885.442,-6.458,meta-llama/Llama-3.2-1B-Instruct,"1769859885.442, 1769859885.572, 1769859885.634, 1769859885.823, 1769859885.838"
1.0,0,1769859885.84,8.7911,27,29,56,0.0828,0.061,0.179,1.0,0.0,99.57,1.2541,7.8739,7.8739,3859.5287,1769859895.8883154,12.01,259,2158,0.297,16,0,0,8.17,15.0,0,2340,1769859885.442,-6.458,meta-llama/Llama-3.2-1B-Instruct,"1769859885.442, 1769859885.572, 1769859885.634, 1769859885.823, 1769859885.838"
1.0,0,1769859885.8375,8.6858,27,32,59,0.0673,0.0703,0.1734,1.0,0.0,99.57,1.3643,7.7531,7.7531,3859.5287,1769859895.8885965,12.01,259,2158,0.296,14,0,0,8.17,15.0,0,2340,1769859885.442,-6.458,meta-llama/Llama-3.2-1B-Instruct,"1769859885.442, 1769859885.572, 1769859885.634, 1769859885.823, 1769859885.838"
1.0,0,1769859885.8362,8.6219,27,32,59,0.1196,0.0774,0.1774,1.0,0.0,99.57,1.4298,7.7416,7.7416,3859.5287,1769859895.8888562,12.0,259,2158,0.296,14,0,0,8.17,15.0,0,2340,1769859885.442,-6.458,meta-llama/Llama-3.2-1B-Instruct,"1769859885.442, 1769859885.572, 1769859885.634, 1769859885.823, 1769859885.838"
1.0,0,1769859885.8413,8.8555,27,29,56,0.0752,0.0691,0.174,1.0,0.0,99.57,1.2207,7.9307,7.9307,3867.4594,1769859895.9194038,12.0,259,2159,0.298,17,0,0,8.17,15.0,0,2340,1769859885.442,-6.458,meta-llama/Llama-3.2-1B-Instruct,"1769859885.442, 1769859885.572, 1769859885.634, 1769859885.823, 1769859885.838"
1.0,0,1769859885.9164,9.2069,27,24,51,0.0711,0.0586,0.1766,1.0,0.0,99.57,0.9137,8.278,8.278,3875.7374,1769859896.0478425,11.99,259,2160,0.298,16,0,0,8.17,15.0,0,2340,1769859885.442,-6.458,meta-llama/Llama-3.2-1B-Instruct,"1769859885.442, 1769859885.572, 1769859885.634, 1769859885.823, 1769859885.838"
1.0,0,1769859885.9051,9.153,27,32,59,0.0827,0.082,0.1675,1.0,0.0,99.57,1.2328,8.2357,8.2357,3883.9731,1769859896.2941053,11.99,259,2161,0.298,17,0,0,8.17,15.0,0,2340,1769859885.442,-6.458,meta-llama/Llama-3.2-1B-Instruct,"1769859885.442, 1769859885.572, 1769859885.634, 1769859885.823, 1769859885.838"
1.0,0,1769859886.0449,9.2994,27,32,59,0.122,0.1023,0.1193,1.0,0.0,99.57,1.3638,8.4215,8.4215,3917.7047,1769859896.7182233,11.98,259,2165,0.297,15,0,0,8.17,15.0,0,2340,1769859885.442,-6.458,meta-llama/Llama-3.2-1B-Instruct,"1769859885.442, 1769859885.572, 1769859885.634, 1769859885.823, 1769859885.838"
1.0,0,1769859886.0463,9.3469,27,32,59,0.1133,0.0831,0.1101,1.0,0.0,99.57,1.3183,8.4602,8.4602,3917.7047,1769859896.718818,11.97,259,2165,0.298,15,1,0,8.17,15.0,0,2340,1769859885.442,-6.458,meta-llama/Llama-3.2-1B-Instruct,"1769859885.442, 1769859885.572, 1769859885.634, 1769859885.823, 1769859885.838"
1.0,0,1769859886.0434,9.2842,27,32,59,0.105,0.1006,0.146,1.0,0.0,99.57,1.3894,8.3891,8.3891,3917.7047,1769859896.7189813,11.96,259,2165,0.297,16,0,0,8.17,15.0,0,2340,1769859885.442,-6.458,meta-llama/Llama-3.2-1B-Instruct,"1769859885.442, 1769859885.572, 1769859885.634, 1769859885.823, 1769859885.838"
1.0,0,1769859886.0478,9.4089,27,32,59,0.0519,0.0816,0.1101,1.0,0.0,99.57,1.2591,8.4608,8.4608,3917.7047,1769859896.7195318,11.97,259,2165,0.299,17,1,0,8.17,15.0,0,2340,1769859885.442,-6.458,meta-llama/Llama-3.2-1B-Instruct,"1769859885.442, 1769859885.572, 1769859885.634, 1769859885.823, 1769859885.838"
1.0,0,1769859886.0492,9.461,27,32,59,0.0747,0.0882,0.1053,1.0,0.0,99.57,1.2302,8.5357,8.5357,3926.2404,1769859896.742824,11.96,259,2166,0.299,18,0,0,8.17,15.0,0,2340,1769859885.442,-6.458,meta-llama/Llama-3.2-1B-Instruct,"1769859885.442, 1769859885.572, 1769859885.634, 1769859885.823, 1769859885.838"
1.0,0,1769859886.0506,9.7601,27,32,59,0.0723,0.0902,0.1129,1.0,0.0,99.57,1.131,8.8324,8.8324,3935.0727,1769859896.9429514,11.95,259,2167,0.301,19,0,0,8.17,15.0,0,2340,1769859885.442,-6.458,meta-llama/Llama-3.2-1B-Instruct,"1769859885.442, 1769859885.572, 1769859885.634, 1769859885.823, 1769859885.838"
1.0,0,1769859886.052,10.0007,27,32,59,0.0844,0.0976,0.1106,1.0,0.0,99.57,1.3214,9.0851,9.0851,3944.1578,1769859897.3810008,11.95,259,2168,0.299,15,0,0,8.17,15.0,0,2422,1769859887.811,-9.168,meta-llama/Llama-3.2-1B-Instruct,"1769859887.811, 1769859887.812, 1769859887.814, 1769859887.815, 1769859887.888"
1.0,0,1769859886.3365,9.7747,27,32,59,0.0914,0.1085,0.1225,1.0,0.0,99.57,1.3374,8.8661,8.8661,3953.0239,1769859897.449537,11.94,259,2169,0.299,15,0,0,8.17,15.0,0,2422,1769859887.811,-9.168,meta-llama/Llama-3.2-1B-Instruct,"1769859887.811, 1769859887.812, 1769859887.814, 1769859887.815, 1769859887.888"
1.0,0,1769859886.3434,9.8463,27,32,59,0.0965,0.1076,0.1151,1.0,0.0,99.57,1.2968,8.9428,8.9428,3961.9667,1769859897.48838,11.94,259,2170,0.3,16,0,0,8.17,15.0,0,2422,1769859887.811,-9.168,meta-llama/Llama-3.2-1B-Instruct,"1769859887.811, 1769859887.812, 1769859887.814, 1769859887.815, 1769859887.888"
1.0,0,1769859886.3867,9.884,27,32,59,0.1269,0.0777,0.1053,1.0,0.0,99.57,1.2741,9.0108,9.0108,3979.986,1769859897.5476987,11.93,259,2172,0.301,17,0,0,8.17,15.0,0,2422,1769859887.811,-9.168,meta-llama/Llama-3.2-1B-Instruct,"1769859887.811, 1769859887.812, 1769859887.814, 1769859887.815, 1769859887.888"
1.0,0,1769859886.3882,9.9489,27,33,60,0.0595,0.0752,0.113,1.0,0.0,99.57,1.2098,9.0084,9.0084,3979.986,1769859897.548455,11.92,259,2172,0.301,17,0,0,8.17,15.0,0,2422,1769859887.811,-9.168,meta-llama/Llama-3.2-1B-Instruct,"1769859887.811, 1769859887.812, 1769859887.814, 1769859887.815, 1769859887.888"
1.0,0,1769859886.3897,9.9932,27,32,59,0.0903,0.0692,0.1224,1.0,0.0,99.57,1.2294,9.0835,9.0835,3989.0696,1769859897.6141236,11.92,259,2173,0.301,18,1,0,8.17,15.0,0,2422,1769859887.811,-9.168,meta-llama/Llama-3.2-1B-Instruct,"1769859887.811, 1769859887.812, 1769859887.814, 1769859887.815, 1769859887.888"
1.0,0,1769859886.8153,10.7126,27,14,41,0.103,0.0759,0.0759,1.0,0.0,99.57,0.5851,9.8156,9.8156,3998.8852,1769859898.1137333,11.91,259,2174,0.303,17,0,0,8.17,15.0,0,2422,1769859887.811,-9.168,meta-llama/Llama-3.2-1B-Instruct,"1769859887.811, 1769859887.812, 1769859887.814, 1769859887.815, 1769859887.888"
1.0,0,1769859886.4594,10.3791,27,32,59,0.0678,0.0808,0.1214,1.0,0.0,99.57,1.3096,9.4469,9.4469,4008.3321,1769859898.1493423,11.91,259,2175,0.301,15,0,0,8.17,15.0,0,2422,1769859887.811,-9.168,meta-llama/Llama-3.2-1B-Instruct,"1769859887.811, 1769859887.812, 1769859887.814, 1769859887.815, 1769859887.888"
1.0,0,1769859886.7021,10.2116,27,32,59,0.0738,0.0739,0.1178,1.0,0.0,99.57,1.3086,9.2854,9.2854,4017.6175,1769859898.2262676,11.9,259,2176,0.301,15,0,0,8.17,15.0,0,2422,1769859887.811,-9.168,meta-llama/Llama-3.2-1B-Instruct,"1769859887.811, 1769859887.812, 1769859887.814, 1769859887.815, 1769859887.888"
1.0,0,1769859886.8091,10.1853,27,32,59,0.0765,0.0771,0.126,1.0,0.0,99.57,1.3237,9.2618,9.2618,4026.8793,1769859898.3193696,11.9,259,2177,0.301,15,1,0,8.17,15.0,0,2422,1769859887.811,-9.168,meta-llama/Llama-3.2-1B-Instruct,"1769859887.811, 1769859887.812, 1769859887.814, 1769859887.815, 1769859887.888"
1.0,0,1769859886.8108,10.2602,27,32,59,0.1247,0.0743,0.0796,1.0,0.0,99.57,1.3677,9.3849,9.3849,4036.2641,1769859898.4456036,11.89,259,2178,0.302,16,0,0,8.17,15.0,0,2422,1769859887.811,-9.168,meta-llama/Llama-3.2-1B-Instruct,"1769859887.811, 1769859887.812, 1769859887.814, 1769859887.815, 1769859887.888"
1.0,0,1769859886.8124,10.329,27,32,59,0.0718,0.0707,0.0725,1.0,0.0,99.57,1.3056,9.4008,9.4008,4045.665,1769859898.448072,11.89,259,2179,0.303,17,0,0,8.17,15.0,0,2422,1769859887.811,-9.168,meta-llama/Llama-3.2-1B-Instruct,"1769859887.811, 1769859887.812, 1769859887.814, 1769859887.815, 1769859887.888"
1.0,0,1769859886.814,10.3949,27,32,59,0.0673,0.0699,0.0852,1.0,0.0,99.57,1.3082,9.4622,9.4622,4055.1271,1769859898.5184226,11.88,259,2180,0.304,19,0,0,8.17,15.0,0,2422,1769859887.811,-9.168,meta-llama/Llama-3.2-1B-Instruct,"1769859887.811, 1769859887.812, 1769859887.814, 1769859887.815, 1769859887.888"
1.0,0,1769859886.8884,10.6855,27,32,59,0.0612,0.0812,0.1117,1.0,0.0,99.57,1.351,9.7468,9.7468,4064.8739,1769859898.92921,11.88,259,2181,0.302,15,0,0,8.17,15.0,0,2422,1769859887.811,-9.168,meta-llama/Llama-3.2-1B-Instruct,"1769859887.811, 1769859887.812, 1769859887.814, 1769859887.815, 1769859887.888"
1.0,0,1769859887.3118,10.4651,27,32,59,0.0931,0.082,0.1119,1.0,0.0,99.57,1.4821,9.5582,9.5582,4084.1438,1769859899.2601967,11.87,259,2183,0.303,16,0,0,8.17,15.0,0,2422,1769859887.811,-9.168,meta-llama/Llama-3.2-1B-Instruct,"1769859887.811, 1769859887.812, 1769859887.814, 1769859887.815, 1769859887.888"
1.0,0,1769859887.1548,10.6174,27,32,59,0.0943,0.077,0.1111,1.0,0.0,99.57,1.487,9.7117,9.7117,4084.1438,1769859899.2606447,11.86,259,2183,0.302,16,0,0,8.17,15.0,0,2422,1769859887.811,-9.168,meta-llama/Llama-3.2-1B-Instruct,"1769859887.811, 1769859887.812, 1769859887.814, 1769859887.815, 1769859887.888"
1.0,0,1769859887.3716,10.4771,27,32,59,0.1075,0.0706,0.1113,1.0,0.0,99.57,1.4401,9.5846,9.5846,4103.3047,1769859899.304994,11.86,259,2185,0.304,16,2,0,8.17,15.0,0,2422,1769859887.811,-9.168,meta-llama/Llama-3.2-1B-Instruct,"1769859887.811, 1769859887.812, 1769859887.814, 1769859887.815, 1769859887.888"
1.0,0,1769859887.3863,10.5233,27,32,59,0.0529,0.0736,0.1051,1.0,0.0,99.57,1.395,9.5762,9.5762,4103.3047,1769859899.3058128,11.85,259,2185,0.304,18,0,0,8.17,15.0,0,2422,1769859887.811,-9.168,meta-llama/Llama-3.2-1B-Instruct,"1769859887.811, 1769859887.812, 1769859887.814, 1769859887.815, 1769859887.888"
1.0,0,1769859887.513,10.7811,27,32,59,0.0849,0.0765,0.1064,1.0,0.0,99.57,1.2253,9.866,9.866,4142.932,1769859899.532637,11.84,259,2189,0.305,17,0,0,8.17,15.0,0,2422,1769859887.811,-9.168,meta-llama/Llama-3.2-1B-Instruct,"1769859887.811, 1769859887.812, 1769859887.814, 1769859887.815, 1769859887.888"
1.0,0,1769859887.4489,10.7775,27,32,59,0.0844,0.0744,0.111,1.0,0.0,99.57,1.2911,9.8619,9.8619,4142.932,1769859899.53285,11.85,259,2189,0.305,17,0,0,8.17,15.0,0,2422,1769859887.811,-9.168,meta-llama/Llama-3.2-1B-Instruct,"1769859887.811, 1769859887.812, 1769859887.814, 1769859887.815, 1769859887.888"
1.0,0,1769859887.6291,10.9546,27,32,59,0.0516,0.064,0.0883,1.0,0.0,99.58,1.0782,10.0062,10.0062,4162.9418,1769859899.6698644,11.83,259,2191,0.304,17,0,0,8.17,15.0,0,2422,1769859887.811,-9.168,meta-llama/Llama-3.2-1B-Instruct,"1769859887.811, 1769859887.812, 1769859887.814, 1769859887.815, 1769859887.888"
1.0,0,1769859887.6276,10.9025,27,32,59,0.101,0.0717,0.094,1.0,0.0,99.58,1.1368,10.0035,10.0035,4162.9418,1769859899.670669,11.82,259,2191,0.304,17,0,0,8.17,15.0,0,2422,1769859887.811,-9.168,meta-llama/Llama-3.2-1B-Instruct,"1769859887.811, 1769859887.812, 1769859887.814, 1769859887.815, 1769859887.888"
1.0,0,1769859887.6306,11.0159,27,32,59,0.0754,0.0635,0.0717,1.0,0.0,99.58,1.0716,10.0913,10.0913,4173.0331,1769859899.7230375,11.82,259,2192,0.305,19,0,0,8.17,15.0,0,2422,1769859887.811,-9.168,meta-llama/Llama-3.2-1B-Instruct,"1769859887.811, 1769859887.812, 1769859887.814, 1769859887.815, 1769859887.888"
1.0,0,1769859887.632,11.4253,27,32,59,0.0613,0.0698,0.0711,1.0,0.0,99.58,1.1589,10.4865,10.4865,4183.5196,1769859900.2180004,11.81,259,2193,0.307,19,0,0,8.17,15.0,0,2422,1769859887.811,-9.168,meta-llama/Llama-3.2-1B-Instruct,"1769859887.811, 1769859887.812, 1769859887.814, 1769859887.815, 1769859887.888"
1.0,0,1769859887.6335,11.8698,27,32,59,0.0958,0.0654,0.0751,1.0,0.0,99.58,1.3991,10.9656,10.9656,4194.4852,1769859900.9031663,11.8,259,2194,0.307,15,0,0,8.17,15.0,0,2422,1769859887.811,-9.168,meta-llama/Llama-3.2-1B-Instruct,"1769859887.811, 1769859887.812, 1769859887.814, 1769859887.815, 1769859887.888"
1.0,0,1769859887.647,11.9356,27,32,59,0.0726,0.065,0.0658,1.0,0.0,99.58,1.3438,11.0082,11.0082,4205.4934,1769859900.9291735,11.8,259,2195,0.305,12,0,0,8.17,15.0,0,2422,1769859887.811,-9.168,meta-llama/Llama-3.2-1B-Instruct,"1769859887.811, 1769859887.812, 1769859887.814, 1769859887.815, 1769859887.888"
1.0,0,1769859887.7286,11.9116,27,32,59,0.0803,0.0672,0.0692,1.0,0.0,99.58,1.3214,10.9919,10.9919,4216.4853,1769859900.9623902,11.79,259,2196,0.306,13,0,0,8.17,15.0,0,2422,1769859887.811,-9.168,meta-llama/Llama-3.2-1B-Instruct,"1769859887.811, 1769859887.812, 1769859887.814, 1769859887.815, 1769859887.888"
1.0,0,1769859887.7301,11.9745,27,32,59,0.0829,0.0689,0.0748,1.0,0.0,99.58,1.3144,11.0574,11.0574,4227.5427,1769859901.0246613,11.79,259,2197,0.305,12,0,0,8.17,15.0,0,2422,1769859887.811,-9.168,meta-llama/Llama-3.2-1B-Instruct,"1769859887.811, 1769859887.812, 1769859887.814, 1769859887.815, 1769859887.888"
1.0,0,1769859887.782,11.9998,27,32,59,0.0651,0.0648,0.0653,1.0,0.0,99.58,1.2852,11.065,11.065,4238.6077,1769859901.0681152,11.78,259,2198,0.305,12,0,0,8.17,15.0,0,2422,1769859887.811,-9.168,meta-llama/Llama-3.2-1B-Instruct,"1769859887.811, 1769859887.812, 1769859887.814, 1769859887.815, 1769859887.888"
1.0,0,1769859887.7834,12.0653,27,32,59,0.0753,0.0704,0.0793,1.0,0.0,99.58,1.2928,11.1405,11.1405,4249.7482,1769859901.142869,11.78,259,2199,0.305,13,0,0,8.17,15.0,0,2422,1769859887.811,-9.168,meta-llama/Llama-3.2-1B-Instruct,"1769859887.811, 1769859887.812, 1769859887.814, 1769859887.815, 1769859887.888"
1.0,0,1769859887.8597,12.1192,27,32,59,0.0826,0.0653,0.0716,1.0,0.0,99.58,1.2527,11.2018,11.2018,4272.161,1769859901.2357209,11.77,259,2201,0.306,15,1,0,8.17,15.0,0,2422,1769859887.811,-9.168,meta-llama/Llama-3.2-1B-Instruct,"1769859887.811, 1769859887.812, 1769859887.814, 1769859887.815, 1769859887.888"
1.0,0,1769859887.7848,12.1246,27,32,59,0.0864,0.0623,0.0668,1.0,0.0,99.58,1.3261,11.211,11.211,4272.161,1769859901.2364726,11.77,259,2201,0.306,15,0,0,8.17,15.0,0,2422,1769859887.811,-9.168,meta-llama/Llama-3.2-1B-Instruct,"1769859887.811, 1769859887.812, 1769859887.814, 1769859887.815, 1769859887.888"
1.0,0,1769859888.2323,11.9208,27,32,59,0.0643,0.0564,0.0598,1.0,0.0,99.58,1.1665,10.985,10.985,4294.0707,1769859901.3305166,11.76,259,2203,0.308,17,0,0,8.17,15.0,0,2422,1769859887.811,-9.168,meta-llama/Llama-3.2-1B-Instruct,"1769859887.811, 1769859887.812, 1769859887.814, 1769859887.815, 1769859887.888"
1.0,0,1769859888.2208,11.8205,27,32,59,0.1042,0.0649,0.0656,1.0,0.0,99.58,1.2765,10.9247,10.9247,4294.0707,1769859901.330732,11.76,259,2203,0.307,16,0,0,8.17,15.0,0,2422,1769859887.811,-9.168,meta-llama/Llama-3.2-1B-Instruct,"1769859887.811, 1769859887.812, 1769859887.814, 1769859887.815, 1769859887.888"
1.0,0,1769859888.2834,11.9116,27,32,59,0.0781,0.0536,0.0697,1.0,0.0,99.58,1.1565,10.9896,10.9896,4305.0604,1769859901.3609946,11.75,259,2204,0.308,18,0,0,8.17,15.0,0,2422,1769859887.811,-9.168,meta-llama/Llama-3.2-1B-Instruct,"1769859887.811, 1769859887.812, 1769859887.814, 1769859887.815, 1769859887.888"
1.0,0,1769859888.294,12.0601,27,32,59,0.0657,0.0494,0.0525,1.0,0.0,99.58,1.0616,11.1258,11.1258,4316.1862,1769859901.4262688,11.75,259,2205,0.309,19,0,0,8.17,15.0,0,2422,1769859887.811,-9.168,meta-llama/Llama-3.2-1B-Instruct,"1769859887.811, 1769859887.812, 1769859887.814, 1769859887.815, 1769859887.888"
1.0,0,1769859888.7491,12.7159,27,0,27,,,,1.0,,,0.0887,11.8045,11.8045,4327.9907,1769859901.5635412,11.74,260,2207,0.308,11,1,0,8.17,15.0,0,2422,1769859887.811,-9.168,meta-llama/Llama-3.2-1B-Instruct,"1769859887.811, 1769859887.812, 1769859887.814, 1769859887.815, 1769859887.888"
200.0,1,1769859705.7379,171.299,3556,564,4120,0.4584,0.073,0.1046,200.0,0.0,99.58,24.5194,-4.1816,0.0,4327.9907,1769859901.570611,11.78,260,2207,0.001,2,0,0,7.33,15.0,0,2422,1769859887.811,-9.168,meta-llama/Llama-3.2-1B-Instruct,"1769859887.811, 1769859887.812, 1769859887.814, 1769859887.815, 1769859887.888"
1.0,0,1769859888.4308,12.9642,27,9,36,0.0817,0.0765,0.0765,1.0,0.0,99.58,0.3974,12.0459,12.0459,4340.0366,1769859901.7981644,11.78,260,2208,0.309,14,0,0,8.17,15.0,0,2422,1769859887.811,-9.168,meta-llama/Llama-3.2-1B-Instruct,"1769859887.811, 1769859887.812, 1769859887.814, 1769859887.815, 1769859887.888"
1.0,0,1769859888.3647,12.684,27,32,59,0.0632,0.0597,0.0794,1.0,0.0,99.58,0.9325,11.7472,11.7472,4351.7838,1769859901.988524,11.77,260,2209,0.311,16,0,0,8.17,15.0,0,2422,1769859887.811,-9.168,meta-llama/Llama-3.2-1B-Instruct,"1769859887.811, 1769859887.812, 1769859887.814, 1769859887.815, 1769859887.888"
1.0,0,1769859888.3661,12.7499,27,31,58,0.1084,0.0655,0.089,1.0,0.0,99.58,0.8989,11.8583,11.8583,4363.6421,1769859902.0220685,11.76,260,2210,0.31,15,0,0,8.17,15.0,0,2501,1769859890.154,-11.866,meta-llama/Llama-3.2-1B-Instruct,"1769859890.154, 1769859890.155, 1769859890.363, 1769859890.378, 1769859890.434"
1.0,0,1769859888.4294,12.7735,27,32,59,0.0704,0.064,0.0695,1.0,0.0,99.58,0.8757,11.8439,11.8439,4375.4861,1769859902.0810087,11.76,260,2211,0.31,16,0,0,8.17,15.0,0,2501,1769859890.154,-11.866,meta-llama/Llama-3.2-1B-Instruct,"1769859890.154, 1769859890.155, 1769859890.363, 1769859890.378, 1769859890.434"
1.0,0,1769859889.154,12.9755,27,4,31,0.0727,0.0636,0.0636,1.0,0.0,99.58,0.2209,12.0482,12.0482,4387.5343,1769859902.352851,11.75,260,2212,0.271,11,1,0,8.17,15.0,0,2501,1769859890.154,-11.866,meta-llama/Llama-3.2-1B-Instruct,"1769859890.154, 1769859890.155, 1769859890.363, 1769859890.378, 1769859890.434"
1.0,0,1769859888.5793,12.8205,27,32,59,0.0761,0.0665,0.0708,1.0,0.0,99.58,0.9854,11.8966,11.8966,4399.4309,1769859902.3929987,11.75,260,2213,0.308,12,0,0,8.17,15.0,0,2501,1769859890.154,-11.866,meta-llama/Llama-3.2-1B-Instruct,"1769859890.154, 1769859890.155, 1769859890.363, 1769859890.378, 1769859890.434"
1.0,0,1769859888.7505,12.7857,27,32,59,0.0653,0.0589,0.0662,1.0,0.0,99.58,0.9165,11.851,11.851,4411.2819,1769859902.4625425,11.74,260,2214,0.27,13,0,0,8.17,15.0,0,2501,1769859890.154,-11.866,meta-llama/Llama-3.2-1B-Instruct,"1769859890.154, 1769859890.155, 1769859890.363, 1769859890.378, 1769859890.434"
1.0,0,1769859888.752,12.8729,27,31,58,0.0863,0.0574,0.0686,1.0,0.0,99.58,0.9452,11.9592,11.9592,4423.2412,1769859902.5709484,11.74,260,2215,0.27,13,0,0,8.17,15.0,0,2501,1769859890.154,-11.866,meta-llama/Llama-3.2-1B-Instruct,"1769859890.154, 1769859890.155, 1769859890.363, 1769859890.378, 1769859890.434"
1.0,0,1769859888.7533,12.9422,27,32,59,0.0758,0.0551,0.0577,1.0,0.0,99.58,0.896,12.018,12.018,4435.2591,1769859902.5953016,11.73,260,2216,0.271,13,0,0,8.17,15.0,0,2501,1769859890.154,-11.866,meta-llama/Llama-3.2-1B-Instruct,"1769859890.154, 1769859890.155, 1769859890.363, 1769859890.378, 1769859890.434"
1.0,0,1769859889.1525,12.8988,27,32,59,0.0692,0.0703,0.0975,1.0,0.0,99.58,1.2343,11.968,11.968,4447.2272,1769859903.2868605,11.73,260,2217,0.272,12,0,0,8.17,15.0,0,2501,1769859890.154,-11.866,meta-llama/Llama-3.2-1B-Instruct,"1769859890.154, 1769859890.155, 1769859890.363, 1769859890.378, 1769859890.434"
1.0,0,1769859889.1555,13.0631,27,32,59,0.082,0.0777,0.1008,1.0,0.0,99.58,1.2177,12.1451,12.1451,4459.3723,1769859903.4403927,11.72,260,2218,0.272,13,0,0,8.17,15.0,0,2501,1769859890.154,-11.866,meta-llama/Llama-3.2-1B-Instruct,"1769859890.154, 1769859890.155, 1769859890.363, 1769859890.378, 1769859890.434"
1.0,0,1769859889.3626,12.9205,27,32,59,0.0561,0.0787,0.1061,1.0,0.0,99.58,1.1831,11.9766,11.9766,4471.3488,1769859903.4721522,11.72,260,2219,0.273,13,0,0,8.17,15.0,0,2501,1769859890.154,-11.866,meta-llama/Llama-3.2-1B-Instruct,"1769859890.154, 1769859890.155, 1769859890.363, 1769859890.378, 1769859890.434"
1.0,0,1769859889.3781,12.9872,27,32,59,0.0879,0.0862,0.0989,1.0,0.0,99.58,1.2298,12.0751,12.0751,4483.4239,1769859903.5962253,11.71,260,2220,0.273,14,0,0,8.17,15.0,0,2501,1769859890.154,-11.866,meta-llama/Llama-3.2-1B-Instruct,"1769859890.154, 1769859890.155, 1769859890.363, 1769859890.378, 1769859890.434"
1.0,0,1769859889.4344,13.0229,27,32,59,0.0802,0.071,0.1023,1.0,0.0,99.58,1.2069,12.1031,12.1031,4495.527,1769859903.6888428,11.71,260,2221,0.273,13,1,0,8.17,15.0,0,2501,1769859890.154,-11.866,meta-llama/Llama-3.2-1B-Instruct,"1769859890.154, 1769859890.155, 1769859890.363, 1769859890.378, 1769859890.434"
1.0,0,1769859889.4481,13.1841,27,32,59,0.0966,0.0757,0.0776,1.0,0.0,99.58,1.1551,12.2807,12.2807,4519.9419,1769859903.789389,11.7,260,2223,0.273,14,0,0,8.17,15.0,0,2501,1769859890.154,-11.866,meta-llama/Llama-3.2-1B-Instruct,"1769859890.154, 1769859890.155, 1769859890.363, 1769859890.378, 1769859890.434"
1.0,0,1769859889.596,13.0444,27,32,59,0.0897,0.0685,0.0706,1.0,0.0,99.58,1.1487,12.1342,12.1342,4519.9419,1769859903.7903378,11.7,260,2223,0.273,12,0,0,8.17,15.0,0,2501,1769859890.154,-11.866,meta-llama/Llama-3.2-1B-Instruct,"1769859890.154, 1769859890.155, 1769859890.363, 1769859890.378, 1769859890.434"
1.0,0,1769859889.6614,13.0566,27,32,59,0.0756,0.067,0.0734,1.0,0.0,99.58,1.0898,12.1323,12.1323,4532.0741,1769859903.8107543,11.69,260,2224,0.273,13,1,0,8.17,15.0,0,2501,1769859890.154,-11.866,meta-llama/Llama-3.2-1B-Instruct,"1769859890.154, 1769859890.155, 1769859890.363, 1769859890.378, 1769859890.434"
1.0,0,1769859889.6764,13.0944,27,31,58,0.0837,0.0647,0.0785,1.0,0.0,99.58,1.0659,12.1782,12.1782,4544.2523,1769859903.8431218,11.69,260,2225,0.273,14,0,0,8.17,15.0,0,2501,1769859890.154,-11.866,meta-llama/Llama-3.2-1B-Instruct,"1769859890.154, 1769859890.155, 1769859890.363, 1769859890.378, 1769859890.434"
1.0,0,1769859890.3306,12.5128,27,32,59,0.0726,0.0661,0.0739,1.0,0.0,99.58,1.0207,11.5854,11.5854,4555.8377,1769859903.8677113,11.68,260,2226,0.274,15,0,0,8.17,15.0,0,2501,1769859890.154,-11.866,meta-llama/Llama-3.2-1B-Instruct,"1769859890.154, 1769859890.155, 1769859890.363, 1769859890.378, 1769859890.434"
1.0,0,1769859890.3326,12.6115,27,32,59,0.0617,0.0567,0.0877,1.0,0.0,99.58,0.9518,11.6732,11.6732,4567.5109,1769859903.8976552,11.67,260,2227,0.275,17,0,0,8.17,15.0,0,2501,1769859890.154,-11.866,meta-llama/Llama-3.2-1B-Instruct,"1769859890.154, 1769859890.155, 1769859890.363, 1769859890.378, 1769859890.434"
1.0,0,1769859890.3341,12.6801,27,32,59,0.0634,0.0595,0.0636,1.0,0.0,99.58,0.9397,11.7435,11.7435,4579.2543,1769859903.9549444,11.67,260,2228,0.275,17,0,0,8.17,15.0,0,2501,1769859890.154,-11.866,meta-llama/Llama-3.2-1B-Instruct,"1769859890.154, 1769859890.155, 1769859890.363, 1769859890.378, 1769859890.434"
1.0,0,1769859890.3356,12.8635,27,32,59,0.0821,0.0554,0.0905,1.0,0.0,99.58,1.0251,11.9456,11.9456,4591.2,1769859904.2265291,11.66,260,2229,0.277,19,0,0,8.17,15.0,0,2501,1769859890.154,-11.866,meta-llama/Llama-3.2-1B-Instruct,"1769859890.154, 1769859890.155, 1769859890.363, 1769859890.378, 1769859890.434"
1.0,0,1769859891.5326,12.8503,27,7,34,0.0784,0.0703,0.0703,1.0,0.0,99.58,0.4058,11.9287,11.9287,4603.1287,1769859904.7921848,11.66,260,2230,0.277,15,0,0,8.17,15.0,0,2501,1769859890.154,-11.866,meta-llama/Llama-3.2-1B-Instruct,"1769859890.154, 1769859890.155, 1769859890.363, 1769859890.378, 1769859890.434"
1.0,0,1769859890.4996,13.3809,27,32,59,0.0997,0.0694,0.0731,1.0,0.0,99.58,1.3945,12.4806,12.4806,4628.0857,1769859905.2814744,11.65,260,2232,0.275,11,0,0,8.17,15.0,0,2501,1769859890.154,-11.866,meta-llama/Llama-3.2-1B-Instruct,"1769859890.154, 1769859890.155, 1769859890.363, 1769859890.378, 1769859890.434"
1.0,0,1769859890.5054,13.3964,27,32,59,0.08,0.0698,0.0711,1.0,0.0,99.58,1.3787,12.4764,12.4764,4628.0857,1769859905.2836506,11.65,260,2232,0.274,9,0,0,8.17,15.0,0,2501,1769859890.154,-11.866,meta-llama/Llama-3.2-1B-Instruct,"1769859890.154, 1769859890.155, 1769859890.363, 1769859890.378, 1769859890.434"
1.0,0,1769859891.0672,13.0729,27,27,54,0.0856,0.0683,0.0702,1.0,0.0,99.58,1.1721,12.1585,12.1585,4652.7253,1769859905.3145854,11.64,260,2234,0.275,12,0,0,8.17,15.0,0,2501,1769859890.154,-11.866,meta-llama/Llama-3.2-1B-Instruct,"1769859890.154, 1769859890.155, 1769859890.363, 1769859890.378, 1769859890.434"
1.0,0,1769859890.5529,13.4228,27,32,59,0.0583,0.0671,0.0709,1.0,0.0,99.58,1.3308,12.4811,12.4811,4652.7253,1769859905.3147745,11.64,260,2234,0.274,9,1,0,8.17,15.0,0,2501,1769859890.154,-11.866,meta-llama/Llama-3.2-1B-Instruct,"1769859890.154, 1769859890.155, 1769859890.363, 1769859890.378, 1769859890.434"
1.0,0,1769859890.6838,13.3353,27,32,59,0.0671,0.0641,0.0671,1.0,0.0,99.58,1.3198,12.4024,12.4024,4665.1277,1769859905.3402178,11.63,260,2235,0.274,10,0,0,8.17,15.0,0,2501,1769859890.154,-11.866,meta-llama/Llama-3.2-1B-Instruct,"1769859890.154, 1769859890.155, 1769859890.363, 1769859890.378, 1769859890.434"
1.0,0,1769859890.8549,13.2196,27,32,59,0.0641,0.0624,0.0628,1.0,0.0,99.58,1.2821,12.2837,12.2837,4677.4114,1769859905.3606164,11.63,260,2236,0.275,11,1,0,8.17,15.0,0,2501,1769859890.154,-11.866,meta-llama/Llama-3.2-1B-Instruct,"1769859890.154, 1769859890.155, 1769859890.363, 1769859890.378, 1769859890.434"
1.0,0,1769859891.2265,12.9938,27,32,59,0.0686,0.0636,0.0708,1.0,0.0,99.58,1.2217,12.0624,12.0624,4689.4738,1769859905.445329,11.62,260,2237,0.276,13,0,0,8.17,15.0,0,2501,1769859890.154,-11.866,meta-llama/Llama-3.2-1B-Instruct,"1769859890.154, 1769859890.155, 1769859890.363, 1769859890.378, 1769859890.434"
1.0,0,1769859891.4575,12.8201,27,34,61,0.0672,0.0653,0.0701,1.0,0.0,99.58,1.1895,11.8873,11.8873,4701.3611,1769859905.4760065,11.62,260,2238,0.276,13,0,0,8.17,15.0,0,2501,1769859890.154,-11.866,meta-llama/Llama-3.2-1B-Instruct,"1769859890.154, 1769859890.155, 1769859890.363, 1769859890.378, 1769859890.434"
1.0,0,1769859891.4592,12.8677,27,32,59,0.0727,0.064,0.0664,1.0,0.0,99.58,1.1495,11.9404,11.9404,4713.3015,1769859905.479496,11.61,260,2239,0.276,14,0,0,8.17,15.0,0,2501,1769859890.154,-11.866,meta-llama/Llama-3.2-1B-Instruct,"1769859890.154, 1769859890.155, 1769859890.363, 1769859890.378, 1769859890.434"
1.0,0,1769859892.2194,13.2602,27,0,27,,,,1.0,,,0.0762,12.3365,12.3365,4737.4852,1769859905.5582283,11.6,260,2241,0.278,11,0,0,8.17,15.0,0,2501,1769859890.154,-11.866,meta-llama/Llama-3.2-1B-Instruct,"1769859890.154, 1769859890.155, 1769859890.363, 1769859890.378, 1769859890.434"
1.0,0,1769859891.9744,12.5473,27,32,59,0.0612,0.0632,0.0744,1.0,0.0,99.59,1.08,11.6086,11.6086,4749.0938,1769859905.6048958,11.6,260,2242,0.278,17,0,0,8.17,15.0,0,2501,1769859890.154,-11.866,meta-llama/Llama-3.2-1B-Instruct,"1769859890.154, 1769859890.155, 1769859890.363, 1769859890.378, 1769859890.434"
1.0,0,1769859892.1269,12.4862,27,32,59,0.077,0.0653,0.0655,1.0,0.0,99.59,1.1076,11.5632,11.5632,4760.6569,1769859905.7230544,11.59,260,2243,0.279,19,0,0,8.17,15.0,0,2501,1769859890.154,-11.866,meta-llama/Llama-3.2-1B-Instruct,"1769859890.154, 1769859890.155, 1769859890.363, 1769859890.378, 1769859890.434"
1.0,0,1769859892.218,12.688,27,25,52,0.0802,0.0638,0.1895,1.0,0.0,99.59,0.9999,11.7683,11.7683,4772.4252,1769859905.9428267,11.59,260,2244,0.28,19,0,0,8.17,15.0,0,2501,1769859890.154,-11.866,meta-llama/Llama-3.2-1B-Instruct,"1769859890.154, 1769859890.155, 1769859890.363, 1769859890.378, 1769859890.434"
1.0,0,1769859892.2208,13.302,27,19,46,0.0803,0.1813,0.1813,1.0,0.0,99.59,0.6021,12.3823,12.3823,4784.8075,1769859906.125917,11.58,260,2245,0.278,11,0,0,8.17,15.0,0,2501,1769859890.154,-11.866,meta-llama/Llama-3.2-1B-Instruct,"1769859890.154, 1769859890.155, 1769859890.363, 1769859890.378, 1769859890.434"
1.0,0,1769859892.3766,13.2655,27,19,46,0.0572,0.1878,0.1878,1.0,0.0,99.59,0.532,12.3227,12.3227,4797.1303,1769859906.1766415,11.58,260,2246,0.277,10,0,0,8.17,15.0,0,2501,1769859890.154,-11.866,meta-llama/Llama-3.2-1B-Instruct,"1769859890.154, 1769859890.155, 1769859890.363, 1769859890.378, 1769859890.434"
1.0,0,1769859893.053,13.2664,27,0,27,,,,1.0,,,0.068,12.3343,12.3343,4809.4646,1769859906.3927445,11.57,260,2247,0.28,12,0,0,8.17,15.0,0,2501,1769859890.154,-11.866,meta-llama/Llama-3.2-1B-Instruct,"1769859890.154, 1769859890.155, 1769859890.363, 1769859890.378, 1769859890.434"
1.0,0,1769859892.2937,13.2948,27,32,59,0.0959,0.0729,0.1772,1.0,0.0,99.59,1.0521,12.3906,12.3906,4821.8552,1769859906.6441948,11.57,260,2248,0.278,10,0,0,8.17,15.0,0,2501,1769859890.154,-11.866,meta-llama/Llama-3.2-1B-Instruct,"1769859890.154, 1769859890.155, 1769859890.363, 1769859890.378, 1769859890.434"
1.0,0,1769859892.4358,13.2669,27,32,59,0.201,0.0619,0.071,1.0,0.0,99.59,1.0153,12.4679,12.4679,4834.3231,1769859906.7323716,11.56,260,2249,0.278,12,0,0,8.17,15.0,0,2501,1769859890.154,-11.866,meta-llama/Llama-3.2-1B-Instruct,"1769859890.154, 1769859890.155, 1769859890.363, 1769859890.378, 1769859890.434"
1.0,0,1769859894.4039,12.4989,27,0,27,,,,1.0,,,0.092,11.5909,11.5909,4845.914,1769859906.9954371,11.56,260,2250,0.283,18,0,0,8.17,15.0,0,2501,1769859890.154,-11.866,meta-llama/Llama-3.2-1B-Instruct,"1769859890.154, 1769859890.155, 1769859890.363, 1769859890.378, 1769859890.434"
1.0,0,1769859893.7341,12.76,27,10,37,0.0875,0.0714,0.0714,1.0,0.0,99.59,0.5642,11.8475,11.8475,4857.7615,1769859907.059126,11.55,260,2251,0.281,15,0,0,8.17,15.0,0,2560,1769859895.544,-11.499,meta-llama/Llama-3.2-1B-Instruct,"1769859895.544, 1769859895.673, 1769859895.674, 1769859895.676, 1769859895.677"
1.0,0,1769859892.4373,13.5692,27,31,58,0.0809,0.0744,0.0764,1.0,0.0,99.59,1.3507,12.6501,12.6501,4870.4115,1769859907.3593326,11.55,260,2252,0.278,11,0,0,8.17,15.0,0,2560,1769859895.544,-11.499,meta-llama/Llama-3.2-1B-Instruct,"1769859895.544, 1769859895.673, 1769859895.674, 1769859895.676, 1769859895.677"
1.0,0,1769859892.4388,13.65,27,32,59,0.0837,0.0719,0.0774,1.0,0.0,99.59,1.3592,12.7337,12.7337,4883.1453,1769859907.451893,11.54,260,2253,0.279,11,0,0,8.17,15.0,0,2560,1769859895.544,-11.499,meta-llama/Llama-3.2-1B-Instruct,"1769859895.544, 1769859895.673, 1769859895.674, 1769859895.676, 1769859895.677"
1.0,0,1769859892.5027,13.6554,27,32,59,0.0651,0.071,0.0757,1.0,0.0,99.59,1.3288,12.7204,12.7204,4895.8657,1769859907.4883678,11.54,260,2254,0.279,11,1,0,8.17,15.0,0,2560,1769859895.544,-11.499,meta-llama/Llama-3.2-1B-Instruct,"1769859895.544, 1769859895.673, 1769859895.674, 1769859895.676, 1769859895.677"
1.0,0,1769859892.5673,13.7482,27,32,59,0.0724,0.0752,0.1039,1.0,0.0,99.59,1.4746,12.8207,12.8207,4908.6864,1769859907.7924633,11.53,260,2255,0.279,11,0,0,8.17,15.0,0,2560,1769859895.544,-11.499,meta-llama/Llama-3.2-1B-Instruct,"1769859895.544, 1769859895.673, 1769859895.674, 1769859895.676, 1769859895.677"
1.0,0,1769859893.1257,13.2456,27,32,59,0.078,0.0752,0.1146,1.0,0.0,99.59,1.4506,12.3236,12.3236,4921.01,1769859907.8227568,11.52,260,2256,0.28,12,0,0,8.17,15.0,0,2560,1769859895.544,-11.499,meta-llama/Llama-3.2-1B-Instruct,"1769859895.544, 1769859895.673, 1769859895.674, 1769859895.676, 1769859895.677"
1.0,0,1769859893.2775,13.1522,27,32,59,0.0833,0.0711,0.1121,1.0,0.0,99.59,1.4142,12.2355,12.2355,4933.2454,1769859907.852376,11.52,260,2257,0.28,13,0,0,8.17,15.0,0,2560,1769859895.544,-11.499,meta-llama/Llama-3.2-1B-Instruct,"1769859895.544, 1769859895.673, 1769859895.674, 1769859895.676, 1769859895.677"
1.0,0,1769859893.7365,12.834,27,32,59,0.0735,0.0783,0.1062,1.0,0.0,99.59,1.3839,11.9075,11.9075,4945.1529,1769859907.9574277,11.51,260,2258,0.281,15,0,0,8.17,15.0,0,2560,1769859895.544,-11.499,meta-llama/Llama-3.2-1B-Instruct,"1769859895.544, 1769859895.673, 1769859895.674, 1769859895.676, 1769859895.677"
1.0,0,1769859893.8242,12.8103,27,32,59,0.0914,0.0794,0.1122,1.0,0.0,99.59,1.4121,11.9017,11.9017,4957.0546,1769859908.0488765,11.51,260,2259,0.282,16,0,0,8.17,15.0,0,2560,1769859895.544,-11.499,meta-llama/Llama-3.2-1B-Instruct,"1769859895.544, 1769859895.673, 1769859895.674, 1769859895.676, 1769859895.677"
1.0,0,1769859893.9617,12.7398,27,32,59,0.0822,0.0698,0.102,1.0,0.0,99.59,1.4604,11.822,11.822,4968.8766,1769859908.1669033,11.5,260,2260,0.282,16,0,0,8.17,15.0,0,2560,1769859895.544,-11.499,meta-llama/Llama-3.2-1B-Instruct,"1769859895.544, 1769859895.673, 1769859895.674, 1769859895.676, 1769859895.677"
1.0,0,1769859893.9632,12.8101,27,31,58,0.083,0.079,0.1151,1.0,0.0,99.59,1.4635,11.8931,11.8931,4980.7697,1769859908.240572,11.5,260,2261,0.282,16,1,0,8.17,15.0,0,2560,1769859895.544,-11.499,meta-llama/Llama-3.2-1B-Instruct,"1769859895.544, 1769859895.673, 1769859895.674, 1769859895.676, 1769859895.677"
1.0,0,1769859894.1088,12.7298,27,32,59,0.0828,0.0799,0.1075,1.0,0.0,99.59,1.4586,11.8126,11.8126,4992.5823,1769859908.3020165,11.49,260,2262,0.283,17,0,0,8.17,15.0,0,2560,1769859895.544,-11.499,meta-llama/Llama-3.2-1B-Instruct,"1769859895.544, 1769859895.673, 1769859895.674, 1769859895.676, 1769859895.677"
1.0,0,1769859894.6725,12.516,27,32,59,0.051,0.0777,0.1128,1.0,0.0,99.59,1.4521,11.5669,11.5669,5015.8396,1769859908.6416166,11.49,260,2264,0.284,18,0,0,8.17,15.0,0,2560,1769859895.544,-11.499,meta-llama/Llama-3.2-1B-Instruct,"1769859895.544, 1769859895.673, 1769859895.674, 1769859895.676, 1769859895.677"
1.0,0,1769859894.5445,12.5869,27,32,59,0.1035,0.0742,0.1074,1.0,0.0,99.59,1.51,11.6904,11.6904,5015.8396,1769859908.6430247,11.48,260,2264,0.284,18,0,0,8.17,15.0,0,2560,1769859895.544,-11.499,meta-llama/Llama-3.2-1B-Instruct,"1769859895.544, 1769859895.673, 1769859895.674, 1769859895.676, 1769859895.677"
1.0,0,1769859894.6772,12.9751,27,22,49,0.059,0.0702,0.0704,1.0,0.0,99.59,1.0463,12.0342,12.0342,5027.8738,1769859908.7078054,11.48,260,2265,0.286,19,0,0,8.17,15.0,0,2560,1769859895.544,-11.499,meta-llama/Llama-3.2-1B-Instruct,"1769859895.544, 1769859895.673, 1769859895.674, 1769859895.676, 1769859895.677"
1.0,0,1769859895.7226,13.0921,27,0,27,,,,1.0,,,0.0924,12.1845,12.1845,5040.0583,1769859908.90836,11.47,260,2266,0.286,17,0,0,8.17,15.0,0,2560,1769859895.544,-11.499,meta-llama/Llama-3.2-1B-Instruct,"1769859895.544, 1769859895.673, 1769859895.674, 1769859895.676, 1769859895.677"
1.0,0,1769859894.6741,12.8583,27,32,59,0.0963,0.0818,0.0924,1.0,0.0,99.59,1.54,11.9546,11.9546,5063.9704,1769859909.075267,11.47,260,2268,0.285,17,0,0,8.17,15.0,0,2560,1769859895.544,-11.499,meta-llama/Llama-3.2-1B-Instruct,"1769859895.544, 1769859895.673, 1769859895.674, 1769859895.676, 1769859895.677"
1.0,0,1769859894.6757,12.9058,27,32,59,0.0517,0.0751,0.0864,1.0,0.0,99.59,1.4923,11.9575,11.9575,5063.9704,1769859909.0754485,11.46,260,2268,0.285,17,0,0,8.17,15.0,0,2560,1769859895.544,-11.499,meta-llama/Llama-3.2-1B-Instruct,"1769859895.544, 1769859895.673, 1769859895.674, 1769859895.676, 1769859895.677"
1.0,0,1769859894.6788,13.257,27,32,59,0.0631,0.0713,0.0796,1.0,0.0,99.59,1.4491,12.32,12.32,5076.2905,1769859909.3892038,11.46,260,2269,0.285,16,0,0,8.17,15.0,0,2560,1769859895.544,-11.499,meta-llama/Llama-3.2-1B-Instruct,"1769859895.544, 1769859895.673, 1769859895.674, 1769859895.676, 1769859895.677"
1.0,0,1769859894.6803,13.3282,27,32,59,0.0847,0.0754,0.0775,1.0,0.0,99.59,1.4409,12.4129,12.4129,5088.7034,1769859909.4503164,11.45,260,2270,0.285,16,0,0,8.17,15.0,0,2560,1769859895.544,-11.499,meta-llama/Llama-3.2-1B-Instruct,"1769859895.544, 1769859895.673, 1769859895.674, 1769859895.676, 1769859895.677"
1.0,0,1769859895.239,12.8614,27,32,59,0.0602,0.0748,0.0874,1.0,0.0,99.59,1.3786,11.9217,11.9217,5100.6251,1769859909.4825373,11.45,260,2271,0.285,16,0,0,8.17,15.0,0,2560,1769859895.544,-11.499,meta-llama/Llama-3.2-1B-Instruct,"1769859895.544, 1769859895.673, 1769859895.674, 1769859895.676, 1769859895.677"
1.0,0,1769859895.2442,12.9257,27,32,59,0.064,0.0782,0.08,1.0,0.0,99.59,1.3644,11.9897,11.9897,5112.6148,1769859909.5364907,11.44,260,2272,0.285,17,0,0,8.17,15.0,0,2560,1769859895.544,-11.499,meta-llama/Llama-3.2-1B-Instruct,"1769859895.544, 1769859895.673, 1769859895.674, 1769859895.676, 1769859895.677"
1.0,0,1769859895.3611,12.8577,27,32,59,0.0748,0.0725,0.0726,1.0,0.0,99.59,1.363,11.9325,11.9325,5124.5473,1769859909.589323,11.44,260,2273,0.285,17,0,0,8.17,15.0,0,2560,1769859895.544,-11.499,meta-llama/Llama-3.2-1B-Instruct,"1769859895.544, 1769859895.673, 1769859895.674, 1769859895.676, 1769859895.677"
1.0,0,1769859895.3629,12.9161,27,32,59,0.0902,0.0708,0.0734,1.0,0.0,99.59,1.3249,12.0064,12.0064,5136.5536,1769859909.6075206,11.43,260,2274,0.285,17,0,0,8.17,15.0,0,2560,1769859895.544,-11.499,meta-llama/Llama-3.2-1B-Instruct,"1769859895.544, 1769859895.673, 1769859895.674, 1769859895.676, 1769859895.677"
1.0,0,1769859895.7122,12.6909,27,32,59,0.0535,0.0587,0.0696,1.0,0.0,99.59,1.252,11.7444,11.7444,5160.3882,1769859909.6573563,11.42,260,2276,0.285,18,0,0,8.17,15.0,0,2560,1769859895.544,-11.499,meta-llama/Llama-3.2-1B-Instruct,"1769859895.544, 1769859895.673, 1769859895.674, 1769859895.676, 1769859895.677"
1.0,0,1769859895.7761,13.1233,27,32,59,0.1066,0.0605,0.0608,1.0,0.0,99.59,1.1324,12.2299,12.2299,5184.8393,1769859910.034364,11.42,260,2278,0.286,17,0,0,8.17,15.0,0,2560,1769859895.544,-11.499,meta-llama/Llama-3.2-1B-Instruct,"1769859895.544, 1769859895.673, 1769859895.674, 1769859895.676, 1769859895.677"
1.0,0,1769859895.79,13.1718,27,32,59,0.0494,0.057,0.0632,1.0,0.0,99.59,1.0717,12.2212,12.2212,5184.8393,1769859910.0350285,11.41,260,2278,0.287,17,1,0,8.17,15.0,0,2560,1769859895.544,-11.499,meta-llama/Llama-3.2-1B-Instruct,"1769859895.544, 1769859895.673, 1769859895.674, 1769859895.676, 1769859895.677"
1.0,0,1769859895.8509,13.6045,27,19,46,0.0776,0.0926,0.0926,1.0,0.0,99.59,0.7439,12.6821,12.6821,5209.7865,1769859910.2007256,11.41,260,2280,0.288,16,0,0,8.17,15.0,0,2560,1769859895.544,-11.499,meta-llama/Llama-3.2-1B-Instruct,"1769859895.544, 1769859895.673, 1769859895.674, 1769859895.676, 1769859895.677"
1.0,0,1769859895.8495,13.1796,27,31,58,0.0856,0.0724,0.0941,1.0,0.0,99.59,1.1709,12.2652,12.2652,5209.7865,1769859910.2012763,11.4,260,2280,0.287,19,0,0,8.17,15.0,0,2560,1769859895.544,-11.499,meta-llama/Llama-3.2-1B-Instruct,"1769859895.544, 1769859895.673, 1769859895.674, 1769859895.676, 1769859895.677"
1.0,0,1769859896.3148,13.6839,27,8,35,0.064,0.1255,0.1255,1.0,0.0,99.59,0.5298,12.7479,12.7479,5222.5344,1769859910.53279,11.4,260,2281,0.288,15,1,0,8.17,15.0,0,2560,1769859895.544,-11.499,meta-llama/Llama-3.2-1B-Instruct,"1769859895.544, 1769859895.673, 1769859895.674, 1769859895.676, 1769859895.677"
1.0,0,1769859895.8523,13.6663,27,32,59,0.0672,0.0862,0.1107,1.0,0.0,99.59,1.2755,12.7336,12.7336,5235.268,1769859910.7954853,11.39,260,2282,0.287,15,1,0,8.17,15.0,0,2560,1769859895.544,-11.499,meta-llama/Llama-3.2-1B-Instruct,"1769859895.544, 1769859895.673, 1769859895.674, 1769859895.676, 1769859895.677"
1.0,0,1769859895.9987,13.5916,27,32,59,0.0587,0.089,0.112,1.0,0.0,99.59,1.2567,12.6504,12.6504,5247.9184,1769859910.8573995,11.39,260,2283,0.287,15,0,0,8.17,15.0,0,2560,1769859895.544,-11.499,meta-llama/Llama-3.2-1B-Instruct,"1769859895.544, 1769859895.673, 1769859895.674, 1769859895.676, 1769859895.677"
1.0,0,1769859896.0092,13.6503,27,33,60,0.0681,0.0929,0.1131,1.0,0.0,99.59,1.2634,12.7184,12.7184,5260.6368,1769859910.9295042,11.38,260,2284,0.286,14,0,0,8.17,15.0,0,2560,1769859895.544,-11.499,meta-llama/Llama-3.2-1B-Instruct,"1769859895.544, 1769859895.673, 1769859895.674, 1769859895.676, 1769859895.677"
1.0,0,1769859896.3099,13.3982,27,32,59,0.097,0.0886,0.1152,1.0,0.0,99.59,1.3499,12.4952,12.4952,5273.132,1769859911.060217,11.38,260,2285,0.285,13,0,0,8.17,15.0,0,2560,1769859895.544,-11.499,meta-llama/Llama-3.2-1B-Instruct,"1769859895.544, 1769859895.673, 1769859895.674, 1769859895.676, 1769859895.677"
1.0,0,1769859896.4295,14.2234,27,11,38,0.0935,0.0686,0.0686,1.0,0.0,99.59,0.5633,13.3169,13.3169,5286.4489,1769859911.2213168,11.37,260,2286,0.29,19,0,0,8.17,15.0,0,2560,1769859895.544,-11.499,meta-llama/Llama-3.2-1B-Instruct,"1769859895.544, 1769859895.673, 1769859895.674, 1769859895.676, 1769859895.677"
1.0,0,1769859896.6267,14.508,27,0,27,,,,1.0,,,0.0879,13.5959,13.5959,5300.0448,1769859911.223285,11.37,260,2287,0.29,18,0,0,8.17,15.0,0,2560,1769859895.544,-11.499,meta-llama/Llama-3.2-1B-Instruct,"1769859895.544, 1769859895.673, 1769859895.674, 1769859895.676, 1769859895.677"
1.0,0,1769859896.3133,13.6337,27,32,59,0.1161,0.0837,0.1143,1.0,0.0,99.59,1.5681,12.7498,12.7498,5325.5474,1769859911.5201797,11.36,260,2289,0.287,15,0,0,8.17,15.0,0,2560,1769859895.544,-11.499,meta-llama/Llama-3.2-1B-Instruct,"1769859895.544, 1769859895.673, 1769859895.674, 1769859895.676, 1769859895.677"
1.0,0,1769859896.3118,13.6309,27,32,59,0.122,0.0747,0.1289,1.0,0.0,99.59,1.5759,12.7528,12.7528,5325.5474,1769859911.520367,11.36,260,2289,0.286,15,0,0,8.17,15.0,0,2560,1769859895.544,-11.499,meta-llama/Llama-3.2-1B-Instruct,"1769859895.544, 1769859895.673, 1769859895.674, 1769859895.676, 1769859895.677"
1.0,0,1769859896.3161,13.7367,27,31,58,0.0693,0.074,0.1215,1.0,0.0,99.59,1.5,12.806,12.806,5338.3534,1769859911.553916,11.35,260,2290,0.287,15,1,0,8.17,15.0,0,2560,1769859895.544,-11.499,meta-llama/Llama-3.2-1B-Instruct,"1769859895.544, 1769859895.673, 1769859895.674, 1769859895.676, 1769859895.677"
1.0,0,1769859896.3587,13.7455,27,32,59,0.1078,0.0768,0.0968,1.0,0.0,99.59,1.4764,12.8533,12.8533,5363.9998,1769859911.583828,11.35,260,2292,0.288,16,0,0,8.17,15.0,0,2560,1769859895.544,-11.499,meta-llama/Llama-3.2-1B-Instruct,"1769859895.544, 1769859895.673, 1769859895.674, 1769859895.676, 1769859895.677"
1.0,0,1769859896.4239,13.7429,27,32,59,0.0502,0.0699,0.0999,1.0,0.0,99.59,1.4164,12.7931,12.7931,5363.9998,1769859911.5841687,11.34,260,2292,0.288,17,0,0,8.17,15.0,0,2560,1769859895.544,-11.499,meta-llama/Llama-3.2-1B-Instruct,"1769859895.544, 1769859895.673, 1769859895.674, 1769859895.676, 1769859895.677"
1.0,0,1769859896.4253,13.8108,27,32,59,0.0756,0.0747,0.0747,1.0,0.0,99.59,1.3929,12.8864,12.8864,5376.8862,1769859911.6343246,11.34,260,2293,0.288,17,0,0,8.17,15.0,0,2560,1769859895.544,-11.499,meta-llama/Llama-3.2-1B-Instruct,"1769859895.544, 1769859895.673, 1769859895.674, 1769859895.676, 1769859895.677"
1.0,0,1769859896.4267,13.8711,27,32,59,0.0944,0.0701,0.072,1.0,0.0,99.59,1.3558,12.9655,12.9655,5389.8517,1769859911.6559203,11.33,260,2294,0.288,18,0,0,8.17,15.0,0,2560,1769859895.544,-11.499,meta-llama/Llama-3.2-1B-Instruct,"1769859895.544, 1769859895.673, 1769859895.674, 1769859895.676, 1769859895.677"
1.0,0,1769859896.4281,13.9393,27,32,59,0.0839,0.0747,0.0812,1.0,0.0,99.59,1.3014,13.0232,13.0232,5416.3555,1769859911.6791193,11.33,260,2296,0.288,18,0,0,8.17,15.0,0,2560,1769859895.544,-11.499,meta-llama/Llama-3.2-1B-Instruct,"1769859895.544, 1769859895.673, 1769859895.674, 1769859895.676, 1769859895.677"
1.0,0,1769859896.5788,14.3898,27,16,43,0.0908,0.0755,0.0755,1.0,0.0,99.59,0.7006,13.4806,13.4806,5416.3555,1769859911.6822352,11.32,260,2296,0.29,17,0,0,8.17,15.0,0,2560,1769859895.544,-11.499,meta-llama/Llama-3.2-1B-Instruct,"1769859895.544, 1769859895.673, 1769859895.674, 1769859895.676, 1769859895.677"
1.0,0,1769859896.5649,14.3453,27,32,59,0.0719,0.0701,0.0738,1.0,0.0,99.59,1.3151,13.4172,13.4172,5429.7727,1769859912.226577,11.32,260,2297,0.29,18,0,0,8.17,15.0,0,2627,1769859898.427,-13.619,meta-llama/Llama-3.2-1B-Instruct,"1769859898.427, 1769859898.429, 1769859898.505, 1769859898.561, 1769859898.563"
1.0,0,1769859896.6283,14.5715,27,32,59,0.0943,0.063,0.0671,1.0,0.0,99.59,1.3192,13.6658,13.6658,5443.4385,1769859912.5197716,11.31,260,2298,0.291,18,0,0,8.17,15.0,0,2627,1769859898.427,-13.619,meta-llama/Llama-3.2-1B-Instruct,"1769859898.427, 1769859898.429, 1769859898.505, 1769859898.561, 1769859898.563"
1.0,0,1769859896.6298,14.748,27,32,59,0.0763,0.0699,0.0736,1.0,0.0,99.6,1.2754,13.8243,13.8243,5457.2628,1769859912.6620212,11.31,260,2299,0.292,18,0,0,8.17,15.0,0,2627,1769859898.427,-13.619,meta-llama/Llama-3.2-1B-Instruct,"1769859898.427, 1769859898.429, 1769859898.505, 1769859898.561, 1769859898.563"
1.0,0,1769859896.7971,14.6415,27,32,59,0.0754,0.0643,0.0661,1.0,0.0,99.6,1.254,13.7169,13.7169,5470.9797,1769859912.6939294,11.3,260,2300,0.292,18,0,0,8.17,15.0,0,2627,1769859898.427,-13.619,meta-llama/Llama-3.2-1B-Instruct,"1769859898.427, 1769859898.429, 1769859898.505, 1769859898.561, 1769859898.563"
1.0,0,1769859896.8034,14.9021,27,32,59,0.0812,0.0667,0.0788,1.0,0.0,99.6,1.4016,13.9833,13.9833,5484.963,1769859913.115189,11.3,260,2301,0.288,11,0,0,8.17,15.0,0,2627,1769859898.427,-13.619,meta-llama/Llama-3.2-1B-Instruct,"1769859898.427, 1769859898.429, 1769859898.505, 1769859898.561, 1769859898.563"
1.0,0,1769859896.9561,14.8087,27,32,59,0.0645,0.0666,0.0692,1.0,0.0,99.6,1.3712,13.8732,13.8732,5498.8362,1769859913.1439657,11.29,260,2302,0.288,11,0,0,8.17,15.0,0,2627,1769859898.427,-13.619,meta-llama/Llama-3.2-1B-Instruct,"1769859898.427, 1769859898.429, 1769859898.505, 1769859898.561, 1769859898.563"
1.0,0,1769859897.0321,14.8089,27,32,59,0.0615,0.0678,0.0752,1.0,0.0,99.6,1.3624,13.8704,13.8704,5512.7067,1769859913.2070355,11.29,260,2303,0.288,12,0,0,8.17,15.0,0,2627,1769859898.427,-13.619,meta-llama/Llama-3.2-1B-Instruct,"1769859898.427, 1769859898.429, 1769859898.505, 1769859898.561, 1769859898.563"
1.0,0,1769859897.1724,14.7471,27,32,59,0.0576,0.0753,0.0815,1.0,0.0,99.6,1.3992,13.8047,13.8047,5526.5114,1769859913.3196132,11.28,260,2304,0.289,14,0,0,8.17,15.0,0,2627,1769859898.427,-13.619,meta-llama/Llama-3.2-1B-Instruct,"1769859898.427, 1769859898.429, 1769859898.505, 1769859898.561, 1769859898.563"
1.0,0,1769859897.2911,14.6939,27,31,58,0.0786,0.0731,0.0795,1.0,0.0,99.6,1.4594,13.7725,13.7725,5540.2839,1769859913.4489179,11.28,260,2305,0.29,14,0,0,8.17,15.0,0,2627,1769859898.427,-13.619,meta-llama/Llama-3.2-1B-Instruct,"1769859898.427, 1769859898.429, 1769859898.505, 1769859898.561, 1769859898.563"
1.0,0,1769859897.3657,14.6867,27,32,59,0.0534,0.0744,0.0802,1.0,0.0,99.6,1.4607,13.7401,13.7401,5554.024,1769859913.5178556,11.27,260,2306,0.29,15,0,0,8.17,15.0,0,2627,1769859898.427,-13.619,meta-llama/Llama-3.2-1B-Instruct,"1769859898.427, 1769859898.429, 1769859898.505, 1769859898.561, 1769859898.563"
1.0,0,1769859897.4272,14.7119,27,32,59,0.0843,0.0772,0.0777,1.0,0.0,99.6,1.4285,13.7962,13.7962,5567.8202,1769859913.5753152,11.27,260,2307,0.291,17,0,0,8.17,15.0,0,2627,1769859898.427,-13.619,meta-llama/Llama-3.2-1B-Instruct,"1769859898.427, 1769859898.429, 1769859898.505, 1769859898.561, 1769859898.563"
1.0,0,1769859897.4287,14.7674,27,32,59,0.0786,0.0759,0.0781,1.0,0.0,99.6,1.4153,13.846,13.846,5581.6662,1769859913.6129966,11.27,260,2308,0.292,17,0,0,8.17,15.0,0,2627,1769859898.427,-13.619,meta-llama/Llama-3.2-1B-Instruct,"1769859898.427, 1769859898.429, 1769859898.505, 1769859898.561, 1769859898.563"
1.0,0,1769859897.505,14.8221,27,32,59,0.1061,0.0778,0.0791,1.0,0.0,99.6,1.4009,13.9282,13.9282,5609.4679,1769859913.7333126,11.26,260,2310,0.292,17,0,0,8.17,15.0,0,2627,1769859898.427,-13.619,meta-llama/Llama-3.2-1B-Instruct,"1769859898.427, 1769859898.429, 1769859898.505, 1769859898.561, 1769859898.563"
1.0,0,1769859897.5612,14.7847,27,32,59,0.0888,0.0738,0.0786,1.0,0.0,99.6,1.3752,13.8735,13.8735,5609.4679,1769859913.736004,11.26,260,2310,0.292,18,0,0,8.17,15.0,0,2627,1769859898.427,-13.619,meta-llama/Llama-3.2-1B-Instruct,"1769859898.427, 1769859898.429, 1769859898.505, 1769859898.561, 1769859898.563"
1.0,0,1769859897.5628,15.0758,27,32,59,0.094,0.0807,0.1093,1.0,0.0,99.6,1.4511,14.1698,14.1698,5623.6377,1769859914.091865,11.25,260,2311,0.293,19,0,0,8.17,15.0,0,2627,1769859898.427,-13.619,meta-llama/Llama-3.2-1B-Instruct,"1769859898.427, 1769859898.429, 1769859898.505, 1769859898.561, 1769859898.563"
1.0,0,1769859897.884,15.4074,27,18,45,0.0816,0.1139,0.1139,1.0,0.0,99.6,0.8585,14.4891,14.4891,5652.3587,1769859914.1539195,11.25,260,2313,0.294,17,0,0,8.17,15.0,0,2627,1769859898.427,-13.619,meta-llama/Llama-3.2-1B-Instruct,"1769859898.427, 1769859898.429, 1769859898.505, 1769859898.561, 1769859898.563"
1.0,0,1769859897.6233,15.1424,27,32,59,0.0894,0.075,0.1077,1.0,0.0,99.6,1.3851,14.2319,14.2319,5652.3587,1769859914.154172,11.24,260,2313,0.293,18,0,0,8.17,15.0,0,2627,1769859898.427,-13.619,meta-llama/Llama-3.2-1B-Instruct,"1769859898.427, 1769859898.429, 1769859898.505, 1769859898.561, 1769859898.563"
1.0,0,1769859897.7097,15.1247,27,32,59,0.0701,0.0781,0.1065,1.0,0.0,99.6,1.3511,14.1948,14.1948,5666.5535,1769859914.1880844,11.24,260,2314,0.293,18,0,0,8.17,15.0,0,2627,1769859898.427,-13.619,meta-llama/Llama-3.2-1B-Instruct,"1769859898.427, 1769859898.429, 1769859898.505, 1769859898.561, 1769859898.563"
1.0,0,1769859897.7114,15.51,27,32,59,0.0914,0.0835,0.1029,1.0,0.0,99.6,1.4469,14.6014,14.6014,5681.1548,1769859914.6765683,11.23,260,2315,0.294,17,0,0,8.17,15.0,0,2627,1769859898.427,-13.619,meta-llama/Llama-3.2-1B-Instruct,"1769859898.427, 1769859898.429, 1769859898.505, 1769859898.561, 1769859898.563"
1.0,0,1769859897.8856,15.4678,27,32,59,0.0927,0.0802,0.106,1.0,0.0,99.6,1.3736,14.5605,14.5605,5695.7154,1769859914.7355492,11.23,260,2316,0.294,17,0,0,8.17,15.0,0,2627,1769859898.427,-13.619,meta-llama/Llama-3.2-1B-Instruct,"1769859898.427, 1769859898.429, 1769859898.505, 1769859898.561, 1769859898.563"
1.0,0,1769859897.8871,15.5276,27,32,59,0.0923,0.0765,0.1077,1.0,0.0,99.6,1.3544,14.6199,14.6199,5710.3353,1769859914.7700124,11.22,260,2317,0.294,18,0,0,8.17,15.0,0,2627,1769859898.427,-13.619,meta-llama/Llama-3.2-1B-Instruct,"1769859898.427, 1769859898.429, 1769859898.505, 1769859898.561, 1769859898.563"
1.0,0,1769859898.1856,15.6219,27,32,59,0.0766,0.1051,0.4244,1.0,0.0,99.6,1.4901,14.6985,14.6985,5769.2364,1769859915.3261974,11.21,260,2321,0.293,16,0,0,8.17,15.0,0,2627,1769859898.427,-13.619,meta-llama/Llama-3.2-1B-Instruct,"1769859898.427, 1769859898.429, 1769859898.505, 1769859898.561, 1769859898.563"
1.0,0,1769859898.0651,15.5634,27,32,59,0.1039,0.1139,0.4281,1.0,0.0,99.6,1.6638,14.6673,14.6673,5769.2364,1769859915.3462055,11.22,260,2321,0.294,16,0,0,8.17,15.0,0,2627,1769859898.427,-13.619,meta-llama/Llama-3.2-1B-Instruct,"1769859898.427, 1769859898.429, 1769859898.505, 1769859898.561, 1769859898.563"
1.0,0,1769859898.1887,15.7596,27,32,59,0.0621,0.0758,0.4365,1.0,0.0,99.6,1.3776,14.8218,14.8218,5769.2364,1769859915.3568294,11.2,260,2321,0.294,17,0,0,8.17,15.0,0,2627,1769859898.427,-13.619,meta-llama/Llama-3.2-1B-Instruct,"1769859898.427, 1769859898.429, 1769859898.505, 1769859898.561, 1769859898.563"
1.0,0,1769859898.2672,15.7451,27,32,59,0.067,0.0804,0.4355,1.0,0.0,99.6,1.3736,14.8121,14.8121,5798.8576,1769859915.4092858,11.2,260,2323,0.295,19,0,0,8.17,15.0,0,2627,1769859898.427,-13.619,meta-llama/Llama-3.2-1B-Instruct,"1769859898.427, 1769859898.429, 1769859898.505, 1769859898.561, 1769859898.563"
1.0,0,1769859898.0788,15.623,27,32,59,0.0904,0.1097,0.4212,1.0,0.0,99.6,1.6125,14.7135,14.7135,5828.9734,1769859915.43916,11.21,260,2325,0.294,16,0,0,8.17,15.0,0,2627,1769859898.427,-13.619,meta-llama/Llama-3.2-1B-Instruct,"1769859898.427, 1769859898.429, 1769859898.505, 1769859898.561, 1769859898.563"
1.0,0,1769859898.2702,16.0097,27,32,59,0.0765,0.081,0.481,1.0,0.0,99.6,1.1403,15.0863,15.0863,5828.9734,1769859915.45139,11.19,260,2325,0.295,16,0,0,8.17,15.0,0,2627,1769859898.427,-13.619,meta-llama/Llama-3.2-1B-Instruct,"1769859898.427, 1769859898.429, 1769859898.505, 1769859898.561, 1769859898.563"
1.0,0,1769859898.2687,15.9396,27,32,59,0.0899,0.0758,0.4619,1.0,0.0,99.6,1.225,15.0295,15.0295,5858.8495,1769859915.487226,11.18,260,2327,0.294,16,0,0,8.17,15.0,0,2627,1769859898.427,-13.619,meta-llama/Llama-3.2-1B-Instruct,"1769859898.427, 1769859898.429, 1769859898.505, 1769859898.561, 1769859898.563"
1.0,0,1769859898.5606,15.8595,27,32,59,0.078,0.0535,0.5611,1.0,0.0,99.6,1.0402,14.9375,14.9375,5858.8495,1769859915.487625,11.18,260,2327,0.295,18,0,0,8.17,15.0,0,2627,1769859898.427,-13.619,meta-llama/Llama-3.2-1B-Instruct,"1769859898.427, 1769859898.429, 1769859898.505, 1769859898.561, 1769859898.563"
1.0,0,1769859898.1872,15.6984,27,32,59,0.1108,0.0844,0.4708,1.0,0.0,99.6,1.5169,14.8092,14.8092,5858.8495,1769859915.4921534,11.19,260,2327,0.294,16,0,0,8.17,15.0,0,2627,1769859898.427,-13.619,meta-llama/Llama-3.2-1B-Instruct,"1769859898.427, 1769859898.429, 1769859898.505, 1769859898.561, 1769859898.563"
1.0,0,1769859898.5014,15.8454,27,32,59,0.0932,0.1604,0.4273,1.0,0.0,99.6,1.1323,14.9386,14.9386,5858.8495,1769859915.492404,11.17,260,2327,0.295,17,0,0,8.17,15.0,0,2627,1769859898.427,-13.619,meta-llama/Llama-3.2-1B-Instruct,"1769859898.427, 1769859898.429, 1769859898.505, 1769859898.561, 1769859898.563"
1.0,0,1769859898.738,16.0898,27,32,59,0.4531,0.0761,0.0911,1.0,0.0,99.6,0.8822,15.5429,15.5429,5874.3924,1769859915.7215765,11.17,260,2328,0.297,17,0,0,8.17,15.0,0,2627,1769859898.427,-13.619,meta-llama/Llama-3.2-1B-Instruct,"1769859898.427, 1769859898.429, 1769859898.505, 1769859898.561, 1769859898.563"
1.0,0,1769859898.7529,16.6986,27,32,59,0.0992,0.067,0.0673,1.0,0.0,99.6,1.2701,15.7978,15.7978,5890.1901,1769859916.7223427,11.16,260,2329,0.297,17,0,0,8.17,15.0,0,2627,1769859898.427,-13.619,meta-llama/Llama-3.2-1B-Instruct,"1769859898.427, 1769859898.429, 1769859898.505, 1769859898.561, 1769859898.563"
1.0,0,1769859898.8017,16.7686,27,32,59,0.0659,0.0692,0.0717,1.0,0.0,99.6,1.2168,15.8346,15.8346,5906.0247,1769859916.78984,11.16,260,2330,0.294,9,0,0,8.17,15.0,0,2627,1769859898.427,-13.619,meta-llama/Llama-3.2-1B-Instruct,"1769859898.427, 1769859898.429, 1769859898.505, 1769859898.561, 1769859898.563"
1.0,0,1769859898.8032,16.8362,27,32,59,0.0757,0.0684,0.0708,1.0,0.0,99.6,1.2105,15.912,15.912,5921.9366,1769859916.8513298,11.15,260,2331,0.294,10,0,0,8.17,15.0,0,2627,1769859898.427,-13.619,meta-llama/Llama-3.2-1B-Instruct,"1769859898.427, 1769859898.429, 1769859898.505, 1769859898.561, 1769859898.563"
1.0,0,1769859898.8046,16.9063,27,31,58,0.0662,0.0671,0.0754,1.0,0.0,99.6,1.1974,15.9725,15.9725,5937.9091,1769859916.9204137,11.15,260,2332,0.295,10,0,0,8.17,15.0,0,2627,1769859898.427,-13.619,meta-llama/Llama-3.2-1B-Instruct,"1769859898.427, 1769859898.429, 1769859898.505, 1769859898.561, 1769859898.563"
1.0,0,1769859898.8202,16.9596,27,32,59,0.0667,0.068,0.0708,1.0,0.0,99.6,1.2655,16.0263,16.0263,5953.9354,1769859917.0498927,11.14,260,2333,0.294,10,0,0,8.17,15.0,0,2627,1769859898.427,-13.619,meta-llama/Llama-3.2-1B-Instruct,"1769859898.427, 1769859898.429, 1769859898.505, 1769859898.561, 1769859898.563"
1.0,0,1769859898.8671,17.0952,27,32,59,0.0809,0.0691,0.0705,1.0,0.0,99.6,1.4332,16.1761,16.1761,5985.5488,1769859917.4027817,11.14,260,2335,0.295,12,0,0,8.17,15.0,0,2716,1769859901.543,-15.547,meta-llama/Llama-3.2-1B-Instruct,"1769859901.543, 1769859901.558, 1769859901.610, 1769859901.624, 1769859901.677"
1.0,0,1769859899.6087,16.3605,27,32,59,0.0767,0.0787,0.08,1.0,0.0,99.6,1.4324,15.4373,15.4373,5985.5488,1769859917.4033985,11.13,260,2335,0.296,12,0,0,8.17,15.0,0,2716,1769859901.543,-15.547,meta-llama/Llama-3.2-1B-Instruct,"1769859901.543, 1769859901.558, 1769859901.610, 1769859901.624, 1769859901.677"
1.0,0,1769859899.6767,16.3517,27,32,59,0.0726,0.076,0.0811,1.0,0.0,99.6,1.4022,15.4243,15.4243,6000.973,1769859917.4315038,11.13,260,2336,0.296,12,0,0,8.17,15.0,0,2716,1769859901.543,-15.547,meta-llama/Llama-3.2-1B-Instruct,"1769859901.543, 1769859901.558, 1769859901.610, 1769859901.624, 1769859901.677"
1.0,0,1769859899.7467,16.3346,27,32,59,0.0865,0.0684,0.0721,1.0,0.0,99.6,1.3737,15.4211,15.4211,6016.3942,1769859917.4617388,11.13,260,2337,0.297,14,0,0,8.17,15.0,0,2716,1769859901.543,-15.547,meta-llama/Llama-3.2-1B-Instruct,"1769859901.543, 1769859901.558, 1769859901.610, 1769859901.624, 1769859901.677"
1.0,0,1769859899.8106,16.3303,27,32,59,0.0647,0.0773,0.0859,1.0,0.0,99.6,1.3543,15.395,15.395,6031.7891,1769859917.4972758,11.12,260,2338,0.297,15,1,0,8.17,15.0,0,2716,1769859901.543,-15.547,meta-llama/Llama-3.2-1B-Instruct,"1769859901.543, 1769859901.558, 1769859901.610, 1769859901.624, 1769859901.677"
1.0,0,1769859899.812,16.4129,27,32,59,0.1039,0.067,0.0788,1.0,0.0,99.6,1.3037,15.5168,15.5168,6062.8279,1769859917.5317063,11.12,260,2340,0.298,17,0,0,8.17,15.0,0,2716,1769859901.543,-15.547,meta-llama/Llama-3.2-1B-Instruct,"1769859901.543, 1769859901.558, 1769859901.610, 1769859901.624, 1769859901.677"
1.0,0,1769859899.8134,16.4666,27,32,59,0.0553,0.0737,0.0753,1.0,0.0,99.6,1.2511,15.5219,15.5219,6062.8279,1769859917.5320354,11.11,260,2340,0.299,17,0,0,8.17,15.0,0,2716,1769859901.543,-15.547,meta-llama/Llama-3.2-1B-Instruct,"1769859901.543, 1769859901.558, 1769859901.610, 1769859901.624, 1769859901.677"
1.0,0,1769859899.886,16.4668,27,32,59,0.0895,0.0731,0.0757,1.0,0.0,99.6,1.2094,15.5563,15.5563,6078.3842,1769859917.56383,11.11,260,2341,0.299,19,0,0,8.17,15.0,0,2716,1769859901.543,-15.547,meta-llama/Llama-3.2-1B-Instruct,"1769859901.543, 1769859901.558, 1769859901.610, 1769859901.624, 1769859901.677"
1.0,0,1769859900.2362,16.7285,27,18,45,0.085,0.0762,0.0762,1.0,0.0,99.6,0.7059,15.8135,15.8135,6094.1977,1769859917.6798434,11.1,260,2342,0.3,16,0,0,8.17,15.0,0,2716,1769859901.543,-15.547,meta-llama/Llama-3.2-1B-Instruct,"1769859901.543, 1769859901.558, 1769859901.610, 1769859901.624, 1769859901.677"
1.0,0,1769859899.9526,16.9462,27,32,59,0.0806,0.0684,0.082,1.0,0.0,99.6,1.2443,16.0267,16.0267,6110.2244,1769859918.1478956,11.1,260,2343,0.301,17,0,0,8.17,15.0,0,2716,1769859901.543,-15.547,meta-llama/Llama-3.2-1B-Instruct,"1769859901.543, 1769859901.558, 1769859901.610, 1769859901.624, 1769859901.677"
1.0,0,1769859900.5419,16.5942,27,32,59,0.1038,0.072,0.0779,1.0,0.0,99.6,1.2447,15.6979,15.6979,6157.3965,1769859918.3869033,11.09,260,2346,0.301,17,0,0,8.17,15.0,0,2716,1769859901.543,-15.547,meta-llama/Llama-3.2-1B-Instruct,"1769859901.543, 1769859901.558, 1769859901.610, 1769859901.624, 1769859901.677"
1.0,0,1769859900.4637,16.6669,27,34,61,0.1075,0.0698,0.0747,1.0,0.0,99.6,1.2461,15.7743,15.7743,6157.3965,1769859918.3871253,11.09,260,2346,0.301,17,0,0,8.17,15.0,0,2716,1769859901.543,-15.547,meta-llama/Llama-3.2-1B-Instruct,"1769859901.543, 1769859901.558, 1769859901.610, 1769859901.624, 1769859901.677"
200.0,1,1769859705.987,172.2923,2801,1026,3827,1.9787,0.0723,0.1137,200.0,0.0,99.6,40.3628,12.6551,12.6551,6246.7321,1769859918.6580615,11.07,260,2353,0.134,13,1,0,7.52,15.0,0,2716,1769859901.543,-15.547,meta-llama/Llama-3.2-1B-Instruct,"1769859901.543, 1769859901.558, 1769859901.610, 1769859901.624, 1769859901.677"
200.0,1,1769859705.8841,172.0376,3069,1031,4100,2.3379,0.073,0.1084,200.0,0.0,99.6,40.723,12.7606,12.7606,6246.7321,1769859918.661149,11.06,260,2353,0.074,9,0,0,7.33,15.0,0,2716,1769859901.543,-15.547,meta-llama/Llama-3.2-1B-Instruct,"1769859901.543, 1769859901.558, 1769859901.610, 1769859901.624, 1769859901.677"
200.0,1,1769859705.7785,171.4039,3966,1029,4995,0.7778,0.0728,0.1075,200.0,0.0,99.6,41.4602,12.8641,12.8641,6246.7321,1769859918.664576,11.07,260,2353,0.035,4,0,0,7.33,15.0,0,2716,1769859901.543,-15.547,meta-llama/Llama-3.2-1B-Instruct,"1769859901.543, 1769859901.558, 1769859901.610, 1769859901.624, 1769859901.677"
200.0,1,1769859705.8142,172.0315,3025,1026,4051,0.8065,0.0709,0.1069,200.0,0.0,99.6,40.7957,12.8273,12.8273,6246.7321,1769859918.664983,11.08,260,2353,0.074,9,0,0,7.33,15.0,0,2716,1769859901.543,-15.547,meta-llama/Llama-3.2-1B-Instruct,"1769859901.543, 1769859901.558, 1769859901.610, 1769859901.624, 1769859901.677"
200.0,1,1769859705.957,172.1603,3653,1027,4680,2.1379,0.0735,0.1042,200.0,0.0,99.6,40.5268,12.6871,12.6871,6246.7321,1769859918.6653895,11.06,260,2353,0.134,13,1,0,7.52,15.0,0,2716,1769859901.543,-15.547,meta-llama/Llama-3.2-1B-Instruct,"1769859901.543, 1769859901.558, 1769859901.610, 1769859901.624, 1769859901.677"
200.0,1,1769859705.921,172.0594,4467,1025,5492,2.2859,0.0712,0.103,200.0,0.0,99.6,40.6728,12.7322,12.7322,6246.7321,1769859918.6765726,11.05,260,2353,0.134,13,1,0,7.52,15.0,0,2716,1769859901.543,-15.547,meta-llama/Llama-3.2-1B-Instruct,"1769859901.543, 1769859901.558, 1769859901.610, 1769859901.624, 1769859901.677"
200.0,1,1769859705.8473,172.0377,3283,1025,4308,0.7655,0.0732,0.1064,200.0,0.0,99.6,40.7714,12.8091,12.8091,6246.7321,1769859918.6778748,11.05,260,2353,0.074,9,0,0,7.33,15.0,0,2716,1769859901.543,-15.547,meta-llama/Llama-3.2-1B-Instruct,"1769859901.543, 1769859901.558, 1769859901.610, 1769859901.624, 1769859901.677"
1.0,0,1769859900.5578,17.0312,27,32,59,0.0812,0.0763,0.0832,1.0,0.0,99.6,1.2662,16.1124,16.1124,6278.9602,1769859918.857093,11.05,260,2355,0.299,12,0,0,8.17,15.0,0,2716,1769859901.543,-15.547,meta-llama/Llama-3.2-1B-Instruct,"1769859901.543, 1769859901.558, 1769859901.610, 1769859901.624, 1769859901.677"
1.0,0,1769859900.6099,17.0514,27,29,56,0.0644,0.0691,0.0889,1.0,0.0,99.61,1.1951,16.1158,16.1158,6278.9602,1769859918.8572967,11.04,260,2355,0.299,12,0,0,8.17,15.0,0,2716,1769859901.543,-15.547,meta-llama/Llama-3.2-1B-Instruct,"1769859901.543, 1769859901.558, 1769859901.610, 1769859901.624, 1769859901.677"
1.0,0,1769859900.6237,17.1164,27,32,59,0.0632,0.0783,0.0905,1.0,0.0,99.61,1.18,16.1795,16.1795,6295.1398,1769859918.942396,11.04,260,2356,0.299,13,0,0,8.17,15.0,0,2716,1769859901.543,-15.547,meta-llama/Llama-3.2-1B-Instruct,"1769859901.543, 1769859901.558, 1769859901.610, 1769859901.624, 1769859901.677"
1.0,0,1769859900.6768,17.1341,27,32,59,0.0757,0.0745,0.089,1.0,0.0,99.61,1.1463,16.2099,16.2099,6311.3496,1769859918.9630418,11.03,260,2357,0.299,13,0,0,8.17,15.0,0,2716,1769859901.543,-15.547,meta-llama/Llama-3.2-1B-Instruct,"1769859901.543, 1769859901.558, 1769859901.610, 1769859901.624, 1769859901.677"
1.0,0,1769859900.7383,17.1484,27,32,59,0.0819,0.0795,0.0889,1.0,0.0,99.61,1.1313,16.2304,16.2304,6327.58,1769859919.0213459,11.03,260,2358,0.3,14,0,0,8.17,15.0,0,2716,1769859901.543,-15.547,meta-llama/Llama-3.2-1B-Instruct,"1769859901.543, 1769859901.558, 1769859901.610, 1769859901.624, 1769859901.677"
1.0,0,1769859900.74,17.2103,27,32,59,0.0534,0.0685,0.0907,1.0,0.0,99.61,1.0868,16.2637,16.2637,6343.8437,1769859919.047495,11.02,260,2359,0.302,16,0,0,8.17,15.0,0,2716,1769859901.543,-15.547,meta-llama/Llama-3.2-1B-Instruct,"1769859901.543, 1769859901.558, 1769859901.610, 1769859901.624, 1769859901.677"
1.0,0,1769859900.7958,17.2328,27,32,59,0.0842,0.0686,0.0836,1.0,0.0,99.61,1.0664,16.317,16.317,6360.1606,1769859919.0977407,11.02,260,2360,0.302,17,0,0,8.17,15.0,0,2716,1769859901.543,-15.547,meta-llama/Llama-3.2-1B-Instruct,"1769859901.543, 1769859901.558, 1769859901.610, 1769859901.624, 1769859901.677"
1.0,0,1769859900.8811,17.2163,27,32,59,0.1115,0.0701,0.0937,1.0,0.0,99.61,1.0701,16.3278,16.3278,6376.4885,1769859919.1684947,11.01,260,2361,0.303,17,0,0,8.17,15.0,0,2716,1769859901.543,-15.547,meta-llama/Llama-3.2-1B-Instruct,"1769859901.543, 1769859901.558, 1769859901.610, 1769859901.624, 1769859901.677"
1.0,0,1769859900.8922,17.292,27,32,59,0.0936,0.0648,0.0825,1.0,0.0,99.61,1.0363,16.3855,16.3855,6392.874,1769859919.2234054,11.01,260,2362,0.302,17,1,0,8.17,15.0,0,2716,1769859901.543,-15.547,meta-llama/Llama-3.2-1B-Instruct,"1769859901.543, 1769859901.558, 1769859901.610, 1769859901.624, 1769859901.677"
1.0,0,1769859901.0073,17.3375,27,32,59,0.1021,0.0734,0.0761,1.0,0.0,99.61,1.0021,16.4396,16.4396,6409.3136,1769859919.3612783,11.0,260,2363,0.303,18,0,0,8.17,15.0,0,2716,1769859901.543,-15.547,meta-llama/Llama-3.2-1B-Instruct,"1769859901.543, 1769859901.558, 1769859901.610, 1769859901.624, 1769859901.677"
1.0,0,1769859901.0761,17.4605,27,33,60,0.1396,0.0584,0.0657,1.0,0.0,99.61,0.9324,16.6001,16.6001,6442.5129,1769859919.4718127,11.0,260,2365,0.303,17,0,0,8.17,15.0,0,2716,1769859901.543,-15.547,meta-llama/Llama-3.2-1B-Instruct,"1769859901.543, 1769859901.558, 1769859901.610, 1769859901.624, 1769859901.677"
1.0,0,1769859901.0778,17.5293,27,32,59,0.0699,0.0588,0.0606,1.0,0.0,99.61,0.8632,16.5992,16.5992,6442.5129,1769859919.47198,10.99,260,2365,0.303,17,0,0,8.17,15.0,0,2716,1769859901.543,-15.547,meta-llama/Llama-3.2-1B-Instruct,"1769859901.543, 1769859901.558, 1769859901.610, 1769859901.624, 1769859901.677"
1.0,0,1769859901.0794,17.592,27,32,59,0.0528,0.0606,0.0637,1.0,0.0,99.61,0.8121,16.6448,16.6448,6459.1577,1769859919.4845881,10.99,260,2366,0.005,11,1,0,8.17,15.0,0,2716,1769859901.543,-15.547,meta-llama/Llama-3.2-1B-Instruct,"1769859901.543, 1769859901.558, 1769859901.610, 1769859901.624, 1769859901.677"
1.0,0,1769859902.0047,17.0949,27,14,41,0.1042,0.0589,0.0589,1.0,0.0,99.61,0.4267,16.1991,16.1991,6475.3568,1769859919.5287476,10.98,260,2367,0.005,9,1,0,8.17,15.0,0,2716,1769859901.543,-15.547,meta-llama/Llama-3.2-1B-Instruct,"1769859901.543, 1769859901.558, 1769859901.610, 1769859901.624, 1769859901.677"
1.0,0,1769859901.0808,17.7467,27,32,59,0.0689,0.0602,0.0606,1.0,0.0,99.61,0.8112,16.8157,16.8157,6492.1725,1769859919.6398478,10.98,260,2368,0.007,13,0,0,8.17,15.0,0,2716,1769859901.543,-15.547,meta-llama/Llama-3.2-1B-Instruct,"1769859901.543, 1769859901.558, 1769859901.610, 1769859901.624, 1769859901.677"
1.0,0,1769859901.587,17.3451,27,32,59,0.0856,0.0545,0.058,1.0,0.0,99.61,0.9026,16.4306,16.4306,6508.6031,1769859919.8355765,10.98,260,2369,0.006,12,0,0,8.17,15.0,0,2716,1769859901.543,-15.547,meta-llama/Llama-3.2-1B-Instruct,"1769859901.543, 1769859901.558, 1769859901.610, 1769859901.624, 1769859901.677"
1.0,0,1769859901.6703,17.3543,27,32,59,0.0712,0.0567,0.057,1.0,0.0,99.61,0.9361,16.4255,16.4255,6525.0286,1769859919.972633,10.97,260,2370,0.005,10,1,0,8.17,15.0,0,2716,1769859901.543,-15.547,meta-llama/Llama-3.2-1B-Instruct,"1769859901.543, 1769859901.558, 1769859901.610, 1769859901.624, 1769859901.677"
1.0,0,1769859902.0922,17.1136,27,29,56,0.0729,0.0541,0.0594,1.0,0.0,99.61,0.8219,16.1865,16.1865,6557.4044,1769859920.0310078,10.97,260,2372,0.005,10,0,0,8.17,15.0,0,2716,1769859901.543,-15.547,meta-llama/Llama-3.2-1B-Instruct,"1769859901.543, 1769859901.558, 1769859901.610, 1769859901.624, 1769859901.677"
1.0,0,1769859902.0137,17.1332,27,32,59,0.0561,0.0563,0.0575,1.0,0.0,99.61,0.8833,16.1893,16.1893,6557.4044,1769859920.0313647,10.96,260,2372,0.005,9,0,0,8.17,15.0,0,2716,1769859901.543,-15.547,meta-llama/Llama-3.2-1B-Instruct,"1769859901.543, 1769859901.558, 1769859901.610, 1769859901.624, 1769859901.677"
1.0,0,1769859902.0947,17.1715,27,32,59,0.0763,0.0527,0.0601,1.0,0.0,99.61,0.8882,16.2478,16.2478,6573.6522,1769859920.1564903,10.96,260,2373,0.004,9,0,0,8.17,15.0,0,2716,1769859901.543,-15.547,meta-llama/Llama-3.2-1B-Instruct,"1769859901.543, 1769859901.558, 1769859901.610, 1769859901.624, 1769859901.677"
1.0,0,1769859902.1734,17.162,27,32,59,0.0714,0.0529,0.0535,1.0,0.0,99.61,0.8598,16.2335,16.2335,6589.8857,1769859920.1987822,10.95,260,2374,0.005,10,1,0,8.17,15.0,0,2716,1769859901.543,-15.547,meta-llama/Llama-3.2-1B-Instruct,"1769859901.543, 1769859901.558, 1769859901.610, 1769859901.624, 1769859901.677"
1.0,0,1769859902.258,17.3141,27,32,59,0.1092,0.0551,0.0571,1.0,0.0,99.61,0.9754,16.4233,16.4233,6622.6672,1769859920.5617151,10.95,260,2376,0.005,11,0,0,8.17,15.0,0,2716,1769859901.543,-15.547,meta-llama/Llama-3.2-1B-Instruct,"1769859901.543, 1769859901.558, 1769859901.610, 1769859901.624, 1769859901.677"
1.0,0,1769859902.3215,17.2575,27,32,59,0.1006,0.0532,0.0541,1.0,0.0,99.61,0.9733,16.3582,16.3582,6622.6672,1769859920.5639434,10.94,260,2376,0.004,8,0,0,8.17,15.0,0,2716,1769859901.543,-15.547,meta-llama/Llama-3.2-1B-Instruct,"1769859901.543, 1769859901.558, 1769859901.610, 1769859901.624, 1769859901.677"
1.0,0,1769859902.417,17.1939,27,32,59,0.0697,0.0545,0.0555,1.0,0.0,99.61,0.9558,16.2636,16.2636,6655.2525,1769859920.5789897,10.94,260,2378,0.004,7,0,0,8.17,15.0,0,2716,1769859901.543,-15.547,meta-llama/Llama-3.2-1B-Instruct,"1769859901.543, 1769859901.558, 1769859901.610, 1769859901.624, 1769859901.677"
1.0,0,1769859902.4185,17.2567,27,32,59,0.065,0.0525,0.0631,1.0,0.0,99.61,0.9011,16.3217,16.3217,6655.2525,1769859920.579324,10.93,260,2378,0.004,9,0,0,8.17,15.0,0,2716,1769859901.543,-15.547,meta-llama/Llama-3.2-1B-Instruct,"1769859901.543, 1769859901.558, 1769859901.610, 1769859901.624, 1769859901.677"
1.0,0,1769859902.4199,17.2893,27,32,59,0.0772,0.0532,0.0567,1.0,0.0,99.61,0.8814,16.3665,16.3665,6671.619,1769859920.591517,10.93,260,2379,0.004,9,1,0,8.17,15.0,0,2716,1769859901.543,-15.547,meta-llama/Llama-3.2-1B-Instruct,"1769859901.543, 1769859901.558, 1769859901.610, 1769859901.624, 1769859901.677"
1.0,0,1769859902.4214,17.3832,27,32,59,0.0744,0.0548,0.0551,1.0,0.0,99.61,0.8753,16.4576,16.4576,6688.0766,1769859920.6830053,10.92,260,2380,0.005,11,0,0,8.17,15.0,0,2716,1769859901.543,-15.547,meta-llama/Llama-3.2-1B-Instruct,"1769859901.543, 1769859901.558, 1769859901.610, 1769859901.624, 1769859901.677"
1.0,0,1769859902.5045,17.3632,27,32,59,0.0651,0.0549,0.0551,1.0,0.0,99.61,0.8202,16.4282,16.4282,6704.5048,1769859920.6940875,10.92,260,2381,0.005,10,0,0,8.17,15.0,0,2716,1769859901.543,-15.547,meta-llama/Llama-3.2-1B-Instruct,"1769859901.543, 1769859901.558, 1769859901.610, 1769859901.624, 1769859901.677"
1.0,0,1769859902.9059,17.0296,27,32,59,0.079,0.0584,0.0606,1.0,0.0,99.61,0.7987,16.1086,16.1086,6720.6134,1769859920.7351825,10.92,260,2382,0.006,11,0,0,8.17,15.0,0,2716,1769859901.543,-15.547,meta-llama/Llama-3.2-1B-Instruct,"1769859901.543, 1769859901.558, 1769859901.610, 1769859901.624, 1769859901.677"
1.0,0,1769859903.3224,16.7565,27,32,59,0.0573,0.0558,0.0658,1.0,0.0,99.61,0.7119,15.8138,15.8138,6752.3996,1769859920.797174,10.91,260,2384,0.005,10,1,0,8.17,15.0,0,2716,1769859901.543,-15.547,meta-llama/Llama-3.2-1B-Instruct,"1769859901.543, 1769859901.558, 1769859901.610, 1769859901.624, 1769859901.677"
1.0,0,1769859903.1618,16.8542,27,32,59,0.1182,0.0592,0.0712,1.0,0.0,99.61,0.7743,15.9724,15.9724,6752.3996,1769859920.7975233,10.91,260,2384,0.004,10,0,0,8.17,15.0,0,2716,1769859901.543,-15.547,meta-llama/Llama-3.2-1B-Instruct,"1769859901.543, 1769859901.558, 1769859901.610, 1769859901.624, 1769859901.677"
1.0,0,1769859903.7697,16.3666,27,32,59,0.0583,0.0546,0.0562,1.0,0.0,99.61,0.6856,15.4248,15.4248,6767.8244,1769859920.8250604,10.9,260,2385,0.005,11,1,0,8.17,15.0,0,2716,1769859901.543,-15.547,meta-llama/Llama-3.2-1B-Instruct,"1769859901.543, 1769859901.558, 1769859901.610, 1769859901.624, 1769859901.677"
1.0,0,1769859903.8674,16.3522,27,32,59,0.0836,0.0566,0.0941,1.0,0.0,99.61,0.7948,15.4358,15.4358,6783.2602,1769859921.016536,10.9,260,2386,0.005,11,0,0,8.17,15.0,0,2716,1769859901.543,-15.547,meta-llama/Llama-3.2-1B-Instruct,"1769859901.543, 1769859901.558, 1769859901.610, 1769859901.624, 1769859901.677"
1.0,0,1769859903.9929,16.2902,27,32,59,0.0525,0.0593,0.0929,1.0,0.0,99.61,0.7899,15.3426,15.3426,6798.6029,1769859921.0893385,10.89,260,2387,0.005,11,1,0,8.17,15.0,0,2716,1769859901.543,-15.547,meta-llama/Llama-3.2-1B-Instruct,"1769859901.543, 1769859901.558, 1769859901.610, 1769859901.624, 1769859901.677"
1.0,0,1769859904.111,16.2699,27,32,59,0.0702,0.0591,0.0888,1.0,0.0,99.61,0.7879,15.3401,15.3401,6813.943,1769859921.1746304,10.89,260,2388,0.006,13,0,0,8.17,15.0,0,2716,1769859901.543,-15.547,meta-llama/Llama-3.2-1B-Instruct,"1769859901.543, 1769859901.558, 1769859901.610, 1769859901.624, 1769859901.677"
1.0,0,1769859904.1125,16.3583,27,32,59,0.0753,0.0606,0.0917,1.0,0.0,99.61,0.7943,15.4336,15.4336,6829.3766,1769859921.266066,10.88,260,2389,0.007,14,0,0,8.17,15.0,0,2716,1769859901.543,-15.547,meta-llama/Llama-3.2-1B-Instruct,"1769859901.543, 1769859901.558, 1769859901.610, 1769859901.624, 1769859901.677"
1.0,0,1769859904.1139,16.4573,27,32,59,0.0759,0.0567,0.0906,1.0,0.0,99.61,0.797,15.5333,15.5333,6844.9098,1769859921.3699293,10.88,260,2390,0.006,12,0,0,8.17,15.0,0,2716,1769859901.543,-15.547,meta-llama/Llama-3.2-1B-Instruct,"1769859901.543, 1769859901.558, 1769859901.610, 1769859901.624, 1769859901.677"
1.0,0,1769859904.1153,16.6765,27,32,59,0.097,0.0633,1.7953,1.0,0.7953,99.57,2.7158,15.7735,15.7735,6907.9449,1769859923.5188859,10.87,260,2394,0.005,11,0,0,8.17,15.0,0,2779,1769859906.97,-15.151,meta-llama/Llama-3.2-1B-Instruct,"1769859906.970, 1769859906.972, 1769859907.051, 1769859907.053, 1769859907.054"
1.0,0,1769859904.1168,16.6808,27,32,59,0.092,0.0598,1.8004,1.0,0.8004,99.53,2.7158,15.7728,15.7728,6907.9449,1769859923.5207593,10.87,260,2394,0.005,9,0,0,8.17,15.0,0,2779,1769859906.97,-15.151,meta-llama/Llama-3.2-1B-Instruct,"1769859906.970, 1769859906.972, 1769859907.051, 1769859907.053, 1769859907.054"
1.0,0,1769859904.1867,16.6299,27,32,59,0.1158,0.0566,1.8091,1.0,0.8091,99.48,2.6973,15.7457,15.7457,6907.9449,1769859923.520954,10.87,260,2394,0.003,6,0,0,8.17,15.0,0,2779,1769859906.97,-15.151,meta-llama/Llama-3.2-1B-Instruct,"1769859906.970, 1769859906.972, 1769859907.051, 1769859907.053, 1769859907.054"
1.0,0,1769859904.1882,16.6884,27,31,58,0.0547,0.0601,1.809,1.0,0.809,99.44,2.6412,15.7431,15.7431,6907.9449,1769859923.5219262,10.86,260,2394,0.003,7,1,0,8.17,15.0,0,2779,1769859906.97,-15.151,meta-llama/Llama-3.2-1B-Instruct,"1769859906.970, 1769859906.972, 1769859907.051, 1769859907.053, 1769859907.054"
1.0,0,1769859904.2497,16.6868,27,32,59,0.0686,0.0619,1.7977,1.0,0.7977,99.4,2.6161,15.7554,15.7554,6923.7003,1769859923.5569441,10.86,260,2395,0.004,8,0,0,8.17,15.0,0,2779,1769859906.97,-15.151,meta-llama/Llama-3.2-1B-Instruct,"1769859906.970, 1769859906.972, 1769859907.051, 1769859907.053, 1769859907.054"
1.0,0,1769859904.7129,16.2809,27,32,59,0.0725,0.0627,1.8134,1.0,0.8134,99.35,2.5937,15.3534,15.3534,6939.0537,1769859923.5889797,10.85,260,2396,0.004,9,0,0,8.17,15.0,0,2779,1769859906.97,-15.151,meta-llama/Llama-3.2-1B-Instruct,"1769859906.970, 1769859906.972, 1769859907.051, 1769859907.053, 1769859907.054"
1.0,0,1769859904.7993,16.268,27,32,59,0.0517,0.0463,1.8038,1.0,0.8038,99.31,2.5637,15.3197,15.3197,6969.6857,1769859923.6447916,10.85,260,2398,0.004,9,0,0,8.17,15.0,0,2779,1769859906.97,-15.151,meta-llama/Llama-3.2-1B-Instruct,"1769859906.970, 1769859906.972, 1769859907.051, 1769859907.053, 1769859907.054"
1.0,0,1769859905.0033,16.2452,27,23,50,0.0672,0.0454,1.7981,1.0,0.7981,99.27,2.3942,15.3124,15.3124,6969.6857,1769859923.6449633,10.84,260,2398,0.004,9,0,0,8.17,15.0,0,2779,1769859906.97,-15.151,meta-llama/Llama-3.2-1B-Instruct,"1769859906.970, 1769859906.972, 1769859907.051, 1769859907.053, 1769859907.054"
1.0,0,1769859904.8011,16.3811,27,32,59,0.0621,0.0518,1.8008,1.0,0.8008,99.23,2.5466,15.4432,15.4432,6985.129,1769859923.7372565,10.84,260,2399,0.005,10,0,0,8.17,15.0,0,2779,1769859906.97,-15.151,meta-llama/Llama-3.2-1B-Instruct,"1769859906.970, 1769859906.972, 1769859907.051, 1769859907.053, 1769859907.054"
1.0,0,1769859905.3585,16.3015,27,32,59,1.519,0.0433,0.0494,1.0,0.0,99.23,2.2658,16.8205,16.8205,7068.4028,1769859923.9285057,10.83,260,2404,0.029,10,0,0,8.17,15.0,0,2779,1769859906.97,-15.151,meta-llama/Llama-3.2-1B-Instruct,"1769859906.970, 1769859906.972, 1769859907.051, 1769859907.053, 1769859907.054"
1.0,0,1769859905.5102,16.3395,27,32,59,1.331,0.0385,0.0451,1.0,0.0,99.23,2.0757,16.6704,16.6704,7068.4028,1769859923.928695,10.83,260,2404,0.113,14,1,0,8.17,15.0,0,2779,1769859906.97,-15.151,meta-llama/Llama-3.2-1B-Instruct,"1769859906.970, 1769859906.972, 1769859907.051, 1769859907.053, 1769859907.054"
1.0,0,1769859905.5088,16.29,27,32,59,1.3775,0.0444,0.0454,1.0,0.0,99.23,2.1278,16.6675,16.6675,7068.4028,1769859923.9288967,10.82,260,2404,0.113,14,1,0,8.17,15.0,0,2779,1769859906.97,-15.151,meta-llama/Llama-3.2-1B-Instruct,"1769859906.970, 1769859906.972, 1769859907.051, 1769859907.053, 1769859907.054"
1.0,0,1769859905.5073,16.2413,27,31,58,1.4349,0.0429,0.0499,1.0,0.0,99.23,2.1785,16.6763,16.6763,7068.4028,1769859923.9309251,10.82,260,2404,0.113,14,1,0,8.17,15.0,0,2779,1769859906.97,-15.151,meta-llama/Llama-3.2-1B-Instruct,"1769859906.970, 1769859906.972, 1769859907.051, 1769859907.053, 1769859907.054"
1.0,0,1769859905.2038,16.3707,27,32,59,1.0685,0.052,0.5672,1.0,0.0,99.23,2.3518,16.4391,16.4391,7068.4028,1769859923.9317625,10.82,260,2404,0.029,10,0,0,8.17,15.0,0,2779,1769859906.97,-15.151,meta-llama/Llama-3.2-1B-Instruct,"1769859906.970, 1769859906.972, 1769859907.051, 1769859907.053, 1769859907.054"
1.0,0,1769859906.4026,18.1369,27,0,27,,,,1.0,,,0.9993,18.1362,18.1362,7086.539,1769859925.539717,10.81,260,2405,0.167,14,1,0,8.17,15.0,0,2779,1769859906.97,-15.151,meta-llama/Llama-3.2-1B-Instruct,"1769859906.970, 1769859906.972, 1769859907.051, 1769859907.053, 1769859907.054"
1.0,0,1769859905.9703,17.7462,27,32,59,0.0799,0.0566,1.0331,1.0,0.0331,99.18,1.9691,16.8261,16.8261,7103.3652,1769859925.689142,10.81,260,2406,0.165,12,0,0,8.17,15.0,0,2779,1769859906.97,-15.151,meta-llama/Llama-3.2-1B-Instruct,"1769859906.970, 1769859906.972, 1769859907.051, 1769859907.053, 1769859907.054"
1.0,0,1769859905.972,17.8273,27,32,59,0.0661,0.0665,1.0351,1.0,0.0351,99.14,1.98,16.8933,16.8933,7120.2585,1769859925.7807481,10.8,260,2407,0.164,11,1,0,8.17,15.0,0,2779,1769859906.97,-15.151,meta-llama/Llama-3.2-1B-Instruct,"1769859906.970, 1769859906.972, 1769859907.051, 1769859907.053, 1769859907.054"
1.0,0,1769859906.0528,17.9017,27,32,59,0.0468,1.028,1.1616,1.0,0.1616,99.1,3.0826,16.9485,16.9485,7154.1565,1769859927.043567,10.8,260,2409,0.162,8,0,0,8.17,15.0,0,2779,1769859906.97,-15.151,meta-llama/Llama-3.2-1B-Instruct,"1769859906.970, 1769859906.972, 1769859907.051, 1769859907.053, 1769859907.054"
1.0,0,1769859906.0513,17.8534,27,32,59,0.0961,1.0312,1.1661,1.0,0.1661,99.06,3.137,16.9495,16.9495,7154.1565,1769859927.0474076,10.79,260,2409,0.165,13,0,0,8.17,15.0,0,2779,1769859906.97,-15.151,meta-llama/Llama-3.2-1B-Instruct,"1769859906.970, 1769859906.972, 1769859907.051, 1769859907.053, 1769859907.054"
1.0,0,1769859906.0543,17.988,27,32,59,0.0685,1.0247,1.1563,1.0,0.1563,99.01,3.1348,17.0566,17.0566,7171.2131,1769859927.180501,10.79,260,2410,0.163,10,0,0,8.17,15.0,0,2929,1769859907.677,-19.498,meta-llama/Llama-3.2-1B-Instruct,"1769859907.677, 1769859907.704, 1769859907.761, 1769859907.819, 1769859907.877"
1.0,0,1769859906.0557,18.0429,27,32,59,0.0603,1.0339,1.166,1.0,0.166,98.97,3.1048,17.1033,17.1033,7188.3163,1769859927.2072678,10.78,260,2411,0.163,10,0,0,8.17,15.0,0,2929,1769859907.677,-19.498,meta-llama/Llama-3.2-1B-Instruct,"1769859907.677, 1769859907.704, 1769859907.761, 1769859907.819, 1769859907.877"
1.0,0,1769859906.1852,17.979,27,32,59,0.0649,1.0463,1.1681,1.0,0.1681,98.93,4.1473,17.0439,17.0439,7205.3602,1769859928.3197052,10.78,260,2412,0.164,11,0,0,8.17,15.0,0,2929,1769859907.677,-19.498,meta-llama/Llama-3.2-1B-Instruct,"1769859907.677, 1769859907.704, 1769859907.761, 1769859907.819, 1769859907.877"
1.0,0,1769859906.1867,18.0287,27,32,59,0.0643,1.037,1.1649,1.0,0.1649,98.89,4.1404,17.093,17.093,7222.4532,1769859928.357597,10.77,260,2413,0.164,12,0,0,8.17,15.0,0,2929,1769859907.677,-19.498,meta-llama/Llama-3.2-1B-Instruct,"1769859907.677, 1769859907.704, 1769859907.761, 1769859907.819, 1769859907.877"
1.0,0,1769859906.2596,18.2078,27,32,59,0.1078,1.0503,1.1678,1.0,0.1678,98.84,5.1168,17.3157,17.3157,7239.7689,1769859929.59664,10.77,260,2414,0.166,14,0,0,8.17,15.0,0,2929,1769859907.677,-19.498,meta-llama/Llama-3.2-1B-Instruct,"1769859907.677, 1769859907.704, 1769859907.761, 1769859907.819, 1769859907.877"
1.0,0,1769859906.4041,18.2138,27,32,59,0.9168,1.057,1.1552,1.0,0.1552,98.8,4.9791,18.1306,18.1306,7257.8995,1769859929.5988708,10.77,260,2415,0.193,16,1,0,8.17,15.0,0,2929,1769859907.677,-19.498,meta-llama/Llama-3.2-1B-Instruct,"1769859907.677, 1769859907.704, 1769859907.761, 1769859907.819, 1769859907.877"
1.0,0,1769859906.677,20.5652,27,32,59,1.0081,0.0873,0.7179,1.0,0.0,98.8,3.1018,20.5733,20.5733,7278.4727,1769859930.3456838,10.76,260,2416,0.35,16,0,0,8.17,15.0,0,2929,1769859907.677,-19.498,meta-llama/Llama-3.2-1B-Instruct,"1769859907.677, 1769859907.704, 1769859907.761, 1769859907.819, 1769859907.877"
1.0,0,1769859906.9375,22.8088,27,32,59,0.1104,0.0678,0.0787,1.0,0.0,98.8,1.4848,21.9192,21.9192,7322.3122,1769859931.2352974,10.76,260,2418,0.506,18,0,0,8.17,15.0,0,2929,1769859907.677,-19.498,meta-llama/Llama-3.2-1B-Instruct,"1769859907.677, 1769859907.704, 1769859907.761, 1769859907.819, 1769859907.877"
1.0,0,1769859906.9391,22.8648,27,32,59,0.0555,0.0631,0.0633,1.0,0.0,98.8,1.4302,21.9203,21.9203,7322.3122,1769859931.2359781,10.75,260,2418,0.506,18,0,0,8.17,15.0,0,2929,1769859907.677,-19.498,meta-llama/Llama-3.2-1B-Instruct,"1769859907.677, 1769859907.704, 1769859907.761, 1769859907.819, 1769859907.877"
1.0,0,1769859907.023,23.4988,27,32,59,0.1081,0.0668,0.0848,1.0,0.0,98.8,1.516,22.607,22.607,7344.9192,1769859932.0390372,10.75,260,2419,0.509,19,0,0,8.17,15.0,0,2929,1769859907.677,-19.498,meta-llama/Llama-3.2-1B-Instruct,"1769859907.677, 1769859907.704, 1769859907.761, 1769859907.819, 1769859907.877"
1.0,0,1769859907.0941,24.2447,27,32,59,0.1176,0.0655,0.1938,1.0,0.0,98.8,1.4988,23.3623,23.3623,7368.2815,1769859932.8489668,10.74,260,2420,0.512,18,0,0,8.17,15.0,0,3101,1769859908.277,-23.911,meta-llama/Llama-3.2-1B-Instruct,"1769859908.277, 1769859908.386, 1769859908.554, 1769859908.556, 1769859908.623"
1.0,0,1769859907.1634,24.2359,27,32,59,0.0602,0.0658,0.2014,1.0,0.0,98.81,1.4501,23.2961,23.2961,7391.5776,1769859932.8502755,10.74,260,2421,0.512,18,1,0,8.17,15.0,0,3101,1769859908.277,-23.911,meta-llama/Llama-3.2-1B-Instruct,"1769859908.277, 1769859908.386, 1769859908.554, 1769859908.556, 1769859908.623"
1.0,0,1769859907.2261,24.91,27,32,59,0.1029,0.0766,0.211,1.0,0.0,98.81,1.5145,24.0129,24.0129,7415.5905,1769859933.6531553,10.73,260,2422,0.515,19,0,0,8.17,15.0,0,3101,1769859908.277,-23.911,meta-llama/Llama-3.2-1B-Instruct,"1769859908.277, 1769859908.386, 1769859908.554, 1769859908.556, 1769859908.623"
1.0,0,1769859907.2773,25.6894,27,31,58,0.0761,0.0677,0.0924,1.0,0.0,98.81,1.5065,24.7655,24.7655,7440.356,1769859934.478492,10.73,260,2423,0.517,18,0,0,8.17,15.0,0,3101,1769859908.277,-23.911,meta-llama/Llama-3.2-1B-Instruct,"1769859908.277, 1769859908.386, 1769859908.554, 1769859908.556, 1769859908.623"
1.0,0,1769859907.386,25.664,27,32,59,0.0709,0.0551,0.0694,1.0,0.0,98.81,1.4592,24.7349,24.7349,7465.0909,1769859934.5162826,10.73,260,2424,0.517,18,0,0,8.17,15.0,0,3101,1769859908.277,-23.911,meta-llama/Llama-3.2-1B-Instruct,"1769859908.277, 1769859908.386, 1769859908.554, 1769859908.556, 1769859908.623"
1.0,0,1769859907.5539,26.2494,27,32,59,0.1382,0.0718,0.0719,1.0,0.0,98.81,1.5572,25.3876,25.3876,7490.4785,1769859935.3637483,10.72,260,2425,0.52,19,0,0,8.17,15.0,0,3101,1769859908.277,-23.911,meta-llama/Llama-3.2-1B-Instruct,"1769859908.277, 1769859908.386, 1769859908.554, 1769859908.556, 1769859908.623"
200.0,1,1769859707.6104,218.2599,2402,154,2556,1.0004,0.0751,0.7225,200.0,0.0,98.81,9.6592,27.9191,27.9191,7518.3976,1769859935.5409899,10.72,260,2426,0.282,18,0,0,8.17,15.0,0,3101,1769859908.277,-23.911,meta-llama/Llama-3.2-1B-Instruct,"1769859908.277, 1769859908.386, 1769859908.554, 1769859908.556, 1769859908.623"
1.0,0,1769859907.5556,27.031,27,32,59,0.0841,0.0656,0.0696,1.0,0.0,98.81,1.5376,26.115,26.115,7544.5126,1769859936.125312,10.71,260,2427,0.523,18,0,0,8.17,15.0,0,3101,1769859908.277,-23.911,meta-llama/Llama-3.2-1B-Instruct,"1769859908.277, 1769859908.386, 1769859908.554, 1769859908.556, 1769859908.623"
1.0,0,1769859907.6231,27.0216,27,32,59,0.095,0.0668,0.0891,1.0,0.0,98.81,1.5091,26.1166,26.1166,7570.6292,1769859936.154781,10.71,260,2428,0.523,18,0,0,8.17,15.0,0,3101,1769859908.277,-23.911,meta-llama/Llama-3.2-1B-Instruct,"1769859908.277, 1769859908.386, 1769859908.554, 1769859908.556, 1769859908.623"
1.0,0,1769859907.6246,27.86,27,32,59,0.1233,0.0692,0.3401,1.0,0.0,98.81,1.8123,26.9833,26.9833,7597.6125,1769859937.302529,10.7,260,2429,0.526,19,0,0,8.17,15.0,0,3220,1769859909.133,-28.06,meta-llama/Llama-3.2-1B-Instruct,"1769859909.133, 1769859909.321, 1769859909.380, 1769859909.381, 1769859909.483"
1.0,0,1769859907.6738,28.0033,27,32,59,0.0841,0.0677,0.3533,1.0,0.0,98.81,1.762,27.0874,27.0874,7624.6999,1769859937.442779,10.7,260,2430,0.503,19,0,0,8.17,15.0,0,3220,1769859909.133,-28.06,meta-llama/Llama-3.2-1B-Instruct,"1769859909.133, 1769859909.321, 1769859909.380, 1769859909.381, 1769859909.483"
1.0,0,1769859908.1313,28.2064,27,32,59,0.2918,0.0698,0.0712,1.0,0.0,98.81,1.7364,27.4982,27.4982,7652.1981,1769859938.0778878,10.7,260,2431,0.505,18,0,0,8.17,15.0,0,3220,1769859909.133,-28.06,meta-llama/Llama-3.2-1B-Instruct,"1769859909.133, 1769859909.321, 1769859909.380, 1769859909.381, 1769859909.483"
1.0,0,1769859908.1329,29.2757,27,32,59,0.0943,0.0694,0.072,1.0,0.0,98.81,1.5326,28.37,28.37,7680.5682,1769859938.942123,10.69,260,2432,0.533,19,0,0,8.17,15.0,0,3220,1769859909.133,-28.06,meta-llama/Llama-3.2-1B-Instruct,"1769859909.133, 1769859909.321, 1769859909.380, 1769859909.381, 1769859909.483"
1.0,0,1769859908.321,29.2135,27,32,59,0.0919,0.0568,0.0695,1.0,0.0,98.81,1.4946,28.3054,28.3054,7708.8735,1769859939.0329175,10.69,260,2433,0.533,19,0,0,8.17,15.0,0,3220,1769859909.133,-28.06,meta-llama/Llama-3.2-1B-Instruct,"1769859909.133, 1769859909.321, 1769859909.380, 1769859909.381, 1769859909.483"
1.0,0,1769859908.3813,30.6665,27,6,33,0.0921,0.0734,0.0734,1.0,0.0,98.81,0.4042,29.7586,29.7586,7738.6321,1769859939.4539993,10.68,260,2434,0.538,18,0,0,8.17,15.0,0,3220,1769859909.133,-28.06,meta-llama/Llama-3.2-1B-Instruct,"1769859909.133, 1769859909.321, 1769859909.380, 1769859909.381, 1769859909.483"
1.0,0,1769859908.3798,29.8811,27,32,59,0.0973,0.073,0.0731,1.0,0.0,98.81,1.574,28.9784,28.9784,7767.6105,1769859939.8376024,10.68,260,2435,0.535,19,0,0,8.17,15.0,0,3220,1769859909.133,-28.06,meta-llama/Llama-3.2-1B-Instruct,"1769859909.133, 1769859909.321, 1769859909.380, 1769859909.381, 1769859909.483"
1.0,0,1769859908.4829,30.6864,27,32,59,0.0964,0.0736,0.0849,1.0,0.0,98.81,1.5387,29.7828,29.7828,7797.3933,1769859940.7091477,10.67,260,2436,0.538,19,0,0,8.17,15.0,0,3220,1769859909.133,-28.06,meta-llama/Llama-3.2-1B-Instruct,"1769859909.133, 1769859909.321, 1769859909.380, 1769859909.381, 1769859909.483"
1.0,0,1769859908.6195,30.9861,27,32,59,0.0866,0.0662,0.0732,1.0,0.0,98.81,1.5381,30.0727,30.0727,7827.466,1769859941.146867,10.67,260,2437,0.54,19,0,0,8.17,15.0,0,3220,1769859909.133,-28.06,meta-llama/Llama-3.2-1B-Instruct,"1769859909.133, 1769859909.321, 1769859909.380, 1769859909.381, 1769859909.483"
1.0,0,1769859908.6351,31.3109,27,32,59,0.0972,0.0757,0.0789,1.0,0.0,98.81,1.5333,30.4081,30.4081,7857.8741,1769859941.498707,10.66,260,2438,0.541,19,0,0,8.17,15.0,0,3220,1769859909.133,-28.06,meta-llama/Llama-3.2-1B-Instruct,"1769859909.133, 1769859909.321, 1769859909.380, 1769859909.381, 1769859909.483"
1.0,0,1769859908.7753,32.5129,27,21,48,0.1054,0.056,0.0697,1.0,0.0,98.81,1.0744,31.6183,31.6183,7889.4924,1769859942.3727744,10.66,260,2439,0.546,19,0,0,8.17,15.0,0,3332,1769859910.061,-32.19,meta-llama/Llama-3.2-1B-Instruct,"1769859910.061, 1769859910.415, 1769859910.623, 1769859910.691, 1769859910.693"
1.0,0,1769859908.6821,32.1915,27,32,59,0.0805,0.073,0.0757,1.0,0.0,98.82,1.5386,31.272,31.272,7920.7645,1769859942.4214284,10.66,260,2440,0.544,19,0,0,8.17,15.0,0,3332,1769859910.061,-32.19,meta-llama/Llama-3.2-1B-Instruct,"1769859910.061, 1769859910.415, 1769859910.623, 1769859910.691, 1769859910.693"
1.0,0,1769859908.8581,32.7866,27,32,59,0.0901,0.0714,0.0783,1.0,0.0,98.82,1.5525,31.8767,31.8767,7952.6412,1769859943.198011,10.65,260,2441,0.547,19,0,0,8.17,15.0,0,3332,1769859910.061,-32.19,meta-llama/Llama-3.2-1B-Instruct,"1769859910.061, 1769859910.415, 1769859910.623, 1769859910.691, 1769859910.693"
1.0,0,1769859909.0614,33.4399,27,32,59,0.0718,0.0761,0.0765,1.0,0.0,98.82,1.5393,32.5118,32.5118,7985.1529,1769859944.0418596,10.65,260,2442,0.549,18,0,0,8.17,15.0,0,3332,1769859910.061,-32.19,meta-llama/Llama-3.2-1B-Instruct,"1769859910.061, 1769859910.415, 1769859910.623, 1769859910.691, 1769859910.693"
1.0,0,1769859909.4146,33.1526,27,32,59,0.0827,0.06,0.0867,1.0,0.0,98.82,1.5092,32.2354,32.2354,8017.3883,1769859944.0799482,10.64,260,2443,0.549,18,0,0,8.17,15.0,0,3332,1769859910.061,-32.19,meta-llama/Llama-3.2-1B-Instruct,"1769859910.061, 1769859910.415, 1769859910.623, 1769859910.691, 1769859910.693"
1.0,0,1769859909.6229,33.7301,27,32,59,0.0868,0.072,0.0819,1.0,0.0,98.82,1.558,32.817,32.817,8050.2053,1769859944.913317,10.64,260,2444,0.552,19,0,0,8.17,15.0,0,3332,1769859910.061,-32.19,meta-llama/Llama-3.2-1B-Instruct,"1769859910.061, 1769859910.415, 1769859910.623, 1769859910.691, 1769859910.693"
1.0,0,1769859909.6913,34.55,27,32,59,0.0831,0.0791,0.0879,1.0,0.0,98.82,1.5612,33.6331,33.6331,8083.8383,1769859945.8063383,10.63,260,2445,0.555,18,0,0,8.17,15.0,0,3332,1769859910.061,-32.19,meta-llama/Llama-3.2-1B-Instruct,"1769859910.061, 1769859910.415, 1769859910.623, 1769859910.691, 1769859910.693"
1.0,0,1769859909.6928,34.616,27,32,59,0.1008,0.0601,0.0896,1.0,0.0,98.82,1.5473,33.7168,33.7168,8117.5551,1769859945.8573012,10.63,260,2446,0.556,18,0,0,8.17,15.0,0,3332,1769859910.061,-32.19,meta-llama/Llama-3.2-1B-Instruct,"1769859910.061, 1769859910.415, 1769859910.623, 1769859910.691, 1769859910.693"
1.0,0,1769859909.6944,35.3299,27,31,58,0.1002,0.0764,0.4549,1.0,0.0,98.82,1.6148,34.4302,34.4302,8151.9853,1769859946.6518283,10.63,260,2447,0.559,19,0,0,8.17,15.0,0,3332,1769859910.061,-32.19,meta-llama/Llama-3.2-1B-Instruct,"1769859910.061, 1769859910.415, 1769859910.623, 1769859910.691, 1769859910.693"
1.0,0,1769859909.6959,36.2276,27,18,45,0.0941,0.457,0.457,1.0,0.0,98.82,0.982,35.3217,35.3217,8187.3069,1769859946.9068224,10.62,260,2448,0.561,18,0,0,8.17,15.0,0,3332,1769859910.061,-32.19,meta-llama/Llama-3.2-1B-Instruct,"1769859910.061, 1769859910.415, 1769859910.623, 1769859910.691, 1769859910.693"
1.0,0,1769859910.0137,36.0336,27,32,59,0.4549,0.0733,0.0842,1.0,0.0,98.82,1.5725,35.4885,35.4885,8222.7954,1769859947.6299715,10.62,260,2449,0.561,18,0,0,8.17,15.0,0,3451,1769859911.343,-35.963,meta-llama/Llama-3.2-1B-Instruct,"1769859911.343, 1769859911.344, 1769859911.407, 1769859911.408, 1769859911.480"
1.0,0,1769859910.0151,36.7717,27,32,59,0.0761,0.069,0.0761,1.0,0.0,98.82,1.5463,35.8478,35.8478,8258.6432,1769859948.3380916,10.61,260,2450,0.564,19,0,0,8.17,15.0,0,3451,1769859911.343,-35.963,meta-llama/Llama-3.2-1B-Instruct,"1769859911.343, 1769859911.344, 1769859911.407, 1769859911.408, 1769859911.480"
1.0,0,1769859910.1399,36.9068,27,32,59,0.0674,0.0701,0.0948,1.0,0.0,98.82,1.5506,35.9741,35.9741,8294.6174,1769859948.6059377,10.61,260,2451,0.565,19,0,0,8.17,15.0,0,3451,1769859911.343,-35.963,meta-llama/Llama-3.2-1B-Instruct,"1769859911.343, 1769859911.344, 1769859911.407, 1769859911.408, 1769859911.480"
1.0,0,1769859910.3426,37.424,27,32,59,0.11,0.0708,0.0942,1.0,0.0,98.82,1.5949,36.5341,36.5341,8331.1514,1769859949.3639157,10.6,260,2452,0.567,19,0,0,8.17,15.0,0,3451,1769859911.343,-35.963,meta-llama/Llama-3.2-1B-Instruct,"1769859911.343, 1769859911.344, 1769859911.407, 1769859911.408, 1769859911.480"
1.0,0,1769859910.3445,38.1436,27,32,59,0.069,0.0738,0.0742,1.0,0.0,98.82,1.5466,37.2126,37.2126,8368.364,1769859950.0414958,10.6,260,2453,0.57,19,0,0,8.17,15.0,0,3451,1769859911.343,-35.963,meta-llama/Llama-3.2-1B-Instruct,"1769859911.343, 1769859911.344, 1769859911.407, 1769859911.408, 1769859911.480"
1.0,0,1769859910.4065,38.3564,27,32,59,0.0849,0.0722,0.0724,1.0,0.0,98.82,1.5853,37.4413,37.4413,8405.8053,1769859950.3490908,10.59,260,2454,0.57,19,0,0,8.17,15.0,0,3451,1769859911.343,-35.963,meta-llama/Llama-3.2-1B-Instruct,"1769859911.343, 1769859911.344, 1769859911.407, 1769859911.408, 1769859911.480"
1.0,0,1769859910.408,39.1187,27,32,59,0.094,0.0607,0.075,1.0,0.0,98.82,1.5957,38.2126,38.2126,8444.018,1769859951.1232388,10.59,260,2455,0.573,19,0,0,8.17,15.0,0,3451,1769859911.343,-35.963,meta-llama/Llama-3.2-1B-Instruct,"1769859911.343, 1769859911.344, 1769859911.407, 1769859911.408, 1769859911.480"
1.0,0,1769859910.48,39.7253,27,32,59,0.0826,0.0733,0.0855,1.0,0.0,98.82,1.5865,38.8079,38.8079,8482.8259,1769859951.7945225,10.59,260,2456,0.576,19,0,0,8.17,15.0,0,3451,1769859911.343,-35.963,meta-llama/Llama-3.2-1B-Instruct,"1769859911.343, 1769859911.344, 1769859911.407, 1769859911.408, 1769859911.480"
1.0,0,1769859910.7384,39.7098,27,32,59,0.0643,0.0794,0.0805,1.0,0.0,98.82,1.5668,38.7742,38.7742,8521.6,1769859952.0164845,10.58,260,2457,0.576,19,0,0,8.17,15.0,0,3451,1769859911.343,-35.963,meta-llama/Llama-3.2-1B-Instruct,"1769859911.343, 1769859911.344, 1769859911.407, 1769859911.408, 1769859911.480"
1.0,0,1769859910.8854,40.3726,27,32,59,0.07,0.0706,0.074,1.0,0.0,98.82,1.5775,39.4426,39.4426,8561.0426,1769859952.8472323,10.58,260,2458,0.579,19,0,0,8.17,15.0,0,3582,1769859912.335,-40.002,meta-llama/Llama-3.2-1B-Instruct,"1769859912.335, 1769859912.346, 1769859912.477, 1769859912.554, 1769859912.671"
1.0,0,1769859911.0764,40.8213,27,32,59,0.0696,0.082,0.0822,1.0,0.0,98.82,1.5887,39.8908,39.8908,8600.9334,1769859953.4871902,10.57,260,2459,0.581,19,0,0,8.17,15.0,0,3582,1769859912.335,-40.002,meta-llama/Llama-3.2-1B-Instruct,"1769859912.335, 1769859912.346, 1769859912.477, 1769859912.554, 1769859912.671"
1.0,0,1769859911.1736,40.9605,27,32,59,0.094,0.0741,0.0787,1.0,0.0,98.83,1.615,40.0545,40.0545,8640.988,1769859953.7502003,10.57,260,2460,0.582,19,0,0,8.17,15.0,0,3582,1769859912.335,-40.002,meta-llama/Llama-3.2-1B-Instruct,"1769859912.335, 1769859912.346, 1769859912.477, 1769859912.554, 1769859912.671"
1.0,0,1769859911.3348,41.6595,27,32,59,0.1011,0.0697,0.0754,1.0,0.0,98.83,1.6274,40.7607,40.7607,8681.7486,1769859954.6230633,10.56,260,2461,0.585,19,0,0,8.17,15.0,0,3582,1769859912.335,-40.002,meta-llama/Llama-3.2-1B-Instruct,"1769859912.335, 1769859912.346, 1769859912.477, 1769859912.554, 1769859912.671"
1.0,0,1769859911.3463,42.2366,27,32,59,0.103,0.07,0.0834,1.0,0.0,98.83,1.6284,41.3397,41.3397,8723.0883,1769859955.2123427,10.56,260,2462,0.587,19,0,0,8.17,15.0,0,3582,1769859912.335,-40.002,meta-llama/Llama-3.2-1B-Instruct,"1769859912.335, 1769859912.346, 1769859912.477, 1769859912.554, 1769859912.671"
1.0,0,1769859911.4767,42.3701,27,32,59,0.0585,0.0823,0.0863,1.0,0.0,98.83,1.5858,41.4286,41.4286,8764.5169,1769859955.4353552,10.56,260,2463,0.587,19,0,0,8.17,15.0,0,3582,1769859912.335,-40.002,meta-llama/Llama-3.2-1B-Instruct,"1769859912.335, 1769859912.346, 1769859912.477, 1769859912.554, 1769859912.671"
1.0,0,1769859911.5535,43.1769,27,32,59,0.1001,0.0724,0.082,1.0,0.0,98.83,1.6193,42.277,42.277,8806.7939,1769859956.3548563,10.55,260,2464,0.59,19,0,0,8.17,15.0,0,3582,1769859912.335,-40.002,meta-llama/Llama-3.2-1B-Instruct,"1769859912.335, 1769859912.346, 1769859912.477, 1769859912.554, 1769859912.671"
200.0,1,1769859707.4559,217.2693,2808,588,3396,0.8084,0.0756,0.199,200.0,0.0,98.83,31.7209,48.9902,48.9902,8855.7841,1769859956.4610045,10.55,260,2465,0.193,16,1,0,8.17,15.0,0,3582,1769859912.335,-40.002,meta-llama/Llama-3.2-1B-Instruct,"1769859912.335, 1769859912.346, 1769859912.477, 1769859912.554, 1769859912.671"
1.0,0,1769859911.6708,43.6435,27,32,59,0.0578,0.0724,0.0863,1.0,0.0,98.83,1.6119,42.7013,42.7013,8898.4853,1769859956.928487,10.54,260,2466,0.592,19,0,0,8.17,15.0,0,3582,1769859912.335,-40.002,meta-llama/Llama-3.2-1B-Instruct,"1769859912.335, 1769859912.346, 1769859912.477, 1769859912.554, 1769859912.671"
1.0,0,1769859911.7398,43.804,27,32,59,0.0957,0.0796,0.0896,1.0,0.0,98.83,1.6407,42.8997,42.8997,8941.3851,1769859957.1860063,10.54,260,2467,0.593,19,0,0,8.17,15.0,0,3582,1769859912.335,-40.002,meta-llama/Llama-3.2-1B-Instruct,"1769859912.335, 1769859912.346, 1769859912.477, 1769859912.554, 1769859912.671"
1.0,0,1769859912.0927,45.2539,27,10,37,0.097,0.0511,0.0511,1.0,0.0,98.83,0.5612,44.3509,44.3509,8985.736,1769859957.9088025,10.53,260,2468,0.567,19,0,0,8.17,15.0,0,3709,1769859913.172,-44.232,meta-llama/Llama-3.2-1B-Instruct,"1769859913.172, 1769859913.381, 1769859913.382, 1769859913.384, 1769859913.591"
1.0,0,1769859911.802,44.787,27,32,59,0.0474,0.0796,0.0928,1.0,0.0,98.83,1.5352,43.8345,43.8345,9073.4008,1769859958.1334405,10.53,260,2470,0.564,18,0,0,8.17,15.0,0,3709,1769859913.172,-44.232,meta-llama/Llama-3.2-1B-Instruct,"1769859913.172, 1769859913.381, 1769859913.382, 1769859913.384, 1769859913.591"
1.0,0,1769859911.8005,44.7143,27,32,59,0.1161,0.0726,0.0846,1.0,0.0,98.83,1.6114,43.8304,43.8304,9073.4008,1769859958.1340387,10.53,260,2470,0.564,18,0,0,8.17,15.0,0,3709,1769859913.172,-44.232,meta-llama/Llama-3.2-1B-Instruct,"1769859913.172, 1769859913.381, 1769859913.382, 1769859913.384, 1769859913.591"
1.0,0,1769859911.9475,45.1196,27,32,59,0.1125,0.0787,0.1227,1.0,0.0,98.83,1.6735,44.2321,44.2321,9117.6329,1769859958.7454681,10.52,260,2471,0.566,19,0,0,8.17,15.0,0,3709,1769859913.172,-44.232,meta-llama/Llama-3.2-1B-Instruct,"1769859913.172, 1769859913.381, 1769859913.382, 1769859913.384, 1769859913.591"
1.0,0,1769859912.3807,45.9674,27,32,59,0.0688,0.0629,0.077,1.0,0.0,98.83,1.5615,45.0362,45.0362,9162.6691,1769859959.92511,10.52,260,2472,0.569,17,1,0,8.17,15.0,0,3709,1769859913.172,-44.232,meta-llama/Llama-3.2-1B-Instruct,"1769859913.172, 1769859913.381, 1769859913.382, 1769859913.384, 1769859913.591"
1.0,0,1769859912.1721,46.1137,27,32,59,0.1196,0.0692,0.095,1.0,0.0,98.83,1.6398,45.2333,45.2333,9207.9024,1769859959.9273887,10.51,260,2473,0.569,17,0,0,8.17,15.0,0,3709,1769859913.172,-44.232,meta-llama/Llama-3.2-1B-Instruct,"1769859913.172, 1769859913.381, 1769859913.382, 1769859913.384, 1769859913.591"
1.0,0,1769859912.3823,46.0164,27,32,59,0.0986,0.0607,0.0798,1.0,0.0,98.83,1.5623,45.115,45.115,9253.0174,1769859959.9618163,10.51,260,2474,0.57,18,1,0,8.17,15.0,0,3709,1769859913.172,-44.232,meta-llama/Llama-3.2-1B-Instruct,"1769859913.172, 1769859913.381, 1769859913.382, 1769859913.384, 1769859913.591"
1.0,0,1769859912.3839,46.476,27,32,59,0.0889,0.0822,0.0856,1.0,0.0,98.83,1.6159,45.5648,45.5648,9298.5823,1769859960.478026,10.51,260,2475,0.571,19,0,0,8.17,15.0,0,3709,1769859913.172,-44.232,meta-llama/Llama-3.2-1B-Instruct,"1769859913.172, 1769859913.381, 1769859913.382, 1769859913.384, 1769859913.591"
1.0,0,1769859912.5914,47.4691,27,32,59,0.0602,0.0807,0.0834,1.0,0.0,98.83,1.6058,46.5293,46.5293,9345.1116,1769859961.6706834,10.5,260,2476,0.575,17,0,0,8.17,15.0,0,3709,1769859913.172,-44.232,meta-llama/Llama-3.2-1B-Instruct,"1769859913.172, 1769859913.381, 1769859913.382, 1769859913.384, 1769859913.591"
1.0,0,1769859912.5929,47.5323,27,32,59,0.0831,0.0653,0.0708,1.0,0.0,98.83,1.5916,46.6154,46.6154,9391.727,1769859961.7287676,10.5,260,2477,0.575,17,0,0,8.17,15.0,0,3709,1769859913.172,-44.232,meta-llama/Llama-3.2-1B-Instruct,"1769859913.172, 1769859913.381, 1769859913.382, 1769859913.384, 1769859913.591"
1.0,0,1769859912.5943,47.5989,27,32,59,0.0945,0.0644,0.0769,1.0,0.0,98.83,1.5762,46.6935,46.6935,9438.4205,1769859961.7723026,10.49,260,2478,0.575,18,0,0,8.17,15.0,0,3709,1769859913.172,-44.232,meta-llama/Llama-3.2-1B-Instruct,"1769859913.172, 1769859913.381, 1769859913.382, 1769859913.384, 1769859913.591"
1.0,0,1769859912.7236,47.8707,27,32,59,0.092,0.0765,0.0875,1.0,0.0,98.83,1.6383,46.9627,46.9627,9485.3831,1769859962.2431347,10.49,260,2479,0.576,19,0,0,8.17,15.0,0,3709,1769859913.172,-44.232,meta-llama/Llama-3.2-1B-Instruct,"1769859913.172, 1769859913.381, 1769859913.382, 1769859913.384, 1769859913.591"
1.0,0,1769859912.8807,49.5255,27,0,27,,,,1.0,,,0.0893,48.6148,48.6148,9533.9979,1769859962.4966426,10.48,260,2480,0.582,19,0,0,8.17,15.0,0,3831,1769859913.882,-48.583,meta-llama/Llama-3.2-1B-Instruct,"1769859913.882, 1769859914.031, 1769859914.188, 1769859914.189, 1769859914.387"
1.0,0,1769859912.7252,49.0643,27,32,59,0.0947,0.0724,0.0918,1.0,0.0,98.83,1.6717,48.159,48.159,9582.1569,1769859963.462206,10.48,260,2481,0.58,17,0,0,8.17,15.0,0,3831,1769859913.882,-48.583,meta-llama/Llama-3.2-1B-Instruct,"1769859913.882, 1769859914.031, 1769859914.188, 1769859914.189, 1769859914.387"
1.0,0,1769859912.8004,49.1317,27,32,59,0.0518,0.0767,0.3317,1.0,0.0,98.84,1.856,48.1834,48.1834,9678.5835,1769859963.830824,10.48,260,2483,0.58,18,0,0,8.17,15.0,0,3831,1769859913.882,-48.583,meta-llama/Llama-3.2-1B-Instruct,"1769859913.882, 1769859914.031, 1769859914.188, 1769859914.189, 1769859914.387"
1.0,0,1769859912.736,49.1174,27,32,59,0.1259,0.0701,0.31,1.0,0.0,98.84,1.9523,48.2432,48.2432,9678.5835,1769859963.84012,10.47,260,2483,0.58,17,0,0,8.17,15.0,0,3831,1769859913.882,-48.583,meta-llama/Llama-3.2-1B-Instruct,"1769859913.882, 1769859914.031, 1769859914.188, 1769859914.189, 1769859914.387"
1.0,0,1769859912.8821,49.7442,27,32,59,0.0799,0.0783,0.3342,1.0,0.0,98.84,1.5936,48.8241,48.8241,9727.4077,1769859964.2281199,10.47,260,2484,0.583,19,0,0,8.17,15.0,0,3831,1769859913.882,-48.583,meta-llama/Llama-3.2-1B-Instruct,"1769859913.882, 1769859914.031, 1769859914.188, 1769859914.189, 1769859914.387"
1.0,0,1769859913.0315,50.9207,27,32,59,0.0871,0.0738,0.0809,1.0,0.0,98.84,1.6083,50.0078,50.0078,9777.4154,1769859965.5656662,10.46,260,2485,0.586,17,0,0,8.17,15.0,0,3831,1769859913.882,-48.583,meta-llama/Llama-3.2-1B-Instruct,"1769859913.882, 1769859914.031, 1769859914.188, 1769859914.189, 1769859914.387"
200.0,1,1769859706.171,215.3601,3079,827,3906,1.1156,0.077,0.2139,200.0,0.0,98.84,44.0833,59.4434,59.4434,9836.8588,1769859965.6332169,10.46,260,2486,0.029,10,0,0,8.17,15.0,0,3831,1769859913.882,-48.583,meta-llama/Llama-3.2-1B-Instruct,"1769859913.882, 1769859914.031, 1769859914.188, 1769859914.189, 1769859914.387"
1.0,0,1769859913.1892,50.9154,27,32,59,0.0652,0.0626,0.0696,1.0,0.0,98.84,1.5598,49.9805,49.9805,9936.819,1769859965.6675506,10.45,260,2488,0.587,18,0,0,8.17,15.0,0,3831,1769859913.882,-48.583,meta-llama/Llama-3.2-1B-Instruct,"1769859913.882, 1769859914.031, 1769859914.188, 1769859914.189, 1769859914.387"
1.0,0,1769859913.1878,50.9111,27,32,59,0.0685,0.0737,0.0737,1.0,0.0,98.84,1.566,49.9796,49.9796,9936.819,1769859965.6684268,10.45,260,2488,0.587,17,0,0,8.17,15.0,0,3831,1769859913.882,-48.583,meta-llama/Llama-3.2-1B-Instruct,"1769859913.882, 1769859914.031, 1769859914.188, 1769859914.189, 1769859914.387"
1.0,0,1769859913.3869,50.9905,27,32,59,0.1059,0.0601,0.0635,1.0,0.0,98.84,1.4876,50.0965,50.0965,9986.9154,1769859965.8698766,10.45,260,2489,0.587,19,0,0,8.17,15.0,0,3831,1769859913.882,-48.583,meta-llama/Llama-3.2-1B-Instruct,"1769859913.882, 1769859914.031, 1769859914.188, 1769859914.189, 1769859914.387"
1.0,0,1769859913.3884,52.3835,27,32,59,0.0977,0.0717,0.1888,1.0,0.0,98.84,1.615,51.4812,51.4812,10038.3966,1769859967.3922527,10.44,260,2490,0.555,16,0,0,8.17,15.0,0,3831,1769859913.882,-48.583,meta-llama/Llama-3.2-1B-Instruct,"1769859913.882, 1769859914.031, 1769859914.188, 1769859914.189, 1769859914.387"
1.0,0,1769859913.4699,52.3766,27,32,59,0.0654,0.0759,0.1984,1.0,0.0,98.84,1.5817,51.442,51.442,10089.8387,1769859967.4290242,10.44,260,2491,0.555,16,0,0,8.17,15.0,0,3831,1769859913.882,-48.583,meta-llama/Llama-3.2-1B-Instruct,"1769859913.882, 1769859914.031, 1769859914.188, 1769859914.189, 1769859914.387"
1.0,0,1769859913.4714,52.4785,27,33,60,0.3057,0.0632,0.0777,1.0,0.0,98.84,1.5643,51.7842,51.7842,10193.369,1769859967.5233407,10.43,260,2493,0.555,17,0,0,8.17,15.0,0,3936,1769859914.757,-52.765,meta-llama/Llama-3.2-1B-Instruct,"1769859914.757, 1769859914.758, 1769859914.846, 1769859915.001, 1769859915.036"
1.0,0,1769859913.4728,52.5381,27,32,59,0.208,0.0587,0.0671,1.0,0.0,98.84,1.4999,51.7462,51.7462,10193.369,1769859967.523572,10.43,260,2493,0.555,17,0,0,8.17,15.0,0,3936,1769859914.757,-52.765,meta-llama/Llama-3.2-1B-Instruct,"1769859914.757, 1769859914.758, 1769859914.846, 1769859915.001, 1769859915.036"
1.0,0,1769859913.4743,52.8197,27,32,59,0.0889,0.0707,0.0877,1.0,0.0,98.84,1.586,51.9086,51.9086,10245.2776,1769859967.8827417,10.43,260,2494,0.558,19,0,0,8.17,15.0,0,3936,1769859914.757,-52.765,meta-llama/Llama-3.2-1B-Instruct,"1769859914.757, 1769859914.758, 1769859914.846, 1769859915.001, 1769859915.036"
1.0,0,1769859913.7552,53.7892,27,32,59,0.0761,0.0983,0.2978,1.0,0.0,98.84,1.8835,52.8653,52.8653,10298.1429,1769859969.4350424,10.42,260,2495,0.56,16,0,0,8.17,15.0,0,3936,1769859914.757,-52.765,meta-llama/Llama-3.2-1B-Instruct,"1769859914.757, 1769859914.758, 1769859914.846, 1769859915.001, 1769859915.036"
1.0,0,1769859913.7584,53.9272,27,32,59,0.0817,0.0764,0.313,1.0,0.0,98.84,1.847,53.0089,53.0089,10457.0866,1769859969.5384495,10.41,260,2498,0.56,17,0,0,8.17,15.0,0,3936,1769859914.757,-52.765,meta-llama/Llama-3.2-1B-Instruct,"1769859914.757, 1769859914.758, 1769859914.846, 1769859915.001, 1769859915.036"
1.0,0,1769859913.7568,53.9236,27,32,59,0.0861,0.0883,0.2977,1.0,0.0,98.84,1.8527,53.0097,53.0097,10457.0866,1769859969.5386975,10.41,260,2498,0.56,16,0,0,8.17,15.0,0,3936,1769859914.757,-52.765,meta-llama/Llama-3.2-1B-Instruct,"1769859914.757, 1769859914.758, 1769859914.846, 1769859915.001, 1769859915.036"
1.0,0,1769859913.8461,53.8738,27,32,59,0.0513,0.0882,0.3157,1.0,0.0,98.84,1.8123,52.9251,52.9251,10457.0866,1769859969.5390542,10.42,260,2498,0.561,17,0,0,8.17,15.0,0,3936,1769859914.757,-52.765,meta-llama/Llama-3.2-1B-Instruct,"1769859914.757, 1769859914.758, 1769859914.846, 1769859915.001, 1769859915.036"
1.0,0,1769859914.0363,55.5221,27,32,59,0.0911,0.0834,0.0862,1.0,0.0,98.84,1.6585,54.6132,54.6132,10511.6998,1769859971.220962,10.4,260,2499,0.59,16,0,0,8.17,15.0,0,3936,1769859914.757,-52.765,meta-llama/Llama-3.2-1B-Instruct,"1769859914.757, 1769859914.758, 1769859914.846, 1769859915.001, 1769859915.036"
1.0,0,1769859914.0378,55.6585,27,32,59,0.0851,0.0754,0.0875,1.0,0.0,98.84,1.6126,54.7436,54.7436,10566.4434,1769859971.3108592,10.4,260,2500,0.591,17,0,0,8.17,15.0,0,3936,1769859914.757,-52.765,meta-llama/Llama-3.2-1B-Instruct,"1769859914.757, 1769859914.758, 1769859914.846, 1769859915.001, 1769859915.036"
1.0,0,1769859914.1669,55.6629,27,32,59,0.061,0.0639,0.0654,1.0,0.0,98.84,1.5195,54.7238,54.7238,10675.9463,1769859971.3614264,10.4,260,2502,0.592,18,0,0,8.17,15.0,0,3936,1769859914.757,-52.765,meta-llama/Llama-3.2-1B-Instruct,"1769859914.757, 1769859914.758, 1769859914.846, 1769859915.001, 1769859915.036"
1.0,0,1769859914.1007,55.6608,27,32,59,0.1182,0.0648,0.0668,1.0,0.0,98.84,1.5948,54.779,54.779,10675.9463,1769859971.3628905,10.39,260,2502,0.591,17,0,0,8.17,15.0,0,3936,1769859914.757,-52.765,meta-llama/Llama-3.2-1B-Instruct,"1769859914.757, 1769859914.758, 1769859914.846, 1769859915.001, 1769859915.036"
1.0,0,1769859914.1787,57.2057,27,32,59,0.0669,0.0883,0.1198,1.0,0.0,98.85,1.6648,56.2725,56.2725,10732.2188,1769859973.0500987,10.39,260,2503,0.596,16,0,0,8.17,15.0,0,4050,1769859915.255,-57.268,meta-llama/Llama-3.2-1B-Instruct,"1769859915.255, 1769859915.315, 1769859915.459, 1769859915.461, 1769859915.463"
1.0,0,1769859914.2508,57.2052,27,32,59,0.1226,0.0608,0.0852,1.0,0.0,98.85,1.6278,56.3278,56.3278,10844.874,1769859973.086093,10.38,260,2505,0.596,16,0,0,8.17,15.0,0,4050,1769859915.255,-57.268,meta-llama/Llama-3.2-1B-Instruct,"1769859915.255, 1769859915.315, 1769859915.459, 1769859915.461, 1769859915.463"
1.0,0,1769859914.2525,57.2554,27,32,59,0.072,0.065,0.0831,1.0,0.0,98.85,1.5747,56.3274,56.3274,10844.874,1769859973.086414,10.38,260,2505,0.596,17,0,0,8.17,15.0,0,4050,1769859915.255,-57.268,meta-llama/Llama-3.2-1B-Instruct,"1769859915.255, 1769859915.315, 1769859915.459, 1769859915.461, 1769859915.463"
1.0,0,1769859914.2539,57.3183,27,32,59,0.0985,0.0618,0.0707,1.0,0.0,98.85,1.5636,56.4168,56.4168,10901.2908,1769859973.138524,10.38,260,2506,0.597,18,1,0,8.17,15.0,0,4050,1769859915.255,-57.268,meta-llama/Llama-3.2-1B-Instruct,"1769859915.255, 1769859915.315, 1769859915.459, 1769859915.461, 1769859915.463"
1.0,0,1769859914.2553,58.9339,27,32,59,0.0718,0.078,0.0865,1.0,0.0,98.85,1.6497,58.0057,58.0057,10959.2964,1769859974.8404078,10.37,260,2507,0.601,16,0,0,8.17,15.0,0,4050,1769859915.255,-57.268,meta-llama/Llama-3.2-1B-Instruct,"1769859915.255, 1769859915.315, 1769859915.459, 1769859915.461, 1769859915.463"
1.0,0,1769859914.3153,58.9519,27,32,59,0.0655,0.0821,0.0879,1.0,0.0,98.85,1.6141,58.0174,58.0174,11017.3139,1769859974.8847487,10.37,260,2508,0.601,16,0,0,8.17,15.0,0,4050,1769859915.255,-57.268,meta-llama/Llama-3.2-1B-Instruct,"1769859915.255, 1769859915.315, 1769859915.459, 1769859915.461, 1769859915.463"
1.0,0,1769859914.4591,58.8905,27,32,59,0.0699,0.0578,0.0877,1.0,0.0,98.85,1.5769,57.9603,57.9603,11075.2742,1769859974.928994,10.36,260,2509,0.602,17,0,0,8.17,15.0,0,4050,1769859915.255,-57.268,meta-llama/Llama-3.2-1B-Instruct,"1769859915.255, 1769859915.315, 1769859915.459, 1769859915.461, 1769859915.463"
1.0,0,1769859914.4609,58.9383,27,32,59,0.1059,0.0676,0.0694,1.0,0.0,98.85,1.585,58.0442,58.0442,11133.3185,1769859974.9858165,10.36,260,2510,0.602,18,0,0,8.17,15.0,0,4050,1769859915.255,-57.268,meta-llama/Llama-3.2-1B-Instruct,"1769859915.255, 1769859915.315, 1769859915.459, 1769859915.461, 1769859915.463"
1.0,0,1769859914.7113,60.4812,27,0,27,,,,1.0,,,0.0606,59.5418,59.5418,11192.8602,1769859975.253674,10.35,260,2511,0.608,18,0,0,8.17,15.0,0,4050,1769859915.255,-57.268,meta-llama/Llama-3.2-1B-Instruct,"1769859915.255, 1769859915.315, 1769859915.459, 1769859915.461, 1769859915.463"
1.0,0,1769859914.6227,60.5191,27,6,33,0.0969,0.0842,0.0842,1.0,0.0,98.85,0.4374,59.6159,59.6159,11252.4761,1769859975.589356,10.35,260,2512,0.607,17,1,0,8.17,15.0,0,4050,1769859915.255,-57.268,meta-llama/Llama-3.2-1B-Instruct,"1769859915.255, 1769859915.315, 1769859915.459, 1769859915.461, 1769859915.463"
200.0,1,1769859706.0173,215.3085,2664,1028,3692,0.3935,0.0761,0.1864,200.0,0.0,98.85,54.4004,69.7089,69.7089,11599.997,1769859975.7465508,10.35,260,2517,0.004,9,0,0,8.17,15.0,0,4050,1769859915.255,-57.268,meta-llama/Llama-3.2-1B-Instruct,"1769859915.255, 1769859915.315, 1769859915.459, 1769859915.461, 1769859915.463"
200.0,1,1769859706.4216,215.2908,2429,1031,3460,1.4695,0.075,0.1137,200.0,0.0,98.85,54.0152,69.306,69.306,11599.997,1769859975.7471662,10.34,260,2517,0.113,14,1,0,8.17,15.0,0,4050,1769859915.255,-57.268,meta-llama/Llama-3.2-1B-Instruct,"1769859915.255, 1769859915.315, 1769859915.459, 1769859915.461, 1769859915.463"
200.0,1,1769859706.5439,215.4858,2899,1027,3926,1.1475,0.0762,0.1314,200.0,0.0,98.85,53.7011,69.187,69.187,11599.997,1769859975.7480516,10.33,260,2517,0.113,14,1,0,8.17,15.0,0,4050,1769859915.255,-57.268,meta-llama/Llama-3.2-1B-Instruct,"1769859915.255, 1769859915.315, 1769859915.459, 1769859915.461, 1769859915.463"
200.0,1,1769859706.052,215.3664,2906,1027,3933,1.2263,0.0788,0.2185,200.0,0.0,98.85,54.3117,69.6781,69.6781,11599.997,1769859975.7485723,10.34,260,2517,0.004,9,1,0,8.17,15.0,0,4050,1769859915.255,-57.268,meta-llama/Llama-3.2-1B-Instruct,"1769859915.255, 1769859915.315, 1769859915.459, 1769859915.461, 1769859915.463"
200.0,1,1769859706.0999,215.3802,2808,1023,3831,1.1611,0.0819,0.1912,200.0,0.0,98.85,54.2607,69.6409,69.6409,11599.997,1769859975.7577987,10.33,260,2517,0.029,10,0,0,8.17,15.0,0,4050,1769859915.255,-57.268,meta-llama/Llama-3.2-1B-Instruct,"1769859915.255, 1769859915.315, 1769859915.459, 1769859915.461, 1769859915.463"
1.0,0,1769859914.4625,60.5418,27,31,58,0.1287,0.1122,0.4152,1.0,0.0,98.85,1.9593,59.6705,59.6705,11719.2681,1769859976.9769437,10.33,260,2519,0.607,16,0,0,8.17,15.0,0,4050,1769859915.255,-57.268,meta-llama/Llama-3.2-1B-Instruct,"1769859915.255, 1769859915.315, 1769859915.459, 1769859915.461, 1769859915.463"
1.0,0,1769859914.5336,60.5427,27,32,59,0.0578,0.0971,0.4154,1.0,0.0,98.85,1.896,59.6005,59.6005,11719.2681,1769859976.9784937,10.32,260,2519,0.607,16,0,0,8.17,15.0,0,4050,1769859915.255,-57.268,meta-llama/Llama-3.2-1B-Instruct,"1769859915.255, 1769859915.315, 1769859915.459, 1769859915.461, 1769859915.463"
1.0,0,1769859914.7954,60.5956,27,32,59,0.083,0.0896,0.4182,1.0,0.0,98.85,1.7767,59.6786,59.6786,11778.9467,1769859977.1811996,10.32,260,2520,0.609,19,0,0,8.17,15.0,0,4050,1769859915.255,-57.268,meta-llama/Llama-3.2-1B-Instruct,"1769859915.255, 1769859915.315, 1769859915.459, 1769859915.461, 1769859915.463"
1.0,0,1769859914.8722,60.8344,27,32,59,0.0958,0.4249,0.9857,1.0,0.0,98.85,2.7012,59.9303,59.9303,11838.877,1769859978.4179218,10.31,260,2521,0.61,19,0,0,8.17,15.0,0,4184,1769859916.389,-61.177,meta-llama/Llama-3.2-1B-Instruct,"1769859916.389, 1769859916.473, 1769859916.536, 1769859916.599, 1769859916.601"
1.0,0,1769859914.8738,61.0407,27,32,59,0.0754,0.4168,0.9849,1.0,0.0,98.85,3.1239,60.1161,60.1161,11898.9931,1769859979.0409274,10.31,260,2522,0.432,15,0,0,8.17,15.0,0,4184,1769859916.389,-61.177,meta-llama/Llama-3.2-1B-Instruct,"1769859916.389, 1769859916.473, 1769859916.536, 1769859916.599, 1769859916.601"
1.0,0,1769859914.8768,61.2165,27,32,59,0.0582,0.4174,0.9802,1.0,0.0,98.85,3.1358,60.2747,60.2747,12019.5334,1769859979.2329385,10.31,260,2524,0.433,16,0,0,8.17,15.0,0,4184,1769859916.389,-61.177,meta-llama/Llama-3.2-1B-Instruct,"1769859916.389, 1769859916.473, 1769859916.536, 1769859916.599, 1769859916.601"
1.0,0,1769859914.8752,61.174,27,32,59,0.0916,0.408,0.9947,1.0,0.0,98.85,3.1828,60.2656,60.2656,12019.5334,1769859979.2359982,10.3,260,2524,0.433,15,0,0,8.17,15.0,0,4184,1769859916.389,-61.177,meta-llama/Llama-3.2-1B-Instruct,"1769859916.389, 1769859916.473, 1769859916.536, 1769859916.599, 1769859916.601"
1.0,0,1769859914.8782,61.3025,27,32,59,0.0993,0.9832,0.9892,1.0,0.0,98.86,4.1064,60.4019,60.4019,12079.9353,1769859980.2981234,10.3,260,2525,0.434,18,0,0,8.17,15.0,0,4184,1769859916.389,-61.177,meta-llama/Llama-3.2-1B-Instruct,"1769859916.389, 1769859916.473, 1769859916.536, 1769859916.599, 1769859916.601"
200.0,1,1769859707.4084,217.2711,3556,1028,4584,0.857,0.0765,0.3122,200.0,0.0,98.86,56.0389,73.3101,73.3101,12226.642,1769859980.7386205,10.29,260,2527,0.193,16,1,0,8.17,15.0,0,4184,1769859916.389,-61.177,meta-llama/Llama-3.2-1B-Instruct,"1769859916.389, 1769859916.473, 1769859916.536, 1769859916.599, 1769859916.601"
200.0,1,1769859707.3382,217.1448,2706,1028,3734,0.3977,0.0782,0.3284,200.0,0.0,98.86,56.252,73.3967,73.3967,12226.642,1769859980.7490518,10.29,260,2527,0.166,14,0,0,8.17,15.0,0,4184,1769859916.389,-61.177,meta-llama/Llama-3.2-1B-Instruct,"1769859916.389, 1769859916.473, 1769859916.536, 1769859916.599, 1769859916.601"
200.0,1,1769859707.5709,218.2486,4900,1031,5931,1.0523,0.0793,0.2073,200.0,0.0,98.86,55.2387,73.4873,73.4873,12373.6953,1769859981.0771046,10.28,260,2529,0.282,18,0,0,8.17,15.0,0,4184,1769859916.389,-61.177,meta-llama/Llama-3.2-1B-Instruct,"1769859916.389, 1769859916.473, 1769859916.536, 1769859916.599, 1769859916.601"
200.0,1,1769859707.5028,218.1893,2972,1026,3998,0.3855,0.0774,0.312,200.0,0.0,98.86,55.3766,73.566,73.566,12373.6953,1769859981.0837588,10.28,260,2529,0.254,18,0,0,8.17,15.0,0,4184,1769859916.389,-61.177,meta-llama/Llama-3.2-1B-Instruct,"1769859916.389, 1769859916.473, 1769859916.536, 1769859916.599, 1769859916.601"
200.0,1,1769859707.7038,219.6054,4212,1018,5230,0.9419,0.079,0.2061,200.0,0.0,98.86,54.2533,73.8587,73.8587,12595.2777,1769859981.5775735,10.27,260,2532,0.374,17,1,0,8.17,15.0,0,4184,1769859916.389,-61.177,meta-llama/Llama-3.2-1B-Instruct,"1769859916.389, 1769859916.473, 1769859916.536, 1769859916.599, 1769859916.601"
200.0,1,1769859707.7609,219.5837,2756,1028,3784,0.9051,0.0793,0.1974,200.0,0.0,98.86,54.2164,73.8001,73.8001,12595.2777,1769859981.578572,10.28,260,2532,0.374,17,1,0,8.17,15.0,0,4184,1769859916.389,-61.177,meta-llama/Llama-3.2-1B-Instruct,"1769859916.389, 1769859916.473, 1769859916.536, 1769859916.599, 1769859916.601"
200.0,1,1769859707.6491,219.5348,2528,1024,3552,0.3353,0.0788,0.2059,200.0,0.0,98.86,54.3888,73.9235,73.9235,12595.2777,1769859981.5904193,10.27,260,2532,0.35,17,0,0,8.17,15.0,0,4184,1769859916.389,-61.177,meta-llama/Llama-3.2-1B-Instruct,"1769859916.389, 1769859916.473, 1769859916.536, 1769859916.599, 1769859916.601"
200.0,1,1769859707.8773,220.6379,3424,1024,4448,0.6697,0.0778,0.1306,200.0,0.0,98.86,53.3072,73.9451,73.9451,12743.225,1769859981.8388019,10.26,260,2534,0.441,18,0,0,8.17,15.0,0,4184,1769859916.389,-61.177,meta-llama/Llama-3.2-1B-Instruct,"1769859916.389, 1769859916.473, 1769859916.536, 1769859916.599, 1769859916.601"
200.0,1,1769859707.819,220.6263,3365,1027,4392,0.4004,0.0802,0.1891,200.0,0.0,98.86,53.376,74.0023,74.0023,12743.225,1769859981.8391433,10.26,260,2534,0.441,18,0,0,8.17,15.0,0,4184,1769859916.389,-61.177,meta-llama/Llama-3.2-1B-Instruct,"1769859916.389, 1769859916.473, 1769859916.536, 1769859916.599, 1769859916.601"
1.0,0,1769859915.6014,64.9077,27,32,59,0.1085,0.096,0.963,1.0,0.0,98.86,2.5264,64.0162,64.0162,12807.2412,1769859983.0429945,10.26,260,2535,0.667,19,0,0,8.17,15.0,0,4304,1769859916.888,-65.684,meta-llama/Llama-3.2-1B-Instruct,"1769859916.888, 1769859916.947, 1769859916.997, 1769859917.040, 1769859917.104"
1.0,0,1769859915.6029,65.2914,27,31,58,0.0951,0.0796,0.9636,1.0,0.0,98.86,2.407,64.3865,64.3865,12871.6277,1769859983.305652,10.25,260,2536,0.59,18,0,0,8.17,15.0,0,4304,1769859916.888,-65.684,meta-llama/Llama-3.2-1B-Instruct,"1769859916.888, 1769859916.947, 1769859916.997, 1769859917.040, 1769859917.104"
1.0,0,1769859915.6043,65.3531,27,32,59,0.1144,0.0747,0.9686,1.0,0.0,98.86,2.3726,64.4675,64.4675,12936.0952,1769859983.3376985,10.25,260,2537,0.59,18,0,0,8.17,15.0,0,4304,1769859916.888,-65.684,meta-llama/Llama-3.2-1B-Instruct,"1769859916.888, 1769859916.947, 1769859916.997, 1769859917.040, 1769859917.104"
1.0,0,1769859915.6058,65.5831,27,32,59,0.0805,0.742,0.9634,1.0,0.0,98.86,3.0218,64.6635,64.6635,13000.7587,1769859984.2140393,10.24,260,2538,0.497,18,0,0,8.17,15.0,0,4304,1769859916.888,-65.684,meta-llama/Llama-3.2-1B-Instruct,"1769859916.888, 1769859916.947, 1769859916.997, 1769859917.040, 1769859917.104"
1.0,0,1769859915.6751,65.571,27,32,59,0.1068,0.7356,0.9561,1.0,0.0,98.86,2.9909,64.6777,64.6777,13065.4365,1769859984.2440078,10.24,260,2539,0.498,18,0,0,8.17,15.0,0,4304,1769859916.888,-65.684,meta-llama/Llama-3.2-1B-Instruct,"1769859916.888, 1769859916.947, 1769859916.997, 1769859917.040, 1769859917.104"
1.0,0,1769859915.6765,66.0303,27,32,59,0.0678,0.7711,0.9683,1.0,0.0,98.86,3.7037,65.0981,65.0981,13130.5346,1769859985.4172983,10.24,260,2540,0.381,17,0,0,8.17,15.0,0,4304,1769859916.888,-65.684,meta-llama/Llama-3.2-1B-Instruct,"1769859916.888, 1769859916.947, 1769859916.997, 1769859917.040, 1769859917.104"
1.0,0,1769859915.678,66.1925,27,32,59,0.0514,0.7758,0.9744,1.0,0.0,98.86,3.7279,65.2439,65.2439,13195.7784,1769859985.6058705,10.23,260,2541,0.298,16,0,0,8.17,15.0,0,4304,1769859916.888,-65.684,meta-llama/Llama-3.2-1B-Instruct,"1769859916.888, 1769859916.947, 1769859916.997, 1769859917.040, 1769859917.104"
200.0,1,1769859716.3893,262.1405,2680,75,2755,0.3449,0.7365,0.976,200.0,0.0,98.86,7.1738,69.3143,69.3143,13265.0927,1769859985.7148967,10.23,260,2542,0.559,19,0,0,8.17,15.0,0,4304,1769859916.888,-65.684,meta-llama/Llama-3.2-1B-Instruct,"1769859916.888, 1769859916.947, 1769859916.997, 1769859917.040, 1769859917.104"
1.0,0,1769859915.9969,67.5069,27,32,59,0.6046,0.6015,0.7557,1.0,0.0,98.86,3.3392,67.1116,67.1116,13332.2043,1769859986.8484728,10.22,260,2543,0.412,18,0,0,8.17,15.0,0,4304,1769859916.888,-65.684,meta-llama/Llama-3.2-1B-Instruct,"1769859916.888, 1769859916.947, 1769859916.997, 1769859917.040, 1769859917.104"
1.0,0,1769859916.1199,69.4793,27,32,59,0.1063,0.082,0.6047,1.0,0.0,98.86,2.1226,68.5856,68.5856,13400.7899,1769859987.7233295,10.22,260,2544,0.51,19,0,0,8.17,15.0,0,4433,1769859917.271,-70.321,meta-llama/Llama-3.2-1B-Instruct,"1769859917.271, 1769859917.369, 1769859917.384, 1769859917.423, 1769859917.424"
1.0,0,1769859916.1216,69.6375,27,32,59,0.0947,0.0791,0.5936,1.0,0.0,98.86,2.0817,68.7322,68.7322,13469.5221,1769859987.8465004,10.22,260,2545,0.483,18,0,0,8.17,15.0,0,4433,1769859917.271,-70.321,meta-llama/Llama-3.2-1B-Instruct,"1769859917.271, 1769859917.369, 1769859917.384, 1769859917.423, 1769859917.424"
1.0,0,1769859916.265,70.6907,27,32,59,0.0969,0.0762,0.615,1.0,0.0,98.87,2.0762,69.7876,69.7876,13539.3097,1769859989.0482183,10.21,260,2546,0.534,19,0,0,8.17,15.0,0,4433,1769859917.271,-70.321,meta-llama/Llama-3.2-1B-Instruct,"1769859917.271, 1769859917.369, 1769859917.384, 1769859917.423, 1769859917.424"
1.0,0,1769859916.3841,72.8166,27,32,59,0.1109,0.0598,0.063,1.0,0.0,98.87,1.561,71.9275,71.9275,13611.2372,1769859990.772715,10.21,260,2547,0.591,19,0,0,8.17,15.0,0,4433,1769859917.271,-70.321,meta-llama/Llama-3.2-1B-Instruct,"1769859917.271, 1769859917.369, 1769859917.384, 1769859917.423, 1769859917.424"
1.0,0,1769859916.4228,74.5129,27,32,59,0.0873,0.0616,0.3538,1.0,0.0,98.87,1.5659,73.6001,73.6001,13768.3938,1769859992.5025127,10.2,260,2549,0.598,19,0,0,8.17,15.0,0,4433,1769859917.271,-70.321,meta-llama/Llama-3.2-1B-Instruct,"1769859917.271, 1769859917.369, 1769859917.384, 1769859917.423, 1769859917.424"
200.0,1,1769859708.9453,227.3218,2608,1024,3632,0.3613,0.0768,0.3342,200.0,0.0,98.87,56.2346,83.5565,83.5565,13768.3938,1769859992.5166335,10.2,260,2549,0.505,18,0,0,8.17,15.0,0,4433,1769859917.271,-70.321,meta-llama/Llama-3.2-1B-Instruct,"1769859917.271, 1769859917.369, 1769859917.384, 1769859917.423, 1769859917.424"
1.0,0,1769859916.4243,76.2177,27,32,59,0.0658,0.099,0.3717,1.0,0.0,98.87,1.9221,75.2835,75.2835,13843.6773,1769859994.5661378,10.2,260,2550,0.57,18,0,0,8.17,15.0,0,4541,1769859917.436,-75.188,meta-llama/Llama-3.2-1B-Instruct,"1769859917.436, 1769859917.496, 1769859917.521, 1769859917.593, 1769859917.632"
1.0,0,1769859916.4956,78.2289,27,32,59,0.06,0.056,0.0561,1.0,0.0,98.87,1.5536,77.2888,77.2888,13920.9661,1769859996.2788477,10.19,260,2551,0.607,19,0,0,8.17,15.0,0,4541,1769859917.436,-75.188,meta-llama/Llama-3.2-1B-Instruct,"1769859917.436, 1769859917.496, 1769859917.521, 1769859917.593, 1769859917.632"
200.0,1,1769859717.369,270.6421,2525,468,2993,0.4935,0.0638,0.3142,200.0,0.0,98.87,24.4616,95.1037,95.1037,14016.0699,1769860012.4889603,10.19,260,2552,0.565,19,0,0,8.17,15.0,0,4909,1769859917.593,-90.376,meta-llama/Llama-3.2-1B-Instruct,"1769859917.593, 1769859917.632, 1769859917.678, 1769859917.706, 1769859917.749"
200.0,1,1769859716.2874,260.9451,3240,648,3888,0.9377,0.0724,0.4895,200.0,0.0,98.87,38.9073,99.8523,99.8523,14115.9222,1769860016.1549058,10.18,260,2553,0.47,17,0,0,8.17,15.0,0,5026,1769859917.632,-95.37,meta-llama/Llama-3.2-1B-Instruct,"1769859917.632, 1769859917.678, 1769859917.706, 1769859917.749, 1769859917.797"
1.0,0,1769859916.6318,99.7034,27,32,59,0.0902,0.0657,0.3427,1.0,0.0,98.87,1.7067,98.7937,98.7937,14214.7159,1769860018.043107,10.18,260,2554,0.687,19,0,0,8.17,15.0,0,5162,1769859917.678,-100.359,meta-llama/Llama-3.2-1B-Instruct,"1769859917.678, 1769859917.706, 1769859917.749, 1769859917.797, 1769859917.865"
200.0,1,1769859715.0007,253.0285,2678,1027,3705,0.349,0.0745,0.3884,200.0,0.0,98.87,59.1991,112.2275,112.2275,14326.9434,1769860027.2509356,10.18,260,2555,0.562,19,0,0,8.17,15.0,0,5292,1769859917.706,-105.373,meta-llama/Llama-3.2-1B-Instruct,"1769859917.706, 1769859917.749, 1769859917.797, 1769859917.865, 1769859917.866"
1.0,0,1769859916.7058,110.7333,27,32,59,0.0823,0.0673,0.068,1.0,0.0,98.87,1.7369,109.8156,109.8156,14436.759,1769860029.1814892,10.17,260,2556,0.719,19,0,0,8.17,15.0,0,5412,1769859917.749,-110.384,meta-llama/Llama-3.2-1B-Instruct,"1769859917.749, 1769859917.797, 1769859917.865, 1769859917.866, 1769859917.938"
200.0,1,1769859717.7487,311.5625,2714,0,2714,,,,200.0,,,0.3582,111.9206,111.9206,14548.6797,1769860029.6820571,10.17,260,2557,0.726,19,0,0,8.17,15.0,0,5412,1769859917.749,-110.384,meta-llama/Llama-3.2-1B-Instruct,"1769859917.749, 1769859917.797, 1769859917.865, 1769859917.866, 1769859917.938"
200.0,1,1769859716.1977,260.0548,3730,1029,4759,0.4457,0.0706,0.3915,200.0,0.0,98.87,60.3939,120.4487,120.4487,14669.1283,1769860036.6677144,10.16,260,2558,0.434,18,0,0,8.17,15.0,0,5549,1769859917.865,-115.323,meta-llama/Llama-3.2-1B-Instruct,"1769859917.865, 1769859917.866, 1769859917.938, 1769859917.940, 1769859917.942"
200.0,1,1769859716.3361,260.9833,2877,1027,3904,0.85,0.0721,0.3721,200.0,0.0,98.87,60.3256,121.309,121.309,14911.8423,1769860037.661485,10.16,260,2560,0.5,18,0,0,8.17,15.0,0,5549,1769859917.865,-115.323,meta-llama/Llama-3.2-1B-Instruct,"1769859917.865, 1769859917.866, 1769859917.938, 1769859917.940, 1769859917.942"
200.0,1,1769859716.2387,260.8837,3059,1023,4082,0.4327,0.0697,0.3856,200.0,0.0,98.87,60.5212,121.4049,121.4049,14911.8423,1769860037.6641958,10.16,260,2560,0.471,18,0,0,8.17,15.0,0,5549,1769859917.865,-115.323,meta-llama/Llama-3.2-1B-Instruct,"1769859917.865, 1769859917.866, 1769859917.938, 1769859917.940, 1769859917.942"
1.0,0,1769859916.8658,120.9925,27,1,28,0.1488,,,1.0,,,0.2142,120.1414,120.1414,15031.9836,1769860038.0737972,10.15,260,2561,0.686,18,0,0,8.17,15.0,0,5549,1769859917.865,-115.323,meta-llama/Llama-3.2-1B-Instruct,"1769859917.865, 1769859917.866, 1769859917.938, 1769859917.940, 1769859917.942"
200.0,1,1769859716.5991,262.8063,2735,1025,3760,0.805,0.0689,0.3765,200.0,0.0,98.87,59.2168,122.0231,122.0231,15398.2648,1769860038.6406064,10.15,260,2564,0.609,18,0,0,8.17,15.0,0,5660,1769859917.942,-120.257,meta-llama/Llama-3.2-1B-Instruct,"1769859917.942, 1769859917.999, 1769859918.001, 1769859918.014, 1769859918.083"
200.0,1,1769859716.4726,262.7431,2667,1025,3692,0.372,0.0701,0.3752,200.0,0.0,98.87,59.4157,122.1588,122.1588,15398.2648,1769860038.6448858,10.14,260,2564,0.585,19,0,0,8.17,15.0,0,5660,1769859917.942,-120.257,meta-llama/Llama-3.2-1B-Instruct,"1769859917.942, 1769859917.999, 1769859918.001, 1769859918.014, 1769859918.083"
200.0,1,1769859716.5363,262.7979,3339,1030,4369,0.8738,0.0697,0.3709,200.0,0.0,98.87,59.3015,122.0993,122.0993,15398.2648,1769860038.6503184,10.14,260,2564,0.609,18,0,0,8.17,15.0,0,5660,1769859917.942,-120.257,meta-llama/Llama-3.2-1B-Instruct,"1769859917.942, 1769859917.999, 1769859918.001, 1769859918.014, 1769859918.083"
1.0,0,1769859916.9381,121.0011,27,32,59,0.0695,0.0921,0.3595,1.0,0.0,98.87,1.9849,120.0707,120.0707,15518.3354,1769860039.9263723,10.14,260,2565,0.686,18,1,0,8.17,15.0,0,5660,1769859917.942,-120.257,meta-llama/Llama-3.2-1B-Instruct,"1769859917.942, 1769859917.999, 1769859918.001, 1769859918.014, 1769859918.083"
1.0,0,1769859916.9396,121.2641,27,32,59,0.0978,0.316,0.3662,1.0,0.0,98.87,2.1654,120.3619,120.3619,15638.6973,1769860040.440414,10.13,260,2566,0.687,19,0,0,8.17,15.0,0,5660,1769859917.942,-120.257,meta-llama/Llama-3.2-1B-Instruct,"1769859917.942, 1769859917.999, 1769859918.001, 1769859918.014, 1769859918.083"
1.0,0,1769859916.9991,121.8562,27,32,59,0.3292,0.3155,0.3538,1.0,0.0,98.87,2.1655,121.1854,121.1854,16008.3674,1769860041.0257165,10.13,260,2569,0.577,17,0,0,8.17,15.0,0,5660,1769859917.942,-120.257,meta-llama/Llama-3.2-1B-Instruct,"1769859917.942, 1769859917.999, 1769859918.001, 1769859918.014, 1769859918.083"
1.0,0,1769859917.0012,121.9128,27,32,59,0.2687,0.3413,0.3617,1.0,0.0,98.87,2.1121,121.1815,121.1815,16253.8914,1769860041.0282824,10.12,260,2571,0.604,18,1,0,8.17,15.0,0,5660,1769859917.942,-120.257,meta-llama/Llama-3.2-1B-Instruct,"1769859917.942, 1769859917.999, 1769859918.001, 1769859918.014, 1769859918.083"
200.0,1,1769859716.8139,265.3108,2499,1016,3515,0.8111,0.0686,0.3596,200.0,0.0,98.87,58.8999,124.2107,124.2107,16253.8914,1769860041.040385,10.12,260,2571,0.329,18,0,0,8.17,15.0,0,5660,1769859917.942,-120.257,meta-llama/Llama-3.2-1B-Instruct,"1769859917.942, 1769859917.999, 1769859918.001, 1769859918.014, 1769859918.083"
200.0,1,1769859716.7514,265.3683,3069,1017,4086,0.8171,0.0713,0.3683,200.0,0.0,98.88,58.9056,124.2739,124.2739,16253.8914,1769860041.0431015,10.12,260,2571,0.299,17,0,0,8.17,15.0,0,5660,1769859917.942,-120.257,meta-llama/Llama-3.2-1B-Instruct,"1769859917.942, 1769859917.999, 1769859918.001, 1769859918.014, 1769859918.083"
200.0,1,1769859716.6852,265.2531,3182,1024,4206,0.4248,0.069,0.3678,200.0,0.0,98.88,59.0893,124.3424,124.3424,16253.8914,1769860041.0438411,10.11,260,2571,0.299,17,0,0,8.17,15.0,0,5660,1769859917.942,-120.257,meta-llama/Llama-3.2-1B-Instruct,"1769859917.942, 1769859917.999, 1769859918.001, 1769859918.014, 1769859918.083"
200.0,1,1769859716.9472,266.4928,3285,1026,4311,0.6696,0.0706,0.3628,200.0,0.0,98.88,58.9727,125.4655,125.4655,16504.8858,1769860042.42996,10.11,260,2573,0.382,17,0,0,8.17,15.0,0,5660,1769859917.942,-120.257,meta-llama/Llama-3.2-1B-Instruct,"1769859917.942, 1769859917.999, 1769859918.001, 1769859918.014, 1769859918.083"
200.0,1,1769859716.8883,266.4425,3143,1026,4169,0.4398,0.0699,0.3644,200.0,0.0,98.88,59.0863,125.5289,125.5289,16504.8858,1769860042.4351952,10.1,260,2573,0.383,19,0,0,8.17,15.0,0,5660,1769859917.942,-120.257,meta-llama/Llama-3.2-1B-Instruct,"1769859917.942, 1769859917.999, 1769859918.001, 1769859918.014, 1769859918.083"
200.0,1,1769859717.0396,267.3327,3516,1029,4545,0.462,0.0689,0.3701,200.0,0.0,98.88,58.7277,126.0604,126.0604,16756.9529,1769860043.1173017,10.1,260,2575,0.444,18,0,0,8.17,15.0,0,5660,1769859917.942,-120.257,meta-llama/Llama-3.2-1B-Instruct,"1769859917.942, 1769859917.999, 1769859918.001, 1769859918.014, 1769859918.083"
200.0,1,1769859717.1044,267.4307,3339,1022,4361,0.6432,0.0677,0.3607,200.0,0.0,98.88,58.576,126.0067,126.0067,16756.9529,1769860043.1315904,10.1,260,2575,0.444,18,0,0,8.17,15.0,0,5660,1769859917.942,-120.257,meta-llama/Llama-3.2-1B-Instruct,"1769859917.942, 1769859917.999, 1769859918.001, 1769859918.014, 1769859918.083"
1.0,0,1769859917.083,123.4952,27,32,59,0.2676,0.3517,1.0096,1.0,0.0096,98.84,3.2312,122.7628,122.7628,16879.7158,1769860043.810265,10.09,260,2576,0.635,19,0,0,8.17,15.0,0,5795,1769859918.381,-124.877,meta-llama/Llama-3.2-1B-Instruct,"1769859918.381, 1769859918.447, 1769859918.455, 1769859918.463, 1769859918.543"
1.0,0,1769859917.3147,125.3185,27,13,40,0.3073,0.3367,0.3367,1.0,0.0,98.84,1.2505,124.6259,124.6259,17004.3416,1769860043.8856235,10.09,260,2577,0.53,18,0,0,8.17,15.0,0,5795,1769859918.381,-124.877,meta-llama/Llama-3.2-1B-Instruct,"1769859918.381, 1769859918.447, 1769859918.455, 1769859918.463, 1769859918.543"
1.0,0,1769859917.4474,126.5037,27,0,27,,,,1.0,,,0.0975,125.6012,125.6012,17129.9428,1769860044.0540023,10.09,260,2578,0.502,18,0,0,8.17,15.0,0,5795,1769859918.381,-124.877,meta-llama/Llama-3.2-1B-Instruct,"1769859918.381, 1769859918.447, 1769859918.455, 1769859918.463, 1769859918.543"
200.0,1,1769859717.2034,268.6527,5028,1024,6052,0.6566,0.0704,0.3627,200.0,0.0,98.84,58.7174,127.3701,127.3701,17257.3129,1769860044.596374,10.08,260,2579,0.484,18,0,0,8.17,15.0,0,5795,1769859918.381,-124.877,meta-llama/Llama-3.2-1B-Instruct,"1769859918.381, 1769859918.447, 1769859918.455, 1769859918.463, 1769859918.543"
1.0,0,1769859917.2586,124.1387,27,32,59,0.815,0.3429,0.415,1.0,0.0,98.84,3.3083,123.9537,123.9537,17505.2135,1769860044.71415,10.08,260,2581,0.548,16,0,0,8.17,15.0,0,5795,1769859918.381,-124.877,meta-llama/Llama-3.2-1B-Instruct,"1769859918.381, 1769859918.447, 1769859918.455, 1769859918.463, 1769859918.543"
1.0,0,1769859917.3294,125.9453,27,32,59,0.0962,0.3331,0.4082,1.0,0.0,98.84,2.2733,125.0415,125.0415,17630.255,1769860045.5517695,10.07,260,2582,0.472,18,0,0,8.17,15.0,0,5795,1769859918.381,-124.877,meta-llama/Llama-3.2-1B-Instruct,"1769859918.381, 1769859918.447, 1769859918.455, 1769859918.463, 1769859918.543"
1.0,0,1769859917.4625,126.8893,27,32,59,0.1235,0.0813,0.3059,1.0,0.0,98.84,1.8285,126.0128,126.0128,17756.2678,1769860046.1927912,10.07,260,2583,0.533,19,0,0,8.17,15.0,0,5795,1769859918.381,-124.877,meta-llama/Llama-3.2-1B-Instruct,"1769859918.381, 1769859918.447, 1769859918.455, 1769859918.463, 1769859918.543"
200.0,1,1769859717.2706,270.5971,2976,1026,4002,0.4119,0.0709,0.3592,200.0,0.0,98.84,58.4107,129.0078,129.0078,17885.2756,1769860046.2936268,10.06,260,2584,0.537,18,0,0,8.17,15.0,0,5795,1769859918.381,-124.877,meta-llama/Llama-3.2-1B-Instruct,"1769859918.381, 1769859918.447, 1769859918.455, 1769859918.463, 1769859918.543"
200.0,1,1769859718.1478,323.1115,2472,66,2538,0.9448,0.3274,0.6474,200.0,0.0,98.84,5.935,129.0465,129.0465,18014.3221,1769860047.2109203,10.06,260,2585,0.524,15,0,0,8.17,15.0,0,5795,1769859918.381,-124.877,meta-llama/Llama-3.2-1B-Instruct,"1769859918.381, 1769859918.447, 1769859918.455, 1769859918.463, 1769859918.543"
1.0,0,1769859917.5539,127.3355,27,32,59,0.0896,0.2997,0.6522,1.0,0.0,98.84,2.3821,126.425,126.425,18140.7471,1769860047.2790112,10.05,260,2586,0.476,17,0,0,8.17,15.0,0,5795,1769859918.381,-124.877,meta-llama/Llama-3.2-1B-Instruct,"1769859918.381, 1769859918.447, 1769859918.455, 1769859918.463, 1769859918.543"
1.0,0,1769859917.625,127.336,27,32,59,0.0954,0.2969,0.6505,1.0,0.0,98.84,2.3556,126.4314,126.4314,18267.1785,1769860047.323606,10.05,260,2587,0.476,17,1,0,8.17,15.0,0,5795,1769859918.381,-124.877,meta-llama/Llama-3.2-1B-Instruct,"1769859918.381, 1769859918.447, 1769859918.455, 1769859918.463, 1769859918.543"
1.0,0,1769859917.6266,127.8305,27,32,59,0.0828,0.6601,0.7955,1.0,0.0,98.84,3.181,126.9133,126.9133,18394.0918,1769860048.6399958,10.05,260,2588,0.479,19,0,0,8.17,15.0,0,5914,1769859919.12,-129.193,meta-llama/Llama-3.2-1B-Instruct,"1769859919.120, 1769859919.196, 1769859919.226, 1769859919.282, 1769859919.342"
1.0,0,1769859917.9913,129.3827,27,32,59,0.1056,0.5686,0.7897,1.0,0.0,98.84,2.9346,128.4883,128.4883,18522.5801,1769860050.3139536,10.04,260,2589,0.5,17,0,0,8.17,15.0,0,5914,1769859919.12,-129.193,meta-llama/Llama-3.2-1B-Instruct,"1769859919.120, 1769859919.196, 1769859919.226, 1769859919.282, 1769859919.342"
200.0,1,1769859717.4361,275.2778,3323,1025,4348,0.4412,0.0751,0.3726,200.0,0.0,98.84,60.1508,135.4285,135.4285,18658.0086,1769860052.879813,10.04,260,2590,0.57,18,0,0,8.17,15.0,0,5914,1769859919.12,-129.193,meta-llama/Llama-3.2-1B-Instruct,"1769859919.120, 1769859919.196, 1769859919.226, 1769859919.282, 1769859919.342"
1.0,0,1769859918.226,135.1787,27,32,59,0.1059,0.0614,0.0631,1.0,0.0,98.84,1.5994,134.2846,134.2846,18792.2932,1769860055.005418,10.03,260,2591,0.612,19,0,0,8.17,15.0,0,6054,1769859919.282,-134.117,meta-llama/Llama-3.2-1B-Instruct,"1769859919.282, 1769859919.342, 1769859919.404, 1769859919.500, 1769859919.568"
200.0,1,1769859717.521,278.9391,3109,1020,4129,0.428,0.0734,0.3631,200.0,0.0,98.84,60.2508,139.1899,139.1899,18931.4831,1769860056.7290194,10.03,260,2592,0.613,19,0,0,8.17,15.0,0,6054,1769859919.282,-134.117,meta-llama/Llama-3.2-1B-Instruct,"1769859919.282, 1769859919.342, 1769859919.404, 1769859919.500, 1769859919.568"
200.0,1,1769859718.7878,327.5781,2546,285,2831,0.5503,0.0788,0.4338,200.0,0.0,98.85,17.1696,144.7477,144.7477,19076.2309,1769860063.5467608,10.03,260,2593,0.468,18,0,0,8.17,15.0,0,6287,1769859919.404,-144.035,meta-llama/Llama-3.2-1B-Instruct,"1769859919.404, 1769859919.500, 1769859919.568, 1769859919.579, 1769859919.601"
200.0,1,1769859717.5934,295.0624,4032,1029,5061,0.5166,0.0802,0.3567,200.0,0.0,98.85,60.74,155.8024,155.8024,19232.0332,1769860073.4121475,10.02,260,2594,0.674,19,0,0,8.17,15.0,0,6287,1769859919.404,-144.035,meta-llama/Llama-3.2-1B-Instruct,"1769859919.500, 1769859919.568, 1769859919.579, 1769859919.601, 1769859919.676"
200.0,1,1769859719.5,354.0655,6945,0,6945,,,,200.0,,,0.9683,155.0338,155.0338,19387.067,1769860074.560184,10.02,260,2595,0.663,19,0,0,8.17,15.0,0,6524,1769859919.5,-153.973,meta-llama/Llama-3.2-1B-Instruct,"1769859919.500, 1769859919.568, 1769859919.579, 1769859919.601, 1769859919.676"
200.0,1,1769859718.1042,323.0656,2551,538,3089,0.3566,0.0798,0.5144,200.0,0.0,98.85,33.872,156.9376,156.9376,19544.0046,1769860075.0539079,10.02,260,2596,0.524,15,0,0,8.17,15.0,0,6524,1769859919.5,-153.973,meta-llama/Llama-3.2-1B-Instruct,"1769859919.500, 1769859919.568, 1769859919.579, 1769859919.601, 1769859919.676"
1.0,0,1769859918.5677,156.1722,27,32,59,0.0973,0.0928,0.3435,1.0,0.0,98.85,1.6824,155.2695,155.2695,19699.2741,1769860076.428573,10.01,260,2597,0.664,19,0,0,8.17,15.0,0,6524,1769859919.5,-153.973,meta-llama/Llama-3.2-1B-Instruct,"1769859919.500, 1769859919.568, 1769859919.579, 1769859919.601, 1769859919.676"
1.0,0,1769859918.5791,156.5825,27,32,59,0.0642,0.0598,0.3642,1.0,0.0,98.85,1.5989,155.6467,155.6467,19854.9209,1769860076.773172,10.01,260,2598,0.636,19,0,0,8.17,15.0,0,6524,1769859919.5,-153.973,meta-llama/Llama-3.2-1B-Instruct,"1769859919.500, 1769859919.568, 1769859919.579, 1769859919.601, 1769859919.676"
200.0,1,1769859717.678,300.5251,3131,1033,4164,0.4123,0.0774,0.3789,200.0,0.0,98.85,61.7169,162.242,162.242,20017.1629,1769860079.9405627,10.0,260,2599,0.694,19,0,0,8.17,15.0,0,6659,1769859919.83,-158.65,meta-llama/Llama-3.2-1B-Instruct,"1769859919.830, 1769859919.892, 1769859919.928, 1769859919.986, 1769859919.986"
200.0,1,1769859719.2825,335.8879,3671,552,4223,0.4569,0.0705,0.3453,200.0,0.0,98.85,31.3846,167.2725,167.2725,20184.4354,1769860086.5684025,10.0,260,2600,0.618,19,0,0,8.17,15.0,0,6763,1769859919.892,-163.618,meta-llama/Llama-3.2-1B-Instruct,"1769859919.892, 1769859919.928, 1769859919.986, 1769859919.986, 1769859919.987"
1.0,0,1769859918.8916,167.8187,27,0,27,,,,1.0,,,0.0839,166.9026,166.9026,20351.338,1769860086.7947285,10.0,260,2601,0.679,19,0,0,8.17,15.0,0,6763,1769859919.892,-163.618,meta-llama/Llama-3.2-1B-Instruct,"1769859919.892, 1769859919.928, 1769859919.986, 1769859919.986, 1769859919.987"
200.0,1,1769859717.7974,312.0441,2889,1024,3913,0.3608,0.0791,0.3701,200.0,0.0,98.85,61.5478,173.5919,173.5919,20524.9299,1769860091.4069138,9.99,260,2602,0.727,19,0,0,8.17,15.0,0,6869,1769859919.986,-168.561,meta-llama/Llama-3.2-1B-Instruct,"1769859919.986, 1769859919.986, 1769859919.987, 1769859920.057, 1769859920.064"
1.0,0,1769859918.9855,172.5319,27,32,59,0.0957,0.0726,0.4462,1.0,0.0,98.85,1.7138,171.6275,171.6275,20696.5575,1769860093.2345562,9.99,260,2603,0.685,19,0,0,8.17,15.0,0,6869,1769859919.986,-168.561,meta-llama/Llama-3.2-1B-Instruct,"1769859919.986, 1769859919.986, 1769859919.987, 1769859920.057, 1769859920.064"
200.0,1,1769859717.8654,318.9267,2877,1028,3905,0.3886,0.08,0.4056,200.0,0.0,98.85,61.3708,180.2975,180.2975,20876.855,1769860098.178323,9.98,260,2604,0.732,19,0,0,8.17,15.0,0,6981,1769859919.987,-173.565,meta-llama/Llama-3.2-1B-Instruct,"1769859919.987, 1769859920.057, 1769859920.064, 1769859920.245, 1769859920.296"
200.0,1,1769859717.9425,320.8492,2771,1032,3803,0.388,0.0738,0.4123,200.0,0.0,98.85,60.988,181.8372,181.8372,21058.6922,1769860099.798535,9.98,260,2605,0.577,17,0,0,8.17,15.0,0,7084,1769859920.057,-178.516,meta-llama/Llama-3.2-1B-Instruct,"1769859920.057, 1769859920.064, 1769859920.245, 1769859920.296, 1769859920.310"
1.0,0,1769859918.9871,179.294,27,32,59,0.0651,0.0653,0.0668,1.0,0.0,98.85,1.6844,178.359,178.359,21237.0512,1769860099.969969,9.98,260,2606,0.701,19,0,0,8.17,15.0,0,7084,1769859920.057,-178.516,meta-llama/Llama-3.2-1B-Instruct,"1769859920.057, 1769859920.064, 1769859920.245, 1769859920.296, 1769859920.310"
200.0,1,1769859718.0135,322.422,2809,1024,3833,0.4092,0.076,0.4149,200.0,0.0,98.85,61.2237,183.6456,183.6456,21420.6968,1769860101.6779618,9.97,260,2607,0.608,19,0,0,8.17,15.0,0,7084,1769859920.057,-178.516,meta-llama/Llama-3.2-1B-Instruct,"1769859920.057, 1769859920.064, 1769859920.245, 1769859920.296, 1769859920.310"
1.0,0,1769859919.0644,181.0187,27,32,59,0.3438,0.3555,0.4158,1.0,0.0,98.85,2.3763,180.3624,180.3624,21601.0592,1769860102.4772124,9.97,260,2608,0.704,19,0,0,8.17,15.0,0,7084,1769859920.057,-178.516,meta-llama/Llama-3.2-1B-Instruct,"1769859920.057, 1769859920.064, 1769859920.245, 1769859920.296, 1769859920.310"
200.0,1,1769859718.2274,323.1071,3871,1026,4897,0.8716,0.0738,0.4196,200.0,0.0,98.85,61.2932,184.4002,184.4002,21785.4595,1769860102.6465166,9.97,260,2609,0.548,16,0,0,8.17,15.0,0,7084,1769859920.057,-178.516,meta-llama/Llama-3.2-1B-Instruct,"1769859920.057, 1769859920.064, 1769859920.245, 1769859920.296, 1769859920.310"
200.0,1,1769859718.3044,324.2705,2643,1029,3672,0.363,0.0778,0.4281,200.0,0.0,98.85,61.1488,185.4192,185.4192,21970.8787,1769860103.751905,9.96,260,2610,0.53,18,0,0,8.17,15.0,0,7203,1769859920.344,-183.242,meta-llama/Llama-3.2-1B-Instruct,"1769859920.344, 1769859920.393, 1769859920.396, 1769859920.407, 1769859920.460"
200.0,1,1769859718.3811,324.963,3020,1025,4045,0.3864,0.0787,0.4207,200.0,0.0,98.85,61.1473,186.1103,186.1103,22156.989,1769860104.50597,9.96,260,2611,0.472,18,1,0,8.17,15.0,0,7203,1769859920.344,-183.242,meta-llama/Llama-3.2-1B-Instruct,"1769859920.344, 1769859920.393, 1769859920.396, 1769859920.407, 1769859920.460"
200.0,1,1769859718.4554,325.5526,3269,1028,4297,0.4657,0.077,0.4239,200.0,0.0,98.85,61.5286,187.0812,187.0812,22344.0702,1769860105.6032848,9.95,260,2612,0.502,18,0,0,8.17,15.0,0,7203,1769859920.344,-183.242,meta-llama/Llama-3.2-1B-Instruct,"1769859920.344, 1769859920.393, 1769859920.396, 1769859920.407, 1769859920.460"
1.0,0,1769859919.3099,183.5615,27,31,58,0.4124,0.2752,0.77,1.0,0.0,98.85,2.7722,182.9739,182.9739,22527.0441,1769860105.6508439,9.95,260,2613,0.71,19,0,0,8.17,15.0,0,7203,1769859920.344,-183.242,meta-llama/Llama-3.2-1B-Instruct,"1769859920.344, 1769859920.393, 1769859920.396, 1769859920.407, 1769859920.460"
200.0,1,1769859718.7269,326.9772,2612,1031,3643,0.3653,0.073,0.4181,200.0,0.0,98.85,61.1879,188.1651,188.1651,22715.2092,1769860106.908727,9.95,260,2614,0.479,19,0,0,8.17,15.0,0,7203,1769859920.344,-183.242,meta-llama/Llama-3.2-1B-Instruct,"1769859920.344, 1769859920.393, 1769859920.396, 1769859920.407, 1769859920.460"
200.0,1,1769859718.8625,327.5942,3305,1024,4329,0.6235,0.0753,0.4185,200.0,0.0,98.85,61.1999,188.7942,188.7942,22904.0033,1769860107.6745045,9.94,260,2615,0.468,18,1,0,8.17,15.0,0,7203,1769859920.344,-183.242,meta-llama/Llama-3.2-1B-Instruct,"1769859920.344, 1769859920.393, 1769859920.396, 1769859920.407, 1769859920.460"
1.0,0,1769859919.3959,186.3225,27,32,59,0.1141,0.0848,0.3213,1.0,0.0,98.85,2.0269,185.4366,185.4366,23089.44,1769860107.7463362,9.94,260,2616,0.664,18,0,0,8.17,15.0,0,7203,1769859920.344,-183.242,meta-llama/Llama-3.2-1B-Instruct,"1769859920.344, 1769859920.393, 1769859920.396, 1769859920.407, 1769859920.460"
1.0,0,1769859919.407,186.4061,27,32,59,0.0945,0.0985,0.3113,1.0,0.0,98.86,1.975,185.5007,185.5007,23274.9406,1769860107.799585,9.94,260,2617,0.664,18,0,0,8.17,15.0,0,7203,1769859920.344,-183.242,meta-llama/Llama-3.2-1B-Instruct,"1769859920.344, 1769859920.393, 1769859920.396, 1769859920.407, 1769859920.460"
200.0,1,1769859719.0088,328.4377,2927,1030,3957,0.4223,0.0838,0.4332,200.0,0.0,98.86,61.2941,189.7318,189.7318,23654.3549,1769860108.756847,9.93,260,2619,0.5,17,1,0,8.17,15.0,0,7321,1769859920.672,-187.972,meta-llama/Llama-3.2-1B-Instruct,"1769859920.672, 1769859920.683, 1769859920.740, 1769859920.801, 1769859920.843"
200.0,1,1769859719.0567,328.4614,3966,1030,4996,0.7599,0.0805,0.4206,200.0,0.0,98.86,61.2211,189.6824,189.6824,23654.3549,1769860108.757195,9.93,260,2619,0.5,18,0,0,8.17,15.0,0,7321,1769859920.672,-187.972,meta-llama/Llama-3.2-1B-Instruct,"1769859920.672, 1769859920.683, 1769859920.740, 1769859920.801, 1769859920.843"
200.0,1,1769859719.1201,329.6571,4742,1034,5776,0.6236,0.0783,0.4049,200.0,0.0,98.86,61.2076,190.8648,190.8648,23845.2197,1769860110.0370228,9.92,260,2620,0.567,19,0,0,8.17,15.0,0,7321,1769859920.672,-187.972,meta-llama/Llama-3.2-1B-Instruct,"1769859920.672, 1769859920.683, 1769859920.740, 1769859920.801, 1769859920.843"
1.0,0,1769859919.4675,188.3569,27,32,59,0.097,0.413,0.631,1.0,0.0,98.86,2.8769,187.4539,187.4539,24032.6736,1769860110.7033982,9.92,260,2621,0.62,17,0,0,8.17,15.0,0,7321,1769859920.672,-187.972,meta-llama/Llama-3.2-1B-Instruct,"1769859920.672, 1769859920.683, 1769859920.740, 1769859920.801, 1769859920.843"
1.0,0,1769859919.6828,189.2988,27,32,59,0.322,0.3546,0.3615,1.0,0.0,98.86,2.4408,188.6208,188.6208,24413.5231,1769860111.4259346,9.92,260,2623,0.59,18,0,0,8.17,15.0,0,7321,1769859920.672,-187.972,meta-llama/Llama-3.2-1B-Instruct,"1769859920.672, 1769859920.683, 1769859920.740, 1769859920.801, 1769859920.843"
200.0,1,1769859719.1959,331.3307,2923,1023,3946,0.3726,0.0777,0.4199,200.0,0.0,98.86,60.8981,192.2288,192.2288,24413.5231,1769860111.4396982,9.91,260,2623,0.616,19,0,0,8.17,15.0,0,7321,1769859920.672,-187.972,meta-llama/Llama-3.2-1B-Instruct,"1769859920.672, 1769859920.683, 1769859920.740, 1769859920.801, 1769859920.843"
200.0,1,1769859719.6758,357.2487,2912,566,3478,0.3774,0.0872,0.4119,200.0,0.0,98.86,35.5141,192.7628,192.7628,24606.286,1769860112.4550097,9.91,260,2624,0.642,18,0,0,8.17,15.0,0,7321,1769859920.672,-187.972,meta-llama/Llama-3.2-1B-Instruct,"1769859920.672, 1769859920.683, 1769859920.740, 1769859920.801, 1769859920.843"
1.0,0,1769859919.8432,191.7199,27,32,59,0.0874,0.0868,0.5825,1.0,0.0,98.86,2.1608,190.8073,190.8073,24797.0932,1769860113.7261753,9.9,260,2625,0.587,18,0,0,8.17,15.0,0,7445,1769859920.898,-192.79,meta-llama/Llama-3.2-1B-Instruct,"1769859920.898, 1769859920.899, 1769859920.901, 1769859920.943, 1769859921.030"
1.0,0,1769859919.8445,191.812,27,32,59,0.0661,0.0875,0.5874,1.0,0.0,98.86,2.1112,190.8781,190.8781,24987.9713,1769860113.773965,9.9,260,2626,0.587,19,0,0,8.17,15.0,0,7445,1769859920.898,-192.79,meta-llama/Llama-3.2-1B-Instruct,"1769859920.898, 1769859920.899, 1769859920.901, 1769859920.943, 1769859921.030"
1.0,0,1769859919.8979,193.9553,27,32,59,0.3622,0.0654,0.0796,1.0,0.0,98.86,1.6124,193.3175,193.3175,25181.2888,1769860115.4819522,9.9,260,2627,0.606,18,0,0,8.17,15.0,0,7445,1769859920.898,-192.79,meta-llama/Llama-3.2-1B-Instruct,"1769859920.898, 1769859920.899, 1769859920.901, 1769859920.943, 1769859921.030"
200.0,1,1769859720.8007,390.1003,2610,79,2689,0.3491,0.0791,0.5959,200.0,0.0,98.86,4.8911,194.9914,194.9914,25376.2802,1769860115.8069804,9.89,260,2628,0.599,19,0,0,8.17,15.0,0,7445,1769859920.898,-192.79,meta-llama/Llama-3.2-1B-Instruct,"1769859920.898, 1769859920.899, 1769859920.901, 1769859920.943, 1769859921.030"
1.0,0,1769859919.8993,194.4121,27,32,59,0.0981,0.0595,0.0673,1.0,0.0,98.86,1.6244,193.5102,193.5102,25569.7904,1769860115.9372504,9.89,260,2629,0.606,18,0,0,8.17,15.0,0,7445,1769859920.898,-192.79,meta-llama/Llama-3.2-1B-Instruct,"1769859920.898, 1769859920.899, 1769859920.901, 1769859920.943, 1769859921.030"
1.0,0,1769859919.9006,195.7411,27,32,59,0.0865,0.0874,0.6448,1.0,0.0,98.86,2.2695,194.8276,194.8276,25764.618,1769860117.9135861,9.89,260,2630,0.613,19,0,0,8.17,15.0,0,7445,1769859920.898,-192.79,meta-llama/Llama-3.2-1B-Instruct,"1769859920.898, 1769859920.899, 1769859920.901, 1769859920.943, 1769859921.030"
200.0,1,1769859719.3417,337.5332,2589,1031,3620,0.3652,0.0776,0.4314,200.0,0.0,98.86,61.7002,199.2334,199.2334,25963.8513,1769860118.5934725,9.88,260,2631,0.619,19,0,0,8.17,15.0,0,7445,1769859920.898,-192.79,meta-llama/Llama-3.2-1B-Instruct,"1769859920.898, 1769859920.899, 1769859920.901, 1769859920.943, 1769859921.030"
1.0,0,1769859920.1047,197.9367,27,32,59,0.0994,0.0834,0.3866,1.0,0.0,98.86,1.6432,197.0361,197.0361,26160.8874,1769860119.6880689,9.88,260,2632,0.648,19,0,0,8.17,15.0,0,7552,1769859921.118,-197.645,meta-llama/Llama-3.2-1B-Instruct,"1769859921.118, 1769859921.265, 1769859921.317, 1769859921.330, 1769859921.390"
1.0,0,1769859920.1062,198.6164,27,32,59,0.0886,0.0956,0.3885,1.0,0.0,98.86,1.993,197.705,197.705,26358.5923,1769860120.7197225,9.87,260,2633,0.616,19,0,0,8.17,15.0,0,7552,1769859921.118,-197.645,meta-llama/Llama-3.2-1B-Instruct,"1769859921.118, 1769859921.265, 1769859921.317, 1769859921.330, 1769859921.390"
1.0,0,1769859920.2648,200.5724,27,32,59,0.0992,0.0651,0.32,1.0,0.0,98.86,1.9341,199.6716,199.6716,26558.2639,1769860122.7961185,9.87,260,2634,0.653,19,0,0,8.17,15.0,0,7552,1769859921.118,-197.645,meta-llama/Llama-3.2-1B-Instruct,"1769859921.118, 1769859921.265, 1769859921.317, 1769859921.330, 1769859921.390"
200.0,1,1769859719.4042,344.3097,3675,1036,4711,0.5995,0.0822,0.3942,200.0,0.0,98.86,61.9205,206.2302,206.2302,26764.4941,1769860125.658407,9.87,260,2635,0.641,19,0,0,8.17,15.0,0,7671,1769859921.33,-202.465,meta-llama/Llama-3.2-1B-Instruct,"1769859921.330, 1769859921.390, 1769859921.477, 1769859921.516, 1769859921.517"
1.0,0,1769859920.3298,205.4874,27,32,59,0.1411,0.0653,0.3147,1.0,0.0,98.86,1.6912,204.6285,204.6285,26969.1227,1769860127.5089161,9.86,260,2636,0.649,19,0,0,8.17,15.0,0,7671,1769859921.33,-202.465,meta-llama/Llama-3.2-1B-Instruct,"1769859921.330, 1769859921.390, 1769859921.477, 1769859921.516, 1769859921.517"
200.0,1,1769859721.3167,401.7747,2441,177,2618,0.3372,0.071,0.3411,200.0,0.0,98.86,9.8614,211.636,211.636,27180.7587,1769860132.9706607,9.86,260,2637,0.661,19,0,0,8.17,15.0,0,7773,1769859921.477,-207.374,meta-llama/Llama-3.2-1B-Instruct,"1769859921.477, 1769859921.516, 1769859921.517, 1769859921.532, 1769859921.608"
200.0,1,1769859719.7487,357.5769,2678,1028,3706,0.3391,0.0796,0.393,200.0,0.0,98.86,61.2629,218.8398,218.8398,27399.5985,1769860138.610725,9.86,260,2638,0.67,19,0,0,8.17,15.0,0,7883,1769859921.516,-212.628,meta-llama/Llama-3.2-1B-Instruct,"1769859921.516, 1769859921.517, 1769859921.532, 1769859921.608, 1769859921.609"
1.0,0,1769859920.5155,218.2354,27,32,59,0.1018,0.0699,0.0702,1.0,0.0,98.86,1.702,217.3372,217.3372,27616.9356,1769860140.4659176,9.85,260,2639,0.687,19,0,0,8.17,15.0,0,7991,1769859921.517,-217.715,meta-llama/Llama-3.2-1B-Instruct,"1769859921.517, 1769859921.532, 1769859921.608, 1769859921.609, 1769859921.611"
200.0,1,1769859719.8296,360.2927,3367,1028,4395,0.5522,0.0797,0.3863,200.0,0.0,98.87,60.7258,221.0185,221.0185,27837.9541,1769860140.8701138,9.85,260,2640,0.665,19,0,0,8.17,15.0,0,7991,1769859921.517,-217.715,meta-llama/Llama-3.2-1B-Instruct,"1769859921.517, 1769859921.532, 1769859921.608, 1769859921.609, 1769859921.611"
1.0,0,1769859920.5169,220.2161,27,32,59,0.11,0.3607,0.3623,1.0,0.0,98.87,2.2463,219.3261,219.3261,28057.2802,1769860143.0136456,9.84,260,2641,0.693,19,0,0,8.17,15.0,0,7991,1769859921.517,-217.715,meta-llama/Llama-3.2-1B-Instruct,"1769859921.517, 1769859921.532, 1769859921.608, 1769859921.609, 1769859921.611"
1.0,0,1769859920.6081,222.64,27,32,59,0.1142,0.0652,0.0656,1.0,0.0,98.87,1.7319,221.7542,221.7542,28279.0344,1769860144.9819968,9.84,260,2642,0.688,19,0,0,8.17,15.0,0,8102,1769859921.609,-222.657,meta-llama/Llama-3.2-1B-Instruct,"1769859921.609, 1769859921.611, 1769859921.612, 1769859921.613, 1769859921.618"
200.0,1,1769859721.0299,395.0406,2886,518,3404,0.6168,0.0766,0.3564,200.0,0.0,98.87,28.912,223.9526,223.9526,28502.987,1769860144.996918,9.84,260,2643,0.588,18,0,0,8.17,15.0,0,8102,1769859921.609,-222.657,meta-llama/Llama-3.2-1B-Instruct,"1769859921.609, 1769859921.611, 1769859921.612, 1769859921.613, 1769859921.618"
1.0,0,1769859920.6094,224.4965,27,32,59,0.503,0.0796,0.4486,1.0,0.0,98.87,2.0936,223.9995,223.9995,28950.9951,1769860147.2037508,9.83,260,2645,0.662,18,0,0,8.17,15.0,0,8102,1769859921.609,-222.657,meta-llama/Llama-3.2-1B-Instruct,"1769859921.609, 1769859921.611, 1769859921.612, 1769859921.613, 1769859921.618"
1.0,0,1769859920.6107,224.5658,27,32,59,0.4428,0.0622,0.427,1.0,0.0,98.87,2.0234,224.0087,224.0087,28950.9951,1769860147.2039516,9.83,260,2645,0.662,18,0,0,8.17,15.0,0,8102,1769859921.609,-222.657,meta-llama/Llama-3.2-1B-Instruct,"1769859921.609, 1769859921.611, 1769859921.612, 1769859921.613, 1769859921.618"
200.0,1,1769859719.9281,366.9831,2847,1023,3870,0.3939,0.0827,0.3993,200.0,0.0,98.87,61.0693,228.0524,228.0524,29179.0475,1769860147.994504,9.83,260,2646,0.679,19,0,0,8.17,15.0,0,8102,1769859921.609,-222.657,meta-llama/Llama-3.2-1B-Instruct,"1769859921.609, 1769859921.611, 1769859921.612, 1769859921.613, 1769859921.618"
1.0,0,1769859920.612,226.7179,27,32,59,0.1016,0.0757,0.2776,1.0,0.0,98.87,1.9545,225.8195,225.8195,29404.867,1769860149.2985084,9.82,260,2647,0.668,18,0,0,8.17,15.0,0,8102,1769859921.609,-222.657,meta-llama/Llama-3.2-1B-Instruct,"1769859921.609, 1769859921.611, 1769859921.612, 1769859921.613, 1769859921.618"
1.0,0,1769859920.6134,226.7937,27,32,59,0.107,0.078,0.2768,1.0,0.0,98.87,1.9353,225.9007,225.9007,29630.7677,1769860149.3440719,9.82,260,2648,0.668,18,0,0,8.17,15.0,0,8199,1769859921.679,-227.63,meta-llama/Llama-3.2-1B-Instruct,"1769859921.679, 1769859921.708, 1769859921.758, 1769859921.846, 1769859921.854"
1.0,0,1769859920.6787,228.7781,27,32,59,0.1039,0.0931,0.5371,1.0,0.0,98.87,2.0234,227.8819,227.8819,29858.6497,1769860151.4864643,9.82,260,2649,0.66,18,0,0,8.17,15.0,0,8199,1769859921.679,-227.63,meta-llama/Llama-3.2-1B-Instruct,"1769859921.679, 1769859921.708, 1769859921.758, 1769859921.846, 1769859921.854"
1.0,0,1769859920.8459,230.7676,27,32,59,0.1058,0.0644,0.0684,1.0,0.0,98.87,1.7318,229.8733,229.8733,30088.523,1769860153.34835,9.81,260,2650,0.694,19,0,0,8.17,15.0,0,8199,1769859921.679,-227.63,meta-llama/Llama-3.2-1B-Instruct,"1769859921.679, 1769859921.708, 1769859921.758, 1769859921.846, 1769859921.854"
200.0,1,1769859719.9861,373.3742,3159,1029,4188,0.4117,0.084,0.407,200.0,0.0,98.87,61.5424,234.9166,234.9166,30323.4396,1769860154.9334853,9.81,260,2651,0.692,19,0,0,8.17,15.0,0,8310,1769859921.905,-232.413,meta-llama/Llama-3.2-1B-Instruct,"1769859921.905, 1769859921.974, 1769859922.036, 1769859922.099, 1769859922.158"
1.0,0,1769859920.9054,234.2611,27,32,59,0.0732,0.0646,0.0665,1.0,0.0,98.87,1.691,233.3343,233.3343,30556.7739,1769860156.8640935,9.8,260,2652,0.689,19,0,0,8.17,15.0,0,8310,1769859921.905,-232.413,meta-llama/Llama-3.2-1B-Instruct,"1769859921.905, 1769859921.974, 1769859922.036, 1769859922.099, 1769859922.158"
200.0,1,1769859720.0575,379.8945,3581,1019,4600,0.4667,0.0826,0.4152,200.0,0.0,98.87,61.4428,241.3373,241.3373,30798.1112,1769860161.4140117,9.8,260,2653,0.671,19,0,0,8.17,15.0,0,8441,1769859922.036,-237.344,meta-llama/Llama-3.2-1B-Instruct,"1769859922.036, 1769859922.099, 1769859922.158, 1769859922.212, 1769859922.213"
200.0,1,1769859720.2453,381.6412,3581,1029,4610,0.4462,0.0834,0.393,200.0,0.0,98.87,61.4462,243.0874,243.0874,31041.1986,1769860163.3513463,9.8,260,2654,0.674,19,0,0,8.17,15.0,0,8441,1769859922.036,-237.344,meta-llama/Llama-3.2-1B-Instruct,"1769859922.036, 1769859922.099, 1769859922.158, 1769859922.212, 1769859922.213"
200.0,1,1769859722.0988,441.3692,2714,0,2714,,,,200.0,,,0.3957,241.765,241.765,31282.9636,1769860163.8767378,9.79,260,2655,0.686,19,0,0,8.17,15.0,0,8441,1769859922.036,-237.344,meta-llama/Llama-3.2-1B-Instruct,"1769859922.036, 1769859922.099, 1769859922.158, 1769859922.212, 1769859922.213"
200.0,1,1769859720.2957,382.3004,5091,1032,6123,0.6827,0.0826,0.3927,200.0,0.0,98.87,61.3358,243.6363,243.6363,31526.5999,1769860163.9498239,9.79,260,2656,0.708,19,0,0,8.17,15.0,0,8441,1769859922.036,-237.344,meta-llama/Llama-3.2-1B-Instruct,"1769859922.036, 1769859922.099, 1769859922.158, 1769859922.212, 1769859922.213"
200.0,1,1769859720.344,383.5694,2407,1015,3422,0.3031,0.0821,0.4078,200.0,0.0,98.87,61.0635,244.6329,244.6329,31771.2328,1769860164.9923239,9.79,260,2657,0.678,19,0,0,8.17,15.0,0,8547,1769859922.213,-242.549,meta-llama/Llama-3.2-1B-Instruct,"1769859922.213, 1769859922.246, 1769859922.281, 1769859922.283, 1769859922.303"
200.0,1,1769859720.3929,384.2421,4119,1024,5143,0.5194,0.0839,0.4019,200.0,0.0,98.87,60.8463,245.0884,245.0884,32016.3212,1769860165.506076,9.78,260,2658,0.664,19,0,0,8.17,15.0,0,8547,1769859922.213,-242.549,meta-llama/Llama-3.2-1B-Instruct,"1769859922.213, 1769859922.246, 1769859922.281, 1769859922.283, 1769859922.303"
1.0,0,1769859921.2116,242.8845,27,32,59,0.6199,0.0566,0.0898,1.0,0.0,98.87,1.9269,242.5044,242.5044,32258.8255,1769860166.027699,9.78,260,2659,0.63,18,0,0,8.17,15.0,0,8547,1769859922.213,-242.549,meta-llama/Llama-3.2-1B-Instruct,"1769859922.213, 1769859922.246, 1769859922.281, 1769859922.283, 1769859922.303"
1.0,0,1769859921.2134,243.9717,27,32,59,0.0733,0.0722,0.0827,1.0,0.0,98.87,1.6145,243.045,243.045,32501.8706,1769860166.8027096,9.77,260,2660,0.632,19,0,0,8.17,15.0,0,8547,1769859922.213,-242.549,meta-llama/Llama-3.2-1B-Instruct,"1769859922.213, 1769859922.246, 1769859922.281, 1769859922.283, 1769859922.303"
200.0,1,1769859720.4596,386.6089,2680,1024,3704,0.3514,0.0834,0.3887,200.0,0.0,98.87,60.5877,247.1966,247.1966,32749.0672,1769860167.6710844,9.77,260,2661,0.635,19,0,0,8.17,15.0,0,8547,1769859922.213,-242.549,meta-llama/Llama-3.2-1B-Instruct,"1769859922.213, 1769859922.246, 1769859922.281, 1769859922.283, 1769859922.303"
200.0,1,1769859720.6056,387.4077,3159,1030,4189,0.5369,0.0821,0.3893,200.0,0.0,98.87,60.1131,247.5208,247.5208,33244.1875,1769860168.1398752,9.77,260,2663,0.62,18,1,0,8.17,15.0,0,8547,1769859922.213,-242.549,meta-llama/Llama-3.2-1B-Instruct,"1769859922.213, 1769859922.246, 1769859922.281, 1769859922.283, 1769859922.303"
200.0,1,1769859720.5339,387.3494,2472,1027,3499,0.3585,0.0844,0.397,200.0,0.0,98.88,60.25,247.5994,247.5994,33244.1875,1769860168.1536965,9.76,260,2663,0.62,17,0,0,8.17,15.0,0,8547,1769859922.213,-242.549,meta-llama/Llama-3.2-1B-Instruct,"1769859922.213, 1769859922.246, 1769859922.281, 1769859922.283, 1769859922.303"
1.0,0,1769859921.2813,244.9478,27,32,59,0.1046,0.3485,0.3975,1.0,0.0,98.88,1.9891,244.0524,244.0524,33488.2399,1769860168.2350998,9.76,260,2664,0.586,18,0,0,8.17,15.0,0,8547,1769859922.213,-242.549,meta-llama/Llama-3.2-1B-Instruct,"1769859922.213, 1769859922.246, 1769859922.281, 1769859922.283, 1769859922.303"
1.0,0,1769859921.2828,245.1203,27,32,59,0.1069,0.351,0.3893,1.0,0.0,98.88,1.9386,244.2272,244.2272,33732.4671,1769860168.347763,9.76,260,2665,0.587,19,0,0,8.17,15.0,0,8547,1769859922.213,-242.549,meta-llama/Llama-3.2-1B-Instruct,"1769859922.213, 1769859922.246, 1769859922.281, 1769859922.283, 1769859922.303"
200.0,1,1769859720.6718,388.2016,3009,1023,4032,0.4209,0.0842,0.3964,200.0,0.0,98.88,60.4791,248.6807,248.6807,33981.1478,1769860169.368047,9.75,260,2666,0.59,18,0,0,8.17,15.0,0,8547,1769859922.213,-242.549,meta-llama/Llama-3.2-1B-Instruct,"1769859922.213, 1769859922.246, 1769859922.281, 1769859922.283, 1769859922.303"
200.0,1,1769859720.7402,389.4818,3155,1025,4180,0.4051,0.0821,0.4171,200.0,0.0,98.88,60.1165,249.5983,249.5983,34230.7461,1769860170.3561277,9.75,260,2667,0.568,19,0,0,8.17,15.0,0,8643,1769859922.558,-247.276,meta-llama/Llama-3.2-1B-Instruct,"1769859922.558, 1769859922.564, 1769859922.651, 1769859922.671, 1769859922.737"
1.0,0,1769859921.5523,246.848,27,32,59,0.779,0.0753,0.076,1.0,0.0,98.88,2.266,246.627,246.627,34970.6215,1769860170.6771202,9.75,260,2670,0.544,16,0,0,8.17,15.0,0,8643,1769859922.558,-247.276,meta-llama/Llama-3.2-1B-Instruct,"1769859922.558, 1769859922.564, 1769859922.651, 1769859922.671, 1769859922.737"
1.0,0,1769859921.5538,246.9074,27,32,59,0.7154,0.0753,0.0763,1.0,0.0,98.88,2.2127,246.6227,246.6227,34970.6215,1769860170.6773183,9.74,260,2670,0.544,16,0,0,8.17,15.0,0,8643,1769859922.558,-247.276,meta-llama/Llama-3.2-1B-Instruct,"1769859922.558, 1769859922.564, 1769859922.651, 1769859922.671, 1769859922.737"
1.0,0,1769859921.5554,246.9578,27,32,59,0.6679,0.0724,0.0763,1.0,0.0,98.88,2.1632,246.6257,246.6257,34970.6215,1769860170.6775303,9.74,260,2670,0.544,16,0,0,8.17,15.0,0,8643,1769859922.558,-247.276,meta-llama/Llama-3.2-1B-Instruct,"1769859922.558, 1769859922.564, 1769859922.651, 1769859922.671, 1769859922.737"
1.0,0,1769859921.5569,247.9571,27,25,52,0.0964,0.0609,0.0741,1.0,0.0,98.88,1.2489,247.0535,247.0535,35217.675,1769860170.7640526,9.73,260,2671,0.553,19,0,0,8.17,15.0,0,8643,1769859922.558,-247.276,meta-llama/Llama-3.2-1B-Instruct,"1769859922.558, 1769859922.564, 1769859922.651, 1769859922.671, 1769859922.737"
200.0,1,1769859720.8823,391.7097,4884,1024,5908,0.6335,0.0998,0.3929,200.0,0.0,98.88,60.1696,251.8793,251.8793,35469.5542,1769860172.7794294,9.73,260,2672,0.558,19,0,0,8.17,15.0,0,8643,1769859922.558,-247.276,meta-llama/Llama-3.2-1B-Instruct,"1769859922.558, 1769859922.564, 1769859922.651, 1769859922.671, 1769859922.737"
1.0,0,1769859921.5584,248.931,27,32,59,0.1003,0.0598,0.8912,1.0,0.0,98.88,2.315,248.0312,248.0312,35717.5855,1769860172.805081,9.73,260,2673,0.517,19,0,0,8.17,15.0,0,8643,1769859922.558,-247.276,meta-llama/Llama-3.2-1B-Instruct,"1769859922.558, 1769859922.564, 1769859922.651, 1769859922.671, 1769859922.737"
1.0,0,1769859921.6715,249.3452,27,32,59,0.7228,0.0902,0.7821,1.0,0.0,98.88,2.9316,249.068,249.068,35966.6535,1769860173.9663491,9.72,260,2674,0.541,17,0,0,8.17,15.0,0,8643,1769859922.558,-247.276,meta-llama/Llama-3.2-1B-Instruct,"1769859922.558, 1769859922.564, 1769859922.651, 1769859922.671, 1769859922.737"
1.0,0,1769859921.7714,251.209,27,32,59,0.0701,0.3458,0.7835,1.0,0.0,98.88,2.196,250.2791,250.2791,36216.9325,1769860175.1815112,9.72,260,2675,0.54,18,0,0,8.17,15.0,0,8744,1769859922.824,-252.237,meta-llama/Llama-3.2-1B-Instruct,"1769859922.824, 1769859922.847, 1769859922.923, 1769859923.150, 1769859923.151"
1.0,0,1769859921.8225,252.3178,27,32,59,0.0757,0.0749,0.3184,1.0,0.0,98.88,1.6092,251.3935,251.3935,36468.3261,1769860175.7506864,9.72,260,2676,0.59,19,0,0,8.17,15.0,0,8744,1769859922.824,-252.237,meta-llama/Llama-3.2-1B-Instruct,"1769859922.824, 1769859922.847, 1769859922.923, 1769859923.150, 1769859923.151"
200.0,1,1769859720.9435,395.0458,2914,1029,3943,0.412,0.0816,0.3937,200.0,0.0,98.88,60.4441,255.4899,255.4899,36723.816,1769860176.4617145,9.71,260,2677,0.587,18,0,0,8.17,15.0,0,8744,1769859922.824,-252.237,meta-llama/Llama-3.2-1B-Instruct,"1769859922.824, 1769859922.847, 1769859922.923, 1769859923.150, 1769859923.151"
1.0,0,1769859921.824,253.5528,27,32,59,0.0593,0.2878,0.4014,1.0,0.0,98.88,2.1999,252.6121,252.6121,36976.4281,1769860177.5844214,9.71,260,2678,0.595,19,0,0,8.17,15.0,0,8744,1769859922.824,-252.237,meta-llama/Llama-3.2-1B-Instruct,"1769859922.824, 1769859922.847, 1769859922.923, 1769859923.150, 1769859923.151"
1.0,0,1769859922.1498,255.5939,27,32,59,0.3569,0.0588,0.0714,1.0,0.0,98.88,1.6083,254.9508,254.9508,37231.379,1769860179.3562863,9.71,260,2679,0.621,19,0,0,8.17,15.0,0,8744,1769859922.824,-252.237,meta-llama/Llama-3.2-1B-Instruct,"1769859922.824, 1769859922.847, 1769859922.923, 1769859923.150, 1769859923.151"
200.0,1,1769859721.1181,398.68,3317,1027,4344,0.4317,0.0811,0.3863,200.0,0.0,98.88,60.1341,258.8141,258.8141,37490.1931,1769860179.9499755,9.7,260,2680,0.62,19,0,0,8.17,15.0,0,8744,1769859922.824,-252.237,meta-llama/Llama-3.2-1B-Instruct,"1769859922.824, 1769859922.847, 1769859922.923, 1769859923.150, 1769859923.151"
1.0,0,1769859922.1513,257.3873,27,32,59,0.0959,0.0577,0.0762,1.0,0.0,98.88,1.6008,256.4832,256.4832,37746.6763,1769860181.1500297,9.7,260,2681,0.627,19,0,0,8.17,15.0,0,8851,1769859923.321,-256.761,meta-llama/Llama-3.2-1B-Instruct,"1769859923.321, 1769859923.335, 1769859923.336, 1769859923.338, 1769859923.339"
1.0,0,1769859922.1987,257.9175,27,31,58,0.0679,0.0835,0.381,1.0,0.0,98.88,1.5299,256.9854,256.9854,38003.6616,1769860181.6511312,9.69,260,2682,0.589,19,0,0,8.17,15.0,0,8851,1769859923.321,-256.761,meta-llama/Llama-3.2-1B-Instruct,"1769859923.321, 1769859923.335, 1769859923.336, 1769859923.338, 1769859923.339"
200.0,1,1769859722.6507,448.2537,2877,201,3078,0.8369,0.0811,0.408,200.0,0.0,98.88,11.9129,260.1666,260.1666,38263.8282,1769860182.8311493,9.69,260,2683,0.517,16,0,0,8.17,15.0,0,8851,1769859923.321,-256.761,meta-llama/Llama-3.2-1B-Instruct,"1769859923.321, 1769859923.335, 1769859923.336, 1769859923.338, 1769859923.339"
1.0,0,1769859922.3347,259.4907,27,32,59,0.2773,0.0659,0.0929,1.0,0.0,98.88,1.792,258.7679,258.7679,38522.5962,1769860183.6281326,9.69,260,2684,0.594,18,0,0,8.17,15.0,0,8851,1769859923.321,-256.761,meta-llama/Llama-3.2-1B-Instruct,"1769859923.321, 1769859923.335, 1769859923.336, 1769859923.338, 1769859923.339"
1.0,0,1769859922.3362,260.7093,27,32,59,0.0863,0.0676,0.0796,1.0,0.0,98.88,1.5739,259.7955,259.7955,38782.3917,1769860184.6288984,9.68,260,2685,0.57,18,0,0,8.17,15.0,0,8851,1769859923.321,-256.761,meta-llama/Llama-3.2-1B-Instruct,"1769859923.321, 1769859923.335, 1769859923.336, 1769859923.338, 1769859923.339"
1.0,0,1769859922.3376,260.7776,27,32,59,0.1319,0.0556,0.0788,1.0,0.0,98.89,1.5996,259.9095,259.9095,39042.3012,1769860184.7222202,9.68,260,2686,0.57,19,0,0,8.17,15.0,0,8851,1769859923.321,-256.761,meta-llama/Llama-3.2-1B-Instruct,"1769859923.321, 1769859923.335, 1769859923.336, 1769859923.338, 1769859923.339"
1.0,0,1769859922.3391,261.4504,27,32,59,0.0942,0.09,0.3267,1.0,0.0,98.89,1.5697,260.5445,260.5445,39302.8458,1769860185.3614624,9.68,260,2687,0.573,19,0,0,8.17,15.0,0,8942,1769859923.381,-261.759,meta-llama/Llama-3.2-1B-Instruct,"1769859923.381, 1769859923.383, 1769859923.384, 1769859923.406, 1769859923.460"
200.0,1,1769859721.3901,406.2731,3006,1029,4035,0.3954,0.0814,0.3932,200.0,0.0,98.89,59.1757,265.4488,265.4488,39568.2946,1769860186.8539138,9.67,260,2688,0.655,19,0,0,8.17,15.0,0,8942,1769859923.381,-261.759,meta-llama/Llama-3.2-1B-Instruct,"1769859923.381, 1769859923.383, 1769859923.384, 1769859923.406, 1769859923.460"
1.0,0,1769859922.3811,262.8732,27,32,59,0.1036,0.0673,0.0701,1.0,0.0,98.89,1.6335,261.9768,261.9768,39830.2714,1769860186.8886817,9.67,260,2689,0.577,18,0,0,8.17,15.0,0,8942,1769859923.381,-261.759,meta-llama/Llama-3.2-1B-Instruct,"1769859923.381, 1769859923.383, 1769859923.384, 1769859923.406, 1769859923.460"
1.0,0,1769859922.3825,262.9445,27,32,59,0.1072,0.0664,0.0694,1.0,0.0,98.89,1.6013,262.0518,262.0518,40092.3231,1769860186.9305727,9.67,260,2690,0.577,18,0,0,8.17,15.0,0,8942,1769859923.381,-261.759,meta-llama/Llama-3.2-1B-Instruct,"1769859923.381, 1769859923.383, 1769859923.384, 1769859923.406, 1769859923.460"
1.0,0,1769859922.384,263.0918,27,32,59,0.0878,0.0643,0.0655,1.0,0.0,98.89,1.5417,262.1796,262.1796,40354.5027,1769860187.0182495,9.66,260,2691,0.578,19,0,0,8.17,15.0,0,8942,1769859923.381,-261.759,meta-llama/Llama-3.2-1B-Instruct,"1769859923.381, 1769859923.383, 1769859923.384, 1769859923.406, 1769859923.460"
1.0,0,1769859922.4804,264.8481,27,32,59,0.3708,0.0613,0.3532,1.0,0.0,98.89,1.8533,264.219,264.219,40882.9287,1769860189.1845067,9.65,260,2693,0.568,17,0,0,8.17,15.0,0,8942,1769859923.381,-261.759,meta-llama/Llama-3.2-1B-Instruct,"1769859923.381, 1769859923.383, 1769859923.384, 1769859923.406, 1769859923.460"
1.0,0,1769859922.4819,264.8525,27,32,59,0.3545,0.0725,0.3476,1.0,0.0,98.89,1.8457,264.207,264.207,40882.9287,1769860189.1847098,9.66,260,2693,0.568,17,0,0,8.17,15.0,0,8942,1769859923.381,-261.759,meta-llama/Llama-3.2-1B-Instruct,"1769859923.381, 1769859923.383, 1769859923.384, 1769859923.406, 1769859923.460"
200.0,1,1769859721.4766,411.6607,2643,1026,3669,0.347,0.0821,0.4185,200.0,0.0,98.89,59.7275,271.3883,271.3883,41154.317,1769860192.8802617,9.65,260,2694,0.678,19,0,0,8.17,15.0,0,9044,1769859923.624,-266.546,meta-llama/Llama-3.2-1B-Instruct,"1769859923.624, 1769859923.683, 1769859923.688, 1769859923.689, 1769859923.691"
200.0,1,1769859721.532,419.4865,3014,1027,4041,0.3971,0.078,0.4189,200.0,0.0,98.89,59.4244,278.9109,278.9109,41433.2278,1769860200.459343,9.65,260,2695,0.653,19,0,0,8.17,15.0,0,9261,1769859923.683,-276.575,meta-llama/Llama-3.2-1B-Instruct,"1769859923.683, 1769859923.688, 1769859923.689, 1769859923.691, 1769859923.737"
200.0,1,1769859721.6182,426.5803,2407,1032,3439,0.308,0.0785,0.4024,200.0,0.0,98.89,59.3194,285.8997,285.8997,41719.1276,1769860207.5651712,9.64,260,2696,0.635,19,0,0,8.17,15.0,0,9351,1769859923.688,-281.606,meta-llama/Llama-3.2-1B-Instruct,"1769859923.688, 1769859923.689, 1769859923.691, 1769859923.737, 1769859923.742"
200.0,1,1769859721.7582,428.6436,2900,1028,3928,0.6858,0.0794,0.4105,200.0,0.0,98.89,58.8819,287.5255,287.5255,42006.6531,1769860209.301586,9.64,260,2697,0.663,19,0,0,8.17,15.0,0,9351,1769859923.688,-281.606,meta-llama/Llama-3.2-1B-Instruct,"1769859923.688, 1769859923.689, 1769859923.691, 1769859923.737, 1769859923.742"
1.0,0,1769859922.688,285.0763,27,32,59,0.0747,0.0675,0.0686,1.0,0.0,98.89,1.6597,284.151,284.151,42290.8041,1769860209.4253645,9.64,260,2698,0.671,19,0,0,8.17,15.0,0,9351,1769859923.688,-281.606,meta-llama/Llama-3.2-1B-Instruct,"1769859923.688, 1769859923.689, 1769859923.691, 1769859923.737, 1769859923.742"
1.0,0,1769859922.6894,286.8067,27,16,43,0.1052,0.0847,0.0847,1.0,0.0,98.89,1.2415,285.9118,285.9118,42576.716,1769860210.7621446,9.63,260,2699,0.64,18,0,0,8.17,15.0,0,9441,1769859923.737,-286.591,meta-llama/Llama-3.2-1B-Instruct,"1769859923.737, 1769859923.742, 1769859923.790, 1769859923.792, 1769859923.849"
1.0,0,1769859922.6909,286.8981,27,32,59,0.0982,0.2829,0.3821,1.0,0.0,98.89,1.9121,285.9963,285.9963,42862.7122,1769860211.5099447,9.63,260,2700,0.64,18,0,0,8.17,15.0,0,9441,1769859923.737,-286.591,meta-llama/Llama-3.2-1B-Instruct,"1769859923.737, 1769859923.742, 1769859923.790, 1769859923.792, 1769859923.849"
200.0,1,1769859721.9048,432.3443,2552,1028,3580,0.6317,0.0805,0.393,200.0,0.0,98.89,58.7235,291.0679,291.0679,43153.7801,1769860212.9889665,9.63,260,2701,0.703,19,0,0,8.17,15.0,0,9441,1769859923.737,-286.591,meta-llama/Llama-3.2-1B-Instruct,"1769859923.737, 1769859923.742, 1769859923.790, 1769859923.792, 1769859923.849"
1.0,0,1769859922.7425,288.9226,27,32,59,0.0702,0.0596,0.0636,1.0,0.0,98.89,1.6476,287.9928,287.9928,43441.7729,1769860213.3289182,9.62,260,2702,0.67,19,0,0,8.17,15.0,0,9441,1769859923.737,-286.591,meta-llama/Llama-3.2-1B-Instruct,"1769859923.737, 1769859923.742, 1769859923.790, 1769859923.792, 1769859923.849"
1.0,0,1769859922.7904,290.6524,27,32,59,0.1055,0.0721,0.348,1.0,0.0,98.89,1.6832,289.7578,289.7578,43731.5307,1769860215.1348405,9.62,260,2703,0.642,18,0,0,8.17,15.0,0,9441,1769859923.737,-286.591,meta-llama/Llama-3.2-1B-Instruct,"1769859923.737, 1769859923.742, 1769859923.790, 1769859923.792, 1769859923.849"
1.0,0,1769859922.7919,290.7302,27,32,59,0.1035,0.0595,0.3566,1.0,0.0,98.89,1.6645,289.8337,289.8337,44021.3644,1769860215.199307,9.62,260,2704,0.642,18,0,0,8.17,15.0,0,9441,1769859923.737,-286.591,meta-llama/Llama-3.2-1B-Instruct,"1769859923.737, 1769859923.742, 1769859923.790, 1769859923.792, 1769859923.849"
200.0,1,1769859721.9744,435.0645,2661,1024,3685,0.36,0.0801,0.398,200.0,0.0,98.89,58.7357,293.8002,293.8002,44315.1647,1769860215.8038344,9.61,260,2705,0.697,19,0,0,8.17,15.0,0,9532,1769859924.011,-291.37,meta-llama/Llama-3.2-1B-Instruct,"1769859924.011, 1769859924.066, 1769859924.133, 1769859924.160, 1769859924.162"
1.0,0,1769859922.9171,292.4803,27,32,59,0.3157,0.3282,0.5155,1.0,0.0,98.89,2.3308,291.796,291.796,44606.9607,1769860217.7382195,9.61,260,2706,0.648,18,0,0,8.17,15.0,0,9532,1769859924.011,-291.37,meta-llama/Llama-3.2-1B-Instruct,"1769859924.011, 1769859924.066, 1769859924.133, 1769859924.160, 1769859924.162"
200.0,1,1769859722.0363,439.5405,3376,1028,4404,0.4429,0.0823,0.3934,200.0,0.0,98.89,59.0256,298.5661,298.5661,44905.5268,1769860220.6267803,9.6,260,2707,0.693,19,0,0,8.17,15.0,0,9532,1769859924.011,-291.37,meta-llama/Llama-3.2-1B-Instruct,"1769859924.011, 1769859924.066, 1769859924.133, 1769859924.160, 1769859924.162"
200.0,1,1769859722.1583,441.8659,3324,1028,4352,0.6679,0.0823,0.398,200.0,0.0,98.89,58.8173,300.6832,300.6832,45206.21,1769860222.8636737,9.6,260,2708,0.63,18,0,0,8.17,15.0,0,9625,1769859924.133,-296.517,meta-llama/Llama-3.2-1B-Instruct,"1769859924.133, 1769859924.160, 1769859924.162, 1769859924.163, 1769859924.165"
1.0,0,1769859923.1605,300.3072,27,32,59,0.0848,0.0625,0.0648,1.0,0.0,98.89,1.6922,299.392,299.392,45505.602,1769860225.160829,9.6,260,2709,0.682,19,0,0,8.17,15.0,0,9625,1769859924.133,-296.517,meta-llama/Llama-3.2-1B-Instruct,"1769859924.133, 1769859924.160, 1769859924.162, 1769859924.163, 1769859924.165"
200.0,1,1769859722.3026,444.7307,3516,1024,4540,0.3997,0.0801,0.3708,200.0,0.0,98.9,58.5716,303.3023,303.3023,45808.9043,1769860225.6304917,9.59,260,2710,0.589,19,0,0,8.17,15.0,0,9625,1769859924.133,-296.517,meta-llama/Llama-3.2-1B-Instruct,"1769859924.133, 1769859924.160, 1769859924.162, 1769859924.163, 1769859924.165"
200.0,1,1769859722.4182,445.8357,2899,1024,3923,0.4056,0.0817,0.4101,200.0,0.0,98.9,58.3429,304.1787,304.1787,46417.1877,1769860226.6159048,9.59,260,2712,0.517,16,0,0,8.17,15.0,0,9732,1769859924.163,-301.55,meta-llama/Llama-3.2-1B-Instruct,"1769859924.163, 1769859924.165, 1769859924.226, 1769859924.289, 1769859924.356"
200.0,1,1769859722.4862,445.8381,4739,1027,5766,0.8539,0.0777,0.3727,200.0,0.0,98.9,58.2666,304.1047,304.1047,46417.1877,1769860226.616309,9.59,260,2712,0.517,16,0,0,8.17,15.0,0,9732,1769859924.163,-301.55,meta-llama/Llama-3.2-1B-Instruct,"1769859924.163, 1769859924.165, 1769859924.226, 1769859924.289, 1769859924.356"
1.0,0,1769859923.1619,302.2326,27,32,59,0.1013,0.316,0.4388,1.0,0.0,98.9,2.0439,301.3339,301.3339,46718.5215,1769860227.4417963,9.58,260,2713,0.69,19,0,0,8.17,15.0,0,9732,1769859924.163,-301.55,meta-llama/Llama-3.2-1B-Instruct,"1769859924.163, 1769859924.165, 1769859924.226, 1769859924.289, 1769859924.356"
1.0,0,1769859923.1633,302.6276,27,32,59,0.387,0.3398,0.3806,1.0,0.0,98.9,2.3316,302.0146,302.0146,47020.5361,1769860228.1274586,9.58,260,2714,0.648,19,0,0,8.17,15.0,0,9732,1769859924.163,-301.55,meta-llama/Llama-3.2-1B-Instruct,"1769859924.163, 1769859924.165, 1769859924.226, 1769859924.289, 1769859924.356"
1.0,0,1769859923.1647,303.6373,27,32,59,0.0927,0.3803,0.5529,1.0,0.0,98.9,2.5709,302.7299,302.7299,47323.266,1769860229.3761232,9.58,260,2715,0.56,18,0,0,8.17,15.0,0,9732,1769859924.163,-301.55,meta-llama/Llama-3.2-1B-Instruct,"1769859924.163, 1769859924.165, 1769859924.226, 1769859924.289, 1769859924.356"
200.0,1,1769859722.5645,448.2685,2441,1027,3468,0.3531,0.0833,0.4081,200.0,0.0,98.9,58.6034,306.8719,306.8719,47936.8429,1769860229.452713,9.57,260,2717,0.517,16,0,0,8.17,15.0,0,9732,1769859924.163,-301.55,meta-llama/Llama-3.2-1B-Instruct,"1769859924.163, 1769859924.165, 1769859924.226, 1769859924.289, 1769859924.356"
200.0,1,1769859722.7369,448.3174,2527,1025,3552,0.693,0.0826,0.4142,200.0,0.0,98.9,58.3877,306.705,306.705,47936.8429,1769860229.4566333,9.57,260,2717,0.541,17,0,0,8.17,15.0,0,9732,1769859924.163,-301.55,meta-llama/Llama-3.2-1B-Instruct,"1769859924.163, 1769859924.165, 1769859924.226, 1769859924.289, 1769859924.356"
200.0,1,1769859722.7936,450.2318,5078,1030,6108,0.6668,0.089,0.3898,200.0,0.0,98.9,59.0047,309.2364,309.2364,48246.0794,1769860232.0630078,9.57,260,2718,0.541,18,0,0,8.17,15.0,0,9828,1769859924.506,-306.22,meta-llama/Llama-3.2-1B-Instruct,"1769859924.506, 1769859924.556, 1769859924.590, 1769859924.596, 1769859924.644"
1.0,0,1769859923.3753,306.1655,27,32,59,0.0959,0.3458,1.1726,1.0,0.1726,98.86,3.1415,305.2613,305.2613,48551.3407,1769860232.6839802,9.56,260,2719,0.581,17,0,0,8.17,15.0,0,9828,1769859924.506,-306.22,meta-llama/Llama-3.2-1B-Instruct,"1769859924.506, 1769859924.556, 1769859924.590, 1769859924.596, 1769859924.644"
200.0,1,1769859722.8474,453.0907,2536,1029,3565,0.3223,0.0852,0.4015,200.0,0.0,98.86,59.17,312.2607,312.2607,48863.6014,1769860235.129267,9.56,260,2720,0.597,19,0,0,8.17,15.0,0,9828,1769859924.506,-306.22,meta-llama/Llama-3.2-1B-Instruct,"1769859924.506, 1769859924.556, 1769859924.590, 1769859924.596, 1769859924.644"
200.0,1,1769859722.9229,453.7309,3557,1019,4576,0.415,0.0834,0.396,200.0,0.0,98.86,58.962,312.6929,312.6929,49176.2943,1769860235.6428685,9.56,260,2721,0.585,19,0,0,8.17,15.0,0,9828,1769859924.506,-306.22,meta-llama/Llama-3.2-1B-Instruct,"1769859924.506, 1769859924.556, 1769859924.590, 1769859924.596, 1769859924.644"
1.0,0,1769859923.59,311.715,27,35,62,0.093,0.2623,0.3219,1.0,0.0,98.86,1.8672,310.808,310.808,49487.1024,1769860237.174627,9.55,260,2722,0.652,19,0,0,8.17,15.0,0,9921,1769859924.644,-311.16,meta-llama/Llama-3.2-1B-Instruct,"1769859924.644, 1769859924.702, 1769859924.755, 1769859924.762, 1769859924.764"
200.0,1,1769859723.4603,463.6837,2633,1028,3661,0.544,0.082,0.3763,200.0,0.0,98.86,59.4372,323.1209,323.1209,50133.4004,1769860246.5966663,9.55,260,2724,0.544,16,0,0,8.17,15.0,0,10116,1769859924.702,-321.111,meta-llama/Llama-3.2-1B-Instruct,"1769859924.702, 1769859924.755, 1769859924.762, 1769859924.764, 1769859924.802"
200.0,1,1769859723.4064,463.6361,2516,1025,3541,0.3512,0.083,0.391,200.0,0.0,98.86,59.541,323.1771,323.1771,50133.4004,1769860246.5993004,9.54,260,2724,0.544,16,0,0,8.17,15.0,0,10116,1769859924.702,-321.111,meta-llama/Llama-3.2-1B-Instruct,"1769859924.702, 1769859924.755, 1769859924.762, 1769859924.764, 1769859924.802"
200.0,1,1769859723.5599,465.8491,2808,1028,3836,0.6219,0.0849,0.3806,200.0,0.0,98.86,59.9407,325.7898,325.7898,50785.0381,1769860249.3660011,9.54,260,2726,0.599,18,0,0,8.17,15.0,0,10116,1769859924.702,-321.111,meta-llama/Llama-3.2-1B-Instruct,"1769859924.702, 1769859924.755, 1769859924.762, 1769859924.764, 1769859924.802"
200.0,1,1769859723.5044,465.8379,2739,1030,3769,0.3932,0.0814,0.3855,200.0,0.0,98.86,60.0101,325.8479,325.8479,50785.0381,1769860249.3667362,9.54,260,2726,0.599,18,0,0,8.17,15.0,0,10116,1769859924.702,-321.111,meta-llama/Llama-3.2-1B-Instruct,"1769859924.702, 1769859924.755, 1769859924.762, 1769859924.764, 1769859924.802"
200.0,1,1769859724.5963,511.2343,2413,240,2653,0.2822,0.0708,0.3354,200.0,0.0,98.86,13.673,324.9073,324.9073,51109.9454,1769860249.515158,9.53,260,2727,0.61,19,0,0,8.17,15.0,0,10116,1769859924.702,-321.111,meta-llama/Llama-3.2-1B-Instruct,"1769859924.702, 1769859924.755, 1769859924.762, 1769859924.764, 1769859924.802"
1.0,0,1769859923.7622,325.7447,27,31,58,0.0724,0.3429,0.4011,1.0,0.0,98.86,1.9684,324.8172,324.8172,51434.7625,1769860251.4869308,9.53,260,2728,0.634,18,0,0,8.17,15.0,0,10221,1769859924.843,-325.978,meta-llama/Llama-3.2-1B-Instruct,"1769859924.843, 1769859924.850, 1769859924.851, 1769859924.887, 1769859924.927"
1.0,0,1769859923.7644,325.8267,27,32,59,0.1136,0.3507,0.3577,1.0,0.0,98.87,1.9777,324.9403,324.9403,51759.7028,1769860251.5831954,9.53,260,2729,0.609,17,0,0,8.17,15.0,0,10221,1769859924.843,-325.978,meta-llama/Llama-3.2-1B-Instruct,"1769859924.843, 1769859924.850, 1769859924.851, 1769859924.887, 1769859924.927"
200.0,1,1769859723.6243,469.4015,2635,1023,3658,0.3504,0.0833,0.3882,200.0,0.0,98.87,60.1467,329.5482,329.5482,52089.251,1769860253.513891,9.52,260,2730,0.629,19,0,0,8.17,15.0,0,10221,1769859924.843,-325.978,meta-llama/Llama-3.2-1B-Instruct,"1769859924.843, 1769859924.850, 1769859924.851, 1769859924.887, 1769859924.927"
1.0,0,1769859923.8495,328.0026,27,32,59,0.2797,0.0784,0.3432,1.0,0.0,98.87,1.8658,327.2823,327.2823,52416.5334,1769860253.7253604,9.52,260,2731,0.643,18,0,0,8.17,15.0,0,10221,1769859924.843,-325.978,meta-llama/Llama-3.2-1B-Instruct,"1769859924.843, 1769859924.850, 1769859924.851, 1769859924.887, 1769859924.927"
1.0,0,1769859923.851,329.8776,27,32,59,0.0828,0.0783,0.3456,1.0,0.0,98.87,1.9914,328.9604,328.9604,52745.4938,1769860255.7212474,9.52,260,2732,0.644,19,0,0,8.17,15.0,0,10221,1769859924.843,-325.978,meta-llama/Llama-3.2-1B-Instruct,"1769859924.843, 1769859924.850, 1769859924.851, 1769859924.887, 1769859924.927"
200.0,1,1769859723.6833,477.3548,3871,1028,4899,0.5395,0.084,0.3881,200.0,0.0,98.87,60.9005,338.2553,338.2553,53083.7491,1769860261.960841,9.51,260,2733,0.644,19,0,0,8.17,15.0,0,10425,1769859924.941,-335.932,meta-llama/Llama-3.2-1B-Instruct,"1769859924.941, 1769859924.942, 1769859924.964, 1769859925.007, 1769859925.060"
1.0,0,1769859923.9407,338.179,27,32,59,0.0999,0.081,0.4112,1.0,0.0,98.87,1.7077,337.2789,337.2789,53421.028,1769860263.8282535,9.51,260,2734,0.684,19,0,0,8.17,15.0,0,10425,1769859924.941,-335.932,meta-llama/Llama-3.2-1B-Instruct,"1769859924.941, 1769859924.942, 1769859924.964, 1769859925.007, 1769859925.060"
1.0,0,1769859923.9422,340.06,27,32,59,0.1079,0.0666,0.0686,1.0,0.0,98.87,1.7377,339.168,339.168,53760.196,1769860265.7465167,9.51,260,2735,0.691,19,0,0,8.17,15.0,0,10425,1769859924.941,-335.932,meta-llama/Llama-3.2-1B-Instruct,"1769859924.941, 1769859924.942, 1769859924.964, 1769859925.007, 1769859925.060"
200.0,1,1769859723.7369,487.2741,2461,1027,3488,0.3219,0.0836,0.4086,200.0,0.0,98.87,61.0942,348.3683,348.3683,54108.5643,1769860272.1286757,9.5,260,2736,0.645,19,0,0,8.17,15.0,0,10622,1769859925.007,-345.992,meta-llama/Llama-3.2-1B-Instruct,"1769859925.007, 1769859925.060, 1769859925.111, 1769859925.148, 1769859925.192"
200.0,1,1769859723.8485,491.4557,2961,1021,3982,0.399,0.0851,0.4035,200.0,0.0,98.87,61.3535,352.8092,352.8092,54461.3734,1769860276.6703079,9.5,260,2737,0.648,18,0,0,8.17,15.0,0,10712,1769859925.06,-350.957,meta-llama/Llama-3.2-1B-Instruct,"1769859925.060, 1769859925.111, 1769859925.148, 1769859925.192, 1769859925.201"
200.0,1,1769859724.2892,503.3455,3246,830,4076,0.4135,0.083,0.3958,200.0,0.0,98.87,50.3463,353.6918,353.6918,55169.0535,1769860278.0066233,9.5,260,2739,0.59,19,0,0,8.17,15.0,0,10712,1769859925.06,-350.957,meta-llama/Llama-3.2-1B-Instruct,"1769859925.060, 1769859925.111, 1769859925.148, 1769859925.192, 1769859925.201"
200.0,1,1769859724.0113,492.0705,2779,1029,3808,0.3721,0.0848,0.4031,200.0,0.0,98.87,61.9177,353.9883,353.9883,55169.0535,1769860278.0133052,9.49,260,2739,0.642,19,0,0,8.17,15.0,0,10712,1769859925.06,-350.957,meta-llama/Llama-3.2-1B-Instruct,"1769859925.060, 1769859925.111, 1769859925.148, 1769859925.192, 1769859925.201"
200.0,1,1769859724.0655,493.9201,2905,1025,3930,0.3778,0.0844,0.4029,200.0,0.0,98.87,62.5004,356.4205,356.4205,55525.4739,1769860280.5106955,9.49,260,2740,0.675,19,0,0,8.17,15.0,0,10712,1769859925.06,-350.957,meta-llama/Llama-3.2-1B-Instruct,"1769859925.060, 1769859925.111, 1769859925.148, 1769859925.192, 1769859925.201"
200.0,1,1769859724.4161,505.2206,4303,854,5157,0.6117,0.091,0.407,200.0,0.0,98.87,52.3433,357.5639,357.5639,55883.0378,1769860281.9960914,9.49,260,2741,0.581,17,0,0,8.17,15.0,0,10812,1769859925.201,-355.838,meta-llama/Llama-3.2-1B-Instruct,"1769859925.201, 1769859925.238, 1769859925.282, 1769859925.322, 1769859925.398"
200.0,1,1769859724.8874,529.0051,3037,477,3514,0.3702,0.0761,0.4534,200.0,0.0,98.87,29.1994,358.2046,358.2046,56241.2424,1769860283.10516,9.48,260,2742,0.645,19,0,0,8.17,15.0,0,10812,1769859925.201,-355.838,meta-llama/Llama-3.2-1B-Instruct,"1769859925.201, 1769859925.238, 1769859925.282, 1769859925.322, 1769859925.398"
200.0,1,1769859724.1332,496.7219,5033,1032,6065,0.6761,0.0869,0.4109,200.0,0.0,98.87,63.1394,359.8613,359.8613,56601.1036,1769860284.0232341,9.48,260,2743,0.67,19,0,0,8.17,15.0,0,10812,1769859925.201,-355.838,meta-llama/Llama-3.2-1B-Instruct,"1769859925.201, 1769859925.238, 1769859925.282, 1769859925.322, 1769859925.398"
1.0,0,1769859924.2008,357.9105,27,32,59,0.1209,0.0905,0.4445,1.0,0.0,98.87,2.1146,357.0314,357.0314,56958.135,1769860284.2280395,9.48,260,2744,0.73,19,0,0,8.17,15.0,0,10812,1769859925.201,-355.838,meta-llama/Llama-3.2-1B-Instruct,"1769859925.201, 1769859925.238, 1769859925.282, 1769859925.322, 1769859925.398"
1.0,0,1769859924.3215,360.0446,27,35,62,0.3006,0.0688,0.3319,1.0,0.0,98.87,1.9609,359.3452,359.3452,57317.4803,1769860286.3353975,9.47,260,2745,0.706,19,0,0,8.17,15.0,0,10890,1769859925.398,-360.672,meta-llama/Llama-3.2-1B-Instruct,"1769859925.398, 1769859925.436, 1769859925.443, 1769859925.507, 1769859925.606"
200.0,1,1769859724.9639,540.9858,3283,338,3621,0.445,0.0973,0.4383,200.0,0.0,98.87,22.2313,363.2171,363.2171,57680.6973,1769860288.196972,9.47,260,2746,0.697,19,0,0,8.17,15.0,0,10890,1769859925.398,-360.672,meta-llama/Llama-3.2-1B-Instruct,"1769859925.398, 1769859925.436, 1769859925.443, 1769859925.507, 1769859925.606"
1.0,0,1769859924.4357,363.9297,27,32,59,0.1153,0.0757,0.3978,1.0,0.0,98.87,1.7704,363.045,363.045,58409.6385,1769860290.1367147,9.46,260,2748,0.707,19,0,0,8.17,15.0,0,10890,1769859925.398,-360.672,meta-llama/Llama-3.2-1B-Instruct,"1769859925.398, 1769859925.436, 1769859925.443, 1769859925.507, 1769859925.606"
200.0,1,1769859724.2262,502.6465,2898,1025,3923,0.378,0.0881,0.4094,200.0,0.0,98.87,63.2496,365.8962,365.8962,58409.6385,1769860290.139027,9.46,260,2748,0.56,18,0,0,8.17,15.0,0,10890,1769859925.398,-360.672,meta-llama/Llama-3.2-1B-Instruct,"1769859925.398, 1769859925.436, 1769859925.443, 1769859925.507, 1769859925.606"
200.0,1,1769859724.356,503.9273,2461,1037,3498,0.6084,0.0864,0.4174,200.0,0.0,98.87,63.1142,367.0415,367.0415,58776.68,1769860291.4653857,9.46,260,2749,0.621,19,0,0,8.17,15.0,0,10975,1769859925.606,-365.838,meta-llama/Llama-3.2-1B-Instruct,"1769859925.606, 1769859925.682, 1769859925.695, 1769859925.697, 1769859925.698"
1.0,0,1769859924.4435,365.8528,27,32,59,0.1126,0.3801,0.7952,1.0,0.0,98.87,2.8157,364.9654,364.9654,59141.6453,1769860293.1127481,9.45,260,2750,0.677,18,0,0,8.17,15.0,0,10975,1769859925.606,-365.838,meta-llama/Llama-3.2-1B-Instruct,"1769859925.606, 1769859925.682, 1769859925.695, 1769859925.697, 1769859925.698"
200.0,1,1769859724.4644,505.2612,5186,1030,6216,1.1324,0.0925,0.4063,200.0,0.0,98.87,63.7363,368.9974,368.9974,59510.6428,1769860293.5007486,9.45,260,2751,0.581,18,1,0,8.17,15.0,0,10975,1769859925.606,-365.838,meta-llama/Llama-3.2-1B-Instruct,"1769859925.606, 1769859925.682, 1769859925.695, 1769859925.697, 1769859925.698"
200.0,1,1769859724.5058,507.7174,2657,1024,3681,0.3618,0.0905,0.4125,200.0,0.0,98.88,62.7904,370.5077,370.5077,59881.1505,1769860295.0351493,9.45,260,2752,0.619,19,0,0,8.17,15.0,0,10975,1769859925.606,-365.838,meta-llama/Llama-3.2-1B-Instruct,"1769859925.606, 1769859925.682, 1769859925.695, 1769859925.697, 1769859925.698"
1.0,0,1769859924.6953,369.0209,27,23,50,0.3832,0.0783,0.0807,1.0,0.0,98.88,1.6381,368.4041,368.4041,60249.5547,1769860295.355506,9.44,260,2753,0.676,18,0,0,8.17,15.0,0,10975,1769859925.606,-365.838,meta-llama/Llama-3.2-1B-Instruct,"1769859925.606, 1769859925.682, 1769859925.695, 1769859925.697, 1769859925.698"
200.0,1,1769859724.5564,508.3211,3545,1028,4573,0.4561,0.0893,0.4055,200.0,0.0,98.88,62.5236,370.8447,370.8447,60620.3994,1769860295.4213634,9.44,260,2754,0.645,19,0,0,8.17,15.0,0,10975,1769859925.606,-365.838,meta-llama/Llama-3.2-1B-Instruct,"1769859925.606, 1769859925.682, 1769859925.695, 1769859925.697, 1769859925.698"
1.0,0,1769859924.6967,370.497,27,32,59,0.0974,0.0967,0.3893,1.0,0.0,98.88,1.7134,369.5944,369.5944,60989.9938,1769860296.9104083,9.44,260,2755,0.675,19,0,0,8.17,15.0,0,11076,1769859925.749,-370.768,meta-llama/Llama-3.2-1B-Instruct,"1769859925.749, 1769859925.836, 1769859925.933, 1769859925.944, 1769859925.945"
1.0,0,1769859924.6982,371.2737,27,32,59,0.1004,0.0826,0.0905,1.0,0.0,98.88,1.6997,370.3741,370.3741,61360.3678,1769860297.6745956,9.43,260,2756,0.634,18,0,0,8.17,15.0,0,11076,1769859925.749,-370.768,meta-llama/Llama-3.2-1B-Instruct,"1769859925.749, 1769859925.836, 1769859925.933, 1769859925.944, 1769859925.945"
1.0,0,1769859924.6996,371.3532,27,32,59,0.1133,0.0631,0.0864,1.0,0.0,98.88,1.6776,370.4665,370.4665,61730.8343,1769860297.7430944,9.43,260,2757,0.634,18,0,0,8.17,15.0,0,11076,1769859925.749,-370.768,meta-llama/Llama-3.2-1B-Instruct,"1769859925.749, 1769859925.836, 1769859925.933, 1769859925.944, 1769859925.945"
1.0,0,1769859924.7489,372.357,27,32,59,0.1133,0.0842,0.9246,1.0,0.0,98.88,2.6154,371.4703,371.4703,62102.3046,1769860299.724483,9.43,260,2758,0.638,19,0,0,8.17,15.0,0,11076,1769859925.749,-370.768,meta-llama/Llama-3.2-1B-Instruct,"1769859925.749, 1769859925.836, 1769859925.933, 1769859925.944, 1769859925.945"
200.0,1,1769859724.6445,512.6502,2516,1032,3548,0.3145,0.0882,0.4148,200.0,0.0,98.88,62.8809,375.5311,375.5311,62477.8356,1769860300.1929078,9.42,260,2759,0.638,19,0,0,8.17,15.0,0,11076,1769859925.749,-370.768,meta-llama/Llama-3.2-1B-Instruct,"1769859925.749, 1769859925.836, 1769859925.933, 1769859925.944, 1769859925.945"
1.0,0,1769859924.9436,374.9179,27,32,59,0.0992,0.0921,0.3754,1.0,0.0,98.88,1.755,374.0171,374.0171,62851.8528,1769860301.6190546,9.42,260,2760,0.716,19,0,0,8.17,15.0,0,11172,1769859926.013,-375.508,meta-llama/Llama-3.2-1B-Instruct,"1769859926.013, 1769859926.052, 1769859926.054, 1769859926.079, 1769859926.143"
1.0,0,1769859924.945,375.4076,27,32,59,0.1165,0.3062,0.4097,1.0,0.0,98.88,2.0174,374.5241,374.5241,63226.3768,1769860302.3709328,9.42,260,2761,0.685,19,0,0,8.17,15.0,0,11172,1769859926.013,-375.508,meta-llama/Llama-3.2-1B-Instruct,"1769859926.013, 1769859926.052, 1769859926.054, 1769859926.079, 1769859926.143"
1.0,0,1769859925.0523,377.5151,27,32,59,0.083,0.07,0.3811,1.0,0.0,98.88,1.7302,376.5981,376.5981,63602.975,1769860304.313724,9.41,260,2762,0.715,19,0,0,8.17,15.0,0,11172,1769859926.013,-375.508,meta-llama/Llama-3.2-1B-Instruct,"1769859926.013, 1769859926.052, 1769859926.054, 1769859926.079, 1769859926.143"
1.0,0,1769859925.0538,379.4265,27,32,59,0.1057,0.0644,0.3678,1.0,0.0,98.88,1.7818,378.5322,378.5322,63981.5072,1769860306.2709262,9.41,260,2763,0.721,19,0,0,8.17,15.0,0,11172,1769859926.013,-375.508,meta-llama/Llama-3.2-1B-Instruct,"1769859926.013, 1769859926.052, 1769859926.054, 1769859926.079, 1769859926.143"
200.0,1,1769859724.7551,522.1279,2913,1026,3939,0.8027,0.0911,0.4204,200.0,0.0,98.88,63.6519,385.7798,385.7798,64753.119,1769860310.5508947,9.4,260,2765,0.627,18,0,0,8.17,15.0,0,11244,1769859926.143,-380.436,meta-llama/Llama-3.2-1B-Instruct,"1769859926.143, 1769859926.147, 1769859926.148, 1769859926.149, 1769859926.151"
200.0,1,1769859724.7021,522.0493,4739,1026,5765,0.6459,0.092,0.4269,200.0,0.0,98.88,63.7827,385.832,385.832,64753.119,1769860310.5535052,9.41,260,2765,0.627,18,0,0,8.17,15.0,0,11244,1769859926.143,-380.436,meta-llama/Llama-3.2-1B-Instruct,"1769859926.143, 1769859926.147, 1769859926.148, 1769859926.149, 1769859926.151"
1.0,0,1769859925.1466,385.6357,27,32,59,0.4292,0.0818,0.3405,1.0,0.0,98.88,2.0839,385.0649,385.0649,65138.184,1769860312.8777144,9.4,260,2766,0.674,18,0,0,8.17,15.0,0,11242,1769859926.148,-385.462,meta-llama/Llama-3.2-1B-Instruct,"1769859926.148, 1769859926.149, 1769859926.151, 1769859926.152, 1769859926.154"
200.0,1,1769859724.8021,524.8804,2972,1027,3999,0.3775,0.0904,0.4323,200.0,0.0,98.88,63.2913,388.1717,388.1717,65526.3557,1769860312.9896142,9.4,260,2767,0.61,18,0,0,8.17,15.0,0,11242,1769859926.148,-385.462,meta-llama/Llama-3.2-1B-Instruct,"1769859926.148, 1769859926.149, 1769859926.151, 1769859926.152, 1769859926.154"
1.0,0,1769859925.148,387.9043,27,32,59,0.1062,0.0781,0.3531,1.0,0.0,98.88,1.7389,387.0105,387.0105,66303.3204,1769860314.800469,9.39,260,2769,0.679,18,0,0,8.17,15.0,0,11242,1769859926.148,-385.462,meta-llama/Llama-3.2-1B-Instruct,"1769859926.148, 1769859926.149, 1769859926.151, 1769859926.152, 1769859926.154"
200.0,1,1769859724.8434,526.8401,3103,1028,4131,0.4475,0.0912,0.415,200.0,0.0,98.88,63.1141,389.9542,389.9542,66303.3204,1769860314.8140755,9.39,260,2769,0.643,18,0,0,8.17,15.0,0,11242,1769859926.148,-385.462,meta-llama/Llama-3.2-1B-Instruct,"1769859926.148, 1769859926.149, 1769859926.151, 1769859926.152, 1769859926.154"
1.0,0,1769859925.1495,387.9918,27,32,59,0.1059,0.0654,0.3709,1.0,0.0,98.88,1.6967,387.0977,387.0977,66690.4181,1769860314.848447,9.39,260,2770,0.679,18,0,0,8.17,15.0,0,11242,1769859926.148,-385.462,meta-llama/Llama-3.2-1B-Instruct,"1769859926.148, 1769859926.149, 1769859926.151, 1769859926.152, 1769859926.154"
200.0,1,1769859726.0129,575.8268,2500,222,2722,0.3286,0.0966,0.3699,200.0,0.0,98.88,13.0486,388.8754,388.8754,67079.2935,1769860314.9002812,9.38,260,2771,0.69,19,0,0,8.17,15.0,0,11242,1769859926.148,-385.462,meta-llama/Llama-3.2-1B-Instruct,"1769859926.148, 1769859926.149, 1769859926.151, 1769859926.152, 1769859926.154"
1.0,0,1769859925.1509,389.8132,27,32,59,0.0802,0.3425,0.4378,1.0,0.0,98.88,2.1357,388.8933,388.8933,67468.1869,1769860317.1045222,9.38,260,2772,0.62,16,0,0,8.17,15.0,0,11236,1769859926.203,-390.42,meta-llama/Llama-3.2-1B-Instruct,"1769859926.203, 1769859926.204, 1769859926.259, 1769859926.334, 1769859926.344"
1.0,0,1769859925.1523,389.9227,27,32,59,0.1253,0.356,0.4362,1.0,0.0,98.88,2.1414,389.048,389.048,68246.2872,1769860317.2265964,9.38,260,2774,0.62,17,0,0,8.17,15.0,0,11236,1769859926.203,-390.42,meta-llama/Llama-3.2-1B-Instruct,"1769859926.203, 1769859926.204, 1769859926.259, 1769859926.334, 1769859926.344"
1.0,0,1769859925.1537,390.0062,27,32,59,0.0461,0.3423,0.4377,1.0,0.0,98.88,2.0609,389.0523,389.0523,68246.2872,1769860317.2286952,9.37,260,2774,0.62,17,0,0,8.17,15.0,0,11236,1769859926.203,-390.42,meta-llama/Llama-3.2-1B-Instruct,"1769859926.203, 1769859926.204, 1769859926.259, 1769859926.334, 1769859926.344"
1.0,0,1769859925.2042,392.1977,27,0,27,,,,1.0,,,0.0683,391.266,391.266,68637.5531,1769860317.4728675,9.37,260,2775,0.662,18,0,0,8.17,15.0,0,11236,1769859926.203,-390.42,meta-llama/Llama-3.2-1B-Instruct,"1769859926.203, 1769859926.204, 1769859926.259, 1769859926.334, 1769859926.344"
1.0,0,1769859925.2027,392.0185,27,32,59,0.1084,0.3754,0.3935,1.0,0.0,98.88,2.1081,391.1268,391.1268,69423.0719,1769860319.3362758,9.36,260,2777,0.662,19,0,0,8.17,15.0,0,11236,1769859926.203,-390.42,meta-llama/Llama-3.2-1B-Instruct,"1769859926.203, 1769859926.204, 1769859926.259, 1769859926.334, 1769859926.344"
200.0,1,1769859724.9268,531.0035,3180,1030,4210,0.6047,0.0921,0.4202,200.0,0.0,98.89,63.3884,394.3919,394.3919,69423.0719,1769860319.3374665,9.37,260,2777,0.679,19,0,0,8.17,15.0,0,11236,1769859926.203,-390.42,meta-llama/Llama-3.2-1B-Instruct,"1769859926.203, 1769859926.204, 1769859926.259, 1769859926.334, 1769859926.344"
1.0,0,1769859925.3337,392.2925,27,32,59,0.284,0.2019,0.4377,1.0,0.0,98.89,1.925,391.5765,391.5765,69814.6484,1769860319.5525005,9.36,260,2778,0.689,19,0,0,8.17,15.0,0,11236,1769859926.203,-390.42,meta-llama/Llama-3.2-1B-Instruct,"1769859926.203, 1769859926.204, 1769859926.259, 1769859926.334, 1769859926.344"
200.0,1,1769859725.2818,558.9101,3359,719,4078,0.4739,0.0905,0.4011,200.0,0.0,98.89,44.4718,403.382,403.382,70218.0304,1769860328.682036,9.36,260,2779,0.674,19,0,0,8.17,15.0,0,11229,1769859926.535,-400.155,meta-llama/Llama-3.2-1B-Instruct,"1769859926.535, 1769859926.615, 1769859926.657, 1769859926.658, 1769859926.660"
200.0,1,1769859725.0071,547.2889,2585,1030,3615,0.3496,0.0921,0.4294,200.0,0.0,98.89,64.1417,411.4306,411.4306,70629.4609,1769860336.4551876,9.35,260,2780,0.716,19,0,0,8.17,15.0,0,11228,1769859926.615,-405.353,meta-llama/Llama-3.2-1B-Instruct,"1769859926.615, 1769859926.657, 1769859926.658, 1769859926.660, 1769859926.661"
200.0,1,1769859725.06,551.8133,5781,1031,6812,1.0652,0.0879,0.4282,200.0,0.0,98.89,63.8572,415.6705,415.6705,71045.1314,1769860340.7522962,9.35,260,2781,0.717,19,0,0,8.17,15.0,0,11228,1769859926.615,-405.353,meta-llama/Llama-3.2-1B-Instruct,"1769859926.615, 1769859926.657, 1769859926.658, 1769859926.660, 1769859926.661"
200.0,1,1769859725.1485,553.1135,4077,1024,5101,0.85,0.0899,0.4337,200.0,0.0,98.89,62.9871,416.1006,416.1006,71877.3676,1769860341.2639406,9.34,260,2783,0.699,18,0,0,8.17,15.0,0,11228,1769859926.615,-405.353,meta-llama/Llama-3.2-1B-Instruct,"1769859926.615, 1769859926.657, 1769859926.658, 1769859926.660, 1769859926.661"
200.0,1,1769859725.1114,553.0592,3655,1022,4677,0.4992,0.0909,0.4154,200.0,0.0,98.89,63.0763,416.1355,416.1355,71877.3676,1769860341.2648716,9.35,260,2783,0.699,18,0,0,8.17,15.0,0,11228,1769859926.615,-405.353,meta-llama/Llama-3.2-1B-Instruct,"1769859926.615, 1769859926.657, 1769859926.658, 1769859926.660, 1769859926.661"
200.0,1,1769859725.1918,555.4952,3653,1037,4690,0.4697,0.0877,0.4031,200.0,0.0,98.89,61.3687,416.8639,416.8639,72294.2315,1769860342.067749,9.34,260,2784,0.74,19,0,0,8.17,15.0,0,11228,1769859926.615,-405.353,meta-llama/Llama-3.2-1B-Instruct,"1769859926.615, 1769859926.657, 1769859926.658, 1769859926.660, 1769859926.661"
200.0,1,1769859725.2375,558.0938,3051,1027,4078,0.5372,0.0882,0.3988,200.0,0.0,98.89,59.7816,417.8754,417.8754,72712.1069,1769860343.1317995,9.34,260,2785,0.701,19,0,0,8.17,15.0,0,11228,1769859926.615,-405.353,meta-llama/Llama-3.2-1B-Instruct,"1769859926.615, 1769859926.657, 1769859926.658, 1769859926.660, 1769859926.661"
200.0,1,1769859725.3984,561.0914,2572,1028,3600,0.3725,0.0868,0.3927,200.0,0.0,98.89,57.7948,418.8862,418.8862,73130.9931,1769860344.299257,9.33,260,2786,0.712,19,0,0,8.17,15.0,0,11228,1769859926.615,-405.353,meta-llama/Llama-3.2-1B-Instruct,"1769859926.615, 1769859926.657, 1769859926.658, 1769859926.660, 1769859926.661"
200.0,1,1769859725.5069,564.8683,2680,1034,3714,0.3712,0.082,0.4092,200.0,0.0,98.89,55.5487,420.417,420.417,73551.4101,1769860345.944977,9.33,260,2787,0.677,18,1,0,8.17,15.0,0,11228,1769859926.615,-405.353,meta-llama/Llama-3.2-1B-Instruct,"1769859926.615, 1769859926.657, 1769859926.658, 1769859926.660, 1769859926.661"
200.0,1,1769859725.6061,566.0618,6059,1025,7084,0.8151,0.0835,0.3792,200.0,0.0,98.89,54.7125,420.7743,420.7743,73972.1844,1769860346.4031303,9.33,260,2788,0.673,19,0,0,8.17,15.0,0,11228,1769859926.615,-405.353,meta-llama/Llama-3.2-1B-Instruct,"1769859926.615, 1769859926.657, 1769859926.658, 1769859926.660, 1769859926.661"
200.0,1,1769859725.6819,567.9705,3189,1021,4210,0.4409,0.0786,0.3841,200.0,0.0,98.89,53.2508,421.2213,421.2213,74393.4056,1769860346.9246638,9.32,260,2789,0.675,18,0,0,8.17,15.0,0,11228,1769859926.615,-405.353,meta-llama/Llama-3.2-1B-Instruct,"1769859926.615, 1769859926.657, 1769859926.658, 1769859926.660, 1769859926.661"
200.0,1,1769859725.9328,572.0056,3000,1025,4025,0.8571,0.0724,0.3804,200.0,0.0,98.89,50.5547,422.5603,422.5603,75238.6199,1769860348.5113502,9.32,260,2791,0.64,18,0,0,8.17,15.0,0,11228,1769859926.615,-405.353,meta-llama/Llama-3.2-1B-Instruct,"1769859926.615, 1769859926.657, 1769859926.658, 1769859926.660, 1769859926.661"
200.0,1,1769859725.8359,572.01,4739,1026,5765,0.7848,0.0729,0.3722,200.0,0.0,98.89,50.644,422.654,422.654,75238.6199,1769860348.5119047,9.32,260,2791,0.64,18,0,0,8.17,15.0,0,11228,1769859926.615,-405.353,meta-llama/Llama-3.2-1B-Instruct,"1769859926.615, 1769859926.657, 1769859926.658, 1769859926.660, 1769859926.661"
200.0,1,1769859726.0793,580.3817,2618,1026,3644,0.3426,0.069,0.3783,200.0,0.0,98.89,44.6953,425.077,425.077,75663.6969,1769860351.1732662,9.31,260,2792,0.728,19,0,0,8.17,15.0,0,11228,1769859926.615,-405.353,meta-llama/Llama-3.2-1B-Instruct,"1769859926.615, 1769859926.657, 1769859926.658, 1769859926.660, 1769859926.661"
200.0,1,1769859726.1428,584.5519,3806,1029,4835,0.5157,0.067,0.3595,200.0,0.0,98.89,41.8104,426.3623,426.3623,76090.0592,1769860352.5240467,9.31,260,2793,0.674,18,0,0,8.17,15.0,0,11228,1769859926.615,-405.353,meta-llama/Llama-3.2-1B-Instruct,"1769859926.615, 1769859926.657, 1769859926.658, 1769859926.660, 1769859926.661"
200.0,1,1769859726.1873,589.0681,3750,1024,4774,0.4567,0.0667,0.3513,200.0,0.0,98.89,38.6176,427.6857,427.6857,76517.7449,1769860353.887618,9.31,260,2794,0.621,19,0,0,8.17,15.0,0,11228,1769859926.615,-405.353,meta-llama/Llama-3.2-1B-Instruct,"1769859926.615, 1769859926.657, 1769859926.658, 1769859926.660, 1769859926.661"
200.0,1,1769859726.2592,591.2159,2862,1023,3885,0.4284,0.0635,0.3253,200.0,0.0,98.89,36.9847,428.2005,428.2005,76945.9455,1769860354.475552,9.3,260,2795,0.662,18,0,0,8.17,15.0,0,11228,1769859926.615,-405.353,meta-llama/Llama-3.2-1B-Instruct,"1769859926.615, 1769859926.657, 1769859926.658, 1769859926.660, 1769859926.661"
200.0,1,1769859726.4823,593.2017,2668,1025,3693,0.7808,0.0633,0.0968,200.0,0.0,98.89,35.2657,428.4674,428.4674,78231.557,1769860354.9624126,9.3,260,2798,0.681,18,0,0,8.17,15.0,0,11228,1769859926.615,-405.353,meta-llama/Llama-3.2-1B-Instruct,"1769859926.615, 1769859926.657, 1769859926.658, 1769859926.660, 1769859926.661"
200.0,1,1769859726.344,593.1064,2807,1024,3831,0.4052,0.0632,0.1017,200.0,0.0,98.89,35.5008,428.6072,428.6072,78231.557,1769860354.966847,9.29,260,2798,0.655,18,0,0,8.17,15.0,0,11228,1769859926.615,-405.353,meta-llama/Llama-3.2-1B-Instruct,"1769859926.615, 1769859926.657, 1769859926.658, 1769859926.660, 1769859926.661"
200.0,1,1769859726.4136,593.2044,3253,1025,4278,0.8448,0.0638,0.0953,200.0,0.0,98.89,35.3325,428.5369,428.5369,78231.557,1769860354.967865,9.3,260,2798,0.655,18,0,0,8.17,15.0,0,11228,1769859926.615,-405.353,meta-llama/Llama-3.2-1B-Instruct,"1769859926.615, 1769859926.657, 1769859926.658, 1769859926.660, 1769859926.661"
200.0,1,1769859726.535,602.2959,2976,1038,4014,0.3937,0.0593,0.0664,200.0,0.0,98.89,28.079,430.375,430.375,78661.932,1769860356.9205992,9.29,260,2799,0.728,19,0,0,8.17,15.0,0,11228,1769859926.615,-405.353,meta-llama/Llama-3.2-1B-Instruct,"1769859926.615, 1769859926.657, 1769859926.658, 1769859926.660, 1769859926.661"
