orig_slo,slo_type,insertion_time,wait_time,prompt_tok,out_tok,total_tok,ttft,tbt_p95,tbt_p99,tbt_slo,tbt_violation,tbt_success_rate_pct,ttlt,diff,violation,total_violation,finished_time,success_rate_pct,success_count,processed_count,kv,run_cnt,wait_cnt,swap_cnt,vram_used_gib,vram_total_gib,vq_id,vq_groups,head_deadline,slack,model,deadlines
200.0,1,1769466579.9348,0.0316,2664,5,2669,7.8789,0.0631,0.0631,200.0,0.0,100.0,8.1186,-191.8498,0.0,0.0,1769466589.0009983,100.0,1,1,0.0,0,0,0,6.35,15.0,0,196,1769466581.068,-2.88,meta-llama/Llama-3.2-1B-Instruct,"1769466581.068, 1769466581.079, 1769466581.091, 1769466581.102, 1769466581.120"
1.0,0,1769466579.8188,0.0461,27,32,59,7.9603,0.1468,0.5772,1.0,0.0,100.0,9.4404,7.0064,7.0064,57.4169,1769466589.3186831,50.0,1,9,0.0,0,0,0,6.35,15.0,0,388,1769466581.068,-8.211,meta-llama/Llama-3.2-1B-Instruct,"1769466581.068, 1769466581.079, 1769466581.091, 1769466581.102, 1769466581.120"
1.0,0,1769466579.3392,0.035,27,32,59,8.4493,0.1272,0.4814,1.0,0.0,100.0,9.9385,7.4842,7.4842,64.3114,1769466589.3225808,14.29,1,10,0.0,0,0,0,6.35,15.0,0,388,1769466581.068,-8.211,meta-llama/Llama-3.2-1B-Instruct,"1769466581.068, 1769466581.079, 1769466581.091, 1769466581.102, 1769466581.120"
1.0,0,1769466579.4786,0.0352,27,32,59,8.3107,0.1863,0.4772,1.0,0.0,100.0,9.7944,7.3459,7.3459,64.3114,1769466589.3228137,25.0,1,10,0.0,0,0,0,6.35,15.0,0,388,1769466581.068,-8.211,meta-llama/Llama-3.2-1B-Instruct,"1769466581.068, 1769466581.079, 1769466581.091, 1769466581.102, 1769466581.120"
1.0,0,1769466579.7863,0.0343,27,32,59,8.0076,0.1263,0.595,1.0,0.0,100.0,9.488,7.0419,7.0419,64.3114,1769466589.323029,20.0,1,10,0.0,0,0,0,6.35,15.0,0,388,1769466581.068,-8.211,meta-llama/Llama-3.2-1B-Instruct,"1769466581.068, 1769466581.079, 1769466581.091, 1769466581.102, 1769466581.120"
1.0,0,1769466579.8781,0.0342,27,32,59,7.9082,0.0688,0.6904,1.0,0.0,100.0,9.3953,6.9423,6.9423,109.4423,1769466589.3314686,33.33,1,16,0.0,0,0,0,6.35,15.0,0,388,1769466581.068,-8.211,meta-llama/Llama-3.2-1B-Instruct,"1769466581.068, 1769466581.079, 1769466581.091, 1769466581.102, 1769466581.120"
1.0,0,1769466579.6292,0.0314,27,31,58,8.1768,0.1453,0.573,1.0,0.0,100.0,9.6568,7.2082,7.2082,109.4423,1769466589.331668,12.5,1,16,0.0,0,0,0,6.35,15.0,0,388,1769466581.068,-8.211,meta-llama/Llama-3.2-1B-Instruct,"1769466581.068, 1769466581.079, 1769466581.091, 1769466581.102, 1769466581.120"
1.0,0,1769466578.989,0.071,27,32,59,8.7837,0.0963,0.5933,1.0,0.0,100.0,10.2664,7.8547,7.8547,116.8354,1769466589.3354282,7.69,1,17,0.0,0,0,0,6.29,15.0,0,388,1769466581.068,-8.211,meta-llama/Llama-3.2-1B-Instruct,"1769466581.068, 1769466581.079, 1769466581.091, 1769466581.102, 1769466581.120"
1.0,0,1769466579.9501,0.0318,27,32,59,7.8627,0.0671,0.655,1.0,0.0,100.0,9.3387,6.8945,6.8945,116.8354,1769466589.336444,10.0,1,17,0.0,0,0,0,6.35,15.0,0,388,1769466581.068,-8.211,meta-llama/Llama-3.2-1B-Instruct,"1769466581.068, 1769466581.079, 1769466581.091, 1769466581.102, 1769466581.120"
1.0,0,1769466579.4538,0.0442,27,32,59,8.3207,0.0966,0.5397,1.0,0.0,100.0,9.8141,7.365,7.365,146.9922,1769466589.341109,16.67,1,21,0.0,0,0,0,6.35,15.0,0,388,1769466581.068,-8.211,meta-llama/Llama-3.2-1B-Instruct,"1769466581.068, 1769466581.079, 1769466581.091, 1769466581.102, 1769466581.120"
1.0,0,1769466579.0308,0.0331,27,32,59,8.775,0.0699,0.6632,1.0,0.0,100.0,10.2648,7.808,7.808,146.9922,1769466589.3440826,7.14,1,21,0.0,0,0,0,6.29,15.0,0,388,1769466581.068,-8.211,meta-llama/Llama-3.2-1B-Instruct,"1769466581.068, 1769466581.079, 1769466581.091, 1769466581.102, 1769466581.120"
1.0,0,1769466578.9646,0.0972,27,32,59,8.7687,0.1777,0.4701,1.0,0.0,100.0,10.2875,7.8659,7.8659,162.596,1769466589.3590784,4.35,1,23,0.0,0,0,0,6.29,15.0,0,388,1769466581.068,-8.211,meta-llama/Llama-3.2-1B-Instruct,"1769466581.068, 1769466581.079, 1769466581.091, 1769466581.102, 1769466581.120"
1.0,0,1769466580.1025,9.5625,27,11,38,0.0484,0.0635,0.0635,1.0,0.0,100.0,0.4996,8.6109,8.6109,171.2069,1769466590.1812444,4.17,1,24,0.546,19,0,0,10.31,15.0,0,388,1769466581.068,-8.211,meta-llama/Llama-3.2-1B-Instruct,"1769466581.068, 1769466581.079, 1769466581.091, 1769466581.102, 1769466581.120"
1.0,0,1769466580.0676,9.3875,27,32,59,0.0778,0.0772,0.0893,1.0,0.0,100.0,1.364,8.4653,8.4653,179.6722,1769466590.825025,4.0,1,25,0.545,17,0,0,10.31,15.0,0,388,1769466581.068,-8.211,meta-llama/Llama-3.2-1B-Instruct,"1769466581.068, 1769466581.079, 1769466581.091, 1769466581.102, 1769466581.120"
1.0,0,1769466580.0795,9.4446,27,32,59,0.0884,0.0732,0.0775,1.0,0.0,100.0,1.3402,8.533,8.533,188.2051,1769466590.8730283,3.85,1,26,0.545,18,0,0,10.31,15.0,0,388,1769466581.068,-8.211,meta-llama/Llama-3.2-1B-Instruct,"1769466581.068, 1769466581.079, 1769466581.091, 1769466581.102, 1769466581.120"
1.0,0,1769466580.0908,9.5048,27,32,59,0.1128,0.0602,0.0683,1.0,0.0,100.0,1.3561,8.6177,8.6177,196.8228,1769466590.9610596,3.7,1,27,0.546,19,0,0,10.31,15.0,0,388,1769466581.068,-8.211,meta-llama/Llama-3.2-1B-Instruct,"1769466581.068, 1769466581.079, 1769466581.091, 1769466581.102, 1769466581.120"
1.0,0,1769466580.1197,9.635,27,32,59,0.0979,0.0643,0.0656,1.0,0.0,100.0,1.3534,8.7329,8.7329,205.5557,1769466591.1228976,3.57,1,28,0.547,21,0,0,10.31,15.0,0,388,1769466581.068,-8.211,meta-llama/Llama-3.2-1B-Instruct,"1769466581.068, 1769466581.079, 1769466581.091, 1769466581.102, 1769466581.120"
1.0,0,1769466580.1825,9.712,27,32,59,0.1318,0.0722,0.0917,1.0,0.0,100.0,1.3782,8.8438,8.8438,232.0923,1769466591.2769172,3.33,1,31,0.548,22,0,0,10.31,15.0,0,388,1769466581.068,-8.211,meta-llama/Llama-3.2-1B-Instruct,"1769466581.068, 1769466581.079, 1769466581.091, 1769466581.102, 1769466581.120"
1.0,0,1769466580.1938,9.7272,27,32,59,0.1116,0.0656,0.0759,1.0,0.0,100.0,1.3419,8.8387,8.8387,232.0923,1769466591.278194,3.45,1,31,0.549,22,0,0,10.31,15.0,0,388,1769466581.068,-8.211,meta-llama/Llama-3.2-1B-Instruct,"1769466581.068, 1769466581.079, 1769466581.091, 1769466581.102, 1769466581.120"
1.0,0,1769466580.1711,9.7195,27,32,59,0.1345,0.0717,0.0793,1.0,0.0,100.0,1.3851,8.854,8.854,232.0923,1769466591.27949,3.23,1,31,0.547,21,0,0,10.31,15.0,0,388,1769466581.068,-8.211,meta-llama/Llama-3.2-1B-Instruct,"1769466581.068, 1769466581.079, 1769466581.091, 1769466581.102, 1769466581.120"
1.0,0,1769466580.2063,9.8101,27,32,59,0.0933,0.0621,0.0768,1.0,0.0,100.0,1.333,8.9034,8.9034,240.9957,1769466591.3569622,3.12,1,32,0.55,25,0,0,10.31,15.0,0,388,1769466581.068,-8.211,meta-llama/Llama-3.2-1B-Instruct,"1769466581.068, 1769466581.079, 1769466581.091, 1769466581.102, 1769466581.120"
1.0,0,1769466580.2268,9.8709,27,32,59,0.0833,0.0837,0.0913,1.0,0.0,100.0,1.3362,8.9541,8.9541,249.9499,1769466591.4362206,3.03,1,33,0.551,26,0,0,10.31,15.0,0,388,1769466581.068,-8.211,meta-llama/Llama-3.2-1B-Instruct,"1769466581.068, 1769466581.079, 1769466581.091, 1769466581.102, 1769466581.120"
1.0,0,1769466580.5117,10.4402,27,10,37,0.0992,0.0734,0.0734,1.0,0.0,100.0,0.564,9.5394,9.5394,259.4893,1769466591.5271678,2.94,1,34,0.558,32,0,0,10.31,15.0,0,388,1769466581.068,-8.211,meta-llama/Llama-3.2-1B-Instruct,"1769466581.068, 1769466581.079, 1769466581.091, 1769466581.102, 1769466581.120"
1.0,0,1769466580.2677,9.9872,27,32,59,0.0716,0.0717,0.0749,1.0,0.0,100.0,1.3263,9.0588,9.0588,277.6208,1769466591.59392,2.86,1,36,0.552,26,0,0,10.31,15.0,0,388,1769466581.068,-8.211,meta-llama/Llama-3.2-1B-Instruct,"1769466581.068, 1769466581.079, 1769466581.091, 1769466581.102, 1769466581.120"
1.0,0,1769466580.2365,9.9645,27,32,59,0.1083,0.0778,0.0844,1.0,0.0,100.0,1.3821,9.0727,9.0727,277.6208,1769466591.5941606,2.78,1,36,0.552,26,0,0,10.31,15.0,0,388,1769466581.068,-8.211,meta-llama/Llama-3.2-1B-Instruct,"1769466581.068, 1769466581.079, 1769466581.091, 1769466581.102, 1769466581.120"
1.0,0,1769466580.46,10.2695,27,24,51,0.0922,0.0859,0.092,1.0,0.0,100.0,1.0652,9.3617,9.3617,296.1848,1769466591.8070722,2.7,1,38,0.557,32,0,0,10.31,15.0,0,388,1769466581.068,-8.211,meta-llama/Llama-3.2-1B-Instruct,"1769466581.068, 1769466581.079, 1769466581.091, 1769466581.102, 1769466581.120"
1.0,0,1769466580.302,10.0832,27,32,59,0.1191,0.0775,0.0822,1.0,0.0,100.0,1.4189,9.2023,9.2023,296.1848,1769466591.8073027,2.63,1,38,0.553,28,0,0,10.31,15.0,0,388,1769466581.068,-8.211,meta-llama/Llama-3.2-1B-Instruct,"1769466581.068, 1769466581.079, 1769466581.091, 1769466581.102, 1769466581.120"
1.0,0,1769466580.3336,10.1372,27,32,59,0.0957,0.0682,0.0717,1.0,0.0,100.0,1.4085,9.2328,9.2328,305.4177,1769466591.8876119,2.56,1,39,0.553,28,0,0,10.31,15.0,0,388,1769466581.068,-8.211,meta-llama/Llama-3.2-1B-Instruct,"1769466581.068, 1769466581.079, 1769466581.091, 1769466581.102, 1769466581.120"
1.0,0,1769466580.3655,10.2278,27,31,58,0.1469,0.0838,0.0936,1.0,0.0,100.0,1.3595,9.3747,9.3747,314.7924,1769466591.9550166,2.5,1,40,0.555,30,0,0,10.31,15.0,0,388,1769466581.068,-8.211,meta-llama/Llama-3.2-1B-Instruct,"1769466581.068, 1769466581.079, 1769466581.091, 1769466581.102, 1769466581.120"
1.0,0,1769466580.4012,10.2458,27,32,59,0.0805,0.0856,0.0872,1.0,0.0,100.0,1.3622,9.3264,9.3264,324.1187,1769466592.0292215,2.44,1,41,0.555,30,1,0,10.31,15.0,0,388,1769466581.068,-8.211,meta-llama/Llama-3.2-1B-Instruct,"1769466581.068, 1769466581.079, 1769466581.091, 1769466581.102, 1769466581.120"
1.0,0,1769466580.472,10.3653,27,32,59,0.0964,0.0675,0.0983,1.0,0.0,100.0,1.3674,9.4618,9.4618,333.5805,1769466592.2161622,2.38,1,42,0.558,32,0,0,10.31,15.0,0,388,1769466581.068,-8.211,meta-llama/Llama-3.2-1B-Instruct,"1769466581.068, 1769466581.079, 1769466581.091, 1769466581.102, 1769466581.120"
1.0,0,1769466580.6474,10.4288,27,32,59,0.1162,0.0836,0.1031,1.0,0.0,100.0,1.3761,9.545,9.545,343.1255,1769466592.465557,2.33,1,43,0.558,31,0,0,10.31,15.0,0,388,1769466581.068,-8.211,meta-llama/Llama-3.2-1B-Instruct,"1769466581.068, 1769466581.079, 1769466581.091, 1769466581.102, 1769466581.120"
1.0,0,1769466580.6815,10.4359,27,32,59,0.1131,0.0824,0.0887,1.0,0.0,100.0,1.4116,9.5491,9.5491,362.5617,1769466592.5325878,2.27,1,45,0.558,32,0,0,10.31,15.0,0,388,1769466581.068,-8.211,meta-llama/Llama-3.2-1B-Instruct,"1769466581.068, 1769466581.079, 1769466581.091, 1769466581.102, 1769466581.120"
1.0,0,1769466580.813,10.795,27,20,47,0.0921,0.0933,0.0933,1.0,0.0,100.0,0.9214,9.8871,9.8871,362.5617,1769466592.5328062,2.22,1,45,0.559,29,0,0,10.31,15.0,0,388,1769466581.068,-8.211,meta-llama/Llama-3.2-1B-Instruct,"1769466581.068, 1769466581.079, 1769466581.091, 1769466581.102, 1769466581.120"
1.0,0,1769466580.7195,10.517,27,32,59,0.1149,0.0851,0.0944,1.0,0.0,100.0,1.427,9.6319,9.6319,372.1936,1769466592.6708834,2.17,1,46,0.56,33,0,0,10.31,15.0,0,388,1769466581.068,-8.211,meta-llama/Llama-3.2-1B-Instruct,"1769466581.068, 1769466581.079, 1769466581.091, 1769466581.102, 1769466581.120"
1.0,0,1769466580.7318,10.575,27,32,59,0.1252,0.0825,0.0912,1.0,0.0,100.0,1.4325,9.7002,9.7002,381.8937,1769466592.74813,2.13,1,47,0.558,30,1,0,10.31,15.0,0,388,1769466581.068,-8.211,meta-llama/Llama-3.2-1B-Instruct,"1769466581.068, 1769466581.079, 1769466581.091, 1769466581.102, 1769466581.120"
1.0,0,1769466580.7673,10.6126,27,32,59,0.1271,0.0773,0.0807,1.0,0.0,100.0,1.406,9.7398,9.7398,391.6335,1769466592.81157,2.08,1,48,0.559,30,0,0,10.31,15.0,0,388,1769466581.068,-8.211,meta-llama/Llama-3.2-1B-Instruct,"1769466581.068, 1769466581.079, 1769466581.091, 1769466581.102, 1769466581.120"
1.0,0,1769466580.8018,10.6734,27,32,59,0.1103,0.0815,0.0902,1.0,0.0,100.0,1.3736,9.7837,9.7837,401.4172,1769466592.8611052,2.04,1,49,0.559,30,0,0,10.31,15.0,0,388,1769466581.068,-8.211,meta-llama/Llama-3.2-1B-Instruct,"1769466581.068, 1769466581.079, 1769466581.091, 1769466581.102, 1769466581.120"
1.0,0,1769466580.8485,10.8334,27,32,59,0.1247,0.0744,0.0772,1.0,0.0,100.0,1.4068,9.9581,9.9581,411.3753,1769466593.1080298,2.0,1,50,0.56,30,0,0,10.31,15.0,0,388,1769466581.068,-8.211,meta-llama/Llama-3.2-1B-Instruct,"1769466581.068, 1769466581.079, 1769466581.091, 1769466581.102, 1769466581.120"
1.0,0,1769466580.883,10.8742,27,30,57,0.1256,0.0719,0.0729,1.0,0.0,100.0,1.3956,9.9998,9.9998,421.3751,1769466593.1701794,1.96,1,51,0.56,30,0,0,10.31,15.0,0,388,1769466581.068,-8.211,meta-llama/Llama-3.2-1B-Instruct,"1769466581.068, 1769466581.079, 1769466581.091, 1769466581.102, 1769466581.120"
1.0,0,1769466581.384,11.6756,27,0,27,,,,1.0,,,0.1172,10.7928,10.7928,432.168,1769466593.1846156,1.92,1,52,0.566,32,0,0,10.31,15.0,0,388,1769466581.068,-8.211,meta-llama/Llama-3.2-1B-Instruct,"1769466581.068, 1769466581.079, 1769466581.091, 1769466581.102, 1769466581.120"
1.0,0,1769466580.8952,10.9379,27,32,59,0.11,0.0877,0.105,1.0,0.0,100.0,1.4012,10.0479,10.0479,442.2158,1769466593.2358096,1.89,1,53,0.56,29,0,0,10.31,15.0,0,388,1769466581.068,-8.211,meta-llama/Llama-3.2-1B-Instruct,"1769466581.068, 1769466581.079, 1769466581.091, 1769466581.102, 1769466581.120"
1.0,0,1769466580.907,10.9954,27,32,59,0.1074,0.0741,0.0774,1.0,0.0,100.0,1.4031,10.1028,10.1028,452.3186,1769466593.324242,1.85,1,54,0.56,29,1,0,10.31,15.0,0,388,1769466581.068,-8.211,meta-llama/Llama-3.2-1B-Instruct,"1769466581.068, 1769466581.079, 1769466581.091, 1769466581.102, 1769466581.120"
1.0,0,1769466580.9191,11.0726,27,32,59,0.1145,0.0695,0.0754,1.0,0.0,100.0,1.3896,10.1872,10.1872,462.5058,1769466593.3838596,1.82,1,55,0.56,29,0,0,10.31,15.0,0,388,1769466581.068,-8.211,meta-llama/Llama-3.2-1B-Instruct,"1769466581.068, 1769466581.079, 1769466581.091, 1769466581.102, 1769466581.120"
1.0,0,1769466580.9903,11.1357,27,32,59,0.1029,0.0817,0.0919,1.0,0.0,100.0,1.4019,10.2386,10.2386,472.7444,1769466593.5303667,1.79,1,56,0.562,30,0,0,10.31,15.0,0,388,1769466581.068,-8.211,meta-llama/Llama-3.2-1B-Instruct,"1769466581.068, 1769466581.079, 1769466581.091, 1769466581.102, 1769466581.120"
1.0,0,1769466581.0038,11.2886,27,32,59,0.1632,0.081,0.0841,1.0,0.0,100.0,1.3878,10.4517,10.4517,493.5985,1769466593.6948102,1.75,1,58,0.562,30,0,0,10.31,15.0,0,388,1769466581.068,-8.211,meta-llama/Llama-3.2-1B-Instruct,"1769466581.068, 1769466581.079, 1769466581.091, 1769466581.102, 1769466581.120"
1.0,0,1769466581.0165,11.281,27,32,59,0.1213,0.0825,0.0884,1.0,0.0,100.0,1.3852,10.4023,10.4023,493.5985,1769466593.6971397,1.72,1,58,0.562,30,0,0,10.31,15.0,0,388,1769466581.068,-8.211,meta-llama/Llama-3.2-1B-Instruct,"1769466581.068, 1769466581.079, 1769466581.091, 1769466581.102, 1769466581.120"
1.0,0,1769466581.0297,11.3139,27,32,59,0.0802,0.0798,0.0917,1.0,0.0,100.0,1.4086,10.3941,10.3941,503.9926,1769466593.7623231,1.69,1,59,0.562,30,0,0,10.31,15.0,0,388,1769466581.068,-8.211,meta-llama/Llama-3.2-1B-Instruct,"1769466581.068, 1769466581.079, 1769466581.091, 1769466581.102, 1769466581.120"
1.0,0,1769466581.0424,11.3706,27,32,59,0.1181,0.0735,0.0789,1.0,0.0,100.0,1.3829,10.4887,10.4887,514.4813,1769466593.8067367,1.67,1,60,0.564,33,0,0,10.31,15.0,0,388,1769466581.068,-8.211,meta-llama/Llama-3.2-1B-Instruct,"1769466581.068, 1769466581.079, 1769466581.091, 1769466581.102, 1769466581.120"
1.0,0,1769466581.0826,11.4639,27,32,59,0.0853,0.0857,0.0903,1.0,0.0,100.0,1.3769,10.5492,10.5492,525.0305,1769466593.928434,1.64,1,61,0.564,31,0,0,10.31,15.0,0,388,1769466581.068,-8.211,meta-llama/Llama-3.2-1B-Instruct,"1769466581.068, 1769466581.079, 1769466581.091, 1769466581.102, 1769466581.120"
1.0,0,1769466581.1982,11.4155,27,32,59,0.1069,0.0643,0.0964,1.0,0.0,100.0,1.436,10.5224,10.5224,535.5528,1769466594.0581982,1.61,1,62,0.564,31,0,0,10.31,15.0,0,388,1769466581.068,-8.211,meta-llama/Llama-3.2-1B-Instruct,"1769466581.068, 1769466581.079, 1769466581.091, 1769466581.102, 1769466581.120"
1.0,0,1769466581.2695,11.4252,27,32,59,0.1053,0.0688,0.0818,1.0,0.0,100.0,1.4283,10.5305,10.5305,546.0833,1769466594.1324346,1.59,1,63,0.564,31,0,0,10.31,15.0,0,388,1769466581.068,-8.211,meta-llama/Llama-3.2-1B-Instruct,"1769466581.068, 1769466581.079, 1769466581.091, 1769466581.102, 1769466581.120"
1.0,0,1769466581.3457,11.4761,27,32,59,0.1068,0.0874,0.0913,1.0,0.0,100.0,1.4056,10.5828,10.5828,556.6661,1769466594.2426598,1.56,1,64,0.565,31,0,0,10.31,15.0,0,388,1769466581.068,-8.211,meta-llama/Llama-3.2-1B-Instruct,"1769466581.068, 1769466581.079, 1769466581.091, 1769466581.102, 1769466581.120"
1.0,0,1769466581.3581,11.5173,27,32,59,0.0865,0.0701,0.0777,1.0,0.0,100.0,1.3879,10.6037,10.6037,567.2699,1769466594.2732062,1.54,1,65,0.564,30,1,0,10.31,15.0,0,388,1769466581.068,-8.211,meta-llama/Llama-3.2-1B-Instruct,"1769466581.068, 1769466581.079, 1769466581.091, 1769466581.102, 1769466581.120"
1.0,0,1769466581.3713,11.6131,27,32,59,0.1207,0.0768,0.1051,1.0,0.0,100.0,1.4036,10.7338,10.7338,578.0036,1769466594.3912594,1.52,1,66,0.566,32,0,0,10.31,15.0,0,389,1769466583.114,-11.2,meta-llama/Llama-3.2-1B-Instruct,"1769466583.114, 1769466583.126, 1769466583.140, 1769466583.152, 1769466583.165"
1.0,0,1769466581.7746,12.2362,27,7,34,0.1163,0.0644,0.0644,1.0,0.0,100.0,0.41,11.3526,11.3526,600.7613,1769466594.4454417,1.49,1,68,0.569,30,0,0,10.31,15.0,0,389,1769466583.114,-11.2,meta-llama/Llama-3.2-1B-Instruct,"1769466583.114, 1769466583.126, 1769466583.140, 1769466583.152, 1769466583.165"
1.0,0,1769466582.0258,12.3275,27,0,27,,,,1.0,,,0.0777,11.4052,11.4052,600.7613,1769466594.4497042,1.47,1,68,0.57,30,1,0,10.31,15.0,0,389,1769466583.114,-11.2,meta-llama/Llama-3.2-1B-Instruct,"1769466583.114, 1769466583.126, 1769466583.140, 1769466583.152, 1769466583.165"
1.0,0,1769466581.5187,11.741,27,32,59,0.0751,0.0894,0.0994,1.0,0.0,100.0,1.3462,10.8161,10.8161,622.4808,1769466594.6157455,1.43,1,70,0.566,30,0,0,10.31,15.0,0,389,1769466583.114,-11.2,meta-llama/Llama-3.2-1B-Instruct,"1769466583.114, 1769466583.126, 1769466583.140, 1769466583.152, 1769466583.165"
1.0,0,1769466581.3973,11.8094,27,32,59,0.094,0.0808,0.093,1.0,0.0,100.0,1.3841,10.9035,10.9035,622.4808,1769466594.6184077,1.45,1,70,0.566,30,0,0,10.31,15.0,0,389,1769466583.114,-11.2,meta-llama/Llama-3.2-1B-Instruct,"1769466583.114, 1769466583.126, 1769466583.140, 1769466583.152, 1769466583.165"
1.0,0,1769466581.6452,11.859,27,32,59,0.083,0.088,0.1017,1.0,0.0,100.0,1.3903,10.942,10.942,644.4495,1769466594.8971617,1.41,1,72,0.567,30,0,0,10.31,15.0,0,389,1769466583.114,-11.2,meta-llama/Llama-3.2-1B-Instruct,"1769466583.114, 1769466583.126, 1769466583.140, 1769466583.152, 1769466583.165"
1.0,0,1769466581.5585,11.9375,27,32,59,0.0891,0.0746,0.0821,1.0,0.0,100.0,1.4008,11.0266,11.0266,644.4495,1769466594.8982215,1.39,1,72,0.567,30,0,0,10.31,15.0,0,389,1769466583.114,-11.2,meta-llama/Llama-3.2-1B-Instruct,"1769466583.114, 1769466583.126, 1769466583.140, 1769466583.152, 1769466583.165"
1.0,0,1769466581.658,11.9038,27,32,59,0.1114,0.0737,0.0816,1.0,0.0,100.0,1.3947,11.0152,11.0152,655.4647,1769466594.960888,1.37,1,73,0.568,31,0,0,10.31,15.0,0,389,1769466583.114,-11.2,meta-llama/Llama-3.2-1B-Instruct,"1769466583.114, 1769466583.126, 1769466583.140, 1769466583.152, 1769466583.165"
1.0,0,1769466581.6969,11.9411,27,32,59,0.1171,0.0785,0.0834,1.0,0.0,100.0,1.3871,11.0582,11.0582,666.5229,1769466595.03077,1.35,1,74,0.568,31,1,0,10.31,15.0,0,389,1769466583.114,-11.2,meta-llama/Llama-3.2-1B-Instruct,"1769466583.114, 1769466583.126, 1769466583.140, 1769466583.152, 1769466583.165"
1.0,0,1769466581.7369,12.0396,27,32,59,0.1123,0.0777,0.0777,1.0,0.0,100.0,1.389,11.1519,11.1519,677.6748,1769466595.1787753,1.33,1,75,0.568,30,0,0,10.31,15.0,0,389,1769466583.114,-11.2,meta-llama/Llama-3.2-1B-Instruct,"1769466583.114, 1769466583.126, 1769466583.140, 1769466583.152, 1769466583.165"
1.0,0,1769466581.7494,12.0944,27,32,59,0.0692,0.0713,0.0717,1.0,0.0,100.0,1.3523,11.1636,11.1636,688.8384,1769466595.2025104,1.32,1,76,0.568,29,0,0,10.31,15.0,0,389,1769466583.114,-11.2,meta-llama/Llama-3.2-1B-Instruct,"1769466583.114, 1769466583.126, 1769466583.140, 1769466583.152, 1769466583.165"
1.0,0,1769466581.7622,12.1843,27,32,59,0.096,0.0822,0.0863,1.0,0.0,100.0,1.4263,11.2803,11.2803,700.1187,1769466595.3854084,1.3,1,77,0.569,30,0,0,10.31,15.0,0,389,1769466583.114,-11.2,meta-llama/Llama-3.2-1B-Instruct,"1769466583.114, 1769466583.126, 1769466583.140, 1769466583.152, 1769466583.165"
1.0,0,1769466581.7878,12.3454,27,32,59,0.1137,0.0818,0.083,1.0,0.0,100.0,1.4214,11.4591,11.4591,711.5778,1769466595.5601068,1.28,1,78,0.569,30,0,0,10.31,15.0,0,389,1769466583.114,-11.2,meta-llama/Llama-3.2-1B-Instruct,"1769466583.114, 1769466583.126, 1769466583.140, 1769466583.152, 1769466583.165"
1.0,0,1769466581.9225,12.2656,27,32,59,0.0784,0.0825,0.1019,1.0,0.0,100.0,1.3916,11.344,11.344,722.9218,1769466595.598593,1.27,1,79,0.57,30,0,0,10.31,15.0,0,389,1769466583.114,-11.2,meta-llama/Llama-3.2-1B-Instruct,"1769466583.114, 1769466583.126, 1769466583.140, 1769466583.152, 1769466583.165"
1.0,0,1769466581.936,12.3567,27,32,59,0.1227,0.0763,0.0945,1.0,0.0,100.0,1.4412,11.4794,11.4794,734.4012,1769466595.7470737,1.25,1,80,0.569,30,0,0,10.31,15.0,0,389,1769466583.114,-11.2,meta-llama/Llama-3.2-1B-Instruct,"1769466583.114, 1769466583.126, 1769466583.140, 1769466583.152, 1769466583.165"
1.0,0,1769466582.1139,12.2901,27,32,59,0.1034,0.0752,0.1001,1.0,0.0,100.0,1.4158,11.3935,11.3935,745.7947,1769466595.8234665,1.23,1,81,0.57,30,1,0,10.31,15.0,0,389,1769466583.114,-11.2,meta-llama/Llama-3.2-1B-Instruct,"1769466583.114, 1769466583.126, 1769466583.140, 1769466583.152, 1769466583.165"
1.0,0,1769466582.1263,12.3688,27,32,59,0.0933,0.0721,0.0728,1.0,0.0,100.0,1.4124,11.4621,11.4621,757.2568,1769466595.9108748,1.22,1,82,0.571,30,0,0,10.31,15.0,0,389,1769466583.114,-11.2,meta-llama/Llama-3.2-1B-Instruct,"1769466583.114, 1769466583.126, 1769466583.140, 1769466583.152, 1769466583.165"
1.0,0,1769466582.1397,12.5367,27,32,59,0.1122,0.0733,0.0935,1.0,0.0,100.0,1.3788,11.6489,11.6489,768.9057,1769466596.067302,1.2,1,83,0.571,30,0,0,10.31,15.0,0,389,1769466583.114,-11.2,meta-llama/Llama-3.2-1B-Instruct,"1769466583.114, 1769466583.126, 1769466583.140, 1769466583.152, 1769466583.165"
1.0,0,1769466582.1523,12.5307,27,32,59,0.0827,0.0707,0.0725,1.0,0.0,100.0,1.395,11.6134,11.6134,780.5191,1769466596.0827122,1.19,1,84,0.571,29,0,0,10.31,15.0,0,389,1769466583.114,-11.2,meta-llama/Llama-3.2-1B-Instruct,"1769466583.114, 1769466583.126, 1769466583.140, 1769466583.152, 1769466583.165"
1.0,0,1769466582.1653,12.627,27,32,59,0.1439,0.078,0.0843,1.0,0.0,100.0,1.4009,11.7709,11.7709,792.29,1769466596.1967852,1.18,1,85,0.573,31,0,0,10.31,15.0,0,389,1769466583.114,-11.2,meta-llama/Llama-3.2-1B-Instruct,"1769466583.114, 1769466583.126, 1769466583.140, 1769466583.152, 1769466583.165"
1.0,0,1769466582.265,12.5926,27,32,59,0.0769,0.0692,0.0753,1.0,0.0,100.0,1.3987,11.6695,11.6695,803.9595,1769466596.2586346,1.16,1,86,0.573,31,1,0,10.31,15.0,0,389,1769466583.114,-11.2,meta-llama/Llama-3.2-1B-Instruct,"1769466583.114, 1769466583.126, 1769466583.140, 1769466583.152, 1769466583.165"
1.0,0,1769466582.3272,12.5876,27,32,59,0.1069,0.0712,0.074,1.0,0.0,100.0,1.3845,11.6946,11.6946,815.654,1769466596.3163981,1.15,1,87,0.572,31,0,0,10.31,15.0,0,389,1769466583.114,-11.2,meta-llama/Llama-3.2-1B-Instruct,"1769466583.114, 1769466583.126, 1769466583.140, 1769466583.152, 1769466583.165"
1.0,0,1769466582.4018,12.7115,27,32,59,0.0878,0.0626,0.0671,1.0,0.0,100.0,1.3843,11.7993,11.7993,839.264,1769466596.499351,1.14,1,89,0.573,30,0,0,10.31,15.0,0,389,1769466583.114,-11.2,meta-llama/Llama-3.2-1B-Instruct,"1769466583.114, 1769466583.126, 1769466583.140, 1769466583.152, 1769466583.165"
1.0,0,1769466582.3897,12.6798,27,32,59,0.1309,0.0756,0.0856,1.0,0.0,100.0,1.4292,11.8107,11.8107,839.264,1769466596.4995728,1.12,1,89,0.573,30,0,0,10.31,15.0,0,389,1769466583.114,-11.2,meta-llama/Llama-3.2-1B-Instruct,"1769466583.114, 1769466583.126, 1769466583.140, 1769466583.152, 1769466583.165"
1.0,0,1769466582.4148,12.7972,27,32,59,0.1583,0.0642,0.0705,1.0,0.0,100.0,1.4036,11.9555,11.9555,851.2195,1769466596.6175652,1.11,1,90,0.574,30,0,0,10.31,15.0,0,389,1769466583.114,-11.2,meta-llama/Llama-3.2-1B-Instruct,"1769466583.114, 1769466583.126, 1769466583.140, 1769466583.152, 1769466583.165"
1.0,0,1769466582.4281,12.8455,27,32,59,0.0759,0.073,0.0778,1.0,0.0,100.0,1.3978,11.9213,11.9213,863.1409,1769466596.67434,1.1,1,91,0.574,30,1,0,10.31,15.0,0,389,1769466583.114,-11.2,meta-llama/Llama-3.2-1B-Instruct,"1769466583.114, 1769466583.126, 1769466583.140, 1769466583.152, 1769466583.165"
1.0,0,1769466582.5586,12.7794,27,32,59,0.101,0.0708,0.0713,1.0,0.0,100.0,1.4312,11.8804,11.8804,875.0213,1769466596.7757378,1.09,1,92,0.574,31,0,0,10.31,15.0,0,389,1769466583.114,-11.2,meta-llama/Llama-3.2-1B-Instruct,"1769466583.114, 1769466583.126, 1769466583.140, 1769466583.152, 1769466583.165"
1.0,0,1769466582.5979,12.8713,27,32,59,0.1066,0.0671,0.0999,1.0,0.0,100.0,1.3795,11.978,11.978,886.9993,1769466596.8517597,1.08,1,93,0.576,32,0,0,10.31,15.0,0,389,1769466583.114,-11.2,meta-llama/Llama-3.2-1B-Instruct,"1769466583.114, 1769466583.126, 1769466583.140, 1769466583.152, 1769466583.165"
1.0,0,1769466582.6378,12.8915,27,32,59,0.0684,0.0679,0.0944,1.0,0.0,100.0,1.3525,11.96,11.96,898.9593,1769466596.8935747,1.06,1,94,0.576,32,0,0,10.31,15.0,0,389,1769466583.114,-11.2,meta-llama/Llama-3.2-1B-Instruct,"1769466583.114, 1769466583.126, 1769466583.140, 1769466583.152, 1769466583.165"
1.0,0,1769466582.6524,12.9692,27,32,59,0.1097,0.0632,0.0688,1.0,0.0,100.0,1.3716,12.079,12.079,911.0382,1769466597.0173757,1.05,1,95,0.576,32,0,0,10.31,15.0,0,389,1769466583.114,-11.2,meta-llama/Llama-3.2-1B-Instruct,"1769466583.114, 1769466583.126, 1769466583.140, 1769466583.152, 1769466583.165"
1.0,0,1769466582.6922,12.9999,27,32,59,0.1052,0.0634,0.0949,1.0,0.0,100.0,1.3941,12.1051,12.1051,923.1434,1769466597.1033344,1.04,1,96,0.576,32,0,0,10.31,15.0,0,389,1769466583.114,-11.2,meta-llama/Llama-3.2-1B-Instruct,"1769466583.114, 1769466583.126, 1769466583.140, 1769466583.152, 1769466583.165"
1.0,0,1769466582.7552,13.0355,27,32,59,0.0924,0.0609,0.0619,1.0,0.0,100.0,1.4215,12.1279,12.1279,935.2713,1769466597.2414663,1.03,1,97,0.577,32,0,0,10.31,15.0,0,389,1769466583.114,-11.2,meta-llama/Llama-3.2-1B-Instruct,"1769466583.114, 1769466583.126, 1769466583.140, 1769466583.152, 1769466583.165"
1.0,0,1769466582.7982,13.102,27,32,59,0.1321,0.0757,0.0764,1.0,0.0,100.0,1.4325,12.2341,12.2341,947.5054,1769466597.3398132,1.02,1,98,0.577,32,0,0,10.31,15.0,0,389,1769466583.114,-11.2,meta-llama/Llama-3.2-1B-Instruct,"1769466583.114, 1769466583.126, 1769466583.140, 1769466583.152, 1769466583.165"
1.0,0,1769466582.8119,13.158,27,32,59,0.082,0.0669,0.0719,1.0,0.0,100.0,1.3791,12.24,12.24,959.7454,1769466597.3698306,1.01,1,99,0.578,32,0,0,10.31,15.0,0,389,1769466583.114,-11.2,meta-llama/Llama-3.2-1B-Instruct,"1769466583.114, 1769466583.126, 1769466583.140, 1769466583.152, 1769466583.165"
1.0,0,1769466582.8248,13.2028,27,32,59,0.1153,0.0681,0.1129,1.0,0.0,100.0,1.4288,12.3181,12.3181,972.0635,1769466597.464266,1.0,1,100,0.579,34,0,0,10.31,15.0,0,389,1769466583.114,-11.2,meta-llama/Llama-3.2-1B-Instruct,"1769466583.114, 1769466583.126, 1769466583.140, 1769466583.152, 1769466583.165"
1.0,0,1769466582.8662,13.2859,27,31,58,0.1207,0.0735,0.0814,1.0,0.0,100.0,1.4426,12.4066,12.4066,984.4701,1769466597.6051157,0.99,1,101,0.579,33,0,0,10.31,15.0,0,389,1769466583.114,-11.2,meta-llama/Llama-3.2-1B-Instruct,"1769466583.114, 1769466583.126, 1769466583.140, 1769466583.152, 1769466583.165"
1.0,0,1769466582.9104,13.3077,27,32,59,0.089,0.0785,0.0881,1.0,0.0,100.0,1.3996,12.3966,12.3966,996.8667,1769466597.6402578,0.98,1,102,0.579,32,1,0,10.31,15.0,0,389,1769466583.114,-11.2,meta-llama/Llama-3.2-1B-Instruct,"1769466583.114, 1769466583.126, 1769466583.140, 1769466583.152, 1769466583.165"
1.0,0,1769466583.032,13.2976,27,32,59,0.1058,0.0758,0.0843,1.0,0.0,100.0,1.3984,12.4035,12.4035,1009.2701,1769466597.7369392,0.97,1,103,0.579,32,0,0,10.31,15.0,0,389,1769466583.114,-11.2,meta-llama/Llama-3.2-1B-Instruct,"1769466583.114, 1769466583.126, 1769466583.140, 1769466583.152, 1769466583.165"
1.0,0,1769466583.0972,13.2915,27,32,59,0.1386,0.0835,0.0889,1.0,0.0,100.0,1.4108,12.43,12.43,1021.7002,1769466597.8229084,0.96,1,104,0.579,32,0,0,10.31,15.0,0,389,1769466583.114,-11.2,meta-llama/Llama-3.2-1B-Instruct,"1769466583.114, 1769466583.126, 1769466583.140, 1769466583.152, 1769466583.165"
1.0,0,1769466583.2181,13.2487,27,32,59,0.091,0.0764,0.0791,1.0,0.0,100.0,1.4126,12.3396,12.3396,1034.0398,1769466597.9026608,0.95,1,105,0.58,33,1,0,10.31,15.0,0,389,1769466583.114,-11.2,meta-llama/Llama-3.2-1B-Instruct,"1769466583.114, 1769466583.126, 1769466583.140, 1769466583.152, 1769466583.165"
1.0,0,1769466583.2863,13.2947,27,33,60,0.179,0.0852,0.0973,1.0,0.0,100.0,1.4578,12.4736,12.4736,1046.5134,1769466598.0397666,0.94,1,106,0.58,33,0,0,10.31,15.0,0,389,1769466583.114,-11.2,meta-llama/Llama-3.2-1B-Instruct,"1769466583.114, 1769466583.126, 1769466583.140, 1769466583.152, 1769466583.165"
1.0,0,1769466583.3001,13.3354,27,33,60,0.1267,0.0779,0.0837,1.0,0.0,100.0,1.4371,12.4621,12.4621,1058.9755,1769466598.0879414,0.93,1,107,0.58,31,0,0,10.31,15.0,0,389,1769466583.114,-11.2,meta-llama/Llama-3.2-1B-Instruct,"1769466583.114, 1769466583.126, 1769466583.140, 1769466583.152, 1769466583.165"
1.0,0,1769466583.313,13.4097,27,32,59,0.125,0.0949,0.0976,1.0,0.0,100.0,1.4307,12.5346,12.5346,1071.5101,1769466598.1556277,0.93,1,108,0.58,32,0,0,10.31,15.0,0,389,1769466583.114,-11.2,meta-llama/Llama-3.2-1B-Instruct,"1769466583.114, 1769466583.126, 1769466583.140, 1769466583.152, 1769466583.165"
1.0,0,1769466583.3259,13.5281,27,32,59,0.1674,0.0897,0.1201,1.0,0.0,100.0,1.451,12.6955,12.6955,1084.2056,1769466598.3070314,0.92,1,109,0.581,32,0,0,10.31,15.0,0,389,1769466583.114,-11.2,meta-llama/Llama-3.2-1B-Instruct,"1769466583.114, 1769466583.126, 1769466583.140, 1769466583.152, 1769466583.165"
1.0,0,1769466583.3421,13.5813,27,32,59,0.0929,0.0907,0.0968,1.0,0.0,100.0,1.42,12.6743,12.6743,1096.8799,1769466598.3476238,0.91,1,110,0.58,31,1,0,10.31,15.0,0,389,1769466583.114,-11.2,meta-llama/Llama-3.2-1B-Instruct,"1769466583.114, 1769466583.126, 1769466583.140, 1769466583.152, 1769466583.165"
1.0,0,1769466583.3683,13.7575,27,32,59,0.0957,0.0733,0.074,1.0,0.0,100.0,1.4176,12.8533,12.8533,1122.615,1769466598.5706778,0.9,1,112,0.582,31,0,0,10.31,15.0,0,389,1769466583.114,-11.2,meta-llama/Llama-3.2-1B-Instruct,"1769466583.114, 1769466583.126, 1769466583.140, 1769466583.152, 1769466583.165"
1.0,0,1769466583.3554,13.7576,27,32,59,0.1242,0.0747,0.0865,1.0,0.0,100.0,1.4473,12.8818,12.8818,1122.615,1769466598.573277,0.89,1,112,0.582,32,0,0,10.31,15.0,0,389,1769466583.114,-11.2,meta-llama/Llama-3.2-1B-Instruct,"1769466583.114, 1769466583.126, 1769466583.140, 1769466583.152, 1769466583.165"
1.0,0,1769466583.4826,13.7049,27,32,59,0.1235,0.0751,0.0881,1.0,0.0,100.0,1.4287,12.8284,12.8284,1135.4433,1769466598.6211202,0.88,1,113,0.582,31,0,0,10.31,15.0,0,389,1769466583.114,-11.2,meta-llama/Llama-3.2-1B-Instruct,"1769466583.114, 1769466583.126, 1769466583.140, 1769466583.152, 1769466583.165"
1.0,0,1769466583.5941,13.7311,27,32,59,0.1318,0.0774,0.0966,1.0,0.0,100.0,1.4044,12.8629,12.8629,1148.3063,1769466598.7350464,0.88,1,114,0.583,33,0,0,10.31,15.0,0,389,1769466583.114,-11.2,meta-llama/Llama-3.2-1B-Instruct,"1769466583.114, 1769466583.126, 1769466583.140, 1769466583.152, 1769466583.165"
1.0,0,1769466583.6774,13.733,27,32,59,0.1021,0.0764,0.0889,1.0,0.0,100.0,1.4093,12.8351,12.8351,1161.1414,1769466598.8223176,0.87,1,115,0.584,32,0,0,10.31,15.0,0,389,1769466583.114,-11.2,meta-llama/Llama-3.2-1B-Instruct,"1769466583.114, 1769466583.126, 1769466583.140, 1769466583.152, 1769466583.165"
1.0,0,1769466583.8811,13.6829,27,29,56,0.0585,0.0739,0.0795,1.0,0.0,100.0,1.2824,12.7414,12.7414,1173.8828,1769466598.8604832,0.86,1,116,0.584,32,0,0,10.31,15.0,0,389,1769466583.114,-11.2,meta-llama/Llama-3.2-1B-Instruct,"1769466583.114, 1769466583.126, 1769466583.140, 1769466583.152, 1769466583.165"
1.0,0,1769466583.7405,13.7906,27,32,59,0.0695,0.0719,0.0861,1.0,0.0,100.0,1.3907,12.8601,12.8601,1186.7429,1769466598.9227493,0.85,1,117,0.584,32,0,0,10.31,15.0,0,389,1769466583.114,-11.2,meta-llama/Llama-3.2-1B-Instruct,"1769466583.114, 1769466583.126, 1769466583.140, 1769466583.152, 1769466583.165"
1.0,0,1769466583.8941,13.818,27,32,59,0.0812,0.0827,0.0953,1.0,0.0,100.0,1.3995,12.8992,12.8992,1199.6421,1769466599.113184,0.85,1,118,0.585,32,0,0,10.31,15.0,0,389,1769466583.114,-11.2,meta-llama/Llama-3.2-1B-Instruct,"1769466583.114, 1769466583.126, 1769466583.140, 1769466583.152, 1769466583.165"
1.0,0,1769466583.9072,13.8728,27,32,59,0.1176,0.0824,0.0866,1.0,0.0,100.0,1.4454,12.9904,12.9904,1212.6325,1769466599.2350156,0.84,1,119,0.585,32,0,0,10.31,15.0,0,389,1769466583.114,-11.2,meta-llama/Llama-3.2-1B-Instruct,"1769466583.114, 1769466583.126, 1769466583.140, 1769466583.152, 1769466583.165"
1.0,0,1769466583.9462,13.962,27,32,59,0.1118,0.0708,0.0721,1.0,0.0,100.0,1.4077,13.0738,13.0738,1225.7063,1769466599.317842,0.83,1,120,0.585,31,0,0,10.31,15.0,0,389,1769466583.114,-11.2,meta-llama/Llama-3.2-1B-Instruct,"1769466583.114, 1769466583.126, 1769466583.140, 1769466583.152, 1769466583.165"
1.0,0,1769466584.1186,13.8591,27,32,59,0.1332,0.0851,0.0904,1.0,0.0,100.0,1.4615,12.9924,12.9924,1251.5895,1769466599.4471974,0.83,1,122,0.585,31,0,0,10.31,15.0,0,389,1769466586.08,-13.293,meta-llama/Llama-3.2-1B-Instruct,"1769466586.080, 1769466586.181, 1769466586.217, 1769466586.368, 1769466586.408"
1.0,0,1769466584.6709,13.7825,27,21,48,0.1084,0.0753,0.0964,1.0,0.0,100.0,0.9917,12.8908,12.8908,1251.5895,1769466599.4480684,0.82,1,122,0.587,32,0,0,10.31,15.0,0,389,1769466586.08,-13.293,meta-llama/Llama-3.2-1B-Instruct,"1769466586.080, 1769466586.181, 1769466586.217, 1769466586.368, 1769466586.408"
1.0,0,1769466584.1601,13.9623,27,32,59,0.094,0.0803,0.0939,1.0,0.0,100.0,1.4094,13.0563,13.0563,1264.6458,1769466599.536015,0.81,1,123,0.585,31,0,0,10.31,15.0,0,389,1769466586.08,-13.293,meta-llama/Llama-3.2-1B-Instruct,"1769466586.080, 1769466586.181, 1769466586.217, 1769466586.368, 1769466586.408"
1.0,0,1769466584.5399,13.7446,27,32,59,0.1276,0.0863,0.0864,1.0,0.0,100.0,1.3526,12.8722,12.8722,1277.518,1769466599.652297,0.81,1,124,0.586,30,0,0,10.31,15.0,0,389,1769466586.08,-13.293,meta-llama/Llama-3.2-1B-Instruct,"1769466586.080, 1769466586.181, 1769466586.217, 1769466586.368, 1769466586.408"
1.0,0,1769466584.5252,13.7732,27,32,59,0.0825,0.0841,0.092,1.0,0.0,100.0,1.3927,12.8558,12.8558,1290.3737,1769466599.7014525,0.8,1,125,0.586,31,0,0,10.31,15.0,0,389,1769466586.08,-13.293,meta-llama/Llama-3.2-1B-Instruct,"1769466586.080, 1769466586.181, 1769466586.217, 1769466586.368, 1769466586.408"
1.0,0,1769466584.5818,13.7844,27,32,59,0.1,0.0638,0.0652,1.0,0.0,100.0,1.4131,12.8844,12.8844,1303.2582,1769466599.7904928,0.79,1,126,0.586,31,0,0,10.31,15.0,0,389,1769466586.08,-13.293,meta-llama/Llama-3.2-1B-Instruct,"1769466586.080, 1769466586.181, 1769466586.217, 1769466586.368, 1769466586.408"
1.0,0,1769466584.6978,13.9353,27,32,59,0.0955,0.0674,0.0736,1.0,0.0,100.0,1.4046,13.0308,13.0308,1329.3084,1769466600.0519485,0.78,1,128,0.587,30,1,0,10.31,15.0,0,389,1769466586.08,-13.293,meta-llama/Llama-3.2-1B-Instruct,"1769466586.080, 1769466586.181, 1769466586.217, 1769466586.368, 1769466586.408"
1.0,0,1769466584.6847,13.8912,27,32,59,0.1282,0.0823,0.0922,1.0,0.0,100.0,1.4585,13.0194,13.0194,1329.3084,1769466600.0521715,0.79,1,128,0.587,31,0,0,10.31,15.0,0,389,1769466586.08,-13.293,meta-llama/Llama-3.2-1B-Instruct,"1769466586.080, 1769466586.181, 1769466586.217, 1769466586.368, 1769466586.408"
1.0,0,1769466584.711,13.9554,27,32,59,0.1444,0.0706,0.0733,1.0,0.0,100.0,1.4513,13.0998,13.0998,1342.4082,1769466600.1216824,0.78,1,129,0.588,31,1,0,10.31,15.0,0,389,1769466586.08,-13.293,meta-llama/Llama-3.2-1B-Instruct,"1769466586.080, 1769466586.181, 1769466586.217, 1769466586.368, 1769466586.408"
1.0,0,1769466584.8008,14.0128,27,32,59,0.1334,0.0723,0.0743,1.0,0.0,100.0,1.4328,13.1462,13.1462,1355.5544,1769466600.2663116,0.77,1,130,0.588,32,0,0,10.31,15.0,0,389,1769466586.08,-13.293,meta-llama/Llama-3.2-1B-Instruct,"1769466586.080, 1769466586.181, 1769466586.217, 1769466586.368, 1769466586.408"
1.0,0,1769466584.8119,14.0617,27,32,59,0.0801,0.0712,0.0721,1.0,0.0,100.0,1.3936,13.1419,13.1419,1368.6962,1769466600.2766294,0.76,1,131,0.588,30,1,0,10.31,15.0,0,389,1769466586.08,-13.293,meta-llama/Llama-3.2-1B-Instruct,"1769466586.080, 1769466586.181, 1769466586.217, 1769466586.368, 1769466586.408"
1.0,0,1769466584.8414,14.0957,27,32,59,0.1157,0.0738,0.0759,1.0,0.0,100.0,1.4383,13.2114,13.2114,1381.9077,1769466600.3772953,0.76,1,132,0.588,31,0,0,10.31,15.0,0,389,1769466586.08,-13.293,meta-llama/Llama-3.2-1B-Instruct,"1769466586.080, 1769466586.181, 1769466586.217, 1769466586.368, 1769466586.408"
1.0,0,1769466584.8726,14.2101,27,32,59,0.1299,0.0674,0.0728,1.0,0.0,100.0,1.4331,13.34,13.34,1395.2476,1769466600.5209656,0.75,1,133,0.589,32,0,0,10.31,15.0,0,389,1769466586.08,-13.293,meta-llama/Llama-3.2-1B-Instruct,"1769466586.080, 1769466586.181, 1769466586.217, 1769466586.368, 1769466586.408"
1.0,0,1769466584.9675,14.1658,27,32,59,0.0768,0.0754,0.0781,1.0,0.0,100.0,1.419,13.2426,13.2426,1408.4902,1769466600.566,0.75,1,134,0.589,31,0,0,10.31,15.0,0,389,1769466586.08,-13.293,meta-llama/Llama-3.2-1B-Instruct,"1769466586.080, 1769466586.181, 1769466586.217, 1769466586.368, 1769466586.408"
1.0,0,1769466584.9791,14.2095,27,32,59,0.1089,0.0703,0.0934,1.0,0.0,100.0,1.4804,13.3183,13.3183,1421.8086,1769466600.6751313,0.74,1,135,0.59,32,0,0,10.31,15.0,0,389,1769466586.08,-13.293,meta-llama/Llama-3.2-1B-Instruct,"1769466586.080, 1769466586.181, 1769466586.217, 1769466586.368, 1769466586.408"
1.0,0,1769466585.5782,14.6114,27,9,36,0.0684,0.059,0.059,1.0,0.0,100.0,0.525,13.6798,13.6798,1435.4883,1769466600.7178385,0.74,1,136,0.594,32,0,0,10.31,15.0,0,389,1769466586.08,-13.293,meta-llama/Llama-3.2-1B-Instruct,"1769466586.080, 1769466586.181, 1769466586.217, 1769466586.368, 1769466586.408"
1.0,0,1769466585.0105,14.3185,27,32,59,0.1044,0.0802,0.2498,1.0,0.0,100.0,1.6687,13.4229,13.4229,1462.4423,1769466601.0308003,0.73,1,138,0.591,32,0,0,10.31,15.0,0,389,1769466586.08,-13.293,meta-llama/Llama-3.2-1B-Instruct,"1769466586.080, 1769466586.181, 1769466586.217, 1769466586.368, 1769466586.408"
1.0,0,1769466585.0802,14.4101,27,32,59,0.121,0.0763,0.3023,1.0,0.0,100.0,1.5272,13.5311,13.5311,1476.0088,1769466601.0645037,0.72,1,139,0.59,31,0,0,10.31,15.0,0,389,1769466586.08,-13.293,meta-llama/Llama-3.2-1B-Instruct,"1769466586.080, 1769466586.181, 1769466586.217, 1769466586.368, 1769466586.408"
1.0,0,1769466585.0662,14.4172,27,32,59,0.1494,0.0706,0.2816,1.0,0.0,100.0,1.565,13.5665,13.5665,1489.4624,1769466601.0780835,0.72,1,140,0.591,32,0,0,10.31,15.0,0,389,1769466586.08,-13.293,meta-llama/Llama-3.2-1B-Instruct,"1769466586.080, 1769466586.181, 1769466586.217, 1769466586.368, 1769466586.408"
1.0,0,1769466585.1815,14.3752,27,32,59,0.0783,0.0884,0.3605,1.0,0.0,100.0,1.5187,13.4536,13.4536,1489.4624,1769466601.0805538,0.71,1,140,0.59,30,2,0,10.31,15.0,0,389,1769466586.08,-13.293,meta-llama/Llama-3.2-1B-Instruct,"1769466586.080, 1769466586.181, 1769466586.217, 1769466586.368, 1769466586.408"
1.0,0,1769466585.2172,14.4451,27,32,59,0.0961,0.0784,0.253,1.0,0.0,100.0,1.4818,13.5412,13.5412,1503.0036,1769466601.1566887,0.71,1,141,0.592,33,0,0,10.31,15.0,0,389,1769466586.08,-13.293,meta-llama/Llama-3.2-1B-Instruct,"1769466586.080, 1769466586.181, 1769466586.217, 1769466586.368, 1769466586.408"
1.0,0,1769466585.3684,14.4179,27,32,59,0.1336,0.0731,0.28,1.0,0.0,100.0,1.4837,13.5515,13.5515,1516.5551,1769466601.2775292,0.7,1,142,0.592,32,0,0,10.31,15.0,0,389,1769466586.08,-13.293,meta-llama/Llama-3.2-1B-Instruct,"1769466586.080, 1769466586.181, 1769466586.217, 1769466586.368, 1769466586.408"
1.0,0,1769466585.4081,14.4411,27,32,59,0.0919,0.0714,0.2775,1.0,0.0,100.0,1.4622,13.533,13.533,1530.088,1769466601.3134966,0.7,1,143,0.592,31,0,0,10.31,15.0,0,389,1769466586.08,-13.293,meta-llama/Llama-3.2-1B-Instruct,"1769466586.080, 1769466586.181, 1769466586.217, 1769466586.368, 1769466586.408"
1.0,0,1769466585.4216,14.4919,27,32,59,0.1261,0.0768,0.3367,1.0,0.0,100.0,1.5185,13.618,13.618,1543.706,1769466601.4359896,0.69,1,144,0.593,33,0,0,10.31,15.0,0,389,1769466586.08,-13.293,meta-llama/Llama-3.2-1B-Instruct,"1769466586.080, 1769466586.181, 1769466586.217, 1769466586.368, 1769466586.408"
1.0,0,1769466585.4931,14.503,27,32,59,0.1105,0.0937,0.3084,1.0,0.0,100.0,1.5314,13.6135,13.6135,1557.3195,1769466601.53262,0.69,1,145,0.594,33,0,0,10.31,15.0,0,389,1769466586.08,-13.293,meta-llama/Llama-3.2-1B-Instruct,"1769466586.080, 1769466586.181, 1769466586.217, 1769466586.368, 1769466586.408"
1.0,0,1769466585.5068,14.6247,27,32,59,0.1237,0.0766,0.2972,1.0,0.0,100.0,1.4967,13.7484,13.7484,1571.0679,1769466601.6299539,0.68,1,146,0.594,32,0,0,10.31,15.0,0,389,1769466586.08,-13.293,meta-llama/Llama-3.2-1B-Instruct,"1769466586.080, 1769466586.181, 1769466586.217, 1769466586.368, 1769466586.408"
1.0,0,1769466585.7671,15.6224,27,12,39,0.1204,0.0718,0.0718,1.0,0.0,100.0,0.6276,14.7428,14.7428,1585.8108,1769466602.0313704,0.68,1,147,0.595,26,1,0,10.31,15.0,0,389,1769466586.08,-13.293,meta-llama/Llama-3.2-1B-Instruct,"1769466586.080, 1769466586.181, 1769466586.217, 1769466586.368, 1769466586.408"
1.0,0,1769466585.5919,15.0914,27,32,59,0.265,0.0729,0.0818,1.0,0.0,100.0,1.4068,14.3564,14.3564,1614.5381,1769466602.0934005,0.68,1,149,0.594,29,0,0,10.31,15.0,0,389,1769466586.08,-13.293,meta-llama/Llama-3.2-1B-Instruct,"1769466586.080, 1769466586.181, 1769466586.217, 1769466586.368, 1769466586.408"
1.0,0,1769466585.6049,15.0841,27,32,59,0.2868,0.0678,0.0791,1.0,0.0,100.0,1.4041,14.3709,14.3709,1614.5381,1769466602.0943565,0.67,1,149,0.594,28,0,0,10.31,15.0,0,389,1769466586.08,-13.293,meta-llama/Llama-3.2-1B-Instruct,"1769466586.080, 1769466586.181, 1769466586.217, 1769466586.368, 1769466586.408"
1.0,0,1769466586.0399,16.1664,27,0,27,,,,1.0,,,0.0807,15.247,15.247,1629.7852,1769466602.29583,0.67,1,150,0.601,31,0,0,10.31,15.0,0,389,1769466586.08,-13.293,meta-llama/Llama-3.2-1B-Instruct,"1769466586.080, 1769466586.181, 1769466586.217, 1769466586.368, 1769466586.408"
1.0,0,1769466585.618,15.3221,27,32,59,0.1171,0.0785,0.0975,1.0,0.0,100.0,1.4419,14.4392,14.4392,1644.2243,1769466602.3843234,0.66,1,151,0.595,28,0,0,10.31,15.0,0,389,1769466586.08,-13.293,meta-llama/Llama-3.2-1B-Instruct,"1769466586.080, 1769466586.181, 1769466586.217, 1769466586.368, 1769466586.408"
1.0,0,1769466585.6311,15.5024,27,32,59,0.1056,0.074,0.0744,1.0,0.0,100.0,1.3845,14.608,14.608,1673.4519,1769466602.55548,0.66,1,153,0.595,26,0,0,10.31,15.0,0,389,1769466586.08,-13.293,meta-llama/Llama-3.2-1B-Instruct,"1769466586.080, 1769466586.181, 1769466586.217, 1769466586.368, 1769466586.408"
1.0,0,1769466585.6444,15.5454,27,32,59,0.0742,0.0709,0.0745,1.0,0.0,100.0,1.3591,14.6196,14.6196,1673.4519,1769466602.5557265,0.65,1,153,0.594,25,0,0,10.31,15.0,0,389,1769466586.08,-13.293,meta-llama/Llama-3.2-1B-Instruct,"1769466586.080, 1769466586.181, 1769466586.217, 1769466586.368, 1769466586.408"
1.0,0,1769466585.6577,15.6317,27,32,59,0.1297,0.0734,0.0945,1.0,0.0,100.0,1.3821,14.7614,14.7614,1688.2133,1769466602.6723547,0.65,1,154,0.595,26,0,0,10.31,15.0,0,389,1769466586.08,-13.293,meta-llama/Llama-3.2-1B-Instruct,"1769466586.080, 1769466586.181, 1769466586.217, 1769466586.368, 1769466586.408"
1.0,0,1769466585.7273,15.6174,27,32,59,0.0726,0.0834,0.0975,1.0,0.0,100.0,1.4117,14.69,14.69,1702.9033,1769466602.7601564,0.65,1,155,0.595,25,0,0,10.31,15.0,0,389,1769466586.08,-13.293,meta-llama/Llama-3.2-1B-Instruct,"1769466586.080, 1769466586.181, 1769466586.217, 1769466586.368, 1769466586.408"
1.0,0,1769466585.7813,15.7463,27,32,59,0.1123,0.0723,0.0856,1.0,0.0,100.0,1.3926,14.8587,14.8587,1717.762,1769466602.940909,0.64,1,156,0.595,26,0,0,10.31,15.0,0,389,1769466586.08,-13.293,meta-llama/Llama-3.2-1B-Instruct,"1769466586.080, 1769466586.181, 1769466586.217, 1769466586.368, 1769466586.408"
1.0,0,1769466585.7943,15.7849,27,32,59,0.1053,0.0684,0.0753,1.0,0.0,100.0,1.4,14.8902,14.8902,1732.6522,1769466602.983037,0.64,1,157,0.595,26,1,0,10.31,15.0,0,389,1769466586.08,-13.293,meta-llama/Llama-3.2-1B-Instruct,"1769466586.080, 1769466586.181, 1769466586.217, 1769466586.368, 1769466586.408"
1.0,0,1769466585.864,15.7685,27,32,59,0.0773,0.0731,0.0947,1.0,0.0,100.0,1.3983,14.8458,14.8458,1747.498,1769466603.0404017,0.63,1,158,0.595,26,1,0,10.31,15.0,0,389,1769466586.08,-13.293,meta-llama/Llama-3.2-1B-Instruct,"1769466586.080, 1769466586.181, 1769466586.217, 1769466586.368, 1769466586.408"
1.0,0,1769466585.8767,15.8511,27,32,59,0.1016,0.0732,0.0949,1.0,0.0,100.0,1.44,14.9527,14.9527,1762.4507,1769466603.1761208,0.63,1,159,0.597,28,0,0,10.31,15.0,0,389,1769466586.08,-13.293,meta-llama/Llama-3.2-1B-Instruct,"1769466586.080, 1769466586.181, 1769466586.217, 1769466586.368, 1769466586.408"
1.0,0,1769466585.8909,15.9656,27,32,59,0.1112,0.0711,0.0809,1.0,0.0,100.0,1.4233,15.0768,15.0768,1777.5275,1769466603.288703,0.62,1,160,0.597,28,0,0,10.31,15.0,0,389,1769466586.08,-13.293,meta-llama/Llama-3.2-1B-Instruct,"1769466586.080, 1769466586.181, 1769466586.217, 1769466586.368, 1769466586.408"
1.0,0,1769466585.9669,15.9627,27,32,59,0.0882,0.0786,0.08,1.0,0.0,100.0,1.4202,15.0509,15.0509,1792.5785,1769466603.359592,0.62,1,161,0.599,30,1,0,10.31,15.0,0,389,1769466586.08,-13.293,meta-llama/Llama-3.2-1B-Instruct,"1769466586.080, 1769466586.181, 1769466586.217, 1769466586.368, 1769466586.408"
1.0,0,1769466585.9264,15.9384,27,32,59,0.1367,0.0879,0.0933,1.0,0.0,100.0,1.5081,15.0751,15.0751,1807.6536,1769466603.3798232,0.62,1,162,0.598,29,0,0,10.31,15.0,0,389,1769466586.08,-13.293,meta-llama/Llama-3.2-1B-Instruct,"1769466586.080, 1769466586.181, 1769466586.217, 1769466586.368, 1769466586.408"
1.0,0,1769466585.9803,16.0701,27,32,59,0.1284,0.0866,0.087,1.0,0.0,100.0,1.4453,15.1985,15.1985,1822.852,1769466603.498462,0.61,1,163,0.6,31,0,0,10.31,15.0,0,389,1769466586.08,-13.293,meta-llama/Llama-3.2-1B-Instruct,"1769466586.080, 1769466586.181, 1769466586.217, 1769466586.368, 1769466586.408"
1.0,0,1769466586.0263,16.0801,27,32,59,0.0787,0.0707,0.0773,1.0,0.0,100.0,1.4479,15.1588,15.1588,1853.5089,1769466603.5827594,0.61,1,165,0.599,29,1,0,10.31,15.0,0,389,1769466586.08,-13.293,meta-llama/Llama-3.2-1B-Instruct,"1769466586.080, 1769466586.181, 1769466586.217, 1769466586.368, 1769466586.408"
1.0,0,1769466586.3698,16.4281,27,16,43,0.0701,0.0874,0.0874,1.0,0.0,100.0,0.7772,15.4981,15.4981,1853.5089,1769466603.587769,0.61,1,165,0.603,31,0,0,10.31,15.0,0,389,1769466586.08,-13.293,meta-llama/Llama-3.2-1B-Instruct,"1769466586.080, 1769466586.181, 1769466586.217, 1769466586.368, 1769466586.408"
1.0,0,1769466586.0799,16.1703,27,32,59,0.1048,0.0693,0.0698,1.0,0.0,100.0,1.4561,15.2751,15.2751,1868.784,1769466603.7183607,0.6,1,166,0.601,32,0,0,10.31,15.0,0,389,1769466586.08,-13.293,meta-llama/Llama-3.2-1B-Instruct,"1769466586.080, 1769466586.181, 1769466586.217, 1769466586.368, 1769466586.408"
1.0,0,1769466586.0936,16.2993,27,32,59,0.1196,0.0723,0.0956,1.0,0.0,100.0,1.4199,15.4189,15.4189,1884.2029,1769466603.8294318,0.6,1,167,0.602,31,0,0,10.31,15.0,0,389,1769466586.08,-13.293,meta-llama/Llama-3.2-1B-Instruct,"1769466586.080, 1769466586.181, 1769466586.217, 1769466586.368, 1769466586.408"
1.0,0,1769466586.1379,16.3068,27,32,59,0.1033,0.0765,0.0923,1.0,0.0,100.0,1.4407,15.4101,15.4101,1899.6131,1769466603.8873134,0.6,1,168,0.602,31,0,0,10.31,15.0,0,389,1769466586.08,-13.293,meta-llama/Llama-3.2-1B-Instruct,"1769466586.080, 1769466586.181, 1769466586.217, 1769466586.368, 1769466586.408"
1.0,0,1769466586.2775,16.2585,27,32,59,0.0744,0.0737,0.0772,1.0,0.0,100.0,1.4131,15.333,15.333,1914.946,1769466603.9691362,0.59,1,169,0.603,32,0,0,10.31,15.0,0,389,1769466586.08,-13.293,meta-llama/Llama-3.2-1B-Instruct,"1769466586.080, 1769466586.181, 1769466586.217, 1769466586.368, 1769466586.408"
1.0,0,1769466586.2903,16.3465,27,32,59,0.1068,0.0729,0.0756,1.0,0.0,100.0,1.4469,15.4533,15.4533,1930.3993,1769466604.0928335,0.59,1,170,0.603,32,0,0,10.31,15.0,0,389,1769466586.08,-13.293,meta-llama/Llama-3.2-1B-Instruct,"1769466586.080, 1769466586.181, 1769466586.217, 1769466586.368, 1769466586.408"
1.0,0,1769466586.3302,16.3792,27,32,59,0.1373,0.0818,0.0971,1.0,0.0,100.0,1.5112,15.5165,15.5165,1945.9157,1769466604.2213612,0.58,1,171,0.603,31,0,0,10.31,15.0,0,389,1769466586.08,-13.293,meta-llama/Llama-3.2-1B-Instruct,"1769466586.080, 1769466586.181, 1769466586.217, 1769466586.368, 1769466586.408"
1.0,0,1769466586.7943,17.3358,27,4,31,0.058,0.0774,0.0774,1.0,0.0,100.0,0.274,16.3938,16.3938,1977.9714,1769466604.423196,0.58,1,173,0.608,30,0,0,10.31,15.0,0,389,1769466586.08,-13.293,meta-llama/Llama-3.2-1B-Instruct,"1769466586.080, 1769466586.181, 1769466586.217, 1769466586.368, 1769466586.408"
1.0,0,1769466586.3827,16.5215,27,32,59,0.1403,0.0862,0.11,1.0,0.0,100.0,1.5187,15.6618,15.6618,1977.9714,1769466604.4351163,0.58,1,173,0.605,33,0,0,10.31,15.0,0,389,1769466586.08,-13.293,meta-llama/Llama-3.2-1B-Instruct,"1769466586.080, 1769466586.181, 1769466586.217, 1769466586.368, 1769466586.408"
1.0,0,1769466586.3956,16.6639,27,32,59,0.125,0.0719,0.075,1.0,0.0,100.0,1.4755,15.7889,15.7889,1993.7603,1769466604.5395515,0.57,1,174,0.604,31,0,0,10.31,15.0,0,389,1769466587.903,-16.553,meta-llama/Llama-3.2-1B-Instruct,"1769466587.903, 1769466587.917, 1769466587.931, 1769466587.944, 1769466587.957"
1.0,0,1769466586.4091,16.6704,27,32,59,0.1147,0.0782,0.0822,1.0,0.0,100.0,1.4621,15.7851,15.7851,2009.5454,1769466604.5429263,0.57,1,175,0.604,31,0,0,10.31,15.0,0,389,1769466587.903,-16.553,meta-llama/Llama-3.2-1B-Instruct,"1769466587.903, 1769466587.917, 1769466587.931, 1769466587.944, 1769466587.957"
1.0,0,1769466586.4502,16.6962,27,32,59,0.0656,0.0918,0.0983,1.0,0.0,100.0,1.4455,15.7618,15.7618,2025.3072,1769466604.606493,0.57,1,176,0.605,31,0,0,10.31,15.0,0,389,1769466587.903,-16.553,meta-llama/Llama-3.2-1B-Instruct,"1769466587.903, 1769466587.917, 1769466587.931, 1769466587.944, 1769466587.957"
1.0,0,1769466586.4639,16.7869,27,32,59,0.0943,0.0726,0.0742,1.0,0.0,100.0,1.4307,15.8811,15.8811,2041.1884,1769466604.6905308,0.56,1,177,0.606,33,0,0,10.31,15.0,0,389,1769466587.903,-16.553,meta-llama/Llama-3.2-1B-Instruct,"1769466587.903, 1769466587.917, 1769466587.931, 1769466587.944, 1769466587.957"
1.0,0,1769466586.4768,16.848,27,32,59,0.1145,0.0777,0.0788,1.0,0.0,100.0,1.4387,15.9625,15.9625,2057.1508,1769466604.7658365,0.56,1,178,0.605,32,0,0,10.31,15.0,0,389,1769466587.903,-16.553,meta-llama/Llama-3.2-1B-Instruct,"1769466587.903, 1769466587.917, 1769466587.931, 1769466587.944, 1769466587.957"
1.0,0,1769466586.5039,17.0352,27,29,56,0.1157,0.0679,0.0744,1.0,0.0,100.0,1.345,16.1509,16.1509,2090.2605,1769466604.8931284,0.56,1,180,0.606,31,0,0,10.31,15.0,0,389,1769466587.903,-16.553,meta-llama/Llama-3.2-1B-Instruct,"1769466587.903, 1769466587.917, 1769466587.931, 1769466587.944, 1769466587.957"
1.0,0,1769466586.9306,17.8474,27,0,27,,,,1.0,,,0.1114,16.9588,16.9588,2090.2605,1769466604.897236,0.56,1,180,0.611,31,0,0,10.31,15.0,0,389,1769466587.903,-16.553,meta-llama/Llama-3.2-1B-Instruct,"1769466587.903, 1769466587.917, 1769466587.931, 1769466587.944, 1769466587.957"
1.0,0,1769466586.4899,16.9775,27,32,59,0.103,0.0764,0.0801,1.0,0.0,100.0,1.4352,16.0805,16.0805,2106.341,1769466604.908408,0.55,1,181,0.606,32,0,0,10.31,15.0,0,389,1769466587.903,-16.553,meta-llama/Llama-3.2-1B-Instruct,"1769466587.903, 1769466587.917, 1769466587.931, 1769466587.944, 1769466587.957"
1.0,0,1769466586.5657,17.1098,27,32,59,0.1117,0.0708,0.0742,1.0,0.0,100.0,1.4221,16.2215,16.2215,2122.5625,1769466605.1114664,0.55,1,182,0.606,31,0,0,10.31,15.0,0,389,1769466587.903,-16.553,meta-llama/Llama-3.2-1B-Instruct,"1769466587.903, 1769466587.917, 1769466587.931, 1769466587.944, 1769466587.957"
1.0,0,1769466586.6604,17.085,27,32,59,0.0632,0.0709,0.0739,1.0,0.0,100.0,1.4302,16.1482,16.1482,2138.7107,1769466605.1788578,0.55,1,183,0.606,30,0,0,10.31,15.0,0,389,1769466587.903,-16.553,meta-llama/Llama-3.2-1B-Instruct,"1769466587.903, 1769466587.917, 1769466587.931, 1769466587.944, 1769466587.957"
1.0,0,1769466586.6736,17.1812,27,32,59,0.1045,0.0749,0.0971,1.0,0.0,100.0,1.4232,16.2857,16.2857,2154.9964,1769466605.279626,0.54,1,184,0.607,30,0,0,10.31,15.0,0,389,1769466587.903,-16.553,meta-llama/Llama-3.2-1B-Instruct,"1769466587.903, 1769466587.917, 1769466587.931, 1769466587.944, 1769466587.957"
1.0,0,1769466586.6869,17.2757,27,32,59,0.1265,0.0957,0.1123,1.0,0.0,100.0,1.4567,16.4022,16.4022,2171.3986,1769466605.4395828,0.54,1,185,0.607,31,0,0,10.31,15.0,0,389,1769466587.903,-16.553,meta-llama/Llama-3.2-1B-Instruct,"1769466587.903, 1769466587.917, 1769466587.931, 1769466587.944, 1769466587.957"
1.0,0,1769466586.7278,17.3141,27,32,59,0.1431,0.0699,0.0705,1.0,0.0,100.0,1.4545,16.4571,16.4571,2187.8557,1769466605.5129328,0.54,1,186,0.607,30,0,0,10.31,15.0,0,389,1769466587.903,-16.553,meta-llama/Llama-3.2-1B-Instruct,"1769466587.903, 1769466587.917, 1769466587.931, 1769466587.944, 1769466587.957"
1.0,0,1769466586.8345,17.4997,27,26,53,0.0957,0.0778,0.0883,1.0,0.0,100.0,1.2164,16.5954,16.5954,2204.4511,1769466605.5526488,0.53,1,187,0.609,31,1,0,10.31,15.0,0,389,1769466587.903,-16.553,meta-llama/Llama-3.2-1B-Instruct,"1769466587.903, 1769466587.917, 1769466587.931, 1769466587.944, 1769466587.957"
1.0,0,1769466586.8214,17.4603,27,32,59,0.1204,0.0771,0.1109,1.0,0.0,100.0,1.4048,16.5808,16.5808,2237.6401,1769466605.7014635,0.53,1,189,0.609,31,0,0,10.31,15.0,0,389,1769466587.903,-16.553,meta-llama/Llama-3.2-1B-Instruct,"1769466587.903, 1769466587.917, 1769466587.931, 1769466587.944, 1769466587.957"
1.0,0,1769466586.8084,17.4557,27,32,59,0.1526,0.0776,0.0936,1.0,0.0,100.0,1.4255,16.6083,16.6083,2237.6401,1769466605.7096772,0.53,1,189,0.608,31,0,0,10.31,15.0,0,389,1769466587.903,-16.553,meta-llama/Llama-3.2-1B-Instruct,"1769466587.903, 1769466587.917, 1769466587.931, 1769466587.944, 1769466587.957"
1.0,0,1769466586.8774,17.5697,27,32,59,0.1272,0.0761,0.0888,1.0,0.0,100.0,1.4119,16.6969,16.6969,2254.337,1769466605.873255,0.53,1,190,0.61,32,0,0,10.31,15.0,0,389,1769466587.903,-16.553,meta-llama/Llama-3.2-1B-Instruct,"1769466587.903, 1769466587.917, 1769466587.931, 1769466587.944, 1769466587.957"
1.0,0,1769466586.8901,17.6103,27,32,59,0.0727,0.0855,0.0875,1.0,0.0,100.0,1.4202,16.683,16.683,2287.7888,1769466605.934106,0.52,1,192,0.61,32,0,0,10.31,15.0,0,389,1769466587.903,-16.553,meta-llama/Llama-3.2-1B-Instruct,"1769466587.903, 1769466587.917, 1769466587.931, 1769466587.944, 1769466587.957"
1.0,0,1769466586.9034,17.657,27,30,57,0.1118,0.0765,0.0779,1.0,0.0,100.0,1.3724,16.7688,16.7688,2287.7888,1769466605.940335,0.52,1,192,0.61,31,0,0,10.31,15.0,0,389,1769466587.903,-16.553,meta-llama/Llama-3.2-1B-Instruct,"1769466587.903, 1769466587.917, 1769466587.931, 1769466587.944, 1769466587.957"
1.0,0,1769466586.9169,17.723,27,32,59,0.1005,0.0714,0.0766,1.0,0.0,100.0,1.4423,16.8236,16.8236,2304.6124,1769466606.0866656,0.52,1,193,0.611,32,0,0,10.31,15.0,0,389,1769466587.903,-16.553,meta-llama/Llama-3.2-1B-Instruct,"1769466587.903, 1769466587.917, 1769466587.931, 1769466587.944, 1769466587.957"
1.0,0,1769466586.9438,17.9064,27,32,59,0.1135,0.0712,0.0775,1.0,0.0,100.0,1.4222,17.02,17.02,2339.3679,1769466606.2860227,0.51,1,195,0.611,31,0,0,10.31,15.0,0,389,1769466587.903,-16.553,meta-llama/Llama-3.2-1B-Instruct,"1769466587.903, 1769466587.917, 1769466587.931, 1769466587.944, 1769466587.957"
1.0,0,1769466587.5365,18.671,27,0,27,,,,1.0,,,0.0645,17.7355,17.7355,2339.3679,1769466606.2896366,0.52,1,195,0.617,32,0,0,10.31,15.0,0,389,1769466587.903,-16.553,meta-llama/Llama-3.2-1B-Instruct,"1769466587.903, 1769466587.917, 1769466587.931, 1769466587.944, 1769466587.957"
1.0,0,1769466586.9569,17.9977,27,32,59,0.1598,0.0877,0.0932,1.0,0.0,100.0,1.4863,17.1576,17.1576,2374.2317,1769466606.449465,0.51,1,197,0.61,29,1,0,10.31,15.0,0,389,1769466587.903,-16.553,meta-llama/Llama-3.2-1B-Instruct,"1769466587.903, 1769466587.917, 1769466587.931, 1769466587.944, 1769466587.957"
1.0,0,1769466587.4557,18.6035,27,7,34,0.1028,0.0979,0.0979,1.0,0.0,100.0,0.3838,17.7062,17.7062,2374.2317,1769466606.4599783,0.51,1,197,0.615,31,0,0,10.31,15.0,0,389,1769466587.903,-16.553,meta-llama/Llama-3.2-1B-Instruct,"1769466587.903, 1769466587.917, 1769466587.931, 1769466587.944, 1769466587.957"
1.0,0,1769466587.0199,18.0958,27,32,59,0.1273,0.0755,0.0774,1.0,0.0,100.0,1.4499,17.2231,17.2231,2408.6848,1769466606.5757277,0.51,1,199,0.611,30,0,0,10.31,15.0,0,389,1769466587.903,-16.553,meta-llama/Llama-3.2-1B-Instruct,"1769466587.903, 1769466587.917, 1769466587.931, 1769466587.944, 1769466587.957"
1.0,0,1769466587.0335,18.1161,27,32,59,0.1139,0.0854,0.1004,1.0,0.0,100.0,1.4244,17.2301,17.2301,2408.6848,1769466606.5910754,0.5,1,199,0.611,29,1,0,10.31,15.0,0,389,1769466587.903,-16.553,meta-llama/Llama-3.2-1B-Instruct,"1769466587.903, 1769466587.917, 1769466587.931, 1769466587.944, 1769466587.957"
1.0,0,1769466587.1542,18.0771,27,32,59,0.1213,0.085,0.09,1.0,0.0,100.0,1.464,17.1984,17.1984,2425.8832,1769466606.7001026,0.5,1,200,0.612,30,1,0,10.31,15.0,0,389,1769466587.903,-16.553,meta-llama/Llama-3.2-1B-Instruct,"1769466587.903, 1769466587.917, 1769466587.931, 1769466587.944, 1769466587.957"
1.0,0,1769466587.1683,18.1507,27,32,59,0.1183,0.0793,0.0865,1.0,0.0,100.0,1.4493,17.2689,17.2689,2443.1521,1769466606.783988,0.5,1,201,0.613,31,0,0,10.31,15.0,0,389,1769466587.903,-16.553,meta-llama/Llama-3.2-1B-Instruct,"1769466587.903, 1769466587.917, 1769466587.931, 1769466587.944, 1769466587.957"
1.0,0,1769466587.2675,18.1933,27,32,59,0.1494,0.0836,0.0983,1.0,0.0,100.0,1.4842,17.3428,17.3428,2477.7843,1769466606.9551477,0.49,1,203,0.613,31,1,0,10.31,15.0,0,389,1769466587.903,-16.553,meta-llama/Llama-3.2-1B-Instruct,"1769466587.903, 1769466587.917, 1769466587.931, 1769466587.944, 1769466587.957"
1.0,0,1769466587.3033,18.1784,27,32,59,0.111,0.0831,0.0837,1.0,0.0,100.0,1.4415,17.2894,17.2894,2477.7843,1769466606.9606676,0.5,1,203,0.613,30,0,0,10.31,15.0,0,389,1769466587.903,-16.553,meta-llama/Llama-3.2-1B-Instruct,"1769466587.903, 1769466587.917, 1769466587.931, 1769466587.944, 1769466587.957"
1.0,0,1769466587.3885,18.1859,27,32,59,0.103,0.0762,0.086,1.0,0.0,100.0,1.4426,17.2889,17.2889,2495.0732,1769466607.0271976,0.49,1,204,0.614,31,0,0,10.31,15.0,0,389,1769466587.903,-16.553,meta-llama/Llama-3.2-1B-Instruct,"1769466587.903, 1769466587.917, 1769466587.931, 1769466587.944, 1769466587.957"
1.0,0,1769466587.402,18.3002,27,32,59,0.1398,0.0837,0.1059,1.0,0.0,100.0,1.4576,17.44,17.44,2512.5133,1769466607.1608737,0.49,1,205,0.614,32,0,0,10.31,15.0,0,389,1769466587.903,-16.553,meta-llama/Llama-3.2-1B-Instruct,"1769466587.903, 1769466587.917, 1769466587.931, 1769466587.944, 1769466587.957"
1.0,0,1769466587.4152,18.3518,27,32,59,0.0733,0.0742,0.0872,1.0,0.0,100.0,1.4463,17.425,17.425,2529.9383,1769466607.2323804,0.49,1,206,0.614,30,1,0,10.31,15.0,0,389,1769466587.903,-16.553,meta-llama/Llama-3.2-1B-Instruct,"1769466587.903, 1769466587.917, 1769466587.931, 1769466587.944, 1769466587.957"
1.0,0,1769466587.4288,18.3931,27,32,59,0.1096,0.0747,0.1034,1.0,0.0,100.0,1.4704,17.5028,17.5028,2547.4411,1769466607.3043728,0.48,1,207,0.615,32,0,0,10.31,15.0,0,389,1769466587.903,-16.553,meta-llama/Llama-3.2-1B-Instruct,"1769466587.903, 1769466587.917, 1769466587.931, 1769466587.944, 1769466587.957"
1.0,0,1769466587.4421,18.5127,27,32,59,0.0651,0.0736,0.079,1.0,0.0,100.0,1.3968,17.5778,17.5778,2565.0189,1769466607.3612695,0.48,1,208,0.615,30,0,0,10.31,15.0,0,389,1769466587.903,-16.553,meta-llama/Llama-3.2-1B-Instruct,"1769466587.903, 1769466587.917, 1769466587.931, 1769466587.944, 1769466587.957"
1.0,0,1769466587.4971,18.6109,27,32,59,0.0806,0.0847,0.0866,1.0,0.0,100.0,1.4165,17.6915,17.6915,2582.7103,1769466607.5411742,0.48,1,209,0.615,30,0,0,10.31,15.0,0,389,1769466587.903,-16.553,meta-llama/Llama-3.2-1B-Instruct,"1769466587.903, 1769466587.917, 1769466587.931, 1769466587.944, 1769466587.957"
1.0,0,1769466589.6443,17.8504,27,0,27,,,,1.0,,,0.1225,16.9729,16.9729,2599.6832,1769466607.629116,0.48,1,210,0.621,32,0,0,10.31,15.0,0,389,1769466587.903,-16.553,meta-llama/Llama-3.2-1B-Instruct,"1769466587.903, 1769466587.917, 1769466587.931, 1769466587.944, 1769466587.957"
1.0,0,1769466587.5496,18.6924,27,32,59,0.1168,0.0755,0.076,1.0,0.0,100.0,1.4872,17.8092,17.8092,2617.4924,1769466607.732971,0.47,1,211,0.617,32,0,0,10.31,15.0,0,389,1769466587.903,-16.553,meta-llama/Llama-3.2-1B-Instruct,"1769466587.903, 1769466587.917, 1769466587.931, 1769466587.944, 1769466587.957"
1.0,0,1769466587.5632,18.7619,27,32,59,0.122,0.0709,0.0717,1.0,0.0,100.0,1.4534,17.8838,17.8838,2635.3763,1769466607.789612,0.47,1,212,0.616,31,0,0,10.31,15.0,0,389,1769466587.903,-16.553,meta-llama/Llama-3.2-1B-Instruct,"1769466587.903, 1769466587.917, 1769466587.931, 1769466587.944, 1769466587.957"
1.0,0,1769466587.5759,18.9035,27,32,59,0.1161,0.074,0.0945,1.0,0.0,100.0,1.4719,18.0195,18.0195,2653.3958,1769466607.9801018,0.47,1,213,0.617,31,0,0,10.31,15.0,0,389,1769466587.903,-16.553,meta-llama/Llama-3.2-1B-Instruct,"1769466587.903, 1769466587.917, 1769466587.931, 1769466587.944, 1769466587.957"
1.0,0,1769466587.5898,19.0646,27,32,59,0.1092,0.0672,0.093,1.0,0.0,100.0,1.4592,18.1739,18.1739,2689.7245,1769466608.128556,0.47,1,215,0.618,31,0,0,10.31,15.0,0,389,1769466587.903,-16.553,meta-llama/Llama-3.2-1B-Instruct,"1769466587.903, 1769466587.917, 1769466587.931, 1769466587.944, 1769466587.957"
1.0,0,1769466587.6034,19.0533,27,32,59,0.1016,0.081,0.0823,1.0,0.0,100.0,1.4606,18.1549,18.1549,2689.7245,1769466608.1404464,0.47,1,215,0.618,30,0,0,10.31,15.0,0,389,1769466587.903,-16.553,meta-llama/Llama-3.2-1B-Instruct,"1769466587.903, 1769466587.917, 1769466587.931, 1769466587.944, 1769466587.957"
1.0,0,1769466587.6952,19.0889,27,32,59,0.1701,0.0795,0.0951,1.0,0.0,100.0,1.5,18.259,18.259,2726.2033,1769466608.3027892,0.46,1,217,0.618,31,0,0,10.31,15.0,0,389,1769466587.903,-16.553,meta-llama/Llama-3.2-1B-Instruct,"1769466587.903, 1769466587.917, 1769466587.931, 1769466587.944, 1769466587.957"
1.0,0,1769466587.7088,19.1401,27,32,59,0.0797,0.0774,0.0784,1.0,0.0,100.0,1.4486,18.2198,18.2198,2726.2033,1769466608.3035595,0.46,1,217,0.618,30,1,0,10.31,15.0,0,389,1769466587.903,-16.553,meta-llama/Llama-3.2-1B-Instruct,"1769466587.903, 1769466587.917, 1769466587.931, 1769466587.944, 1769466587.957"
1.0,0,1769466587.7216,19.1876,27,32,59,0.1061,0.0814,0.0819,1.0,0.0,100.0,1.4656,18.2937,18.2937,2744.497,1769466608.3768592,0.46,1,218,0.619,31,0,0,10.31,15.0,0,389,1769466587.903,-16.553,meta-llama/Llama-3.2-1B-Instruct,"1769466587.903, 1769466587.917, 1769466587.931, 1769466587.944, 1769466587.957"
1.0,0,1769466588.0435,18.9935,27,32,59,0.1072,0.0774,0.1035,1.0,0.0,100.0,1.4547,18.1008,18.1008,2762.5978,1769466608.4972095,0.46,1,219,0.618,30,0,0,10.31,15.0,0,389,1769466587.903,-16.553,meta-llama/Llama-3.2-1B-Instruct,"1769466587.903, 1769466587.917, 1769466587.931, 1769466587.944, 1769466587.957"
1.0,0,1769466588.0951,19.0108,27,34,61,0.1323,0.0841,0.1098,1.0,0.0,100.0,1.4916,18.1431,18.1431,2780.7409,1769466608.618096,0.45,1,220,0.619,30,1,0,10.31,15.0,0,389,1769466587.903,-16.553,meta-llama/Llama-3.2-1B-Instruct,"1769466587.903, 1769466587.917, 1769466587.931, 1769466587.944, 1769466587.957"
1.0,0,1769466588.1557,19.0393,27,32,59,0.1385,0.0794,0.0848,1.0,0.0,100.0,1.4888,18.1777,18.1777,2798.9186,1769466608.6846368,0.45,1,221,0.619,30,0,0,10.31,15.0,0,389,1769466587.903,-16.553,meta-llama/Llama-3.2-1B-Instruct,"1769466587.903, 1769466587.917, 1769466587.931, 1769466587.944, 1769466587.957"
1.0,0,1769466588.2478,19.0269,27,32,59,0.0702,0.0773,0.0824,1.0,0.0,100.0,1.4511,18.0971,18.0971,2817.0157,1769466608.7444813,0.45,1,222,0.619,30,1,0,10.31,15.0,0,389,1769466587.903,-16.553,meta-llama/Llama-3.2-1B-Instruct,"1769466587.903, 1769466587.917, 1769466587.931, 1769466587.944, 1769466587.957"
1.0,0,1769466588.3393,19.0353,27,34,61,0.1372,0.0862,0.1007,1.0,0.0,100.0,1.4501,18.1725,18.1725,2835.1882,1769466608.843099,0.45,1,223,0.62,30,0,0,10.31,15.0,0,389,1769466587.903,-16.553,meta-llama/Llama-3.2-1B-Instruct,"1769466587.903, 1769466587.917, 1769466587.931, 1769466587.944, 1769466587.957"
1.0,0,1769466589.3813,18.0506,27,32,59,0.0735,0.0711,0.072,1.0,0.0,100.0,1.4469,17.1241,17.1241,2852.3123,1769466608.8863544,0.45,1,224,0.62,30,0,0,10.31,15.0,0,389,1769466587.903,-16.553,meta-llama/Llama-3.2-1B-Instruct,"1769466587.903, 1769466587.917, 1769466587.931, 1769466587.944, 1769466587.957"
1.0,0,1769466589.7895,17.8351,27,32,59,0.1266,0.0826,0.1289,1.0,0.0,100.0,1.4937,16.9617,16.9617,2869.2741,1769466609.121861,0.44,1,225,0.622,32,0,0,10.31,15.0,0,389,1769466587.903,-16.553,meta-llama/Llama-3.2-1B-Instruct,"1769466587.903, 1769466587.917, 1769466587.931, 1769466587.944, 1769466587.957"
1.0,0,1769466589.8183,17.8692,27,32,59,0.0803,0.0868,0.1104,1.0,0.0,100.0,1.4853,16.9495,16.9495,2886.2236,1769466609.2055554,0.44,1,226,0.622,31,0,0,10.31,15.0,0,389,1769466587.903,-16.553,meta-llama/Llama-3.2-1B-Instruct,"1769466587.903, 1769466587.917, 1769466587.931, 1769466587.944, 1769466587.957"
1.0,0,1769466590.0493,17.8224,27,32,59,0.0958,0.0769,0.0802,1.0,0.0,100.0,1.4877,16.9182,16.9182,2920.2226,1769466609.3735611,0.44,1,228,0.622,31,0,0,10.31,15.0,0,389,1769466587.903,-16.553,meta-llama/Llama-3.2-1B-Instruct,"1769466587.903, 1769466587.917, 1769466587.931, 1769466587.944, 1769466587.957"
1.0,0,1769466589.8724,17.9942,27,32,59,0.0867,0.0786,0.0892,1.0,0.0,100.0,1.4908,17.0809,17.0809,2920.2226,1769466609.377909,0.44,1,228,0.622,31,0,0,10.31,15.0,0,389,1769466587.903,-16.553,meta-llama/Llama-3.2-1B-Instruct,"1769466587.903, 1769466587.917, 1769466587.931, 1769466587.944, 1769466587.957"
1.0,0,1769466590.5367,17.4457,27,32,59,0.1239,0.0944,0.1014,1.0,0.0,100.0,1.492,16.5696,16.5696,2936.7922,1769466609.4753494,0.44,1,229,0.623,32,0,0,10.31,15.0,0,389,1769466587.903,-16.553,meta-llama/Llama-3.2-1B-Instruct,"1769466587.903, 1769466587.917, 1769466587.931, 1769466587.944, 1769466587.957"
1.0,0,1769466590.6258,17.4239,27,32,59,0.0946,0.0824,0.0918,1.0,0.0,100.0,1.4687,16.5185,16.5185,2953.3107,1769466609.54235,0.43,1,230,0.624,32,0,0,10.31,15.0,0,389,1769466594.989,-14.523,meta-llama/Llama-3.2-1B-Instruct,"1769466594.989, 1769466595.071, 1769466595.313, 1769466595.366, 1769466595.470"
1.0,0,1769466590.8947,17.2502,27,32,59,0.1135,0.0697,0.0767,1.0,0.0,100.0,1.484,16.3637,16.3637,2969.6744,1769466609.6401453,0.43,1,231,0.624,32,0,0,10.31,15.0,0,389,1769466594.989,-14.523,meta-llama/Llama-3.2-1B-Instruct,"1769466594.989, 1769466595.071, 1769466595.313, 1769466595.366, 1769466595.470"
1.0,0,1769466591.0285,17.2128,27,32,59,0.1147,0.0771,0.0889,1.0,0.0,100.0,1.4896,16.3275,16.3275,2986.0019,1769466609.7690053,0.43,1,232,0.624,32,0,0,10.31,15.0,0,389,1769466594.989,-14.523,meta-llama/Llama-3.2-1B-Instruct,"1769466594.989, 1769466595.071, 1769466595.313, 1769466595.366, 1769466595.470"
1.0,0,1769466591.1455,17.1798,27,32,59,0.119,0.0898,0.091,1.0,0.0,100.0,1.4985,16.2988,16.2988,3002.3007,1769466609.8392844,0.43,1,233,0.625,32,0,0,10.31,15.0,0,389,1769466594.989,-14.523,meta-llama/Llama-3.2-1B-Instruct,"1769466594.989, 1769466595.071, 1769466595.313, 1769466595.366, 1769466595.470"
1.0,0,1769466591.3468,17.1051,27,32,59,0.1281,0.0773,0.0856,1.0,0.0,100.0,1.498,16.2332,16.2332,3018.5339,1769466609.9585788,0.43,1,234,0.625,32,0,0,10.31,15.0,0,389,1769466594.989,-14.523,meta-llama/Llama-3.2-1B-Instruct,"1769466594.989, 1769466595.071, 1769466595.313, 1769466595.366, 1769466595.470"
1.0,0,1769466591.6562,16.8688,27,32,59,0.0691,0.0801,0.1305,1.0,0.0,100.0,1.5031,15.9379,15.9379,3034.4718,1769466610.0383298,0.43,1,235,0.625,31,0,0,10.31,15.0,0,389,1769466594.989,-14.523,meta-llama/Llama-3.2-1B-Instruct,"1769466594.989, 1769466595.071, 1769466595.313, 1769466595.366, 1769466595.470"
1.0,0,1769466591.7351,16.917,27,32,59,0.0915,0.0838,0.1361,1.0,0.0,100.0,1.4592,16.0085,16.0085,3050.4803,1769466610.1220367,0.42,1,236,0.625,31,0,0,10.31,15.0,0,389,1769466594.989,-14.523,meta-llama/Llama-3.2-1B-Instruct,"1769466594.989, 1769466595.071, 1769466595.313, 1769466595.366, 1769466595.470"
1.0,0,1769466591.8101,16.9508,27,32,59,0.0793,0.0743,0.0858,1.0,0.0,100.0,1.4815,16.0301,16.0301,3066.5104,1769466610.2536876,0.42,1,237,0.626,31,0,0,10.31,15.0,0,389,1769466594.989,-14.523,meta-llama/Llama-3.2-1B-Instruct,"1769466594.989, 1769466595.071, 1769466595.313, 1769466595.366, 1769466595.470"
1.0,0,1769466592.3697,16.5352,27,32,59,0.0937,0.0861,0.0903,1.0,0.0,100.0,1.4738,15.6288,15.6288,3097.9496,1769466610.3906133,0.42,1,239,0.626,30,0,0,10.31,15.0,0,389,1769466594.989,-14.523,meta-llama/Llama-3.2-1B-Instruct,"1769466594.989, 1769466595.071, 1769466595.313, 1769466595.366, 1769466595.470"
1.0,0,1769466592.1564,16.6909,27,32,59,0.1195,0.0765,0.0893,1.0,0.0,100.0,1.5326,15.8104,15.8104,3097.9496,1769466610.3937783,0.42,1,239,0.626,32,0,0,10.31,15.0,0,389,1769466594.989,-14.523,meta-llama/Llama-3.2-1B-Instruct,"1769466594.989, 1769466595.071, 1769466595.313, 1769466595.366, 1769466595.470"
1.0,0,1769466593.136,15.9547,27,32,59,0.1116,0.084,0.0865,1.0,0.0,100.0,1.4712,15.0664,15.0664,3144.1733,1769466610.575684,0.42,1,242,0.627,31,0,0,10.31,15.0,0,389,1769466594.989,-14.523,meta-llama/Llama-3.2-1B-Instruct,"1769466594.989, 1769466595.071, 1769466595.313, 1769466595.366, 1769466595.470"
1.0,0,1769466592.5888,16.4787,27,32,59,0.1178,0.0889,0.0979,1.0,0.0,100.0,1.5036,15.5964,15.5964,3144.1733,1769466610.5774844,0.41,1,242,0.626,31,1,0,10.31,15.0,0,389,1769466594.989,-14.523,meta-llama/Llama-3.2-1B-Instruct,"1769466594.989, 1769466595.071, 1769466595.313, 1769466595.366, 1769466595.470"
1.0,0,1769466592.6501,16.4225,27,32,59,0.1384,0.0806,0.0863,1.0,0.0,100.0,1.502,15.5608,15.5608,3144.1733,1769466610.5777566,0.41,1,242,0.627,32,0,0,10.31,15.0,0,389,1769466594.989,-14.523,meta-llama/Llama-3.2-1B-Instruct,"1769466594.989, 1769466595.071, 1769466595.313, 1769466595.366, 1769466595.470"
1.0,0,1769466593.3557,15.8416,27,32,59,0.1692,0.0745,0.0778,1.0,0.0,100.0,1.4953,15.0109,15.0109,3159.1842,1769466610.6943996,0.41,1,243,0.627,33,0,0,10.31,15.0,0,389,1769466594.989,-14.523,meta-llama/Llama-3.2-1B-Instruct,"1769466594.989, 1769466595.071, 1769466595.313, 1769466595.366, 1769466595.470"
1.0,0,1769466593.4358,15.8326,27,32,59,0.0875,0.0776,0.1005,1.0,0.0,100.0,1.4613,14.9201,14.9201,3174.1042,1769466610.7348177,0.41,1,244,0.628,33,1,0,10.31,15.0,0,389,1769466594.989,-14.523,meta-llama/Llama-3.2-1B-Instruct,"1769466594.989, 1769466595.071, 1769466595.313, 1769466595.366, 1769466595.470"
1.0,0,1769466593.7208,15.6115,27,32,59,0.1093,0.1013,0.1155,1.0,0.0,100.0,1.4859,14.7208,14.7208,3188.8251,1769466610.8579319,0.41,1,245,0.628,33,0,0,10.31,15.0,0,389,1769466594.989,-14.523,meta-llama/Llama-3.2-1B-Instruct,"1769466594.989, 1769466595.071, 1769466595.313, 1769466595.366, 1769466595.470"
1.0,0,1769466593.8208,15.5996,27,32,59,0.1052,0.0787,0.0836,1.0,0.0,100.0,1.4668,14.7048,14.7048,3203.5299,1769466610.896546,0.41,1,246,0.63,34,0,0,10.31,15.0,0,389,1769466594.989,-14.523,meta-llama/Llama-3.2-1B-Instruct,"1769466594.989, 1769466595.071, 1769466595.313, 1769466595.366, 1769466595.470"
1.0,0,1769466593.8828,15.6817,27,32,59,0.1706,0.0763,0.0816,1.0,0.0,100.0,1.5062,14.8522,14.8522,3218.3821,1769466611.0753987,0.4,1,247,0.63,33,0,0,10.31,15.0,0,389,1769466594.989,-14.523,meta-llama/Llama-3.2-1B-Instruct,"1769466594.989, 1769466595.071, 1769466595.313, 1769466595.366, 1769466595.470"
1.0,0,1769466593.9888,15.6748,27,33,60,0.0811,0.0727,0.078,1.0,0.0,100.0,1.4625,14.7559,14.7559,3233.1381,1769466611.135816,0.4,1,248,0.63,32,1,0,10.31,15.0,0,389,1769466594.989,-14.523,meta-llama/Llama-3.2-1B-Instruct,"1769466594.989, 1769466595.071, 1769466595.313, 1769466595.366, 1769466595.470"
1.0,0,1769466594.836,15.2818,27,21,48,0.1112,0.0689,0.086,1.0,0.0,100.0,1.0424,14.393,14.393,3262.2849,1769466611.190393,0.4,1,250,0.632,34,0,0,10.31,15.0,0,389,1769466594.989,-14.523,meta-llama/Llama-3.2-1B-Instruct,"1769466594.989, 1769466595.071, 1769466595.313, 1769466595.366, 1769466595.470"
1.0,0,1769466594.0706,15.6214,27,32,59,0.1325,0.0715,0.0847,1.0,0.0,100.0,1.4866,14.7539,14.7539,3262.2849,1769466611.1920443,0.4,1,250,0.63,33,1,0,10.31,15.0,0,389,1769466594.989,-14.523,meta-llama/Llama-3.2-1B-Instruct,"1769466594.989, 1769466595.071, 1769466595.313, 1769466595.366, 1769466595.470"
1.0,0,1769466594.3131,15.5385,27,32,59,0.1369,0.0807,0.0873,1.0,0.0,100.0,1.5015,14.6754,14.6754,3276.9603,1769466611.3586967,0.4,1,251,0.63,33,0,0,10.31,15.0,0,389,1769466594.989,-14.523,meta-llama/Llama-3.2-1B-Instruct,"1769466594.989, 1769466595.071, 1769466595.313, 1769466595.366, 1769466595.470"
1.0,0,1769466594.366,15.5517,27,32,59,0.1056,0.0677,0.0706,1.0,0.0,100.0,1.4887,14.6573,14.6573,3291.6175,1769466611.4205763,0.4,1,252,0.631,33,1,0,10.31,15.0,0,389,1769466594.989,-14.523,meta-llama/Llama-3.2-1B-Instruct,"1769466594.989, 1769466595.071, 1769466595.313, 1769466595.366, 1769466595.470"
1.0,0,1769466594.4697,15.509,27,32,59,0.1268,0.0705,0.0732,1.0,0.0,100.0,1.4796,14.6359,14.6359,3306.2534,1769466611.4621298,0.4,1,253,0.631,33,0,0,10.31,15.0,0,389,1769466594.989,-14.523,meta-llama/Llama-3.2-1B-Instruct,"1769466594.989, 1769466595.071, 1769466595.313, 1769466595.366, 1769466595.470"
1.0,0,1769466596.9708,14.4915,27,1,28,0.0767,,,1.0,,,0.1312,13.5682,13.5682,3319.8216,1769466611.601752,0.39,1,254,0.636,32,0,0,10.31,15.0,0,389,1769466594.989,-14.523,meta-llama/Llama-3.2-1B-Instruct,"1769466594.989, 1769466595.071, 1769466595.313, 1769466595.366, 1769466595.470"
1.0,0,1769466594.8701,15.3772,27,32,59,0.0992,0.0853,0.0854,1.0,0.0,100.0,1.4342,14.4764,14.4764,3334.298,1769466611.6881914,0.39,1,255,0.632,33,1,0,10.31,15.0,0,389,1769466594.989,-14.523,meta-llama/Llama-3.2-1B-Instruct,"1769466594.989, 1769466595.071, 1769466595.313, 1769466595.366, 1769466595.470"
1.0,0,1769466594.9749,15.2833,27,32,59,0.1074,0.0691,0.0762,1.0,0.0,100.0,1.4906,14.3907,14.3907,3348.6887,1769466611.7855353,0.39,1,256,0.633,33,0,0,10.31,15.0,0,389,1769466594.989,-14.523,meta-llama/Llama-3.2-1B-Instruct,"1769466594.989, 1769466595.071, 1769466595.313, 1769466595.366, 1769466595.470"
1.0,0,1769466595.2511,15.0857,27,32,59,0.1199,0.0718,0.1019,1.0,0.0,100.0,1.504,14.2055,14.2055,3362.8942,1769466611.841936,0.39,1,257,0.633,34,0,0,10.31,15.0,0,389,1769466594.989,-14.523,meta-llama/Llama-3.2-1B-Instruct,"1769466594.989, 1769466595.071, 1769466595.313, 1769466595.366, 1769466595.470"
1.0,0,1769466596.1179,14.8049,27,21,48,0.0943,0.0755,0.0934,1.0,0.0,100.0,1.0212,13.8992,13.8992,3391.1066,1769466611.949051,0.39,1,259,0.634,31,0,0,10.31,15.0,0,389,1769466594.989,-14.523,meta-llama/Llama-3.2-1B-Instruct,"1769466594.989, 1769466595.071, 1769466595.313, 1769466595.366, 1769466595.470"
1.0,0,1769466595.2854,15.1885,27,32,59,0.1247,0.0804,0.0859,1.0,0.0,100.0,1.4742,14.3132,14.3132,3391.1066,1769466611.9492462,0.39,1,259,0.633,34,0,0,10.31,15.0,0,389,1769466594.989,-14.523,meta-llama/Llama-3.2-1B-Instruct,"1769466594.989, 1769466595.071, 1769466595.313, 1769466595.366, 1769466595.470"
1.0,0,1769466595.5,15.0444,27,32,59,0.0699,0.0741,0.0841,1.0,0.0,100.0,1.464,14.1143,14.1143,3405.2209,1769466612.0146787,0.38,1,260,0.634,34,0,0,10.31,15.0,0,389,1769466594.989,-14.523,meta-llama/Llama-3.2-1B-Instruct,"1769466594.989, 1769466595.071, 1769466595.313, 1769466595.366, 1769466595.470"
1.0,0,1769466595.6668,14.9974,27,32,59,0.1821,0.0857,0.0916,1.0,0.0,100.0,1.5186,14.1795,14.1795,3433.4894,1769466612.1931868,0.38,1,262,0.633,32,0,0,10.31,15.0,0,389,1769466594.989,-14.523,meta-llama/Llama-3.2-1B-Instruct,"1769466594.989, 1769466595.071, 1769466595.313, 1769466595.366, 1769466595.470"
1.0,0,1769466595.7409,15.013,27,32,59,0.0761,0.0736,0.0771,1.0,0.0,100.0,1.4349,14.089,14.089,3433.4894,1769466612.2040708,0.38,1,262,0.633,31,0,0,10.31,15.0,0,389,1769466594.989,-14.523,meta-llama/Llama-3.2-1B-Instruct,"1769466594.989, 1769466595.071, 1769466595.313, 1769466595.366, 1769466595.470"
1.0,0,1769466595.9478,14.9171,27,32,59,0.1211,0.0759,0.0797,1.0,0.0,100.0,1.4899,14.0382,14.0382,3447.5276,1769466612.3698862,0.38,1,263,0.634,32,0,0,10.31,15.0,0,389,1769466594.989,-14.523,meta-llama/Llama-3.2-1B-Instruct,"1769466594.989, 1769466595.071, 1769466595.313, 1769466595.366, 1769466595.470"
1.0,0,1769466596.2749,14.769,27,32,59,0.1178,0.0655,0.0814,1.0,0.0,100.0,1.4696,13.8868,13.8868,3461.4145,1769466612.5144203,0.38,1,264,0.635,33,0,0,10.31,15.0,0,389,1769466594.989,-14.523,meta-llama/Llama-3.2-1B-Instruct,"1769466594.989, 1769466595.071, 1769466595.313, 1769466595.366, 1769466595.470"
1.0,0,1769466596.3675,14.732,27,31,58,0.089,0.0749,0.0865,1.0,0.0,100.0,1.4732,13.821,13.821,3475.2355,1769466612.577092,0.38,1,265,0.635,32,0,0,10.31,15.0,0,389,1769466594.989,-14.523,meta-llama/Llama-3.2-1B-Instruct,"1769466594.989, 1769466595.071, 1769466595.313, 1769466595.366, 1769466595.470"
1.0,0,1769466596.5163,14.7517,27,32,59,0.1148,0.077,0.0811,1.0,0.0,100.0,1.4548,13.8665,13.8665,3503.042,1769466612.735243,0.38,1,267,0.635,31,0,0,10.31,15.0,0,389,1769466594.989,-14.523,meta-llama/Llama-3.2-1B-Instruct,"1769466594.989, 1769466595.071, 1769466595.313, 1769466595.366, 1769466595.470"
1.0,0,1769466596.4411,14.7755,27,32,59,0.1645,0.0735,0.0784,1.0,0.0,100.0,1.513,13.94,13.94,3503.042,1769466612.7402477,0.37,1,267,0.634,31,0,0,10.31,15.0,0,389,1769466594.989,-14.523,meta-llama/Llama-3.2-1B-Instruct,"1769466594.989, 1769466595.071, 1769466595.313, 1769466595.366, 1769466595.470"
1.0,0,1769466596.6123,14.7114,27,32,59,0.0844,0.0913,0.1045,1.0,0.0,100.0,1.4791,13.7958,13.7958,3516.8379,1769466612.8037913,0.37,1,268,0.635,31,1,0,10.31,15.0,0,389,1769466594.989,-14.523,meta-llama/Llama-3.2-1B-Instruct,"1769466594.989, 1769466595.071, 1769466595.313, 1769466595.366, 1769466595.470"
1.0,0,1769466597.4701,14.0395,27,32,59,0.1117,0.071,0.0864,1.0,0.0,100.0,1.489,13.1512,13.1512,3529.989,1769466613.0085735,0.37,1,269,0.636,32,0,0,10.31,15.0,0,389,1769466594.989,-14.523,meta-llama/Llama-3.2-1B-Instruct,"1769466594.989, 1769466595.071, 1769466595.313, 1769466595.366, 1769466595.470"
1.0,0,1769466597.8538,13.8029,27,32,59,0.1265,0.0744,0.0885,1.0,0.0,100.0,1.4956,12.9294,12.9294,3542.9184,1769466613.1546252,0.37,1,270,0.637,32,0,0,10.31,15.0,0,389,1769466594.989,-14.523,meta-llama/Llama-3.2-1B-Instruct,"1769466594.989, 1769466595.071, 1769466595.313, 1769466595.366, 1769466595.470"
1.0,0,1769466598.1736,13.5483,27,32,59,0.1285,0.0711,0.086,1.0,0.0,100.0,1.4999,12.6768,12.6768,3555.5952,1769466613.23208,0.37,1,271,0.637,31,0,0,10.31,15.0,0,389,1769466594.989,-14.523,meta-llama/Llama-3.2-1B-Instruct,"1769466594.989, 1769466595.071, 1769466595.313, 1769466595.366, 1769466595.470"
1.0,0,1769466598.4321,13.3687,27,32,59,0.0782,0.0701,0.0844,1.0,0.0,100.0,1.4929,12.4469,12.4469,3568.0421,1769466613.3207529,0.37,1,272,0.637,31,0,0,10.31,15.0,0,389,1769466594.989,-14.523,meta-llama/Llama-3.2-1B-Instruct,"1769466594.989, 1769466595.071, 1769466595.313, 1769466595.366, 1769466595.470"
1.0,0,1769466598.5154,13.3909,27,32,59,0.1239,0.0703,0.0738,1.0,0.0,100.0,1.4986,12.5148,12.5148,3580.557,1769466613.4188888,0.37,1,273,0.638,32,0,0,10.31,15.0,0,389,1769466594.989,-14.523,meta-llama/Llama-3.2-1B-Instruct,"1769466594.989, 1769466595.071, 1769466595.313, 1769466595.366, 1769466595.470"
1.0,0,1769466599.5094,13.0234,27,17,44,0.0949,0.0924,0.0924,1.0,0.0,100.0,0.8871,12.1184,12.1184,3592.6754,1769466613.4207544,0.36,1,274,0.64,31,1,0,10.31,15.0,0,389,1769466594.989,-14.523,meta-llama/Llama-3.2-1B-Instruct,"1769466594.989, 1769466595.071, 1769466595.313, 1769466595.366, 1769466595.470"
1.0,0,1769466598.583,13.3885,27,32,59,0.0916,0.0689,0.0715,1.0,0.0,100.0,1.5109,12.4801,12.4801,3605.1555,1769466613.49633,0.36,1,275,0.637,30,1,0,10.31,15.0,0,389,1769466594.989,-14.523,meta-llama/Llama-3.2-1B-Instruct,"1769466594.989, 1769466595.071, 1769466595.313, 1769466595.366, 1769466595.470"
1.0,0,1769466598.7567,13.3371,27,32,59,0.1007,0.0775,0.0814,1.0,0.0,100.0,1.4642,12.4379,12.4379,3617.5934,1769466613.5615363,0.36,1,276,0.638,31,0,0,10.31,15.0,0,389,1769466594.989,-14.523,meta-llama/Llama-3.2-1B-Instruct,"1769466594.989, 1769466595.071, 1769466595.313, 1769466595.366, 1769466595.470"
1.0,0,1769466599.0095,13.1974,27,32,59,0.1539,0.0776,0.0781,1.0,0.0,100.0,1.4928,12.3513,12.3513,3629.9447,1769466613.7083173,0.36,1,277,0.638,31,0,0,10.31,15.0,0,389,1769466594.989,-14.523,meta-llama/Llama-3.2-1B-Instruct,"1769466594.989, 1769466595.071, 1769466595.313, 1769466595.366, 1769466595.470"
1.0,0,1769466599.1128,13.1628,27,32,59,0.099,0.0744,0.0747,1.0,0.0,100.0,1.493,12.2619,12.2619,3642.2065,1769466613.7697632,0.36,1,278,0.638,30,1,0,10.31,15.0,0,389,1769466594.989,-14.523,meta-llama/Llama-3.2-1B-Instruct,"1769466594.989, 1769466595.071, 1769466595.313, 1769466595.366, 1769466595.470"
1.0,0,1769466599.1452,13.2356,27,32,59,0.0903,0.0773,0.08,1.0,0.0,100.0,1.4429,12.3259,12.3259,3654.5324,1769466613.837481,0.36,1,279,0.639,31,0,0,10.31,15.0,0,389,1769466594.989,-14.523,meta-llama/Llama-3.2-1B-Instruct,"1769466594.989, 1769466595.071, 1769466595.313, 1769466595.366, 1769466595.470"
1.0,0,1769466599.3721,13.1004,27,32,59,0.1353,0.0865,0.106,1.0,0.0,100.0,1.4995,12.2357,12.2357,3666.7681,1769466613.973942,0.36,1,280,0.64,32,0,0,10.31,15.0,0,389,1769466594.989,-14.523,meta-llama/Llama-3.2-1B-Instruct,"1769466594.989, 1769466595.071, 1769466595.313, 1769466595.366, 1769466595.470"
1.0,0,1769466599.9734,12.7088,27,32,59,0.1788,0.085,0.1032,1.0,0.0,100.0,1.5392,11.8875,11.8875,3702.2112,1769466614.240325,0.36,1,283,0.64,32,0,0,10.31,15.0,0,389,1769466594.989,-14.523,meta-llama/Llama-3.2-1B-Instruct,"1769466594.989, 1769466595.071, 1769466595.313, 1769466595.366, 1769466595.470"
1.0,0,1769466600.5432,12.2099,27,32,59,0.0927,0.0782,0.0963,1.0,0.0,100.0,1.4844,11.3027,11.3027,3702.2112,1769466614.2433488,0.35,1,283,0.64,30,0,0,10.31,15.0,0,389,1769466594.989,-14.523,meta-llama/Llama-3.2-1B-Instruct,"1769466594.989, 1769466595.071, 1769466595.313, 1769466595.366, 1769466595.470"
1.0,0,1769466599.5719,13.1147,27,32,59,0.1382,0.078,0.0803,1.0,0.0,100.0,1.5534,12.2529,12.2529,3702.2112,1769466614.245447,0.35,1,283,0.639,31,1,0,10.31,15.0,0,389,1769466594.989,-14.523,meta-llama/Llama-3.2-1B-Instruct,"1769466594.989, 1769466595.071, 1769466595.313, 1769466595.366, 1769466595.470"
1.0,0,1769466601.1709,11.6483,27,32,59,0.1344,0.0929,0.0952,1.0,0.0,100.0,1.5048,10.7826,10.7826,3712.9939,1769466614.3250155,0.35,1,284,0.641,32,0,0,10.31,15.0,0,389,1769466594.989,-14.523,meta-llama/Llama-3.2-1B-Instruct,"1769466594.989, 1769466595.071, 1769466595.313, 1769466595.366, 1769466595.470"
1.0,0,1769466601.2158,11.7304,27,33,60,0.0772,0.077,0.0808,1.0,0.0,100.0,1.4883,10.8075,10.8075,3723.8014,1769466614.4360988,0.35,1,285,0.642,33,0,0,10.31,15.0,0,389,1769466594.989,-14.523,meta-llama/Llama-3.2-1B-Instruct,"1769466594.989, 1769466595.071, 1769466595.313, 1769466595.366, 1769466595.470"
1.0,0,1769466601.3572,11.6885,27,32,59,0.1558,0.0822,0.1029,1.0,0.0,100.0,1.5353,10.8443,10.8443,3745.328,1769466614.5945656,0.35,1,287,0.642,33,0,0,10.31,15.0,0,389,1769466605.311,-9.227,meta-llama/Llama-3.2-1B-Instruct,"1769466605.311, 1769466605.351, 1769466605.455, 1769466606.039, 1769466606.193"
1.0,0,1769466601.5361,11.5729,27,32,59,0.1094,0.0725,0.0757,1.0,0.0,100.0,1.4844,10.6823,10.6823,3745.328,1769466614.6032841,0.35,1,287,0.643,33,1,0,10.31,15.0,0,389,1769466605.311,-9.227,meta-llama/Llama-3.2-1B-Instruct,"1769466605.311, 1769466605.351, 1769466605.455, 1769466606.039, 1769466606.193"
1.0,0,1769466601.5928,11.5818,27,32,59,0.1444,0.0767,0.0916,1.0,0.0,100.0,1.5264,10.7262,10.7262,3756.0542,1769466614.7108505,0.35,1,288,0.643,34,0,0,10.31,15.0,0,389,1769466605.311,-9.227,meta-llama/Llama-3.2-1B-Instruct,"1769466605.311, 1769466605.351, 1769466605.455, 1769466606.039, 1769466606.193"
1.0,0,1769466601.6676,11.6428,27,32,59,0.1418,0.0808,0.1066,1.0,0.0,100.0,1.499,10.7846,10.7846,3766.8389,1769466614.8371284,0.35,1,289,0.643,33,0,0,10.31,15.0,0,389,1769466605.311,-9.227,meta-llama/Llama-3.2-1B-Instruct,"1769466605.311, 1769466605.351, 1769466605.455, 1769466606.039, 1769466606.193"
1.0,0,1769466601.7682,11.6019,27,32,59,0.0834,0.0835,0.0981,1.0,0.0,100.0,1.4724,10.6853,10.6853,3777.5242,1769466614.8515975,0.34,1,290,0.643,33,0,0,10.31,15.0,0,389,1769466605.311,-9.227,meta-llama/Llama-3.2-1B-Instruct,"1769466605.311, 1769466605.351, 1769466605.455, 1769466606.039, 1769466606.193"
1.0,0,1769466601.91,11.5316,27,30,57,0.113,0.0904,0.0978,1.0,0.0,100.0,1.4597,10.6446,10.6446,3788.1687,1769466614.9044113,0.34,1,291,0.643,32,0,0,10.31,15.0,0,389,1769466605.311,-9.227,meta-llama/Llama-3.2-1B-Instruct,"1769466605.311, 1769466605.351, 1769466605.455, 1769466606.039, 1769466606.193"
1.0,0,1769466602.0641,11.5172,27,32,59,0.1078,0.0787,0.0842,1.0,0.0,100.0,1.4872,10.625,10.625,3798.7937,1769466615.0828795,0.34,1,292,0.644,32,0,0,10.31,15.0,0,389,1769466605.311,-9.227,meta-llama/Llama-3.2-1B-Instruct,"1769466605.311, 1769466605.351, 1769466605.455, 1769466606.039, 1769466606.193"
1.0,0,1769466602.1447,11.5025,27,32,59,0.1505,0.0753,0.0874,1.0,0.0,100.0,1.5262,10.653,10.653,3809.4467,1769466615.1809406,0.34,1,293,0.644,32,0,0,10.31,15.0,0,389,1769466605.311,-9.227,meta-llama/Llama-3.2-1B-Instruct,"1769466605.311, 1769466605.351, 1769466605.455, 1769466606.039, 1769466606.193"
1.0,0,1769466602.3244,11.4056,27,32,59,0.0885,0.0767,0.0882,1.0,0.0,100.0,1.5008,10.4941,10.4941,3819.9409,1769466615.25037,0.34,1,294,0.644,32,0,0,10.31,15.0,0,389,1769466605.311,-9.227,meta-llama/Llama-3.2-1B-Instruct,"1769466605.311, 1769466605.351, 1769466605.455, 1769466606.039, 1769466606.193"
1.0,0,1769466602.7765,11.0859,27,32,59,0.1068,0.0761,0.0767,1.0,0.0,100.0,1.4941,10.1928,10.1928,3830.1336,1769466615.3648276,0.34,1,295,0.645,32,0,0,10.31,15.0,0,389,1769466605.311,-9.227,meta-llama/Llama-3.2-1B-Instruct,"1769466605.311, 1769466605.351, 1769466605.455, 1769466606.039, 1769466606.193"
1.0,0,1769466602.5767,11.2772,27,32,59,0.1029,0.0732,0.0981,1.0,0.0,100.0,1.5145,10.3801,10.3801,3840.5137,1769466615.3831744,0.34,1,296,0.645,33,0,0,10.31,15.0,0,389,1769466605.311,-9.227,meta-llama/Llama-3.2-1B-Instruct,"1769466605.311, 1769466605.351, 1769466605.455, 1769466606.039, 1769466606.193"
1.0,0,1769466602.8632,11.129,27,32,59,0.0977,0.0737,0.0795,1.0,0.0,100.0,1.4887,10.2267,10.2267,3850.7404,1769466615.4832797,0.34,1,297,0.645,33,0,0,10.31,15.0,0,389,1769466605.311,-9.227,meta-llama/Llama-3.2-1B-Instruct,"1769466605.311, 1769466605.351, 1769466605.455, 1769466606.039, 1769466606.193"
1.0,0,1769466602.9744,11.0889,27,32,59,0.1333,0.0707,0.0879,1.0,0.0,100.0,1.5358,10.2222,10.2222,3860.9627,1769466615.6051743,0.34,1,298,0.646,34,0,0,10.31,15.0,0,389,1769466605.311,-9.227,meta-llama/Llama-3.2-1B-Instruct,"1769466605.311, 1769466605.351, 1769466605.455, 1769466606.039, 1769466606.193"
1.0,0,1769466603.4145,10.7184,27,32,59,0.0897,0.0866,0.0884,1.0,0.0,100.0,1.4866,9.808,9.808,3870.7707,1769466615.6574533,0.33,1,299,0.647,34,1,0,10.31,15.0,0,389,1769466605.311,-9.227,meta-llama/Llama-3.2-1B-Instruct,"1769466605.311, 1769466605.351, 1769466605.455, 1769466606.039, 1769466606.193"
1.0,0,1769466603.6185,10.5983,27,32,59,0.0914,0.0718,0.0782,1.0,0.0,100.0,1.4769,9.6897,9.6897,3880.4604,1769466615.705436,0.33,1,300,0.647,35,1,0,10.31,15.0,0,389,1769466605.311,-9.227,meta-llama/Llama-3.2-1B-Instruct,"1769466605.311, 1769466605.351, 1769466605.455, 1769466606.039, 1769466606.193"
1.0,0,1769466603.8338,10.5015,27,32,59,0.1646,0.0868,0.0914,1.0,0.0,100.0,1.4976,9.6661,9.6661,3890.1266,1769466615.838898,0.33,1,301,0.647,33,0,0,10.31,15.0,0,389,1769466605.311,-9.227,meta-llama/Llama-3.2-1B-Instruct,"1769466605.311, 1769466605.351, 1769466605.455, 1769466606.039, 1769466606.193"
1.0,0,1769466604.1038,10.2858,27,33,60,0.087,0.0789,0.0917,1.0,0.0,100.0,1.5349,9.3727,9.3727,3899.4993,1769466615.9363256,0.33,1,302,0.647,33,0,0,10.31,15.0,0,389,1769466605.311,-9.227,meta-llama/Llama-3.2-1B-Instruct,"1769466605.311, 1769466605.351, 1769466605.455, 1769466606.039, 1769466606.193"
1.0,0,1769466604.1348,10.3218,27,32,59,0.1323,0.0807,0.0886,1.0,0.0,100.0,1.5142,9.4541,9.4541,3908.9534,1769466615.9745982,0.33,1,303,0.648,34,0,0,10.31,15.0,0,389,1769466605.311,-9.227,meta-llama/Llama-3.2-1B-Instruct,"1769466605.311, 1769466605.351, 1769466605.455, 1769466606.039, 1769466606.193"
1.0,0,1769466604.2234,10.3754,27,32,59,0.1193,0.0947,0.1056,1.0,0.0,100.0,1.4958,9.4947,9.4947,3918.4481,1769466616.0975022,0.33,1,304,0.648,34,0,0,10.31,15.0,0,389,1769466605.311,-9.227,meta-llama/Llama-3.2-1B-Instruct,"1769466605.311, 1769466605.351, 1769466605.455, 1769466606.039, 1769466606.193"
1.0,0,1769466604.3108,10.3651,27,32,59,0.1365,0.0792,0.1158,1.0,0.0,100.0,1.5309,9.5016,9.5016,3927.9497,1769466616.2113261,0.33,1,305,0.648,33,0,0,10.31,15.0,0,389,1769466605.311,-9.227,meta-llama/Llama-3.2-1B-Instruct,"1769466605.311, 1769466605.351, 1769466605.455, 1769466606.039, 1769466606.193"
1.0,0,1769466604.3512,10.4036,27,32,59,0.0891,0.0914,0.0936,1.0,0.0,100.0,1.492,9.4928,9.4928,3937.4425,1769466616.255003,0.33,1,306,0.649,33,0,0,10.31,15.0,0,389,1769466605.311,-9.227,meta-llama/Llama-3.2-1B-Instruct,"1769466605.311, 1769466605.351, 1769466605.455, 1769466606.039, 1769466606.193"
1.0,0,1769466604.4549,10.4155,27,32,59,0.1079,0.0737,0.0806,1.0,0.0,100.0,1.5294,9.5234,9.5234,3946.9659,1769466616.423034,0.33,1,307,0.649,33,0,0,10.31,15.0,0,389,1769466605.311,-9.227,meta-llama/Llama-3.2-1B-Instruct,"1769466605.311, 1769466605.351, 1769466605.455, 1769466606.039, 1769466606.193"
1.0,0,1769466607.9092,8.3072,27,8,35,0.1159,0.1972,0.1972,1.0,0.0,100.0,0.5033,7.4231,7.4231,3999.073,1769466616.8265066,0.32,1,313,0.654,33,0,0,10.31,15.0,0,389,1769466605.311,-9.227,meta-llama/Llama-3.2-1B-Instruct,"1769466605.311, 1769466605.351, 1769466605.455, 1769466606.039, 1769466606.193"
1.0,0,1769466605.1929,9.855,27,32,59,0.1283,0.0956,0.2387,1.0,0.0,100.0,1.7284,8.9833,8.9833,3999.073,1769466616.8306873,0.32,1,313,0.65,33,0,0,10.31,15.0,0,389,1769466605.311,-9.227,meta-llama/Llama-3.2-1B-Instruct,"1769466605.311, 1769466605.351, 1769466605.455, 1769466606.039, 1769466606.193"
1.0,0,1769466605.2936,9.836,27,33,60,0.1384,0.0861,0.213,1.0,0.0,100.0,1.6642,8.9744,8.9744,3999.073,1769466616.8332548,0.32,1,313,0.651,34,0,0,10.31,15.0,0,389,1769466605.311,-9.227,meta-llama/Llama-3.2-1B-Instruct,"1769466605.311, 1769466605.351, 1769466605.455, 1769466606.039, 1769466606.193"
1.0,0,1769466605.0392,10.0151,27,32,59,0.103,0.093,0.1926,1.0,0.0,100.0,1.6925,9.1181,9.1181,3999.073,1769466616.8646152,0.32,1,313,0.649,33,0,0,10.31,15.0,0,389,1769466605.311,-9.227,meta-llama/Llama-3.2-1B-Instruct,"1769466605.311, 1769466605.351, 1769466605.455, 1769466606.039, 1769466606.193"
1.0,0,1769466605.4565,9.7497,27,32,59,0.1098,0.072,0.2596,1.0,0.0,100.0,1.5934,8.8595,8.8595,3999.073,1769466616.8734808,0.32,1,313,0.651,33,0,0,10.31,15.0,0,389,1769466605.311,-9.227,meta-llama/Llama-3.2-1B-Instruct,"1769466605.311, 1769466605.351, 1769466605.455, 1769466606.039, 1769466606.193"
1.0,0,1769466605.636,9.6272,27,32,59,0.1215,0.0893,0.219,1.0,0.0,100.0,1.5329,8.7487,8.7487,3999.073,1769466616.8745606,0.32,1,313,0.651,34,0,0,10.31,15.0,0,389,1769466605.311,-9.227,meta-llama/Llama-3.2-1B-Instruct,"1769466605.311, 1769466605.351, 1769466605.455, 1769466606.039, 1769466606.193"
1.0,0,1769466605.7143,9.6826,27,32,59,0.0592,0.0825,0.1979,1.0,0.0,100.0,1.501,8.7418,8.7418,4007.8148,1769466616.899058,0.32,1,314,0.651,33,0,0,10.31,15.0,0,389,1769466605.311,-9.227,meta-llama/Llama-3.2-1B-Instruct,"1769466605.311, 1769466605.351, 1769466605.455, 1769466606.039, 1769466606.193"
1.0,0,1769466606.1518,9.3448,27,32,59,0.1168,0.0797,0.2194,1.0,0.0,100.0,1.548,8.4616,8.4616,4024.3874,1769466617.080412,0.32,1,316,0.651,33,0,0,10.31,15.0,0,389,1769466605.311,-9.227,meta-llama/Llama-3.2-1B-Instruct,"1769466605.311, 1769466605.351, 1769466605.455, 1769466606.039, 1769466606.193"
1.0,0,1769466606.5231,9.033,27,32,59,0.0781,0.1024,0.2027,1.0,0.0,100.0,1.5217,8.111,8.111,4024.3874,1769466617.080637,0.32,1,316,0.651,33,0,0,10.31,15.0,0,389,1769466605.311,-9.227,meta-llama/Llama-3.2-1B-Instruct,"1769466605.311, 1769466605.351, 1769466605.455, 1769466606.039, 1769466606.193"
1.0,0,1769466606.8252,8.8413,27,32,59,0.1226,0.0905,0.2225,1.0,0.0,100.0,1.5694,7.9639,7.9639,4032.3513,1769466617.2436676,0.32,1,317,0.652,33,0,0,10.31,15.0,0,389,1769466605.311,-9.227,meta-llama/Llama-3.2-1B-Instruct,"1769466605.311, 1769466605.351, 1769466605.455, 1769466606.039, 1769466606.193"
1.0,0,1769466606.9764,8.7539,27,32,59,0.0975,0.0707,0.198,1.0,0.0,100.0,1.5254,7.8514,7.8514,4040.2027,1769466617.2565072,0.31,1,318,0.652,32,1,0,10.31,15.0,0,389,1769466605.311,-9.227,meta-llama/Llama-3.2-1B-Instruct,"1769466605.311, 1769466605.351, 1769466605.455, 1769466606.039, 1769466606.193"
1.0,0,1769466607.3195,8.5194,27,32,59,0.0851,0.0782,0.2005,1.0,0.0,100.0,1.4938,7.6045,7.6045,4054.4495,1769466617.3410614,0.31,1,320,0.653,33,0,0,10.31,15.0,0,389,1769466605.311,-9.227,meta-llama/Llama-3.2-1B-Instruct,"1769466605.311, 1769466605.351, 1769466605.455, 1769466606.039, 1769466606.193"
1.0,0,1769466609.6719,7.5286,27,0,27,,,,1.0,,,0.1137,6.6423,6.6423,4054.4495,1769466617.3441505,0.31,1,320,0.656,30,0,0,10.31,15.0,0,389,1769466605.311,-9.227,meta-llama/Llama-3.2-1B-Instruct,"1769466605.311, 1769466605.351, 1769466605.455, 1769466606.039, 1769466606.193"
200.0,1,1769466579.9036,0.0334,2801,693,3494,7.8807,0.073,0.0948,200.0,0.0,100.0,37.4518,-162.5148,0.0,4054.4495,1769466617.4156091,0.62,2,321,0.0,0,0,0,6.35,15.0,0,389,1769466605.311,-9.227,meta-llama/Llama-3.2-1B-Instruct,"1769466605.311, 1769466605.351, 1769466605.455, 1769466606.039, 1769466606.193"
1.0,0,1769466607.4537,8.4745,27,32,59,0.1256,0.0835,0.1972,1.0,0.0,100.0,1.5592,7.6001,7.6001,4069.5705,1769466617.4980545,0.62,2,323,0.653,33,0,0,10.31,15.0,0,389,1769466605.311,-9.227,meta-llama/Llama-3.2-1B-Instruct,"1769466605.311, 1769466605.351, 1769466605.455, 1769466606.039, 1769466606.193"
1.0,0,1769466607.5587,8.4527,27,32,59,0.0683,0.0829,0.2306,1.0,0.0,100.0,1.4771,7.5209,7.5209,4069.5705,1769466617.5020003,0.62,2,323,0.652,32,0,0,10.31,15.0,0,389,1769466605.311,-9.227,meta-llama/Llama-3.2-1B-Instruct,"1769466605.311, 1769466605.351, 1769466605.455, 1769466606.039, 1769466606.193"
1.0,0,1769466608.7847,7.5407,27,28,55,0.0622,0.1134,0.1895,1.0,0.0,100.0,1.3475,6.6029,6.6029,4076.1734,1769466617.6826365,0.62,2,324,0.654,33,1,0,10.31,15.0,0,389,1769466605.311,-9.227,meta-llama/Llama-3.2-1B-Instruct,"1769466605.311, 1769466605.351, 1769466605.455, 1769466606.039, 1769466606.193"
1.0,0,1769466607.6432,8.5682,27,32,59,0.1243,0.0869,0.2381,1.0,0.0,100.0,1.4975,7.6925,7.6925,4083.8659,1769466617.7253048,0.62,2,325,0.654,33,0,0,10.31,15.0,0,389,1769466605.311,-9.227,meta-llama/Llama-3.2-1B-Instruct,"1769466605.311, 1769466605.351, 1769466605.455, 1769466606.039, 1769466606.193"
1.0,0,1769466608.2139,8.0587,27,32,59,0.1256,0.0975,0.2823,1.0,0.0,100.0,1.517,7.1843,7.1843,4091.0502,1769466617.8084905,0.61,2,326,0.653,31,0,0,10.31,15.0,0,389,1769466605.311,-9.227,meta-llama/Llama-3.2-1B-Instruct,"1769466605.311, 1769466605.351, 1769466605.455, 1769466606.039, 1769466606.193"
1.0,0,1769466608.8625,7.5717,27,32,59,0.3708,0.1017,0.1019,1.0,0.0,100.0,1.5079,6.9425,6.9425,4097.9927,1769466617.9442897,0.61,2,327,0.655,34,0,0,10.31,15.0,0,389,1769466605.311,-9.227,meta-llama/Llama-3.2-1B-Instruct,"1769466605.311, 1769466605.351, 1769466605.455, 1769466606.039, 1769466606.193"
1.0,0,1769466608.9195,7.5729,27,32,59,0.3044,0.0807,0.0888,1.0,0.0,100.0,1.5113,6.8774,6.8774,4104.87,1769466618.0072718,0.61,2,328,0.655,34,0,0,10.31,15.0,0,389,1769466605.311,-9.227,meta-llama/Llama-3.2-1B-Instruct,"1769466605.311, 1769466605.351, 1769466605.455, 1769466606.039, 1769466606.193"
1.0,0,1769466611.2429,6.9767,27,0,27,,,,1.0,,,0.0948,6.0715,6.0715,4110.9415,1769466618.3197224,0.61,2,329,0.626,29,1,0,10.31,15.0,0,389,1769466605.311,-9.227,meta-llama/Llama-3.2-1B-Instruct,"1769466605.311, 1769466605.351, 1769466605.455, 1769466606.039, 1769466606.193"
1.0,0,1769466609.1409,7.7255,27,32,59,0.1197,0.0825,0.0919,1.0,0.0,100.0,1.4548,6.8453,6.8453,4117.7868,1769466618.3225398,0.61,2,330,0.655,30,0,0,10.31,15.0,0,389,1769466605.311,-9.227,meta-llama/Llama-3.2-1B-Instruct,"1769466605.311, 1769466605.351, 1769466605.455, 1769466606.039, 1769466606.193"
1.0,0,1769466609.2204,7.7222,27,32,59,0.1178,0.0885,0.0984,1.0,0.0,100.0,1.4872,6.84,6.84,4124.6267,1769466618.4306087,0.6,2,331,0.655,30,0,0,10.31,15.0,0,389,1769466605.311,-9.227,meta-llama/Llama-3.2-1B-Instruct,"1769466605.311, 1769466605.351, 1769466605.455, 1769466606.039, 1769466606.193"
1.0,0,1769466609.3977,7.6284,27,32,59,0.1192,0.0895,0.0901,1.0,0.0,100.0,1.4455,6.7476,6.7476,4131.3743,1769466618.4808745,0.6,2,332,0.655,30,0,0,10.31,15.0,0,389,1769466605.311,-9.227,meta-llama/Llama-3.2-1B-Instruct,"1769466605.311, 1769466605.351, 1769466605.455, 1769466606.039, 1769466606.193"
1.0,0,1769466609.611,7.5544,27,32,59,0.0661,0.0764,0.0828,1.0,0.0,100.0,1.4283,6.6204,6.6204,4137.9948,1769466618.5952888,0.6,2,333,0.656,30,0,0,10.31,15.0,0,389,1769466605.311,-9.227,meta-llama/Llama-3.2-1B-Instruct,"1769466605.311, 1769466605.351, 1769466605.455, 1769466606.039, 1769466606.193"
1.0,0,1769466609.7882,7.5139,27,32,59,0.1053,0.0764,0.0933,1.0,0.0,100.0,1.4511,6.6193,6.6193,4144.614,1769466618.766337,0.6,2,334,0.656,30,0,0,10.31,15.0,0,389,1769466605.311,-9.227,meta-llama/Llama-3.2-1B-Instruct,"1769466605.311, 1769466605.351, 1769466605.455, 1769466606.039, 1769466606.193"
1.0,0,1769466610.0538,7.3697,27,32,59,0.0749,0.07,0.0756,1.0,0.0,100.0,1.4294,6.4446,6.4446,4151.0587,1769466618.8629737,0.6,2,335,0.623,28,0,0,10.31,15.0,0,389,1769466605.311,-9.227,meta-llama/Llama-3.2-1B-Instruct,"1769466605.311, 1769466605.351, 1769466605.455, 1769466606.039, 1769466606.193"
1.0,0,1769466610.1378,7.3679,27,32,59,0.0699,0.0722,0.0838,1.0,0.0,100.0,1.41,6.4378,6.4378,4157.4965,1769466618.924901,0.6,2,336,0.624,28,0,0,10.31,15.0,0,389,1769466605.311,-9.227,meta-llama/Llama-3.2-1B-Instruct,"1769466605.311, 1769466605.351, 1769466605.455, 1769466606.039, 1769466606.193"
1.0,0,1769466610.1893,7.3721,27,32,59,0.0937,0.0752,0.0849,1.0,0.0,100.0,1.471,6.4658,6.4658,4163.9622,1769466619.0507677,0.59,2,337,0.623,28,0,0,10.31,15.0,0,389,1769466605.311,-9.227,meta-llama/Llama-3.2-1B-Instruct,"1769466605.311, 1769466605.351, 1769466605.455, 1769466606.039, 1769466606.193"
1.0,0,1769466610.7073,7.0671,27,29,56,0.0946,0.0732,0.0737,1.0,0.0,100.0,1.4082,6.1617,6.1617,4176.2844,1769466619.1940114,0.59,2,339,0.623,27,0,0,10.31,15.0,0,389,1769466605.311,-9.227,meta-llama/Llama-3.2-1B-Instruct,"1769466605.311, 1769466605.351, 1769466605.455, 1769466606.039, 1769466606.193"
1.0,0,1769466610.64,7.0567,27,32,59,0.1038,0.081,0.0817,1.0,0.0,100.0,1.4932,6.1605,6.1605,4176.2844,1769466619.1975892,0.59,2,339,0.624,28,0,0,10.31,15.0,0,389,1769466605.311,-9.227,meta-llama/Llama-3.2-1B-Instruct,"1769466605.311, 1769466605.351, 1769466605.455, 1769466606.039, 1769466606.193"
1.0,0,1769466610.7694,7.1246,27,32,59,0.1298,0.0811,0.0819,1.0,0.0,100.0,1.4749,6.2544,6.2544,4182.5389,1769466619.3771346,0.59,2,340,0.625,28,0,0,10.31,15.0,0,389,1769466605.311,-9.227,meta-llama/Llama-3.2-1B-Instruct,"1769466605.311, 1769466605.351, 1769466605.455, 1769466606.039, 1769466606.193"
1.0,0,1769466610.9679,7.0011,27,32,59,0.0982,0.077,0.0856,1.0,0.0,100.0,1.4442,6.0993,6.0993,4188.6382,1769466619.4463952,0.59,2,341,0.624,27,1,0,10.31,15.0,0,389,1769466605.311,-9.227,meta-llama/Llama-3.2-1B-Instruct,"1769466605.311, 1769466605.351, 1769466605.455, 1769466606.039, 1769466606.193"
1.0,0,1769466611.0732,7.0295,27,32,59,0.0987,0.0911,0.0946,1.0,0.0,100.0,1.4467,6.1282,6.1282,4194.7664,1769466619.5536196,0.58,2,342,0.625,28,0,0,10.31,15.0,0,389,1769466605.311,-9.227,meta-llama/Llama-3.2-1B-Instruct,"1769466605.311, 1769466605.351, 1769466605.455, 1769466606.039, 1769466606.193"
1.0,0,1769466611.1416,7.016,27,32,59,0.1311,0.0766,0.0828,1.0,0.0,100.0,1.4457,6.1471,6.1471,4200.9134,1769466619.611753,0.58,2,343,0.626,29,0,0,10.31,15.0,0,389,1769466605.311,-9.227,meta-llama/Llama-3.2-1B-Instruct,"1769466605.311, 1769466605.351, 1769466605.455, 1769466606.039, 1769466606.193"
1.0,0,1769466611.3746,6.9561,27,32,59,0.135,0.0739,0.0764,1.0,0.0,100.0,1.4644,6.091,6.091,4207.0045,1769466619.8184257,0.58,2,344,0.626,29,0,0,10.31,15.0,0,389,1769466615.344,-4.302,meta-llama/Llama-3.2-1B-Instruct,"1769466615.344, 1769466615.648, 1769466615.730, 1769466615.798, 1769466615.951"
1.0,0,1769466611.6985,6.6831,27,32,59,0.1169,0.0828,0.0846,1.0,0.0,100.0,1.4978,5.8,5.8,4212.8045,1769466619.8806367,0.58,2,345,0.627,29,0,0,10.31,15.0,0,389,1769466615.344,-4.302,meta-llama/Llama-3.2-1B-Instruct,"1769466615.344, 1769466615.648, 1769466615.730, 1769466615.798, 1769466615.951"
1.0,0,1769466611.7671,6.7269,27,32,59,0.1179,0.0814,0.1015,1.0,0.0,100.0,1.5065,5.8447,5.8447,4218.6492,1769466620.0013926,0.58,2,346,0.627,29,1,0,10.31,15.0,0,389,1769466615.344,-4.302,meta-llama/Llama-3.2-1B-Instruct,"1769466615.344, 1769466615.648, 1769466615.730, 1769466615.798, 1769466615.951"
1.0,0,1769466612.0675,6.5717,27,32,59,0.0975,0.0727,0.1124,1.0,0.0,100.0,1.4811,5.6692,5.6692,4229.6758,1769466620.1289508,0.58,2,348,0.628,29,0,0,10.31,15.0,0,389,1769466615.344,-4.302,meta-llama/Llama-3.2-1B-Instruct,"1769466615.344, 1769466615.648, 1769466615.730, 1769466615.798, 1769466615.951"
1.0,0,1769466612.4057,6.2396,27,32,59,0.1177,0.0748,0.0933,1.0,0.0,100.0,1.4812,5.3574,5.3574,4229.6758,1769466620.1306806,0.57,2,348,0.628,29,0,0,10.31,15.0,0,389,1769466615.344,-4.302,meta-llama/Llama-3.2-1B-Instruct,"1769466615.344, 1769466615.648, 1769466615.730, 1769466615.798, 1769466615.951"
1.0,0,1769466612.5479,6.163,27,32,59,0.1357,0.0841,0.0979,1.0,0.0,100.0,1.4889,5.2987,5.2987,4234.9745,1769466620.2096653,0.57,2,349,0.628,29,0,0,10.31,15.0,0,389,1769466615.344,-4.302,meta-llama/Llama-3.2-1B-Instruct,"1769466615.344, 1769466615.648, 1769466615.730, 1769466615.798, 1769466615.951"
1.0,0,1769466612.6387,6.1466,27,32,59,0.0695,0.0764,0.0817,1.0,0.0,100.0,1.4645,5.2162,5.2162,4240.1906,1769466620.253738,0.57,2,350,0.629,30,1,0,10.31,15.0,0,389,1769466615.344,-4.302,meta-llama/Llama-3.2-1B-Instruct,"1769466615.344, 1769466615.648, 1769466615.730, 1769466615.798, 1769466615.951"
1.0,0,1769466612.8882,6.0112,27,32,59,0.1314,0.088,0.0956,1.0,0.0,100.0,1.4583,5.1426,5.1426,4245.3333,1769466620.379504,0.57,2,351,0.629,31,0,0,10.31,15.0,0,389,1769466615.344,-4.302,meta-llama/Llama-3.2-1B-Instruct,"1769466615.344, 1769466615.648, 1769466615.730, 1769466615.798, 1769466615.951"
1.0,0,1769466612.9709,5.9942,27,32,59,0.068,0.0798,0.0832,1.0,0.0,100.0,1.4545,5.0621,5.0621,4250.3954,1769466620.420966,0.57,2,352,0.629,30,0,0,10.31,15.0,0,389,1769466615.344,-4.302,meta-llama/Llama-3.2-1B-Instruct,"1769466615.344, 1769466615.648, 1769466615.730, 1769466615.798, 1769466615.951"
1.0,0,1769466613.2438,5.8269,27,31,58,0.1162,0.0792,0.1061,1.0,0.0,100.0,1.4589,4.9431,4.9431,4255.3385,1769466620.5519805,0.57,2,353,0.63,31,0,0,10.31,15.0,0,389,1769466615.344,-4.302,meta-llama/Llama-3.2-1B-Instruct,"1769466615.344, 1769466615.648, 1769466615.730, 1769466615.798, 1769466615.951"
1.0,0,1769466613.3325,5.8132,27,33,60,0.1151,0.0744,0.0766,1.0,0.0,100.0,1.5071,4.9284,4.9284,4260.2669,1769466620.6685991,0.56,2,354,0.63,30,0,0,10.31,15.0,0,389,1769466615.344,-4.302,meta-llama/Llama-3.2-1B-Instruct,"1769466615.344, 1769466615.648, 1769466615.730, 1769466615.798, 1769466615.951"
1.0,0,1769466613.3934,5.8821,27,32,59,0.0847,0.0788,0.079,1.0,0.0,100.0,1.4561,4.9668,4.9668,4265.2337,1769466620.7370489,0.56,2,355,0.631,31,0,0,10.31,15.0,0,389,1769466615.344,-4.302,meta-llama/Llama-3.2-1B-Instruct,"1769466615.344, 1769466615.648, 1769466615.730, 1769466615.798, 1769466615.951"
1.0,0,1769466613.6227,5.6979,27,32,59,0.1252,0.0717,0.0731,1.0,0.0,100.0,1.5493,4.823,4.823,4270.0568,1769466620.8722558,0.56,2,356,0.632,32,0,0,10.31,15.0,0,389,1769466615.344,-4.302,meta-llama/Llama-3.2-1B-Instruct,"1769466615.344, 1769466615.648, 1769466615.730, 1769466615.798, 1769466615.951"
1.0,0,1769466613.7033,5.7497,27,32,59,0.1596,0.0812,0.0912,1.0,0.0,100.0,1.5024,4.9093,4.9093,4274.966,1769466620.9602957,0.56,2,357,0.631,31,0,0,10.31,15.0,0,389,1769466615.344,-4.302,meta-llama/Llama-3.2-1B-Instruct,"1769466615.344, 1769466615.648, 1769466615.730, 1769466615.798, 1769466615.951"
1.0,0,1769466613.9153,5.6083,27,32,59,0.0774,0.0755,0.0763,1.0,0.0,100.0,1.487,4.6857,4.6857,4279.6517,1769466621.0322914,0.56,2,358,0.632,31,0,0,10.31,15.0,0,389,1769466615.344,-4.302,meta-llama/Llama-3.2-1B-Instruct,"1769466615.344, 1769466615.648, 1769466615.730, 1769466615.798, 1769466615.951"
1.0,0,1769466614.0379,5.5334,27,32,59,0.1178,0.0752,0.0772,1.0,0.0,100.0,1.5043,4.6512,4.6512,4284.3029,1769466621.0774715,0.56,2,359,0.632,32,0,0,10.31,15.0,0,389,1769466615.344,-4.302,meta-llama/Llama-3.2-1B-Instruct,"1769466615.344, 1769466615.648, 1769466615.730, 1769466615.798, 1769466615.951"
1.0,0,1769466614.3435,5.469,27,32,59,0.1085,0.0737,0.076,1.0,0.0,100.0,1.4744,4.5775,4.5775,4297.8169,1769466621.2931743,0.55,2,362,0.633,32,0,0,10.31,15.0,0,389,1769466615.344,-4.302,meta-llama/Llama-3.2-1B-Instruct,"1769466615.344, 1769466615.648, 1769466615.730, 1769466615.798, 1769466615.951"
1.0,0,1769466614.264,5.5437,27,32,59,0.125,0.0809,0.0814,1.0,0.0,100.0,1.4759,4.6687,4.6687,4297.8169,1769466621.293731,0.56,2,362,0.633,32,0,0,10.31,15.0,0,389,1769466615.344,-4.302,meta-llama/Llama-3.2-1B-Instruct,"1769466615.344, 1769466615.648, 1769466615.730, 1769466615.798, 1769466615.951"
1.0,0,1769466614.648,5.1889,27,32,59,0.0789,0.0736,0.0752,1.0,0.0,100.0,1.4549,4.2678,4.2678,4297.8169,1769466621.2945154,0.55,2,362,0.633,30,0,0,10.31,15.0,0,389,1769466615.344,-4.302,meta-llama/Llama-3.2-1B-Instruct,"1769466615.344, 1769466615.648, 1769466615.730, 1769466615.798, 1769466615.951"
1.0,0,1769466614.7299,5.2279,27,32,59,0.1239,0.0794,0.0853,1.0,0.0,100.0,1.4848,4.3518,4.3518,4302.1687,1769466621.4495416,0.55,2,363,0.634,33,0,0,10.31,15.0,0,389,1769466615.344,-4.302,meta-llama/Llama-3.2-1B-Instruct,"1769466615.344, 1769466615.648, 1769466615.730, 1769466615.798, 1769466615.951"
1.0,0,1769466614.798,5.2219,27,32,59,0.0975,0.0797,0.0826,1.0,0.0,100.0,1.4616,4.3194,4.3194,4309.8775,1769466621.5069542,0.55,2,365,0.634,32,0,0,10.31,15.0,0,389,1769466615.344,-4.302,meta-llama/Llama-3.2-1B-Instruct,"1769466615.344, 1769466615.648, 1769466615.730, 1769466615.798, 1769466615.951"
1.0,0,1769466616.2873,4.2887,27,18,45,0.1007,0.0767,0.0767,1.0,0.0,100.0,0.9293,3.3894,3.3894,4309.8775,1769466621.5145159,0.55,2,365,0.636,32,0,0,10.31,15.0,0,389,1769466615.344,-4.302,meta-llama/Llama-3.2-1B-Instruct,"1769466615.344, 1769466615.648, 1769466615.730, 1769466615.798, 1769466615.951"
1.0,0,1769466614.9507,5.1212,27,32,59,0.1027,0.0761,0.0855,1.0,0.0,100.0,1.4943,4.2239,4.2239,4314.1014,1769466621.5711565,0.55,2,366,0.635,34,0,0,10.31,15.0,0,389,1769466615.344,-4.302,meta-llama/Llama-3.2-1B-Instruct,"1769466615.344, 1769466615.648, 1769466615.730, 1769466615.798, 1769466615.951"
1.0,0,1769466616.1368,4.2325,27,26,53,0.1322,0.0837,0.0914,1.0,0.0,100.0,1.2604,3.3647,3.3647,4317.466,1769466621.6304893,0.54,2,367,0.635,32,1,0,10.31,15.0,0,389,1769466615.344,-4.302,meta-llama/Llama-3.2-1B-Instruct,"1769466615.344, 1769466615.648, 1769466615.730, 1769466615.798, 1769466615.951"
1.0,0,1769466615.1038,5.101,27,32,59,0.1407,0.0788,0.0836,1.0,0.0,100.0,1.4721,4.2417,4.2417,4321.7077,1769466621.6806135,0.54,2,368,0.635,32,0,0,10.31,15.0,0,389,1769466615.344,-4.302,meta-llama/Llama-3.2-1B-Instruct,"1769466615.344, 1769466615.648, 1769466615.730, 1769466615.798, 1769466615.951"
1.0,0,1769466616.1051,4.1596,27,31,58,0.0968,0.0706,0.1033,1.0,0.0,100.0,1.4872,3.2564,3.2564,4324.9642,1769466621.7772207,0.54,2,369,0.635,31,0,0,10.31,15.0,0,389,1769466615.344,-4.302,meta-llama/Llama-3.2-1B-Instruct,"1769466615.344, 1769466615.648, 1769466615.730, 1769466615.798, 1769466615.951"
1.0,0,1769466616.2081,4.2473,27,32,59,0.0837,0.0752,0.0793,1.0,0.0,100.0,1.4384,3.331,3.331,4328.2952,1769466621.908165,0.54,2,370,0.635,31,0,0,10.31,15.0,0,389,1769466615.344,-4.302,meta-llama/Llama-3.2-1B-Instruct,"1769466615.344, 1769466615.648, 1769466615.730, 1769466615.798, 1769466615.951"
1.0,0,1769466616.921,3.7804,27,32,59,0.1679,0.076,0.0867,1.0,0.0,100.0,1.4427,2.9483,2.9483,4331.2435,1769466622.1597073,0.54,2,371,0.637,32,0,0,10.31,15.0,0,389,1769466615.344,-4.302,meta-llama/Llama-3.2-1B-Instruct,"1769466615.344, 1769466615.648, 1769466615.730, 1769466615.798, 1769466615.951"
1.0,0,1769466617.1013,3.6609,27,32,59,0.0713,0.0876,0.0941,1.0,0.0,100.0,1.4829,2.7322,2.7322,4333.9757,1769466622.252961,0.54,2,372,0.636,31,0,0,10.31,15.0,0,389,1769466615.344,-4.302,meta-llama/Llama-3.2-1B-Instruct,"1769466615.344, 1769466615.648, 1769466615.730, 1769466615.798, 1769466615.951"
1.0,0,1769466617.3653,3.4535,27,32,59,0.1347,0.0755,0.0762,1.0,0.0,100.0,1.4723,2.5882,2.5882,4336.5639,1769466622.2991834,0.54,2,373,0.637,32,0,0,10.31,15.0,0,389,1769466615.344,-4.302,meta-llama/Llama-3.2-1B-Instruct,"1769466615.344, 1769466615.648, 1769466615.730, 1769466615.798, 1769466615.951"
1.0,0,1769466617.6234,3.2824,27,32,59,0.0998,0.0785,0.0792,1.0,0.0,100.0,1.4825,2.3822,2.3822,4338.9461,1769466622.398555,0.53,2,374,0.638,33,0,0,10.31,15.0,0,389,1769466615.344,-4.302,meta-llama/Llama-3.2-1B-Instruct,"1769466615.344, 1769466615.648, 1769466615.730, 1769466615.798, 1769466615.951"
1.0,0,1769466617.8451,3.1822,27,32,59,0.1454,0.0803,0.0833,1.0,0.0,100.0,1.4735,2.3275,2.3275,4341.2737,1769466622.5048137,0.53,2,375,0.637,32,0,0,10.31,15.0,0,389,1769466615.344,-4.302,meta-llama/Llama-3.2-1B-Instruct,"1769466615.344, 1769466615.648, 1769466615.730, 1769466615.798, 1769466615.951"
1.0,0,1769466618.0282,3.0662,27,32,59,0.097,0.0643,0.0829,1.0,0.0,100.0,1.4721,2.1632,2.1632,4343.4368,1769466622.5809932,0.53,2,376,0.637,31,1,0,10.31,15.0,0,389,1769466615.344,-4.302,meta-llama/Llama-3.2-1B-Instruct,"1769466615.344, 1769466615.648, 1769466615.730, 1769466615.798, 1769466615.951"
1.0,0,1769466618.1328,3.028,27,32,59,0.127,0.0721,0.0877,1.0,0.0,100.0,1.4749,2.155,2.155,4345.5918,1769466622.6376657,0.53,2,377,0.638,33,0,0,10.31,15.0,0,389,1769466615.344,-4.302,meta-llama/Llama-3.2-1B-Instruct,"1769466615.344, 1769466615.648, 1769466615.730, 1769466615.798, 1769466615.951"
1.0,0,1769466618.3483,3.0527,27,32,59,0.1025,0.0963,0.0966,1.0,0.0,100.0,1.4555,2.1552,2.1552,4350.0603,1769466622.8633533,0.53,2,379,0.639,31,1,0,10.31,15.0,0,389,1769466615.344,-4.302,meta-llama/Llama-3.2-1B-Instruct,"1769466615.344, 1769466615.648, 1769466615.730, 1769466615.798, 1769466615.951"
1.0,0,1769466618.1627,3.1482,27,32,59,0.165,0.0791,0.0858,1.0,0.0,100.0,1.5178,2.3132,2.3132,4350.0603,1769466622.8651938,0.53,2,379,0.638,31,0,0,10.31,15.0,0,389,1769466615.344,-4.302,meta-llama/Llama-3.2-1B-Instruct,"1769466615.344, 1769466615.648, 1769466615.730, 1769466615.798, 1769466615.951"
1.0,0,1769466618.5371,2.9273,27,32,59,0.1314,0.0805,0.0883,1.0,0.0,100.0,1.458,2.0587,2.0587,4353.6257,1769466622.9330828,0.53,2,381,0.638,30,0,0,10.31,15.0,0,389,1769466615.344,-4.302,meta-llama/Llama-3.2-1B-Instruct,"1769466615.344, 1769466615.648, 1769466615.730, 1769466615.798, 1769466615.951"
1.0,0,1769466619.6435,2.4041,27,17,44,0.1027,0.0689,0.0689,1.0,0.0,100.0,0.8805,1.5067,1.5067,4353.6257,1769466622.9382038,0.52,2,381,0.64,30,0,0,10.31,15.0,0,389,1769466615.344,-4.302,meta-llama/Llama-3.2-1B-Instruct,"1769466615.344, 1769466615.648, 1769466615.730, 1769466615.798, 1769466615.951"
1.0,0,1769466620.9294,1.879,27,0,27,,,,1.0,,,0.1361,1.0151,1.0151,4354.6408,1769466622.9507215,0.52,2,382,0.644,32,0,0,10.31,15.0,0,389,1769466615.344,-4.302,meta-llama/Llama-3.2-1B-Instruct,"1769466615.344, 1769466615.648, 1769466615.730, 1769466615.798, 1769466615.951"
1.0,0,1769466618.5704,2.9705,27,32,59,0.0875,0.0953,0.0957,1.0,0.0,100.0,1.4495,2.058,2.058,4356.6988,1769466623.0000565,0.52,2,383,0.639,30,0,0,10.31,15.0,0,389,1769466615.344,-4.302,meta-llama/Llama-3.2-1B-Instruct,"1769466615.344, 1769466615.648, 1769466615.730, 1769466615.798, 1769466615.951"
1.0,0,1769466618.6842,2.9966,27,32,59,0.0808,0.0763,0.12,1.0,0.0,100.0,1.4438,2.0774,2.0774,4358.7762,1769466623.1265383,0.52,2,384,0.638,29,0,0,10.31,15.0,0,389,1769466615.344,-4.302,meta-llama/Llama-3.2-1B-Instruct,"1769466615.344, 1769466615.648, 1769466615.730, 1769466615.798, 1769466615.951"
1.0,0,1769466618.9421,2.8396,27,32,59,0.1076,0.0868,0.1028,1.0,0.0,100.0,1.4365,1.9472,1.9472,4360.7235,1769466623.2275016,0.52,2,385,0.638,29,0,0,10.31,15.0,0,389,1769466615.344,-4.302,meta-llama/Llama-3.2-1B-Instruct,"1769466615.344, 1769466615.648, 1769466615.730, 1769466615.798, 1769466615.951"
1.0,0,1769466619.2941,2.5656,27,32,59,0.1215,0.0745,0.0899,1.0,0.0,100.0,1.5007,1.6871,1.6871,4362.4106,1769466623.3755639,0.52,2,386,0.639,30,0,0,10.31,15.0,0,389,1769466615.344,-4.302,meta-llama/Llama-3.2-1B-Instruct,"1769466615.344, 1769466615.648, 1769466615.730, 1769466615.798, 1769466615.951"
1.0,0,1769466619.5287,2.4787,27,32,59,0.1406,0.0744,0.0782,1.0,0.0,100.0,1.4463,1.6194,1.6194,4364.03,1769466623.4679737,0.52,2,387,0.64,30,0,0,10.31,15.0,0,389,1769466615.344,-4.302,meta-llama/Llama-3.2-1B-Instruct,"1769466615.344, 1769466615.648, 1769466615.730, 1769466615.798, 1769466615.951"
1.0,0,1769466619.8932,2.2253,27,32,59,0.1294,0.0789,0.0876,1.0,0.0,100.0,1.475,1.3548,1.3548,4365.3847,1769466623.6322238,0.52,2,388,0.641,32,0,0,10.31,15.0,0,389,1769466615.344,-4.302,meta-llama/Llama-3.2-1B-Instruct,"1769466615.344, 1769466615.648, 1769466615.730, 1769466615.798, 1769466615.951"
1.0,0,1769466620.0327,2.2882,27,32,59,0.0728,0.0788,0.086,1.0,0.0,100.0,1.4201,1.361,1.361,4368.1373,1769466623.756262,0.77,3,391,0.641,30,0,0,10.31,15.0,0,389,1769466615.344,-4.302,meta-llama/Llama-3.2-1B-Instruct,"1769466615.344, 1769466615.648, 1769466615.730, 1769466615.798, 1769466615.951"
1.0,0,1769466619.9932,2.2598,27,32,59,0.1318,0.0732,0.0894,1.0,0.0,100.0,1.481,1.3916,1.3916,4368.1373,1769466623.7656605,0.77,3,391,0.641,31,0,0,10.31,15.0,0,389,1769466615.344,-4.302,meta-llama/Llama-3.2-1B-Instruct,"1769466615.344, 1769466615.648, 1769466615.730, 1769466615.798, 1769466615.951"
200.0,1,1769466579.3238,0.032,4467,838,5305,8.4656,0.0755,0.0951,200.0,0.0,100.0,44.3703,-155.5977,0.0,4368.1373,1769466623.7698216,0.77,3,391,0.0,0,0,0,6.35,15.0,0,389,1769466615.344,-4.302,meta-llama/Llama-3.2-1B-Instruct,"1769466615.344, 1769466615.648, 1769466615.730, 1769466615.798, 1769466615.951"
1.0,0,1769466620.1412,2.2349,27,32,59,0.1151,0.1,0.101,1.0,0.0,100.0,1.4675,1.35,1.35,4369.4873,1769466623.8445477,0.77,3,392,0.642,31,0,0,10.31,15.0,0,389,1769466615.344,-4.302,meta-llama/Llama-3.2-1B-Instruct,"1769466615.344, 1769466615.648, 1769466615.730, 1769466615.798, 1769466615.951"
1.0,0,1769466620.2254,2.2817,27,32,59,0.083,0.09,0.0951,1.0,0.0,100.0,1.4349,1.3647,1.3647,4370.852,1769466623.94902,0.76,3,393,0.642,31,0,0,10.31,15.0,0,389,1769466615.344,-4.302,meta-llama/Llama-3.2-1B-Instruct,"1769466615.344, 1769466615.648, 1769466615.730, 1769466615.798, 1769466615.951"
1.0,0,1769466620.7342,1.862,27,32,59,0.1353,0.0754,0.0785,1.0,0.0,100.0,1.4565,0.9973,0.9973,4371.8493,1769466624.0569556,0.76,3,394,0.642,31,0,0,10.31,15.0,0,389,1769466615.344,-4.302,meta-llama/Llama-3.2-1B-Instruct,"1769466615.344, 1769466615.648, 1769466615.730, 1769466615.798, 1769466615.951"
1.0,0,1769466620.7952,1.878,27,32,59,0.0653,0.0863,0.093,1.0,0.0,100.0,1.4387,0.9434,0.9434,4372.7927,1769466624.113881,0.76,3,395,0.642,30,1,0,10.31,15.0,0,389,1769466615.344,-4.302,meta-llama/Llama-3.2-1B-Instruct,"1769466615.344, 1769466615.648, 1769466615.730, 1769466615.798, 1769466615.951"
1.0,0,1769466620.8735,1.8518,27,32,59,0.1363,0.0772,0.0897,1.0,0.0,100.0,1.4483,0.9882,0.9882,4373.7808,1769466624.1752205,0.76,3,396,0.643,32,0,0,10.31,15.0,0,389,1769466615.344,-4.302,meta-llama/Llama-3.2-1B-Instruct,"1769466615.344, 1769466615.648, 1769466615.730, 1769466615.798, 1769466615.951"
1.0,0,1769466621.11,1.7868,27,32,59,0.1117,0.0826,0.0974,1.0,0.0,100.0,1.4743,0.8985,0.8985,4374.6794,1769466624.379069,0.76,3,397,0.644,31,0,0,10.31,15.0,0,389,1769466615.344,-4.302,meta-llama/Llama-3.2-1B-Instruct,"1769466615.344, 1769466615.648, 1769466615.730, 1769466615.798, 1769466615.951"
1.0,0,1769466621.3567,1.6676,27,32,59,0.0881,0.31,0.6673,1.0,0.0,100.0,2.3274,0.7557,0.7557,4375.435,1769466625.36041,0.75,3,398,0.643,29,0,0,10.31,15.0,0,389,1769466780.293,155.637,meta-llama/Llama-3.2-1B-Instruct,"1769466780.293, 1769466780.325, 1769466780.357, 1769466780.392, 1769466780.423"
1.0,0,1769466621.9313,1.1661,27,32,59,0.0889,0.6634,1.0754,1.0,0.0754,99.74,3.3556,0.255,0.255,4375.6901,1769466626.4612741,0.75,3,399,0.644,30,0,0,10.31,15.0,0,389,1769466780.293,155.637,meta-llama/Llama-3.2-1B-Instruct,"1769466780.293, 1769466780.325, 1769466780.357, 1769466780.392, 1769466780.423"
1.0,0,1769466622.0771,1.0678,27,32,59,0.0709,0.6602,1.0767,1.0,0.0767,99.49,3.3789,0.1387,0.1387,4375.8287,1769466626.5301545,0.75,3,400,0.643,29,0,0,10.31,15.0,0,389,1769466780.293,155.637,meta-llama/Llama-3.2-1B-Instruct,"1769466780.293, 1769466780.325, 1769466780.357, 1769466780.392, 1769466780.423"
1.0,0,1769466622.1912,1.0715,27,32,59,0.094,0.6666,1.0715,1.0,0.0715,99.23,3.4405,0.1655,0.1655,4375.9942,1769466626.7233286,0.75,3,401,0.644,30,0,0,10.31,15.0,0,389,1769466780.293,155.637,meta-llama/Llama-3.2-1B-Instruct,"1769466780.293, 1769466780.325, 1769466780.357, 1769466780.392, 1769466780.423"
1.0,0,1769466622.6493,0.675,27,32,59,0.1174,0.6716,1.0724,1.0,0.0724,98.98,3.518,-0.2076,0.0,4375.9942,1769466626.846783,1.0,4,402,0.645,30,0,0,10.31,15.0,0,389,1769466780.293,155.637,meta-llama/Llama-3.2-1B-Instruct,"1769466780.293, 1769466780.325, 1769466780.357, 1769466780.392, 1769466780.423"
1.0,0,1769466622.6788,0.7837,27,32,59,0.1209,0.6583,1.0681,1.0,0.0681,98.73,3.4837,-0.0955,0.0,4375.9942,1769466626.9634435,1.24,5,403,0.645,31,0,0,10.31,15.0,0,389,1769466780.293,155.637,meta-llama/Llama-3.2-1B-Instruct,"1769466780.293, 1769466780.325, 1769466780.357, 1769466780.392, 1769466780.423"
1.0,0,1769466623.0474,0.4703,27,32,59,0.1076,0.6748,1.051,1.0,0.051,98.48,3.5102,-0.4221,0.0,4375.9942,1769466627.0331306,1.49,6,404,0.645,30,0,0,10.31,15.0,0,389,1769466780.293,155.637,meta-llama/Llama-3.2-1B-Instruct,"1769466780.293, 1769466780.325, 1769466780.357, 1769466780.392, 1769466780.423"
1.0,0,1769466623.2388,0.3174,27,32,59,0.1695,0.6676,1.0677,1.0,0.0677,98.23,3.5328,-0.5131,0.0,4375.9942,1769466627.0994215,1.73,7,405,0.646,31,1,0,10.31,15.0,0,389,1769466780.293,155.637,meta-llama/Llama-3.2-1B-Instruct,"1769466780.293, 1769466780.325, 1769466780.357, 1769466780.392, 1769466780.423"
1.0,0,1769466623.3032,0.3525,27,32,59,0.0725,0.6622,1.0767,1.0,0.0767,97.98,3.497,-0.5749,0.0,4375.9942,1769466627.1594398,1.97,8,406,0.647,31,1,0,10.31,15.0,0,389,1769466780.293,155.637,meta-llama/Llama-3.2-1B-Instruct,"1769466780.293, 1769466780.325, 1769466780.357, 1769466780.392, 1769466780.423"
1.0,0,1769466623.4816,0.2318,27,32,59,0.1026,0.6516,1.0962,1.0,0.0962,97.73,3.5499,-0.6656,0.0,4375.9942,1769466627.277802,2.21,9,407,0.597,31,0,0,10.31,15.0,0,389,1769466780.293,155.637,meta-llama/Llama-3.2-1B-Instruct,"1769466780.293, 1769466780.325, 1769466780.357, 1769466780.392, 1769466780.423"
1.0,0,1769466623.5314,0.3064,27,32,59,0.1332,0.6532,1.0755,1.0,0.0755,97.49,3.5743,-0.5603,0.0,4375.9942,1769466627.4326534,2.45,10,408,0.597,31,0,0,10.31,15.0,0,389,1769466780.293,155.637,meta-llama/Llama-3.2-1B-Instruct,"1769466780.293, 1769466780.325, 1769466780.357, 1769466780.392, 1769466780.423"
1.0,0,1769466623.6304,0.2719,27,32,59,0.0958,0.6684,1.0762,1.0,0.0762,97.24,3.5313,-0.6322,0.0,4375.9942,1769466627.447574,2.69,11,409,0.597,30,1,0,10.31,15.0,0,389,1769466780.293,155.637,meta-llama/Llama-3.2-1B-Instruct,"1769466780.293, 1769466780.325, 1769466780.357, 1769466780.392, 1769466780.423"
1.0,0,1769466623.7796,0.3011,27,32,59,0.0692,0.663,1.0706,1.0,0.0706,97.0,3.5556,-0.6297,0.0,4375.9942,1769466627.6555295,3.16,13,411,0.597,30,0,0,10.31,15.0,0,389,1769466780.293,155.637,meta-llama/Llama-3.2-1B-Instruct,"1769466780.293, 1769466780.325, 1769466780.357, 1769466780.392, 1769466780.423"
1.0,0,1769466623.6686,0.3445,27,32,59,0.1343,0.6724,1.0738,1.0,0.0738,96.76,3.616,-0.5212,0.0,4375.9942,1769466627.6569371,2.93,13,411,0.597,31,0,0,10.31,15.0,0,389,1769466780.293,155.637,meta-llama/Llama-3.2-1B-Instruct,"1769466780.293, 1769466780.325, 1769466780.357, 1769466780.392, 1769466780.423"
1.0,0,1769466623.8556,0.34,27,32,59,0.1626,0.6633,1.0703,1.0,0.0703,96.52,3.639,-0.4974,0.0,4375.9942,1769466627.8443208,3.4,14,412,0.598,30,0,0,10.31,15.0,0,389,1769466780.293,155.637,meta-llama/Llama-3.2-1B-Instruct,"1769466780.293, 1769466780.325, 1769466780.357, 1769466780.392, 1769466780.423"
1.0,0,1769466624.381,0.0635,27,32,59,0.8986,0.0865,1.0716,1.0,0.0716,96.28,3.5045,-0.0379,0.0,4375.9942,1769466627.957955,3.63,15,413,0.625,31,0,0,10.31,15.0,0,389,1769466780.293,155.637,meta-llama/Llama-3.2-1B-Instruct,"1769466780.293, 1769466780.325, 1769466780.357, 1769466780.392, 1769466780.423"
1.0,0,1769466624.2958,0.1162,27,32,59,0.9318,0.0852,1.0699,1.0,0.0699,96.04,3.5568,0.048,0.048,4376.1652,1769466627.9731598,3.62,15,415,0.625,31,0,0,10.31,15.0,0,389,1769466780.293,155.637,meta-llama/Llama-3.2-1B-Instruct,"1769466780.293, 1769466780.325, 1769466780.357, 1769466780.392, 1769466780.423"
1.0,0,1769466624.239,0.1147,27,32,59,1.0084,0.1019,1.0751,1.0,0.0751,95.8,3.6187,0.123,0.123,4376.1652,1769466627.9735148,3.61,15,415,0.625,31,0,0,10.31,15.0,0,389,1769466780.293,155.637,meta-llama/Llama-3.2-1B-Instruct,"1769466780.293, 1769466780.325, 1769466780.357, 1769466780.392, 1769466780.423"
1.0,0,1769466624.5643,0.1279,27,32,59,1.7145,0.0814,0.0846,1.0,0.0,95.81,3.3011,0.8424,0.8424,4377.0077,1769466628.0141118,3.61,15,416,0.625,31,0,0,10.31,15.0,0,389,1769466780.293,155.637,meta-llama/Llama-3.2-1B-Instruct,"1769466780.293, 1769466780.325, 1769466780.357, 1769466780.392, 1769466780.423"
1.0,0,1769466624.7273,0.7607,27,32,59,0.9686,0.0734,0.0755,1.0,0.0,95.82,2.5361,0.7293,0.7293,4377.737,1769466628.033995,3.6,15,417,0.766,39,0,0,10.31,15.0,0,389,1769466780.293,155.637,meta-llama/Llama-3.2-1B-Instruct,"1769466780.293, 1769466780.325, 1769466780.357, 1769466780.392, 1769466780.423"
1.0,0,1769466625.216,1.9435,27,16,43,0.1377,0.0802,0.0802,1.0,0.0,95.83,0.9384,1.0812,1.0812,4378.8182,1769466628.1013443,3.59,15,418,0.768,36,0,0,10.31,15.0,0,389,1769466780.293,155.637,meta-llama/Llama-3.2-1B-Instruct,"1769466780.293, 1769466780.325, 1769466780.357, 1769466780.392, 1769466780.423"
1.0,0,1769466624.8437,1.7606,27,29,56,0.1179,0.0871,0.1097,1.0,0.0,95.84,1.5978,0.8785,0.8785,4379.6967,1769466628.2182648,3.58,15,419,0.766,38,0,0,10.31,15.0,0,389,1769466780.293,155.637,meta-llama/Llama-3.2-1B-Instruct,"1769466780.293, 1769466780.325, 1769466780.357, 1769466780.392, 1769466780.423"
1.0,0,1769466625.8798,2.2352,27,0,27,,,,1.0,,,0.1252,1.3603,1.3603,4381.0571,1769466628.2461474,3.57,15,420,0.77,33,0,0,10.31,15.0,0,389,1769466780.293,155.637,meta-llama/Llama-3.2-1B-Instruct,"1769466780.293, 1769466780.325, 1769466780.357, 1769466780.392, 1769466780.423"
1.0,0,1769466624.8668,1.8498,27,32,59,0.1182,0.0815,0.0936,1.0,0.0,95.85,1.6983,0.968,0.968,4382.0251,1769466628.4290044,3.56,15,421,0.767,38,0,0,10.31,15.0,0,389,1769466780.293,155.637,meta-llama/Llama-3.2-1B-Instruct,"1769466780.293, 1769466780.325, 1769466780.357, 1769466780.392, 1769466780.423"
1.0,0,1769466626.2385,2.0917,27,1,28,0.0921,,,1.0,,,0.1647,1.1838,1.1838,4383.2089,1769466628.5038977,3.55,15,422,0.771,34,0,0,10.31,15.0,0,389,1769466780.293,155.637,meta-llama/Llama-3.2-1B-Instruct,"1769466780.293, 1769466780.325, 1769466780.357, 1769466780.392, 1769466780.423"
1.0,0,1769466624.8923,2.0253,27,32,59,0.1366,0.0793,0.0852,1.0,0.0,95.86,1.6651,1.1619,1.1619,4384.3708,1769466628.6018524,3.55,15,423,0.768,38,0,0,10.31,15.0,0,389,1769466780.293,155.637,meta-llama/Llama-3.2-1B-Instruct,"1769466780.293, 1769466780.325, 1769466780.357, 1769466780.392, 1769466780.423"
1.0,0,1769466625.0001,1.9881,27,32,59,0.095,0.0905,0.118,1.0,0.0,95.87,1.6758,1.0831,1.0831,4385.4539,1769466628.673667,3.54,15,424,0.768,37,1,0,10.31,15.0,0,389,1769466780.293,155.637,meta-llama/Llama-3.2-1B-Instruct,"1769466780.293, 1769466780.325, 1769466780.357, 1769466780.392, 1769466780.423"
1.0,0,1769466625.2783,1.9561,27,32,59,0.1002,0.0856,0.102,1.0,0.0,95.88,1.6081,1.0563,1.0563,4386.5103,1769466628.860563,3.53,15,425,0.768,36,0,0,10.31,15.0,0,389,1769466780.293,155.637,meta-llama/Llama-3.2-1B-Instruct,"1769466780.293, 1769466780.325, 1769466780.357, 1769466780.392, 1769466780.423"
1.0,0,1769466625.3037,2.0265,27,32,59,0.1114,0.0886,0.0995,1.0,0.0,95.89,1.6266,1.1378,1.1378,4387.6481,1769466628.9684489,3.52,15,426,0.769,37,0,0,10.31,15.0,0,389,1769466780.293,155.637,meta-llama/Llama-3.2-1B-Instruct,"1769466780.293, 1769466780.325, 1769466780.357, 1769466780.392, 1769466780.423"
1.0,0,1769466625.3314,2.1368,27,30,57,0.1582,0.0951,0.1131,1.0,0.0,95.9,1.6664,1.2951,1.2951,4390.0222,1769466629.1444883,3.51,15,428,0.769,36,0,0,10.31,15.0,0,389,1769466780.293,155.637,meta-llama/Llama-3.2-1B-Instruct,"1769466780.293, 1769466780.325, 1769466780.357, 1769466780.392, 1769466780.423"
1.0,0,1769466625.5579,1.9631,27,32,59,0.116,0.0886,0.092,1.0,0.0,95.91,1.6223,1.0791,1.0791,4390.0222,1769466629.1512814,3.5,15,428,0.77,36,0,0,10.31,15.0,0,389,1769466780.293,155.637,meta-llama/Llama-3.2-1B-Instruct,"1769466780.293, 1769466780.325, 1769466780.357, 1769466780.392, 1769466780.423"
1.0,0,1769466625.5835,2.0135,27,32,59,0.1521,0.0954,0.1231,1.0,0.0,95.92,1.6145,1.1655,1.1655,4391.1878,1769466629.225497,3.5,15,429,0.77,37,0,0,10.31,15.0,0,389,1769466780.293,155.637,meta-llama/Llama-3.2-1B-Instruct,"1769466780.293, 1769466780.325, 1769466780.357, 1769466780.392, 1769466780.423"
1.0,0,1769466625.6492,2.0284,27,32,59,0.092,0.0894,0.0897,1.0,0.0,95.93,1.6204,1.1204,1.1204,4392.3081,1769466629.3039281,3.49,15,430,0.77,36,0,0,10.31,15.0,0,389,1769466780.293,155.637,meta-llama/Llama-3.2-1B-Instruct,"1769466780.293, 1769466780.325, 1769466780.357, 1769466780.392, 1769466780.423"
1.0,0,1769466625.76,2.1034,27,32,59,0.1243,0.0879,0.1279,1.0,0.0,95.94,1.6094,1.2277,1.2277,4393.5358,1769466629.4800234,3.48,15,431,0.771,37,0,0,10.31,15.0,0,389,1769466780.293,155.637,meta-llama/Llama-3.2-1B-Instruct,"1769466780.293, 1769466780.325, 1769466780.357, 1769466780.392, 1769466780.423"
1.0,0,1769466625.7849,2.1459,27,32,59,0.1016,0.1022,0.1231,1.0,0.0,95.95,1.6061,1.2475,1.2475,4394.7833,1769466629.5449677,3.47,15,432,0.772,37,0,0,10.31,15.0,0,389,1769466780.293,155.637,meta-llama/Llama-3.2-1B-Instruct,"1769466780.293, 1769466780.325, 1769466780.357, 1769466780.392, 1769466780.423"
1.0,0,1769466625.8102,2.244,27,32,59,0.1394,0.088,0.0954,1.0,0.0,95.96,1.6458,1.3834,1.3834,4396.1667,1769466629.7017677,3.46,15,433,0.77,34,0,0,10.31,15.0,0,389,1769466780.293,155.637,meta-llama/Llama-3.2-1B-Instruct,"1769466780.293, 1769466780.325, 1769466780.357, 1769466780.392, 1769466780.423"
1.0,0,1769466626.0832,2.098,27,32,59,0.1309,0.098,0.0981,1.0,0.0,95.97,1.644,1.2289,1.2289,4397.3956,1769466629.8342087,3.46,15,434,0.77,34,0,0,10.31,15.0,0,439,1769466630.107,0.394,meta-llama/Llama-3.2-1B-Instruct,"1769466630.107, 1769466630.237, 1769466630.482, 1769466630.537, 1769466630.623"
1.0,0,1769466626.5589,1.8186,27,32,59,0.1423,0.0866,0.0939,1.0,0.0,95.98,1.6552,0.9608,0.9608,4398.3564,1769466630.036171,3.45,15,435,0.771,34,0,0,10.31,15.0,0,439,1769466630.107,0.394,meta-llama/Llama-3.2-1B-Instruct,"1769466630.107, 1769466630.237, 1769466630.482, 1769466630.537, 1769466630.623"
1.0,0,1769466626.9652,1.5091,27,32,59,0.1514,0.0789,0.0996,1.0,0.0,95.99,1.6788,0.6605,0.6605,4399.0169,1769466630.159678,3.44,15,436,0.772,34,0,0,10.31,15.0,0,439,1769466630.107,0.394,meta-llama/Llama-3.2-1B-Instruct,"1769466630.107, 1769466630.237, 1769466630.482, 1769466630.537, 1769466630.623"
1.0,0,1769466627.1154,1.4516,27,32,59,0.0714,0.0964,0.1357,1.0,0.0,96.0,1.6198,0.523,0.523,4399.5399,1769466630.197249,3.43,15,437,0.772,34,1,0,10.31,15.0,0,439,1769466630.107,0.394,meta-llama/Llama-3.2-1B-Instruct,"1769466630.107, 1769466630.237, 1769466630.482, 1769466630.537, 1769466630.623"
1.0,0,1769466627.3832,1.2329,27,32,59,0.1522,0.095,0.0951,1.0,0.0,96.01,1.6877,0.3851,0.3851,4399.925,1769466630.304745,3.42,15,438,0.773,34,0,0,10.31,15.0,0,439,1769466630.107,0.394,meta-llama/Llama-3.2-1B-Instruct,"1769466630.107, 1769466630.237, 1769466630.482, 1769466630.537, 1769466630.623"
1.0,0,1769466627.4749,1.2304,27,32,59,0.0752,0.0866,0.0905,1.0,0.0,96.02,1.6579,0.3056,0.3056,4400.2306,1769466630.367244,3.42,15,439,0.773,34,0,0,10.31,15.0,0,439,1769466630.107,0.394,meta-llama/Llama-3.2-1B-Instruct,"1769466630.107, 1769466630.237, 1769466630.482, 1769466630.537, 1769466630.623"
1.0,0,1769466627.5442,1.2797,27,32,59,0.1318,0.0827,0.0858,1.0,0.0,96.03,1.6789,0.4115,0.4115,4400.642,1769466630.5071619,3.41,15,440,0.774,36,0,0,10.31,15.0,0,439,1769466630.107,0.394,meta-llama/Llama-3.2-1B-Instruct,"1769466630.107, 1769466630.237, 1769466630.482, 1769466630.537, 1769466630.623"
1.0,0,1769466627.6949,1.183,27,32,59,0.1267,0.093,0.0949,1.0,0.0,96.04,1.6911,0.3096,0.3096,4400.9517,1769466630.571726,3.4,15,441,0.774,35,0,0,10.31,15.0,0,439,1769466630.107,0.394,meta-llama/Llama-3.2-1B-Instruct,"1769466630.107, 1769466630.237, 1769466630.482, 1769466630.537, 1769466630.623"
1.0,0,1769466629.7907,0.6544,27,0,27,,,,1.0,,,0.1644,-0.1812,0.0,4400.9818,1769466630.6146936,3.62,16,443,0.782,38,0,0,10.31,15.0,0,439,1769466630.107,0.394,meta-llama/Llama-3.2-1B-Instruct,"1769466630.107, 1769466630.237, 1769466630.482, 1769466630.537, 1769466630.623"
1.0,0,1769466627.9849,0.9524,27,32,59,0.0778,0.0852,0.086,1.0,0.0,96.05,1.6736,0.0301,0.0301,4400.9818,1769466630.615295,3.61,16,443,0.774,36,1,0,10.31,15.0,0,439,1769466630.107,0.394,meta-llama/Llama-3.2-1B-Instruct,"1769466630.107, 1769466630.237, 1769466630.482, 1769466630.537, 1769466630.623"
1.0,0,1769466628.3559,0.6787,27,32,59,0.0786,0.0794,0.0829,1.0,0.0,96.06,1.6577,-0.2427,0.0,4400.9818,1769466630.7027535,3.83,17,444,0.776,37,0,0,10.31,15.0,0,439,1769466630.107,0.394,meta-llama/Llama-3.2-1B-Instruct,"1769466630.107, 1769466630.237, 1769466630.482, 1769466630.537, 1769466630.623"
1.0,0,1769466628.5427,0.5446,27,32,59,0.1484,0.0768,0.0773,1.0,0.0,96.06,1.7486,-0.3069,0.0,4400.9818,1769466630.8392246,4.04,18,445,0.776,37,0,0,10.31,15.0,0,439,1769466630.107,0.394,meta-llama/Llama-3.2-1B-Instruct,"1769466630.107, 1769466630.237, 1769466630.482, 1769466630.537, 1769466630.623"
1.0,0,1769466628.5733,0.6005,27,32,59,0.1408,0.0753,0.0906,1.0,0.0,96.07,1.7421,-0.2588,0.0,4400.9818,1769466630.9280155,4.26,20,447,0.776,36,1,0,10.31,15.0,0,439,1769466630.107,0.394,meta-llama/Llama-3.2-1B-Instruct,"1769466630.107, 1769466630.237, 1769466630.482, 1769466630.537, 1769466630.623"
1.0,0,1769466630.1177,0.6382,27,1,28,0.1224,,,1.0,,,0.171,-0.2394,0.0,4400.9818,1769466630.9293146,4.47,20,447,0.782,35,0,0,10.31,15.0,0,439,1769466630.107,0.394,meta-llama/Llama-3.2-1B-Instruct,"1769466630.107, 1769466630.237, 1769466630.482, 1769466630.537, 1769466630.623"
1.0,0,1769466628.684,0.657,27,32,59,0.1075,0.0814,0.0855,1.0,0.0,96.08,1.6813,-0.2355,0.0,4400.9818,1769466631.0234916,4.69,21,448,0.777,36,0,0,10.31,15.0,0,439,1769466630.107,0.394,meta-llama/Llama-3.2-1B-Instruct,"1769466630.107, 1769466630.237, 1769466630.482, 1769466630.537, 1769466630.623"
1.0,0,1769466628.7999,0.5796,27,32,59,0.0946,0.0742,0.0787,1.0,0.0,96.09,1.7124,-0.3258,0.0,4400.9818,1769466631.0934303,4.9,22,449,0.777,36,0,0,10.31,15.0,0,439,1769466630.107,0.394,meta-llama/Llama-3.2-1B-Instruct,"1769466630.107, 1769466630.237, 1769466630.482, 1769466630.537, 1769466630.623"
1.0,0,1769466628.8911,0.6485,27,32,59,0.1372,0.0786,0.1034,1.0,0.0,96.1,1.7158,-0.2143,0.0,4400.9818,1769466631.2707865,5.11,23,450,0.778,37,0,0,10.31,15.0,0,439,1769466630.107,0.394,meta-llama/Llama-3.2-1B-Instruct,"1769466630.107, 1769466630.237, 1769466630.482, 1769466630.537, 1769466630.623"
1.0,0,1769466628.9772,0.643,27,32,59,0.0975,0.0783,0.0825,1.0,0.0,96.11,1.7125,-0.2596,0.0,4400.9818,1769466631.3395202,5.32,24,451,0.777,36,0,0,10.31,15.0,0,439,1769466630.107,0.394,meta-llama/Llama-3.2-1B-Instruct,"1769466630.107, 1769466630.237, 1769466630.482, 1769466630.537, 1769466630.623"
1.0,0,1769466629.0607,0.5828,27,32,59,0.1039,0.0867,0.0879,1.0,0.0,96.12,1.7423,-0.3134,0.0,4400.9818,1769466631.3945866,5.53,25,452,0.778,37,1,0,10.31,15.0,0,439,1769466630.107,0.394,meta-llama/Llama-3.2-1B-Instruct,"1769466630.107, 1769466630.237, 1769466630.482, 1769466630.537, 1769466630.623"
1.0,0,1769466629.1071,0.7302,27,32,59,0.1628,0.0846,0.0878,1.0,0.0,96.13,1.7671,-0.107,0.0,4400.9818,1769466631.6056268,5.74,26,453,0.779,37,0,0,10.31,15.0,0,439,1769466630.107,0.394,meta-llama/Llama-3.2-1B-Instruct,"1769466630.107, 1769466630.237, 1769466630.482, 1769466630.537, 1769466630.623"
1.0,0,1769466629.2367,0.6662,27,32,59,0.105,0.0803,0.0873,1.0,0.0,96.14,1.7312,-0.2288,0.0,4400.9818,1769466631.6425533,5.95,27,454,0.779,37,1,0,10.31,15.0,0,439,1769466630.107,0.394,meta-llama/Llama-3.2-1B-Instruct,"1769466630.107, 1769466630.237, 1769466630.482, 1769466630.537, 1769466630.623"
1.0,0,1769466629.4823,0.5645,27,32,59,0.1208,0.0786,0.0787,1.0,0.0,96.15,1.7495,-0.3147,0.0,4400.9818,1769466631.802597,6.15,28,455,0.781,38,0,0,10.31,15.0,0,439,1769466630.107,0.394,meta-llama/Llama-3.2-1B-Instruct,"1769466630.107, 1769466630.237, 1769466630.482, 1769466630.537, 1769466630.623"
1.0,0,1769466629.5371,0.653,27,32,59,0.089,0.0869,0.3015,1.0,0.0,96.15,2.003,-0.258,0.0,4400.9818,1769466632.1937852,6.36,29,456,0.781,38,0,0,10.31,15.0,0,439,1769466630.107,0.394,meta-llama/Llama-3.2-1B-Instruct,"1769466630.107, 1769466630.237, 1769466630.482, 1769466630.537, 1769466630.623"
1.0,0,1769466629.6234,0.6604,27,32,59,0.1061,0.3209,1.2525,1.0,0.2525,95.94,3.1863,-0.2335,0.0,4400.9818,1769466633.492711,6.56,31,458,0.782,38,0,0,10.31,15.0,0,439,1769466630.107,0.394,meta-llama/Llama-3.2-1B-Instruct,"1769466630.107, 1769466630.237, 1769466630.482, 1769466630.537, 1769466630.623"
1.0,0,1769466630.4752,0.6205,27,15,42,0.1244,1.2669,1.2669,1.0,0.2669,95.72,2.3901,-0.2552,0.0,4400.9818,1769466633.495554,6.77,31,458,0.783,35,0,0,10.31,15.0,0,439,1769466630.107,0.394,meta-llama/Llama-3.2-1B-Instruct,"1769466630.107, 1769466630.237, 1769466630.482, 1769466630.537, 1769466630.623"
1.0,0,1769466629.7108,0.6185,27,32,59,0.1055,0.3301,1.2523,1.0,0.2523,95.51,3.2189,-0.2761,0.0,4400.9818,1769466633.5551012,6.97,32,459,0.781,37,0,0,10.31,15.0,0,439,1769466630.107,0.394,meta-llama/Llama-3.2-1B-Instruct,"1769466630.107, 1769466630.237, 1769466630.482, 1769466630.537, 1769466630.623"
1.0,0,1769466629.9224,0.6033,27,32,59,0.127,0.3232,1.2519,1.0,0.2519,95.29,3.2801,-0.2697,0.0,4400.9818,1769466633.816619,7.17,33,460,0.782,37,1,0,10.31,15.0,0,439,1769466630.107,0.394,meta-llama/Llama-3.2-1B-Instruct,"1769466630.107, 1769466630.237, 1769466630.482, 1769466630.537, 1769466630.623"
1.0,0,1769466630.0605,0.7045,27,32,59,0.098,0.3214,1.267,1.0,0.267,95.08,3.2438,-0.1975,0.0,4400.9818,1769466634.0214438,7.38,34,461,0.782,36,0,0,10.31,15.0,0,439,1769466630.107,0.394,meta-llama/Llama-3.2-1B-Instruct,"1769466630.107, 1769466630.237, 1769466630.482, 1769466630.537, 1769466630.623"
1.0,0,1769466630.1986,0.6047,27,32,59,0.1227,0.3278,1.244,1.0,0.244,94.87,3.2799,-0.2726,0.0,4400.9818,1769466634.0940359,7.58,35,462,0.782,35,0,0,10.31,15.0,0,439,1769466630.107,0.394,meta-llama/Llama-3.2-1B-Instruct,"1769466630.107, 1769466630.237, 1769466630.482, 1769466630.537, 1769466630.623"
1.0,0,1769466630.2268,0.6673,27,32,59,0.1029,0.3199,1.2528,1.0,0.2528,94.65,3.3053,-0.2298,0.0,4400.9818,1769466634.206643,7.78,36,463,0.782,35,0,0,10.31,15.0,0,439,1769466630.107,0.394,meta-llama/Llama-3.2-1B-Instruct,"1769466630.107, 1769466630.237, 1769466630.482, 1769466630.537, 1769466630.623"
1.0,0,1769466630.3071,0.7108,27,32,59,0.0991,0.327,1.2407,1.0,0.2407,94.44,3.2931,-0.19,0.0,4400.9818,1769466634.3135793,7.97,37,464,0.783,36,0,0,10.31,15.0,0,439,1769466630.107,0.394,meta-llama/Llama-3.2-1B-Instruct,"1769466630.107, 1769466630.237, 1769466630.482, 1769466630.537, 1769466630.623"
1.0,0,1769466630.5407,0.6285,27,32,59,0.0824,0.321,1.2535,1.0,0.2535,94.24,3.3292,-0.2891,0.0,4400.9818,1769466634.5103352,8.17,38,465,0.783,35,0,0,10.31,15.0,0,439,1769466630.107,0.394,meta-llama/Llama-3.2-1B-Instruct,"1769466630.107, 1769466630.237, 1769466630.482, 1769466630.537, 1769466630.623"
1.0,0,1769466630.6276,0.6804,27,32,59,0.1183,0.3333,1.2489,1.0,0.2489,94.03,3.3374,-0.2013,0.0,4400.9818,1769466634.65167,8.37,39,466,0.784,35,0,0,10.31,15.0,0,439,1769466630.107,0.394,meta-llama/Llama-3.2-1B-Instruct,"1769466630.107, 1769466630.237, 1769466630.482, 1769466630.537, 1769466630.623"
1.0,0,1769466630.7083,0.7225,27,32,59,0.1593,0.3109,1.2578,1.0,0.2578,93.82,3.4014,-0.1182,0.0,4400.9818,1769466634.8334038,8.57,40,467,0.784,35,0,0,10.31,15.0,0,494,1769466633.792,-0.935,meta-llama/Llama-3.2-1B-Instruct,"1769466633.792, 1769466633.818, 1769466633.847, 1769466633.873, 1769466633.899"
1.0,0,1769466630.8525,0.6474,27,32,59,0.1402,0.3287,1.2519,1.0,0.2519,93.61,3.4036,-0.2124,0.0,4400.9818,1769466634.9103959,8.76,41,468,0.785,35,1,0,10.31,15.0,0,494,1769466633.792,-0.935,meta-llama/Llama-3.2-1B-Instruct,"1769466633.792, 1769466633.818, 1769466633.847, 1769466633.873, 1769466633.899"
1.0,0,1769466630.9504,0.6212,27,32,59,0.0779,0.3175,1.252,1.0,0.252,93.41,3.3642,-0.3009,0.0,4400.9818,1769466634.9416387,8.96,42,469,0.785,36,1,0,10.31,15.0,0,494,1769466633.792,-0.935,meta-llama/Llama-3.2-1B-Instruct,"1769466633.792, 1769466633.818, 1769466633.847, 1769466633.873, 1769466633.899"
1.0,0,1769466631.9273,0.3789,27,32,59,1.168,0.0985,0.2742,1.0,0.0,93.42,3.0461,0.547,0.547,4401.5288,1769466635.3626313,9.13,43,471,0.911,39,0,0,10.31,15.0,0,494,1769466633.792,-0.935,meta-llama/Llama-3.2-1B-Instruct,"1769466633.792, 1769466633.818, 1769466633.847, 1769466633.873, 1769466633.899"
1.0,0,1769466631.5293,0.1669,27,32,59,0.1484,0.3423,1.2325,1.0,0.2325,93.22,3.6333,-0.6848,0.0,4401.5288,1769466635.4041047,9.15,43,471,0.786,36,0,0,10.31,15.0,0,494,1769466633.792,-0.935,meta-llama/Llama-3.2-1B-Instruct,"1769466633.792, 1769466633.818, 1769466633.847, 1769466633.873, 1769466633.899"
1.0,0,1769466632.058,1.7702,27,25,52,0.104,0.0859,0.2424,1.0,0.0,93.23,1.6004,0.8742,0.8742,4402.4029,1769466635.4443607,9.11,43,472,0.911,37,1,0,10.31,15.0,0,494,1769466633.792,-0.935,meta-llama/Llama-3.2-1B-Instruct,"1769466633.792, 1769466633.818, 1769466633.847, 1769466633.873, 1769466633.899"
1.0,0,1769466631.9576,1.7408,27,32,59,0.1574,0.102,0.2412,1.0,0.0,93.25,1.9808,0.8982,0.8982,4403.3011,1769466635.6808782,9.09,43,473,0.911,37,0,0,10.31,15.0,0,494,1769466633.792,-0.935,meta-llama/Llama-3.2-1B-Instruct,"1769466633.792, 1769466633.818, 1769466633.847, 1769466633.873, 1769466633.899"
1.0,0,1769466631.984,1.7749,27,32,59,0.151,0.0903,0.2912,1.0,0.0,93.26,1.9692,0.9258,0.9258,4404.227,1769466635.7527626,9.07,43,474,0.911,37,1,0,10.31,15.0,0,494,1769466633.792,-0.935,meta-llama/Llama-3.2-1B-Instruct,"1769466633.792, 1769466633.818, 1769466633.847, 1769466633.873, 1769466633.899"
1.0,0,1769466632.7667,2.0136,27,15,42,0.1515,0.2991,0.2991,1.0,0.0,93.28,1.0521,1.1651,1.1651,4405.3921,1769466635.842023,9.05,43,475,0.916,39,0,0,10.31,15.0,0,494,1769466633.792,-0.935,meta-llama/Llama-3.2-1B-Instruct,"1769466633.792, 1769466633.818, 1769466633.847, 1769466633.873, 1769466633.899"
1.0,0,1769466632.0833,1.9785,27,32,59,0.1416,0.1008,0.2539,1.0,0.0,93.29,1.9475,1.1201,1.1201,4406.5122,1769466636.0184503,9.03,43,476,0.912,37,0,0,10.31,15.0,0,494,1769466633.792,-0.935,meta-llama/Llama-3.2-1B-Instruct,"1769466633.792, 1769466633.818, 1769466633.847, 1769466633.873, 1769466633.899"
1.0,0,1769466632.1484,1.9816,27,32,59,0.0933,0.0908,0.2595,1.0,0.0,93.3,1.908,1.0748,1.0748,4407.587,1769466636.0423293,9.01,43,477,0.912,37,0,0,10.31,15.0,0,494,1769466633.792,-0.935,meta-llama/Llama-3.2-1B-Instruct,"1769466633.792, 1769466633.818, 1769466633.847, 1769466633.873, 1769466633.899"
1.0,0,1769466632.374,1.8983,27,32,59,0.1329,0.0902,0.2637,1.0,0.0,93.32,1.9393,1.0313,1.0313,4408.6183,1769466636.2190745,9.0,43,478,0.914,38,0,0,10.31,15.0,0,494,1769466633.792,-0.935,meta-llama/Llama-3.2-1B-Instruct,"1769466633.792, 1769466633.818, 1769466633.847, 1769466633.873, 1769466633.899"
1.0,0,1769466632.6897,1.7256,27,32,59,0.117,0.0939,0.2496,1.0,0.0,93.33,1.9166,0.8425,0.8425,4409.4608,1769466636.3326914,8.98,43,479,0.913,37,0,0,10.31,15.0,0,494,1769466633.792,-0.935,meta-llama/Llama-3.2-1B-Instruct,"1769466633.792, 1769466633.818, 1769466633.847, 1769466633.873, 1769466633.899"
1.0,0,1769466632.7153,1.744,27,32,59,0.1164,0.0941,0.2393,1.0,0.0,93.35,1.9472,0.8604,0.8604,4410.3212,1769466636.4134955,8.96,43,480,0.914,38,0,0,10.31,15.0,0,494,1769466633.792,-0.935,meta-llama/Llama-3.2-1B-Instruct,"1769466633.792, 1769466633.818, 1769466633.847, 1769466633.873, 1769466633.899"
1.0,0,1769466632.741,1.922,27,32,59,0.0815,0.0896,0.2388,1.0,0.0,93.36,1.891,1.0036,1.0036,4411.3248,1769466636.5741062,8.94,43,481,0.915,38,0,0,10.31,15.0,0,494,1769466633.792,-0.935,meta-llama/Llama-3.2-1B-Instruct,"1769466633.792, 1769466633.818, 1769466633.847, 1769466633.873, 1769466633.899"
200.0,1,1769466579.0195,0.0372,2934,1028,3962,1.867,0.0773,0.1163,200.0,0.0,93.38,57.6727,-142.2902,0.0,4411.3248,1769466636.7445207,9.13,44,482,0.0,0,0,0,6.29,15.0,0,494,1769466633.792,-0.935,meta-llama/Llama-3.2-1B-Instruct,"1769466633.792, 1769466633.818, 1769466633.847, 1769466633.873, 1769466633.899"
1.0,0,1769466633.4455,2.8531,27,6,33,0.1272,0.0768,0.0768,1.0,0.0,93.39,0.5258,1.9802,1.9802,4413.305,1769466636.8345702,9.86,50,489,0.922,38,0,0,10.31,15.0,0,494,1769466633.792,-0.935,meta-llama/Llama-3.2-1B-Instruct,"1769466633.792, 1769466633.818, 1769466633.847, 1769466633.873, 1769466633.899"
200.0,1,1769466579.7051,0.0254,3283,1025,4308,8.0967,0.0801,0.1166,200.0,0.0,93.4,57.0838,-142.8908,0.0,4413.305,1769466636.8474424,9.5,54,493,0.0,0,0,0,6.35,15.0,0,494,1769466633.792,-0.935,meta-llama/Llama-3.2-1B-Instruct,"1769466633.792, 1769466633.818, 1769466633.847, 1769466633.873, 1769466633.899"
200.0,1,1769466579.7357,0.0365,3069,1027,4096,8.0611,0.0796,0.1172,200.0,0.0,93.42,57.0452,-142.9182,0.0,4413.305,1769466636.8524454,9.88,55,494,0.0,0,0,0,6.35,15.0,0,494,1769466633.792,-0.935,meta-llama/Llama-3.2-1B-Instruct,"1769466633.792, 1769466633.818, 1769466633.847, 1769466633.873, 1769466633.899"
200.0,1,1769466579.6053,0.0397,3966,1034,5000,8.1951,0.0802,0.1153,200.0,0.0,93.43,57.17,-142.7903,0.0,4413.305,1769466636.8533077,9.69,55,494,0.0,0,0,0,6.35,15.0,0,494,1769466633.792,-0.935,meta-llama/Llama-3.2-1B-Instruct,"1769466633.792, 1769466633.818, 1769466633.847, 1769466633.873, 1769466633.899"
200.0,1,1769466579.2604,0.038,2938,1030,3968,8.5511,0.0782,0.1082,200.0,0.0,93.45,57.51,-142.4519,0.0,4413.305,1769466636.860452,9.32,55,494,0.0,0,0,0,6.35,15.0,0,494,1769466633.792,-0.935,meta-llama/Llama-3.2-1B-Instruct,"1769466633.792, 1769466633.818, 1769466633.847, 1769466633.873, 1769466633.899"
200.0,1,1769466579.5553,0.0334,3556,1026,4582,8.2403,0.081,0.1109,200.0,0.0,93.46,57.2504,-142.7162,0.0,4413.305,1769466636.861624,10.59,55,494,0.0,0,0,0,6.35,15.0,0,494,1769466633.792,-0.935,meta-llama/Llama-3.2-1B-Instruct,"1769466633.792, 1769466633.818, 1769466633.847, 1769466633.873, 1769466633.899"
200.0,1,1769466579.1597,0.0511,2944,1027,3971,8.626,0.083,0.1198,200.0,0.0,93.47,57.6236,-142.3254,0.0,4413.305,1769466636.869047,10.22,56,495,0.0,0,0,0,6.35,15.0,0,494,1769466633.792,-0.935,meta-llama/Llama-3.2-1B-Instruct,"1769466633.792, 1769466633.818, 1769466633.847, 1769466633.873, 1769466633.899"
200.0,1,1769466579.2898,0.0291,2597,1025,3622,8.5298,0.0788,0.1345,200.0,0.0,93.49,57.5277,-142.4432,0.0,4413.305,1769466636.8722332,10.95,58,497,0.0,0,0,0,6.35,15.0,0,494,1769466633.792,-0.935,meta-llama/Llama-3.2-1B-Instruct,"1769466633.792, 1769466633.818, 1769466633.847, 1769466633.873, 1769466633.899"
200.0,1,1769466579.2244,0.0349,3165,1025,4190,8.5866,0.0831,0.1118,200.0,0.0,93.5,57.5854,-142.3797,0.0,4413.305,1769466636.8771002,10.77,58,497,0.0,0,0,0,6.35,15.0,0,494,1769466633.792,-0.935,meta-llama/Llama-3.2-1B-Instruct,"1769466633.792, 1769466633.818, 1769466633.847, 1769466633.873, 1769466633.899"
200.0,1,1769466579.9793,0.0337,2906,1031,3937,7.8344,0.0843,0.1153,200.0,0.0,93.51,56.8369,-143.1294,0.0,4414.9048,1769466636.8805718,11.13,58,498,0.0,0,0,0,6.35,15.0,0,494,1769466633.792,-0.935,meta-llama/Llama-3.2-1B-Instruct,"1769466633.792, 1769466633.818, 1769466633.847, 1769466633.873, 1769466633.899"
200.0,1,1769466579.666,0.0409,3025,1030,4055,8.1326,0.0778,0.1167,200.0,0.0,93.53,57.1287,-142.8304,0.0,4414.9048,1769466636.8855538,10.41,58,498,0.0,0,0,0,6.35,15.0,0,494,1769466633.792,-0.935,meta-llama/Llama-3.2-1B-Instruct,"1769466633.792, 1769466633.818, 1769466633.847, 1769466633.873, 1769466633.899"
1.0,0,1769466632.7922,2.1884,27,32,59,0.4114,0.0819,0.0862,1.0,0.0,93.54,1.8993,1.5998,1.5998,4414.9048,1769466636.8858063,11.65,58,498,0.916,37,0,0,10.31,15.0,0,494,1769466633.792,-0.935,meta-llama/Llama-3.2-1B-Instruct,"1769466633.792, 1769466633.818, 1769466633.847, 1769466633.873, 1769466633.899"
200.0,1,1769466579.8626,0.0267,3653,1022,4675,7.9434,0.0811,0.1096,200.0,0.0,93.56,56.9771,-142.9962,0.0,4414.9048,1769466636.887871,11.31,58,498,0.0,0,0,0,6.35,15.0,0,494,1769466633.792,-0.935,meta-llama/Llama-3.2-1B-Instruct,"1769466633.792, 1769466633.818, 1769466633.847, 1769466633.873, 1769466633.899"
200.0,1,1769466578.9453,0.1127,3324,1025,4349,8.7685,0.0777,0.1181,200.0,0.0,93.57,57.7752,-142.1121,0.0,4414.9048,1769466636.8883631,10.04,58,498,0.0,0,0,0,6.29,15.0,0,494,1769466633.792,-0.935,meta-llama/Llama-3.2-1B-Instruct,"1769466633.792, 1769466633.818, 1769466633.847, 1769466633.873, 1769466633.899"
200.0,1,1769466579.771,0.0351,4467,1022,5489,8.03,0.0813,0.1204,200.0,0.0,93.58,57.0643,-142.9007,0.0,4414.9048,1769466636.8920352,11.49,58,498,0.0,0,0,0,6.35,15.0,0,494,1769466633.792,-0.935,meta-llama/Llama-3.2-1B-Instruct,"1769466633.792, 1769466633.818, 1769466633.847, 1769466633.873, 1769466633.899"
200.0,1,1769466579.3671,0.0321,3648,1028,4676,8.4474,0.0795,0.1119,200.0,0.0,93.6,57.4716,-142.4963,0.0,4414.9048,1769466636.8926387,11.67,58,498,0.0,0,0,0,6.35,15.0,0,494,1769466633.792,-0.935,meta-llama/Llama-3.2-1B-Instruct,"1769466633.792, 1769466633.818, 1769466633.847, 1769466633.873, 1769466633.899"
1.0,0,1769466632.8183,2.2152,27,32,59,0.3544,0.0897,0.0937,1.0,0.0,93.61,1.8826,1.5695,1.5695,4416.4743,1769466636.937506,11.62,58,499,0.916,37,0,0,10.31,15.0,0,494,1769466633.792,-0.935,meta-llama/Llama-3.2-1B-Instruct,"1769466633.792, 1769466633.818, 1769466633.847, 1769466633.873, 1769466633.899"
1.0,0,1769466632.8469,2.4418,27,32,59,0.245,0.0996,0.1029,1.0,0.0,93.62,1.8174,1.6868,1.6868,4418.1611,1769466637.109049,11.6,58,500,0.917,37,0,0,10.31,15.0,0,494,1769466633.792,-0.935,meta-llama/Llama-3.2-1B-Instruct,"1769466633.792, 1769466633.818, 1769466633.847, 1769466633.873, 1769466633.899"
1.0,0,1769466632.8731,2.7369,27,32,59,0.1037,0.0901,0.1021,1.0,0.0,93.63,1.5865,1.8406,1.8406,4420.0017,1769466637.207364,11.58,58,501,0.918,37,0,0,10.31,15.0,0,494,1769466633.792,-0.935,meta-llama/Llama-3.2-1B-Instruct,"1769466633.792, 1769466633.818, 1769466633.847, 1769466633.873, 1769466633.899"
1.0,0,1769466632.8994,2.7401,27,32,59,0.0962,0.0874,0.0878,1.0,0.0,93.65,1.5956,1.8363,1.8363,4421.838,1769466637.244822,11.55,58,502,0.918,37,0,0,10.31,15.0,0,494,1769466633.792,-0.935,meta-llama/Llama-3.2-1B-Instruct,"1769466633.792, 1769466633.818, 1769466633.847, 1769466633.873, 1769466633.899"
1.0,0,1769466633.0459,2.6544,27,32,59,0.1771,0.0816,0.0936,1.0,0.0,93.66,1.6166,1.8316,1.8316,4423.6696,1769466637.3211641,11.53,58,503,0.919,37,0,0,10.31,15.0,0,494,1769466633.792,-0.935,meta-llama/Llama-3.2-1B-Instruct,"1769466633.792, 1769466633.818, 1769466633.847, 1769466633.873, 1769466633.899"
1.0,0,1769466633.1101,2.7429,27,34,61,0.138,0.0831,0.0942,1.0,0.0,93.67,1.4923,1.8809,1.8809,4425.5505,1769466637.3499758,11.51,58,504,0.92,37,0,0,10.31,15.0,0,494,1769466633.792,-0.935,meta-llama/Llama-3.2-1B-Instruct,"1769466633.792, 1769466633.818, 1769466633.847, 1769466633.873, 1769466633.899"
1.0,0,1769466633.1749,2.7465,27,32,59,0.1182,0.0865,0.0943,1.0,0.0,93.69,1.4731,1.8647,1.8647,4427.4153,1769466637.3969164,11.49,58,505,0.92,37,0,0,10.31,15.0,0,494,1769466633.792,-0.935,meta-llama/Llama-3.2-1B-Instruct,"1769466633.792, 1769466633.818, 1769466633.847, 1769466633.873, 1769466633.899"
1.0,0,1769466633.2427,2.7372,27,32,59,0.1698,0.095,0.1043,1.0,0.0,93.7,1.4495,1.9071,1.9071,4429.3223,1769466637.4439275,11.46,58,506,0.92,38,0,0,10.31,15.0,0,494,1769466633.792,-0.935,meta-llama/Llama-3.2-1B-Instruct,"1769466633.792, 1769466633.818, 1769466633.847, 1769466633.873, 1769466633.899"
1.0,0,1769466633.3551,2.8727,27,32,59,0.0862,0.0876,0.0906,1.0,0.0,93.71,1.33,1.9589,1.9589,4431.2812,1769466637.566299,11.44,58,507,0.921,37,0,0,10.31,15.0,0,494,1769466633.792,-0.935,meta-llama/Llama-3.2-1B-Instruct,"1769466633.792, 1769466633.818, 1769466633.847, 1769466633.873, 1769466633.899"
1.0,0,1769466633.7157,2.7259,27,32,59,0.1205,0.0799,0.0886,1.0,0.0,93.72,1.2065,1.8464,1.8464,4433.1277,1769466637.6531286,11.42,58,508,0.921,37,0,0,10.31,15.0,0,494,1769466633.792,-0.935,meta-llama/Llama-3.2-1B-Instruct,"1769466633.792, 1769466633.818, 1769466633.847, 1769466633.873, 1769466633.899"
1.0,0,1769466633.7756,2.7164,27,32,59,0.093,0.0812,0.1008,1.0,0.0,93.74,1.2179,1.8095,1.8095,4434.9371,1769466637.7339892,11.39,58,509,0.921,37,0,0,10.31,15.0,0,494,1769466633.792,-0.935,meta-llama/Llama-3.2-1B-Instruct,"1769466633.792, 1769466633.818, 1769466633.847, 1769466633.873, 1769466633.899"
1.0,0,1769466634.476,2.8859,27,10,37,0.0651,0.0991,0.0991,1.0,0.0,93.75,0.3836,1.951,1.951,4436.8881,1769466637.7508373,11.37,58,510,0.309,21,0,0,10.31,15.0,0,494,1769466633.792,-0.935,meta-llama/Llama-3.2-1B-Instruct,"1769466633.792, 1769466633.818, 1769466633.847, 1769466633.873, 1769466633.899"
1.0,0,1769466633.979,2.7019,27,32,59,0.1733,0.0623,0.0685,1.0,0.0,93.76,1.1216,1.8752,1.8752,4438.7633,1769466637.8081915,11.35,58,511,0.923,38,0,0,10.31,15.0,0,494,1769466633.792,-0.935,meta-llama/Llama-3.2-1B-Instruct,"1769466633.792, 1769466633.818, 1769466633.847, 1769466633.873, 1769466633.899"
1.0,0,1769466634.0337,2.8212,27,32,59,0.0803,0.0544,0.0676,1.0,0.0,93.78,1.0733,1.9015,1.9015,4440.6648,1769466637.92896,11.33,58,512,0.886,37,1,0,10.31,15.0,0,494,1769466633.792,-0.935,meta-llama/Llama-3.2-1B-Instruct,"1769466633.792, 1769466633.818, 1769466633.847, 1769466633.873, 1769466633.899"
1.0,0,1769466634.1644,2.7899,27,32,59,0.0687,0.0641,0.0742,1.0,0.0,93.79,1.0465,1.8586,1.8586,4442.5234,1769466638.003936,11.31,58,513,0.308,22,0,0,10.31,15.0,0,494,1769466633.792,-0.935,meta-llama/Llama-3.2-1B-Instruct,"1769466633.792, 1769466633.818, 1769466633.847, 1769466633.873, 1769466633.899"
1.0,0,1769466634.2472,2.8066,27,32,59,0.0986,0.0684,0.0702,1.0,0.0,93.8,1.07,1.9052,1.9052,4444.4286,1769466638.1485186,11.28,58,514,0.309,23,0,0,10.31,15.0,0,494,1769466633.792,-0.935,meta-llama/Llama-3.2-1B-Instruct,"1769466633.792, 1769466633.818, 1769466633.847, 1769466633.873, 1769466633.899"
1.0,0,1769466634.3082,2.8281,27,32,59,0.0999,0.0552,0.0602,1.0,0.0,93.81,1.0658,1.928,1.928,4446.3566,1769466638.2076752,11.26,58,515,0.31,23,0,0,10.31,15.0,0,494,1769466633.792,-0.935,meta-llama/Llama-3.2-1B-Instruct,"1769466633.792, 1769466633.818, 1769466633.847, 1769466633.873, 1769466633.899"
1.0,0,1769466634.3461,2.8743,27,31,58,0.0851,0.0583,0.0757,1.0,0.0,93.82,1.0603,1.9594,1.9594,4448.3161,1769466638.2828667,11.24,58,516,0.309,22,0,0,10.31,15.0,0,494,1769466633.792,-0.935,meta-llama/Llama-3.2-1B-Instruct,"1769466633.792, 1769466633.818, 1769466633.847, 1769466633.873, 1769466633.899"
1.0,0,1769466634.4242,2.897,27,32,59,0.1163,0.0622,0.0646,1.0,0.0,93.84,1.0444,2.0133,2.0133,4450.3293,1769466638.3679981,11.22,58,517,0.309,22,0,0,10.31,15.0,0,494,1769466633.792,-0.935,meta-llama/Llama-3.2-1B-Instruct,"1769466633.792, 1769466633.818, 1769466633.847, 1769466633.873, 1769466633.899"
1.0,0,1769466636.3429,2.0457,27,0,27,,,,1.0,,,0.0828,1.1285,1.1285,4451.4579,1769466638.4721024,11.2,58,518,0.312,21,0,0,10.31,15.0,0,494,1769466633.792,-0.935,meta-llama/Llama-3.2-1B-Instruct,"1769466633.792, 1769466633.818, 1769466633.847, 1769466633.873, 1769466633.899"
1.0,0,1769466634.559,2.9104,27,32,59,0.0739,0.0602,0.0656,1.0,0.0,93.85,1.08,1.9843,1.9843,4453.4422,1769466638.5658913,11.18,58,519,0.31,21,0,0,10.31,15.0,0,494,1769466633.792,-0.935,meta-llama/Llama-3.2-1B-Instruct,"1769466633.792, 1769466633.818, 1769466633.847, 1769466633.873, 1769466633.899"
1.0,0,1769466634.6179,2.9133,27,32,59,0.0833,0.0544,0.0644,1.0,0.0,93.86,1.0579,1.9966,1.9966,4455.4388,1769466638.5973043,11.15,58,520,0.309,21,0,0,10.31,15.0,0,494,1769466633.792,-0.935,meta-llama/Llama-3.2-1B-Instruct,"1769466633.792, 1769466633.818, 1769466633.847, 1769466633.873, 1769466633.899"
1.0,0,1769466634.6771,2.9496,27,32,59,0.0743,0.047,0.0677,1.0,0.0,93.87,1.086,2.0239,2.0239,4457.4627,1769466638.7386389,11.13,58,521,0.31,21,0,0,10.31,15.0,0,494,1769466633.792,-0.935,meta-llama/Llama-3.2-1B-Instruct,"1769466633.792, 1769466633.818, 1769466633.847, 1769466633.873, 1769466633.899"
1.0,0,1769466634.7264,2.9642,27,32,59,0.0969,0.0622,0.0696,1.0,0.0,93.89,1.1138,2.0611,2.0611,4459.5237,1769466638.809934,11.11,58,522,0.31,21,0,0,10.31,15.0,0,494,1769466633.792,-0.935,meta-llama/Llama-3.2-1B-Instruct,"1769466633.792, 1769466633.818, 1769466633.847, 1769466633.873, 1769466633.899"
1.0,0,1769466634.9546,2.8124,27,32,59,0.0865,0.0604,0.0819,1.0,0.0,93.9,1.0882,1.8989,1.8989,4461.4227,1769466638.8684368,11.09,58,523,0.31,20,0,0,10.31,15.0,0,494,1769466633.792,-0.935,meta-llama/Llama-3.2-1B-Instruct,"1769466633.792, 1769466633.818, 1769466633.847, 1769466633.873, 1769466633.899"
1.0,0,1769466635.6747,2.3503,27,24,51,0.0922,0.0587,0.0594,1.0,0.0,93.91,0.8463,1.4425,1.4425,4462.8651,1769466638.8751335,11.07,58,524,0.311,20,0,0,10.31,15.0,0,494,1769466633.792,-0.935,meta-llama/Llama-3.2-1B-Instruct,"1769466633.792, 1769466633.818, 1769466633.847, 1769466633.873, 1769466633.899"
1.0,0,1769466636.5354,1.9955,27,10,37,0.0731,0.0579,0.0579,1.0,0.0,93.92,0.3804,1.0686,1.0686,4465.8355,1769466638.9186115,11.05,58,526,0.313,22,0,0,10.31,15.0,0,494,1769466633.792,-0.935,meta-llama/Llama-3.2-1B-Instruct,"1769466633.792, 1769466633.818, 1769466633.847, 1769466633.873, 1769466633.899"
1.0,0,1769466635.0116,2.8181,27,32,59,0.0836,0.0621,0.0679,1.0,0.0,93.93,1.0877,1.9017,1.9017,4465.8355,1769466638.9207253,11.03,58,526,0.31,20,1,0,10.31,15.0,0,494,1769466633.792,-0.935,meta-llama/Llama-3.2-1B-Instruct,"1769466633.792, 1769466633.818, 1769466633.847, 1769466633.873, 1769466633.899"
1.0,0,1769466635.6154,2.4023,27,32,59,0.1297,0.0537,0.055,1.0,0.0,93.95,1.0635,1.5319,1.5319,4467.3674,1769466639.0888674,11.01,58,527,0.311,21,0,0,10.31,15.0,0,494,1769466633.792,-0.935,meta-llama/Llama-3.2-1B-Instruct,"1769466633.792, 1769466633.818, 1769466633.847, 1769466633.873, 1769466633.899"
1.0,0,1769466635.8103,2.2584,27,32,59,0.062,0.0546,0.0758,1.0,0.0,93.96,1.0275,1.3204,1.3204,4468.6878,1769466639.1054816,10.98,58,528,0.311,20,2,0,10.31,15.0,0,494,1769466633.792,-0.935,meta-llama/Llama-3.2-1B-Instruct,"1769466633.792, 1769466633.818, 1769466633.847, 1769466633.873, 1769466633.899"
1.0,0,1769466635.8963,2.2131,27,32,59,0.0913,0.0531,0.0628,1.0,0.0,93.97,1.0562,1.3044,1.3044,4469.9922,1769466639.171284,10.96,58,529,0.312,22,1,0,10.31,15.0,0,494,1769466633.792,-0.935,meta-llama/Llama-3.2-1B-Instruct,"1769466633.792, 1769466633.818, 1769466633.847, 1769466633.873, 1769466633.899"
1.0,0,1769466636.3701,2.0973,27,32,59,0.0885,0.0548,0.3845,1.0,0.0,93.98,1.197,1.1858,1.1858,4471.178,1769466639.7005029,10.94,58,530,0.313,23,0,0,10.31,15.0,0,494,1769466633.792,-0.935,meta-llama/Llama-3.2-1B-Instruct,"1769466633.792, 1769466633.818, 1769466633.847, 1769466633.873, 1769466633.899"
1.0,0,1769466636.1876,2.1564,27,31,58,0.0853,0.0763,0.3782,1.0,0.0,93.99,1.3768,1.2417,1.2417,4472.4197,1769466639.7418034,10.92,58,531,0.313,22,0,0,10.31,15.0,0,494,1769466633.792,-0.935,meta-llama/Llama-3.2-1B-Instruct,"1769466633.792, 1769466633.818, 1769466633.847, 1769466633.873, 1769466633.899"
1.0,0,1769466635.9261,2.3185,27,32,59,0.0915,0.0988,0.4748,1.0,0.0,94.0,1.5184,1.41,1.41,4474.6373,1769466639.8082695,10.9,58,533,0.312,22,0,0,10.31,15.0,0,494,1769466633.792,-0.935,meta-llama/Llama-3.2-1B-Instruct,"1769466633.792, 1769466633.818, 1769466633.847, 1769466633.873, 1769466633.899"
1.0,0,1769466636.9047,1.7256,27,32,59,0.082,0.0648,0.4782,1.0,0.0,94.02,1.14,0.8075,0.8075,4474.6373,1769466639.8293605,10.88,58,533,0.313,22,0,0,10.31,15.0,0,494,1769466633.792,-0.935,meta-llama/Llama-3.2-1B-Instruct,"1769466633.792, 1769466633.818, 1769466633.847, 1769466633.873, 1769466633.899"
1.0,0,1769466637.088,1.6257,27,32,59,0.0758,0.0847,0.4529,1.0,0.0,94.03,1.1208,0.7015,0.7015,4475.9373,1769466639.8587372,10.86,58,535,0.313,22,0,0,10.31,15.0,0,494,1769466633.792,-0.935,meta-llama/Llama-3.2-1B-Instruct,"1769466633.792, 1769466633.818, 1769466633.847, 1769466633.873, 1769466633.899"
1.0,0,1769466637.2722,1.4976,27,32,59,0.101,0.0649,0.399,1.0,0.0,94.04,1.069,0.5986,0.5986,4475.9373,1769466639.8631372,10.84,58,535,0.314,22,0,0,10.31,15.0,0,494,1769466633.792,-0.935,meta-llama/Llama-3.2-1B-Instruct,"1769466633.792, 1769466633.818, 1769466633.847, 1769466633.873, 1769466633.899"
1.0,0,1769466637.3429,1.5049,27,32,59,0.0596,0.064,0.4086,1.0,0.0,94.05,1.0346,0.5645,0.5645,4476.5019,1769466639.899033,10.82,58,536,0.314,22,0,0,10.31,15.0,0,494,1769466633.792,-0.935,meta-llama/Llama-3.2-1B-Instruct,"1769466633.792, 1769466633.818, 1769466633.847, 1769466633.873, 1769466633.899"
1.0,0,1769466637.5036,1.4384,27,32,59,0.0563,0.045,0.5363,1.0,0.0,94.06,1.0088,0.4948,0.4948,4476.9966,1769466639.9557106,10.8,58,537,0.314,20,0,0,10.31,15.0,0,503,1769466639.295,-0.635,meta-llama/Llama-3.2-1B-Instruct,"1769466639.295, 1769466639.368, 1769466639.509, 1769466639.665, 1769466639.740"
1.0,0,1769466637.6661,1.3643,27,32,59,0.0679,0.1398,0.3868,1.0,0.0,94.07,0.9868,0.4322,0.4322,4477.4288,1769466640.018025,10.78,58,538,0.314,21,0,0,10.31,15.0,0,503,1769466639.295,-0.635,meta-llama/Llama-3.2-1B-Instruct,"1769466639.295, 1769466639.368, 1769466639.509, 1769466639.665, 1769466639.740"
1.0,0,1769466637.7157,1.5247,27,32,59,0.4488,0.054,0.0916,1.0,0.0,94.08,0.9167,0.9735,0.9735,4478.4023,1769466640.1646144,10.76,58,539,0.314,20,0,0,10.31,15.0,0,503,1769466639.295,-0.635,meta-llama/Llama-3.2-1B-Instruct,"1769466639.295, 1769466639.368, 1769466639.509, 1769466639.665, 1769466639.740"
1.0,0,1769466637.8053,1.4305,27,32,59,0.4325,0.0477,0.1326,1.0,0.0,94.1,0.9306,0.8629,0.8629,4479.2652,1769466640.1691217,10.74,58,540,0.314,19,0,0,10.31,15.0,0,503,1769466639.295,-0.635,meta-llama/Llama-3.2-1B-Instruct,"1769466639.295, 1769466639.368, 1769466639.509, 1769466639.665, 1769466639.740"
1.0,0,1769466637.8827,2.0296,27,32,59,0.0492,0.0505,0.0568,1.0,0.0,94.11,0.7672,1.0788,1.0788,4480.3441,1769466640.6871102,10.72,58,541,0.314,14,0,0,10.31,15.0,0,503,1769466639.295,-0.635,meta-llama/Llama-3.2-1B-Instruct,"1769466639.295, 1769466639.368, 1769466639.509, 1769466639.665, 1769466639.740"
1.0,0,1769466638.0307,1.9461,27,32,59,0.0865,0.0554,0.0578,1.0,0.0,94.12,0.8486,1.0326,1.0326,4481.3767,1769466640.8460739,10.7,58,542,0.314,14,0,0,10.31,15.0,0,503,1769466639.295,-0.635,meta-llama/Llama-3.2-1B-Instruct,"1769466639.295, 1769466639.368, 1769466639.509, 1769466639.665, 1769466639.740"
1.0,0,1769466638.2947,1.7562,27,33,60,0.0568,0.0634,0.0662,1.0,0.0,94.13,0.8937,0.813,0.813,4482.1897,1769466640.9475973,10.68,58,543,0.314,14,0,0,10.31,15.0,0,503,1769466639.295,-0.635,meta-llama/Llama-3.2-1B-Instruct,"1769466639.295, 1769466639.368, 1769466639.509, 1769466639.665, 1769466639.740"
1.0,0,1769466638.3682,1.7721,27,32,59,0.0633,0.2838,1.7428,1.0,0.7428,93.95,2.8683,0.8354,0.8354,4483.0251,1769466643.0157208,10.66,58,544,0.315,15,0,0,10.31,15.0,0,503,1769466639.295,-0.635,meta-llama/Llama-3.2-1B-Instruct,"1769466639.295, 1769466639.368, 1769466639.509, 1769466639.665, 1769466639.740"
1.0,0,1769466638.5089,1.7052,27,32,59,0.067,1.7395,2.9138,1.0,1.9138,93.77,5.8593,0.7722,0.7722,4483.7973,1769466646.074331,10.64,58,545,0.314,14,0,0,10.31,15.0,0,586,1769466642.987,-1.963,meta-llama/Llama-3.2-1B-Instruct,"1769466642.987, 1769466643.012, 1769466643.087, 1769466643.153, 1769466643.179"
1.0,0,1769466638.6646,1.6407,27,32,59,0.0645,1.7398,2.9128,1.0,1.9128,93.6,5.9921,0.7052,0.7052,4484.5025,1769466646.3270392,10.62,58,546,0.316,15,0,0,10.31,15.0,0,586,1769466642.987,-1.963,meta-llama/Llama-3.2-1B-Instruct,"1769466642.987, 1769466643.012, 1769466643.087, 1769466643.153, 1769466643.179"
1.0,0,1769466639.2692,1.2195,27,32,59,0.0672,1.7431,2.9109,1.0,1.9109,93.42,6.2077,0.2867,0.2867,4485.6053,1769466646.7055213,10.6,58,548,0.317,16,0,0,10.31,15.0,0,586,1769466642.987,-1.963,meta-llama/Llama-3.2-1B-Instruct,"1769466642.987, 1769466643.012, 1769466643.087, 1769466643.153, 1769466643.179"
1.0,0,1769466638.7404,1.7409,27,32,59,0.0752,1.7421,2.9104,1.0,1.9104,93.25,6.2231,0.8161,0.8161,4485.6053,1769466646.7061503,10.58,58,548,0.316,16,0,0,10.31,15.0,0,586,1769466642.987,-1.963,meta-llama/Llama-3.2-1B-Instruct,"1769466642.987, 1769466643.012, 1769466643.087, 1769466643.153, 1769466643.179"
1.0,0,1769466640.0992,0.432,27,32,59,0.0828,1.7387,2.9117,1.0,1.9117,93.07,6.2865,-0.4853,0.0,4485.6053,1769466646.81877,10.75,59,549,0.317,16,0,0,10.31,15.0,0,586,1769466642.987,-1.963,meta-llama/Llama-3.2-1B-Instruct,"1769466642.987, 1769466643.012, 1769466643.087, 1769466643.153, 1769466643.179"
1.0,0,1769466640.264,0.3306,27,32,59,0.0846,1.7438,2.9094,1.0,1.9094,92.9,6.3368,-0.5848,0.0,4485.6053,1769466646.9372766,10.91,60,550,0.318,18,1,0,10.31,15.0,0,586,1769466642.987,-1.963,meta-llama/Llama-3.2-1B-Instruct,"1769466642.987, 1769466643.012, 1769466643.087, 1769466643.153, 1769466643.179"
200.0,1,1769466580.3919,51.6023,4900,225,5125,1.4221,0.0834,0.4291,200.0,0.0,92.91,14.9909,-133.4069,0.0,4485.6053,1769466647.003519,11.07,61,551,0.813,37,0,0,10.31,15.0,0,586,1769466642.987,-1.963,meta-llama/Llama-3.2-1B-Instruct,"1769466642.987, 1769466643.012, 1769466643.087, 1769466643.153, 1769466643.179"
1.0,0,1769466640.3447,0.3424,27,32,59,0.0779,1.7408,2.915,1.0,1.915,92.74,6.354,-0.5796,0.0,4485.6053,1769466647.0567222,11.23,62,552,0.319,20,0,0,10.31,15.0,0,586,1769466642.987,-1.963,meta-llama/Llama-3.2-1B-Instruct,"1769466642.987, 1769466643.012, 1769466643.087, 1769466643.153, 1769466643.179"
1.0,0,1769466640.5078,0.2483,27,32,59,0.0801,1.7516,2.9182,1.0,1.9182,92.57,6.3907,-0.6716,0.0,4485.6053,1769466647.1476114,11.39,63,553,0.32,20,0,0,10.31,15.0,0,586,1769466642.987,-1.963,meta-llama/Llama-3.2-1B-Instruct,"1769466642.987, 1769466643.012, 1769466643.087, 1769466643.153, 1769466643.179"
1.0,0,1769466640.6402,0.2006,27,32,59,0.1026,1.7354,2.9173,1.0,1.9173,92.39,6.4689,-0.6968,0.0,4485.6053,1769466647.3310103,11.55,64,554,0.32,20,0,0,10.31,15.0,0,586,1769466642.987,-1.963,meta-llama/Llama-3.2-1B-Instruct,"1769466642.987, 1769466643.012, 1769466643.087, 1769466643.153, 1769466643.179"
1.0,0,1769466641.0458,0.0787,27,32,59,1.8701,0.0837,2.9079,1.0,1.9079,92.22,6.3061,0.9488,0.9488,4486.5541,1769466647.4411938,11.53,64,555,0.345,21,0,0,10.31,15.0,0,586,1769466642.987,-1.963,meta-llama/Llama-3.2-1B-Instruct,"1769466642.987, 1769466643.012, 1769466643.087, 1769466643.153, 1769466643.179"
1.0,0,1769466641.0159,0.0557,27,32,59,1.9394,0.0749,2.9265,1.0,1.9265,92.05,6.37,0.9951,0.9951,4487.5492,1769466647.4429967,11.51,64,556,0.345,21,0,0,10.31,15.0,0,586,1769466642.987,-1.963,meta-llama/Llama-3.2-1B-Instruct,"1769466642.987, 1769466643.012, 1769466643.087, 1769466643.153, 1769466643.179"
1.0,0,1769466641.6004,0.1001,27,32,59,4.2107,0.077,0.0811,1.0,0.0,92.07,5.7709,3.3108,3.3108,4501.4081,1769466647.4917605,11.49,64,560,0.476,27,1,0,10.31,15.0,0,586,1769466642.987,-1.963,meta-llama/Llama-3.2-1B-Instruct,"1769466642.987, 1769466643.012, 1769466643.087, 1769466643.153, 1769466643.179"
1.0,0,1769466641.1784,0.0482,27,32,59,4.6919,0.0735,0.0745,1.0,0.0,92.08,6.246,3.7401,3.7401,4501.4081,1769466647.4920347,11.47,64,560,0.345,21,0,0,10.31,15.0,0,586,1769466642.987,-1.963,meta-llama/Llama-3.2-1B-Instruct,"1769466642.987, 1769466643.012, 1769466643.087, 1769466643.153, 1769466643.179"
1.0,0,1769466641.208,0.0811,27,32,59,4.6261,0.0733,0.0794,1.0,0.0,92.1,6.1976,3.7072,3.7072,4504.8707,1769466647.506712,11.43,64,561,0.476,27,1,0,10.31,15.0,0,586,1769466642.987,-1.963,meta-llama/Llama-3.2-1B-Instruct,"1769466642.987, 1769466643.012, 1769466643.087, 1769466643.153, 1769466643.179"
1.0,0,1769466641.4437,0.0561,27,32,59,4.4065,0.0715,0.0805,1.0,0.0,92.11,5.9998,3.4625,3.4625,4504.8707,1769466647.5089567,11.41,64,561,0.476,27,1,0,10.31,15.0,0,586,1769466642.987,-1.963,meta-llama/Llama-3.2-1B-Instruct,"1769466642.987, 1769466643.012, 1769466643.087, 1769466643.153, 1769466643.179"
1.0,0,1769466641.8352,1.2404,27,32,59,2.8605,0.0821,0.0899,1.0,0.0,92.12,4.4106,3.1009,3.1009,4508.3222,1769466647.5098493,11.45,64,562,0.701,39,0,0,10.31,15.0,0,586,1769466642.987,-1.963,meta-llama/Llama-3.2-1B-Instruct,"1769466642.987, 1769466643.012, 1769466643.087, 1769466643.153, 1769466643.179"
1.0,0,1769466641.4737,0.0671,27,32,59,4.3844,0.0781,0.0979,1.0,0.0,92.14,5.9687,3.4515,3.4515,4508.3222,1769466647.513559,11.39,64,562,0.476,27,1,0,10.31,15.0,0,586,1769466642.987,-1.963,meta-llama/Llama-3.2-1B-Instruct,"1769466642.987, 1769466643.012, 1769466643.087, 1769466643.153, 1769466643.179"
1.0,0,1769466642.713,4.8484,27,0,27,,,,1.0,,,0.1325,3.9809,3.9809,4512.3031,1769466647.70812,11.37,64,563,0.657,31,0,0,10.31,15.0,0,586,1769466642.987,-1.963,meta-llama/Llama-3.2-1B-Instruct,"1769466642.987, 1769466643.012, 1769466643.087, 1769466643.153, 1769466643.179"
1.0,0,1769466641.9865,4.2138,27,32,59,0.1287,0.0678,0.0682,1.0,0.0,92.15,1.6265,3.3425,3.3425,4515.6456,1769466647.8453867,11.35,64,564,0.703,39,0,0,10.31,15.0,0,586,1769466642.987,-1.963,meta-llama/Llama-3.2-1B-Instruct,"1769466642.987, 1769466643.012, 1769466643.087, 1769466643.153, 1769466643.179"
1.0,0,1769466642.0125,4.4524,27,32,59,0.1128,0.0659,0.0701,1.0,0.0,92.17,1.5863,3.5651,3.5651,4519.2108,1769466648.0585177,11.33,64,565,0.704,39,0,0,10.31,15.0,0,586,1769466642.987,-1.963,meta-llama/Llama-3.2-1B-Instruct,"1769466642.987, 1769466643.012, 1769466643.087, 1769466643.153, 1769466643.179"
1.0,0,1769466642.0873,4.7468,27,32,59,0.1359,0.0711,0.1134,1.0,0.0,92.18,1.5505,3.8826,3.8826,4523.0934,1769466648.3876712,11.31,64,566,0.705,37,0,0,10.31,15.0,0,586,1769466642.987,-1.963,meta-llama/Llama-3.2-1B-Instruct,"1769466642.987, 1769466643.012, 1769466643.087, 1769466643.153, 1769466643.179"
1.0,0,1769466642.1531,4.7401,27,32,59,0.0996,0.0715,0.0816,1.0,0.0,92.2,1.5731,3.8398,3.8398,4526.9331,1769466648.4758284,11.29,64,567,0.706,37,0,0,10.31,15.0,0,586,1769466642.987,-1.963,meta-llama/Llama-3.2-1B-Instruct,"1769466642.987, 1769466643.012, 1769466643.087, 1769466643.153, 1769466643.179"
1.0,0,1769466642.1788,4.8393,27,32,59,0.0995,0.0723,0.1075,1.0,0.0,92.21,1.5258,3.9387,3.9387,4530.8719,1769466648.5512269,11.27,64,568,0.658,37,0,0,10.31,15.0,0,586,1769466642.987,-1.963,meta-llama/Llama-3.2-1B-Instruct,"1769466642.987, 1769466643.012, 1769466643.087, 1769466643.153, 1769466643.179"
1.0,0,1769466642.2905,4.8698,27,32,59,0.1648,0.0823,0.087,1.0,0.0,92.22,1.5297,4.0346,4.0346,4534.9065,1769466648.725466,11.25,64,569,0.658,36,0,0,10.31,15.0,0,586,1769466642.987,-1.963,meta-llama/Llama-3.2-1B-Instruct,"1769466642.987, 1769466643.012, 1769466643.087, 1769466643.153, 1769466643.179"
1.0,0,1769466642.3158,4.902,27,32,59,0.0968,0.0755,0.088,1.0,0.0,92.24,1.5104,3.9988,3.9988,4538.9053,1769466648.7334003,11.23,64,570,0.659,36,0,0,10.31,15.0,0,586,1769466642.987,-1.963,meta-llama/Llama-3.2-1B-Instruct,"1769466642.987, 1769466643.012, 1769466643.087, 1769466643.153, 1769466643.179"
1.0,0,1769466643.0804,4.9444,27,14,41,0.1676,0.1014,0.1014,1.0,0.0,92.25,0.7615,4.112,4.112,4543.0173,1769466648.7877705,11.21,64,571,0.661,34,0,0,10.31,15.0,0,586,1769466642.987,-1.963,meta-llama/Llama-3.2-1B-Instruct,"1769466642.987, 1769466643.012, 1769466643.087, 1769466643.153, 1769466643.179"
200.0,1,1769466580.6148,60.7137,2608,62,2670,4.579,0.0698,0.092,200.0,0.0,92.27,7.5533,-131.733,0.0,4547.1076,1769466648.9084094,11.36,65,573,0.476,27,1,0,10.31,15.0,0,586,1769466642.987,-1.963,meta-llama/Llama-3.2-1B-Instruct,"1769466642.987, 1769466643.012, 1769466643.087, 1769466643.153, 1769466643.179"
1.0,0,1769466642.3837,4.9536,27,32,59,0.1368,0.0927,0.0973,1.0,0.0,92.28,1.566,4.0904,4.0904,4550.914,1769466648.916084,11.34,65,574,0.66,37,0,0,10.31,15.0,0,586,1769466642.987,-1.963,meta-llama/Llama-3.2-1B-Instruct,"1769466642.987, 1769466643.012, 1769466643.087, 1769466643.153, 1769466643.179"
1.0,0,1769466642.6875,4.722,27,32,59,0.0844,0.092,0.0981,1.0,0.0,92.29,1.5032,3.8063,3.8063,4550.914,1769466648.9182096,11.32,65,574,0.66,37,0,0,10.31,15.0,0,586,1769466642.987,-1.963,meta-llama/Llama-3.2-1B-Instruct,"1769466642.987, 1769466643.012, 1769466643.087, 1769466643.153, 1769466643.179"
1.0,0,1769466642.7789,4.8997,27,32,59,0.0731,0.0936,0.1182,1.0,0.0,92.31,1.518,3.9728,3.9728,4554.8868,1769466649.2121027,11.3,65,575,0.658,31,0,0,10.31,15.0,0,586,1769466642.987,-1.963,meta-llama/Llama-3.2-1B-Instruct,"1769466642.987, 1769466643.012, 1769466643.087, 1769466643.153, 1769466643.179"
1.0,0,1769466643.0164,4.8451,27,32,59,0.1086,0.103,0.1088,1.0,0.0,92.32,1.5398,3.9537,3.9537,4562.8837,1769466649.4089656,11.28,65,577,0.658,31,0,0,10.31,15.0,0,586,1769466642.987,-1.963,meta-llama/Llama-3.2-1B-Instruct,"1769466642.987, 1769466643.012, 1769466643.087, 1769466643.153, 1769466643.179"
1.0,0,1769466642.9232,4.9061,27,32,59,0.1371,0.0843,0.0951,1.0,0.0,92.34,1.5725,4.0433,4.0433,4562.8837,1769466649.4137325,11.27,65,577,0.658,32,0,0,10.31,15.0,0,586,1769466642.987,-1.963,meta-llama/Llama-3.2-1B-Instruct,"1769466642.987, 1769466643.012, 1769466643.087, 1769466643.153, 1769466643.179"
1.0,0,1769466643.0501,4.8655,27,32,59,0.0699,0.084,0.0954,1.0,0.0,92.35,1.5364,3.9355,3.9355,4566.8192,1769466649.4796119,11.25,65,578,0.658,31,0,0,10.31,15.0,0,586,1769466642.987,-1.963,meta-llama/Llama-3.2-1B-Instruct,"1769466642.987, 1769466643.012, 1769466643.087, 1769466643.153, 1769466643.179"
1.0,0,1769466643.2722,4.8132,27,32,59,0.0787,0.0822,0.1266,1.0,0.0,92.36,1.5902,3.8919,3.8919,4570.7111,1769466649.6769054,11.23,65,579,0.66,33,0,0,10.31,15.0,0,586,1769466642.987,-1.963,meta-llama/Llama-3.2-1B-Instruct,"1769466642.987, 1769466643.012, 1769466643.087, 1769466643.153, 1769466643.179"
1.0,0,1769466643.5029,4.6453,27,32,59,0.1124,0.0749,0.0805,1.0,0.0,92.38,1.5629,3.7576,3.7576,4574.4688,1769466649.740384,11.21,65,580,0.662,35,0,0,10.31,15.0,0,586,1769466642.987,-1.963,meta-llama/Llama-3.2-1B-Instruct,"1769466642.987, 1769466643.012, 1769466643.087, 1769466643.153, 1769466643.179"
1.0,0,1769466643.5386,4.7422,27,33,60,0.0693,0.0918,0.098,1.0,0.0,92.39,1.5038,3.8115,3.8115,4578.2802,1769466649.7919137,11.19,65,581,0.663,36,0,0,10.31,15.0,0,586,1769466642.987,-1.963,meta-llama/Llama-3.2-1B-Instruct,"1769466642.987, 1769466643.012, 1769466643.087, 1769466643.153, 1769466643.179"
1.0,0,1769466643.5642,4.76,27,32,59,0.1074,0.0721,0.0784,1.0,0.0,92.4,1.5552,3.8674,3.8674,4582.1477,1769466649.891872,11.17,65,582,0.664,37,0,0,10.31,15.0,0,586,1769466642.987,-1.963,meta-llama/Llama-3.2-1B-Instruct,"1769466642.987, 1769466643.012, 1769466643.087, 1769466643.153, 1769466643.179"
1.0,0,1769466643.7234,4.7303,27,32,59,0.0688,0.0874,0.09,1.0,0.0,92.42,1.5366,3.7991,3.7991,4585.9467,1769466649.9972827,11.15,65,583,0.664,36,0,0,10.31,15.0,0,586,1769466642.987,-1.963,meta-llama/Llama-3.2-1B-Instruct,"1769466642.987, 1769466643.012, 1769466643.087, 1769466643.153, 1769466643.179"
1.0,0,1769466643.7494,4.8148,27,32,59,0.1311,0.0907,0.1014,1.0,0.0,92.43,1.5499,3.9459,3.9459,4589.8926,1769466650.153267,11.13,65,584,0.664,36,0,0,10.31,15.0,0,614,1769466645.675,-4.369,meta-llama/Llama-3.2-1B-Instruct,"1769466645.675, 1769466645.705, 1769466645.908, 1769466645.978, 1769466646.099"
1.0,0,1769466643.8163,4.8177,27,32,59,0.0766,0.0941,0.1004,1.0,0.0,92.44,1.5205,3.8943,3.8943,4593.787,1769466650.1610672,11.11,65,585,0.664,36,0,0,10.31,15.0,0,614,1769466645.675,-4.369,meta-llama/Llama-3.2-1B-Instruct,"1769466645.675, 1769466645.705, 1769466645.908, 1769466645.978, 1769466646.099"
1.0,0,1769466643.9229,4.8147,27,32,59,0.1343,0.0764,0.0876,1.0,0.0,92.46,1.5591,3.949,3.949,4597.736,1769466650.305975,11.09,65,586,0.665,36,0,0,10.31,15.0,0,614,1769466645.675,-4.369,meta-llama/Llama-3.2-1B-Instruct,"1769466645.675, 1769466645.705, 1769466645.908, 1769466645.978, 1769466646.099"
1.0,0,1769466643.9484,4.86,27,32,59,0.1037,0.0944,0.1002,1.0,0.0,92.47,1.5549,3.9636,3.9636,4601.6996,1769466650.3721738,11.07,65,587,0.665,35,1,0,10.31,15.0,0,614,1769466645.675,-4.369,meta-llama/Llama-3.2-1B-Instruct,"1769466645.675, 1769466645.705, 1769466645.908, 1769466645.978, 1769466646.099"
1.0,0,1769466644.0146,5.0163,27,32,59,0.1267,0.0894,0.0912,1.0,0.0,92.48,1.5552,4.1429,4.1429,4609.9726,1769466650.5917861,11.05,65,589,0.64,34,0,0,10.31,15.0,0,614,1769466645.675,-4.369,meta-llama/Llama-3.2-1B-Instruct,"1769466645.675, 1769466645.705, 1769466645.908, 1769466645.978, 1769466646.099"
1.0,0,1769466644.0401,4.9987,27,32,59,0.1314,0.0777,0.1112,1.0,0.0,92.5,1.5513,4.1301,4.1301,4609.9726,1769466650.5921903,11.04,65,589,0.64,34,0,0,10.31,15.0,0,614,1769466645.675,-4.369,meta-llama/Llama-3.2-1B-Instruct,"1769466645.675, 1769466645.705, 1769466645.908, 1769466645.978, 1769466646.099"
1.0,0,1769466644.1076,5.056,27,32,59,0.1208,0.0959,0.1113,1.0,0.0,92.51,1.5368,4.1768,4.1768,4614.1494,1769466650.7049413,11.02,65,590,0.642,36,0,0,10.31,15.0,0,614,1769466645.675,-4.369,meta-llama/Llama-3.2-1B-Instruct,"1769466645.675, 1769466645.705, 1769466645.908, 1769466645.978, 1769466646.099"
1.0,0,1769466644.2662,4.9831,27,32,59,0.1253,0.0698,0.0753,1.0,0.0,92.52,1.5686,4.1084,4.1084,4618.2577,1769466650.8274853,11.0,65,591,0.642,35,0,0,10.31,15.0,0,614,1769466645.675,-4.369,meta-llama/Llama-3.2-1B-Instruct,"1769466645.675, 1769466645.705, 1769466645.908, 1769466645.978, 1769466646.099"
1.0,0,1769466644.2923,5.0479,27,32,59,0.1187,0.1108,0.1155,1.0,0.0,92.53,1.5552,4.1666,4.1666,4622.4243,1769466650.9096978,10.98,65,592,0.643,37,0,0,10.31,15.0,0,614,1769466645.675,-4.369,meta-llama/Llama-3.2-1B-Instruct,"1769466645.675, 1769466645.705, 1769466645.908, 1769466645.978, 1769466646.099"
1.0,0,1769466644.3255,5.1581,27,32,59,0.15,0.0699,0.072,1.0,0.0,92.55,1.5513,4.3081,4.3081,4626.7324,1769466651.0478773,10.96,65,593,0.643,35,0,0,10.31,15.0,0,614,1769466645.675,-4.369,meta-llama/Llama-3.2-1B-Instruct,"1769466645.675, 1769466645.705, 1769466645.908, 1769466645.978, 1769466646.099"
1.0,0,1769466644.4671,5.0821,27,32,59,0.0817,0.0709,0.1034,1.0,0.0,92.56,1.5282,4.1638,4.1638,4630.8963,1769466651.1079338,10.94,65,594,0.643,35,1,0,10.31,15.0,0,614,1769466645.675,-4.369,meta-llama/Llama-3.2-1B-Instruct,"1769466645.675, 1769466645.705, 1769466645.908, 1769466645.978, 1769466646.099"
1.0,0,1769466644.4991,5.1172,27,32,59,0.1124,0.0852,0.0936,1.0,0.0,92.57,1.5393,4.2296,4.2296,4635.1259,1769466651.1783302,10.92,65,595,0.644,36,0,0,10.31,15.0,0,614,1769466645.675,-4.369,meta-llama/Llama-3.2-1B-Instruct,"1769466645.675, 1769466645.705, 1769466645.908, 1769466645.978, 1769466646.099"
1.0,0,1769466644.5273,5.2224,27,32,59,0.1105,0.0771,0.0878,1.0,0.0,92.59,1.5271,4.3329,4.3329,4639.4588,1769466651.2872574,10.91,65,596,0.644,36,0,0,10.31,15.0,0,614,1769466645.675,-4.369,meta-llama/Llama-3.2-1B-Instruct,"1769466645.675, 1769466645.705, 1769466645.908, 1769466645.978, 1769466646.099"
1.0,0,1769466644.5533,5.3355,27,32,59,0.0975,0.0743,0.0747,1.0,0.0,92.6,1.4995,4.433,4.433,4643.8918,1769466651.3932273,10.89,65,597,0.645,35,0,0,10.31,15.0,0,614,1769466645.675,-4.369,meta-llama/Llama-3.2-1B-Instruct,"1769466645.675, 1769466645.705, 1769466645.908, 1769466645.978, 1769466646.099"
1.0,0,1769466644.5789,5.3873,27,32,59,0.1698,0.0714,0.0716,1.0,0.0,92.61,1.5981,4.5572,4.5572,4652.9407,1769466651.5767827,10.87,65,599,0.645,36,0,0,10.31,15.0,0,614,1769466645.675,-4.369,meta-llama/Llama-3.2-1B-Instruct,"1769466645.675, 1769466645.705, 1769466645.908, 1769466645.978, 1769466646.099"
1.0,0,1769466644.6746,5.5758,27,32,59,0.1513,0.0776,0.0778,1.0,0.0,92.64,1.5609,4.7271,4.7271,4657.6679,1769466651.8290448,10.83,65,600,0.646,35,0,0,10.31,15.0,0,614,1769466645.675,-4.369,meta-llama/Llama-3.2-1B-Instruct,"1769466645.675, 1769466645.705, 1769466645.908, 1769466645.978, 1769466646.099"
1.0,0,1769466644.9084,5.4222,27,32,59,0.1004,0.087,0.0882,1.0,0.0,92.65,1.5231,4.5226,4.5226,4666.8829,1769466651.8556185,10.8,65,602,0.647,34,0,0,10.31,15.0,0,614,1769466645.675,-4.369,meta-llama/Llama-3.2-1B-Instruct,"1769466645.675, 1769466645.705, 1769466645.908, 1769466645.978, 1769466646.099"
1.0,0,1769466644.7047,5.5501,27,32,59,0.1423,0.0779,0.0893,1.0,0.0,92.66,1.5913,4.6924,4.6924,4666.8829,1769466651.8559132,10.82,65,602,0.646,35,0,0,10.31,15.0,0,614,1769466645.675,-4.369,meta-llama/Llama-3.2-1B-Instruct,"1769466645.675, 1769466645.705, 1769466645.908, 1769466645.978, 1769466646.099"
1.0,0,1769466644.978,5.4096,27,32,59,0.1221,0.0742,0.0927,1.0,0.0,92.67,1.5267,4.5317,4.5317,4671.4146,1769466651.9261096,10.78,65,603,0.647,36,0,0,10.31,15.0,0,614,1769466645.675,-4.369,meta-llama/Llama-3.2-1B-Instruct,"1769466645.675, 1769466645.705, 1769466645.908, 1769466645.978, 1769466646.099"
1.0,0,1769466645.0994,5.454,27,32,59,0.1137,0.0895,0.0962,1.0,0.0,92.69,1.5076,4.5677,4.5677,4675.9823,1769466652.0709233,10.76,65,604,0.648,35,0,0,10.31,15.0,0,614,1769466645.675,-4.369,meta-llama/Llama-3.2-1B-Instruct,"1769466645.675, 1769466645.705, 1769466645.908, 1769466645.978, 1769466646.099"
1.0,0,1769466645.128,5.4837,27,32,59,0.0868,0.0743,0.1101,1.0,0.0,92.7,1.5067,4.5705,4.5705,4680.5527,1769466652.1214452,10.74,65,605,0.648,35,0,0,10.31,15.0,0,614,1769466645.675,-4.369,meta-llama/Llama-3.2-1B-Instruct,"1769466645.675, 1769466645.705, 1769466645.908, 1769466645.978, 1769466646.099"
1.0,0,1769466645.1565,5.5684,27,32,59,0.1184,0.0731,0.0789,1.0,0.0,92.71,1.5579,4.6868,4.6868,4685.2396,1769466652.2985704,10.73,65,606,0.648,36,0,0,10.31,15.0,0,614,1769466645.675,-4.369,meta-llama/Llama-3.2-1B-Instruct,"1769466645.675, 1769466645.705, 1769466645.908, 1769466645.978, 1769466646.099"
1.0,0,1769466645.2256,5.5677,27,32,59,0.1273,0.0934,0.0993,1.0,0.0,92.72,1.5916,4.695,4.695,4689.9345,1769466652.3972535,10.71,65,607,0.649,36,0,0,10.31,15.0,0,614,1769466645.675,-4.369,meta-llama/Llama-3.2-1B-Instruct,"1769466645.675, 1769466645.705, 1769466645.908, 1769466645.978, 1769466646.099"
1.0,0,1769466645.7042,5.1757,27,32,59,0.1913,0.0944,0.1117,1.0,0.0,92.74,1.6535,4.367,4.367,4698.6359,1769466652.539486,10.67,65,609,0.649,36,0,0,10.31,15.0,0,614,1769466645.675,-4.369,meta-llama/Llama-3.2-1B-Instruct,"1769466645.675, 1769466645.705, 1769466645.908, 1769466645.978, 1769466646.099"
1.0,0,1769466645.7709,5.2259,27,32,59,0.1085,0.0879,0.1023,1.0,0.0,92.75,1.5341,4.3344,4.3344,4698.6359,1769466652.5396671,10.69,65,609,0.65,36,0,0,10.31,15.0,0,614,1769466645.675,-4.369,meta-llama/Llama-3.2-1B-Instruct,"1769466645.675, 1769466645.705, 1769466645.908, 1769466645.978, 1769466646.099"
1.0,0,1769466646.0849,5.0294,27,32,59,0.1222,0.0931,0.0955,1.0,0.0,92.76,1.5361,4.1516,4.1516,4702.7874,1769466652.670857,10.66,65,610,0.651,36,0,0,10.31,15.0,0,614,1769466645.675,-4.369,meta-llama/Llama-3.2-1B-Instruct,"1769466645.675, 1769466645.705, 1769466645.908, 1769466645.978, 1769466646.099"
1.0,0,1769466646.2409,4.9168,27,32,59,0.1152,0.0874,0.1,1.0,0.0,92.77,1.571,4.032,4.032,4706.8195,1769466652.7369633,10.64,65,611,0.65,35,1,0,10.31,15.0,0,614,1769466645.675,-4.369,meta-llama/Llama-3.2-1B-Instruct,"1769466645.675, 1769466645.705, 1769466645.908, 1769466645.978, 1769466646.099"
1.0,0,1769466646.2711,5.1446,27,32,59,0.1126,0.0729,0.0785,1.0,0.0,92.79,1.5274,4.2572,4.2572,4711.0767,1769466652.9544065,10.62,65,612,0.652,36,0,0,10.31,15.0,0,614,1769466645.675,-4.369,meta-llama/Llama-3.2-1B-Instruct,"1769466645.675, 1769466645.705, 1769466645.908, 1769466645.978, 1769466646.099"
1.0,0,1769466646.4138,5.1055,27,32,59,0.1233,0.0816,0.0846,1.0,0.0,92.8,1.5662,4.2287,4.2287,4719.5142,1769466653.0970998,10.59,65,614,0.652,36,0,0,10.31,15.0,0,614,1769466645.675,-4.369,meta-llama/Llama-3.2-1B-Instruct,"1769466645.675, 1769466645.705, 1769466645.908, 1769466645.978, 1769466646.099"
1.0,0,1769466646.5106,5.1584,27,32,59,0.1488,0.0902,0.0928,1.0,0.0,92.82,1.5475,4.3072,4.3072,4723.8214,1769466653.2303045,10.57,65,615,0.653,36,0,0,10.31,15.0,0,614,1769466645.675,-4.369,meta-llama/Llama-3.2-1B-Instruct,"1769466645.675, 1769466645.705, 1769466645.908, 1769466645.978, 1769466646.099"
1.0,0,1769466646.66,5.0716,27,32,59,0.0736,0.0898,0.1006,1.0,0.0,92.83,1.5827,4.1453,4.1453,4727.9667,1769466653.322977,10.55,65,616,0.653,36,0,0,10.31,15.0,0,614,1769466645.675,-4.369,meta-llama/Llama-3.2-1B-Instruct,"1769466645.675, 1769466645.705, 1769466645.908, 1769466645.978, 1769466646.099"
1.0,0,1769466646.7159,5.0778,27,32,59,0.1079,0.0872,0.0891,1.0,0.0,92.85,1.5624,4.1857,4.1857,4732.1524,1769466653.3728535,10.53,65,617,0.654,36,0,0,10.31,15.0,0,614,1769466645.675,-4.369,meta-llama/Llama-3.2-1B-Instruct,"1769466645.675, 1769466645.705, 1769466645.908, 1769466645.978, 1769466646.099"
1.0,0,1769466647.2714,4.8886,27,24,51,0.145,0.0776,0.0796,1.0,0.0,92.86,1.2551,4.0336,4.0336,4736.186,1769466653.425857,10.52,65,618,0.654,34,0,0,10.31,15.0,0,614,1769466645.675,-4.369,meta-llama/Llama-3.2-1B-Instruct,"1769466645.675, 1769466645.705, 1769466645.908, 1769466645.978, 1769466646.099"
1.0,0,1769466646.9368,5.0057,27,32,59,0.12,0.0895,0.1077,1.0,0.0,92.87,1.5326,4.1257,4.1257,4740.3117,1769466653.483966,10.5,65,619,0.653,35,0,0,10.31,15.0,0,614,1769466645.675,-4.369,meta-llama/Llama-3.2-1B-Instruct,"1769466645.675, 1769466645.705, 1769466645.908, 1769466645.978, 1769466646.099"
1.0,0,1769466647.0493,5.0371,27,32,59,0.1258,0.078,0.1023,1.0,0.0,92.88,1.5452,4.1628,4.1628,4744.4745,1769466653.6560388,10.48,65,620,0.654,35,0,0,10.31,15.0,0,614,1769466645.675,-4.369,meta-llama/Llama-3.2-1B-Instruct,"1769466645.675, 1769466645.705, 1769466645.908, 1769466645.978, 1769466646.099"
1.0,0,1769466647.3873,4.8679,27,32,59,0.1361,0.0745,0.0754,1.0,0.0,92.89,1.5525,4.004,4.004,4748.4785,1769466653.8132527,10.47,65,621,0.655,35,0,0,10.31,15.0,0,614,1769466645.675,-4.369,meta-llama/Llama-3.2-1B-Instruct,"1769466645.675, 1769466645.705, 1769466645.908, 1769466645.978, 1769466646.099"
200.0,1,1769466580.8356,60.8803,2680,171,2851,4.202,0.0854,0.1011,200.0,0.0,92.9,12.1352,-126.9845,0.0,4748.4785,1769466653.8656738,10.61,66,622,0.476,27,1,0,10.31,15.0,0,614,1769466645.675,-4.369,meta-llama/Llama-3.2-1B-Instruct,"1769466645.675, 1769466645.705, 1769466645.908, 1769466645.978, 1769466646.099"
1.0,0,1769466647.6348,4.774,27,32,59,0.1133,0.0941,0.108,1.0,0.0,92.92,1.5534,3.8874,3.8874,4752.3659,1769466653.981379,10.59,66,623,0.656,35,0,0,10.31,15.0,0,614,1769466645.675,-4.369,meta-llama/Llama-3.2-1B-Instruct,"1769466645.675, 1769466645.705, 1769466645.908, 1769466645.978, 1769466646.099"
1.0,0,1769466647.7192,4.7589,27,32,59,0.1408,0.0759,0.103,1.0,0.0,92.93,1.5649,3.8997,3.8997,4756.2656,1769466654.0444984,10.58,66,624,0.656,35,0,0,10.31,15.0,0,614,1769466645.675,-4.369,meta-llama/Llama-3.2-1B-Instruct,"1769466645.675, 1769466645.705, 1769466645.908, 1769466645.978, 1769466646.099"
1.0,0,1769466647.8926,4.7487,27,32,59,0.1012,0.0824,0.0919,1.0,0.0,92.94,1.5339,3.8499,3.8499,4760.1155,1769466654.1860414,10.56,66,625,0.657,35,0,0,10.31,15.0,0,614,1769466645.675,-4.369,meta-llama/Llama-3.2-1B-Instruct,"1769466645.675, 1769466645.705, 1769466645.908, 1769466645.978, 1769466646.099"
1.0,0,1769466647.9556,4.7364,27,32,59,0.095,0.0809,0.1098,1.0,0.0,92.95,1.54,3.8314,3.8314,4763.9469,1769466654.2423606,10.54,66,626,0.656,34,0,0,10.31,15.0,0,614,1769466645.675,-4.369,meta-llama/Llama-3.2-1B-Instruct,"1769466645.675, 1769466645.705, 1769466645.908, 1769466645.978, 1769466646.099"
1.0,0,1769466648.062,4.8632,27,32,59,0.1368,0.0752,0.0771,1.0,0.0,92.96,1.5172,4.0001,4.0001,4767.9469,1769466654.445177,10.53,66,627,0.658,35,0,0,10.31,15.0,0,614,1769466645.675,-4.369,meta-llama/Llama-3.2-1B-Instruct,"1769466645.675, 1769466645.705, 1769466645.908, 1769466645.978, 1769466646.099"
1.0,0,1769466648.0994,4.9627,27,32,59,0.1621,0.0882,0.0883,1.0,0.0,92.97,1.5246,4.1248,4.1248,4772.0718,1769466654.5929458,10.65,67,629,0.658,34,0,0,10.31,15.0,0,614,1769466645.675,-4.369,meta-llama/Llama-3.2-1B-Instruct,"1769466645.675, 1769466645.705, 1769466645.908, 1769466645.978, 1769466646.099"
200.0,1,1769466580.3569,51.4747,2972,391,3363,1.5933,0.0791,0.2923,200.0,0.0,92.99,22.7519,-125.7734,0.0,4772.0718,1769466654.596304,10.67,67,629,0.813,37,0,0,10.31,15.0,0,614,1769466645.675,-4.369,meta-llama/Llama-3.2-1B-Instruct,"1769466645.675, 1769466645.705, 1769466645.908, 1769466645.978, 1769466646.099"
1.0,0,1769466648.2239,4.8984,27,32,59,0.0794,0.0843,0.0847,1.0,0.0,93.0,1.4952,3.9778,3.9778,4776.0496,1769466654.6352434,10.63,67,630,0.658,33,0,0,10.31,15.0,0,614,1769466645.675,-4.369,meta-llama/Llama-3.2-1B-Instruct,"1769466645.675, 1769466645.705, 1769466645.908, 1769466645.978, 1769466646.099"
1.0,0,1769466648.2969,4.8889,27,32,59,0.1183,0.0769,0.0925,1.0,0.0,93.01,1.5109,4.0072,4.0072,4780.0567,1769466654.7063408,10.62,67,631,0.659,35,0,0,10.31,15.0,0,614,1769466645.675,-4.369,meta-llama/Llama-3.2-1B-Instruct,"1769466645.675, 1769466645.705, 1769466645.908, 1769466645.978, 1769466646.099"
1.0,0,1769466648.4939,4.8292,27,35,62,0.1238,0.081,0.0826,1.0,0.0,93.02,1.4995,3.953,3.953,4784.0097,1769466654.835486,10.6,67,632,0.659,34,0,0,10.31,15.0,0,614,1769466645.675,-4.369,meta-llama/Llama-3.2-1B-Instruct,"1769466645.675, 1769466645.705, 1769466645.908, 1769466645.978, 1769466646.099"
1.0,0,1769466648.6096,4.776,27,32,59,0.0908,0.0766,0.0823,1.0,0.0,93.03,1.4935,3.8668,3.8668,4787.8766,1769466654.8811986,10.58,67,633,0.659,33,0,0,10.31,15.0,0,614,1769466645.675,-4.369,meta-llama/Llama-3.2-1B-Instruct,"1769466645.675, 1769466645.705, 1769466645.908, 1769466645.978, 1769466646.099"
1.0,0,1769466648.6389,4.8675,27,32,59,0.1156,0.0816,0.0895,1.0,0.0,93.04,1.5546,3.9831,3.9831,4795.2871,1769466655.0701046,10.57,67,635,0.659,33,0,0,10.31,15.0,0,614,1769466645.675,-4.369,meta-llama/Llama-3.2-1B-Instruct,"1769466645.675, 1769466645.705, 1769466645.908, 1769466645.978, 1769466646.099"
1.0,0,1769466649.2278,4.3332,27,32,59,0.0942,0.0749,0.0786,1.0,0.0,93.05,1.5005,3.4274,3.4274,4795.2871,1769466655.0703657,10.55,67,635,0.66,33,0,0,10.31,15.0,0,614,1769466645.675,-4.369,meta-llama/Llama-3.2-1B-Instruct,"1769466645.675, 1769466645.705, 1769466645.908, 1769466645.978, 1769466646.099"
1.0,0,1769466649.3093,4.3573,27,32,59,0.0728,0.0724,0.1154,1.0,0.0,93.06,1.5059,3.4301,3.4301,4798.7172,1769466655.192087,10.53,67,636,0.66,34,0,0,10.31,15.0,0,616,1769466652.746,-2.359,meta-llama/Llama-3.2-1B-Instruct,"1769466652.746, 1769466652.988, 1769466653.234, 1769466653.875, 1769466654.104"
1.0,0,1769466650.7711,3.5716,27,16,43,0.2352,0.0738,0.0738,1.0,0.0,93.08,0.8785,2.8068,2.8068,4801.524,1769466655.2261558,10.52,67,637,0.637,35,0,0,10.31,15.0,0,616,1769466652.746,-2.359,meta-llama/Llama-3.2-1B-Instruct,"1769466652.746, 1769466652.988, 1769466653.234, 1769466653.875, 1769466654.104"
1.0,0,1769466651.4769,3.5863,27,0,27,,,,1.0,,,0.1668,2.7531,2.7531,4804.2772,1769466655.2439654,10.5,67,638,0.609,34,0,0,10.31,15.0,0,616,1769466652.746,-2.359,meta-llama/Llama-3.2-1B-Instruct,"1769466652.746, 1769466652.988, 1769466653.234, 1769466653.875, 1769466654.104"
1.0,0,1769466649.5666,4.2992,27,32,59,0.0812,0.0774,0.0863,1.0,0.0,93.09,1.4816,3.3804,3.3804,4811.191,1769466655.3519292,10.49,67,640,0.661,34,0,0,10.31,15.0,0,616,1769466652.746,-2.359,meta-llama/Llama-3.2-1B-Instruct,"1769466652.746, 1769466652.988, 1769466653.234, 1769466653.875, 1769466654.104"
1.0,0,1769466649.412,4.4462,27,32,59,0.0873,0.0788,0.0985,1.0,0.0,93.1,1.4918,3.5334,3.5334,4811.191,1769466655.3553994,10.47,67,640,0.661,35,0,0,10.31,15.0,0,616,1769466652.746,-2.359,meta-llama/Llama-3.2-1B-Instruct,"1769466652.746, 1769466652.988, 1769466653.234, 1769466653.875, 1769466654.104"
1.0,0,1769466649.6886,4.2054,27,32,59,0.0871,0.0919,0.1212,1.0,0.0,93.11,1.496,3.2925,3.2925,4814.4835,1769466655.4111116,10.45,67,641,0.635,33,0,0,10.31,15.0,0,616,1769466652.746,-2.359,meta-llama/Llama-3.2-1B-Instruct,"1769466652.746, 1769466652.988, 1769466653.234, 1769466653.875, 1769466654.104"
1.0,0,1769466650.3078,3.6945,27,32,59,0.1489,0.0825,0.0947,1.0,0.0,93.12,1.5024,2.8434,2.8434,4817.3269,1769466655.5159018,10.44,67,642,0.636,35,0,0,10.31,15.0,0,616,1769466652.746,-2.359,meta-llama/Llama-3.2-1B-Instruct,"1769466652.746, 1769466652.988, 1769466653.234, 1769466653.875, 1769466654.104"
1.0,0,1769466650.3445,3.7198,27,32,59,0.1105,0.074,0.0818,1.0,0.0,93.13,1.4862,2.8303,2.8303,4820.1572,1769466655.5967913,10.42,67,643,0.635,34,1,0,10.31,15.0,0,616,1769466652.746,-2.359,meta-llama/Llama-3.2-1B-Instruct,"1769466652.746, 1769466652.988, 1769466653.234, 1769466653.875, 1769466654.104"
1.0,0,1769466650.5869,3.5371,27,32,59,0.1067,0.0835,0.1032,1.0,0.0,93.14,1.501,2.6438,2.6438,4822.801,1769466655.6314907,10.4,67,644,0.637,36,0,0,10.31,15.0,0,616,1769466652.746,-2.359,meta-llama/Llama-3.2-1B-Instruct,"1769466652.746, 1769466652.988, 1769466653.234, 1769466653.875, 1769466654.104"
1.0,0,1769466650.7006,3.5701,27,32,59,0.1142,0.0766,0.0782,1.0,0.0,93.15,1.4748,2.6843,2.6843,4825.4853,1769466655.7484152,10.39,67,645,0.637,35,0,0,10.31,15.0,0,616,1769466652.746,-2.359,meta-llama/Llama-3.2-1B-Instruct,"1769466652.746, 1769466652.988, 1769466653.234, 1769466653.875, 1769466654.104"
1.0,0,1769466650.838,3.625,27,32,59,0.0882,0.0745,0.0752,1.0,0.0,93.16,1.4786,2.7132,2.7132,4828.1985,1769466655.9699697,10.37,67,646,0.638,35,0,0,10.31,15.0,0,616,1769466652.746,-2.359,meta-llama/Llama-3.2-1B-Instruct,"1769466652.746, 1769466652.988, 1769466653.234, 1769466653.875, 1769466654.104"
1.0,0,1769466650.9529,3.581,27,32,59,0.1221,0.076,0.0886,1.0,0.0,93.17,1.4653,2.7031,2.7031,4830.9016,1769466656.0106602,10.36,67,647,0.607,36,0,0,10.31,15.0,0,616,1769466652.746,-2.359,meta-llama/Llama-3.2-1B-Instruct,"1769466652.746, 1769466652.988, 1769466653.234, 1769466653.875, 1769466654.104"
1.0,0,1769466651.0163,3.6513,27,32,59,0.132,0.0725,0.074,1.0,0.0,93.19,1.4597,2.7833,2.7833,4833.6849,1769466656.1367564,10.34,67,648,0.608,35,0,0,10.31,15.0,0,616,1769466652.746,-2.359,meta-llama/Llama-3.2-1B-Instruct,"1769466652.746, 1769466652.988, 1769466653.234, 1769466653.875, 1769466654.104"
1.0,0,1769466651.1221,3.6095,27,32,59,0.0954,0.0759,0.0835,1.0,0.0,93.2,1.4679,2.7049,2.7049,4836.3898,1769466656.223052,10.32,67,649,0.607,34,0,0,10.31,15.0,0,616,1769466652.746,-2.359,meta-llama/Llama-3.2-1B-Instruct,"1769466652.746, 1769466652.988, 1769466653.234, 1769466653.875, 1769466654.104"
1.0,0,1769466651.3911,3.5459,27,32,59,0.1104,0.0804,0.0952,1.0,0.0,93.21,1.4619,2.6564,2.6564,4839.0462,1769466656.402835,10.31,67,650,0.608,34,0,0,10.31,15.0,0,616,1769466652.746,-2.359,meta-llama/Llama-3.2-1B-Instruct,"1769466652.746, 1769466652.988, 1769466653.234, 1769466653.875, 1769466654.104"
1.0,0,1769466651.5984,3.5379,27,32,59,0.0906,0.0729,0.0924,1.0,0.0,93.22,1.4525,2.6286,2.6286,4841.6747,1769466656.5899723,10.29,67,651,0.608,33,0,0,10.31,15.0,0,616,1769466652.746,-2.359,meta-llama/Llama-3.2-1B-Instruct,"1769466652.746, 1769466652.988, 1769466653.234, 1769466653.875, 1769466654.104"
1.0,0,1769466651.7456,3.4987,27,32,59,0.1244,0.071,0.0733,1.0,0.0,93.23,1.4562,2.623,2.623,4844.2978,1769466656.7055552,10.28,67,652,0.609,33,0,0,10.31,15.0,0,616,1769466652.746,-2.359,meta-llama/Llama-3.2-1B-Instruct,"1769466652.746, 1769466652.988, 1769466653.234, 1769466653.875, 1769466654.104"
1.0,0,1769466651.988,3.3312,27,30,57,0.0776,0.0712,0.0821,1.0,0.0,93.24,1.443,2.4088,2.4088,4846.7066,1769466656.7631848,10.26,67,653,0.609,32,0,0,10.31,15.0,0,616,1769466652.746,-2.359,meta-llama/Llama-3.2-1B-Instruct,"1769466652.746, 1769466652.988, 1769466653.234, 1769466653.875, 1769466654.104"
1.0,0,1769466652.234,3.1734,27,32,59,0.1582,0.0689,0.0805,1.0,0.0,93.25,1.4865,2.3316,2.3316,4849.0382,1769466656.9001396,10.24,67,654,0.608,31,0,0,10.31,15.0,0,616,1769466652.746,-2.359,meta-llama/Llama-3.2-1B-Instruct,"1769466652.746, 1769466652.988, 1769466653.234, 1769466653.875, 1769466654.104"
1.0,0,1769466652.8753,2.604,27,32,59,0.0686,0.0731,0.0871,1.0,0.0,93.26,1.4623,1.6726,1.6726,4850.7107,1769466656.949963,10.23,67,655,0.609,31,1,0,10.31,15.0,0,616,1769466652.746,-2.359,meta-llama/Llama-3.2-1B-Instruct,"1769466652.746, 1769466652.988, 1769466653.234, 1769466653.875, 1769466654.104"
1.0,0,1769466653.104,2.4854,27,32,59,0.1275,0.075,0.2378,1.0,0.0,93.27,1.6672,1.6129,1.6129,4855.395,1769466657.3334453,10.21,67,658,0.609,31,0,0,10.31,15.0,0,616,1769466652.746,-2.359,meta-llama/Llama-3.2-1B-Instruct,"1769466652.746, 1769466652.988, 1769466653.234, 1769466653.875, 1769466654.104"
1.0,0,1769466653.2494,2.4059,27,32,59,0.0925,0.0775,0.2345,1.0,0.0,93.28,1.6016,1.4984,1.4984,4855.395,1769466657.333724,10.2,67,658,0.609,30,0,0,10.31,15.0,0,616,1769466652.746,-2.359,meta-llama/Llama-3.2-1B-Instruct,"1769466652.746, 1769466652.988, 1769466653.234, 1769466653.875, 1769466654.104"
1.0,0,1769466653.429,2.4457,27,32,59,0.0717,0.0793,0.2979,1.0,0.0,93.3,1.488,1.5174,1.5174,4856.9124,1769466657.371403,10.17,67,659,0.61,31,0,0,10.31,15.0,0,616,1769466652.746,-2.359,meta-llama/Llama-3.2-1B-Instruct,"1769466652.746, 1769466652.988, 1769466653.234, 1769466653.875, 1769466654.104"
1.0,0,1769466653.5129,2.4502,27,32,59,0.1466,0.0777,0.249,1.0,0.0,93.31,1.5324,1.5968,1.5968,4858.5092,1769466657.4995682,10.15,67,660,0.611,32,0,0,10.31,15.0,0,616,1769466652.746,-2.359,meta-llama/Llama-3.2-1B-Instruct,"1769466652.746, 1769466652.988, 1769466653.234, 1769466653.875, 1769466654.104"
1.0,0,1769466653.5783,2.4623,27,32,59,0.0909,0.0847,0.2504,1.0,0.0,93.32,1.4961,1.5532,1.5532,4860.0624,1769466657.5521464,10.14,67,661,0.611,31,0,0,10.31,15.0,0,616,1769466652.746,-2.359,meta-llama/Llama-3.2-1B-Instruct,"1769466652.746, 1769466652.988, 1769466653.234, 1769466653.875, 1769466654.104"
1.0,0,1769466655.8496,1.6244,27,0,27,,,,1.0,,,0.1234,0.7479,0.7479,4862.3264,1769466657.6020982,10.12,67,663,0.617,31,0,0,10.31,15.0,0,616,1769466652.746,-2.359,meta-llama/Llama-3.2-1B-Instruct,"1769466652.746, 1769466652.988, 1769466653.234, 1769466653.875, 1769466654.104"
1.0,0,1769466653.6927,2.4001,27,32,59,0.1161,0.0772,0.2739,1.0,0.0,93.33,1.5063,1.5161,1.5161,4862.3264,1769466657.6124527,10.11,67,663,0.612,33,0,0,10.31,15.0,0,616,1769466652.746,-2.359,meta-llama/Llama-3.2-1B-Instruct,"1769466652.746, 1769466652.988, 1769466653.234, 1769466653.875, 1769466654.104"
200.0,1,1769466580.5369,60.5034,2756,258,3014,1.9614,0.0773,0.1218,200.0,0.0,93.34,16.6117,-122.8849,0.0,4862.3264,1769466657.6678135,10.24,68,664,0.345,21,0,0,10.31,15.0,0,616,1769466652.746,-2.359,meta-llama/Llama-3.2-1B-Instruct,"1769466652.746, 1769466652.988, 1769466653.234, 1769466653.875, 1769466654.104"
1.0,0,1769466653.8729,2.3955,27,32,59,0.0758,0.0793,0.2586,1.0,0.0,93.35,1.4886,1.4713,1.4713,4863.7977,1769466657.774928,10.23,68,665,0.612,32,0,0,10.31,15.0,0,616,1769466652.746,-2.359,meta-llama/Llama-3.2-1B-Instruct,"1769466652.746, 1769466652.988, 1769466653.234, 1769466653.875, 1769466654.104"
1.0,0,1769466653.9382,2.4252,27,30,57,0.1637,0.0835,0.2274,1.0,0.0,93.36,1.4693,1.5889,1.5889,4865.3866,1769466657.834732,10.21,68,666,0.613,33,0,0,10.31,15.0,0,616,1769466652.746,-2.359,meta-llama/Llama-3.2-1B-Instruct,"1769466652.746, 1769466652.988, 1769466653.234, 1769466653.875, 1769466654.104"
1.0,0,1769466654.2058,2.2355,27,32,59,0.0669,0.0702,0.2396,1.0,0.0,93.37,1.476,1.3024,1.3024,4866.689,1769466657.938803,10.19,68,667,0.613,32,1,0,10.31,15.0,0,616,1769466652.746,-2.359,meta-llama/Llama-3.2-1B-Instruct,"1769466652.746, 1769466652.988, 1769466653.234, 1769466653.875, 1769466654.104"
1.0,0,1769466654.3167,2.2243,27,32,59,0.1296,0.0816,0.2338,1.0,0.0,93.38,1.5009,1.3539,1.3539,4868.0429,1769466658.0432758,10.18,68,668,0.614,34,0,0,10.31,15.0,0,616,1769466652.746,-2.359,meta-llama/Llama-3.2-1B-Instruct,"1769466652.746, 1769466652.988, 1769466653.234, 1769466653.875, 1769466654.104"
1.0,0,1769466654.4867,2.1211,27,32,59,0.0881,0.1014,0.3274,1.0,0.0,93.39,1.4796,1.2093,1.2093,4869.2521,1769466658.0895207,10.16,68,669,0.614,33,0,0,10.31,15.0,0,616,1769466652.746,-2.359,meta-llama/Llama-3.2-1B-Instruct,"1769466652.746, 1769466652.988, 1769466653.234, 1769466653.875, 1769466654.104"
1.0,0,1769466654.6045,2.1229,27,32,59,0.0833,0.0835,0.2197,1.0,0.0,93.4,1.5191,1.2062,1.2062,4870.4584,1769466658.25219,10.15,68,670,0.615,33,0,0,10.31,15.0,0,616,1769466652.746,-2.359,meta-llama/Llama-3.2-1B-Instruct,"1769466652.746, 1769466652.988, 1769466653.234, 1769466653.875, 1769466654.104"
1.0,0,1769466657.6754,0.4635,27,1,28,0.0879,,,1.0,,,0.1736,-0.4486,0.0,4871.5289,1769466658.329207,10.28,69,672,0.59,29,1,0,10.31,15.0,0,616,1769466652.746,-2.359,meta-llama/Llama-3.2-1B-Instruct,"1769466652.746, 1769466652.988, 1769466653.234, 1769466653.875, 1769466654.104"
1.0,0,1769466654.8933,1.9548,27,32,59,0.1157,0.0659,0.3578,1.0,0.0,93.42,1.4676,1.0705,1.0705,4871.5289,1769466658.3302572,10.27,69,672,0.616,34,0,0,10.31,15.0,0,616,1769466652.746,-2.359,meta-llama/Llama-3.2-1B-Instruct,"1769466652.746, 1769466652.988, 1769466653.234, 1769466653.875, 1769466654.104"
1.0,0,1769466655.2953,1.6166,27,32,59,0.0895,0.0787,0.2482,1.0,0.0,93.43,1.4603,0.7061,0.7061,4872.235,1769466658.3750618,10.25,69,673,0.616,33,0,0,10.31,15.0,0,616,1769466652.746,-2.359,meta-llama/Llama-3.2-1B-Instruct,"1769466652.746, 1769466652.988, 1769466653.234, 1769466653.875, 1769466654.104"
1.0,0,1769466657.9895,0.3557,27,0,27,,,,1.0,,,0.1246,-0.5197,0.0,4872.235,1769466658.475545,10.39,70,674,0.591,29,0,0,10.31,15.0,0,616,1769466652.746,-2.359,meta-llama/Llama-3.2-1B-Instruct,"1769466652.746, 1769466652.988, 1769466653.234, 1769466653.875, 1769466654.104"
1.0,0,1769466655.3247,1.6832,27,32,59,0.2763,0.0648,0.0709,1.0,0.0,93.44,1.6176,0.9594,0.9594,4873.1944,1769466658.6288345,10.37,70,675,0.616,34,0,0,10.31,15.0,0,616,1769466652.746,-2.359,meta-llama/Llama-3.2-1B-Instruct,"1769466652.746, 1769466652.988, 1769466653.234, 1769466653.875, 1769466654.104"
1.0,0,1769466655.8797,1.6431,27,27,54,0.0903,0.0731,0.0768,1.0,0.0,93.45,1.2848,0.7334,0.7334,4873.9278,1769466658.8092065,10.36,70,676,0.617,30,0,0,10.31,15.0,0,616,1769466652.746,-2.359,meta-llama/Llama-3.2-1B-Instruct,"1769466652.746, 1769466652.988, 1769466653.234, 1769466653.875, 1769466654.104"
1.0,0,1769466658.9057,0.0577,27,0,27,,,,1.0,,,2.5346,1.5923,1.5923,4875.5201,1769466661.5058916,10.34,70,677,0.65,30,0,0,10.31,15.0,0,644,1769466660.153,0.04,meta-llama/Llama-3.2-1B-Instruct,"1769466660.153, 1769466660.188, 1769466660.214, 1769466660.285, 1769466660.311"
1.0,0,1769466655.4493,2.0286,27,32,59,0.0953,0.7242,1.9593,1.0,0.9593,93.3,4.0817,1.124,1.124,4876.6441,1769466661.5695019,10.32,70,678,0.617,31,0,0,10.31,15.0,0,644,1769466660.153,0.04,meta-llama/Llama-3.2-1B-Instruct,"1769466660.153, 1769466660.188, 1769466660.214, 1769466660.285, 1769466660.311"
1.0,0,1769466656.4157,1.3786,27,24,51,0.1162,0.7362,1.9545,1.0,0.9545,93.16,3.823,0.4948,0.4948,4877.1388,1769466661.6332188,10.31,70,679,0.59,30,0,0,10.31,15.0,0,644,1769466660.153,0.04,meta-llama/Llama-3.2-1B-Instruct,"1769466660.153, 1769466660.188, 1769466660.214, 1769466660.285, 1769466660.311"
1.0,0,1769466656.0132,1.6139,27,32,59,0.1258,0.7252,1.9639,1.0,0.9639,93.02,4.1552,0.7397,0.7397,4877.8785,1769466661.7930202,10.29,70,680,0.617,30,0,0,10.31,15.0,0,644,1769466660.153,0.04,meta-llama/Llama-3.2-1B-Instruct,"1769466660.153, 1769466660.188, 1769466660.214, 1769466660.285, 1769466660.311"
1.0,0,1769466656.0459,1.6494,27,32,59,0.0719,0.7246,1.9497,1.0,0.9497,92.88,4.151,0.7214,0.7214,4878.5999,1769466661.860424,10.28,70,681,0.589,29,1,0,10.31,15.0,0,644,1769466660.153,0.04,meta-llama/Llama-3.2-1B-Instruct,"1769466660.153, 1769466660.188, 1769466660.214, 1769466660.285, 1769466660.311"
1.0,0,1769466656.8641,0.9938,27,32,59,0.0995,0.7132,1.9666,1.0,0.9666,92.74,4.2034,0.0933,0.0933,4878.6931,1769466662.0742493,10.26,70,682,0.589,29,1,0,10.31,15.0,0,644,1769466660.153,0.04,meta-llama/Llama-3.2-1B-Instruct,"1769466660.153, 1769466660.188, 1769466660.214, 1769466660.285, 1769466660.311"
1.0,0,1769466657.4208,0.5256,27,32,59,0.0861,0.7247,1.9556,1.0,0.9556,92.6,4.184,-0.3883,0.0,4878.6931,1769466662.137706,10.4,71,683,0.59,30,0,0,10.31,15.0,0,644,1769466660.153,0.04,meta-llama/Llama-3.2-1B-Instruct,"1769466660.153, 1769466660.188, 1769466660.214, 1769466660.285, 1769466660.311"
1.0,0,1769466657.5009,0.5567,27,32,59,0.1674,0.7221,1.9844,1.0,0.9844,92.46,4.2954,-0.2759,0.0,4878.6931,1769466662.3602195,10.53,72,684,0.59,30,0,0,10.31,15.0,0,644,1769466660.153,0.04,meta-llama/Llama-3.2-1B-Instruct,"1769466660.153, 1769466660.188, 1769466660.214, 1769466660.285, 1769466660.311"
1.0,0,1769466657.7361,0.4699,27,32,59,0.1173,0.7262,1.964,1.0,0.964,92.32,4.314,-0.4127,0.0,4878.6931,1769466662.5254843,10.66,73,685,0.591,30,0,0,10.31,15.0,0,644,1769466660.153,0.04,meta-llama/Llama-3.2-1B-Instruct,"1769466660.153, 1769466660.188, 1769466660.214, 1769466660.285, 1769466660.311"
1.0,0,1769466658.1032,0.3094,27,32,59,0.1222,0.7035,1.9627,1.0,0.9627,92.18,4.3897,-0.5684,0.0,4878.6931,1769466662.8156497,10.79,74,686,0.591,28,0,0,10.31,15.0,0,644,1769466660.153,0.04,meta-llama/Llama-3.2-1B-Instruct,"1769466660.153, 1769466660.188, 1769466660.214, 1769466660.285, 1769466660.311"
1.0,0,1769466658.3857,0.1041,27,33,60,0.0783,0.7257,1.9701,1.0,0.9701,92.04,4.3512,-0.8176,0.0,4878.6931,1769466662.8560317,10.92,75,687,0.591,28,0,0,10.31,15.0,0,644,1769466660.153,0.04,meta-llama/Llama-3.2-1B-Instruct,"1769466660.153, 1769466660.188, 1769466660.214, 1769466660.285, 1769466660.311"
1.0,0,1769466659.0232,0.0778,27,33,60,2.3748,0.0818,0.0942,1.0,0.0,92.05,4.0543,1.4526,1.4526,4883.4088,1769466663.1707542,10.9,75,690,0.65,30,0,0,10.31,15.0,0,644,1769466660.153,0.04,meta-llama/Llama-3.2-1B-Instruct,"1769466660.153, 1769466660.188, 1769466660.214, 1769466660.285, 1769466660.311"
1.0,0,1769466658.7461,0.0838,27,32,59,2.6698,0.0807,0.0807,1.0,0.0,92.07,4.3355,1.7536,1.7536,4884.7663,1769466663.172569,10.89,75,691,0.65,30,0,0,10.31,15.0,0,644,1769466660.153,0.04,meta-llama/Llama-3.2-1B-Instruct,"1769466660.153, 1769466660.188, 1769466660.214, 1769466660.285, 1769466660.311"
1.0,0,1769466658.9925,0.0552,27,32,59,2.4542,0.1008,0.11,1.0,0.0,92.08,4.122,1.5094,1.5094,4884.7663,1769466663.1750798,10.87,75,691,0.65,30,0,0,10.31,15.0,0,644,1769466660.153,0.04,meta-llama/Llama-3.2-1B-Instruct,"1769466660.153, 1769466660.188, 1769466660.214, 1769466660.285, 1769466660.311"
1.0,0,1769466659.1198,0.0554,27,32,59,2.3021,0.0807,0.091,1.0,0.0,92.09,3.9968,1.3575,1.3575,4884.7663,1769466663.1753051,10.85,75,691,0.65,30,0,0,10.31,15.0,0,644,1769466660.153,0.04,meta-llama/Llama-3.2-1B-Instruct,"1769466660.153, 1769466660.188, 1769466660.214, 1769466660.285, 1769466660.311"
1.0,0,1769466659.1532,2.4965,27,32,59,0.137,0.0926,0.0974,1.0,0.0,92.1,1.8475,1.6336,1.6336,4886.3999,1769466663.5063565,10.84,75,692,0.796,37,0,0,10.31,15.0,0,644,1769466660.153,0.04,meta-llama/Llama-3.2-1B-Instruct,"1769466660.153, 1769466660.188, 1769466660.214, 1769466660.285, 1769466660.311"
1.0,0,1769466659.188,2.5699,27,32,59,0.1109,0.0792,0.0803,1.0,0.0,92.11,1.7859,1.6808,1.6808,4888.0807,1769466663.5528824,10.82,75,693,0.797,38,0,0,10.31,15.0,0,644,1769466660.153,0.04,meta-llama/Llama-3.2-1B-Instruct,"1769466660.153, 1769466660.188, 1769466660.214, 1769466660.285, 1769466660.311"
1.0,0,1769466659.2139,2.6949,27,32,59,0.163,0.0789,0.0919,1.0,0.0,92.12,1.8009,1.8579,1.8579,4889.9386,1769466663.7201886,10.81,75,694,0.797,37,0,0,10.31,15.0,0,644,1769466660.153,0.04,meta-llama/Llama-3.2-1B-Instruct,"1769466660.153, 1769466660.188, 1769466660.214, 1769466660.285, 1769466660.311"
1.0,0,1769466659.285,2.6853,27,32,59,0.1162,0.106,0.1175,1.0,0.0,92.14,1.8081,1.8015,1.8015,4891.7401,1769466663.7877104,10.79,75,695,0.798,37,1,0,10.31,15.0,0,644,1769466660.153,0.04,meta-llama/Llama-3.2-1B-Instruct,"1769466660.153, 1769466660.188, 1769466660.214, 1769466660.285, 1769466660.311"
1.0,0,1769466659.3107,2.7328,27,31,58,0.0786,0.0798,0.0802,1.0,0.0,92.15,1.7899,1.8115,1.8115,4893.5516,1769466663.847046,10.78,75,696,0.798,38,0,0,10.31,15.0,0,644,1769466660.153,0.04,meta-llama/Llama-3.2-1B-Instruct,"1769466660.153, 1769466660.188, 1769466660.214, 1769466660.285, 1769466660.311"
1.0,0,1769466659.3374,2.8759,27,32,59,0.1267,0.0946,0.0973,1.0,0.0,92.16,1.809,2.0026,2.0026,4895.5543,1769466664.0300012,10.76,75,697,0.799,38,0,0,10.31,15.0,0,644,1769466660.153,0.04,meta-llama/Llama-3.2-1B-Instruct,"1769466660.153, 1769466660.188, 1769466660.214, 1769466660.285, 1769466660.311"
1.0,0,1769466659.3636,3.0041,27,32,59,0.1558,0.1198,0.1198,1.0,0.0,92.17,1.8317,2.1599,2.1599,4897.7141,1769466664.2192206,10.74,75,698,0.799,38,1,0,10.31,15.0,0,644,1769466660.153,0.04,meta-llama/Llama-3.2-1B-Instruct,"1769466660.153, 1769466660.188, 1769466660.214, 1769466660.285, 1769466660.311"
1.0,0,1769466659.397,3.143,27,32,59,0.1275,0.0892,0.0919,1.0,0.0,92.18,1.8482,2.2705,2.2705,4899.9846,1769466664.3965716,10.73,75,699,0.8,38,0,0,10.31,15.0,0,644,1769466660.153,0.04,meta-llama/Llama-3.2-1B-Instruct,"1769466660.153, 1769466660.188, 1769466660.214, 1769466660.285, 1769466660.311"
1.0,0,1769466659.5412,3.1562,27,31,58,0.1423,0.0874,0.1018,1.0,0.0,92.19,1.8396,2.2984,2.2984,4902.2831,1769466664.552021,10.71,75,700,0.802,39,0,0,10.31,15.0,0,644,1769466660.153,0.04,meta-llama/Llama-3.2-1B-Instruct,"1769466660.153, 1769466660.188, 1769466660.214, 1769466660.285, 1769466660.311"
1.0,0,1769466660.3051,3.6882,27,11,38,0.1195,0.0864,0.0864,1.0,0.0,92.21,0.7776,2.8077,2.8077,4907.6626,1769466664.7791336,10.7,75,702,0.806,37,0,0,10.31,15.0,0,644,1769466660.153,0.04,meta-llama/Llama-3.2-1B-Instruct,"1769466660.153, 1769466660.188, 1769466660.214, 1769466660.285, 1769466660.311"
1.0,0,1769466659.5706,3.4208,27,31,58,0.1511,0.1152,0.1188,1.0,0.0,92.22,1.7875,2.5719,2.5719,4907.6626,1769466664.7799222,10.68,75,702,0.803,38,0,0,10.31,15.0,0,644,1769466660.153,0.04,meta-llama/Llama-3.2-1B-Instruct,"1769466660.153, 1769466660.188, 1769466660.214, 1769466660.285, 1769466660.311"
1.0,0,1769466659.5966,3.4681,27,32,59,0.0941,0.087,0.1043,1.0,0.0,92.23,1.7667,2.5622,2.5622,4910.2248,1769466664.8348598,10.67,75,703,0.803,38,0,0,10.31,15.0,0,644,1769466660.153,0.04,meta-llama/Llama-3.2-1B-Instruct,"1769466660.153, 1769466660.188, 1769466660.214, 1769466660.285, 1769466660.311"
1.0,0,1769466659.6233,3.6897,27,32,59,0.1716,0.0897,0.0952,1.0,0.0,92.24,1.7851,2.8613,2.8613,4913.0861,1769466665.1060088,10.65,75,704,0.803,36,0,0,10.31,15.0,0,644,1769466660.153,0.04,meta-llama/Llama-3.2-1B-Instruct,"1769466660.153, 1769466660.188, 1769466660.214, 1769466660.285, 1769466660.311"
1.0,0,1769466659.649,3.7188,27,32,59,0.1043,0.1117,0.1238,1.0,0.0,92.25,1.8106,2.8231,2.8231,4915.9093,1769466665.1796005,10.64,75,705,0.804,36,0,0,10.31,15.0,0,700,1769466661.714,-3.406,meta-llama/Llama-3.2-1B-Instruct,"1769466661.714, 1769466661.783, 1769466662.021, 1769466662.046, 1769466662.074"
1.0,0,1769466659.7208,3.838,27,32,59,0.1009,0.0851,0.0961,1.0,0.0,92.26,1.741,2.9389,2.9389,4921.6483,1769466665.3432565,10.62,76,708,0.804,37,0,0,10.31,15.0,0,700,1769466661.714,-3.406,meta-llama/Llama-3.2-1B-Instruct,"1769466661.714, 1769466661.783, 1769466662.021, 1769466662.046, 1769466662.074"
1.0,0,1769466659.8353,3.73,27,32,59,0.0701,0.0936,0.1016,1.0,0.0,92.27,1.7513,2.8001,2.8001,4921.6483,1769466665.3435104,10.61,76,708,0.804,36,0,0,10.31,15.0,0,700,1769466661.714,-3.406,meta-llama/Llama-3.2-1B-Instruct,"1769466661.714, 1769466661.783, 1769466662.021, 1769466662.046, 1769466662.074"
200.0,1,1769466580.6365,60.7418,2678,356,3034,4.543,0.0849,0.119,200.0,0.0,92.29,23.9388,-115.3194,0.0,4921.6483,1769466665.3441966,10.73,76,708,0.476,27,1,0,10.31,15.0,0,700,1769466661.714,-3.406,meta-llama/Llama-3.2-1B-Instruct,"1769466661.714, 1769466661.783, 1769466662.021, 1769466662.046, 1769466662.074"
1.0,0,1769466659.8619,3.8755,27,32,59,0.1212,0.082,0.0944,1.0,0.0,92.3,1.7513,2.9967,2.9967,4924.645,1769466665.5018075,10.72,76,709,0.805,37,0,0,10.31,15.0,0,700,1769466661.714,-3.406,meta-llama/Llama-3.2-1B-Instruct,"1769466661.714, 1769466661.783, 1769466662.021, 1769466662.046, 1769466662.074"
1.0,0,1769466659.9317,3.8864,27,32,59,0.1552,0.0839,0.0881,1.0,0.0,92.31,1.8187,3.0416,3.0416,4930.6964,1769466665.6528122,10.7,76,711,0.805,36,1,0,10.31,15.0,0,700,1769466661.714,-3.406,meta-llama/Llama-3.2-1B-Instruct,"1769466661.714, 1769466661.783, 1769466662.021, 1769466662.046, 1769466662.074"
1.0,0,1769466659.9958,3.9236,27,32,59,0.0861,0.0924,0.1188,1.0,0.0,92.32,1.7324,3.0097,3.0097,4930.6964,1769466665.6626697,10.69,76,711,0.806,36,0,0,10.31,15.0,0,700,1769466661.714,-3.406,meta-llama/Llama-3.2-1B-Instruct,"1769466661.714, 1769466661.783, 1769466662.021, 1769466662.046, 1769466662.074"
1.0,0,1769466660.3312,3.7445,27,32,59,0.1302,0.0803,0.1119,1.0,0.0,92.33,1.7602,2.8747,2.8747,4933.5711,1769466665.844269,10.67,76,712,0.807,38,0,0,10.31,15.0,0,700,1769466661.714,-3.406,meta-llama/Llama-3.2-1B-Instruct,"1769466661.714, 1769466661.783, 1769466662.021, 1769466662.046, 1769466662.074"
1.0,0,1769466660.3571,3.8851,27,32,59,0.1344,0.0908,0.0967,1.0,0.0,92.34,1.782,3.0195,3.0195,4936.5906,1769466666.0321128,10.66,76,713,0.808,38,0,0,10.31,15.0,0,700,1769466661.714,-3.406,meta-llama/Llama-3.2-1B-Instruct,"1769466661.714, 1769466661.783, 1769466662.021, 1769466662.046, 1769466662.074"
1.0,0,1769466660.428,3.99,27,32,59,0.1221,0.0908,0.0981,1.0,0.0,92.35,1.777,3.1121,3.1121,4939.7027,1769466666.1968555,10.64,76,714,0.809,38,0,0,10.31,15.0,0,700,1769466661.714,-3.406,meta-llama/Llama-3.2-1B-Instruct,"1769466661.714, 1769466661.783, 1769466662.021, 1769466662.046, 1769466662.074"
1.0,0,1769466661.0208,4.5059,27,13,40,0.1283,0.08,0.08,1.0,0.0,92.36,0.8514,3.6343,3.6343,4946.5473,1769466666.4081664,10.63,76,716,0.784,36,0,0,10.31,15.0,0,700,1769466661.714,-3.406,meta-llama/Llama-3.2-1B-Instruct,"1769466661.714, 1769466661.783, 1769466662.021, 1769466662.046, 1769466662.074"
1.0,0,1769466660.5657,4.2831,27,32,59,0.1371,0.078,0.085,1.0,0.0,92.39,1.7821,3.4202,3.4202,4949.9675,1769466666.6322377,10.6,76,717,0.81,36,0,0,10.31,15.0,0,700,1769466661.714,-3.406,meta-llama/Llama-3.2-1B-Instruct,"1769466661.714, 1769466661.783, 1769466662.021, 1769466662.046, 1769466662.074"
1.0,0,1769466660.6343,4.372,27,32,59,0.0792,0.0829,0.0913,1.0,0.0,92.4,1.766,3.4512,3.4512,4953.4187,1769466666.773859,10.58,76,718,0.812,37,0,0,10.31,15.0,0,700,1769466661.714,-3.406,meta-llama/Llama-3.2-1B-Instruct,"1769466661.714, 1769466661.783, 1769466662.021, 1769466662.046, 1769466662.074"
1.0,0,1769466660.6629,4.4502,27,32,59,0.0757,0.0822,0.0835,1.0,0.0,92.41,1.6963,3.5259,3.5259,4956.9445,1769466666.8290904,10.57,76,719,0.812,38,0,0,10.31,15.0,0,700,1769466661.714,-3.406,meta-llama/Llama-3.2-1B-Instruct,"1769466661.714, 1769466661.783, 1769466662.021, 1769466662.046, 1769466662.074"
1.0,0,1769466660.6881,4.4542,27,32,59,0.0783,0.0837,0.087,1.0,0.0,92.42,1.7526,3.5325,3.5325,4960.4771,1769466666.9083877,10.56,76,720,0.812,37,0,0,10.31,15.0,0,700,1769466661.714,-3.406,meta-llama/Llama-3.2-1B-Instruct,"1769466661.714, 1769466661.783, 1769466662.021, 1769466662.046, 1769466662.074"
1.0,0,1769466660.7142,4.5291,27,32,59,0.0922,0.0873,0.1068,1.0,0.0,92.43,1.7602,3.6212,3.6212,4964.0983,1769466667.0052142,10.54,76,721,0.813,38,0,0,10.31,15.0,0,700,1769466661.714,-3.406,meta-llama/Llama-3.2-1B-Instruct,"1769466661.714, 1769466661.783, 1769466662.021, 1769466662.046, 1769466662.074"
1.0,0,1769466660.7825,4.5702,27,32,59,0.0744,0.0897,0.0968,1.0,0.0,92.44,1.7573,3.6446,3.6446,4967.7429,1769466667.1333723,10.53,76,722,0.784,36,0,0,10.31,15.0,0,700,1769466661.714,-3.406,meta-llama/Llama-3.2-1B-Instruct,"1769466661.714, 1769466661.783, 1769466662.021, 1769466662.046, 1769466662.074"
1.0,0,1769466661.0464,4.535,27,32,59,0.1087,0.0829,0.0866,1.0,0.0,92.45,1.7634,3.6437,3.6437,4971.3866,1769466667.3515484,10.51,76,723,0.785,36,0,0,10.31,15.0,0,700,1769466661.714,-3.406,meta-llama/Llama-3.2-1B-Instruct,"1769466661.714, 1769466661.783, 1769466662.021, 1769466662.046, 1769466662.074"
1.0,0,1769466661.0744,4.5724,27,32,59,0.143,0.0877,0.0885,1.0,0.0,92.46,1.8078,3.7153,3.7153,4975.102,1769466667.4554112,10.5,76,724,0.785,36,1,0,10.31,15.0,0,700,1769466661.714,-3.406,meta-llama/Llama-3.2-1B-Instruct,"1769466661.714, 1769466661.783, 1769466662.021, 1769466662.046, 1769466662.074"
1.0,0,1769466661.1004,4.6443,27,32,59,0.0688,0.0879,0.0947,1.0,0.0,92.47,1.754,3.7131,3.7131,4978.8151,1769466667.5139747,10.48,76,725,0.785,36,0,0,10.31,15.0,0,700,1769466661.714,-3.406,meta-llama/Llama-3.2-1B-Instruct,"1769466661.714, 1769466661.783, 1769466662.021, 1769466662.046, 1769466662.074"
1.0,0,1769466661.2991,4.7002,27,32,59,0.1021,0.0847,0.0864,1.0,0.0,92.48,1.7538,3.8023,3.8023,4990.4302,1769466667.7733164,10.47,76,728,0.787,36,0,0,10.31,15.0,0,700,1769466661.714,-3.406,meta-llama/Llama-3.2-1B-Instruct,"1769466661.714, 1769466661.783, 1769466662.021, 1769466662.046, 1769466662.074"
1.0,0,1769466661.2362,4.7311,27,32,59,0.1383,0.0843,0.0984,1.0,0.0,92.49,1.7912,3.8694,3.8694,4990.4302,1769466667.7737374,10.45,76,728,0.787,37,0,0,10.31,15.0,0,700,1769466661.714,-3.406,meta-llama/Llama-3.2-1B-Instruct,"1769466661.714, 1769466661.783, 1769466662.021, 1769466662.046, 1769466662.074"
1.0,0,1769466661.1682,4.7933,27,32,59,0.15,0.09,0.1199,1.0,0.0,92.5,1.8077,3.9433,3.9433,4990.4302,1769466667.774128,10.44,76,728,0.786,37,0,0,10.31,15.0,0,700,1769466661.714,-3.406,meta-llama/Llama-3.2-1B-Instruct,"1769466661.714, 1769466661.783, 1769466662.021, 1769466662.046, 1769466662.074"
1.0,0,1769466661.809,4.8459,27,23,50,0.1954,0.0862,0.0909,1.0,0.0,92.51,1.3469,4.0413,4.0413,4994.4715,1769466668.0174232,10.43,76,729,0.79,37,0,0,10.31,15.0,0,700,1769466661.714,-3.406,meta-llama/Llama-3.2-1B-Instruct,"1769466661.714, 1769466661.783, 1769466662.021, 1769466662.046, 1769466662.074"
1.0,0,1769466661.5417,4.7259,27,32,59,0.1269,0.0873,0.0877,1.0,0.0,92.52,1.773,3.8528,3.8528,4998.3243,1769466668.0430844,10.41,76,730,0.788,38,0,0,10.31,15.0,0,700,1769466661.714,-3.406,meta-llama/Llama-3.2-1B-Instruct,"1769466661.714, 1769466661.783, 1769466662.021, 1769466662.046, 1769466662.074"
1.0,0,1769466663.043,4.2792,27,12,39,0.1257,0.1185,0.1185,1.0,0.0,92.54,0.8012,3.4049,3.4049,5004.7001,1769466668.141003,10.4,76,732,0.793,38,1,0,10.31,15.0,0,700,1769466661.714,-3.406,meta-llama/Llama-3.2-1B-Instruct,"1769466661.714, 1769466661.783, 1769466662.021, 1769466662.046, 1769466662.074"
1.0,0,1769466664.1698,3.8159,27,0,27,,,,1.0,,,0.155,2.9709,2.9709,5004.7001,1769466668.1510339,10.38,76,732,0.796,37,0,0,10.31,15.0,0,700,1769466661.714,-3.406,meta-llama/Llama-3.2-1B-Instruct,"1769466661.714, 1769466661.783, 1769466662.021, 1769466662.046, 1769466662.074"
1.0,0,1769466661.5988,4.823,27,32,59,0.1401,0.099,0.1085,1.0,0.0,92.55,1.7497,3.963,3.963,5008.6631,1769466668.1750908,10.37,76,733,0.789,37,0,0,10.31,15.0,0,700,1769466661.714,-3.406,meta-llama/Llama-3.2-1B-Instruct,"1769466661.714, 1769466661.783, 1769466662.021, 1769466662.046, 1769466662.074"
1.0,0,1769466661.9235,4.811,27,32,59,0.1041,0.0841,0.1111,1.0,0.0,92.56,1.732,3.9151,3.9151,5012.5782,1769466668.4744167,10.35,76,734,0.79,37,0,0,10.31,15.0,0,700,1769466661.714,-3.406,meta-llama/Llama-3.2-1B-Instruct,"1769466661.714, 1769466661.783, 1769466662.021, 1769466662.046, 1769466662.074"
1.0,0,1769466662.106,4.7062,27,32,59,0.1196,0.0881,0.0928,1.0,0.0,92.57,1.7307,3.8258,3.8258,5016.404,1769466668.5552878,10.34,76,735,0.791,38,0,0,10.31,15.0,0,700,1769466661.714,-3.406,meta-llama/Llama-3.2-1B-Instruct,"1769466661.714, 1769466661.783, 1769466662.021, 1769466662.046, 1769466662.074"
1.0,0,1769466662.2969,4.7252,27,32,59,0.1002,0.0931,0.0979,1.0,0.0,92.58,1.7397,3.8254,3.8254,5024.0617,1769466668.7812,10.33,76,737,0.791,36,0,0,10.31,15.0,0,700,1769466661.714,-3.406,meta-llama/Llama-3.2-1B-Instruct,"1769466661.714, 1769466661.783, 1769466662.021, 1769466662.046, 1769466662.074"
1.0,0,1769466662.2625,4.6956,27,32,59,0.1366,0.0994,0.1254,1.0,0.0,92.59,1.8202,3.8322,3.8322,5024.0617,1769466668.782259,10.31,76,737,0.791,37,0,0,10.31,15.0,0,700,1769466661.714,-3.406,meta-llama/Llama-3.2-1B-Instruct,"1769466661.714, 1769466661.783, 1769466662.021, 1769466662.046, 1769466662.074"
1.0,0,1769466662.3881,4.7891,27,32,59,0.1229,0.0845,0.0859,1.0,0.0,92.6,1.7433,3.912,3.912,5027.9737,1769466668.928798,10.3,76,738,0.791,37,0,0,10.31,15.0,0,700,1769466661.714,-3.406,meta-llama/Llama-3.2-1B-Instruct,"1769466661.714, 1769466661.783, 1769466662.021, 1769466662.046, 1769466662.074"
1.0,0,1769466662.439,4.7685,27,32,59,0.1302,0.1075,0.1131,1.0,0.0,92.61,1.7719,3.8987,3.8987,5031.8724,1769466668.9845963,10.28,76,739,0.792,37,0,0,10.31,15.0,0,700,1769466661.714,-3.406,meta-llama/Llama-3.2-1B-Instruct,"1769466661.714, 1769466661.783, 1769466662.021, 1769466662.046, 1769466662.074"
1.0,0,1769466665.3743,3.56,27,0,27,,,,1.0,,,0.1672,2.7272,2.7272,5034.5996,1769466669.1251986,10.27,76,740,0.8,37,0,0,10.31,15.0,0,700,1769466661.714,-3.406,meta-llama/Llama-3.2-1B-Instruct,"1769466661.714, 1769466661.783, 1769466662.021, 1769466662.046, 1769466662.074"
1.0,0,1769466663.3466,4.1408,27,32,59,0.1145,0.1045,0.1262,1.0,0.0,92.62,1.7766,3.2554,3.2554,5037.855,1769466669.2661757,10.26,76,741,0.794,37,0,0,10.31,15.0,0,700,1769466661.714,-3.406,meta-llama/Llama-3.2-1B-Instruct,"1769466661.714, 1769466661.783, 1769466662.021, 1769466662.046, 1769466662.074"
1.0,0,1769466663.5036,4.0553,27,32,59,0.1591,0.1008,0.1375,1.0,0.0,92.63,1.7678,3.2144,3.2144,5041.0694,1769466669.3284009,10.24,76,742,0.794,38,0,0,10.31,15.0,0,700,1769466661.714,-3.406,meta-llama/Llama-3.2-1B-Instruct,"1769466661.714, 1769466661.783, 1769466662.021, 1769466662.046, 1769466662.074"
1.0,0,1769466663.7543,3.9528,27,32,59,0.1457,0.0964,0.0998,1.0,0.0,92.64,1.7992,3.0985,3.0985,5044.1679,1769466669.5109334,10.23,76,743,0.796,39,0,0,10.31,15.0,0,700,1769466661.714,-3.406,meta-llama/Llama-3.2-1B-Instruct,"1769466661.714, 1769466661.783, 1769466662.021, 1769466662.046, 1769466662.074"
1.0,0,1769466663.8914,4.0101,27,31,58,0.1295,0.0888,0.0953,1.0,0.0,92.65,1.743,3.1396,3.1396,5047.3076,1769466669.6568987,10.22,76,744,0.795,37,0,0,10.31,15.0,0,700,1769466661.714,-3.406,meta-llama/Llama-3.2-1B-Instruct,"1769466661.714, 1769466661.783, 1769466662.021, 1769466662.046, 1769466662.074"
1.0,0,1769466664.3177,3.7575,27,32,59,0.0819,0.0877,0.0882,1.0,0.0,92.66,1.7102,2.8394,2.8394,5050.1469,1769466669.7957704,10.2,76,745,0.795,36,1,0,10.31,15.0,0,700,1769466661.714,-3.406,meta-llama/Llama-3.2-1B-Instruct,"1769466661.714, 1769466661.783, 1769466662.021, 1769466662.046, 1769466662.074"
1.0,0,1769466664.3652,3.8481,27,32,59,0.1012,0.0964,0.0986,1.0,0.0,92.67,1.7308,2.9493,2.9493,5053.0962,1769466669.9681516,10.19,76,746,0.796,35,0,0,10.31,15.0,0,700,1769466661.714,-3.406,meta-llama/Llama-3.2-1B-Instruct,"1769466661.714, 1769466661.783, 1769466662.021, 1769466662.046, 1769466662.074"
1.0,0,1769466664.5049,3.8888,27,32,59,0.159,0.0974,0.1073,1.0,0.0,92.68,1.8209,3.0478,3.0478,5061.0761,1769466670.2239628,10.15,76,749,0.797,36,0,0,10.31,15.0,0,717,1769466668.0,-2.152,meta-llama/Llama-3.2-1B-Instruct,"1769466668.000, 1769466668.044, 1769466668.158, 1769466668.467, 1769466668.882"
1.0,0,1769466665.1176,3.3238,27,32,59,0.0942,0.0987,0.1041,1.0,0.0,92.69,1.7641,2.418,2.418,5061.0761,1769466670.2288325,10.16,76,749,0.797,35,2,0,10.31,15.0,0,717,1769466668.0,-2.152,meta-llama/Llama-3.2-1B-Instruct,"1769466668.000, 1769466668.044, 1769466668.158, 1769466668.467, 1769466668.882"
1.0,0,1769466665.0316,3.3742,27,32,59,0.1399,0.1059,0.1161,1.0,0.0,92.7,1.7933,2.5141,2.5141,5061.0761,1769466670.229087,10.17,76,749,0.797,36,0,0,10.31,15.0,0,717,1769466668.0,-2.152,meta-llama/Llama-3.2-1B-Instruct,"1769466668.000, 1769466668.044, 1769466668.158, 1769466668.467, 1769466668.882"
1.0,0,1769466665.1792,3.3789,27,32,59,0.1071,0.087,0.1087,1.0,0.0,92.71,1.7233,2.4861,2.4861,5063.5621,1769466670.2824645,10.13,76,750,0.798,37,0,0,10.31,15.0,0,717,1769466668.0,-2.152,meta-llama/Llama-3.2-1B-Instruct,"1769466668.000, 1769466668.044, 1769466668.158, 1769466668.467, 1769466668.882"
1.0,0,1769466665.2592,3.3436,27,32,59,0.1605,0.0952,0.0987,1.0,0.0,92.72,1.8147,2.5041,2.5041,5066.0663,1769466670.4186528,10.12,76,751,0.798,37,0,0,10.31,15.0,0,717,1769466668.0,-2.152,meta-llama/Llama-3.2-1B-Instruct,"1769466668.000, 1769466668.044, 1769466668.158, 1769466668.467, 1769466668.882"
1.0,0,1769466665.2864,3.4309,27,32,59,0.1419,0.0885,0.0999,1.0,0.0,92.73,1.7839,2.5728,2.5728,5068.6391,1769466670.508841,10.11,76,752,0.799,38,0,0,10.31,15.0,0,717,1769466668.0,-2.152,meta-llama/Llama-3.2-1B-Instruct,"1769466668.000, 1769466668.044, 1769466668.158, 1769466668.467, 1769466668.882"
1.0,0,1769466665.5332,3.4894,27,32,59,0.088,0.0856,0.0874,1.0,0.0,92.74,1.7861,2.5774,2.5774,5071.2165,1769466670.8180335,10.09,76,753,0.799,36,1,0,10.31,15.0,0,717,1769466668.0,-2.152,meta-llama/Llama-3.2-1B-Instruct,"1769466668.000, 1769466668.044, 1769466668.158, 1769466668.467, 1769466668.882"
1.0,0,1769466665.7254,3.4191,27,32,59,0.1513,0.0929,0.1235,1.0,0.0,92.75,1.776,2.5704,2.5704,5076.3052,1769466670.9589229,10.08,76,755,0.801,37,0,0,10.31,15.0,0,717,1769466668.0,-2.152,meta-llama/Llama-3.2-1B-Instruct,"1769466668.000, 1769466668.044, 1769466668.158, 1769466668.467, 1769466668.882"
1.0,0,1769466665.7885,3.4327,27,32,59,0.0857,0.0873,0.1053,1.0,0.0,92.76,1.7278,2.5184,2.5184,5076.3052,1769466670.960053,10.07,76,755,0.801,37,0,0,10.31,15.0,0,717,1769466668.0,-2.152,meta-llama/Llama-3.2-1B-Instruct,"1769466668.000, 1769466668.044, 1769466668.158, 1769466668.467, 1769466668.882"
1.0,0,1769466665.872,3.4695,27,32,59,0.0864,0.0776,0.1319,1.0,0.0,92.77,1.7385,2.556,2.556,5078.8612,1769466671.1145086,10.05,76,756,0.802,37,0,0,10.31,15.0,0,717,1769466668.0,-2.152,meta-llama/Llama-3.2-1B-Instruct,"1769466668.000, 1769466668.044, 1769466668.158, 1769466668.467, 1769466668.882"
1.0,0,1769466666.1496,3.3009,27,30,57,0.1424,0.084,0.1868,1.0,0.0,92.78,1.801,2.4433,2.4433,5081.3045,1769466671.2560596,10.04,76,757,0.803,38,0,0,10.31,15.0,0,717,1769466668.0,-2.152,meta-llama/Llama-3.2-1B-Instruct,"1769466668.000, 1769466668.044, 1769466668.158, 1769466668.467, 1769466668.882"
1.0,0,1769466666.7097,2.9945,27,32,59,0.0656,0.0962,0.0967,1.0,0.0,92.79,1.6994,2.0601,2.0601,5083.3646,1769466671.4157226,10.03,76,758,0.804,38,0,0,10.31,15.0,0,717,1769466668.0,-2.152,meta-llama/Llama-3.2-1B-Instruct,"1769466668.000, 1769466668.044, 1769466668.158, 1769466668.467, 1769466668.882"
1.0,0,1769466666.3408,3.2683,27,32,59,0.1539,0.0866,0.0969,1.0,0.0,92.8,1.8097,2.4221,2.4221,5085.7868,1769466671.4266183,10.01,76,759,0.802,37,1,0,10.31,15.0,0,717,1769466668.0,-2.152,meta-llama/Llama-3.2-1B-Instruct,"1769466668.000, 1769466668.044, 1769466668.158, 1769466668.467, 1769466668.882"
1.0,0,1769466666.74,3.13,27,32,59,0.0879,0.0851,0.0967,1.0,0.0,92.81,1.718,2.2179,2.2179,5089.517,1769466671.590822,10.0,76,761,0.804,38,0,0,10.31,15.0,0,717,1769466668.0,-2.152,meta-llama/Llama-3.2-1B-Instruct,"1769466668.000, 1769466668.044, 1769466668.158, 1769466668.467, 1769466668.882"
1.0,0,1769466669.0761,2.3707,27,0,27,,,,1.0,,,0.1417,1.5123,1.5123,5089.517,1769466671.591175,9.99,76,761,0.81,37,0,0,10.31,15.0,0,717,1769466668.0,-2.152,meta-llama/Llama-3.2-1B-Instruct,"1769466668.000, 1769466668.044, 1769466668.158, 1769466668.467, 1769466668.882"
1.0,0,1769466666.8602,3.0878,27,32,59,0.1004,0.0843,0.0889,1.0,0.0,92.82,1.7502,2.1882,2.1882,5091.7052,1769466671.7501168,9.97,76,762,0.805,39,0,0,10.31,15.0,0,717,1769466668.0,-2.152,meta-llama/Llama-3.2-1B-Instruct,"1769466668.000, 1769466668.044, 1769466668.158, 1769466668.467, 1769466668.882"
1.0,0,1769466666.9347,3.1677,27,32,59,0.1089,0.0849,0.0871,1.0,0.0,92.83,1.7564,2.2765,2.2765,5093.9817,1769466671.8637767,9.96,76,763,0.806,39,0,0,10.31,15.0,0,717,1769466668.0,-2.152,meta-llama/Llama-3.2-1B-Instruct,"1769466668.000, 1769466668.044, 1769466668.158, 1769466668.467, 1769466668.882"
1.0,0,1769466669.3818,2.3635,27,0,27,,,,1.0,,,0.1735,1.537,1.537,5095.5187,1769466671.9438484,9.95,76,764,0.812,37,0,0,10.31,15.0,0,717,1769466668.0,-2.152,meta-llama/Llama-3.2-1B-Instruct,"1769466668.000, 1769466668.044, 1769466668.158, 1769466668.467, 1769466668.882"
1.0,0,1769466666.9997,3.3783,27,32,59,0.1146,0.1004,0.1121,1.0,0.0,92.84,1.7089,2.4929,2.4929,5098.0117,1769466672.0931711,9.93,76,765,0.805,35,0,0,10.31,15.0,0,717,1769466668.0,-2.152,meta-llama/Llama-3.2-1B-Instruct,"1769466668.000, 1769466668.044, 1769466668.158, 1769466668.467, 1769466668.882"
1.0,0,1769466667.0437,3.4604,27,32,59,0.0888,0.0976,0.1306,1.0,0.0,92.85,1.7018,2.5491,2.5491,5100.5608,1769466672.2312207,9.92,76,766,0.806,35,0,0,10.31,15.0,0,717,1769466668.0,-2.152,meta-llama/Llama-3.2-1B-Instruct,"1769466668.000, 1769466668.044, 1769466668.158, 1769466668.467, 1769466668.882"
1.0,0,1769466667.1577,3.4469,27,32,59,0.1006,0.0869,0.089,1.0,0.0,92.86,1.689,2.5475,2.5475,5103.1083,1769466672.2963002,9.91,76,767,0.806,36,0,0,10.31,15.0,0,717,1769466668.0,-2.152,meta-llama/Llama-3.2-1B-Instruct,"1769466668.000, 1769466668.044, 1769466668.158, 1769466668.467, 1769466668.882"
1.0,0,1769466667.4669,3.1866,27,32,59,0.1568,0.0721,0.0727,1.0,0.0,92.87,1.7616,2.3434,2.3434,5105.4517,1769466672.4191737,9.9,76,768,0.807,37,0,0,10.31,15.0,0,717,1769466668.0,-2.152,meta-llama/Llama-3.2-1B-Instruct,"1769466668.000, 1769466668.044, 1769466668.158, 1769466668.467, 1769466668.882"
1.0,0,1769466667.8822,2.9078,27,32,59,0.1144,0.0764,0.0815,1.0,0.0,92.88,1.7211,2.0221,2.0221,5107.4738,1769466672.5208333,9.88,76,769,0.808,37,0,0,10.31,15.0,0,717,1769466668.0,-2.152,meta-llama/Llama-3.2-1B-Instruct,"1769466668.000, 1769466668.044, 1769466668.158, 1769466668.467, 1769466668.882"
1.0,0,1769466668.2642,2.5641,27,32,59,0.1288,0.0871,0.088,1.0,0.0,92.89,1.7131,1.6929,1.6929,5109.1667,1769466672.5535896,9.87,76,770,0.808,37,0,0,10.31,15.0,0,717,1769466668.0,-2.152,meta-llama/Llama-3.2-1B-Instruct,"1769466668.000, 1769466668.044, 1769466668.158, 1769466668.467, 1769466668.882"
1.0,0,1769466668.3442,2.6331,27,32,59,0.1392,0.0815,0.0928,1.0,0.0,92.9,1.742,1.7724,1.7724,5110.939,1769466672.731694,9.86,76,771,0.809,37,0,0,10.31,15.0,0,717,1769466668.0,-2.152,meta-llama/Llama-3.2-1B-Instruct,"1769466668.000, 1769466668.044, 1769466668.158, 1769466668.467, 1769466668.882"
1.0,0,1769466670.7561,1.8792,27,0,27,,,,1.0,,,0.1336,1.0128,1.0128,5111.9518,1769466672.7788577,9.84,76,772,0.816,36,1,0,10.31,15.0,0,717,1769466668.0,-2.152,meta-llama/Llama-3.2-1B-Instruct,"1769466668.000, 1769466668.044, 1769466668.158, 1769466668.467, 1769466668.882"
1.0,0,1769466668.4144,2.7216,27,32,59,0.1252,0.0809,0.0841,1.0,0.0,92.9,1.7094,1.8468,1.8468,5113.7986,1769466672.8750927,9.83,76,773,0.81,37,0,0,10.31,15.0,0,717,1769466668.0,-2.152,meta-llama/Llama-3.2-1B-Instruct,"1769466668.000, 1769466668.044, 1769466668.158, 1769466668.467, 1769466668.882"
1.0,0,1769466668.4926,2.7045,27,32,59,0.1057,0.0844,0.0845,1.0,0.0,92.91,1.7369,1.8102,1.8102,5115.6088,1769466672.9355915,9.82,76,774,0.81,37,1,0,10.31,15.0,0,717,1769466668.0,-2.152,meta-llama/Llama-3.2-1B-Instruct,"1769466668.000, 1769466668.044, 1769466668.158, 1769466668.467, 1769466668.882"
1.0,0,1769466668.6894,2.6251,27,32,59,0.1032,0.0811,0.0889,1.0,0.0,92.92,1.6683,1.7283,1.7283,5117.3371,1769466672.9969008,9.81,76,775,0.81,38,0,0,10.31,15.0,0,717,1769466668.0,-2.152,meta-llama/Llama-3.2-1B-Instruct,"1769466668.000, 1769466668.044, 1769466668.158, 1769466668.467, 1769466668.882"
1.0,0,1769466669.2674,2.3016,27,32,59,0.114,0.0874,0.0928,1.0,0.0,92.93,1.6868,1.4156,1.4156,5118.7527,1769466673.2747777,9.79,76,776,0.811,38,0,0,10.31,15.0,0,717,1769466668.0,-2.152,meta-llama/Llama-3.2-1B-Instruct,"1769466668.000, 1769466668.044, 1769466668.158, 1769466668.467, 1769466668.882"
1.0,0,1769466669.3491,2.2792,27,32,59,0.091,0.0801,0.1095,1.0,0.0,92.94,1.7234,1.3701,1.3701,5120.1228,1769466673.3660917,9.78,76,777,0.811,36,0,0,10.31,15.0,0,717,1769466668.0,-2.152,meta-llama/Llama-3.2-1B-Instruct,"1769466668.000, 1769466668.044, 1769466668.158, 1769466668.467, 1769466668.882"
1.0,0,1769466669.8248,2.2124,27,24,51,0.1483,0.0808,0.0867,1.0,0.0,92.95,1.4001,1.3606,1.3606,5121.4835,1769466673.4402,9.77,76,778,0.814,38,0,0,10.31,15.0,0,717,1769466668.0,-2.152,meta-llama/Llama-3.2-1B-Instruct,"1769466668.000, 1769466668.044, 1769466668.158, 1769466668.467, 1769466668.882"
1.0,0,1769466669.5632,2.2536,27,32,59,0.0964,0.0841,0.0892,1.0,0.0,92.96,1.7361,1.35,1.35,5122.8335,1769466673.563314,9.76,76,779,0.812,37,0,0,10.31,15.0,0,717,1769466668.0,-2.152,meta-llama/Llama-3.2-1B-Instruct,"1769466668.000, 1769466668.044, 1769466668.158, 1769466668.467, 1769466668.882"
1.0,0,1769466669.7662,2.1153,27,32,59,0.1291,0.0884,0.0965,1.0,0.0,92.97,1.7607,1.2444,1.2444,5124.0779,1769466673.665795,9.74,76,780,0.813,37,0,0,10.31,15.0,0,717,1769466668.0,-2.152,meta-llama/Llama-3.2-1B-Instruct,"1769466668.000, 1769466668.044, 1769466668.158, 1769466668.467, 1769466668.882"
1.0,0,1769466670.0812,2.0385,27,32,59,0.1073,0.0864,0.0877,1.0,0.0,92.98,1.7346,1.1458,1.1458,5125.2237,1769466673.856267,9.73,76,781,0.814,37,0,0,10.31,15.0,0,717,1769466668.0,-2.152,meta-llama/Llama-3.2-1B-Instruct,"1769466668.000, 1769466668.044, 1769466668.158, 1769466668.467, 1769466668.882"
1.0,0,1769466670.1496,2.22,27,32,59,0.15,0.0949,0.1076,1.0,0.0,92.99,1.7869,1.37,1.37,5126.5937,1769466674.1718814,9.72,76,782,0.815,37,0,0,10.31,15.0,0,717,1769466668.0,-2.152,meta-llama/Llama-3.2-1B-Instruct,"1769466668.000, 1769466668.044, 1769466668.158, 1769466668.467, 1769466668.882"
1.0,0,1769466670.2256,2.214,27,32,59,0.1056,0.0859,0.0978,1.0,0.0,93.0,1.7416,1.3196,1.3196,5127.9133,1769466674.1837559,9.71,76,783,0.815,36,1,0,10.31,15.0,0,717,1769466668.0,-2.152,meta-llama/Llama-3.2-1B-Instruct,"1769466668.000, 1769466668.044, 1769466668.158, 1769466668.467, 1769466668.882"
1.0,0,1769466670.6205,1.9357,27,32,59,0.1722,0.0852,0.0916,1.0,0.0,93.01,1.8288,1.1079,1.1079,5129.0212,1769466674.3955288,9.69,76,784,0.816,37,1,0,10.31,15.0,0,717,1769466668.0,-2.152,meta-llama/Llama-3.2-1B-Instruct,"1769466668.000, 1769466668.044, 1769466668.158, 1769466668.467, 1769466668.882"
1.0,0,1769466670.8427,1.8588,27,32,59,0.0844,0.0835,0.0993,1.0,0.0,93.02,1.7716,0.9432,0.9432,5129.9644,1769466674.4797125,9.68,76,785,0.816,37,0,0,10.31,15.0,0,717,1769466668.0,-2.152,meta-llama/Llama-3.2-1B-Instruct,"1769466668.000, 1769466668.044, 1769466668.158, 1769466668.467, 1769466668.882"
1.0,0,1769466672.6554,1.0798,27,13,40,0.0936,0.0787,0.0787,1.0,0.0,93.03,0.8368,0.1734,0.1734,5130.1378,1769466674.5755944,9.67,76,786,0.821,37,1,0,10.31,15.0,0,717,1769466668.0,-2.152,meta-llama/Llama-3.2-1B-Instruct,"1769466668.000, 1769466668.044, 1769466668.158, 1769466668.467, 1769466668.882"
1.0,0,1769466671.0165,1.797,27,32,59,0.1429,0.0779,0.0812,1.0,0.0,93.04,1.8262,0.9399,0.9399,5131.0777,1769466674.6566257,9.66,76,787,0.817,37,0,0,10.31,15.0,0,717,1769466668.0,-2.152,meta-llama/Llama-3.2-1B-Instruct,"1769466668.000, 1769466668.044, 1769466668.158, 1769466668.467, 1769466668.882"
1.0,0,1769466671.1505,1.7499,27,32,59,0.0762,0.0888,0.0906,1.0,0.0,93.04,1.8094,0.8262,0.8262,5131.9039,1769466674.7372994,9.64,76,788,0.817,36,1,0,10.31,15.0,0,717,1769466668.0,-2.152,meta-llama/Llama-3.2-1B-Instruct,"1769466668.000, 1769466668.044, 1769466668.158, 1769466668.467, 1769466668.882"
1.0,0,1769466671.2154,1.8445,27,32,59,0.1164,0.0908,0.099,1.0,0.0,93.05,1.8094,0.9609,0.9609,5132.8648,1769466674.8770444,9.63,76,789,0.817,36,0,0,10.31,15.0,0,717,1769466668.0,-2.152,meta-llama/Llama-3.2-1B-Instruct,"1769466668.000, 1769466668.044, 1769466668.158, 1769466668.467, 1769466668.882"
1.0,0,1769466671.3396,1.7619,27,32,59,0.0733,0.0911,0.0973,1.0,0.0,93.06,1.8587,0.8353,0.8353,5133.7,1769466674.965557,9.62,76,790,0.817,36,0,0,10.31,15.0,0,717,1769466668.0,-2.152,meta-llama/Llama-3.2-1B-Instruct,"1769466668.000, 1769466668.044, 1769466668.158, 1769466668.467, 1769466668.882"
1.0,0,1769466671.6014,1.6616,27,32,59,0.1013,0.0899,0.0983,1.0,0.0,93.07,1.7781,0.763,0.763,5135.3044,1769466675.04714,9.6,76,792,0.819,37,0,0,10.31,15.0,0,717,1769466668.0,-2.152,meta-llama/Llama-3.2-1B-Instruct,"1769466668.000, 1769466668.044, 1769466668.158, 1769466668.467, 1769466668.882"
1.0,0,1769466671.5111,1.7156,27,32,59,0.1259,0.0794,0.0804,1.0,0.0,93.08,1.8133,0.8414,0.8414,5135.3044,1769466675.0491698,9.61,76,792,0.819,38,0,0,10.31,15.0,0,717,1769466668.0,-2.152,meta-llama/Llama-3.2-1B-Instruct,"1769466668.000, 1769466668.044, 1769466668.158, 1769466668.467, 1769466668.882"
1.0,0,1769466671.7677,1.6372,27,32,59,0.1777,0.0906,0.0929,1.0,0.0,93.09,1.8707,0.815,0.815,5136.7369,1769466675.2826715,9.58,76,794,0.819,37,0,0,10.31,15.0,0,734,1769466675.599,0.377,meta-llama/Llama-3.2-1B-Instruct,"1769466675.599, 1769466675.978, 1769466676.140, 1769466676.219, 1769466781.226"
1.0,0,1769466671.9772,1.518,27,32,59,0.0995,0.0858,0.0876,1.0,0.0,93.1,1.7851,0.6175,0.6175,5136.7369,1769466675.2862926,9.57,76,794,0.82,37,1,0,10.31,15.0,0,734,1769466675.599,0.377,meta-llama/Llama-3.2-1B-Instruct,"1769466675.599, 1769466675.978, 1769466676.140, 1769466676.219, 1769466781.226"
1.0,0,1769466672.4153,1.245,27,32,59,0.1444,0.0817,0.0834,1.0,0.0,93.11,1.7955,0.3894,0.3894,5137.1262,1769466675.4580798,9.56,76,795,0.82,37,0,0,10.31,15.0,0,734,1769466675.599,0.377,meta-llama/Llama-3.2-1B-Instruct,"1769466675.599, 1769466675.978, 1769466676.140, 1769466676.219, 1769466781.226"
1.0,0,1769466672.7446,1.1303,27,32,59,0.1343,0.0874,0.0912,1.0,0.0,93.12,1.8119,0.2646,0.2646,5137.3908,1769466675.7011185,9.55,76,796,0.822,38,0,0,10.31,15.0,0,734,1769466675.599,0.377,meta-llama/Llama-3.2-1B-Instruct,"1769466675.599, 1769466675.978, 1769466676.140, 1769466676.219, 1769466781.226"
1.0,0,1769466672.905,1.1239,27,32,59,0.1427,0.0838,0.0925,1.0,0.0,93.13,1.804,0.2666,0.2666,5137.6574,1769466675.83384,9.54,76,797,0.823,39,0,0,10.31,15.0,0,734,1769466675.599,0.377,meta-llama/Llama-3.2-1B-Instruct,"1769466675.599, 1769466675.978, 1769466676.140, 1769466676.219, 1769466781.226"
1.0,0,1769466673.0166,1.2951,27,32,59,0.0925,0.0841,0.0889,1.0,0.0,93.13,1.9103,0.3876,0.3876,5138.045,1769466676.2234886,9.52,76,798,0.824,38,0,0,10.31,15.0,0,734,1769466675.599,0.377,meta-llama/Llama-3.2-1B-Instruct,"1769466675.599, 1769466675.978, 1769466676.140, 1769466676.219, 1769466781.226"
1.0,0,1769466673.0751,1.3992,27,32,59,0.094,0.0731,0.2246,1.0,0.0,93.14,1.8179,0.4932,0.4932,5138.5382,1769466676.317086,9.51,76,799,0.824,38,0,0,10.31,15.0,0,734,1769466675.599,0.377,meta-llama/Llama-3.2-1B-Instruct,"1769466675.599, 1769466675.978, 1769466676.140, 1769466676.219, 1769466781.226"
1.0,0,1769466673.2975,1.3274,27,32,59,0.1044,0.0794,0.1602,1.0,0.0,93.15,1.8169,0.4317,0.4317,5139.5693,1769466676.4518368,9.5,76,801,0.824,36,1,0,10.31,15.0,0,734,1769466675.599,0.377,meta-llama/Llama-3.2-1B-Instruct,"1769466675.599, 1769466675.978, 1769466676.140, 1769466676.219, 1769466781.226"
1.0,0,1769466673.1318,1.4608,27,32,59,0.1386,0.0915,0.1933,1.0,0.0,93.16,1.8557,0.5993,0.5993,5139.5693,1769466676.4710195,9.49,76,801,0.825,37,0,0,10.31,15.0,0,734,1769466675.599,0.377,meta-llama/Llama-3.2-1B-Instruct,"1769466675.599, 1769466675.978, 1769466676.140, 1769466676.219, 1769466781.226"
1.0,0,1769466673.3778,1.3783,27,32,59,0.1534,0.0869,0.1783,1.0,0.0,93.17,1.843,0.5317,0.5317,5140.101,1769466676.6203136,9.48,76,802,0.825,37,0,0,10.31,15.0,0,734,1769466675.599,0.377,meta-llama/Llama-3.2-1B-Instruct,"1769466675.599, 1769466675.978, 1769466676.140, 1769466676.219, 1769466781.226"
1.0,0,1769466673.4308,1.393,27,31,58,0.122,0.1754,0.4138,1.0,0.0,93.18,2.2128,0.515,0.515,5140.6161,1769466677.0570366,9.46,76,803,0.825,37,1,0,10.31,15.0,0,734,1769466675.599,0.377,meta-llama/Llama-3.2-1B-Instruct,"1769466675.599, 1769466675.978, 1769466676.140, 1769466676.219, 1769466781.226"
1.0,0,1769466676.6611,0.1658,27,0,27,,,,1.0,,,0.636,-0.1982,0.0,5140.6161,1769466677.4837608,9.58,77,804,0.865,36,0,0,10.31,15.0,0,734,1769466675.599,0.377,meta-llama/Llama-3.2-1B-Instruct,"1769466675.599, 1769466675.978, 1769466676.140, 1769466676.219, 1769466781.226"
1.0,0,1769466676.7234,0.4429,27,0,27,,,,1.0,,,0.3538,-0.2033,0.0,5140.6983,1769466677.5269256,9.68,78,806,0.898,39,0,0,10.31,15.0,0,734,1769466675.599,0.377,meta-llama/Llama-3.2-1B-Instruct,"1769466675.599, 1769466675.978, 1769466676.140, 1769466676.219, 1769466781.226"
1.0,0,1769466673.9494,0.9487,27,32,59,0.1335,0.4212,0.4297,1.0,0.0,93.19,2.6186,0.0823,0.0823,5140.6983,1769466677.5271559,9.57,78,806,0.825,37,0,0,10.31,15.0,0,734,1769466675.599,0.377,meta-llama/Llama-3.2-1B-Instruct,"1769466675.599, 1769466675.978, 1769466676.140, 1769466676.219, 1769466781.226"
1.0,0,1769466674.978,0.5008,27,22,49,0.1144,0.4306,0.4346,1.0,0.0,93.2,2.1487,-0.3848,0.0,5140.6983,1769466677.650344,9.79,79,807,0.828,37,0,0,10.31,15.0,0,734,1769466675.599,0.377,meta-llama/Llama-3.2-1B-Instruct,"1769466675.599, 1769466675.978, 1769466676.140, 1769466676.219, 1769466781.226"
1.0,0,1769466674.1104,0.9865,27,31,58,0.1153,0.4112,0.4456,1.0,0.0,93.21,2.6132,0.1018,0.1018,5140.8001,1769466677.7154784,9.78,79,808,0.826,36,0,0,10.31,15.0,0,734,1769466675.599,0.377,meta-llama/Llama-3.2-1B-Instruct,"1769466675.599, 1769466675.978, 1769466676.140, 1769466676.219, 1769466781.226"
1.0,0,1769466674.5115,0.7283,27,32,59,0.1181,0.4267,0.4305,1.0,0.0,93.21,2.6254,-0.1536,0.0,5140.9528,1769466677.872132,9.89,80,810,0.827,37,1,0,10.31,15.0,0,734,1769466675.599,0.377,meta-llama/Llama-3.2-1B-Instruct,"1769466675.599, 1769466675.978, 1769466676.140, 1769466676.219, 1769466781.226"
1.0,0,1769466674.1947,0.9663,27,32,59,0.1864,0.4311,0.4318,1.0,0.0,93.22,2.7102,0.1526,0.1526,5140.9528,1769466677.8723476,9.88,80,810,0.827,37,0,0,10.31,15.0,0,734,1769466675.599,0.377,meta-llama/Llama-3.2-1B-Instruct,"1769466675.599, 1769466675.978, 1769466676.140, 1769466676.219, 1769466781.226"
1.0,0,1769466674.5987,0.7083,27,32,59,0.1272,0.426,0.4376,1.0,0.0,93.23,2.6583,-0.1644,0.0,5140.9528,1769466677.969712,9.99,81,811,0.827,37,0,0,10.31,15.0,0,734,1769466675.599,0.377,meta-llama/Llama-3.2-1B-Instruct,"1769466675.599, 1769466675.978, 1769466676.140, 1769466676.219, 1769466781.226"
1.0,0,1769466675.1402,0.487,27,32,59,0.0951,0.4191,0.4328,1.0,0.0,93.24,2.6231,-0.4179,0.0,5140.9528,1769466678.2655833,10.1,82,812,0.828,37,0,0,10.31,15.0,0,734,1769466675.599,0.377,meta-llama/Llama-3.2-1B-Instruct,"1769466675.599, 1769466675.978, 1769466676.140, 1769466676.219, 1769466781.226"
1.0,0,1769466675.2194,0.4195,27,32,59,0.1077,0.4253,0.4303,1.0,0.0,93.25,2.657,-0.4728,0.0,5140.9528,1769466678.3081813,10.21,83,813,0.829,38,0,0,10.31,15.0,0,734,1769466675.599,0.377,meta-llama/Llama-3.2-1B-Instruct,"1769466675.599, 1769466675.978, 1769466676.140, 1769466676.219, 1769466781.226"
1.0,0,1769466677.1029,0.919,27,8,35,0.1313,0.0799,0.0799,1.0,0.0,93.26,0.5623,0.0503,0.0503,5141.0031,1769466678.5916748,10.2,83,814,0.898,35,0,0,10.31,15.0,0,734,1769466675.599,0.377,meta-llama/Llama-3.2-1B-Instruct,"1769466675.599, 1769466675.978, 1769466676.140, 1769466676.219, 1769466781.226"
1.0,0,1769466675.3722,0.9786,27,32,59,0.104,0.4308,0.4388,1.0,0.0,93.27,2.6344,0.0825,0.0825,5141.0856,1769466678.9963024,10.18,83,815,0.832,36,0,0,10.31,15.0,0,734,1769466675.599,0.377,meta-llama/Llama-3.2-1B-Instruct,"1769466675.599, 1769466675.978, 1769466676.140, 1769466676.219, 1769466781.226"
1.0,0,1769466676.409,0.1142,27,32,59,0.5309,0.4164,0.4212,1.0,0.0,93.27,3.0155,-0.3549,0.0,5141.0856,1769466679.5564506,10.29,84,816,0.832,35,1,0,10.31,15.0,0,734,1769466675.599,0.377,meta-llama/Llama-3.2-1B-Instruct,"1769466675.599, 1769466675.978, 1769466676.140, 1769466676.219, 1769466781.226"
1.0,0,1769466676.6909,0.1417,27,32,59,0.6342,0.0821,0.4246,1.0,0.0,93.28,2.7295,-0.2241,0.0,5141.0856,1769466679.576761,10.4,85,817,0.865,36,0,0,10.31,15.0,0,734,1769466675.599,0.377,meta-llama/Llama-3.2-1B-Instruct,"1769466675.599, 1769466675.978, 1769466676.140, 1769466676.219, 1769466781.226"
1.0,0,1769466676.5001,0.138,27,32,59,0.838,0.1015,0.407,1.0,0.0,93.29,2.939,-0.0239,0.0,5141.0856,1769466679.5793371,10.51,86,818,0.865,36,0,0,10.31,15.0,0,734,1769466675.599,0.377,meta-llama/Llama-3.2-1B-Instruct,"1769466675.599, 1769466675.978, 1769466676.140, 1769466676.219, 1769466781.226"
1.0,0,1769466677.8873,1.2867,27,5,32,0.3818,0.0865,0.0865,1.0,0.0,93.3,0.7024,0.6685,0.6685,5141.7541,1769466679.8953,10.5,86,819,0.906,39,0,0,10.31,15.0,0,734,1769466675.599,0.377,meta-llama/Llama-3.2-1B-Instruct,"1769466675.599, 1769466675.978, 1769466676.140, 1769466676.219, 1769466781.226"
1.0,0,1769466676.9367,0.8004,27,32,59,0.1145,0.0956,0.418,1.0,0.0,93.31,2.204,-0.0851,0.0,5141.7541,1769466679.9531782,10.72,88,821,0.898,35,1,0,10.31,15.0,0,734,1769466675.599,0.377,meta-llama/Llama-3.2-1B-Instruct,"1769466675.599, 1769466675.978, 1769466676.140, 1769466676.219, 1769466781.226"
1.0,0,1769466676.9113,0.7578,27,32,59,0.1449,0.0982,0.4141,1.0,0.0,93.32,2.2671,-0.0974,0.0,5141.7541,1769466679.9632926,10.61,88,821,0.898,36,0,0,10.31,15.0,0,734,1769466675.599,0.377,meta-llama/Llama-3.2-1B-Instruct,"1769466675.599, 1769466675.978, 1769466676.140, 1769466676.219, 1769466781.226"
1.0,0,1769466677.2525,0.8127,27,27,54,0.1011,0.0849,0.4128,1.0,0.0,93.32,2.0219,-0.0862,0.0,5141.7541,1769466680.1003723,10.83,90,823,0.898,35,0,0,10.31,15.0,0,734,1769466675.599,0.377,meta-llama/Llama-3.2-1B-Instruct,"1769466675.599, 1769466675.978, 1769466676.140, 1769466676.219, 1769466781.226"
1.0,0,1769466677.0031,0.8623,27,32,59,0.0782,0.0949,0.4225,1.0,0.0,93.33,2.2317,-0.0595,0.0,5141.7541,1769466680.1006076,10.94,90,823,0.899,36,1,0,10.31,15.0,0,734,1769466675.599,0.377,meta-llama/Llama-3.2-1B-Instruct,"1769466675.599, 1769466675.978, 1769466676.140, 1769466676.219, 1769466781.226"
1.0,0,1769466677.1785,0.8593,27,32,59,0.1096,0.0983,0.4269,1.0,0.0,93.34,2.2215,-0.0311,0.0,5141.7541,1769466680.2752643,11.04,91,824,0.898,35,0,0,10.31,15.0,0,781,1769466680.209,-0.063,meta-llama/Llama-3.2-1B-Instruct,"1769466680.209, 1769466680.232, 1769466680.335, 1769466680.361, 1769466680.434"
1.0,0,1769466677.2792,0.853,27,32,59,0.1499,0.0973,0.4224,1.0,0.0,93.35,2.3153,0.0029,0.0029,5141.7571,1769466680.4566185,11.03,91,825,0.9,38,0,0,10.31,15.0,0,781,1769466680.209,-0.063,meta-llama/Llama-3.2-1B-Instruct,"1769466680.209, 1769466680.232, 1769466680.335, 1769466680.361, 1769466680.434"
1.0,0,1769466677.382,0.8459,27,32,59,0.1058,0.0968,0.4176,1.0,0.0,93.36,2.2326,-0.0483,0.0,5141.7571,1769466680.4865978,11.14,92,826,0.9,38,0,0,10.31,15.0,0,781,1769466680.209,-0.063,meta-llama/Llama-3.2-1B-Instruct,"1769466680.209, 1769466680.232, 1769466680.335, 1769466680.361, 1769466680.434"
1.0,0,1769466677.4103,1.0061,27,32,59,0.1627,0.0924,0.4175,1.0,0.0,93.37,2.2941,0.1689,0.1689,5141.9259,1769466680.7146292,11.12,92,827,0.902,38,0,0,10.31,15.0,0,781,1769466680.209,-0.063,meta-llama/Llama-3.2-1B-Instruct,"1769466680.209, 1769466680.232, 1769466680.335, 1769466680.361, 1769466680.434"
1.0,0,1769466677.4383,1.0536,27,32,59,0.1141,0.1361,0.421,1.0,0.0,93.38,2.2793,0.1678,0.1678,5142.0937,1769466680.784024,11.11,92,828,0.902,38,1,0,10.31,15.0,0,781,1769466680.209,-0.063,meta-llama/Llama-3.2-1B-Instruct,"1769466680.209, 1769466680.232, 1769466680.335, 1769466680.361, 1769466680.434"
1.0,0,1769466677.5566,1.1575,27,32,59,0.1521,0.1284,0.4171,1.0,0.0,93.38,2.2721,0.3095,0.3095,5142.4032,1769466681.002039,11.1,92,829,0.904,39,0,0,10.31,15.0,0,781,1769466680.209,-0.063,meta-llama/Llama-3.2-1B-Instruct,"1769466680.209, 1769466680.232, 1769466680.335, 1769466680.361, 1769466680.434"
1.0,0,1769466677.9186,1.7888,27,32,59,0.113,0.0912,0.1076,1.0,0.0,93.39,1.8764,0.9018,0.9018,5143.305,1769466681.5852768,11.08,92,830,0.906,37,0,0,10.31,15.0,0,781,1769466680.209,-0.063,meta-llama/Llama-3.2-1B-Instruct,"1769466680.209, 1769466680.232, 1769466680.335, 1769466680.361, 1769466680.434"
1.0,0,1769466678.3644,1.3984,27,32,59,0.1704,0.099,0.1011,1.0,0.0,93.4,1.9477,0.5689,0.5689,5143.8739,1769466681.7113779,11.07,92,831,0.907,38,0,0,10.31,15.0,0,781,1769466680.209,-0.063,meta-llama/Llama-3.2-1B-Instruct,"1769466680.209, 1769466680.232, 1769466680.335, 1769466680.361, 1769466680.434"
1.0,0,1769466678.6343,1.213,27,32,59,0.1065,0.0992,0.1255,1.0,0.0,93.41,1.9322,0.3195,0.3195,5144.1934,1769466681.7803872,11.06,92,832,0.907,38,0,0,10.31,15.0,0,781,1769466680.209,-0.063,meta-llama/Llama-3.2-1B-Instruct,"1769466680.209, 1769466680.232, 1769466680.335, 1769466680.361, 1769466680.434"
1.0,0,1769466678.6629,1.504,27,32,59,0.0885,0.0899,0.1021,1.0,0.0,93.42,1.8988,0.5925,0.5925,5144.7859,1769466682.073079,11.04,92,833,0.907,35,0,0,10.31,15.0,0,781,1769466680.209,-0.063,meta-llama/Llama-3.2-1B-Instruct,"1769466680.209, 1769466680.232, 1769466680.335, 1769466680.361, 1769466680.434"
1.0,0,1769466678.9634,1.2377,27,32,59,0.0803,0.0827,0.0906,1.0,0.0,93.42,1.8929,0.318,0.318,5145.1039,1769466682.1001434,11.03,92,834,0.907,35,0,0,10.31,15.0,0,781,1769466680.209,-0.063,meta-llama/Llama-3.2-1B-Instruct,"1769466680.209, 1769466680.232, 1769466680.335, 1769466680.361, 1769466680.434"
1.0,0,1769466679.0826,1.296,27,32,59,0.1091,0.0868,0.091,1.0,0.0,93.43,1.9115,0.405,0.405,5145.7577,1769466682.2993362,11.02,92,836,0.908,36,0,0,10.31,15.0,0,781,1769466680.209,-0.063,meta-llama/Llama-3.2-1B-Instruct,"1769466680.209, 1769466680.232, 1769466680.335, 1769466680.361, 1769466680.434"
1.0,0,1769466679.2086,1.1814,27,32,59,0.0674,0.0861,0.1082,1.0,0.0,93.44,1.9036,0.2488,0.2488,5145.7577,1769466682.3042355,11.0,92,836,0.908,36,0,0,10.31,15.0,0,781,1769466680.209,-0.063,meta-llama/Llama-3.2-1B-Instruct,"1769466680.209, 1769466680.232, 1769466680.335, 1769466680.361, 1769466680.434"
1.0,0,1769466679.4339,1.3017,27,25,52,0.0925,0.0774,0.0872,1.0,0.0,93.45,1.6287,0.3941,0.3941,5146.1519,1769466682.373904,10.99,92,837,0.91,37,0,0,10.31,15.0,0,781,1769466680.209,-0.063,meta-llama/Llama-3.2-1B-Instruct,"1769466680.209, 1769466680.232, 1769466680.335, 1769466680.361, 1769466680.434"
1.0,0,1769466679.2325,1.2018,27,32,59,0.1572,0.0782,0.0818,1.0,0.0,93.46,1.9895,0.359,0.359,5146.7911,1769466682.4519603,10.98,92,839,0.908,37,0,0,10.31,15.0,0,781,1769466680.209,-0.063,meta-llama/Llama-3.2-1B-Instruct,"1769466680.209, 1769466680.232, 1769466680.335, 1769466680.361, 1769466680.434"
1.0,0,1769466679.3354,1.1882,27,31,58,0.092,0.0981,0.118,1.0,0.0,93.46,1.9276,0.2802,0.2802,5146.7911,1769466682.4529502,10.97,92,839,0.908,36,1,0,10.31,15.0,0,781,1769466680.209,-0.063,meta-llama/Llama-3.2-1B-Instruct,"1769466680.209, 1769466680.232, 1769466680.335, 1769466680.361, 1769466680.434"
1.0,0,1769466679.3609,1.3158,27,32,59,0.1419,0.0917,0.0998,1.0,0.0,93.47,1.9707,0.4577,0.4577,5147.2488,1769466682.6549892,10.95,92,840,0.91,37,0,0,10.31,15.0,0,781,1769466680.209,-0.063,meta-llama/Llama-3.2-1B-Instruct,"1769466680.209, 1769466680.232, 1769466680.335, 1769466680.361, 1769466680.434"
1.0,0,1769466679.4615,1.4969,27,32,59,0.1297,0.0865,0.0952,1.0,0.0,93.48,1.9466,0.6266,0.6266,5147.8754,1769466682.9058406,10.94,92,841,0.911,38,0,0,10.31,15.0,0,781,1769466680.209,-0.063,meta-llama/Llama-3.2-1B-Instruct,"1769466680.209, 1769466680.232, 1769466680.335, 1769466680.361, 1769466680.434"
1.0,0,1769466679.7295,1.3413,27,31,58,0.1263,0.0814,0.0865,1.0,0.0,93.49,1.9252,0.4676,0.4676,5148.343,1769466683.00767,10.93,92,842,0.912,38,0,0,10.31,15.0,0,781,1769466680.209,-0.063,meta-llama/Llama-3.2-1B-Instruct,"1769466680.209, 1769466680.232, 1769466680.335, 1769466680.361, 1769466680.434"
1.0,0,1769466679.8033,1.4016,27,32,59,0.0982,0.083,0.083,1.0,0.0,93.5,1.9721,0.4998,0.4998,5148.8428,1769466683.1871183,10.91,92,843,0.913,39,0,0,10.31,15.0,0,781,1769466680.209,-0.063,meta-llama/Llama-3.2-1B-Instruct,"1769466680.209, 1769466680.232, 1769466680.335, 1769466680.361, 1769466680.434"
1.0,0,1769466682.3451,0.8422,27,0,27,,,,1.0,,,0.0866,-0.0712,0.0,5148.8428,1769466683.278856,11.02,93,844,0.921,38,0,0,10.31,15.0,0,781,1769466680.209,-0.063,meta-llama/Llama-3.2-1B-Instruct,"1769466680.209, 1769466680.232, 1769466680.335, 1769466680.361, 1769466680.434"
1.0,0,1769466679.8632,1.8811,27,32,59,0.126,0.0863,0.1011,1.0,0.0,93.5,1.9619,1.0071,1.0071,5149.8499,1769466683.7123623,11.01,93,845,0.915,38,0,0,10.31,15.0,0,781,1769466680.209,-0.063,meta-llama/Llama-3.2-1B-Instruct,"1769466680.209, 1769466680.232, 1769466680.335, 1769466680.361, 1769466680.434"
1.0,0,1769466680.1209,1.7851,27,32,59,0.1619,0.1018,0.11,1.0,0.0,93.51,1.9303,0.9469,0.9469,5150.7969,1769466683.8431325,10.99,93,846,0.916,38,0,0,10.31,15.0,0,781,1769466680.209,-0.063,meta-llama/Llama-3.2-1B-Instruct,"1769466680.209, 1769466680.232, 1769466680.335, 1769466680.361, 1769466680.434"
1.0,0,1769466680.1795,1.7855,27,32,59,0.1176,0.0941,0.1014,1.0,0.0,93.52,1.9383,0.9031,0.9031,5151.7,1769466683.9078636,10.98,93,847,0.916,38,0,0,10.31,15.0,0,781,1769466680.209,-0.063,meta-llama/Llama-3.2-1B-Instruct,"1769466680.209, 1769466680.232, 1769466680.335, 1769466680.361, 1769466680.434"
1.0,0,1769466683.116,0.8979,27,1,28,0.0959,,,1.0,,,0.1857,-0.0062,0.0,5152.6955,1769466684.2008555,11.08,94,849,0.924,37,0,0,10.31,15.0,0,781,1769466680.209,-0.063,meta-llama/Llama-3.2-1B-Instruct,"1769466680.209, 1769466680.232, 1769466680.335, 1769466680.361, 1769466680.434"
1.0,0,1769466680.4059,1.8538,27,32,59,0.1418,0.0933,0.1057,1.0,0.0,93.53,1.9403,0.9955,0.9955,5152.6955,1769466684.2010689,11.07,94,849,0.917,38,0,0,10.31,15.0,0,781,1769466680.209,-0.063,meta-llama/Llama-3.2-1B-Instruct,"1769466680.209, 1769466680.232, 1769466680.335, 1769466680.361, 1769466680.434"
1.0,0,1769466680.536,1.7942,27,32,59,0.1045,0.0849,0.0882,1.0,0.0,93.54,1.9159,0.8988,0.8988,5153.5943,1769466684.2560968,11.06,94,850,0.916,36,0,0,10.31,15.0,0,781,1769466680.209,-0.063,meta-llama/Llama-3.2-1B-Instruct,"1769466680.209, 1769466680.232, 1769466680.335, 1769466680.361, 1769466680.434"
1.0,0,1769466680.6821,1.7899,27,32,59,0.0851,0.0846,0.0852,1.0,0.0,93.54,1.9051,0.8751,0.8751,5154.4694,1769466684.3905203,11.05,94,851,0.916,35,0,0,10.31,15.0,0,781,1769466680.209,-0.063,meta-llama/Llama-3.2-1B-Instruct,"1769466680.209, 1769466680.232, 1769466680.335, 1769466680.361, 1769466680.434"
1.0,0,1769466681.1375,1.3743,27,32,59,0.1484,0.083,0.0972,1.0,0.0,93.55,1.9887,0.5227,0.5227,5154.9921,1769466684.5130715,11.03,94,852,0.917,36,0,0,10.31,15.0,0,781,1769466680.209,-0.063,meta-llama/Llama-3.2-1B-Instruct,"1769466680.209, 1769466680.232, 1769466680.335, 1769466680.361, 1769466680.434"
1.0,0,1769466681.3314,1.2839,27,32,59,0.0844,0.0857,0.0883,1.0,0.0,93.56,1.9016,0.3683,0.3683,5155.3604,1769466684.5437942,11.02,94,853,0.917,36,0,0,10.31,15.0,0,781,1769466680.209,-0.063,meta-llama/Llama-3.2-1B-Instruct,"1769466680.209, 1769466680.232, 1769466680.335, 1769466680.361, 1769466680.434"
1.0,0,1769466681.6595,1.097,27,32,59,0.1213,0.0759,0.0859,1.0,0.0,93.57,1.9657,0.2183,0.2183,5155.6002,1769466684.728014,11.01,94,855,0.919,37,0,0,10.31,15.0,0,781,1769466680.209,-0.063,meta-llama/Llama-3.2-1B-Instruct,"1769466680.209, 1769466680.232, 1769466680.335, 1769466680.361, 1769466680.434"
1.0,0,1769466681.8736,0.8881,27,31,58,0.1333,0.0914,0.0969,1.0,0.0,93.58,1.9656,0.0214,0.0214,5155.6002,1769466684.7296464,10.99,94,855,0.919,37,0,0,10.31,15.0,0,781,1769466680.209,-0.063,meta-llama/Llama-3.2-1B-Instruct,"1769466680.209, 1769466680.232, 1769466680.335, 1769466680.361, 1769466680.434"
1.0,0,1769466681.9932,0.8302,27,32,59,0.1075,0.088,0.0966,1.0,0.0,93.58,1.9682,-0.0624,0.0,5155.6002,1769466684.796684,11.1,95,856,0.919,37,0,0,10.31,15.0,0,781,1769466680.209,-0.063,meta-llama/Llama-3.2-1B-Instruct,"1769466680.209, 1769466680.232, 1769466680.335, 1769466680.361, 1769466680.434"
1.0,0,1769466682.0693,0.9611,27,32,59,0.132,0.0967,0.0972,1.0,0.0,93.59,1.9539,0.0931,0.0931,5155.6933,1769466684.9884217,11.09,95,857,0.92,38,0,0,10.31,15.0,0,781,1769466680.209,-0.063,meta-llama/Llama-3.2-1B-Instruct,"1769466680.209, 1769466680.232, 1769466680.335, 1769466680.361, 1769466680.434"
1.0,0,1769466682.4205,0.8765,27,32,59,0.1017,0.094,0.108,1.0,0.0,93.6,1.9494,-0.0219,0.0,5155.6933,1769466685.2473795,11.19,96,858,0.921,38,0,0,10.31,15.0,0,781,1769466680.209,-0.063,meta-llama/Llama-3.2-1B-Instruct,"1769466680.209, 1769466680.232, 1769466680.335, 1769466680.361, 1769466680.434"
1.0,0,1769466682.5928,0.9641,27,31,58,0.1351,0.0953,0.1152,1.0,0.0,93.61,1.9572,0.0992,0.0992,5155.7925,1769466685.5181026,11.18,96,859,0.923,39,0,0,10.31,15.0,0,812,1769466685.061,-0.284,meta-llama/Llama-3.2-1B-Instruct,"1769466685.061, 1769466685.152, 1769466685.213, 1769466685.360, 1769466685.724"
200.0,1,1769466580.0094,44.2719,2808,1022,3830,0.4072,0.093,0.3841,200.0,0.0,93.61,61.296,-94.4321,0.0,5155.7925,1769466685.5934775,11.28,97,860,0.598,30,0,0,10.31,15.0,0,812,1769466685.061,-0.284,meta-llama/Llama-3.2-1B-Instruct,"1769466685.061, 1769466685.152, 1769466685.213, 1769466685.360, 1769466685.724"
200.0,1,1769466580.0552,44.4523,3079,1025,4104,0.8392,0.0859,0.3267,200.0,0.0,93.62,61.1455,-94.4023,0.0,5155.7925,1769466685.6753504,11.38,101,864,0.625,31,0,0,10.31,15.0,0,812,1769466685.061,-0.284,meta-llama/Llama-3.2-1B-Instruct,"1769466685.061, 1769466685.152, 1769466685.213, 1769466685.360, 1769466685.724"
200.0,1,1769466580.259,44.4384,2706,1030,3736,1.7135,0.0887,0.2838,200.0,0.0,93.63,60.9732,-94.5884,0.0,5155.7925,1769466685.6919818,11.69,101,864,0.625,31,0,0,10.31,15.0,0,812,1769466685.061,-0.284,meta-llama/Llama-3.2-1B-Instruct,"1769466685.061, 1769466685.152, 1769466685.213, 1769466685.360, 1769466685.724"
200.0,1,1769466580.1412,44.4024,2429,1029,3458,0.8038,0.0872,0.3365,200.0,0.0,93.64,61.1257,-94.4719,0.0,5155.7925,1769466685.695748,11.48,102,865,0.625,31,0,0,10.31,15.0,0,812,1769466685.061,-0.284,meta-llama/Llama-3.2-1B-Instruct,"1769466685.061, 1769466685.152, 1769466685.213, 1769466685.360, 1769466685.724"
200.0,1,1769466580.1618,44.5404,2899,1026,3925,1.703,0.0837,0.2842,200.0,0.0,93.65,60.9678,-94.4918,0.0,5155.7925,1769466685.698071,11.59,102,865,0.625,31,0,0,10.31,15.0,0,812,1769466685.061,-0.284,meta-llama/Llama-3.2-1B-Instruct,"1769466685.061, 1769466685.152, 1769466685.213, 1769466685.360, 1769466685.724"
200.0,1,1769466580.2929,44.4598,3556,1026,4582,1.6808,0.0899,0.3228,200.0,0.0,93.65,60.9398,-94.6003,0.0,5155.7925,1769466685.7150233,11.79,102,865,0.679,36,0,0,10.31,15.0,0,812,1769466685.061,-0.284,meta-llama/Llama-3.2-1B-Instruct,"1769466685.061, 1769466685.152, 1769466685.213, 1769466685.360, 1769466685.724"
1.0,0,1769466682.6495,1.3177,27,32,59,0.1604,0.1062,0.1234,1.0,0.0,93.66,1.9253,0.4781,0.4781,5156.6266,1769466685.9099567,11.78,102,867,0.924,38,0,0,10.31,15.0,0,812,1769466685.061,-0.284,meta-llama/Llama-3.2-1B-Instruct,"1769466685.061, 1769466685.152, 1769466685.213, 1769466685.360, 1769466685.724"
1.0,0,1769466682.7318,1.2275,27,32,59,0.1285,0.0951,0.0965,1.0,0.0,93.67,1.9504,0.356,0.356,5156.6266,1769466685.9120235,11.76,102,867,0.924,37,0,0,10.31,15.0,0,812,1769466685.061,-0.284,meta-llama/Llama-3.2-1B-Instruct,"1769466685.061, 1769466685.152, 1769466685.213, 1769466685.360, 1769466685.724"
1.0,0,1769466683.2045,1.1424,27,32,59,0.1499,0.0866,0.0926,1.0,0.0,93.68,1.8488,0.2923,0.2923,5156.9189,1769466686.208853,11.75,102,868,0.926,37,0,0,10.31,15.0,0,812,1769466685.061,-0.284,meta-llama/Llama-3.2-1B-Instruct,"1769466685.061, 1769466685.152, 1769466685.213, 1769466685.360, 1769466685.724"
1.0,0,1769466683.2312,1.1809,27,32,59,0.1024,0.0877,0.0927,1.0,0.0,93.68,1.8708,0.2833,0.2833,5157.2022,1769466686.2850428,11.74,102,869,0.926,36,1,0,10.31,15.0,0,812,1769466685.061,-0.284,meta-llama/Llama-3.2-1B-Instruct,"1769466685.061, 1769466685.152, 1769466685.213, 1769466685.360, 1769466685.724"
1.0,0,1769466683.4249,1.0609,27,32,59,0.1523,0.0901,0.0908,1.0,0.0,93.69,1.8389,0.2132,0.2132,5157.4154,1769466686.3440025,11.72,102,870,0.926,37,0,0,10.31,15.0,0,812,1769466685.061,-0.284,meta-llama/Llama-3.2-1B-Instruct,"1769466685.061, 1769466685.152, 1769466685.213, 1769466685.360, 1769466685.724"
1.0,0,1769466683.5725,1.1061,27,32,59,0.145,0.0838,0.0898,1.0,0.0,93.7,1.82,0.2511,0.2511,5157.9071,1769466686.5180998,11.71,102,872,0.927,37,0,0,10.31,15.0,0,812,1769466685.061,-0.284,meta-llama/Llama-3.2-1B-Instruct,"1769466685.061, 1769466685.152, 1769466685.213, 1769466685.360, 1769466685.724"
1.0,0,1769466683.6316,1.1179,27,32,59,0.1227,0.0904,0.0918,1.0,0.0,93.71,1.7546,0.2406,0.2406,5157.9071,1769466686.5189264,11.7,102,872,0.926,35,1,0,10.31,15.0,0,812,1769466685.061,-0.284,meta-llama/Llama-3.2-1B-Instruct,"1769466685.061, 1769466685.152, 1769466685.213, 1769466685.360, 1769466685.724"
1.0,0,1769466683.695,1.1211,27,32,59,0.1411,0.0892,0.0929,1.0,0.0,93.71,1.8184,0.2622,0.2622,5158.1693,1769466686.6433594,11.68,102,873,0.926,36,0,0,10.31,15.0,0,812,1769466685.061,-0.284,meta-llama/Llama-3.2-1B-Instruct,"1769466685.061, 1769466685.152, 1769466685.213, 1769466685.360, 1769466685.724"
1.0,0,1769466683.8092,1.119,27,32,59,0.1365,0.0818,0.0885,1.0,0.0,93.72,1.7718,0.2555,0.2555,5158.4248,1769466686.7325387,11.67,102,874,0.927,36,0,0,10.31,15.0,0,812,1769466685.061,-0.284,meta-llama/Llama-3.2-1B-Instruct,"1769466685.061, 1769466685.152, 1769466685.213, 1769466685.360, 1769466685.724"
1.0,0,1769466684.8881,1.4499,27,6,33,0.1581,0.0828,0.0828,1.0,0.0,93.73,0.4354,0.608,0.608,5159.0328,1769466686.7753584,11.66,102,875,0.711,34,0,0,10.31,15.0,0,812,1769466685.061,-0.284,meta-llama/Llama-3.2-1B-Instruct,"1769466685.061, 1769466685.152, 1769466685.213, 1769466685.360, 1769466685.724"
1.0,0,1769466683.9196,1.2107,27,32,59,0.1366,0.0855,0.0884,1.0,0.0,93.74,1.7521,0.3472,0.3472,5160.1217,1769466686.9081109,11.64,102,878,0.928,37,0,0,10.31,15.0,0,812,1769466685.061,-0.284,meta-llama/Llama-3.2-1B-Instruct,"1769466685.061, 1769466685.152, 1769466685.213, 1769466685.360, 1769466685.724"
1.0,0,1769466683.866,1.2587,27,32,59,0.1503,0.0956,0.0973,1.0,0.0,93.74,1.7734,0.409,0.409,5160.1217,1769466686.9083743,11.63,102,878,0.927,36,1,0,10.31,15.0,0,812,1769466685.061,-0.284,meta-llama/Llama-3.2-1B-Instruct,"1769466685.061, 1769466685.152, 1769466685.213, 1769466685.360, 1769466685.724"
1.0,0,1769466683.9491,1.2372,27,32,59,0.0955,0.0873,0.0894,1.0,0.0,93.75,1.7183,0.3327,0.3327,5160.1217,1769466686.9119647,11.62,102,878,0.928,37,0,0,10.31,15.0,0,812,1769466685.061,-0.284,meta-llama/Llama-3.2-1B-Instruct,"1769466685.061, 1769466685.152, 1769466685.213, 1769466685.360, 1769466685.724"
1.0,0,1769466684.7672,1.3988,27,17,44,0.0889,0.0818,0.0818,1.0,0.0,93.76,0.9007,0.4877,0.4877,5160.6094,1769466687.0792134,11.6,102,879,0.711,34,1,0,10.31,15.0,0,812,1769466685.061,-0.284,meta-llama/Llama-3.2-1B-Instruct,"1769466685.061, 1769466685.152, 1769466685.213, 1769466685.360, 1769466685.724"
1.0,0,1769466684.0606,1.4716,27,32,59,0.1616,0.0861,0.104,1.0,0.0,93.76,1.6614,0.6332,0.6332,5161.2426,1769466687.1984756,11.59,102,880,0.931,38,0,0,10.31,15.0,0,812,1769466685.061,-0.284,meta-llama/Llama-3.2-1B-Instruct,"1769466685.061, 1769466685.152, 1769466685.213, 1769466685.360, 1769466685.724"
1.0,0,1769466684.1516,1.6257,27,32,59,0.1313,0.077,0.0809,1.0,0.0,93.77,1.5801,0.757,0.757,5161.9996,1769466687.37772,11.58,102,881,0.708,33,0,0,10.31,15.0,0,812,1769466685.061,-0.284,meta-llama/Llama-3.2-1B-Instruct,"1769466685.061, 1769466685.152, 1769466685.213, 1769466685.360, 1769466685.724"
1.0,0,1769466684.2131,1.6422,27,32,59,0.1267,0.0934,0.0936,1.0,0.0,93.78,1.6144,0.769,0.769,5162.7685,1769466687.477005,11.56,102,882,0.708,33,0,0,10.31,15.0,0,812,1769466685.061,-0.284,meta-llama/Llama-3.2-1B-Instruct,"1769466685.061, 1769466685.152, 1769466685.213, 1769466685.360, 1769466685.724"
1.0,0,1769466684.3602,1.6098,27,32,59,0.111,0.0923,0.0929,1.0,0.0,93.79,1.5801,0.7208,0.7208,5163.4893,1769466687.563908,11.55,102,883,0.709,33,0,0,10.31,15.0,0,812,1769466685.061,-0.284,meta-llama/Llama-3.2-1B-Instruct,"1769466685.061, 1769466685.152, 1769466685.213, 1769466685.360, 1769466685.724"
1.0,0,1769466684.7237,1.341,27,32,59,0.2099,0.0983,0.1014,1.0,0.0,93.79,1.6958,0.5509,0.5509,5164.0402,1769466687.7646925,11.54,102,884,0.709,33,0,0,10.31,15.0,0,812,1769466685.061,-0.284,meta-llama/Llama-3.2-1B-Instruct,"1769466685.061, 1769466685.152, 1769466685.213, 1769466685.360, 1769466685.724"
1.0,0,1769466685.0013,1.365,27,32,59,0.133,0.6367,0.672,1.0,0.0,93.8,2.8726,0.4981,0.4981,5164.5383,1769466689.2405455,11.53,102,885,0.711,33,0,0,10.31,15.0,0,812,1769466685.061,-0.284,meta-llama/Llama-3.2-1B-Instruct,"1769466685.061, 1769466685.152, 1769466685.213, 1769466685.360, 1769466685.724"
1.0,0,1769466685.2161,1.2029,27,32,59,0.0821,0.659,0.672,1.0,0.0,93.81,2.8687,0.285,0.285,5164.8233,1769466689.2948139,11.51,102,886,0.711,33,0,0,10.31,15.0,0,812,1769466685.061,-0.284,meta-llama/Llama-3.2-1B-Instruct,"1769466685.061, 1769466685.152, 1769466685.213, 1769466685.360, 1769466685.724"
1.0,0,1769466685.832,0.731,27,32,59,0.1444,0.6644,0.6701,1.0,0.0,93.82,2.9282,-0.1247,0.0,5165.0304,1769466689.5342717,11.61,103,888,0.712,34,1,0,10.31,15.0,0,812,1769466685.061,-0.284,meta-llama/Llama-3.2-1B-Instruct,"1769466685.061, 1769466685.152, 1769466685.213, 1769466685.360, 1769466685.724"
1.0,0,1769466685.4806,1.0523,27,32,59,0.1548,0.6681,0.6725,1.0,0.0,93.82,2.9646,0.2071,0.2071,5165.0304,1769466689.5362613,11.6,103,888,0.712,35,0,0,10.31,15.0,0,812,1769466685.061,-0.284,meta-llama/Llama-3.2-1B-Instruct,"1769466685.061, 1769466685.152, 1769466685.213, 1769466685.360, 1769466685.724"
1.0,0,1769466685.9228,0.7436,27,32,59,0.1234,0.6514,0.6768,1.0,0.0,93.83,2.9398,-0.133,0.0,5165.0304,1769466689.6272006,11.7,104,889,0.712,35,0,0,10.31,15.0,0,812,1769466685.061,-0.284,meta-llama/Llama-3.2-1B-Instruct,"1769466685.061, 1769466685.152, 1769466685.213, 1769466685.360, 1769466685.724"
1.0,0,1769466686.0082,0.7968,27,32,59,0.0867,0.6497,0.6815,1.0,0.0,93.84,2.9398,-0.1165,0.0,5165.0304,1769466689.750187,11.8,105,890,0.712,34,0,0,10.31,15.0,0,812,1769466685.061,-0.284,meta-llama/Llama-3.2-1B-Instruct,"1769466685.061, 1769466685.152, 1769466685.213, 1769466685.360, 1769466685.724"
1.0,0,1769466686.1825,0.6722,27,32,59,0.1381,0.6561,0.6773,1.0,0.0,93.84,3.0069,-0.1897,0.0,5165.0304,1769466689.8827152,11.9,106,891,0.712,33,0,0,10.31,15.0,0,812,1769466685.061,-0.284,meta-llama/Llama-3.2-1B-Instruct,"1769466685.061, 1769466685.152, 1769466685.213, 1769466685.360, 1769466685.724"
1.0,0,1769466686.2963,0.6434,27,32,59,0.0752,0.6582,0.6665,1.0,0.0,93.85,2.9604,-0.2814,0.0,5165.0304,1769466689.9043465,12.0,107,892,0.712,32,0,0,10.31,15.0,0,812,1769466685.061,-0.284,meta-llama/Llama-3.2-1B-Instruct,"1769466685.061, 1769466685.152, 1769466685.213, 1769466685.360, 1769466685.724"
1.0,0,1769466686.3569,0.6946,27,32,59,0.1227,0.6596,0.6723,1.0,0.0,93.86,3.0147,-0.1827,0.0,5165.0304,1769466690.068017,12.09,108,893,0.714,34,0,0,10.31,15.0,0,812,1769466685.061,-0.284,meta-llama/Llama-3.2-1B-Instruct,"1769466685.061, 1769466685.152, 1769466685.213, 1769466685.360, 1769466685.724"
1.0,0,1769466686.5401,0.6544,27,32,59,0.1421,0.6537,0.668,1.0,0.0,93.87,2.9848,-0.2035,0.0,5165.0304,1769466690.1921864,12.19,109,894,0.714,34,0,0,10.31,15.0,0,812,1769466685.061,-0.284,meta-llama/Llama-3.2-1B-Instruct,"1769466685.061, 1769466685.152, 1769466685.213, 1769466685.360, 1769466685.724"
1.0,0,1769466686.8294,0.4335,27,32,59,0.0823,0.6553,0.6719,1.0,0.0,93.87,2.9812,-0.4842,0.0,5165.0304,1769466690.2678964,12.29,110,895,0.714,33,0,0,10.31,15.0,0,812,1769466685.061,-0.284,meta-llama/Llama-3.2-1B-Instruct,"1769466685.061, 1769466685.152, 1769466685.213, 1769466685.360, 1769466685.724"
1.0,0,1769466686.9784,0.3435,27,32,59,0.144,0.6549,0.6726,1.0,0.0,93.88,3.0498,-0.5125,0.0,5165.0304,1769466690.3751438,12.39,111,896,0.715,35,0,0,10.31,15.0,0,812,1769466685.061,-0.284,meta-llama/Llama-3.2-1B-Instruct,"1769466685.061, 1769466685.152, 1769466685.213, 1769466685.360, 1769466685.724"
1.0,0,1769466687.2774,0.1412,27,32,59,0.134,0.6546,0.6716,1.0,0.0,93.89,3.0541,-0.7248,0.0,5165.0304,1769466690.5018973,12.49,112,897,0.715,35,0,0,10.31,15.0,0,854,1769466689.52,-0.875,meta-llama/Llama-3.2-1B-Instruct,"1769466689.520, 1769466689.593, 1769466689.619, 1769466689.730, 1769466689.756"
1.0,0,1769466687.3955,0.1711,27,32,59,0.1709,0.6673,0.672,1.0,0.0,93.89,3.0717,-0.658,0.0,5165.0304,1769466690.640115,12.58,113,898,0.716,35,0,0,10.31,15.0,0,854,1769466689.52,-0.875,meta-llama/Llama-3.2-1B-Instruct,"1769466689.520, 1769466689.593, 1769466689.619, 1769466689.730, 1769466689.756"
1.0,0,1769466687.4896,0.1448,27,32,59,0.1011,0.6544,0.677,1.0,0.0,93.9,3.0782,-0.7541,0.0,5165.0304,1769466690.7272618,12.68,114,899,0.716,34,1,0,10.31,15.0,0,854,1769466689.52,-0.875,meta-llama/Llama-3.2-1B-Instruct,"1769466689.520, 1769466689.593, 1769466689.619, 1769466689.730, 1769466689.756"
1.0,0,1769466687.6508,0.1511,27,32,59,1.3325,0.0956,0.1228,1.0,0.0,93.91,3.0446,0.4836,0.4836,5165.83,1769466690.8518538,12.67,114,901,0.765,36,0,0,10.31,15.0,0,854,1769466689.52,-0.875,meta-llama/Llama-3.2-1B-Instruct,"1769466689.520, 1769466689.593, 1769466689.619, 1769466689.730, 1769466689.756"
1.0,0,1769466687.8467,0.0595,27,32,59,1.2566,0.089,0.0922,1.0,0.0,93.92,2.9437,0.3161,0.3161,5165.83,1769466690.8521276,12.65,114,901,0.765,36,0,0,10.31,15.0,0,854,1769466689.52,-0.875,meta-llama/Llama-3.2-1B-Instruct,"1769466689.520, 1769466689.593, 1769466689.619, 1769466689.730, 1769466689.756"
1.0,0,1769466688.6194,2.1731,27,0,27,,,,1.0,,,0.1459,1.319,1.319,5167.149,1769466690.96448,12.64,114,902,0.824,38,0,0,10.31,15.0,0,854,1769466689.52,-0.875,meta-llama/Llama-3.2-1B-Instruct,"1769466689.520, 1769466689.593, 1769466689.619, 1769466689.730, 1769466689.756"
1.0,0,1769466687.9859,1.4008,27,32,59,0.1129,0.0951,0.109,1.0,0.0,93.92,1.8346,0.5137,0.5137,5167.6627,1769466691.222337,12.62,114,903,0.818,38,0,0,10.31,15.0,0,854,1769466689.52,-0.875,meta-llama/Llama-3.2-1B-Instruct,"1769466689.520, 1769466689.593, 1769466689.619, 1769466689.730, 1769466689.756"
1.0,0,1769466688.0528,1.4719,27,32,59,0.1023,0.0851,0.0906,1.0,0.0,93.93,1.7207,0.5742,0.5742,5168.2369,1769466691.266835,12.61,114,904,0.819,38,0,0,10.31,15.0,0,854,1769466689.52,-0.875,meta-llama/Llama-3.2-1B-Instruct,"1769466689.520, 1769466689.593, 1769466689.619, 1769466689.730, 1769466689.756"
1.0,0,1769466688.0804,1.6156,27,32,59,0.2075,0.0842,0.0941,1.0,0.0,93.94,1.8234,0.8232,0.8232,5169.06,1769466691.52205,12.6,114,905,0.819,37,0,0,10.31,15.0,0,854,1769466689.52,-0.875,meta-llama/Llama-3.2-1B-Instruct,"1769466689.520, 1769466689.593, 1769466689.619, 1769466689.730, 1769466689.756"
1.0,0,1769466688.1506,1.619,27,31,58,0.1242,0.0968,0.0994,1.0,0.0,93.94,1.7944,0.7432,0.7432,5169.8033,1769466691.5841832,12.58,114,906,0.819,36,1,0,10.31,15.0,0,854,1769466689.52,-0.875,meta-llama/Llama-3.2-1B-Instruct,"1769466689.520, 1769466689.593, 1769466689.619, 1769466689.730, 1769466689.756"
1.0,0,1769466688.1767,1.6661,27,32,59,0.1253,0.1021,0.1104,1.0,0.0,93.95,1.8002,0.7914,0.7914,5170.5947,1769466691.650426,12.57,114,907,0.82,37,0,0,10.31,15.0,0,854,1769466689.52,-0.875,meta-llama/Llama-3.2-1B-Instruct,"1769466689.520, 1769466689.593, 1769466689.619, 1769466689.730, 1769466689.756"
1.0,0,1769466688.2026,1.8068,27,32,59,0.1388,0.087,0.1039,1.0,0.0,93.96,1.8043,0.9456,0.9456,5172.4252,1769466691.8268242,12.54,114,909,0.82,36,0,0,10.31,15.0,0,854,1769466689.52,-0.875,meta-llama/Llama-3.2-1B-Instruct,"1769466689.520, 1769466689.593, 1769466689.619, 1769466689.730, 1769466689.756"
1.0,0,1769466688.2672,1.745,27,32,59,0.1399,0.084,0.0872,1.0,0.0,93.96,1.8005,0.8849,0.8849,5172.4252,1769466691.8361657,12.56,114,909,0.821,37,0,0,10.31,15.0,0,854,1769466689.52,-0.875,meta-llama/Llama-3.2-1B-Instruct,"1769466689.520, 1769466689.593, 1769466689.619, 1769466689.730, 1769466689.756"
1.0,0,1769466688.2924,1.7893,27,32,59,0.1002,0.0963,0.1041,1.0,0.0,93.97,1.7614,0.8895,0.8895,5173.3148,1769466691.8512874,12.53,114,910,0.82,36,0,0,10.31,15.0,0,854,1769466689.52,-0.875,meta-llama/Llama-3.2-1B-Instruct,"1769466689.520, 1769466689.593, 1769466689.619, 1769466689.730, 1769466689.756"
1.0,0,1769466688.3181,1.9143,27,32,59,0.1361,0.0981,0.1092,1.0,0.0,93.98,1.7924,1.0504,1.0504,5174.3652,1769466692.0256617,12.51,114,911,0.821,38,0,0,10.31,15.0,0,854,1769466689.52,-0.875,meta-llama/Llama-3.2-1B-Instruct,"1769466689.520, 1769466689.593, 1769466689.619, 1769466689.730, 1769466689.756"
1.0,0,1769466688.3447,1.9427,27,32,59,0.0971,0.0825,0.0833,1.0,0.0,93.98,1.7739,1.0398,1.0398,5175.4049,1769466692.0699933,12.5,114,912,0.821,37,0,0,10.31,15.0,0,854,1769466689.52,-0.875,meta-llama/Llama-3.2-1B-Instruct,"1769466689.520, 1769466689.593, 1769466689.619, 1769466689.730, 1769466689.756"
1.0,0,1769466688.4192,2.0058,27,32,59,0.0709,0.0955,0.1022,1.0,0.0,93.99,1.7636,1.0767,1.0767,5176.4817,1769466692.2129412,12.49,114,913,0.823,38,0,0,10.31,15.0,0,854,1769466689.52,-0.875,meta-llama/Llama-3.2-1B-Instruct,"1769466689.520, 1769466689.593, 1769466689.619, 1769466689.730, 1769466689.756"
1.0,0,1769466688.52,2.0763,27,32,59,0.1307,0.125,0.1252,1.0,0.0,94.0,1.7914,1.2069,1.2069,5177.6886,1769466692.3974226,12.47,114,914,0.823,38,0,0,10.31,15.0,0,854,1769466689.52,-0.875,meta-llama/Llama-3.2-1B-Instruct,"1769466689.520, 1769466689.593, 1769466689.619, 1769466689.730, 1769466689.756"
1.0,0,1769466688.5933,2.0937,27,32,59,0.1535,0.0832,0.0838,1.0,0.0,94.0,1.8114,1.2473,1.2473,5178.9359,1769466692.5051277,12.46,114,915,0.823,37,0,0,10.31,15.0,0,854,1769466689.52,-0.875,meta-llama/Llama-3.2-1B-Instruct,"1769466689.520, 1769466689.593, 1769466689.619, 1769466689.730, 1769466689.756"
200.0,1,1769466580.3248,51.4386,2808,1036,3844,0.4294,0.0924,0.3846,200.0,0.0,94.01,60.7972,-87.7642,0.0,5178.9359,1769466692.5852747,12.55,116,917,0.786,36,0,0,10.31,15.0,0,854,1769466689.52,-0.875,meta-llama/Llama-3.2-1B-Instruct,"1769466689.520, 1769466689.593, 1769466689.619, 1769466689.730, 1769466689.756"
200.0,1,1769466580.4228,51.5736,2402,1028,3430,1.4297,0.0867,0.2919,200.0,0.0,94.02,60.5796,-87.8468,0.0,5178.9359,1769466692.6015084,12.65,116,917,0.813,37,0,0,10.31,15.0,0,854,1769466689.52,-0.875,meta-llama/Llama-3.2-1B-Instruct,"1769466689.520, 1769466689.593, 1769466689.619, 1769466689.730, 1769466689.756"
1.0,0,1769466688.7299,2.168,27,32,59,0.1434,0.0837,0.0973,1.0,0.0,94.02,1.7929,1.3114,1.3114,5180.2473,1769466692.7085223,12.64,116,918,0.824,37,0,0,10.31,15.0,0,854,1769466689.52,-0.875,meta-llama/Llama-3.2-1B-Instruct,"1769466689.520, 1769466689.593, 1769466689.619, 1769466689.730, 1769466689.756"
1.0,0,1769466688.7563,2.3094,27,32,59,0.114,0.0848,0.0873,1.0,0.0,94.03,1.8006,1.4233,1.4233,5181.6706,1769466692.8677988,12.62,116,919,0.825,37,0,0,10.31,15.0,0,854,1769466689.52,-0.875,meta-llama/Llama-3.2-1B-Instruct,"1769466689.520, 1769466689.593, 1769466689.619, 1769466689.730, 1769466689.756"
1.0,0,1769466689.0488,2.1824,27,32,59,0.1167,0.0919,0.0933,1.0,0.0,94.04,1.7794,1.2992,1.2992,5182.9698,1769466693.027551,12.61,116,920,0.825,37,0,0,10.31,15.0,0,854,1769466689.52,-0.875,meta-llama/Llama-3.2-1B-Instruct,"1769466689.520, 1769466689.593, 1769466689.619, 1769466689.730, 1769466689.756"
1.0,0,1769466688.7822,2.4439,27,33,60,0.1393,0.094,0.0978,1.0,0.0,94.04,1.8035,1.5832,1.5832,5184.553,1769466693.0320604,12.6,116,921,0.825,37,1,0,10.31,15.0,0,854,1769466689.52,-0.875,meta-llama/Llama-3.2-1B-Instruct,"1769466689.520, 1769466689.593, 1769466689.619, 1769466689.730, 1769466689.756"
1.0,0,1769466689.649,1.7458,27,32,59,0.1583,0.0921,0.1043,1.0,0.0,94.05,1.7503,0.9041,0.9041,5185.4571,1769466693.150641,12.58,116,922,0.826,38,0,0,10.31,15.0,0,854,1769466689.52,-0.875,meta-llama/Llama-3.2-1B-Instruct,"1769466689.520, 1769466689.593, 1769466689.619, 1769466689.730, 1769466689.756"
1.0,0,1769466689.9075,1.5492,27,32,59,0.1003,0.0962,0.1069,1.0,0.0,94.06,1.756,0.6495,0.6495,5186.1066,1769466693.2279649,12.57,116,923,0.827,38,1,0,10.31,15.0,0,854,1769466689.52,-0.875,meta-llama/Llama-3.2-1B-Instruct,"1769466689.520, 1769466689.593, 1769466689.619, 1769466689.730, 1769466689.756"
1.0,0,1769466690.103,1.5733,27,32,59,0.1354,0.1053,0.1176,1.0,0.0,94.06,1.7528,0.7087,0.7087,5186.8153,1769466693.4320157,12.55,116,924,0.828,37,0,0,10.31,15.0,0,854,1769466689.52,-0.875,meta-llama/Llama-3.2-1B-Instruct,"1769466689.520, 1769466689.593, 1769466689.619, 1769466689.730, 1769466689.756"
1.0,0,1769466690.2053,1.5391,27,32,59,0.0993,0.1068,0.1097,1.0,0.0,94.07,1.7386,0.6384,0.6384,5187.4538,1769466693.5088675,12.54,116,925,0.828,37,0,0,10.31,15.0,0,854,1769466689.52,-0.875,meta-llama/Llama-3.2-1B-Instruct,"1769466689.520, 1769466689.593, 1769466689.619, 1769466689.730, 1769466689.756"
1.0,0,1769466690.3001,1.5652,27,32,59,0.0687,0.086,0.0947,1.0,0.0,94.08,1.6945,0.6339,0.6339,5188.0876,1769466693.5731826,12.53,116,926,0.828,36,0,0,10.31,15.0,0,854,1769466689.52,-0.875,meta-llama/Llama-3.2-1B-Instruct,"1769466689.520, 1769466689.593, 1769466689.619, 1769466689.730, 1769466689.756"
200.0,1,1769466581.3317,106.5423,2976,84,3060,1.2741,0.0929,0.1047,200.0,0.0,94.08,5.7634,-87.6943,0.0,5188.0876,1769466693.673262,12.62,117,927,0.765,36,0,0,10.31,15.0,0,854,1769466689.52,-0.875,meta-llama/Llama-3.2-1B-Instruct,"1769466689.520, 1769466689.593, 1769466689.619, 1769466689.730, 1769466689.756"
1.0,0,1769466690.4375,1.607,27,32,59,0.1405,0.0922,0.0999,1.0,0.0,94.09,1.7167,0.7475,0.7475,5188.8351,1769466693.8028057,12.61,117,928,0.828,36,0,0,10.31,15.0,0,854,1769466689.52,-0.875,meta-llama/Llama-3.2-1B-Instruct,"1769466689.520, 1769466689.593, 1769466689.619, 1769466689.730, 1769466689.756"
1.0,0,1769466691.1476,0.9536,27,31,58,0.1189,0.0943,0.1142,1.0,0.0,94.1,1.711,0.0725,0.0725,5188.9076,1769466693.8185039,12.59,117,929,0.828,35,0,0,10.31,15.0,0,854,1769466689.52,-0.875,meta-llama/Llama-3.2-1B-Instruct,"1769466689.520, 1769466689.593, 1769466689.619, 1769466689.730, 1769466689.756"
1.0,0,1769466691.3009,0.8598,27,32,59,0.0993,0.109,0.1102,1.0,0.0,94.1,1.7081,-0.0409,0.0,5188.9076,1769466693.870857,12.69,118,930,0.828,36,1,0,10.31,15.0,0,854,1769466689.52,-0.875,meta-llama/Llama-3.2-1B-Instruct,"1769466689.520, 1769466689.593, 1769466689.619, 1769466689.730, 1769466689.756"
1.0,0,1769466691.5997,0.6965,27,32,59,0.1354,0.4217,0.8723,1.0,0.0,94.11,2.9533,-0.1681,0.0,5188.9076,1769466695.254585,12.78,119,931,0.829,37,0,0,10.31,15.0,0,854,1769466689.52,-0.875,meta-llama/Llama-3.2-1B-Instruct,"1769466689.520, 1769466689.593, 1769466689.619, 1769466689.730, 1769466689.756"
1.0,0,1769466691.6506,0.7967,27,32,59,0.1215,0.4349,0.8705,1.0,0.0,94.12,3.0175,-0.0818,0.0,5188.9076,1769466695.4752755,12.97,121,933,0.83,37,0,0,10.31,15.0,0,897,1769466695.29,-0.161,meta-llama/Llama-3.2-1B-Instruct,"1769466695.290, 1769466695.435, 1769466695.507, 1769466695.533, 1769466695.600"
1.0,0,1769466691.8006,0.6581,27,32,59,0.1095,0.4277,0.8737,1.0,0.0,94.12,2.9844,-0.2324,0.0,5188.9076,1769466695.4906478,12.88,121,933,0.831,37,0,0,10.31,15.0,0,897,1769466695.29,-0.161,meta-llama/Llama-3.2-1B-Instruct,"1769466695.290, 1769466695.435, 1769466695.507, 1769466695.533, 1769466695.600"
1.0,0,1769466691.8887,0.7077,27,32,59,0.0704,0.4272,0.8739,1.0,0.0,94.13,2.9486,-0.2219,0.0,5188.9076,1769466695.5610116,13.06,122,934,0.763,36,0,0,10.31,15.0,0,897,1769466695.29,-0.161,meta-llama/Llama-3.2-1B-Instruct,"1769466695.290, 1769466695.435, 1769466695.507, 1769466695.533, 1769466695.600"
1.0,0,1769466692.0498,0.6039,27,32,59,0.1386,0.4335,0.8736,1.0,0.0,94.14,3.0003,-0.2575,0.0,5188.9076,1769466695.6713827,13.16,123,935,0.763,37,0,0,10.31,15.0,0,897,1769466695.29,-0.161,meta-llama/Llama-3.2-1B-Instruct,"1769466695.290, 1769466695.435, 1769466695.507, 1769466695.533, 1769466695.600"
1.0,0,1769466692.2728,0.56,27,32,59,0.1064,0.4346,0.87,1.0,0.0,94.14,2.989,-0.3336,0.0,5188.9076,1769466695.8296876,13.25,124,936,0.763,36,0,0,10.31,15.0,0,897,1769466695.29,-0.161,meta-llama/Llama-3.2-1B-Instruct,"1769466695.290, 1769466695.435, 1769466695.507, 1769466695.533, 1769466695.600"
1.0,0,1769466692.3388,0.5651,27,32,59,0.1505,0.422,0.8706,1.0,0.0,94.15,2.9991,-0.2844,0.0,5188.9076,1769466695.9200704,13.34,125,937,0.764,37,0,0,10.31,15.0,0,897,1769466695.29,-0.161,meta-llama/Llama-3.2-1B-Instruct,"1769466695.290, 1769466695.435, 1769466695.507, 1769466695.533, 1769466695.600"
1.0,0,1769466692.5002,0.4993,27,32,59,0.0769,0.4202,0.8869,1.0,0.0,94.16,3.0313,-0.4238,0.0,5188.9076,1769466696.0381293,13.43,126,938,0.764,36,0,0,10.31,15.0,0,897,1769466695.29,-0.161,meta-llama/Llama-3.2-1B-Instruct,"1769466695.290, 1769466695.435, 1769466695.507, 1769466695.533, 1769466695.600"
1.0,0,1769466692.5292,0.5871,27,32,59,0.1341,0.4271,0.8782,1.0,0.0,94.16,3.0942,-0.2788,0.0,5188.9076,1769466696.2118688,13.53,127,939,0.765,37,0,0,10.31,15.0,0,897,1769466695.29,-0.161,meta-llama/Llama-3.2-1B-Instruct,"1769466695.290, 1769466695.435, 1769466695.507, 1769466695.533, 1769466695.600"
1.0,0,1769466692.7247,0.5895,27,32,59,0.0851,0.4338,0.8773,1.0,0.0,94.17,3.181,-0.3255,0.0,5188.9076,1769466696.5221906,13.62,128,940,0.766,36,0,0,10.31,15.0,0,897,1769466695.29,-0.161,meta-llama/Llama-3.2-1B-Instruct,"1769466695.290, 1769466695.435, 1769466695.507, 1769466695.533, 1769466695.600"
1.0,0,1769466692.8078,0.557,27,32,59,0.1329,0.4304,0.8732,1.0,0.0,94.18,3.1762,-0.3101,0.0,5188.9076,1769466696.5431318,13.71,129,941,0.766,37,0,0,10.31,15.0,0,897,1769466695.29,-0.161,meta-llama/Llama-3.2-1B-Instruct,"1769466695.290, 1769466695.435, 1769466695.507, 1769466695.533, 1769466695.600"
1.0,0,1769466692.8796,0.6464,27,32,59,0.1168,0.4302,0.8709,1.0,0.0,94.18,3.046,-0.2368,0.0,5188.9076,1769466696.586874,13.8,130,942,0.766,36,0,0,10.31,15.0,0,897,1769466695.29,-0.161,meta-llama/Llama-3.2-1B-Instruct,"1769466695.290, 1769466695.435, 1769466695.507, 1769466695.533, 1769466695.600"
1.0,0,1769466692.9754,0.675,27,32,59,0.1114,0.4477,0.8583,1.0,0.0,94.19,3.076,-0.2136,0.0,5188.9076,1769466696.733478,13.89,131,943,0.766,35,1,0,10.31,15.0,0,897,1769466695.29,-0.161,meta-llama/Llama-3.2-1B-Instruct,"1769466695.290, 1769466695.435, 1769466695.507, 1769466695.533, 1769466695.600"
1.0,0,1769466693.4522,0.2321,27,32,59,0.1228,0.4337,0.8756,1.0,0.0,94.19,3.1072,-0.6451,0.0,5188.9076,1769466696.805267,13.98,132,944,0.738,35,0,0,10.31,15.0,0,897,1769466695.29,-0.161,meta-llama/Llama-3.2-1B-Instruct,"1769466695.290, 1769466695.435, 1769466695.507, 1769466695.533, 1769466695.600"
1.0,0,1769466694.0188,0.0678,27,32,59,1.1364,0.0992,0.2942,1.0,0.0,94.2,2.852,0.2042,0.2042,5189.7203,1769466696.950156,13.97,132,947,0.77,35,0,0,10.31,15.0,0,897,1769466695.29,-0.161,meta-llama/Llama-3.2-1B-Instruct,"1769466695.290, 1769466695.435, 1769466695.507, 1769466695.533, 1769466695.600"
1.0,0,1769466693.9874,0.0585,27,32,59,1.1884,0.0903,0.2493,1.0,0.0,94.21,2.9019,0.2468,0.2468,5189.7203,1769466696.9524598,13.95,132,947,0.77,35,0,0,10.31,15.0,0,897,1769466695.29,-0.161,meta-llama/Llama-3.2-1B-Instruct,"1769466695.290, 1769466695.435, 1769466695.507, 1769466695.533, 1769466695.600"
1.0,0,1769466693.8804,0.0814,27,32,59,1.2803,0.094,0.2394,1.0,0.0,94.21,2.9881,0.3617,0.3617,5189.7203,1769466696.9531775,13.94,132,947,0.77,35,0,0,10.31,15.0,0,897,1769466695.29,-0.161,meta-llama/Llama-3.2-1B-Instruct,"1769466695.290, 1769466695.435, 1769466695.507, 1769466695.533, 1769466695.600"
1.0,0,1769466694.1866,1.1795,27,32,59,0.1024,0.0938,0.2236,1.0,0.0,94.22,1.805,0.282,0.282,5190.0023,1769466697.181921,13.92,132,948,0.84,39,0,0,10.31,15.0,0,897,1769466695.29,-0.161,meta-llama/Llama-3.2-1B-Instruct,"1769466695.290, 1769466695.435, 1769466695.507, 1769466695.533, 1769466695.600"
1.0,0,1769466694.2904,1.3411,27,32,59,0.1437,0.0807,0.2058,1.0,0.0,94.23,1.8052,0.4848,0.4848,5190.4871,1769466697.444948,13.91,132,949,0.839,37,0,0,10.31,15.0,0,897,1769466695.29,-0.161,meta-llama/Llama-3.2-1B-Instruct,"1769466695.290, 1769466695.435, 1769466695.507, 1769466695.533, 1769466695.600"
1.0,0,1769466694.4347,1.2562,27,32,59,0.1219,0.0914,0.2177,1.0,0.0,94.23,1.8141,0.378,0.378,5190.8652,1769466697.5203085,13.89,132,950,0.839,36,1,0,10.31,15.0,0,897,1769466695.29,-0.161,meta-llama/Llama-3.2-1B-Instruct,"1769466695.290, 1769466695.435, 1769466695.507, 1769466695.533, 1769466695.600"
1.0,0,1769466694.5072,1.2505,27,32,59,0.0856,0.0907,0.2242,1.0,0.0,94.24,1.7788,0.3361,0.3361,5191.2013,1769466697.549194,13.88,132,951,0.84,37,1,0,10.31,15.0,0,897,1769466695.29,-0.161,meta-llama/Llama-3.2-1B-Instruct,"1769466695.290, 1769466695.435, 1769466695.507, 1769466695.533, 1769466695.600"
1.0,0,1769466694.5334,1.3526,27,32,59,0.1409,0.0998,0.2528,1.0,0.0,94.25,1.8248,0.4936,0.4936,5191.6949,1769466697.714313,13.87,132,952,0.841,38,0,0,10.31,15.0,0,897,1769466695.29,-0.161,meta-llama/Llama-3.2-1B-Instruct,"1769466695.290, 1769466695.435, 1769466695.507, 1769466695.533, 1769466695.600"
1.0,0,1769466694.5997,1.4618,27,32,59,0.1342,0.0981,0.2172,1.0,0.0,94.25,1.8378,0.5959,0.5959,5193.091,1769466697.9136062,13.85,132,954,0.84,37,0,0,10.31,15.0,0,897,1769466695.29,-0.161,meta-llama/Llama-3.2-1B-Instruct,"1769466695.290, 1769466695.435, 1769466695.507, 1769466695.533, 1769466695.600"
1.0,0,1769466694.6261,1.4872,27,31,58,0.313,0.0867,0.0959,1.0,0.0,94.26,1.7906,0.8002,0.8002,5193.091,1769466697.917925,13.84,132,954,0.842,37,0,0,10.31,15.0,0,897,1769466695.29,-0.161,meta-llama/Llama-3.2-1B-Instruct,"1769466695.290, 1769466695.435, 1769466695.507, 1769466695.533, 1769466695.600"
1.0,0,1769466694.7339,1.4093,27,32,59,0.2756,0.0859,0.0891,1.0,0.0,94.26,1.8522,0.685,0.685,5193.7759,1769466698.0064356,13.82,132,955,0.842,37,0,0,10.31,15.0,0,897,1769466695.29,-0.161,meta-llama/Llama-3.2-1B-Instruct,"1769466695.290, 1769466695.435, 1769466695.507, 1769466695.533, 1769466695.600"
1.0,0,1769466694.9307,1.6869,27,32,59,0.1784,0.0953,0.115,1.0,0.0,94.27,1.7931,0.8652,0.8652,5194.6412,1769466698.4136636,13.81,132,956,0.843,36,0,0,10.31,15.0,0,897,1769466695.29,-0.161,meta-llama/Llama-3.2-1B-Instruct,"1769466695.290, 1769466695.435, 1769466695.507, 1769466695.533, 1769466695.600"
1.0,0,1769466695.1224,1.5613,27,32,59,0.1198,0.0913,0.0934,1.0,0.0,94.28,1.7838,0.6811,0.6811,5195.3222,1769466698.4735026,13.79,132,957,0.843,36,0,0,10.31,15.0,0,897,1769466695.29,-0.161,meta-llama/Llama-3.2-1B-Instruct,"1769466695.290, 1769466695.435, 1769466695.507, 1769466695.533, 1769466695.600"
1.0,0,1769466695.1492,1.6039,27,32,59,0.1696,0.0874,0.0969,1.0,0.0,94.28,1.8395,0.7735,0.7735,5196.0958,1769466698.598714,13.78,132,958,0.843,36,0,0,10.31,15.0,0,897,1769466695.29,-0.161,meta-llama/Llama-3.2-1B-Instruct,"1769466695.290, 1769466695.435, 1769466695.507, 1769466695.533, 1769466695.600"
1.0,0,1769466695.2168,1.6255,27,32,59,0.1034,0.0815,0.0897,1.0,0.0,94.29,1.8144,0.7289,0.7289,5196.8246,1769466698.6622937,13.76,132,959,0.843,36,1,0,10.31,15.0,0,897,1769466695.29,-0.161,meta-llama/Llama-3.2-1B-Instruct,"1769466695.290, 1769466695.435, 1769466695.507, 1769466695.533, 1769466695.600"
1.0,0,1769466695.283,1.6861,27,32,59,0.1433,0.0862,0.0902,1.0,0.0,94.29,1.8342,0.8294,0.8294,5197.6541,1769466698.8055031,13.75,132,960,0.844,35,0,0,10.31,15.0,0,897,1769466695.29,-0.161,meta-llama/Llama-3.2-1B-Instruct,"1769466695.290, 1769466695.435, 1769466695.507, 1769466695.533, 1769466695.600"
1.0,0,1769466695.3429,1.6953,27,32,59,0.1302,0.0872,0.1129,1.0,0.0,94.3,1.8425,0.8255,0.8255,5198.4795,1769466698.88849,13.74,132,961,0.844,35,1,0,10.31,15.0,0,897,1769466695.29,-0.161,meta-llama/Llama-3.2-1B-Instruct,"1769466695.290, 1769466695.435, 1769466695.507, 1769466695.533, 1769466695.600"
1.0,0,1769466695.5138,1.5841,27,32,59,0.1051,0.1081,0.124,1.0,0.0,94.31,1.8275,0.6892,0.6892,5199.1687,1769466698.9325738,13.72,132,962,0.845,36,1,0,10.31,15.0,0,897,1769466695.29,-0.161,meta-llama/Llama-3.2-1B-Instruct,"1769466695.290, 1769466695.435, 1769466695.507, 1769466695.533, 1769466695.600"
1.0,0,1769466695.5721,1.6907,27,32,59,0.1389,0.0872,0.0896,1.0,0.0,94.31,1.8853,0.8296,0.8296,5199.9983,1769466699.158579,13.71,132,963,0.846,37,0,0,10.31,15.0,0,897,1769466695.29,-0.161,meta-llama/Llama-3.2-1B-Instruct,"1769466695.290, 1769466695.435, 1769466695.507, 1769466695.533, 1769466695.600"
1.0,0,1769466695.6392,1.6477,27,32,59,0.1196,0.0945,0.0946,1.0,0.0,94.32,1.882,0.7673,0.7673,5200.7656,1769466699.1895082,13.69,132,964,0.846,37,0,0,10.31,15.0,0,897,1769466695.29,-0.161,meta-llama/Llama-3.2-1B-Instruct,"1769466695.290, 1769466695.435, 1769466695.507, 1769466695.533, 1769466695.600"
1.0,0,1769466696.0494,1.3908,27,32,59,0.0773,0.0898,0.0975,1.0,0.0,94.33,1.8131,0.4681,0.4681,5201.2337,1769466699.2580903,13.68,132,965,0.847,38,0,0,10.31,15.0,0,897,1769466695.29,-0.161,meta-llama/Llama-3.2-1B-Instruct,"1769466695.290, 1769466695.435, 1769466695.507, 1769466695.533, 1769466695.600"
1.0,0,1769466696.3954,1.2087,27,29,56,0.0878,0.0866,0.0866,1.0,0.0,94.33,1.6804,0.2966,0.2966,5201.5302,1769466699.2876556,13.66,132,966,0.847,37,0,0,10.31,15.0,0,897,1769466695.29,-0.161,meta-llama/Llama-3.2-1B-Instruct,"1769466695.290, 1769466695.435, 1769466695.507, 1769466695.533, 1769466695.600"
1.0,0,1769466696.8221,0.8331,27,32,59,0.1471,0.0861,0.0862,1.0,0.0,94.34,1.8501,-0.0198,0.0,5201.5302,1769466699.5155218,13.75,133,967,0.848,38,0,0,10.31,15.0,0,897,1769466695.29,-0.161,meta-llama/Llama-3.2-1B-Instruct,"1769466695.290, 1769466695.435, 1769466695.507, 1769466695.533, 1769466695.600"
1.0,0,1769466696.8922,0.8939,27,32,59,0.129,0.0856,0.0936,1.0,0.0,94.34,1.8082,0.0229,0.0229,5201.5531,1769466699.608234,13.74,133,968,0.848,38,0,0,10.31,15.0,0,897,1769466695.29,-0.161,meta-llama/Llama-3.2-1B-Instruct,"1769466695.290, 1769466695.435, 1769466695.507, 1769466695.533, 1769466695.600"
1.0,0,1769466697.0535,0.9125,27,32,59,0.1474,0.0811,0.1037,1.0,0.0,94.35,1.8266,0.0598,0.0598,5201.6129,1769466699.7937455,13.73,133,969,0.848,36,0,0,10.31,15.0,0,897,1769466695.29,-0.161,meta-llama/Llama-3.2-1B-Instruct,"1769466695.290, 1769466695.435, 1769466695.507, 1769466695.533, 1769466695.600"
1.0,0,1769466697.1428,0.8789,27,32,59,0.1061,0.0948,0.0974,1.0,0.0,94.36,1.8228,-0.015,0.0,5201.6129,1769466699.8530924,13.81,134,970,0.848,36,0,0,10.31,15.0,0,897,1769466695.29,-0.161,meta-llama/Llama-3.2-1B-Instruct,"1769466695.290, 1769466695.435, 1769466695.507, 1769466695.533, 1769466695.600"
1.0,0,1769466697.2593,0.8886,27,29,56,0.1583,0.0865,0.0923,1.0,0.0,94.36,1.7739,0.0469,0.0469,5201.6599,1769466699.9540045,13.8,134,971,0.85,38,0,0,10.31,15.0,0,897,1769466695.29,-0.161,meta-llama/Llama-3.2-1B-Instruct,"1769466695.290, 1769466695.435, 1769466695.507, 1769466695.533, 1769466695.600"
1.0,0,1769466697.632,0.5934,27,32,59,0.107,0.0802,0.0825,1.0,0.0,94.37,1.8686,-0.2995,0.0,5201.6599,1769466700.1001005,13.89,135,972,0.85,38,0,0,10.31,15.0,0,897,1769466695.29,-0.161,meta-llama/Llama-3.2-1B-Instruct,"1769466695.290, 1769466695.435, 1769466695.507, 1769466695.533, 1769466695.600"
1.0,0,1769466697.9399,0.6778,27,32,59,0.1496,0.0981,0.1103,1.0,0.0,94.37,1.8261,-0.1725,0.0,5201.6599,1769466700.4497967,13.98,136,973,0.851,37,0,0,10.31,15.0,0,897,1769466695.29,-0.161,meta-llama/Llama-3.2-1B-Instruct,"1769466695.290, 1769466695.435, 1769466695.507, 1769466695.533, 1769466695.600"
1.0,0,1769466698.0792,0.6293,27,32,59,0.0832,0.0923,0.1084,1.0,0.0,94.38,1.8131,-0.2875,0.0,5201.6599,1769466700.5255275,14.07,137,974,0.852,37,0,0,10.31,15.0,0,914,1769466781.545,81.066,meta-llama/Llama-3.2-1B-Instruct,"1769466781.545, 1769466781.582, 1769466781.609, 1769466781.632, 1769466781.682"
1.0,0,1769466698.5651,0.3639,27,32,59,0.1082,0.1042,0.3815,1.0,0.0,94.39,2.1743,-0.5279,0.0,5201.6599,1769466701.1145465,14.15,139,976,0.852,35,0,0,10.31,15.0,0,914,1769466781.545,81.066,meta-llama/Llama-3.2-1B-Instruct,"1769466781.545, 1769466781.582, 1769466781.609, 1769466781.632, 1769466781.682"
1.0,0,1769466698.3695,0.5227,27,32,59,0.142,0.1004,0.3925,1.0,0.0,94.39,2.2196,-0.3353,0.0,5201.6599,1769466701.1148314,14.24,139,976,0.852,36,0,0,10.31,15.0,0,914,1769466781.545,81.066,meta-llama/Llama-3.2-1B-Instruct,"1769466781.545, 1769466781.582, 1769466781.609, 1769466781.632, 1769466781.682"
1.0,0,1769466698.7713,0.1959,27,31,58,0.0909,0.0868,0.3927,1.0,0.0,94.4,2.1761,-0.7132,0.0,5201.6599,1769466701.1449282,14.33,140,977,0.852,35,0,0,10.31,15.0,0,914,1769466781.545,81.066,meta-llama/Llama-3.2-1B-Instruct,"1769466781.545, 1769466781.582, 1769466781.609, 1769466781.632, 1769466781.682"
1.0,0,1769466698.8235,0.2244,27,32,59,0.1323,0.0819,0.3918,1.0,0.0,94.4,2.2337,-0.6433,0.0,5201.6599,1769466701.284822,14.42,141,978,0.853,38,0,0,10.31,15.0,0,914,1769466781.545,81.066,meta-llama/Llama-3.2-1B-Instruct,"1769466781.545, 1769466781.582, 1769466781.609, 1769466781.632, 1769466781.682"
1.0,0,1769466698.877,0.2516,27,32,59,0.1574,0.0945,0.3793,1.0,0.0,94.41,2.262,-0.5909,0.0,5201.6599,1769466701.4042485,14.5,142,979,0.854,38,0,0,10.31,15.0,0,914,1769466781.545,81.066,meta-llama/Llama-3.2-1B-Instruct,"1769466781.545, 1769466781.582, 1769466781.609, 1769466781.632, 1769466781.682"
1.0,0,1769466699.1072,0.2825,27,32,59,0.1034,0.108,0.3849,1.0,0.0,94.42,2.2063,-0.6141,0.0,5201.6599,1769466701.6098425,14.68,144,981,0.854,36,0,0,10.31,15.0,0,914,1769466781.545,81.066,meta-llama/Llama-3.2-1B-Instruct,"1769466781.545, 1769466781.582, 1769466781.609, 1769466781.632, 1769466781.682"
1.0,0,1769466698.9466,0.3842,27,32,59,0.1521,0.0981,0.3928,1.0,0.0,94.42,2.2574,-0.4636,0.0,5201.6599,1769466701.618659,14.59,144,981,0.854,36,0,0,10.31,15.0,0,914,1769466781.545,81.066,meta-llama/Llama-3.2-1B-Instruct,"1769466781.545, 1769466781.582, 1769466781.609, 1769466781.632, 1769466781.682"
1.0,0,1769466699.193,0.2605,27,32,59,0.0695,0.0953,0.4125,1.0,0.0,94.43,2.231,-0.67,0.0,5201.6599,1769466701.7192092,14.77,145,982,0.855,38,0,0,10.31,15.0,0,914,1769466781.545,81.066,meta-llama/Llama-3.2-1B-Instruct,"1769466781.545, 1769466781.582, 1769466781.609, 1769466781.632, 1769466781.682"
1.0,0,1769466699.3661,0.3202,27,32,59,0.0735,0.0984,0.3925,1.0,0.0,94.43,2.1964,-0.6063,0.0,5201.6599,1769466701.8919752,14.85,146,983,0.856,38,0,0,10.31,15.0,0,914,1769466781.545,81.066,meta-llama/Llama-3.2-1B-Instruct,"1769466781.545, 1769466781.582, 1769466781.609, 1769466781.632, 1769466781.682"
1.0,0,1769466699.4045,0.2751,27,32,59,0.0945,0.1107,0.3829,1.0,0.0,94.44,2.2144,-0.6304,0.0,5201.6599,1769466701.8961837,14.94,147,984,0.856,37,0,0,10.31,15.0,0,914,1769466781.545,81.066,meta-llama/Llama-3.2-1B-Instruct,"1769466781.545, 1769466781.582, 1769466781.609, 1769466781.632, 1769466781.682"
1.0,0,1769466699.5531,0.2613,27,32,59,0.1266,0.1004,0.4005,1.0,0.0,94.44,2.2496,-0.612,0.0,5201.6599,1769466702.0979393,15.03,148,985,0.856,38,0,0,10.31,15.0,0,914,1769466781.545,81.066,meta-llama/Llama-3.2-1B-Instruct,"1769466781.545, 1769466781.582, 1769466781.609, 1769466781.632, 1769466781.682"
200.0,1,1769466581.5821,120.3459,2714,0,2714,,,,200.0,,,0.4692,-79.1849,0.0,5201.6599,1769466702.40969,15.11,149,986,0.891,35,0,0,10.31,15.0,0,914,1769466781.545,81.066,meta-llama/Llama-3.2-1B-Instruct,"1769466781.545, 1769466781.582, 1769466781.609, 1769466781.632, 1769466781.682"
1.0,0,1769466699.725,0.2523,27,32,59,0.1592,0.3145,0.4044,1.0,0.0,94.45,2.5385,-0.5885,0.0,5201.6599,1769466702.5172963,15.2,150,987,0.856,37,0,0,10.31,15.0,0,914,1769466781.545,81.066,meta-llama/Llama-3.2-1B-Instruct,"1769466781.545, 1769466781.582, 1769466781.609, 1769466781.632, 1769466781.682"
1.0,0,1769466699.8447,0.1952,27,32,59,0.1373,0.3178,0.38,1.0,0.0,94.46,2.5278,-0.6675,0.0,5201.6599,1769466702.5792773,15.28,151,988,0.857,37,1,0,10.31,15.0,0,914,1769466781.545,81.066,meta-llama/Llama-3.2-1B-Instruct,"1769466781.545, 1769466781.582, 1769466781.609, 1769466781.632, 1769466781.682"
1.0,0,1769466699.8767,0.2378,27,32,59,0.1674,0.317,0.3733,1.0,0.0,94.46,2.5851,-0.5948,0.0,5201.6599,1769466702.7102969,15.37,152,989,0.857,38,0,0,10.31,15.0,0,914,1769466781.545,81.066,meta-llama/Llama-3.2-1B-Instruct,"1769466781.545, 1769466781.582, 1769466781.609, 1769466781.632, 1769466781.682"
1.0,0,1769466702.1732,0.4236,27,0,27,,,,1.0,,,0.1427,-0.4337,0.0,5201.6599,1769466702.7545888,15.45,153,990,0.893,37,0,0,10.31,15.0,0,914,1769466781.545,81.066,meta-llama/Llama-3.2-1B-Instruct,"1769466781.545, 1769466781.582, 1769466781.609, 1769466781.632, 1769466781.682"
1.0,0,1769466699.9451,0.3717,27,32,59,0.1255,0.3055,0.3991,1.0,0.0,94.47,2.5391,-0.5028,0.0,5201.6599,1769466702.8681054,15.54,154,991,0.859,39,0,0,10.31,15.0,0,914,1769466781.545,81.066,meta-llama/Llama-3.2-1B-Instruct,"1769466781.545, 1769466781.582, 1769466781.609, 1769466781.632, 1769466781.682"
1.0,0,1769466702.6858,0.4047,27,0,27,,,,1.0,,,0.133,-0.4623,0.0,5201.6599,1769466703.2304888,15.71,156,993,0.896,39,0,0,10.31,15.0,0,914,1769466781.545,81.066,meta-llama/Llama-3.2-1B-Instruct,"1769466781.545, 1769466781.582, 1769466781.609, 1769466781.632, 1769466781.682"
1.0,0,1769466700.7992,0.6174,27,32,59,0.0872,0.1135,0.29,1.0,0.0,94.48,2.1281,-0.2954,0.0,5201.6599,1769466703.553019,15.79,157,994,0.889,35,0,0,10.31,15.0,0,914,1769466781.545,81.066,meta-llama/Llama-3.2-1B-Instruct,"1769466781.545, 1769466781.582, 1769466781.609, 1769466781.632, 1769466781.682"
1.0,0,1769466700.8663,0.6594,27,32,59,0.066,0.1059,0.3072,1.0,0.0,94.48,2.1157,-0.2746,0.0,5201.6599,1769466703.6461217,15.88,158,995,0.89,36,0,0,10.31,15.0,0,914,1769466781.545,81.066,meta-llama/Llama-3.2-1B-Instruct,"1769466781.545, 1769466781.582, 1769466781.609, 1769466781.632, 1769466781.682"
1.0,0,1769466701.9072,0.1647,27,22,49,0.3475,0.1035,0.1077,1.0,0.0,94.49,1.654,-0.4877,0.0,5201.6599,1769466703.7270865,15.96,159,996,0.892,36,1,0,10.31,15.0,0,914,1769466781.545,81.066,meta-llama/Llama-3.2-1B-Instruct,"1769466781.545, 1769466781.582, 1769466781.609, 1769466781.632, 1769466781.682"
1.0,0,1769466700.9356,0.6354,27,32,59,0.1291,0.1087,0.3046,1.0,0.0,94.5,2.2365,-0.2356,0.0,5201.6599,1769466703.8213449,16.05,161,998,0.89,36,0,0,10.31,15.0,0,914,1769466781.545,81.066,meta-llama/Llama-3.2-1B-Instruct,"1769466781.545, 1769466781.582, 1769466781.609, 1769466781.632, 1769466781.682"
1.0,0,1769466702.8057,0.5812,27,5,32,0.1525,0.0768,0.0768,1.0,0.0,94.5,0.4242,-0.2663,0.0,5201.6599,1769466703.8247337,16.13,161,998,0.898,38,0,0,10.31,15.0,0,914,1769466781.545,81.066,meta-llama/Llama-3.2-1B-Instruct,"1769466781.545, 1769466781.582, 1769466781.609, 1769466781.632, 1769466781.682"
1.0,0,1769466701.3722,0.3559,27,32,59,0.1393,0.0941,0.3222,1.0,0.0,94.51,2.1609,-0.5048,0.0,5201.6599,1769466703.8911424,16.22,162,999,0.89,35,0,0,10.31,15.0,0,914,1769466781.545,81.066,meta-llama/Llama-3.2-1B-Instruct,"1769466781.545, 1769466781.582, 1769466781.609, 1769466781.632, 1769466781.682"
1.0,0,1769466701.6591,0.1023,27,32,59,0.1228,0.1313,0.304,1.0,0.0,94.51,2.1961,-0.7749,0.0,5201.6599,1769466703.9629574,16.3,163,1000,0.891,35,0,0,10.31,15.0,0,914,1769466781.545,81.066,meta-llama/Llama-3.2-1B-Instruct,"1769466781.545, 1769466781.582, 1769466781.609, 1769466781.632, 1769466781.682"
1.0,0,1769466701.7424,0.0859,27,32,59,0.1517,0.1108,0.3073,1.0,0.0,94.52,2.218,-0.7624,0.0,5201.6599,1769466704.0638106,16.38,164,1001,0.892,37,0,0,10.31,15.0,0,914,1769466781.545,81.066,meta-llama/Llama-3.2-1B-Instruct,"1769466781.545, 1769466781.582, 1769466781.609, 1769466781.632, 1769466781.682"
1.0,0,1769466702.0214,0.0895,27,32,59,0.3156,0.0987,0.0989,1.0,0.0,94.52,2.0656,-0.5949,0.0,5201.6599,1769466704.1952643,16.47,167,1004,0.918,36,0,0,10.31,15.0,0,914,1769466781.545,81.066,meta-llama/Llama-3.2-1B-Instruct,"1769466781.545, 1769466781.582, 1769466781.609, 1769466781.632, 1769466781.682"
1.0,0,1769466701.9863,0.0946,27,32,59,0.3423,0.0958,0.0966,1.0,0.0,94.53,2.1106,-0.5631,0.0,5201.6599,1769466704.1968222,16.63,167,1004,0.918,36,0,0,10.31,15.0,0,914,1769466781.545,81.066,meta-llama/Llama-3.2-1B-Instruct,"1769466781.545, 1769466781.582, 1769466781.609, 1769466781.632, 1769466781.682"
1.0,0,1769466702.0537,0.1876,27,32,59,0.1887,0.0901,0.0944,1.0,0.0,94.54,1.9453,-0.6237,0.0,5201.6599,1769466704.1974049,16.55,167,1004,0.918,36,0,0,10.31,15.0,0,914,1769466781.545,81.066,meta-llama/Llama-3.2-1B-Instruct,"1769466781.545, 1769466781.582, 1769466781.609, 1769466781.632, 1769466781.682"
1.0,0,1769466702.2465,0.4163,27,32,59,0.11,0.0894,0.0937,1.0,0.0,94.54,1.854,-0.4738,0.0,5201.6599,1769466704.5263677,16.72,168,1005,0.893,37,1,0,10.31,15.0,0,914,1769466781.545,81.066,meta-llama/Llama-3.2-1B-Instruct,"1769466781.545, 1769466781.582, 1769466781.609, 1769466781.632, 1769466781.682"
1.0,0,1769466702.2732,0.4912,27,32,59,0.11,0.0856,0.0942,1.0,0.0,94.55,1.8779,-0.3988,0.0,5201.6599,1769466704.648345,16.8,169,1006,0.894,37,0,0,10.31,15.0,0,914,1769466781.545,81.066,meta-llama/Llama-3.2-1B-Instruct,"1769466781.545, 1769466781.582, 1769466781.609, 1769466781.632, 1769466781.682"
1.0,0,1769466702.3426,0.5579,27,32,59,0.1101,0.1112,0.3635,1.0,0.0,94.55,2.1371,-0.332,0.0,5201.6599,1769466705.0420642,16.88,170,1007,0.895,37,0,0,10.31,15.0,0,914,1769466781.545,81.066,meta-llama/Llama-3.2-1B-Instruct,"1769466781.545, 1769466781.582, 1769466781.609, 1769466781.632, 1769466781.682"
1.0,0,1769466702.6401,0.3054,27,32,59,0.0808,0.0917,0.3665,1.0,0.0,94.56,2.1432,-0.6138,0.0,5201.6599,1769466705.0991137,16.96,171,1008,0.895,37,0,0,10.31,15.0,0,914,1769466781.545,81.066,meta-llama/Llama-3.2-1B-Instruct,"1769466781.545, 1769466781.582, 1769466781.609, 1769466781.632, 1769466781.682"
1.0,0,1769466702.8341,0.6144,27,32,59,0.1136,0.102,0.3534,1.0,0.0,94.56,2.2052,-0.272,0.0,5201.6599,1769466705.6691978,17.05,172,1009,0.898,38,0,0,10.31,15.0,0,953,1769466706.071,0.549,meta-llama/Llama-3.2-1B-Instruct,"1769466706.071, 1769466706.127, 1769466706.299, 1769466781.632, 1769466781.682"
200.0,1,1769466580.445,60.465,2528,1023,3551,0.351,0.0892,0.4174,200.0,0.0,94.57,65.0422,-74.4927,0.0,5201.6599,1769466705.9820569,17.13,176,1013,0.32,20,0,0,10.31,15.0,0,953,1769466706.071,0.549,meta-llama/Llama-3.2-1B-Instruct,"1769466706.071, 1769466706.127, 1769466706.299, 1769466781.632, 1769466781.682"
1.0,0,1769466702.9193,0.7637,27,32,59,0.1316,0.1129,0.3646,1.0,0.0,94.58,2.3004,-0.1047,0.0,5201.6599,1769466705.986635,17.46,177,1014,0.898,37,0,0,10.31,15.0,0,953,1769466706.071,0.549,meta-llama/Llama-3.2-1B-Instruct,"1769466706.071, 1769466706.127, 1769466706.299, 1769466781.632, 1769466781.682"
200.0,1,1769466580.4982,60.5059,4212,1028,5240,1.9969,0.0874,0.3897,200.0,0.0,94.58,64.9664,-74.5278,0.0,5201.6599,1769466705.9888494,17.21,177,1014,0.345,21,0,0,10.31,15.0,0,953,1769466706.071,0.549,meta-llama/Llama-3.2-1B-Instruct,"1769466706.071, 1769466706.127, 1769466706.299, 1769466781.632, 1769466781.682"
200.0,1,1769466580.591,60.6037,3424,1024,4448,1.8018,0.0885,0.3888,200.0,0.0,94.59,64.7783,-74.618,0.0,5201.6599,1769466705.9892015,17.29,177,1014,0.345,21,0,0,10.31,15.0,0,953,1769466706.071,0.549,meta-llama/Llama-3.2-1B-Instruct,"1769466706.071, 1769466706.127, 1769466706.299, 1769466781.632, 1769466781.682"
200.0,1,1769466580.5657,60.5912,3365,1022,4387,1.8555,0.0933,0.3966,200.0,0.0,94.59,64.8229,-74.5859,0.0,5201.6599,1769466705.9962459,17.37,177,1014,0.345,21,0,0,10.31,15.0,0,953,1769466706.071,0.549,meta-llama/Llama-3.2-1B-Instruct,"1769466706.071, 1769466706.127, 1769466706.299, 1769466781.632, 1769466781.682"
200.0,1,1769466580.6692,60.7529,3730,1026,4756,4.4813,0.0907,0.3374,200.0,0.0,94.6,64.599,-74.6481,0.0,5201.6599,1769466706.0440784,17.54,182,1019,0.476,27,1,0,10.31,15.0,0,953,1769466706.071,0.549,meta-llama/Llama-3.2-1B-Instruct,"1769466706.071, 1769466706.127, 1769466706.299, 1769466781.632, 1769466781.682"
200.0,1,1769466580.705,60.7625,3059,1025,4084,4.4421,0.0875,0.356,200.0,0.0,94.6,64.5599,-74.6776,0.0,5201.6599,1769466706.047539,17.62,182,1019,0.476,27,1,0,10.31,15.0,0,953,1769466706.071,0.549,meta-llama/Llama-3.2-1B-Instruct,"1769466706.071, 1769466706.127, 1769466706.299, 1769466781.632, 1769466781.682"
200.0,1,1769466580.871,60.8945,2667,1022,3689,4.1574,0.0932,0.3626,200.0,0.0,94.61,64.2763,-74.8291,0.0,5201.6599,1769466706.0560212,17.78,182,1019,0.476,27,1,0,10.31,15.0,0,953,1769466706.071,0.549,meta-llama/Llama-3.2-1B-Instruct,"1769466706.071, 1769466706.127, 1769466706.299, 1769466781.632, 1769466781.682"
200.0,1,1769466580.79,60.9059,2877,1022,3899,4.2207,0.0903,0.3597,200.0,0.0,94.61,64.3432,-74.7508,0.0,5201.6599,1769466706.0599174,17.7,182,1019,0.476,27,1,0,10.31,15.0,0,953,1769466706.071,0.549,meta-llama/Llama-3.2-1B-Instruct,"1769466706.071, 1769466706.127, 1769466706.299, 1769466781.632, 1769466781.682"
200.0,1,1769466580.755,60.9358,3240,1029,4269,4.2643,0.0934,0.3574,200.0,0.0,94.62,64.352,-74.7121,0.0,5201.6599,1769466706.065699,17.86,182,1019,0.476,27,1,0,10.31,15.0,0,953,1769466706.071,0.549,meta-llama/Llama-3.2-1B-Instruct,"1769466706.071, 1769466706.127, 1769466706.299, 1769466781.632, 1769466781.682"
1.0,0,1769466703.0677,0.7746,27,32,59,0.1444,0.0931,0.356,1.0,0.0,94.62,2.2542,-0.081,0.0,5201.6599,1769466706.097938,17.94,183,1020,0.899,36,0,0,10.31,15.0,0,953,1769466706.071,0.549,meta-llama/Llama-3.2-1B-Instruct,"1769466706.071, 1769466706.127, 1769466706.299, 1769466781.632, 1769466781.682"
1.0,0,1769466703.3626,0.5458,27,32,59,0.1119,0.1172,0.3561,1.0,0.0,94.63,2.2302,-0.3423,0.0,5201.6599,1769466706.1469715,18.02,184,1021,0.899,35,1,0,10.31,15.0,0,953,1769466706.071,0.549,meta-llama/Llama-3.2-1B-Instruct,"1769466706.071, 1769466706.127, 1769466706.299, 1769466781.632, 1769466781.682"
1.0,0,1769466703.4216,0.5462,27,32,59,0.1012,0.0891,0.3603,1.0,0.0,94.64,2.2247,-0.3526,0.0,5201.6599,1769466706.1935155,18.1,185,1022,0.899,35,1,0,10.31,15.0,0,953,1769466706.071,0.549,meta-llama/Llama-3.2-1B-Instruct,"1769466706.071, 1769466706.127, 1769466706.299, 1769466781.632, 1769466781.682"
1.0,0,1769466703.5934,0.4907,27,32,59,0.1104,0.0864,0.3535,1.0,0.0,94.64,2.2027,-0.3989,0.0,5201.6599,1769466706.308507,18.18,186,1023,0.899,36,0,0,10.31,15.0,0,953,1769466706.071,0.549,meta-llama/Llama-3.2-1B-Instruct,"1769466706.071, 1769466706.127, 1769466706.299, 1769466781.632, 1769466781.682"
1.0,0,1769466703.9846,0.2476,27,32,59,0.0908,0.0963,0.365,1.0,0.0,94.65,2.1428,-0.6615,0.0,5201.6599,1769466706.3857799,18.26,188,1025,0.899,34,0,0,10.31,15.0,0,953,1769466706.071,0.549,meta-llama/Llama-3.2-1B-Instruct,"1769466706.071, 1769466706.127, 1769466706.299, 1769466781.632, 1769466781.682"
1.0,0,1769466703.923,0.2482,27,32,59,0.1229,0.0937,0.3518,1.0,0.0,94.65,2.2043,-0.6289,0.0,5201.6599,1769466706.4088573,18.34,188,1025,0.9,37,0,0,10.31,15.0,0,953,1769466706.071,0.549,meta-llama/Llama-3.2-1B-Instruct,"1769466706.071, 1769466706.127, 1769466706.299, 1769466781.632, 1769466781.682"
1.0,0,1769466704.211,0.1294,27,32,59,0.1028,0.0912,0.3524,1.0,0.0,94.66,2.1577,-0.7678,0.0,5201.6599,1769466706.5030544,18.42,189,1026,0.9,36,0,0,10.31,15.0,0,953,1769466706.071,0.549,meta-llama/Llama-3.2-1B-Instruct,"1769466706.071, 1769466706.127, 1769466706.299, 1769466781.632, 1769466781.682"
1.0,0,1769466704.276,0.2217,27,32,59,0.1253,0.0869,0.356,1.0,0.0,94.66,2.1209,-0.653,0.0,5201.6599,1769466706.6332889,18.58,191,1028,0.9,36,0,0,10.31,15.0,0,953,1769466706.071,0.549,meta-llama/Llama-3.2-1B-Instruct,"1769466706.071, 1769466706.127, 1769466706.299, 1769466781.632, 1769466781.682"
1.0,0,1769466704.3641,0.1381,27,32,59,0.1458,0.0968,0.3571,1.0,0.0,94.67,2.115,-0.716,0.0,5201.6599,1769466706.6381896,18.5,191,1028,0.901,37,0,0,10.31,15.0,0,953,1769466706.071,0.549,meta-llama/Llama-3.2-1B-Instruct,"1769466706.071, 1769466706.127, 1769466706.299, 1769466781.632, 1769466781.682"
1.0,0,1769466704.6598,0.0753,27,32,59,0.2861,0.0817,0.0858,1.0,0.0,94.67,1.9609,-0.6386,0.0,5201.6599,1769466706.7246652,18.66,194,1031,0.929,38,0,0,10.31,15.0,0,953,1769466706.071,0.549,meta-llama/Llama-3.2-1B-Instruct,"1769466706.071, 1769466706.127, 1769466706.299, 1769466781.632, 1769466781.682"
1.0,0,1769466704.5995,0.0842,27,32,59,0.3423,0.0866,0.0869,1.0,0.0,94.68,2.0256,-0.5735,0.0,5201.6599,1769466706.729406,18.74,194,1031,0.929,38,0,0,10.31,15.0,0,953,1769466706.071,0.549,meta-llama/Llama-3.2-1B-Instruct,"1769466706.071, 1769466706.127, 1769466706.299, 1769466781.632, 1769466781.682"
1.0,0,1769466705.9083,0.6882,27,0,27,,,,1.0,,,0.114,-0.1978,0.0,5201.6599,1769466706.7296195,18.82,194,1031,0.572,28,0,0,10.31,15.0,0,953,1769466706.071,0.549,meta-llama/Llama-3.2-1B-Instruct,"1769466706.071, 1769466706.127, 1769466706.299, 1769466781.632, 1769466781.682"
1.0,0,1769466704.8403,0.3149,27,32,59,0.0991,0.0764,0.0942,1.0,0.0,94.68,1.6826,-0.586,0.0,5201.6599,1769466706.8422472,18.9,195,1032,0.93,38,0,0,10.31,15.0,0,953,1769466706.071,0.549,meta-llama/Llama-3.2-1B-Instruct,"1769466706.071, 1769466706.127, 1769466706.299, 1769466781.632, 1769466781.682"
1.0,0,1769466704.9112,0.3187,27,32,59,0.1438,0.0938,0.1015,1.0,0.0,94.69,1.7162,-0.5375,0.0,5201.6599,1769466706.9573903,18.97,196,1033,0.931,39,0,0,10.31,15.0,0,953,1769466706.071,0.549,meta-llama/Llama-3.2-1B-Instruct,"1769466706.071, 1769466706.127, 1769466706.299, 1769466781.632, 1769466781.682"
1.0,0,1769466705.0711,0.7629,27,33,60,0.1372,0.0769,0.0837,1.0,0.0,94.69,1.5116,-0.0999,0.0,5201.6599,1769466707.3558176,19.05,197,1034,0.934,39,0,0,10.31,15.0,0,953,1769466706.071,0.549,meta-llama/Llama-3.2-1B-Instruct,"1769466706.071, 1769466706.127, 1769466706.299, 1769466781.632, 1769466781.682"
1.0,0,1769466705.1274,1.0358,27,32,59,0.1164,0.0693,0.0868,1.0,0.0,94.7,1.3929,0.1522,0.1522,5201.812,1769466707.5581226,19.03,197,1035,0.571,28,0,0,10.31,15.0,0,953,1769466706.071,0.549,meta-llama/Llama-3.2-1B-Instruct,"1769466706.071, 1769466706.127, 1769466706.299, 1769466781.632, 1769466781.682"
1.0,0,1769466705.299,0.9147,27,32,59,0.0916,0.0777,0.0804,1.0,0.0,94.71,1.4115,0.0063,0.0063,5201.8183,1769466707.644807,19.02,197,1036,0.57,27,0,0,10.31,15.0,0,953,1769466706.071,0.549,meta-llama/Llama-3.2-1B-Instruct,"1769466706.071, 1769466706.127, 1769466706.299, 1769466781.632, 1769466781.682"
1.0,0,1769466705.5637,0.7035,27,32,59,0.1304,0.0868,0.0888,1.0,0.0,94.71,1.4333,-0.1662,0.0,5201.8183,1769466707.7014003,19.09,198,1037,0.571,28,1,0,10.31,15.0,0,953,1769466706.071,0.549,meta-llama/Llama-3.2-1B-Instruct,"1769466706.071, 1769466706.127, 1769466706.299, 1769466781.632, 1769466781.682"
1.0,0,1769466705.621,0.7792,27,32,59,0.1346,0.0777,0.0902,1.0,0.0,94.72,1.4089,-0.0862,0.0,5201.8183,1769466707.8198197,19.17,199,1038,0.571,28,0,0,10.31,15.0,0,953,1769466706.071,0.549,meta-llama/Llama-3.2-1B-Instruct,"1769466706.071, 1769466706.127, 1769466706.299, 1769466781.632, 1769466781.682"
1.0,0,1769466705.7517,0.7072,27,32,59,0.0836,0.0786,0.0859,1.0,0.0,94.72,1.3845,-0.2091,0.0,5201.8183,1769466707.8577662,19.25,200,1039,0.571,27,0,0,10.31,15.0,0,953,1769466706.071,0.549,meta-llama/Llama-3.2-1B-Instruct,"1769466706.071, 1769466706.127, 1769466706.299, 1769466781.632, 1769466781.682"
1.0,0,1769466705.8097,0.7083,27,32,59,0.1191,0.0758,0.0764,1.0,0.0,94.73,1.4418,-0.1726,0.0,5201.8183,1769466707.9892473,19.33,201,1040,0.571,28,0,0,10.31,15.0,0,953,1769466706.071,0.549,meta-llama/Llama-3.2-1B-Instruct,"1769466706.071, 1769466706.127, 1769466706.299, 1769466781.632, 1769466781.682"
1.0,0,1769466706.0551,0.6698,27,32,59,0.062,0.3356,0.6834,1.0,0.0,94.73,2.3388,-0.2682,0.0,5201.8183,1769466709.0685904,19.4,202,1041,0.571,26,0,0,10.31,15.0,0,953,1769466706.071,0.549,meta-llama/Llama-3.2-1B-Instruct,"1769466706.071, 1769466706.127, 1769466706.299, 1769466781.632, 1769466781.682"
1.0,0,1769466706.3334,0.5687,27,32,59,0.1228,0.3413,0.6744,1.0,0.0,94.74,2.684,-0.3085,0.0,5201.8183,1769466709.5955472,19.48,203,1042,0.571,25,0,0,10.31,15.0,0,953,1769466706.071,0.549,meta-llama/Llama-3.2-1B-Instruct,"1769466706.071, 1769466706.127, 1769466706.299, 1769466781.632, 1769466781.682"
1.0,0,1769466706.1077,0.7892,27,31,58,0.1421,0.3312,0.6801,1.0,0.0,94.74,2.6996,-0.0687,0.0,5201.8183,1769466709.597802,19.56,204,1043,0.571,26,0,0,10.31,15.0,0,953,1769466706.071,0.549,meta-llama/Llama-3.2-1B-Instruct,"1769466706.071, 1769466706.127, 1769466706.299, 1769466781.632, 1769466781.682"
1.0,0,1769466706.4168,0.5097,27,32,59,0.1202,0.3367,0.6764,1.0,0.0,94.75,2.7134,-0.3701,0.0,5201.8183,1769466709.6496363,19.64,205,1044,0.571,24,1,0,10.31,15.0,0,953,1769466706.071,0.549,meta-llama/Llama-3.2-1B-Instruct,"1769466706.071, 1769466706.127, 1769466706.299, 1769466781.632, 1769466781.682"
1.0,0,1769466706.4716,0.5458,27,32,59,0.119,0.3429,0.6671,1.0,0.0,94.75,2.7369,-0.3352,0.0,5201.8183,1769466709.758664,19.71,206,1045,0.572,27,0,0,10.31,15.0,0,953,1769466706.071,0.549,meta-llama/Llama-3.2-1B-Instruct,"1769466706.071, 1769466706.127, 1769466706.299, 1769466781.632, 1769466781.682"
1.0,0,1769466706.5702,0.528,27,32,59,0.1487,0.3314,0.6699,1.0,0.0,94.76,2.7549,-0.3233,0.0,5201.8183,1769466709.8870118,19.79,208,1047,0.573,28,0,0,10.31,15.0,0,953,1769466706.071,0.549,meta-llama/Llama-3.2-1B-Instruct,"1769466706.071, 1769466706.127, 1769466706.299, 1769466781.632, 1769466781.682"
1.0,0,1769466706.8167,0.3555,27,32,59,0.0756,0.3595,0.6481,1.0,0.0,94.76,2.7073,-0.5689,0.0,5201.8183,1769466709.8914704,19.87,208,1047,0.573,28,0,0,10.31,15.0,0,953,1769466706.071,0.549,meta-llama/Llama-3.2-1B-Instruct,"1769466706.071, 1769466706.127, 1769466706.299, 1769466781.632, 1769466781.682"
1.0,0,1769466706.9723,0.253,27,32,59,0.0952,0.339,0.6885,1.0,0.0,94.77,2.7756,-0.6517,0.0,5201.8183,1769466710.0032287,19.94,209,1048,0.574,30,0,0,10.31,15.0,0,953,1769466706.071,0.549,meta-llama/Llama-3.2-1B-Instruct,"1769466706.071, 1769466706.127, 1769466706.299, 1769466781.632, 1769466781.682"
1.0,0,1769466707.0766,0.2303,27,32,59,0.1118,0.3435,0.6811,1.0,0.0,94.77,2.8058,-0.658,0.0,5201.8183,1769466710.139443,20.02,210,1049,0.575,30,0,0,10.31,15.0,0,953,1769466706.071,0.549,meta-llama/Llama-3.2-1B-Instruct,"1769466706.071, 1769466706.127, 1769466706.299, 1769466781.632, 1769466781.682"
1.0,0,1769466707.1474,0.2432,27,32,59,0.1064,0.3404,0.6715,1.0,0.0,94.78,2.7927,-0.6505,0.0,5201.8183,1769466710.1916301,20.1,211,1050,0.576,31,0,0,10.31,15.0,0,953,1769466706.071,0.549,meta-llama/Llama-3.2-1B-Instruct,"1769466706.071, 1769466706.127, 1769466706.299, 1769466781.632, 1769466781.682"
1.0,0,1769466707.201,0.3237,27,32,59,0.0928,0.339,0.6662,1.0,0.0,94.78,2.8003,-0.5835,0.0,5201.8183,1769466710.325834,20.17,212,1051,0.577,32,0,0,10.31,15.0,0,953,1769466706.071,0.549,meta-llama/Llama-3.2-1B-Instruct,"1769466706.071, 1769466706.127, 1769466706.299, 1769466781.632, 1769466781.682"
1.0,0,1769466707.2839,0.3088,27,32,59,0.1278,0.3484,0.6716,1.0,0.0,94.79,2.8238,-0.5634,0.0,5201.8183,1769466710.4242773,20.25,213,1052,0.577,31,0,0,10.31,15.0,0,953,1769466706.071,0.549,meta-llama/Llama-3.2-1B-Instruct,"1769466706.071, 1769466706.127, 1769466706.299, 1769466781.632, 1769466781.682"
1.0,0,1769466707.3672,0.3034,27,32,59,0.0616,0.3562,0.6493,1.0,0.0,94.79,2.8314,-0.635,0.0,5201.8807,1769466710.512498,20.3,214,1054,0.577,31,1,0,10.31,15.0,0,953,1769466706.071,0.549,meta-llama/Llama-3.2-1B-Instruct,"1769466706.071, 1769466706.127, 1769466706.299, 1769466781.632, 1769466781.682"
1.0,0,1769466708.3018,0.0596,27,23,50,1.0027,0.0785,0.0844,1.0,0.0,94.8,2.1335,0.0623,0.0623,5201.8807,1769466710.5127342,20.23,214,1054,0.606,32,0,0,10.31,15.0,0,953,1769466706.071,0.549,meta-llama/Llama-3.2-1B-Instruct,"1769466706.071, 1769466706.127, 1769466706.299, 1769466781.632, 1769466781.682"
1.0,0,1769466707.7687,0.1087,27,32,59,0.096,0.3339,0.6762,1.0,0.0,94.8,2.8172,-0.7953,0.0,5201.8807,1769466710.7165787,20.38,216,1056,0.577,30,1,0,10.31,15.0,0,987,1769466710.652,0.091,meta-llama/Llama-3.2-1B-Instruct,"1769466710.652, 1769466710.703, 1769466710.905, 1769466710.974, 1769466711.162"
1.0,0,1769466707.5668,0.2431,27,32,59,0.1594,0.3398,0.6762,1.0,0.0,94.81,2.8941,-0.5975,0.0,5201.8807,1769466710.7173505,20.45,216,1056,0.577,31,0,0,10.31,15.0,0,987,1769466710.652,0.091,meta-llama/Llama-3.2-1B-Instruct,"1769466710.652, 1769466710.703, 1769466710.905, 1769466710.974, 1769466711.162"
1.0,0,1769466708.0024,0.0925,27,32,59,0.9552,0.1033,0.3405,1.0,0.0,94.81,2.74,0.0477,0.0477,5202.0851,1769466710.84545,20.51,218,1060,0.606,32,0,0,10.31,15.0,0,987,1769466710.652,0.091,meta-llama/Llama-3.2-1B-Instruct,"1769466710.652, 1769466710.703, 1769466710.905, 1769466710.974, 1769466711.162"
1.0,0,1769466708.0634,0.0654,27,32,59,0.9163,0.0873,0.3361,1.0,0.0,94.82,2.7055,-0.0183,0.0,5202.0851,1769466710.8457317,20.53,218,1060,0.606,32,0,0,10.31,15.0,0,987,1769466710.652,0.091,meta-llama/Llama-3.2-1B-Instruct,"1769466710.652, 1769466710.703, 1769466710.905, 1769466710.974, 1769466711.162"
1.0,0,1769466707.8914,0.1947,27,32,59,0.9621,0.0857,0.3293,1.0,0.0,94.82,2.7515,0.1568,0.1568,5202.0851,1769466710.8459425,20.49,218,1060,0.606,32,0,0,10.31,15.0,0,987,1769466710.652,0.091,meta-llama/Llama-3.2-1B-Instruct,"1769466710.652, 1769466710.703, 1769466710.905, 1769466710.974, 1769466711.162"
1.0,0,1769466708.1521,0.0859,27,32,59,0.8177,0.0774,0.3339,1.0,0.0,94.83,2.6048,-0.0964,0.0,5202.0851,1769466710.846892,20.57,218,1060,0.606,32,0,0,10.31,15.0,0,987,1769466710.652,0.091,meta-llama/Llama-3.2-1B-Instruct,"1769466710.652, 1769466710.703, 1769466710.905, 1769466710.974, 1769466711.162"
1.0,0,1769466708.3405,0.9419,27,32,59,0.1321,0.0759,0.0892,1.0,0.0,94.83,1.6891,0.074,0.074,5202.1591,1769466710.974272,20.55,218,1061,0.685,39,0,0,10.31,15.0,0,987,1769466710.652,0.091,meta-llama/Llama-3.2-1B-Instruct,"1769466710.652, 1769466710.703, 1769466710.905, 1769466710.974, 1769466711.162"
1.0,0,1769466708.5903,1.203,27,28,55,0.0921,0.0755,0.079,1.0,0.0,94.84,1.4583,0.2951,0.2951,5202.4542,1769466711.2583957,20.53,218,1062,0.685,36,0,0,10.31,15.0,0,987,1769466710.652,0.091,meta-llama/Llama-3.2-1B-Instruct,"1769466710.652, 1769466710.703, 1769466710.905, 1769466710.974, 1769466711.162"
1.0,0,1769466708.4761,1.249,27,32,59,0.129,0.0818,0.0832,1.0,0.0,94.84,1.5825,0.378,0.378,5202.8322,1769466711.3139148,20.58,219,1064,0.686,37,0,0,10.31,15.0,0,987,1769466710.652,0.091,meta-llama/Llama-3.2-1B-Instruct,"1769466710.652, 1769466710.703, 1769466710.905, 1769466710.974, 1769466711.162"
200.0,1,1769466581.5448,119.0479,3131,166,3297,0.5163,0.0966,0.366,200.0,0.0,94.85,10.7136,-70.2385,0.0,5202.8322,1769466711.3179615,20.6,219,1064,0.86,38,0,0,10.31,15.0,0,987,1769466710.652,0.091,meta-llama/Llama-3.2-1B-Instruct,"1769466710.652, 1769466710.703, 1769466710.905, 1769466710.974, 1769466711.162"
1.0,0,1769466710.4385,0.8874,27,0,27,,,,1.0,,,0.116,0.0035,0.0035,5202.8356,1769466711.4745584,20.56,219,1065,0.659,33,1,0,10.31,15.0,0,987,1769466710.652,0.091,meta-llama/Llama-3.2-1B-Instruct,"1769466710.652, 1769466710.703, 1769466710.905, 1769466710.974, 1769466711.162"
1.0,0,1769466708.8731,1.0592,27,32,59,0.1781,0.076,0.076,1.0,0.0,94.85,1.598,0.2372,0.2372,5203.0729,1769466711.5429585,20.54,219,1066,0.686,36,0,0,10.31,15.0,0,987,1769466710.652,0.091,meta-llama/Llama-3.2-1B-Instruct,"1769466710.652, 1769466710.703, 1769466710.905, 1769466710.974, 1769466711.162"
1.0,0,1769466708.8995,1.1226,27,32,59,0.1049,0.0709,0.0742,1.0,0.0,94.86,1.571,0.2275,0.2275,5203.3004,1769466711.6067588,20.52,219,1067,0.686,35,1,0,10.31,15.0,0,987,1769466710.652,0.091,meta-llama/Llama-3.2-1B-Instruct,"1769466710.652, 1769466710.703, 1769466710.905, 1769466710.974, 1769466711.162"
1.0,0,1769466711.0689,0.4415,27,0,27,,,,1.0,,,0.1121,-0.4463,0.0,5203.3004,1769466711.6238182,20.6,220,1068,0.661,34,0,0,10.31,15.0,0,987,1769466710.652,0.091,meta-llama/Llama-3.2-1B-Instruct,"1769466710.652, 1769466710.703, 1769466710.905, 1769466710.974, 1769466711.162"
1.0,0,1769466709.0128,1.131,27,32,59,0.1383,0.0776,0.083,1.0,0.0,94.86,1.5967,0.2693,0.2693,5203.5697,1769466711.7492542,20.58,220,1069,0.686,36,0,0,10.31,15.0,0,987,1769466710.652,0.091,meta-llama/Llama-3.2-1B-Instruct,"1769466710.652, 1769466710.703, 1769466710.905, 1769466710.974, 1769466711.162"
1.0,0,1769466709.0661,1.142,27,32,59,0.1033,0.0804,0.082,1.0,0.0,94.87,1.5874,0.2453,0.2453,5203.815,1769466711.7969067,20.56,220,1070,0.687,35,0,0,10.31,15.0,0,987,1769466710.652,0.091,meta-llama/Llama-3.2-1B-Instruct,"1769466710.652, 1769466710.703, 1769466710.905, 1769466710.974, 1769466711.162"
1.0,0,1769466709.097,1.1726,27,32,59,0.1348,0.0788,0.082,1.0,0.0,94.87,1.6116,0.3075,0.3075,5204.1224,1769466711.8843446,20.54,220,1071,0.687,37,0,0,10.31,15.0,0,987,1769466710.652,0.091,meta-llama/Llama-3.2-1B-Instruct,"1769466710.652, 1769466710.703, 1769466710.905, 1769466710.974, 1769466711.162"
1.0,0,1769466709.1768,1.1823,27,32,59,0.138,0.3036,1.1876,1.0,0.1876,94.78,3.0007,0.3203,0.3203,5204.4427,1769466713.372389,20.52,220,1072,0.688,36,0,0,10.31,15.0,0,987,1769466710.652,0.091,meta-llama/Llama-3.2-1B-Instruct,"1769466710.652, 1769466710.703, 1769466710.905, 1769466710.974, 1769466711.162"
1.0,0,1769466709.2047,1.3097,27,31,58,0.1442,0.3907,1.2134,1.0,0.2134,94.69,3.3809,0.4539,0.4539,5204.8967,1769466713.9058182,20.5,220,1073,0.688,36,0,0,10.31,15.0,0,987,1769466710.652,0.091,meta-llama/Llama-3.2-1B-Instruct,"1769466710.652, 1769466710.703, 1769466710.905, 1769466710.974, 1769466711.162"
1.0,0,1769466709.2743,1.3066,27,32,59,0.0861,0.4105,1.1902,1.0,0.1902,94.6,3.3565,0.3927,0.3927,5205.2894,1769466713.956223,20.48,220,1074,0.688,35,0,0,10.31,15.0,0,987,1769466710.652,0.091,meta-llama/Llama-3.2-1B-Instruct,"1769466710.652, 1769466710.703, 1769466710.905, 1769466710.974, 1769466711.162"
1.0,0,1769466709.6522,1.0019,27,32,59,0.1179,0.3922,1.2119,1.0,0.2119,94.51,3.4173,0.1198,0.1198,5205.4092,1769466714.0800822,20.47,220,1075,0.689,36,0,0,10.31,15.0,0,987,1769466710.652,0.091,meta-llama/Llama-3.2-1B-Instruct,"1769466710.652, 1769466710.703, 1769466710.905, 1769466710.974, 1769466711.162"
1.0,0,1769466709.7028,1.0922,27,32,59,0.1322,0.4135,1.1892,1.0,0.1892,94.42,3.4434,0.2244,0.2244,5205.6337,1769466714.255426,20.45,220,1076,0.689,36,0,0,10.31,15.0,0,987,1769466710.652,0.091,meta-llama/Llama-3.2-1B-Instruct,"1769466710.652, 1769466710.703, 1769466710.905, 1769466710.974, 1769466711.162"
1.0,0,1769466709.9047,0.9644,27,32,59,0.0844,0.4208,1.1864,1.0,0.1864,94.33,3.4187,0.0488,0.0488,5205.6824,1769466714.3080823,20.43,220,1077,0.687,32,1,0,10.31,15.0,0,987,1769466710.652,0.091,meta-llama/Llama-3.2-1B-Instruct,"1769466710.652, 1769466710.703, 1769466710.905, 1769466710.974, 1769466711.162"
1.0,0,1769466709.9739,1.0145,27,32,59,0.1363,0.4218,1.186,1.0,0.186,94.24,3.5142,0.1507,0.1507,5205.8332,1769466714.5066898,20.41,220,1078,0.688,33,0,0,10.31,15.0,0,987,1769466710.652,0.091,meta-llama/Llama-3.2-1B-Instruct,"1769466710.652, 1769466710.703, 1769466710.905, 1769466710.974, 1769466711.162"
1.0,0,1769466710.1617,0.8852,27,32,59,0.1218,0.4221,1.1884,1.0,0.1884,94.15,3.4901,0.007,0.007,5205.8402,1769466714.5407255,20.39,220,1079,0.689,33,1,0,10.31,15.0,0,987,1769466710.652,0.091,meta-llama/Llama-3.2-1B-Instruct,"1769466710.652, 1769466710.703, 1769466710.905, 1769466710.974, 1769466711.162"
1.0,0,1769466710.223,0.8911,27,32,59,0.1321,0.4365,1.1883,1.0,0.1883,94.06,3.5127,0.0232,0.0232,5205.8633,1769466714.6353319,20.37,220,1080,0.69,35,0,0,10.31,15.0,0,987,1769466710.652,0.091,meta-llama/Llama-3.2-1B-Instruct,"1769466710.652, 1769466710.703, 1769466710.905, 1769466710.974, 1769466711.162"
1.0,0,1769466710.3373,0.9277,27,32,59,0.1452,0.418,1.1797,1.0,0.1797,93.97,3.5408,0.0729,0.0729,5205.9362,1769466714.8094516,20.35,220,1081,0.691,35,0,0,10.31,15.0,0,987,1769466710.652,0.091,meta-llama/Llama-3.2-1B-Instruct,"1769466710.652, 1769466710.703, 1769466710.905, 1769466710.974, 1769466711.162"
1.0,0,1769466711.0059,0.3788,27,32,59,0.0933,0.4229,1.1861,1.0,0.1861,93.88,3.5361,-0.5279,0.0,5205.9362,1769466714.9217932,20.43,221,1082,0.66,34,1,0,10.31,15.0,0,987,1769466710.652,0.091,meta-llama/Llama-3.2-1B-Instruct,"1769466710.652, 1769466710.703, 1769466710.905, 1769466710.974, 1769466711.162"
1.0,0,1769466712.5121,1.718,27,10,37,0.1876,0.0817,0.0817,1.0,0.0,93.88,0.7088,0.9056,0.9056,5206.8418,1769466714.9537551,20.41,221,1083,0.809,38,0,0,10.31,15.0,0,987,1769466710.652,0.091,meta-llama/Llama-3.2-1B-Instruct,"1769466710.652, 1769466710.703, 1769466710.905, 1769466710.974, 1769466711.162"
1.0,0,1769466711.3492,0.3673,27,35,62,0.1368,0.4133,1.1851,1.0,0.1851,93.79,3.5825,-0.4959,0.0,5206.8418,1769466715.3012955,20.48,222,1084,0.661,33,0,0,10.31,15.0,0,987,1769466710.652,0.091,meta-llama/Llama-3.2-1B-Instruct,"1769466710.652, 1769466710.703, 1769466710.905, 1769466710.974, 1769466711.162"
1.0,0,1769466711.4849,0.2458,27,32,59,0.1473,0.4137,1.1921,1.0,0.1921,93.7,3.6054,-0.6069,0.0,5206.8418,1769466715.3449457,20.55,223,1085,0.661,33,0,0,10.31,15.0,0,987,1769466710.652,0.091,meta-llama/Llama-3.2-1B-Instruct,"1769466710.652, 1769466710.703, 1769466710.905, 1769466710.974, 1769466711.162"
1.0,0,1769466711.9696,0.0769,27,31,58,1.3184,0.0869,0.4129,1.0,0.0,93.71,3.4205,0.3953,0.3953,5210.0965,1769466715.4736164,20.5,223,1089,0.684,33,1,0,10.31,15.0,0,987,1769466710.652,0.091,meta-llama/Llama-3.2-1B-Instruct,"1769466710.652, 1769466710.703, 1769466710.905, 1769466710.974, 1769466711.162"
1.0,0,1769466711.7415,0.0791,27,32,59,1.5351,0.1016,0.4166,1.0,0.0,93.71,3.6419,0.6142,0.6142,5210.0965,1769466715.4742136,20.53,223,1089,0.661,33,1,0,10.31,15.0,0,987,1769466710.652,0.091,meta-llama/Llama-3.2-1B-Instruct,"1769466710.652, 1769466710.703, 1769466710.905, 1769466710.974, 1769466711.162"
1.0,0,1769466711.7981,0.1115,27,32,59,1.4661,0.0809,0.3982,1.0,0.0,93.72,3.5533,0.5776,0.5776,5210.0965,1769466715.4793556,20.52,223,1089,0.684,33,1,0,10.31,15.0,0,987,1769466710.652,0.091,meta-llama/Llama-3.2-1B-Instruct,"1769466710.652, 1769466710.703, 1769466710.905, 1769466710.974, 1769466711.162"
1.0,0,1769466712.805,2.4835,27,0,27,,,,1.0,,,0.1841,1.6676,1.6676,5210.0965,1769466715.4799552,20.48,223,1089,0.813,39,0,0,10.31,15.0,0,987,1769466710.652,0.091,meta-llama/Llama-3.2-1B-Instruct,"1769466710.652, 1769466710.703, 1769466710.905, 1769466710.974, 1769466711.162"
1.0,0,1769466712.3931,1.077,27,32,59,0.3608,0.0836,0.0876,1.0,0.0,93.73,2.1202,0.4378,0.4378,5211.3309,1769466715.5939534,20.46,223,1091,0.807,39,0,0,10.31,15.0,0,1043,1769466713.927,-1.64,meta-llama/Llama-3.2-1B-Instruct,"1769466713.927, 1769466713.993, 1769466714.104, 1769466714.130, 1769466714.156"
1.0,0,1769466712.446,1.7028,27,24,51,0.0938,0.0849,0.0896,1.0,0.0,93.73,1.4431,0.7966,0.7966,5211.3309,1769466715.5947857,20.44,223,1091,0.808,37,0,0,10.31,15.0,0,1043,1769466713.927,-1.64,meta-llama/Llama-3.2-1B-Instruct,"1769466713.927, 1769466713.993, 1769466714.104, 1769466714.130, 1769466714.156"
1.0,0,1769466712.4196,1.685,27,32,59,0.1319,0.0856,0.0912,1.0,0.0,93.74,1.8334,0.817,0.817,5212.1479,1769466715.9511814,20.42,223,1092,0.808,37,0,0,10.31,15.0,0,1043,1769466713.927,-1.64,meta-llama/Llama-3.2-1B-Instruct,"1769466713.927, 1769466713.993, 1769466714.104, 1769466714.130, 1769466714.156"
1.0,0,1769466712.5379,1.8486,27,32,59,0.1512,0.0916,0.2336,1.0,0.0,93.74,1.8235,0.9998,0.9998,5213.1476,1769466716.2448974,20.4,223,1093,0.809,38,0,0,10.31,15.0,0,1043,1769466713.927,-1.64,meta-llama/Llama-3.2-1B-Instruct,"1769466713.927, 1769466713.993, 1769466714.104, 1769466714.130, 1769466714.156"
1.0,0,1769466712.5642,1.9081,27,32,59,0.0813,0.0882,0.2619,1.0,0.0,93.75,1.7842,0.9893,0.9893,5214.137,1769466716.2706082,20.38,223,1094,0.81,38,0,0,10.31,15.0,0,1043,1769466713.927,-1.64,meta-llama/Llama-3.2-1B-Instruct,"1769466713.927, 1769466713.993, 1769466714.104, 1769466714.130, 1769466714.156"
1.0,0,1769466713.1301,2.7953,27,0,27,,,,1.0,,,0.3486,2.1439,2.1439,5216.2809,1769466716.3236253,20.37,223,1095,0.815,36,1,0,10.31,15.0,0,1043,1769466713.927,-1.64,meta-llama/Llama-3.2-1B-Instruct,"1769466713.927, 1769466713.993, 1769466714.104, 1769466714.130, 1769466714.156"
1.0,0,1769466712.6321,2.0242,27,32,59,0.1252,0.1037,0.2215,1.0,0.0,93.76,1.833,1.1494,1.1494,5217.4303,1769466716.5015163,20.35,223,1096,0.81,37,0,0,10.31,15.0,0,1043,1769466713.927,-1.64,meta-llama/Llama-3.2-1B-Instruct,"1769466713.927, 1769466713.993, 1769466714.104, 1769466714.130, 1769466714.156"
1.0,0,1769466712.6584,2.074,27,32,59,0.1158,0.1056,0.2503,1.0,0.0,93.76,1.8698,1.1898,1.1898,5218.6201,1769466716.6075609,20.33,223,1097,0.81,37,0,0,10.31,15.0,0,1043,1769466713.927,-1.64,meta-llama/Llama-3.2-1B-Instruct,"1769466713.927, 1769466713.993, 1769466714.104, 1769466714.130, 1769466714.156"
1.0,0,1769466712.6846,2.1432,27,32,59,0.1149,0.0851,0.2344,1.0,0.0,93.77,1.8403,1.2581,1.2581,5219.8782,1769466716.6828084,20.31,223,1098,0.811,38,0,0,10.31,15.0,0,1043,1769466713.927,-1.64,meta-llama/Llama-3.2-1B-Instruct,"1769466713.927, 1769466713.993, 1769466714.104, 1769466714.130, 1769466714.156"
1.0,0,1769466713.3044,3.3441,27,0,27,,,,1.0,,,0.0934,2.4375,2.4375,5222.3158,1769466716.7578156,20.29,223,1099,0.817,35,0,0,10.31,15.0,0,1043,1769466713.927,-1.64,meta-llama/Llama-3.2-1B-Instruct,"1769466713.927, 1769466713.993, 1769466714.104, 1769466714.130, 1769466714.156"
1.0,0,1769466712.7522,2.2348,27,32,59,0.1442,0.1193,0.2327,1.0,0.0,93.77,1.8086,1.3789,1.3789,5223.6947,1769466716.8078868,20.27,223,1100,0.811,37,0,0,10.31,15.0,0,1043,1769466713.927,-1.64,meta-llama/Llama-3.2-1B-Instruct,"1769466713.927, 1769466713.993, 1769466714.104, 1769466714.130, 1769466714.156"
1.0,0,1769466712.7786,2.2904,27,32,59,0.072,0.0876,0.233,1.0,0.0,93.78,1.8175,1.3624,1.3624,5225.0571,1769466716.8890162,20.25,223,1101,0.813,38,0,0,10.31,15.0,0,1043,1769466713.927,-1.64,meta-llama/Llama-3.2-1B-Instruct,"1769466713.927, 1769466713.993, 1769466714.104, 1769466714.130, 1769466714.156"
1.0,0,1769466712.8309,2.6434,27,32,59,0.153,0.1121,0.2569,1.0,0.0,93.79,1.8261,1.7964,1.7964,5226.8535,1769466717.3011513,20.24,223,1102,0.812,34,0,0,10.31,15.0,0,1043,1769466713.927,-1.64,meta-llama/Llama-3.2-1B-Instruct,"1769466713.927, 1769466713.993, 1769466714.104, 1769466714.130, 1769466714.156"
1.0,0,1769466712.8993,2.7105,27,31,58,0.1814,0.087,0.2462,1.0,0.0,93.79,1.8309,1.8919,1.8919,5228.7453,1769466717.4501913,20.22,223,1103,0.812,33,0,0,10.31,15.0,0,1043,1769466713.927,-1.64,meta-llama/Llama-3.2-1B-Instruct,"1769466713.927, 1769466713.993, 1769466714.104, 1769466714.130, 1769466714.156"
1.0,0,1769466712.9273,2.7711,27,32,59,0.1126,0.0817,0.2423,1.0,0.0,93.8,1.7995,1.8837,1.8837,5230.629,1769466717.5144944,20.2,223,1104,0.812,33,1,0,10.31,15.0,0,1043,1769466713.927,-1.64,meta-llama/Llama-3.2-1B-Instruct,"1769466713.927, 1769466713.993, 1769466714.104, 1769466714.130, 1769466714.156"
1.0,0,1769466712.9927,2.7535,27,32,59,0.2084,0.1194,0.2844,1.0,0.0,93.8,1.893,1.9618,1.9618,5232.5908,1769466717.6586225,20.18,223,1105,0.812,33,1,0,10.31,15.0,0,1043,1769466713.927,-1.64,meta-llama/Llama-3.2-1B-Instruct,"1769466713.927, 1769466713.993, 1769466714.104, 1769466714.130, 1769466714.156"
1.0,0,1769466713.1041,2.7586,27,33,60,0.1078,0.0933,0.2353,1.0,0.0,93.81,1.799,1.8664,1.8664,5234.4572,1769466717.6738594,20.16,223,1106,0.814,35,0,0,10.31,15.0,0,1043,1769466713.927,-1.64,meta-llama/Llama-3.2-1B-Instruct,"1769466713.927, 1769466713.993, 1769466714.104, 1769466714.130, 1769466714.156"
1.0,0,1769466713.1563,3.2046,27,32,59,0.1153,0.0878,0.0932,1.0,0.0,93.81,1.7972,2.3198,2.3198,5236.7771,1769466718.1744678,20.14,223,1107,0.816,34,0,0,10.31,15.0,0,1043,1769466713.927,-1.64,meta-llama/Llama-3.2-1B-Instruct,"1769466713.927, 1769466713.993, 1769466714.104, 1769466714.130, 1769466714.156"
1.0,0,1769466713.2206,3.2741,27,32,59,0.0982,0.0824,0.0863,1.0,0.0,93.82,1.7792,2.3722,2.3722,5241.4785,1769466718.2908628,20.11,223,1109,0.816,34,0,0,10.31,15.0,0,1043,1769466713.927,-1.64,meta-llama/Llama-3.2-1B-Instruct,"1769466713.927, 1769466713.993, 1769466714.104, 1769466714.130, 1769466714.156"
1.0,0,1769466713.2473,3.243,27,33,60,0.0862,0.0857,0.0918,1.0,0.0,93.83,1.7722,2.3292,2.3292,5241.4785,1769466718.2922297,20.13,223,1109,0.817,35,0,0,10.31,15.0,0,1043,1769466713.927,-1.64,meta-llama/Llama-3.2-1B-Instruct,"1769466713.927, 1769466713.993, 1769466714.104, 1769466714.130, 1769466714.156"
1.0,0,1769466713.2748,3.3196,27,32,59,0.1252,0.0868,0.0934,1.0,0.0,93.83,1.8438,2.4449,2.4449,5243.9233,1769466718.448409,20.09,223,1110,0.817,35,0,0,10.31,15.0,0,1043,1769466713.927,-1.64,meta-llama/Llama-3.2-1B-Instruct,"1769466713.927, 1769466713.993, 1769466714.104, 1769466714.130, 1769466714.156"
1.0,0,1769466713.4441,3.3342,27,32,59,0.1546,0.1043,0.1073,1.0,0.0,93.84,1.8365,2.4889,2.4889,5246.4122,1769466718.6201696,20.07,223,1111,0.818,35,0,0,10.31,15.0,0,1043,1769466713.927,-1.64,meta-llama/Llama-3.2-1B-Instruct,"1769466713.927, 1769466713.993, 1769466714.104, 1769466714.130, 1769466714.156"
1.0,0,1769466713.5209,3.3174,27,32,59,0.1227,0.0881,0.0954,1.0,0.0,93.84,1.8304,2.4402,2.4402,5248.8524,1769466718.6783788,20.05,223,1112,0.818,34,0,0,10.31,15.0,0,1043,1769466713.927,-1.64,meta-llama/Llama-3.2-1B-Instruct,"1769466713.927, 1769466713.993, 1769466714.104, 1769466714.130, 1769466714.156"
1.0,0,1769466713.5921,3.3109,27,32,59,0.1036,0.0905,0.0969,1.0,0.0,93.85,1.8755,2.4144,2.4144,5251.2668,1769466718.789115,20.04,223,1113,0.818,34,1,0,10.31,15.0,0,1043,1769466713.927,-1.64,meta-llama/Llama-3.2-1B-Instruct,"1769466713.927, 1769466713.993, 1769466714.104, 1769466714.130, 1769466714.156"
1.0,0,1769466713.8584,3.1651,27,32,59,0.0948,0.0826,0.0866,1.0,0.0,93.85,1.8109,2.2599,2.2599,5253.5267,1769466718.8522341,20.02,223,1114,0.819,36,0,0,10.31,15.0,0,1043,1769466713.927,-1.64,meta-llama/Llama-3.2-1B-Instruct,"1769466713.927, 1769466713.993, 1769466714.104, 1769466714.130, 1769466714.156"
1.0,0,1769466713.9886,3.0738,27,32,59,0.1385,0.0925,0.1012,1.0,0.0,93.86,1.8813,2.2123,2.2123,5255.7391,1769466718.9528804,20.0,223,1115,0.82,37,0,0,10.31,15.0,0,1043,1769466713.927,-1.64,meta-llama/Llama-3.2-1B-Instruct,"1769466713.927, 1769466713.993, 1769466714.104, 1769466714.130, 1769466714.156"
1.0,0,1769466714.0447,3.1264,27,32,59,0.1596,0.0926,0.0974,1.0,0.0,93.87,1.8975,2.286,2.286,5258.0251,1769466719.08209,19.98,223,1116,0.821,38,0,0,10.31,15.0,0,1043,1769466713.927,-1.64,meta-llama/Llama-3.2-1B-Instruct,"1769466713.927, 1769466713.993, 1769466714.104, 1769466714.130, 1769466714.156"
1.0,0,1769466714.1009,3.1521,27,32,59,0.1059,0.0809,0.0887,1.0,0.0,93.87,1.8944,2.258,2.258,5260.2831,1769466719.150013,19.96,223,1117,0.821,38,0,0,10.31,15.0,0,1043,1769466713.927,-1.64,meta-llama/Llama-3.2-1B-Instruct,"1769466713.927, 1769466713.993, 1769466714.104, 1769466714.130, 1769466714.156"
1.0,0,1769466714.569,2.9615,27,32,59,0.1265,0.0878,0.0894,1.0,0.0,93.88,1.8769,2.088,2.088,5262.3711,1769466719.4100313,19.95,223,1118,0.821,37,0,0,10.31,15.0,0,1043,1769466713.927,-1.64,meta-llama/Llama-3.2-1B-Instruct,"1769466713.927, 1769466713.993, 1769466714.104, 1769466714.130, 1769466714.156"
1.0,0,1769466714.8771,2.7916,27,32,59,0.1031,0.09,0.0913,1.0,0.0,93.88,1.8433,1.8946,1.8946,5264.2657,1769466719.5218816,19.93,223,1119,0.822,37,0,0,10.31,15.0,0,1043,1769466713.927,-1.64,meta-llama/Llama-3.2-1B-Instruct,"1769466713.927, 1769466713.993, 1769466714.104, 1769466714.130, 1769466714.156"
1.0,0,1769466715.0408,2.6496,27,32,59,0.1246,0.0874,0.0926,1.0,0.0,93.89,1.8597,1.7742,1.7742,5266.0399,1769466719.5568168,19.91,223,1120,0.822,36,0,0,10.31,15.0,0,1043,1769466713.927,-1.64,meta-llama/Llama-3.2-1B-Instruct,"1769466713.927, 1769466713.993, 1769466714.104, 1769466714.130, 1769466714.156"
1.0,0,1769466715.8403,2.7966,27,14,41,0.1345,0.0785,0.0785,1.0,0.0,93.89,0.9765,1.931,1.931,5267.9709,1769466719.6223874,19.89,223,1121,0.827,38,0,0,10.31,15.0,0,1043,1769466713.927,-1.64,meta-llama/Llama-3.2-1B-Instruct,"1769466713.927, 1769466713.993, 1769466714.104, 1769466714.130, 1769466714.156"
1.0,0,1769466716.9573,2.3985,27,4,31,0.1387,0.0713,0.0713,1.0,0.0,93.9,0.3547,1.5372,1.5372,5270.9574,1769466719.719795,19.88,223,1123,0.83,38,0,0,10.31,15.0,0,1043,1769466713.927,-1.64,meta-llama/Llama-3.2-1B-Instruct,"1769466713.927, 1769466713.993, 1769466714.104, 1769466714.130, 1769466714.156"
1.0,0,1769466717.2684,2.3078,27,0,27,,,,1.0,,,0.1414,1.4492,1.4492,5270.9574,1769466719.7207386,19.86,223,1123,0.83,37,0,0,10.31,15.0,0,1043,1769466713.927,-1.64,meta-llama/Llama-3.2-1B-Instruct,"1769466713.927, 1769466713.993, 1769466714.104, 1769466714.130, 1769466714.156"
1.0,0,1769466715.1967,2.7058,27,32,59,0.1599,0.09,0.0919,1.0,0.0,93.91,1.906,1.8657,1.8657,5272.823,1769466719.810424,19.84,223,1124,0.824,38,0,0,10.31,15.0,0,1043,1769466713.927,-1.64,meta-llama/Llama-3.2-1B-Instruct,"1769466713.927, 1769466713.993, 1769466714.104, 1769466714.130, 1769466714.156"
1.0,0,1769466715.2513,2.7229,27,32,59,0.1099,0.0968,0.0975,1.0,0.0,93.91,1.8702,1.8329,1.8329,5274.6559,1769466719.8774412,19.82,223,1125,0.824,38,1,0,10.31,15.0,0,1043,1769466713.927,-1.64,meta-llama/Llama-3.2-1B-Instruct,"1769466713.927, 1769466713.993, 1769466714.104, 1769466714.130, 1769466714.156"
1.0,0,1769466715.3169,2.9957,27,32,59,0.1223,0.0897,0.09,1.0,0.0,93.92,1.8507,2.118,2.118,5276.7739,1769466720.1728494,19.8,223,1126,0.825,37,0,0,10.31,15.0,0,1043,1769466713.927,-1.64,meta-llama/Llama-3.2-1B-Instruct,"1769466713.927, 1769466713.993, 1769466714.104, 1769466714.130, 1769466714.156"
1.0,0,1769466715.5637,2.8956,27,32,59,0.0955,0.0881,0.0944,1.0,0.0,93.92,1.8207,1.991,1.991,5278.765,1769466720.3073213,19.79,223,1127,0.826,37,0,0,10.31,15.0,0,1043,1769466713.927,-1.64,meta-llama/Llama-3.2-1B-Instruct,"1769466713.927, 1769466713.993, 1769466714.104, 1769466714.130, 1769466714.156"
1.0,0,1769466715.6513,2.8543,27,32,59,0.0871,0.0943,0.0965,1.0,0.0,93.93,1.8028,1.9414,1.9414,5280.7063,1769466720.310564,19.77,223,1128,0.827,38,0,0,10.31,15.0,0,1043,1769466713.927,-1.64,meta-llama/Llama-3.2-1B-Instruct,"1769466713.927, 1769466713.993, 1769466714.104, 1769466714.130, 1769466714.156"
1.0,0,1769466715.8759,2.9635,27,32,59,0.101,0.0882,0.1011,1.0,0.0,93.93,1.7963,2.0646,2.0646,5284.3085,1769466720.6393616,19.75,223,1130,0.827,37,0,0,10.31,15.0,0,1059,1769466720.591,-0.015,meta-llama/Llama-3.2-1B-Instruct,"1769466720.591, 1769466720.869, 1769466720.932, 1769466720.979, 1769466721.329"
1.0,0,1769466716.386,2.4587,27,32,59,0.079,0.0887,0.0961,1.0,0.0,93.94,1.7922,1.5377,1.5377,5284.3085,1769466720.6412973,19.73,223,1130,0.827,37,0,0,10.31,15.0,0,1059,1769466720.591,-0.015,meta-llama/Llama-3.2-1B-Instruct,"1769466720.591, 1769466720.869, 1769466720.932, 1769466720.979, 1769466721.329"
1.0,0,1769466716.4242,2.5691,27,32,59,0.1978,0.0812,0.0829,1.0,0.0,93.94,1.8907,1.7669,1.7669,5286.0754,1769466720.8851159,19.72,223,1131,0.828,37,0,0,10.31,15.0,0,1059,1769466720.591,-0.015,meta-llama/Llama-3.2-1B-Instruct,"1769466720.591, 1769466720.869, 1769466720.932, 1769466720.979, 1769466721.329"
1.0,0,1769466716.754,2.3461,27,32,59,0.1386,0.0803,0.1136,1.0,0.0,93.95,1.8076,1.4847,1.4847,5287.5601,1769466720.9147272,19.7,223,1132,0.828,36,1,0,10.31,15.0,0,1059,1769466720.591,-0.015,meta-llama/Llama-3.2-1B-Instruct,"1769466720.591, 1769466720.869, 1769466720.932, 1769466720.979, 1769466721.329"
1.0,0,1769466716.8152,2.398,27,32,59,0.1096,0.0855,0.0867,1.0,0.0,93.96,1.838,1.5076,1.5076,5289.0677,1769466721.0593646,19.68,223,1133,0.829,37,0,0,10.31,15.0,0,1059,1769466720.591,-0.015,meta-llama/Llama-3.2-1B-Instruct,"1769466720.591, 1769466720.869, 1769466720.932, 1769466720.979, 1769466721.329"
1.0,0,1769466717.1395,2.2856,27,32,59,0.1165,0.0833,0.0876,1.0,0.0,93.96,1.8299,1.4021,1.4021,5290.4698,1769466721.2594519,19.66,223,1134,0.83,37,1,0,10.31,15.0,0,1059,1769466720.591,-0.015,meta-llama/Llama-3.2-1B-Instruct,"1769466720.591, 1769466720.869, 1769466720.932, 1769466720.979, 1769466721.329"
1.0,0,1769466718.1876,1.5468,27,32,59,0.0976,0.0872,0.0872,1.0,0.0,93.97,1.8037,0.6444,0.6444,5291.1142,1769466721.5399182,19.65,223,1135,0.83,35,0,0,10.31,15.0,0,1059,1769466720.591,-0.015,meta-llama/Llama-3.2-1B-Instruct,"1769466720.591, 1769466720.869, 1769466720.932, 1769466720.979, 1769466721.329"
1.0,0,1769466718.674,1.103,27,32,59,0.0832,0.089,0.1024,1.0,0.0,93.97,1.8168,0.1862,0.1862,5291.3004,1769466721.6024275,19.63,223,1136,0.83,35,0,0,10.31,15.0,0,1059,1769466720.591,-0.015,meta-llama/Llama-3.2-1B-Instruct,"1769466720.591, 1769466720.869, 1769466720.932, 1769466720.979, 1769466721.329"
1.0,0,1769466718.7058,1.1942,27,32,59,0.129,0.0829,0.0861,1.0,0.0,93.98,1.8719,0.3232,0.3232,5291.6236,1769466721.7868285,19.61,223,1137,0.831,35,0,0,10.31,15.0,0,1059,1769466720.591,-0.015,meta-llama/Llama-3.2-1B-Instruct,"1769466720.591, 1769466720.869, 1769466720.932, 1769466720.979, 1769466721.329"
1.0,0,1769466718.7835,1.2711,27,32,59,0.1668,0.0877,0.0896,1.0,0.0,93.98,1.8957,0.4379,0.4379,5292.4324,1769466721.9539337,19.6,223,1139,0.831,35,0,0,10.31,15.0,0,1059,1769466720.591,-0.015,meta-llama/Llama-3.2-1B-Instruct,"1769466720.591, 1769466720.869, 1769466720.932, 1769466720.979, 1769466721.329"
1.0,0,1769466718.857,1.2082,27,32,59,0.1627,0.0892,0.0963,1.0,0.0,93.99,1.8873,0.3709,0.3709,5292.4324,1769466721.9548407,19.58,223,1139,0.832,36,0,0,10.31,15.0,0,1059,1769466720.591,-0.015,meta-llama/Llama-3.2-1B-Instruct,"1769466720.591, 1769466720.869, 1769466720.932, 1769466720.979, 1769466721.329"
1.0,0,1769466719.0486,1.0756,27,32,59,0.1521,0.0922,0.0924,1.0,0.0,93.99,1.886,0.2277,0.2277,5292.6601,1769466722.0124526,19.56,223,1140,0.832,36,1,0,10.31,15.0,0,1059,1769466720.591,-0.015,meta-llama/Llama-3.2-1B-Instruct,"1769466720.591, 1769466720.869, 1769466720.932, 1769466720.979, 1769466721.329"
1.0,0,1769466719.2604,0.9369,27,32,59,0.0915,0.088,0.095,1.0,0.0,94.0,1.8746,0.0283,0.0283,5292.6884,1769466722.080897,19.54,223,1141,0.833,37,1,0,10.31,15.0,0,1059,1769466720.591,-0.015,meta-llama/Llama-3.2-1B-Instruct,"1769466720.591, 1769466720.869, 1769466720.932, 1769466720.979, 1769466721.329"
1.0,0,1769466719.3326,1.0429,27,32,59,0.1083,0.0849,0.0909,1.0,0.0,94.01,1.867,0.1512,0.1512,5292.8396,1769466722.2545762,19.53,223,1142,0.834,37,0,0,10.31,15.0,0,1059,1769466720.591,-0.015,meta-llama/Llama-3.2-1B-Instruct,"1769466720.591, 1769466720.869, 1769466720.932, 1769466720.979, 1769466721.329"
1.0,0,1769466719.3692,1.0529,27,32,59,0.1036,0.0767,0.0869,1.0,0.0,94.01,1.885,0.1565,0.1565,5292.9962,1769466722.3207638,19.51,223,1143,0.834,38,0,0,10.31,15.0,0,1059,1769466720.591,-0.015,meta-llama/Llama-3.2-1B-Instruct,"1769466720.591, 1769466720.869, 1769466720.932, 1769466720.979, 1769466721.329"
1.0,0,1769466719.4386,1.0371,27,32,59,0.135,0.0853,0.0966,1.0,0.0,94.02,1.9352,0.1721,0.1721,5293.1682,1769466722.4175005,19.49,223,1144,0.835,39,0,0,10.31,15.0,0,1059,1769466720.591,-0.015,meta-llama/Llama-3.2-1B-Instruct,"1769466720.591, 1769466720.869, 1769466720.932, 1769466720.979, 1769466721.329"
1.0,0,1769466719.5907,1.1518,27,32,59,0.115,0.0921,0.0922,1.0,0.0,94.02,1.8767,0.2667,0.2667,5293.435,1769466722.6287768,19.48,223,1145,0.836,38,0,0,10.31,15.0,0,1059,1769466720.591,-0.015,meta-llama/Llama-3.2-1B-Instruct,"1769466720.591, 1769466720.869, 1769466720.932, 1769466720.979, 1769466721.329"
1.0,0,1769466719.8688,0.9333,27,32,59,0.1069,0.0902,0.0933,1.0,0.0,94.03,1.8496,0.0402,0.0402,5293.4752,1769466722.6542916,19.46,223,1146,0.836,38,0,0,10.31,15.0,0,1059,1769466720.591,-0.015,meta-llama/Llama-3.2-1B-Instruct,"1769466720.591, 1769466720.869, 1769466720.932, 1769466720.979, 1769466721.329"
1.0,0,1769466719.9322,1.0923,27,32,59,0.1121,0.0872,0.0913,1.0,0.0,94.03,1.8586,0.2044,0.2044,5293.6796,1769466722.8843532,19.44,223,1147,0.836,37,0,0,10.31,15.0,0,1059,1769466720.591,-0.015,meta-llama/Llama-3.2-1B-Instruct,"1769466720.591, 1769466720.869, 1769466720.932, 1769466720.979, 1769466721.329"
1.0,0,1769466720.9351,1.2628,27,11,38,0.134,0.0855,0.0855,1.0,0.0,94.04,0.7654,0.3968,0.3968,5294.0764,1769466722.9648159,19.43,223,1148,0.841,36,0,0,10.31,15.0,0,1059,1769466720.591,-0.015,meta-llama/Llama-3.2-1B-Instruct,"1769466720.591, 1769466720.869, 1769466720.932, 1769466720.979, 1769466721.329"
1.0,0,1769466719.979,1.1161,27,32,59,0.1522,0.0803,0.0913,1.0,0.0,94.04,1.9101,0.2683,0.2683,5294.3447,1769466723.0206835,19.41,223,1149,0.837,38,0,0,10.31,15.0,0,1059,1769466720.591,-0.015,meta-llama/Llama-3.2-1B-Instruct,"1769466720.591, 1769466720.869, 1769466720.932, 1769466720.979, 1769466721.329"
1.0,0,1769466720.3295,0.9418,27,32,59,0.0885,0.0859,0.0892,1.0,0.0,94.05,1.8129,0.0304,0.0304,5294.3751,1769466723.094033,19.39,223,1150,0.838,38,0,0,10.31,15.0,0,1059,1769466720.591,-0.015,meta-llama/Llama-3.2-1B-Instruct,"1769466720.591, 1769466720.869, 1769466720.932, 1769466720.979, 1769466721.329"
1.0,0,1769466720.3966,0.9975,27,31,58,0.1387,0.0876,0.0896,1.0,0.0,94.05,1.8795,0.1362,0.1362,5294.5113,1769466723.2926,19.37,223,1151,0.839,39,0,0,10.31,15.0,0,1059,1769466720.591,-0.015,meta-llama/Llama-3.2-1B-Instruct,"1769466720.591, 1769466720.869, 1769466720.932, 1769466720.979, 1769466721.329"
1.0,0,1769466720.6608,1.0875,27,32,59,0.1453,0.0817,0.0822,1.0,0.0,94.06,1.8403,0.2328,0.2328,5294.7441,1769466723.6010318,19.36,223,1152,0.84,38,0,0,10.31,15.0,0,1059,1769466720.591,-0.015,meta-llama/Llama-3.2-1B-Instruct,"1769466720.591, 1769466720.869, 1769466720.932, 1769466720.979, 1769466721.329"
1.0,0,1769466720.7202,1.1032,27,32,59,0.1076,0.0895,0.0897,1.0,0.0,94.06,1.8346,0.2108,0.2108,5294.9549,1769466723.6736648,19.34,225,1155,0.84,37,0,0,10.31,15.0,0,1059,1769466720.591,-0.015,meta-llama/Llama-3.2-1B-Instruct,"1769466720.591, 1769466720.869, 1769466720.932, 1769466720.979, 1769466721.329"
200.0,1,1769466580.95,77.7248,3339,1031,4370,0.8468,0.0911,0.4137,200.0,0.0,94.07,64.998,-57.2772,0.0,5294.9549,1769466723.6880329,19.48,225,1155,0.593,30,0,0,10.31,15.0,0,1059,1769466720.591,-0.015,meta-llama/Llama-3.2-1B-Instruct,"1769466720.591, 1769466720.869, 1769466720.932, 1769466720.979, 1769466721.329"
200.0,1,1769466580.9745,77.713,2735,1035,3770,0.8325,0.0924,0.409,200.0,0.0,94.08,64.9839,-57.3031,0.0,5294.9549,1769466723.6884363,19.41,225,1155,0.592,29,0,0,10.31,15.0,0,1059,1769466720.591,-0.015,meta-llama/Llama-3.2-1B-Instruct,"1769466720.591, 1769466720.869, 1769466720.932, 1769466720.979, 1769466721.329"
200.0,1,1769466581.0693,77.7039,3182,1022,4204,2.6985,0.0904,0.4041,200.0,0.0,94.08,64.9385,-57.3576,0.0,5294.9549,1769466723.7297454,19.55,230,1160,0.65,30,0,0,10.31,15.0,0,1059,1769466720.591,-0.015,meta-llama/Llama-3.2-1B-Instruct,"1769466720.591, 1769466720.869, 1769466720.932, 1769466720.979, 1769466721.329"
200.0,1,1769466581.1317,77.7943,2499,1016,3515,2.5439,0.0929,0.3967,200.0,0.0,94.09,64.7905,-57.4152,0.0,5294.9549,1769466723.7328048,19.62,230,1160,0.65,30,0,0,10.31,15.0,0,1059,1769466720.591,-0.015,meta-llama/Llama-3.2-1B-Instruct,"1769466720.591, 1769466720.869, 1769466720.932, 1769466720.979, 1769466721.329"
200.0,1,1769466581.1576,77.8532,3143,1026,4169,2.4844,0.0906,0.3951,200.0,0.0,94.09,64.7079,-57.4389,0.0,5294.9549,1769466723.7366471,19.69,230,1160,0.65,30,0,0,10.31,15.0,0,1059,1769466720.591,-0.015,meta-llama/Llama-3.2-1B-Instruct,"1769466720.591, 1769466720.869, 1769466720.932, 1769466720.979, 1769466721.329"
200.0,1,1769466581.1849,77.9563,3285,1024,4309,2.3374,0.0911,0.3922,200.0,0.0,94.1,64.5822,-57.4614,0.0,5294.9549,1769466723.7377691,19.83,230,1160,0.65,30,0,0,10.31,15.0,0,1059,1769466720.591,-0.015,meta-llama/Llama-3.2-1B-Instruct,"1769466720.591, 1769466720.869, 1769466720.932, 1769466720.979, 1769466721.329"
200.0,1,1769466581.1068,77.772,3069,1025,4094,2.6179,0.0949,0.3893,200.0,0.0,94.1,64.8426,-57.3854,0.0,5294.9549,1769466723.7389758,19.76,230,1160,0.65,30,0,0,10.31,15.0,0,1059,1769466720.591,-0.015,meta-llama/Llama-3.2-1B-Instruct,"1769466720.591, 1769466720.869, 1769466720.932, 1769466720.979, 1769466721.329"
1.0,0,1769466720.7775,1.1936,27,32,59,0.1315,0.085,0.1028,1.0,0.0,94.11,1.8508,0.3251,0.3251,5295.28,1769466723.8276863,19.81,230,1161,0.84,37,0,0,10.31,15.0,0,1059,1769466720.591,-0.015,meta-llama/Llama-3.2-1B-Instruct,"1769466720.591, 1769466720.869, 1769466720.932, 1769466720.979, 1769466721.329"
1.0,0,1769466720.8505,1.2826,27,32,59,0.16,0.0806,0.095,1.0,0.0,94.11,1.8345,0.4426,0.4426,5295.7226,1769466723.969187,19.79,230,1162,0.841,36,0,0,10.31,15.0,0,1059,1769466720.591,-0.015,meta-llama/Llama-3.2-1B-Instruct,"1769466720.591, 1769466720.869, 1769466720.932, 1769466720.979, 1769466721.329"
1.0,0,1769466723.0313,0.8947,27,0,27,,,,1.0,,,0.0964,-0.0089,0.0,5295.7226,1769466724.0256326,19.86,231,1163,0.579,31,1,0,10.31,15.0,0,1059,1769466720.591,-0.015,meta-llama/Llama-3.2-1B-Instruct,"1769466720.591, 1769466720.869, 1769466720.932, 1769466720.979, 1769466721.329"
1.0,0,1769466720.9971,1.2795,27,32,59,0.1436,0.0942,0.105,1.0,0.0,94.12,1.7959,0.4231,0.4231,5296.1457,1769466724.0840049,19.85,231,1164,0.841,36,0,0,10.31,15.0,0,1059,1769466720.591,-0.015,meta-llama/Llama-3.2-1B-Instruct,"1769466720.591, 1769466720.869, 1769466720.932, 1769466720.979, 1769466721.329"
1.0,0,1769466721.0649,1.3919,27,32,59,0.1646,0.0885,0.0928,1.0,0.0,94.12,1.7446,0.5564,0.5564,5296.7021,1769466724.2051978,19.83,231,1165,0.842,36,0,0,10.31,15.0,0,1059,1769466720.591,-0.015,meta-llama/Llama-3.2-1B-Instruct,"1769466720.591, 1769466720.869, 1769466720.932, 1769466720.979, 1769466721.329"
1.0,0,1769466721.1648,1.3612,27,32,59,0.1063,0.0944,0.1155,1.0,0.0,94.13,1.7185,0.4674,0.4674,5297.1696,1769466724.251811,19.81,231,1166,0.842,36,0,0,10.31,15.0,0,1059,1769466720.591,-0.015,meta-llama/Llama-3.2-1B-Instruct,"1769466720.591, 1769466720.869, 1769466720.932, 1769466720.979, 1769466721.329"
1.0,0,1769466721.2879,1.3002,27,32,59,0.175,0.0795,0.0851,1.0,0.0,94.13,1.7324,0.4752,0.4752,5297.6447,1769466724.3357077,19.79,231,1167,0.843,37,1,0,10.31,15.0,0,1059,1769466720.591,-0.015,meta-llama/Llama-3.2-1B-Instruct,"1769466720.591, 1769466720.869, 1769466720.932, 1769466720.979, 1769466721.329"
1.0,0,1769466721.6966,1.0085,27,32,59,0.0838,0.0828,0.0979,1.0,0.0,94.14,1.6893,0.0923,0.0923,5297.737,1769466724.416267,19.78,231,1168,0.843,36,1,0,10.31,15.0,0,1059,1769466720.591,-0.015,meta-llama/Llama-3.2-1B-Instruct,"1769466720.591, 1769466720.869, 1769466720.932, 1769466720.979, 1769466721.329"
1.0,0,1769466721.8374,1.0103,27,31,58,0.1526,0.0812,0.0851,1.0,0.0,94.14,1.679,0.1629,0.1629,5297.9,1769466724.5438104,19.76,231,1169,0.844,38,0,0,10.31,15.0,0,1059,1769466720.591,-0.015,meta-llama/Llama-3.2-1B-Instruct,"1769466720.591, 1769466720.869, 1769466720.932, 1769466720.979, 1769466721.329"
1.0,0,1769466721.9215,1.0032,27,33,60,0.0912,0.0845,0.0876,1.0,0.0,94.15,1.6374,0.0944,0.0944,5297.9943,1769466724.569195,19.74,231,1170,0.844,37,0,0,10.31,15.0,0,1059,1769466720.591,-0.015,meta-llama/Llama-3.2-1B-Instruct,"1769466720.591, 1769466720.869, 1769466720.932, 1769466720.979, 1769466721.329"
1.0,0,1769466722.012,1.1017,27,32,59,0.1571,0.0788,0.0837,1.0,0.0,94.15,1.6383,0.2588,0.2588,5298.2531,1769466724.7549405,19.73,231,1171,0.844,36,0,0,10.31,15.0,0,1059,1769466720.591,-0.015,meta-llama/Llama-3.2-1B-Instruct,"1769466720.591, 1769466720.869, 1769466720.932, 1769466720.979, 1769466721.329"
1.0,0,1769466722.2247,0.9537,27,32,59,0.1337,0.0748,0.0862,1.0,0.0,94.16,1.6024,0.0874,0.0874,5298.3405,1769466724.8003714,19.71,232,1173,0.845,36,0,0,10.31,15.0,0,1059,1769466720.591,-0.015,meta-llama/Llama-3.2-1B-Instruct,"1769466720.591, 1769466720.869, 1769466720.932, 1769466720.979, 1769466721.329"
1.0,0,1769466722.4407,0.7973,27,32,59,0.1053,0.0847,0.1017,1.0,0.0,94.16,1.5494,-0.0974,0.0,5298.3405,1769466724.8133912,19.78,232,1173,0.845,37,1,0,10.31,15.0,0,1059,1769466720.591,-0.015,meta-llama/Llama-3.2-1B-Instruct,"1769466720.591, 1769466720.869, 1769466720.932, 1769466720.979, 1769466721.329"
1.0,0,1769466722.4737,0.894,27,32,59,0.1069,0.0824,0.0829,1.0,0.0,94.17,1.5271,0.0009,0.0009,5298.3414,1769466724.9062538,19.76,232,1174,0.846,38,0,0,10.31,15.0,0,1059,1769466720.591,-0.015,meta-llama/Llama-3.2-1B-Instruct,"1769466720.591, 1769466720.869, 1769466720.932, 1769466720.979, 1769466721.329"
1.0,0,1769466723.0653,0.9778,27,20,47,0.1107,0.0743,0.0743,1.0,0.0,94.17,0.9977,0.0886,0.0886,5298.43,1769466725.0436296,19.74,232,1175,0.58,31,0,0,10.31,15.0,0,1059,1769466720.591,-0.015,meta-llama/Llama-3.2-1B-Instruct,"1769466720.591, 1769466720.869, 1769466720.932, 1769466720.979, 1769466721.329"
1.0,0,1769466722.5433,1.0028,27,32,59,0.1721,0.0732,0.0737,1.0,0.0,94.18,1.551,0.1749,0.1749,5298.6048,1769466725.103373,19.73,232,1176,0.848,39,0,0,10.31,15.0,0,1059,1769466720.591,-0.015,meta-llama/Llama-3.2-1B-Instruct,"1769466720.591, 1769466720.869, 1769466720.932, 1769466720.979, 1769466721.329"
1.0,0,1769466722.7385,0.9539,27,32,59,0.1553,0.0659,0.0801,1.0,0.0,94.19,1.518,0.1093,0.1093,5298.7141,1769466725.2163818,19.71,232,1177,0.578,31,0,0,10.31,15.0,0,1059,1769466720.591,-0.015,meta-llama/Llama-3.2-1B-Instruct,"1769466720.591, 1769466720.869, 1769466720.932, 1769466720.979, 1769466721.329"
1.0,0,1769466722.825,1.0311,27,32,59,0.1275,0.0956,0.0976,1.0,0.0,94.19,1.5032,0.1586,0.1586,5298.8727,1769466725.3642688,19.69,232,1178,0.579,31,0,0,10.31,15.0,0,1059,1769466720.591,-0.015,meta-llama/Llama-3.2-1B-Instruct,"1769466720.591, 1769466720.869, 1769466720.932, 1769466720.979, 1769466721.329"
1.0,0,1769466723.1283,0.98,27,32,59,0.079,0.0695,0.0703,1.0,0.0,94.2,1.4543,0.0591,0.0591,5298.9317,1769466725.5741522,19.68,232,1179,0.579,30,0,0,10.31,15.0,0,1059,1769466720.591,-0.015,meta-llama/Llama-3.2-1B-Instruct,"1769466720.591, 1769466720.869, 1769466720.932, 1769466720.979, 1769466721.329"
1.0,0,1769466723.1919,1.0326,27,32,59,0.0913,0.0788,0.085,1.0,0.0,94.2,1.5276,0.1239,0.1239,5299.0556,1769466725.7537773,19.66,232,1180,0.58,31,0,0,10.31,15.0,0,1076,1769466726.669,0.997,meta-llama/Llama-3.2-1B-Instruct,"1769466726.669, 1769466782.011, 1769466782.048, 1769466782.072, 1769466782.100"
1.0,0,1769466723.499,0.7933,27,32,59,0.1088,0.0668,0.0681,1.0,0.0,94.21,1.5059,-0.0979,0.0,5299.0556,1769466725.8028142,19.73,233,1181,0.58,31,0,0,10.31,15.0,0,1076,1769466726.669,0.997,meta-llama/Llama-3.2-1B-Instruct,"1769466726.669, 1769466782.011, 1769466782.048, 1769466782.072, 1769466782.100"
1.0,0,1769466723.5582,0.848,27,32,59,0.1509,0.0718,0.079,1.0,0.0,94.21,1.5095,-0.0011,0.0,5299.0556,1769466725.92533,19.8,234,1182,0.58,30,0,0,10.31,15.0,0,1076,1769466726.669,0.997,meta-llama/Llama-3.2-1B-Instruct,"1769466726.669, 1769466782.011, 1769466782.048, 1769466782.072, 1769466782.100"
1.0,0,1769466723.6131,0.8747,27,32,59,0.0996,0.078,0.0853,1.0,0.0,94.22,1.4723,-0.0257,0.0,5299.0556,1769466725.9648702,19.86,235,1183,0.581,30,1,0,10.31,15.0,0,1076,1769466726.669,0.997,meta-llama/Llama-3.2-1B-Instruct,"1769466726.669, 1769466782.011, 1769466782.048, 1769466782.072, 1769466782.100"
1.0,0,1769466724.3581,0.5412,27,23,50,0.1231,0.0754,0.0823,1.0,0.0,94.22,1.1563,-0.3357,0.0,5299.0556,1769466726.0753136,19.93,236,1184,0.582,30,0,0,10.31,15.0,0,1076,1769466726.669,0.997,meta-llama/Llama-3.2-1B-Instruct,"1769466726.669, 1769466782.011, 1769466782.048, 1769466782.072, 1769466782.100"
1.0,0,1769466723.6421,0.9702,27,32,59,0.1415,0.0759,0.0862,1.0,0.0,94.23,1.4876,0.1117,0.1117,5299.1673,1769466726.1059594,19.92,236,1185,0.581,30,0,0,10.31,15.0,0,1076,1769466726.669,0.997,meta-llama/Llama-3.2-1B-Instruct,"1769466726.669, 1769466782.011, 1769466782.048, 1769466782.072, 1769466782.100"
1.0,0,1769466723.7384,0.9238,27,32,59,0.1286,0.0748,0.0788,1.0,0.0,94.23,1.4681,0.0525,0.0525,5299.2198,1769466726.1394377,19.9,236,1186,0.581,30,0,0,10.31,15.0,0,1076,1769466726.669,0.997,meta-llama/Llama-3.2-1B-Instruct,"1769466726.669, 1769466782.011, 1769466782.048, 1769466782.072, 1769466782.100"
1.0,0,1769466724.0851,0.6321,27,32,59,0.0665,0.0736,0.1116,1.0,0.0,94.24,1.5228,-0.3015,0.0,5299.2198,1769466726.2468467,19.97,237,1187,0.582,31,1,0,10.31,15.0,0,1076,1769466726.669,0.997,meta-llama/Llama-3.2-1B-Instruct,"1769466726.669, 1769466782.011, 1769466782.048, 1769466782.072, 1769466782.100"
1.0,0,1769466724.4418,0.4861,27,32,59,0.1105,0.0814,0.0979,1.0,0.0,94.24,1.5246,-0.4034,0.0,5299.2198,1769466726.4550786,20.03,238,1188,0.581,29,0,0,10.31,15.0,0,1076,1769466726.669,0.997,meta-llama/Llama-3.2-1B-Instruct,"1769466726.669, 1769466782.011, 1769466782.048, 1769466782.072, 1769466782.100"
1.0,0,1769466724.533,0.4948,27,32,59,0.0943,0.2996,0.738,1.0,0.0,94.25,2.4689,-0.4109,0.0,5299.2198,1769466727.512182,20.1,239,1189,0.583,31,0,0,10.31,15.0,0,1076,1769466726.669,0.997,meta-llama/Llama-3.2-1B-Instruct,"1769466726.669, 1769466782.011, 1769466782.048, 1769466782.072, 1769466782.100"
1.0,0,1769466724.6398,0.433,27,32,59,0.0768,0.7451,0.8532,1.0,0.0,94.25,3.2888,-0.4902,0.0,5299.2198,1769466728.3793483,20.17,240,1190,0.582,30,0,0,10.31,15.0,0,1076,1769466726.669,0.997,meta-llama/Llama-3.2-1B-Instruct,"1769466726.669, 1769466782.011, 1769466782.048, 1769466782.072, 1769466782.100"
1.0,0,1769466724.8057,0.3715,27,32,59,0.1113,0.7574,0.8427,1.0,0.0,94.26,3.3439,-0.5172,0.0,5299.2198,1769466728.5263233,20.24,241,1191,0.583,31,0,0,10.31,15.0,0,1076,1769466726.669,0.997,meta-llama/Llama-3.2-1B-Instruct,"1769466726.669, 1769466782.011, 1769466782.048, 1769466782.072, 1769466782.100"
1.0,0,1769466724.8753,0.3772,27,32,59,0.1403,0.738,0.8638,1.0,0.0,94.26,3.3873,-0.4826,0.0,5299.2198,1769466728.6439095,20.3,242,1192,0.583,31,0,0,10.31,15.0,0,1076,1769466726.669,0.997,meta-llama/Llama-3.2-1B-Instruct,"1769466726.669, 1769466782.011, 1769466782.048, 1769466782.072, 1769466782.100"
1.0,0,1769466724.9718,0.3557,27,32,59,0.0911,0.7509,0.8588,1.0,0.0,94.27,3.3789,-0.5533,0.0,5299.2198,1769466728.7188041,20.37,244,1194,0.584,31,1,0,10.31,15.0,0,1076,1769466726.669,0.997,meta-llama/Llama-3.2-1B-Instruct,"1769466726.669, 1769466782.011, 1769466782.048, 1769466782.072, 1769466782.100"
1.0,0,1769466725.7355,0.0917,27,19,46,0.1191,0.8519,0.8519,1.0,0.0,94.27,2.8824,-0.7892,0.0,5299.2198,1769466728.7189987,20.44,244,1194,0.587,34,0,0,10.31,15.0,0,1076,1769466726.669,0.997,meta-llama/Llama-3.2-1B-Instruct,"1769466726.669, 1769466782.011, 1769466782.048, 1769466782.072, 1769466782.100"
1.0,0,1769466725.0449,0.3966,27,32,59,0.1241,0.7538,0.8598,1.0,0.0,94.28,3.4048,-0.4794,0.0,5299.2198,1769466728.849882,20.5,245,1195,0.585,32,0,0,10.31,15.0,0,1076,1769466726.669,0.997,meta-llama/Llama-3.2-1B-Instruct,"1769466726.669, 1769466782.011, 1769466782.048, 1769466782.072, 1769466782.100"
1.0,0,1769466725.2312,0.277,27,32,59,0.0856,0.724,0.8827,1.0,0.0,94.28,3.3993,-0.6373,0.0,5299.2198,1769466728.9189496,20.57,246,1196,0.585,32,0,0,10.31,15.0,0,1076,1769466726.669,0.997,meta-llama/Llama-3.2-1B-Instruct,"1769466726.669, 1769466782.011, 1769466782.048, 1769466782.072, 1769466782.100"
1.0,0,1769466727.1371,1.7158,27,0,27,,,,1.0,,,0.1022,0.818,0.818,5300.0378,1769466728.962508,20.55,246,1197,0.736,36,0,0,10.31,15.0,0,1076,1769466726.669,0.997,meta-llama/Llama-3.2-1B-Instruct,"1769466726.669, 1769466782.011, 1769466782.048, 1769466782.072, 1769466782.100"
1.0,0,1769466725.3644,0.2825,27,31,58,0.1038,0.7427,0.8479,1.0,0.0,94.29,3.3969,-0.6137,0.0,5300.0378,1769466729.052456,20.62,247,1198,0.586,33,0,0,10.31,15.0,0,1076,1769466726.669,0.997,meta-llama/Llama-3.2-1B-Instruct,"1769466726.669, 1769466782.011, 1769466782.048, 1769466782.072, 1769466782.100"
1.0,0,1769466725.5753,0.1217,27,32,59,0.1497,0.7242,0.8617,1.0,0.0,94.29,3.4604,-0.7286,0.0,5300.0378,1769466729.1643324,20.68,248,1199,0.586,33,0,0,10.31,15.0,0,1076,1769466726.669,0.997,meta-llama/Llama-3.2-1B-Instruct,"1769466726.669, 1769466782.011, 1769466782.048, 1769466782.072, 1769466782.100"
1.0,0,1769466725.6687,0.1029,27,32,59,0.0814,0.7441,0.8576,1.0,0.0,94.3,3.4084,-0.8157,0.0,5300.0378,1769466729.1884174,20.75,249,1200,0.587,33,0,0,10.31,15.0,0,1076,1769466726.669,0.997,meta-llama/Llama-3.2-1B-Instruct,"1769466726.669, 1769466782.011, 1769466782.048, 1769466782.072, 1769466782.100"
200.0,1,1769466582.0999,144.5747,3305,21,3326,0.8177,0.8553,0.8553,200.0,0.0,94.3,2.713,-52.7123,0.0,5300.0378,1769466729.414225,20.82,250,1201,0.613,31,1,0,10.31,15.0,0,1076,1769466726.669,0.997,meta-llama/Llama-3.2-1B-Instruct,"1769466726.669, 1769466782.011, 1769466782.048, 1769466782.072, 1769466782.100"
1.0,0,1769466725.8038,0.1565,27,32,59,0.1415,0.7291,0.8677,1.0,0.0,94.31,3.4757,-0.702,0.0,5300.0378,1769466729.4400601,20.88,251,1202,0.587,33,0,0,10.31,15.0,0,1076,1769466726.669,0.997,meta-llama/Llama-3.2-1B-Instruct,"1769466726.669, 1769466782.011, 1769466782.048, 1769466782.072, 1769466782.100"
1.0,0,1769466727.185,1.8031,27,8,35,0.0928,0.0797,0.0797,1.0,0.0,94.31,0.5079,0.8958,0.8958,5300.9336,1769466729.496707,20.86,251,1203,0.736,35,0,0,10.31,15.0,0,1076,1769466726.669,0.997,meta-llama/Llama-3.2-1B-Instruct,"1769466726.669, 1769466782.011, 1769466782.048, 1769466782.072, 1769466782.100"
1.0,0,1769466725.898,0.1945,27,32,59,0.1166,0.7373,0.8602,1.0,0.0,94.32,3.4977,-0.6889,0.0,5300.9336,1769466729.6387296,20.93,252,1204,0.588,33,0,0,10.31,15.0,0,1076,1769466726.669,0.997,meta-llama/Llama-3.2-1B-Instruct,"1769466726.669, 1769466782.011, 1769466782.048, 1769466782.072, 1769466782.100"
1.0,0,1769466726.3528,0.1178,27,27,54,1.0165,0.0864,0.8596,1.0,0.0,94.32,3.2046,0.1343,0.1343,5301.0679,1769466729.6921065,20.91,252,1205,0.613,31,1,0,10.31,15.0,0,1076,1769466726.669,0.997,meta-llama/Llama-3.2-1B-Instruct,"1769466726.669, 1769466782.011, 1769466782.048, 1769466782.072, 1769466782.100"
1.0,0,1769466726.2874,0.1106,27,32,59,1.0958,0.0916,0.8603,1.0,0.0,94.33,3.4811,0.2064,0.2064,5301.2744,1769466729.8889892,20.9,252,1206,0.588,31,0,0,10.31,15.0,0,1076,1769466726.669,0.997,meta-llama/Llama-3.2-1B-Instruct,"1769466726.669, 1769466782.011, 1769466782.048, 1769466782.072, 1769466782.100"
1.0,0,1769466726.4871,0.091,27,32,59,0.933,0.0971,0.8672,1.0,0.0,94.33,3.3185,0.024,0.024,5301.3792,1769466729.9001448,20.94,253,1209,0.613,31,1,0,10.31,15.0,0,1076,1769466726.669,0.997,meta-llama/Llama-3.2-1B-Instruct,"1769466726.669, 1769466782.011, 1769466782.048, 1769466782.072, 1769466782.100"
1.0,0,1769466726.6499,0.0566,27,32,59,0.8064,0.0876,0.8625,1.0,0.0,94.33,3.189,-0.1371,0.0,5301.3792,1769466729.9014533,20.96,253,1209,0.613,31,1,0,10.31,15.0,0,1076,1769466726.669,0.997,meta-llama/Llama-3.2-1B-Instruct,"1769466726.669, 1769466782.011, 1769466782.048, 1769466782.072, 1769466782.100"
1.0,0,1769466726.4248,0.0878,27,32,59,0.9931,0.0879,0.8563,1.0,0.0,94.34,3.3845,0.0809,0.0809,5301.3792,1769466729.9016745,20.93,253,1209,0.613,31,1,0,10.31,15.0,0,1076,1769466726.669,0.997,meta-llama/Llama-3.2-1B-Instruct,"1769466726.669, 1769466782.011, 1769466782.048, 1769466782.072, 1769466782.100"
1.0,0,1769466726.9693,0.6365,27,32,59,0.7776,0.1002,0.1117,1.0,0.0,94.34,2.4502,0.4141,0.4141,5301.7933,1769466730.0597165,20.91,253,1210,0.735,39,0,0,10.31,15.0,0,1076,1769466726.669,0.997,meta-llama/Llama-3.2-1B-Instruct,"1769466726.669, 1769466782.011, 1769466782.048, 1769466782.072, 1769466782.100"
1.0,0,1769466726.9963,1.614,27,32,59,0.1244,0.1029,0.1066,1.0,0.0,94.35,1.6724,0.7384,0.7384,5302.5317,1769466730.298244,20.89,253,1211,0.736,38,0,0,10.31,15.0,0,1076,1769466726.669,0.997,meta-llama/Llama-3.2-1B-Instruct,"1769466726.669, 1769466782.011, 1769466782.048, 1769466782.072, 1769466782.100"
1.0,0,1769466727.0222,1.7195,27,32,59,0.0867,0.0814,0.1042,1.0,0.0,94.35,1.7036,0.8062,0.8062,5303.3379,1769466730.453107,20.87,253,1212,0.736,36,0,0,10.31,15.0,0,1076,1769466726.669,0.997,meta-llama/Llama-3.2-1B-Instruct,"1769466726.669, 1769466782.011, 1769466782.048, 1769466782.072, 1769466782.100"
1.0,0,1769466727.1628,1.7779,27,32,59,0.1092,0.0836,0.0859,1.0,0.0,94.36,1.6489,0.8871,0.8871,5304.225,1769466730.5945055,20.86,253,1213,0.736,36,0,0,10.31,15.0,0,1076,1769466726.669,0.997,meta-llama/Llama-3.2-1B-Instruct,"1769466726.669, 1769466782.011, 1769466782.048, 1769466782.072, 1769466782.100"
1.0,0,1769466728.2198,2.4136,27,0,27,,,,1.0,,,0.1036,1.5172,1.5172,5306.7156,1769466730.7517908,20.84,253,1215,0.712,36,0,0,10.31,15.0,0,1124,1769466729.274,-1.471,meta-llama/Llama-3.2-1B-Instruct,"1769466729.274, 1769466729.345, 1769466729.527, 1769466729.558, 1769466729.755"
1.0,0,1769466727.2073,1.8852,27,32,59,0.0882,0.0881,0.0941,1.0,0.0,94.36,1.6465,0.9734,0.9734,5306.7156,1769466730.7520425,20.82,253,1215,0.737,36,0,0,10.31,15.0,0,1124,1769466729.274,-1.471,meta-llama/Llama-3.2-1B-Instruct,"1769466729.274, 1769466729.345, 1769466729.527, 1769466729.558, 1769466729.755"
1.0,0,1769466727.672,2.0916,27,19,46,0.1063,0.0896,0.0896,1.0,0.0,94.37,1.0681,1.1979,1.1979,5307.9135,1769466730.840205,20.81,253,1216,0.709,35,0,0,10.31,15.0,0,1124,1769466729.274,-1.471,meta-llama/Llama-3.2-1B-Instruct,"1769466729.274, 1769466729.345, 1769466729.527, 1769466729.558, 1769466729.755"
1.0,0,1769466727.2639,1.9294,27,32,59,0.1117,0.0914,0.1075,1.0,0.0,94.37,1.6529,1.0411,1.0411,5308.9546,1769466730.8509946,20.79,253,1217,0.737,35,0,0,10.31,15.0,0,1124,1769466729.274,-1.471,meta-llama/Llama-3.2-1B-Instruct,"1769466729.274, 1769466729.345, 1769466729.527, 1769466729.558, 1769466729.755"
1.0,0,1769466727.319,1.9218,27,32,59,0.1503,0.0859,0.1142,1.0,0.0,94.38,1.7048,1.0722,1.0722,5310.0267,1769466730.965873,20.77,253,1218,0.737,36,0,0,10.31,15.0,0,1124,1769466729.274,-1.471,meta-llama/Llama-3.2-1B-Instruct,"1769466729.274, 1769466729.345, 1769466729.527, 1769466729.558, 1769466729.755"
1.0,0,1769466727.3757,1.9497,27,32,59,0.0878,0.0789,0.0799,1.0,0.0,94.38,1.6762,1.0375,1.0375,5311.0642,1769466731.0077648,20.75,253,1219,0.738,36,0,0,10.31,15.0,0,1124,1769466729.274,-1.471,meta-llama/Llama-3.2-1B-Instruct,"1769466729.274, 1769466729.345, 1769466729.527, 1769466729.558, 1769466729.755"
1.0,0,1769466727.4341,2.0087,27,32,59,0.143,0.075,0.0759,1.0,0.0,94.39,1.6942,1.1517,1.1517,5312.2159,1769466731.1579034,20.74,253,1220,0.708,36,0,0,10.31,15.0,0,1124,1769466729.274,-1.471,meta-llama/Llama-3.2-1B-Instruct,"1769466729.274, 1769466729.345, 1769466729.527, 1769466729.558, 1769466729.755"
1.0,0,1769466727.5764,1.9479,27,32,59,0.1039,0.0792,0.0796,1.0,0.0,94.39,1.6949,1.0518,1.0518,5313.2678,1769466731.2301593,20.72,253,1221,0.708,35,1,0,10.31,15.0,0,1124,1769466729.274,-1.471,meta-llama/Llama-3.2-1B-Instruct,"1769466729.274, 1769466729.345, 1769466729.527, 1769466729.558, 1769466729.755"
1.0,0,1769466727.6143,2.1254,27,28,55,0.0909,0.0759,0.0876,1.0,0.0,94.4,1.4951,1.2163,1.2163,5314.4841,1769466731.2461944,20.7,253,1222,0.709,36,0,0,10.31,15.0,0,1124,1769466729.274,-1.471,meta-llama/Llama-3.2-1B-Instruct,"1769466729.274, 1769466729.345, 1769466729.527, 1769466729.558, 1769466729.755"
1.0,0,1769466727.6457,2.0989,27,32,59,0.2015,0.0873,0.0912,1.0,0.0,94.4,1.6388,1.3004,1.3004,5315.7845,1769466731.4090085,20.69,253,1223,0.708,35,0,0,10.31,15.0,0,1124,1769466729.274,-1.471,meta-llama/Llama-3.2-1B-Instruct,"1769466729.274, 1769466729.345, 1769466729.527, 1769466729.558, 1769466729.755"
1.0,0,1769466727.6988,2.221,27,32,59,0.1002,0.0828,0.0864,1.0,0.0,94.41,1.7102,1.3211,1.3211,5317.1057,1769466731.633347,20.67,253,1224,0.708,34,0,0,10.31,15.0,0,1124,1769466729.274,-1.471,meta-llama/Llama-3.2-1B-Instruct,"1769466729.274, 1769466729.345, 1769466729.527, 1769466729.558, 1769466729.755"
1.0,0,1769466727.7682,2.2556,27,34,61,0.0975,0.0794,0.0874,1.0,0.0,94.41,1.6541,1.3531,1.3531,5318.4588,1769466731.686665,20.65,253,1225,0.708,34,0,0,10.31,15.0,0,1124,1769466729.274,-1.471,meta-llama/Llama-3.2-1B-Instruct,"1769466729.274, 1769466729.345, 1769466729.527, 1769466729.558, 1769466729.755"
1.0,0,1769466727.7954,2.3811,27,32,59,0.1139,0.0905,0.0923,1.0,0.0,94.42,1.6703,1.495,1.495,5319.9537,1769466731.8510482,20.64,253,1226,0.71,35,0,0,10.31,15.0,0,1124,1769466729.274,-1.471,meta-llama/Llama-3.2-1B-Instruct,"1769466729.274, 1769466729.345, 1769466729.527, 1769466729.558, 1769466729.755"
1.0,0,1769466727.9473,2.2825,27,32,59,0.1924,0.0853,0.101,1.0,0.0,94.42,1.7173,1.4749,1.4749,5321.4287,1769466731.9574668,20.62,253,1227,0.71,35,0,0,10.31,15.0,0,1124,1769466729.274,-1.471,meta-llama/Llama-3.2-1B-Instruct,"1769466729.274, 1769466729.345, 1769466729.527, 1769466729.558, 1769466729.755"
1.0,0,1769466728.097,2.2358,27,32,59,0.1064,0.0898,0.0948,1.0,0.0,94.43,1.6728,1.3422,1.3422,5322.7709,1769466732.0159657,20.6,253,1228,0.711,35,0,0,10.31,15.0,0,1124,1769466729.274,-1.471,meta-llama/Llama-3.2-1B-Instruct,"1769466729.274, 1769466729.345, 1769466729.527, 1769466729.558, 1769466729.755"
1.0,0,1769466728.1241,2.2663,27,32,59,0.1287,0.0921,0.1007,1.0,0.0,94.43,1.6792,1.3949,1.3949,5324.1658,1769466732.085639,20.59,253,1229,0.711,36,0,0,10.31,15.0,0,1124,1769466729.274,-1.471,meta-llama/Llama-3.2-1B-Instruct,"1769466729.274, 1769466729.345, 1769466729.527, 1769466729.558, 1769466729.755"
1.0,0,1769466728.1504,2.3971,27,32,59,0.1469,0.0864,0.0881,1.0,0.0,94.44,1.7226,1.544,1.544,5325.7098,1769466732.2741327,20.57,253,1230,0.712,37,0,0,10.31,15.0,0,1124,1769466729.274,-1.471,meta-llama/Llama-3.2-1B-Instruct,"1769466729.274, 1769466729.345, 1769466729.527, 1769466729.558, 1769466729.755"
1.0,0,1769466728.2463,2.5261,27,32,59,0.1701,0.0858,0.1066,1.0,0.0,94.44,1.7431,1.6962,1.6962,5327.406,1769466732.5200322,20.55,253,1231,0.713,36,0,0,10.31,15.0,0,1124,1769466729.274,-1.471,meta-llama/Llama-3.2-1B-Instruct,"1769466729.274, 1769466729.345, 1769466729.527, 1769466729.558, 1769466729.755"
1.0,0,1769466728.2738,2.6826,27,32,59,0.1727,0.0851,0.0906,1.0,0.0,94.44,1.7138,1.8553,1.8553,5329.2613,1769466732.679597,20.54,253,1232,0.713,34,1,0,10.31,15.0,0,1124,1769466729.274,-1.471,meta-llama/Llama-3.2-1B-Instruct,"1769466729.274, 1769466729.345, 1769466729.527, 1769466729.558, 1769466729.755"
1.0,0,1769466728.3448,2.6167,27,32,59,0.1531,0.0905,0.1099,1.0,0.0,94.45,1.719,1.7698,1.7698,5331.0311,1769466732.6819994,20.52,253,1233,0.713,34,0,0,10.31,15.0,0,1124,1769466729.274,-1.471,meta-llama/Llama-3.2-1B-Instruct,"1769466729.274, 1769466729.345, 1769466729.527, 1769466729.558, 1769466729.755"
1.0,0,1769466728.5266,2.4997,27,32,59,0.1282,0.0856,0.1089,1.0,0.0,94.45,1.6948,1.6279,1.6279,5332.6591,1769466732.7577639,20.5,253,1234,0.712,33,2,0,10.31,15.0,0,1124,1769466729.274,-1.471,meta-llama/Llama-3.2-1B-Instruct,"1769466729.274, 1769466729.345, 1769466729.527, 1769466729.558, 1769466729.755"
1.0,0,1769466728.5584,2.5615,27,33,60,0.1074,0.0794,0.0813,1.0,0.0,94.46,1.7087,1.6689,1.6689,5334.328,1769466732.830791,20.49,253,1235,0.714,36,0,0,10.31,15.0,0,1124,1769466729.274,-1.471,meta-llama/Llama-3.2-1B-Instruct,"1769466729.274, 1769466729.345, 1769466729.527, 1769466729.558, 1769466729.755"
1.0,0,1769466728.7547,2.4957,27,32,59,0.146,0.0813,0.082,1.0,0.0,94.46,1.7482,1.6418,1.6418,5335.9698,1769466733.0191722,20.47,253,1236,0.713,34,0,0,10.31,15.0,0,1124,1769466729.274,-1.471,meta-llama/Llama-3.2-1B-Instruct,"1769466729.274, 1769466729.345, 1769466729.527, 1769466729.558, 1769466729.755"
1.0,0,1769466728.8753,2.4381,27,32,59,0.085,0.0835,0.0876,1.0,0.0,94.47,1.7083,1.5231,1.5231,5337.4929,1769466733.0281258,20.45,253,1237,0.714,34,1,0,10.31,15.0,0,1124,1769466729.274,-1.471,meta-llama/Llama-3.2-1B-Instruct,"1769466729.274, 1769466729.345, 1769466729.527, 1769466729.558, 1769466729.755"
1.0,0,1769466728.9632,2.3905,27,32,59,0.1291,0.0796,0.0821,1.0,0.0,94.47,1.7563,1.5197,1.5197,5339.0126,1769466733.1155653,20.44,253,1238,0.715,36,0,0,10.31,15.0,0,1124,1769466729.274,-1.471,meta-llama/Llama-3.2-1B-Instruct,"1769466729.274, 1769466729.345, 1769466729.527, 1769466729.558, 1769466729.755"
1.0,0,1769466729.0337,2.475,27,32,59,0.1545,0.0802,0.0891,1.0,0.0,94.48,1.7242,1.6295,1.6295,5340.6421,1769466733.2419221,20.42,253,1239,0.716,36,0,0,10.31,15.0,0,1124,1769466729.274,-1.471,meta-llama/Llama-3.2-1B-Instruct,"1769466729.274, 1769466729.345, 1769466729.527, 1769466729.558, 1769466729.755"
1.0,0,1769466729.2121,2.3588,27,32,59,0.1254,0.0877,0.0915,1.0,0.0,94.48,1.728,1.4842,1.4842,5342.1263,1769466733.3181584,20.4,253,1240,0.716,36,1,0,10.31,15.0,0,1124,1769466729.274,-1.471,meta-llama/Llama-3.2-1B-Instruct,"1769466729.274, 1769466729.345, 1769466729.527, 1769466729.558, 1769466729.755"
1.0,0,1769466729.2612,2.4422,27,32,59,0.0818,0.0821,0.0867,1.0,0.0,94.49,1.6976,1.524,1.524,5343.6503,1769466733.4019926,20.39,253,1241,0.717,37,0,0,10.31,15.0,0,1124,1769466729.274,-1.471,meta-llama/Llama-3.2-1B-Instruct,"1769466729.274, 1769466729.345, 1769466729.527, 1769466729.558, 1769466729.755"
1.0,0,1769466729.5791,2.1563,27,32,59,0.1066,0.0829,0.0834,1.0,0.0,94.49,1.7166,1.263,1.263,5344.9133,1769466733.452901,20.37,253,1242,0.717,36,0,0,10.31,15.0,0,1124,1769466729.274,-1.471,meta-llama/Llama-3.2-1B-Instruct,"1769466729.274, 1769466729.345, 1769466729.527, 1769466729.558, 1769466729.755"
1.0,0,1769466729.8675,1.9794,27,32,59,0.0965,0.0968,0.1119,1.0,0.0,94.5,1.6946,1.0759,1.0759,5345.9891,1769466733.5492892,20.35,253,1243,0.717,37,0,0,10.31,15.0,0,1124,1769466729.274,-1.471,meta-llama/Llama-3.2-1B-Instruct,"1769466729.274, 1769466729.345, 1769466729.527, 1769466729.558, 1769466729.755"
1.0,0,1769466730.1561,1.7431,27,32,59,0.1332,0.1085,0.6551,1.0,0.0,94.5,2.3687,0.8762,0.8762,5346.8654,1769466734.2783685,20.34,253,1244,0.718,38,0,0,10.31,15.0,0,1124,1769466729.274,-1.471,meta-llama/Llama-3.2-1B-Instruct,"1769466729.274, 1769466729.345, 1769466729.527, 1769466729.558, 1769466729.755"
1.0,0,1769466730.208,1.7768,27,32,59,0.103,0.6584,1.111,1.0,0.111,94.42,3.4175,0.8798,0.8798,5347.7452,1769466735.4063063,20.32,253,1245,0.718,37,1,0,10.31,15.0,0,1124,1769466729.274,-1.471,meta-llama/Llama-3.2-1B-Instruct,"1769466729.274, 1769466729.345, 1769466729.527, 1769466729.558, 1769466729.755"
1.0,0,1769466730.8885,1.2926,27,32,59,0.1062,0.6553,1.1181,1.0,0.1181,94.34,3.4511,0.3989,0.3989,5348.1441,1769466735.6480436,20.3,253,1246,0.719,37,0,0,10.31,15.0,0,1124,1769466729.274,-1.471,meta-llama/Llama-3.2-1B-Instruct,"1769466729.274, 1769466729.345, 1769466729.527, 1769466729.558, 1769466729.755"
1.0,0,1769466730.821,1.3553,27,32,59,0.1205,0.6589,1.1251,1.0,0.1251,94.26,3.4751,0.4758,0.4758,5348.6199,1769466735.6746795,20.29,253,1247,0.718,37,0,0,10.31,15.0,0,1124,1769466729.274,-1.471,meta-llama/Llama-3.2-1B-Instruct,"1769466729.274, 1769466729.345, 1769466729.527, 1769466729.558, 1769466729.755"
1.0,0,1769466730.979,1.2527,27,32,59,0.0952,0.6528,1.1274,1.0,0.1274,94.19,3.4464,0.3479,0.3479,5348.9678,1769466735.6820123,20.27,253,1248,0.719,37,0,0,10.31,15.0,0,1124,1769466729.274,-1.471,meta-llama/Llama-3.2-1B-Instruct,"1769466729.274, 1769466729.345, 1769466729.527, 1769466729.558, 1769466729.755"
1.0,0,1769466731.0531,1.4707,27,32,59,0.1442,0.6632,1.1104,1.0,0.1104,94.11,3.502,0.6149,0.6149,5349.5828,1769466736.0353706,20.26,253,1249,0.721,38,0,0,10.31,15.0,0,1171,1769466735.037,-0.738,meta-llama/Llama-3.2-1B-Instruct,"1769466735.037, 1769466735.063, 1769466735.089, 1769466735.162, 1769466735.229"
1.0,0,1769466731.1754,1.4999,27,32,59,0.0853,0.6481,1.1235,1.0,0.1235,94.03,3.4602,0.5852,0.5852,5350.168,1769466736.1364145,20.24,253,1250,0.721,37,0,0,10.31,15.0,0,1171,1769466735.037,-0.738,meta-llama/Llama-3.2-1B-Instruct,"1769466735.037, 1769466735.063, 1769466735.089, 1769466735.162, 1769466735.229"
1.0,0,1769466734.0894,2.0753,27,0,27,,,,1.0,,,0.1586,1.2339,1.2339,5351.4019,1769466736.3274102,20.22,253,1251,0.859,38,0,0,10.31,15.0,0,1171,1769466735.037,-0.738,meta-llama/Llama-3.2-1B-Instruct,"1769466735.037, 1769466735.063, 1769466735.089, 1769466735.162, 1769466735.229"
1.0,0,1769466731.27,1.5725,27,32,59,0.1513,0.655,1.1117,1.0,0.1117,93.95,3.5267,0.7238,0.7238,5352.1257,1769466736.3762877,20.21,253,1252,0.721,36,0,0,10.31,15.0,0,1171,1769466735.037,-0.738,meta-llama/Llama-3.2-1B-Instruct,"1769466735.037, 1769466735.063, 1769466735.089, 1769466735.162, 1769466735.229"
1.0,0,1769466731.3272,1.5912,27,32,59,0.0859,0.6328,1.116,1.0,0.116,93.87,3.5169,0.6772,0.6772,5352.8028,1769466736.444676,20.19,253,1253,0.722,36,1,0,10.31,15.0,0,1171,1769466735.037,-0.738,meta-llama/Llama-3.2-1B-Instruct,"1769466735.037, 1769466735.063, 1769466735.089, 1769466735.162, 1769466735.229"
1.0,0,1769466731.5195,1.5136,27,32,59,0.1035,0.6421,1.1411,1.0,0.1411,93.8,3.5028,0.6171,0.6171,5353.4199,1769466736.5390723,20.18,253,1254,0.722,36,0,0,10.31,15.0,0,1171,1769466735.037,-0.738,meta-llama/Llama-3.2-1B-Instruct,"1769466735.037, 1769466735.063, 1769466735.089, 1769466735.162, 1769466735.229"
1.0,0,1769466731.8737,1.2083,27,32,59,0.0858,0.661,1.1317,1.0,0.1317,93.72,3.532,0.2941,0.2941,5353.7141,1769466736.6374774,20.16,253,1255,0.722,36,0,0,10.31,15.0,0,1171,1769466735.037,-0.738,meta-llama/Llama-3.2-1B-Instruct,"1769466735.037, 1769466735.063, 1769466735.089, 1769466735.162, 1769466735.229"
1.0,0,1769466731.9596,1.2495,27,32,59,0.1214,0.663,1.1107,1.0,0.1107,93.64,3.5777,0.3709,0.3709,5354.085,1769466736.798328,20.14,253,1256,0.723,36,0,0,10.31,15.0,0,1171,1769466735.037,-0.738,meta-llama/Llama-3.2-1B-Instruct,"1769466735.037, 1769466735.063, 1769466735.089, 1769466735.162, 1769466735.229"
1.0,0,1769466732.3792,1.0158,27,32,59,0.1353,0.6601,1.1179,1.0,0.1179,93.56,3.5892,0.1511,0.1511,5354.2361,1769466736.9995933,20.13,254,1258,0.723,36,0,0,10.31,15.0,0,1171,1769466735.037,-0.738,meta-llama/Llama-3.2-1B-Instruct,"1769466735.037, 1769466735.063, 1769466735.089, 1769466735.162, 1769466735.229"
1.0,0,1769466732.7928,0.6274,27,32,59,0.1181,0.656,1.1146,1.0,0.1146,93.49,3.5771,-0.2545,0.0,5354.2361,1769466736.9997783,20.19,254,1258,0.723,35,0,0,10.31,15.0,0,1171,1769466735.037,-0.738,meta-llama/Llama-3.2-1B-Instruct,"1769466735.037, 1769466735.063, 1769466735.089, 1769466735.162, 1769466735.229"
1.0,0,1769466733.5664,0.113,27,32,59,1.7057,0.0886,0.0931,1.0,0.0,93.49,3.4937,0.8188,0.8188,5355.0548,1769466737.1781597,20.17,254,1259,0.769,36,0,0,10.31,15.0,0,1171,1769466735.037,-0.738,meta-llama/Llama-3.2-1B-Instruct,"1769466735.037, 1769466735.063, 1769466735.089, 1769466735.162, 1769466735.229"
1.0,0,1769466733.9555,0.427,27,32,59,1.0305,0.079,0.0847,1.0,0.0,93.5,2.8505,0.4575,0.4575,5355.5124,1769466737.2345457,20.16,254,1260,0.856,39,0,0,10.31,15.0,0,1171,1769466735.037,-0.738,meta-llama/Llama-3.2-1B-Instruct,"1769466735.037, 1769466735.063, 1769466735.089, 1769466735.162, 1769466735.229"
1.0,0,1769466734.1624,2.1529,27,15,42,0.175,0.0824,0.0824,1.0,0.0,93.5,1.0316,1.3279,1.3279,5356.8403,1769466737.3559105,20.14,254,1261,0.86,38,0,0,10.31,15.0,0,1171,1769466735.037,-0.738,meta-llama/Llama-3.2-1B-Instruct,"1769466735.037, 1769466735.063, 1769466735.089, 1769466735.162, 1769466735.229"
1.0,0,1769466733.9828,1.5518,27,32,59,0.1361,0.0888,0.0898,1.0,0.0,93.51,1.9189,0.6879,0.6879,5357.5282,1769466737.455201,20.13,254,1262,0.857,39,0,0,10.31,15.0,0,1171,1769466735.037,-0.738,meta-llama/Llama-3.2-1B-Instruct,"1769466735.037, 1769466735.063, 1769466735.089, 1769466735.162, 1769466735.229"
1.0,0,1769466734.0102,1.809,27,32,59,0.148,0.095,0.1019,1.0,0.0,93.51,1.9163,0.957,0.957,5358.4851,1769466737.7483082,20.11,254,1263,0.857,37,0,0,10.31,15.0,0,1171,1769466735.037,-0.738,meta-llama/Llama-3.2-1B-Instruct,"1769466735.037, 1769466735.063, 1769466735.089, 1769466735.162, 1769466735.229"
1.0,0,1769466734.0371,1.8506,27,32,59,0.123,0.0895,0.0949,1.0,0.0,93.52,1.8914,0.9736,0.9736,5359.4587,1769466737.7887518,20.09,254,1264,0.858,37,1,0,10.31,15.0,0,1171,1769466735.037,-0.738,meta-llama/Llama-3.2-1B-Instruct,"1769466735.037, 1769466735.063, 1769466735.089, 1769466735.162, 1769466735.229"
1.0,0,1769466734.0631,1.9676,27,32,59,0.0885,0.0887,0.1106,1.0,0.0,93.52,1.8782,1.0561,1.0561,5360.5148,1769466737.9160779,20.08,254,1265,0.858,38,0,0,10.31,15.0,0,1171,1769466735.037,-0.738,meta-llama/Llama-3.2-1B-Instruct,"1769466735.037, 1769466735.063, 1769466735.089, 1769466735.162, 1769466735.229"
1.0,0,1769466734.2295,2.1929,27,32,59,0.1113,0.0883,0.0899,1.0,0.0,93.53,1.9229,1.3042,1.3042,5361.819,1769466738.3511403,20.06,254,1266,0.86,37,1,0,10.31,15.0,0,1171,1769466735.037,-0.738,meta-llama/Llama-3.2-1B-Instruct,"1769466735.037, 1769466735.063, 1769466735.089, 1769466735.162, 1769466735.229"
1.0,0,1769466734.3278,2.1762,27,32,59,0.1216,0.0891,0.094,1.0,0.0,93.54,1.9687,1.2979,1.2979,5363.1169,1769466738.4763775,20.05,254,1267,0.86,38,0,0,10.31,15.0,0,1171,1769466735.037,-0.738,meta-llama/Llama-3.2-1B-Instruct,"1769466735.037, 1769466735.063, 1769466735.089, 1769466735.162, 1769466735.229"
1.0,0,1769466734.3547,2.3246,27,32,59,0.134,0.088,0.0888,1.0,0.0,93.54,1.9543,1.4586,1.4586,5364.5755,1769466738.651103,20.03,254,1268,0.86,37,0,0,10.31,15.0,0,1171,1769466735.037,-0.738,meta-llama/Llama-3.2-1B-Instruct,"1769466735.037, 1769466735.063, 1769466735.089, 1769466735.162, 1769466735.229"
1.0,0,1769466734.4562,2.3081,27,32,59,0.0992,0.1211,0.1426,1.0,0.0,93.55,1.9483,1.4073,1.4073,5365.9828,1769466738.716921,20.02,254,1269,0.861,37,0,0,10.31,15.0,0,1171,1769466735.037,-0.738,meta-llama/Llama-3.2-1B-Instruct,"1769466735.037, 1769466735.063, 1769466735.089, 1769466735.162, 1769466735.229"
1.0,0,1769466734.5089,2.499,27,32,59,0.0805,0.087,0.0914,1.0,0.0,93.55,1.9438,1.5795,1.5795,5369.1648,1769466738.9724307,20.0,254,1271,0.862,38,0,0,10.31,15.0,0,1171,1769466735.037,-0.738,meta-llama/Llama-3.2-1B-Instruct,"1769466735.037, 1769466735.063, 1769466735.089, 1769466735.162, 1769466735.229"
1.0,0,1769466734.4826,2.5201,27,32,59,0.0824,0.0878,0.0924,1.0,0.0,93.56,1.9572,1.6025,1.6025,5369.1648,1769466738.9756901,19.98,254,1271,0.862,38,0,0,10.31,15.0,0,1171,1769466735.037,-0.738,meta-llama/Llama-3.2-1B-Instruct,"1769466735.037, 1769466735.063, 1769466735.089, 1769466735.162, 1769466735.229"
1.0,0,1769466734.5353,2.6607,27,32,59,0.1434,0.0924,0.0941,1.0,0.0,93.56,1.9574,1.8041,1.8041,5370.9689,1769466739.1690748,19.97,254,1272,0.862,37,0,0,10.31,15.0,0,1171,1769466735.037,-0.738,meta-llama/Llama-3.2-1B-Instruct,"1769466735.037, 1769466735.063, 1769466735.089, 1769466735.162, 1769466735.229"
1.0,0,1769466734.5619,2.6993,27,32,59,0.1282,0.0896,0.0951,1.0,0.0,93.57,1.9913,1.8275,1.8275,5372.7964,1769466739.2564044,19.95,254,1273,0.862,36,0,0,10.31,15.0,0,1171,1769466735.037,-0.738,meta-llama/Llama-3.2-1B-Instruct,"1769466735.037, 1769466735.063, 1769466735.089, 1769466735.162, 1769466735.229"
1.0,0,1769466734.5884,2.7782,27,32,59,0.1975,0.0823,0.0988,1.0,0.0,93.57,2.0382,1.9757,1.9757,5374.7721,1769466739.4119184,19.94,254,1274,0.863,37,0,0,10.31,15.0,0,1171,1769466735.037,-0.738,meta-llama/Llama-3.2-1B-Instruct,"1769466735.037, 1769466735.063, 1769466735.089, 1769466735.162, 1769466735.229"
1.0,0,1769466734.6141,2.8599,27,32,59,0.1093,0.086,0.0944,1.0,0.0,93.58,1.9889,1.9691,1.9691,5376.7413,1769466739.4735382,19.92,254,1275,0.863,36,1,0,10.31,15.0,0,1171,1769466735.037,-0.738,meta-llama/Llama-3.2-1B-Instruct,"1769466735.037, 1769466735.063, 1769466735.089, 1769466735.162, 1769466735.229"
1.0,0,1769466734.6811,2.8293,27,32,59,0.0956,0.0829,0.084,1.0,0.0,93.58,1.967,1.9249,1.9249,5378.6662,1769466739.4816623,19.91,254,1276,0.864,37,1,0,10.31,15.0,0,1171,1769466735.037,-0.738,meta-llama/Llama-3.2-1B-Instruct,"1769466735.037, 1769466735.063, 1769466735.089, 1769466735.162, 1769466735.229"
1.0,0,1769466734.7103,2.9232,27,32,59,0.148,0.0882,0.099,1.0,0.0,93.59,1.9865,2.0712,2.0712,5380.7374,1769466739.6229854,19.89,254,1277,0.865,39,0,0,10.31,15.0,0,1171,1769466735.037,-0.738,meta-llama/Llama-3.2-1B-Instruct,"1769466735.037, 1769466735.063, 1769466735.089, 1769466735.162, 1769466735.229"
1.0,0,1769466734.8613,3.3059,27,32,59,0.1563,0.0932,0.1125,1.0,0.0,93.59,1.9606,2.4621,2.4621,5387.7478,1769466740.1326075,19.86,254,1280,0.866,37,0,0,10.31,15.0,0,1171,1769466735.037,-0.738,meta-llama/Llama-3.2-1B-Instruct,"1769466735.037, 1769466735.063, 1769466735.089, 1769466735.162, 1769466735.229"
1.0,0,1769466735.0438,3.1281,27,32,59,0.1615,0.0887,0.098,1.0,0.0,93.6,1.9564,2.2896,2.2896,5387.7478,1769466740.1328075,19.84,254,1280,0.866,37,0,0,10.31,15.0,0,1171,1769466735.037,-0.738,meta-llama/Llama-3.2-1B-Instruct,"1769466735.037, 1769466735.063, 1769466735.089, 1769466735.162, 1769466735.229"
1.0,0,1769466735.0704,3.1154,27,32,59,0.1433,0.0925,0.0979,1.0,0.0,93.6,1.9381,2.2587,2.2587,5387.7478,1769466740.1340456,19.87,254,1280,0.867,37,0,0,10.31,15.0,0,1171,1769466735.037,-0.738,meta-llama/Llama-3.2-1B-Instruct,"1769466735.037, 1769466735.063, 1769466735.089, 1769466735.162, 1769466735.229"
1.0,0,1769466735.3478,3.1324,27,32,59,0.1069,0.0916,0.0958,1.0,0.0,93.61,1.9127,2.2393,2.2393,5389.9871,1769466740.3973594,19.83,254,1281,0.868,38,0,0,10.31,15.0,0,1171,1769466735.037,-0.738,meta-llama/Llama-3.2-1B-Instruct,"1769466735.037, 1769466735.063, 1769466735.089, 1769466735.162, 1769466735.229"
1.0,0,1769466735.407,3.2781,27,32,59,0.1225,0.0923,0.1028,1.0,0.0,93.61,1.8985,2.4006,2.4006,5392.3878,1769466740.591376,19.81,254,1282,0.869,37,0,0,10.31,15.0,0,1171,1769466735.037,-0.738,meta-llama/Llama-3.2-1B-Instruct,"1769466735.037, 1769466735.063, 1769466735.089, 1769466735.162, 1769466735.229"
1.0,0,1769466735.7725,3.0776,27,32,59,0.1322,0.0947,0.0997,1.0,0.0,93.62,1.9222,2.2098,2.2098,5394.5976,1769466740.7752132,19.8,254,1283,0.87,38,0,0,10.31,15.0,0,1171,1769466735.037,-0.738,meta-llama/Llama-3.2-1B-Instruct,"1769466735.037, 1769466735.063, 1769466735.089, 1769466735.162, 1769466735.229"
1.0,0,1769466735.8395,3.0808,27,32,59,0.1165,0.0889,0.099,1.0,0.0,93.62,1.9113,2.1973,2.1973,5396.7949,1769466740.8468661,19.78,254,1284,0.87,38,0,0,10.31,15.0,0,1198,1769466739.125,-1.683,meta-llama/Llama-3.2-1B-Instruct,"1769466739.125, 1769466739.194, 1769466739.346, 1769466739.381, 1769466739.442"
1.0,0,1769466736.0469,3.1395,27,32,59,0.1006,0.094,0.0963,1.0,0.0,93.63,1.8678,2.2401,2.2401,5399.035,1769466741.058495,19.77,254,1285,0.871,37,0,0,10.31,15.0,0,1198,1769466739.125,-1.683,meta-llama/Llama-3.2-1B-Instruct,"1769466739.125, 1769466739.194, 1769466739.346, 1769466739.381, 1769466739.442"
1.0,0,1769466736.2005,3.02,27,32,59,0.0938,0.0945,0.0952,1.0,0.0,93.63,1.9097,2.1138,2.1138,5401.1488,1769466741.1410155,19.75,254,1286,0.871,37,0,0,10.31,15.0,0,1198,1769466739.125,-1.683,meta-llama/Llama-3.2-1B-Instruct,"1769466739.125, 1769466739.194, 1769466739.346, 1769466739.381, 1769466739.442"
1.0,0,1769466736.3411,3.0269,27,32,59,0.127,0.088,0.0916,1.0,0.0,93.64,1.9215,2.1539,2.1539,5403.3027,1769466741.299051,19.74,254,1287,0.871,38,0,0,10.31,15.0,0,1198,1769466739.125,-1.683,meta-llama/Llama-3.2-1B-Instruct,"1769466739.125, 1769466739.194, 1769466739.346, 1769466739.381, 1769466739.442"
1.0,0,1769466736.3954,3.0906,27,31,58,0.1251,0.0942,0.1009,1.0,0.0,93.64,1.917,2.2156,2.2156,5405.5183,1769466741.4171605,19.72,254,1288,0.871,36,0,0,10.31,15.0,0,1198,1769466739.125,-1.683,meta-llama/Llama-3.2-1B-Instruct,"1769466739.125, 1769466739.194, 1769466739.346, 1769466739.381, 1769466739.442"
1.0,0,1769466736.4539,3.203,27,32,59,0.1494,0.0884,0.0932,1.0,0.0,93.65,1.9459,2.3525,2.3525,5407.8708,1769466741.6041608,19.71,254,1289,0.872,36,0,0,10.31,15.0,0,1198,1769466739.125,-1.683,meta-llama/Llama-3.2-1B-Instruct,"1769466739.125, 1769466739.194, 1769466739.346, 1769466739.381, 1769466739.442"
1.0,0,1769466736.8766,2.8824,27,32,59,0.1577,0.095,0.1199,1.0,0.0,93.65,1.9276,2.0401,2.0401,5409.9109,1769466741.689899,19.69,254,1290,0.872,36,0,0,10.31,15.0,0,1198,1769466739.125,-1.683,meta-llama/Llama-3.2-1B-Instruct,"1769466739.125, 1769466739.194, 1769466739.346, 1769466739.381, 1769466739.442"
1.0,0,1769466737.0262,2.8057,27,32,59,0.092,0.0887,0.089,1.0,0.0,93.66,1.9005,1.8977,1.8977,5411.8086,1769466741.7494476,19.67,254,1291,0.873,37,0,0,10.31,15.0,0,1198,1769466739.125,-1.683,meta-llama/Llama-3.2-1B-Instruct,"1769466739.125, 1769466739.194, 1769466739.346, 1769466739.381, 1769466739.442"
1.0,0,1769466737.3069,2.659,27,32,59,0.1004,0.0927,0.1042,1.0,0.0,93.66,1.931,1.7594,1.7594,5413.5679,1769466741.9141707,19.66,254,1292,0.875,39,0,0,10.31,15.0,0,1198,1769466739.125,-1.683,meta-llama/Llama-3.2-1B-Instruct,"1769466739.125, 1769466739.194, 1769466739.346, 1769466739.381, 1769466739.442"
1.0,0,1769466738.1249,2.831,27,17,44,0.0713,0.094,0.094,1.0,0.0,93.67,1.0731,1.9023,1.9023,5415.4702,1769466742.0509324,19.64,254,1293,0.879,38,0,0,10.31,15.0,0,1198,1769466739.125,-1.683,meta-llama/Llama-3.2-1B-Instruct,"1769466739.125, 1769466739.194, 1769466739.346, 1769466739.381, 1769466739.442"
200.0,1,1769466581.2258,95.2539,3516,1029,4545,0.566,0.0945,0.4255,200.0,0.0,93.67,65.6831,-39.063,0.0,5415.4702,1769466742.1893256,19.71,255,1294,0.831,35,0,0,10.31,15.0,0,1198,1769466739.125,-1.683,meta-llama/Llama-3.2-1B-Instruct,"1769466739.125, 1769466739.194, 1769466739.346, 1769466739.381, 1769466739.442"
1.0,0,1769466737.423,2.8548,27,32,59,0.1728,0.096,0.1044,1.0,0.0,93.68,1.9271,2.0275,2.0275,5417.4977,1769466742.2058847,19.75,256,1296,0.875,37,0,0,10.31,15.0,0,1198,1769466739.125,-1.683,meta-llama/Llama-3.2-1B-Instruct,"1769466739.125, 1769466739.194, 1769466739.346, 1769466739.381, 1769466739.442"
200.0,1,1769466581.254,95.5678,3339,1030,4369,0.6384,0.0893,0.4181,200.0,0.0,93.69,65.3778,-39.0544,0.0,5417.4977,1769466742.2164423,19.77,256,1296,0.865,36,0,0,10.31,15.0,0,1198,1769466739.125,-1.683,meta-llama/Llama-3.2-1B-Instruct,"1769466739.125, 1769466739.194, 1769466739.346, 1769466739.381, 1769466739.442"
1.0,0,1769466737.4882,2.8604,27,32,59,0.1202,0.0838,0.0861,1.0,0.0,93.69,1.9102,1.9805,1.9805,5419.4783,1769466742.2706683,19.74,256,1297,0.876,37,1,0,10.31,15.0,0,1198,1769466739.125,-1.683,meta-llama/Llama-3.2-1B-Instruct,"1769466739.125, 1769466739.194, 1769466739.346, 1769466739.381, 1769466739.442"
1.0,0,1769466737.6809,2.7559,27,32,59,0.1509,0.0841,0.091,1.0,0.0,93.7,1.9283,1.9069,1.9069,5421.3851,1769466742.3839598,19.72,256,1298,0.876,38,0,0,10.31,15.0,0,1198,1769466739.125,-1.683,meta-llama/Llama-3.2-1B-Instruct,"1769466739.125, 1769466739.194, 1769466739.346, 1769466739.381, 1769466739.442"
1.0,0,1769466737.7163,2.8773,27,32,59,0.1124,0.0984,0.1018,1.0,0.0,93.7,1.886,1.9897,1.9897,5423.3748,1769466742.483939,19.71,256,1299,0.877,38,0,0,10.31,15.0,0,1198,1769466739.125,-1.683,meta-llama/Llama-3.2-1B-Instruct,"1769466739.125, 1769466739.194, 1769466739.346, 1769466739.381, 1769466739.442"
1.0,0,1769466738.07,2.6504,27,32,59,0.1461,0.0927,0.0957,1.0,0.0,93.71,1.9405,1.7965,1.7965,5425.1713,1769466742.6683357,19.69,256,1300,0.878,39,0,0,10.31,15.0,0,1198,1769466739.125,-1.683,meta-llama/Llama-3.2-1B-Instruct,"1769466739.125, 1769466739.194, 1769466739.346, 1769466739.381, 1769466739.442"
1.0,0,1769466738.1939,2.8751,27,32,59,0.1025,0.0862,0.0944,1.0,0.0,93.71,1.8043,1.9775,1.9775,5427.1488,1769466742.8898282,19.68,256,1301,0.879,38,0,0,10.31,15.0,0,1198,1769466739.125,-1.683,meta-llama/Llama-3.2-1B-Instruct,"1769466739.125, 1769466739.194, 1769466739.346, 1769466739.381, 1769466739.442"
1.0,0,1769466739.6345,2.7081,27,8,35,0.135,0.0905,0.0905,1.0,0.0,93.72,0.5484,1.8431,1.8431,5428.9919,1769466742.893209,19.66,256,1302,0.8,36,0,0,10.31,15.0,0,1198,1769466739.125,-1.683,meta-llama/Llama-3.2-1B-Instruct,"1769466739.125, 1769466739.194, 1769466739.346, 1769466739.381, 1769466739.442"
1.0,0,1769466738.3462,2.956,27,32,59,0.0837,0.076,0.096,1.0,0.0,93.72,1.8126,2.0397,2.0397,5431.0316,1769466743.1253815,19.65,256,1303,0.879,37,0,0,10.31,15.0,0,1198,1769466739.125,-1.683,meta-llama/Llama-3.2-1B-Instruct,"1769466739.125, 1769466739.194, 1769466739.346, 1769466739.381, 1769466739.442"
1.0,0,1769466738.3809,3.0051,27,32,59,0.1439,0.0838,0.0928,1.0,0.0,93.73,1.8375,2.149,2.149,5433.1806,1769466743.2325904,19.63,256,1304,0.88,38,0,0,10.31,15.0,0,1198,1769466739.125,-1.683,meta-llama/Llama-3.2-1B-Instruct,"1769466739.125, 1769466739.194, 1769466739.346, 1769466739.381, 1769466739.442"
1.0,0,1769466738.4421,3.027,27,32,59,0.1521,0.0798,0.0889,1.0,0.0,93.73,1.859,2.1791,2.1791,5435.3597,1769466743.3407338,19.62,256,1305,0.881,38,0,0,10.31,15.0,0,1198,1769466739.125,-1.683,meta-llama/Llama-3.2-1B-Instruct,"1769466739.125, 1769466739.194, 1769466739.346, 1769466739.381, 1769466739.442"
1.0,0,1769466738.5998,2.9691,27,32,59,0.1024,0.0834,0.0849,1.0,0.0,93.74,1.7884,2.0715,2.0715,5437.4312,1769466743.3711994,19.6,256,1306,0.881,38,0,0,10.31,15.0,0,1198,1769466739.125,-1.683,meta-llama/Llama-3.2-1B-Instruct,"1769466739.125, 1769466739.194, 1769466739.346, 1769466739.381, 1769466739.442"
1.0,0,1769466738.8195,2.9975,27,32,59,0.1117,0.0862,0.0869,1.0,0.0,93.74,1.8085,2.1092,2.1092,5439.5404,1769466743.6305947,19.59,256,1307,0.881,37,0,0,10.31,15.0,0,1198,1769466739.125,-1.683,meta-llama/Llama-3.2-1B-Instruct,"1769466739.125, 1769466739.194, 1769466739.346, 1769466739.381, 1769466739.442"
1.0,0,1769466739.1342,2.7876,27,32,59,0.1006,0.0793,0.1094,1.0,0.0,93.75,1.7499,1.8882,1.8882,5441.4286,1769466743.6861644,19.57,256,1308,0.882,37,0,0,10.31,15.0,0,1198,1769466739.125,-1.683,meta-llama/Llama-3.2-1B-Instruct,"1769466739.125, 1769466739.194, 1769466739.346, 1769466739.381, 1769466739.442"
1.0,0,1769466739.2009,2.7698,27,32,59,0.1035,0.0858,0.0987,1.0,0.0,93.75,1.7821,1.8733,1.8733,5443.3019,1769466743.7593644,19.56,256,1309,0.882,37,0,0,10.31,15.0,0,1198,1769466739.125,-1.683,meta-llama/Llama-3.2-1B-Instruct,"1769466739.125, 1769466739.194, 1769466739.346, 1769466739.381, 1769466739.442"
1.0,0,1769466740.4973,2.1052,27,21,48,0.118,0.0824,0.0898,1.0,0.0,93.75,1.2682,1.2232,1.2232,5446.4665,1769466743.880857,19.54,256,1311,0.8,36,0,0,10.31,15.0,0,1198,1769466739.125,-1.683,meta-llama/Llama-3.2-1B-Instruct,"1769466739.125, 1769466739.194, 1769466739.346, 1769466739.381, 1769466739.442"
1.0,0,1769466739.2562,2.8442,27,32,59,0.0973,0.088,0.0906,1.0,0.0,93.76,1.7778,1.9414,1.9414,5446.4665,1769466743.8810313,19.53,256,1311,0.883,38,0,0,10.31,15.0,0,1198,1769466739.125,-1.683,meta-llama/Llama-3.2-1B-Instruct,"1769466739.125, 1769466739.194, 1769466739.346, 1769466739.381, 1769466739.442"
1.0,0,1769466739.3415,2.8808,27,32,59,0.1282,0.0826,0.084,1.0,0.0,93.76,1.8411,2.009,2.009,5448.4755,1769466744.0670362,19.51,256,1312,0.799,36,0,0,10.31,15.0,0,1198,1769466739.125,-1.683,meta-llama/Llama-3.2-1B-Instruct,"1769466739.125, 1769466739.194, 1769466739.346, 1769466739.381, 1769466739.442"
1.0,0,1769466739.7041,2.7081,27,32,59,0.0969,0.0833,0.0919,1.0,0.0,93.77,1.7809,1.805,1.805,5450.2805,1769466744.20069,19.5,256,1313,0.799,35,0,0,10.31,15.0,0,1198,1769466739.125,-1.683,meta-llama/Llama-3.2-1B-Instruct,"1769466739.125, 1769466739.194, 1769466739.346, 1769466739.381, 1769466739.442"
1.0,0,1769466739.7694,2.7727,27,32,59,0.1434,0.0822,0.0901,1.0,0.0,93.77,1.8063,1.9161,1.9161,5452.1966,1769466744.3591511,19.48,256,1314,0.8,36,0,0,10.31,15.0,0,1198,1769466739.125,-1.683,meta-llama/Llama-3.2-1B-Instruct,"1769466739.125, 1769466739.194, 1769466739.346, 1769466739.381, 1769466739.442"
1.0,0,1769466740.527,2.1775,27,31,58,0.143,0.0781,0.0985,1.0,0.0,93.78,1.8282,1.3205,1.3205,5453.5171,1769466744.5366194,19.47,256,1315,0.801,37,0,0,10.31,15.0,0,1198,1769466739.125,-1.683,meta-llama/Llama-3.2-1B-Instruct,"1769466739.125, 1769466739.194, 1769466739.346, 1769466739.381, 1769466739.442"
1.0,0,1769466740.618,2.1567,27,32,59,0.0967,0.0942,0.1066,1.0,0.0,93.78,1.8198,1.2533,1.2533,5454.7704,1769466744.6001205,19.45,256,1316,0.802,37,0,0,10.31,15.0,0,1198,1769466739.125,-1.683,meta-llama/Llama-3.2-1B-Instruct,"1769466739.125, 1769466739.194, 1769466739.346, 1769466739.381, 1769466739.442"
1.0,0,1769466740.805,2.202,27,32,59,0.1151,0.0857,0.0886,1.0,0.0,93.79,1.8015,1.3171,1.3171,5456.0875,1769466744.8112643,19.44,256,1317,0.802,37,0,0,10.31,15.0,0,1198,1769466739.125,-1.683,meta-llama/Llama-3.2-1B-Instruct,"1769466739.125, 1769466739.194, 1769466739.346, 1769466739.381, 1769466739.442"
1.0,0,1769466740.9614,2.0815,27,32,59,0.1086,0.0928,0.0939,1.0,0.0,93.79,1.8581,1.1901,1.1901,5457.2777,1769466744.9119792,19.42,256,1318,0.803,37,0,0,10.31,15.0,0,1198,1769466739.125,-1.683,meta-llama/Llama-3.2-1B-Instruct,"1769466739.125, 1769466739.194, 1769466739.346, 1769466739.381, 1769466739.442"
1.0,0,1769466740.9925,2.1903,27,32,59,0.1569,0.1047,0.1201,1.0,0.0,93.8,1.8581,1.3472,1.3472,5458.6248,1769466745.0425038,19.41,256,1319,0.805,38,0,0,10.31,15.0,0,1198,1769466739.125,-1.683,meta-llama/Llama-3.2-1B-Instruct,"1769466739.125, 1769466739.194, 1769466739.346, 1769466739.381, 1769466739.442"
1.0,0,1769466741.442,1.813,27,32,59,0.0976,0.0845,0.1016,1.0,0.0,93.8,1.8011,0.9107,0.9107,5459.5355,1769466745.0690694,19.39,256,1320,0.804,37,0,0,10.31,15.0,0,1198,1769466739.125,-1.683,meta-llama/Llama-3.2-1B-Instruct,"1769466739.125, 1769466739.194, 1769466739.346, 1769466739.381, 1769466739.442"
1.0,0,1769466741.5423,1.871,27,32,59,0.1108,0.0901,0.0916,1.0,0.0,93.81,1.8135,0.9818,0.9818,5460.5173,1769466745.2466993,19.38,256,1321,0.805,37,0,0,10.31,15.0,0,1198,1769466739.125,-1.683,meta-llama/Llama-3.2-1B-Instruct,"1769466739.125, 1769466739.194, 1769466739.346, 1769466739.381, 1769466739.442"
1.0,0,1769466741.8468,1.7036,27,32,59,0.0931,0.0842,0.1012,1.0,0.0,93.81,1.7947,0.7967,0.7967,5461.314,1769466745.361651,19.36,256,1322,0.805,38,0,0,10.31,15.0,0,1198,1769466739.125,-1.683,meta-llama/Llama-3.2-1B-Instruct,"1769466739.125, 1769466739.194, 1769466739.346, 1769466739.381, 1769466739.442"
1.0,0,1769466741.95,1.6476,27,32,59,0.0749,0.0821,0.0935,1.0,0.0,93.82,1.8116,0.7225,0.7225,5462.0365,1769466745.413168,19.35,256,1323,0.806,38,0,0,10.31,15.0,0,1198,1769466739.125,-1.683,meta-llama/Llama-3.2-1B-Instruct,"1769466739.125, 1769466739.194, 1769466739.346, 1769466739.381, 1769466739.442"
1.0,0,1769466742.1146,1.7214,27,32,59,0.1496,0.0923,0.1045,1.0,0.0,93.82,1.8401,0.871,0.871,5462.9076,1769466745.6813302,19.34,256,1324,0.806,37,0,0,10.31,15.0,0,1198,1769466739.125,-1.683,meta-llama/Llama-3.2-1B-Instruct,"1769466739.125, 1769466739.194, 1769466739.346, 1769466739.381, 1769466739.442"
1.0,0,1769466742.2977,1.5901,27,32,59,0.1084,0.0876,0.0896,1.0,0.0,93.83,1.7958,0.6985,0.6985,5463.6061,1769466745.6844215,19.32,256,1325,0.805,35,1,0,10.31,15.0,0,1198,1769466739.125,-1.683,meta-llama/Llama-3.2-1B-Instruct,"1769466739.125, 1769466739.194, 1769466739.346, 1769466739.381, 1769466739.442"
1.0,0,1769466742.4938,1.4594,27,32,59,0.1364,0.0951,0.0997,1.0,0.0,93.83,1.8064,0.5958,0.5958,5464.2019,1769466745.7747126,19.31,256,1326,0.806,37,0,0,10.31,15.0,0,1198,1769466739.125,-1.683,meta-llama/Llama-3.2-1B-Instruct,"1769466739.125, 1769466739.194, 1769466739.346, 1769466739.381, 1769466739.442"
1.0,0,1769466743.2957,0.7247,27,32,59,0.1013,0.0881,0.0919,1.0,0.0,93.84,1.8242,-0.1739,0.0,5464.2019,1769466745.8459709,19.37,257,1327,0.807,37,0,0,10.31,15.0,0,1218,1769466745.847,0.03,meta-llama/Llama-3.2-1B-Instruct,"1769466745.847, 1769466746.091, 1769466746.812, 1769466782.376, 1769466782.469"
1.0,0,1769466743.5749,0.5939,27,32,59,0.1216,0.093,0.0948,1.0,0.0,93.84,1.8317,-0.2845,0.0,5464.2019,1769466746.0153985,19.43,258,1328,0.808,38,0,0,10.31,15.0,0,1218,1769466745.847,0.03,meta-llama/Llama-3.2-1B-Instruct,"1769466745.847, 1769466746.091, 1769466746.812, 1769466782.376, 1769466782.469"
1.0,0,1769466743.755,0.4852,27,32,59,0.0956,0.0905,0.0918,1.0,0.0,93.85,1.7936,-0.4192,0.0,5464.2019,1769466746.0505846,19.49,259,1329,0.808,37,0,0,10.31,15.0,0,1218,1769466745.847,0.03,meta-llama/Llama-3.2-1B-Instruct,"1769466745.847, 1769466746.091, 1769466746.812, 1769466782.376, 1769466782.469"
1.0,0,1769466743.7891,0.5658,27,32,59,0.0993,0.0941,0.115,1.0,0.0,93.85,1.8105,-0.3349,0.0,5464.2019,1769466746.1747613,19.55,260,1330,0.809,39,0,0,10.31,15.0,0,1218,1769466745.847,0.03,meta-llama/Llama-3.2-1B-Instruct,"1769466745.847, 1769466746.091, 1769466746.812, 1769466782.376, 1769466782.469"
1.0,0,1769466743.8486,0.6545,27,32,59,0.1174,0.0915,0.1095,1.0,0.0,93.86,1.8085,-0.2281,0.0,5464.2019,1769466746.3266919,19.61,261,1331,0.809,38,0,0,10.31,15.0,0,1218,1769466745.847,0.03,meta-llama/Llama-3.2-1B-Instruct,"1769466745.847, 1769466746.091, 1769466746.812, 1769466782.376, 1769466782.469"
1.0,0,1769466743.903,0.7426,27,32,59,0.1483,0.0958,0.1177,1.0,0.0,93.86,1.8589,-0.1091,0.0,5464.2019,1769466746.5105672,19.67,262,1332,0.81,38,0,0,10.31,15.0,0,1218,1769466745.847,0.03,meta-llama/Llama-3.2-1B-Instruct,"1769466745.847, 1769466746.091, 1769466746.812, 1769466782.376, 1769466782.469"
1.0,0,1769466743.9599,0.7912,27,32,59,0.1494,0.4901,1.043,1.0,0.043,93.79,3.2979,-0.0594,0.0,5464.2019,1769466748.0510597,19.79,264,1334,0.81,38,1,0,10.31,15.0,0,1218,1769466745.847,0.03,meta-llama/Llama-3.2-1B-Instruct,"1769466745.847, 1769466746.091, 1769466746.812, 1769466782.376, 1769466782.469"
200.0,1,1769466582.4692,164.1426,6945,0,6945,,,,200.0,,,1.4225,-34.4349,0.0,5464.2019,1769466748.0572953,19.73,264,1334,0.851,37,1,0,10.31,15.0,0,1218,1769466745.847,0.03,meta-llama/Llama-3.2-1B-Instruct,"1769466745.847, 1769466746.091, 1769466746.812, 1769466782.376, 1769466782.469"
1.0,0,1769466744.5467,0.8328,27,22,49,0.1449,0.4921,1.0494,1.0,0.0494,93.72,2.8083,-0.0222,0.0,5464.2019,1769466748.1954935,19.85,265,1335,0.812,37,0,0,10.31,15.0,0,1218,1769466745.847,0.03,meta-llama/Llama-3.2-1B-Instruct,"1769466745.847, 1769466746.091, 1769466746.812, 1769466782.376, 1769466782.469"
1.0,0,1769466744.1379,0.7774,27,32,59,0.1458,0.503,1.0359,1.0,0.0359,93.64,3.3334,-0.0768,0.0,5464.2019,1769466748.2578022,19.91,266,1336,0.811,38,0,0,10.31,15.0,0,1218,1769466745.847,0.03,meta-llama/Llama-3.2-1B-Instruct,"1769466745.847, 1769466746.091, 1769466746.812, 1769466782.376, 1769466782.469"
1.0,0,1769466744.2168,0.9143,27,32,59,0.1061,0.4948,1.0473,1.0,0.0473,93.57,3.2772,0.0204,0.0204,5464.2223,1769466748.425622,19.9,266,1337,0.811,37,0,0,10.31,15.0,0,1218,1769466745.847,0.03,meta-llama/Llama-3.2-1B-Instruct,"1769466745.847, 1769466746.091, 1769466746.812, 1769466782.376, 1769466782.469"
1.0,0,1769466744.4804,0.7606,27,33,60,0.0917,0.5104,1.0279,1.0,0.0279,93.5,3.2684,-0.1477,0.0,5464.2223,1769466748.5256796,19.96,267,1338,0.811,37,0,0,10.31,15.0,0,1218,1769466745.847,0.03,meta-llama/Llama-3.2-1B-Instruct,"1769466745.847, 1769466746.091, 1769466746.812, 1769466782.376, 1769466782.469"
1.0,0,1769466744.5966,0.8411,27,32,59,0.1248,0.4967,1.0431,1.0,0.0431,93.43,3.2926,-0.034,0.0,5464.2223,1769466748.7481732,20.01,268,1339,0.812,36,0,0,10.31,15.0,0,1218,1769466745.847,0.03,meta-llama/Llama-3.2-1B-Instruct,"1769466745.847, 1769466746.091, 1769466746.812, 1769466782.376, 1769466782.469"
1.0,0,1769466744.6586,0.897,27,32,59,0.12,0.4997,1.0409,1.0,0.0409,93.35,3.3131,0.0171,0.0171,5464.2394,1769466748.8839161,20.0,268,1340,0.813,38,0,0,10.31,15.0,0,1218,1769466745.847,0.03,meta-llama/Llama-3.2-1B-Instruct,"1769466745.847, 1769466746.091, 1769466746.812, 1769466782.376, 1769466782.469"
1.0,0,1769466744.712,0.893,27,32,59,0.0935,0.5063,1.0256,1.0,0.0256,93.28,3.2926,-0.0135,0.0,5464.2394,1769466748.913214,20.06,269,1341,0.814,38,0,0,10.31,15.0,0,1218,1769466745.847,0.03,meta-llama/Llama-3.2-1B-Instruct,"1769466745.847, 1769466746.091, 1769466746.812, 1769466782.376, 1769466782.469"
1.0,0,1769466746.5684,1.7039,27,11,38,0.1275,0.0936,0.0936,1.0,0.0,93.29,0.7452,0.8314,0.8314,5465.0708,1769466749.0270734,20.04,269,1342,0.853,37,0,0,10.31,15.0,0,1218,1769466745.847,0.03,meta-llama/Llama-3.2-1B-Instruct,"1769466745.847, 1769466746.091, 1769466746.812, 1769466782.376, 1769466782.469"
1.0,0,1769466744.8169,1.0464,27,32,59,0.1506,0.4982,1.0499,1.0,0.0499,93.22,3.368,0.197,0.197,5465.2678,1769466749.2330987,20.03,269,1343,0.814,36,0,0,10.31,15.0,0,1218,1769466745.847,0.03,meta-llama/Llama-3.2-1B-Instruct,"1769466745.847, 1769466746.091, 1769466746.812, 1769466782.376, 1769466782.469"
1.0,0,1769466744.8465,1.1013,27,32,59,0.0907,0.4883,1.0461,1.0,0.0461,93.14,3.3217,0.192,0.192,5465.4598,1769466749.2737596,20.01,269,1344,0.815,37,0,0,10.31,15.0,0,1218,1769466745.847,0.03,meta-llama/Llama-3.2-1B-Instruct,"1769466745.847, 1769466746.091, 1769466746.812, 1769466782.376, 1769466782.469"
1.0,0,1769466747.3011,1.8922,27,0,27,,,,1.0,,,0.1216,1.0138,1.0138,5466.4736,1769466749.317468,20.0,269,1345,0.857,38,1,0,10.31,15.0,0,1218,1769466745.847,0.03,meta-llama/Llama-3.2-1B-Instruct,"1769466745.847, 1769466746.091, 1769466746.812, 1769466782.376, 1769466782.469"
1.0,0,1769466745.0913,0.967,27,32,59,0.1061,0.5006,1.0392,1.0,0.0392,93.07,3.3217,0.0731,0.0731,5466.5467,1769466749.380866,19.99,269,1346,0.814,36,0,0,10.31,15.0,0,1218,1769466745.847,0.03,meta-llama/Llama-3.2-1B-Instruct,"1769466745.847, 1769466746.091, 1769466746.812, 1769466782.376, 1769466782.469"
1.0,0,1769466745.8125,0.357,27,32,59,0.1432,0.5015,1.0359,1.0,0.0359,93.0,3.3872,-0.4997,0.0,5466.5467,1769466749.5577989,20.04,270,1347,0.815,37,0,0,10.31,15.0,0,1218,1769466745.847,0.03,meta-llama/Llama-3.2-1B-Instruct,"1769466745.847, 1769466746.091, 1769466746.812, 1769466782.376, 1769466782.469"
1.0,0,1769466745.9918,0.3236,27,32,59,0.0935,0.4813,1.0551,1.0,0.0551,92.93,3.3373,-0.5829,0.0,5466.5467,1769466749.6665819,20.1,271,1348,0.816,37,0,0,10.31,15.0,0,1218,1769466745.847,0.03,meta-llama/Llama-3.2-1B-Instruct,"1769466745.847, 1769466746.091, 1769466746.812, 1769466782.376, 1769466782.469"
1.0,0,1769466746.4795,0.1379,27,32,59,1.4095,0.0875,0.1027,1.0,0.0,92.93,3.2119,0.5474,0.5474,5467.0942,1769466749.8422403,20.09,271,1349,0.851,37,1,0,10.31,15.0,0,1218,1769466745.847,0.03,meta-llama/Llama-3.2-1B-Instruct,"1769466745.847, 1769466746.091, 1769466746.812, 1769466782.376, 1769466782.469"
1.0,0,1769466746.353,0.112,27,32,59,1.5765,0.0867,0.0868,1.0,0.0,92.94,3.3866,0.6884,0.6884,5467.7826,1769466749.855086,20.07,271,1350,0.817,37,1,0,10.31,15.0,0,1218,1769466745.847,0.03,meta-llama/Llama-3.2-1B-Instruct,"1769466745.847, 1769466746.091, 1769466746.812, 1769466782.376, 1769466782.469"
1.0,0,1769466746.538,1.6168,27,32,59,0.1519,0.0842,0.087,1.0,0.0,92.94,1.8968,0.7687,0.7687,5468.5513,1769466750.0541499,20.06,271,1351,0.853,38,0,0,10.31,15.0,0,1218,1769466745.847,0.03,meta-llama/Llama-3.2-1B-Instruct,"1769466745.847, 1769466746.091, 1769466746.812, 1769466782.376, 1769466782.469"
1.0,0,1769466746.6024,1.7386,27,32,59,0.1086,0.0875,0.0915,1.0,0.0,92.95,1.8841,0.8472,0.8472,5469.3985,1769466750.2262015,20.04,271,1352,0.853,37,0,0,10.31,15.0,0,1218,1769466745.847,0.03,meta-llama/Llama-3.2-1B-Instruct,"1769466745.847, 1769466746.091, 1769466746.812, 1769466782.376, 1769466782.469"
1.0,0,1769466746.9067,1.5687,27,32,59,0.1576,0.0871,0.0907,1.0,0.0,92.96,1.8978,0.7263,0.7263,5470.1248,1769466750.3770154,20.03,271,1353,0.853,38,0,0,10.31,15.0,0,1218,1769466745.847,0.03,meta-llama/Llama-3.2-1B-Instruct,"1769466745.847, 1769466746.091, 1769466746.812, 1769466782.376, 1769466782.469"
1.0,0,1769466747.0235,1.5505,27,32,59,0.0971,0.0861,0.0958,1.0,0.0,92.96,1.8521,0.6476,0.6476,5470.7724,1769466750.4386878,20.01,271,1354,0.854,38,0,0,10.31,15.0,0,1218,1769466745.847,0.03,meta-llama/Llama-3.2-1B-Instruct,"1769466745.847, 1769466746.091, 1769466746.812, 1769466782.376, 1769466782.469"
1.0,0,1769466747.0514,1.7197,27,32,59,0.1241,0.0838,0.0934,1.0,0.0,92.97,1.8808,0.8438,0.8438,5471.6162,1769466750.6606677,20.0,271,1355,0.855,38,0,0,10.31,15.0,0,1218,1769466745.847,0.03,meta-llama/Llama-3.2-1B-Instruct,"1769466745.847, 1769466746.091, 1769466746.812, 1769466782.376, 1769466782.469"
1.0,0,1769466747.1144,1.9254,27,32,59,0.1725,0.0873,0.1027,1.0,0.0,92.97,1.9092,1.0979,1.0979,5473.836,1769466750.958675,19.97,271,1357,0.855,37,0,0,10.31,15.0,0,1270,1769466750.068,-0.807,meta-llama/Llama-3.2-1B-Instruct,"1769466750.068, 1769466750.285, 1769466750.526, 1769466750.730, 1769466750.786"
1.0,0,1769466747.0872,1.9574,27,32,59,0.1645,0.0855,0.0889,1.0,0.0,92.98,1.8971,1.1219,1.1219,5473.836,1769466750.9588752,19.99,271,1357,0.855,37,0,0,10.31,15.0,0,1270,1769466750.068,-0.807,meta-llama/Llama-3.2-1B-Instruct,"1769466750.068, 1769466750.285, 1769466750.526, 1769466750.730, 1769466750.786"
1.0,0,1769466747.2322,1.8909,27,32,59,0.1362,0.0903,0.092,1.0,0.0,92.98,1.8923,1.0271,1.0271,5474.8631,1769466751.0184762,19.96,271,1358,0.856,36,2,0,10.31,15.0,0,1270,1769466750.068,-0.807,meta-llama/Llama-3.2-1B-Instruct,"1769466750.068, 1769466750.285, 1769466750.526, 1769466750.730, 1769466750.786"
1.0,0,1769466747.3728,2.0294,27,32,59,0.1495,0.0778,0.0838,1.0,0.0,92.99,1.921,1.1789,1.1789,5477.1014,1769466751.339719,19.94,271,1360,0.856,36,0,0,10.31,15.0,0,1270,1769466750.068,-0.807,meta-llama/Llama-3.2-1B-Instruct,"1769466750.068, 1769466750.285, 1769466750.526, 1769466750.730, 1769466750.786"
1.0,0,1769466747.5252,1.9438,27,32,59,0.1156,0.0821,0.0888,1.0,0.0,92.99,1.8566,1.0594,1.0594,5477.1014,1769466751.3452709,19.93,271,1360,0.857,36,0,0,10.31,15.0,0,1270,1769466750.068,-0.807,meta-llama/Llama-3.2-1B-Instruct,"1769466750.068, 1769466750.285, 1769466750.526, 1769466750.730, 1769466750.786"
1.0,0,1769466747.5526,2.0207,27,32,59,0.119,0.0829,0.0842,1.0,0.0,93.0,1.9085,1.1397,1.1397,5478.2411,1769466751.4881644,19.91,271,1361,0.858,37,0,0,10.31,15.0,0,1270,1769466750.068,-0.807,meta-llama/Llama-3.2-1B-Instruct,"1769466750.068, 1769466750.285, 1769466750.526, 1769466750.730, 1769466750.786"
1.0,0,1769466747.6317,2.0914,27,32,59,0.1591,0.0808,0.0819,1.0,0.0,93.0,1.9391,1.2505,1.2505,5479.4916,1769466751.6642413,19.9,271,1362,0.858,37,0,0,10.31,15.0,0,1270,1769466750.068,-0.807,meta-llama/Llama-3.2-1B-Instruct,"1769466750.068, 1769466750.285, 1769466750.526, 1769466750.730, 1769466750.786"
1.0,0,1769466747.6602,2.1465,27,31,58,0.1383,0.0839,0.0882,1.0,0.0,93.01,1.8881,1.2848,1.2848,5480.7764,1769466751.704084,19.88,271,1363,0.859,37,1,0,10.31,15.0,0,1270,1769466750.068,-0.807,meta-llama/Llama-3.2-1B-Instruct,"1769466750.068, 1769466750.285, 1769466750.526, 1769466750.730, 1769466750.786"
1.0,0,1769466747.812,2.064,27,32,59,0.0767,0.0952,0.116,1.0,0.0,93.01,1.8722,1.1408,1.1408,5481.9172,1769466751.7577667,19.87,271,1364,0.859,37,0,0,10.31,15.0,0,1270,1769466750.068,-0.807,meta-llama/Llama-3.2-1B-Instruct,"1769466750.068, 1769466750.285, 1769466750.526, 1769466750.730, 1769466750.786"
1.0,0,1769466747.93,2.088,27,32,59,0.1078,0.0835,0.0973,1.0,0.0,93.02,1.8939,1.1958,1.1958,5483.1129,1769466751.926324,19.85,271,1365,0.86,37,0,0,10.31,15.0,0,1270,1769466750.068,-0.807,meta-llama/Llama-3.2-1B-Instruct,"1769466750.068, 1769466750.285, 1769466750.526, 1769466750.730, 1769466750.786"
1.0,0,1769466747.9574,2.1571,27,32,59,0.1485,0.0885,0.093,1.0,0.0,93.03,1.9308,1.3056,1.3056,5484.4185,1769466752.058482,19.84,271,1366,0.86,38,0,0,10.31,15.0,0,1270,1769466750.068,-0.807,meta-llama/Llama-3.2-1B-Instruct,"1769466750.068, 1769466750.285, 1769466750.526, 1769466750.730, 1769466750.786"
1.0,0,1769466748.2231,2.0411,27,32,59,0.1052,0.0935,0.1206,1.0,0.0,93.03,1.9089,1.1462,1.1462,5485.5648,1769466752.1878371,19.82,271,1367,0.86,38,0,0,10.31,15.0,0,1270,1769466750.068,-0.807,meta-llama/Llama-3.2-1B-Instruct,"1769466750.068, 1769466750.285, 1769466750.526, 1769466750.730, 1769466750.786"
1.0,0,1769466748.3186,2.0816,27,32,59,0.1494,0.0807,0.0873,1.0,0.0,93.04,1.9283,1.231,1.231,5486.7957,1769466752.3349874,19.81,271,1368,0.861,38,0,0,10.31,15.0,0,1270,1769466750.068,-0.807,meta-llama/Llama-3.2-1B-Instruct,"1769466750.068, 1769466750.285, 1769466750.526, 1769466750.730, 1769466750.786"
1.0,0,1769466748.4796,2.0575,27,32,59,0.1169,0.0821,0.0887,1.0,0.0,93.04,1.9035,1.1745,1.1745,5487.9702,1769466752.4491172,19.8,271,1369,0.862,38,0,0,10.31,15.0,0,1270,1769466750.068,-0.807,meta-llama/Llama-3.2-1B-Instruct,"1769466750.068, 1769466750.285, 1769466750.526, 1769466750.730, 1769466750.786"
1.0,0,1769466748.6097,2.0213,27,32,59,0.142,0.0806,0.0939,1.0,0.0,93.05,1.9253,1.1633,1.1633,5489.1335,1769466752.5605037,19.78,271,1370,0.863,39,0,0,10.31,15.0,0,1270,1769466750.068,-0.807,meta-llama/Llama-3.2-1B-Instruct,"1769466750.068, 1769466750.285, 1769466750.526, 1769466750.730, 1769466750.786"
1.0,0,1769466748.9163,1.871,27,32,59,0.081,0.0898,0.0986,1.0,0.0,93.05,1.8843,0.952,0.952,5490.0855,1769466752.6872282,19.77,271,1371,0.863,39,0,0,10.31,15.0,0,1270,1769466750.068,-0.807,meta-llama/Llama-3.2-1B-Instruct,"1769466750.068, 1769466750.285, 1769466750.526, 1769466750.730, 1769466750.786"
1.0,0,1769466749.0679,1.9898,27,32,59,0.1288,0.0878,0.0903,1.0,0.0,93.06,1.9002,1.1186,1.1186,5491.2041,1769466752.962666,19.75,271,1372,0.864,37,0,0,10.31,15.0,0,1270,1769466750.068,-0.807,meta-llama/Llama-3.2-1B-Instruct,"1769466750.068, 1769466750.285, 1769466750.526, 1769466750.730, 1769466750.786"
1.0,0,1769466749.285,1.8313,27,32,59,0.125,0.0916,0.0923,1.0,0.0,93.06,1.8976,0.9563,0.9563,5492.1604,1769466753.0227525,19.74,271,1373,0.864,37,0,0,10.31,15.0,0,1270,1769466750.068,-0.807,meta-llama/Llama-3.2-1B-Instruct,"1769466750.068, 1769466750.285, 1769466750.526, 1769466750.730, 1769466750.786"
1.0,0,1769466749.5257,1.68,27,35,62,0.1318,0.0827,0.1116,1.0,0.0,93.07,1.9395,0.8118,0.8118,5492.9722,1769466753.1601155,19.72,271,1374,0.865,38,0,0,10.31,15.0,0,1270,1769466750.068,-0.807,meta-llama/Llama-3.2-1B-Instruct,"1769466750.068, 1769466750.285, 1769466750.526, 1769466750.730, 1769466750.786"
1.0,0,1769466749.7301,1.7582,27,32,59,0.1711,0.0859,0.0886,1.0,0.0,93.07,1.9658,0.9294,0.9294,5493.9015,1769466753.4564333,19.71,271,1375,0.865,37,0,0,10.31,15.0,0,1270,1769466750.068,-0.807,meta-llama/Llama-3.2-1B-Instruct,"1769466750.068, 1769466750.285, 1769466750.526, 1769466750.730, 1769466750.786"
1.0,0,1769466749.7857,1.7796,27,32,59,0.1119,0.0877,0.0999,1.0,0.0,93.08,2.0685,0.8915,0.8915,5494.793,1769466753.6690764,19.69,271,1376,0.866,37,1,0,10.31,15.0,0,1270,1769466750.068,-0.807,meta-llama/Llama-3.2-1B-Instruct,"1769466750.068, 1769466750.285, 1769466750.526, 1769466750.730, 1769466750.786"
1.0,0,1769466749.9359,1.7995,27,32,59,0.1554,0.1153,0.2001,1.0,0.0,93.08,1.9501,0.9548,0.9548,5495.7478,1769466753.7039797,19.68,271,1377,0.866,37,0,0,10.31,15.0,0,1270,1769466750.068,-0.807,meta-llama/Llama-3.2-1B-Instruct,"1769466750.068, 1769466750.285, 1769466750.526, 1769466750.730, 1769466750.786"
1.0,0,1769466750.071,1.7206,27,32,59,0.1154,0.0862,0.1788,1.0,0.0,93.09,1.9592,0.836,0.836,5496.5839,1769466753.7528517,19.67,271,1378,0.866,36,0,0,10.31,15.0,0,1270,1769466750.068,-0.807,meta-llama/Llama-3.2-1B-Instruct,"1769466750.068, 1769466750.285, 1769466750.526, 1769466750.730, 1769466750.786"
1.0,0,1769466750.2905,1.58,27,32,59,0.1768,0.0907,0.1864,1.0,0.0,93.09,1.9993,0.7568,0.7568,5497.3406,1769466753.8760638,19.71,272,1380,0.868,38,0,0,10.31,15.0,0,1270,1769466750.068,-0.807,meta-llama/Llama-3.2-1B-Instruct,"1769466750.068, 1769466750.285, 1769466750.526, 1769466750.730, 1769466750.786"
200.0,1,1769466581.3043,106.3989,5028,1038,6066,0.7907,0.0908,0.4362,200.0,0.0,93.1,66.1626,-27.4385,0.0,5497.3406,1769466753.8916268,19.72,272,1380,0.717,35,0,0,10.31,15.0,0,1270,1769466750.068,-0.807,meta-llama/Llama-3.2-1B-Instruct,"1769466750.068, 1769466750.285, 1769466750.526, 1769466750.730, 1769466750.786"
200.0,1,1769466581.4192,106.5424,2525,1030,3555,1.1957,0.0897,0.3953,200.0,0.0,93.1,65.9893,-27.4683,0.0,5498.5417,1769466753.987812,19.77,273,1383,0.765,36,0,0,10.31,15.0,0,1270,1769466750.068,-0.807,meta-llama/Llama-3.2-1B-Instruct,"1769466750.068, 1769466750.285, 1769466750.526, 1769466750.730, 1769466750.786"
1.0,0,1769466750.9714,1.6556,27,20,47,0.1744,0.1872,0.1872,1.0,0.0,93.11,1.3532,0.83,0.83,5498.5417,1769466753.9895527,19.74,273,1383,0.87,38,0,0,10.31,15.0,0,1270,1769466750.068,-0.807,meta-llama/Llama-3.2-1B-Instruct,"1769466750.068, 1769466750.285, 1769466750.526, 1769466750.730, 1769466750.786"
1.0,0,1769466750.6909,1.2793,27,32,59,0.0918,0.0934,0.1828,1.0,0.0,93.11,1.9994,0.3711,0.3711,5498.5417,1769466753.9906378,19.75,273,1383,0.867,37,0,0,10.31,15.0,0,1270,1769466750.068,-0.807,meta-llama/Llama-3.2-1B-Instruct,"1769466750.068, 1769466750.285, 1769466750.526, 1769466750.730, 1769466750.786"
1.0,0,1769466750.7414,1.3529,27,32,59,0.0862,0.0954,0.1815,1.0,0.0,93.12,1.9215,0.4391,0.4391,5498.9808,1769466754.02916,19.73,273,1384,0.868,38,0,0,10.31,15.0,0,1270,1769466750.068,-0.807,meta-llama/Llama-3.2-1B-Instruct,"1769466750.068, 1769466750.285, 1769466750.526, 1769466750.730, 1769466750.786"
1.0,0,1769466750.8045,1.4889,27,32,59,0.1404,0.1006,0.1955,1.0,0.0,93.12,1.8791,0.6293,0.6293,5499.6101,1769466754.1878548,19.71,273,1385,0.869,38,0,0,10.31,15.0,0,1270,1769466750.068,-0.807,meta-llama/Llama-3.2-1B-Instruct,"1769466750.068, 1769466750.285, 1769466750.526, 1769466750.730, 1769466750.786"
1.0,0,1769466750.9132,1.4434,27,32,59,0.1282,0.1007,0.2125,1.0,0.0,93.13,1.898,0.5715,0.5715,5500.1817,1769466754.2560673,19.7,273,1386,0.869,37,0,0,10.31,15.0,0,1270,1769466750.068,-0.807,meta-llama/Llama-3.2-1B-Instruct,"1769466750.068, 1769466750.285, 1769466750.526, 1769466750.730, 1769466750.786"
1.0,0,1769466751.0304,1.6191,27,32,59,0.1372,0.1019,0.1855,1.0,0.0,93.13,1.8357,0.7564,0.7564,5500.938,1769466754.4943442,19.68,273,1387,0.87,37,0,0,10.31,15.0,0,1270,1769466750.068,-0.807,meta-llama/Llama-3.2-1B-Instruct,"1769466750.068, 1769466750.285, 1769466750.526, 1769466750.730, 1769466750.786"
1.0,0,1769466751.2643,1.4569,27,31,58,0.1104,0.124,0.1875,1.0,0.0,93.14,1.8525,0.5673,0.5673,5501.5053,1769466754.5840802,19.67,273,1388,0.87,36,0,0,10.31,15.0,0,1270,1769466750.068,-0.807,meta-llama/Llama-3.2-1B-Instruct,"1769466750.068, 1769466750.285, 1769466750.526, 1769466750.730, 1769466750.786"
1.0,0,1769466751.3855,1.4208,27,32,59,0.1435,0.0909,0.2077,1.0,0.0,93.14,1.8466,0.5644,0.5644,5502.0697,1769466754.666001,19.65,273,1389,0.871,39,0,0,10.31,15.0,0,1270,1769466750.068,-0.807,meta-llama/Llama-3.2-1B-Instruct,"1769466750.068, 1769466750.285, 1769466750.526, 1769466750.730, 1769466750.786"
1.0,0,1769466751.4419,1.6069,27,32,59,0.1373,0.1086,0.2078,1.0,0.0,93.15,1.8124,0.7442,0.7442,5502.8139,1769466754.8706641,19.64,273,1390,0.872,38,0,0,10.31,15.0,0,1270,1769466750.068,-0.807,meta-llama/Llama-3.2-1B-Instruct,"1769466750.068, 1769466750.285, 1769466750.526, 1769466750.730, 1769466750.786"
1.0,0,1769466751.7061,1.4819,27,32,59,0.1095,0.0895,0.2005,1.0,0.0,93.15,1.7836,0.5914,0.5914,5503.4053,1769466754.9785702,19.63,273,1391,0.873,38,0,0,10.31,15.0,0,1270,1769466750.068,-0.807,meta-llama/Llama-3.2-1B-Instruct,"1769466750.068, 1769466750.285, 1769466750.526, 1769466750.730, 1769466750.786"
1.0,0,1769466751.8171,1.5247,27,32,59,0.126,0.0988,0.1834,1.0,0.0,93.16,1.8266,0.6507,0.6507,5504.056,1769466755.1852522,19.61,273,1392,0.874,39,0,0,10.31,15.0,0,1270,1769466750.068,-0.807,meta-llama/Llama-3.2-1B-Instruct,"1769466750.068, 1769466750.285, 1769466750.526, 1769466750.730, 1769466750.786"
200.0,1,1769466582.2889,151.3017,2923,327,3250,1.786,0.0925,0.1129,200.0,0.0,93.16,21.6309,-27.0674,0.0,5504.056,1769466755.2536845,19.67,274,1393,0.723,35,0,0,10.31,15.0,0,1270,1769466750.068,-0.807,meta-llama/Llama-3.2-1B-Instruct,"1769466750.068, 1769466750.285, 1769466750.526, 1769466750.730, 1769466750.786"
1.0,0,1769466752.0261,1.798,27,32,59,0.1574,0.1113,0.1324,1.0,0.0,93.17,1.7285,0.9553,0.9553,5505.8037,1769466755.565276,19.66,274,1395,0.874,36,0,0,10.31,15.0,0,1270,1769466750.068,-0.807,meta-llama/Llama-3.2-1B-Instruct,"1769466750.068, 1769466750.285, 1769466750.526, 1769466750.730, 1769466750.786"
1.0,0,1769466752.2129,1.6806,27,32,59,0.1118,0.0861,0.0911,1.0,0.0,93.18,1.6684,0.7924,0.7924,5505.8037,1769466755.571531,19.64,274,1395,0.816,34,1,0,10.31,15.0,0,1270,1769466750.068,-0.807,meta-llama/Llama-3.2-1B-Instruct,"1769466750.068, 1769466750.285, 1769466750.526, 1769466750.730, 1769466750.786"
1.0,0,1769466752.2706,1.6595,27,31,58,0.1118,0.1061,0.108,1.0,0.0,93.18,1.7198,0.7712,0.7712,5506.575,1769466755.6540866,19.63,274,1396,0.783,33,1,0,10.31,15.0,0,1270,1769466750.068,-0.807,meta-llama/Llama-3.2-1B-Instruct,"1769466750.068, 1769466750.285, 1769466750.526, 1769466750.730, 1769466750.786"
1.0,0,1769466752.3308,1.719,27,32,59,0.1087,0.0897,0.0913,1.0,0.0,93.19,1.7111,0.8277,0.8277,5507.4026,1769466755.767652,19.61,274,1397,0.783,33,0,0,10.31,15.0,0,1270,1769466750.068,-0.807,meta-llama/Llama-3.2-1B-Instruct,"1769466750.068, 1769466750.285, 1769466750.526, 1769466750.730, 1769466750.786"
1.0,0,1769466752.3704,1.7215,27,32,59,0.0706,0.0925,0.0928,1.0,0.0,93.19,1.7074,0.7922,0.7922,5508.1948,1769466755.818121,19.6,274,1398,0.783,33,0,0,10.31,15.0,0,1270,1769466750.068,-0.807,meta-llama/Llama-3.2-1B-Instruct,"1769466750.068, 1769466750.285, 1769466750.526, 1769466750.730, 1769466750.786"
1.0,0,1769466752.5297,1.6813,27,32,59,0.1854,0.099,0.1052,1.0,0.0,93.2,1.7586,0.8667,0.8667,5509.0615,1769466755.9707708,19.59,274,1399,0.784,34,0,0,10.31,15.0,0,1270,1769466750.068,-0.807,meta-llama/Llama-3.2-1B-Instruct,"1769466750.068, 1769466750.285, 1769466750.526, 1769466750.730, 1769466750.786"
1.0,0,1769466752.5881,1.6904,27,32,59,0.119,0.0984,0.102,1.0,0.0,93.2,1.7473,0.8095,0.8095,5509.871,1769466756.0307193,19.57,274,1400,0.784,33,1,0,10.31,15.0,0,1292,1769466755.928,-0.057,meta-llama/Llama-3.2-1B-Instruct,"1769466755.928, 1769466756.100, 1769466756.298, 1769466756.384, 1769466756.454"
1.0,0,1769466752.6984,1.6479,27,32,59,0.1385,0.0859,0.101,1.0,0.0,93.21,1.7813,0.7864,0.7864,5510.6574,1769466756.130721,19.56,274,1401,0.785,35,0,0,10.31,15.0,0,1292,1769466755.928,-0.057,meta-llama/Llama-3.2-1B-Instruct,"1769466755.928, 1769466756.100, 1769466756.298, 1769466756.384, 1769466756.454"
1.0,0,1769466752.7559,1.7426,27,32,59,0.1005,0.095,0.1311,1.0,0.0,93.21,1.7463,0.8431,0.8431,5511.5005,1769466756.2685342,19.54,274,1402,0.786,35,0,0,10.31,15.0,0,1292,1769466755.928,-0.057,meta-llama/Llama-3.2-1B-Instruct,"1769466755.928, 1769466756.100, 1769466756.298, 1769466756.384, 1769466756.454"
1.0,0,1769466752.8408,1.7048,27,32,59,0.1396,0.0869,0.1309,1.0,0.0,93.22,1.8031,0.8444,0.8444,5512.3449,1769466756.3553262,19.53,274,1403,0.786,35,0,0,10.31,15.0,0,1292,1769466755.928,-0.057,meta-llama/Llama-3.2-1B-Instruct,"1769466755.928, 1769466756.100, 1769466756.298, 1769466756.384, 1769466756.454"
1.0,0,1769466752.8787,1.8266,27,32,59,0.1517,0.0825,0.0925,1.0,0.0,93.22,1.7712,0.9782,0.9782,5514.2287,1769466756.4807365,19.52,274,1405,0.787,35,0,0,10.31,15.0,0,1292,1769466755.928,-0.057,meta-llama/Llama-3.2-1B-Instruct,"1769466755.928, 1769466756.100, 1769466756.298, 1769466756.384, 1769466756.454"
1.0,0,1769466752.9683,1.7528,27,32,59,0.1527,0.0907,0.1001,1.0,0.0,93.23,1.7573,0.9055,0.9055,5514.2287,1769466756.4810045,19.5,274,1405,0.787,35,0,0,10.31,15.0,0,1292,1769466755.928,-0.057,meta-llama/Llama-3.2-1B-Instruct,"1769466755.928, 1769466756.100, 1769466756.298, 1769466756.384, 1769466756.454"
1.0,0,1769466753.0238,1.7743,27,32,59,0.0897,0.1072,0.1081,1.0,0.0,93.23,1.7338,0.8639,0.8639,5515.0926,1769466756.537072,19.49,274,1406,0.787,35,0,0,10.31,15.0,0,1292,1769466755.928,-0.057,meta-llama/Llama-3.2-1B-Instruct,"1769466755.928, 1769466756.100, 1769466756.298, 1769466756.384, 1769466756.454"
1.0,0,1769466753.1282,1.7918,27,32,59,0.1378,0.0918,0.1003,1.0,0.0,93.24,1.7535,0.9296,0.9296,5516.0223,1769466756.6851995,19.47,274,1407,0.788,37,0,0,10.31,15.0,0,1292,1769466755.928,-0.057,meta-llama/Llama-3.2-1B-Instruct,"1769466755.928, 1769466756.100, 1769466756.298, 1769466756.384, 1769466756.454"
1.0,0,1769466753.7208,1.3209,27,32,59,0.1069,0.0902,0.1034,1.0,0.0,93.24,1.7147,0.4277,0.4277,5516.7224,1769466756.7769432,19.46,274,1409,0.788,36,1,0,10.31,15.0,0,1292,1769466755.928,-0.057,meta-llama/Llama-3.2-1B-Instruct,"1769466755.928, 1769466756.100, 1769466756.298, 1769466756.384, 1769466756.454"
1.0,0,1769466753.8711,1.2041,27,32,59,0.0682,0.0792,0.1083,1.0,0.0,93.25,1.6982,0.2724,0.2724,5516.7224,1769466756.786527,19.45,274,1409,0.789,37,0,0,10.31,15.0,0,1292,1769466755.928,-0.057,meta-llama/Llama-3.2-1B-Instruct,"1769466755.928, 1769466756.100, 1769466756.298, 1769466756.384, 1769466756.454"
1.0,0,1769466753.9069,1.2196,27,32,59,0.1421,0.0798,0.0866,1.0,0.0,93.25,1.7802,0.3617,0.3617,5517.0841,1769466756.917069,19.43,274,1410,0.79,38,0,0,10.31,15.0,0,1292,1769466755.928,-0.057,meta-llama/Llama-3.2-1B-Instruct,"1769466755.928, 1769466756.100, 1769466756.298, 1769466756.384, 1769466756.454"
1.0,0,1769466753.9817,1.4301,27,32,59,0.1265,0.0917,0.0917,1.0,0.0,93.26,1.7129,0.5566,0.5566,5517.6407,1769466757.1381056,19.42,274,1411,0.761,38,0,0,10.31,15.0,0,1292,1769466755.928,-0.057,meta-llama/Llama-3.2-1B-Instruct,"1769466755.928, 1769466756.100, 1769466756.298, 1769466756.384, 1769466756.454"
1.0,0,1769466754.0721,1.4071,27,32,59,0.0873,0.095,0.097,1.0,0.0,93.26,1.684,0.4944,0.4944,5518.135,1769466757.166802,19.41,274,1412,0.761,38,0,0,10.31,15.0,0,1292,1769466755.928,-0.057,meta-llama/Llama-3.2-1B-Instruct,"1769466755.928, 1769466756.100, 1769466756.298, 1769466756.384, 1769466756.454"
1.0,0,1769466754.3216,1.4663,27,32,59,0.1196,0.0868,0.1017,1.0,0.0,93.27,1.6595,0.5859,0.5859,5518.7209,1769466757.4630291,19.39,274,1413,0.761,36,0,0,10.31,15.0,0,1292,1769466755.928,-0.057,meta-llama/Llama-3.2-1B-Instruct,"1769466755.928, 1769466756.100, 1769466756.298, 1769466756.384, 1769466756.454"
1.0,0,1769466756.5372,0.3393,27,9,36,0.1452,0.0802,0.0802,1.0,0.0,93.27,0.5889,-0.5155,0.0,5518.7209,1769466757.4826527,19.45,275,1414,0.764,35,0,0,10.31,15.0,0,1292,1769466755.928,-0.057,meta-llama/Llama-3.2-1B-Instruct,"1769466755.928, 1769466756.100, 1769466756.298, 1769466756.384, 1769466756.454"
1.0,0,1769466754.6247,1.2358,27,32,59,0.0991,0.0879,0.1134,1.0,0.0,93.27,1.6894,0.3349,0.3349,5519.0558,1769466757.5745492,19.43,275,1415,0.761,35,0,0,10.31,15.0,0,1292,1769466755.928,-0.057,meta-llama/Llama-3.2-1B-Instruct,"1769466755.928, 1769466756.100, 1769466756.298, 1769466756.384, 1769466756.454"
1.0,0,1769466754.8439,1.1481,27,32,59,0.13,0.1029,0.105,1.0,0.0,93.28,1.7492,0.278,0.278,5519.3338,1769466757.7449758,19.42,275,1416,0.762,36,0,0,10.31,15.0,0,1292,1769466755.928,-0.057,meta-llama/Llama-3.2-1B-Instruct,"1769466755.928, 1769466756.100, 1769466756.298, 1769466756.384, 1769466756.454"
1.0,0,1769466754.9277,1.1955,27,32,59,0.1602,0.1024,0.1049,1.0,0.0,93.28,1.7222,0.3558,0.3558,5519.6896,1769466757.855117,19.41,275,1417,0.762,36,0,0,10.31,15.0,0,1292,1769466755.928,-0.057,meta-llama/Llama-3.2-1B-Instruct,"1769466755.928, 1769466756.100, 1769466756.298, 1769466756.384, 1769466756.454"
1.0,0,1769466755.2983,1.0136,27,32,59,0.1127,0.0912,0.0946,1.0,0.0,93.29,1.6711,0.1264,0.1264,5520.1935,1769466758.0007539,19.39,275,1419,0.763,34,1,0,10.31,15.0,0,1292,1769466755.928,-0.057,meta-llama/Llama-3.2-1B-Instruct,"1769466755.928, 1769466756.100, 1769466756.298, 1769466756.384, 1769466756.454"
1.0,0,1769466755.1004,1.1716,27,32,59,0.2059,0.0993,0.1045,1.0,0.0,93.29,1.728,0.3776,0.3776,5520.1935,1769466758.0014684,19.38,275,1419,0.763,35,1,0,10.31,15.0,0,1292,1769466755.928,-0.057,meta-llama/Llama-3.2-1B-Instruct,"1769466755.928, 1769466756.100, 1769466756.298, 1769466756.384, 1769466756.454"
1.0,0,1769466755.3837,0.992,27,32,59,0.0779,0.111,0.1439,1.0,0.0,93.3,1.6691,0.07,0.07,5520.2634,1769466758.0532415,19.37,275,1420,0.763,34,1,0,10.31,15.0,0,1292,1769466755.928,-0.057,meta-llama/Llama-3.2-1B-Instruct,"1769466755.928, 1769466756.100, 1769466756.298, 1769466756.384, 1769466756.454"
1.0,0,1769466755.4538,1.0407,27,32,59,0.1701,0.3623,0.7325,1.0,0.0,93.3,2.7356,0.2108,0.2108,5520.4742,1769466759.2410314,19.35,275,1421,0.763,35,0,0,10.31,15.0,0,1292,1769466755.928,-0.057,meta-llama/Llama-3.2-1B-Instruct,"1769466755.928, 1769466756.100, 1769466756.298, 1769466756.384, 1769466756.454"
1.0,0,1769466755.5182,1.0446,27,32,59,0.1039,0.3696,0.7306,1.0,0.0,93.31,2.7158,0.1485,0.1485,5520.6227,1769466759.2817814,19.34,275,1422,0.763,34,1,0,10.31,15.0,0,1292,1769466755.928,-0.057,meta-llama/Llama-3.2-1B-Instruct,"1769466755.928, 1769466756.100, 1769466756.298, 1769466756.384, 1769466756.454"
1.0,0,1769466755.6767,0.9499,27,32,59,0.1379,0.3632,0.7643,1.0,0.0,93.31,2.8005,0.0878,0.0878,5520.7105,1769466759.4304414,19.33,275,1423,0.765,36,0,0,10.31,15.0,0,1292,1769466755.928,-0.057,meta-llama/Llama-3.2-1B-Instruct,"1769466755.928, 1769466756.100, 1769466756.298, 1769466756.384, 1769466756.454"
1.0,0,1769466756.2641,0.4627,27,32,59,0.1857,0.3789,0.7236,1.0,0.0,93.32,2.7903,-0.3516,0.0,5520.7105,1769466759.519319,19.38,276,1424,0.765,36,0,0,10.31,15.0,0,1292,1769466755.928,-0.057,meta-llama/Llama-3.2-1B-Instruct,"1769466755.928, 1769466756.100, 1769466756.298, 1769466756.384, 1769466756.454"
1.0,0,1769466756.3499,0.4633,27,32,59,0.0834,0.3729,0.7314,1.0,0.0,93.32,2.7557,-0.4533,0.0,5520.7105,1769466759.5797176,19.44,277,1425,0.764,34,1,0,10.31,15.0,0,1292,1769466755.928,-0.057,meta-llama/Llama-3.2-1B-Instruct,"1769466755.928, 1769466756.100, 1769466756.298, 1769466756.384, 1769466756.454"
200.0,1,1769466581.4446,112.3785,3323,1026,4349,0.5298,0.0904,0.4386,200.0,0.0,93.33,65.8389,-21.7825,0.0,5520.7105,1769466759.6991053,19.5,279,1427,0.738,35,0,0,10.31,15.0,0,1292,1769466755.928,-0.057,meta-llama/Llama-3.2-1B-Instruct,"1769466755.928, 1769466756.100, 1769466756.298, 1769466756.384, 1769466756.454"
200.0,1,1769466581.4767,112.4271,3109,1025,4134,1.3345,0.0897,0.3924,200.0,0.0,93.33,65.7871,-21.7858,0.0,5520.7105,1769466759.7163098,19.55,280,1428,0.738,34,0,0,10.31,15.0,0,1292,1769466755.928,-0.057,meta-llama/Llama-3.2-1B-Instruct,"1769466755.928, 1769466756.100, 1769466756.298, 1769466756.384, 1769466756.454"
200.0,1,1769466581.5043,112.5101,4032,1027,5059,1.2319,0.096,0.4016,200.0,0.0,93.34,65.6943,-21.7955,0.0,5520.7105,1769466759.7256298,19.61,280,1428,0.77,35,0,0,10.31,15.0,0,1292,1769466755.928,-0.057,meta-llama/Llama-3.2-1B-Instruct,"1769466755.928, 1769466756.100, 1769466756.298, 1769466756.384, 1769466756.454"
1.0,0,1769466756.5768,0.3964,27,32,59,0.1386,0.3839,0.7286,1.0,0.0,93.34,2.8236,-0.465,0.0,5520.7105,1769466759.8057706,19.66,281,1429,0.766,36,0,0,10.31,15.0,0,1292,1769466755.928,-0.057,meta-llama/Llama-3.2-1B-Instruct,"1769466755.928, 1769466756.100, 1769466756.298, 1769466756.384, 1769466756.454"
1.0,0,1769466756.7045,0.3446,27,32,59,0.1005,0.3698,0.7222,1.0,0.0,93.35,2.7816,-0.555,0.0,5520.7105,1769466759.8378298,19.72,282,1430,0.766,36,1,0,10.31,15.0,0,1292,1769466755.928,-0.057,meta-llama/Llama-3.2-1B-Instruct,"1769466755.928, 1769466756.100, 1769466756.298, 1769466756.384, 1769466756.454"
1.0,0,1769466756.7927,0.3911,27,32,59,0.1759,0.3732,0.7333,1.0,0.0,93.35,2.8505,-0.4329,0.0,5520.7105,1769466760.0495248,19.78,283,1431,0.766,36,0,0,10.31,15.0,0,1292,1769466755.928,-0.057,meta-llama/Llama-3.2-1B-Instruct,"1769466755.928, 1769466756.100, 1769466756.298, 1769466756.384, 1769466756.454"
1.0,0,1769466756.8292,0.4187,27,32,59,0.105,0.3683,0.7437,1.0,0.0,93.36,2.8125,-0.4763,0.0,5520.7105,1769466760.069515,19.83,284,1432,0.767,36,1,0,10.31,15.0,0,1292,1769466755.928,-0.057,meta-llama/Llama-3.2-1B-Instruct,"1769466755.928, 1769466756.100, 1769466756.298, 1769466756.384, 1769466756.454"
1.0,0,1769466756.9461,0.393,27,32,59,0.1185,0.3758,0.734,1.0,0.0,93.36,2.8191,-0.4886,0.0,5520.7105,1769466760.1652062,19.89,285,1433,0.768,38,0,0,10.31,15.0,0,1292,1769466755.928,-0.057,meta-llama/Llama-3.2-1B-Instruct,"1769466755.928, 1769466756.100, 1769466756.298, 1769466756.384, 1769466756.454"
1.0,0,1769466756.979,0.4788,27,32,59,0.1197,0.3711,0.731,1.0,0.0,93.37,2.7638,-0.4015,0.0,5520.7105,1769466760.2279816,19.94,286,1434,0.769,39,0,0,10.31,15.0,0,1292,1769466755.928,-0.057,meta-llama/Llama-3.2-1B-Instruct,"1769466755.928, 1769466756.100, 1769466756.298, 1769466756.384, 1769466756.454"
1.0,0,1769466757.3982,0.2021,27,32,59,0.1141,0.3612,0.7402,1.0,0.0,93.37,2.7914,-0.6838,0.0,5520.7105,1769466760.4224975,20.0,288,1436,0.769,37,0,0,10.31,15.0,0,1292,1769466755.928,-0.057,meta-llama/Llama-3.2-1B-Instruct,"1769466755.928, 1769466756.100, 1769466756.298, 1769466756.384, 1769466756.454"
200.0,1,1769466582.6765,175.5942,3367,23,3390,0.9687,0.0819,0.0887,200.0,0.0,93.38,2.1474,-22.2584,0.0,5520.7105,1769466760.428573,20.06,288,1436,0.798,36,0,0,10.31,15.0,0,1292,1769466755.928,-0.057,meta-llama/Llama-3.2-1B-Instruct,"1769466755.928, 1769466756.100, 1769466756.298, 1769466756.384, 1769466756.454"
1.0,0,1769466757.495,0.1876,27,32,59,0.1544,0.3734,0.7297,1.0,0.0,93.38,2.8081,-0.6581,0.0,5520.7105,1769466760.4980679,20.11,289,1437,0.769,37,0,0,10.31,15.0,0,1292,1769466755.928,-0.057,meta-llama/Llama-3.2-1B-Instruct,"1769466755.928, 1769466756.100, 1769466756.298, 1769466756.384, 1769466756.454"
1.0,0,1769466757.5535,0.2255,27,32,59,0.0931,0.3757,0.7338,1.0,0.0,93.39,2.7812,-0.6814,0.0,5520.7105,1769466760.5730343,20.17,290,1438,0.77,37,1,0,10.31,15.0,0,1292,1769466755.928,-0.057,meta-llama/Llama-3.2-1B-Instruct,"1769466755.928, 1769466756.100, 1769466756.298, 1769466756.384, 1769466756.454"
1.0,0,1769466758.1505,0.0802,27,32,59,0.985,0.0872,0.094,1.0,0.0,93.39,2.5563,0.0652,0.0652,5520.7758,1769466760.8051758,20.15,290,1439,0.798,36,0,0,10.31,15.0,0,1292,1769466755.928,-0.057,meta-llama/Llama-3.2-1B-Instruct,"1769466755.928, 1769466756.100, 1769466756.298, 1769466756.384, 1769466756.454"
1.0,0,1769466758.351,0.3478,27,32,59,0.5615,0.0795,0.0878,1.0,0.0,93.4,2.1743,-0.0907,0.0,5520.7758,1769466760.8751948,20.21,291,1440,0.856,39,0,0,10.31,15.0,0,1292,1769466755.928,-0.057,meta-llama/Llama-3.2-1B-Instruct,"1769466755.928, 1769466756.100, 1769466756.298, 1769466756.384, 1769466756.454"
1.0,0,1769466758.4216,0.9674,27,32,59,0.1258,0.078,0.0941,1.0,0.0,93.4,1.6566,0.0931,0.0931,5520.8689,1769466761.0631485,20.19,291,1441,0.856,37,0,0,10.31,15.0,0,1320,1769466761.347,0.356,meta-llama/Llama-3.2-1B-Instruct,"1769466761.347, 1769466761.431, 1769466761.610, 1769466761.649, 1769466761.773"
1.0,0,1769466758.5083,1.0917,27,32,59,0.0776,0.0838,0.0912,1.0,0.0,93.41,1.5934,0.1693,0.1693,5521.0381,1769466761.2062569,20.18,291,1442,0.856,36,1,0,10.31,15.0,0,1320,1769466761.347,0.356,meta-llama/Llama-3.2-1B-Instruct,"1769466761.347, 1769466761.431, 1769466761.610, 1769466761.649, 1769466761.773"
1.0,0,1769466758.4507,1.0841,27,32,59,0.1581,0.0857,0.0871,1.0,0.0,93.41,1.6791,0.2422,0.2422,5521.2803,1769466761.2181327,20.17,291,1443,0.856,37,0,0,10.31,15.0,0,1320,1769466761.347,0.356,meta-llama/Llama-3.2-1B-Instruct,"1769466761.347, 1769466761.431, 1769466761.610, 1769466761.649, 1769466761.773"
1.0,0,1769466758.5496,1.1496,27,32,59,0.1002,0.087,0.0996,1.0,0.0,93.41,1.5776,0.2498,0.2498,5521.5301,1769466761.2834787,20.15,291,1444,0.816,37,0,0,10.31,15.0,0,1320,1769466761.347,0.356,meta-llama/Llama-3.2-1B-Instruct,"1769466761.347, 1769466761.431, 1769466761.610, 1769466761.649, 1769466761.773"
1.0,0,1769466758.6269,1.1008,27,32,59,0.089,0.0798,0.0837,1.0,0.0,93.42,1.619,0.1898,0.1898,5521.72,1769466761.3730555,20.14,291,1445,0.729,35,0,0,10.31,15.0,0,1320,1769466761.347,0.356,meta-llama/Llama-3.2-1B-Instruct,"1769466761.347, 1769466761.431, 1769466761.610, 1769466761.649, 1769466761.773"
1.0,0,1769466758.6595,1.2561,27,32,59,0.1226,0.0883,0.0896,1.0,0.0,93.42,1.6236,0.3787,0.3787,5522.0987,1769466761.5530875,20.12,291,1446,0.73,35,0,0,10.31,15.0,0,1320,1769466761.347,0.356,meta-llama/Llama-3.2-1B-Instruct,"1769466761.347, 1769466761.431, 1769466761.610, 1769466761.649, 1769466761.773"
1.0,0,1769466758.7442,1.2137,27,32,59,0.1238,0.0839,0.1111,1.0,0.0,93.43,1.6651,0.3375,0.3375,5522.4362,1769466761.6255677,20.11,291,1447,0.73,35,0,0,10.31,15.0,0,1320,1769466761.347,0.356,meta-llama/Llama-3.2-1B-Instruct,"1769466761.347, 1769466761.431, 1769466761.610, 1769466761.649, 1769466761.773"
1.0,0,1769466758.7744,1.3178,27,32,59,0.0931,0.0728,0.081,1.0,0.0,93.43,1.5859,0.411,0.411,5522.8471,1769466761.6827009,20.1,291,1448,0.73,35,1,0,10.31,15.0,0,1320,1769466761.347,0.356,meta-llama/Llama-3.2-1B-Instruct,"1769466761.347, 1769466761.431, 1769466761.610, 1769466761.649, 1769466761.773"
1.0,0,1769466758.8857,1.2408,27,32,59,0.0925,0.0726,0.081,1.0,0.0,93.44,1.6157,0.3334,0.3334,5523.1805,1769466761.7485652,20.08,291,1449,0.73,35,0,0,10.31,15.0,0,1320,1769466761.347,0.356,meta-llama/Llama-3.2-1B-Instruct,"1769466761.347, 1769466761.431, 1769466761.610, 1769466761.649, 1769466761.773"
1.0,0,1769466759.0061,1.222,27,32,59,0.0986,0.0822,0.0839,1.0,0.0,93.44,1.5914,0.3206,0.3206,5523.5011,1769466761.8242183,20.07,291,1450,0.731,35,0,0,10.31,15.0,0,1320,1769466761.347,0.356,meta-llama/Llama-3.2-1B-Instruct,"1769466761.347, 1769466761.431, 1769466761.610, 1769466761.649, 1769466761.773"
1.0,0,1769466760.6098,0.6561,27,11,38,0.0932,0.0967,0.0967,1.0,0.0,93.45,0.628,-0.2507,0.0,5523.5011,1769466761.912319,20.12,292,1451,0.704,37,0,0,10.31,15.0,0,1320,1769466761.347,0.356,meta-llama/Llama-3.2-1B-Instruct,"1769466761.347, 1769466761.431, 1769466761.610, 1769466761.649, 1769466761.773"
1.0,0,1769466759.0334,1.2364,27,34,61,0.1403,0.0803,0.0901,1.0,0.0,93.45,1.6456,0.3767,0.3767,5523.8778,1769466761.9237814,20.11,292,1452,0.731,35,0,0,10.31,15.0,0,1320,1769466761.347,0.356,meta-llama/Llama-3.2-1B-Instruct,"1769466761.347, 1769466761.431, 1769466761.610, 1769466761.649, 1769466761.773"
1.0,0,1769466759.5524,0.8705,27,32,59,0.1002,0.0796,0.0822,1.0,0.0,93.46,1.6075,-0.0294,0.0,5523.8778,1769466762.031706,20.17,293,1453,0.732,36,0,0,10.31,15.0,0,1320,1769466761.347,0.356,meta-llama/Llama-3.2-1B-Instruct,"1769466761.347, 1769466761.431, 1769466761.610, 1769466761.649, 1769466761.773"
1.0,0,1769466759.6157,0.8384,27,32,59,0.0842,0.0798,0.084,1.0,0.0,93.46,1.6431,-0.0774,0.0,5523.8778,1769466762.1123254,20.22,294,1454,0.7,35,0,0,10.31,15.0,0,1320,1769466761.347,0.356,meta-llama/Llama-3.2-1B-Instruct,"1769466761.347, 1769466761.431, 1769466761.610, 1769466761.649, 1769466761.773"
1.0,0,1769466759.7419,0.7722,27,32,59,0.1772,0.0964,0.3652,1.0,0.0,93.47,2.012,-0.0506,0.0,5523.8778,1769466762.5358598,20.33,296,1456,0.7,35,0,0,10.31,15.0,0,1320,1769466761.347,0.356,meta-llama/Llama-3.2-1B-Instruct,"1769466761.347, 1769466761.431, 1769466761.610, 1769466761.649, 1769466761.773"
200.0,1,1769466582.7164,179.3349,2847,0,2847,,,,200.0,,,0.4729,-20.1922,0.0,5523.8778,1769466762.5397506,20.27,296,1456,0.706,34,0,0,10.31,15.0,0,1320,1769466761.347,0.356,meta-llama/Llama-3.2-1B-Instruct,"1769466761.347, 1769466761.431, 1769466761.610, 1769466761.649, 1769466761.773"
1.0,0,1769466761.1455,0.5043,27,9,36,0.1557,0.0813,0.0813,1.0,0.0,93.47,0.8904,-0.34,0.0,5523.8778,1769466762.540857,20.38,297,1457,0.705,36,0,0,10.31,15.0,0,1320,1769466761.347,0.356,meta-llama/Llama-3.2-1B-Instruct,"1769466761.347, 1769466761.431, 1769466761.610, 1769466761.649, 1769466761.773"
1.0,0,1769466759.8493,0.7844,27,32,59,0.1109,0.374,1.3249,1.0,0.3249,93.4,3.2228,-0.1046,0.0,5523.8778,1769466763.863223,20.44,298,1458,0.701,35,0,0,10.31,15.0,0,1320,1769466761.347,0.356,meta-llama/Llama-3.2-1B-Instruct,"1769466761.347, 1769466761.431, 1769466761.610, 1769466761.649, 1769466761.773"
1.0,0,1769466762.4877,0.1823,27,0,27,,,,1.0,,,1.2393,0.4216,0.4216,5524.2994,1769466763.9111702,20.42,298,1459,0.804,37,0,0,10.31,15.0,0,1320,1769466761.347,0.356,meta-llama/Llama-3.2-1B-Instruct,"1769466761.347, 1769466761.431, 1769466761.610, 1769466761.649, 1769466761.773"
1.0,0,1769466759.9868,0.7594,27,32,59,0.1568,0.3717,1.3162,1.0,0.3162,93.34,3.2862,-0.0838,0.0,5524.2994,1769466764.0337481,20.48,299,1460,0.702,37,0,0,10.31,15.0,0,1320,1769466761.347,0.356,meta-llama/Llama-3.2-1B-Instruct,"1769466761.347, 1769466761.431, 1769466761.610, 1769466761.649, 1769466761.773"
1.0,0,1769466760.1025,0.7166,27,32,59,0.1107,0.3755,1.3201,1.0,0.3201,93.27,3.2785,-0.1727,0.0,5524.2994,1769466764.1033628,20.53,300,1461,0.702,36,1,0,10.31,15.0,0,1320,1769466761.347,0.356,meta-llama/Llama-3.2-1B-Instruct,"1769466761.347, 1769466761.431, 1769466761.610, 1769466761.649, 1769466761.773"
1.0,0,1769466760.1601,0.7837,27,32,59,0.1444,0.3698,1.3319,1.0,0.3319,93.21,3.2856,-0.0719,0.0,5524.2994,1769466764.2316291,20.59,301,1462,0.703,37,0,0,10.31,15.0,0,1320,1769466761.347,0.356,meta-llama/Llama-3.2-1B-Instruct,"1769466761.347, 1769466761.431, 1769466761.610, 1769466761.649, 1769466761.773"
1.0,0,1769466760.347,0.7924,27,32,59,0.0911,0.377,1.3162,1.0,0.3162,93.14,3.25,-0.1166,0.0,5524.2994,1769466764.412198,20.64,302,1463,0.704,37,0,0,10.31,15.0,0,1320,1769466761.347,0.356,meta-llama/Llama-3.2-1B-Instruct,"1769466761.347, 1769466761.431, 1769466761.610, 1769466761.649, 1769466761.773"
1.0,0,1769466760.4311,0.7363,27,32,59,0.1142,0.368,1.3256,1.0,0.3256,93.07,3.2859,-0.1495,0.0,5524.2994,1769466764.4640706,20.7,303,1464,0.704,37,0,0,10.31,15.0,0,1320,1769466761.347,0.356,meta-llama/Llama-3.2-1B-Instruct,"1769466761.347, 1769466761.431, 1769466761.610, 1769466761.649, 1769466761.773"
1.0,0,1769466760.6488,0.8013,27,32,59,0.1299,0.3731,1.3252,1.0,0.3252,93.01,3.3115,-0.0687,0.0,5524.2994,1769466764.770611,20.75,304,1465,0.705,36,0,0,10.31,15.0,0,1320,1769466761.347,0.356,meta-llama/Llama-3.2-1B-Instruct,"1769466761.347, 1769466761.431, 1769466761.610, 1769466761.649, 1769466761.773"
1.0,0,1769466760.7728,0.7485,27,32,59,0.0973,0.3729,1.3209,1.0,0.3209,92.94,3.3065,-0.1542,0.0,5524.2994,1769466764.8352282,20.8,305,1466,0.705,36,0,0,10.31,15.0,0,1320,1769466761.347,0.356,meta-llama/Llama-3.2-1B-Instruct,"1769466761.347, 1769466761.431, 1769466761.610, 1769466761.649, 1769466761.773"
1.0,0,1769466761.6257,0.0796,27,32,59,0.0871,0.3678,1.3215,1.0,0.3215,92.88,3.3217,-0.8333,0.0,5524.2994,1769466765.0357919,20.86,306,1467,0.705,35,0,0,10.31,15.0,0,1320,1769466761.347,0.356,meta-llama/Llama-3.2-1B-Instruct,"1769466761.347, 1769466761.431, 1769466761.610, 1769466761.649, 1769466761.773"
1.0,0,1769466761.6837,0.0825,27,32,59,0.1436,0.3621,1.3297,1.0,0.3297,92.81,3.4108,-0.7739,0.0,5524.2994,1769466765.196248,20.91,307,1468,0.706,36,0,0,10.31,15.0,0,1320,1769466761.347,0.356,meta-llama/Llama-3.2-1B-Instruct,"1769466761.347, 1769466761.431, 1769466761.610, 1769466761.649, 1769466761.773"
1.0,0,1769466761.7192,0.199,27,32,59,0.1525,0.3709,1.3312,1.0,0.3312,92.75,3.4199,-0.6486,0.0,5524.2994,1769466765.33966,20.97,308,1469,0.706,36,0,0,10.31,15.0,0,1320,1769466761.347,0.356,meta-llama/Llama-3.2-1B-Instruct,"1769466761.347, 1769466761.431, 1769466761.610, 1769466761.649, 1769466761.773"
1.0,0,1769466761.8374,0.1454,27,32,59,0.0855,0.3637,1.3314,1.0,0.3314,92.68,3.4088,-0.7691,0.0,5524.2994,1769466765.4068785,21.02,309,1470,0.706,34,1,0,10.31,15.0,0,1320,1769466761.347,0.356,meta-llama/Llama-3.2-1B-Instruct,"1769466761.347, 1769466761.431, 1769466761.610, 1769466761.649, 1769466761.773"
1.0,0,1769466762.2505,0.1333,27,32,59,1.4524,0.0776,0.0872,1.0,0.0,92.69,3.1266,0.5857,0.5857,5524.8851,1769466765.5274177,21.01,309,1471,0.733,35,0,0,10.31,15.0,0,1320,1769466761.347,0.356,meta-llama/Llama-3.2-1B-Instruct,"1769466761.347, 1769466761.431, 1769466761.610, 1769466761.649, 1769466761.773"
1.0,0,1769466762.002,0.186,27,32,59,1.6597,0.0828,0.1298,1.0,0.0,92.69,3.3413,0.8457,0.8457,5525.7308,1769466765.5336878,20.99,309,1472,0.733,35,0,0,10.31,15.0,0,1320,1769466761.347,0.356,meta-llama/Llama-3.2-1B-Instruct,"1769466761.347, 1769466761.431, 1769466761.610, 1769466761.649, 1769466761.773"
1.0,0,1769466762.4231,0.2182,27,32,59,1.2412,0.0955,0.098,1.0,0.0,92.7,2.947,0.4594,0.4594,5526.52,1769466765.622195,20.98,309,1474,0.804,37,0,0,10.31,15.0,0,1320,1769466761.347,0.356,meta-llama/Llama-3.2-1B-Instruct,"1769466761.347, 1769466761.431, 1769466761.610, 1769466761.649, 1769466761.773"
1.0,0,1769466762.5802,0.1303,27,32,59,1.1994,0.0879,0.105,1.0,0.0,92.7,2.8822,0.3297,0.3297,5526.52,1769466765.627072,20.96,309,1474,0.804,37,0,0,10.31,15.0,0,1320,1769466761.347,0.356,meta-llama/Llama-3.2-1B-Instruct,"1769466761.347, 1769466761.431, 1769466761.610, 1769466761.649, 1769466761.773"
1.0,0,1769466762.9633,1.8276,27,14,41,0.1344,0.0784,0.0784,1.0,0.0,92.71,0.8987,0.962,0.962,5527.482,1769466765.7003608,20.95,309,1475,0.808,38,0,0,10.31,15.0,0,1320,1769466761.347,0.356,meta-llama/Llama-3.2-1B-Instruct,"1769466761.347, 1769466761.431, 1769466761.610, 1769466761.649, 1769466761.773"
1.0,0,1769466762.6475,1.3342,27,32,59,0.1515,0.0992,0.1324,1.0,0.0,92.71,1.8583,0.4857,0.4857,5527.9677,1769466765.8495822,20.93,309,1476,0.806,38,0,0,10.31,15.0,0,1320,1769466761.347,0.356,meta-llama/Llama-3.2-1B-Instruct,"1769466761.347, 1769466761.431, 1769466761.610, 1769466761.649, 1769466761.773"
1.0,0,1769466762.6831,1.3619,27,32,59,0.1217,0.1039,0.1094,1.0,0.0,92.72,1.8061,0.4835,0.4835,5528.4512,1769466765.8542855,20.92,309,1477,0.805,37,1,0,10.31,15.0,0,1320,1769466761.347,0.356,meta-llama/Llama-3.2-1B-Instruct,"1769466761.347, 1769466761.431, 1769466761.610, 1769466761.649, 1769466761.773"
1.0,0,1769466762.8505,1.4032,27,32,59,0.1569,0.0932,0.1025,1.0,0.0,92.72,1.8345,0.5602,0.5602,5529.0114,1769466766.093868,20.91,309,1478,0.806,37,0,0,10.31,15.0,0,1369,1769466764.876,-1.189,meta-llama/Llama-3.2-1B-Instruct,"1769466764.876, 1769466764.934, 1769466764.994, 1769466765.182, 1769466765.231"
1.0,0,1769466762.8791,1.4424,27,32,59,0.1314,0.1052,0.1324,1.0,0.0,92.73,1.8295,0.5738,0.5738,5530.1301,1769466766.1589668,20.89,309,1480,0.806,37,0,0,10.31,15.0,0,1369,1769466764.876,-1.189,meta-llama/Llama-3.2-1B-Instruct,"1769466764.876, 1769466764.934, 1769466764.994, 1769466765.182, 1769466765.231"
1.0,0,1769466762.9074,1.4728,27,32,59,0.0721,0.1038,0.1263,1.0,0.0,92.73,1.7742,0.5449,0.5449,5530.1301,1769466766.1634836,20.88,309,1480,0.807,38,1,0,10.31,15.0,0,1369,1769466764.876,-1.189,meta-llama/Llama-3.2-1B-Instruct,"1769466764.876, 1769466764.934, 1769466764.994, 1769466765.182, 1769466765.231"
1.0,0,1769466763.034,1.8559,27,26,53,0.1479,0.0933,0.1045,1.0,0.0,92.74,1.4825,1.0037,1.0037,5532.4921,1769466766.3915591,20.86,309,1482,0.809,38,0,0,10.31,15.0,0,1369,1769466764.876,-1.189,meta-llama/Llama-3.2-1B-Instruct,"1769466764.876, 1769466764.934, 1769466764.994, 1769466765.182, 1769466765.231"
1.0,0,1769466763.2824,2.1827,27,15,42,0.1755,0.1004,0.1004,1.0,0.0,92.74,0.9125,1.3583,1.3583,5533.3007,1769466766.407441,20.85,309,1483,0.811,37,0,0,10.31,15.0,0,1369,1769466764.876,-1.189,meta-llama/Llama-3.2-1B-Instruct,"1769466764.876, 1769466764.934, 1769466764.994, 1769466765.182, 1769466765.231"
1.0,0,1769466762.9356,1.7032,27,31,58,0.1053,0.094,0.1041,1.0,0.0,92.75,1.766,0.8086,0.8086,5533.3007,1769466766.4095614,20.84,309,1483,0.808,38,0,0,10.31,15.0,0,1369,1769466764.876,-1.189,meta-llama/Llama-3.2-1B-Instruct,"1769466764.876, 1769466764.934, 1769466764.994, 1769466765.182, 1769466765.231"
1.0,0,1769466763.1066,1.9566,27,32,59,0.1385,0.0894,0.0928,1.0,0.0,92.75,1.7502,1.0951,1.0951,5534.3958,1769466766.8186967,20.82,309,1484,0.81,38,0,0,10.31,15.0,0,1369,1769466764.876,-1.189,meta-llama/Llama-3.2-1B-Instruct,"1769466764.876, 1769466764.934, 1769466764.994, 1769466765.182, 1769466765.231"
1.0,0,1769466763.1336,2.1438,27,32,59,0.1208,0.0856,0.1222,1.0,0.0,92.76,1.7641,1.2646,1.2646,5535.6604,1769466767.0791647,20.81,309,1485,0.812,38,0,0,10.31,15.0,0,1369,1769466764.876,-1.189,meta-llama/Llama-3.2-1B-Instruct,"1769466764.876, 1769466764.934, 1769466764.994, 1769466765.182, 1769466765.231"
1.0,0,1769466763.2004,2.1804,27,32,59,0.1513,0.0989,0.1297,1.0,0.0,92.76,1.7633,1.3318,1.3318,5536.9921,1769466767.1485047,20.79,309,1486,0.811,37,0,0,10.31,15.0,0,1369,1769466764.876,-1.189,meta-llama/Llama-3.2-1B-Instruct,"1769466764.876, 1769466764.934, 1769466764.994, 1769466765.182, 1769466765.231"
1.0,0,1769466763.3976,2.2641,27,32,59,0.1622,0.0821,0.087,1.0,0.0,92.77,1.7346,1.4264,1.4264,5538.4185,1769466767.4195197,20.78,309,1487,0.811,35,0,0,10.31,15.0,0,1369,1769466764.876,-1.189,meta-llama/Llama-3.2-1B-Instruct,"1769466764.876, 1769466764.934, 1769466764.994, 1769466765.182, 1769466765.231"
1.0,0,1769466763.4247,2.3062,27,32,59,0.0821,0.0826,0.0929,1.0,0.0,92.77,1.7437,1.3884,1.3884,5539.8069,1769466767.478231,20.77,309,1488,0.811,34,0,0,10.31,15.0,0,1369,1769466764.876,-1.189,meta-llama/Llama-3.2-1B-Instruct,"1769466764.876, 1769466764.934, 1769466764.994, 1769466765.182, 1769466765.231"
1.0,0,1769466763.4517,2.3454,27,32,59,0.1191,0.0983,0.1008,1.0,0.0,92.78,1.7856,1.4645,1.4645,5541.2713,1769466767.6012118,20.75,309,1489,0.812,35,0,0,10.31,15.0,0,1369,1769466764.876,-1.189,meta-llama/Llama-3.2-1B-Instruct,"1769466764.876, 1769466764.934, 1769466764.994, 1769466765.182, 1769466765.231"
1.0,0,1769466763.56,2.4496,27,32,59,0.1026,0.0899,0.09,1.0,0.0,92.78,1.7152,1.5522,1.5522,5542.8235,1769466767.7414045,20.74,309,1490,0.812,35,0,0,10.31,15.0,0,1369,1769466764.876,-1.189,meta-llama/Llama-3.2-1B-Instruct,"1769466764.876, 1769466764.934, 1769466764.994, 1769466765.182, 1769466765.231"
1.0,0,1769466763.5875,2.4268,27,32,59,0.1259,0.0812,0.0922,1.0,0.0,92.79,1.7908,1.5526,1.5526,5545.9107,1769466767.8121207,20.72,309,1492,0.812,35,0,0,10.31,15.0,0,1369,1769466764.876,-1.189,meta-llama/Llama-3.2-1B-Instruct,"1769466764.876, 1769466764.934, 1769466764.994, 1769466765.182, 1769466765.231"
1.0,0,1769466763.6148,2.4326,27,32,59,0.1019,0.0955,0.1044,1.0,0.0,92.79,1.7586,1.5345,1.5345,5545.9107,1769466767.8141634,20.71,309,1492,0.812,35,0,0,10.31,15.0,0,1369,1769466764.876,-1.189,meta-llama/Llama-3.2-1B-Instruct,"1769466764.876, 1769466764.934, 1769466764.994, 1769466765.182, 1769466765.231"
1.0,0,1769466763.7356,2.4234,27,32,59,0.0763,0.0985,0.1171,1.0,0.0,92.8,1.771,1.4998,1.4998,5547.4105,1769466767.9473813,20.7,309,1493,0.813,36,0,0,10.31,15.0,0,1369,1769466764.876,-1.189,meta-llama/Llama-3.2-1B-Instruct,"1769466764.876, 1769466764.934, 1769466764.994, 1769466765.182, 1769466765.231"
1.0,0,1769466765.9807,1.9166,27,0,27,,,,1.0,,,0.0911,1.0078,1.0078,5548.4183,1769466767.9980648,20.68,309,1494,0.821,36,0,0,10.31,15.0,0,1369,1769466764.876,-1.189,meta-llama/Llama-3.2-1B-Instruct,"1769466764.876, 1769466764.934, 1769466764.994, 1769466765.182, 1769466765.231"
1.0,0,1769466763.8761,2.3215,27,32,59,0.1589,0.0852,0.0877,1.0,0.0,92.8,1.8191,1.4804,1.4804,5549.8987,1769466768.0253048,20.67,309,1495,0.813,35,0,0,10.31,15.0,0,1369,1769466764.876,-1.189,meta-llama/Llama-3.2-1B-Instruct,"1769466764.876, 1769466764.934, 1769466764.994, 1769466765.182, 1769466765.231"
1.0,0,1769466763.9339,2.3473,27,32,59,0.1246,0.0981,0.1147,1.0,0.0,92.81,1.8091,1.4719,1.4719,5551.3706,1769466768.1093113,20.66,309,1496,0.814,36,0,0,10.31,15.0,0,1369,1769466764.876,-1.189,meta-llama/Llama-3.2-1B-Instruct,"1769466764.876, 1769466764.934, 1769466764.994, 1769466765.182, 1769466765.231"
1.0,0,1769466763.9944,2.354,27,32,59,0.1516,0.0852,0.096,1.0,0.0,92.81,1.842,1.5056,1.5056,5552.8762,1769466768.2056425,20.64,309,1497,0.815,38,0,0,10.31,15.0,0,1369,1769466764.876,-1.189,meta-llama/Llama-3.2-1B-Instruct,"1769466764.876, 1769466764.934, 1769466764.994, 1769466765.182, 1769466765.231"
1.0,0,1769466764.1818,2.2913,27,32,59,0.1288,0.1028,0.1072,1.0,0.0,92.82,1.822,1.4201,1.4201,5554.2964,1769466768.2960057,20.63,309,1498,0.814,36,0,0,10.31,15.0,0,1369,1769466764.876,-1.189,meta-llama/Llama-3.2-1B-Instruct,"1769466764.876, 1769466764.934, 1769466764.994, 1769466765.182, 1769466765.231"
1.0,0,1769466764.2313,2.3147,27,32,59,0.1372,0.0869,0.092,1.0,0.0,92.82,1.8176,1.4519,1.4519,5555.7483,1769466768.3774643,20.61,309,1499,0.815,36,0,0,10.31,15.0,0,1369,1769466764.876,-1.189,meta-llama/Llama-3.2-1B-Instruct,"1769466764.876, 1769466764.934, 1769466764.994, 1769466765.182, 1769466765.231"
1.0,0,1769466765.3505,2.2067,27,14,41,0.1336,0.0859,0.0859,1.0,0.0,92.83,0.9032,1.3403,1.3403,5558.5567,1769466768.4662235,20.6,309,1501,0.821,38,0,0,10.31,15.0,0,1369,1769466764.876,-1.189,meta-llama/Llama-3.2-1B-Instruct,"1769466764.876, 1769466764.934, 1769466764.994, 1769466765.182, 1769466765.231"
1.0,0,1769466764.9426,2.3044,27,19,46,0.1638,0.0791,0.0791,1.0,0.0,92.83,1.2146,1.4681,1.4681,5558.5567,1769466768.4669304,20.59,309,1501,0.819,38,0,0,10.31,15.0,0,1369,1769466764.876,-1.189,meta-llama/Llama-3.2-1B-Instruct,"1769466764.876, 1769466764.934, 1769466764.994, 1769466765.182, 1769466765.231"
1.0,0,1769466764.3336,2.3244,27,32,59,0.1369,0.082,0.086,1.0,0.0,92.84,1.8467,1.4613,1.4613,5560.018,1769466768.537228,20.57,309,1502,0.816,38,0,0,10.31,15.0,0,1369,1769466764.876,-1.189,meta-llama/Llama-3.2-1B-Instruct,"1769466764.876, 1769466764.934, 1769466764.994, 1769466765.182, 1769466765.231"
1.0,0,1769466764.5154,2.2371,27,32,59,0.1446,0.0902,0.0978,1.0,0.0,92.84,1.8633,1.3816,1.3816,5561.3996,1769466768.6502974,20.56,309,1503,0.817,38,1,0,10.31,15.0,0,1369,1769466764.876,-1.189,meta-llama/Llama-3.2-1B-Instruct,"1769466764.876, 1769466764.934, 1769466764.994, 1769466765.182, 1769466765.231"
1.0,0,1769466764.712,2.2253,27,32,59,0.1462,0.0823,0.0986,1.0,0.0,92.85,1.8633,1.3716,1.3716,5562.7712,1769466768.8041542,20.55,309,1504,0.819,39,0,0,10.31,15.0,0,1369,1769466764.876,-1.189,meta-llama/Llama-3.2-1B-Instruct,"1769466764.876, 1769466764.934, 1769466764.994, 1769466765.182, 1769466765.231"
1.0,0,1769466764.7968,2.4143,27,32,59,0.0827,0.0872,0.0877,1.0,0.0,92.85,1.7976,1.4969,1.4969,5564.2681,1769466769.0158367,20.53,309,1505,0.819,38,0,0,10.31,15.0,0,1369,1769466764.876,-1.189,meta-llama/Llama-3.2-1B-Instruct,"1769466764.876, 1769466764.934, 1769466764.994, 1769466765.182, 1769466765.231"
1.0,0,1769466765.7005,1.9242,27,32,59,0.1025,0.0939,0.1247,1.0,0.0,92.86,1.7554,1.0268,1.0268,5565.2949,1769466769.3909276,20.52,309,1506,0.821,37,1,0,10.31,15.0,0,1369,1769466764.876,-1.189,meta-llama/Llama-3.2-1B-Instruct,"1769466764.876, 1769466764.934, 1769466764.994, 1769466765.182, 1769466765.231"
1.0,0,1769466767.8083,1.5425,27,0,27,,,,1.0,,,0.0839,0.6264,0.6264,5565.9213,1769466769.4498496,20.5,310,1508,0.828,38,0,0,10.31,15.0,0,1369,1769466764.876,-1.189,meta-llama/Llama-3.2-1B-Instruct,"1769466764.876, 1769466764.934, 1769466764.994, 1769466765.182, 1769466765.231"
200.0,1,1769466581.6089,122.9406,2889,1024,3913,0.4356,0.0909,0.4262,200.0,0.0,92.86,64.9,-12.1594,0.0,5565.9213,1769466769.4647214,20.56,310,1508,0.901,36,0,0,10.31,15.0,0,1369,1769466764.876,-1.189,meta-llama/Llama-3.2-1B-Instruct,"1769466764.876, 1769466764.934, 1769466764.994, 1769466765.182, 1769466765.231"
1.0,0,1769466765.8684,1.9676,27,32,59,0.1351,0.0877,0.1054,1.0,0.0,92.87,1.7491,1.1026,1.1026,5567.0239,1769466769.5875072,20.54,310,1509,0.821,36,0,0,10.31,15.0,0,1369,1769466764.876,-1.189,meta-llama/Llama-3.2-1B-Instruct,"1769466764.876, 1769466764.934, 1769466764.994, 1769466765.182, 1769466765.231"
1.0,0,1769466766.0617,1.9038,27,32,59,0.1436,0.1148,0.1152,1.0,0.0,92.87,1.7806,1.0473,1.0473,5568.0713,1769466769.7486098,20.53,310,1510,0.822,37,0,0,10.31,15.0,0,1369,1769466764.876,-1.189,meta-llama/Llama-3.2-1B-Instruct,"1769466764.876, 1769466764.934, 1769466764.994, 1769466765.182, 1769466765.231"
1.0,0,1769466766.1683,1.9472,27,32,59,0.0875,0.0899,0.1079,1.0,0.0,92.88,1.7299,1.0347,1.0347,5569.1059,1769466769.873975,20.52,310,1511,0.821,35,0,0,10.31,15.0,0,1369,1769466764.876,-1.189,meta-llama/Llama-3.2-1B-Instruct,"1769466764.876, 1769466764.934, 1769466764.994, 1769466765.182, 1769466765.231"
1.0,0,1769466766.4303,1.8336,27,32,59,0.0958,0.0976,0.1069,1.0,0.0,92.88,1.755,0.9294,0.9294,5570.0354,1769466770.0201674,20.5,310,1512,0.821,34,0,0,10.31,15.0,0,1369,1769466764.876,-1.189,meta-llama/Llama-3.2-1B-Instruct,"1769466764.876, 1769466764.934, 1769466764.994, 1769466765.182, 1769466765.231"
1.0,0,1769466766.7247,1.7014,27,32,59,0.1038,0.1075,0.1128,1.0,0.0,92.89,1.7371,0.8052,0.8052,5571.7503,1769466770.1783473,20.48,310,1514,0.821,32,0,0,10.31,15.0,0,1369,1769466764.876,-1.189,meta-llama/Llama-3.2-1B-Instruct,"1769466764.876, 1769466764.934, 1769466764.994, 1769466765.182, 1769466765.231"
1.0,0,1769466766.8293,1.7313,27,32,59,0.0958,0.0992,0.1243,1.0,0.0,92.9,1.6891,0.8271,0.8271,5572.5774,1769466770.2505496,20.46,310,1515,0.822,33,0,0,10.31,15.0,0,1369,1769466764.876,-1.189,meta-llama/Llama-3.2-1B-Instruct,"1769466764.876, 1769466764.934, 1769466764.994, 1769466765.182, 1769466765.231"
1.0,0,1769466766.8622,1.7361,27,31,58,0.1657,0.1025,0.107,1.0,0.0,92.9,1.7721,0.9018,0.9018,5573.4792,1769466770.391932,20.45,310,1516,0.822,33,0,0,10.31,15.0,0,1369,1769466764.876,-1.189,meta-llama/Llama-3.2-1B-Instruct,"1769466764.876, 1769466764.934, 1769466764.994, 1769466765.182, 1769466765.231"
1.0,0,1769466766.9536,1.7247,27,32,59,0.097,0.0949,0.0951,1.0,0.0,92.91,1.7273,0.8216,0.8216,5574.3008,1769466770.4092658,20.44,310,1517,0.822,33,1,0,10.31,15.0,0,1369,1769466764.876,-1.189,meta-llama/Llama-3.2-1B-Instruct,"1769466764.876, 1769466764.934, 1769466764.994, 1769466765.182, 1769466765.231"
1.0,0,1769466767.1061,1.6526,27,32,59,0.1235,0.1017,0.1031,1.0,0.0,92.91,1.7928,0.7761,0.7761,5575.0769,1769466770.561344,20.42,310,1518,0.823,34,0,0,10.31,15.0,0,1369,1769466764.876,-1.189,meta-llama/Llama-3.2-1B-Instruct,"1769466764.876, 1769466764.934, 1769466764.994, 1769466765.182, 1769466765.231"
1.0,0,1769466767.1583,1.7371,27,32,59,0.1027,0.0938,0.1045,1.0,0.0,92.92,1.7902,0.8398,0.8398,5575.9167,1769466770.6907604,20.41,310,1519,0.824,35,0,0,10.31,15.0,0,1369,1769466764.876,-1.189,meta-llama/Llama-3.2-1B-Instruct,"1769466764.876, 1769466764.934, 1769466764.994, 1769466765.182, 1769466765.231"
1.0,0,1769466767.2189,1.7298,27,32,59,0.1384,0.0833,0.0893,1.0,0.0,92.92,1.7881,0.8681,0.8681,5576.7849,1769466770.7411077,20.39,310,1520,0.824,35,0,0,10.31,15.0,0,1369,1769466764.876,-1.189,meta-llama/Llama-3.2-1B-Instruct,"1769466764.876, 1769466764.934, 1769466764.994, 1769466765.182, 1769466765.231"
1.0,0,1769466767.5059,1.5945,27,32,59,0.1141,0.0947,0.127,1.0,0.0,92.93,1.7386,0.7086,0.7086,5577.4935,1769466770.8412094,20.38,310,1521,0.825,36,0,0,10.31,15.0,0,1369,1769466764.876,-1.189,meta-llama/Llama-3.2-1B-Instruct,"1769466764.876, 1769466764.934, 1769466764.994, 1769466765.182, 1769466765.231"
1.0,0,1769466767.5703,1.5691,27,32,59,0.0916,0.086,0.0862,1.0,0.0,92.93,1.7378,0.6607,0.6607,5578.1542,1769466770.8871188,20.37,310,1522,0.826,36,0,0,10.31,15.0,0,1369,1769466764.876,-1.189,meta-llama/Llama-3.2-1B-Instruct,"1769466764.876, 1769466764.934, 1769466764.994, 1769466765.182, 1769466765.231"
1.0,0,1769466767.7558,1.5194,27,32,59,0.1315,0.091,0.1053,1.0,0.0,92.93,1.7787,0.6509,0.6509,5578.8051,1769466771.0550325,20.35,310,1523,0.827,38,0,0,10.31,15.0,0,1369,1769466764.876,-1.189,meta-llama/Llama-3.2-1B-Instruct,"1769466764.876, 1769466764.934, 1769466764.994, 1769466765.182, 1769466765.231"
1.0,0,1769466767.8733,1.7293,27,32,59,0.1012,0.1057,0.1152,1.0,0.0,92.94,1.7766,0.8305,0.8305,5579.6356,1769466771.3957222,20.34,310,1524,0.792,36,0,0,10.31,15.0,0,1382,1769466771.905,0.823,meta-llama/Llama-3.2-1B-Instruct,"1769466771.905, 1769466782.895, 1769466782.934, 1769466782.967, 1769466782.995"
1.0,0,1769466767.9182,1.7541,27,32,59,0.1705,0.1022,0.1139,1.0,0.0,92.94,1.7786,0.9246,0.9246,5580.5602,1769466771.4548378,20.33,310,1525,0.792,36,0,0,10.31,15.0,0,1382,1769466771.905,0.823,meta-llama/Llama-3.2-1B-Instruct,"1769466771.905, 1769466782.895, 1769466782.934, 1769466782.967, 1769466782.995"
1.0,0,1769466768.3096,1.4641,27,32,59,0.0764,0.0943,0.1222,1.0,0.0,92.95,1.7468,0.5405,0.5405,5581.1006,1769466771.5222716,20.31,310,1526,0.792,36,1,0,10.31,15.0,0,1382,1769466771.905,0.823,meta-llama/Llama-3.2-1B-Instruct,"1769466771.905, 1769466782.895, 1769466782.934, 1769466782.967, 1769466782.995"
1.0,0,1769466768.4889,1.4142,27,32,59,0.1414,0.0813,0.0869,1.0,0.0,92.95,1.7651,0.5557,0.5557,5581.6563,1769466771.678129,20.3,310,1527,0.793,37,0,0,10.31,15.0,0,1382,1769466771.905,0.823,meta-llama/Llama-3.2-1B-Instruct,"1769466771.905, 1769466782.895, 1769466782.934, 1769466782.967, 1769466782.995"
1.0,0,1769466768.5756,1.3959,27,32,59,0.0975,0.0946,0.1025,1.0,0.0,92.96,1.7502,0.4934,0.4934,5582.1497,1769466771.7237716,20.29,311,1529,0.793,37,1,0,10.31,15.0,0,1382,1769466771.905,0.823,meta-llama/Llama-3.2-1B-Instruct,"1769466771.905, 1769466782.895, 1769466782.934, 1769466782.967, 1769466782.995"
1.0,0,1769466771.3189,0.2905,27,0,27,,,,1.0,,,0.1141,-0.5953,0.0,5582.1497,1769466771.7240934,20.34,311,1529,0.8,37,0,0,10.31,15.0,0,1382,1769466771.905,0.823,meta-llama/Llama-3.2-1B-Instruct,"1769466771.905, 1769466782.895, 1769466782.934, 1769466782.967, 1769466782.995"
1.0,0,1769466768.924,1.1147,27,32,59,0.1465,0.0855,0.0926,1.0,0.0,92.96,1.7934,0.2612,0.2612,5582.4109,1769466771.8429897,20.33,311,1530,0.794,38,0,0,10.31,15.0,0,1382,1769466771.905,0.823,meta-llama/Llama-3.2-1B-Instruct,"1769466771.905, 1769466782.895, 1769466782.934, 1769466782.967, 1769466782.995"
1.0,0,1769466770.905,0.2894,27,10,37,0.1684,0.0867,0.0867,1.0,0.0,92.97,0.6751,-0.5422,0.0,5582.4109,1769466771.8707242,20.38,312,1531,0.799,38,0,0,10.31,15.0,0,1382,1769466771.905,0.823,meta-llama/Llama-3.2-1B-Instruct,"1769466771.905, 1769466782.895, 1769466782.934, 1769466782.967, 1769466782.995"
1.0,0,1769466769.0244,1.2458,27,32,59,0.1138,0.0955,0.1135,1.0,0.0,92.97,1.7722,0.3596,0.3596,5582.7706,1769466772.0535338,20.37,312,1532,0.794,36,0,0,10.31,15.0,0,1382,1769466771.905,0.823,meta-llama/Llama-3.2-1B-Instruct,"1769466771.905, 1769466782.895, 1769466782.934, 1769466782.967, 1769466782.995"
1.0,0,1769466769.3266,1.1189,27,32,59,0.1105,0.2812,0.7336,1.0,0.0,92.98,2.7029,0.2294,0.2294,5582.9999,1769466773.149886,20.35,312,1533,0.795,35,0,0,10.31,15.0,0,1382,1769466771.905,0.823,meta-llama/Llama-3.2-1B-Instruct,"1769466771.905, 1769466782.895, 1769466782.934, 1769466782.967, 1769466782.995"
1.0,0,1769466769.3858,1.1316,27,32,59,0.1397,0.2785,0.7332,1.0,0.0,92.98,2.77,0.2713,0.2713,5583.2712,1769466773.2910953,20.34,312,1534,0.794,35,0,0,10.31,15.0,0,1382,1769466771.905,0.823,meta-llama/Llama-3.2-1B-Instruct,"1769466771.905, 1769466782.895, 1769466782.934, 1769466782.967, 1769466782.995"
1.0,0,1769466769.8702,0.7454,27,32,59,0.1454,0.2896,0.7425,1.0,0.0,92.99,2.9879,-0.1092,0.0,5583.2712,1769466773.623972,20.39,313,1535,0.795,35,1,0,10.31,15.0,0,1382,1769466771.905,0.823,meta-llama/Llama-3.2-1B-Instruct,"1769466771.905, 1769466782.895, 1769466782.934, 1769466782.967, 1769466782.995"
1.0,0,1769466772.1061,0.0829,27,7,34,0.9565,0.2875,0.2875,1.0,0.0,92.99,1.454,0.0394,0.0394,5583.3463,1769466773.678197,20.38,313,1537,0.85,37,0,0,10.31,15.0,0,1382,1769466771.905,0.823,meta-llama/Llama-3.2-1B-Instruct,"1769466771.905, 1769466782.895, 1769466782.934, 1769466782.967, 1769466782.995"
1.0,0,1769466770.117,0.7173,27,32,59,0.1789,0.2833,0.728,1.0,0.0,93.0,2.862,-0.1038,0.0,5583.3463,1769466773.7050235,20.42,314,1538,0.795,35,0,0,10.31,15.0,0,1382,1769466771.905,0.823,meta-llama/Llama-3.2-1B-Instruct,"1769466771.905, 1769466782.895, 1769466782.934, 1769466782.967, 1769466782.995"
1.0,0,1769466770.6688,0.2621,27,31,58,0.084,0.3031,0.7336,1.0,0.0,93.0,2.776,-0.6539,0.0,5583.3463,1769466773.7119625,20.47,315,1539,0.795,33,1,0,10.31,15.0,0,1382,1769466771.905,0.823,meta-llama/Llama-3.2-1B-Instruct,"1769466771.905, 1769466782.895, 1769466782.934, 1769466782.967, 1769466782.995"
1.0,0,1769466769.9866,0.8352,27,32,59,0.2006,0.2697,0.7334,1.0,0.0,93.01,2.8449,0.0357,0.0357,5583.3463,1769466773.71634,20.36,316,1540,0.795,35,1,0,10.31,15.0,0,1382,1769466771.905,0.823,meta-llama/Llama-3.2-1B-Instruct,"1769466771.905, 1769466782.895, 1769466782.934, 1769466782.967, 1769466782.995"
1.0,0,1769466770.5917,0.2688,27,32,59,0.1557,0.2798,0.729,1.0,0.0,93.01,2.8551,-0.5754,0.0,5583.3463,1769466773.7189221,20.52,316,1540,0.795,34,0,0,10.31,15.0,0,1382,1769466771.905,0.823,meta-llama/Llama-3.2-1B-Instruct,"1769466771.905, 1769466782.895, 1769466782.934, 1769466782.967, 1769466782.995"
1.0,0,1769466770.7415,0.2528,27,32,59,0.1416,0.2748,0.7375,1.0,0.0,93.02,2.8235,-0.6055,0.0,5583.3463,1769466773.820772,20.57,317,1541,0.797,37,0,0,10.31,15.0,0,1382,1769466771.905,0.823,meta-llama/Llama-3.2-1B-Instruct,"1769466771.905, 1769466782.895, 1769466782.934, 1769466782.967, 1769466782.995"
1.0,0,1769466771.1656,0.1097,27,28,55,0.1,0.2793,0.7219,1.0,0.0,93.02,2.6702,-0.7903,0.0,5583.3463,1769466773.960632,20.62,319,1543,0.799,38,1,0,10.31,15.0,0,1382,1769466771.905,0.823,meta-llama/Llama-3.2-1B-Instruct,"1769466771.905, 1769466782.895, 1769466782.934, 1769466782.967, 1769466782.995"
1.0,0,1769466770.8012,0.3265,27,32,59,0.0939,0.289,0.7373,1.0,0.0,93.02,2.8349,-0.5796,0.0,5583.3463,1769466773.9676251,20.73,320,1544,0.797,37,0,0,10.31,15.0,0,1382,1769466771.905,0.823,meta-llama/Llama-3.2-1B-Instruct,"1769466771.905, 1769466782.895, 1769466782.934, 1769466782.967, 1769466782.995"
200.0,1,1769466581.6324,126.2966,2877,1025,3902,0.4602,0.0889,0.4909,200.0,0.0,93.03,66.028,-7.6755,0.0,5583.3463,1769466773.9714148,20.67,320,1544,0.578,31,0,0,10.31,15.0,0,1382,1769466771.905,0.823,meta-llama/Llama-3.2-1B-Instruct,"1769466771.905, 1769466782.895, 1769466782.934, 1769466782.967, 1769466782.995"
200.0,1,1769466581.7223,126.5663,2809,1030,3839,0.7485,0.0928,0.4208,200.0,0.0,93.03,65.6925,-7.7412,0.0,5583.3463,1769466773.9980092,20.83,322,1546,0.606,32,0,0,10.31,15.0,0,1382,1769466771.905,0.823,meta-llama/Llama-3.2-1B-Instruct,"1769466771.905, 1769466782.895, 1769466782.934, 1769466782.967, 1769466782.995"
200.0,1,1769466581.6817,126.4915,2771,1032,3803,0.8665,0.0904,0.4201,200.0,0.0,93.04,65.8045,-7.704,0.0,5583.3463,1769466774.0002632,20.78,322,1546,0.606,32,0,0,10.31,15.0,0,1382,1769466771.905,0.823,meta-llama/Llama-3.2-1B-Instruct,"1769466771.905, 1769466782.895, 1769466782.934, 1769466782.967, 1769466782.995"
200.0,1,1769466581.8099,126.5145,2551,1030,3581,1.0562,0.0902,0.426,200.0,0.0,93.04,65.7057,-7.7798,0.0,5583.3463,1769466774.044772,20.88,323,1547,0.606,32,0,0,10.31,15.0,0,1382,1769466771.905,0.823,meta-llama/Llama-3.2-1B-Instruct,"1769466771.905, 1769466782.895, 1769466782.934, 1769466782.967, 1769466782.995"
1.0,0,1769466771.1992,0.3404,27,32,59,0.1259,0.2798,0.7321,1.0,0.0,93.05,2.7727,-0.5337,0.0,5583.3463,1769466774.3217807,20.93,324,1548,0.799,37,0,0,10.31,15.0,0,1382,1769466771.905,0.823,meta-llama/Llama-3.2-1B-Instruct,"1769466771.905, 1769466782.895, 1769466782.934, 1769466782.967, 1769466782.995"
1.0,0,1769466772.1702,1.186,27,18,45,0.2522,0.0869,0.0869,1.0,0.0,93.05,1.0793,0.4382,0.4382,5583.7845,1769466774.4437995,20.92,324,1549,0.874,38,0,0,10.31,15.0,0,1382,1769466771.905,0.823,meta-llama/Llama-3.2-1B-Instruct,"1769466771.905, 1769466782.895, 1769466782.934, 1769466782.967, 1769466782.995"
1.0,0,1769466771.5875,0.1425,27,32,59,0.1146,0.2757,0.7098,1.0,0.0,93.06,2.8105,-0.7429,0.0,5583.7845,1769466774.5722723,20.97,325,1550,0.8,36,0,0,10.31,15.0,0,1382,1769466771.905,0.823,meta-llama/Llama-3.2-1B-Instruct,"1769466771.905, 1769466782.895, 1769466782.934, 1769466782.967, 1769466782.995"
1.0,0,1769466771.7775,0.2079,27,32,59,0.8841,0.2421,0.2505,1.0,0.0,93.06,2.7809,0.092,0.092,5583.8765,1769466774.7820191,20.95,326,1552,0.8,35,0,0,10.31,15.0,0,1382,1769466771.905,0.823,meta-llama/Llama-3.2-1B-Instruct,"1769466771.905, 1769466782.895, 1769466782.934, 1769466782.967, 1769466782.995"
1.0,0,1769466771.9007,0.118,27,32,59,0.8386,0.253,0.2713,1.0,0.0,93.07,2.7592,-0.0435,0.0,5583.8765,1769466774.801438,21.01,326,1552,0.801,35,0,0,10.31,15.0,0,1382,1769466771.905,0.823,meta-llama/Llama-3.2-1B-Instruct,"1769466771.905, 1769466782.895, 1769466782.934, 1769466782.967, 1769466782.995"
1.0,0,1769466772.0652,0.0909,27,32,59,0.9629,0.0946,0.2561,1.0,0.0,93.07,2.6569,0.0538,0.0538,5583.9303,1769466774.8140197,20.99,326,1553,0.85,37,0,0,10.31,15.0,0,1382,1769466771.905,0.823,meta-llama/Llama-3.2-1B-Instruct,"1769466771.905, 1769466782.895, 1769466782.934, 1769466782.967, 1769466782.995"
1.0,0,1769466772.25,1.3071,27,32,59,0.1522,0.0875,0.0903,1.0,0.0,93.08,1.7485,0.4594,0.4594,5584.3897,1769466775.306721,20.98,326,1554,0.874,38,0,0,10.31,15.0,0,1382,1769466771.905,0.823,meta-llama/Llama-3.2-1B-Instruct,"1769466771.905, 1769466782.895, 1769466782.934, 1769466782.967, 1769466782.995"
1.0,0,1769466772.3237,1.5157,27,32,59,0.1431,0.0787,0.0802,1.0,0.0,93.08,1.6516,0.6588,0.6588,5585.0485,1769466775.492856,20.96,326,1555,0.873,33,0,0,10.31,15.0,0,1382,1769466771.905,0.823,meta-llama/Llama-3.2-1B-Instruct,"1769466771.905, 1769466782.895, 1769466782.934, 1769466782.967, 1769466782.995"
1.0,0,1769466772.4002,1.507,27,32,59,0.1257,0.0822,0.0838,1.0,0.0,93.09,1.6403,0.6327,0.6327,5585.6812,1769466775.5483618,20.95,326,1556,0.874,33,1,0,10.31,15.0,0,1382,1769466771.905,0.823,meta-llama/Llama-3.2-1B-Instruct,"1769466771.905, 1769466782.895, 1769466782.934, 1769466782.967, 1769466782.995"
1.0,0,1769466772.4285,1.5342,27,32,59,0.1023,0.0817,0.0832,1.0,0.0,93.09,1.6499,0.6365,0.6365,5586.3177,1769466775.6156425,20.94,326,1557,0.836,31,1,0,10.31,15.0,0,1382,1769466771.905,0.823,meta-llama/Llama-3.2-1B-Instruct,"1769466771.905, 1769466782.895, 1769466782.934, 1769466782.967, 1769466782.995"
1.0,0,1769466772.4545,1.7043,27,31,58,0.1249,0.083,0.0872,1.0,0.0,93.09,1.6505,0.8291,0.8291,5587.1468,1769466775.8128464,20.92,326,1558,0.731,30,0,0,10.31,15.0,0,1382,1769466771.905,0.823,meta-llama/Llama-3.2-1B-Instruct,"1769466771.905, 1769466782.895, 1769466782.934, 1769466782.967, 1769466782.995"
1.0,0,1769466772.533,1.687,27,32,59,0.0769,0.0786,0.0864,1.0,0.0,93.1,1.648,0.7639,0.7639,5587.9107,1769466775.8784735,20.91,326,1559,0.731,30,0,0,10.31,15.0,0,1382,1769466771.905,0.823,meta-llama/Llama-3.2-1B-Instruct,"1769466771.905, 1769466782.895, 1769466782.934, 1769466782.967, 1769466782.995"
1.0,0,1769466772.5658,1.8396,27,32,59,0.131,0.0796,0.0819,1.0,0.0,93.1,1.6415,0.9706,0.9706,5589.781,1769466776.0559766,20.9,326,1561,0.732,31,0,0,10.31,15.0,0,1382,1769466771.905,0.823,meta-llama/Llama-3.2-1B-Instruct,"1769466771.905, 1769466782.895, 1769466782.934, 1769466782.967, 1769466782.995"
1.0,0,1769466772.6345,1.7752,27,32,59,0.1244,0.0809,0.0861,1.0,0.0,93.11,1.6416,0.8997,0.8997,5589.781,1769466776.057545,20.88,326,1561,0.733,31,0,0,10.31,15.0,0,1382,1769466771.905,0.823,meta-llama/Llama-3.2-1B-Instruct,"1769466771.905, 1769466782.895, 1769466782.934, 1769466782.967, 1769466782.995"
1.0,0,1769466772.6619,1.797,27,32,59,0.0989,0.0759,0.0946,1.0,0.0,93.11,1.6486,0.8958,0.8958,5590.6768,1769466776.116697,20.87,326,1562,0.732,30,0,0,10.31,15.0,0,1414,1769466776.643,0.555,meta-llama/Llama-3.2-1B-Instruct,"1769466776.643, 1769466776.823, 1769466777.085, 1769466782.967, 1769466782.995"
1.0,0,1769466772.7289,1.7942,27,32,59,0.1518,0.0916,0.0935,1.0,0.0,93.12,1.7147,0.946,0.946,5591.6228,1769466776.2455606,20.86,326,1563,0.733,32,0,0,10.31,15.0,0,1414,1769466776.643,0.555,meta-llama/Llama-3.2-1B-Instruct,"1769466776.643, 1769466776.823, 1769466777.085, 1769466782.967, 1769466782.995"
1.0,0,1769466772.8964,1.7036,27,32,59,0.0918,0.0887,0.0919,1.0,0.0,93.12,1.7,0.7954,0.7954,5592.4182,1769466776.311152,20.84,326,1564,0.733,32,0,0,10.31,15.0,0,1414,1769466776.643,0.555,meta-llama/Llama-3.2-1B-Instruct,"1769466776.643, 1769466776.823, 1769466777.085, 1769466782.967, 1769466782.995"
1.0,0,1769466773.0128,1.6452,27,31,58,0.1205,0.0785,0.0986,1.0,0.0,93.13,1.7131,0.7657,0.7657,5593.184,1769466776.3745072,20.83,326,1565,0.735,34,0,0,10.31,15.0,0,1414,1769466776.643,0.555,meta-llama/Llama-3.2-1B-Instruct,"1769466776.643, 1769466776.823, 1769466777.085, 1769466782.967, 1769466782.995"
200.0,1,1769466581.8611,130.0859,3871,1012,4883,1.4229,0.0927,0.371,200.0,0.0,93.13,64.4832,-5.4308,0.0,5593.184,1769466776.447929,20.88,327,1566,0.684,33,1,0,10.31,15.0,0,1414,1769466776.643,0.555,meta-llama/Llama-3.2-1B-Instruct,"1769466776.643, 1769466776.823, 1769466777.085, 1769466782.967, 1769466782.995"
1.0,0,1769466773.0413,1.7615,27,32,59,0.1566,0.079,0.0919,1.0,0.0,93.14,1.7184,0.9181,0.9181,5594.1021,1769466776.5237901,20.87,327,1567,0.735,33,0,0,10.31,15.0,0,1414,1769466776.643,0.555,meta-llama/Llama-3.2-1B-Instruct,"1769466776.643, 1769466776.823, 1769466777.085, 1769466782.967, 1769466782.995"
1.0,0,1769466773.1107,1.7704,27,32,59,0.092,0.0743,0.0848,1.0,0.0,93.14,1.6955,0.8625,0.8625,5594.9646,1769466776.5956175,20.85,327,1568,0.734,32,1,0,10.31,15.0,0,1414,1769466776.643,0.555,meta-llama/Llama-3.2-1B-Instruct,"1769466776.643, 1769466776.823, 1769466777.085, 1769466782.967, 1769466782.995"
1.0,0,1769466773.239,1.7037,27,32,59,0.1548,0.0778,0.0789,1.0,0.0,93.14,1.7242,0.8585,0.8585,5595.8231,1769466776.6703315,20.89,328,1570,0.735,33,1,0,10.31,15.0,0,1414,1769466776.643,0.555,meta-llama/Llama-3.2-1B-Instruct,"1769466776.643, 1769466776.823, 1769466777.085, 1769466782.967, 1769466782.995"
200.0,1,1769466581.8334,129.933,2472,1028,3500,0.4145,0.0899,0.4235,200.0,0.0,93.15,64.8946,-5.1724,0.0,5595.8231,1769466776.6746616,20.91,328,1570,0.661,32,0,0,10.31,15.0,0,1414,1769466776.643,0.555,meta-llama/Llama-3.2-1B-Instruct,"1769466776.643, 1769466776.823, 1769466777.085, 1769466782.967, 1769466782.995"
200.0,1,1769466581.9098,130.1761,3020,1027,4047,1.2873,0.0911,0.3787,200.0,0.0,93.15,64.647,-5.177,0.0,5595.8231,1769466776.761732,20.94,331,1573,0.684,33,1,0,10.31,15.0,0,1414,1769466776.643,0.555,meta-llama/Llama-3.2-1B-Instruct,"1769466776.643, 1769466776.823, 1769466777.085, 1769466782.967, 1769466782.995"
1.0,0,1769466776.4045,0.2145,27,0,27,,,,1.0,,,0.1416,-0.6439,0.0,5595.8231,1769466776.768671,21.04,332,1574,0.697,35,0,0,10.31,15.0,0,1414,1769466776.643,0.555,meta-llama/Llama-3.2-1B-Instruct,"1769466776.643, 1769466776.823, 1769466777.085, 1769466782.967, 1769466782.995"
200.0,1,1769466581.8852,130.1084,2643,1026,3669,1.3835,0.0906,0.3829,200.0,0.0,93.16,64.7432,-5.1485,0.0,5595.8231,1769466776.771756,20.99,332,1574,0.684,33,1,0,10.31,15.0,0,1414,1769466776.643,0.555,meta-llama/Llama-3.2-1B-Instruct,"1769466776.643, 1769466776.823, 1769466777.085, 1769466782.967, 1769466782.995"
200.0,1,1769466581.9611,130.1729,3269,1029,4298,1.6623,0.0937,0.3677,200.0,0.0,93.16,64.6311,-5.196,0.0,5595.8231,1769466776.7983744,21.09,332,1574,0.684,33,1,0,10.31,15.0,0,1414,1769466776.643,0.555,meta-llama/Llama-3.2-1B-Instruct,"1769466776.643, 1769466776.823, 1769466777.085, 1769466782.967, 1769466782.995"
1.0,0,1769466773.304,1.8123,27,32,59,0.1283,0.0798,0.0876,1.0,0.0,93.17,1.6841,0.9406,0.9406,5596.7637,1769466776.8122752,21.08,332,1575,0.737,35,0,0,10.31,15.0,0,1414,1769466776.643,0.555,meta-llama/Llama-3.2-1B-Instruct,"1769466776.643, 1769466776.823, 1769466777.085, 1769466782.967, 1769466782.995"
1.0,0,1769466773.7315,1.4405,27,32,59,0.0926,0.0899,0.0918,1.0,0.0,93.17,1.7147,0.533,0.533,5597.2967,1769466776.888676,21.07,332,1576,0.737,35,0,0,10.31,15.0,0,1414,1769466776.643,0.555,meta-llama/Llama-3.2-1B-Instruct,"1769466776.643, 1769466776.823, 1769466777.085, 1769466782.967, 1769466782.995"
200.0,1,1769466582.9955,193.7836,2680,0,2680,,,,200.0,,,0.9656,-5.2508,0.0,5597.2967,1769466777.7583473,21.12,333,1577,0.55,30,0,0,10.31,15.0,0,1414,1769466776.643,0.555,meta-llama/Llama-3.2-1B-Instruct,"1769466776.643, 1769466776.823, 1769466777.085, 1769466782.967, 1769466782.995"
1.0,0,1769466774.8599,0.9849,27,20,47,0.126,0.8847,0.8847,1.0,0.0,93.18,3.8182,0.111,0.111,5597.4077,1769466779.6652644,21.1,333,1578,0.741,37,0,0,10.31,15.0,0,1414,1769466776.643,0.555,meta-llama/Llama-3.2-1B-Instruct,"1769466776.643, 1769466776.823, 1769466777.085, 1769466782.967, 1769466782.995"
1.0,0,1769466774.1278,1.1633,27,32,59,0.1587,0.8737,1.9171,1.0,0.9171,93.11,4.3977,0.3221,0.3221,5597.7297,1769466779.7056735,21.09,333,1579,0.738,36,0,0,10.31,15.0,0,1414,1769466776.643,0.555,meta-llama/Llama-3.2-1B-Instruct,"1769466776.643, 1769466776.823, 1769466777.085, 1769466782.967, 1769466782.995"
1.0,0,1769466774.2003,1.177,27,32,59,0.1103,0.8722,1.8903,1.0,0.8903,93.05,4.3661,0.2873,0.2873,5598.017,1769466779.7586398,21.08,333,1580,0.739,36,0,0,10.31,15.0,0,1414,1769466776.643,0.555,meta-llama/Llama-3.2-1B-Instruct,"1769466776.643, 1769466776.823, 1769466777.085, 1769466782.967, 1769466782.995"
1.0,0,1769466774.4386,1.1519,27,32,59,0.178,0.8744,1.9007,1.0,0.9007,92.99,4.4216,0.33,0.33,5598.8799,1769466780.0219598,21.06,333,1582,0.74,36,0,0,10.31,15.0,0,1414,1769466776.643,0.555,meta-llama/Llama-3.2-1B-Instruct,"1769466776.643, 1769466776.823, 1769466777.085, 1769466782.967, 1769466782.995"
1.0,0,1769466774.2505,1.3533,27,32,59,0.1796,0.8757,1.9057,1.0,0.9057,92.93,4.4134,0.5329,0.5329,5598.8799,1769466780.0221305,21.05,333,1582,0.74,37,0,0,10.31,15.0,0,1414,1769466776.643,0.555,meta-llama/Llama-3.2-1B-Instruct,"1769466776.643, 1769466776.823, 1769466777.085, 1769466782.967, 1769466782.995"
1.0,0,1769466774.4744,1.207,27,32,59,0.1108,0.8759,1.9002,1.0,0.9002,92.87,4.391,0.3178,0.3178,5599.1977,1769466780.0833836,21.04,333,1583,0.74,35,2,0,10.31,15.0,0,1414,1769466776.643,0.555,meta-llama/Llama-3.2-1B-Instruct,"1769466776.643, 1769466776.823, 1769466777.085, 1769466782.967, 1769466782.995"
1.0,0,1769466774.5658,1.1843,27,31,58,0.1739,0.8818,1.886,1.0,0.886,92.81,4.427,0.3582,0.3582,5599.556,1769466780.1852717,21.02,333,1584,0.741,38,0,0,10.31,15.0,0,1414,1769466776.643,0.555,meta-llama/Llama-3.2-1B-Instruct,"1769466776.643, 1769466776.823, 1769466777.085, 1769466782.967, 1769466782.995"
1.0,0,1769466774.8979,1.0272,27,32,59,0.1101,0.8729,1.9008,1.0,0.9008,92.75,4.4501,0.1373,0.1373,5599.6932,1769466780.399866,21.01,333,1585,0.741,38,0,0,10.31,15.0,0,1414,1769466776.643,0.555,meta-llama/Llama-3.2-1B-Instruct,"1769466776.643, 1769466776.823, 1769466777.085, 1769466782.967, 1769466782.995"
1.0,0,1769466775.4349,0.7001,27,32,59,0.1292,0.8917,1.8749,1.0,0.8749,92.69,4.4076,-0.1708,0.0,5599.6932,1769466780.5473275,21.06,334,1586,0.742,36,0,0,10.31,15.0,0,1414,1769466776.643,0.555,meta-llama/Llama-3.2-1B-Instruct,"1769466776.643, 1769466776.823, 1769466777.085, 1769466782.967, 1769466782.995"
1.0,0,1769466775.6426,0.5643,27,32,59,0.0827,0.8758,1.8967,1.0,0.8967,92.63,4.401,-0.353,0.0,5599.6932,1769466780.6219702,21.11,335,1587,0.742,36,0,0,10.31,15.0,0,1414,1769466776.643,0.555,meta-llama/Llama-3.2-1B-Instruct,"1769466776.643, 1769466776.823, 1769466777.085, 1769466782.967, 1769466782.995"
1.0,0,1769466775.8233,0.5005,27,32,59,0.148,0.8759,1.9005,1.0,0.9005,92.57,4.4338,-0.3515,0.0,5599.6932,1769466780.7768083,21.16,336,1588,0.743,36,0,0,10.31,15.0,0,1414,1769466776.643,0.555,meta-llama/Llama-3.2-1B-Instruct,"1769466776.643, 1769466776.823, 1769466777.085, 1769466782.967, 1769466782.995"
1.0,0,1769466776.0847,0.3047,27,32,59,0.1335,0.8851,1.8847,1.0,0.8847,92.51,4.4508,-0.5618,0.0,5599.6932,1769466780.8586383,21.21,337,1589,0.742,35,1,0,10.31,15.0,0,1414,1769466776.643,0.555,meta-llama/Llama-3.2-1B-Instruct,"1769466776.643, 1769466776.823, 1769466777.085, 1769466782.967, 1769466782.995"
1.0,0,1769466776.2554,0.2094,27,32,59,0.1413,0.8704,1.9065,1.0,0.9065,92.45,4.4522,-0.6493,0.0,5599.6932,1769466780.9218562,21.26,338,1590,0.697,36,0,0,10.31,15.0,0,1414,1769466776.643,0.555,meta-llama/Llama-3.2-1B-Instruct,"1769466776.643, 1769466776.823, 1769466777.085, 1769466782.967, 1769466782.995"
200.0,1,1769466583.0829,193.8629,3009,27,3036,2.6909,0.0884,0.1035,200.0,0.0,92.45,4.1009,-2.0363,0.0,5599.6932,1769466781.0624807,21.31,339,1591,0.614,30,0,0,10.31,15.0,0,1414,1769466776.643,0.555,meta-llama/Llama-3.2-1B-Instruct,"1769466776.643, 1769466776.823, 1769466777.085, 1769466782.967, 1769466782.995"
1.0,0,1769466777.2101,0.0733,27,33,60,2.3791,0.0831,0.0886,1.0,0.0,92.46,3.9799,1.4524,1.4524,5605.8406,1769466781.269565,21.28,339,1595,0.614,30,0,0,10.31,15.0,0,1481,1769466779.375,-1.781,meta-llama/Llama-3.2-1B-Instruct,"1769466779.375, 1769466779.403, 1769466779.473, 1769466779.542, 1769466779.569"
1.0,0,1769466777.1742,0.0589,27,32,59,2.4202,0.0849,0.0876,1.0,0.0,92.46,4.0182,1.4792,1.4792,5605.8406,1769466781.2698255,21.29,339,1595,0.614,30,0,0,10.31,15.0,0,1481,1769466779.375,-1.781,meta-llama/Llama-3.2-1B-Instruct,"1769466779.375, 1769466779.403, 1769466779.473, 1769466779.542, 1769466779.569"
1.0,0,1769466776.922,0.0835,27,32,59,2.6273,0.0852,0.101,1.0,0.0,92.47,4.2613,1.7108,1.7108,5607.4623,1769466781.273493,21.27,339,1596,0.614,30,0,0,10.31,15.0,0,1481,1769466779.375,-1.781,meta-llama/Llama-3.2-1B-Instruct,"1769466779.375, 1769466779.403, 1769466779.473, 1769466779.542, 1769466779.569"
1.0,0,1769466777.1307,0.0669,27,32,59,2.438,0.0805,0.0929,1.0,0.0,92.47,4.0714,1.505,1.505,5607.4623,1769466781.2738085,21.25,339,1596,0.614,30,0,0,10.31,15.0,0,1481,1769466779.375,-1.781,meta-llama/Llama-3.2-1B-Instruct,"1769466779.375, 1769466779.403, 1769466779.473, 1769466779.542, 1769466779.569"
1.0,0,1769466777.0207,0.0932,27,32,59,2.5286,0.0807,0.0836,1.0,0.0,92.48,4.1582,1.6217,1.6217,5607.4623,1769466781.2746246,21.24,339,1596,0.614,30,0,0,10.31,15.0,0,1481,1769466779.375,-1.781,meta-llama/Llama-3.2-1B-Instruct,"1769466779.375, 1769466779.403, 1769466779.473, 1769466779.542, 1769466779.569"
1.0,0,1769466777.2971,0.6892,27,32,59,1.7243,0.0903,0.1045,1.0,0.0,92.48,3.3499,1.4135,1.4135,5608.8758,1769466781.3440883,21.23,339,1597,0.727,39,0,0,10.31,15.0,0,1481,1769466779.375,-1.781,meta-llama/Llama-3.2-1B-Instruct,"1769466779.375, 1769466779.403, 1769466779.473, 1769466779.542, 1769466779.569"
1.0,0,1769466777.4765,2.436,27,32,59,0.0923,0.0836,0.0862,1.0,0.0,92.49,1.6641,1.5283,1.5283,5612.0605,1769466781.5903606,21.2,339,1599,0.728,37,0,0,10.31,15.0,0,1481,1769466779.375,-1.781,meta-llama/Llama-3.2-1B-Instruct,"1769466779.375, 1769466779.403, 1769466779.473, 1769466779.542, 1769466779.569"
1.0,0,1769466777.3282,2.5538,27,32,59,0.1026,0.0847,0.0928,1.0,0.0,92.49,1.6937,1.6564,1.6564,5612.0605,1769466781.5953472,21.21,339,1599,0.728,37,0,0,10.31,15.0,0,1481,1769466779.375,-1.781,meta-llama/Llama-3.2-1B-Instruct,"1769466779.375, 1769466779.403, 1769466779.473, 1769466779.542, 1769466779.569"
1.0,0,1769466777.9943,2.8022,27,17,44,0.1421,0.077,0.077,1.0,0.0,92.5,1.0179,1.9443,1.9443,5615.6567,1769466781.819933,21.17,339,1601,0.731,37,0,0,10.31,15.0,0,1481,1769466779.375,-1.781,meta-llama/Llama-3.2-1B-Instruct,"1769466779.375, 1769466779.403, 1769466779.473, 1769466779.542, 1769466779.569"
1.0,0,1769466777.5049,2.5264,27,32,59,0.1255,0.0936,0.0967,1.0,0.0,92.5,1.7636,1.6519,1.6519,5615.6567,1769466781.82012,21.19,339,1601,0.728,37,0,0,10.31,15.0,0,1481,1769466779.375,-1.781,meta-llama/Llama-3.2-1B-Instruct,"1769466779.375, 1769466779.403, 1769466779.473, 1769466779.542, 1769466779.569"
1.0,0,1769466777.6221,2.5593,27,32,59,0.197,0.0829,0.092,1.0,0.0,92.51,1.727,1.7563,1.7563,5617.4129,1769466781.9182076,21.16,339,1602,0.729,36,0,0,10.31,15.0,0,1481,1769466779.375,-1.781,meta-llama/Llama-3.2-1B-Instruct,"1769466779.375, 1769466779.403, 1769466779.473, 1769466779.542, 1769466779.569"
1.0,0,1769466777.6496,2.6058,27,32,59,0.1252,0.0771,0.0803,1.0,0.0,92.51,1.7034,1.7309,1.7309,5619.1439,1769466781.9659822,21.15,339,1603,0.729,36,1,0,10.31,15.0,0,1481,1769466779.375,-1.781,meta-llama/Llama-3.2-1B-Instruct,"1769466779.375, 1769466779.403, 1769466779.473, 1769466779.542, 1769466779.569"
1.0,0,1769466777.7914,2.5373,27,32,59,0.1426,0.0774,0.0801,1.0,0.0,92.52,1.7601,1.6798,1.6798,5620.8237,1769466782.1063473,21.13,339,1604,0.73,37,0,0,10.31,15.0,0,1481,1769466779.375,-1.781,meta-llama/Llama-3.2-1B-Instruct,"1769466779.375, 1769466779.403, 1769466779.473, 1769466779.542, 1769466779.569"
1.0,0,1769466777.9064,2.5941,27,32,59,0.1293,0.1015,0.111,1.0,0.0,92.52,1.7021,1.7233,1.7233,5622.547,1769466782.2134485,21.12,339,1605,0.731,38,0,0,10.31,15.0,0,1481,1769466779.375,-1.781,meta-llama/Llama-3.2-1B-Instruct,"1769466779.375, 1769466779.403, 1769466779.473, 1769466779.542, 1769466779.569"
1.0,0,1769466777.9345,2.7217,27,32,59,0.1641,0.0819,0.0871,1.0,0.0,92.53,1.7162,1.8858,1.8858,5624.4328,1769466782.3801384,21.11,339,1606,0.731,37,0,0,10.31,15.0,0,1481,1769466779.375,-1.781,meta-llama/Llama-3.2-1B-Instruct,"1769466779.375, 1769466779.403, 1769466779.473, 1769466779.542, 1769466779.569"
1.0,0,1769466777.9624,2.7606,27,32,59,0.1046,0.0866,0.0899,1.0,0.0,92.53,1.6817,1.8652,1.8652,5626.298,1769466782.413456,21.1,339,1607,0.732,37,1,0,10.31,15.0,0,1481,1769466779.375,-1.781,meta-llama/Llama-3.2-1B-Instruct,"1769466779.375, 1769466779.403, 1769466779.473, 1769466779.542, 1769466779.569"
1.0,0,1769466778.1124,2.9181,27,32,59,0.1318,0.0759,0.0848,1.0,0.0,92.54,1.661,2.0499,2.0499,5628.3479,1769466782.7010655,21.08,339,1608,0.733,37,0,0,10.31,15.0,0,1481,1769466779.375,-1.781,meta-llama/Llama-3.2-1B-Instruct,"1769466779.375, 1769466779.403, 1769466779.473, 1769466779.542, 1769466779.569"
1.0,0,1769466778.1906,2.9139,27,32,59,0.0999,0.0818,0.0832,1.0,0.0,92.54,1.6746,2.0138,2.0138,5630.3616,1769466782.7811067,21.07,339,1609,0.704,36,0,0,10.31,15.0,0,1481,1769466779.375,-1.781,meta-llama/Llama-3.2-1B-Instruct,"1769466779.375, 1769466779.403, 1769466779.473, 1769466779.542, 1769466779.569"
1.0,0,1769466778.2647,2.9646,27,32,59,0.1281,0.0855,0.0983,1.0,0.0,92.54,1.666,2.0927,2.0927,5632.4543,1769466782.9049747,21.06,339,1610,0.706,38,0,0,10.31,15.0,0,1481,1769466779.375,-1.781,meta-llama/Llama-3.2-1B-Instruct,"1769466779.375, 1769466779.403, 1769466779.473, 1769466779.542, 1769466779.569"
1.0,0,1769466778.3751,2.9326,27,32,59,0.095,0.0814,0.0873,1.0,0.0,92.55,1.6434,2.0275,2.0275,5634.4819,1769466782.956675,21.04,339,1611,0.703,33,0,0,10.31,15.0,0,1481,1769466779.375,-1.781,meta-llama/Llama-3.2-1B-Instruct,"1769466779.375, 1769466779.403, 1769466779.473, 1769466779.542, 1769466779.569"
1.0,0,1769466779.3708,2.9798,27,12,39,0.0765,0.08,0.08,1.0,0.0,92.55,0.7161,2.0563,2.0563,5638.6807,1769466783.1017544,21.03,339,1613,0.708,35,0,0,10.31,15.0,0,1481,1769466779.375,-1.781,meta-llama/Llama-3.2-1B-Instruct,"1769466779.375, 1769466779.403, 1769466779.473, 1769466779.542, 1769466779.569"
1.0,0,1769466778.4034,3.0196,27,32,59,0.1229,0.0771,0.0846,1.0,0.0,92.56,1.6774,2.1425,2.1425,5638.6807,1769466783.1030254,21.02,339,1613,0.704,34,0,0,10.31,15.0,0,1481,1769466779.375,-1.781,meta-llama/Llama-3.2-1B-Instruct,"1769466779.375, 1769466779.403, 1769466779.473, 1769466779.542, 1769466779.569"
1.0,0,1769466778.4733,3.0074,27,32,59,0.0973,0.075,0.0791,1.0,0.0,92.56,1.6553,2.1048,2.1048,5640.7854,1769466783.1459978,21.0,339,1614,0.704,34,0,0,10.31,15.0,0,1481,1769466779.375,-1.781,meta-llama/Llama-3.2-1B-Instruct,"1769466779.375, 1769466779.403, 1769466779.473, 1769466779.542, 1769466779.569"
1.0,0,1769466779.835,3.2839,27,0,27,,,,1.0,,,0.1069,2.3908,2.3908,5643.1763,1769466783.2443347,20.99,339,1615,0.711,35,0,0,10.31,15.0,0,1481,1769466779.375,-1.781,meta-llama/Llama-3.2-1B-Instruct,"1769466779.375, 1769466779.403, 1769466779.473, 1769466779.542, 1769466779.569"
1.0,0,1769466778.5425,3.1307,27,32,59,0.14,0.0813,0.0814,1.0,0.0,92.57,1.6847,2.2707,2.2707,5647.6791,1769466783.3609278,20.96,339,1617,0.705,35,0,0,10.31,15.0,0,1481,1769466779.375,-1.781,meta-llama/Llama-3.2-1B-Instruct,"1769466779.375, 1769466779.403, 1769466779.473, 1769466779.542, 1769466779.569"
1.0,0,1769466778.569,3.1294,27,32,59,0.1028,0.0962,0.1069,1.0,0.0,92.57,1.6581,2.2322,2.2322,5647.6791,1769466783.3628244,20.98,339,1617,0.705,34,0,0,10.31,15.0,0,1481,1769466779.375,-1.781,meta-llama/Llama-3.2-1B-Instruct,"1769466779.375, 1769466779.403, 1769466779.473, 1769466779.542, 1769466779.569"
1.0,0,1769466778.5952,3.1619,27,32,59,0.1266,0.0765,0.1153,1.0,0.0,92.58,1.6913,2.2885,2.2885,5649.9677,1769466783.4547737,20.95,339,1618,0.705,34,0,0,10.31,15.0,0,1481,1769466779.375,-1.781,meta-llama/Llama-3.2-1B-Instruct,"1769466779.375, 1769466779.403, 1769466779.473, 1769466779.542, 1769466779.569"
1.0,0,1769466778.7313,3.1834,27,32,59,0.1669,0.0909,0.0917,1.0,0.0,92.58,1.7304,2.3503,2.3503,5654.6534,1769466783.6552033,20.94,339,1620,0.706,34,0,0,10.31,15.0,0,1481,1769466779.375,-1.781,meta-llama/Llama-3.2-1B-Instruct,"1769466779.375, 1769466779.403, 1769466779.473, 1769466779.542, 1769466779.569"
1.0,0,1769466778.7592,3.2264,27,32,59,0.109,0.0752,0.0803,1.0,0.0,92.59,1.6685,2.3355,2.3355,5654.6534,1769466783.6573088,20.93,339,1620,0.706,33,1,0,10.31,15.0,0,1481,1769466779.375,-1.781,meta-llama/Llama-3.2-1B-Instruct,"1769466779.375, 1769466779.403, 1769466779.473, 1769466779.542, 1769466779.569"
1.0,0,1769466779.049,3.0044,27,32,59,0.1422,0.0835,0.0844,1.0,0.0,92.59,1.6924,2.1466,2.1466,5656.8,1769466783.7529564,20.91,339,1621,0.706,34,0,0,10.31,15.0,0,1481,1769466779.375,-1.781,meta-llama/Llama-3.2-1B-Instruct,"1769466779.375, 1769466779.403, 1769466779.473, 1769466779.542, 1769466779.569"
1.0,0,1769466779.1593,2.99,27,32,59,0.1498,0.0771,0.0917,1.0,0.0,92.6,1.7035,2.1398,2.1398,5658.9399,1769466783.8547533,20.9,339,1622,0.707,35,0,0,10.31,15.0,0,1481,1769466779.375,-1.781,meta-llama/Llama-3.2-1B-Instruct,"1769466779.375, 1769466779.403, 1769466779.473, 1769466779.542, 1769466779.569"
1.0,0,1769466779.1865,3.0884,27,32,59,0.1186,0.0881,0.0965,1.0,0.0,92.6,1.6856,2.2071,2.2071,5661.1469,1769466783.9723153,20.89,339,1623,0.707,35,0,0,10.31,15.0,0,1481,1769466779.375,-1.781,meta-llama/Llama-3.2-1B-Instruct,"1769466779.375, 1769466779.403, 1769466779.473, 1769466779.542, 1769466779.569"
1.0,0,1769466779.4372,3.0285,27,32,59,0.1419,0.0843,0.0877,1.0,0.0,92.61,1.6829,2.1704,2.1704,5663.3173,1769466784.1619253,20.87,339,1624,0.708,35,0,0,10.31,15.0,0,1481,1769466779.375,-1.781,meta-llama/Llama-3.2-1B-Instruct,"1769466779.375, 1769466779.403, 1769466779.473, 1769466779.542, 1769466779.569"
1.0,0,1769466779.5034,3.0383,27,32,59,0.0833,0.0786,0.093,1.0,0.0,92.61,1.6778,2.1216,2.1216,5665.4389,1769466784.2344642,20.86,339,1625,0.708,35,0,0,10.31,15.0,0,1481,1769466779.375,-1.781,meta-llama/Llama-3.2-1B-Instruct,"1769466779.375, 1769466779.403, 1769466779.473, 1769466779.542, 1769466779.569"
1.0,0,1769466779.5302,3.145,27,32,59,0.1189,0.086,0.6669,1.0,0.0,92.62,2.3043,2.2639,2.2639,5667.7027,1769466784.9887044,20.85,339,1626,0.71,37,0,0,10.31,15.0,0,1481,1769466779.375,-1.781,meta-llama/Llama-3.2-1B-Instruct,"1769466779.375, 1769466779.403, 1769466779.473, 1769466779.542, 1769466779.569"
1.0,0,1769466779.5578,3.1857,27,32,59,0.0924,0.6497,1.4467,1.0,0.4467,92.56,3.686,2.2781,2.2781,5669.9809,1769466786.4403765,20.84,339,1627,0.71,36,0,0,10.31,15.0,0,1527,1769466783.417,-2.77,meta-llama/Llama-3.2-1B-Instruct,"1769466783.417, 1769466783.441, 1769466783.467, 1769466783.506, 1769466783.553"
1.0,0,1769466779.5848,3.326,27,32,59,0.1413,0.6648,1.4367,1.0,0.4367,92.5,4.0703,2.4673,2.4673,5672.4481,1769466786.9915793,20.82,339,1628,0.711,36,0,0,10.31,15.0,0,1527,1769466783.417,-2.77,meta-llama/Llama-3.2-1B-Instruct,"1769466783.417, 1769466783.441, 1769466783.467, 1769466783.506, 1769466783.553"
1.0,0,1769466779.6116,3.3885,27,32,59,0.0976,0.6734,1.4413,1.0,0.4413,92.44,4.0735,2.486,2.486,5674.9341,1769466787.0804794,20.81,339,1629,0.71,35,0,0,10.31,15.0,0,1527,1769466783.417,-2.77,meta-llama/Llama-3.2-1B-Instruct,"1769466783.417, 1769466783.441, 1769466783.467, 1769466783.506, 1769466783.553"
1.0,0,1769466779.889,3.3048,27,32,59,0.1438,0.6615,1.4441,1.0,0.4441,92.38,4.7918,2.4485,2.4485,5677.3827,1769466788.005976,20.8,339,1630,0.711,34,0,0,10.31,15.0,0,1527,1769466783.417,-2.77,meta-llama/Llama-3.2-1B-Instruct,"1769466783.417, 1769466783.441, 1769466783.467, 1769466783.506, 1769466783.553"
1.0,0,1769466780.2782,3.0595,27,32,59,0.0996,0.6653,1.4519,1.0,0.4519,92.32,4.8065,2.1591,2.1591,5679.5418,1769466788.146545,20.78,339,1631,0.712,35,0,0,10.31,15.0,0,1527,1769466783.417,-2.77,meta-llama/Llama-3.2-1B-Instruct,"1769466783.417, 1769466783.441, 1769466783.467, 1769466783.506, 1769466783.553"
1.0,0,1769466780.5153,2.9345,27,32,59,0.1729,0.6506,1.4358,1.0,0.4358,92.26,5.0997,2.1074,2.1074,5681.6492,1769466788.5632718,20.77,339,1632,0.711,33,0,0,10.31,15.0,0,1527,1769466783.417,-2.77,meta-llama/Llama-3.2-1B-Instruct,"1769466783.417, 1769466783.441, 1769466783.467, 1769466783.506, 1769466783.553"
1.0,0,1769466780.5735,2.9587,27,32,59,0.1215,0.6622,1.4436,1.0,0.4436,92.21,5.1021,2.0802,2.0802,5683.7293,1769466788.6484666,20.76,339,1633,0.712,33,1,0,10.31,15.0,0,1527,1769466783.417,-2.77,meta-llama/Llama-3.2-1B-Instruct,"1769466783.417, 1769466783.441, 1769466783.467, 1769466783.506, 1769466783.553"
1.0,0,1769466780.6709,2.9222,27,32,59,0.1523,0.6649,1.4482,1.0,0.4482,92.15,5.1896,2.0744,2.0744,5685.8038,1769466788.7890964,20.75,339,1634,0.712,34,0,0,10.31,15.0,0,1527,1769466783.417,-2.77,meta-llama/Llama-3.2-1B-Instruct,"1769466783.417, 1769466783.441, 1769466783.467, 1769466783.506, 1769466783.553"
1.0,0,1769466781.0806,2.6099,27,32,59,0.0975,0.6651,1.4522,1.0,0.4522,92.09,5.1678,1.7074,1.7074,5687.5112,1769466788.865885,20.73,339,1635,0.712,34,0,0,10.31,15.0,0,1527,1769466783.417,-2.77,meta-llama/Llama-3.2-1B-Instruct,"1769466783.417, 1769466783.441, 1769466783.467, 1769466783.506, 1769466783.553"
1.0,0,1769466781.1525,2.6667,27,32,59,0.1779,0.6617,1.4479,1.0,0.4479,92.03,5.2923,1.8446,1.8446,5689.3558,1769466789.1430252,20.72,339,1636,0.713,33,0,0,10.31,15.0,0,1527,1769466783.417,-2.77,meta-llama/Llama-3.2-1B-Instruct,"1769466783.417, 1769466783.441, 1769466783.467, 1769466783.506, 1769466783.553"
1.0,0,1769466781.3626,2.5521,27,32,59,0.1217,0.6697,1.4392,1.0,0.4392,91.97,5.2891,1.6738,1.6738,5691.0296,1769466789.204723,20.71,339,1637,0.713,33,0,0,10.31,15.0,0,1527,1769466783.417,-2.77,meta-llama/Llama-3.2-1B-Instruct,"1769466783.417, 1769466783.441, 1769466783.467, 1769466783.506, 1769466783.553"
1.0,0,1769466781.6342,2.4689,27,32,59,0.1371,0.6728,1.4354,1.0,0.4354,91.91,5.3499,1.606,1.606,5693.897,1769466789.4669135,20.7,339,1639,0.714,34,0,0,10.31,15.0,0,1527,1769466783.417,-2.77,meta-llama/Llama-3.2-1B-Instruct,"1769466783.417, 1769466783.441, 1769466783.467, 1769466783.506, 1769466783.553"
1.0,0,1769466781.9597,2.1733,27,32,59,0.0882,0.6571,1.4393,1.0,0.4393,91.86,5.3246,1.2614,1.2614,5693.897,1769466789.4683566,20.68,339,1639,0.714,33,0,0,10.31,15.0,0,1527,1769466783.417,-2.77,meta-llama/Llama-3.2-1B-Instruct,"1769466783.417, 1769466783.441, 1769466783.467, 1769466783.506, 1769466783.553"
1.0,0,1769466782.3278,2.1683,27,32,59,1.9301,0.3641,0.3876,1.0,0.0,91.86,5.1833,3.0984,3.0984,5696.9955,1769466789.6907926,20.67,339,1640,0.761,35,0,0,10.31,15.0,0,1527,1769466783.417,-2.77,meta-llama/Llama-3.2-1B-Instruct,"1769466783.417, 1769466783.441, 1769466783.467, 1769466783.506, 1769466783.553"
1.0,0,1769466782.4136,2.6724,27,32,59,1.3771,0.3714,0.3799,1.0,0.0,91.87,4.6438,3.0495,3.0495,5700.0449,1769466789.735998,20.66,339,1641,0.871,39,0,0,10.31,15.0,0,1527,1769466783.417,-2.77,meta-llama/Llama-3.2-1B-Instruct,"1769466783.417, 1769466783.441, 1769466783.467, 1769466783.506, 1769466783.553"
200.0,1,1769466583.2465,201.1265,2886,94,2980,2.048,0.1002,0.3878,200.0,0.0,91.87,9.5641,10.6906,10.6906,5710.7355,1769466793.9490154,20.65,339,1642,0.761,35,0,0,10.31,15.0,0,1607,1769466784.048,-7.139,meta-llama/Llama-3.2-1B-Instruct,"1769466784.048, 1769466784.080, 1769466784.081, 1769466784.105, 1769466784.146"
200.0,1,1769466582.0481,144.2624,2612,1023,3635,0.4518,0.0917,0.6606,200.0,0.0,91.88,70.9652,15.2276,15.2276,5725.9631,1769466797.2898064,20.63,339,1643,0.588,31,0,0,10.31,15.0,0,1693,1769466784.08,-12.165,meta-llama/Llama-3.2-1B-Instruct,"1769466784.080, 1769466784.081, 1769466784.105, 1769466784.146, 1769466784.502"
200.0,1,1769466582.0722,144.5552,2546,1024,3570,0.8626,0.0896,0.6636,200.0,0.0,91.88,70.7196,15.2748,15.2748,5741.2379,1769466797.36178,20.62,339,1644,0.613,31,1,0,10.31,15.0,0,1693,1769466784.08,-12.165,meta-llama/Llama-3.2-1B-Instruct,"1769466784.080, 1769466784.081, 1769466784.105, 1769466784.146, 1769466784.502"
200.0,1,1769466582.19,144.6149,2927,1027,3954,1.5451,0.0912,0.4959,200.0,0.0,91.89,70.9502,15.5651,15.5651,5772.3345,1769466797.7706273,20.6,339,1646,0.67,38,0,0,10.31,15.0,0,1693,1769466784.08,-12.165,meta-llama/Llama-3.2-1B-Instruct,"1769466784.080, 1769466784.081, 1769466784.105, 1769466784.146, 1769466784.502"
200.0,1,1769466582.2215,144.682,3966,1028,4994,1.4473,0.09,0.4826,200.0,0.0,91.89,70.8495,15.5315,15.5315,5772.3345,1769466797.771324,20.61,339,1646,0.67,38,0,0,10.31,15.0,0,1693,1769466784.08,-12.165,meta-llama/Llama-3.2-1B-Instruct,"1769466784.080, 1769466784.081, 1769466784.105, 1769466784.146, 1769466784.502"
200.0,1,1769466583.764,205.5189,2714,0,2714,,,,200.0,,,9.8565,15.3754,15.3754,5787.7099,1769466799.1561508,20.58,339,1647,0.979,33,4,0,10.31,15.0,0,1693,1769466784.08,-12.165,meta-llama/Llama-3.2-1B-Instruct,"1769466784.080, 1769466784.081, 1769466784.105, 1769466784.146, 1769466784.502"
200.0,1,1769466583.5808,205.1391,2900,91,2991,9.017,0.095,0.7276,200.0,0.0,91.9,16.8398,21.979,21.979,5809.6889,1769466805.57341,20.57,339,1648,0.979,37,0,0,10.31,15.0,0,1786,1769466784.506,-16.755,meta-llama/Llama-3.2-1B-Instruct,"1769466784.506, 1769466784.565, 1769466784.608, 1769466784.629, 1769466784.658"
200.0,1,1769466582.2506,151.241,4742,1026,5768,0.7636,0.0919,0.6592,200.0,0.0,91.9,72.935,24.1761,24.1761,5833.8649,1769466806.4452367,20.56,339,1649,0.724,36,0,0,10.31,15.0,0,1875,1769466784.565,-21.726,meta-llama/Llama-3.2-1B-Instruct,"1769466784.565, 1769466784.608, 1769466784.629, 1769466784.658, 1769466784.732"
200.0,1,1769466582.3143,151.4164,3671,1028,4699,1.6704,0.0907,0.4923,200.0,0.0,91.91,72.783,24.1994,24.1994,5882.2295,1769466806.5399694,20.55,339,1651,0.769,36,0,0,10.31,15.0,0,1875,1769466784.565,-21.726,meta-llama/Llama-3.2-1B-Instruct,"1769466784.565, 1769466784.608, 1769466784.629, 1769466784.658, 1769466784.732"
200.0,1,1769466582.3498,151.418,2589,1029,3618,1.6048,0.0925,0.4776,200.0,0.0,91.91,72.7472,24.1652,24.1652,5882.2295,1769466806.5403452,20.53,339,1651,0.769,36,0,0,10.31,15.0,0,1875,1769466784.565,-21.726,meta-llama/Llama-3.2-1B-Instruct,"1769466784.565, 1769466784.608, 1769466784.629, 1769466784.658, 1769466784.732"
200.0,1,1769466583.9314,205.8224,2899,98,2997,17.5633,0.0837,0.9563,200.0,0.0,91.92,25.0296,30.852,30.852,5913.0815,1769466814.801646,20.52,339,1652,0.978,29,7,0,10.31,15.0,0,1975,1769466784.732,-26.629,meta-llama/Llama-3.2-1B-Instruct,"1769466784.732, 1769466784.761, 1769466784.771, 1769466784.789, 1769466784.832"
200.0,1,1769466582.3756,164.0031,3675,1031,4706,0.6068,0.089,0.6581,200.0,0.0,91.92,75.0498,39.0529,39.0529,5952.1344,1769466821.4476466,20.51,339,1653,0.816,37,0,0,10.31,15.0,0,2150,1769466784.761,-36.617,meta-llama/Llama-3.2-1B-Instruct,"1769466784.761, 1769466784.771, 1769466784.789, 1769466784.832, 1769466784.863"
200.0,1,1769466582.5846,175.4373,2912,1034,3946,0.4731,0.088,0.6567,200.0,0.0,91.93,76.2491,51.6864,51.6864,6003.8208,1769466834.289525,20.5,339,1654,0.77,36,0,0,10.31,15.0,0,2331,1769466784.771,-46.633,meta-llama/Llama-3.2-1B-Instruct,"1769466784.771, 1769466784.789, 1769466784.832, 1769466784.863, 1769466784.878"
200.0,1,1769466582.6224,175.5536,2678,1031,3709,1.0377,0.086,0.419,200.0,0.0,91.93,76.1746,51.7282,51.7282,6055.549,1769466834.367929,20.48,339,1655,0.798,36,0,0,10.31,15.0,0,2331,1769466784.771,-46.633,meta-llama/Llama-3.2-1B-Instruct,"1769466784.771, 1769466784.789, 1769466784.832, 1769466784.863, 1769466784.878"
200.0,1,1769466582.7821,179.593,3581,1030,4611,1.4678,0.0875,0.3972,200.0,0.0,91.94,76.6637,56.2567,56.2567,6224.3001,1769466839.0577462,20.47,339,1658,0.733,35,0,0,10.31,15.0,0,2406,1769466784.832,-51.576,meta-llama/Llama-3.2-1B-Instruct,"1769466784.832, 1769466784.863, 1769466784.878, 1769466784.904, 1769466784.927"
200.0,1,1769466582.8505,179.5158,3581,1029,4610,1.4909,0.0859,0.4025,200.0,0.0,91.94,76.6756,56.1914,56.1914,6224.3001,1769466839.0580945,20.46,339,1658,0.733,35,0,0,10.31,15.0,0,2406,1769466784.832,-51.576,meta-llama/Llama-3.2-1B-Instruct,"1769466784.832, 1769466784.863, 1769466784.878, 1769466784.904, 1769466784.927"
200.0,1,1769466582.7418,179.6194,3159,1024,4183,1.4872,0.0856,0.3971,200.0,0.0,91.95,76.6836,56.303,56.303,6224.3001,1769466839.0603344,20.45,339,1658,0.733,35,0,0,10.31,15.0,0,2406,1769466784.832,-51.576,meta-llama/Llama-3.2-1B-Instruct,"1769466784.832, 1769466784.863, 1769466784.878, 1769466784.904, 1769466784.927"
200.0,1,1769466584.0798,213.3197,5078,28,5106,43.2645,0.084,0.0851,200.0,0.0,91.95,45.1733,58.493,58.493,6282.7931,1769466842.5896025,20.43,339,1659,0.94,27,11,0,10.31,15.0,0,2503,1769466784.904,-56.554,meta-llama/Llama-3.2-1B-Instruct,"1769466784.904, 1769466784.927, 1769466784.935, 1769466784.958, 1769466785.001"
1.0,0,1769466783.5019,15.7589,27,32,59,41.3881,0.1054,0.6404,1.0,0.0,91.96,44.1103,56.147,56.147,6395.5316,1769466843.380287,20.42,339,1661,0.969,29,10,0,10.31,15.0,0,2503,1769466784.904,-56.554,meta-llama/Llama-3.2-1B-Instruct,"1769466784.904, 1769466784.927, 1769466784.935, 1769466784.958, 1769466785.001"
1.0,0,1769466783.0809,14.3976,27,32,59,43.194,0.0918,0.637,1.0,0.0,91.96,45.901,56.5915,56.5915,6395.5316,1769466843.384554,20.41,339,1661,0.94,27,11,0,10.31,15.0,0,2503,1769466784.904,-56.554,meta-llama/Llama-3.2-1B-Instruct,"1769466784.904, 1769466784.927, 1769466784.935, 1769466784.958, 1769466785.001"
200.0,1,1769466582.8946,189.0955,5091,1022,6113,0.877,0.083,0.4283,200.0,0.0,91.97,79.7977,68.8932,68.8932,6464.4248,1769466851.8071566,20.4,339,1662,0.8,35,0,0,10.31,15.0,0,2684,1769466784.958,-66.684,meta-llama/Llama-3.2-1B-Instruct,"1769466784.958, 1769466785.001, 1769466785.031, 1769466785.053, 1769466785.109"
200.0,1,1769466582.9339,189.1575,2407,1023,3430,1.0456,0.0835,0.4202,200.0,0.0,91.97,79.7821,68.9396,68.9396,6533.3644,1769466851.8890495,20.38,339,1663,0.801,34,0,0,10.31,15.0,0,2684,1769466784.958,-66.684,meta-llama/Llama-3.2-1B-Instruct,"1769466784.958, 1769466785.001, 1769466785.031, 1769466785.053, 1769466785.109"
200.0,1,1769466583.663,205.2878,2552,728,3280,9.4541,0.0825,0.3748,200.0,0.0,91.98,64.7499,70.0377,70.0377,6603.4022,1769466853.7209146,20.37,339,1664,0.979,35,1,0,10.31,15.0,0,2684,1769466784.958,-66.684,meta-llama/Llama-3.2-1B-Instruct,"1769466784.958, 1769466785.001, 1769466785.031, 1769466785.053, 1769466785.109"
200.0,1,1769466582.9672,193.8085,4119,1025,5144,0.9726,0.0843,0.4574,200.0,0.0,91.98,81.164,74.9725,74.9725,6678.3747,1769466857.9581077,20.36,339,1665,0.664,33,1,0,10.31,15.0,0,2766,1769466785.053,-71.607,meta-llama/Llama-3.2-1B-Instruct,"1769466785.053, 1769466785.109, 1769466785.135, 1769466785.165, 1769466785.203"
200.0,1,1769466583.1459,194.0104,2610,1030,3640,2.4987,0.0828,0.4278,200.0,0.0,91.99,80.8752,74.8856,74.8856,6978.1671,1769466858.0461247,20.34,339,1669,0.614,30,0,0,10.31,15.0,0,2766,1769466785.053,-71.607,meta-llama/Llama-3.2-1B-Instruct,"1769466785.053, 1769466785.109, 1769466785.135, 1769466785.165, 1769466785.203"
200.0,1,1769466583.0571,193.8501,3159,1026,4185,2.7567,0.0848,0.4241,200.0,0.0,91.99,81.1254,74.9755,74.9755,6978.1671,1769466858.0503998,20.32,339,1669,0.614,30,0,0,10.31,15.0,0,2766,1769466785.053,-71.607,meta-llama/Llama-3.2-1B-Instruct,"1769466785.053, 1769466785.109, 1769466785.135, 1769466785.165, 1769466785.203"
200.0,1,1769466583.1217,193.9219,3155,1028,4183,2.6005,0.083,0.4242,200.0,0.0,92.0,80.9873,74.9092,74.9092,6978.1671,1769466858.0521894,20.35,339,1669,0.614,30,0,0,10.31,15.0,0,2766,1769466785.053,-71.607,meta-llama/Llama-3.2-1B-Instruct,"1769466785.053, 1769466785.109, 1769466785.135, 1769466785.165, 1769466785.203"
200.0,1,1769466583.0182,193.8173,2472,1016,3488,2.8255,0.0837,0.433,200.0,0.0,92.0,81.2048,75.022,75.022,6978.1671,1769466858.0564046,20.31,339,1669,0.55,29,0,0,10.31,15.0,0,2766,1769466785.053,-71.607,meta-llama/Llama-3.2-1B-Instruct,"1769466785.053, 1769466785.109, 1769466785.135, 1769466785.165, 1769466785.203"
1.0,0,1769466783.7715,50.762,27,32,59,24.0372,0.0878,2.1058,1.0,1.1058,91.95,28.2084,73.7992,73.7992,7051.9663,1769466862.745004,20.3,339,1670,0.948,26,12,0,10.31,15.0,0,2863,1769466785.239,-76.444,meta-llama/Llama-3.2-1B-Instruct,"1769466785.239, 1769466785.270, 1769466785.296, 1769466785.324, 1769466785.352"
1.0,0,1769466783.8776,55.3651,27,32,59,21.4234,0.0839,0.0859,1.0,0.0,91.95,23.5793,75.7885,75.7885,7203.4826,1769466862.8231072,20.28,339,1672,0.968,29,8,0,10.31,15.0,0,2863,1769466785.239,-76.444,meta-llama/Llama-3.2-1B-Instruct,"1769466785.239, 1769466785.270, 1769466785.296, 1769466785.324, 1769466785.352"
1.0,0,1769466783.9272,59.5891,27,32,59,17.1388,0.0958,0.0973,1.0,0.0,91.96,19.3053,75.7278,75.7278,7203.4826,1769466862.8233452,20.29,339,1672,0.977,28,10,0,10.31,15.0,0,2863,1769466785.239,-76.444,meta-llama/Llama-3.2-1B-Instruct,"1769466785.239, 1769466785.270, 1769466785.296, 1769466785.324, 1769466785.352"
200.0,1,1769466584.0481,209.9986,2527,352,2879,40.9891,0.0858,0.6428,200.0,0.0,91.96,70.5532,80.5518,80.5518,7284.0344,1769466864.6113572,20.26,339,1673,0.968,28,11,0,10.31,15.0,0,2863,1769466785.239,-76.444,meta-llama/Llama-3.2-1B-Instruct,"1769466785.239, 1769466785.270, 1769466785.296, 1769466785.324, 1769466785.352"
200.0,1,1769466583.1762,201.0183,4884,1026,5910,0.7839,0.0856,0.4314,200.0,0.0,91.97,82.6908,83.7091,83.7091,7367.7435,1769466866.9035664,20.25,339,1674,0.714,33,0,0,10.31,15.0,0,2946,1769466785.352,-81.402,meta-llama/Llama-3.2-1B-Instruct,"1769466785.352, 1769466785.395, 1769466785.407, 1769466785.447, 1769466785.477"
200.0,1,1769466583.3906,201.1464,2441,1026,3467,1.8962,0.0834,0.4257,200.0,0.0,91.97,82.4406,83.5871,83.5871,7618.8016,1769466866.993037,20.21,339,1677,0.761,35,0,0,10.31,15.0,0,2946,1769466785.352,-81.402,meta-llama/Llama-3.2-1B-Instruct,"1769466785.352, 1769466785.395, 1769466785.407, 1769466785.447, 1769466785.477"
200.0,1,1769466583.2728,201.157,3317,1033,4350,1.9869,0.0853,0.4241,200.0,0.0,91.98,82.5423,83.6993,83.6993,7618.8016,1769466866.9945488,20.24,339,1677,0.761,35,0,0,10.31,15.0,0,2946,1769466785.352,-81.402,meta-llama/Llama-3.2-1B-Instruct,"1769466785.352, 1769466785.395, 1769466785.407, 1769466785.447, 1769466785.477"
200.0,1,1769466583.2029,201.0879,2914,1024,3938,2.1249,0.086,0.4252,200.0,0.0,91.98,82.6839,83.7717,83.7717,7618.8016,1769466866.9964292,20.23,339,1677,0.715,34,0,0,10.31,15.0,0,2946,1769466785.352,-81.402,meta-llama/Llama-3.2-1B-Instruct,"1769466785.352, 1769466785.395, 1769466785.407, 1769466785.447, 1769466785.477"
200.0,1,1769466583.4166,203.1053,3006,1024,4030,0.4649,0.0849,0.5421,200.0,0.0,91.99,83.0634,86.1687,86.1687,7704.9703,1769466869.6010327,20.2,339,1678,0.872,39,0,0,10.31,15.0,0,2946,1769466785.352,-81.402,meta-llama/Llama-3.2-1B-Instruct,"1769466785.352, 1769466785.395, 1769466785.407, 1769466785.447, 1769466785.477"
200.0,1,1769466583.4407,203.6811,2643,1033,3676,0.4137,0.0881,0.5422,200.0,0.0,91.99,83.013,86.6942,86.6942,7791.6644,1769466870.1506011,20.19,339,1679,0.901,38,0,0,10.31,15.0,0,2946,1769466785.352,-81.402,meta-llama/Llama-3.2-1B-Instruct,"1769466785.352, 1769466785.395, 1769466785.407, 1769466785.447, 1769466785.477"
200.0,1,1769466583.467,203.7314,3014,1026,4040,0.7343,0.083,0.5426,200.0,0.0,92.0,83.0165,86.7479,86.7479,7878.4123,1769466870.2310498,20.18,339,1680,0.926,39,0,0,10.31,15.0,0,2946,1769466785.352,-81.402,meta-llama/Llama-3.2-1B-Instruct,"1769466785.352, 1769466785.395, 1769466785.407, 1769466785.447, 1769466785.477"
200.0,1,1769466583.5062,204.6588,2407,1025,3432,0.3864,0.0851,0.5841,200.0,0.0,92.0,83.3825,88.0413,88.0413,7966.4536,1769466871.5635972,20.17,339,1681,0.956,38,0,0,10.31,15.0,0,2946,1769466785.352,-81.402,meta-llama/Llama-3.2-1B-Instruct,"1769466785.352, 1769466785.395, 1769466785.407, 1769466785.447, 1769466785.477"
200.0,1,1769466583.7003,205.3442,2661,1031,3692,9.359,0.0836,0.5516,200.0,0.0,92.0,91.3476,96.6917,96.6917,8063.1453,1769466880.4157915,20.15,339,1682,0.979,35,1,0,10.31,15.0,0,3114,1769466785.621,-91.17,meta-llama/Llama-3.2-1B-Instruct,"1769466785.621, 1769466785.687, 1769466785.713, 1769466785.720, 1769466785.753"
200.0,1,1769466583.7262,205.3783,3376,1033,4409,10.0401,0.087,0.4686,200.0,0.0,92.01,91.3533,96.7316,96.7316,8159.8769,1769466880.4742782,20.14,339,1683,0.979,34,3,0,10.31,15.0,0,3114,1769466785.621,-91.17,meta-llama/Llama-3.2-1B-Instruct,"1769466785.621, 1769466785.687, 1769466785.713, 1769466785.720, 1769466785.753"
200.0,1,1769466583.7923,205.5482,3324,1027,4351,10.3259,0.0815,0.5451,200.0,0.0,92.01,92.1916,97.7398,97.7398,8257.6167,1769466881.5467563,20.13,339,1684,0.979,33,4,0,10.31,15.0,0,3114,1769466785.621,-91.17,meta-llama/Llama-3.2-1B-Instruct,"1769466785.621, 1769466785.687, 1769466785.713, 1769466785.720, 1769466785.753"
200.0,1,1769466583.8652,205.793,3516,1023,4539,17.6582,0.0861,0.4579,200.0,0.0,92.02,99.133,104.926,104.926,8362.5427,1769466888.8096545,20.12,339,1685,0.979,30,6,0,10.31,15.0,0,3283,1769466785.72,-101.113,meta-llama/Llama-3.2-1B-Instruct,"1769466785.720, 1769466785.753, 1769466785.821, 1769466785.848, 1769466785.913"
200.0,1,1769466583.9999,205.8991,2441,1024,3465,18.3588,0.0879,0.4475,200.0,0.0,92.02,98.9715,104.8706,104.8706,8572.3176,1769466888.889343,20.11,339,1687,0.979,29,8,0,10.31,15.0,0,3283,1769466785.72,-101.113,meta-llama/Llama-3.2-1B-Instruct,"1769466785.720, 1769466785.753, 1769466785.821, 1769466785.848, 1769466785.913"
200.0,1,1769466583.9753,205.8651,4739,1024,5763,18.4254,0.0854,0.4653,200.0,0.0,92.03,99.0391,104.9042,104.9042,8572.3176,1769466888.8962057,20.09,339,1687,0.978,29,7,0,10.31,15.0,0,3283,1769466785.72,-101.113,meta-llama/Llama-3.2-1B-Instruct,"1769466785.720, 1769466785.753, 1769466785.821, 1769466785.848, 1769466785.913"
1.0,0,1769466784.5113,85.7305,27,31,58,20.2336,0.0911,0.0939,1.0,0.0,92.03,22.3869,104.964,104.964,8782.3768,1769466892.6406944,20.08,339,1689,0.93,28,10,0,10.31,15.0,0,3370,1769466785.848,-106.008,meta-llama/Llama-3.2-1B-Instruct,"1769466785.848, 1769466785.913, 1769466785.923, 1769466785.951, 1769466786.012"
1.0,0,1769466784.4071,82.8344,27,32,59,23.2608,0.0766,0.0863,1.0,0.0,92.04,25.399,105.0952,105.0952,8782.3768,1769466892.6422346,20.07,339,1689,0.867,26,10,0,10.31,15.0,0,3370,1769466785.848,-106.008,meta-llama/Llama-3.2-1B-Instruct,"1769466785.848, 1769466785.913, 1769466785.923, 1769466785.951, 1769466786.012"
200.0,1,1769466585.0529,273.0445,4303,377,4680,11.3434,0.0859,0.4669,200.0,0.0,92.04,40.8548,113.8993,113.8993,8896.2761,1769466898.9673345,20.06,339,1690,0.825,25,10,0,10.31,15.0,0,3450,1769466785.923,-110.99,meta-llama/Llama-3.2-1B-Instruct,"1769466785.923, 1769466785.951, 1769466786.012, 1769466786.064, 1769466786.064"
200.0,1,1769466584.9582,267.0363,2898,467,3365,15.7464,0.0856,0.4579,200.0,0.0,92.05,53.4197,120.456,120.456,9016.7321,1769466905.4262938,20.05,339,1691,0.944,27,11,0,10.31,15.0,0,3536,1769466785.951,-115.986,meta-llama/Llama-3.2-1B-Instruct,"1769466785.951, 1769466786.012, 1769466786.064, 1769466786.064, 1769466786.099"
200.0,1,1769466584.0233,206.3662,2877,1029,3906,31.4555,0.0873,0.5428,200.0,0.0,92.05,119.4148,125.781,125.781,9142.513,1769466909.820261,20.04,339,1692,0.981,29,10,0,10.31,15.0,0,3614,1769466786.012,-121.047,meta-llama/Llama-3.2-1B-Instruct,"1769466786.012, 1769466786.064, 1769466786.064, 1769466786.099, 1769466786.121"
200.0,1,1769466585.5312,284.8034,2585,0,2585,,,,200.0,,,39.8626,124.6661,124.6661,9267.1791,1769466910.2083552,20.02,339,1693,0.93,28,10,0,10.31,15.0,0,3614,1769466786.012,-121.047,meta-llama/Llama-3.2-1B-Instruct,"1769466786.012, 1769466786.064, 1769466786.064, 1769466786.099, 1769466786.121"
200.0,1,1769466584.1458,213.7427,3557,1026,4583,42.7715,0.0865,0.4615,200.0,0.0,92.06,123.3232,137.0659,137.0659,9541.358,1769466921.229214,20.01,339,1695,0.905,27,11,0,10.31,15.0,0,3783,1769466786.064,-131.112,meta-llama/Llama-3.2-1B-Instruct,"1769466786.064, 1769466786.099, 1769466786.121, 1769466786.126, 1769466786.161"
200.0,1,1769466584.1053,213.75,2536,1028,3564,42.7983,0.0872,0.4463,200.0,0.0,92.06,123.363,137.113,137.113,9541.358,1769466921.238327,20.0,339,1695,0.905,27,11,0,10.31,15.0,0,3783,1769466786.064,-131.112,meta-llama/Llama-3.2-1B-Instruct,"1769466786.064, 1769466786.099, 1769466786.121, 1769466786.126, 1769466786.161"
200.0,1,1769466584.5655,222.0333,2516,1016,3532,36.6833,0.0881,0.4579,200.0,0.0,92.07,117.4861,139.5194,139.5194,9680.8774,1769466924.098786,19.99,339,1696,0.896,27,9,0,10.31,15.0,0,3868,1769466786.121,-136.064,meta-llama/Llama-3.2-1B-Instruct,"1769466786.121, 1769466786.126, 1769466786.161, 1769466786.185, 1769466786.209"
1.0,0,1769466784.621,96.029,27,32,59,41.5378,0.3373,0.4693,1.0,0.0,92.07,44.0696,136.5668,136.5668,9817.4442,1769466924.7214897,19.98,339,1697,0.979,29,9,0,10.31,15.0,0,3868,1769466786.121,-136.064,meta-llama/Llama-3.2-1B-Instruct,"1769466786.121, 1769466786.126, 1769466786.161, 1769466786.185, 1769466786.209"
200.0,1,1769466584.6292,222.1526,2739,1028,3767,36.5121,0.0835,0.4611,200.0,0.0,92.08,120.1676,142.3202,142.3202,9959.7644,1769466926.9614403,19.96,339,1698,0.896,27,9,0,10.31,15.0,0,3868,1769466786.121,-136.064,meta-llama/Llama-3.2-1B-Instruct,"1769466786.121, 1769466786.126, 1769466786.161, 1769466786.185, 1769466786.209"
1.0,0,1769466784.7196,104.2967,27,32,59,38.5626,0.0818,0.0828,1.0,0.0,92.08,40.6756,141.8593,141.8593,10101.6237,1769466929.7026017,19.95,339,1699,0.893,27,10,0,10.31,15.0,0,3947,1769466786.185,-141.154,meta-llama/Llama-3.2-1B-Instruct,"1769466786.185, 1769466786.209, 1769466786.238, 1769466786.263, 1769466786.282"
200.0,1,1769466584.608,222.1678,2633,1026,3659,45.7488,0.0881,0.467,200.0,0.0,92.09,126.8214,148.9891,148.9891,10250.6129,1769466933.613343,19.94,339,1700,0.896,27,9,0,10.31,15.0,0,4034,1769466786.209,-146.151,meta-llama/Llama-3.2-1B-Instruct,"1769466786.209, 1769466786.238, 1769466786.263, 1769466786.282, 1769466786.314"
200.0,1,1769466584.6575,222.2733,2808,1028,3836,45.9615,0.0846,0.4743,200.0,0.0,92.09,126.7677,149.041,149.041,10399.6539,1769466933.7213826,19.93,339,1701,0.896,27,9,0,10.31,15.0,0,4034,1769466786.209,-146.151,meta-llama/Llama-3.2-1B-Instruct,"1769466786.209, 1769466786.238, 1769466786.263, 1769466786.282, 1769466786.314"
200.0,1,1769466584.7321,230.1661,2635,1019,3654,39.1933,0.0866,0.4868,200.0,0.0,92.1,120.6339,150.8,150.8,10550.4539,1769466935.5508618,19.92,339,1702,0.963,28,11,0,10.31,15.0,0,4034,1769466786.209,-146.151,meta-llama/Llama-3.2-1B-Instruct,"1769466786.209, 1769466786.238, 1769466786.263, 1769466786.282, 1769466786.314"
200.0,1,1769466584.7608,236.784,3871,1028,4899,37.0188,0.0842,0.4607,200.0,0.0,92.1,118.3477,155.1316,155.1316,10705.5855,1769466939.9102352,19.91,339,1703,0.972,28,11,0,10.31,15.0,0,4125,1769466786.282,-151.49,meta-llama/Llama-3.2-1B-Instruct,"1769466786.282, 1769466786.314, 1769466786.315, 1769466786.342, 1769466786.356"
200.0,1,1769466584.789,249.7843,2461,1019,3480,26.0809,0.0882,0.4575,200.0,0.0,92.11,105.3857,155.17,155.17,11481.1108,1769466939.9760122,19.89,339,1708,0.948,26,12,0,10.31,15.0,0,4125,1769466786.282,-151.49,meta-llama/Llama-3.2-1B-Instruct,"1769466786.282, 1769466786.314, 1769466786.315, 1769466786.342, 1769466786.356"
200.0,1,1769466584.8321,254.3136,2961,1025,3986,21.5325,0.083,0.461,200.0,0.0,92.11,100.8298,155.1434,155.1434,11481.1108,1769466939.988607,19.85,339,1708,0.968,29,8,0,10.31,15.0,0,4125,1769466786.282,-151.49,meta-llama/Llama-3.2-1B-Instruct,"1769466786.282, 1769466786.314, 1769466786.315, 1769466786.342, 1769466786.356"
200.0,1,1769466584.9042,257.8459,2905,1031,3936,17.9258,0.0835,0.4537,200.0,0.0,92.12,97.2215,155.0674,155.0674,11481.1108,1769466939.9892936,19.87,339,1708,0.977,30,9,0,10.31,15.0,0,4125,1769466786.282,-151.49,meta-llama/Llama-3.2-1B-Instruct,"1769466786.282, 1769466786.314, 1769466786.315, 1769466786.342, 1769466786.356"
200.0,1,1769466584.9351,258.617,5033,1025,6058,17.1222,0.0882,0.4614,200.0,0.0,92.12,96.4166,155.0336,155.0336,11481.1108,1769466939.9909115,19.88,339,1708,0.977,28,10,0,10.31,15.0,0,4125,1769466786.282,-151.49,meta-llama/Llama-3.2-1B-Instruct,"1769466786.282, 1769466786.314, 1769466786.315, 1769466786.342, 1769466786.356"
200.0,1,1769466584.8634,254.3182,2779,1021,3800,21.4864,0.0849,0.4532,200.0,0.0,92.13,100.7926,155.1107,155.1107,11481.1108,1769466939.9920168,19.86,339,1708,0.968,29,8,0,10.31,15.0,0,4125,1769466786.282,-151.49,meta-llama/Llama-3.2-1B-Instruct,"1769466786.282, 1769466786.314, 1769466786.315, 1769466786.342, 1769466786.356"
1.0,0,1769466785.0645,136.2285,27,32,59,22.1819,0.0923,0.0934,1.0,0.0,92.13,24.3316,157.4104,157.4104,12110.8372,1769466945.640006,19.82,339,1712,0.968,27,11,0,10.31,15.0,0,4214,1769466786.437,-156.358,meta-llama/Llama-3.2-1B-Instruct,"1769466786.437, 1769466786.439, 1769466786.466, 1769466786.497, 1769466786.524"
1.0,0,1769466785.1258,139.6889,27,34,61,18.6813,0.0822,0.0834,1.0,0.0,92.14,20.8213,157.3703,157.3703,12110.8372,1769466945.640382,19.81,339,1712,0.976,26,13,0,10.31,15.0,0,4214,1769466786.437,-156.358,meta-llama/Llama-3.2-1B-Instruct,"1769466786.437, 1769466786.439, 1769466786.466, 1769466786.497, 1769466786.524"
1.0,0,1769466785.0985,136.2626,27,32,59,22.113,0.082,0.0844,1.0,0.0,92.14,24.2581,157.3756,157.3756,12110.8372,1769466945.6409438,19.84,339,1712,0.968,27,11,0,10.31,15.0,0,4214,1769466786.437,-156.358,meta-llama/Llama-3.2-1B-Instruct,"1769466786.437, 1769466786.439, 1769466786.466, 1769466786.497, 1769466786.524"
1.0,0,1769466784.9234,114.1583,27,32,59,44.412,0.0873,0.0921,1.0,0.0,92.15,46.5578,157.5703,157.5703,12110.8372,1769466945.6413372,19.8,339,1712,0.975,29,10,0,10.31,15.0,0,4214,1769466786.437,-156.358,meta-llama/Llama-3.2-1B-Instruct,"1769466786.437, 1769466786.439, 1769466786.466, 1769466786.497, 1769466786.524"
200.0,1,1769466585.0011,266.9986,3246,1025,4271,15.7499,0.084,0.4669,200.0,0.0,92.15,97.718,164.7166,164.7166,12275.5538,1769466949.7336237,19.79,339,1713,0.944,27,11,0,10.31,15.0,0,4291,1769466786.524,-161.32,meta-llama/Llama-3.2-1B-Instruct,"1769466786.524, 1769466786.526, 1769466786.550, 1769466786.552, 1769466786.578"
200.0,1,1769466585.1093,273.0397,5186,1024,6210,11.2882,0.086,0.4623,200.0,0.0,92.15,91.6437,164.6834,164.6834,12605.0035,1769466949.8090205,19.78,339,1715,0.825,25,10,0,10.31,15.0,0,4291,1769466786.524,-161.32,meta-llama/Llama-3.2-1B-Instruct,"1769466786.524, 1769466786.526, 1769466786.550, 1769466786.552, 1769466786.578"
200.0,1,1769466585.0313,268.8022,2461,1024,3485,15.6044,0.0843,0.4561,200.0,0.0,92.16,95.964,164.7662,164.7662,12605.0035,1769466949.8106506,19.77,339,1715,0.968,28,11,0,10.31,15.0,0,4291,1769466786.524,-161.32,meta-llama/Llama-3.2-1B-Instruct,"1769466786.524, 1769466786.526, 1769466786.550, 1769466786.552, 1769466786.578"
200.0,1,1769466585.135,273.0851,2657,1025,3682,11.776,0.0834,0.4638,200.0,0.0,92.16,93.2546,166.3396,166.3396,12771.3431,1769466951.4907346,19.76,339,1716,0.825,25,10,0,10.31,15.0,0,4291,1769466786.524,-161.32,meta-llama/Llama-3.2-1B-Instruct,"1769466786.524, 1769466786.526, 1769466786.550, 1769466786.552, 1769466786.578"
200.0,1,1769466585.1653,273.0938,3545,1028,4573,12.4176,0.0839,0.483,200.0,0.0,92.17,94.3065,167.4003,167.4003,12938.7434,1769466952.5820794,19.74,339,1717,0.825,25,10,0,10.31,15.0,0,4291,1769466786.524,-161.32,meta-llama/Llama-3.2-1B-Instruct,"1769466786.524, 1769466786.526, 1769466786.550, 1769466786.552, 1769466786.578"
200.0,1,1769466585.2031,273.1219,2413,1025,3438,12.932,0.0837,0.4635,200.0,0.0,92.17,94.3218,167.4438,167.4438,13273.5964,1769466952.6647606,19.73,339,1719,0.825,25,10,0,10.31,15.0,0,4291,1769466786.524,-161.32,meta-llama/Llama-3.2-1B-Instruct,"1769466786.524, 1769466786.526, 1769466786.550, 1769466786.552, 1769466786.578"
200.0,1,1769466585.2393,277.6021,2516,1023,3539,8.4175,0.0845,0.462,200.0,0.0,92.18,89.8071,167.4092,167.4092,13273.5964,1769466952.6668797,19.72,339,1719,0.987,29,8,0,10.31,15.0,0,4291,1769466786.524,-161.32,meta-llama/Llama-3.2-1B-Instruct,"1769466786.524, 1769466786.526, 1769466786.550, 1769466786.552, 1769466786.578"
200.0,1,1769466586.4365,359.3448,3253,20,3273,8.343,0.3653,0.3653,200.0,0.0,92.18,9.7734,169.1182,169.1182,13442.7146,1769466955.5825577,19.71,339,1720,0.989,26,10,0,10.31,15.0,0,4381,1769466786.616,-166.251,meta-llama/Llama-3.2-1B-Instruct,"1769466786.616, 1769466786.633, 1769466786.646, 1769466786.711, 1769466786.713"
1.0,0,1769466785.3153,154.9188,27,32,59,12.1853,0.374,1.1061,1.0,0.1061,92.13,15.7058,166.1041,166.1041,13774.8749,1769466955.953444,19.7,339,1722,0.769,20,14,0,10.31,15.0,0,4381,1769466786.616,-166.251,meta-llama/Llama-3.2-1B-Instruct,"1769466786.616, 1769466786.633, 1769466786.646, 1769466786.711, 1769466786.713"
1.0,0,1769466785.3419,154.8971,27,32,59,12.1591,0.3861,1.1023,1.0,0.1023,92.07,15.7056,166.0563,166.0563,13941.0004,1769466955.9556487,19.69,339,1723,0.769,20,14,0,10.31,15.0,0,4381,1769466786.616,-166.251,meta-llama/Llama-3.2-1B-Instruct,"1769466786.616, 1769466786.633, 1769466786.646, 1769466786.711, 1769466786.713"
1.0,0,1769466785.2824,154.7429,27,32,59,12.3826,0.3951,1.1002,1.0,0.1002,92.02,15.9293,166.1255,166.1255,13941.0004,1769466955.9573216,19.67,339,1723,0.769,20,14,0,10.31,15.0,0,4381,1769466786.616,-166.251,meta-llama/Llama-3.2-1B-Instruct,"1769466786.616, 1769466786.633, 1769466786.646, 1769466786.711, 1769466786.713"
1.0,0,1769466785.3689,154.9166,27,32,59,12.7406,0.3567,1.1209,1.0,0.1209,91.96,15.9792,166.6572,166.6572,14107.6576,1769466956.2663217,19.66,339,1724,0.769,20,14,0,10.31,15.0,0,4381,1769466786.616,-166.251,meta-llama/Llama-3.2-1B-Instruct,"1769466786.616, 1769466786.633, 1769466786.646, 1769466786.711, 1769466786.713"
1.0,0,1769466785.4393,160.4193,27,32,59,8.2622,0.1873,0.3562,1.0,0.0,91.97,10.4307,167.6815,167.6815,14778.2777,1769466956.302878,19.65,339,1728,0.989,26,10,0,10.31,15.0,0,4381,1769466786.616,-166.251,meta-llama/Llama-3.2-1B-Instruct,"1769466786.616, 1769466786.633, 1769466786.646, 1769466786.711, 1769466786.713"
1.0,0,1769466785.4659,160.4645,27,32,59,8.2094,0.198,0.3811,1.0,0.0,91.97,10.3683,167.6739,167.6739,14778.2777,1769466956.3032105,19.63,339,1728,0.989,26,12,0,10.31,15.0,0,4381,1769466786.616,-166.251,meta-llama/Llama-3.2-1B-Instruct,"1769466786.616, 1769466786.633, 1769466786.646, 1769466786.711, 1769466786.713"
1.0,0,1769466785.4966,160.5433,27,32,59,8.0918,0.19,0.3661,1.0,0.0,91.98,10.2552,167.6351,167.6351,14945.8565,1769466956.3040614,19.64,339,1729,0.989,26,13,0,10.31,15.0,0,4381,1769466786.616,-166.251,meta-llama/Llama-3.2-1B-Instruct,"1769466786.616, 1769466786.633, 1769466786.646, 1769466786.711, 1769466786.713"
1.0,0,1769466785.5239,164.3208,27,32,59,4.3087,0.2057,0.4011,1.0,0.0,91.98,6.4553,167.6295,167.6295,14945.8565,1769466956.3043244,19.62,339,1729,0.894,24,13,0,10.31,15.0,0,4381,1769466786.616,-166.251,meta-llama/Llama-3.2-1B-Instruct,"1769466786.616, 1769466786.633, 1769466786.646, 1769466786.711, 1769466786.713"
1.0,0,1769466785.5501,164.433,27,32,59,4.1458,0.1821,0.4098,1.0,0.0,91.99,6.3207,167.5788,167.5788,14945.8565,1769466956.30507,19.61,339,1729,0.894,24,13,0,10.31,15.0,0,4381,1769466786.616,-166.251,meta-llama/Llama-3.2-1B-Instruct,"1769466786.616, 1769466786.633, 1769466786.646, 1769466786.711, 1769466786.713"
1.0,0,1769466785.578,167.1078,27,32,59,2.9839,0.0887,0.2394,1.0,0.0,91.99,5.0954,169.0917,169.0917,15114.9482,1769466957.784012,19.6,339,1730,0.903,29,8,0,10.31,15.0,0,4381,1769466786.616,-166.251,meta-llama/Llama-3.2-1B-Instruct,"1769466786.616, 1769466786.633, 1769466786.646, 1769466786.711, 1769466786.713"
200.0,1,1769466585.2955,277.7492,2913,1026,3939,18.4924,0.0864,0.4663,200.0,0.0,92.0,100.4079,178.157,178.157,15471.2952,1769466963.4716969,19.58,339,1732,0.988,29,9,0,10.31,15.0,0,4524,1769466786.981,-175.935,meta-llama/Llama-3.2-1B-Instruct,"1769466786.981, 1769466787.006, 1769466787.035, 1769466787.057, 1769466787.062"
200.0,1,1769466585.2695,277.7006,4739,1026,5765,18.5527,0.0865,0.4616,200.0,0.0,92.0,100.4894,178.19,178.19,15471.2952,1769466963.4786742,19.57,339,1732,0.988,29,9,0,10.31,15.0,0,4524,1769466786.981,-175.935,meta-llama/Llama-3.2-1B-Instruct,"1769466786.981, 1769466787.006, 1769466787.035, 1769466787.057, 1769466787.062"
200.0,1,1769466585.3239,279.3726,2972,1036,4008,17.287,0.0867,0.472,200.0,0.0,92.0,99.6624,179.035,179.035,15650.3302,1769466964.3777974,19.56,339,1733,0.967,28,11,0,10.31,15.0,0,4524,1769466786.981,-175.935,meta-llama/Llama-3.2-1B-Instruct,"1769466786.981, 1769466787.006, 1769466787.035, 1769466787.057, 1769466787.062"
1.0,0,1769466785.6326,170.754,27,32,59,7.9669,0.0953,0.7907,1.0,0.0,92.01,10.8605,177.7209,177.7209,16005.8143,1769466967.24926,19.55,339,1735,0.965,28,3,0,10.31,15.0,0,4524,1769466786.981,-175.935,meta-llama/Llama-3.2-1B-Instruct,"1769466786.981, 1769466787.006, 1769466787.035, 1769466787.057, 1769466787.062"
1.0,0,1769466785.6057,167.233,27,32,59,11.5301,0.0866,0.805,1.0,0.0,92.01,14.4089,177.7631,177.7631,16005.8143,1769466967.2494874,19.54,339,1735,0.903,29,8,0,10.31,15.0,0,4524,1769466786.981,-175.935,meta-llama/Llama-3.2-1B-Instruct,"1769466786.981, 1769466787.006, 1769466787.035, 1769466787.057, 1769466787.062"
1.0,0,1769466785.7115,170.8159,27,32,59,8.7263,0.0818,0.083,1.0,0.0,92.02,10.8569,178.5422,178.5422,16362.8667,1769466967.3921814,19.53,339,1737,0.965,28,4,0,10.31,15.0,0,4524,1769466786.981,-175.935,meta-llama/Llama-3.2-1B-Instruct,"1769466786.981, 1769466787.006, 1769466787.035, 1769466787.057, 1769466787.062"
1.0,0,1769466785.739,170.9186,27,32,59,8.5916,0.0849,0.0873,1.0,0.0,92.02,10.7332,178.5102,178.5102,16362.8667,1769466967.3923554,19.52,339,1737,0.966,28,6,0,10.31,15.0,0,4524,1769466786.981,-175.935,meta-llama/Llama-3.2-1B-Instruct,"1769466786.981, 1769466787.006, 1769466787.035, 1769466787.057, 1769466787.062"
200.0,1,1769466585.3517,281.7917,3103,1027,4130,22.1583,0.0856,0.5484,200.0,0.0,92.03,104.9344,186.7261,186.7261,16549.5928,1769466972.093906,19.51,339,1738,0.867,26,10,0,10.31,15.0,0,4599,1769466787.137,-180.827,meta-llama/Llama-3.2-1B-Instruct,"1769466787.137, 1769466787.138, 1769466787.193, 1769466787.227, 1769466787.254"
200.0,1,1769466585.3949,281.7985,3037,1029,4066,23.2799,0.087,0.4996,200.0,0.0,92.03,104.9678,186.7663,186.7663,16923.0794,1769466972.1779294,19.49,339,1740,0.867,26,10,0,10.31,15.0,0,4599,1769466787.137,-180.827,meta-llama/Llama-3.2-1B-Instruct,"1769466787.137, 1769466787.138, 1769466787.193, 1769466787.227, 1769466787.254"
200.0,1,1769466585.4465,281.8567,3180,1021,4201,23.1872,0.0864,0.4666,200.0,0.0,92.04,104.8635,186.7202,186.7202,16923.0794,1769466972.1811352,19.48,339,1740,0.867,26,10,0,10.31,15.0,0,4599,1769466787.137,-180.827,meta-llama/Llama-3.2-1B-Instruct,"1769466787.137, 1769466787.138, 1769466787.193, 1769466787.227, 1769466787.254"
200.0,1,1769466585.9132,306.9556,2572,346,2918,50.6095,0.0875,0.8341,200.0,0.0,92.04,79.6944,186.6499,186.6499,17109.7293,1769466972.5758202,19.47,339,1741,0.994,30,8,0,10.31,15.0,0,4599,1769466787.137,-180.827,meta-llama/Llama-3.2-1B-Instruct,"1769466787.137, 1769466787.138, 1769466787.193, 1769466787.227, 1769466787.254"
1.0,0,1769466785.8478,171.0281,27,34,61,16.3823,0.4032,1.0096,1.0,0.0096,91.99,19.8103,186.4103,186.4103,17296.1396,1769466976.6886556,19.46,339,1742,0.967,28,9,0,10.31,15.0,0,4685,1769466787.254,-185.966,meta-llama/Llama-3.2-1B-Instruct,"1769466787.254, 1769466787.276, 1769466787.291, 1769466787.303, 1769466787.327"
1.0,0,1769466785.9637,171.9621,27,32,59,16.3353,0.3714,0.4119,1.0,0.0,91.99,18.8179,187.2974,187.2974,17483.437,1769466976.7511413,19.45,339,1743,0.97,27,12,0,10.31,15.0,0,4685,1769466787.254,-185.966,meta-llama/Llama-3.2-1B-Instruct,"1769466787.254, 1769466787.276, 1769466787.291, 1769466787.303, 1769466787.327"
200.0,1,1769466585.4773,284.1954,3283,1027,4310,20.81,0.0865,0.6965,200.0,0.0,92.0,109.5209,193.7163,193.7163,17677.1533,1769466979.2113185,19.44,339,1744,0.969,29,10,0,10.31,15.0,0,4763,1769466787.291,-190.961,meta-llama/Llama-3.2-1B-Instruct,"1769466787.291, 1769466787.303, 1769466787.327, 1769466787.329, 1769466787.351"
200.0,1,1769466585.8484,306.95,3359,427,3786,47.637,0.093,0.8371,200.0,0.0,92.0,87.7563,194.7063,194.7063,17871.8596,1769466980.5702121,19.43,339,1745,0.993,30,8,0,10.31,15.0,0,4763,1769466787.291,-190.961,meta-llama/Llama-3.2-1B-Instruct,"1769466787.291, 1769466787.303, 1769466787.327, 1769466787.329, 1769466787.351"
1.0,0,1769466786.0353,178.4918,27,32,59,15.4005,0.0948,0.3568,1.0,0.0,92.01,17.8546,192.8924,192.8924,18064.752,1769466982.3827949,19.42,339,1746,0.984,32,7,0,10.31,15.0,0,4763,1769466787.291,-190.961,meta-llama/Llama-3.2-1B-Instruct,"1769466787.291, 1769466787.303, 1769466787.327, 1769466787.329, 1769466787.351"
1.0,0,1769466786.0619,181.4817,27,32,59,13.4437,0.0825,0.0844,1.0,0.0,92.01,15.5947,193.9254,193.9254,18258.6774,1769466983.1392183,19.4,339,1747,0.992,28,8,0,10.31,15.0,0,4763,1769466787.291,-190.961,meta-llama/Llama-3.2-1B-Instruct,"1769466787.291, 1769466787.303, 1769466787.327, 1769466787.329, 1769466787.351"
200.0,1,1769466586.064,324.2493,3189,621,3810,33.1748,0.0874,0.7048,200.0,0.0,92.02,83.757,208.0063,208.0063,18466.6837,1769466994.081674,19.39,339,1748,0.948,27,12,0,10.31,15.0,0,4994,1769466787.351,-205.991,meta-llama/Llama-3.2-1B-Instruct,"1769466787.351, 1769466787.357, 1769466787.374, 1769466787.384, 1769466787.441"
200.0,1,1769466585.5633,286.0903,5781,1038,6819,50.5179,0.0874,0.577,200.0,0.0,92.02,134.2788,220.3691,220.3691,18687.0528,1769467005.954706,19.38,339,1749,0.947,29,10,0,10.31,15.0,0,5148,1769466787.357,-216.099,meta-llama/Llama-3.2-1B-Instruct,"1769466787.357, 1769466787.374, 1769466787.384, 1769466787.441, 1769466787.480"
200.0,1,1769466585.6867,294.9769,3655,1039,4694,43.9601,0.089,0.6447,200.0,0.0,92.03,127.9417,222.9186,222.9186,18909.9714,1769467008.6241217,19.37,339,1750,0.979,29,9,0,10.31,15.0,0,5224,1769466787.374,-221.105,meta-llama/Llama-3.2-1B-Instruct,"1769466787.374, 1769466787.384, 1769466787.441, 1769466787.480, 1769466787.501"
1.0,0,1769466786.1368,186.1122,27,32,59,37.112,0.0827,0.0839,1.0,0.0,92.03,39.2401,222.2242,222.2242,19132.1956,1769467011.4946272,19.36,339,1751,0.892,25,12,0,10.31,15.0,0,5224,1769466787.374,-221.105,meta-llama/Llama-3.2-1B-Instruct,"1769466787.374, 1769466787.384, 1769466787.441, 1769466787.480, 1769466787.501"
200.0,1,1769466586.2085,347.5336,2618,772,3390,17.5799,0.0877,0.6557,200.0,0.0,92.04,78.4508,225.9844,225.9844,19358.18,1769467012.2075179,19.35,339,1752,0.939,24,14,0,10.31,15.0,0,5224,1769466787.374,-221.105,meta-llama/Llama-3.2-1B-Instruct,"1769466787.374, 1769466787.384, 1769466787.441, 1769466787.480, 1769466787.501"
200.0,1,1769466585.7133,295.9444,4077,1022,5099,45.9185,0.0838,0.6898,200.0,0.0,92.04,132.8341,228.7785,228.7785,19586.9585,1769467014.5157373,19.34,339,1753,0.967,29,10,0,10.31,15.0,0,5306,1769466787.48,-226.061,meta-llama/Llama-3.2-1B-Instruct,"1769466787.480, 1769466787.501, 1769466787.523, 1769466787.557, 1769466787.590"
200.0,1,1769466585.7535,303.3084,3653,1023,4676,45.653,0.0901,0.6573,200.0,0.0,92.04,129.3974,232.7058,232.7058,19819.6643,1769467018.475524,19.33,339,1754,0.893,27,10,0,10.31,15.0,0,5306,1769466787.48,-226.061,meta-llama/Llama-3.2-1B-Instruct,"1769466787.480, 1769466787.501, 1769466787.523, 1769466787.557, 1769466787.590"
200.0,1,1769466585.8206,303.2995,3051,1026,4077,46.8939,0.0876,0.6567,200.0,0.0,92.05,130.6644,233.9639,233.9639,20053.6283,1769467019.8022122,19.32,339,1755,0.893,27,10,0,10.31,15.0,0,5380,1769466787.523,-231.029,meta-llama/Llama-3.2-1B-Instruct,"1769466787.523, 1769466787.557, 1769466787.590, 1769466787.627, 1769466787.647"
200.0,1,1769466586.1214,338.0766,4739,1025,5764,19.2746,0.0894,0.6723,200.0,0.0,92.05,100.2725,238.3491,238.3491,20768.9796,1769467024.4890423,19.31,339,1758,0.977,27,12,0,10.31,15.0,0,5459,1769466787.557,-236.014,meta-llama/Llama-3.2-1B-Instruct,"1769466787.557, 1769466787.590, 1769466787.627, 1769466787.647, 1769466787.653"
200.0,1,1769466586.0117,323.9413,6059,1027,7086,33.5262,0.0885,0.6534,200.0,0.0,92.06,114.5256,238.4669,238.4669,20768.9796,1769467024.4989157,19.29,339,1758,0.972,28,11,0,10.31,15.0,0,5459,1769466787.557,-236.014,meta-llama/Llama-3.2-1B-Instruct,"1769466787.557, 1769466787.590, 1769466787.627, 1769466787.647, 1769466787.653"
200.0,1,1769466585.9507,319.5592,2680,1028,3708,37.9763,0.0861,0.6671,200.0,0.0,92.06,118.9762,238.5354,238.5354,20768.9796,1769467024.501011,19.28,339,1758,0.967,28,11,0,10.31,15.0,0,5459,1769466787.557,-236.014,meta-llama/Llama-3.2-1B-Instruct,"1769466787.557, 1769466787.590, 1769466787.627, 1769466787.647, 1769466787.653"
200.0,1,1769466586.1614,341.0408,3000,1020,4020,16.2876,0.0845,0.6793,200.0,0.0,92.07,100.1896,241.2304,241.2304,21010.21,1769467027.4058816,19.27,339,1759,0.988,27,12,0,10.31,15.0,0,5459,1769466787.557,-236.014,meta-llama/Llama-3.2-1B-Instruct,"1769466787.557, 1769466787.590, 1769466787.627, 1769466787.647, 1769466787.653"
1.0,0,1769466786.3294,196.9672,27,22,49,43.2999,0.1176,0.6864,1.0,0.0,92.07,45.1064,239.2672,239.2672,21249.4772,1769467028.4296162,19.26,339,1760,0.992,28,11,0,10.31,15.0,0,5459,1769466787.557,-236.014,meta-llama/Llama-3.2-1B-Instruct,"1769466787.557, 1769466787.590, 1769466787.627, 1769466787.647, 1769466787.653"
1.0,0,1769466786.3842,225.2612,27,32,59,14.9589,0.1531,0.6909,1.0,0.0,92.08,17.3903,239.2201,239.2201,22206.379,1769467029.0488088,19.25,339,1764,0.997,27,12,0,10.31,15.0,0,5534,1769466787.676,-240.906,meta-llama/Llama-3.2-1B-Instruct,"1769466787.676, 1769466787.682, 1769466787.703, 1769466787.745, 1769466787.767"
1.0,0,1769466786.3028,194.3939,27,32,59,45.8873,0.0991,0.7033,1.0,0.0,92.08,48.3421,239.2812,239.2812,22684.7488,1769467029.0579255,19.24,339,1766,0.984,30,9,0,10.31,15.0,0,5534,1769466787.676,-240.906,meta-llama/Llama-3.2-1B-Instruct,"1769466787.676, 1769466787.682, 1769466787.703, 1769466787.745, 1769466787.767"
1.0,0,1769466786.5013,232.0734,27,32,59,8.0007,0.1031,0.6802,1.0,0.0,92.09,10.4734,239.074,239.074,22684.7488,1769467029.0590186,19.23,339,1766,0.967,26,13,0,10.31,15.0,0,5534,1769466787.676,-240.906,meta-llama/Llama-3.2-1B-Instruct,"1769466787.676, 1769466787.682, 1769466787.703, 1769466787.745, 1769466787.767"
1.0,0,1769466786.357,219.848,27,32,59,20.3815,0.1052,0.7476,1.0,0.0,92.09,22.8454,239.2295,239.2295,22684.7488,1769467029.0593615,19.21,339,1766,0.975,26,13,0,10.31,15.0,0,5534,1769466787.676,-240.906,meta-llama/Llama-3.2-1B-Instruct,"1769466787.676, 1769466787.682, 1769466787.703, 1769466787.745, 1769466787.767"
1.0,0,1769466786.2755,190.6131,27,32,59,49.7133,0.1145,0.7084,1.0,0.0,92.1,52.1598,239.3265,239.3265,22684.7488,1769467029.0595446,19.22,339,1766,0.998,28,11,0,10.31,15.0,0,5534,1769466787.676,-240.906,meta-llama/Llama-3.2-1B-Instruct,"1769466787.676, 1769466787.682, 1769466787.703, 1769466787.745, 1769466787.767"
1.0,0,1769466786.4405,225.8689,27,32,59,14.2713,0.307,0.4332,1.0,0.0,92.1,16.7422,239.1402,239.1402,22684.7488,1769467029.059752,19.2,339,1766,0.967,26,13,0,10.31,15.0,0,5534,1769466787.676,-240.906,meta-llama/Llama-3.2-1B-Instruct,"1769466787.676, 1769466787.682, 1769466787.703, 1769466787.745, 1769466787.767"
1.0,0,1769466786.557,238.0601,27,32,59,3.1435,0.1054,0.4043,1.0,0.0,92.11,5.307,240.2037,240.2037,23165.5463,1769467029.9403832,19.19,339,1768,0.987,36,1,0,10.31,15.0,0,5534,1769466787.676,-240.906,meta-llama/Llama-3.2-1B-Instruct,"1769466787.676, 1769466787.682, 1769466787.703, 1769466787.745, 1769466787.767"
1.0,0,1769466786.59,238.1027,27,33,60,3.4911,0.0838,0.1147,1.0,0.0,92.11,5.2382,240.5938,240.5938,23165.5463,1769467029.9413104,19.17,339,1768,0.987,36,1,0,10.31,15.0,0,5534,1769466787.676,-240.906,meta-llama/Llama-3.2-1B-Instruct,"1769466787.676, 1769466787.682, 1769466787.703, 1769466787.745, 1769466787.767"
200.0,1,1769466587.327,395.29,2521,70,2591,43.969,0.0859,0.7023,200.0,0.0,92.11,49.0754,244.3654,244.3654,23409.9117,1769467031.7197635,19.16,339,1769,0.99,29,10,0,10.31,15.0,0,5534,1769466787.676,-240.906,meta-llama/Llama-3.2-1B-Instruct,"1769466787.676, 1769466787.682, 1769466787.703, 1769466787.745, 1769466787.767"
200.0,1,1769466586.1845,343.6501,2500,1024,3524,20.6473,0.0902,0.6802,200.0,0.0,92.12,103.2702,246.9204,246.9204,23656.832,1769467033.1318324,19.15,339,1770,0.996,26,13,0,10.31,15.0,0,5534,1769466787.676,-240.906,meta-llama/Llama-3.2-1B-Instruct,"1769466787.676, 1769466787.682, 1769466787.703, 1769466787.745, 1769466787.767"
200.0,1,1769466586.2376,347.644,3806,1025,4831,17.4534,0.0853,0.6694,200.0,0.0,92.12,99.3296,246.9736,246.9736,23903.8056,1769467033.229291,19.14,339,1771,0.939,24,14,0,10.31,15.0,0,5534,1769466787.676,-240.906,meta-llama/Llama-3.2-1B-Instruct,"1769466787.676, 1769466787.682, 1769466787.703, 1769466787.745, 1769466787.767"
1.0,0,1769466786.6762,242.5498,27,0,27,,,,1.0,,,4.8901,246.4399,246.4399,24150.2456,1769467034.1298544,19.13,339,1772,0.981,31,3,0,10.31,15.0,0,5599,1769466787.955,-245.649,meta-llama/Llama-3.2-1B-Instruct,"1769466787.955, 1769466788.002, 1769466788.177, 1769466788.283, 1769466788.412"
200.0,1,1769466586.2628,349.5107,3750,1029,4779,16.6298,0.0889,0.6458,200.0,0.0,92.13,98.618,248.1287,248.1287,24646.4643,1769467034.4117262,19.12,339,1774,0.971,25,14,0,10.31,15.0,0,5599,1769466787.955,-245.649,meta-llama/Llama-3.2-1B-Instruct,"1769466787.955, 1769466788.002, 1769466788.177, 1769466788.283, 1769466788.412"
200.0,1,1769466586.3143,353.7607,2862,1020,3882,12.3438,0.0855,0.662,200.0,0.0,92.13,94.3293,248.09,248.09,24646.4643,1769467034.4192138,19.11,339,1774,0.769,20,14,0,10.31,15.0,0,5599,1769466787.955,-245.649,meta-llama/Llama-3.2-1B-Instruct,"1769466787.955, 1769466788.002, 1769466788.177, 1769466788.283, 1769466788.412"
200.0,1,1769466586.3557,353.8953,2807,1026,3833,12.7764,0.0871,0.6742,200.0,0.0,92.14,95.429,249.3244,249.3244,24895.7887,1769467035.696672,19.1,339,1775,0.769,20,14,0,10.31,15.0,0,5599,1769466787.955,-245.649,meta-llama/Llama-3.2-1B-Instruct,"1769466787.955, 1769466788.002, 1769466788.177, 1769466788.283, 1769466788.412"
200.0,1,1769466586.5259,363.4143,2668,1026,3694,4.1905,0.0865,0.6675,200.0,0.0,92.14,85.8079,249.2221,249.2221,25394.2163,1769467035.761881,19.09,339,1777,0.894,24,13,0,10.31,15.0,0,5599,1769466787.955,-245.649,meta-llama/Llama-3.2-1B-Instruct,"1769466787.955, 1769466788.002, 1769466788.177, 1769466788.283, 1769466788.412"
200.0,1,1769466586.5518,365.04,2976,1024,4000,2.5546,0.0859,0.6733,200.0,0.0,92.15,84.1655,249.2055,249.2055,25394.2163,1769467035.7711885,19.08,339,1777,0.985,30,9,0,10.31,15.0,0,5599,1769466787.955,-245.649,meta-llama/Llama-3.2-1B-Instruct,"1769466787.955, 1769466788.002, 1769466788.177, 1769466788.283, 1769466788.412"
200.0,1,1769466587.7969,442.3406,2970,4,2974,5.3851,0.0948,0.0948,200.0,0.0,92.15,6.0091,248.3497,248.3497,25642.566,1769467036.15759,19.07,339,1778,0.984,29,9,0,10.31,15.0,0,5599,1769466787.955,-245.649,meta-llama/Llama-3.2-1B-Instruct,"1769466787.955, 1769466788.002, 1769466788.177, 1769466788.283, 1769466788.412"
1.0,0,1769466786.9233,246.4015,27,0,27,,,,1.0,,,3.8071,249.2087,249.2087,25891.7747,1769467037.139397,19.06,339,1779,0.944,30,8,0,10.31,15.0,0,5599,1769466787.955,-245.649,meta-llama/Llama-3.2-1B-Instruct,"1769466787.955, 1769466788.002, 1769466788.177, 1769466788.283, 1769466788.412"
1.0,0,1769466786.6467,240.8847,27,32,59,6.5982,0.971,1.0352,1.0,0.0352,92.1,11.3878,246.4829,246.4829,26138.2576,1769467038.9231858,19.04,339,1780,0.979,38,1,0,10.31,15.0,0,5677,1769466788.787,-249.869,meta-llama/Llama-3.2-1B-Instruct,"1769466788.787, 1769466788.876, 1769466788.939, 1769466789.035, 1769466789.199"
1.0,0,1769466786.7028,242.7073,27,32,59,4.8303,0.9706,1.0456,1.0,0.0456,92.04,9.5673,246.5376,246.5376,26384.7951,1769467038.9910114,19.03,339,1781,0.983,31,5,0,10.31,15.0,0,5677,1769466788.787,-249.869,meta-llama/Llama-3.2-1B-Instruct,"1769466788.787, 1769466788.876, 1769466788.939, 1769466789.035, 1769466789.199"
1.0,0,1769466786.7766,242.8583,27,32,59,5.8835,0.4291,0.9785,1.0,0.0,92.05,9.9795,247.7418,247.7418,26881.7496,1769467039.6483898,19.02,339,1783,0.984,31,7,0,10.31,15.0,0,5677,1769466788.787,-249.869,meta-llama/Llama-3.2-1B-Instruct,"1769466788.787, 1769466788.876, 1769466788.939, 1769466789.035, 1769466789.199"
1.0,0,1769466786.8949,246.3878,27,32,59,3.8249,0.3787,0.4292,1.0,0.0,92.05,6.3386,249.2126,249.2126,26881.7496,1769467039.6517246,19.01,339,1783,0.944,30,8,0,10.31,15.0,0,5677,1769466788.787,-249.869,meta-llama/Llama-3.2-1B-Instruct,"1769466788.787, 1769466788.876, 1769466788.939, 1769466789.035, 1769466789.199"
1.0,0,1769466787.5058,248.7558,27,32,59,1.2918,0.1209,0.3744,1.0,0.0,92.06,3.392,249.0477,249.0477,27629.1663,1769467039.6793776,19.0,339,1786,0.934,34,5,0,10.31,15.0,0,5677,1769466788.787,-249.869,meta-llama/Llama-3.2-1B-Instruct,"1769466788.787, 1769466788.876, 1769466788.939, 1769466789.035, 1769466789.199"
1.0,0,1769466787.412,248.4403,27,32,59,1.7076,0.0851,0.3964,1.0,0.0,92.06,3.8277,249.1478,249.1478,28127.6895,1769467039.683883,18.97,339,1788,0.891,31,6,0,10.31,15.0,0,5677,1769466788.787,-249.869,meta-llama/Llama-3.2-1B-Instruct,"1769466788.787, 1769466788.876, 1769466788.939, 1769466789.035, 1769466789.199"
1.0,0,1769466787.4373,248.4583,27,32,59,1.6496,0.1413,0.3886,1.0,0.0,92.07,3.7821,249.1079,249.1079,28127.6895,1769467039.6840827,18.99,339,1788,0.891,31,6,0,10.31,15.0,0,5677,1769466788.787,-249.869,meta-llama/Llama-3.2-1B-Instruct,"1769466788.787, 1769466788.876, 1769466788.939, 1769466789.035, 1769466789.199"
1.0,0,1769466787.2826,248.5267,27,32,59,1.7345,0.0882,0.3979,1.0,0.0,92.07,3.8695,249.2612,249.2612,28127.6895,1769467039.6864767,18.98,339,1788,0.891,31,6,0,10.31,15.0,0,5677,1769466788.787,-249.869,meta-llama/Llama-3.2-1B-Instruct,"1769466788.787, 1769466788.876, 1769466788.939, 1769466789.035, 1769466789.199"
1.0,0,1769466787.1767,247.7471,27,32,59,2.6282,0.0862,0.4381,1.0,0.0,92.08,4.7582,249.3753,249.3753,28127.6895,1769467039.6867354,18.96,339,1788,0.971,33,5,0,10.31,15.0,0,5677,1769466788.787,-249.869,meta-llama/Llama-3.2-1B-Instruct,"1769466788.787, 1769466788.876, 1769466788.939, 1769466789.035, 1769466789.199"
1.0,0,1769466787.6708,249.6919,27,32,59,0.2244,0.0988,0.4049,1.0,0.0,92.08,2.3578,248.9162,248.9162,28376.6057,1769467039.7236097,18.95,339,1789,0.964,39,0,0,10.31,15.0,0,5677,1769466788.787,-249.869,meta-llama/Llama-3.2-1B-Instruct,"1769466788.787, 1769466788.876, 1769466788.939, 1769466789.035, 1769466789.199"
1.0,0,1769466787.7872,251.3015,27,32,59,0.3965,0.0837,0.1141,1.0,0.0,92.09,2.2458,250.698,250.698,28627.3037,1769467041.3378143,18.94,339,1790,0.971,38,0,0,10.31,15.0,0,5677,1769466788.787,-249.869,meta-llama/Llama-3.2-1B-Instruct,"1769466788.787, 1769466788.876, 1769466788.939, 1769466789.035, 1769466789.199"
1.0,0,1769466787.8755,251.2899,27,32,59,0.3178,0.0855,0.1118,1.0,0.0,92.09,2.2168,250.6077,250.6077,28877.9114,1769467041.3989217,18.93,339,1791,0.971,38,1,0,10.31,15.0,0,5677,1769466788.787,-249.869,meta-llama/Llama-3.2-1B-Instruct,"1769466788.787, 1769466788.876, 1769466788.939, 1769466789.035, 1769466789.199"
1.0,0,1769466787.9387,251.9943,27,32,59,0.091,0.0921,0.1141,1.0,0.0,92.09,2.2045,251.0853,251.0853,29128.9967,1769467042.1544092,18.92,339,1792,0.971,32,0,0,10.31,15.0,0,5677,1769466788.787,-249.869,meta-llama/Llama-3.2-1B-Instruct,"1769466788.787, 1769466788.876, 1769466788.939, 1769466789.035, 1769466789.199"
1.0,0,1769466788.0347,251.9636,27,32,59,0.2208,0.0837,0.09,1.0,0.0,92.1,2.3055,251.1844,251.1844,29380.1811,1769467042.304933,18.91,339,1793,0.972,33,0,0,10.31,15.0,0,5677,1769466788.787,-249.869,meta-llama/Llama-3.2-1B-Instruct,"1769466788.787, 1769466788.876, 1769466788.939, 1769466789.035, 1769466789.199"
1.0,0,1769466788.1994,251.8974,27,32,59,0.1129,0.084,0.0871,1.0,0.0,92.1,2.2587,251.0103,251.0103,29631.1915,1769467042.3687613,18.9,339,1794,0.972,33,0,0,10.31,15.0,0,5677,1769466788.787,-249.869,meta-llama/Llama-3.2-1B-Instruct,"1769466788.787, 1769466788.876, 1769466788.939, 1769466789.035, 1769466789.199"
200.0,1,1769466586.6159,369.1489,3276,1026,4302,8.5878,0.0911,0.6443,200.0,0.0,92.11,91.0779,260.2267,260.2267,30151.686,1769467046.860572,18.89,339,1796,0.968,37,2,0,10.31,15.0,0,5726,1769466789.722,-253.949,meta-llama/Llama-3.2-1B-Instruct,"1769466789.722, 1769466789.964, 1769466789.978, 1769466790.076, 1769466790.173"
200.0,1,1769466586.5878,366.2,3173,1023,4196,11.5739,0.0853,0.6603,200.0,0.0,92.11,94.0678,260.2677,260.2677,30151.686,1769467046.868816,18.88,339,1796,0.903,29,8,0,10.31,15.0,0,5726,1769466789.722,-253.949,meta-llama/Llama-3.2-1B-Instruct,"1769466789.722, 1769466789.964, 1769466789.978, 1769466790.076, 1769466790.173"
200.0,1,1769466586.6457,369.8089,3297,1029,4326,8.7803,0.0884,0.6535,200.0,0.0,92.12,91.2546,261.0635,261.0635,30412.7494,1769467047.7353415,18.86,339,1797,0.965,28,4,0,10.31,15.0,0,5726,1769466789.722,-253.949,meta-llama/Llama-3.2-1B-Instruct,"1769466789.722, 1769466789.964, 1769466789.978, 1769466790.076, 1769466790.173"
1.0,0,1769466788.4963,253.8956,27,17,44,5.3082,0.3635,0.3635,1.0,0.0,92.12,6.8255,258.2038,258.2038,30670.9533,1769467049.240019,18.85,339,1798,0.98,30,7,0,10.31,15.0,0,5799,1769466790.076,-258.621,meta-llama/Llama-3.2-1B-Instruct,"1769466790.076, 1769466790.173, 1769466790.199, 1769466790.241, 1769466790.298"
1.0,0,1769466788.469,253.167,27,29,56,6.0687,0.0932,0.3633,1.0,0.0,92.13,8.4275,258.2357,258.2357,30929.1889,1769467050.06435,18.84,339,1799,0.98,33,6,0,10.31,15.0,0,5799,1769466790.076,-258.621,meta-llama/Llama-3.2-1B-Instruct,"1769466790.076, 1769466790.173, 1769466790.199, 1769466790.241, 1769466790.298"
1.0,0,1769466788.4118,252.0518,27,32,59,7.264,0.09,0.3657,1.0,0.0,92.13,9.7193,258.3158,258.3158,31962.5679,1769467050.195569,18.82,339,1803,0.974,35,3,0,10.31,15.0,0,5799,1769466790.076,-258.621,meta-llama/Llama-3.2-1B-Instruct,"1769466790.076, 1769466790.173, 1769466790.199, 1769466790.241, 1769466790.298"
1.0,0,1769466788.3368,252.0357,27,32,59,7.3421,0.0921,0.3656,1.0,0.0,92.14,9.8133,258.3778,258.3778,31962.5679,1769467050.1977634,18.81,339,1803,0.973,35,2,0,10.31,15.0,0,5799,1769466790.076,-258.621,meta-llama/Llama-3.2-1B-Instruct,"1769466790.076, 1769466790.173, 1769466790.199, 1769466790.241, 1769466790.298"
1.0,0,1769466788.3029,252.0024,27,32,59,7.4109,0.0994,0.3581,1.0,0.0,92.14,9.8644,258.4132,258.4132,31962.5679,1769467050.1980665,18.83,339,1803,0.973,35,1,0,10.31,15.0,0,5799,1769466790.076,-258.621,meta-llama/Llama-3.2-1B-Instruct,"1769466790.076, 1769466790.173, 1769466790.199, 1769466790.241, 1769466790.298"
1.0,0,1769466788.4407,253.1131,27,32,59,6.159,0.1066,0.3507,1.0,0.0,92.14,8.6404,258.2721,258.2721,31962.5679,1769467050.1987002,18.8,339,1803,0.978,33,5,0,10.31,15.0,0,5799,1769466790.076,-258.621,meta-llama/Llama-3.2-1B-Instruct,"1769466790.076, 1769466790.173, 1769466790.199, 1769466790.241, 1769466790.298"
200.0,1,1769466586.7128,369.873,2980,1024,4004,8.6572,0.09,0.6685,200.0,0.0,92.15,94.0765,263.9495,263.9495,32226.5173,1769467050.684801,18.79,339,1804,0.966,28,5,0,10.31,15.0,0,5799,1769466790.076,-258.621,meta-llama/Llama-3.2-1B-Instruct,"1769466790.076, 1769466790.173, 1769466790.199, 1769466790.241, 1769466790.298"
200.0,1,1769466586.7544,369.9723,2821,972,3793,16.5294,0.0878,0.6955,200.0,0.0,92.15,95.5103,265.4825,265.4825,32491.9999,1769467052.254375,18.78,339,1805,0.966,28,8,0,10.31,15.0,0,5799,1769466790.076,-258.621,meta-llama/Llama-3.2-1B-Instruct,"1769466790.076, 1769466790.173, 1769466790.199, 1769466790.241, 1769466790.298"
1.0,0,1769466788.9641,258.094,27,9,36,5.6074,0.0836,0.0836,1.0,0.0,92.16,6.2467,262.7014,262.7014,32754.7012,1769467053.3115668,18.77,339,1806,0.978,36,2,0,10.31,15.0,0,5799,1769466790.076,-258.621,meta-llama/Llama-3.2-1B-Instruct,"1769466790.076, 1769466790.173, 1769466790.199, 1769466790.241, 1769466790.298"
200.0,1,1769466586.7793,370.022,2678,1030,3708,16.4597,0.0877,0.6613,200.0,0.0,92.16,99.2385,269.2605,269.2605,33023.9618,1769467056.0576234,18.76,339,1807,0.967,28,8,0,10.31,15.0,0,5863,1769466790.63,-263.141,meta-llama/Llama-3.2-1B-Instruct,"1769466790.630, 1769466790.687, 1769466790.766, 1769466790.816, 1769466790.817"
200.0,1,1769466586.8628,370.0796,4900,1015,5915,17.3148,0.0894,0.6523,200.0,0.0,92.17,99.1692,269.2488,269.2488,33293.2105,1769467056.1263282,18.75,339,1808,0.967,28,10,0,10.31,15.0,0,5863,1769466790.63,-263.141,meta-llama/Llama-3.2-1B-Instruct,"1769466790.630, 1769466790.687, 1769466790.766, 1769466790.816, 1769466790.817"
200.0,1,1769466586.9812,376.6014,2649,1029,3678,10.6738,0.0913,0.6718,200.0,0.0,92.17,95.4938,272.0952,272.0952,33565.3057,1769467059.0918334,18.74,339,1809,0.961,29,9,0,10.31,15.0,0,5938,1769466790.766,-268.03,meta-llama/Llama-3.2-1B-Instruct,"1769466790.766, 1769466790.816, 1769466790.817, 1769466790.874, 1769466790.913"
1.0,0,1769466789.0765,260.4268,27,32,59,7.7879,0.0971,0.106,1.0,0.0,92.18,9.9574,267.2147,267.2147,33832.5204,1769467059.4735167,18.73,339,1810,0.973,35,4,0,10.31,15.0,0,5938,1769466790.766,-268.03,meta-llama/Llama-3.2-1B-Instruct,"1769466790.766, 1769466790.816, 1769466790.817, 1769466790.874, 1769466790.913"
1.0,0,1769466789.1986,261.259,27,32,59,6.8484,0.0858,0.089,1.0,0.0,92.18,9.017,267.1074,267.1074,34633.4889,1769467059.4823854,18.72,339,1813,0.973,30,5,0,10.31,15.0,0,5938,1769466790.766,-268.03,meta-llama/Llama-3.2-1B-Instruct,"1769466790.766, 1769466790.816, 1769466790.817, 1769466790.874, 1769466790.913"
1.0,0,1769466789.4157,261.5974,27,32,59,6.2995,0.0867,0.0981,1.0,0.0,92.19,8.4691,266.8969,266.8969,34633.4889,1769467059.4856443,18.7,339,1813,0.981,30,8,0,10.31,15.0,0,5938,1769466790.766,-268.03,meta-llama/Llama-3.2-1B-Instruct,"1769466790.766, 1769466790.816, 1769466790.817, 1769466790.874, 1769466790.913"
1.0,0,1769466789.2978,261.2409,27,32,59,6.7811,0.0897,0.0978,1.0,0.0,92.19,8.9479,267.022,267.022,34900.5109,1769467059.4882443,18.69,339,1814,0.974,30,5,0,10.31,15.0,0,5938,1769466790.766,-268.03,meta-llama/Llama-3.2-1B-Instruct,"1769466790.766, 1769466790.816, 1769466790.817, 1769466790.874, 1769466790.913"
200.0,1,1769466587.0062,376.6256,2527,1024,3551,16.2952,0.091,0.6569,200.0,0.0,92.2,103.3969,280.0225,280.0225,35180.5334,1769467067.048026,18.68,339,1815,0.961,29,9,0,10.31,15.0,0,5996,1769466791.151,-272.677,meta-llama/Llama-3.2-1B-Instruct,"1769466791.151, 1769466791.188, 1769466791.268, 1769466791.311, 1769466791.362"
200.0,1,1769466587.0571,380.425,2806,1019,3825,13.5005,0.0926,0.6573,200.0,0.0,92.2,116.1848,296.6098,296.6098,35477.1432,1769467083.6832795,18.67,339,1816,0.992,28,8,0,10.31,15.0,0,6215,1769466791.188,-288.059,meta-llama/Llama-3.2-1B-Instruct,"1769466791.188, 1769466791.268, 1769466791.311, 1769466791.362, 1769466791.393"
200.0,1,1769466587.0837,380.5366,2678,1026,3704,41.7398,0.0862,0.4776,200.0,0.0,92.21,122.3003,302.8369,302.8369,36082.7961,1769467089.9387095,18.66,339,1818,0.992,28,10,0,10.31,15.0,0,6353,1769466791.268,-298.054,meta-llama/Llama-3.2-1B-Instruct,"1769466791.268, 1769466791.311, 1769466791.362, 1769466791.393, 1769466791.465"
200.0,1,1769466587.1107,380.5668,2680,1024,3704,41.6795,0.0892,0.4488,200.0,0.0,92.21,122.2493,302.816,302.816,36082.7961,1769467089.942317,18.65,339,1818,0.992,28,10,0,10.31,15.0,0,6353,1769466791.268,-298.054,meta-llama/Llama-3.2-1B-Instruct,"1769466791.268, 1769466791.311, 1769466791.362, 1769466791.393, 1769466791.465"
1.0,0,1769466789.6304,266.5419,27,32,59,34.9519,0.0864,0.0868,1.0,0.0,92.22,37.1117,300.4938,300.4938,36683.875,1769467093.285297,18.63,339,1820,0.985,36,2,0,10.31,15.0,0,6353,1769466791.268,-298.054,meta-llama/Llama-3.2-1B-Instruct,"1769466791.268, 1769466791.311, 1769466791.362, 1769466791.393, 1769466791.465"
1.0,0,1769466789.5318,263.929,27,32,59,37.6561,0.0839,0.0907,1.0,0.0,92.22,39.8227,300.5851,300.5851,36683.875,1769467093.285557,18.64,339,1820,0.98,30,9,0,10.31,15.0,0,6353,1769466791.268,-298.054,meta-llama/Llama-3.2-1B-Instruct,"1769466791.268, 1769466791.311, 1769466791.362, 1769466791.393, 1769466791.465"
200.0,1,1769466590.6873,465.5735,2419,0,2419,,,,200.0,,,38.4732,304.0467,304.0467,36987.9216,1769467094.7530463,18.62,339,1821,0.985,36,2,0,10.31,15.0,0,6427,1769466791.465,-302.905,meta-llama/Llama-3.2-1B-Instruct,"1769466791.465, 1769466791.524, 1769466791.565, 1769466791.717, 1769466791.851"
1.0,0,1769466789.8169,269.8979,27,1,28,35.0295,,,1.0,,,35.0943,303.9274,303.9274,37291.849,1769467094.8249676,18.61,339,1822,0.959,30,5,0,10.31,15.0,0,6427,1769466791.465,-302.905,meta-llama/Llama-3.2-1B-Instruct,"1769466791.465, 1769466791.524, 1769466791.565, 1769466791.717, 1769466791.851"
200.0,1,1769466587.1382,385.184,4221,1024,5245,42.7332,0.089,0.5149,200.0,0.0,92.22,124.2795,309.4635,309.4635,37601.3125,1769467096.6215882,18.6,339,1823,0.892,25,12,0,10.31,15.0,0,6427,1769466791.465,-302.905,meta-llama/Llama-3.2-1B-Instruct,"1769466791.465, 1769466791.524, 1769466791.565, 1769466791.717, 1769466791.851"
1.0,0,1769466789.7657,269.4721,27,32,59,35.49,0.3234,1.0767,1.0,0.0767,92.17,38.635,303.9621,303.9621,38512.9702,1769467097.8836284,18.59,339,1826,0.961,35,4,0,10.31,15.0,0,6427,1769466791.465,-302.905,meta-llama/Llama-3.2-1B-Instruct,"1769466791.465, 1769466791.524, 1769466791.565, 1769466791.717, 1769466791.851"
1.0,0,1769466789.913,269.9848,27,32,59,34.8421,0.3211,1.0771,1.0,0.0771,92.12,37.9798,303.827,303.827,38816.7561,1769467097.889141,18.58,339,1827,0.96,30,7,0,10.31,15.0,0,6427,1769466791.465,-302.905,meta-llama/Llama-3.2-1B-Instruct,"1769466791.465, 1769466791.524, 1769466791.565, 1769466791.717, 1769466791.851"
1.0,0,1769466789.874,269.8982,27,32,59,34.9704,0.3548,1.0567,1.0,0.0567,92.07,38.1106,303.8686,303.8686,38816.7561,1769467097.8893178,18.57,339,1827,0.96,30,5,0,10.31,15.0,0,6427,1769466791.465,-302.905,meta-llama/Llama-3.2-1B-Instruct,"1769466791.465, 1769466791.524, 1769466791.565, 1769466791.717, 1769466791.851"
1.0,0,1769466789.967,270.0594,27,32,59,34.7265,0.3864,1.0603,1.0,0.0603,92.02,37.8623,303.7859,303.7859,38816.7561,1769467097.8905864,18.56,339,1827,0.96,30,8,0,10.31,15.0,0,6427,1769466791.465,-302.905,meta-llama/Llama-3.2-1B-Instruct,"1769466791.465, 1769466791.524, 1769466791.565, 1769466791.717, 1769466791.851"
1.0,0,1769466790.151,277.0376,27,32,59,30.457,0.09,0.097,1.0,0.0,92.02,32.605,306.4946,306.4946,39123.2506,1769467099.8022254,18.54,339,1828,0.957,29,10,0,10.31,15.0,0,6494,1769466792.085,-307.317,meta-llama/Llama-3.2-1B-Instruct,"1769466792.085, 1769466792.099, 1769466792.183, 1769466792.209, 1769466792.241"
1.0,0,1769466790.1879,293.6689,27,32,59,13.7943,0.0918,0.092,1.0,0.0,92.02,15.9476,306.4632,306.4632,39429.7138,1769467099.8075557,18.53,339,1829,0.985,28,11,0,10.31,15.0,0,6494,1769466792.085,-307.317,meta-llama/Llama-3.2-1B-Instruct,"1769466792.085, 1769466792.099, 1769466792.183, 1769466792.209, 1769466792.241"
200.0,1,1769466587.1928,385.1718,3279,1021,4300,46.5971,0.0897,0.722,200.0,0.0,92.03,128.7385,313.9103,313.9103,39743.6242,1769467101.1191154,18.52,339,1830,0.892,25,12,0,10.31,15.0,0,6494,1769466792.085,-307.317,meta-llama/Llama-3.2-1B-Instruct,"1769466792.085, 1769466792.099, 1769466792.183, 1769466792.209, 1769466792.241"
200.0,1,1769466587.2272,385.4366,4701,1022,5723,48.1446,0.0874,0.487,200.0,0.0,92.03,129.8385,315.2751,315.2751,40058.8993,1769467102.522959,18.51,339,1831,0.917,27,12,0,10.31,15.0,0,6494,1769466792.085,-307.317,meta-llama/Llama-3.2-1B-Instruct,"1769466792.085, 1769466792.099, 1769466792.183, 1769466792.209, 1769466792.241"
1.0,0,1769466790.3113,299.8067,27,32,59,11.5249,0.0974,0.4121,1.0,0.0,92.04,14.0595,310.3316,310.3316,40679.5166,1769467104.1811721,18.5,339,1833,0.988,29,9,0,10.31,15.0,0,6494,1769466792.085,-307.317,meta-llama/Llama-3.2-1B-Instruct,"1769466792.085, 1769466792.099, 1769466792.183, 1769466792.209, 1769466792.241"
1.0,0,1769466790.3617,303.1184,27,32,59,8.1673,0.0888,0.4142,1.0,0.0,92.04,10.6989,310.2858,310.2858,40679.5166,1769467104.1813593,18.49,339,1833,0.996,27,11,0,10.31,15.0,0,6494,1769466792.085,-307.317,meta-llama/Llama-3.2-1B-Instruct,"1769466792.085, 1769466792.099, 1769466792.183, 1769466792.209, 1769466792.241"
1.0,0,1769466790.3935,303.1726,27,27,54,9.4265,0.084,0.0865,1.0,0.0,92.05,11.2738,311.5991,311.5991,40991.1157,1769467104.8584497,18.48,339,1834,0.996,27,12,0,10.31,15.0,0,6562,1769466792.304,-312.154,meta-llama/Llama-3.2-1B-Instruct,"1769466792.304, 1769466792.398, 1769466792.499, 1769466792.588, 1769466792.719"
1.0,0,1769466790.5237,304.5326,27,32,59,7.9316,0.0842,0.0863,1.0,0.0,92.05,10.0696,311.4642,311.4642,41302.5799,1769467105.1302094,18.47,339,1835,0.954,30,8,0,10.31,15.0,0,6562,1769466792.304,-312.154,meta-llama/Llama-3.2-1B-Instruct,"1769466792.304, 1769466792.398, 1769466792.499, 1769466792.588, 1769466792.719"
200.0,1,1769466587.374,421.3833,2700,1023,3723,17.8325,0.0918,0.4452,200.0,0.0,92.06,98.1923,319.5757,319.5757,42900.6563,1769467106.9847796,18.46,339,1840,0.989,28,11,0,10.31,15.0,0,6562,1769466792.304,-312.154,meta-llama/Llama-3.2-1B-Instruct,"1769466792.304, 1769466792.398, 1769466792.499, 1769466792.588, 1769466792.719"
200.0,1,1769466587.2906,392.0766,2411,1026,3437,47.2212,0.09,0.4423,200.0,0.0,92.06,127.5973,319.6739,319.6739,42900.6563,1769467106.9863582,18.45,339,1840,0.99,29,10,0,10.31,15.0,0,6562,1769466792.304,-312.154,meta-llama/Llama-3.2-1B-Instruct,"1769466792.304, 1769466792.398, 1769466792.499, 1769466792.588, 1769466792.719"
200.0,1,1769466587.4795,427.1396,2668,1024,3692,11.9911,0.0884,0.4531,200.0,0.0,92.07,92.3503,319.49,319.49,42900.6563,1769467106.9867008,18.44,339,1840,0.967,26,13,0,10.31,15.0,0,6562,1769466792.304,-312.154,meta-llama/Llama-3.2-1B-Instruct,"1769466792.304, 1769466792.398, 1769466792.499, 1769466792.588, 1769466792.719"
200.0,1,1769466587.254,389.5748,2730,1018,3748,49.7648,0.0898,0.4521,200.0,0.0,92.07,130.1428,319.7176,319.7176,42900.6563,1769467106.9875932,18.42,339,1840,0.998,28,10,0,10.31,15.0,0,6562,1769466792.304,-312.154,meta-llama/Llama-3.2-1B-Instruct,"1769466792.304, 1769466792.398, 1769466792.499, 1769466792.588, 1769466792.719"
200.0,1,1769466587.3511,406.8861,2913,1029,3942,32.3601,0.0885,0.4541,200.0,0.0,92.07,112.7331,319.6192,319.6192,42900.6563,1769467106.9885087,18.43,339,1840,0.97,26,13,0,10.31,15.0,0,6562,1769466792.304,-312.154,meta-llama/Llama-3.2-1B-Instruct,"1769466792.304, 1769466792.398, 1769466792.499, 1769466792.588, 1769466792.719"
200.0,1,1769466587.5231,432.4846,2578,1028,3606,8.1319,0.0887,0.4448,200.0,0.0,92.08,90.541,323.0256,323.0256,43223.6818,1769467110.562355,18.41,339,1841,0.975,26,13,0,10.31,15.0,0,6634,1769466792.857,-316.622,meta-llama/Llama-3.2-1B-Instruct,"1769466792.857, 1769466792.928, 1769466792.937, 1769466793.064, 1769466793.083"
1.0,0,1769466791.1832,310.0802,27,32,59,8.6022,0.0879,0.0891,1.0,0.0,92.08,10.6381,317.6824,317.6824,43541.3642,1769467111.9145513,18.4,339,1842,0.99,29,10,0,10.31,15.0,0,6634,1769466792.857,-316.622,meta-llama/Llama-3.2-1B-Instruct,"1769466792.857, 1769466792.928, 1769466792.937, 1769466793.064, 1769466793.083"
1.0,0,1769466790.717,307.3334,27,32,59,11.8807,0.0834,0.0876,1.0,0.0,92.09,13.867,318.2141,318.2141,45447.9803,1769467111.9276817,18.37,339,1848,0.985,29,7,0,10.31,15.0,0,6634,1769466792.857,-316.622,meta-llama/Llama-3.2-1B-Instruct,"1769466792.857, 1769466792.928, 1769466792.937, 1769466793.064, 1769466793.083"
1.0,0,1769466791.3978,313.8821,27,32,59,4.6126,0.0897,0.0918,1.0,0.0,92.09,6.635,317.4947,317.4947,45447.9803,1769467111.9278922,18.39,339,1848,0.978,27,12,0,10.31,15.0,0,6634,1769466792.857,-316.622,meta-llama/Llama-3.2-1B-Instruct,"1769466792.857, 1769466792.928, 1769466792.937, 1769466793.064, 1769466793.083"
1.0,0,1769466791.2409,313.0791,27,32,59,5.588,0.0912,0.0933,1.0,0.0,92.1,7.6058,317.6671,317.6671,45447.9803,1769467111.933562,18.35,339,1848,0.974,29,9,0,10.31,15.0,0,6634,1769466792.857,-316.622,meta-llama/Llama-3.2-1B-Instruct,"1769466792.857, 1769466792.928, 1769466792.937, 1769466793.064, 1769466793.083"
1.0,0,1769466791.0483,307.2326,27,32,59,11.6207,0.0905,0.0983,1.0,0.0,92.1,13.6345,317.8533,317.8533,45447.9803,1769467111.9337742,18.38,339,1848,0.985,29,10,0,10.31,15.0,0,6634,1769466792.857,-316.622,meta-llama/Llama-3.2-1B-Instruct,"1769466792.857, 1769466792.928, 1769466792.937, 1769466793.064, 1769466793.083"
1.0,0,1769466791.2885,313.1149,27,32,59,5.4867,0.0883,0.0891,1.0,0.0,92.11,7.5208,317.6016,317.6016,45447.9803,1769467111.9376793,18.36,339,1848,0.975,29,10,0,10.31,15.0,0,6634,1769466792.857,-316.622,meta-llama/Llama-3.2-1B-Instruct,"1769466792.857, 1769466792.928, 1769466792.937, 1769466793.064, 1769466793.083"
1.0,0,1769466791.0993,308.8971,27,32,59,9.8882,0.0997,0.1046,1.0,0.0,92.11,11.9309,317.7853,317.7853,45447.9803,1769467111.9384837,18.34,339,1848,0.992,27,12,0,10.31,15.0,0,6634,1769466792.857,-316.622,meta-llama/Llama-3.2-1B-Instruct,"1769466792.857, 1769466792.928, 1769466792.937, 1769466793.064, 1769466793.083"
200.0,1,1769466587.6532,440.9533,2863,1028,3891,5.4995,0.0911,0.4219,200.0,0.0,92.11,87.3898,328.3431,328.3431,46104.6943,1769467116.012634,18.33,339,1850,0.983,37,2,0,10.31,15.0,0,6689,1769466793.248,-321.366,meta-llama/Llama-3.2-1B-Instruct,"1769466793.248, 1769466793.300, 1769466793.389, 1769466793.473, 1769466793.524"
200.0,1,1769466587.6271,437.1083,2521,1025,3546,9.3877,0.0903,0.4377,200.0,0.0,92.12,91.2625,328.3708,328.3708,46104.6943,1769467116.0139494,18.32,339,1850,0.987,36,1,0,10.31,15.0,0,6689,1769466793.248,-321.366,meta-llama/Llama-3.2-1B-Instruct,"1769466793.248, 1769466793.300, 1769466793.389, 1769466793.473, 1769466793.524"
200.0,1,1769466587.6819,441.6245,2861,1027,3888,4.943,0.0929,0.4272,200.0,0.0,92.12,86.7827,328.4072,328.4072,46433.1014,1769467116.1034663,18.31,339,1851,0.982,31,4,0,10.31,15.0,0,6689,1769466793.248,-321.366,meta-llama/Llama-3.2-1B-Instruct,"1769466793.248, 1769466793.300, 1769466793.389, 1769466793.473, 1769466793.524"
200.0,1,1769466587.7666,441.7915,2429,1031,3460,5.9579,0.0911,0.4454,200.0,0.0,92.13,88.0428,329.8343,329.8343,47092.8016,1769467117.619139,18.3,339,1853,0.984,31,6,0,10.31,15.0,0,6689,1769466793.248,-321.366,meta-llama/Llama-3.2-1B-Instruct,"1769466793.248, 1769466793.300, 1769466793.389, 1769466793.473, 1769466793.524"
200.0,1,1769466587.7447,441.7384,3086,1025,4111,6.0418,0.0912,0.4487,200.0,0.0,92.13,88.1275,329.8659,329.8659,47092.8016,1769467117.628057,18.29,339,1853,0.983,31,6,0,10.31,15.0,0,6689,1769466793.248,-321.366,meta-llama/Llama-3.2-1B-Instruct,"1769466793.248, 1769466793.300, 1769466793.389, 1769466793.473, 1769466793.524"
1.0,0,1769466792.064,320.2096,27,0,27,,,,1.0,,,6.799,326.0086,326.0086,47418.8102,1769467119.0765138,18.28,339,1854,0.963,27,8,0,10.31,15.0,0,6689,1769466793.248,-321.366,meta-llama/Llama-3.2-1B-Instruct,"1769466793.248, 1769466793.300, 1769466793.389, 1769466793.473, 1769466793.524"
200.0,1,1769466587.8339,442.331,2868,1018,3886,5.9623,0.0938,0.4597,200.0,0.0,92.14,89.0635,331.3945,331.3945,47750.2048,1769467119.2444222,18.27,339,1855,0.984,29,9,0,10.31,15.0,0,6689,1769466793.248,-321.366,meta-llama/Llama-3.2-1B-Instruct,"1769466793.248, 1769466793.300, 1769466793.389, 1769466793.473, 1769466793.524"
200.0,1,1769466587.9548,446.3237,3233,1024,4257,2.8274,0.0903,0.4449,200.0,0.0,92.14,85.0193,331.343,331.343,48412.9653,1769467119.3142498,18.27,339,1857,0.972,31,8,0,10.31,15.0,0,6689,1769466793.248,-321.366,meta-llama/Llama-3.2-1B-Instruct,"1769466793.248, 1769466793.300, 1769466793.389, 1769466793.473, 1769466793.524"
200.0,1,1769466587.8944,443.9638,4056,1025,5081,5.2537,0.0904,0.4757,200.0,0.0,92.14,87.4537,331.4175,331.4175,48412.9653,1769467119.3276515,18.26,339,1857,0.967,28,11,0,10.31,15.0,0,6689,1769466793.248,-321.366,meta-llama/Llama-3.2-1B-Instruct,"1769466793.248, 1769466793.300, 1769466793.389, 1769466793.473, 1769466793.524"
200.0,1,1769466588.0017,446.6111,3019,1026,4045,2.9256,0.0918,0.4425,200.0,0.0,92.15,85.0409,331.652,331.652,48744.6173,1769467119.6683419,18.25,339,1858,0.971,33,5,0,10.31,15.0,0,6689,1769466793.248,-321.366,meta-llama/Llama-3.2-1B-Instruct,"1769466793.248, 1769466793.300, 1769466793.389, 1769466793.473, 1769466793.524"
200.0,1,1769466592.8567,517.8594,3675,28,3703,6.7409,0.8183,1.3559,200.0,0.0,92.15,10.9926,328.852,328.852,49073.4693,1769467121.7219188,18.24,339,1859,0.959,34,5,0,10.31,15.0,0,6764,1769466793.949,-325.751,meta-llama/Llama-3.2-1B-Instruct,"1769466793.949, 1769466793.999, 1769466794.048, 1769466794.171, 1769466794.232"
1.0,0,1769466791.7617,315.5188,27,32,59,9.6948,0.8108,1.3631,1.0,0.3631,92.1,14.5605,324.2136,324.2136,49397.6829,1769467121.8464513,18.23,339,1860,0.989,35,0,0,10.31,15.0,0,6764,1769466793.949,-325.751,meta-llama/Llama-3.2-1B-Instruct,"1769466793.949, 1769466793.999, 1769466794.048, 1769466794.171, 1769466794.232"
1.0,0,1769466791.7188,315.5104,27,32,59,9.7505,0.8117,1.363,1.0,0.363,92.05,14.6197,324.2609,324.2609,50046.3367,1769467121.8632958,18.21,339,1862,0.989,35,0,0,10.31,15.0,0,6764,1769466793.949,-325.751,meta-llama/Llama-3.2-1B-Instruct,"1769466793.949, 1769466793.999, 1769466794.048, 1769466794.171, 1769466794.232"
1.0,0,1769466791.5881,315.5975,27,32,59,9.7954,0.8053,1.3693,1.0,0.3693,92.0,14.6624,324.3929,324.3929,50046.3367,1769467121.8641984,18.22,339,1862,0.989,35,0,0,10.31,15.0,0,6764,1769466793.949,-325.751,meta-llama/Llama-3.2-1B-Instruct,"1769466793.949, 1769466793.999, 1769466794.048, 1769466794.171, 1769466794.232"
1.0,0,1769466791.9278,320.1622,27,32,59,5.3704,0.8079,1.3745,1.0,0.3745,91.95,9.8129,324.5326,324.5326,50370.8693,1769467121.9108133,18.2,339,1863,0.961,27,6,0,10.31,15.0,0,6764,1769466793.949,-325.751,meta-llama/Llama-3.2-1B-Instruct,"1769466793.949, 1769466793.999, 1769466794.048, 1769466794.171, 1769466794.232"
1.0,0,1769466792.3888,323.8922,27,32,59,2.7706,0.3422,0.8079,1.0,0.0,91.95,5.8721,325.6629,325.6629,52000.022,1769467122.1775877,18.19,339,1868,0.933,29,8,0,10.31,15.0,0,6764,1769466793.949,-325.751,meta-llama/Llama-3.2-1B-Instruct,"1769466793.949, 1769466793.999, 1769466794.048, 1769466794.171, 1769466794.232"
1.0,0,1769466792.2997,323.9687,27,32,59,2.7769,0.3183,0.8065,1.0,0.0,91.96,5.9046,325.7456,325.7456,52000.022,1769467122.1830325,18.15,339,1868,0.933,29,8,0,10.31,15.0,0,6764,1769466793.949,-325.751,meta-llama/Llama-3.2-1B-Instruct,"1769466793.949, 1769466793.999, 1769466794.048, 1769466794.171, 1769466794.232"
1.0,0,1769466792.113,320.3467,27,32,59,6.6054,0.3438,0.8055,1.0,0.0,91.96,9.707,325.9521,325.9521,52000.022,1769467122.1930282,18.17,339,1868,0.963,27,9,0,10.31,15.0,0,6764,1769466793.949,-325.751,meta-llama/Llama-3.2-1B-Instruct,"1769466793.949, 1769466793.999, 1769466794.048, 1769466794.171, 1769466794.232"
1.0,0,1769466792.1931,320.4377,27,32,59,6.4255,0.3492,0.8003,1.0,0.0,91.97,9.5371,325.8632,325.8632,52000.022,1769467122.1932695,18.16,339,1868,0.963,27,11,0,10.31,15.0,0,6764,1769466793.949,-325.751,meta-llama/Llama-3.2-1B-Instruct,"1769466793.949, 1769466793.999, 1769466794.048, 1769466794.171, 1769466794.232"
1.0,0,1769466792.1404,320.4854,27,32,59,6.4436,0.3453,0.81,1.0,0.0,91.97,9.5354,325.929,325.929,52000.022,1769467122.1943908,18.18,339,1868,0.963,27,10,0,10.31,15.0,0,6764,1769466793.949,-325.751,meta-llama/Llama-3.2-1B-Instruct,"1769466793.949, 1769466793.999, 1769466794.048, 1769466794.171, 1769466794.232"
1.0,0,1769466792.4732,325.2764,27,32,59,1.887,0.7967,0.7995,1.0,0.0,91.98,5.7673,326.1634,326.1634,52652.2955,1769467123.5200634,18.13,339,1870,0.99,37,1,0,10.31,15.0,0,6764,1769466793.949,-325.751,meta-llama/Llama-3.2-1B-Instruct,"1769466793.949, 1769466793.999, 1769466794.048, 1769466794.171, 1769466794.232"
1.0,0,1769466792.5244,325.2761,27,32,59,1.834,0.7858,0.8101,1.0,0.0,91.98,5.7124,326.1101,326.1101,52652.2955,1769467123.520253,18.14,339,1870,0.99,37,1,0,10.31,15.0,0,6764,1769466793.949,-325.751,meta-llama/Llama-3.2-1B-Instruct,"1769466793.949, 1769466793.999, 1769466794.048, 1769466794.171, 1769466794.232"
1.0,0,1769466792.8037,326.7209,27,32,59,0.9176,0.4341,0.7934,1.0,0.0,91.98,4.0132,326.6385,326.6385,53305.6323,1769467123.548982,18.12,339,1872,0.89,36,1,0,10.31,15.0,0,6764,1769466793.949,-325.751,meta-llama/Llama-3.2-1B-Instruct,"1769466793.949, 1769466793.999, 1769466794.048, 1769466794.171, 1769466794.232"
1.0,0,1769466792.7453,326.7261,27,32,59,0.9723,0.4186,0.8049,1.0,0.0,91.99,4.0752,326.6984,326.6984,53305.6323,1769467123.5503066,18.11,339,1872,0.89,36,1,0,10.31,15.0,0,6764,1769466793.949,-325.751,meta-llama/Llama-3.2-1B-Instruct,"1769466793.949, 1769466793.999, 1769466794.048, 1769466794.171, 1769466794.232"
1.0,0,1769466792.9488,326.8121,27,32,59,0.7195,0.4338,0.8062,1.0,0.0,91.99,3.8537,326.5316,326.5316,53632.1639,1769467123.6225488,18.1,339,1873,0.913,39,0,0,10.31,15.0,0,6764,1769466793.949,-325.751,meta-llama/Llama-3.2-1B-Instruct,"1769466793.949, 1769466793.999, 1769466794.048, 1769466794.171, 1769466794.232"
1.0,0,1769466792.9995,328.8807,27,32,59,0.1192,0.4372,0.8052,1.0,0.0,92.0,3.2991,327.9999,327.9999,53960.1639,1769467125.1961205,18.09,339,1874,0.883,36,0,0,10.31,15.0,0,6823,1769466795.344,-329.372,meta-llama/Llama-3.2-1B-Instruct,"1769466795.344, 1769466795.429, 1769466795.430, 1769466795.482, 1769466795.558"
1.0,0,1769466793.0483,329.0002,27,32,59,0.1342,0.4169,0.8037,1.0,0.0,92.0,3.3472,328.1343,328.1343,54288.2982,1769467125.4028041,18.08,339,1875,0.884,36,0,0,10.31,15.0,0,6823,1769466795.344,-329.372,meta-llama/Llama-3.2-1B-Instruct,"1769466795.344, 1769466795.429, 1769466795.430, 1769466795.482, 1769466795.558"
200.0,1,1769466590.3574,460.5182,2689,720,3409,6.435,0.0946,0.7978,200.0,0.0,92.01,74.5618,335.08,335.08,54623.3782,1769467125.4611776,18.07,339,1876,0.981,30,8,0,10.31,15.0,0,6823,1769466795.344,-329.372,meta-llama/Llama-3.2-1B-Instruct,"1769466795.344, 1769466795.429, 1769466795.430, 1769466795.482, 1769466795.558"
1.0,0,1769466793.2858,329.0747,27,32,59,1.1365,0.1058,0.3617,1.0,0.0,92.01,3.5438,329.2113,329.2113,55281.6918,1769467125.9182146,18.06,339,1878,0.913,33,0,0,10.31,15.0,0,6823,1769466795.344,-329.372,meta-llama/Llama-3.2-1B-Instruct,"1769466795.344, 1769466795.429, 1769466795.430, 1769466795.482, 1769466795.558"
1.0,0,1769466793.4036,328.9648,27,32,59,1.1376,0.094,0.3847,1.0,0.0,92.02,3.5465,329.1023,329.1023,55281.6918,1769467125.92086,18.05,339,1878,0.913,33,0,0,10.31,15.0,0,6823,1769466795.344,-329.372,meta-llama/Llama-3.2-1B-Instruct,"1769466795.344, 1769466795.429, 1769466795.430, 1769466795.482, 1769466795.558"
200.0,1,1769466589.2782,450.9503,2411,1029,3440,7.4949,0.0893,0.4809,200.0,0.0,92.02,90.8367,341.787,341.787,55965.1213,1769467131.0817494,18.04,339,1880,0.973,35,0,0,10.31,15.0,0,6883,1769466795.84,-333.916,meta-llama/Llama-3.2-1B-Instruct,"1769466795.840, 1769466796.002, 1769466796.027, 1769466796.133, 1769466796.169"
200.0,1,1769466589.4315,451.1046,3691,1030,4721,7.1827,0.0869,0.4759,200.0,0.0,92.02,90.538,341.6426,341.6426,55965.1213,1769467131.0935547,18.03,339,1880,0.976,35,3,0,10.31,15.0,0,6883,1769466795.84,-333.916,meta-llama/Llama-3.2-1B-Instruct,"1769466795.840, 1769466796.002, 1769466796.027, 1769466796.133, 1769466796.169"
200.0,1,1769466589.5016,452.9575,2948,1036,3984,5.7187,0.0907,0.485,200.0,0.0,92.03,89.4582,342.4156,342.4156,56307.537,1769467131.9332552,18.02,339,1881,0.98,30,8,0,10.31,15.0,0,6883,1769466795.84,-333.916,meta-llama/Llama-3.2-1B-Instruct,"1769466795.840, 1769466796.002, 1769466796.027, 1769466796.133, 1769466796.169"
200.0,1,1769466590.9905,469.46,2695,390,3085,37.207,0.0991,0.8594,200.0,0.0,92.03,73.5612,343.0212,343.0212,56650.5582,1769467134.0444117,18.01,339,1882,0.963,30,9,0,10.31,15.0,0,6883,1769466795.84,-333.916,meta-llama/Llama-3.2-1B-Instruct,"1769466795.840, 1769466796.002, 1769466796.027, 1769466796.133, 1769466796.169"
1.0,0,1769466794.1364,329.6395,27,32,59,8.1407,0.0974,0.8845,1.0,0.0,92.04,10.7994,336.7802,336.7802,57324.1459,1769467134.5869033,18.0,339,1884,0.967,32,4,0,10.31,15.0,0,6883,1769466795.84,-333.916,meta-llama/Llama-3.2-1B-Instruct,"1769466795.840, 1769466796.002, 1769466796.027, 1769466796.133, 1769466796.169"
1.0,0,1769466794.094,329.6055,27,32,59,8.2019,0.0993,0.8435,1.0,0.0,92.04,10.8832,336.8074,336.8074,57324.1459,1769467134.587913,17.99,339,1884,0.967,32,3,0,10.31,15.0,0,6883,1769466795.84,-333.916,meta-llama/Llama-3.2-1B-Instruct,"1769466795.840, 1769466796.002, 1769466796.027, 1769466796.133, 1769466796.169"
1.0,0,1769466794.2925,329.6788,27,32,59,8.9283,0.0829,0.0847,1.0,0.0,92.05,10.7364,337.607,337.607,58674.4614,1769467134.7184772,17.98,339,1888,0.968,32,7,0,10.31,15.0,0,6883,1769466795.84,-333.916,meta-llama/Llama-3.2-1B-Instruct,"1769466795.840, 1769466796.002, 1769466796.027, 1769466796.133, 1769466796.169"
1.0,0,1769466794.2329,329.6706,27,32,59,9.0447,0.0898,0.1007,1.0,0.0,92.05,10.8047,337.7152,337.7152,58674.4614,1769467134.7187285,17.97,339,1888,0.968,32,5,0,10.31,15.0,0,6883,1769466795.84,-333.916,meta-llama/Llama-3.2-1B-Instruct,"1769466795.840, 1769466796.002, 1769466796.027, 1769466796.133, 1769466796.169"
1.0,0,1769466794.4292,331.1329,27,32,59,7.3621,0.0824,0.0835,1.0,0.0,92.05,9.1486,337.495,337.495,58674.4614,1769467134.719629,17.96,339,1888,0.969,30,8,0,10.31,15.0,0,6883,1769466795.84,-333.916,meta-llama/Llama-3.2-1B-Instruct,"1769466795.840, 1769466796.002, 1769466796.027, 1769466796.133, 1769466796.169"
1.0,0,1769466794.3441,331.0046,27,32,59,7.4937,0.0942,0.1071,1.0,0.0,92.06,9.3599,337.4983,337.4983,58674.4614,1769467134.723555,17.97,339,1888,0.973,31,8,0,10.31,15.0,0,6883,1769466795.84,-333.916,meta-llama/Llama-3.2-1B-Instruct,"1769466795.840, 1769466796.002, 1769466796.027, 1769466796.133, 1769466796.169"
200.0,1,1769466589.5834,452.9432,4613,1025,5638,9.0462,0.0896,0.4829,200.0,0.0,92.06,92.5027,345.4459,345.4459,59019.9073,1769467135.0484014,17.95,339,1889,0.981,30,8,0,10.31,15.0,0,6945,1769466796.631,-338.216,meta-llama/Llama-3.2-1B-Instruct,"1769466796.631, 1769466796.707, 1769466796.747, 1769466796.811, 1769466796.838"
200.0,1,1769466589.7216,457.2863,2920,1026,3946,5.6443,0.0921,0.7614,200.0,0.0,92.07,90.258,347.5443,347.5443,59367.4516,1769467137.281645,17.94,339,1890,0.978,36,2,0,10.31,15.0,0,6945,1769466796.631,-338.216,meta-llama/Llama-3.2-1B-Instruct,"1769466796.631, 1769466796.707, 1769466796.747, 1769466796.811, 1769466796.838"
1.0,0,1769466795.0266,337.0661,27,32,59,4.3298,0.3336,0.3745,1.0,0.0,92.07,6.7759,340.3959,340.3959,60389.0501,1769467138.8783677,17.92,339,1893,0.97,34,5,0,10.31,15.0,0,6945,1769466796.631,-338.216,meta-llama/Llama-3.2-1B-Instruct,"1769466796.631, 1769466796.707, 1769466796.747, 1769466796.811, 1769466796.838"
1.0,0,1769466795.1326,339.1159,27,32,59,2.164,0.3335,0.3545,1.0,0.0,92.08,4.6195,340.2799,340.2799,60389.0501,1769467138.881702,17.93,339,1893,0.948,33,6,0,10.31,15.0,0,6945,1769466796.631,-338.216,meta-llama/Llama-3.2-1B-Instruct,"1769466796.631, 1769466796.707, 1769466796.747, 1769466796.811, 1769466796.838"
1.0,0,1769466794.5667,332.5778,27,32,59,9.2802,0.3311,0.3948,1.0,0.0,92.08,11.7393,340.858,340.858,60729.908,1769467138.8857582,17.9,339,1894,0.973,28,11,0,10.31,15.0,0,6945,1769466796.631,-338.216,meta-llama/Llama-3.2-1B-Instruct,"1769466796.631, 1769466796.707, 1769466796.747, 1769466796.811, 1769466796.838"
1.0,0,1769466794.4816,331.5744,27,32,59,10.3483,0.329,0.3682,1.0,0.0,92.09,12.816,340.9227,340.9227,60729.908,1769467138.8876588,17.91,339,1894,0.969,28,10,0,10.31,15.0,0,6945,1769466796.631,-338.216,meta-llama/Llama-3.2-1B-Instruct,"1769466796.631, 1769466796.707, 1769466796.747, 1769466796.811, 1769466796.838"
1.0,0,1769466795.6308,339.41,27,32,59,2.6358,0.0832,0.0949,1.0,0.0,92.09,4.7969,341.0458,341.0458,61412.4578,1769467139.8504388,17.89,339,1896,0.948,27,9,0,10.31,15.0,0,6945,1769466796.631,-338.216,meta-llama/Llama-3.2-1B-Instruct,"1769466796.631, 1769466796.707, 1769466796.747, 1769466796.811, 1769466796.838"
1.0,0,1769466795.1689,339.5725,27,32,59,2.9314,0.0899,0.0921,1.0,0.0,92.09,5.1088,341.5039,341.5039,61412.4578,1769467139.8555956,17.88,339,1896,0.947,27,7,0,10.31,15.0,0,6945,1769466796.631,-338.216,meta-llama/Llama-3.2-1B-Instruct,"1769466796.631, 1769466796.707, 1769466796.747, 1769466796.811, 1769466796.838"
200.0,1,1769466595.074,527.4822,3401,91,3492,9.3544,0.1162,1.3133,200.0,0.0,92.1,17.7113,345.1935,345.1935,61757.6513,1769467140.28406,17.87,339,1897,0.913,33,0,0,10.31,15.0,0,7007,1769466797.359,-342.561,meta-llama/Llama-3.2-1B-Instruct,"1769466797.359, 1769466797.404, 1769466797.405, 1769466797.556, 1769466797.560"
200.0,1,1769466589.9781,457.8934,3672,1018,4690,9.424,0.09,0.6161,200.0,0.0,92.1,93.5593,351.4527,351.4527,62460.306,1769467141.460282,17.86,339,1899,0.966,36,3,0,10.31,15.0,0,7007,1769466797.359,-342.561,meta-llama/Llama-3.2-1B-Instruct,"1769466797.359, 1769466797.404, 1769466797.405, 1769466797.556, 1769466797.560"
200.0,1,1769466590.241,460.2218,2535,1028,3563,6.8441,0.0893,0.6051,200.0,0.0,92.11,90.9802,351.202,351.202,62460.306,1769467141.4661012,17.85,339,1899,0.974,30,5,0,10.31,15.0,0,7007,1769466797.359,-342.561,meta-llama/Llama-3.2-1B-Instruct,"1769466797.359, 1769466797.404, 1769466797.405, 1769466797.556, 1769466797.560"
200.0,1,1769466592.7838,514.5511,3265,266,3531,9.6362,0.3407,1.1189,200.0,0.0,92.11,36.1249,350.676,350.676,62810.982,1769467143.478704,17.84,339,1900,0.989,35,0,0,10.31,15.0,0,7007,1769466797.359,-342.561,meta-llama/Llama-3.2-1B-Instruct,"1769466797.359, 1769466797.404, 1769466797.405, 1769466797.556, 1769466797.560"
1.0,0,1769466795.7473,339.4311,27,32,59,5.7795,0.4353,1.1,1.0,0.1,92.06,9.3624,344.2106,344.2106,63155.1926,1769467144.5511565,17.83,339,1901,0.99,33,3,0,10.31,15.0,0,7007,1769466797.359,-342.561,meta-llama/Llama-3.2-1B-Instruct,"1769466797.359, 1769466797.404, 1769466797.405, 1769466797.556, 1769466797.560"
1.0,0,1769466795.8378,339.4476,27,32,59,7.3456,0.3792,0.4481,1.0,0.0,92.07,9.8899,345.7932,345.7932,63846.7266,1769467145.195737,17.81,339,1903,0.99,33,3,0,10.31,15.0,0,7074,1769466797.771,-347.177,meta-llama/Llama-3.2-1B-Instruct,"1769466797.771, 1769466797.834, 1769466797.880, 1769466797.915, 1769466797.966"
1.0,0,1769466795.8879,341.5156,27,32,59,5.2251,0.4255,0.4374,1.0,0.0,92.07,7.7713,345.7407,345.7407,63846.7266,1769467145.2015302,17.82,339,1903,0.983,35,4,0,10.31,15.0,0,7074,1769466797.771,-347.177,meta-llama/Llama-3.2-1B-Instruct,"1769466797.771, 1769466797.834, 1769466797.880, 1769466797.915, 1769466797.966"
200.0,1,1769466596.7071,538.3929,2735,83,2818,5.8359,0.0968,1.1106,200.0,0.0,92.07,12.7896,351.1825,351.1825,64197.9091,1769467147.8984635,17.8,339,1904,0.895,26,9,0,10.31,15.0,0,7074,1769466797.771,-347.177,meta-llama/Llama-3.2-1B-Instruct,"1769466797.771, 1769466797.834, 1769466797.880, 1769466797.915, 1769466797.966"
200.0,1,1769466592.2091,510.4165,3694,509,4203,7.2717,0.0938,0.8212,200.0,0.0,92.08,51.9269,362.3433,362.3433,64560.2524,1769467154.5646036,17.8,339,1905,0.97,31,8,0,10.31,15.0,0,7136,1769466797.915,-352.06,meta-llama/Llama-3.2-1B-Instruct,"1769466797.915, 1769466797.966, 1769466797.969, 1769466798.014, 1769466798.048"
200.0,1,1769466594.5616,527.8474,2516,421,2937,1.0994,0.0933,0.6378,200.0,0.0,92.08,35.4123,363.2598,363.2598,64923.5122,1769467157.8380363,17.79,339,1906,0.913,33,0,0,10.31,15.0,0,7206,1769466797.966,-357.06,meta-llama/Llama-3.2-1B-Instruct,"1769466797.966, 1769466797.969, 1769466798.014, 1769466798.048, 1769466798.082"
200.0,1,1769466591.2677,498.8062,3605,688,4293,11.5802,0.0973,0.805,200.0,0.0,92.09,71.9839,370.7901,370.7901,65294.3023,1769467162.0720892,17.78,339,1907,0.988,29,9,0,10.31,15.0,0,7273,1769466797.969,-362.098,meta-llama/Llama-3.2-1B-Instruct,"1769466797.969, 1769466798.014, 1769466798.048, 1769466798.082, 1769466798.104"
1.0,0,1769466796.3593,343.7287,27,32,59,22.4713,0.0897,0.3547,1.0,0.0,92.09,24.7647,365.2001,365.2001,65659.5024,1769467164.8849242,17.77,339,1908,0.99,29,9,0,10.31,15.0,0,7273,1769466797.969,-362.098,meta-llama/Llama-3.2-1B-Instruct,"1769466797.969, 1769466798.014, 1769466798.048, 1769466798.082, 1769466798.104"
200.0,1,1769466590.4775,461.9052,5069,1029,6098,38.7378,0.0949,0.6203,200.0,0.0,92.1,126.1185,388.0236,388.0236,66047.526,1769467178.5274954,17.76,339,1909,0.977,31,8,0,10.31,15.0,0,7472,1769466798.048,-377.202,meta-llama/Llama-3.2-1B-Instruct,"1769466798.048, 1769466798.082, 1769466798.104, 1769466798.153, 1769466798.239"
200.0,1,1769466594.1708,527.9612,3180,786,3966,0.5774,0.088,0.6559,200.0,0.0,92.1,61.8688,389.8301,389.8301,66437.3561,1769467184.0154452,17.75,339,1910,0.884,36,0,0,10.31,15.0,0,7517,1769466798.082,-382.182,meta-llama/Llama-3.2-1B-Instruct,"1769466798.082, 1769466798.104, 1769466798.153, 1769466798.239, 1769466798.239"
200.0,1,1769466591.4652,503.5224,3172,1025,4197,8.0026,0.0915,0.6318,200.0,0.0,92.1,92.0132,395.5355,395.5355,66832.8916,1769467187.0176764,17.74,339,1911,0.953,30,8,0,10.31,15.0,0,7516,1769466798.104,-387.206,meta-llama/Llama-3.2-1B-Instruct,"1769466798.104, 1769466798.153, 1769466798.239, 1769466798.239, 1769466798.296"
1.0,0,1769466796.4054,344.0053,27,33,60,47.7028,0.0909,0.2288,1.0,0.0,92.11,49.5334,390.7081,390.7081,67223.5997,1769467189.945181,17.73,339,1912,0.984,30,9,0,10.31,15.0,0,7516,1769466798.104,-387.206,meta-llama/Llama-3.2-1B-Instruct,"1769466798.104, 1769466798.153, 1769466798.239, 1769466798.239, 1769466798.296"
200.0,1,1769466592.0846,507.8342,3829,1029,4858,9.972,0.0946,0.6555,200.0,0.0,92.11,91.8581,399.6923,399.6923,68822.7901,1769467191.7973843,17.72,339,1916,0.99,27,11,0,10.31,15.0,0,7514,1769466798.239,-392.074,meta-llama/Llama-3.2-1B-Instruct,"1769466798.239, 1769466798.239, 1769466798.296, 1769466798.335, 1769466798.541"
200.0,1,1769466591.5653,505.1627,2677,1024,3701,13.1389,0.0925,0.6212,200.0,0.0,92.12,95.0508,400.2135,400.2135,68822.7901,1769467191.7980294,17.71,339,1916,0.985,33,6,0,10.31,15.0,0,7514,1769466798.239,-392.074,meta-llama/Llama-3.2-1B-Instruct,"1769466798.239, 1769466798.239, 1769466798.296, 1769466798.335, 1769466798.541"
200.0,1,1769466591.9833,506.2513,2603,1025,3628,11.6703,0.0901,0.6436,200.0,0.0,92.12,93.549,399.8003,399.8003,69222.7471,1769467191.809654,17.7,339,1917,0.985,29,8,0,10.31,15.0,0,7514,1769466798.239,-392.074,meta-llama/Llama-3.2-1B-Instruct,"1769466798.239, 1769466798.239, 1769466798.296, 1769466798.335, 1769466798.541"
200.0,1,1769466592.3041,512.6938,3610,1030,4640,4.9026,0.088,0.63,200.0,0.0,92.13,86.7905,399.4843,399.4843,69222.7471,1769467191.810453,17.69,339,1917,0.976,28,11,0,10.31,15.0,0,7514,1769466798.239,-392.074,meta-llama/Llama-3.2-1B-Instruct,"1769466798.239, 1769466798.239, 1769466798.296, 1769466798.335, 1769466798.541"
200.0,1,1769466591.8514,506.2691,2481,1032,3513,11.7906,0.0892,0.7579,200.0,0.0,92.13,93.6879,399.957,399.957,69222.7471,1769467191.8248925,17.68,339,1917,0.985,29,7,0,10.31,15.0,0,7514,1769466798.239,-392.074,meta-llama/Llama-3.2-1B-Instruct,"1769466798.239, 1769466798.239, 1769466798.296, 1769466798.335, 1769466798.541"
200.0,1,1769466597.6842,547.0685,2779,0,2779,,,,200.0,,,49.3969,396.4655,396.4655,69619.2125,1769467194.1597993,17.67,339,1918,0.99,31,8,0,10.31,15.0,0,7514,1769466798.239,-392.074,meta-llama/Llama-3.2-1B-Instruct,"1769466798.239, 1769466798.239, 1769466798.296, 1769466798.335, 1769466798.541"
1.0,0,1769466796.5908,347.031,27,32,59,50.5155,0.3278,0.4606,1.0,0.0,92.13,53.2328,396.5465,396.5465,71600.1902,1769467196.8647134,17.65,339,1923,0.987,32,7,0,10.31,15.0,0,7508,1769466798.772,-396.55,meta-llama/Llama-3.2-1B-Instruct,"1769466798.772, 1769466798.852, 1769466798.864, 1769466798.918, 1769466798.959"
1.0,0,1769466796.8344,348.6394,27,32,59,48.6714,0.331,0.4348,1.0,0.0,92.14,51.3789,396.3108,396.3108,71600.1902,1769467196.8649325,17.66,339,1923,0.991,29,10,0,10.31,15.0,0,7508,1769466798.772,-396.55,meta-llama/Llama-3.2-1B-Instruct,"1769466798.772, 1769466798.852, 1769466798.864, 1769466798.918, 1769466798.959"
1.0,0,1769466797.0136,368.2213,27,32,59,28.8981,0.3373,0.4206,1.0,0.0,92.14,31.6304,396.1194,396.1194,72392.4841,1769467196.8704095,17.62,339,1925,0.985,27,12,0,10.31,15.0,0,7508,1769466798.772,-396.55,meta-llama/Llama-3.2-1B-Instruct,"1769466798.772, 1769466798.852, 1769466798.864, 1769466798.918, 1769466798.959"
1.0,0,1769466797.1528,392.9995,27,32,59,3.9948,0.3298,0.4307,1.0,0.0,92.15,6.7105,395.9942,395.9942,72392.4841,1769467196.8706558,17.63,339,1925,0.983,25,14,0,10.31,15.0,0,7508,1769466798.772,-396.55,meta-llama/Llama-3.2-1B-Instruct,"1769466798.772, 1769466798.852, 1769466798.864, 1769466798.918, 1769466798.959"
1.0,0,1769466797.1044,390.0196,27,32,59,7.0105,0.3326,0.4543,1.0,0.0,92.15,9.7283,396.03,396.03,73581.572,1769467196.8725238,17.67,339,1928,0.975,26,13,0,10.31,15.0,0,7508,1769466798.772,-396.55,meta-llama/Llama-3.2-1B-Instruct,"1769466798.772, 1769466798.852, 1769466798.864, 1769466798.918, 1769466798.959"
1.0,0,1769466796.9149,357.7719,27,32,59,39.4657,0.3291,0.4559,1.0,0.0,92.15,42.1841,396.2376,396.2376,73581.572,1769467196.8742504,17.6,339,1928,0.985,28,11,0,10.31,15.0,0,7508,1769466798.772,-396.55,meta-llama/Llama-3.2-1B-Instruct,"1769466798.772, 1769466798.852, 1769466798.864, 1769466798.918, 1769466798.959"
1.0,0,1769466797.2962,395.0343,27,32,59,2.1474,0.106,0.4614,1.0,0.0,92.18,4.5762,396.1818,396.1818,74373.9756,1769467196.912592,17.57,339,1930,0.948,35,0,0,10.31,15.0,0,7508,1769466798.772,-396.55,meta-llama/Llama-3.2-1B-Instruct,"1769466798.772, 1769466798.852, 1769466798.864, 1769466798.918, 1769466798.959"
1.0,0,1769466797.2393,394.9902,27,32,59,2.2316,0.0885,0.4244,1.0,0.0,92.18,4.6792,396.2219,396.2219,74373.9756,1769467196.9186232,17.56,339,1930,0.948,35,0,0,10.31,15.0,0,7508,1769466798.772,-396.55,meta-llama/Llama-3.2-1B-Instruct,"1769466798.772, 1769466798.852, 1769466798.864, 1769466798.918, 1769466798.959"
1.0,0,1769466797.5409,394.8961,27,31,58,2.451,0.0992,0.1046,1.0,0.0,92.18,4.5467,396.3471,396.3471,74770.3227,1769467196.9920652,17.56,339,1931,0.948,35,0,0,10.31,15.0,0,7508,1769466798.772,-396.55,meta-llama/Llama-3.2-1B-Instruct,"1769466798.772, 1769466798.852, 1769466798.864, 1769466798.918, 1769466798.959"
200.0,1,1769466592.4987,514.6222,3416,1022,4438,9.8464,0.0943,0.6055,200.0,0.0,92.19,93.8144,408.4367,408.4367,75178.7594,1769467200.9503734,17.55,339,1932,0.989,35,0,0,10.31,15.0,0,7495,1769466799.454,-400.9,meta-llama/Llama-3.2-1B-Instruct,"1769466799.454, 1769466799.514, 1769466799.722, 1769466799.822, 1769466799.889"
200.0,1,1769466592.9372,519.2552,3898,1029,4927,6.866,0.0954,0.4477,200.0,0.0,92.19,89.3626,408.6178,408.6178,75995.8469,1769467201.5835807,17.53,339,1934,0.962,27,7,0,10.31,15.0,0,7495,1769466799.454,-400.9,meta-llama/Llama-3.2-1B-Instruct,"1769466799.454, 1769466799.514, 1769466799.722, 1769466799.822, 1769466799.889"
200.0,1,1769466593.083,519.2745,5567,1019,6586,6.6976,0.0919,0.4477,200.0,0.0,92.2,89.1952,408.4697,408.4697,75995.8469,1769467201.5894587,17.54,339,1934,0.963,27,9,0,10.31,15.0,0,7495,1769466799.454,-400.9,meta-llama/Llama-3.2-1B-Instruct,"1769466799.454, 1769466799.514, 1769466799.722, 1769466799.822, 1769466799.889"
1.0,0,1769466797.7721,399.2369,27,5,32,4.3257,0.0983,0.0983,1.0,0.0,92.2,6.0538,402.5627,402.5627,76398.4095,1769467203.076304,17.52,339,1935,0.976,26,1,0,10.31,15.0,0,7495,1769466799.454,-400.9,meta-llama/Llama-3.2-1B-Instruct,"1769466799.454, 1769466799.514, 1769466799.722, 1769466799.822, 1769466799.889"
1.0,0,1769466798.2802,399.488,27,0,27,,,,1.0,,,5.3171,403.8051,403.8051,76802.2146,1769467203.0886812,17.51,339,1936,0.978,26,10,0,10.31,15.0,0,7495,1769466799.454,-400.9,meta-llama/Llama-3.2-1B-Instruct,"1769466799.454, 1769466799.514, 1769466799.722, 1769466799.822, 1769466799.889"
200.0,1,1769466593.2477,523.0259,2501,1028,3529,3.3665,0.0917,0.7587,200.0,0.0,92.21,86.9317,409.9576,409.9576,77212.1722,1769467203.2359602,17.5,339,1937,0.933,29,8,0,10.31,15.0,0,7495,1769466799.454,-400.9,meta-llama/Llama-3.2-1B-Instruct,"1769466799.454, 1769466799.514, 1769466799.722, 1769466799.822, 1769466799.889"
200.0,1,1769466593.6263,525.788,3025,1025,4050,1.021,0.0942,0.4476,200.0,0.0,92.21,83.8722,409.6602,409.6602,77621.8324,1769467203.306971,17.49,339,1938,0.89,36,1,0,10.31,15.0,0,7495,1769466799.454,-400.9,meta-llama/Llama-3.2-1B-Instruct,"1769466799.454, 1769466799.514, 1769466799.722, 1769466799.822, 1769466799.889"
200.0,1,1769466593.5409,525.6592,3184,1025,4209,1.2656,0.0894,0.4546,200.0,0.0,92.21,84.1075,409.7667,409.7667,78031.5991,1769467203.3255756,17.48,339,1939,0.954,35,3,0,10.31,15.0,0,7495,1769466799.454,-400.9,meta-llama/Llama-3.2-1B-Instruct,"1769466799.454, 1769466799.514, 1769466799.722, 1769466799.822, 1769466799.889"
1.0,0,1769466798.108,399.3698,27,32,59,5.567,0.4329,1.1929,1.0,0.1929,92.16,9.2443,403.9368,403.9368,80051.1113,1769467206.7312164,17.46,339,1944,0.978,26,7,0,10.31,15.0,0,7487,1769466800.066,-405.541,meta-llama/Llama-3.2-1B-Instruct,"1769466800.066, 1769466800.089, 1769466800.094, 1769466800.188, 1769466800.220"
1.0,0,1769466797.8636,399.2851,27,32,59,5.9246,0.421,1.1859,1.0,0.1859,92.12,9.5746,404.2098,404.2098,80455.0015,1769467206.7327044,17.45,339,1945,0.977,26,2,0,10.31,15.0,0,7487,1769466800.066,-405.541,meta-llama/Llama-3.2-1B-Instruct,"1769466800.066, 1769466800.089, 1769466800.094, 1769466800.188, 1769466800.220"
1.0,0,1769466798.3066,399.5356,27,32,59,5.2156,0.4217,1.1932,1.0,0.1932,92.07,8.8691,403.7512,403.7512,80858.8702,1769467206.7336469,17.47,339,1946,0.979,26,11,0,10.31,15.0,0,7487,1769466800.066,-405.541,meta-llama/Llama-3.2-1B-Instruct,"1769466800.066, 1769466800.089, 1769466800.094, 1769466800.188, 1769466800.220"
1.0,0,1769466798.4397,399.4799,27,32,59,5.1297,0.4829,1.1776,1.0,0.1776,92.02,8.7979,403.6095,403.6095,80858.8702,1769467206.7338886,17.47,339,1946,0.979,26,13,0,10.31,15.0,0,7487,1769466800.066,-405.541,meta-llama/Llama-3.2-1B-Instruct,"1769466800.066, 1769466800.089, 1769466800.094, 1769466800.188, 1769466800.220"
1.0,0,1769466798.0305,399.3712,27,32,59,5.6337,0.4599,1.1759,1.0,0.1759,91.97,9.325,404.0049,404.0049,81262.9903,1769467206.7348185,17.44,339,1947,0.978,26,5,0,10.31,15.0,0,7487,1769466800.066,-405.541,meta-llama/Llama-3.2-1B-Instruct,"1769466800.066, 1769466800.089, 1769466800.094, 1769466800.188, 1769466800.220"
1.0,0,1769466798.1858,399.3655,27,32,59,5.5247,0.4565,1.1951,1.0,0.1951,91.92,9.1803,403.8902,403.8902,81262.9903,1769467206.7363296,17.43,339,1947,0.978,26,8,0,10.31,15.0,0,7487,1769466800.066,-405.541,meta-llama/Llama-3.2-1B-Instruct,"1769466800.066, 1769466800.089, 1769466800.094, 1769466800.188, 1769466800.220"
1.0,0,1769466798.2124,399.4105,27,32,59,5.4582,0.516,1.197,1.0,0.197,91.87,9.1105,403.8687,403.8687,81262.9903,1769467206.7385917,17.42,339,1947,0.978,26,9,0,10.31,15.0,0,7487,1769466800.066,-405.541,meta-llama/Llama-3.2-1B-Instruct,"1769466800.066, 1769466800.089, 1769466800.094, 1769466800.188, 1769466800.220"
1.0,0,1769466797.9585,399.4351,27,32,59,5.685,0.4924,1.1845,1.0,0.1845,91.82,9.3409,404.1201,404.1201,81262.9903,1769467206.738802,17.41,339,1947,0.978,26,5,0,10.31,15.0,0,7487,1769466800.066,-405.541,meta-llama/Llama-3.2-1B-Instruct,"1769466800.066, 1769466800.089, 1769466800.094, 1769466800.188, 1769466800.220"
200.0,1,1769466594.2319,528.1225,3299,1029,4328,1.1548,0.0929,0.5187,200.0,0.0,91.83,84.5186,412.6411,412.6411,81675.6314,1769467206.886983,17.4,339,1948,0.882,32,1,0,10.31,15.0,0,7487,1769466800.066,-405.541,meta-llama/Llama-3.2-1B-Instruct,"1769466800.066, 1769466800.089, 1769466800.094, 1769466800.188, 1769466800.220"
1.0,0,1769466798.5144,403.2094,27,32,59,1.9869,0.43,1.18,1.0,0.18,91.78,5.2785,404.1963,404.1963,82079.8277,1769467207.0210097,17.39,339,1949,0.969,37,1,0,10.31,15.0,0,7487,1769466800.066,-405.541,meta-llama/Llama-3.2-1B-Instruct,"1769466800.066, 1769466800.089, 1769466800.094, 1769466800.188, 1769466800.220"
1.0,0,1769466798.998,404.4941,27,32,59,1.3827,0.1035,0.4421,1.0,0.0,91.78,3.5546,404.8767,404.8767,82889.6893,1769467207.0634425,17.38,339,1951,0.887,34,1,0,10.31,15.0,0,7487,1769466800.066,-405.541,meta-llama/Llama-3.2-1B-Instruct,"1769466800.066, 1769466800.089, 1769466800.094, 1769466800.188, 1769466800.220"
1.0,0,1769466798.8919,404.5075,27,32,59,1.4773,0.0944,0.4484,1.0,0.0,91.79,3.6606,404.9849,404.9849,83294.6159,1769467207.0663264,17.38,339,1952,0.887,34,1,0,10.31,15.0,0,7487,1769466800.066,-405.541,meta-llama/Llama-3.2-1B-Instruct,"1769466800.066, 1769466800.089, 1769466800.094, 1769466800.188, 1769466800.220"
1.0,0,1769466798.9672,404.4755,27,32,59,1.4511,0.117,0.4727,1.0,0.0,91.79,3.6216,404.9266,404.9266,83294.6159,1769467207.0666718,17.37,339,1952,0.887,34,1,0,10.31,15.0,0,7487,1769466800.066,-405.541,meta-llama/Llama-3.2-1B-Instruct,"1769466800.066, 1769466800.089, 1769466800.094, 1769466800.188, 1769466800.220"
200.0,1,1769466594.6534,527.811,2913,1026,3939,3.4368,0.0922,0.4544,200.0,0.0,91.79,86.6861,414.4972,414.4972,83709.1131,1769467209.1688538,17.36,339,1953,0.913,33,0,0,10.31,15.0,0,7487,1769466800.066,-405.541,meta-llama/Llama-3.2-1B-Instruct,"1769466800.066, 1769466800.089, 1769466800.094, 1769466800.188, 1769466800.220"
1.0,0,1769466799.0944,407.9942,27,32,59,0.1407,0.321,0.903,1.0,0.0,91.8,3.0938,407.1349,407.1349,84116.248,1769467210.1977437,17.35,339,1954,0.939,28,0,0,10.31,15.0,0,7487,1769466800.066,-405.541,meta-llama/Llama-3.2-1B-Instruct,"1769466800.066, 1769466800.089, 1769466800.094, 1769466800.188, 1769466800.220"
1.0,0,1769466799.4365,408.0137,27,26,53,0.1108,0.3278,0.9076,1.0,0.0,91.8,2.8044,407.1245,407.1245,85337.4224,1769467210.2812006,17.34,339,1957,0.941,31,0,0,10.31,15.0,0,7487,1769466800.066,-405.541,meta-llama/Llama-3.2-1B-Instruct,"1769466800.066, 1769466800.089, 1769466800.094, 1769466800.188, 1769466800.220"
1.0,0,1769466799.1878,407.9749,27,32,59,0.1115,0.3247,0.9572,1.0,0.0,91.81,3.1122,407.0863,407.0863,85337.4224,1769467210.281695,17.33,339,1957,0.939,28,0,0,10.31,15.0,0,7487,1769466800.066,-405.541,meta-llama/Llama-3.2-1B-Instruct,"1769466800.066, 1769466800.089, 1769466800.094, 1769466800.188, 1769466800.220"
1.0,0,1769466799.0664,407.8272,27,32,59,0.1365,0.3095,1.0225,1.0,0.0225,91.76,3.3874,406.9636,406.9636,85337.4224,1769467210.281909,17.32,339,1957,0.94,31,0,0,10.31,15.0,0,7487,1769466800.066,-405.541,meta-llama/Llama-3.2-1B-Instruct,"1769466800.066, 1769466800.089, 1769466800.094, 1769466800.188, 1769466800.220"
1.0,0,1769466799.2198,408.0729,27,32,59,0.096,0.3372,0.9038,1.0,0.0,91.76,3.0908,407.1689,407.1689,85744.5913,1769467210.3952763,17.31,339,1958,0.941,30,0,0,10.31,15.0,0,7487,1769466800.066,-405.541,meta-llama/Llama-3.2-1B-Instruct,"1769466800.066, 1769466800.089, 1769466800.094, 1769466800.188, 1769466800.220"
1.0,0,1769466799.3629,407.9769,27,32,59,0.1752,0.3332,0.9468,1.0,0.0,91.77,3.1882,407.1521,407.1521,86151.7434,1769467210.538337,17.3,339,1959,0.941,30,0,0,10.31,15.0,0,7487,1769466800.066,-405.541,meta-llama/Llama-3.2-1B-Instruct,"1769466800.066, 1769466800.089, 1769466800.094, 1769466800.188, 1769466800.220"
1.0,0,1769466799.5151,408.1295,27,32,59,0.6731,0.0872,0.959,1.0,0.0,91.77,3.4452,407.8026,407.8026,86559.546,1769467211.092457,17.3,339,1960,0.943,33,0,0,10.31,15.0,0,7487,1769466800.066,-405.541,meta-llama/Llama-3.2-1B-Instruct,"1769466800.066, 1769466800.089, 1769466800.094, 1769466800.188, 1769466800.220"
1.0,0,1769466799.9332,407.9641,27,35,62,2.2407,0.0829,0.0832,1.0,0.0,91.78,4.1497,409.2048,409.2048,86968.7507,1769467212.053343,17.29,339,1961,0.945,33,0,0,10.31,15.0,0,7487,1769466800.066,-405.541,meta-llama/Llama-3.2-1B-Instruct,"1769466800.066, 1769466800.089, 1769466800.094, 1769466800.188, 1769466800.220"
1.0,0,1769466800.0483,408.0237,27,32,59,2.1074,0.082,0.0821,1.0,0.0,91.78,3.9817,409.1311,409.1311,87787.0726,1769467212.0559895,17.28,339,1963,0.97,35,2,0,10.31,15.0,0,7487,1769466800.066,-405.541,meta-llama/Llama-3.2-1B-Instruct,"1769466800.066, 1769466800.089, 1769466800.094, 1769466800.188, 1769466800.220"
1.0,0,1769466799.9934,408.0209,27,32,59,2.1698,0.0753,0.0768,1.0,0.0,91.79,4.0406,409.1907,409.1907,87787.0726,1769467212.0562487,17.27,339,1963,0.97,35,2,0,10.31,15.0,0,7487,1769466800.066,-405.541,meta-llama/Llama-3.2-1B-Instruct,"1769466800.066, 1769466800.089, 1769466800.094, 1769466800.188, 1769466800.220"
200.0,1,1769466594.7386,527.7877,2500,1024,3524,9.3785,0.0914,0.5868,200.0,0.0,91.79,92.5957,420.3834,420.3834,88207.4559,1769467215.1338754,17.26,339,1964,0.913,33,0,0,10.31,15.0,0,7487,1769466800.066,-405.541,meta-llama/Llama-3.2-1B-Instruct,"1769466800.066, 1769466800.089, 1769466800.094, 1769466800.188, 1769466800.220"
200.0,1,1769466595.1762,528.6741,3952,1031,4983,9.0146,0.094,0.4438,200.0,0.0,91.79,91.6999,420.374,420.374,88627.8299,1769467215.5690334,17.25,339,1965,0.968,32,5,0,10.31,15.0,0,7487,1769466800.066,-405.541,meta-llama/Llama-3.2-1B-Instruct,"1769466800.066, 1769466800.089, 1769466800.094, 1769466800.188, 1769466800.220"
200.0,1,1769466595.4297,530.2205,4795,1022,5817,10.7587,0.0942,0.4379,200.0,0.0,91.8,92.8534,423.0739,423.0739,89896.0866,1769467218.5213914,17.24,339,1968,0.969,30,8,0,10.31,15.0,0,7487,1769466800.066,-405.541,meta-llama/Llama-3.2-1B-Instruct,"1769466800.066, 1769466800.089, 1769466800.094, 1769466800.188, 1769466800.220"
200.0,1,1769466595.8395,535.4409,2503,1024,3527,5.1465,0.0908,0.4507,200.0,0.0,91.8,87.23,422.6709,422.6709,89896.0866,1769467218.525166,17.23,339,1968,0.968,30,8,0,10.31,15.0,0,7487,1769466800.066,-405.541,meta-llama/Llama-3.2-1B-Instruct,"1769466800.066, 1769466800.089, 1769466800.094, 1769466800.188, 1769466800.220"
200.0,1,1769466596.0016,535.3235,2623,1028,3651,5.0956,0.0898,0.4474,200.0,0.0,91.81,87.1884,422.5119,422.5119,89896.0866,1769467218.5285542,17.23,339,1968,0.968,30,8,0,10.31,15.0,0,7487,1769466800.066,-405.541,meta-llama/Llama-3.2-1B-Instruct,"1769466800.066, 1769466800.089, 1769466800.094, 1769466800.188, 1769466800.220"
200.0,1,1769466596.2083,538.6584,2631,1017,3648,2.8155,0.089,0.4448,200.0,0.0,91.81,84.4856,423.144,423.144,90319.2305,1769467219.3673637,17.22,339,1969,0.948,27,8,0,10.31,15.0,0,7487,1769466800.066,-405.541,meta-llama/Llama-3.2-1B-Instruct,"1769466800.066, 1769466800.089, 1769466800.094, 1769466800.188, 1769466800.220"
200.0,1,1769466596.9147,542.1457,3066,1026,4092,3.5611,0.0903,0.427,200.0,0.0,91.82,83.3645,425.5102,425.5102,91170.3555,1769467222.441798,17.21,339,1971,0.987,31,5,0,10.31,15.0,0,7487,1769466800.066,-405.541,meta-llama/Llama-3.2-1B-Instruct,"1769466800.066, 1769466800.089, 1769466800.094, 1769466800.188, 1769466800.220"
200.0,1,1769466596.8108,538.4271,4612,1025,5637,7.3891,0.0904,0.4283,200.0,0.0,91.82,87.1877,425.6148,425.6148,91170.3555,1769467222.4428132,17.2,339,1971,0.99,33,3,0,10.31,15.0,0,7487,1769466800.066,-405.541,meta-llama/Llama-3.2-1B-Instruct,"1769466800.066, 1769466800.089, 1769466800.094, 1769466800.188, 1769466800.220"
200.0,1,1769466597.0915,542.0474,3494,1024,4518,4.8482,0.0871,0.429,200.0,0.0,91.82,84.2258,426.2732,426.2732,91596.6287,1769467223.3797107,17.19,339,1972,0.987,31,6,0,10.31,15.0,0,7487,1769466800.066,-405.541,meta-llama/Llama-3.2-1B-Instruct,"1769466800.066, 1769466800.089, 1769466800.094, 1769466800.188, 1769466800.220"
200.0,1,1769466597.1825,542.0724,2808,1020,3828,15.7414,0.0846,0.4184,200.0,0.0,91.83,92.3096,434.382,434.382,92031.0107,1769467231.5782306,17.18,339,1973,0.987,31,7,0,10.31,15.0,0,7487,1769466800.066,-405.541,meta-llama/Llama-3.2-1B-Instruct,"1769466800.066, 1769466800.089, 1769466800.094, 1769466800.188, 1769466800.220"
200.0,1,1769466599.2605,598.4377,3550,592,4142,5.3854,0.0758,0.3393,200.0,0.0,91.83,43.0383,441.4759,441.4759,92472.4866,1769467240.7518873,17.17,339,1974,0.978,26,10,0,10.31,15.0,0,7487,1769466800.066,-405.541,meta-llama/Llama-3.2-1B-Instruct,"1769466800.066, 1769466800.089, 1769466800.094, 1769466800.188, 1769466800.220"
200.0,1,1769466597.2722,542.0583,3271,1024,4295,23.2403,0.0864,0.3893,200.0,0.0,91.84,104.6366,446.6949,446.6949,92919.1815,1769467243.983603,17.16,339,1975,0.988,31,7,0,10.31,15.0,0,7487,1769466800.066,-405.541,meta-llama/Llama-3.2-1B-Instruct,"1769466800.066, 1769466800.089, 1769466800.094, 1769466800.188, 1769466800.220"
200.0,1,1769466598.0824,586.1138,3216,862,4078,9.9524,0.0807,0.3412,200.0,0.0,91.84,65.2552,451.369,451.369,93370.5505,1769467249.466925,17.16,339,1976,0.956,25,14,0,10.31,15.0,0,7487,1769466800.066,-405.541,meta-llama/Llama-3.2-1B-Instruct,"1769466800.066, 1769466800.089, 1769466800.094, 1769466800.188, 1769466800.220"
200.0,1,1769466600.6241,607.1057,2572,806,3378,0.564,0.0718,0.0869,200.0,0.0,91.85,46.4462,453.5519,453.5519,93824.1024,1769467254.1884634,17.15,339,1977,0.944,33,0,0,10.31,15.0,0,7487,1769466800.066,-405.541,meta-llama/Llama-3.2-1B-Instruct,"1769466800.066, 1769466800.089, 1769466800.094, 1769466800.188, 1769466800.220"
200.0,1,1769466597.4039,542.8529,5091,1035,6126,47.814,0.081,0.3477,200.0,0.0,91.85,114.1353,456.9882,456.9882,94281.0906,1769467254.4095898,17.14,339,1978,0.99,29,9,0,10.31,15.0,0,7487,1769466800.066,-405.541,meta-llama/Llama-3.2-1B-Instruct,"1769466800.066, 1769466800.089, 1769466800.094, 1769466800.188, 1769466800.220"
200.0,1,1769466597.771,547.5875,4077,1024,5101,48.7624,0.0787,0.3287,200.0,0.0,91.85,110.664,458.2515,458.2515,95655.8624,1769467256.0345314,17.11,339,1981,0.99,29,9,0,10.31,15.0,0,7487,1769466800.066,-405.541,meta-llama/Llama-3.2-1B-Instruct,"1769466800.066, 1769466800.089, 1769466800.094, 1769466800.188, 1769466800.220"
200.0,1,1769466597.5563,544.0579,3194,1038,4232,52.5111,0.0772,0.3282,200.0,0.0,91.86,114.4069,458.4648,458.4648,96113.6681,1769467256.0457006,17.13,339,1982,0.983,32,6,0,10.31,15.0,0,7487,1769466800.066,-405.541,meta-llama/Llama-3.2-1B-Instruct,"1769466800.066, 1769466800.089, 1769466800.094, 1769466800.188, 1769466800.220"
200.0,1,1769466597.9665,560.0979,2509,1025,3534,36.0815,0.078,0.3278,200.0,0.0,91.86,97.9576,458.0555,458.0555,96113.6681,1769467256.0470073,17.12,339,1982,0.969,27,12,0,10.31,15.0,0,7487,1769466800.066,-405.541,meta-llama/Llama-3.2-1B-Instruct,"1769466800.066, 1769466800.089, 1769466800.094, 1769466800.188, 1769466800.220"
200.0,1,1769466598.2393,594.0401,2498,1027,3525,2.1923,0.0769,0.3198,200.0,0.0,91.87,63.7657,457.8057,457.8057,96113.6681,1769467256.0592248,17.1,339,1982,0.948,35,0,0,10.31,15.0,0,7487,1769466800.066,-405.541,meta-llama/Llama-3.2-1B-Instruct,"1769466800.066, 1769466800.089, 1769466800.094, 1769466800.188, 1769466800.220"
200.0,1,1769466598.335,594.0477,2635,1027,3662,2.518,0.0771,0.1256,200.0,0.0,91.87,63.6851,457.7328,457.7328,96571.4009,1769467256.0789073,17.1,339,1983,0.948,35,0,0,10.31,15.0,0,7487,1769466800.066,-405.541,meta-llama/Llama-3.2-1B-Instruct,"1769466800.066, 1769466800.089, 1769466800.094, 1769466800.188, 1769466800.220"
200.0,1,1769466598.6556,595.5986,2603,1035,3638,7.0785,0.0748,0.11,200.0,0.0,91.88,63.8619,459.4604,459.4604,97030.8614,1769467258.1371353,17.09,339,1984,0.947,37,2,0,10.31,15.0,0,7487,1769466800.066,-405.541,meta-llama/Llama-3.2-1B-Instruct,"1769466800.066, 1769466800.089, 1769466800.094, 1769466800.188, 1769466800.220"
200.0,1,1769466598.852,598.2222,2931,1021,3952,6.0102,0.0735,0.0957,200.0,0.0,91.88,61.1495,459.3716,459.3716,97949.5392,1769467258.2409897,17.08,339,1986,0.977,26,2,0,10.31,15.0,0,7487,1769466800.066,-405.541,meta-llama/Llama-3.2-1B-Instruct,"1769466800.066, 1769466800.089, 1769466800.094, 1769466800.188, 1769466800.220"
200.0,1,1769466598.918,598.3047,4119,1030,5149,5.8495,0.0732,0.0871,200.0,0.0,91.88,61.0016,459.3063,459.3063,97949.5392,1769467258.2437098,17.07,339,1986,0.977,26,4,0,10.31,15.0,0,7487,1769466800.066,-405.541,meta-llama/Llama-3.2-1B-Instruct,"1769466800.066, 1769466800.089, 1769466800.094, 1769466800.188, 1769466800.220"
200.0,1,1769466599.4544,601.5933,3022,1026,4048,2.6459,0.0717,0.0901,200.0,0.0,91.89,57.256,458.8493,458.8493,98408.3886,1769467258.317176,17.06,339,1987,0.973,27,12,0,10.31,15.0,0,7487,1769466800.066,-405.541,meta-llama/Llama-3.2-1B-Instruct,"1769466800.066, 1769466800.089, 1769466800.094, 1769466800.188, 1769466800.220"
200.0,1,1769466599.8215,603.5672,3347,1030,4377,1.5073,0.0721,0.0867,200.0,0.0,91.89,54.9334,458.5006,458.5006,99783.9262,1769467258.3369,17.05,339,1990,0.936,34,3,0,10.31,15.0,0,7487,1769466800.066,-405.541,meta-llama/Llama-3.2-1B-Instruct,"1769466800.066, 1769466800.089, 1769466800.094, 1769466800.188, 1769466800.220"
200.0,1,1769466599.7215,602.0522,3121,1027,4148,3.1302,0.0721,0.0868,200.0,0.0,91.9,56.5499,458.602,458.602,99783.9262,1769467258.337231,17.04,339,1990,0.969,37,1,0,10.31,15.0,0,7487,1769466800.066,-405.541,meta-llama/Llama-3.2-1B-Instruct,"1769466800.066, 1769466800.089, 1769466800.094, 1769466800.188, 1769466800.220"
200.0,1,1769466599.8891,603.5051,2689,1026,3715,1.5064,0.0718,0.0857,200.0,0.0,91.9,54.93,458.435,458.435,99783.9262,1769467258.3409128,17.04,339,1990,0.887,34,1,0,10.31,15.0,0,7487,1769466800.066,-405.541,meta-llama/Llama-3.2-1B-Instruct,"1769466800.066, 1769466800.089, 1769466800.094, 1769466800.188, 1769466800.220"
200.0,1,1769466600.7203,607.087,2571,1029,3600,2.4343,0.0685,0.0824,200.0,0.0,91.9,51.4382,458.5253,458.5253,100242.4515,1769467259.2592654,17.03,339,1991,0.944,33,0,0,10.31,15.0,0,7487,1769466800.066,-405.541,meta-llama/Llama-3.2-1B-Instruct,"1769466800.066, 1769466800.089, 1769466800.094, 1769466800.188, 1769466800.220"
200.0,1,1769466601.1112,607.7318,2706,1027,3733,1.3255,0.0685,0.0757,200.0,0.0,91.91,50.628,458.3598,458.3598,100700.8112,1769467259.4840364,17.02,339,1992,0.972,35,4,0,10.31,15.0,0,7487,1769466800.066,-405.541,meta-llama/Llama-3.2-1B-Instruct,"1769466800.066, 1769466800.089, 1769466800.094, 1769466800.188, 1769466800.220"
200.0,1,1769466601.3232,607.9803,3343,1029,4372,6.7986,0.0634,0.0703,200.0,0.0,91.91,50.9946,458.9749,458.9749,101159.7861,1769467260.3133907,17.01,339,1993,0.988,39,0,0,10.31,15.0,0,7487,1769466800.066,-405.541,meta-llama/Llama-3.2-1B-Instruct,"1769466800.066, 1769466800.089, 1769466800.094, 1769466800.188, 1769466800.220"
