orig_slo,slo_type,insertion_time,wait_time,prompt_tok,out_tok,total_tok,ttft,tbt_p95,tbt_p99,tbt_slo,tbt_violation,tbt_success_rate_pct,ttlt,diff,violation,total_violation,finished_time,success_rate_pct,success_count,processed_count,kv,run_cnt,wait_cnt,swap_cnt,vram_used_gib,vram_total_gib,vq_id,vq_groups,head_deadline,slack,model,deadlines
1.0,0,1769592814.6083,0.058,27,32,59,2.8055,0.0413,0.4676,1.0,0.0,100.0,4.2434,1.8635,1.8635,15.8521,1769592818.9301279,0.0,0,9,0.0,0,0,0,6.29,15.0,0,1,1769593014.513,200.0,meta-llama/Llama-3.2-1B-Instruct,1769593014.513
1.0,0,1769592814.9294,0.0274,27,15,42,2.5254,0.0408,0.0408,1.0,0.0,100.0,2.9756,1.5528,1.5528,15.8521,1769592818.9371889,0.0,0,9,0.0,0,0,0,7.09,15.0,0,1,1769593014.513,200.0,meta-llama/Llama-3.2-1B-Instruct,1769593014.513
1.0,0,1769592814.9429,0.0339,27,32,59,2.5012,0.0422,0.5065,1.0,0.0,100.0,3.9042,1.5351,1.5351,15.8521,1769592818.962989,0.0,0,9,0.0,0,0,0,7.09,15.0,0,1,1769593014.513,200.0,meta-llama/Llama-3.2-1B-Instruct,1769593014.513
1.0,0,1769592814.5416,0.0866,27,32,59,2.8553,0.0662,0.4724,1.0,0.0,100.0,4.2962,1.942,1.942,15.8521,1769592818.9631932,0.0,0,9,0.0,0,0,0,6.29,15.0,0,1,1769593014.513,200.0,meta-llama/Llama-3.2-1B-Instruct,1769593014.513
1.0,0,1769592814.6237,0.0782,27,31,58,2.778,0.0415,0.5317,1.0,0.0,100.0,4.2083,1.8563,1.8563,15.8521,1769592818.9634514,0.0,0,9,0.0,0,0,0,6.29,15.0,0,1,1769593014.513,200.0,meta-llama/Llama-3.2-1B-Instruct,1769593014.513
1.0,0,1769592814.876,0.0297,27,32,59,2.5666,0.0396,0.4996,1.0,0.0,100.0,4.0034,1.5963,1.5963,17.7384,1769592818.9792156,0.0,0,10,0.0,0,0,0,7.09,15.0,0,1,1769593014.513,200.0,meta-llama/Llama-3.2-1B-Instruct,1769593014.513
1.0,0,1769592814.5909,0.0339,27,33,60,2.8525,0.0408,0.5482,1.0,0.0,100.0,4.3496,1.8863,1.8863,19.2594,1769592818.9990118,0.0,0,11,0.0,0,0,0,6.29,15.0,0,1,1769593014.513,200.0,meta-llama/Llama-3.2-1B-Instruct,1769593014.513
1.0,0,1769592814.9797,0.0376,27,32,59,2.4674,0.0481,0.4997,1.0,0.0,100.0,3.9819,1.5049,1.5049,20.7644,1769592819.0256836,0.0,0,12,0.0,0,0,0,7.09,15.0,0,1,1769593014.513,200.0,meta-llama/Llama-3.2-1B-Instruct,1769593014.513
1.0,0,1769592814.9597,0.0386,27,32,59,2.4824,0.0441,0.592,1.0,0.0,100.0,3.9989,1.5211,1.5211,20.7644,1769592819.0392697,0.0,0,12,0.0,0,0,0,7.09,15.0,0,1,1769593014.513,200.0,meta-llama/Llama-3.2-1B-Instruct,1769593014.513
1.0,0,1769592814.7434,0.0255,27,30,57,2.7167,0.0413,0.0421,1.0,0.0,100.0,3.5999,1.7421,1.7421,20.7644,1769592819.8112721,0.0,0,12,0.0,0,0,0,7.09,15.0,0,1,1769593014.513,200.0,meta-llama/Llama-3.2-1B-Instruct,1769593014.513
1.0,0,1769592814.5297,0.0971,27,31,58,2.8468,0.0535,0.4938,1.0,0.0,100.0,4.2455,1.9438,1.9438,20.7644,1769592820.3920717,0.0,0,12,0.0,0,0,0,6.29,15.0,0,152,1769592816.013,-3.868,meta-llama/Llama-3.2-1B-Instruct,"1769592816.013, 1769592816.098, 1769592816.162, 1769592816.288, 1769592816.300"
1.0,0,1769592814.6617,0.0634,27,32,59,2.7568,0.0452,0.4982,1.0,0.0,100.0,4.1405,1.8202,1.8202,20.7644,1769592821.0406463,0.0,0,12,0.0,0,0,0,6.29,15.0,0,152,1769592816.013,-3.868,meta-llama/Llama-3.2-1B-Instruct,"1769592816.013, 1769592816.098, 1769592816.162, 1769592816.288, 1769592816.300"
1.0,0,1769592815.288,6.0411,27,17,44,0.08,0.1489,0.1489,1.0,0.0,100.0,0.8227,5.1211,5.1211,25.8855,1769592822.1526647,0.0,0,13,0.262,12,0,0,8.64,15.0,0,152,1769592816.013,-3.868,meta-llama/Llama-3.2-1B-Instruct,"1769592816.013, 1769592816.098, 1769592816.162, 1769592816.288, 1769592816.300"
1.0,0,1769592815.0129,6.1648,27,29,56,0.0754,0.1203,0.1461,1.0,0.0,100.0,1.3157,5.2402,5.2402,31.1257,1769592822.4942422,0.0,0,14,0.261,8,0,0,8.64,15.0,0,152,1769592816.013,-3.868,meta-llama/Llama-3.2-1B-Instruct,"1769592816.013, 1769592816.098, 1769592816.162, 1769592816.288, 1769592816.300"
1.0,0,1769592814.996,6.0392,27,32,59,0.1518,0.1239,0.161,1.0,0.0,100.0,1.4881,5.191,5.191,36.3167,1769592822.5241737,0.0,0,15,0.258,8,0,0,8.58,15.0,0,152,1769592816.013,-3.868,meta-llama/Llama-3.2-1B-Instruct,"1769592816.013, 1769592816.098, 1769592816.162, 1769592816.288, 1769592816.300"
1.0,0,1769592815.0985,6.1364,27,32,59,0.0989,0.1277,0.1497,1.0,0.0,100.0,1.3392,5.2353,5.2353,46.7252,1769592822.5774608,0.0,0,17,0.261,9,0,0,8.64,15.0,0,152,1769592816.013,-3.868,meta-llama/Llama-3.2-1B-Instruct,"1769592816.013, 1769592816.098, 1769592816.162, 1769592816.288, 1769592816.300"
1.0,0,1769592815.1619,6.1167,27,32,59,0.0565,0.1234,0.1551,1.0,0.0,100.0,1.2961,5.1732,5.1732,46.7252,1769592822.5778224,0.0,0,17,0.262,10,0,0,8.64,15.0,0,152,1769592816.013,-3.868,meta-llama/Llama-3.2-1B-Instruct,"1769592816.013, 1769592816.098, 1769592816.162, 1769592816.288, 1769592816.300"
1.0,0,1769592815.3003,6.0586,27,32,59,0.0873,0.0671,0.1494,1.0,0.0,100.0,1.2464,5.1459,5.1459,51.8711,1769592822.6125956,0.0,0,18,0.262,12,0,0,8.64,15.0,0,152,1769592816.013,-3.868,meta-llama/Llama-3.2-1B-Instruct,"1769592816.013, 1769592816.098, 1769592816.162, 1769592816.288, 1769592816.300"
1.0,0,1769592815.414,6.0656,27,32,59,0.1024,0.0671,0.0788,1.0,0.0,100.0,1.1395,5.168,5.168,72.4722,1769592822.6247952,0.0,0,22,0.263,15,0,0,8.64,15.0,0,152,1769592816.013,-3.868,meta-llama/Llama-3.2-1B-Instruct,"1769592816.013, 1769592816.098, 1769592816.162, 1769592816.288, 1769592816.300"
1.0,0,1769592815.4772,6.045,27,32,59,0.0583,0.0669,0.0736,1.0,0.0,100.0,1.1,5.1033,5.1033,72.4722,1769592822.6249743,0.0,0,22,0.264,16,1,0,8.64,15.0,0,152,1769592816.013,-3.868,meta-llama/Llama-3.2-1B-Instruct,"1769592816.013, 1769592816.098, 1769592816.162, 1769592816.288, 1769592816.300"
1.0,0,1769592815.3112,6.0834,27,32,59,0.0536,0.0668,0.1511,1.0,0.0,100.0,1.2184,5.137,5.137,72.4722,1769592822.625847,0.0,0,22,0.263,13,1,0,8.64,15.0,0,152,1769592816.013,-3.868,meta-llama/Llama-3.2-1B-Instruct,"1769592816.013, 1769592816.098, 1769592816.162, 1769592816.288, 1769592816.300"
1.0,0,1769592815.3507,6.092,27,32,59,0.1008,0.0703,0.1158,1.0,0.0,100.0,1.1819,5.1928,5.1928,72.4722,1769592822.6260762,0.0,0,22,0.263,14,1,0,8.64,15.0,0,152,1769592816.013,-3.868,meta-llama/Llama-3.2-1B-Instruct,"1769592816.013, 1769592816.098, 1769592816.162, 1769592816.288, 1769592816.300"
1.0,0,1769592815.5239,6.0851,27,32,59,0.071,0.046,0.0634,1.0,0.0,100.0,1.0314,5.1562,5.1562,82.7896,1769592822.6431003,0.0,0,24,0.264,18,0,0,8.64,15.0,0,152,1769592816.013,-3.868,meta-llama/Llama-3.2-1B-Instruct,"1769592816.013, 1769592816.098, 1769592816.162, 1769592816.288, 1769592816.300"
1.0,0,1769592815.512,6.0632,27,32,59,0.0981,0.047,0.0593,1.0,0.0,100.0,1.0677,5.1613,5.1613,82.7896,1769592822.6436815,0.0,0,24,0.264,17,1,0,8.64,15.0,0,152,1769592816.013,-3.868,meta-llama/Llama-3.2-1B-Instruct,"1769592816.013, 1769592816.098, 1769592816.162, 1769592816.288, 1769592816.300"
1.0,0,1769592815.5574,7.1887,27,0,27,,,,1.0,,,0.0742,6.2629,6.2629,89.0525,1769592822.8300688,0.0,0,25,0.265,10,0,0,8.64,15.0,0,152,1769592816.013,-3.868,meta-llama/Llama-3.2-1B-Instruct,"1769592816.013, 1769592816.098, 1769592816.162, 1769592816.288, 1769592816.300"
1.0,0,1769592815.5349,6.7507,27,32,59,0.0742,0.1226,0.1927,1.0,0.0,100.0,1.2388,5.8249,5.8249,94.8774,1769592823.525719,0.0,0,26,0.269,19,0,0,8.64,15.0,0,152,1769592816.013,-3.868,meta-llama/Llama-3.2-1B-Instruct,"1769592816.013, 1769592816.098, 1769592816.162, 1769592816.288, 1769592816.300"
1.0,0,1769592815.8691,7.7375,27,8,35,0.0653,0.039,0.039,1.0,0.0,100.0,0.3242,6.8027,6.8027,101.6801,1769592823.9325235,0.0,0,27,0.271,19,0,0,8.64,15.0,0,152,1769592816.013,-3.868,meta-llama/Llama-3.2-1B-Instruct,"1769592816.013, 1769592816.098, 1769592816.162, 1769592816.288, 1769592816.300"
1.0,0,1769592815.5466,7.1429,27,32,59,0.0689,0.1173,0.1889,1.0,0.0,100.0,1.2899,6.2118,6.2118,107.8919,1769592823.9866095,0.0,0,28,0.264,9,0,0,8.64,15.0,0,152,1769592816.013,-3.868,meta-llama/Llama-3.2-1B-Instruct,"1769592816.013, 1769592816.098, 1769592816.162, 1769592816.288, 1769592816.300"
1.0,0,1769592815.618,7.1902,27,32,59,0.0797,0.1054,0.1963,1.0,0.0,100.0,1.2723,6.2698,6.2698,114.1618,1769592824.087515,0.0,0,29,0.265,11,0,0,8.64,15.0,0,152,1769592816.013,-3.868,meta-llama/Llama-3.2-1B-Instruct,"1769592816.013, 1769592816.098, 1769592816.162, 1769592816.288, 1769592816.300"
1.0,0,1769592815.927,8.2451,27,0,27,,,,1.0,,,0.1081,7.3532,7.3532,121.515,1769592824.2809489,0.0,0,30,0.272,17,0,0,8.64,15.0,0,152,1769592816.013,-3.868,meta-llama/Llama-3.2-1B-Instruct,"1769592816.013, 1769592816.098, 1769592816.162, 1769592816.288, 1769592816.300"
1.0,0,1769592815.6294,7.3181,27,32,59,0.1175,0.0719,0.1983,1.0,0.0,100.0,1.3838,6.4356,6.4356,140.7882,1769592824.3342927,0.0,0,33,0.265,11,0,0,8.64,15.0,0,152,1769592816.013,-3.868,meta-llama/Llama-3.2-1B-Instruct,"1769592816.013, 1769592816.098, 1769592816.162, 1769592816.288, 1769592816.300"
1.0,0,1769592815.653,7.3453,27,32,59,0.067,0.0697,0.1949,1.0,0.0,100.0,1.3335,6.4123,6.4123,140.7882,1769592824.3345022,0.0,0,33,0.266,11,0,0,8.64,15.0,0,152,1769592816.013,-3.868,meta-llama/Llama-3.2-1B-Instruct,"1769592816.013, 1769592816.098, 1769592816.162, 1769592816.288, 1769592816.300"
1.0,0,1769592815.6411,7.3165,27,32,59,0.1087,0.0707,0.2029,1.0,0.0,100.0,1.3753,6.4253,6.4253,140.7882,1769592824.3347242,0.0,0,33,0.266,11,0,0,8.64,15.0,0,152,1769592816.013,-3.868,meta-llama/Llama-3.2-1B-Instruct,"1769592816.013, 1769592816.098, 1769592816.162, 1769592816.288, 1769592816.300"
1.0,0,1769592815.7107,7.4171,27,32,59,0.0979,0.0738,0.1066,1.0,0.0,100.0,1.2257,6.515,6.515,173.3114,1769592824.3584495,0.0,0,38,0.267,15,1,0,8.64,15.0,0,152,1769592816.013,-3.868,meta-llama/Llama-3.2-1B-Instruct,"1769592816.013, 1769592816.098, 1769592816.162, 1769592816.288, 1769592816.300"
1.0,0,1769592815.6756,7.4204,27,32,59,0.0964,0.0627,0.1368,1.0,0.0,100.0,1.2524,6.5167,6.5167,179.8065,1769592824.359141,0.0,0,39,0.267,14,0,0,8.64,15.0,0,152,1769592816.013,-3.868,meta-llama/Llama-3.2-1B-Instruct,"1769592816.013, 1769592816.098, 1769592816.162, 1769592816.288, 1769592816.300"
1.0,0,1769592815.79,7.4186,27,32,59,0.092,0.0653,0.0666,1.0,0.0,100.0,1.1453,6.5106,6.5106,179.8065,1769592824.3595214,0.0,0,39,0.268,17,1,0,8.64,15.0,0,152,1769592816.013,-3.868,meta-llama/Llama-3.2-1B-Instruct,"1769592816.013, 1769592816.098, 1769592816.162, 1769592816.288, 1769592816.300"
1.0,0,1769592815.7502,7.4202,27,31,58,0.0886,0.0725,0.0744,1.0,0.0,100.0,1.1865,6.5088,6.5088,179.8065,1769592824.3603706,0.0,0,39,0.268,16,1,0,8.64,15.0,0,152,1769592816.013,-3.868,meta-llama/Llama-3.2-1B-Instruct,"1769592816.013, 1769592816.098, 1769592816.162, 1769592816.288, 1769592816.300"
1.0,0,1769592815.8295,7.4056,27,32,59,0.0665,0.0602,0.0839,1.0,0.0,100.0,1.1223,6.4721,6.4721,179.8065,1769592824.360761,0.0,0,39,0.268,18,1,0,8.64,15.0,0,152,1769592816.013,-3.868,meta-llama/Llama-3.2-1B-Instruct,"1769592816.013, 1769592816.098, 1769592816.162, 1769592816.288, 1769592816.300"
1.0,0,1769592815.6638,7.3946,27,32,59,0.1006,0.0696,0.1838,1.0,0.0,100.0,1.3005,6.4952,6.4952,179.8065,1769592824.3611324,0.0,0,39,0.267,13,1,0,8.64,15.0,0,152,1769592816.013,-3.868,meta-llama/Llama-3.2-1B-Instruct,"1769592816.013, 1769592816.098, 1769592816.162, 1769592816.288, 1769592816.300"
1.0,0,1769592816.2867,8.4438,27,1,28,0.0856,,,1.0,,,0.1797,7.5294,7.5294,187.336,1769592824.914469,0.0,0,40,0.27,14,1,0,8.64,15.0,0,152,1769592816.013,-3.868,meta-llama/Llama-3.2-1B-Instruct,"1769592816.013, 1769592816.098, 1769592816.162, 1769592816.288, 1769592816.300"
1.0,0,1769592815.9393,8.2253,27,27,54,0.1132,0.0796,0.1614,1.0,0.0,100.0,1.2011,7.3385,7.3385,194.6745,1769592825.3694525,0.0,0,41,0.272,17,0,0,8.64,15.0,0,181,1769592817.394,-7.552,meta-llama/Llama-3.2-1B-Instruct,"1769592817.394, 1769592817.406, 1769592817.468, 1769592817.483, 1769592817.495"
1.0,0,1769592815.9782,8.2445,27,32,59,0.0644,0.0793,0.1586,1.0,0.0,100.0,1.2693,7.3089,7.3089,201.9833,1769592825.4938078,0.0,0,42,0.272,17,0,0,8.64,15.0,0,181,1769592817.394,-7.552,meta-llama/Llama-3.2-1B-Instruct,"1769592817.394, 1769592817.406, 1769592817.468, 1769592817.483, 1769592817.495"
1.0,0,1769592816.1261,8.2802,27,32,59,0.0737,0.087,0.1672,1.0,0.0,100.0,1.2981,7.3538,7.3538,209.3372,1769592825.7062733,0.0,0,43,0.268,10,0,0,8.64,15.0,0,181,1769592817.394,-7.552,meta-llama/Llama-3.2-1B-Instruct,"1769592817.394, 1769592817.406, 1769592817.468, 1769592817.483, 1769592817.495"
1.0,0,1769592816.1603,8.3148,27,32,59,0.0551,0.0731,0.1719,1.0,0.0,100.0,1.2724,7.3699,7.3699,216.7071,1769592825.7495947,0.0,0,44,0.268,10,1,0,8.64,15.0,0,181,1769592817.394,-7.552,meta-llama/Llama-3.2-1B-Instruct,"1769592817.394, 1769592817.406, 1769592817.468, 1769592817.483, 1769592817.495"
1.0,0,1769592816.3367,8.4731,27,26,53,0.1026,0.0562,0.0754,1.0,0.0,100.0,0.9729,7.5757,7.5757,224.2828,1769592825.7861464,0.0,0,45,0.271,16,1,0,8.64,15.0,0,181,1769592817.394,-7.552,meta-llama/Llama-3.2-1B-Instruct,"1769592817.394, 1769592817.406, 1769592817.468, 1769592817.483, 1769592817.495"
1.0,0,1769592816.1999,8.3543,27,32,59,0.0852,0.0782,0.1617,1.0,0.0,100.0,1.2457,7.4395,7.4395,231.7223,1769592825.8010478,0.0,0,46,0.269,12,0,0,8.64,15.0,0,181,1769592817.394,-7.552,meta-llama/Llama-3.2-1B-Instruct,"1769592817.394, 1769592817.406, 1769592817.468, 1769592817.483, 1769592817.495"
1.0,0,1769592816.2499,8.4251,27,32,59,0.1037,0.0884,0.1222,1.0,0.0,100.0,1.1803,7.5288,7.5288,254.2551,1769592825.8651626,0.0,0,49,0.27,13,1,0,8.64,15.0,0,181,1769592817.394,-7.552,meta-llama/Llama-3.2-1B-Instruct,"1769592817.394, 1769592817.406, 1769592817.468, 1769592817.483, 1769592817.495"
1.0,0,1769592816.2975,8.4656,27,32,59,0.0551,0.0857,0.0933,1.0,0.0,100.0,1.0968,7.5207,7.5207,254.2551,1769592825.869083,0.0,0,49,0.271,15,1,0,8.64,15.0,0,181,1769592817.394,-7.552,meta-llama/Llama-3.2-1B-Instruct,"1769592817.394, 1769592817.406, 1769592817.468, 1769592817.483, 1769592817.495"
1.0,0,1769592816.2117,8.4131,27,32,59,0.0703,0.0824,0.1501,1.0,0.0,100.0,1.2362,7.4833,7.4833,254.2551,1769592825.8726237,0.0,0,49,0.27,13,0,0,8.64,15.0,0,181,1769592817.394,-7.552,meta-llama/Llama-3.2-1B-Instruct,"1769592817.394, 1769592817.406, 1769592817.468, 1769592817.483, 1769592817.495"
1.0,0,1769592816.3713,8.4675,27,32,59,0.1057,0.0475,0.0562,1.0,0.0,100.0,1.0638,7.5732,7.5732,269.4032,1769592825.9110022,0.0,0,51,0.271,17,0,0,8.64,15.0,0,181,1769592817.394,-7.552,meta-llama/Llama-3.2-1B-Instruct,"1769592817.394, 1769592817.406, 1769592817.468, 1769592817.483, 1769592817.495"
1.0,0,1769592816.3825,8.5107,27,32,59,0.0641,0.0467,0.0469,1.0,0.0,100.0,1.0174,7.5748,7.5748,269.4032,1769592825.9116733,0.0,0,51,0.271,17,1,0,8.64,15.0,0,181,1769592817.394,-7.552,meta-llama/Llama-3.2-1B-Instruct,"1769592817.394, 1769592817.406, 1769592817.468, 1769592817.483, 1769592817.495"
1.0,0,1769592816.3939,8.6204,27,32,59,0.0705,0.0553,0.0603,1.0,0.0,100.0,1.0511,7.6909,7.6909,277.0941,1769592826.067843,0.0,0,52,0.272,19,0,0,8.64,15.0,0,181,1769592817.394,-7.552,meta-llama/Llama-3.2-1B-Instruct,"1769592817.394, 1769592817.406, 1769592817.468, 1769592817.483, 1769592817.495"
1.0,0,1769592816.5565,9.591,27,0,27,,,,1.0,,,0.0603,8.6512,8.6512,285.7453,1769592826.2115765,0.0,0,53,0.272,13,0,0,8.64,15.0,0,181,1769592817.394,-7.552,meta-llama/Llama-3.2-1B-Instruct,"1769592817.394, 1769592817.406, 1769592817.468, 1769592817.483, 1769592817.495"
1.0,0,1769592816.4058,9.4376,27,32,59,0.0638,0.1005,0.1027,1.0,0.0,100.0,1.3333,8.5014,8.5014,294.2467,1769592827.1837053,0.0,0,54,0.273,13,0,0,8.64,15.0,0,181,1769592817.394,-7.552,meta-llama/Llama-3.2-1B-Instruct,"1769592817.394, 1769592817.406, 1769592817.468, 1769592817.483, 1769592817.495"
1.0,0,1769592816.4681,9.425,27,32,59,0.065,0.0997,0.1003,1.0,0.0,100.0,1.3211,8.49,8.49,302.7367,1769592827.2163892,0.0,0,55,0.272,11,0,0,8.64,15.0,0,181,1769592817.394,-7.552,meta-llama/Llama-3.2-1B-Instruct,"1769592817.394, 1769592817.406, 1769592817.468, 1769592817.483, 1769592817.495"
1.0,0,1769592816.4834,9.4619,27,31,58,0.0684,0.0964,0.1071,1.0,0.0,100.0,1.2984,8.5303,8.5303,311.267,1769592827.2446349,0.0,0,56,0.271,10,0,0,8.64,15.0,0,181,1769592817.394,-7.552,meta-llama/Llama-3.2-1B-Instruct,"1769592817.394, 1769592817.406, 1769592817.468, 1769592817.483, 1769592817.495"
1.0,0,1769592816.4951,9.5101,27,32,59,0.086,0.096,0.1013,1.0,0.0,100.0,1.2607,8.5961,8.5961,328.4636,1769592827.271376,0.0,0,58,0.272,11,0,0,8.64,15.0,0,181,1769592817.394,-7.552,meta-llama/Llama-3.2-1B-Instruct,"1769592817.394, 1769592817.406, 1769592817.468, 1769592817.483, 1769592817.495"
1.0,0,1769592816.5069,9.5365,27,32,59,0.064,0.0921,0.0993,1.0,0.0,100.0,1.225,8.6005,8.6005,328.4636,1769592827.2716322,0.0,0,58,0.272,12,0,0,8.64,15.0,0,181,1769592817.394,-7.552,meta-llama/Llama-3.2-1B-Instruct,"1769592817.394, 1769592817.406, 1769592817.468, 1769592817.483, 1769592817.495"
1.0,0,1769592816.5181,9.5837,27,31,58,0.0592,0.0879,0.1003,1.0,0.0,100.0,1.1943,8.6429,8.6429,337.1065,1769592827.301109,0.0,0,59,0.272,13,0,0,8.64,15.0,0,181,1769592817.394,-7.552,meta-llama/Llama-3.2-1B-Instruct,"1769592817.394, 1769592817.406, 1769592817.468, 1769592817.483, 1769592817.495"
1.0,0,1769592816.6734,9.5525,27,32,59,0.1006,0.0725,0.095,1.0,0.0,100.0,1.2324,8.6531,8.6531,362.9518,1769592827.467179,0.0,0,62,0.273,14,0,0,8.64,15.0,0,181,1769592817.394,-7.552,meta-llama/Llama-3.2-1B-Instruct,"1769592817.394, 1769592817.406, 1769592817.468, 1769592817.483, 1769592817.495"
1.0,0,1769592816.7413,9.5297,27,32,59,0.0617,0.064,0.0898,1.0,0.0,100.0,1.1773,8.5915,8.5915,362.9518,1769592827.468132,0.0,0,62,0.274,14,1,0,8.64,15.0,0,181,1769592817.394,-7.552,meta-llama/Llama-3.2-1B-Instruct,"1769592817.394, 1769592817.406, 1769592817.468, 1769592817.483, 1769592817.495"
1.0,0,1769592816.8234,9.5281,27,32,59,0.0726,0.0609,0.0637,1.0,0.0,100.0,1.1105,8.6006,8.6006,371.5633,1769592827.4709015,0.0,0,63,0.274,16,0,0,8.64,15.0,0,181,1769592817.394,-7.552,meta-llama/Llama-3.2-1B-Instruct,"1769592817.394, 1769592817.406, 1769592817.468, 1769592817.483, 1769592817.495"
1.0,0,1769592816.8111,9.5073,27,32,59,0.1043,0.0611,0.0616,1.0,0.0,100.0,1.1523,8.6116,8.6116,371.5633,1769592827.4718153,0.0,0,63,0.274,15,1,0,8.64,15.0,0,181,1769592817.394,-7.552,meta-llama/Llama-3.2-1B-Instruct,"1769592817.394, 1769592817.406, 1769592817.468, 1769592817.483, 1769592817.495"
1.0,0,1769592816.8342,9.5555,27,32,59,0.0989,0.0595,0.0602,1.0,0.0,100.0,1.1196,8.6544,8.6544,380.2178,1769592827.5124683,0.0,0,64,0.275,17,1,0,8.64,15.0,0,181,1769592817.394,-7.552,meta-llama/Llama-3.2-1B-Instruct,"1769592817.394, 1769592817.406, 1769592817.468, 1769592817.483, 1769592817.495"
1.0,0,1769592816.8457,9.6765,27,32,59,0.0608,0.0471,0.0483,1.0,0.0,100.0,1.0335,8.7373,8.7373,388.9551,1769592827.5578504,0.0,0,65,0.275,18,0,0,8.64,15.0,0,181,1769592817.394,-7.552,meta-llama/Llama-3.2-1B-Instruct,"1769592817.394, 1769592817.406, 1769592817.468, 1769592817.483, 1769592817.495"
1.0,0,1769592817.1846,10.5771,27,5,32,0.1077,0.0967,0.0967,1.0,0.0,100.0,0.3701,9.6848,9.6848,398.6399,1769592828.1466055,0.0,0,66,0.276,13,0,0,8.64,15.0,0,181,1769592817.394,-7.552,meta-llama/Llama-3.2-1B-Instruct,"1769592817.394, 1769592817.406, 1769592817.468, 1769592817.483, 1769592817.495"
1.0,0,1769592816.8569,10.455,27,32,59,0.0628,0.0642,0.087,1.0,0.0,100.0,1.2151,9.5178,9.5178,408.1577,1769592828.5301123,0.0,0,67,0.277,14,0,0,8.64,15.0,0,181,1769592817.394,-7.552,meta-llama/Llama-3.2-1B-Instruct,"1769592817.394, 1769592817.406, 1769592817.468, 1769592817.483, 1769592817.495"
1.0,0,1769592816.975,10.3886,27,32,59,0.0552,0.0642,0.0869,1.0,0.0,100.0,1.1907,9.4439,9.4439,417.6016,1769592828.5551941,0.0,0,68,0.277,15,0,0,8.64,15.0,0,181,1769592817.394,-7.552,meta-llama/Llama-3.2-1B-Instruct,"1769592817.394, 1769592817.406, 1769592817.468, 1769592817.483, 1769592817.495"
1.0,0,1769592817.0139,10.4233,27,32,59,0.0709,0.0624,0.0995,1.0,0.0,100.0,1.2144,9.4942,9.4942,427.0958,1769592828.6622589,0.0,0,69,0.278,16,0,0,8.64,15.0,0,181,1769592817.394,-7.552,meta-llama/Llama-3.2-1B-Instruct,"1769592817.394, 1769592817.406, 1769592817.468, 1769592817.483, 1769592817.495"
1.0,0,1769592817.0974,10.4405,27,32,59,0.068,0.1013,0.1067,1.0,0.0,100.0,1.301,9.5085,9.5085,436.6043,1769592828.8404,0.0,0,70,0.275,12,0,0,8.64,15.0,0,181,1769592817.394,-7.552,meta-llama/Llama-3.2-1B-Instruct,"1769592817.394, 1769592817.406, 1769592817.468, 1769592817.483, 1769592817.495"
1.0,0,1769592817.1092,10.4825,27,32,59,0.0651,0.1,0.1069,1.0,0.0,100.0,1.2867,9.5476,9.5476,446.1519,1769592828.8805447,0.0,0,71,0.275,11,0,0,8.64,15.0,0,181,1769592817.394,-7.552,meta-llama/Llama-3.2-1B-Instruct,"1769592817.394, 1769592817.406, 1769592817.468, 1769592817.483, 1769592817.495"
1.0,0,1769592817.2339,10.7353,27,24,51,0.0647,0.0698,0.0976,1.0,0.0,100.0,1.0169,9.8,9.8,455.9519,1769592828.9945767,0.0,0,72,0.278,17,0,0,8.64,15.0,0,181,1769592817.394,-7.552,meta-llama/Llama-3.2-1B-Instruct,"1769592817.394, 1769592817.406, 1769592817.468, 1769592817.483, 1769592817.495"
1.0,0,1769592817.1964,10.6061,27,32,59,0.0658,0.0905,0.1402,1.0,0.0,100.0,1.3915,9.6719,9.6719,475.3479,1769592829.1997118,0.0,0,74,0.277,13,0,0,8.64,15.0,0,181,1769592817.394,-7.552,meta-llama/Llama-3.2-1B-Instruct,"1769592817.394, 1769592817.406, 1769592817.468, 1769592817.483, 1769592817.495"
1.0,0,1769592817.1464,10.6033,27,32,59,0.1209,0.0926,0.1051,1.0,0.0,100.0,1.4497,9.7242,9.7242,475.3479,1769592829.2003777,0.0,0,74,0.275,12,0,0,8.64,15.0,0,181,1769592817.394,-7.552,meta-llama/Llama-3.2-1B-Instruct,"1769592817.394, 1769592817.406, 1769592817.468, 1769592817.483, 1769592817.495"
1.0,0,1769592817.2102,10.6523,27,31,58,0.0865,0.0954,0.0974,1.0,0.0,100.0,1.3912,9.7388,9.7388,485.0867,1769592829.2563198,0.0,0,75,0.278,16,0,0,8.64,15.0,0,181,1769592817.394,-7.552,meta-llama/Llama-3.2-1B-Instruct,"1769592817.394, 1769592817.406, 1769592817.468, 1769592817.483, 1769592817.495"
1.0,0,1769592817.222,10.6939,27,32,59,0.1066,0.084,0.0995,1.0,0.0,100.0,1.3679,9.8004,9.8004,494.8872,1769592829.286206,0.0,0,76,0.278,16,1,0,8.64,15.0,0,181,1769592817.394,-7.552,meta-llama/Llama-3.2-1B-Instruct,"1769592817.394, 1769592817.406, 1769592817.468, 1769592817.483, 1769592817.495"
1.0,0,1769592817.3787,10.6325,27,32,59,0.0946,0.0675,0.1027,1.0,0.0,100.0,1.3026,9.7271,9.7271,504.6142,1769592829.31728,0.0,0,77,0.278,18,1,0,8.64,15.0,0,181,1769592817.394,-7.552,meta-llama/Llama-3.2-1B-Instruct,"1769592817.394, 1769592817.406, 1769592817.468, 1769592817.483, 1769592817.495"
1.0,0,1769592817.3897,10.8656,27,32,59,0.0736,0.0837,0.0978,1.0,0.0,100.0,1.295,9.9392,9.9392,514.5535,1769592829.5529168,0.0,0,78,0.281,19,0,0,8.64,15.0,0,181,1769592817.394,-7.552,meta-llama/Llama-3.2-1B-Instruct,"1769592817.394, 1769592817.406, 1769592817.468, 1769592817.483, 1769592817.495"
1.0,0,1769592817.7022,11.2221,27,16,43,0.0652,0.116,0.116,1.0,0.0,100.0,0.8055,10.2873,10.2873,524.8408,1769592829.7329903,0.0,0,79,0.281,18,0,0,8.64,15.0,0,181,1769592817.394,-7.552,meta-llama/Llama-3.2-1B-Instruct,"1769592817.394, 1769592817.406, 1769592817.468, 1769592817.483, 1769592817.495"
1.0,0,1769592817.493,11.1469,27,32,59,0.1206,0.0769,0.1139,1.0,0.0,100.0,1.4291,10.2675,10.2675,545.2068,1769592830.077485,0.0,0,81,0.281,17,0,0,8.64,15.0,0,222,1769592822.212,-7.734,meta-llama/Llama-3.2-1B-Instruct,"1769592822.212, 1769592822.305, 1769592822.336, 1769592822.418, 1769592822.552"
1.0,0,1769592817.663,11.0434,27,32,59,0.055,0.0756,0.1103,1.0,0.0,100.0,1.37,10.0985,10.0985,545.2068,1769592830.0783625,0.0,0,81,0.281,17,1,0,8.64,15.0,0,222,1769592822.212,-7.734,meta-llama/Llama-3.2-1B-Instruct,"1769592822.212, 1769592822.305, 1769592822.336, 1769592822.418, 1769592822.552"
1.0,0,1769592817.6766,11.079,27,32,59,0.0798,0.07,0.104,1.0,0.0,100.0,1.3466,10.1588,10.1588,555.3656,1769592830.1030571,0.0,0,82,0.281,18,1,0,8.64,15.0,0,222,1769592822.212,-7.734,meta-llama/Llama-3.2-1B-Instruct,"1769592822.212, 1769592822.305, 1769592822.336, 1769592822.418, 1769592822.552"
1.0,0,1769592817.7326,11.2458,27,32,59,0.0974,0.0618,0.1159,1.0,0.0,100.0,1.3091,10.3432,10.3432,565.7087,1769592830.2906978,0.0,0,83,0.282,18,0,0,8.64,15.0,0,222,1769592822.212,-7.734,meta-llama/Llama-3.2-1B-Instruct,"1769592822.212, 1769592822.305, 1769592822.336, 1769592822.418, 1769592822.552"
1.0,0,1769592817.7581,11.296,27,32,59,0.0711,0.0736,0.1056,1.0,0.0,100.0,1.3048,10.3671,10.3671,576.0758,1769592830.359922,0.0,0,84,0.282,19,0,0,8.64,15.0,0,222,1769592822.212,-7.734,meta-llama/Llama-3.2-1B-Instruct,"1769592822.212, 1769592822.305, 1769592822.336, 1769592822.418, 1769592822.552"
1.0,0,1769592817.9386,11.3587,27,32,59,0.0813,0.0881,0.1183,1.0,0.0,100.0,1.4153,10.44,10.44,586.5158,1769592830.7185485,0.0,0,85,0.281,16,0,0,8.64,15.0,0,222,1769592822.212,-7.734,meta-llama/Llama-3.2-1B-Instruct,"1769592822.212, 1769592822.305, 1769592822.336, 1769592822.418, 1769592822.552"
1.0,0,1769592818.0807,11.2896,27,32,59,0.0977,0.0956,0.1026,1.0,0.0,100.0,1.4048,10.3873,10.3873,596.9031,1769592830.782502,0.0,0,86,0.28,15,1,0,8.64,15.0,0,222,1769592822.212,-7.734,meta-llama/Llama-3.2-1B-Instruct,"1769592822.212, 1769592822.305, 1769592822.336, 1769592822.418, 1769592822.552"
1.0,0,1769592818.2114,11.2711,27,32,59,0.1061,0.0766,0.1018,1.0,0.0,100.0,1.3503,10.3772,10.3772,627.9551,1769592830.837529,0.0,0,89,0.281,17,0,0,8.64,15.0,0,222,1769592822.212,-7.734,meta-llama/Llama-3.2-1B-Instruct,"1769592822.212, 1769592822.305, 1769592822.336, 1769592822.418, 1769592822.552"
1.0,0,1769592818.3621,11.3241,27,32,59,0.0947,0.0721,0.0942,1.0,0.0,100.0,1.2373,10.4188,10.4188,638.3739,1769592830.9267144,0.0,0,90,0.283,19,0,0,8.64,15.0,0,222,1769592822.212,-7.734,meta-llama/Llama-3.2-1B-Instruct,"1769592822.212, 1769592822.305, 1769592822.336, 1769592822.418, 1769592822.552"
1.0,0,1769592819.8805,9.9481,27,32,59,0.0751,0.0978,0.1037,1.0,0.0,100.0,1.3315,9.0232,9.0232,647.3971,1769592831.1645625,0.0,0,91,0.283,19,0,0,8.64,15.0,0,222,1769592822.212,-7.734,meta-llama/Llama-3.2-1B-Instruct,"1769592822.212, 1769592822.305, 1769592822.336, 1769592822.418, 1769592822.552"
1.0,0,1769592821.2124,8.9995,27,32,59,0.069,0.1003,0.1077,1.0,0.0,100.0,1.3629,8.0686,8.0686,655.4656,1769592831.5800035,0.0,0,92,0.283,17,0,0,8.64,15.0,0,222,1769592822.212,-7.734,meta-llama/Llama-3.2-1B-Instruct,"1769592822.212, 1769592822.305, 1769592822.336, 1769592822.418, 1769592822.552"
1.0,0,1769592821.3363,8.9739,27,32,59,0.0734,0.0914,0.1053,1.0,0.0,100.0,1.3072,8.0473,8.0473,671.5782,1769592831.6214004,0.0,0,94,0.283,17,1,0,8.64,15.0,0,222,1769592822.212,-7.734,meta-llama/Llama-3.2-1B-Instruct,"1769592822.212, 1769592822.305, 1769592822.336, 1769592822.418, 1769592822.552"
1.0,0,1769592821.3049,8.9607,27,32,59,0.1046,0.0942,0.0983,1.0,0.0,100.0,1.3556,8.0653,8.0653,671.5782,1769592831.6240485,0.0,0,94,0.283,17,0,0,8.64,15.0,0,222,1769592822.212,-7.734,meta-llama/Llama-3.2-1B-Instruct,"1769592822.212, 1769592822.305, 1769592822.336, 1769592822.418, 1769592822.552"
1.0,0,1769592821.4178,8.9747,27,32,59,0.0594,0.0981,0.1003,1.0,0.0,100.0,1.2519,8.0341,8.0341,679.6123,1769592831.6509335,0.0,0,95,0.283,18,0,0,8.64,15.0,0,222,1769592822.212,-7.734,meta-llama/Llama-3.2-1B-Instruct,"1769592822.212, 1769592822.305, 1769592822.336, 1769592822.418, 1769592822.552"
1.0,0,1769592821.5518,8.8842,27,32,59,0.0836,0.0863,0.1031,1.0,0.0,100.0,1.2375,7.9678,7.9678,687.5801,1769592831.6743944,0.0,0,96,0.283,18,0,0,8.64,15.0,0,222,1769592822.212,-7.734,meta-llama/Llama-3.2-1B-Instruct,"1769592822.212, 1769592822.305, 1769592822.336, 1769592822.418, 1769592822.552"
1.0,0,1769592821.681,9.2685,27,32,59,0.0543,0.1027,0.1065,1.0,0.0,100.0,1.2787,8.3228,8.3228,704.2708,1769592832.2319994,0.0,0,98,0.283,14,1,0,8.64,15.0,0,222,1769592822.212,-7.734,meta-llama/Llama-3.2-1B-Instruct,"1769592822.212, 1769592822.305, 1769592822.336, 1769592822.418, 1769592822.552"
1.0,0,1769592821.6351,9.2544,27,32,59,0.1135,0.0997,0.1059,1.0,0.0,100.0,1.3423,8.3679,8.3679,704.2708,1769592832.236757,0.0,0,98,0.283,15,0,0,8.64,15.0,0,222,1769592822.212,-7.734,meta-llama/Llama-3.2-1B-Instruct,"1769592822.212, 1769592822.305, 1769592822.336, 1769592822.418, 1769592822.552"
1.0,0,1769592821.8574,9.181,27,32,59,0.052,0.0993,0.1129,1.0,0.0,100.0,1.2241,8.233,8.233,720.8893,1769592832.264865,0.0,0,100,0.284,16,0,0,8.64,15.0,0,222,1769592822.212,-7.734,meta-llama/Llama-3.2-1B-Instruct,"1769592822.212, 1769592822.305, 1769592822.336, 1769592822.418, 1769592822.552"
1.0,0,1769592821.7053,9.2873,27,32,59,0.0981,0.0965,0.1018,1.0,0.0,100.0,1.2675,8.3854,8.3854,720.8893,1769592832.266704,0.0,0,100,0.283,15,1,0,8.64,15.0,0,222,1769592822.212,-7.734,meta-llama/Llama-3.2-1B-Instruct,"1769592822.212, 1769592822.305, 1769592822.336, 1769592822.418, 1769592822.552"
1.0,0,1769592821.9787,9.1071,27,32,59,0.0991,0.0927,0.1061,1.0,0.0,100.0,1.2051,8.2061,8.2061,736.9562,1769592832.292678,0.0,0,102,0.284,17,1,0,8.64,15.0,0,222,1769592822.212,-7.734,meta-llama/Llama-3.2-1B-Instruct,"1769592822.212, 1769592822.305, 1769592822.336, 1769592822.418, 1769592822.552"
1.0,0,1769592822.3257,8.8043,27,32,59,0.0566,0.0821,0.1153,1.0,0.0,100.0,1.1621,7.8609,7.8609,736.9562,1769592832.2930408,0.0,0,102,0.284,18,0,0,8.64,15.0,0,222,1769592822.212,-7.734,meta-llama/Llama-3.2-1B-Instruct,"1769592822.212, 1769592822.305, 1769592822.336, 1769592822.418, 1769592822.552"
1.0,0,1769592822.4767,8.836,27,32,59,0.0754,0.0992,0.1018,1.0,0.0,100.0,1.0734,7.9114,7.9114,744.8676,1769592832.3873093,0.0,0,103,0.285,19,0,0,8.64,15.0,0,222,1769592822.212,-7.734,meta-llama/Llama-3.2-1B-Instruct,"1769592822.212, 1769592822.305, 1769592822.336, 1769592822.418, 1769592822.552"
1.0,0,1769592822.8544,8.9322,27,32,59,0.0994,0.0822,0.0849,1.0,0.0,100.0,1.2043,8.0316,8.0316,760.7641,1769592832.9975123,0.0,0,105,0.285,15,0,0,8.64,15.0,0,222,1769592822.212,-7.734,meta-llama/Llama-3.2-1B-Instruct,"1769592822.212, 1769592822.305, 1769592822.336, 1769592822.418, 1769592822.552"
1.0,0,1769592823.0248,8.8093,27,32,59,0.0555,0.0833,0.0984,1.0,0.0,100.0,1.1601,7.8649,7.8649,760.7641,1769592832.9976954,0.0,0,105,0.286,15,0,0,8.64,15.0,0,222,1769592822.212,-7.734,meta-llama/Llama-3.2-1B-Instruct,"1769592822.212, 1769592822.305, 1769592822.336, 1769592822.418, 1769592822.552"
1.0,0,1769592823.1017,8.8321,27,32,59,0.0643,0.0726,0.0768,1.0,0.0,100.0,1.0878,7.8964,7.8964,776.591,1769592833.0237608,0.0,0,107,0.287,17,0,0,8.64,15.0,0,222,1769592822.212,-7.734,meta-llama/Llama-3.2-1B-Instruct,"1769592822.212, 1769592822.305, 1769592822.336, 1769592822.418, 1769592822.552"
1.0,0,1769592823.0685,8.8122,27,32,59,0.1183,0.0641,0.0792,1.0,0.0,100.0,1.1429,7.9305,7.9305,776.591,1769592833.0244367,0.0,0,107,0.286,16,1,0,8.64,15.0,0,222,1769592822.212,-7.734,meta-llama/Llama-3.2-1B-Instruct,"1769592822.212, 1769592822.305, 1769592822.336, 1769592822.418, 1769592822.552"
1.0,0,1769592823.1468,8.8463,27,32,59,0.0771,0.0706,0.0728,1.0,0.0,100.0,1.0588,7.9235,7.9235,784.5144,1769592833.0542967,0.0,0,108,0.287,19,0,0,8.64,15.0,0,222,1769592822.212,-7.734,meta-llama/Llama-3.2-1B-Instruct,"1769592822.212, 1769592822.305, 1769592822.336, 1769592822.418, 1769592822.552"
1.0,0,1769592823.537,9.0225,27,19,46,0.0627,0.0723,0.0723,1.0,0.0,100.0,0.6936,8.0852,8.0852,792.5996,1769592833.2576969,0.0,0,109,0.287,14,0,0,8.64,15.0,0,222,1769592822.212,-7.734,meta-llama/Llama-3.2-1B-Instruct,"1769592822.212, 1769592822.305, 1769592822.336, 1769592822.418, 1769592822.552"
1.0,0,1769592824.7069,8.584,27,0,27,,,,1.0,,,0.057,7.6411,7.6411,800.2407,1769592833.3487303,0.0,0,110,0.288,15,0,0,8.64,15.0,0,222,1769592822.212,-7.734,meta-llama/Llama-3.2-1B-Instruct,"1769592822.212, 1769592822.305, 1769592822.336, 1769592822.418, 1769592822.552"
1.0,0,1769592823.1839,9.2063,27,32,59,0.0598,0.0757,0.1228,1.0,0.0,100.0,1.2539,8.2662,8.2662,808.5069,1769592833.6500804,0.0,0,111,0.285,13,0,0,8.64,15.0,0,222,1769592822.212,-7.734,meta-llama/Llama-3.2-1B-Instruct,"1769592822.212, 1769592822.305, 1769592822.336, 1769592822.418, 1769592822.552"
1.0,0,1769592823.2144,9.3081,27,32,59,0.1073,0.0826,0.1266,1.0,0.0,100.0,1.3825,8.4154,8.4154,825.2937,1769592833.9080837,0.0,0,113,0.285,13,0,0,8.64,15.0,0,222,1769592822.212,-7.734,meta-llama/Llama-3.2-1B-Instruct,"1769592822.212, 1769592822.305, 1769592822.336, 1769592822.418, 1769592822.552"
1.0,0,1769592823.2515,9.2791,27,32,59,0.0923,0.0738,0.1293,1.0,0.0,100.0,1.3707,8.3714,8.3714,825.2937,1769592833.908288,0.0,0,113,0.286,14,0,0,8.64,15.0,0,222,1769592822.212,-7.734,meta-llama/Llama-3.2-1B-Instruct,"1769592822.212, 1769592822.305, 1769592822.336, 1769592822.418, 1769592822.552"
1.0,0,1769592823.8014,8.8238,27,32,59,0.0651,0.081,0.1219,1.0,0.0,100.0,1.3156,7.8889,7.8889,833.1826,1769592833.9439201,0.0,0,114,0.287,14,0,0,8.64,15.0,0,222,1769592822.212,-7.734,meta-llama/Llama-3.2-1B-Instruct,"1769592822.212, 1769592822.305, 1769592822.336, 1769592822.418, 1769592822.552"
1.0,0,1769592824.245,8.4906,27,32,59,0.0531,0.0824,0.1257,1.0,0.0,100.0,1.2298,7.5437,7.5437,848.458,1769592833.971181,0.0,0,116,0.289,18,0,0,8.64,15.0,0,222,1769592822.212,-7.734,meta-llama/Llama-3.2-1B-Instruct,"1769592822.212, 1769592822.305, 1769592822.336, 1769592822.418, 1769592822.552"
1.0,0,1769592824.0496,8.6265,27,32,59,0.1052,0.0734,0.1202,1.0,0.0,100.0,1.2935,7.7317,7.7317,848.458,1769592833.9713986,0.0,0,116,0.288,17,0,0,8.64,15.0,0,222,1769592822.212,-7.734,meta-llama/Llama-3.2-1B-Instruct,"1769592822.212, 1769592822.305, 1769592822.336, 1769592822.418, 1769592822.552"
1.0,0,1769592824.6,8.5747,27,32,59,0.0825,0.0909,0.1265,1.0,0.0,100.0,1.4811,7.6571,7.6571,856.1151,1769592834.657096,0.0,0,117,0.288,15,0,0,8.64,15.0,0,222,1769592822.212,-7.734,meta-llama/Llama-3.2-1B-Instruct,"1769592822.212, 1769592822.305, 1769592822.336, 1769592822.418, 1769592822.552"
1.0,0,1769592824.6476,8.59,27,32,59,0.106,0.0949,0.1065,1.0,0.0,100.0,1.45,7.696,7.696,863.8111,1769592834.689386,0.0,0,118,0.289,15,0,0,8.64,15.0,0,222,1769592822.212,-7.734,meta-llama/Llama-3.2-1B-Instruct,"1769592822.212, 1769592822.305, 1769592822.336, 1769592822.418, 1769592822.552"
1.0,0,1769592824.7882,8.5711,27,32,59,0.088,0.0806,0.1057,1.0,0.0,100.0,1.3532,7.659,7.659,871.4702,1769592834.7164476,0.0,0,119,0.289,16,0,0,8.64,15.0,0,222,1769592822.212,-7.734,meta-llama/Llama-3.2-1B-Instruct,"1769592822.212, 1769592822.305, 1769592822.336, 1769592822.418, 1769592822.552"
1.0,0,1769592825.2239,8.2031,27,31,58,0.1052,0.0701,0.0981,1.0,0.0,100.0,1.3152,7.3083,7.3083,886.0095,1769592834.7495558,0.0,0,121,0.289,16,0,0,8.64,15.0,0,222,1769592822.212,-7.734,meta-llama/Llama-3.2-1B-Instruct,"1769592822.212, 1769592822.305, 1769592822.336, 1769592822.418, 1769592822.552"
1.0,0,1769592825.3241,8.1623,27,32,59,0.0687,0.0728,0.095,1.0,0.0,100.0,1.259,7.231,7.231,886.0095,1769592834.749784,0.0,0,121,0.289,17,0,0,8.64,15.0,0,222,1769592822.212,-7.734,meta-llama/Llama-3.2-1B-Instruct,"1769592822.212, 1769592822.305, 1769592822.336, 1769592822.418, 1769592822.552"
1.0,0,1769592825.8012,7.7592,27,32,59,0.0798,0.071,0.101,1.0,0.0,100.0,1.3115,6.839,6.839,892.8484,1769592834.8807068,0.0,0,122,0.29,19,0,0,8.64,15.0,0,222,1769592822.212,-7.734,meta-llama/Llama-3.2-1B-Instruct,"1769592822.212, 1769592822.305, 1769592822.336, 1769592822.418, 1769592822.552"
1.0,0,1769592826.2419,7.8705,27,21,48,0.1221,0.0686,0.0805,1.0,0.0,100.0,0.8558,6.9926,6.9926,899.8411,1769592834.9819107,0.0,0,123,0.29,16,0,0,8.64,15.0,0,222,1769592822.212,-7.734,meta-llama/Llama-3.2-1B-Instruct,"1769592822.212, 1769592822.305, 1769592822.336, 1769592822.418, 1769592822.552"
1.0,0,1769592825.8706,7.929,27,32,59,0.1074,0.0881,0.1051,1.0,0.0,100.0,1.3349,7.0364,7.0364,906.8774,1769592835.1363852,0.0,0,124,0.292,19,0,0,8.64,15.0,0,222,1769592822.212,-7.734,meta-llama/Llama-3.2-1B-Instruct,"1769592822.212, 1769592822.305, 1769592822.336, 1769592822.418, 1769592822.552"
1.0,0,1769592825.9815,8.0062,27,32,59,0.0803,0.0948,0.0969,1.0,0.0,100.0,1.3797,7.0865,7.0865,913.9639,1769592835.3683362,0.0,0,125,0.289,15,0,0,8.64,15.0,0,222,1769592822.212,-7.734,meta-llama/Llama-3.2-1B-Instruct,"1769592822.212, 1769592822.305, 1769592822.336, 1769592822.418, 1769592822.552"
1.0,0,1769592826.1864,7.8713,27,32,59,0.0739,0.1088,0.1104,1.0,0.0,100.0,1.3329,6.9452,6.9452,920.9091,1769592835.396382,0.0,0,126,0.29,15,0,0,8.64,15.0,0,222,1769592822.212,-7.734,meta-llama/Llama-3.2-1B-Instruct,"1769592822.212, 1769592822.305, 1769592822.336, 1769592822.418, 1769592822.552"
1.0,0,1769592826.2836,7.8886,27,32,59,0.0647,0.0753,0.099,1.0,0.0,100.0,1.2454,6.9533,6.9533,927.8624,1769592835.4254825,0.0,0,127,0.29,17,0,0,8.64,15.0,0,222,1769592822.212,-7.734,meta-llama/Llama-3.2-1B-Instruct,"1769592822.212, 1769592822.305, 1769592822.336, 1769592822.418, 1769592822.552"
1.0,0,1769592826.3283,7.8956,27,32,59,0.075,0.0675,0.0984,1.0,0.0,100.0,1.2295,6.9706,6.9706,934.8331,1769592835.4597704,0.0,0,128,0.291,19,0,0,8.64,15.0,0,222,1769592822.212,-7.734,meta-llama/Llama-3.2-1B-Instruct,"1769592822.212, 1769592822.305, 1769592822.336, 1769592822.418, 1769592822.552"
1.0,0,1769592827.8412,7.7606,27,0,27,,,,1.0,,,0.0738,6.8345,6.8345,941.6675,1769592835.6826217,0.0,0,129,0.293,16,0,0,8.64,15.0,0,222,1769592822.212,-7.734,meta-llama/Llama-3.2-1B-Instruct,"1769592822.212, 1769592822.305, 1769592822.336, 1769592822.418, 1769592822.552"
1.0,0,1769592826.55,8.1787,27,32,59,0.0796,0.0949,0.098,1.0,0.0,100.0,1.3417,7.2583,7.2583,948.9258,1769592836.0713882,0.0,0,130,0.292,17,0,0,8.64,15.0,0,222,1769592822.212,-7.734,meta-llama/Llama-3.2-1B-Instruct,"1769592822.212, 1769592822.305, 1769592822.336, 1769592822.418, 1769592822.552"
1.0,0,1769592826.5747,8.212,27,32,59,0.0885,0.0999,0.1068,1.0,0.0,100.0,1.3151,7.3004,7.3004,956.2262,1769592836.1045618,0.0,0,131,0.291,15,0,0,8.64,15.0,0,222,1769592822.212,-7.734,meta-llama/Llama-3.2-1B-Instruct,"1769592822.212, 1769592822.305, 1769592822.336, 1769592822.418, 1769592822.552"
1.0,0,1769592826.8337,8.1066,27,32,59,0.12,0.0737,0.0944,1.0,0.0,100.0,1.4114,7.2266,7.2266,977.806,1769592836.3615587,0.0,0,134,0.291,16,0,0,8.64,15.0,0,222,1769592822.212,-7.734,meta-llama/Llama-3.2-1B-Instruct,"1769592822.212, 1769592822.305, 1769592822.336, 1769592822.418, 1769592822.552"
1.0,0,1769592827.0748,7.9313,27,32,59,0.0551,0.0804,0.0949,1.0,0.0,100.0,1.3466,6.9864,6.9864,977.806,1769592836.3617508,0.0,0,134,0.292,15,0,0,8.64,15.0,0,222,1769592822.212,-7.734,meta-llama/Llama-3.2-1B-Instruct,"1769592822.212, 1769592822.305, 1769592822.336, 1769592822.418, 1769592822.552"
1.0,0,1769592826.6927,8.2425,27,32,59,0.1243,0.0737,0.0941,1.0,0.0,100.0,1.4224,7.3668,7.3668,977.806,1769592836.3621173,0.0,0,134,0.292,16,0,0,8.64,15.0,0,222,1769592822.212,-7.734,meta-llama/Llama-3.2-1B-Instruct,"1769592822.212, 1769592822.305, 1769592822.336, 1769592822.418, 1769592822.552"
1.0,0,1769592827.284,7.8123,27,32,59,0.0575,0.0719,0.1005,1.0,0.0,100.0,1.2932,6.8698,6.8698,991.6644,1769592836.3922098,0.0,0,136,0.293,18,0,0,8.64,15.0,0,222,1769592822.212,-7.734,meta-llama/Llama-3.2-1B-Instruct,"1769592822.212, 1769592822.305, 1769592822.336, 1769592822.418, 1769592822.552"
1.0,0,1769592827.1603,7.8939,27,32,59,0.0947,0.0649,0.0974,1.0,0.0,100.0,1.3332,6.9886,6.9886,991.6644,1769592836.392396,0.0,0,136,0.293,17,1,0,8.64,15.0,0,222,1769592822.212,-7.734,meta-llama/Llama-3.2-1B-Instruct,"1769592822.212, 1769592822.305, 1769592822.336, 1769592822.418, 1769592822.552"
1.0,0,1769592827.4923,7.7246,27,31,58,0.1068,0.0746,0.1047,1.0,0.0,100.0,1.2647,6.8314,6.8314,998.4959,1769592836.4852934,0.0,0,137,0.293,19,0,0,8.64,15.0,0,222,1769592822.212,-7.734,meta-llama/Llama-3.2-1B-Instruct,"1769592822.212, 1769592822.305, 1769592822.336, 1769592822.418, 1769592822.552"
1.0,0,1769592827.5682,7.9586,27,32,59,0.0741,0.0747,0.1003,1.0,0.0,100.0,1.3388,7.0326,7.0326,1005.5285,1769592836.8670342,0.0,0,138,0.293,16,0,0,8.64,15.0,0,222,1769592822.212,-7.734,meta-llama/Llama-3.2-1B-Instruct,"1769592822.212, 1769592822.305, 1769592822.336, 1769592822.418, 1769592822.552"
1.0,0,1769592828.2918,7.4073,27,32,59,0.0641,0.0632,0.0674,1.0,0.0,100.0,1.252,6.4714,6.4714,1011.9998,1769592836.9590967,0.0,0,139,0.294,17,0,0,8.64,15.0,0,222,1769592822.212,-7.734,meta-llama/Llama-3.2-1B-Instruct,"1769592822.212, 1769592822.305, 1769592822.336, 1769592822.418, 1769592822.552"
1.0,0,1769592827.9438,7.727,27,32,59,0.0907,0.0711,0.0753,1.0,0.0,100.0,1.29,6.8177,6.8177,1018.8175,1769592836.9615183,0.0,0,140,0.294,17,0,0,8.64,15.0,0,222,1769592822.212,-7.734,meta-llama/Llama-3.2-1B-Instruct,"1769592822.212, 1769592822.305, 1769592822.336, 1769592822.418, 1769592822.552"
1.0,0,1769592828.3751,7.4056,27,32,59,0.0521,0.0708,0.0845,1.0,0.0,100.0,1.2055,6.4577,6.4577,1025.2752,1769592836.9878654,0.0,0,141,0.294,19,0,0,8.64,15.0,0,222,1769592822.212,-7.734,meta-llama/Llama-3.2-1B-Instruct,"1769592822.212, 1769592822.305, 1769592822.336, 1769592822.418, 1769592822.552"
1.0,0,1769592828.6807,7.7879,27,21,48,0.0691,0.0831,0.0946,1.0,0.0,100.0,0.9721,6.857,6.857,1032.1322,1769592837.4468973,0.0,0,142,0.295,15,0,0,8.64,15.0,0,222,1769592822.212,-7.734,meta-llama/Llama-3.2-1B-Instruct,"1769592822.212, 1769592822.305, 1769592822.336, 1769592822.418, 1769592822.552"
1.0,0,1769592828.4417,7.7693,27,32,59,0.0877,0.0718,0.0973,1.0,0.0,100.0,1.3458,6.857,6.857,1045.7401,1769592837.571501,0.0,0,144,0.296,18,0,0,8.64,15.0,0,222,1769592822.212,-7.734,meta-llama/Llama-3.2-1B-Instruct,"1769592822.212, 1769592822.305, 1769592822.336, 1769592822.418, 1769592822.552"
1.0,0,1769592828.6048,7.6768,27,32,59,0.0741,0.0832,0.0923,1.0,0.0,100.0,1.2897,6.7508,6.7508,1045.7401,1769592837.574444,0.0,0,144,0.296,19,0,0,8.64,15.0,0,222,1769592822.212,-7.734,meta-llama/Llama-3.2-1B-Instruct,"1769592822.212, 1769592822.305, 1769592822.336, 1769592822.418, 1769592822.552"
1.0,0,1769592828.8522,7.6757,27,32,59,0.0726,0.0886,0.2481,1.0,0.0,100.0,1.5036,6.7483,6.7483,1066.1453,1769592838.1044915,0.0,0,147,0.295,15,0,0,8.64,15.0,0,222,1769592822.212,-7.734,meta-llama/Llama-3.2-1B-Instruct,"1769592822.212, 1769592822.305, 1769592822.336, 1769592822.418, 1769592822.552"
1.0,0,1769592828.9549,7.7616,27,32,59,0.0752,0.0882,0.2659,1.0,0.0,100.0,1.3649,6.8368,6.8368,1066.1453,1769592838.1107633,0.0,0,147,0.296,17,0,0,8.64,15.0,0,222,1769592822.212,-7.734,meta-llama/Llama-3.2-1B-Instruct,"1769592822.212, 1769592822.305, 1769592822.336, 1769592822.418, 1769592822.552"
1.0,0,1769592828.9042,7.723,27,32,59,0.0971,0.0962,0.3067,1.0,0.0,100.0,1.4659,6.8201,6.8201,1066.1453,1769592838.1139436,0.0,0,147,0.295,16,0,0,8.64,15.0,0,222,1769592822.212,-7.734,meta-llama/Llama-3.2-1B-Instruct,"1769592822.212, 1769592822.305, 1769592822.336, 1769592822.418, 1769592822.552"
1.0,0,1769592828.9994,7.7756,27,32,59,0.0877,0.0988,0.3395,1.0,0.0,100.0,1.3562,6.8633,6.8633,1073.0086,1769592838.1362925,0.0,0,148,0.296,17,0,0,8.64,15.0,0,222,1769592822.212,-7.734,meta-llama/Llama-3.2-1B-Instruct,"1769592822.212, 1769592822.305, 1769592822.336, 1769592822.418, 1769592822.552"
1.0,0,1769592829.0294,7.814,27,32,59,0.0719,0.105,0.2735,1.0,0.0,100.0,1.3074,6.8859,6.8859,1079.8945,1769592838.153241,0.0,0,149,0.296,18,0,0,8.64,15.0,0,222,1769592822.212,-7.734,meta-llama/Llama-3.2-1B-Instruct,"1769592822.212, 1769592822.305, 1769592822.336, 1769592822.418, 1769592822.552"
1.0,0,1769592829.0729,7.9275,27,32,59,0.0691,0.0877,0.3034,1.0,0.0,100.0,1.23,6.9966,6.9966,1086.8911,1769592838.2320764,0.0,0,150,0.295,16,0,0,8.64,15.0,0,222,1769592822.212,-7.734,meta-llama/Llama-3.2-1B-Instruct,"1769592822.212, 1769592822.305, 1769592822.336, 1769592822.418, 1769592822.552"
1.0,0,1769592829.2683,7.8601,27,32,59,0.0777,0.0685,0.2551,1.0,0.0,100.0,1.1451,6.9378,6.9378,1100.9298,1769592838.2785952,0.0,0,152,0.297,17,0,0,8.64,15.0,0,222,1769592822.212,-7.734,meta-llama/Llama-3.2-1B-Instruct,"1769592822.212, 1769592822.305, 1769592822.336, 1769592822.418, 1769592822.552"
1.0,0,1769592829.1038,7.9916,27,32,59,0.1092,0.0817,0.2658,1.0,0.0,100.0,1.1738,7.1009,7.1009,1100.9298,1769592838.2787979,0.0,0,152,0.296,17,0,0,8.64,15.0,0,222,1769592822.212,-7.734,meta-llama/Llama-3.2-1B-Instruct,"1769592822.212, 1769592822.305, 1769592822.336, 1769592822.418, 1769592822.552"
1.0,0,1769592829.4287,7.77,27,32,59,0.0753,0.0787,0.2558,1.0,0.0,100.0,1.1151,6.8453,6.8453,1107.7751,1769592838.3208368,0.0,0,153,0.297,18,1,0,8.64,15.0,0,222,1769592822.212,-7.734,meta-llama/Llama-3.2-1B-Instruct,"1769592822.212, 1769592822.305, 1769592822.336, 1769592822.418, 1769592822.552"
1.0,0,1769592829.5035,8.0382,27,32,59,0.1255,0.1333,0.2559,1.0,0.0,100.0,1.2818,7.1637,7.1637,1114.9388,1769592838.8274777,0.0,0,154,0.298,18,0,0,8.64,15.0,0,222,1769592822.212,-7.734,meta-llama/Llama-3.2-1B-Instruct,"1769592822.212, 1769592822.305, 1769592822.336, 1769592822.418, 1769592822.552"
1.0,0,1769592829.5355,8.1178,27,32,59,0.08,0.1305,0.259,1.0,0.0,100.0,1.195,7.1977,7.1977,1122.1365,1769592838.8584144,0.0,0,155,0.298,17,0,0,8.64,15.0,0,222,1769592822.212,-7.734,meta-llama/Llama-3.2-1B-Instruct,"1769592822.212, 1769592822.305, 1769592822.336, 1769592822.418, 1769592822.552"
1.0,0,1769592829.7232,7.9962,27,32,59,0.3183,0.0765,0.1335,1.0,0.0,100.0,1.1955,7.3145,7.3145,1129.451,1769592838.919452,0.0,0,156,0.298,18,0,0,8.64,15.0,0,222,1769592822.212,-7.734,meta-llama/Llama-3.2-1B-Instruct,"1769592822.212, 1769592822.305, 1769592822.336, 1769592822.418, 1769592822.552"
1.0,0,1769592829.7602,8.4866,27,32,59,0.0731,0.0861,0.1341,1.0,0.0,100.0,1.3307,7.5597,7.5597,1137.0108,1769592839.5801373,0.0,0,157,0.298,14,0,0,8.64,15.0,0,222,1769592822.212,-7.734,meta-llama/Llama-3.2-1B-Instruct,"1769592822.212, 1769592822.305, 1769592822.336, 1769592822.418, 1769592822.552"
1.0,0,1769592829.799,8.5423,27,32,59,0.0725,0.0757,0.1368,1.0,0.0,100.0,1.3357,7.6148,7.6148,1144.6256,1769592839.6790097,0.0,0,158,0.297,12,0,0,8.64,15.0,0,222,1769592822.212,-7.734,meta-llama/Llama-3.2-1B-Instruct,"1769592822.212, 1769592822.305, 1769592822.336, 1769592822.418, 1769592822.552"
1.0,0,1769592829.88,8.5225,27,32,59,0.0886,0.0833,0.1346,1.0,0.0,100.0,1.2974,7.6111,7.6111,1152.2367,1769592839.7012088,0.0,0,159,0.297,12,0,0,8.64,15.0,0,222,1769592822.212,-7.734,meta-llama/Llama-3.2-1B-Instruct,"1769592822.212, 1769592822.305, 1769592822.336, 1769592822.418, 1769592822.552"
1.0,0,1769592829.9904,8.5507,27,32,59,0.0985,0.0952,0.1073,1.0,0.0,100.0,1.4201,7.6491,7.6491,1182.4746,1769592839.9688084,0.0,0,163,0.297,13,0,0,8.64,15.0,0,222,1769592822.212,-7.734,meta-llama/Llama-3.2-1B-Instruct,"1769592822.212, 1769592822.305, 1769592822.336, 1769592822.418, 1769592822.552"
1.0,0,1769592830.1806,8.3798,27,33,60,0.1177,0.0867,0.0986,1.0,0.0,100.0,1.4057,7.4975,7.4975,1182.4746,1769592839.970796,0.0,0,163,0.298,14,0,0,8.64,15.0,0,222,1769592822.212,-7.734,meta-llama/Llama-3.2-1B-Instruct,"1769592822.212, 1769592822.305, 1769592822.336, 1769592822.418, 1769592822.552"
1.0,0,1769592830.026,8.5304,27,32,59,0.1226,0.0833,0.1074,1.0,0.0,100.0,1.4112,7.653,7.653,1182.4746,1769592839.9713585,0.0,0,163,0.298,14,0,0,8.64,15.0,0,222,1769592822.212,-7.734,meta-llama/Llama-3.2-1B-Instruct,"1769592822.212, 1769592822.305, 1769592822.336, 1769592822.418, 1769592822.552"
1.0,0,1769592830.2415,8.3811,27,32,59,0.0572,0.0725,0.0906,1.0,0.0,100.0,1.3438,7.4383,7.4383,1182.4746,1769592839.9717047,0.0,0,163,0.299,15,2,0,8.64,15.0,0,222,1769592822.212,-7.734,meta-llama/Llama-3.2-1B-Instruct,"1769592822.212, 1769592822.305, 1769592822.336, 1769592822.418, 1769592822.552"
1.0,0,1769592830.3274,8.3432,27,32,59,0.1097,0.0826,0.0989,1.0,0.0,100.0,1.3253,7.4529,7.4529,1197.3381,1769592839.998931,0.0,0,165,0.299,17,1,0,8.64,15.0,0,222,1769592822.212,-7.734,meta-llama/Llama-3.2-1B-Instruct,"1769592822.212, 1769592822.305, 1769592822.336, 1769592822.418, 1769592822.552"
1.0,0,1769592830.3717,8.3456,27,32,59,0.065,0.0719,0.0954,1.0,0.0,100.0,1.2804,7.4105,7.4105,1197.3381,1769592839.9990914,0.0,0,165,0.3,18,0,0,8.64,15.0,0,222,1769592822.212,-7.734,meta-llama/Llama-3.2-1B-Instruct,"1769592822.212, 1769592822.305, 1769592822.336, 1769592822.418, 1769592822.552"
1.0,0,1769592830.472,8.4608,27,32,59,0.0807,0.0729,0.0864,1.0,0.0,100.0,1.184,7.5415,7.5415,1204.8796,1769592840.1218097,0.0,0,166,0.3,17,0,0,8.64,15.0,0,318,1769592832.175,-7.859,meta-llama/Llama-3.2-1B-Instruct,"1769592832.175, 1769592832.202, 1769592832.333, 1769592832.365, 1769592832.408"
1.0,0,1769592830.8543,8.1423,27,32,59,0.1047,0.0651,0.0904,1.0,0.0,100.0,1.1458,7.247,7.247,1219.311,1769592840.1439426,0.0,0,168,0.3,17,0,0,8.64,15.0,0,318,1769592832.175,-7.859,meta-llama/Llama-3.2-1B-Instruct,"1769592832.175, 1769592832.202, 1769592832.333, 1769592832.365, 1769592832.408"
1.0,0,1769592830.9246,8.1037,27,32,59,0.0807,0.053,0.1079,1.0,0.0,100.0,1.1153,7.1845,7.1845,1219.311,1769592840.1447017,0.0,0,168,0.3,18,0,0,8.64,15.0,0,318,1769592832.175,-7.859,meta-llama/Llama-3.2-1B-Instruct,"1769592832.175, 1769592832.202, 1769592832.333, 1769592832.365, 1769592832.408"
1.0,0,1769592831.1004,8.6904,27,32,59,0.126,0.0971,0.1088,1.0,0.0,100.0,1.3098,7.8164,7.8164,1242.7713,1769592841.111985,0.0,0,171,0.303,17,0,0,8.64,15.0,0,318,1769592832.175,-7.859,meta-llama/Llama-3.2-1B-Instruct,"1769592832.175, 1769592832.202, 1769592832.333, 1769592832.365, 1769592832.408"
1.0,0,1769592831.0153,8.7461,27,32,59,0.1174,0.0957,0.1098,1.0,0.0,100.0,1.3477,7.8634,7.8634,1242.7713,1769592841.112711,0.0,0,171,0.303,18,0,0,8.64,15.0,0,318,1769592832.175,-7.859,meta-llama/Llama-3.2-1B-Instruct,"1769592832.175, 1769592832.202, 1769592832.333, 1769592832.365, 1769592832.408"
1.0,0,1769592831.1374,8.713,27,32,59,0.0673,0.1022,0.1082,1.0,0.0,100.0,1.2613,7.7804,7.7804,1242.7713,1769592841.1131303,0.0,0,171,0.303,18,1,0,8.64,15.0,0,318,1769592832.175,-7.859,meta-llama/Llama-3.2-1B-Instruct,"1769592832.175, 1769592832.202, 1769592832.333, 1769592832.365, 1769592832.408"
1.0,0,1769592831.1754,8.9466,27,32,59,0.0693,0.0936,0.105,1.0,0.0,100.0,1.4122,8.0159,8.0159,1250.7872,1769592841.539542,0.0,0,172,0.301,13,0,0,8.64,15.0,0,318,1769592832.175,-7.859,meta-llama/Llama-3.2-1B-Instruct,"1769592832.175, 1769592832.202, 1769592832.333, 1769592832.365, 1769592832.408"
1.0,0,1769592831.2018,8.979,27,32,59,0.0938,0.078,0.0995,1.0,0.0,100.0,1.3839,8.0729,8.0729,1266.8022,1769592841.5713785,0.0,0,174,0.3,12,0,0,8.64,15.0,0,318,1769592832.175,-7.859,meta-llama/Llama-3.2-1B-Instruct,"1769592832.175, 1769592832.202, 1769592832.333, 1769592832.365, 1769592832.408"
1.0,0,1769592831.3334,8.8869,27,32,59,0.0553,0.0716,0.1069,1.0,0.0,100.0,1.3508,7.9422,7.9422,1266.8022,1769592841.5720506,0.0,0,174,0.3,12,0,0,8.64,15.0,0,318,1769592832.175,-7.859,meta-llama/Llama-3.2-1B-Instruct,"1769592832.175, 1769592832.202, 1769592832.333, 1769592832.365, 1769592832.408"
1.0,0,1769592831.3646,8.9059,27,32,59,0.0694,0.0762,0.1052,1.0,0.0,100.0,1.3307,7.9753,7.9753,1274.7776,1769592841.6020572,0.0,0,175,0.301,13,1,0,8.64,15.0,0,318,1769592832.175,-7.859,meta-llama/Llama-3.2-1B-Instruct,"1769592832.175, 1769592832.202, 1769592832.333, 1769592832.365, 1769592832.408"
1.0,0,1769592831.4078,8.91,27,32,59,0.079,0.0808,0.0908,1.0,0.0,100.0,1.3103,7.989,7.989,1282.7666,1769592841.6326807,0.0,0,176,0.301,14,0,0,8.64,15.0,0,318,1769592832.175,-7.859,meta-llama/Llama-3.2-1B-Instruct,"1769592832.175, 1769592832.202, 1769592832.333, 1769592832.365, 1769592832.408"
1.0,0,1769592831.4426,8.9343,27,32,59,0.0835,0.0752,0.0938,1.0,0.0,100.0,1.2802,8.0178,8.0178,1298.5933,1769592841.6695766,0.0,0,178,0.301,15,0,0,8.64,15.0,0,318,1769592832.175,-7.859,meta-llama/Llama-3.2-1B-Instruct,"1769592832.175, 1769592832.202, 1769592832.333, 1769592832.365, 1769592832.408"
1.0,0,1769592831.5066,8.9343,27,32,59,0.0923,0.0717,0.0764,1.0,0.0,100.0,1.2304,8.0266,8.0266,1306.6199,1769592841.6741242,0.0,0,179,0.301,16,0,0,8.64,15.0,0,318,1769592832.175,-7.859,meta-llama/Llama-3.2-1B-Instruct,"1769592832.175, 1769592832.202, 1769592832.333, 1769592832.365, 1769592832.408"
1.0,0,1769592831.9632,8.5926,27,32,59,0.0594,0.0728,0.0852,1.0,0.0,100.0,1.1401,7.652,7.652,1314.272,1769592841.705007,0.0,0,180,0.303,19,0,0,8.64,15.0,0,318,1769592832.175,-7.859,meta-llama/Llama-3.2-1B-Instruct,"1769592832.175, 1769592832.202, 1769592832.333, 1769592832.365, 1769592832.408"
1.0,0,1769592832.8137,9.3514,27,0,27,,,,1.0,,,0.0571,8.4086,8.4086,1322.6805,1769592842.222857,0.0,0,181,0.306,17,0,0,8.64,15.0,0,318,1769592832.175,-7.859,meta-llama/Llama-3.2-1B-Instruct,"1769592832.175, 1769592832.202, 1769592832.333, 1769592832.365, 1769592832.408"
1.0,0,1769592832.0084,9.2399,27,32,59,0.0856,0.069,0.0703,1.0,0.0,100.0,1.349,8.3254,8.3254,1331.006,1769592842.5983784,0.0,0,182,0.306,17,0,0,8.64,15.0,0,318,1769592832.175,-7.859,meta-llama/Llama-3.2-1B-Instruct,"1769592832.175, 1769592832.202, 1769592832.333, 1769592832.365, 1769592832.408"
1.0,0,1769592832.0336,9.281,27,32,59,0.0843,0.0709,0.0809,1.0,0.0,100.0,1.3118,8.3654,8.3654,1339.3714,1769592842.6300511,0.0,0,183,0.306,17,0,0,8.64,15.0,0,318,1769592832.175,-7.859,meta-llama/Llama-3.2-1B-Instruct,"1769592832.175, 1769592832.202, 1769592832.333, 1769592832.365, 1769592832.408"
1.0,0,1769592832.1475,9.2333,27,32,59,0.0898,0.0675,0.0758,1.0,0.0,100.0,1.2726,8.3231,8.3231,1347.6945,1769592842.6609654,0.0,0,184,0.306,18,0,0,8.64,15.0,0,318,1769592832.175,-7.859,meta-llama/Llama-3.2-1B-Instruct,"1769592832.175, 1769592832.202, 1769592832.333, 1769592832.365, 1769592832.408"
1.0,0,1769592832.3644,9.3541,27,32,59,0.0654,0.0818,0.1083,1.0,0.0,100.0,1.3969,8.4195,8.4195,1356.114,1769592843.1204982,0.0,0,185,0.303,11,0,0,8.64,15.0,0,318,1769592832.175,-7.859,meta-llama/Llama-3.2-1B-Instruct,"1769592832.175, 1769592832.202, 1769592832.333, 1769592832.365, 1769592832.408"
1.0,0,1769592832.4141,9.3632,27,32,59,0.0545,0.0706,0.1055,1.0,0.0,100.0,1.3766,8.4177,8.4177,1364.5317,1769592843.1605287,0.0,0,186,0.303,12,0,0,8.64,15.0,0,318,1769592832.175,-7.859,meta-llama/Llama-3.2-1B-Instruct,"1769592832.175, 1769592832.202, 1769592832.333, 1769592832.365, 1769592832.408"
1.0,0,1769592832.4472,9.3703,27,32,59,0.0706,0.0716,0.095,1.0,0.0,100.0,1.367,8.4409,8.4409,1372.9726,1769592843.1882114,0.0,0,187,0.303,12,0,0,8.64,15.0,0,318,1769592832.175,-7.859,meta-llama/Llama-3.2-1B-Instruct,"1769592832.175, 1769592832.202, 1769592832.333, 1769592832.365, 1769592832.408"
1.0,0,1769592832.5058,9.3715,27,32,59,0.0613,0.0782,0.0972,1.0,0.0,100.0,1.3418,8.4328,8.4328,1381.4054,1769592843.2211103,0.0,0,188,0.303,13,0,0,8.64,15.0,0,318,1769592832.175,-7.859,meta-llama/Llama-3.2-1B-Instruct,"1769592832.175, 1769592832.202, 1769592832.333, 1769592832.365, 1769592832.408"
1.0,0,1769592832.7102,9.2646,27,32,59,0.0493,0.071,0.0984,1.0,0.0,100.0,1.2736,8.3139,8.3139,1398.0819,1769592843.2494433,0.0,0,190,0.304,15,0,0,8.64,15.0,0,318,1769592832.175,-7.859,meta-llama/Llama-3.2-1B-Instruct,"1769592832.175, 1769592832.202, 1769592832.333, 1769592832.365, 1769592832.408"
1.0,0,1769592832.6559,9.2722,27,32,59,0.0904,0.0731,0.1017,1.0,0.0,100.0,1.3207,8.3626,8.3626,1398.0819,1769592843.2497127,0.0,0,190,0.304,14,0,0,8.64,15.0,0,318,1769592832.175,-7.859,meta-llama/Llama-3.2-1B-Instruct,"1769592832.175, 1769592832.202, 1769592832.333, 1769592832.365, 1769592832.408"
1.0,0,1769592832.7895,9.3327,27,32,59,0.0967,0.0741,0.1026,1.0,0.0,100.0,1.2043,8.4293,8.4293,1414.9891,1769592843.328351,0.0,0,192,0.306,17,0,0,8.64,15.0,0,318,1769592832.175,-7.859,meta-llama/Llama-3.2-1B-Instruct,"1769592832.175, 1769592832.202, 1769592832.333, 1769592832.365, 1769592832.408"
1.0,0,1769592832.7422,9.3744,27,32,59,0.1035,0.0748,0.096,1.0,0.0,100.0,1.2104,8.4779,8.4779,1414.9891,1769592843.3286448,0.0,0,192,0.305,17,0,0,8.64,15.0,0,318,1769592832.175,-7.859,meta-llama/Llama-3.2-1B-Instruct,"1769592832.175, 1769592832.202, 1769592832.333, 1769592832.365, 1769592832.408"
1.0,0,1769592832.8747,9.4423,27,32,59,0.0722,0.0664,0.1032,1.0,0.0,100.0,1.0928,8.5145,8.5145,1423.5036,1769592843.4107282,0.0,0,193,0.307,19,0,0,8.64,15.0,0,318,1769592832.175,-7.859,meta-llama/Llama-3.2-1B-Instruct,"1769592832.175, 1769592832.202, 1769592832.333, 1769592832.365, 1769592832.408"
1.0,0,1769592833.1341,9.6318,27,32,59,0.0794,0.0479,0.0673,1.0,0.0,100.0,0.8933,8.7112,8.7112,1441.1138,1769592843.6651802,0.0,0,195,0.308,17,1,0,8.64,15.0,0,318,1769592832.175,-7.859,meta-llama/Llama-3.2-1B-Instruct,"1769592832.175, 1769592832.202, 1769592832.333, 1769592832.365, 1769592832.408"
1.0,0,1769592816.3713,8.4675,27,32,59,0.1057,0.0475,0.0562,1.0,0.0,100.0,1.0638,7.5732,8.8989,1441.1138,1769592843.6661048,0.0,0,195,0.308,17,0,0,8.64,15.0,0,318,1769592832.175,-7.859,meta-llama/Llama-3.2-1B-Instruct,"1769592832.175, 1769592832.202, 1769592832.333, 1769592832.365, 1769592832.408"
1.0,0,1769592833.2097,9.6245,27,32,59,0.0756,0.043,0.0456,1.0,0.0,100.0,0.8714,8.7001,8.7001,1449.8139,1769592843.7094512,0.0,0,196,0.308,18,1,0,8.64,15.0,0,318,1769592832.175,-7.859,meta-llama/Llama-3.2-1B-Instruct,"1769592832.175, 1769592832.202, 1769592832.333, 1769592832.365, 1769592832.408"
1.0,0,1769592833.519,10.1173,27,32,59,0.0702,0.0897,0.0898,1.0,0.0,100.0,1.3645,9.1876,9.1876,1459.0015,1769592845.005694,0.0,0,197,0.308,11,0,0,8.64,15.0,0,318,1769592832.175,-7.859,meta-llama/Llama-3.2-1B-Instruct,"1769592832.175, 1769592832.202, 1769592832.333, 1769592832.365, 1769592832.408"
1.0,0,1769592833.5787,10.1131,27,32,59,0.062,0.0897,0.0994,1.0,0.0,100.0,1.3405,9.1752,9.1752,1468.1766,1769592845.0396764,0.0,0,198,0.306,9,0,0,8.64,15.0,0,318,1769592832.175,-7.859,meta-llama/Llama-3.2-1B-Instruct,"1769592832.175, 1769592832.202, 1769592832.333, 1769592832.365, 1769592832.408"
1.0,0,1769592833.8435,9.8966,27,32,59,0.0942,0.0958,0.1065,1.0,0.0,100.0,1.32,8.9909,8.9909,1477.1675,1769592845.0648053,0.0,0,199,0.306,9,0,0,8.64,15.0,0,318,1769592832.175,-7.859,meta-llama/Llama-3.2-1B-Instruct,"1769592832.175, 1769592832.202, 1769592832.333, 1769592832.365, 1769592832.408"
1.0,0,1769592833.9173,9.8914,27,32,59,0.0812,0.0892,0.1066,1.0,0.0,100.0,1.3231,8.9726,8.9726,1486.1401,1769592845.1328118,0.0,0,200,0.307,11,0,0,8.64,15.0,0,365,1769592835.562,-9.505,meta-llama/Llama-3.2-1B-Instruct,"1769592835.562, 1769592835.607, 1769592835.663, 1769592835.700, 1769592835.764"
1.0,0,1769592834.1776,9.7378,27,32,59,0.0642,0.0953,0.103,1.0,0.0,100.0,1.2414,8.8021,8.8021,1494.9421,1769592845.1655247,0.0,0,201,0.307,12,0,0,8.64,15.0,0,365,1769592835.562,-9.505,meta-llama/Llama-3.2-1B-Instruct,"1769592835.562, 1769592835.607, 1769592835.663, 1769592835.700, 1769592835.764"
1.0,0,1769592834.149,9.7294,27,32,59,0.0996,0.0947,0.1086,1.0,0.0,100.0,1.29,8.829,8.829,1503.7711,1769592845.1754513,0.0,0,202,0.307,12,0,0,8.64,15.0,0,365,1769592835.562,-9.505,meta-llama/Llama-3.2-1B-Instruct,"1769592835.562, 1769592835.607, 1769592835.663, 1769592835.700, 1769592835.764"
1.0,0,1769592834.2566,9.7666,27,32,59,0.0611,0.0568,0.103,1.0,0.0,100.0,1.174,8.8277,8.8277,1521.4704,1769592845.200254,0.0,0,204,0.308,14,1,0,8.64,15.0,0,365,1769592835.562,-9.505,meta-llama/Llama-3.2-1B-Instruct,"1769592835.562, 1769592835.607, 1769592835.663, 1769592835.700, 1769592835.764"
1.0,0,1769592834.2146,9.7581,27,32,59,0.1135,0.0596,0.0948,1.0,0.0,100.0,1.2259,8.8716,8.8716,1521.4704,1769592845.2004669,0.0,0,204,0.308,14,0,0,8.64,15.0,0,365,1769592835.562,-9.505,meta-llama/Llama-3.2-1B-Instruct,"1769592835.562, 1769592835.607, 1769592835.663, 1769592835.700, 1769592835.764"
1.0,0,1769592834.2783,9.7957,27,32,59,0.0712,0.0629,0.0927,1.0,0.0,100.0,1.1709,8.8669,8.8669,1530.3373,1769592845.2478712,0.0,0,205,0.309,16,0,0,8.64,15.0,0,365,1769592835.562,-9.505,meta-llama/Llama-3.2-1B-Instruct,"1769592835.562, 1769592835.607, 1769592835.663, 1769592835.700, 1769592835.764"
1.0,0,1769592834.3175,9.8168,27,32,59,0.0885,0.0793,0.0909,1.0,0.0,100.0,1.2091,8.9053,8.9053,1548.0813,1769592845.346135,0.0,0,207,0.309,16,0,0,8.64,15.0,0,365,1769592835.562,-9.505,meta-llama/Llama-3.2-1B-Instruct,"1769592835.562, 1769592835.607, 1769592835.663, 1769592835.700, 1769592835.764"
1.0,0,1769592834.4121,9.7676,27,32,59,0.0711,0.0472,0.1013,1.0,0.0,100.0,1.1657,8.8387,8.8387,1548.0813,1769592845.3464313,0.0,0,207,0.31,17,0,0,8.64,15.0,0,365,1769592835.562,-9.505,meta-llama/Llama-3.2-1B-Instruct,"1769592835.562, 1769592835.607, 1769592835.663, 1769592835.700, 1769592835.764"
1.0,0,1769592834.5066,9.7363,27,32,59,0.0598,0.0649,0.0914,1.0,0.0,100.0,1.1633,8.7961,8.7961,1556.8773,1769592845.406983,0.0,0,208,0.311,19,0,0,8.64,15.0,0,365,1769592835.562,-9.505,meta-llama/Llama-3.2-1B-Instruct,"1769592835.562, 1769592835.607, 1769592835.663, 1769592835.700, 1769592835.764"
1.0,0,1769592835.1035,10.4599,27,0,27,,,,1.0,,,0.0695,9.5295,9.5295,1566.4068,1769592845.6365652,0.0,0,209,0.312,15,0,0,8.64,15.0,0,365,1769592835.562,-9.505,meta-llama/Llama-3.2-1B-Instruct,"1769592835.562, 1769592835.607, 1769592835.663, 1769592835.700, 1769592835.764"
1.0,0,1769592834.5615,10.607,27,32,59,0.1172,0.0712,0.0834,1.0,0.0,100.0,1.2838,9.7243,9.7243,1585.8108,1769592846.4576738,0.0,0,211,0.313,16,0,0,8.64,15.0,0,365,1769592835.562,-9.505,meta-llama/Llama-3.2-1B-Instruct,"1769592835.562, 1769592835.607, 1769592835.663, 1769592835.700, 1769592835.764"
1.0,0,1769592834.6069,10.6175,27,32,59,0.0622,0.073,0.0839,1.0,0.0,100.0,1.2303,9.6797,9.6797,1585.8108,1769592846.4578474,0.0,0,211,0.311,12,0,0,8.64,15.0,0,365,1769592835.562,-9.505,meta-llama/Llama-3.2-1B-Instruct,"1769592835.562, 1769592835.607, 1769592835.663, 1769592835.700, 1769592835.764"
1.0,0,1769592834.6626,10.6178,27,32,59,0.0638,0.068,0.092,1.0,0.0,100.0,1.2026,9.6816,9.6816,1595.4923,1769592846.484148,0.0,0,212,0.311,13,0,0,8.64,15.0,0,365,1769592835.562,-9.505,meta-llama/Llama-3.2-1B-Instruct,"1769592835.562, 1769592835.607, 1769592835.663, 1769592835.700, 1769592835.764"
1.0,0,1769592834.7002,10.6271,27,32,59,0.0887,0.0653,0.081,1.0,0.0,100.0,1.1884,9.7158,9.7158,1614.8642,1769592846.518048,0.0,0,214,0.311,13,0,0,8.64,15.0,0,365,1769592835.562,-9.505,meta-llama/Llama-3.2-1B-Instruct,"1769592835.562, 1769592835.607, 1769592835.663, 1769592835.700, 1769592835.764"
1.0,0,1769592834.7643,10.5982,27,32,59,0.0578,0.0719,0.0866,1.0,0.0,100.0,1.1554,9.656,9.656,1614.8642,1769592846.5187404,0.0,0,214,0.31,12,0,0,8.64,15.0,0,365,1769592835.562,-9.505,meta-llama/Llama-3.2-1B-Instruct,"1769592835.562, 1769592835.607, 1769592835.663, 1769592835.700, 1769592835.764"
1.0,0,1769592835.0721,10.4189,27,32,59,0.0835,0.0582,0.0951,1.0,0.0,100.0,1.0941,9.5024,9.5024,1633.8549,1769592846.5901208,0.0,0,216,0.311,13,0,0,8.64,15.0,0,365,1769592835.562,-9.505,meta-llama/Llama-3.2-1B-Instruct,"1769592835.562, 1769592835.607, 1769592835.663, 1769592835.700, 1769592835.764"
1.0,0,1769592835.0206,10.418,27,32,59,0.0703,0.0629,0.0874,1.0,0.0,100.0,1.1504,9.4883,9.4883,1633.8549,1769592846.592698,0.0,0,216,0.31,13,0,0,8.64,15.0,0,365,1769592835.562,-9.505,meta-llama/Llama-3.2-1B-Instruct,"1769592835.562, 1769592835.607, 1769592835.663, 1769592835.700, 1769592835.764"
1.0,0,1769592835.6308,9.9855,27,32,59,0.0723,0.0661,0.0912,1.0,0.0,100.0,1.0923,9.0578,9.0578,1642.9128,1769592846.7101305,0.0,0,217,0.312,15,0,0,8.64,15.0,0,365,1769592835.562,-9.505,meta-llama/Llama-3.2-1B-Instruct,"1769592835.562, 1769592835.607, 1769592835.663, 1769592835.700, 1769592835.764"
1.0,0,1769592835.6771,10.1233,27,31,58,0.1152,0.0639,0.0714,1.0,0.0,100.0,1.3116,9.2385,9.2385,1679.7004,1769592847.1162064,0.0,0,221,0.312,15,0,0,8.64,15.0,0,365,1769592835.562,-9.505,meta-llama/Llama-3.2-1B-Instruct,"1769592835.562, 1769592835.607, 1769592835.663, 1769592835.700, 1769592835.764"
1.0,0,1769592835.7112,10.0821,27,32,59,0.1215,0.0687,0.0724,1.0,0.0,100.0,1.3184,9.2036,9.2036,1679.7004,1769592847.1169584,0.0,0,221,0.313,16,0,0,8.64,15.0,0,365,1769592835.562,-9.505,meta-llama/Llama-3.2-1B-Instruct,"1769592835.562, 1769592835.607, 1769592835.663, 1769592835.700, 1769592835.764"
1.0,0,1769592835.7884,10.0952,27,32,59,0.0598,0.0719,0.0754,1.0,0.0,100.0,1.2302,9.155,9.155,1679.7004,1769592847.1177766,0.0,0,221,0.314,18,1,0,8.64,15.0,0,365,1769592835.562,-9.505,meta-llama/Llama-3.2-1B-Instruct,"1769592835.562, 1769592835.607, 1769592835.663, 1769592835.700, 1769592835.764"
1.0,0,1769592835.7521,10.108,27,32,59,0.0826,0.0748,0.082,1.0,0.0,100.0,1.2557,9.1906,9.1906,1679.7004,1769592847.1198127,0.0,0,221,0.313,16,1,0,8.64,15.0,0,365,1769592835.562,-9.505,meta-llama/Llama-3.2-1B-Instruct,"1769592835.562, 1769592835.607, 1769592835.663, 1769592835.700, 1769592835.764"
1.0,0,1769592835.8772,10.6842,27,32,59,0.0663,0.0724,0.0833,1.0,0.0,100.0,1.3187,9.7505,9.7505,1689.4509,1769592847.8816602,0.0,0,222,0.314,14,0,0,8.64,15.0,0,365,1769592835.562,-9.505,meta-llama/Llama-3.2-1B-Instruct,"1769592835.562, 1769592835.607, 1769592835.663, 1769592835.700, 1769592835.764"
1.0,0,1769592836.1398,10.5019,27,32,59,0.0927,0.0801,0.0819,1.0,0.0,100.0,1.3023,9.5945,9.5945,1699.0454,1769592847.9480333,0.0,0,223,0.315,14,0,0,8.64,15.0,0,365,1769592835.562,-9.505,meta-llama/Llama-3.2-1B-Instruct,"1769592835.562, 1769592835.607, 1769592835.663, 1769592835.700, 1769592835.764"
1.0,0,1769592836.2569,10.4271,27,32,59,0.0513,0.0749,0.078,1.0,0.0,100.0,1.2669,9.4784,9.4784,1708.5238,1769592847.9517026,0.0,0,224,0.315,14,0,0,8.64,15.0,0,365,1769592835.562,-9.505,meta-llama/Llama-3.2-1B-Instruct,"1769592835.562, 1769592835.607, 1769592835.663, 1769592835.700, 1769592835.764"
1.0,0,1769592836.3003,10.4495,27,32,59,0.075,0.079,0.085,1.0,0.0,100.0,1.2677,9.5245,9.5245,1718.0484,1769592848.0184069,0.0,0,225,0.315,15,0,0,8.64,15.0,0,365,1769592835.562,-9.505,meta-llama/Llama-3.2-1B-Instruct,"1769592835.562, 1769592835.607, 1769592835.663, 1769592835.700, 1769592835.764"
1.0,0,1769592836.3287,10.4746,27,32,59,0.0891,0.0676,0.0881,1.0,0.0,100.0,1.266,9.5637,9.5637,1727.6121,1769592848.0750139,0.0,0,226,0.315,15,0,0,8.64,15.0,0,365,1769592835.562,-9.505,meta-llama/Llama-3.2-1B-Instruct,"1769592835.562, 1769592835.607, 1769592835.663, 1769592835.700, 1769592835.764"
1.0,0,1769592836.4399,10.4106,27,32,59,0.0571,0.0696,0.0732,1.0,0.0,100.0,1.2257,9.4677,9.4677,1737.0798,1769592848.0771163,0.0,0,227,0.316,16,0,0,8.64,15.0,0,365,1769592835.562,-9.505,meta-llama/Llama-3.2-1B-Instruct,"1769592835.562, 1769592835.607, 1769592835.663, 1769592835.700, 1769592835.764"
1.0,0,1769592836.8205,10.1622,27,32,59,0.0896,0.0688,0.0815,1.0,0.0,100.0,1.2041,9.2518,9.2518,1755.553,1769592848.1908033,0.0,0,229,0.316,18,0,0,8.64,15.0,0,365,1769592835.562,-9.505,meta-llama/Llama-3.2-1B-Instruct,"1769592835.562, 1769592835.607, 1769592835.663, 1769592835.700, 1769592835.764"
1.0,0,1769592836.849,10.1384,27,32,59,0.0829,0.0699,0.0773,1.0,0.0,100.0,1.2031,9.2214,9.2214,1755.553,1769592848.193559,0.0,0,229,0.317,18,0,0,8.64,15.0,0,365,1769592835.562,-9.505,meta-llama/Llama-3.2-1B-Instruct,"1769592835.562, 1769592835.607, 1769592835.663, 1769592835.700, 1769592835.764"
1.0,0,1769592837.0522,10.1781,27,32,59,0.0677,0.072,0.1193,1.0,0.0,100.0,1.3643,9.2457,9.2457,1764.7987,1769592848.5960274,0.0,0,230,0.316,16,0,0,8.64,15.0,0,365,1769592835.562,-9.505,meta-llama/Llama-3.2-1B-Instruct,"1769592835.562, 1769592835.607, 1769592835.663, 1769592835.700, 1769592835.764"
1.0,0,1769592837.151,10.1512,27,32,59,0.0693,0.0715,0.1214,1.0,0.0,100.0,1.3278,9.2205,9.2205,1774.0192,1769592848.6311407,0.0,0,231,0.317,17,0,0,8.64,15.0,0,365,1769592835.562,-9.505,meta-llama/Llama-3.2-1B-Instruct,"1769592835.562, 1769592835.607, 1769592835.663, 1769592835.700, 1769592835.764"
1.0,0,1769592837.3015,10.0927,27,32,59,0.0717,0.069,0.1335,1.0,0.0,100.0,1.2632,9.1643,9.1643,1792.436,1769592848.6619005,0.0,0,233,0.317,18,0,0,8.64,15.0,0,365,1769592835.562,-9.505,meta-llama/Llama-3.2-1B-Instruct,"1769592835.562, 1769592835.607, 1769592835.663, 1769592835.700, 1769592835.764"
1.0,0,1769592837.2076,10.1473,27,32,59,0.1052,0.0713,0.1151,1.0,0.0,100.0,1.3066,9.2525,9.2525,1792.436,1769592848.6624844,0.0,0,233,0.317,18,0,0,8.64,15.0,0,365,1769592835.562,-9.505,meta-llama/Llama-3.2-1B-Instruct,"1769592835.562, 1769592835.607, 1769592835.663, 1769592835.700, 1769592835.764"
1.0,0,1769592837.4596,10.5382,27,32,59,0.0721,0.103,0.1235,1.0,0.0,100.0,1.2915,9.6103,9.6103,1802.0463,1769592849.2973218,0.0,0,234,0.319,17,0,0,8.64,15.0,0,365,1769592835.562,-9.505,meta-llama/Llama-3.2-1B-Instruct,"1769592835.562, 1769592835.607, 1769592835.663, 1769592835.700, 1769592835.764"
1.0,0,1769592837.5196,10.5331,27,32,59,0.07,0.1074,0.1255,1.0,0.0,100.0,1.2764,9.6031,9.6031,1811.6494,1769592849.3297844,0.0,0,235,0.318,16,0,0,8.64,15.0,0,365,1769592835.562,-9.505,meta-llama/Llama-3.2-1B-Instruct,"1769592835.562, 1769592835.607, 1769592835.663, 1769592835.700, 1769592835.764"
1.0,0,1769592838.3794,9.859,27,32,59,0.1031,0.0799,0.1059,1.0,0.0,100.0,1.3736,8.9622,8.9622,1848.4348,1769592849.6153402,0.0,0,239,0.318,14,0,0,8.64,15.0,0,365,1769592835.562,-9.505,meta-llama/Llama-3.2-1B-Instruct,"1769592835.562, 1769592835.607, 1769592835.663, 1769592835.700, 1769592835.764"
1.0,0,1769592838.1544,10.0687,27,32,59,0.1174,0.0817,0.1072,1.0,0.0,100.0,1.3884,9.1862,9.1862,1848.4348,1769592849.615535,0.0,0,239,0.319,16,0,0,8.64,15.0,0,365,1769592835.562,-9.505,meta-llama/Llama-3.2-1B-Instruct,"1769592835.562, 1769592835.607, 1769592835.663, 1769592835.700, 1769592835.764"
1.0,0,1769592837.5915,10.627,27,32,59,0.0954,0.0976,0.1215,1.0,0.0,100.0,1.3944,9.7224,9.7224,1848.4348,1769592849.6157348,0.0,0,239,0.318,15,0,0,8.64,15.0,0,365,1769592835.562,-9.505,meta-llama/Llama-3.2-1B-Instruct,"1769592835.562, 1769592835.607, 1769592835.663, 1769592835.700, 1769592835.764"
1.0,0,1769592838.4533,9.8316,27,32,59,0.0831,0.0788,0.1031,1.0,0.0,100.0,1.3276,8.9147,8.9147,1848.4348,1769592849.615943,0.0,0,239,0.318,15,2,0,8.64,15.0,0,365,1769592835.562,-9.505,meta-llama/Llama-3.2-1B-Instruct,"1769592835.562, 1769592835.607, 1769592835.663, 1769592835.700, 1769592835.764"
1.0,0,1769592838.4946,9.859,27,32,59,0.07,0.0746,0.1094,1.0,0.0,100.0,1.2824,8.9291,8.9291,1857.3639,1769592849.638463,0.0,0,240,0.319,18,0,0,8.64,15.0,0,365,1769592835.562,-9.505,meta-llama/Llama-3.2-1B-Instruct,"1769592835.562, 1769592835.607, 1769592835.663, 1769592835.700, 1769592835.764"
1.0,0,1769592838.7994,9.6038,27,32,59,0.0797,0.072,0.1163,1.0,0.0,100.0,1.2735,8.6835,8.6835,1866.0474,1769592849.678923,0.0,0,241,0.319,18,0,0,8.64,15.0,0,365,1769592835.562,-9.505,meta-llama/Llama-3.2-1B-Instruct,"1769592835.562, 1769592835.607, 1769592835.663, 1769592835.700, 1769592835.764"
1.0,0,1769592838.9038,9.8486,27,32,59,0.0799,0.1157,0.1282,1.0,0.0,100.0,1.2617,8.9285,8.9285,1874.9759,1769592850.0153267,0.0,0,242,0.319,16,0,0,8.64,15.0,0,365,1769592835.562,-9.505,meta-llama/Llama-3.2-1B-Instruct,"1769592835.562, 1769592835.607, 1769592835.663, 1769592835.700, 1769592835.764"
1.0,0,1769592839.1176,9.7491,27,32,59,0.0532,0.1116,0.1275,1.0,0.0,100.0,1.27,8.8022,8.8022,1883.7781,1769592850.1408765,0.0,0,243,0.32,17,0,0,8.64,15.0,0,409,1769592841.09,-8.987,meta-llama/Llama-3.2-1B-Instruct,"1769592841.090, 1769592841.156, 1769592841.247, 1769592841.354, 1769592841.409"
1.0,0,1769592838.9738,9.8412,27,32,59,0.1056,0.126,0.1287,1.0,0.0,100.0,1.3263,8.9468,8.9468,1892.7249,1769592850.1421902,0.0,0,244,0.319,17,0,0,8.64,15.0,0,409,1769592841.09,-8.987,meta-llama/Llama-3.2-1B-Instruct,"1769592841.090, 1769592841.156, 1769592841.247, 1769592841.354, 1769592841.409"
1.0,0,1769592839.1415,9.7729,27,32,59,0.0817,0.1202,0.1301,1.0,0.0,100.0,1.3165,8.8546,8.8546,1901.5795,1769592850.233283,0.0,0,245,0.32,18,1,0,8.64,15.0,0,409,1769592841.09,-8.987,meta-llama/Llama-3.2-1B-Instruct,"1769592841.090, 1769592841.156, 1769592841.247, 1769592841.354, 1769592841.409"
1.0,0,1769592839.2568,10.2082,27,31,58,0.062,0.1255,0.13,1.0,0.0,100.0,1.3208,9.2702,9.2702,1920.1569,1769592850.7885034,0.0,0,247,0.322,18,0,0,8.64,15.0,0,409,1769592841.09,-8.987,meta-llama/Llama-3.2-1B-Instruct,"1769592841.090, 1769592841.156, 1769592841.247, 1769592841.354, 1769592841.409"
1.0,0,1769592839.2135,10.2175,27,32,59,0.0897,0.1198,0.131,1.0,0.0,100.0,1.3522,9.3072,9.3072,1920.1569,1769592850.7901025,0.0,0,247,0.322,18,0,0,8.64,15.0,0,409,1769592841.09,-8.987,meta-llama/Llama-3.2-1B-Instruct,"1769592841.090, 1769592841.156, 1769592841.247, 1769592841.354, 1769592841.409"
1.0,0,1769592839.4844,10.388,27,32,59,0.0546,0.0927,0.1262,1.0,0.0,100.0,1.4436,9.4426,9.4426,1939.2213,1769592851.326044,0.0,0,249,0.321,14,0,0,8.64,15.0,0,409,1769592841.09,-8.987,meta-llama/Llama-3.2-1B-Instruct,"1769592841.090, 1769592841.156, 1769592841.247, 1769592841.354, 1769592841.409"
1.0,0,1769592839.303,10.4983,27,31,58,0.1235,0.0874,0.1246,1.0,0.0,100.0,1.5245,9.6218,9.6218,1939.2213,1769592851.3269446,0.0,0,249,0.321,14,0,0,8.64,15.0,0,409,1769592841.09,-8.987,meta-llama/Llama-3.2-1B-Instruct,"1769592841.090, 1769592841.156, 1769592841.247, 1769592841.354, 1769592841.409"
1.0,0,1769592839.5867,10.3589,27,32,59,0.1214,0.0735,0.0793,1.0,0.0,100.0,1.4055,9.4803,9.4803,1967.4414,1769592851.354435,0.0,0,252,0.322,16,0,0,8.64,15.0,0,409,1769592841.09,-8.987,meta-llama/Llama-3.2-1B-Instruct,"1769592841.090, 1769592841.156, 1769592841.247, 1769592841.354, 1769592841.409"
1.0,0,1769592839.5272,10.3918,27,32,59,0.1085,0.0984,0.107,1.0,0.0,100.0,1.4316,9.5003,9.5003,1967.4414,1769592851.3555439,0.0,0,252,0.322,15,0,0,8.64,15.0,0,409,1769592841.09,-8.987,meta-llama/Llama-3.2-1B-Instruct,"1769592841.090, 1769592841.156, 1769592841.247, 1769592841.354, 1769592841.409"
1.0,0,1769592839.8258,10.1575,27,32,59,0.082,0.087,0.0923,1.0,0.0,100.0,1.3688,9.2395,9.2395,1967.4414,1769592851.3560097,0.0,0,252,0.322,16,0,0,8.64,15.0,0,409,1769592841.09,-8.987,meta-llama/Llama-3.2-1B-Instruct,"1769592841.090, 1769592841.156, 1769592841.247, 1769592841.354, 1769592841.409"
1.0,0,1769592839.8755,10.1853,27,32,59,0.1059,0.0726,0.0852,1.0,0.0,100.0,1.3185,9.2912,9.2912,1985.9951,1769592851.3837876,0.0,0,254,0.322,18,0,0,8.64,15.0,0,409,1769592841.09,-8.987,meta-llama/Llama-3.2-1B-Instruct,"1769592841.090, 1769592841.156, 1769592841.247, 1769592841.354, 1769592841.409"
1.0,0,1769592839.906,10.1958,27,32,59,0.0667,0.0707,0.0728,1.0,0.0,100.0,1.2817,9.2624,9.2624,1985.9951,1769592851.3877523,0.0,0,254,0.322,18,0,0,8.64,15.0,0,409,1769592841.09,-8.987,meta-llama/Llama-3.2-1B-Instruct,"1769592841.090, 1769592841.156, 1769592841.247, 1769592841.354, 1769592841.409"
1.0,0,1769592840.0904,10.1169,27,32,59,0.0661,0.0713,0.0728,1.0,0.0,100.0,1.2136,9.183,9.183,1995.1781,1769592851.421725,0.0,0,255,0.321,17,0,0,8.64,15.0,0,409,1769592841.09,-8.987,meta-llama/Llama-3.2-1B-Instruct,"1769592841.090, 1769592841.156, 1769592841.247, 1769592841.354, 1769592841.409"
1.0,0,1769592840.156,10.1328,27,32,59,0.1055,0.0665,0.0789,1.0,0.0,100.0,1.1923,9.2383,9.2383,2013.5737,1769592851.4890065,0.0,0,257,0.322,18,0,0,8.64,15.0,0,409,1769592841.09,-8.987,meta-llama/Llama-3.2-1B-Instruct,"1769592841.090, 1769592841.156, 1769592841.247, 1769592841.354, 1769592841.409"
1.0,0,1769592840.2467,10.089,27,32,59,0.0683,0.065,0.0689,1.0,0.0,100.0,1.1459,9.1573,9.1573,2013.5737,1769592851.4891887,0.0,0,257,0.323,18,1,0,8.64,15.0,0,409,1769592841.09,-8.987,meta-llama/Llama-3.2-1B-Instruct,"1769592841.090, 1769592841.156, 1769592841.247, 1769592841.354, 1769592841.409"
1.0,0,1769592840.6033,10.9163,27,0,27,,,,1.0,,,0.0904,10.0066,10.0066,2023.5803,1769592851.6118128,0.0,0,258,0.322,10,0,0,8.64,15.0,0,409,1769592841.09,-8.987,meta-llama/Llama-3.2-1B-Instruct,"1769592841.090, 1769592841.156, 1769592841.247, 1769592841.354, 1769592841.409"
1.0,0,1769592840.354,10.5774,27,32,59,0.1072,0.1024,0.1103,1.0,0.0,100.0,1.2985,9.6846,9.6846,2052.6635,1769592852.2367036,0.0,0,261,0.325,18,0,0,8.64,15.0,0,409,1769592841.09,-8.987,meta-llama/Llama-3.2-1B-Instruct,"1769592841.090, 1769592841.156, 1769592841.247, 1769592841.354, 1769592841.409"
1.0,0,1769592841.1542,10.696,27,6,33,0.0723,0.1102,0.1102,1.0,0.0,100.0,0.3849,9.7683,9.7683,2052.6635,1769592852.2369714,0.0,0,261,0.324,15,0,0,8.64,15.0,0,409,1769592841.09,-8.987,meta-llama/Llama-3.2-1B-Instruct,"1769592841.090, 1769592841.156, 1769592841.247, 1769592841.354, 1769592841.409"
1.0,0,1769592840.4091,10.5714,27,32,59,0.0589,0.094,0.1048,1.0,0.0,100.0,1.2557,9.6303,9.6303,2052.6635,1769592852.2378047,0.0,0,261,0.325,18,0,0,8.64,15.0,0,409,1769592841.09,-8.987,meta-llama/Llama-3.2-1B-Instruct,"1769592841.090, 1769592841.156, 1769592841.247, 1769592841.354, 1769592841.409"
1.0,0,1769592840.5296,10.9325,27,32,59,0.0757,0.1037,0.1153,1.0,0.0,100.0,1.4029,10.0082,10.0082,2062.6717,1769592852.8690877,0.0,0,262,0.322,10,0,0,8.64,15.0,0,409,1769592841.09,-8.987,meta-llama/Llama-3.2-1B-Instruct,"1769592841.090, 1769592841.156, 1769592841.247, 1769592841.354, 1769592841.409"
1.0,0,1769592840.7343,10.8302,27,32,59,0.0463,0.1051,0.1105,1.0,0.0,100.0,1.3373,9.8766,9.8766,2072.5483,1769592852.90634,0.0,0,263,0.322,11,0,0,8.64,15.0,0,409,1769592841.09,-8.987,meta-llama/Llama-3.2-1B-Instruct,"1769592841.090, 1769592841.156, 1769592841.247, 1769592841.354, 1769592841.409"
1.0,0,1769592840.829,10.8244,27,32,59,0.0494,0.1022,0.1035,1.0,0.0,100.0,1.2809,9.8737,9.8737,2092.3408,1769592852.9409206,0.0,0,265,0.323,12,0,0,8.64,15.0,0,409,1769592841.09,-8.987,meta-llama/Llama-3.2-1B-Instruct,"1769592841.090, 1769592841.156, 1769592841.247, 1769592841.354, 1769592841.409"
1.0,0,1769592840.7833,10.8215,27,32,59,0.0973,0.1037,0.1139,1.0,0.0,100.0,1.3331,9.9187,9.9187,2092.3408,1769592852.9412527,0.0,0,265,0.322,12,1,0,8.64,15.0,0,409,1769592841.09,-8.987,meta-llama/Llama-3.2-1B-Instruct,"1769592841.090, 1769592841.156, 1769592841.247, 1769592841.354, 1769592841.409"
1.0,0,1769592840.8668,10.828,27,32,59,0.0695,0.1122,0.1177,1.0,0.0,100.0,1.2747,9.8975,9.8975,2102.2383,1769592852.9704149,0.0,0,266,0.323,13,0,0,8.64,15.0,0,409,1769592841.09,-8.987,meta-llama/Llama-3.2-1B-Instruct,"1769592841.090, 1769592841.156, 1769592841.247, 1769592841.354, 1769592841.409"
1.0,0,1769592840.9242,10.9189,27,32,59,0.0909,0.1029,0.117,1.0,0.0,100.0,1.2521,10.0098,10.0098,2112.2481,1769592853.0987449,0.0,0,267,0.323,14,0,0,8.64,15.0,0,409,1769592841.09,-8.987,meta-llama/Llama-3.2-1B-Instruct,"1769592841.090, 1769592841.156, 1769592841.247, 1769592841.354, 1769592841.409"
1.0,0,1769592841.7534,10.205,27,32,59,0.0577,0.0732,0.1049,1.0,0.0,100.0,1.1761,9.2627,9.2627,2131.0334,1769592853.139823,0.0,0,269,0.326,17,0,0,8.64,15.0,0,409,1769592841.09,-8.987,meta-llama/Llama-3.2-1B-Instruct,"1769592841.090, 1769592841.156, 1769592841.247, 1769592841.354, 1769592841.409"
1.0,0,1769592841.4867,10.4228,27,32,59,0.0998,0.0721,0.1022,1.0,0.0,100.0,1.2215,9.5226,9.5226,2131.0334,1769592853.1416297,0.0,0,269,0.325,15,0,0,8.64,15.0,0,409,1769592841.09,-8.987,meta-llama/Llama-3.2-1B-Instruct,"1769592841.090, 1769592841.156, 1769592841.247, 1769592841.354, 1769592841.409"
1.0,0,1769592841.9032,10.113,27,32,59,0.0697,0.0528,0.1141,1.0,0.0,100.0,1.181,9.1827,9.1827,2140.2161,1769592853.2035472,0.0,0,270,0.326,18,1,0,8.64,15.0,0,409,1769592841.09,-8.987,meta-llama/Llama-3.2-1B-Instruct,"1769592841.090, 1769592841.156, 1769592841.247, 1769592841.354, 1769592841.409"
1.0,0,1769592842.4772,10.644,27,0,27,,,,1.0,,,0.1355,9.7795,9.7795,2149.9956,1769592853.262055,0.0,0,271,0.327,14,0,0,8.64,15.0,0,409,1769592841.09,-8.987,meta-llama/Llama-3.2-1B-Instruct,"1769592841.090, 1769592841.156, 1769592841.247, 1769592841.354, 1769592841.409"
200.0,1,1769592814.8026,0.0342,2938,1024,3962,2.6375,0.0834,0.1278,200.0,0.0,100.0,38.8737,-161.092,0.0,2149.9956,1769592853.7221882,0.37,8,279,0.0,0,0,0,7.09,15.0,0,409,1769592841.09,-8.987,meta-llama/Llama-3.2-1B-Instruct,"1769592841.090, 1769592841.156, 1769592841.247, 1769592841.354, 1769592841.409"
200.0,1,1769592814.7127,0.0416,2944,1028,3972,2.7247,0.0856,0.1239,200.0,0.0,100.0,38.9587,-160.9997,0.0,2149.9956,1769592853.7256384,2.17,8,279,0.0,0,0,0,7.09,15.0,0,409,1769592841.09,-8.987,meta-llama/Llama-3.2-1B-Instruct,"1769592841.090, 1769592841.156, 1769592841.247, 1769592841.354, 1769592841.409"
200.0,1,1769592814.9093,0.0364,3648,1024,4672,2.5358,0.0826,0.1251,200.0,0.0,100.0,38.766,-161.1976,0.0,2149.9956,1769592853.7277155,1.09,8,279,0.0,0,0,0,7.09,15.0,0,409,1769592841.09,-8.987,meta-llama/Llama-3.2-1B-Instruct,"1769592841.090, 1769592841.156, 1769592841.247, 1769592841.354, 1769592841.409"
200.0,1,1769592814.5754,0.0506,2934,1027,3961,0.4969,0.0804,0.1299,200.0,0.0,100.0,39.0861,-160.8633,0.0,2149.9956,1769592853.728662,1.45,8,279,0.0,0,0,0,6.29,15.0,0,409,1769592841.09,-8.987,meta-llama/Llama-3.2-1B-Instruct,"1769592841.090, 1769592841.156, 1769592841.247, 1769592841.354, 1769592841.409"
200.0,1,1769592814.8273,0.0337,2597,1030,3627,2.6219,0.0811,0.1286,200.0,0.0,100.0,38.8526,-161.1137,0.0,2149.9956,1769592853.7296991,2.52,8,279,0.0,0,0,0,7.09,15.0,0,409,1769592841.09,-8.987,meta-llama/Llama-3.2-1B-Instruct,"1769592841.090, 1769592841.156, 1769592841.247, 1769592841.354, 1769592841.409"
200.0,1,1769592814.8584,0.037,4467,1026,5493,2.5805,0.0779,0.1267,200.0,0.0,100.0,38.8157,-161.1473,0.0,2149.9956,1769592853.7350662,0.73,8,279,0.0,0,0,0,7.09,15.0,0,409,1769592841.09,-8.987,meta-llama/Llama-3.2-1B-Instruct,"1769592841.090, 1769592841.156, 1769592841.247, 1769592841.354, 1769592841.409"
200.0,1,1769592814.5128,0.1128,3324,1026,4350,2.8474,0.0821,0.1304,200.0,0.0,100.0,39.0868,-160.8004,0.0,2149.9956,1769592853.7361283,1.81,8,279,0.0,0,0,0,6.29,15.0,0,409,1769592841.09,-8.987,meta-llama/Llama-3.2-1B-Instruct,"1769592841.090, 1769592841.156, 1769592841.247, 1769592841.354, 1769592841.409"
200.0,1,1769592814.7728,0.0278,3165,1027,4192,2.6757,0.0839,0.1236,200.0,0.0,100.0,38.914,-161.0582,0.0,2149.9956,1769592853.7435439,2.87,8,279,0.0,0,0,0,7.09,15.0,0,409,1769592841.09,-8.987,meta-llama/Llama-3.2-1B-Instruct,"1769592841.090, 1769592841.156, 1769592841.247, 1769592841.354, 1769592841.409"
1.0,0,1769592842.1415,10.313,27,32,59,0.0953,0.0911,0.1181,1.0,0.0,100.0,1.3353,9.4083,9.4083,2168.849,1769592853.797102,2.86,8,281,0.327,17,0,0,8.64,15.0,0,409,1769592841.09,-8.987,meta-llama/Llama-3.2-1B-Instruct,"1769592841.090, 1769592841.156, 1769592841.247, 1769592841.354, 1769592841.409"
1.0,0,1769592842.0659,10.3267,27,32,59,0.1184,0.0929,0.1196,1.0,0.0,100.0,1.4027,9.4451,9.4451,2178.2169,1769592853.8032837,2.85,8,282,0.327,17,0,0,8.64,15.0,0,409,1769592841.09,-8.987,meta-llama/Llama-3.2-1B-Instruct,"1769592841.090, 1769592841.156, 1769592841.247, 1769592841.354, 1769592841.409"
1.0,0,1769592842.1827,10.3131,27,32,59,0.0547,0.0882,0.12,1.0,0.0,100.0,1.3019,9.3678,9.3678,2178.2169,1769592853.8050644,2.84,8,282,0.327,18,1,0,8.64,15.0,0,409,1769592841.09,-8.987,meta-llama/Llama-3.2-1B-Instruct,"1769592841.090, 1769592841.156, 1769592841.247, 1769592841.354, 1769592841.409"
1.0,0,1769592842.5823,10.6669,27,12,39,0.1054,0.0864,0.0864,1.0,0.0,100.0,0.573,9.7723,9.7723,2187.9891,1769592853.8228462,2.83,8,283,0.326,13,0,0,8.64,15.0,0,409,1769592841.09,-8.987,meta-llama/Llama-3.2-1B-Instruct,"1769592841.090, 1769592841.156, 1769592841.247, 1769592841.354, 1769592841.409"
1.0,0,1769592842.2847,10.7926,27,32,59,0.0581,0.0912,0.1154,1.0,0.0,100.0,1.132,9.8506,9.8506,2197.8398,1769592854.2105772,2.82,8,284,0.328,15,0,0,8.64,15.0,0,409,1769592841.09,-8.987,meta-llama/Llama-3.2-1B-Instruct,"1769592841.090, 1769592841.156, 1769592841.247, 1769592841.354, 1769592841.409"
1.0,0,1769592842.5197,10.6583,27,32,59,0.0774,0.0914,0.1227,1.0,0.0,100.0,1.0524,9.7357,9.7357,2216.5919,1769592854.2428453,2.81,8,286,0.326,13,0,0,8.64,15.0,0,409,1769592841.09,-8.987,meta-llama/Llama-3.2-1B-Instruct,"1769592841.090, 1769592841.156, 1769592841.247, 1769592841.354, 1769592841.409"
1.0,0,1769592843.6079,9.9052,27,26,53,0.1113,0.0637,0.0714,1.0,0.0,100.0,0.7295,9.0165,9.0165,2216.5919,1769592854.244663,2.8,8,286,0.328,17,1,0,8.64,15.0,0,409,1769592841.09,-8.987,meta-llama/Llama-3.2-1B-Instruct,"1769592841.090, 1769592841.156, 1769592841.247, 1769592841.354, 1769592841.409"
1.0,0,1769592842.7002,10.5922,27,32,59,0.0629,0.0796,0.091,1.0,0.0,100.0,0.966,9.6551,9.6551,2226.247,1769592854.263412,2.79,8,287,0.327,13,0,0,8.64,15.0,0,409,1769592841.09,-8.987,meta-llama/Llama-3.2-1B-Instruct,"1769592841.090, 1769592841.156, 1769592841.247, 1769592841.354, 1769592841.409"
1.0,0,1769592842.7897,10.5566,27,32,59,0.0902,0.0784,0.0877,1.0,0.0,100.0,0.9225,9.6469,9.6469,2235.8939,1769592854.2697468,2.78,8,288,0.327,15,0,0,8.64,15.0,0,409,1769592841.09,-8.987,meta-llama/Llama-3.2-1B-Instruct,"1769592841.090, 1769592841.156, 1769592841.247, 1769592841.354, 1769592841.409"
1.0,0,1769592842.8409,10.5558,27,32,59,0.1206,0.0685,0.0886,1.0,0.0,100.0,0.8847,9.6765,9.6765,2255.0307,1769592854.2856326,2.77,8,290,0.327,15,0,0,8.64,15.0,0,409,1769592841.09,-8.987,meta-llama/Llama-3.2-1B-Instruct,"1769592841.090, 1769592841.156, 1769592841.247, 1769592841.354, 1769592841.409"
1.0,0,1769592843.0684,10.3888,27,31,58,0.0716,0.0751,0.0796,1.0,0.0,100.0,0.8246,9.4604,9.4604,2255.0307,1769592854.2858195,2.76,8,290,0.328,16,0,0,8.64,15.0,0,409,1769592841.09,-8.987,meta-llama/Llama-3.2-1B-Instruct,"1769592841.090, 1769592841.156, 1769592841.247, 1769592841.354, 1769592841.409"
1.0,0,1769592843.8532,9.701,27,32,59,0.0708,0.0605,0.0661,1.0,0.0,100.0,0.7408,8.7719,8.7719,2263.8026,1769592854.3004878,2.75,8,291,0.329,18,0,0,8.64,15.0,0,409,1769592841.09,-8.987,meta-llama/Llama-3.2-1B-Instruct,"1769592841.090, 1769592841.156, 1769592841.247, 1769592841.354, 1769592841.409"
1.0,0,1769592844.9256,9.6416,27,8,35,0.0603,0.1229,0.1229,1.0,0.0,100.0,0.4695,8.7019,8.7019,2281.5981,1769592855.0443149,2.74,8,293,0.004,11,1,0,8.64,15.0,0,409,1769592841.09,-8.987,meta-llama/Llama-3.2-1B-Instruct,"1769592841.090, 1769592841.156, 1769592841.247, 1769592841.354, 1769592841.409"
1.0,0,1769592843.8938,10.0199,27,32,59,0.0737,0.1132,0.1157,1.0,0.0,100.0,1.1264,9.0935,9.0935,2281.5981,1769592855.0460386,2.73,8,293,0.004,8,0,0,8.64,15.0,0,409,1769592841.09,-8.987,meta-llama/Llama-3.2-1B-Instruct,"1769592841.090, 1769592841.156, 1769592841.247, 1769592841.354, 1769592841.409"
1.0,0,1769592843.9906,9.9904,27,32,59,0.0606,0.1185,0.1207,1.0,0.0,100.0,1.096,9.051,9.051,2290.6491,1769592855.087789,2.72,8,294,0.005,9,0,0,8.64,15.0,0,409,1769592841.09,-8.987,meta-llama/Llama-3.2-1B-Instruct,"1769592841.090, 1769592841.156, 1769592841.247, 1769592841.354, 1769592841.409"
1.0,0,1769592844.1038,9.9305,27,32,59,0.0514,0.1133,0.1164,1.0,0.0,100.0,1.0553,8.9819,8.9819,2299.631,1769592855.0926495,2.71,8,295,0.005,10,0,0,8.64,15.0,0,409,1769592841.09,-8.987,meta-llama/Llama-3.2-1B-Instruct,"1769592841.090, 1769592841.156, 1769592841.247, 1769592841.354, 1769592841.409"
1.0,0,1769592844.1601,9.9161,27,32,59,0.0687,0.1249,0.1259,1.0,0.0,100.0,1.028,8.9848,8.9848,2308.6158,1769592855.1091645,2.7,8,296,0.005,10,0,0,8.64,15.0,0,409,1769592841.09,-8.987,meta-llama/Llama-3.2-1B-Instruct,"1769592841.090, 1769592841.156, 1769592841.247, 1769592841.354, 1769592841.409"
1.0,0,1769592844.1946,9.9378,27,32,59,0.075,0.1131,0.1185,1.0,0.0,100.0,1.0246,9.0128,9.0128,2317.6285,1769592855.1584606,2.69,8,297,0.006,12,0,0,8.64,15.0,0,449,1769592846.917,-8.197,meta-llama/Llama-3.2-1B-Instruct,"1769592846.917, 1769592846.944, 1769592846.968, 1769592847.307, 1769592847.430"
1.0,0,1769592844.4532,9.8899,27,34,61,0.051,0.1204,0.1235,1.0,0.0,100.0,1.0013,8.9408,8.9408,2344.7681,1769592855.3467934,2.68,8,300,0.002,5,0,0,8.64,15.0,0,449,1769592846.917,-8.197,meta-llama/Llama-3.2-1B-Instruct,"1769592846.917, 1769592846.944, 1769592846.968, 1769592847.307, 1769592847.430"
1.0,0,1769592844.3479,9.982,27,32,59,0.0745,0.1189,0.1232,1.0,0.0,100.0,1.013,9.0565,9.0565,2344.7681,1769592855.347008,2.68,8,300,0.006,12,0,0,8.64,15.0,0,449,1769592846.917,-8.197,meta-llama/Llama-3.2-1B-Instruct,"1769592846.917, 1769592846.944, 1769592846.968, 1769592847.307, 1769592847.430"
1.0,0,1769592844.2522,10.0822,27,32,59,0.06,0.1156,0.1216,1.0,0.0,100.0,1.0118,9.1422,9.1422,2344.7681,1769592855.3476884,2.67,8,300,0.006,12,1,0,8.64,15.0,0,449,1769592846.917,-8.197,meta-llama/Llama-3.2-1B-Instruct,"1769592846.917, 1769592846.944, 1769592846.968, 1769592847.307, 1769592847.430"
1.0,0,1769592844.4909,9.8955,27,32,59,0.0664,0.1143,0.119,1.0,0.0,100.0,0.9949,8.9618,8.9618,2362.4236,1769592855.390224,2.66,8,302,0.002,5,0,0,8.64,15.0,0,449,1769592846.917,-8.197,meta-llama/Llama-3.2-1B-Instruct,"1769592846.917, 1769592846.944, 1769592846.968, 1769592847.307, 1769592847.430"
1.0,0,1769592844.8824,9.6426,27,32,59,0.051,0.0555,0.121,1.0,0.0,100.0,0.8628,8.6937,8.6937,2380.1622,1769592855.3961232,2.65,8,304,0.004,10,1,0,8.64,15.0,0,449,1769592846.917,-8.197,meta-llama/Llama-3.2-1B-Instruct,"1769592846.917, 1769592846.944, 1769592846.968, 1769592847.307, 1769592847.430"
1.0,0,1769592844.591,9.8577,27,32,59,0.0936,0.0877,0.1189,1.0,0.0,100.0,0.9447,8.9513,8.9513,2380.1622,1769592855.3963351,2.63,8,304,0.003,9,0,0,8.64,15.0,0,449,1769592846.917,-8.197,meta-llama/Llama-3.2-1B-Instruct,"1769592846.917, 1769592846.944, 1769592846.968, 1769592847.307, 1769592847.430"
1.0,0,1769592844.7847,9.7037,27,32,59,0.0836,0.0608,0.1235,1.0,0.0,100.0,0.9032,8.7873,8.7873,2380.1622,1769592855.3966203,2.64,8,304,0.004,9,1,0,8.64,15.0,0,449,1769592846.917,-8.197,meta-llama/Llama-3.2-1B-Instruct,"1769592846.917, 1769592846.944, 1769592846.968, 1769592847.307, 1769592847.430"
1.0,0,1769592844.9894,9.6223,27,32,59,0.0928,0.0666,0.0865,1.0,0.0,100.0,0.845,8.7151,8.7151,2397.2115,1769592855.459091,2.62,8,306,0.005,12,1,0,8.64,15.0,0,449,1769592846.917,-8.197,meta-llama/Llama-3.2-1B-Instruct,"1769592846.917, 1769592846.944, 1769592846.968, 1769592847.307, 1769592847.430"
1.0,0,1769592845.418,9.2777,27,32,59,0.0565,0.0547,0.0687,1.0,0.0,100.0,0.7632,8.3342,8.3342,2405.6475,1769592855.460361,2.61,8,307,0.006,14,1,0,8.64,15.0,0,449,1769592846.917,-8.197,meta-llama/Llama-3.2-1B-Instruct,"1769592846.917, 1769592846.944, 1769592846.968, 1769592847.307, 1769592847.430"
1.0,0,1769592845.304,9.3368,27,32,59,0.0992,0.058,0.0595,1.0,0.0,100.0,0.8188,8.436,8.436,2405.6475,1769592855.4606388,2.61,8,307,0.005,13,1,0,8.64,15.0,0,449,1769592846.917,-8.197,meta-llama/Llama-3.2-1B-Instruct,"1769592846.917, 1769592846.944, 1769592846.968, 1769592847.307, 1769592847.430"
1.0,0,1769592845.5303,9.206,27,32,59,0.0869,0.0489,0.0615,1.0,0.0,100.0,0.7631,8.2928,8.2928,2422.0348,1769592855.503271,2.6,8,309,0.006,15,1,0,8.64,15.0,0,449,1769592846.917,-8.197,meta-llama/Llama-3.2-1B-Instruct,"1769592846.917, 1769592846.944, 1769592846.968, 1769592847.307, 1769592847.430"
1.0,0,1769592845.7342,9.045,27,32,59,0.0495,0.0524,0.0532,1.0,0.0,100.0,0.7207,8.0945,8.0945,2422.0348,1769592855.503462,2.59,8,309,0.007,16,0,0,8.64,15.0,0,449,1769592846.917,-8.197,meta-llama/Llama-3.2-1B-Instruct,"1769592846.917, 1769592846.944, 1769592846.968, 1769592847.307, 1769592847.430"
1.0,0,1769592845.788,9.0408,27,32,59,0.073,0.044,0.0632,1.0,0.0,100.0,0.6919,8.1138,8.1138,2430.1486,1769592855.5228572,2.58,8,310,0.007,17,1,0,8.64,15.0,0,449,1769592846.917,-8.197,meta-llama/Llama-3.2-1B-Instruct,"1769592846.917, 1769592846.944, 1769592846.968, 1769592847.307, 1769592847.430"
1.0,0,1769592845.8658,9.0225,27,32,59,0.0692,0.0464,0.0488,1.0,0.0,100.0,0.6612,8.0917,8.0917,2438.2403,1769592855.5505364,2.57,8,311,0.008,18,1,0,8.64,15.0,0,449,1769592846.917,-8.197,meta-llama/Llama-3.2-1B-Instruct,"1769592846.917, 1769592846.944, 1769592846.968, 1769592847.307, 1769592847.430"
1.0,0,1769592847.5601,8.3001,27,7,34,0.0947,0.064,0.064,1.0,0.0,100.0,0.276,7.3948,7.3948,2452.7751,1769592856.1495225,2.56,8,313,0.004,11,1,0,8.64,15.0,0,449,1769592846.917,-8.197,meta-llama/Llama-3.2-1B-Instruct,"1769592846.917, 1769592846.944, 1769592846.968, 1769592847.307, 1769592847.430"
1.0,0,1769592847.9189,8.0831,27,1,28,0.0569,,,1.0,,,0.1309,7.14,7.14,2452.7751,1769592856.150906,2.56,8,313,0.005,14,0,0,8.64,15.0,0,449,1769592846.917,-8.197,meta-llama/Llama-3.2-1B-Instruct,"1769592846.917, 1769592846.944, 1769592846.968, 1769592847.307, 1769592847.430"
1.0,0,1769592845.9166,9.3496,27,32,59,0.0739,0.1214,0.1919,1.0,0.0,100.0,1.0801,8.4235,8.4235,2461.1986,1769592856.3514032,2.55,8,314,0.008,14,0,0,8.64,15.0,0,449,1769592846.917,-8.197,meta-llama/Llama-3.2-1B-Instruct,"1769592846.917, 1769592846.944, 1769592846.968, 1769592847.307, 1769592847.430"
1.0,0,1769592848.7899,7.5843,27,0,27,,,,1.0,,,0.073,6.6573,6.6573,2467.8559,1769592856.4531052,2.54,8,315,0.008,17,0,0,8.64,15.0,0,449,1769592846.917,-8.197,meta-llama/Llama-3.2-1B-Instruct,"1769592846.917, 1769592846.944, 1769592846.968, 1769592847.307, 1769592847.430"
1.0,0,1769592845.9442,9.4188,27,32,59,0.0697,0.1283,0.1887,1.0,0.0,100.0,1.1751,8.4885,8.4885,2476.3444,1769592856.5400608,2.53,8,316,0.006,11,0,0,8.64,15.0,0,449,1769592846.917,-8.197,meta-llama/Llama-3.2-1B-Instruct,"1769592846.917, 1769592846.944, 1769592846.968, 1769592847.307, 1769592847.430"
1.0,0,1769592845.9684,9.4562,27,32,59,0.0763,0.1236,0.1897,1.0,0.0,100.0,1.1661,8.5325,8.5325,2484.8769,1769592856.6020408,2.52,8,317,0.005,8,0,0,8.64,15.0,0,449,1769592846.917,-8.197,meta-llama/Llama-3.2-1B-Instruct,"1769592846.917, 1769592846.944, 1769592846.968, 1769592847.307, 1769592847.430"
1.0,0,1769592846.4303,9.1447,27,32,59,0.079,0.1219,0.1839,1.0,0.0,100.0,1.2219,8.2238,8.2238,2509.6308,1769592856.8007512,2.52,8,320,0.001,3,0,0,8.64,15.0,0,449,1769592846.917,-8.197,meta-llama/Llama-3.2-1B-Instruct,"1769592846.917, 1769592846.944, 1769592846.968, 1769592847.307, 1769592847.430"
1.0,0,1769592846.3069,9.2657,27,32,59,0.079,0.1217,0.1895,1.0,0.0,100.0,1.2271,8.3447,8.3447,2533.8022,1769592856.8105216,2.51,8,323,0.003,6,1,0,8.64,15.0,0,449,1769592846.917,-8.197,meta-llama/Llama-3.2-1B-Instruct,"1769592846.917, 1769592846.944, 1769592846.968, 1769592847.307, 1769592847.430"
1.0,0,1769592846.4691,9.1255,27,32,59,0.0599,0.1272,0.1847,1.0,0.0,100.0,1.2059,8.1854,8.1854,2533.8022,1769592856.8110979,2.5,8,323,0.001,3,0,0,8.64,15.0,0,449,1769592846.917,-8.197,meta-llama/Llama-3.2-1B-Instruct,"1769592846.917, 1769592846.944, 1769592846.968, 1769592847.307, 1769592847.430"
1.0,0,1769592846.7231,8.9585,27,32,59,0.0867,0.0646,0.1894,1.0,0.0,100.0,1.1287,8.0452,8.0452,2533.8022,1769592856.8131547,2.48,8,323,0.002,6,0,0,8.64,15.0,0,449,1769592846.917,-8.197,meta-llama/Llama-3.2-1B-Instruct,"1769592846.917, 1769592846.944, 1769592846.968, 1769592847.307, 1769592847.430"
1.0,0,1769592846.6108,9.0115,27,32,59,0.1148,0.0921,0.1819,1.0,0.0,100.0,1.1875,8.1263,8.1263,2533.8022,1769592856.816072,2.48,8,323,0.001,3,0,0,8.64,15.0,0,449,1769592846.917,-8.197,meta-llama/Llama-3.2-1B-Instruct,"1769592846.917, 1769592846.944, 1769592846.968, 1769592847.307, 1769592847.430"
1.0,0,1769592847.0882,8.6737,27,32,59,0.0872,0.0565,0.1685,1.0,0.0,100.0,1.0687,7.7609,7.7609,2570.9078,1769592856.8452976,2.46,8,328,0.003,8,1,0,8.64,15.0,0,449,1769592846.917,-8.197,meta-llama/Llama-3.2-1B-Instruct,"1769592846.917, 1769592846.944, 1769592846.968, 1769592847.307, 1769592847.430"
1.0,0,1769592847.8699,8.0783,27,32,59,0.0641,0.06,0.0662,1.0,0.0,100.0,0.8875,7.1424,7.1424,2570.9078,1769592856.8457186,2.45,8,328,0.004,13,1,0,8.64,15.0,0,449,1769592846.917,-8.197,meta-llama/Llama-3.2-1B-Instruct,"1769592846.917, 1769592846.944, 1769592846.968, 1769592847.307, 1769592847.430"
1.0,0,1769592847.4743,8.348,27,32,59,0.0985,0.0768,0.1014,1.0,0.0,100.0,1.0078,7.4465,7.4465,2570.9078,1769592856.8459172,2.47,8,328,0.003,9,0,0,8.64,15.0,0,449,1769592846.917,-8.197,meta-llama/Llama-3.2-1B-Instruct,"1769592846.917, 1769592846.944, 1769592846.968, 1769592847.307, 1769592847.430"
1.0,0,1769592847.3294,8.457,27,31,58,0.0977,0.0568,0.1298,1.0,0.0,100.0,1.0481,7.5547,7.5547,2570.9078,1769592856.8461392,2.45,8,328,0.003,9,0,0,8.64,15.0,0,449,1769592846.917,-8.197,meta-llama/Llama-3.2-1B-Instruct,"1769592846.917, 1769592846.944, 1769592846.968, 1769592847.307, 1769592847.430"
1.0,0,1769592847.7577,8.1406,27,31,58,0.0603,0.0545,0.0549,1.0,0.0,100.0,0.938,7.201,7.201,2570.9078,1769592856.8463278,2.44,8,328,0.004,12,1,0,8.64,15.0,0,449,1769592846.917,-8.197,meta-llama/Llama-3.2-1B-Instruct,"1769592846.917, 1769592846.944, 1769592846.968, 1769592847.307, 1769592847.430"
1.0,0,1769592849.2822,7.6672,27,0,27,,,,1.0,,,0.0772,6.7444,6.7444,2577.6521,1769592857.0287766,2.43,8,329,0.004,9,0,0,8.64,15.0,0,449,1769592846.917,-8.197,meta-llama/Llama-3.2-1B-Instruct,"1769592846.917, 1769592846.944, 1769592846.968, 1769592847.307, 1769592847.430"
1.0,0,1769592847.9759,8.111,27,32,59,0.0956,0.0612,0.0613,1.0,0.0,100.0,0.9514,7.2066,7.2066,2584.8587,1769592857.0391738,2.42,8,330,0.006,15,0,0,8.64,15.0,0,449,1769592846.917,-8.197,meta-llama/Llama-3.2-1B-Instruct,"1769592846.917, 1769592846.944, 1769592846.968, 1769592847.307, 1769592847.430"
1.0,0,1769592848.126,8.0804,27,32,59,0.0879,0.0619,0.0619,1.0,0.0,100.0,1.056,7.1684,7.1684,2592.0271,1769592857.2633603,2.42,8,331,0.007,15,0,0,8.64,15.0,0,449,1769592846.917,-8.197,meta-llama/Llama-3.2-1B-Instruct,"1769592846.917, 1769592846.944, 1769592846.968, 1769592847.307, 1769592847.430"
1.0,0,1769592848.7181,7.6057,27,32,59,0.0558,0.0626,0.068,1.0,0.0,100.0,0.9706,6.6615,6.6615,2605.743,1769592857.2953598,2.41,8,333,0.008,16,0,0,8.64,15.0,0,449,1769592846.917,-8.197,meta-llama/Llama-3.2-1B-Instruct,"1769592846.917, 1769592846.944, 1769592846.968, 1769592847.307, 1769592847.430"
1.0,0,1769592848.3239,7.952,27,32,59,0.1024,0.0662,0.0703,1.0,0.0,100.0,1.0189,7.0544,7.0544,2605.743,1769592857.2956812,2.4,8,333,0.007,15,0,0,8.64,15.0,0,449,1769592846.917,-8.197,meta-llama/Llama-3.2-1B-Instruct,"1769592846.917, 1769592846.944, 1769592846.968, 1769592847.307, 1769592847.430"
1.0,0,1769592848.8382,7.5926,27,32,59,0.0689,0.0638,0.072,1.0,0.0,100.0,0.9132,6.6615,6.6615,2612.4045,1769592857.3466027,2.4,8,334,0.008,17,0,0,8.64,15.0,0,449,1769592846.917,-8.197,meta-llama/Llama-3.2-1B-Instruct,"1769592846.917, 1769592846.944, 1769592846.968, 1769592847.307, 1769592847.430"
1.0,0,1769592848.9849,7.5212,27,29,56,0.0807,0.0668,0.0689,1.0,0.0,100.0,0.9011,6.6018,6.6018,2619.0063,1769592857.4080582,2.39,8,335,0.008,17,1,0,8.64,15.0,0,449,1769592846.917,-8.197,meta-llama/Llama-3.2-1B-Instruct,"1769592846.917, 1769592846.944, 1769592846.968, 1769592847.307, 1769592847.430"
1.0,0,1769592849.0418,7.5238,27,32,59,0.0773,0.0643,0.0685,1.0,0.0,100.0,0.9234,6.6011,6.6011,2625.6074,1769592857.490689,2.38,8,336,0.008,17,0,0,8.64,15.0,0,449,1769592846.917,-8.197,meta-llama/Llama-3.2-1B-Instruct,"1769592846.917, 1769592846.944, 1769592846.968, 1769592847.307, 1769592847.430"
1.0,0,1769592849.1456,7.6914,27,32,59,0.0763,0.0621,0.0695,1.0,0.0,100.0,0.9881,6.7677,6.7677,2639.0433,1769592857.8415031,2.37,8,338,0.01,18,0,0,8.64,15.0,0,449,1769592846.917,-8.197,meta-llama/Llama-3.2-1B-Instruct,"1769592846.917, 1769592846.944, 1769592846.968, 1769592847.307, 1769592847.430"
1.0,0,1769592849.2437,7.581,27,32,59,0.0873,0.0674,0.0803,1.0,0.0,100.0,1.0029,6.6683,6.6683,2639.0433,1769592857.841743,2.37,8,338,0.01,18,0,0,8.64,15.0,0,449,1769592846.917,-8.197,meta-llama/Llama-3.2-1B-Instruct,"1769592846.917, 1769592846.944, 1769592846.968, 1769592847.307, 1769592847.430"
1.0,0,1769592850.4159,7.4125,27,1,28,0.0692,,,1.0,,,0.1198,6.4817,6.4817,2645.5251,1769592857.9540534,2.36,8,339,0.007,14,0,0,8.64,15.0,0,449,1769592846.917,-8.197,meta-llama/Llama-3.2-1B-Instruct,"1769592846.917, 1769592846.944, 1769592846.968, 1769592847.307, 1769592847.430"
1.0,0,1769592849.5074,7.5494,27,32,59,0.0586,0.0597,0.0614,1.0,0.0,100.0,0.9231,6.608,6.608,2658.9083,1769592857.983521,2.35,8,341,0.004,8,0,0,8.64,15.0,0,449,1769592846.917,-8.197,meta-llama/Llama-3.2-1B-Instruct,"1769592846.917, 1769592846.944, 1769592846.968, 1769592847.307, 1769592847.430"
1.0,0,1769592849.3393,7.6716,27,32,59,0.1037,0.0554,0.0676,1.0,0.0,100.0,0.9724,6.7753,6.7753,2658.9083,1769592857.9855742,2.35,8,341,0.005,9,0,0,8.64,15.0,0,449,1769592846.917,-8.197,meta-llama/Llama-3.2-1B-Instruct,"1769592846.917, 1769592846.944, 1769592846.968, 1769592847.307, 1769592847.430"
1.0,0,1769592849.5601,7.6172,27,32,59,0.0502,0.0517,0.0613,1.0,0.0,100.0,0.8719,6.6674,6.6674,2672.2616,1769592858.0572922,2.33,8,343,0.005,10,0,0,8.64,15.0,0,449,1769592846.917,-8.197,meta-llama/Llama-3.2-1B-Instruct,"1769592846.917, 1769592846.944, 1769592846.968, 1769592847.307, 1769592847.430"
1.0,0,1769592849.536,7.5962,27,32,59,0.0896,0.0548,0.0578,1.0,0.0,100.0,0.9152,6.6858,6.6858,2678.7035,1769592858.059845,2.34,8,344,0.005,10,0,0,8.64,15.0,0,449,1769592846.917,-8.197,meta-llama/Llama-3.2-1B-Instruct,"1769592846.917, 1769592846.944, 1769592846.968, 1769592847.307, 1769592847.430"
1.0,0,1769592849.8492,7.3784,27,32,59,0.0635,0.0554,0.0761,1.0,0.0,100.0,0.8313,6.4419,6.4419,2678.7035,1769592858.0657496,2.33,8,344,0.005,11,0,0,8.64,15.0,0,449,1769592846.917,-8.197,meta-llama/Llama-3.2-1B-Instruct,"1769592846.917, 1769592846.944, 1769592846.968, 1769592847.307, 1769592847.430"
1.0,0,1769592849.8898,7.4293,27,32,59,0.0776,0.0557,0.0671,1.0,0.0,100.0,0.8225,6.5069,6.5069,2685.2104,1769592858.1434848,2.32,8,345,0.005,10,0,0,8.64,15.0,0,449,1769592846.917,-8.197,meta-llama/Llama-3.2-1B-Instruct,"1769592846.917, 1769592846.944, 1769592846.968, 1769592847.307, 1769592847.430"
1.0,0,1769592849.9281,7.4547,27,32,59,0.062,0.0532,0.0629,1.0,0.0,100.0,0.8555,6.5167,6.5167,2691.7271,1769592858.239298,2.31,8,346,0.004,9,1,0,8.64,15.0,0,449,1769592846.917,-8.197,meta-llama/Llama-3.2-1B-Instruct,"1769592846.917, 1769592846.944, 1769592846.968, 1769592847.307, 1769592847.430"
1.0,0,1769592850.0378,7.4332,27,32,59,0.0761,0.0646,0.0878,1.0,0.0,100.0,0.9501,6.5092,6.5092,2698.2363,1769592858.424532,2.31,8,347,0.004,9,0,0,8.64,15.0,0,449,1769592846.917,-8.197,meta-llama/Llama-3.2-1B-Instruct,"1769592846.917, 1769592846.944, 1769592846.968, 1769592847.307, 1769592847.430"
1.0,0,1769592850.0769,7.4587,27,32,59,0.0668,0.0768,0.0831,1.0,0.0,100.0,1.0686,6.5255,6.5255,2704.7618,1769592858.6070821,2.3,8,348,0.005,10,0,0,8.64,15.0,0,449,1769592846.917,-8.197,meta-llama/Llama-3.2-1B-Instruct,"1769592846.917, 1769592846.944, 1769592846.968, 1769592847.307, 1769592847.430"
1.0,0,1769592850.1068,7.4813,27,30,57,0.0633,0.0807,0.0863,1.0,0.0,100.0,1.0417,6.5446,6.5446,2711.3064,1769592858.6314473,2.29,8,349,0.005,10,0,0,8.64,15.0,0,449,1769592846.917,-8.197,meta-llama/Llama-3.2-1B-Instruct,"1769592846.917, 1769592846.944, 1769592846.968, 1769592847.307, 1769592847.430"
1.0,0,1769592850.1532,7.4862,27,32,59,0.0968,0.0882,0.089,1.0,0.0,100.0,1.0325,6.5829,6.5829,2717.8894,1769592858.6741247,2.29,8,350,0.005,11,0,0,8.64,15.0,0,449,1769592846.917,-8.197,meta-llama/Llama-3.2-1B-Instruct,"1769592846.917, 1769592846.944, 1769592846.968, 1769592847.307, 1769592847.430"
1.0,0,1769592850.2531,7.4459,27,32,59,0.0802,0.0806,0.0821,1.0,0.0,100.0,1.0473,6.5261,6.5261,2724.4155,1769592858.753574,2.28,8,351,0.006,13,0,0,8.64,15.0,0,449,1769592846.917,-8.197,meta-llama/Llama-3.2-1B-Instruct,"1769592846.917, 1769592846.944, 1769592846.968, 1769592847.307, 1769592847.430"
1.0,0,1769592850.4407,7.4468,27,32,59,0.067,0.0876,0.0923,1.0,0.0,100.0,1.1008,6.5139,6.5139,2730.9294,1769592858.9891813,2.27,8,352,0.006,12,0,0,8.64,15.0,0,449,1769592846.917,-8.197,meta-llama/Llama-3.2-1B-Instruct,"1769592846.917, 1769592846.944, 1769592846.968, 1769592847.307, 1769592847.430"
1.0,0,1769592850.6654,7.4004,27,32,59,0.0722,0.0832,0.0914,1.0,0.0,100.0,1.2142,6.4726,6.4726,2743.6398,1769592859.282314,2.26,8,354,0.007,13,0,0,8.64,15.0,0,449,1769592846.917,-8.197,meta-llama/Llama-3.2-1B-Instruct,"1769592846.917, 1769592846.944, 1769592846.968, 1769592847.307, 1769592847.430"
1.0,0,1769592850.8967,7.174,27,32,59,0.0639,0.0774,0.0783,1.0,0.0,100.0,1.2089,6.2378,6.2378,2743.6398,1769592859.2825382,2.27,8,354,0.005,9,0,0,8.64,15.0,0,449,1769592846.917,-8.197,meta-llama/Llama-3.2-1B-Instruct,"1769592846.917, 1769592846.944, 1769592846.968, 1769592847.307, 1769592847.430"
1.0,0,1769592850.9938,7.1261,27,32,59,0.0685,0.0874,0.0898,1.0,0.0,100.0,1.1772,6.1946,6.1946,2749.8344,1769592859.2981975,2.25,8,355,0.005,8,1,0,8.64,15.0,0,449,1769592846.917,-8.197,meta-llama/Llama-3.2-1B-Instruct,"1769592846.917, 1769592846.944, 1769592846.968, 1769592847.307, 1769592847.430"
1.0,0,1769592851.0362,7.141,27,32,59,0.0607,0.0835,0.0879,1.0,0.0,100.0,1.1419,6.2017,6.2017,2767.7449,1769592859.331483,2.25,8,358,0.005,9,0,0,8.64,15.0,0,449,1769592846.917,-8.197,meta-llama/Llama-3.2-1B-Instruct,"1769592846.917, 1769592846.944, 1769592846.968, 1769592847.307, 1769592847.430"
1.0,0,1769592852.1156,6.5648,27,21,48,0.0668,0.0583,0.0656,1.0,0.0,100.0,0.6502,5.6316,5.6316,2767.7449,1769592859.3325682,2.24,8,358,0.007,15,0,0,8.64,15.0,0,449,1769592846.917,-8.197,meta-llama/Llama-3.2-1B-Instruct,"1769592846.917, 1769592846.944, 1769592846.968, 1769592847.307, 1769592847.430"
1.0,0,1769592851.4411,6.8706,27,32,59,0.0598,0.0633,0.0858,1.0,0.0,100.0,1.0479,5.9304,5.9304,2779.7677,1769592859.361873,2.23,8,360,0.005,11,0,0,8.64,15.0,0,449,1769592846.917,-8.197,meta-llama/Llama-3.2-1B-Instruct,"1769592846.917, 1769592846.944, 1769592846.968, 1769592847.307, 1769592847.430"
1.0,0,1769592851.2663,7.0066,27,32,59,0.0858,0.0644,0.0841,1.0,0.0,100.0,1.0878,6.0923,6.0923,2785.6863,1769592859.3624418,2.22,8,361,0.005,10,1,0,8.64,15.0,0,449,1769592846.917,-8.197,meta-llama/Llama-3.2-1B-Instruct,"1769592846.917, 1769592846.944, 1769592846.968, 1769592847.307, 1769592847.430"
1.0,0,1769592851.498,6.8541,27,32,59,0.0646,0.061,0.0855,1.0,0.0,100.0,1.0101,5.9187,5.9187,2785.6863,1769592859.3629756,2.22,8,361,0.005,12,1,0,8.64,15.0,0,449,1769592846.917,-8.197,meta-llama/Llama-3.2-1B-Instruct,"1769592846.917, 1769592846.944, 1769592846.968, 1769592847.307, 1769592847.430"
1.0,0,1769592851.5388,6.8597,27,32,59,0.092,0.0623,0.0723,1.0,0.0,100.0,0.9794,5.9517,5.9517,2803.4056,1769592859.384122,2.2,8,364,0.006,13,0,0,8.64,15.0,0,449,1769592846.917,-8.197,meta-llama/Llama-3.2-1B-Instruct,"1769592846.917, 1769592846.944, 1769592846.968, 1769592847.307, 1769592847.430"
1.0,0,1769592851.6295,6.8135,27,32,59,0.0578,0.0507,0.0609,1.0,0.0,100.0,0.9327,5.8713,5.8713,2803.4056,1769592859.3859415,2.21,8,364,0.006,13,1,0,8.64,15.0,0,449,1769592846.917,-8.197,meta-llama/Llama-3.2-1B-Instruct,"1769592846.917, 1769592846.944, 1769592846.968, 1769592847.307, 1769592847.430"
1.0,0,1769592851.6596,6.8254,27,32,59,0.0708,0.0548,0.0693,1.0,0.0,100.0,0.8978,5.8962,5.8962,2803.4056,1769592859.387491,2.2,8,364,0.006,14,1,0,8.64,15.0,0,449,1769592846.917,-8.197,meta-llama/Llama-3.2-1B-Instruct,"1769592846.917, 1769592846.944, 1769592846.968, 1769592847.307, 1769592847.430"
1.0,0,1769592851.8858,6.6499,27,32,59,0.0698,0.053,0.0735,1.0,0.0,100.0,0.8602,5.7197,5.7197,2814.6287,1769592859.3982458,2.19,8,366,0.007,15,1,0,8.64,15.0,0,449,1769592846.917,-8.197,meta-llama/Llama-3.2-1B-Instruct,"1769592846.917, 1769592846.944, 1769592846.968, 1769592847.307, 1769592847.430"
1.0,0,1769592852.3674,6.4251,27,23,50,0.0783,0.0539,0.056,1.0,0.0,100.0,0.6039,5.5034,5.5034,2814.6287,1769592859.3984234,2.19,8,366,0.007,15,1,0,8.64,15.0,0,449,1769592846.917,-8.197,meta-llama/Llama-3.2-1B-Instruct,"1769592846.917, 1769592846.944, 1769592846.968, 1769592847.307, 1769592847.430"
1.0,0,1769592851.9362,6.6734,27,32,59,0.0592,0.0595,0.0643,1.0,0.0,100.0,0.8123,5.7326,5.7326,2820.3613,1769592859.4229124,2.18,8,367,0.007,16,0,0,8.64,15.0,0,449,1769592846.917,-8.197,meta-llama/Llama-3.2-1B-Instruct,"1769592846.917, 1769592846.944, 1769592846.968, 1769592847.307, 1769592847.430"
1.0,0,1769592852.1807,6.553,27,32,59,0.0707,0.0559,0.0643,1.0,0.0,100.0,0.7542,5.6238,5.6238,2825.985,1769592859.4901364,2.17,8,368,0.007,15,0,0,8.64,15.0,0,449,1769592846.917,-8.197,meta-llama/Llama-3.2-1B-Instruct,"1769592846.917, 1769592846.944, 1769592846.968, 1769592847.307, 1769592847.430"
1.0,0,1769592852.4117,6.4425,27,32,59,0.0732,0.0482,0.0589,1.0,0.0,100.0,0.671,5.5157,5.5157,2831.5007,1769592859.5293953,2.17,8,369,0.007,17,0,0,8.64,15.0,0,449,1769592846.917,-8.197,meta-llama/Llama-3.2-1B-Instruct,"1769592846.917, 1769592846.944, 1769592846.968, 1769592847.307, 1769592847.430"
1.0,0,1769592853.357,6.2065,27,0,27,,,,1.0,,,0.0955,5.302,5.302,2836.8027,1769592859.659712,2.16,8,370,0.002,3,0,0,8.64,15.0,0,449,1769592846.917,-8.197,meta-llama/Llama-3.2-1B-Instruct,"1769592846.917, 1769592846.944, 1769592846.968, 1769592847.307, 1769592847.430"
1.0,0,1769592852.4596,6.4906,27,32,59,0.0612,0.0484,0.1785,1.0,0.0,100.0,0.8478,5.5518,5.5518,2842.3546,1769592859.7995796,2.16,8,371,0.008,18,0,0,8.64,15.0,0,449,1769592846.917,-8.197,meta-llama/Llama-3.2-1B-Instruct,"1769592846.917, 1769592846.944, 1769592846.968, 1769592847.307, 1769592847.430"
1.0,0,1769592854.1694,5.6424,27,0,27,,,,1.0,,,0.0594,4.7018,4.7018,2847.0563,1769592859.87363,2.15,8,372,0.003,7,1,0,8.64,15.0,0,449,1769592846.917,-8.197,meta-llama/Llama-3.2-1B-Instruct,"1769592846.917, 1769592846.944, 1769592846.968, 1769592847.307, 1769592847.430"
1.0,0,1769592852.5599,6.4783,27,33,60,0.0732,0.1199,0.1826,1.0,0.0,100.0,0.9527,5.5515,5.5515,2852.6079,1769592859.999069,2.14,8,373,0.009,18,0,0,8.64,15.0,0,449,1769592846.917,-8.197,meta-llama/Llama-3.2-1B-Instruct,"1769592846.917, 1769592846.944, 1769592846.968, 1769592847.307, 1769592847.430"
1.0,0,1769592852.5844,6.5083,27,32,59,0.0665,0.1331,0.18,1.0,0.0,100.0,0.9097,5.5749,5.5749,2858.1827,1769592860.0036488,2.14,8,374,0.009,18,0,0,8.64,15.0,0,449,1769592846.917,-8.197,meta-llama/Llama-3.2-1B-Instruct,"1769592846.917, 1769592846.944, 1769592846.968, 1769592847.307, 1769592847.430"
1.0,0,1769592853.3179,6.1949,27,32,59,0.0585,0.1255,0.177,1.0,0.0,100.0,1.3037,5.2534,5.2534,2863.4361,1769592860.825217,2.13,8,375,0.002,4,0,0,8.64,15.0,0,456,1769592855.702,-4.424,meta-llama/Llama-3.2-1B-Instruct,"1769592855.702, 1769592855.754, 1769592855.933, 1769592856.324, 1769592856.512"
1.0,0,1769592853.4135,6.1796,27,31,58,0.1038,0.0998,0.1239,1.0,0.0,100.0,1.259,5.2834,5.2834,2883.8238,1769592860.8603678,2.12,8,379,0.002,4,0,0,8.64,15.0,0,456,1769592855.702,-4.424,meta-llama/Llama-3.2-1B-Instruct,"1769592855.702, 1769592855.754, 1769592855.933, 1769592856.324, 1769592856.512"
1.0,0,1769592853.4731,6.1585,27,32,59,0.1038,0.0872,0.1244,1.0,0.0,100.0,1.216,5.2624,5.2624,2883.8238,1769592860.871523,2.13,8,379,0.002,5,1,0,8.64,15.0,0,456,1769592855.702,-4.424,meta-llama/Llama-3.2-1B-Instruct,"1769592855.702, 1769592855.754, 1769592855.933, 1769592856.324, 1769592856.512"
1.0,0,1769592854.0094,5.7597,27,32,59,0.0964,0.0659,0.0963,1.0,0.0,100.0,1.0877,4.8561,4.8561,2888.4454,1769592860.8739913,2.11,8,380,0.003,7,0,0,8.64,15.0,0,456,1769592855.702,-4.424,meta-llama/Llama-3.2-1B-Instruct,"1769592855.702, 1769592855.754, 1769592855.933, 1769592856.324, 1769592856.512"
1.0,0,1769592853.8409,5.8893,27,32,59,0.0965,0.0951,0.104,1.0,0.0,100.0,1.1249,4.9859,4.9859,2888.4454,1769592860.8750765,2.12,8,380,0.003,6,1,0,8.64,15.0,0,456,1769592855.702,-4.424,meta-llama/Llama-3.2-1B-Instruct,"1769592855.702, 1769592855.754, 1769592855.933, 1769592856.324, 1769592856.512"
1.0,0,1769592854.298,5.5607,27,32,59,0.0609,0.0587,0.0987,1.0,0.0,100.0,1.0142,4.6216,4.6216,2893.4988,1769592860.8814461,2.11,8,381,0.003,8,1,0,8.64,15.0,0,456,1769592855.702,-4.424,meta-llama/Llama-3.2-1B-Instruct,"1769592855.702, 1769592855.754, 1769592855.933, 1769592856.324, 1769592856.512"
1.0,0,1769592853.6851,5.996,27,32,59,0.0573,0.0885,0.1338,1.0,0.0,100.0,1.1948,5.0534,5.0534,2893.4988,1769592860.8865867,2.1,8,381,0.002,5,1,0,8.64,15.0,0,456,1769592855.702,-4.424,meta-llama/Llama-3.2-1B-Instruct,"1769592855.702, 1769592855.754, 1769592855.933, 1769592856.324, 1769592856.512"
1.0,0,1769592854.424,5.486,27,32,59,0.055,0.0613,0.0923,1.0,0.0,100.0,0.9771,4.541,4.541,2898.0397,1769592860.8902392,2.09,8,382,0.003,8,0,0,8.64,15.0,0,456,1769592855.702,-4.424,meta-llama/Llama-3.2-1B-Instruct,"1769592855.702, 1769592855.754, 1769592855.933, 1769592856.324, 1769592856.512"
1.0,0,1769592854.4642,5.5177,27,32,59,0.076,0.06,0.0923,1.0,0.0,100.0,0.9444,4.5938,4.5938,2902.6335,1769592860.9270227,2.09,8,383,0.004,10,0,0,8.64,15.0,0,456,1769592855.702,-4.424,meta-llama/Llama-3.2-1B-Instruct,"1769592855.702, 1769592855.754, 1769592855.933, 1769592856.324, 1769592856.512"
1.0,0,1769592854.5009,5.5431,27,32,59,0.0594,0.0584,0.0839,1.0,0.0,100.0,0.9116,4.6026,4.6026,2907.2361,1769592860.9599633,2.08,8,384,0.004,9,0,0,8.64,15.0,0,456,1769592855.702,-4.424,meta-llama/Llama-3.2-1B-Instruct,"1769592855.702, 1769592855.754, 1769592855.933, 1769592856.324, 1769592856.512"
1.0,0,1769592854.5905,5.5009,27,32,59,0.0631,0.0556,0.0807,1.0,0.0,100.0,0.88,4.564,4.564,2911.8001,1769592860.9773328,2.08,8,385,0.004,9,1,0,8.64,15.0,0,456,1769592855.702,-4.424,meta-llama/Llama-3.2-1B-Instruct,"1769592855.702, 1769592855.754, 1769592855.933, 1769592856.324, 1769592856.512"
1.0,0,1769592854.6606,5.4963,27,32,59,0.0678,0.0619,0.0896,1.0,0.0,100.0,0.8771,4.5641,4.5641,2916.3642,1769592861.0348656,2.07,8,386,0.005,11,0,0,8.64,15.0,0,456,1769592855.702,-4.424,meta-llama/Llama-3.2-1B-Instruct,"1769592855.702, 1769592855.754, 1769592855.933, 1769592856.324, 1769592856.512"
1.0,0,1769592854.7542,5.5072,27,32,59,0.0658,0.0937,0.2258,1.0,0.0,100.0,0.9984,4.573,4.573,2933.5462,1769592861.2787328,2.06,8,390,0.005,12,0,0,8.64,15.0,0,456,1769592855.702,-4.424,meta-llama/Llama-3.2-1B-Instruct,"1769592855.702, 1769592855.754, 1769592855.933, 1769592856.324, 1769592856.512"
1.0,0,1769592855.5124,4.9153,27,32,59,0.091,0.0855,0.2163,1.0,0.0,100.0,0.8422,4.0063,4.0063,2937.6457,1769592861.2835743,2.05,8,391,0.006,15,0,0,8.64,15.0,0,456,1769592855.702,-4.424,meta-llama/Llama-3.2-1B-Instruct,"1769592855.702, 1769592855.754, 1769592855.933, 1769592856.324, 1769592856.512"
1.0,0,1769592854.9332,5.3853,27,32,59,0.0818,0.0849,0.2248,1.0,0.0,100.0,0.9441,4.4671,4.4671,2946.2327,1769592861.2878323,2.06,8,393,0.006,14,0,0,8.64,15.0,0,456,1769592855.702,-4.424,meta-llama/Llama-3.2-1B-Instruct,"1769592855.702, 1769592855.754, 1769592855.933, 1769592856.324, 1769592856.512"
1.0,0,1769592855.7016,4.8762,27,32,59,0.0865,0.0584,0.2467,1.0,0.0,100.0,0.7092,3.9627,3.9627,2946.2327,1769592861.288813,2.04,8,393,0.009,17,0,0,8.64,15.0,0,456,1769592855.702,-4.424,meta-llama/Llama-3.2-1B-Instruct,"1769592855.702, 1769592855.754, 1769592855.933, 1769592856.324, 1769592856.512"
1.0,0,1769592855.3235,5.0519,27,32,59,0.0836,0.0861,0.2132,1.0,0.0,100.0,0.8787,4.1355,4.1355,2946.2327,1769592861.2941234,2.07,8,393,0.006,14,0,0,8.64,15.0,0,456,1769592855.702,-4.424,meta-llama/Llama-3.2-1B-Instruct,"1769592855.702, 1769592855.754, 1769592855.933, 1769592856.324, 1769592856.512"
1.0,0,1769592854.702,5.5092,27,32,59,0.1151,0.0829,0.2379,1.0,0.0,100.0,1.0746,4.6243,4.6243,2946.2327,1769592861.294387,2.04,8,393,0.005,11,0,0,8.64,15.0,0,456,1769592855.702,-4.424,meta-llama/Llama-3.2-1B-Instruct,"1769592855.702, 1769592855.754, 1769592855.933, 1769592856.324, 1769592856.512"
1.0,0,1769592855.5609,4.9968,27,32,59,0.1026,0.061,0.2224,1.0,0.0,100.0,0.7256,4.0995,4.0995,2950.2195,1769592861.3023992,2.05,8,394,0.007,17,0,0,8.64,15.0,0,456,1769592855.702,-4.424,meta-llama/Llama-3.2-1B-Instruct,"1769592855.702, 1769592855.754, 1769592855.933, 1769592856.324, 1769592856.512"
1.0,0,1769592855.7329,4.9218,27,32,59,0.065,0.0539,0.214,1.0,0.0,100.0,0.6472,3.9868,3.9868,2950.2195,1769592861.3057587,2.03,8,394,0.009,18,1,0,8.64,15.0,0,456,1769592855.702,-4.424,meta-llama/Llama-3.2-1B-Instruct,"1769592855.702, 1769592855.754, 1769592855.933, 1769592856.324, 1769592856.512"
1.0,0,1769592856.3016,5.1149,27,0,27,,,,1.0,,,0.0923,4.2072,4.2072,2954.4266,1769592861.5109446,2.03,8,395,0.002,4,1,0,8.64,15.0,0,456,1769592855.702,-4.424,meta-llama/Llama-3.2-1B-Instruct,"1769592855.702, 1769592855.754, 1769592855.933, 1769592856.324, 1769592856.512"
1.0,0,1769592855.7696,5.1679,27,32,59,0.0916,0.075,0.2183,1.0,0.0,100.0,0.8496,4.2595,4.2595,2963.1514,1769592861.7972739,2.02,8,397,0.006,11,0,0,8.64,15.0,0,456,1769592855.702,-4.424,meta-llama/Llama-3.2-1B-Instruct,"1769592855.702, 1769592855.754, 1769592855.933, 1769592856.324, 1769592856.512"
1.0,0,1769592855.7982,5.2204,27,32,59,0.2449,0.0582,0.0747,1.0,0.0,100.0,0.7707,4.4652,4.4652,2963.1514,1769592861.797556,2.02,8,397,0.005,9,1,0,8.64,15.0,0,456,1769592855.702,-4.424,meta-llama/Llama-3.2-1B-Instruct,"1769592855.702, 1769592855.754, 1769592855.933, 1769592856.324, 1769592856.512"
1.0,0,1769592856.4649,5.0494,27,12,39,0.0639,0.059,0.059,1.0,0.0,100.0,0.3407,4.1133,4.1133,2967.2647,1769592861.855909,2.01,8,398,0.002,6,0,0,8.64,15.0,0,456,1769592855.702,-4.424,meta-llama/Llama-3.2-1B-Instruct,"1769592855.702, 1769592855.754, 1769592855.933, 1769592856.324, 1769592856.512"
1.0,0,1769592855.8342,5.2187,27,32,59,0.2518,0.0773,0.0969,1.0,0.0,100.0,1.2076,4.4704,4.4704,2971.7351,1769592862.2620664,2.01,8,399,0.005,9,0,0,8.64,15.0,0,456,1769592855.702,-4.424,meta-llama/Llama-3.2-1B-Instruct,"1769592855.702, 1769592855.754, 1769592855.933, 1769592856.324, 1769592856.512"
1.0,0,1769592856.164,5.1559,27,32,59,0.0561,0.0597,0.0933,1.0,0.0,100.0,1.0005,4.2121,4.2121,2975.9472,1769592862.3243165,2.0,8,400,0.001,3,0,0,8.64,15.0,0,456,1769592855.702,-4.424,meta-llama/Llama-3.2-1B-Instruct,"1769592855.702, 1769592855.754, 1769592855.933, 1769592856.324, 1769592856.512"
1.0,0,1769592856.2514,5.1144,27,32,59,0.0571,0.0817,0.0943,1.0,0.0,100.0,1.0116,4.1715,4.1715,2984.2754,1769592862.393188,2.0,8,402,0.001,3,0,0,8.64,15.0,0,456,1769592855.702,-4.424,meta-llama/Llama-3.2-1B-Instruct,"1769592855.702, 1769592855.754, 1769592855.933, 1769592856.324, 1769592856.512"
1.0,0,1769592856.3516,5.1014,27,32,59,0.0553,0.0714,0.0936,1.0,0.0,100.0,0.9339,4.1567,4.1567,2984.2754,1769592862.39525,1.99,8,402,0.002,5,0,0,8.64,15.0,0,456,1769592855.702,-4.424,meta-llama/Llama-3.2-1B-Instruct,"1769592855.702, 1769592855.754, 1769592855.933, 1769592856.324, 1769592856.512"
1.0,0,1769592856.6043,4.975,27,32,59,0.0631,0.0726,0.1015,1.0,0.0,100.0,0.9756,4.0381,4.0381,2988.3135,1769592862.560385,1.99,8,403,0.003,7,0,0,8.64,15.0,0,456,1769592855.702,-4.424,meta-llama/Llama-3.2-1B-Instruct,"1769592855.702, 1769592855.754, 1769592855.933, 1769592856.324, 1769592856.512"
1.0,0,1769592856.9839,4.66,27,32,59,0.0757,0.0635,0.0917,1.0,0.0,100.0,1.0081,3.7357,3.7357,2992.0492,1769592862.6534564,1.98,8,404,0.003,8,0,0,8.64,15.0,0,456,1769592855.702,-4.424,meta-llama/Llama-3.2-1B-Instruct,"1769592855.702, 1769592855.754, 1769592855.933, 1769592856.324, 1769592856.512"
1.0,0,1769592857.1024,4.6959,27,32,59,0.0535,0.0656,0.0963,1.0,0.0,100.0,1.1616,3.7494,3.7494,2999.4986,1769592862.9619505,1.98,8,406,0.004,8,0,0,8.64,15.0,0,456,1769592855.702,-4.424,meta-llama/Llama-3.2-1B-Instruct,"1769592855.702, 1769592855.754, 1769592855.933, 1769592856.324, 1769592856.512"
1.0,0,1769592857.1521,4.6426,27,32,59,0.0574,0.07,0.0986,1.0,0.0,100.0,1.1664,3.7,3.7,2999.4986,1769592862.9622424,1.97,8,406,0.004,8,0,0,8.64,15.0,0,456,1769592855.702,-4.424,meta-llama/Llama-3.2-1B-Instruct,"1769592855.702, 1769592855.754, 1769592855.933, 1769592856.324, 1769592856.512"
1.0,0,1769592857.5046,4.3372,27,32,59,0.0747,0.0692,0.0958,1.0,0.0,100.0,1.1529,3.4119,3.4119,3006.3026,1769592862.998833,1.97,8,408,0.003,7,0,0,8.64,15.0,0,456,1769592855.702,-4.424,meta-llama/Llama-3.2-1B-Instruct,"1769592855.702, 1769592855.754, 1769592855.933, 1769592856.324, 1769592856.512"
1.0,0,1769592857.5571,4.3363,27,31,58,0.0558,0.074,0.0979,1.0,0.0,100.0,1.1052,3.3921,3.3921,3006.3026,1769592863.0007675,1.96,8,408,0.003,8,1,0,8.64,15.0,0,456,1769592855.702,-4.424,meta-llama/Llama-3.2-1B-Instruct,"1769592855.702, 1769592855.754, 1769592855.933, 1769592856.324, 1769592856.512"
1.0,0,1769592858.2017,3.9113,27,26,53,0.0861,0.0593,0.0659,1.0,0.0,100.0,0.9035,2.9973,2.9973,3009.3,1769592863.030439,1.96,8,409,0.006,13,0,0,8.64,15.0,0,456,1769592855.702,-4.424,meta-llama/Llama-3.2-1B-Instruct,"1769592855.702, 1769592855.754, 1769592855.933, 1769592856.324, 1769592856.512"
1.0,0,1769592858.0061,4.0058,27,32,59,0.0587,0.0603,0.0661,1.0,0.0,100.0,1.0309,3.0644,3.0644,3015.5654,1769592863.0496414,1.95,8,411,0.005,10,0,0,8.64,15.0,0,456,1769592855.702,-4.424,meta-llama/Llama-3.2-1B-Instruct,"1769592855.702, 1769592855.754, 1769592855.933, 1769592856.324, 1769592856.512"
1.0,0,1769592857.8674,4.0986,27,32,59,0.1024,0.06,0.061,1.0,0.0,100.0,1.0764,3.201,3.201,3015.5654,1769592863.053006,1.95,8,411,0.004,10,0,0,8.64,15.0,0,456,1769592855.702,-4.424,meta-llama/Llama-3.2-1B-Instruct,"1769592855.702, 1769592855.754, 1769592855.933, 1769592856.324, 1769592856.512"
1.0,0,1769592858.0858,3.9762,27,32,59,0.0581,0.0702,0.0731,1.0,0.0,100.0,0.993,3.0343,3.0343,3018.5997,1769592863.0561035,1.94,8,412,0.005,12,0,0,8.64,15.0,0,456,1769592855.702,-4.424,meta-llama/Llama-3.2-1B-Instruct,"1769592855.702, 1769592855.754, 1769592855.933, 1769592856.324, 1769592856.512"
1.0,0,1769592858.2469,3.935,27,32,59,0.0731,0.0566,0.066,1.0,0.0,100.0,0.9663,3.0081,3.0081,3021.6078,1769592863.166168,1.94,8,413,0.006,14,0,0,8.64,15.0,0,456,1769592855.702,-4.424,meta-llama/Llama-3.2-1B-Instruct,"1769592855.702, 1769592855.754, 1769592855.933, 1769592856.324, 1769592856.512"
1.0,0,1769592858.2884,4.0098,27,32,59,0.0807,0.0607,0.0649,1.0,0.0,100.0,0.9891,3.0906,3.0906,3024.6984,1769592863.2930343,1.93,8,414,0.007,14,0,0,8.64,15.0,0,456,1769592855.702,-4.424,meta-llama/Llama-3.2-1B-Instruct,"1769592855.702, 1769592855.754, 1769592855.933, 1769592856.324, 1769592856.512"
1.0,0,1769592858.3259,4.0422,27,32,59,0.0674,0.0662,0.0722,1.0,0.0,100.0,0.9617,3.1096,3.1096,3027.808,1769592863.3325374,1.93,8,415,0.006,13,0,0,8.64,15.0,0,456,1769592855.702,-4.424,meta-llama/Llama-3.2-1B-Instruct,"1769592855.702, 1769592855.754, 1769592855.933, 1769592856.324, 1769592856.512"
1.0,0,1769592858.3726,4.0515,27,32,59,0.0766,0.0602,0.0638,1.0,0.0,100.0,0.9328,3.1281,3.1281,3030.9361,1769592863.364845,1.92,8,416,0.006,12,0,0,8.64,15.0,0,456,1769592855.702,-4.424,meta-llama/Llama-3.2-1B-Instruct,"1769592855.702, 1769592855.754, 1769592855.933, 1769592856.324, 1769592856.512"
1.0,0,1769592858.4083,4.0709,27,32,59,0.0586,0.0586,0.0623,1.0,0.0,100.0,0.8912,3.1294,3.1294,3034.0655,1769592863.3740141,1.92,8,417,0.006,14,0,0,8.64,15.0,0,456,1769592855.702,-4.424,meta-llama/Llama-3.2-1B-Instruct,"1769592855.702, 1769592855.754, 1769592855.933, 1769592856.324, 1769592856.512"
1.0,0,1769592858.6484,3.893,27,32,59,0.0596,0.06,0.0628,1.0,0.0,100.0,0.8827,2.9525,2.9525,3037.0181,1769592863.4294426,1.91,8,418,0.006,14,0,0,8.64,15.0,0,456,1769592855.702,-4.424,meta-llama/Llama-3.2-1B-Instruct,"1769592855.702, 1769592855.754, 1769592855.933, 1769592856.324, 1769592856.512"
1.0,0,1769592858.7078,3.9057,27,32,59,0.0784,0.0661,0.0702,1.0,0.0,100.0,0.9292,2.9841,2.9841,3040.0022,1769592863.5487196,1.91,8,419,0.007,15,0,0,8.64,15.0,0,456,1769592855.702,-4.424,meta-llama/Llama-3.2-1B-Instruct,"1769592855.702, 1769592855.754, 1769592855.933, 1769592856.324, 1769592856.512"
1.0,0,1769592859.0709,3.6608,27,31,58,0.0648,0.0622,0.0743,1.0,0.0,100.0,0.8486,2.7256,2.7256,3045.723,1769592863.5830238,1.9,8,421,0.008,15,0,0,8.64,15.0,0,456,1769592855.702,-4.424,meta-llama/Llama-3.2-1B-Instruct,"1769592855.702, 1769592855.754, 1769592855.933, 1769592856.324, 1769592856.512"
1.0,0,1769592858.7547,3.922,27,32,59,0.0733,0.0577,0.0713,1.0,0.0,100.0,0.9048,2.9953,2.9953,3045.723,1769592863.5834284,1.9,8,421,0.007,14,1,0,8.64,15.0,0,456,1769592855.702,-4.424,meta-llama/Llama-3.2-1B-Instruct,"1769592855.702, 1769592855.754, 1769592855.933, 1769592856.324, 1769592856.512"
1.0,0,1769592859.483,3.3376,27,32,59,0.0622,0.0463,0.0738,1.0,0.0,100.0,0.773,2.3999,2.3999,3050.7163,1769592863.6014493,1.9,8,423,0.008,17,1,0,8.64,15.0,0,456,1769592855.702,-4.424,meta-llama/Llama-3.2-1B-Instruct,"1769592855.702, 1769592855.754, 1769592855.933, 1769592856.324, 1769592856.512"
1.0,0,1769592859.2828,3.4905,27,32,59,0.1028,0.0493,0.0529,1.0,0.0,100.0,0.8266,2.5934,2.5934,3050.7163,1769592863.603498,1.89,8,423,0.008,16,0,0,8.64,15.0,0,456,1769592855.702,-4.424,meta-llama/Llama-3.2-1B-Instruct,"1769592855.702, 1769592855.754, 1769592855.933, 1769592856.324, 1769592856.512"
1.0,0,1769592859.5393,3.3457,27,32,59,0.0653,0.0565,0.0787,1.0,0.0,100.0,0.77,2.411,2.411,3053.1273,1769592863.656395,1.89,8,424,0.009,19,0,0,8.64,15.0,0,456,1769592855.702,-4.424,meta-llama/Llama-3.2-1B-Instruct,"1769592855.702, 1769592855.754, 1769592855.933, 1769592856.324, 1769592856.512"
1.0,0,1769592859.5726,3.561,27,32,59,0.0682,0.0807,0.0877,1.0,0.0,100.0,1.0849,2.6292,2.6292,3055.7566,1769592864.2373884,1.88,8,425,0.006,11,0,0,8.64,15.0,0,456,1769592855.702,-4.424,meta-llama/Llama-3.2-1B-Instruct,"1769592855.702, 1769592855.754, 1769592855.933, 1769592856.324, 1769592856.512"
1.0,0,1769592859.7056,3.4994,27,32,59,0.0673,0.0596,0.0937,1.0,0.0,100.0,1.0605,2.5667,2.5667,3058.3232,1769592864.2671251,1.88,8,426,0.006,12,0,0,8.64,15.0,0,456,1769592855.702,-4.424,meta-llama/Llama-3.2-1B-Instruct,"1769592855.702, 1769592855.754, 1769592855.933, 1769592856.324, 1769592856.512"
1.0,0,1769592860.0193,3.2439,27,32,59,0.0685,0.0625,0.083,1.0,0.0,100.0,1.0194,2.3124,2.3124,3060.6356,1769592864.2839994,1.87,8,427,0.006,12,0,0,8.64,15.0,0,456,1769592855.702,-4.424,meta-llama/Llama-3.2-1B-Instruct,"1769592855.702, 1769592855.754, 1769592855.933, 1769592856.324, 1769592856.512"
1.0,0,1769592860.125,3.2253,27,32,59,0.069,0.0575,0.0774,1.0,0.0,100.0,0.9777,2.2942,2.2942,3062.9298,1769592864.3380723,1.87,8,428,0.006,11,0,0,8.64,15.0,0,456,1769592855.702,-4.424,meta-llama/Llama-3.2-1B-Instruct,"1769592855.702, 1769592855.754, 1769592855.933, 1769592856.324, 1769592856.512"
1.0,0,1769592860.1841,3.2215,27,32,59,0.062,0.0608,0.0869,1.0,0.0,100.0,0.9729,2.2836,2.2836,3065.2134,1769592864.3797636,1.86,8,429,0.006,11,0,0,8.64,15.0,0,456,1769592855.702,-4.424,meta-llama/Llama-3.2-1B-Instruct,"1769592855.702, 1769592855.754, 1769592855.933, 1769592856.324, 1769592856.512"
1.0,0,1769592860.2292,3.2529,27,32,59,0.0622,0.0543,0.0846,1.0,0.0,100.0,0.9793,2.3151,2.3151,3067.5285,1769592864.4876058,1.86,8,430,0.006,11,0,0,8.64,15.0,0,456,1769592855.702,-4.424,meta-llama/Llama-3.2-1B-Instruct,"1769592855.702, 1769592855.754, 1769592855.933, 1769592856.324, 1769592856.512"
1.0,0,1769592860.5387,3.0199,27,32,59,0.0882,0.0869,0.0896,1.0,0.0,100.0,1.1605,2.1081,2.1081,3069.6366,1769592864.7224689,1.86,8,431,0.005,11,0,0,8.64,15.0,0,456,1769592855.702,-4.424,meta-llama/Llama-3.2-1B-Instruct,"1769592855.702, 1769592855.754, 1769592855.933, 1769592856.324, 1769592856.512"
1.0,0,1769592860.621,3.0266,27,32,59,0.0745,0.087,0.0915,1.0,0.0,100.0,1.1329,2.1011,2.1011,3071.7377,1769592864.7862031,1.85,8,432,0.003,7,1,0,8.64,15.0,0,456,1769592855.702,-4.424,meta-llama/Llama-3.2-1B-Instruct,"1769592855.702, 1769592855.754, 1769592855.933, 1769592856.324, 1769592856.512"
1.0,0,1769592860.7401,2.969,27,32,59,0.0727,0.0896,0.0954,1.0,0.0,100.0,1.121,2.0417,2.0417,3073.7794,1769592864.8314388,1.85,8,433,0.003,8,0,0,8.64,15.0,0,456,1769592855.702,-4.424,meta-llama/Llama-3.2-1B-Instruct,"1769592855.702, 1769592855.754, 1769592855.933, 1769592856.324, 1769592856.512"
1.0,0,1769592863.8306,0.9681,27,0,27,,,,1.0,,,0.0779,0.046,0.046,3073.8254,1769592864.8773062,1.84,8,434,0.009,18,0,0,8.64,15.0,0,456,1769592855.702,-4.424,meta-llama/Llama-3.2-1B-Instruct,"1769592855.702, 1769592855.754, 1769592855.933, 1769592856.324, 1769592856.512"
1.0,0,1769592861.0304,2.7894,27,32,59,0.0898,0.084,0.0913,1.0,0.0,100.0,1.0843,1.8792,1.8792,3077.5502,1769592864.9098337,1.83,8,436,0.004,9,0,0,8.64,15.0,0,456,1769592855.702,-4.424,meta-llama/Llama-3.2-1B-Instruct,"1769592855.702, 1769592855.754, 1769592855.933, 1769592856.324, 1769592856.512"
1.0,0,1769592860.9924,2.7691,27,33,60,0.0764,0.0938,0.1033,1.0,0.0,100.0,1.1355,1.8455,1.8455,3077.5502,1769592864.910101,1.84,8,436,0.003,8,1,0,8.64,15.0,0,456,1769592855.702,-4.424,meta-llama/Llama-3.2-1B-Instruct,"1769592855.702, 1769592855.754, 1769592855.933, 1769592856.324, 1769592856.512"
1.0,0,1769592861.2711,2.5829,27,32,59,0.0597,0.0838,0.0896,1.0,0.0,100.0,1.057,1.6427,1.6427,3079.1928,1769592864.9215267,1.83,8,437,0.005,10,0,0,8.64,15.0,0,456,1769592855.702,-4.424,meta-llama/Llama-3.2-1B-Instruct,"1769592855.702, 1769592855.754, 1769592855.933, 1769592856.324, 1769592856.512"
1.0,0,1769592861.6778,2.2917,27,32,59,0.0525,0.0869,0.0901,1.0,0.0,100.0,0.9877,1.3442,1.3442,3084.119,1769592864.97617,1.83,8,441,0.005,12,0,0,8.64,15.0,0,456,1769592855.702,-4.424,meta-llama/Llama-3.2-1B-Instruct,"1769592855.702, 1769592855.754, 1769592855.933, 1769592856.324, 1769592856.512"
1.0,0,1769592861.393,2.5224,27,32,59,0.1068,0.0796,0.0865,1.0,0.0,100.0,1.0496,1.6292,1.6292,3084.6967,1769592864.982691,1.82,8,442,0.005,11,1,0,8.64,15.0,0,456,1769592855.702,-4.424,meta-llama/Llama-3.2-1B-Instruct,"1769592855.702, 1769592855.754, 1769592855.933, 1769592856.324, 1769592856.512"
1.0,0,1769592862.3442,1.7133,27,32,59,0.098,0.0839,0.089,1.0,0.0,100.0,0.9084,0.8113,0.8113,3084.6967,1769592864.9836364,1.82,8,442,0.006,14,1,0,8.64,15.0,0,456,1769592855.702,-4.424,meta-llama/Llama-3.2-1B-Instruct,"1769592855.702, 1769592855.754, 1769592855.933, 1769592856.324, 1769592856.512"
1.0,0,1769592862.5797,1.5154,27,32,59,0.0624,0.0854,0.0875,1.0,0.0,100.0,0.8826,0.5778,0.5778,3084.6967,1769592864.9856524,1.81,8,442,0.007,15,1,0,8.64,15.0,0,456,1769592855.702,-4.424,meta-llama/Llama-3.2-1B-Instruct,"1769592855.702, 1769592855.754, 1769592855.933, 1769592856.324, 1769592856.512"
1.0,0,1769592861.9317,2.0786,27,32,59,0.063,0.0883,0.0953,1.0,0.0,100.0,0.9562,1.1416,1.1416,3084.6967,1769592864.987559,1.81,8,442,0.006,13,1,0,8.64,15.0,0,456,1769592855.702,-4.424,meta-llama/Llama-3.2-1B-Instruct,"1769592855.702, 1769592855.754, 1769592855.933, 1769592856.324, 1769592856.512"
1.0,0,1769592862.7075,1.5885,27,33,60,0.1138,0.0852,0.0864,1.0,0.0,100.0,1.1199,0.7023,0.7023,3085.914,1769592865.4212003,1.81,8,444,0.007,17,0,0,8.64,15.0,0,465,1769592865.165,0.011,meta-llama/Llama-3.2-1B-Instruct,"1769592865.165, 1769592865.413, 1769592865.476, 1769592865.538, 1769592865.579"
1.0,0,1769592862.897,1.4534,27,32,59,0.0616,0.085,0.0966,1.0,0.0,100.0,1.0689,0.515,0.515,3085.914,1769592865.4214494,1.8,8,444,0.007,14,0,0,8.64,15.0,0,465,1769592865.165,0.011,meta-llama/Llama-3.2-1B-Instruct,"1769592865.165, 1769592865.413, 1769592865.476, 1769592865.538, 1769592865.579"
1.0,0,1769592862.8605,1.4444,27,32,59,0.106,0.0865,0.0969,1.0,0.0,100.0,1.1171,0.5504,0.5504,3086.4644,1769592865.4228692,1.8,8,445,0.008,17,0,0,8.64,15.0,0,465,1769592865.165,0.011,meta-llama/Llama-3.2-1B-Instruct,"1769592865.165, 1769592865.413, 1769592865.476, 1769592865.538, 1769592865.579"
1.0,0,1769592863.3103,1.2524,27,30,57,0.0949,0.053,0.0867,1.0,0.0,100.0,0.9393,0.3473,0.3473,3087.9105,1769592865.5069437,1.79,8,448,0.008,15,1,0,8.64,15.0,0,465,1769592865.165,0.011,meta-llama/Llama-3.2-1B-Instruct,"1769592865.165, 1769592865.413, 1769592865.476, 1769592865.538, 1769592865.579"
1.0,0,1769592862.9354,1.5345,27,32,59,0.1002,0.085,0.0912,1.0,0.0,100.0,1.0337,0.6348,0.6348,3087.9105,1769592865.5079677,1.79,8,448,0.007,15,0,0,8.64,15.0,0,465,1769592865.165,0.011,meta-llama/Llama-3.2-1B-Instruct,"1769592865.165, 1769592865.413, 1769592865.476, 1769592865.538, 1769592865.579"
1.0,0,1769592863.613,0.9892,27,32,59,0.0562,0.0557,0.0882,1.0,0.0,100.0,0.9176,0.0454,0.0454,3088.0407,1769592865.5209575,1.78,8,450,0.008,16,0,0,8.64,15.0,0,465,1769592865.165,0.011,meta-llama/Llama-3.2-1B-Instruct,"1769592865.165, 1769592865.413, 1769592865.476, 1769592865.538, 1769592865.579"
1.0,0,1769592864.0335,1.0304,27,15,42,0.0544,0.0614,0.0614,1.0,0.0,100.0,0.4564,0.0848,0.0848,3088.0407,1769592865.52116,1.78,8,450,0.005,10,0,0,8.64,15.0,0,465,1769592865.165,0.011,meta-llama/Llama-3.2-1B-Instruct,"1769592865.165, 1769592865.413, 1769592865.476, 1769592865.538, 1769592865.579"
1.0,0,1769592863.7397,0.9125,27,32,59,0.0677,0.0654,0.0931,1.0,0.0,100.0,0.8931,-0.0198,0.0,3088.1765,1769592865.548935,2.0,9,452,0.008,17,1,0,8.64,15.0,0,465,1769592865.165,0.011,meta-llama/Llama-3.2-1B-Instruct,"1769592865.165, 1769592865.413, 1769592865.476, 1769592865.538, 1769592865.579"
1.0,0,1769592863.9854,1.0384,27,17,44,0.0974,0.058,0.058,1.0,0.0,100.0,0.522,0.1358,0.1358,3088.1765,1769592865.549092,1.99,9,452,0.005,10,0,0,8.64,15.0,0,465,1769592865.165,0.011,meta-llama/Llama-3.2-1B-Instruct,"1769592865.165, 1769592865.413, 1769592865.476, 1769592865.538, 1769592865.579"
1.0,0,1769592863.7988,0.9021,27,32,59,0.0811,0.0565,0.0937,1.0,0.0,100.0,0.8569,-0.0168,0.0,3088.1765,1769592865.5596845,2.21,10,453,0.009,18,0,0,8.64,15.0,0,465,1769592865.165,0.011,meta-llama/Llama-3.2-1B-Instruct,"1769592865.165, 1769592865.413, 1769592865.476, 1769592865.538, 1769592865.579"
1.0,0,1769592863.8689,1.0884,27,32,59,0.0748,0.0964,0.1315,1.0,0.0,100.0,1.0813,0.1631,0.1631,3088.3396,1769592866.0487528,2.2,10,454,0.006,12,0,0,8.64,15.0,0,465,1769592865.165,0.011,meta-llama/Llama-3.2-1B-Instruct,"1769592865.165, 1769592865.413, 1769592865.476, 1769592865.538, 1769592865.579"
1.0,0,1769592864.0626,1.0443,27,32,59,0.0686,0.0786,0.1464,1.0,0.0,100.0,1.0043,0.1129,0.1129,3088.4525,1769592866.1124296,2.2,10,455,0.005,11,1,0,8.64,15.0,0,465,1769592865.165,0.011,meta-llama/Llama-3.2-1B-Instruct,"1769592865.165, 1769592865.413, 1769592865.476, 1769592865.538, 1769592865.579"
1.0,0,1769592864.1171,1.0415,27,32,59,0.0577,0.0814,0.1351,1.0,0.0,100.0,1.0056,0.0992,0.0992,3088.5517,1769592866.1674137,2.19,10,456,0.005,12,0,0,8.64,15.0,0,465,1769592865.165,0.011,meta-llama/Llama-3.2-1B-Instruct,"1769592865.165, 1769592865.413, 1769592865.476, 1769592865.538, 1769592865.579"
1.0,0,1769592864.165,1.0699,27,32,59,0.1014,0.0829,0.1321,1.0,0.0,100.0,1.009,0.1713,0.1713,3088.7231,1769592866.251935,2.19,10,457,0.006,14,0,0,8.64,15.0,0,465,1769592865.165,0.011,meta-llama/Llama-3.2-1B-Instruct,"1769592865.165, 1769592865.413, 1769592865.476, 1769592865.538, 1769592865.579"
1.0,0,1769592864.4129,0.8797,27,32,59,0.0585,0.0943,0.1212,1.0,0.0,100.0,0.9615,-0.0618,0.0,3088.7231,1769592866.2551582,2.4,11,458,0.007,14,0,0,8.64,15.0,0,465,1769592865.165,0.011,meta-llama/Llama-3.2-1B-Instruct,"1769592865.165, 1769592865.413, 1769592865.476, 1769592865.538, 1769592865.579"
1.0,0,1769592864.4764,0.8673,27,32,59,0.0663,0.085,0.1308,1.0,0.0,100.0,0.9655,-0.0664,0.0,3088.7231,1769592866.3104377,2.61,12,459,0.008,16,0,0,8.64,15.0,0,465,1769592865.165,0.011,meta-llama/Llama-3.2-1B-Instruct,"1769592865.165, 1769592865.413, 1769592865.476, 1769592865.538, 1769592865.579"
1.0,0,1769592864.538,0.994,27,32,59,0.0971,0.1298,0.139,1.0,0.0,100.0,1.1729,0.0911,0.0911,3088.8791,1769592866.7171378,2.61,12,462,0.008,16,1,0,8.64,15.0,0,465,1769592865.165,0.011,meta-llama/Llama-3.2-1B-Instruct,"1769592865.165, 1769592865.413, 1769592865.476, 1769592865.538, 1769592865.579"
1.0,0,1769592864.6181,0.9605,27,32,59,0.0544,0.1252,0.1354,1.0,0.0,100.0,1.1335,0.0149,0.0149,3088.8791,1769592866.7184682,2.6,12,462,0.003,6,1,0,8.64,15.0,0,465,1769592865.165,0.011,meta-llama/Llama-3.2-1B-Instruct,"1769592865.165, 1769592865.413, 1769592865.476, 1769592865.538, 1769592865.579"
1.0,0,1769592864.5787,0.9482,27,32,59,0.1018,0.137,0.142,1.0,0.0,100.0,1.1877,0.05,0.05,3088.8791,1769592866.722383,2.6,12,462,0.007,14,0,0,8.64,15.0,0,465,1769592865.165,0.011,meta-llama/Llama-3.2-1B-Instruct,"1769592865.165, 1769592865.413, 1769592865.476, 1769592865.538, 1769592865.579"
1.0,0,1769592864.8525,0.7962,27,32,59,0.1096,0.0618,0.1226,1.0,0.0,100.0,1.0784,-0.0942,0.0,3088.8791,1769592866.7315047,2.81,15,465,0.004,9,0,0,8.64,15.0,0,465,1769592865.165,0.011,meta-llama/Llama-3.2-1B-Instruct,"1769592865.165, 1769592865.413, 1769592865.476, 1769592865.538, 1769592865.579"
1.0,0,1769592864.9176,0.7867,27,32,59,0.0545,0.0651,0.1316,1.0,0.0,100.0,1.0233,-0.1588,0.0,3088.8791,1769592866.7321951,3.02,15,465,0.004,10,1,0,8.64,15.0,0,465,1769592865.165,0.011,meta-llama/Llama-3.2-1B-Instruct,"1769592865.165, 1769592865.413, 1769592865.476, 1769592865.538, 1769592865.579"
1.0,0,1769592864.7466,0.8768,27,32,59,0.0864,0.1097,0.1342,1.0,0.0,100.0,1.1066,-0.0368,0.0,3088.8791,1769592866.7324488,3.23,15,465,0.003,8,1,0,8.64,15.0,0,465,1769592865.165,0.011,meta-llama/Llama-3.2-1B-Instruct,"1769592865.165, 1769592865.413, 1769592865.476, 1769592865.538, 1769592865.579"
1.0,0,1769592864.9987,0.754,27,32,59,0.0608,0.064,0.1254,1.0,0.0,100.0,1.0058,-0.1853,0.0,3088.8791,1769592866.7623162,3.43,16,466,0.005,12,0,0,8.64,15.0,0,465,1769592865.165,0.011,meta-llama/Llama-3.2-1B-Instruct,"1769592865.165, 1769592865.413, 1769592865.476, 1769592865.538, 1769592865.579"
1.0,0,1769592865.0421,0.7525,27,32,59,0.0711,0.0643,0.1215,1.0,0.0,100.0,0.9777,-0.1764,0.0,3088.8791,1769592866.7747512,3.64,17,467,0.005,12,0,0,8.64,15.0,0,465,1769592865.165,0.011,meta-llama/Llama-3.2-1B-Instruct,"1769592865.165, 1769592865.413, 1769592865.476, 1769592865.538, 1769592865.579"
1.0,0,1769592865.1977,0.7728,27,26,53,0.0654,0.0693,0.1201,1.0,0.0,100.0,0.8248,-0.1619,0.0,3088.8791,1769592866.8003106,3.85,18,468,0.007,14,0,0,8.64,15.0,0,465,1769592865.165,0.011,meta-llama/Llama-3.2-1B-Instruct,"1769592865.165, 1769592865.413, 1769592865.476, 1769592865.538, 1769592865.579"
1.0,0,1769592865.37,0.8233,27,20,47,0.0548,0.1334,0.1334,1.0,0.0,100.0,0.622,-0.122,0.0,3088.8791,1769592866.8158329,4.05,19,469,0.007,14,1,0,8.64,15.0,0,465,1769592865.165,0.011,meta-llama/Llama-3.2-1B-Instruct,"1769592865.165, 1769592865.413, 1769592865.476, 1769592865.538, 1769592865.579"
1.0,0,1769592865.0759,0.8237,27,32,59,0.0913,0.0786,0.1175,1.0,0.0,100.0,0.9434,-0.085,0.0,3088.8791,1769592866.8453276,4.26,20,470,0.006,14,0,0,8.64,15.0,0,465,1769592865.165,0.011,meta-llama/Llama-3.2-1B-Instruct,"1769592865.165, 1769592865.413, 1769592865.476, 1769592865.538, 1769592865.579"
1.0,0,1769592865.2582,0.764,27,32,59,0.0885,0.0703,0.1288,1.0,0.0,100.0,0.8795,-0.1475,0.0,3088.8791,1769592866.9100342,4.46,21,471,0.008,15,0,0,8.64,15.0,0,465,1769592865.165,0.011,meta-llama/Llama-3.2-1B-Instruct,"1769592865.165, 1769592865.413, 1769592865.476, 1769592865.538, 1769592865.579"
1.0,0,1769592865.3196,0.814,27,32,59,0.0663,0.0691,0.1369,1.0,0.0,100.0,0.8535,-0.1197,0.0,3088.8791,1769592866.9915507,4.66,22,472,0.007,14,0,0,8.64,15.0,0,465,1769592865.165,0.011,meta-llama/Llama-3.2-1B-Instruct,"1769592865.165, 1769592865.413, 1769592865.476, 1769592865.538, 1769592865.579"
1.0,0,1769592865.5539,0.722,27,32,59,0.069,0.0617,0.1196,1.0,0.0,100.0,0.8191,-0.209,0.0,3088.8791,1769592867.0983543,4.86,23,473,0.006,14,0,0,8.64,15.0,0,465,1769592865.165,0.011,meta-llama/Llama-3.2-1B-Instruct,"1769592865.165, 1769592865.413, 1769592865.476, 1769592865.538, 1769592865.579"
1.0,0,1769592866.3218,0.1091,27,32,59,0.0563,0.0529,0.0607,1.0,0.0,100.0,0.7454,-0.8346,0.0,3088.8791,1769592867.1842837,5.06,26,476,0.008,15,1,0,8.64,15.0,0,465,1769592865.165,0.011,meta-llama/Llama-3.2-1B-Instruct,"1769592865.165, 1769592865.413, 1769592865.476, 1769592865.538, 1769592865.579"
1.0,0,1769592865.9443,0.457,27,32,59,0.078,0.0674,0.0737,1.0,0.0,100.0,0.7838,-0.4651,0.0,3088.8791,1769592867.1864374,5.66,27,477,0.007,14,1,0,8.64,15.0,0,465,1769592865.165,0.011,meta-llama/Llama-3.2-1B-Instruct,"1769592865.165, 1769592865.413, 1769592865.476, 1769592865.538, 1769592865.579"
1.0,0,1769592866.3652,0.1083,27,32,59,0.0672,0.0567,0.07,1.0,0.0,100.0,0.7075,-0.8245,0.0,3088.8791,1769592867.1866598,5.26,27,477,0.008,16,1,0,8.64,15.0,0,465,1769592865.165,0.011,meta-llama/Llama-3.2-1B-Instruct,"1769592865.165, 1769592865.413, 1769592865.476, 1769592865.538, 1769592865.579"
1.0,0,1769592865.5956,0.7541,27,32,59,0.0948,0.063,0.1013,1.0,0.0,100.0,0.8342,-0.1511,0.0,3088.8791,1769592867.1868563,5.46,27,477,0.007,14,0,0,8.64,15.0,0,465,1769592865.165,0.011,meta-llama/Llama-3.2-1B-Instruct,"1769592865.165, 1769592865.413, 1769592865.476, 1769592865.538, 1769592865.579"
1.0,0,1769592866.5048,0.0625,27,32,59,0.06,0.0418,0.0597,1.0,0.0,100.0,0.6328,-0.8775,0.0,3088.8791,1769592867.20113,6.05,29,479,0.009,18,0,0,8.64,15.0,0,465,1769592865.165,0.011,meta-llama/Llama-3.2-1B-Instruct,"1769592865.165, 1769592865.413, 1769592865.476, 1769592865.538, 1769592865.579"
1.0,0,1769592866.4059,0.1218,27,32,59,0.0914,0.0431,0.0597,1.0,0.0,100.0,0.6719,-0.7868,0.0,3088.8791,1769592867.2013195,5.86,29,479,0.008,17,0,0,8.64,15.0,0,465,1769592865.165,0.011,meta-llama/Llama-3.2-1B-Instruct,"1769592865.165, 1769592865.413, 1769592865.476, 1769592865.538, 1769592865.579"
200.0,1,1769592815.1862,52.0961,3025,0,3025,,,,200.0,,,2.6645,-145.2394,0.0,3088.8791,1769592869.9595592,6.25,30,480,0.035,4,0,0,8.64,15.0,0,465,1769592865.165,0.011,meta-llama/Llama-3.2-1B-Instruct,"1769592865.165, 1769592865.413, 1769592865.476, 1769592865.538, 1769592865.579"
1.0,0,1769592867.4515,0.0552,27,12,39,2.4354,0.3375,0.3375,1.0,0.0,100.0,3.0962,1.4907,1.4907,3090.3698,1769592870.6115172,6.24,30,481,0.035,4,0,0,8.64,15.0,0,545,1769592868.939,-1.216,meta-llama/Llama-3.2-1B-Instruct,"1769592868.939, 1769592869.003, 1769592869.070, 1769592869.184, 1769592869.252"
1.0,0,1769592866.5327,0.3541,27,32,59,0.0529,0.0598,3.0344,1.0,2.0344,99.78,3.8615,-0.593,0.0,3090.3698,1769592870.754817,6.43,31,482,0.005,9,0,0,8.64,15.0,0,545,1769592868.939,-1.216,meta-llama/Llama-3.2-1B-Instruct,"1769592868.939, 1769592869.003, 1769592869.070, 1769592869.184, 1769592869.252"
1.0,0,1769592866.628,0.3373,27,32,59,0.0667,0.0751,3.0343,1.0,2.0343,99.57,3.94,-0.5959,0.0,3090.3698,1769592870.9132323,6.63,32,483,0.005,9,0,0,8.64,15.0,0,545,1769592868.939,-1.216,meta-llama/Llama-3.2-1B-Instruct,"1769592868.939, 1769592869.003, 1769592869.070, 1769592869.184, 1769592869.252"
1.0,0,1769592867.0126,0.093,27,32,59,0.0778,0.0567,3.0399,1.0,2.0399,99.35,4.0756,-0.8292,0.0,3090.3698,1769592871.1827574,6.82,33,484,0.005,8,0,0,8.64,15.0,0,545,1769592868.939,-1.216,meta-llama/Llama-3.2-1B-Instruct,"1769592868.939, 1769592869.003, 1769592869.070, 1769592869.184, 1769592869.252"
1.0,0,1769592867.5469,0.0628,27,32,59,2.6312,0.0596,0.0607,1.0,0.0,99.36,3.6495,1.694,1.694,3098.4773,1769592871.2684717,6.79,33,489,0.035,4,0,0,8.64,15.0,0,545,1769592868.939,-1.216,meta-llama/Llama-3.2-1B-Instruct,"1769592868.939, 1769592869.003, 1769592869.070, 1769592869.184, 1769592869.252"
1.0,0,1769592867.6563,0.0584,27,32,59,2.5204,0.05,0.0609,1.0,0.0,99.36,3.544,1.5788,1.5788,3101.7465,1769592871.272793,6.8,33,491,0.239,11,2,0,8.64,15.0,0,545,1769592868.939,-1.216,meta-llama/Llama-3.2-1B-Instruct,"1769592868.939, 1769592869.003, 1769592869.070, 1769592869.184, 1769592869.252"
1.0,0,1769592867.5822,0.0566,27,32,59,2.6036,0.0562,0.058,1.0,0.0,99.36,3.6289,1.6602,1.6602,3101.7465,1769592871.2729702,6.76,33,491,0.239,11,2,0,8.64,15.0,0,545,1769592868.939,-1.216,meta-llama/Llama-3.2-1B-Instruct,"1769592868.939, 1769592869.003, 1769592869.070, 1769592869.184, 1769592869.252"
1.0,0,1769592867.6886,0.0542,27,32,59,2.4928,0.0572,0.0664,1.0,0.0,99.36,3.5177,1.547,1.547,3101.7465,1769592871.273181,6.78,33,491,0.239,11,2,0,8.64,15.0,0,545,1769592868.939,-1.216,meta-llama/Llama-3.2-1B-Instruct,"1769592868.939, 1769592869.003, 1769592869.070, 1769592869.184, 1769592869.252"
1.0,0,1769592867.7199,0.0526,27,32,59,2.4648,0.0482,0.064,1.0,0.0,99.36,3.4971,1.5174,1.5174,3101.7465,1769592871.274229,6.72,33,491,0.239,11,2,0,8.64,15.0,0,545,1769592868.939,-1.216,meta-llama/Llama-3.2-1B-Instruct,"1769592868.939, 1769592869.003, 1769592869.070, 1769592869.184, 1769592869.252"
1.0,0,1769592867.6163,0.0658,27,32,59,2.5616,0.0596,0.0654,1.0,0.0,99.36,3.5861,1.6274,1.6274,3103.473,1769592871.275091,6.75,33,492,0.239,11,2,0,8.64,15.0,0,545,1769592868.939,-1.216,meta-llama/Llama-3.2-1B-Instruct,"1769592868.939, 1769592869.003, 1769592869.070, 1769592869.184, 1769592869.252"
1.0,0,1769592867.4823,0.0605,27,32,59,2.6913,0.0466,0.0633,1.0,0.0,99.36,3.7263,1.7518,1.7518,3103.473,1769592871.2752666,6.73,33,492,0.035,4,0,0,8.64,15.0,0,545,1769592868.939,-1.216,meta-llama/Llama-3.2-1B-Instruct,"1769592868.939, 1769592869.003, 1769592869.070, 1769592869.184, 1769592869.252"
1.0,0,1769592867.8751,2.1795,27,32,59,0.1871,0.0471,0.0684,1.0,0.0,99.37,1.2214,1.3666,1.3666,3104.8396,1769592871.2770884,6.69,33,493,0.239,19,0,0,8.64,15.0,0,545,1769592868.939,-1.216,meta-llama/Llama-3.2-1B-Instruct,"1769592868.939, 1769592869.003, 1769592869.070, 1769592869.184, 1769592869.252"
1.0,0,1769592867.5134,0.056,27,32,59,2.6706,0.0528,0.0652,1.0,0.0,99.37,3.7054,1.7265,1.7265,3104.8396,1769592871.2774088,6.71,33,493,0.035,4,0,0,8.64,15.0,0,545,1769592868.939,-1.216,meta-llama/Llama-3.2-1B-Instruct,"1769592868.939, 1769592869.003, 1769592869.070, 1769592869.184, 1769592869.252"
200.0,1,1769592815.2166,52.1169,3283,38,3321,2.6043,0.0644,0.3469,200.0,0.0,99.37,4.1427,-143.7404,0.0,3104.8396,1769592871.4903166,6.88,34,494,0.035,4,0,0,8.64,15.0,0,545,1769592868.939,-1.216,meta-llama/Llama-3.2-1B-Instruct,"1769592868.939, 1769592869.003, 1769592869.070, 1769592869.184, 1769592869.252"
1.0,0,1769592867.9385,2.8372,27,22,49,0.0915,0.0514,0.0555,1.0,0.0,99.37,0.8094,1.9286,1.9286,3106.7682,1769592871.5870473,6.87,34,495,0.242,18,0,0,8.64,15.0,0,545,1769592868.939,-1.216,meta-llama/Llama-3.2-1B-Instruct,"1769592868.939, 1769592869.003, 1769592869.070, 1769592869.184, 1769592869.252"
1.0,0,1769592868.0034,2.8887,27,32,59,0.064,0.0962,0.1284,1.0,0.0,99.37,1.2027,1.9527,1.9527,3108.7209,1769592872.0989134,6.85,34,496,0.244,19,0,0,8.64,15.0,0,545,1769592868.939,-1.216,meta-llama/Llama-3.2-1B-Instruct,"1769592868.939, 1769592869.003, 1769592869.070, 1769592869.184, 1769592869.252"
1.0,0,1769592868.0705,2.9485,27,32,59,0.0674,0.095,0.1416,1.0,0.0,99.37,1.1619,2.0159,2.0159,3110.7368,1769592872.1855586,6.84,34,497,0.244,19,0,0,8.64,15.0,0,545,1769592868.939,-1.216,meta-llama/Llama-3.2-1B-Instruct,"1769592868.939, 1769592869.003, 1769592869.070, 1769592869.184, 1769592869.252"
1.0,0,1769592868.1841,3.142,27,32,59,0.079,0.1017,0.1367,1.0,0.0,99.37,1.2282,2.221,2.221,3112.9578,1769592872.558198,6.83,34,498,0.239,10,0,0,8.64,15.0,0,545,1769592868.939,-1.216,meta-llama/Llama-3.2-1B-Instruct,"1769592868.939, 1769592869.003, 1769592869.070, 1769592869.184, 1769592869.252"
1.0,0,1769592868.2515,3.1491,27,32,59,0.0707,0.1033,0.1317,1.0,0.0,99.38,1.2063,2.2198,2.2198,3115.1777,1769592872.6149163,6.81,34,499,0.24,11,0,0,8.64,15.0,0,545,1769592868.939,-1.216,meta-llama/Llama-3.2-1B-Instruct,"1769592868.939, 1769592869.003, 1769592869.070, 1769592869.184, 1769592869.252"
1.0,0,1769592868.3965,3.0805,27,31,58,0.0636,0.0966,0.1317,1.0,0.0,99.38,1.1899,2.1441,2.1441,3117.3218,1769592872.671191,6.8,34,500,0.24,11,0,0,8.64,15.0,0,545,1769592868.939,-1.216,meta-llama/Llama-3.2-1B-Instruct,"1769592868.939, 1769592869.003, 1769592869.070, 1769592869.184, 1769592869.252"
1.0,0,1769592868.4209,3.2159,27,32,59,0.0951,0.0988,0.1042,1.0,0.0,99.38,1.2991,2.311,2.311,3126.3567,1769592872.9398339,6.77,34,504,0.208,11,0,0,8.64,15.0,0,545,1769592868.939,-1.216,meta-llama/Llama-3.2-1B-Instruct,"1769592868.939, 1769592869.003, 1769592869.070, 1769592869.184, 1769592869.252"
1.0,0,1769592868.5661,3.151,27,32,59,0.0587,0.0745,0.0989,1.0,0.0,99.38,1.2191,2.2097,2.2097,3126.3567,1769592872.9401972,6.76,34,504,0.21,13,1,0,8.64,15.0,0,545,1769592868.939,-1.216,meta-llama/Llama-3.2-1B-Instruct,"1769592868.939, 1769592869.003, 1769592869.070, 1769592869.184, 1769592869.252"
1.0,0,1769592868.4839,3.1572,27,32,59,0.0914,0.0975,0.0987,1.0,0.0,99.38,1.2985,2.2486,2.2486,3126.3567,1769592872.9410477,6.75,34,504,0.209,11,0,0,8.64,15.0,0,545,1769592868.939,-1.216,meta-llama/Llama-3.2-1B-Instruct,"1769592868.939, 1769592869.003, 1769592869.070, 1769592869.184, 1769592869.252"
1.0,0,1769592868.5072,3.1602,27,31,58,0.1054,0.0634,0.1086,1.0,0.0,99.38,1.2666,2.2656,2.2656,3126.3567,1769592872.95219,6.79,34,504,0.21,11,0,0,8.64,15.0,0,545,1769592868.939,-1.216,meta-llama/Llama-3.2-1B-Instruct,"1769592868.939, 1769592869.003, 1769592869.070, 1769592869.184, 1769592869.252"
1.0,0,1769592868.5909,3.1762,27,32,59,0.0714,0.0738,0.0929,1.0,0.0,99.38,1.1855,2.2476,2.2476,3128.6043,1769592872.9559255,6.73,34,505,0.211,14,1,0,8.64,15.0,0,545,1769592868.939,-1.216,meta-llama/Llama-3.2-1B-Instruct,"1769592868.939, 1769592869.003, 1769592869.070, 1769592869.184, 1769592869.252"
1.0,0,1769592868.6154,3.2077,27,32,59,0.1111,0.0622,0.0659,1.0,0.0,99.38,1.1662,2.3188,2.3188,3133.2167,1769592872.9927895,6.72,34,507,0.211,15,0,0,8.64,15.0,0,545,1769592868.939,-1.216,meta-llama/Llama-3.2-1B-Instruct,"1769592868.939, 1769592869.003, 1769592869.070, 1769592869.184, 1769592869.252"
1.0,0,1769592868.6389,3.2276,27,32,59,0.0661,0.0637,0.0677,1.0,0.0,99.39,1.1243,2.2937,2.2937,3133.2167,1769592872.9930017,6.71,34,507,0.211,16,1,0,8.64,15.0,0,545,1769592868.939,-1.216,meta-llama/Llama-3.2-1B-Instruct,"1769592868.939, 1769592869.003, 1769592869.070, 1769592869.184, 1769592869.252"
1.0,0,1769592868.6631,3.2628,27,32,59,0.096,0.0542,0.0601,1.0,0.0,99.39,1.085,2.3588,2.3588,3137.9185,1769592873.0192833,6.68,34,509,0.212,17,1,0,8.64,15.0,0,545,1769592868.939,-1.216,meta-llama/Llama-3.2-1B-Instruct,"1769592868.939, 1769592869.003, 1769592869.070, 1769592869.184, 1769592869.252"
1.0,0,1769592868.6871,3.2874,27,32,59,0.0556,0.0538,0.0617,1.0,0.0,99.39,1.0361,2.343,2.343,3137.9185,1769592873.022084,6.69,34,509,0.212,18,0,0,8.64,15.0,0,545,1769592868.939,-1.216,meta-llama/Llama-3.2-1B-Instruct,"1769592868.939, 1769592869.003, 1769592869.070, 1769592869.184, 1769592869.252"
1.0,0,1769592868.7109,3.5188,27,32,59,0.0877,0.048,0.0614,1.0,0.0,99.39,0.9394,2.6065,2.6065,3140.525,1769592873.1777222,6.67,34,510,0.213,18,0,0,8.64,15.0,0,545,1769592868.939,-1.216,meta-llama/Llama-3.2-1B-Instruct,"1769592868.939, 1769592869.003, 1769592869.070, 1769592869.184, 1769592869.252"
1.0,0,1769592868.735,3.6131,27,32,59,0.0643,0.0517,0.0647,1.0,0.0,99.39,0.9213,2.6774,2.6774,3143.2024,1769592873.272184,6.65,34,511,0.214,19,0,0,8.64,15.0,0,545,1769592868.939,-1.216,meta-llama/Llama-3.2-1B-Instruct,"1769592868.939, 1769592869.003, 1769592869.070, 1769592869.184, 1769592869.252"
1.0,0,1769592868.7595,3.9614,27,32,59,0.0611,0.0807,0.1375,1.0,0.0,99.39,1.166,3.0225,3.0225,3146.2249,1769592873.892239,6.64,34,512,0.215,17,0,0,8.64,15.0,0,545,1769592868.939,-1.216,meta-llama/Llama-3.2-1B-Instruct,"1769592868.939, 1769592869.003, 1769592869.070, 1769592869.184, 1769592869.252"
1.0,0,1769592868.8798,3.9727,27,32,59,0.0864,0.0816,0.1384,1.0,0.0,99.39,1.1523,3.0591,3.0591,3152.4323,1769592874.0094423,6.63,34,514,0.215,18,0,0,8.64,15.0,0,545,1769592868.939,-1.216,meta-llama/Llama-3.2-1B-Instruct,"1769592868.939, 1769592869.003, 1769592869.070, 1769592869.184, 1769592869.252"
1.0,0,1769592868.7832,4.0641,27,32,59,0.0841,0.0814,0.1399,1.0,0.0,99.39,1.1587,3.1482,3.1482,3152.4323,1769592874.0096226,6.61,34,514,0.215,18,0,0,8.64,15.0,0,545,1769592868.939,-1.216,meta-llama/Llama-3.2-1B-Instruct,"1769592868.939, 1769592869.003, 1769592869.070, 1769592869.184, 1769592869.252"
1.0,0,1769592869.1616,4.2289,27,14,41,0.0982,0.0991,0.0991,1.0,0.0,99.4,0.644,3.3271,3.3271,3155.7594,1769592874.0377772,6.6,34,515,0.213,14,0,0,8.64,15.0,0,545,1769592868.939,-1.216,meta-llama/Llama-3.2-1B-Instruct,"1769592868.939, 1769592869.003, 1769592869.070, 1769592869.184, 1769592869.252"
1.0,0,1769592868.9038,4.2465,27,32,59,0.063,0.0789,0.1346,1.0,0.0,99.4,1.3349,3.3094,3.3094,3159.0688,1769592874.4859226,6.59,34,516,0.212,11,0,0,8.64,15.0,0,545,1769592868.939,-1.216,meta-llama/Llama-3.2-1B-Instruct,"1769592868.939, 1769592869.003, 1769592869.070, 1769592869.184, 1769592869.252"
1.0,0,1769592869.0307,4.167,27,32,59,0.1033,0.0867,0.1352,1.0,0.0,99.4,1.3094,3.2703,3.2703,3165.5863,1769592874.5136838,6.58,34,518,0.211,10,0,0,8.64,15.0,0,545,1769592868.939,-1.216,meta-llama/Llama-3.2-1B-Instruct,"1769592868.939, 1769592869.003, 1769592869.070, 1769592869.184, 1769592869.252"
1.0,0,1769592869.0545,4.1872,27,30,57,0.0601,0.081,0.131,1.0,0.0,99.4,1.2692,3.2472,3.2472,3165.5863,1769592874.5139875,6.56,34,518,0.212,11,1,0,8.64,15.0,0,545,1769592868.939,-1.216,meta-llama/Llama-3.2-1B-Instruct,"1769592868.939, 1769592869.003, 1769592869.070, 1769592869.184, 1769592869.252"
1.0,0,1769592869.115,4.1815,27,32,59,0.0906,0.0808,0.131,1.0,0.0,99.4,1.2303,3.2721,3.2721,3168.8585,1769592874.5330124,6.55,34,519,0.212,12,0,0,8.64,15.0,0,545,1769592868.939,-1.216,meta-llama/Llama-3.2-1B-Instruct,"1769592868.939, 1769592869.003, 1769592869.070, 1769592869.184, 1769592869.252"
1.0,0,1769592869.1381,4.1966,27,32,59,0.0536,0.0752,0.1321,1.0,0.0,99.4,1.1995,3.2502,3.2502,3172.1087,1769592874.5350387,6.54,34,520,0.212,12,0,0,8.64,15.0,0,545,1769592868.939,-1.216,meta-llama/Llama-3.2-1B-Instruct,"1769592868.939, 1769592869.003, 1769592869.070, 1769592869.184, 1769592869.252"
1.0,0,1769592869.3269,4.1449,27,32,59,0.0606,0.066,0.0692,1.0,0.0,99.4,1.1143,3.2055,3.2055,3178.581,1769592874.591808,6.51,34,522,0.213,15,1,0,8.64,15.0,0,545,1769592868.939,-1.216,meta-llama/Llama-3.2-1B-Instruct,"1769592868.939, 1769592869.003, 1769592869.070, 1769592869.184, 1769592869.252"
1.0,0,1769592869.2644,4.1665,27,32,59,0.1004,0.0684,0.0768,1.0,0.0,99.4,1.1544,3.2669,3.2669,3178.581,1769592874.6005278,6.53,34,522,0.213,14,0,0,8.64,15.0,0,545,1769592868.939,-1.216,meta-llama/Llama-3.2-1B-Instruct,"1769592868.939, 1769592869.003, 1769592869.070, 1769592869.184, 1769592869.252"
1.0,0,1769592869.3507,4.1721,27,32,59,0.0696,0.0703,0.071,1.0,0.0,99.4,1.0784,3.2417,3.2417,3181.8227,1769592874.603761,6.5,34,523,0.214,17,0,0,8.64,15.0,0,545,1769592868.939,-1.216,meta-llama/Llama-3.2-1B-Instruct,"1769592868.939, 1769592869.003, 1769592869.070, 1769592869.184, 1769592869.252"
1.0,0,1769592869.5429,4.067,27,32,59,0.0738,0.0597,0.0739,1.0,0.0,99.41,1.004,3.1407,3.1407,3188.2261,1769592874.6155293,6.49,34,525,0.215,18,1,0,8.64,15.0,0,545,1769592868.939,-1.216,meta-llama/Llama-3.2-1B-Instruct,"1769592868.939, 1769592869.003, 1769592869.070, 1769592869.184, 1769592869.252"
1.0,0,1769592869.4122,4.159,27,32,59,0.1036,0.0536,0.0845,1.0,0.0,99.41,1.044,3.2627,3.2627,3188.2261,1769592874.6162393,6.48,34,525,0.214,17,0,0,8.64,15.0,0,545,1769592868.939,-1.216,meta-llama/Llama-3.2-1B-Instruct,"1769592868.939, 1769592869.003, 1769592869.070, 1769592869.184, 1769592869.252"
1.0,0,1769592869.6022,4.53,27,32,59,0.0849,0.0768,0.0861,1.0,0.0,99.41,1.2183,3.6149,3.6149,3191.841,1769592875.3522637,6.46,34,526,0.216,16,0,0,8.64,15.0,0,579,1769592871.665,-3.491,meta-llama/Llama-3.2-1B-Instruct,"1769592871.665, 1769592871.860, 1769592871.985, 1769592872.046, 1769592872.125"
1.0,0,1769592870.2524,5.0142,27,0,27,,,,1.0,,,0.0985,4.1127,4.1127,3195.9537,1769592875.365933,6.45,34,527,0.218,18,0,0,8.64,15.0,0,579,1769592871.665,-3.491,meta-llama/Llama-3.2-1B-Instruct,"1769592871.665, 1769592871.860, 1769592871.985, 1769592872.046, 1769592872.125"
1.0,0,1769592869.6625,4.5378,27,32,59,0.0614,0.07,0.0822,1.0,0.0,99.41,1.2137,3.5993,3.5993,3199.553,1769592875.417329,6.44,34,528,0.217,17,0,0,8.64,15.0,0,579,1769592871.665,-3.491,meta-llama/Llama-3.2-1B-Instruct,"1769592871.665, 1769592871.860, 1769592871.985, 1769592872.046, 1769592872.125"
1.0,0,1769592869.6862,4.6107,27,32,59,0.1055,0.071,0.0752,1.0,0.0,99.41,1.2257,3.7162,3.7162,3206.9359,1769592875.5369782,6.43,34,530,0.218,18,0,0,8.64,15.0,0,579,1769592871.665,-3.491,meta-llama/Llama-3.2-1B-Instruct,"1769592871.665, 1769592871.860, 1769592871.985, 1769592872.046, 1769592872.125"
1.0,0,1769592869.7447,4.5887,27,32,59,0.078,0.0693,0.0718,1.0,0.0,99.41,1.2023,3.6667,3.6667,3206.9359,1769592875.5371768,6.42,34,530,0.218,18,0,0,8.64,15.0,0,579,1769592871.665,-3.491,meta-llama/Llama-3.2-1B-Instruct,"1769592871.665, 1769592871.860, 1769592871.985, 1769592872.046, 1769592872.125"
1.0,0,1769592869.8071,4.7809,27,32,59,0.0717,0.0702,0.0817,1.0,0.0,99.41,1.3189,3.8526,3.8526,3210.7886,1769592875.9129455,6.4,34,531,0.215,13,0,0,8.64,15.0,0,579,1769592871.665,-3.491,meta-llama/Llama-3.2-1B-Instruct,"1769592871.665, 1769592871.860, 1769592871.985, 1769592872.046, 1769592872.125"
1.0,0,1769592869.8545,4.8414,27,32,59,0.0496,0.0739,0.0777,1.0,0.0,99.41,1.2413,3.8911,3.8911,3218.5931,1769592875.940659,6.39,34,533,0.214,11,0,0,8.64,15.0,0,579,1769592871.665,-3.491,meta-llama/Llama-3.2-1B-Instruct,"1769592871.665, 1769592871.860, 1769592871.985, 1769592872.046, 1769592872.125"
1.0,0,1769592869.8312,4.8182,27,32,59,0.0953,0.0749,0.0859,1.0,0.0,99.42,1.2911,3.9135,3.9135,3218.5931,1769592875.9416,6.38,34,533,0.214,10,0,0,8.64,15.0,0,579,1769592871.665,-3.491,meta-llama/Llama-3.2-1B-Instruct,"1769592871.665, 1769592871.860, 1769592871.985, 1769592872.046, 1769592872.125"
1.0,0,1769592869.8792,4.8699,27,32,59,0.0742,0.0726,0.0841,1.0,0.0,99.42,1.2424,3.9441,3.9441,3222.5371,1769592875.994745,6.37,34,534,0.214,12,1,0,8.64,15.0,0,579,1769592871.665,-3.491,meta-llama/Llama-3.2-1B-Instruct,"1769592871.665, 1769592871.860, 1769592871.985, 1769592872.046, 1769592872.125"
1.0,0,1769592869.956,4.8547,27,32,59,0.0867,0.0762,0.078,1.0,0.0,99.42,1.2266,3.9414,3.9414,3226.4785,1769592876.0399976,6.36,34,535,0.215,13,0,0,8.64,15.0,0,579,1769592871.665,-3.491,meta-llama/Llama-3.2-1B-Instruct,"1769592871.665, 1769592871.860, 1769592871.985, 1769592872.046, 1769592872.125"
1.0,0,1769592870.0674,4.8028,27,32,59,0.075,0.0738,0.0813,1.0,0.0,99.42,1.1947,3.8778,3.8778,3230.3564,1769592876.0719476,6.34,34,536,0.215,14,1,0,8.64,15.0,0,579,1769592871.665,-3.491,meta-llama/Llama-3.2-1B-Instruct,"1769592871.665, 1769592871.860, 1769592871.985, 1769592872.046, 1769592872.125"
1.0,0,1769592870.0918,4.8792,27,33,60,0.1082,0.0704,0.0761,1.0,0.0,99.42,1.2779,3.9874,3.9874,3237.9716,1769592876.2557442,6.33,34,538,0.216,16,0,0,8.64,15.0,0,579,1769592871.665,-3.491,meta-llama/Llama-3.2-1B-Instruct,"1769592871.665, 1769592871.860, 1769592871.985, 1769592872.046, 1769592872.125"
1.0,0,1769592871.6231,4.5611,27,0,27,,,,1.0,,,0.0668,3.6278,3.6278,3237.9716,1769592876.2648962,6.32,34,538,0.219,16,0,0,8.64,15.0,0,579,1769592871.665,-3.491,meta-llama/Llama-3.2-1B-Instruct,"1769592871.665, 1769592871.860, 1769592871.985, 1769592872.046, 1769592872.125"
1.0,0,1769592870.1535,4.9082,27,32,59,0.088,0.0754,0.0778,1.0,0.0,99.42,1.2091,3.9962,3.9962,3241.9678,1769592876.272366,6.31,34,539,0.217,16,0,0,8.64,15.0,0,579,1769592871.665,-3.491,meta-llama/Llama-3.2-1B-Instruct,"1769592871.665, 1769592871.860, 1769592871.985, 1769592872.046, 1769592872.125"
1.0,0,1769592870.2157,5.0341,27,32,59,0.1138,0.0698,0.0791,1.0,0.0,99.42,1.2142,4.1478,4.1478,3246.1156,1769592876.4904072,6.3,34,540,0.218,18,0,0,8.64,15.0,0,579,1769592871.665,-3.491,meta-llama/Llama-3.2-1B-Instruct,"1769592871.665, 1769592871.860, 1769592871.985, 1769592872.046, 1769592872.125"
1.0,0,1769592870.6653,4.7983,27,32,59,0.0694,0.0735,0.1892,1.0,0.0,99.42,1.273,3.8677,3.8677,3249.9833,1769592876.737865,6.28,34,541,0.218,17,0,0,8.64,15.0,0,579,1769592871.665,-3.491,meta-llama/Llama-3.2-1B-Instruct,"1769592871.665, 1769592871.860, 1769592871.985, 1769592872.046, 1769592872.125"
1.0,0,1769592870.8604,4.6536,27,32,59,0.057,0.078,0.1974,1.0,0.0,99.42,1.2477,3.7107,3.7107,3253.694,1769592876.7631495,6.27,34,542,0.217,16,0,0,8.64,15.0,0,579,1769592871.665,-3.491,meta-llama/Llama-3.2-1B-Instruct,"1769592871.665, 1769592871.860, 1769592871.985, 1769592872.046, 1769592872.125"
1.0,0,1769592870.9848,4.569,27,32,59,0.0775,0.0777,0.203,1.0,0.0,99.43,1.2388,3.6465,3.6465,3257.3404,1769592876.7994647,6.26,34,543,0.218,16,0,0,8.64,15.0,0,579,1769592871.665,-3.491,meta-llama/Llama-3.2-1B-Instruct,"1769592871.665, 1769592871.860, 1769592871.985, 1769592872.046, 1769592872.125"
1.0,0,1769592871.0462,4.6122,27,32,59,0.0888,0.0545,0.1868,1.0,0.0,99.43,1.1823,3.701,3.701,3264.6692,1769592876.845446,6.25,34,545,0.219,18,0,0,8.64,15.0,0,579,1769592871.665,-3.491,meta-llama/Llama-3.2-1B-Instruct,"1769592871.665, 1769592871.860, 1769592871.985, 1769592872.046, 1769592872.125"
1.0,0,1769592871.1251,4.5767,27,32,59,0.0511,0.062,0.1891,1.0,0.0,99.43,1.1399,3.6278,3.6278,3264.6692,1769592876.846713,6.24,34,545,0.219,18,0,0,8.64,15.0,0,579,1769592871.665,-3.491,meta-llama/Llama-3.2-1B-Instruct,"1769592871.665, 1769592871.860, 1769592871.985, 1769592872.046, 1769592872.125"
1.0,0,1769592872.1246,4.3341,27,9,36,0.1191,0.1441,0.1441,1.0,0.0,99.43,0.4991,3.4532,3.4532,3268.1224,1769592876.9605212,6.23,34,546,0.219,15,0,0,8.64,15.0,0,579,1769592871.665,-3.491,meta-llama/Llama-3.2-1B-Instruct,"1769592871.665, 1769592871.860, 1769592871.985, 1769592872.046, 1769592872.125"
1.0,0,1769592873.5484,3.5875,27,1,28,0.1092,,,1.0,,,0.1615,2.6966,2.6966,3270.8191,1769592877.2979205,6.22,34,547,0.221,18,0,0,8.64,15.0,0,579,1769592871.665,-3.491,meta-llama/Llama-3.2-1B-Instruct,"1769592871.665, 1769592871.860, 1769592871.985, 1769592872.046, 1769592872.125"
1.0,0,1769592871.219,4.8295,27,32,59,0.0786,0.0806,0.196,1.0,0.0,99.43,1.3293,3.9081,3.9081,3274.7271,1769592877.379238,6.2,34,548,0.218,14,0,0,8.64,15.0,0,579,1769592871.665,-3.491,meta-llama/Llama-3.2-1B-Instruct,"1769592871.665, 1769592871.860, 1769592871.985, 1769592872.046, 1769592872.125"
1.0,0,1769592871.5553,4.5584,27,32,59,0.0757,0.0831,0.1942,1.0,0.0,99.43,1.2865,3.6341,3.6341,3278.3613,1769592877.4050589,6.19,34,549,0.218,14,0,0,8.64,15.0,0,579,1769592871.665,-3.491,meta-llama/Llama-3.2-1B-Instruct,"1769592871.665, 1769592871.860, 1769592871.985, 1769592872.046, 1769592872.125"
1.0,0,1769592871.7915,4.466,27,32,59,0.0869,0.084,0.197,1.0,0.0,99.43,1.354,3.5529,3.5529,3281.9142,1769592877.6126318,6.18,34,550,0.218,15,0,0,8.64,15.0,0,579,1769592871.665,-3.491,meta-llama/Llama-3.2-1B-Instruct,"1769592871.665, 1769592871.860, 1769592871.985, 1769592872.046, 1769592872.125"
1.0,0,1769592871.8404,4.4745,27,32,59,0.0764,0.0871,0.1898,1.0,0.0,99.43,1.3261,3.551,3.551,3285.4652,1769592877.6442606,6.17,34,551,0.219,14,0,0,8.64,15.0,0,579,1769592871.665,-3.491,meta-llama/Llama-3.2-1B-Instruct,"1769592871.665, 1769592871.860, 1769592871.985, 1769592872.046, 1769592872.125"
1.0,0,1769592873.1102,3.5142,27,32,59,0.0638,0.0804,0.083,1.0,0.0,99.43,1.2989,2.578,2.578,3297.6088,1769592877.9270284,6.15,34,555,0.22,18,1,0,8.64,15.0,0,579,1769592871.665,-3.491,meta-llama/Llama-3.2-1B-Instruct,"1769592871.665, 1769592871.860, 1769592871.985, 1769592872.046, 1769592872.125"
1.0,0,1769592872.3975,4.1275,27,32,59,0.1131,0.0842,0.0928,1.0,0.0,99.44,1.401,3.2407,3.2407,3297.6088,1769592877.927887,6.13,34,555,0.219,15,0,0,8.64,15.0,0,579,1769592871.665,-3.491,meta-llama/Llama-3.2-1B-Instruct,"1769592871.665, 1769592871.860, 1769592871.985, 1769592872.046, 1769592872.125"
1.0,0,1769592873.2735,3.6487,27,32,59,0.0674,0.0665,0.0829,1.0,0.0,99.44,1.2,2.7161,2.7161,3303.1414,1769592878.1269517,6.12,34,557,0.22,15,1,0,8.64,15.0,0,579,1769592871.665,-3.491,meta-llama/Llama-3.2-1B-Instruct,"1769592871.665, 1769592871.860, 1769592871.985, 1769592872.046, 1769592872.125"
1.0,0,1769592873.1722,3.6919,27,32,59,0.1246,0.0712,0.0749,1.0,0.0,99.44,1.2602,2.8165,2.8165,3303.1414,1769592878.128004,6.1,34,557,0.219,15,0,0,8.64,15.0,0,579,1769592871.665,-3.491,meta-llama/Llama-3.2-1B-Instruct,"1769592871.665, 1769592871.860, 1769592871.985, 1769592872.046, 1769592872.125"
1.0,0,1769592873.3639,3.6194,27,32,59,0.0892,0.0751,0.079,1.0,0.0,99.44,1.1846,2.7086,2.7086,3308.5254,1769592878.1792624,6.09,34,559,0.22,16,0,0,8.64,15.0,0,579,1769592871.665,-3.491,meta-llama/Llama-3.2-1B-Instruct,"1769592871.665, 1769592871.860, 1769592871.985, 1769592872.046, 1769592872.125"
1.0,0,1769592873.3985,3.6242,27,32,59,0.0512,0.0775,0.088,1.0,0.0,99.44,1.1463,2.6755,2.6755,3308.5254,1769592878.180923,6.08,34,559,0.22,16,0,0,8.64,15.0,0,579,1769592871.665,-3.491,meta-llama/Llama-3.2-1B-Instruct,"1769592871.665, 1769592871.860, 1769592871.985, 1769592872.046, 1769592872.125"
1.0,0,1769592873.5765,3.6178,27,32,59,0.06,0.0717,0.0753,1.0,0.0,99.44,1.1009,2.6778,2.6778,3311.2032,1769592878.2976367,6.07,34,560,0.221,18,0,0,8.64,15.0,0,579,1769592871.665,-3.491,meta-llama/Llama-3.2-1B-Instruct,"1769592871.665, 1769592871.860, 1769592871.985, 1769592872.046, 1769592872.125"
1.0,0,1769592873.6844,3.7668,27,32,59,0.0942,0.0959,0.0966,1.0,0.0,99.44,1.2792,2.861,2.861,3314.0643,1769592878.734824,6.06,34,561,0.222,17,0,0,8.64,15.0,0,579,1769592871.665,-3.491,meta-llama/Llama-3.2-1B-Instruct,"1769592871.665, 1769592871.860, 1769592871.985, 1769592872.046, 1769592872.125"
1.0,0,1769592874.0347,3.4974,27,32,59,0.0736,0.0928,0.1053,1.0,0.0,99.44,1.2271,2.571,2.571,3316.6353,1769592878.7625418,6.05,34,562,0.222,17,1,0,8.64,15.0,0,579,1769592871.665,-3.491,meta-llama/Llama-3.2-1B-Instruct,"1769592871.665, 1769592871.860, 1769592871.985, 1769592872.046, 1769592872.125"
1.0,0,1769592874.0988,3.5727,27,31,58,0.1024,0.0902,0.092,1.0,0.0,99.45,1.2016,2.6751,2.6751,3321.8501,1769592878.8758035,6.04,34,564,0.222,18,0,0,8.64,15.0,0,579,1769592871.665,-3.491,meta-llama/Llama-3.2-1B-Instruct,"1769592871.665, 1769592871.860, 1769592871.985, 1769592872.046, 1769592872.125"
1.0,0,1769592874.24,3.4929,27,32,59,0.0469,0.0937,0.097,1.0,0.0,99.45,1.1428,2.5398,2.5398,3321.8501,1769592878.8764408,6.03,34,564,0.222,17,1,0,8.64,15.0,0,579,1769592871.665,-3.491,meta-llama/Llama-3.2-1B-Instruct,"1769592871.665, 1769592871.860, 1769592871.985, 1769592872.046, 1769592872.125"
1.0,0,1769592874.4954,3.3076,27,32,59,0.0825,0.0948,0.0953,1.0,0.0,99.45,1.1302,2.39,2.39,3324.2402,1769592878.9522395,6.02,34,565,0.223,19,0,0,8.64,15.0,0,579,1769592871.665,-3.491,meta-llama/Llama-3.2-1B-Instruct,"1769592871.665, 1769592871.860, 1769592871.985, 1769592872.046, 1769592872.125"
1.0,0,1769592874.6292,3.4217,27,32,59,0.0768,0.0911,0.0959,1.0,0.0,99.45,1.0566,2.4984,2.4984,3326.7386,1769592879.1093488,6.01,34,566,0.222,16,0,0,8.64,15.0,0,579,1769592871.665,-3.491,meta-llama/Llama-3.2-1B-Instruct,"1769592871.665, 1769592871.860, 1769592871.985, 1769592872.046, 1769592872.125"
1.0,0,1769592874.6752,3.4664,27,32,59,0.11,0.0921,0.0979,1.0,0.0,99.45,1.0476,2.5765,2.5765,3331.8526,1769592879.196512,5.99,34,568,0.22,13,0,0,8.64,15.0,0,579,1769592871.665,-3.491,meta-llama/Llama-3.2-1B-Instruct,"1769592871.665, 1769592871.860, 1769592871.985, 1769592872.046, 1769592872.125"
1.0,0,1769592874.718,3.4848,27,32,59,0.0528,0.0953,0.0977,1.0,0.0,99.45,0.9831,2.5376,2.5376,3331.8526,1769592879.199568,6.0,34,568,0.221,13,0,0,8.64,15.0,0,579,1769592871.665,-3.491,meta-llama/Llama-3.2-1B-Instruct,"1769592871.665, 1769592871.860, 1769592871.985, 1769592872.046, 1769592872.125"
1.0,0,1769592875.1069,3.1592,27,32,59,0.0766,0.0956,0.1068,1.0,0.0,99.45,0.9891,2.2358,2.2358,3334.0885,1769592879.2611465,5.98,34,569,0.222,15,0,0,8.64,15.0,0,579,1769592871.665,-3.491,meta-llama/Llama-3.2-1B-Instruct,"1769592871.665, 1769592871.860, 1769592871.985, 1769592872.046, 1769592872.125"
1.0,0,1769592875.4874,2.8483,27,32,59,0.1135,0.0623,0.1043,1.0,0.0,99.45,0.9871,1.9617,1.9617,3337.9812,1769592879.3240123,5.96,34,571,0.221,15,0,0,8.64,15.0,0,579,1769592871.665,-3.491,meta-llama/Llama-3.2-1B-Instruct,"1769592871.665, 1769592871.860, 1769592871.985, 1769592872.046, 1769592872.125"
1.0,0,1769592875.5194,2.8662,27,32,59,0.0648,0.0599,0.1033,1.0,0.0,99.45,0.9377,1.931,1.931,3337.9812,1769592879.3242207,5.95,34,571,0.221,15,0,0,8.64,15.0,0,579,1769592871.665,-3.491,meta-llama/Llama-3.2-1B-Instruct,"1769592871.665, 1769592871.860, 1769592871.985, 1769592872.046, 1769592872.125"
1.0,0,1769592875.7834,2.7014,27,32,59,0.0595,0.0669,0.0886,1.0,0.0,99.45,0.9232,1.7609,1.7609,3341.7052,1769592879.4111853,5.94,34,573,0.222,17,0,0,8.64,15.0,0,579,1769592871.665,-3.491,meta-llama/Llama-3.2-1B-Instruct,"1769592871.665, 1769592871.860, 1769592871.985, 1769592872.046, 1769592872.125"
1.0,0,1769592875.5819,2.8594,27,32,59,0.1038,0.0613,0.0952,1.0,0.0,99.46,0.9697,1.9631,1.9631,3341.7052,1769592879.412015,5.93,34,573,0.222,16,1,0,8.64,15.0,0,579,1769592871.665,-3.491,meta-llama/Llama-3.2-1B-Instruct,"1769592871.665, 1769592871.860, 1769592871.985, 1769592872.046, 1769592872.125"
1.0,0,1769592875.8727,2.6665,27,32,59,0.0753,0.0889,0.1032,1.0,0.0,99.46,0.9677,1.7418,1.7418,3343.447,1769592879.5074732,5.92,34,574,0.223,18,1,0,8.64,15.0,0,579,1769592871.665,-3.491,meta-llama/Llama-3.2-1B-Instruct,"1769592871.665, 1769592871.860, 1769592871.985, 1769592872.046, 1769592872.125"
1.0,0,1769592877.2806,2.7079,27,1,28,0.0635,,,1.0,,,0.1097,1.7714,1.7714,3345.2185,1769592880.1006644,5.91,34,575,0.224,17,0,0,8.64,15.0,0,579,1769592871.665,-3.491,meta-llama/Llama-3.2-1B-Instruct,"1769592871.665, 1769592871.860, 1769592871.985, 1769592872.046, 1769592872.125"
1.0,0,1769592876.0198,3.1518,27,32,59,0.0689,0.0941,0.1144,1.0,0.0,99.46,1.2751,2.2207,2.2207,3347.4392,1769592880.4523628,5.9,34,576,0.224,14,0,0,8.64,15.0,0,602,1769592878.564,-1.597,meta-llama/Llama-3.2-1B-Instruct,"1769592878.564, 1769592878.592, 1769592878.962, 1769592879.102, 1769592879.310"
1.0,0,1769592876.2886,2.9996,27,32,59,0.0657,0.0951,0.1086,1.0,0.0,99.46,1.2405,2.0653,2.0653,3351.6342,1769592880.5333152,5.89,34,578,0.222,12,0,0,8.64,15.0,0,602,1769592878.564,-1.597,meta-llama/Llama-3.2-1B-Instruct,"1769592878.564, 1769592878.592, 1769592878.962, 1769592879.102, 1769592879.310"
1.0,0,1769592876.216,3.041,27,32,59,0.0887,0.0965,0.1184,1.0,0.0,99.46,1.2741,2.1297,2.1297,3351.6342,1769592880.5335155,5.88,34,578,0.223,13,0,0,8.64,15.0,0,602,1769592878.564,-1.597,meta-llama/Llama-3.2-1B-Instruct,"1769592878.564, 1769592878.592, 1769592878.962, 1769592879.102, 1769592879.310"
1.0,0,1769592876.3791,2.9623,27,32,59,0.0939,0.0721,0.1192,1.0,0.0,99.46,1.2106,2.0562,2.0562,3355.6368,1769592880.5583158,5.87,34,580,0.222,11,1,0,8.64,15.0,0,602,1769592878.564,-1.597,meta-llama/Llama-3.2-1B-Instruct,"1769592878.564, 1769592878.592, 1769592878.962, 1769592879.102, 1769592879.310"
1.0,0,1769592876.5057,2.8795,27,32,59,0.0669,0.0666,0.1161,1.0,0.0,99.46,1.1718,1.9464,1.9464,3355.6368,1769592880.5602825,5.86,34,580,0.222,12,1,0,8.64,15.0,0,602,1769592878.564,-1.597,meta-llama/Llama-3.2-1B-Instruct,"1769592878.564, 1769592878.592, 1769592878.962, 1769592879.102, 1769592879.310"
1.0,0,1769592876.5977,2.8478,27,32,59,0.0611,0.072,0.1154,1.0,0.0,99.46,1.1424,1.9089,1.9089,3357.5457,1769592880.597387,5.85,34,581,0.221,12,0,0,8.64,15.0,0,602,1769592878.564,-1.597,meta-llama/Llama-3.2-1B-Instruct,"1769592878.564, 1769592878.592, 1769592878.962, 1769592879.102, 1769592879.310"
1.0,0,1769592876.8236,2.678,27,32,59,0.0473,0.0658,0.1202,1.0,0.0,99.46,1.1045,1.7253,1.7253,3359.2711,1769592880.6069794,5.84,34,582,0.221,12,0,0,8.64,15.0,0,602,1769592878.564,-1.597,meta-llama/Llama-3.2-1B-Instruct,"1769592878.564, 1769592878.592, 1769592878.962, 1769592879.102, 1769592879.310"
1.0,0,1769592876.8932,2.8143,27,32,59,0.1136,0.0933,0.123,1.0,0.0,99.46,1.3788,1.9279,1.9279,3363.0745,1769592881.0894358,5.83,34,584,0.223,13,0,0,8.64,15.0,0,602,1769592878.564,-1.597,meta-llama/Llama-3.2-1B-Instruct,"1769592878.564, 1769592878.592, 1769592878.962, 1769592879.102, 1769592879.310"
1.0,0,1769592876.9542,2.8192,27,32,59,0.0563,0.0979,0.119,1.0,0.0,99.47,1.3146,1.8755,1.8755,3363.0745,1769592881.0925562,5.82,34,584,0.223,13,0,0,8.64,15.0,0,602,1769592878.564,-1.597,meta-llama/Llama-3.2-1B-Instruct,"1769592878.564, 1769592878.592, 1769592878.962, 1769592879.102, 1769592879.310"
1.0,0,1769592877.2092,2.6869,27,32,59,0.0552,0.0797,0.0881,1.0,0.0,99.47,1.2781,1.7421,1.7421,3366.5936,1769592881.1821926,5.81,34,586,0.224,15,0,0,8.64,15.0,0,602,1769592878.564,-1.597,meta-llama/Llama-3.2-1B-Instruct,"1769592878.564, 1769592878.592, 1769592878.962, 1769592879.102, 1769592879.310"
1.0,0,1769592877.1735,2.6715,27,32,59,0.1055,0.0783,0.0963,1.0,0.0,99.47,1.3345,1.777,1.777,3366.5936,1769592881.1872184,5.8,34,586,0.224,15,0,0,8.64,15.0,0,602,1769592878.564,-1.597,meta-llama/Llama-3.2-1B-Instruct,"1769592878.564, 1769592878.592, 1769592878.962, 1769592879.102, 1769592879.310"
1.0,0,1769592877.2553,2.6884,27,32,59,0.0985,0.0695,0.0938,1.0,0.0,99.47,1.259,1.7869,1.7869,3368.3805,1769592881.203696,5.79,34,587,0.224,16,1,0,8.64,15.0,0,602,1769592878.564,-1.597,meta-llama/Llama-3.2-1B-Instruct,"1769592878.564, 1769592878.592, 1769592878.962, 1769592879.102, 1769592879.310"
1.0,0,1769592877.3608,2.7489,27,32,59,0.0626,0.0716,0.0986,1.0,0.0,99.47,1.1896,1.8116,1.8116,3370.1921,1769592881.3060975,5.78,34,588,0.225,18,1,0,8.64,15.0,0,602,1769592878.564,-1.597,meta-llama/Llama-3.2-1B-Instruct,"1769592878.564, 1769592878.592, 1769592878.962, 1769592879.102, 1769592879.310"
1.0,0,1769592877.5083,2.6844,27,32,59,0.07,0.0667,0.0974,1.0,0.0,99.47,1.1367,1.7544,1.7544,3371.9465,1769592881.332253,5.77,34,589,0.226,19,0,0,8.64,15.0,0,602,1769592878.564,-1.597,meta-llama/Llama-3.2-1B-Instruct,"1769592878.564, 1769592878.592, 1769592878.962, 1769592879.102, 1769592879.310"
1.0,0,1769592877.5924,3.0603,27,17,44,0.0801,0.096,0.096,1.0,0.0,99.47,0.7073,2.1404,2.1404,3374.0869,1769592881.375858,5.76,34,590,0.225,14,0,0,8.64,15.0,0,602,1769592878.564,-1.597,meta-llama/Llama-3.2-1B-Instruct,"1769592878.564, 1769592878.592, 1769592878.962, 1769592879.102, 1769592879.310"
1.0,0,1769592878.505,2.6774,27,13,40,0.0755,0.1052,0.1052,1.0,0.0,99.47,0.553,1.7529,1.7529,3375.8398,1769592881.7391586,5.75,34,591,0.227,16,0,0,8.64,15.0,0,602,1769592878.564,-1.597,meta-llama/Llama-3.2-1B-Instruct,"1769592878.564, 1769592878.592, 1769592878.962, 1769592879.102, 1769592879.310"
1.0,0,1769592877.5635,3.016,27,32,59,0.0777,0.0963,0.1076,1.0,0.0,99.47,1.2713,2.0938,2.0938,3377.9336,1769592881.8516574,5.74,34,592,0.225,15,0,0,8.64,15.0,0,602,1769592878.564,-1.597,meta-llama/Llama-3.2-1B-Instruct,"1769592878.564, 1769592878.592, 1769592878.962, 1769592879.102, 1769592879.310"
1.0,0,1769592877.9623,2.7357,27,32,59,0.0829,0.094,0.107,1.0,0.0,99.47,1.2847,1.8186,1.8186,3381.3032,1769592882.0048766,5.73,34,594,0.225,14,0,0,8.64,15.0,0,602,1769592878.564,-1.597,meta-llama/Llama-3.2-1B-Instruct,"1769592878.564, 1769592878.592, 1769592878.962, 1769592879.102, 1769592879.310"
1.0,0,1769592878.3099,2.4845,27,32,59,0.0665,0.0851,0.1046,1.0,0.0,99.47,1.2102,1.551,1.551,3383.0599,1769592882.0070498,5.72,34,595,0.226,16,0,0,8.64,15.0,0,602,1769592878.564,-1.597,meta-llama/Llama-3.2-1B-Instruct,"1769592878.564, 1769592878.592, 1769592878.962, 1769592879.102, 1769592879.310"
1.0,0,1769592878.1022,2.6563,27,32,59,0.1005,0.0811,0.0971,1.0,0.0,99.48,1.2477,1.7567,1.7567,3383.0599,1769592882.0079641,5.71,34,595,0.226,15,0,0,8.64,15.0,0,602,1769592878.564,-1.597,meta-llama/Llama-3.2-1B-Instruct,"1769592878.564, 1769592878.592, 1769592878.962, 1769592879.102, 1769592879.310"
1.0,0,1769592878.3567,2.4953,27,32,59,0.1056,0.0782,0.0973,1.0,0.0,99.48,1.1814,1.601,1.601,3386.2186,1769592882.0367212,5.7,34,597,0.226,17,1,0,8.64,15.0,0,602,1769592878.564,-1.597,meta-llama/Llama-3.2-1B-Instruct,"1769592878.564, 1769592878.592, 1769592878.962, 1769592879.102, 1769592879.310"
1.0,0,1769592878.4007,2.4942,27,32,59,0.0636,0.0863,0.1056,1.0,0.0,99.48,1.1383,1.5577,1.5577,3386.2186,1769592882.0369143,5.7,34,597,0.227,18,0,0,8.64,15.0,0,602,1769592878.564,-1.597,meta-llama/Llama-3.2-1B-Instruct,"1769592878.564, 1769592878.592, 1769592878.962, 1769592879.102, 1769592879.310"
1.0,0,1769592879.3106,2.0709,27,17,44,0.1021,0.1012,0.1012,1.0,0.0,99.48,0.7799,1.1729,1.1729,3387.3915,1769592882.1653547,5.69,34,598,0.226,15,0,0,8.64,15.0,0,602,1769592878.564,-1.597,meta-llama/Llama-3.2-1B-Instruct,"1769592878.564, 1769592878.592, 1769592878.962, 1769592879.102, 1769592879.310"
1.0,0,1769592880.6272,1.6517,27,2,29,0.0876,0.066,0.066,1.0,0.0,99.48,0.1701,0.7393,0.7393,3388.1309,1769592882.4577813,5.68,34,599,0.228,17,0,0,8.64,15.0,0,602,1769592878.564,-1.597,meta-llama/Llama-3.2-1B-Instruct,"1769592878.564, 1769592878.592, 1769592878.962, 1769592879.102, 1769592879.310"
1.0,0,1769592879.6661,1.7496,27,32,59,0.0693,0.0732,0.0974,1.0,0.0,99.48,1.3385,0.8189,0.8189,3390.2236,1769592882.7591958,5.67,34,601,0.226,13,0,0,8.64,15.0,0,602,1769592878.564,-1.597,meta-llama/Llama-3.2-1B-Instruct,"1769592878.564, 1769592878.592, 1769592878.962, 1769592879.102, 1769592879.310"
1.0,0,1769592879.212,2.1551,27,32,59,0.1188,0.0632,0.1031,1.0,0.0,99.48,1.3913,1.2739,1.2739,3390.2236,1769592882.7594054,5.66,34,601,0.227,16,0,0,8.64,15.0,0,602,1769592878.564,-1.597,meta-llama/Llama-3.2-1B-Instruct,"1769592878.564, 1769592878.592, 1769592878.962, 1769592879.102, 1769592879.310"
1.0,0,1769592879.8166,1.6608,27,32,59,0.0563,0.0732,0.1055,1.0,0.0,99.48,1.3023,0.7171,0.7171,3390.9407,1769592882.7869089,5.65,34,602,0.227,16,0,0,8.64,15.0,0,602,1769592878.564,-1.597,meta-llama/Llama-3.2-1B-Instruct,"1769592878.564, 1769592878.592, 1769592878.962, 1769592879.102, 1769592879.310"
1.0,0,1769592879.8608,1.6609,27,32,59,0.1043,0.0727,0.0783,1.0,0.0,99.48,1.2932,0.7651,0.7651,3392.4263,1769592882.8160906,5.64,34,604,0.227,16,0,0,8.64,15.0,0,602,1769592878.564,-1.597,meta-llama/Llama-3.2-1B-Instruct,"1769592878.564, 1769592878.592, 1769592878.962, 1769592879.102, 1769592879.310"
1.0,0,1769592879.9092,1.6598,27,32,59,0.0606,0.0756,0.08,1.0,0.0,99.48,1.2464,0.7204,0.7204,3392.4263,1769592882.8163362,5.63,34,604,0.227,17,1,0,8.64,15.0,0,602,1769592878.564,-1.597,meta-llama/Llama-3.2-1B-Instruct,"1769592878.564, 1769592878.592, 1769592878.962, 1769592879.102, 1769592879.310"
1.0,0,1769592879.9653,1.6539,27,32,59,0.0867,0.0663,0.0663,1.0,0.0,99.48,1.2202,0.7406,0.7406,3393.1669,1769592882.8418267,5.62,34,605,0.228,18,1,0,8.64,15.0,0,602,1769592878.564,-1.597,meta-llama/Llama-3.2-1B-Instruct,"1769592878.564, 1769592878.592, 1769592878.962, 1769592879.102, 1769592879.310"
1.0,0,1769592879.9996,1.8681,27,32,59,0.0615,0.0618,0.062,1.0,0.0,99.49,1.2065,0.9295,0.9295,3394.0965,1769592883.0775335,5.61,34,606,0.229,18,0,0,8.64,15.0,0,602,1769592878.564,-1.597,meta-llama/Llama-3.2-1B-Instruct,"1769592878.564, 1769592878.592, 1769592878.962, 1769592879.102, 1769592879.310"
1.0,0,1769592880.6759,1.6716,27,21,48,0.0779,0.0596,0.0983,1.0,0.0,99.49,0.9227,0.7495,0.7495,3394.846,1769592883.271552,5.6,34,607,0.229,17,1,0,8.64,15.0,0,602,1769592878.564,-1.597,meta-llama/Llama-3.2-1B-Instruct,"1769592878.564, 1769592878.592, 1769592878.962, 1769592879.102, 1769592879.310"
1.0,0,1769592880.1289,1.8703,27,31,58,0.0749,0.094,0.0998,1.0,0.0,99.49,1.33,0.9452,0.9452,3395.7911,1769592883.3319802,5.59,34,608,0.229,18,0,0,8.64,15.0,0,602,1769592878.564,-1.597,meta-llama/Llama-3.2-1B-Instruct,"1769592878.564, 1769592878.592, 1769592878.962, 1769592879.102, 1769592879.310"
1.0,0,1769592880.159,1.9376,27,32,59,0.0634,0.0967,0.0975,1.0,0.0,99.49,1.3208,1.001,1.001,3396.7921,1769592883.4203985,5.58,34,609,0.227,15,0,0,8.64,15.0,0,602,1769592878.564,-1.597,meta-llama/Llama-3.2-1B-Instruct,"1769592878.564, 1769592878.592, 1769592878.962, 1769592879.102, 1769592879.310"
1.0,0,1769592880.3987,1.8101,27,32,59,0.0512,0.0974,0.1086,1.0,0.0,99.49,1.3626,0.8613,0.8613,3398.565,1769592883.575192,5.57,34,611,0.227,15,0,0,8.64,15.0,0,602,1769592878.564,-1.597,meta-llama/Llama-3.2-1B-Instruct,"1769592878.564, 1769592878.592, 1769592878.962, 1769592879.102, 1769592879.310"
1.0,0,1769592880.3433,1.8222,27,32,59,0.0894,0.1016,0.1019,1.0,0.0,99.49,1.407,0.9117,0.9117,3398.565,1769592883.5780134,5.56,34,611,0.227,15,0,0,8.64,15.0,0,602,1769592878.564,-1.597,meta-llama/Llama-3.2-1B-Instruct,"1769592878.564, 1769592878.592, 1769592878.962, 1769592879.102, 1769592879.310"
1.0,0,1769592880.8169,1.6086,27,32,59,0.0892,0.0979,0.0983,1.0,0.0,99.49,1.2967,0.6978,0.6978,3399.2629,1769592883.7257411,5.56,34,612,0.229,18,0,0,8.64,15.0,0,602,1769592878.564,-1.597,meta-llama/Llama-3.2-1B-Instruct,"1769592878.564, 1769592878.592, 1769592878.962, 1769592879.102, 1769592879.310"
1.0,0,1769592880.8748,1.6961,27,32,59,0.0878,0.0964,0.0992,1.0,0.0,99.49,1.3342,0.7839,0.7839,3400.0467,1769592883.908879,5.55,34,613,0.23,19,0,0,8.64,15.0,0,602,1769592878.564,-1.597,meta-llama/Llama-3.2-1B-Instruct,"1769592878.564, 1769592878.592, 1769592878.962, 1769592879.102, 1769592879.310"
1.0,0,1769592882.0645,1.819,27,0,27,,,,1.0,,,0.0832,0.9021,0.9021,3400.9489,1769592883.9689362,5.54,34,614,0.231,18,1,0,8.64,15.0,0,602,1769592878.564,-1.597,meta-llama/Llama-3.2-1B-Instruct,"1769592878.564, 1769592878.592, 1769592878.962, 1769592879.102, 1769592879.310"
1.0,0,1769592880.966,1.9145,27,32,59,0.0692,0.0977,0.1041,1.0,0.0,99.49,1.408,0.9837,0.9837,3401.9326,1769592884.296073,5.53,34,615,0.229,14,0,0,8.64,15.0,0,602,1769592878.564,-1.597,meta-llama/Llama-3.2-1B-Instruct,"1769592878.564, 1769592878.592, 1769592878.962, 1769592879.102, 1769592879.310"
1.0,0,1769592881.0031,1.9362,27,32,59,0.0649,0.0947,0.1022,1.0,0.0,99.49,1.388,1.0012,1.0012,3402.9338,1769592884.3301842,5.52,34,616,0.229,15,0,0,8.64,15.0,0,602,1769592878.564,-1.597,meta-llama/Llama-3.2-1B-Instruct,"1769592878.564, 1769592878.592, 1769592878.962, 1769592879.102, 1769592879.310"
1.0,0,1769592881.1014,1.9464,27,32,59,0.0545,0.0998,0.1001,1.0,0.0,99.49,1.3415,1.0009,1.0009,3404.9914,1769592884.3926477,5.51,34,618,0.23,16,0,0,8.64,15.0,0,602,1769592878.564,-1.597,meta-llama/Llama-3.2-1B-Instruct,"1769592878.564, 1769592878.592, 1769592878.962, 1769592879.102, 1769592879.310"
1.0,0,1769592881.046,1.9507,27,32,59,0.106,0.089,0.1061,1.0,0.0,99.49,1.3931,1.0567,1.0567,3404.9914,1769592884.3928518,5.5,34,618,0.229,16,0,0,8.64,15.0,0,602,1769592878.564,-1.597,meta-llama/Llama-3.2-1B-Instruct,"1769592878.564, 1769592878.592, 1769592878.962, 1769592879.102, 1769592879.310"
1.0,0,1769592881.3623,1.8379,27,33,60,0.0675,0.0691,0.0984,1.0,0.0,99.5,1.2262,0.9055,0.9055,3406.8882,1769592884.4330654,5.49,34,620,0.23,19,0,0,8.64,15.0,0,602,1769592878.564,-1.597,meta-llama/Llama-3.2-1B-Instruct,"1769592878.564, 1769592878.592, 1769592878.962, 1769592879.102, 1769592879.310"
1.0,0,1769592881.2171,1.919,27,32,59,0.0722,0.0735,0.0979,1.0,0.0,99.5,1.2908,0.9913,0.9913,3406.8882,1769592884.4351847,5.48,34,620,0.23,17,0,0,8.64,15.0,0,602,1769592878.564,-1.597,meta-llama/Llama-3.2-1B-Instruct,"1769592878.564, 1769592878.592, 1769592878.962, 1769592879.102, 1769592879.310"
1.0,0,1769592881.1496,1.9478,27,34,61,0.1101,0.0635,0.0979,1.0,0.0,99.5,1.3382,1.0579,1.0579,3407.9461,1769592884.4498765,5.48,34,621,0.23,17,0,0,8.64,15.0,0,602,1769592878.564,-1.597,meta-llama/Llama-3.2-1B-Instruct,"1769592878.564, 1769592878.592, 1769592878.962, 1769592879.102, 1769592879.310"
1.0,0,1769592881.4442,1.9473,27,32,59,0.1112,0.0894,0.0988,1.0,0.0,99.5,1.4035,1.0585,1.0585,3410.0112,1769592884.799391,5.47,34,623,0.231,18,0,0,8.64,15.0,0,602,1769592878.564,-1.597,meta-llama/Llama-3.2-1B-Instruct,"1769592878.564, 1769592878.592, 1769592878.962, 1769592879.102, 1769592879.310"
1.0,0,1769592881.4979,1.9542,27,32,59,0.0525,0.091,0.0913,1.0,0.0,99.5,1.3471,1.0067,1.0067,3410.0112,1769592884.8005254,5.46,34,623,0.231,17,1,0,8.64,15.0,0,602,1769592878.564,-1.597,meta-llama/Llama-3.2-1B-Instruct,"1769592878.564, 1769592878.592, 1769592878.962, 1769592879.102, 1769592879.310"
1.0,0,1769592881.8339,1.6744,27,32,59,0.062,0.0959,0.0974,1.0,0.0,99.5,1.3249,0.7364,0.7364,3410.7476,1769592884.8395498,5.45,34,624,0.231,18,1,0,8.64,15.0,0,602,1769592878.564,-1.597,meta-llama/Llama-3.2-1B-Instruct,"1769592878.564, 1769592878.592, 1769592878.962, 1769592879.102, 1769592879.310"
1.0,0,1769592881.9017,1.8583,27,32,59,0.0701,0.1058,0.1103,1.0,0.0,99.5,1.397,0.9285,0.9285,3411.6761,1769592885.1590662,5.44,34,625,0.231,17,0,0,8.64,15.0,0,602,1769592878.564,-1.597,meta-llama/Llama-3.2-1B-Instruct,"1769592878.564, 1769592878.592, 1769592878.962, 1769592879.102, 1769592879.310"
1.0,0,1769592881.9491,1.8555,27,32,59,0.0885,0.0936,0.1031,1.0,0.0,99.5,1.3852,0.944,0.944,3412.6201,1769592885.1907465,5.43,34,626,0.231,17,0,0,8.64,15.0,0,602,1769592878.564,-1.597,meta-llama/Llama-3.2-1B-Instruct,"1769592878.564, 1769592878.592, 1769592878.962, 1769592879.102, 1769592879.310"
1.0,0,1769592882.5361,1.6766,27,32,59,0.0831,0.1086,0.2196,1.0,0.0,99.5,1.2789,0.7597,0.7597,3414.3209,1769592885.5138237,5.42,34,628,0.233,19,0,0,8.64,15.0,0,639,1769592884.315,-0.944,meta-llama/Llama-3.2-1B-Instruct,"1769592884.315, 1769592884.430, 1769592884.532, 1769592884.701, 1769592885.179"
1.0,0,1769592882.1371,1.8679,27,32,59,0.0732,0.1074,0.269,1.0,0.0,99.5,1.5086,0.9411,0.9411,3414.3209,1769592885.5168815,5.41,34,628,0.232,18,0,0,8.64,15.0,0,639,1769592884.315,-0.944,meta-llama/Llama-3.2-1B-Instruct,"1769592884.315, 1769592884.430, 1769592884.532, 1769592884.701, 1769592885.179"
1.0,0,1769592882.6086,1.8025,27,32,59,0.0858,0.0988,0.2456,1.0,0.0,99.5,1.2396,0.8883,0.8883,3415.2092,1769592885.6525812,5.41,34,629,0.231,14,0,0,8.64,15.0,0,639,1769592884.315,-0.944,meta-llama/Llama-3.2-1B-Instruct,"1769592884.315, 1769592884.430, 1769592884.532, 1769592884.701, 1769592885.179"
1.0,0,1769592882.723,1.7607,27,32,59,0.0779,0.1058,0.2211,1.0,0.0,99.5,1.2455,0.8386,0.8386,3416.0479,1769592885.7302394,5.4,34,630,0.23,13,1,0,8.64,15.0,0,639,1769592884.315,-0.944,meta-llama/Llama-3.2-1B-Instruct,"1769592884.315, 1769592884.430, 1769592884.532, 1769592884.701, 1769592885.179"
1.0,0,1769592882.8092,1.7273,27,32,59,0.1006,0.0967,0.2211,1.0,0.0,99.51,1.2507,0.8279,0.8279,3416.8758,1769592885.7904665,5.39,34,631,0.231,14,0,0,8.64,15.0,0,639,1769592884.315,-0.944,meta-llama/Llama-3.2-1B-Instruct,"1769592884.315, 1769592884.430, 1769592884.532, 1769592884.701, 1769592885.179"
1.0,0,1769592882.8583,1.7239,27,32,59,0.0535,0.1005,0.2672,1.0,0.0,99.51,1.2088,0.7774,0.7774,3417.6532,1769592885.792107,5.38,34,632,0.231,15,0,0,8.64,15.0,0,639,1769592884.315,-0.944,meta-llama/Llama-3.2-1B-Instruct,"1769592884.315, 1769592884.430, 1769592884.532, 1769592884.701, 1769592885.179"
1.0,0,1769592882.969,1.6991,27,32,59,0.0642,0.0974,0.22,1.0,0.0,99.51,1.1819,0.7633,0.7633,3419.2291,1769592885.853851,5.37,34,634,0.232,17,0,0,8.64,15.0,0,639,1769592884.315,-0.944,meta-llama/Llama-3.2-1B-Instruct,"1769592884.315, 1769592884.430, 1769592884.532, 1769592884.701, 1769592885.179"
1.0,0,1769592882.9174,1.7122,27,32,59,0.1004,0.0907,0.2449,1.0,0.0,99.51,1.2239,0.8127,0.8127,3419.2291,1769592885.85929,5.36,34,634,0.232,17,0,0,8.64,15.0,0,639,1769592884.315,-0.944,meta-llama/Llama-3.2-1B-Instruct,"1769592884.315, 1769592884.430, 1769592884.532, 1769592884.701, 1769592885.179"
1.0,0,1769592883.0181,1.7056,27,32,59,0.0716,0.0953,0.2377,1.0,0.0,99.51,1.1689,0.7772,0.7772,3420.0063,1769592885.8963153,5.35,34,635,0.232,19,0,0,8.64,15.0,0,639,1769592884.315,-0.944,meta-llama/Llama-3.2-1B-Instruct,"1769592884.315, 1769592884.430, 1769592884.532, 1769592884.701, 1769592885.179"
1.0,0,1769592883.2295,1.8009,27,32,59,0.0576,0.0913,0.2214,1.0,0.0,99.51,1.2535,0.8584,0.8584,3421.8864,1769592886.290419,5.35,34,637,0.233,17,0,0,8.64,15.0,0,639,1769592884.315,-0.944,meta-llama/Llama-3.2-1B-Instruct,"1769592884.315, 1769592884.430, 1769592884.532, 1769592884.701, 1769592885.179"
1.0,0,1769592883.0621,1.9183,27,32,59,0.1034,0.093,0.2192,1.0,0.0,99.51,1.3066,1.0217,1.0217,3421.8864,1769592886.2906232,5.34,34,637,0.233,17,0,0,8.64,15.0,0,639,1769592884.315,-0.944,meta-llama/Llama-3.2-1B-Instruct,"1769592884.315, 1769592884.430, 1769592884.532, 1769592884.701, 1769592885.179"
1.0,0,1769592883.2546,1.8224,27,32,59,0.0756,0.0921,0.2339,1.0,0.0,99.51,1.2338,0.898,0.898,3422.7844,1769592886.3142688,5.33,34,638,0.233,18,1,0,8.64,15.0,0,639,1769592884.315,-0.944,meta-llama/Llama-3.2-1B-Instruct,"1769592884.315, 1769592884.430, 1769592884.532, 1769592884.701, 1769592885.179"
1.0,0,1769592883.3148,2.2635,27,32,59,0.094,0.0945,0.1144,1.0,0.0,99.51,1.3732,1.3575,1.3575,3425.4116,1769592886.9526863,5.32,34,640,0.234,16,0,0,8.64,15.0,0,639,1769592884.315,-0.944,meta-llama/Llama-3.2-1B-Instruct,"1769592884.315, 1769592884.430, 1769592884.532, 1769592884.701, 1769592885.179"
1.0,0,1769592883.4301,2.2003,27,32,59,0.0694,0.0951,0.0968,1.0,0.0,99.51,1.3215,1.2697,1.2697,3425.4116,1769592886.9528708,5.31,34,640,0.234,16,0,0,8.64,15.0,0,639,1769592884.315,-0.944,meta-llama/Llama-3.2-1B-Instruct,"1769592884.315, 1769592884.430, 1769592884.532, 1769592884.701, 1769592885.179"
1.0,0,1769592883.5319,2.1578,27,32,59,0.0908,0.0946,0.1096,1.0,0.0,99.51,1.313,1.2486,1.2486,3426.6602,1769592887.008984,5.3,34,641,0.234,17,0,0,8.64,15.0,0,639,1769592884.315,-0.944,meta-llama/Llama-3.2-1B-Instruct,"1769592884.315, 1769592884.430, 1769592884.532, 1769592884.701, 1769592885.179"
1.0,0,1769592883.7007,2.0695,27,32,59,0.0823,0.087,0.1163,1.0,0.0,99.51,1.2627,1.1518,1.1518,3427.8119,1769592887.0350475,5.3,34,642,0.234,16,0,0,8.64,15.0,0,639,1769592884.315,-0.944,meta-llama/Llama-3.2-1B-Instruct,"1769592884.315, 1769592884.430, 1769592884.532, 1769592884.701, 1769592885.179"
1.0,0,1769592884.1787,1.658,27,32,59,0.0571,0.0983,0.1086,1.0,0.0,99.52,1.2196,0.7151,0.7151,3428.527,1769592887.060905,5.29,34,643,0.232,14,0,0,8.64,15.0,0,639,1769592884.315,-0.944,meta-llama/Llama-3.2-1B-Instruct,"1769592884.315, 1769592884.430, 1769592884.532, 1769592884.701, 1769592885.179"
1.0,0,1769592884.3755,1.5456,27,32,59,0.0637,0.0731,0.1034,1.0,0.0,99.52,1.1526,0.6093,0.6093,3429.8442,1769592887.0750496,5.28,34,645,0.232,14,0,0,8.64,15.0,0,639,1769592884.315,-0.944,meta-llama/Llama-3.2-1B-Instruct,"1769592884.315, 1769592884.430, 1769592884.532, 1769592884.701, 1769592885.179"
1.0,0,1769592884.2652,1.6136,27,32,59,0.0943,0.0726,0.1124,1.0,0.0,99.52,1.1954,0.7078,0.7078,3429.8442,1769592887.0752532,5.27,34,645,0.232,14,0,0,8.64,15.0,0,639,1769592884.315,-0.944,meta-llama/Llama-3.2-1B-Instruct,"1769592884.315, 1769592884.430, 1769592884.532, 1769592884.701, 1769592885.179"
1.0,0,1769592884.5127,1.5014,27,32,59,0.0653,0.0665,0.1055,1.0,0.0,99.52,1.1003,0.5668,0.5668,3431.0061,1769592887.116968,5.26,34,647,0.233,16,0,0,8.64,15.0,0,639,1769592884.315,-0.944,meta-llama/Llama-3.2-1B-Instruct,"1769592884.315, 1769592884.430, 1769592884.532, 1769592884.701, 1769592885.179"
1.0,0,1769592884.4621,1.506,27,32,59,0.0892,0.0625,0.1027,1.0,0.0,99.52,1.1458,0.5952,0.5952,3431.0061,1769592887.1172884,5.26,34,647,0.233,15,1,0,8.64,15.0,0,639,1769592884.315,-0.944,meta-llama/Llama-3.2-1B-Instruct,"1769592884.315, 1769592884.430, 1769592884.532, 1769592884.701, 1769592885.179"
1.0,0,1769592884.5415,1.6428,27,32,59,0.0976,0.0647,0.0998,1.0,0.0,99.52,1.1225,0.7405,0.7405,3432.4249,1769592887.3110542,5.25,34,649,0.234,18,0,0,8.64,15.0,0,639,1769592884.315,-0.944,meta-llama/Llama-3.2-1B-Instruct,"1769592884.315, 1769592884.430, 1769592884.532, 1769592884.701, 1769592885.179"
1.0,0,1769592884.6069,1.5866,27,32,59,0.0917,0.0649,0.1053,1.0,0.0,99.52,1.1163,0.6783,0.6783,3432.4249,1769592887.3112252,5.24,34,649,0.234,18,0,0,8.64,15.0,0,639,1769592884.315,-0.944,meta-llama/Llama-3.2-1B-Instruct,"1769592884.315, 1769592884.430, 1769592884.532, 1769592884.701, 1769592885.179"
1.0,0,1769592884.6433,1.7536,27,32,59,0.118,0.0563,0.0686,1.0,0.0,99.52,1.0247,0.8716,0.8716,3434.0732,1769592887.4271102,5.23,34,651,0.234,17,0,0,8.64,15.0,0,639,1769592884.315,-0.944,meta-llama/Llama-3.2-1B-Instruct,"1769592884.315, 1769592884.430, 1769592884.532, 1769592884.701, 1769592885.179"
1.0,0,1769592884.7393,1.7159,27,32,59,0.0607,0.0498,0.064,1.0,0.0,99.52,0.9709,0.7767,0.7767,3434.0732,1769592887.4273539,5.22,34,651,0.234,17,0,0,8.64,15.0,0,639,1769592884.315,-0.944,meta-llama/Llama-3.2-1B-Instruct,"1769592884.315, 1769592884.430, 1769592884.532, 1769592884.701, 1769592885.179"
1.0,0,1769592884.765,1.7445,27,32,59,0.0818,0.0493,0.0568,1.0,0.0,99.52,0.9573,0.8263,0.8263,3434.8994,1769592887.4691122,5.21,34,652,0.235,18,1,0,8.64,15.0,0,639,1769592884.315,-0.944,meta-llama/Llama-3.2-1B-Instruct,"1769592884.315, 1769592884.430, 1769592884.532, 1769592884.701, 1769592885.179"
1.0,0,1769592886.0965,1.5039,27,0,27,,,,1.0,,,0.1091,0.613,0.613,3435.5124,1769592887.7123694,5.21,34,653,0.234,13,0,0,8.64,15.0,0,639,1769592884.315,-0.944,meta-llama/Llama-3.2-1B-Instruct,"1769592884.315, 1769592884.430, 1769592884.532, 1769592884.701, 1769592885.179"
1.0,0,1769592885.8118,1.6099,27,17,44,0.0749,0.0723,0.0723,1.0,0.0,99.52,0.7989,0.6849,0.6849,3436.1973,1769592888.2280998,5.2,34,654,0.234,12,0,0,8.64,15.0,0,639,1769592884.315,-0.944,meta-llama/Llama-3.2-1B-Instruct,"1769592884.315, 1769592884.430, 1769592884.532, 1769592884.701, 1769592885.179"
1.0,0,1769592884.9339,2.1561,27,32,59,0.0667,0.0763,0.089,1.0,0.0,99.52,1.2232,1.2228,1.2228,3437.4201,1769592888.3177187,5.19,34,655,0.233,11,0,0,8.64,15.0,0,639,1769592884.315,-0.944,meta-llama/Llama-3.2-1B-Instruct,"1769592884.315, 1769592884.430, 1769592884.532, 1769592884.701, 1769592885.179"
1.0,0,1769592885.0057,2.1618,27,32,59,0.0966,0.0723,0.0959,1.0,0.0,99.52,1.2099,1.2584,1.2584,3439.8401,1769592888.3814344,5.18,34,657,0.234,12,0,0,8.64,15.0,0,639,1769592884.315,-0.944,meta-llama/Llama-3.2-1B-Instruct,"1769592884.315, 1769592884.430, 1769592884.532, 1769592884.701, 1769592885.179"
1.0,0,1769592885.1036,2.1031,27,32,59,0.0586,0.0749,0.0905,1.0,0.0,99.53,1.172,1.1616,1.1616,3439.8401,1769592888.39007,5.18,34,657,0.234,12,0,0,8.64,15.0,0,639,1769592884.315,-0.944,meta-llama/Llama-3.2-1B-Instruct,"1769592884.315, 1769592884.430, 1769592884.532, 1769592884.701, 1769592885.179"
1.0,0,1769592887.3764,1.226,27,0,27,,,,1.0,,,0.0876,0.3136,0.3136,3440.1537,1769592888.6934144,5.17,34,658,0.239,18,0,0,8.64,15.0,0,639,1769592884.315,-0.944,meta-llama/Llama-3.2-1B-Instruct,"1769592884.315, 1769592884.430, 1769592884.532, 1769592884.701, 1769592885.179"
1.0,0,1769592885.5459,1.8459,27,32,59,0.103,0.0664,0.0775,1.0,0.0,99.53,1.3266,0.9489,0.9489,3442.4687,1769592888.722337,5.16,34,660,0.234,12,0,0,8.64,15.0,0,639,1769592884.315,-0.944,meta-llama/Llama-3.2-1B-Instruct,"1769592884.315, 1769592884.430, 1769592884.532, 1769592884.701, 1769592885.179"
1.0,0,1769592885.1295,2.2572,27,32,59,0.1089,0.0721,0.0789,1.0,0.0,99.53,1.3355,1.366,1.366,3442.4687,1769592888.723054,5.15,34,660,0.235,13,1,0,8.64,15.0,0,639,1769592884.315,-0.944,meta-llama/Llama-3.2-1B-Instruct,"1769592884.315, 1769592884.430, 1769592884.532, 1769592884.701, 1769592885.179"
1.0,0,1769592885.8558,1.6341,27,32,59,0.0691,0.0726,0.0822,1.0,0.0,99.53,1.2637,0.7032,0.7032,3443.7681,1769592888.7586622,5.14,34,662,0.233,11,1,0,8.64,15.0,0,639,1769592884.315,-0.944,meta-llama/Llama-3.2-1B-Instruct,"1769592884.315, 1769592884.430, 1769592884.532, 1769592884.701, 1769592885.179"
1.0,0,1769592886.2165,1.5197,27,25,52,0.0765,0.0666,0.0673,1.0,0.0,99.53,1.0218,0.5962,0.5962,3443.7681,1769592888.7605407,5.14,34,662,0.235,14,0,0,8.64,15.0,0,639,1769592884.315,-0.944,meta-llama/Llama-3.2-1B-Instruct,"1769592884.315, 1769592884.430, 1769592884.532, 1769592884.701, 1769592885.179"
1.0,0,1769592885.898,1.6359,27,31,58,0.0807,0.0708,0.0712,1.0,0.0,99.53,1.2453,0.7166,0.7166,3444.4847,1769592888.7927825,5.13,34,663,0.234,12,0,0,8.64,15.0,0,639,1769592884.315,-0.944,meta-llama/Llama-3.2-1B-Instruct,"1769592884.315, 1769592884.430, 1769592884.532, 1769592884.701, 1769592885.179"
1.0,0,1769592886.165,1.5159,27,32,59,0.0691,0.0671,0.069,1.0,0.0,99.53,1.2198,0.585,0.585,3445.0697,1769592888.9070249,5.12,34,664,0.235,14,0,0,8.64,15.0,0,639,1769592884.315,-0.944,meta-llama/Llama-3.2-1B-Instruct,"1769592884.315, 1769592884.430, 1769592884.532, 1769592884.701, 1769592885.179"
1.0,0,1769592886.2602,1.5432,27,32,59,0.07,0.0739,0.0967,1.0,0.0,99.53,1.2372,0.6132,0.6132,3445.6829,1769592889.0418766,5.11,34,665,0.236,16,0,0,8.64,15.0,0,639,1769592884.315,-0.944,meta-llama/Llama-3.2-1B-Instruct,"1769592884.315, 1769592884.430, 1769592884.532, 1769592884.701, 1769592885.179"
1.0,0,1769592886.9093,1.1172,27,28,55,0.063,0.0634,0.0927,1.0,0.0,99.53,1.1118,0.1803,0.1803,3445.8632,1769592889.1435738,5.11,34,666,0.237,18,0,0,8.64,15.0,0,639,1769592884.315,-0.944,meta-llama/Llama-3.2-1B-Instruct,"1769592884.315, 1769592884.430, 1769592884.532, 1769592884.701, 1769592885.179"
1.0,0,1769592886.4347,1.4872,27,31,58,0.0761,0.1037,0.104,1.0,0.0,99.53,1.3792,0.5633,0.5633,3446.4265,1769592889.3067262,5.1,34,667,0.237,17,0,0,8.64,15.0,0,639,1769592884.315,-0.944,meta-llama/Llama-3.2-1B-Instruct,"1769592884.315, 1769592884.430, 1769592884.532, 1769592884.701, 1769592885.179"
1.0,0,1769592886.7211,1.2653,27,31,58,0.1022,0.0992,0.11,1.0,0.0,99.53,1.3431,0.3676,0.3676,3446.7941,1769592889.337169,5.09,34,668,0.237,17,0,0,8.64,15.0,0,639,1769592884.315,-0.944,meta-llama/Llama-3.2-1B-Instruct,"1769592884.315, 1769592884.430, 1769592884.532, 1769592884.701, 1769592885.179"
1.0,0,1769592887.0055,1.3761,27,32,59,0.0636,0.0994,0.1071,1.0,0.0,99.53,1.3395,0.4397,0.4397,3447.6084,1769592889.729064,5.08,34,670,0.238,16,0,0,8.64,15.0,0,639,1769592884.315,-0.944,meta-llama/Llama-3.2-1B-Instruct,"1769592884.315, 1769592884.430, 1769592884.532, 1769592884.701, 1769592885.179"
1.0,0,1769592887.1357,1.2986,27,30,57,0.076,0.0944,0.1164,1.0,0.0,99.53,1.2946,0.3746,0.3746,3447.6084,1769592889.730342,5.07,34,670,0.238,17,0,0,8.64,15.0,0,639,1769592884.315,-0.944,meta-llama/Llama-3.2-1B-Instruct,"1769592884.315, 1769592884.430, 1769592884.532, 1769592884.701, 1769592885.179"
1.0,0,1769592887.1841,1.409,27,32,59,0.0903,0.1019,0.11,1.0,0.0,99.53,1.3523,0.4993,0.4993,3448.1076,1769592889.9492075,5.07,34,671,0.238,17,0,0,8.64,15.0,0,639,1769592884.315,-0.944,meta-llama/Llama-3.2-1B-Instruct,"1769592884.315, 1769592884.430, 1769592884.532, 1769592884.701, 1769592885.179"
1.0,0,1769592887.4488,1.3674,27,32,59,0.0922,0.101,0.1112,1.0,0.0,99.54,1.3923,0.4596,0.4596,3448.5672,1769592890.2160122,5.06,34,672,0.238,14,0,0,8.64,15.0,0,639,1769592884.315,-0.944,meta-llama/Llama-3.2-1B-Instruct,"1769592884.315, 1769592884.430, 1769592884.532, 1769592884.701, 1769592885.179"
1.0,0,1769592887.9627,0.9626,27,32,59,0.0577,0.1,0.1033,1.0,0.0,99.54,1.3544,0.0203,0.0203,3448.9163,1769592890.2812033,5.05,34,674,0.238,14,1,0,8.64,15.0,0,673,1769592889.894,-0.384,meta-llama/Llama-3.2-1B-Instruct,"1769592889.894, 1769592890.054, 1769592890.087, 1769592890.117, 1769592890.170"
1.0,0,1769592887.6513,1.2295,27,32,59,0.0993,0.1043,0.1104,1.0,0.0,99.54,1.3993,0.3287,0.3287,3448.9163,1769592890.2814,5.04,34,674,0.238,14,0,0,8.64,15.0,0,673,1769592889.894,-0.384,meta-llama/Llama-3.2-1B-Instruct,"1769592889.894, 1769592890.054, 1769592890.087, 1769592890.117, 1769592890.170"
1.0,0,1769592888.2141,0.8009,27,32,59,0.0518,0.0868,0.0951,1.0,0.0,99.54,1.2903,-0.1472,0.0,3448.9163,1769592890.3090072,5.19,36,676,0.238,16,0,0,8.64,15.0,0,673,1769592889.894,-0.384,meta-llama/Llama-3.2-1B-Instruct,"1769592889.894, 1769592890.054, 1769592890.087, 1769592890.117, 1769592890.170"
1.0,0,1769592888.0982,0.8678,27,32,59,0.1001,0.0824,0.1114,1.0,0.0,99.54,1.3399,-0.0321,0.0,3448.9163,1769592890.3092656,5.33,36,676,0.238,15,1,0,8.64,15.0,0,673,1769592889.894,-0.384,meta-llama/Llama-3.2-1B-Instruct,"1769592889.894, 1769592890.054, 1769592890.087, 1769592890.117, 1769592890.170"
1.0,0,1769592888.4131,0.6994,27,32,59,0.0541,0.0781,0.1008,1.0,0.0,99.54,1.212,-0.2465,0.0,3448.9163,1769592890.3307092,5.47,38,678,0.238,17,0,0,8.64,15.0,0,673,1769592889.894,-0.384,meta-llama/Llama-3.2-1B-Instruct,"1769592889.894, 1769592890.054, 1769592890.087, 1769592890.117, 1769592890.170"
1.0,0,1769592888.2869,0.7948,27,32,59,0.0864,0.0705,0.0794,1.0,0.0,99.54,1.2472,-0.1188,0.0,3448.9163,1769592890.3311195,5.6,38,678,0.238,17,0,0,8.64,15.0,0,673,1769592889.894,-0.384,meta-llama/Llama-3.2-1B-Instruct,"1769592889.894, 1769592890.054, 1769592890.087, 1769592890.117, 1769592890.170"
1.0,0,1769592888.4673,0.6922,27,32,59,0.0752,0.0654,0.0821,1.0,0.0,99.54,1.1886,-0.2326,0.0,3448.9163,1769592890.3523936,5.74,39,679,0.238,17,1,0,8.64,15.0,0,673,1769592889.894,-0.384,meta-llama/Llama-3.2-1B-Instruct,"1769592889.894, 1769592890.054, 1769592890.087, 1769592890.117, 1769592890.170"
1.0,0,1769592888.4957,0.7316,27,32,59,0.0745,0.0696,0.0724,1.0,0.0,99.54,1.1387,-0.1939,0.0,3448.9163,1769592890.3668582,5.88,40,680,0.239,19,0,0,8.64,15.0,0,673,1769592889.894,-0.384,meta-llama/Llama-3.2-1B-Instruct,"1769592889.894, 1769592890.054, 1769592890.087, 1769592890.117, 1769592890.170"
1.0,0,1769592888.5529,0.8685,27,32,59,0.0888,0.0702,0.0743,1.0,0.0,99.54,1.1561,-0.0427,0.0,3448.9163,1769592890.57843,6.02,41,681,0.24,18,0,0,8.64,15.0,0,673,1769592889.894,-0.384,meta-llama/Llama-3.2-1B-Instruct,"1769592889.894, 1769592890.054, 1769592890.087, 1769592890.117, 1769592890.170"
1.0,0,1769592888.6668,0.83,27,32,59,0.0892,0.0612,0.0652,1.0,0.0,99.54,1.1365,-0.0808,0.0,3448.9163,1769592890.634979,6.16,42,682,0.24,18,0,0,8.64,15.0,0,673,1769592889.894,-0.384,meta-llama/Llama-3.2-1B-Instruct,"1769592889.894, 1769592890.054, 1769592890.087, 1769592890.117, 1769592890.170"
1.0,0,1769592888.894,1.4925,27,9,36,0.0715,0.0609,0.0609,1.0,0.0,99.54,0.4918,0.564,0.564,3449.4802,1769592890.8829415,6.15,42,683,0.238,11,0,0,8.64,15.0,0,673,1769592889.894,-0.384,meta-llama/Llama-3.2-1B-Instruct,"1769592889.894, 1769592890.054, 1769592890.087, 1769592890.117, 1769592890.170"
1.0,0,1769592888.7071,1.1278,27,32,59,0.0941,0.0673,0.0781,1.0,0.0,99.54,1.2611,0.222,0.222,3449.7022,1769592891.0978992,6.14,42,684,0.24,18,0,0,8.64,15.0,0,673,1769592889.894,-0.384,meta-llama/Llama-3.2-1B-Instruct,"1769592889.894, 1769592890.054, 1769592890.087, 1769592890.117, 1769592890.170"
1.0,0,1769592888.7763,1.1335,27,32,59,0.0889,0.0706,0.0741,1.0,0.0,99.54,1.2897,0.2225,0.2225,3449.9247,1769592891.2010422,6.13,42,685,0.241,19,0,0,8.64,15.0,0,673,1769592889.894,-0.384,meta-llama/Llama-3.2-1B-Instruct,"1769592889.894, 1769592890.054, 1769592890.087, 1769592890.117, 1769592890.170"
1.0,0,1769592888.8548,1.2201,27,32,59,0.1082,0.0691,0.0715,1.0,0.0,99.55,1.3336,0.3283,0.3283,3450.2529,1769592891.4165466,6.12,42,686,0.242,19,0,0,8.64,15.0,0,673,1769592889.894,-0.384,meta-llama/Llama-3.2-1B-Instruct,"1769592889.894, 1769592890.054, 1769592890.087, 1769592890.117, 1769592890.170"
1.0,0,1769592889.0542,1.3885,27,32,59,0.0677,0.0751,0.0772,1.0,0.0,99.55,1.322,0.4562,0.4562,3450.7092,1769592891.7716253,6.11,42,687,0.238,11,0,0,8.64,15.0,0,673,1769592889.894,-0.384,meta-llama/Llama-3.2-1B-Instruct,"1769592889.894, 1769592890.054, 1769592890.087, 1769592890.117, 1769592890.170"
1.0,0,1769592889.0872,1.4106,27,32,59,0.1197,0.0692,0.0736,1.0,0.0,99.55,1.3325,0.5303,0.5303,3451.7417,1769592891.834467,6.1,42,689,0.238,12,0,0,8.64,15.0,0,673,1769592889.894,-0.384,meta-llama/Llama-3.2-1B-Instruct,"1769592889.894, 1769592890.054, 1769592890.087, 1769592890.117, 1769592890.170"
1.0,0,1769592889.1173,1.4327,27,32,59,0.0696,0.0724,0.075,1.0,0.0,99.55,1.2837,0.5023,0.5023,3451.7417,1769592891.8348782,6.1,42,689,0.239,13,1,0,8.64,15.0,0,673,1769592889.894,-0.384,meta-llama/Llama-3.2-1B-Instruct,"1769592889.894, 1769592890.054, 1769592890.087, 1769592890.117, 1769592890.170"
1.0,0,1769592889.1701,1.4414,27,32,59,0.1006,0.0673,0.0726,1.0,0.0,99.55,1.2814,0.5421,0.5421,3452.7912,1769592891.8946955,6.09,42,691,0.239,14,0,0,8.64,15.0,0,673,1769592889.894,-0.384,meta-llama/Llama-3.2-1B-Instruct,"1769592889.894, 1769592890.054, 1769592890.087, 1769592890.117, 1769592890.170"
1.0,0,1769592889.2038,1.4551,27,31,58,0.0523,0.0754,0.0827,1.0,0.0,99.55,1.2352,0.5074,0.5074,3452.7912,1769592891.895332,6.08,42,691,0.239,13,1,0,8.64,15.0,0,673,1769592889.894,-0.384,meta-llama/Llama-3.2-1B-Instruct,"1769592889.894, 1769592890.054, 1769592890.087, 1769592890.117, 1769592890.170"
1.0,0,1769592889.2801,1.4468,27,32,59,0.0762,0.0684,0.0686,1.0,0.0,99.55,1.2044,0.523,0.523,3453.3142,1769592891.937675,6.07,42,692,0.24,15,0,0,8.64,15.0,0,673,1769592889.894,-0.384,meta-llama/Llama-3.2-1B-Instruct,"1769592889.894, 1769592890.054, 1769592890.087, 1769592890.117, 1769592890.170"
1.0,0,1769592889.4703,1.3135,27,32,59,0.0553,0.0721,0.0772,1.0,0.0,99.55,1.2107,0.3688,0.3688,3453.683,1769592891.998268,6.06,42,693,0.24,16,0,0,8.64,15.0,0,673,1769592889.894,-0.384,meta-llama/Llama-3.2-1B-Instruct,"1769592889.894, 1769592890.054, 1769592890.087, 1769592890.117, 1769592890.170"
1.0,0,1769592889.5131,1.3488,27,31,58,0.0883,0.0677,0.068,1.0,0.0,99.55,1.2514,0.4371,0.4371,3454.1201,1769592892.1244986,6.05,42,694,0.241,17,0,0,8.64,15.0,0,673,1769592889.894,-0.384,meta-llama/Llama-3.2-1B-Instruct,"1769592889.894, 1769592890.054, 1769592890.087, 1769592890.117, 1769592890.170"
1.0,0,1769592890.3532,0.6857,27,29,56,0.0822,0.0593,0.0651,1.0,0.0,99.55,1.1355,-0.2321,0.0,3454.4748,1769592892.1820965,6.18,43,696,0.242,17,0,0,8.64,15.0,0,673,1769592889.894,-0.384,meta-llama/Llama-3.2-1B-Instruct,"1769592889.894, 1769592890.054, 1769592890.087, 1769592890.117, 1769592890.170"
1.0,0,1769592889.7628,1.2411,27,32,59,0.1136,0.0621,0.067,1.0,0.0,99.55,1.1691,0.3547,0.3547,3454.4748,1769592892.1828918,6.04,43,696,0.241,17,0,0,8.64,15.0,0,673,1769592889.894,-0.384,meta-llama/Llama-3.2-1B-Instruct,"1769592889.894, 1769592890.054, 1769592890.087, 1769592890.117, 1769592890.170"
1.0,0,1769592889.6241,1.3875,27,32,59,0.1052,0.0679,0.0704,1.0,0.0,99.55,1.1732,0.4927,0.4927,3454.9674,1769592892.185438,6.17,43,697,0.241,16,0,0,8.64,15.0,0,673,1769592889.894,-0.384,meta-llama/Llama-3.2-1B-Instruct,"1769592889.894, 1769592890.054, 1769592890.087, 1769592890.117, 1769592890.170"
1.0,0,1769592890.4205,0.752,27,32,59,0.0811,0.0584,0.0594,1.0,0.0,99.55,1.0623,-0.1669,0.0,3454.9674,1769592892.2397473,6.3,44,698,0.242,19,0,0,8.64,15.0,0,673,1769592889.894,-0.384,meta-llama/Llama-3.2-1B-Instruct,"1769592889.894, 1769592890.054, 1769592890.087, 1769592890.117, 1769592890.170"
1.0,0,1769592890.4697,0.802,27,32,59,0.0844,0.0635,0.0688,1.0,0.0,99.55,1.0197,-0.1136,0.0,3454.9674,1769592892.2941487,6.44,45,699,0.242,19,0,0,8.64,15.0,0,673,1769592889.894,-0.384,meta-llama/Llama-3.2-1B-Instruct,"1769592889.894, 1769592890.054, 1769592890.087, 1769592890.117, 1769592890.170"
1.0,0,1769592890.591,0.9651,27,32,59,0.0862,0.0577,0.1228,1.0,0.0,99.55,1.1626,0.0513,0.0513,3455.0187,1769592892.7195747,6.43,45,700,0.244,19,0,0,8.64,15.0,0,673,1769592889.894,-0.384,meta-llama/Llama-3.2-1B-Instruct,"1769592889.894, 1769592890.054, 1769592890.087, 1769592890.117, 1769592890.170"
1.0,0,1769592891.8787,0.795,27,0,27,,,,1.0,,,0.121,-0.084,0.0,3455.0187,1769592892.7963417,6.56,46,701,0.244,18,0,0,8.64,15.0,0,673,1769592889.894,-0.384,meta-llama/Llama-3.2-1B-Instruct,"1769592889.894, 1769592890.054, 1769592890.087, 1769592890.117, 1769592890.170"
1.0,0,1769592890.6956,1.2177,27,32,59,0.0767,0.0785,0.1196,1.0,0.0,99.56,1.2539,0.2943,0.2943,3455.3131,1769592893.1753967,6.55,46,702,0.243,15,0,0,8.64,15.0,0,673,1769592889.894,-0.384,meta-llama/Llama-3.2-1B-Instruct,"1769592889.894, 1769592890.054, 1769592890.087, 1769592890.117, 1769592890.170"
1.0,0,1769592890.8226,1.1557,27,32,59,0.0766,0.0832,0.1183,1.0,0.0,99.56,1.2209,0.2323,0.2323,3455.5453,1769592893.2058408,6.54,46,703,0.242,14,0,0,8.64,15.0,0,673,1769592889.894,-0.384,meta-llama/Llama-3.2-1B-Instruct,"1769592889.894, 1769592890.054, 1769592890.087, 1769592890.117, 1769592890.170"
1.0,0,1769592890.9366,1.0984,27,32,59,0.0626,0.0752,0.1164,1.0,0.0,99.56,1.1942,0.1611,0.1611,3455.7064,1769592893.2332623,6.53,46,704,0.243,15,0,0,8.64,15.0,0,673,1769592889.894,-0.384,meta-llama/Llama-3.2-1B-Instruct,"1769592889.894, 1769592890.054, 1769592890.087, 1769592890.117, 1769592890.170"
1.0,0,1769592891.08,1.1672,27,32,59,0.0976,0.089,0.118,1.0,0.0,99.56,1.3849,0.2648,0.2648,3456.5672,1769592893.6357832,6.52,46,707,0.241,12,0,0,8.64,15.0,0,673,1769592889.894,-0.384,meta-llama/Llama-3.2-1B-Instruct,"1769592889.894, 1769592890.054, 1769592890.087, 1769592890.117, 1769592890.170"
1.0,0,1769592890.9963,1.2561,27,32,59,0.0932,0.076,0.1096,1.0,0.0,99.56,1.3825,0.3493,0.3493,3456.5672,1769592893.6365936,6.52,46,707,0.242,15,0,0,8.64,15.0,0,673,1769592889.894,-0.384,meta-llama/Llama-3.2-1B-Instruct,"1769592889.894, 1769592890.054, 1769592890.087, 1769592890.117, 1769592890.170"
1.0,0,1769592891.1181,1.1622,27,32,59,0.0845,0.0828,0.1191,1.0,0.0,99.56,1.3553,0.2467,0.2467,3456.5672,1769592893.636745,6.51,46,707,0.241,10,0,0,8.64,15.0,0,673,1769592889.894,-0.384,meta-llama/Llama-3.2-1B-Instruct,"1769592889.894, 1769592890.054, 1769592890.087, 1769592890.117, 1769592890.170"
1.0,0,1769592891.2193,1.1471,27,7,34,0.0592,0.0827,0.122,1.0,0.0,99.56,1.3183,0.2063,0.2063,3456.7735,1769592893.6874547,6.5,46,708,0.242,13,0,0,8.64,15.0,0,673,1769592889.894,-0.384,meta-llama/Llama-3.2-1B-Instruct,"1769592889.894, 1769592890.054, 1769592890.087, 1769592890.117, 1769592890.170"
1.0,0,1769592891.6072,0.8332,27,32,59,0.062,0.0891,0.1239,1.0,0.0,99.56,1.2947,-0.1048,0.0,3456.7735,1769592893.736604,6.63,47,709,0.242,14,0,0,8.64,15.0,0,673,1769592889.894,-0.384,meta-llama/Llama-3.2-1B-Instruct,"1769592889.894, 1769592890.054, 1769592890.087, 1769592890.117, 1769592890.170"
1.0,0,1769592891.6887,0.8652,27,32,59,0.0491,0.078,0.0816,1.0,0.0,99.56,1.2194,-0.0857,0.0,3456.7735,1769592893.775438,6.76,49,711,0.243,15,0,0,8.64,15.0,0,673,1769592889.894,-0.384,meta-llama/Llama-3.2-1B-Instruct,"1769592889.894, 1769592890.054, 1769592890.087, 1769592890.117, 1769592890.170"
1.0,0,1769592891.6343,0.8833,27,32,59,0.0795,0.0816,0.0948,1.0,0.0,99.56,1.2568,-0.0372,0.0,3456.7735,1769592893.7757638,6.89,49,711,0.243,15,0,0,8.64,15.0,0,673,1769592889.894,-0.384,meta-llama/Llama-3.2-1B-Instruct,"1769592889.894, 1769592890.054, 1769592890.087, 1769592890.117, 1769592890.170"
1.0,0,1769592891.7563,0.862,27,32,59,0.077,0.0711,0.0896,1.0,0.0,99.56,1.1979,-0.0609,0.0,3456.7735,1769592893.821637,7.02,50,712,0.244,17,0,0,8.64,15.0,0,673,1769592889.894,-0.384,meta-llama/Llama-3.2-1B-Instruct,"1769592889.894, 1769592890.054, 1769592890.087, 1769592890.117, 1769592890.170"
1.0,0,1769592892.0178,0.7144,27,32,59,0.0634,0.0653,0.0774,1.0,0.0,99.56,1.1259,-0.2222,0.0,3456.7735,1769592893.8619745,7.15,51,713,0.244,17,0,0,8.64,15.0,0,673,1769592889.894,-0.384,meta-llama/Llama-3.2-1B-Instruct,"1769592889.894, 1769592890.054, 1769592890.087, 1769592890.117, 1769592890.170"
1.0,0,1769592892.1777,0.6576,27,32,59,0.0912,0.0803,0.0983,1.0,0.0,99.56,1.1967,-0.2512,0.0,3456.7735,1769592894.0431225,7.28,52,714,0.245,18,0,0,8.64,15.0,0,673,1769592889.894,-0.384,meta-llama/Llama-3.2-1B-Instruct,"1769592889.894, 1769592890.054, 1769592890.087, 1769592890.117, 1769592890.170"
1.0,0,1769592892.4846,0.4263,27,32,59,0.084,0.0715,0.1051,1.0,0.0,99.56,1.1362,-0.4897,0.0,3456.7735,1769592894.048213,7.41,53,715,0.245,18,0,0,8.64,15.0,0,673,1769592889.894,-0.384,meta-llama/Llama-3.2-1B-Instruct,"1769592889.894, 1769592890.054, 1769592890.087, 1769592890.117, 1769592890.170"
1.0,0,1769592893.836,0.2521,27,1,28,0.0737,,,1.0,,,0.1375,-0.6742,0.0,3456.7735,1769592894.2279086,7.54,54,716,0.244,14,0,0,8.64,15.0,0,673,1769592889.894,-0.384,meta-llama/Llama-3.2-1B-Instruct,"1769592889.894, 1769592890.054, 1769592890.087, 1769592890.117, 1769592890.170"
200.0,1,1769592815.3982,78.8053,2664,0,2664,,,,200.0,,,0.3614,-120.8333,0.0,3456.7735,1769592894.5777457,7.67,55,717,0.245,15,0,0,8.64,15.0,0,673,1769592889.894,-0.384,meta-llama/Llama-3.2-1B-Instruct,"1769592889.894, 1769592890.054, 1769592890.087, 1769592890.117, 1769592890.170"
1.0,0,1769592892.5231,0.757,27,32,59,0.0719,0.0949,0.9142,1.0,0.0,99.56,2.0669,-0.1711,0.0,3456.7735,1769592895.3496323,7.8,56,718,0.246,17,0,0,8.64,15.0,0,717,1769592895.515,0.204,meta-llama/Llama-3.2-1B-Instruct,"1769592895.515, 1769592895.584, 1769592895.609, 1769592895.687, 1769592895.940"
1.0,0,1769592892.6399,0.6978,27,32,59,0.0732,0.1017,0.9097,1.0,0.0,99.57,2.0379,-0.229,0.0,3456.7735,1769592895.3764646,7.93,57,719,0.246,17,0,0,8.64,15.0,0,717,1769592895.515,0.204,meta-llama/Llama-3.2-1B-Instruct,"1769592895.515, 1769592895.584, 1769592895.609, 1769592895.687, 1769592895.940"
1.0,0,1769592892.7565,0.7004,27,32,59,0.0818,0.1201,0.9096,1.0,0.0,99.57,2.015,-0.2178,0.0,3456.7735,1769592895.4741464,8.06,58,720,0.246,18,0,0,8.64,15.0,0,717,1769592895.515,0.204,meta-llama/Llama-3.2-1B-Instruct,"1769592895.515, 1769592895.584, 1769592895.609, 1769592895.687, 1769592895.940"
1.0,0,1769592893.1878,0.7724,27,24,51,0.0698,0.0817,0.9184,1.0,0.0,99.57,1.869,-0.1578,0.0,3456.7735,1769592895.8330579,8.18,59,721,0.244,14,0,0,8.64,15.0,0,717,1769592895.515,0.204,meta-llama/Llama-3.2-1B-Instruct,"1769592895.515, 1769592895.584, 1769592895.609, 1769592895.687, 1769592895.940"
1.0,0,1769592892.8922,0.903,27,32,59,0.0637,0.1014,0.9191,1.0,0.0,99.57,2.1786,-0.0333,0.0,3456.7735,1769592895.978987,8.31,60,722,0.244,12,0,0,8.64,15.0,0,717,1769592895.515,0.204,meta-llama/Llama-3.2-1B-Instruct,"1769592895.515, 1769592895.584, 1769592895.609, 1769592895.687, 1769592895.940"
1.0,0,1769592893.0963,0.8137,27,32,59,0.0662,0.078,0.9141,1.0,0.0,99.57,2.1589,-0.1201,0.0,3456.7735,1769592896.0762653,8.56,62,724,0.244,12,0,0,8.64,15.0,0,717,1769592895.515,0.204,meta-llama/Llama-3.2-1B-Instruct,"1769592895.515, 1769592895.584, 1769592895.609, 1769592895.687, 1769592895.940"
1.0,0,1769592893.0116,0.8584,27,32,59,0.0954,0.0767,0.9134,1.0,0.0,99.57,2.1951,-0.0463,0.0,3456.7735,1769592896.076473,8.44,62,724,0.244,12,0,0,8.64,15.0,0,717,1769592895.515,0.204,meta-llama/Llama-3.2-1B-Instruct,"1769592895.515, 1769592895.584, 1769592895.609, 1769592895.687, 1769592895.940"
1.0,0,1769592893.2451,0.7688,27,32,59,0.0845,0.0961,0.9271,1.0,0.0,99.57,2.1837,-0.1467,0.0,3456.7735,1769592896.205391,8.69,63,725,0.244,14,0,0,8.64,15.0,0,717,1769592895.515,0.204,meta-llama/Llama-3.2-1B-Instruct,"1769592895.515, 1769592895.584, 1769592895.609, 1769592895.687, 1769592895.940"
1.0,0,1769592894.0619,0.0872,27,32,59,0.0734,0.0737,0.9126,1.0,0.0,99.57,2.2016,-0.8394,0.0,3456.7735,1769592896.3520274,8.82,64,726,0.245,14,0,0,8.64,15.0,0,717,1769592895.515,0.204,meta-llama/Llama-3.2-1B-Instruct,"1769592895.515, 1769592895.584, 1769592895.609, 1769592895.687, 1769592895.940"
1.0,0,1769592894.3534,0.0554,27,32,59,0.7653,0.0732,0.0776,1.0,0.0,99.57,2.0473,-0.1793,0.0,3456.7735,1769592896.4667819,8.94,67,729,0.271,16,1,0,8.64,15.0,0,717,1769592895.515,0.204,meta-llama/Llama-3.2-1B-Instruct,"1769592895.515, 1769592895.584, 1769592895.609, 1769592895.687, 1769592895.940"
1.0,0,1769592894.3844,0.2664,27,32,59,0.5217,0.0754,0.0818,1.0,0.0,99.57,1.8142,-0.2119,0.0,3456.7735,1769592896.467449,9.19,67,729,0.301,19,0,0,8.64,15.0,0,717,1769592895.515,0.204,meta-llama/Llama-3.2-1B-Instruct,"1769592895.515, 1769592895.584, 1769592895.609, 1769592895.687, 1769592895.940"
1.0,0,1769592894.179,0.0929,27,32,59,0.8999,0.0751,0.0824,1.0,0.0,99.57,2.1902,-0.0072,0.0,3456.7735,1769592896.4678853,9.07,67,729,0.246,15,1,0,8.64,15.0,0,717,1769592895.515,0.204,meta-llama/Llama-3.2-1B-Instruct,"1769592895.515, 1769592895.584, 1769592895.609, 1769592895.687, 1769592895.940"
1.0,0,1769592894.5147,1.0033,27,32,59,0.0772,0.0891,0.0892,1.0,0.0,99.57,1.4637,0.0805,0.0805,3456.8539,1769592896.983059,9.18,67,730,0.301,17,0,0,8.64,15.0,0,717,1769592895.515,0.204,meta-llama/Llama-3.2-1B-Instruct,"1769592895.515, 1769592895.584, 1769592895.609, 1769592895.687, 1769592895.940"
1.0,0,1769592894.5845,0.9898,27,32,59,0.1079,0.0688,0.0905,1.0,0.0,99.57,1.4326,0.0977,0.0977,3457.03,1769592897.0154443,9.15,67,732,0.301,17,0,0,8.64,15.0,0,717,1769592895.515,0.204,meta-llama/Llama-3.2-1B-Instruct,"1769592895.515, 1769592895.584, 1769592895.609, 1769592895.687, 1769592895.940"
1.0,0,1769592894.6085,1.0209,27,32,59,0.0575,0.0747,0.0855,1.0,0.0,99.57,1.3769,0.0784,0.0784,3457.03,1769592897.0169506,9.17,67,732,0.301,18,0,0,8.64,15.0,0,717,1769592895.515,0.204,meta-llama/Llama-3.2-1B-Instruct,"1769592895.515, 1769592895.584, 1769592895.609, 1769592895.687, 1769592895.940"
1.0,0,1769592894.6869,1.2696,27,32,59,0.114,0.0778,0.0797,1.0,0.0,99.57,1.4757,0.3836,0.3836,3457.4137,1769592897.4345734,9.14,67,733,0.303,18,0,0,8.64,15.0,0,717,1769592895.515,0.204,meta-llama/Llama-3.2-1B-Instruct,"1769592895.515, 1769592895.584, 1769592895.609, 1769592895.687, 1769592895.940"
1.0,0,1769592894.9403,1.1115,27,32,59,0.0614,0.0766,0.0768,1.0,0.0,99.57,1.4146,0.1728,0.1728,3457.5865,1769592897.46744,9.13,67,734,0.302,17,0,0,8.64,15.0,0,717,1769592895.515,0.204,meta-llama/Llama-3.2-1B-Instruct,"1769592895.515, 1769592895.584, 1769592895.609, 1769592895.687, 1769592895.940"
1.0,0,1769592895.1972,1.9317,27,9,36,0.0727,0.0604,0.0604,1.0,0.0,99.58,0.4267,1.0044,1.0044,3458.5909,1769592897.5635774,9.12,67,735,0.304,17,0,0,8.64,15.0,0,717,1769592895.515,0.204,meta-llama/Llama-3.2-1B-Instruct,"1769592895.515, 1769592895.584, 1769592895.609, 1769592895.687, 1769592895.940"
1.0,0,1769592894.9614,1.2232,27,34,61,0.0821,0.0712,0.0813,1.0,0.0,99.58,1.3794,0.3053,0.3053,3458.8962,1769592897.56518,9.1,67,736,0.302,17,0,0,8.64,15.0,0,717,1769592895.515,0.204,meta-llama/Llama-3.2-1B-Instruct,"1769592895.515, 1769592895.584, 1769592895.609, 1769592895.687, 1769592895.940"
1.0,0,1769592895.0029,1.299,27,32,59,0.0712,0.073,0.0767,1.0,0.0,99.58,1.3879,0.3702,0.3702,3459.2663,1769592897.6954434,9.09,67,737,0.303,18,1,0,8.64,15.0,0,717,1769592895.515,0.204,meta-llama/Llama-3.2-1B-Instruct,"1769592895.515, 1769592895.584, 1769592895.609, 1769592895.687, 1769592895.940"
1.0,0,1769592894.9817,1.2599,27,32,59,0.1305,0.0685,0.0724,1.0,0.0,99.58,1.4546,0.3905,0.3905,3459.6568,1769592897.7016215,9.08,67,738,0.302,18,0,0,8.64,15.0,0,717,1769592895.515,0.204,meta-llama/Llama-3.2-1B-Instruct,"1769592895.515, 1769592895.584, 1769592895.609, 1769592895.687, 1769592895.940"
1.0,0,1769592895.0227,1.4231,27,32,59,0.0661,0.068,0.076,1.0,0.0,99.58,1.3949,0.4891,0.4891,3460.1459,1769592897.8459067,9.07,67,739,0.301,16,0,0,8.64,15.0,0,717,1769592895.515,0.204,meta-llama/Llama-3.2-1B-Instruct,"1769592895.515, 1769592895.584, 1769592895.609, 1769592895.687, 1769592895.940"
1.0,0,1769592895.0441,1.5621,27,32,59,0.0641,0.0702,0.0738,1.0,0.0,99.58,1.4698,0.6262,0.6262,3460.7721,1769592898.0804794,9.05,67,740,0.303,17,0,0,8.64,15.0,0,717,1769592895.515,0.204,meta-llama/Llama-3.2-1B-Instruct,"1769592895.515, 1769592895.584, 1769592895.609, 1769592895.687, 1769592895.940"
1.0,0,1769592895.1042,1.5551,27,32,59,0.0802,0.0751,0.0834,1.0,0.0,99.58,1.4539,0.6353,0.6353,3461.4074,1769592898.116501,9.04,67,741,0.303,17,0,0,8.64,15.0,0,717,1769592895.515,0.204,meta-llama/Llama-3.2-1B-Instruct,"1769592895.515, 1769592895.584, 1769592895.609, 1769592895.687, 1769592895.940"
1.0,0,1769592895.1596,1.564,27,32,59,0.0878,0.0711,0.0732,1.0,0.0,99.58,1.4149,0.6518,0.6518,3462.0592,1769592898.1412008,9.03,67,742,0.303,18,0,0,8.64,15.0,0,717,1769592895.515,0.204,meta-llama/Llama-3.2-1B-Instruct,"1769592895.515, 1769592895.584, 1769592895.609, 1769592895.687, 1769592895.940"
1.0,0,1769592895.2473,1.9361,27,32,59,0.0812,0.075,0.0759,1.0,0.0,99.58,1.4188,1.0174,1.0174,3463.0766,1769592898.6069815,9.02,67,743,0.304,17,0,0,8.64,15.0,0,717,1769592895.515,0.204,meta-llama/Llama-3.2-1B-Instruct,"1769592895.515, 1769592895.584, 1769592895.609, 1769592895.687, 1769592895.940"
1.0,0,1769592895.4852,1.7569,27,32,59,0.0869,0.0662,0.074,1.0,0.0,99.58,1.3884,0.8438,0.8438,3463.9203,1769592898.6360023,9.01,67,744,0.305,18,0,0,8.64,15.0,0,717,1769592895.515,0.204,meta-llama/Llama-3.2-1B-Instruct,"1769592895.515, 1769592895.584, 1769592895.609, 1769592895.687, 1769592895.940"
1.0,0,1769592895.6824,1.8475,27,32,59,0.0896,0.0748,0.0765,1.0,0.0,99.58,1.4364,0.9371,0.9371,3464.8574,1769592898.9671276,8.99,67,745,0.306,18,0,0,8.64,15.0,0,717,1769592895.515,0.204,meta-llama/Llama-3.2-1B-Instruct,"1769592895.515, 1769592895.584, 1769592895.609, 1769592895.687, 1769592895.940"
1.0,0,1769592895.9189,1.6869,27,32,59,0.0854,0.0757,0.0792,1.0,0.0,99.58,1.3929,0.7722,0.7722,3465.6296,1769592899.0012906,8.98,67,746,0.305,16,0,0,8.64,15.0,0,717,1769592895.515,0.204,meta-llama/Llama-3.2-1B-Instruct,"1769592895.515, 1769592895.584, 1769592895.609, 1769592895.687, 1769592895.940"
1.0,0,1769592895.9947,1.6792,27,32,59,0.0943,0.0774,0.0787,1.0,0.0,99.58,1.3879,0.7736,0.7736,3466.4032,1769592899.0631585,8.97,67,747,0.305,17,0,0,8.64,15.0,0,717,1769592895.515,0.204,meta-llama/Llama-3.2-1B-Instruct,"1769592895.515, 1769592895.584, 1769592895.609, 1769592895.687, 1769592895.940"
1.0,0,1769592896.0269,1.7122,27,32,59,0.103,0.0726,0.0755,1.0,0.0,99.58,1.3499,0.8152,0.8152,3467.2183,1769592899.099518,8.96,67,748,0.304,16,1,0,8.64,15.0,0,717,1769592895.515,0.204,meta-llama/Llama-3.2-1B-Instruct,"1769592895.515, 1769592895.584, 1769592895.609, 1769592895.687, 1769592895.940"
1.0,0,1769592896.0621,1.7628,27,32,59,0.0875,0.0768,0.0773,1.0,0.0,99.58,1.3161,0.8503,0.8503,3468.9355,1769592899.1451616,9.07,68,751,0.304,17,0,0,8.64,15.0,0,717,1769592895.515,0.204,meta-llama/Llama-3.2-1B-Instruct,"1769592895.515, 1769592895.584, 1769592895.609, 1769592895.687, 1769592895.940"
1.0,0,1769592896.1032,1.7909,27,33,60,0.076,0.0677,0.072,1.0,0.0,99.58,1.2508,0.8669,0.8669,3468.9355,1769592899.1459162,9.05,68,751,0.305,18,0,0,8.64,15.0,0,717,1769592895.515,0.204,meta-llama/Llama-3.2-1B-Instruct,"1769592895.515, 1769592895.584, 1769592895.609, 1769592895.687, 1769592895.940"
200.0,1,1769592815.1456,52.0858,3966,748,4714,2.7054,0.0797,0.1198,200.0,0.0,99.58,31.8999,-116.0143,0.0,3468.9355,1769592899.153707,9.08,68,751,0.001,3,0,0,8.64,15.0,0,717,1769592895.515,0.204,meta-llama/Llama-3.2-1B-Instruct,"1769592895.515, 1769592895.584, 1769592895.609, 1769592895.687, 1769592895.940"
1.0,0,1769592896.1576,1.7899,27,32,59,0.093,0.0645,0.0656,1.0,0.0,99.59,1.2412,0.8829,0.8829,3469.8184,1769592899.1906738,9.04,68,752,0.305,18,0,0,8.64,15.0,0,717,1769592895.515,0.204,meta-llama/Llama-3.2-1B-Instruct,"1769592895.515, 1769592895.584, 1769592895.609, 1769592895.687, 1769592895.940"
1.0,0,1769592896.3819,1.9176,27,32,59,0.1229,0.0728,0.0787,1.0,0.0,99.59,1.1947,1.0405,1.0405,3470.8589,1769592899.500051,9.03,68,753,0.306,17,0,0,8.64,15.0,0,717,1769592895.515,0.204,meta-llama/Llama-3.2-1B-Instruct,"1769592895.515, 1769592895.584, 1769592895.609, 1769592895.687, 1769592895.940"
1.0,0,1769592896.6381,1.6952,27,32,59,0.09,0.0728,0.0822,1.0,0.0,99.59,1.1929,0.7852,0.7852,3472.8494,1769592899.5368502,9.01,68,755,0.306,17,1,0,8.64,15.0,0,717,1769592895.515,0.204,meta-llama/Llama-3.2-1B-Instruct,"1769592895.515, 1769592895.584, 1769592895.609, 1769592895.687, 1769592895.940"
1.0,0,1769592896.2159,2.0793,27,31,58,0.1261,0.064,0.0651,1.0,0.0,99.59,1.22,1.2053,1.2053,3472.8494,1769592899.537214,9.02,68,755,0.306,17,0,0,8.64,15.0,0,717,1769592895.515,0.204,meta-llama/Llama-3.2-1B-Instruct,"1769592895.515, 1769592895.584, 1769592895.609, 1769592895.687, 1769592895.940"
1.0,0,1769592897.6479,1.8469,27,5,32,0.1113,0.097,0.097,1.0,0.0,99.59,0.4107,0.9581,0.9581,3473.8076,1769592899.9084895,8.99,68,756,0.263,16,0,0,8.64,15.0,0,717,1769592895.515,0.204,meta-llama/Llama-3.2-1B-Instruct,"1769592895.515, 1769592895.584, 1769592895.609, 1769592895.687, 1769592895.940"
1.0,0,1769592896.8887,1.8185,27,32,59,0.0828,0.0892,0.0953,1.0,0.0,99.59,1.2548,0.9013,0.9013,3474.7088,1769592899.963325,8.98,68,757,0.308,18,0,0,8.64,15.0,0,717,1769592895.515,0.204,meta-llama/Llama-3.2-1B-Instruct,"1769592895.515, 1769592895.584, 1769592895.609, 1769592895.687, 1769592895.940"
1.0,0,1769592896.9283,1.8454,27,32,59,0.0904,0.0918,0.0942,1.0,0.0,99.59,1.214,0.9358,0.9358,3475.6447,1769592899.990472,8.97,68,758,0.308,18,1,0,8.64,15.0,0,717,1769592895.515,0.204,meta-llama/Llama-3.2-1B-Instruct,"1769592895.515, 1769592895.584, 1769592895.609, 1769592895.687, 1769592895.940"
1.0,0,1769592896.9834,2.1342,27,32,59,0.0701,0.0931,0.0944,1.0,0.0,99.59,1.2805,1.2043,1.2043,3476.849,1769592900.3992183,8.96,68,759,0.262,14,0,0,8.64,15.0,0,759,1769592899.749,-0.569,meta-llama/Llama-3.2-1B-Instruct,"1769592899.749, 1769592899.784, 1769592899.909, 1769592900.028, 1769592900.092"
1.0,0,1769592897.0459,2.1269,27,32,59,0.071,0.0901,0.0933,1.0,0.0,99.59,1.2476,1.1979,1.1979,3478.0468,1769592900.4272664,8.95,68,760,0.262,13,1,0,8.64,15.0,0,759,1769592899.749,-0.569,meta-llama/Llama-3.2-1B-Instruct,"1769592899.749, 1769592899.784, 1769592899.909, 1769592900.028, 1769592900.092"
1.0,0,1769592897.1614,2.0676,27,32,59,0.0707,0.0868,0.0997,1.0,0.0,99.59,1.2274,1.1383,1.1383,3479.1851,1769592900.4610658,8.94,68,761,0.261,13,1,0,8.64,15.0,0,759,1769592899.749,-0.569,meta-llama/Llama-3.2-1B-Instruct,"1769592899.749, 1769592899.784, 1769592899.909, 1769592900.028, 1769592900.092"
1.0,0,1769592897.5052,1.8053,27,32,59,0.0667,0.0957,0.1001,1.0,0.0,99.59,1.2085,0.872,0.872,3480.0571,1769592900.520148,8.92,68,762,0.262,15,0,0,8.64,15.0,0,759,1769592899.749,-0.569,meta-llama/Llama-3.2-1B-Instruct,"1769592899.749, 1769592899.784, 1769592899.909, 1769592900.028, 1769592900.092"
1.0,0,1769592897.6964,1.8069,27,31,58,0.105,0.0781,0.0898,1.0,0.0,99.59,1.4294,0.9119,0.9119,3481.8193,1769592900.9390535,8.91,68,764,0.263,16,0,0,8.64,15.0,0,759,1769592899.749,-0.569,meta-llama/Llama-3.2-1B-Instruct,"1769592899.749, 1769592899.784, 1769592899.909, 1769592900.028, 1769592900.092"
1.0,0,1769592897.7572,1.7599,27,31,58,0.0905,0.0697,0.1058,1.0,0.0,99.59,1.4185,0.8504,0.8504,3481.8193,1769592900.9392278,8.9,68,764,0.262,13,0,0,8.64,15.0,0,759,1769592899.749,-0.569,meta-llama/Llama-3.2-1B-Instruct,"1769592899.749, 1769592899.784, 1769592899.909, 1769592900.028, 1769592900.092"
1.0,0,1769592897.9904,1.6453,27,32,59,0.0648,0.0679,0.0691,1.0,0.0,99.59,1.3272,0.71,0.71,3483.3596,1769592900.9679847,8.89,68,766,0.263,16,0,0,8.64,15.0,0,759,1769592899.749,-0.569,meta-llama/Llama-3.2-1B-Instruct,"1769592899.749, 1769592899.784, 1769592899.909, 1769592900.028, 1769592900.092"
1.0,0,1769592897.8686,1.7326,27,32,59,0.0977,0.0739,0.0768,1.0,0.0,99.59,1.3665,0.8302,0.8302,3483.3596,1769592900.9685912,8.88,68,766,0.263,14,2,0,8.64,15.0,0,759,1769592899.749,-0.569,meta-llama/Llama-3.2-1B-Instruct,"1769592899.749, 1769592899.784, 1769592899.909, 1769592900.028, 1769592900.092"
1.0,0,1769592898.0163,1.6777,27,32,59,0.0933,0.0692,0.0694,1.0,0.0,99.59,1.2914,0.771,0.771,3484.7399,1769592900.989957,8.87,68,768,0.264,17,1,0,8.64,15.0,0,759,1769592899.749,-0.569,meta-llama/Llama-3.2-1B-Instruct,"1769592899.749, 1769592899.784, 1769592899.909, 1769592900.028, 1769592900.092"
1.0,0,1769592898.1862,1.5497,27,32,59,0.0596,0.066,0.0726,1.0,0.0,99.59,1.2521,0.6093,0.6093,3484.7399,1769592900.9919403,8.85,68,768,0.264,18,0,0,8.64,15.0,0,759,1769592899.749,-0.569,meta-llama/Llama-3.2-1B-Instruct,"1769592899.749, 1769592899.784, 1769592899.909, 1769592900.028, 1769592900.092"
1.0,0,1769592898.2236,1.8169,27,31,58,0.065,0.0689,0.0731,1.0,0.0,99.59,1.1863,0.882,0.882,3485.6219,1769592901.2315974,8.84,68,769,0.265,17,0,0,8.64,15.0,0,759,1769592899.749,-0.569,meta-llama/Llama-3.2-1B-Instruct,"1769592899.749, 1769592899.784, 1769592899.909, 1769592900.028, 1769592900.092"
1.0,0,1769592898.2839,1.8416,27,32,59,0.0927,0.0695,0.0715,1.0,0.0,99.6,1.1893,0.9342,0.9342,3486.5561,1769592901.3156698,8.83,68,770,0.265,18,0,0,8.64,15.0,0,759,1769592899.749,-0.569,meta-llama/Llama-3.2-1B-Instruct,"1769592899.749, 1769592899.784, 1769592899.909, 1769592900.028, 1769592900.092"
1.0,0,1769592898.6175,1.5819,27,32,59,0.0659,0.0662,0.0689,1.0,0.0,99.6,1.1536,0.6477,0.6477,3487.2038,1769592901.3544939,8.82,68,771,0.266,19,0,0,8.64,15.0,0,759,1769592899.749,-0.569,meta-llama/Llama-3.2-1B-Instruct,"1769592899.749, 1769592899.784, 1769592899.909, 1769592900.028, 1769592900.092"
1.0,0,1769592898.7839,1.7611,27,33,60,0.0629,0.067,0.0691,1.0,0.0,99.6,1.2383,0.8239,0.8239,3488.0278,1769592901.787664,8.81,68,772,0.266,16,1,0,8.64,15.0,0,759,1769592899.749,-0.569,meta-llama/Llama-3.2-1B-Instruct,"1769592899.749, 1769592899.784, 1769592899.909, 1769592900.028, 1769592900.092"
1.0,0,1769592898.749,1.7347,27,32,59,0.1223,0.0694,0.0718,1.0,0.0,99.6,1.3044,0.857,0.857,3488.8848,1769592901.7891045,8.8,68,773,0.266,17,0,0,8.64,15.0,0,759,1769592899.749,-0.569,meta-llama/Llama-3.2-1B-Instruct,"1769592899.749, 1769592899.784, 1769592899.909, 1769592900.028, 1769592900.092"
1.0,0,1769592899.0276,1.6964,27,32,59,0.0945,0.0661,0.0724,1.0,0.0,99.6,1.2146,0.7909,0.7909,3490.5904,1769592901.9423707,8.79,68,775,0.267,18,0,0,8.64,15.0,0,759,1769592899.749,-0.569,meta-llama/Llama-3.2-1B-Instruct,"1769592899.749, 1769592899.784, 1769592899.909, 1769592900.028, 1769592900.092"
1.0,0,1769592898.9095,1.8094,27,32,59,0.1054,0.0654,0.0672,1.0,0.0,99.6,1.2203,0.9148,0.9148,3490.5904,1769592901.9425495,8.77,68,775,0.266,17,1,0,8.64,15.0,0,759,1769592899.749,-0.569,meta-llama/Llama-3.2-1B-Instruct,"1769592899.749, 1769592899.784, 1769592899.909, 1769592900.028, 1769592900.092"
1.0,0,1769592899.0923,1.9875,27,32,59,0.081,0.0696,0.0769,1.0,0.0,99.6,1.3564,1.0685,1.0685,3491.659,1769592902.4420748,8.76,68,776,0.265,14,0,0,8.64,15.0,0,759,1769592899.749,-0.569,meta-llama/Llama-3.2-1B-Instruct,"1769592899.749, 1769592899.784, 1769592899.909, 1769592900.028, 1769592900.092"
1.0,0,1769592899.3453,1.8609,27,32,59,0.0667,0.0675,0.0715,1.0,0.0,99.6,1.2884,0.9276,0.9276,3493.6842,1769592902.4977324,8.74,68,778,0.266,15,0,0,8.64,15.0,0,759,1769592899.749,-0.569,meta-llama/Llama-3.2-1B-Instruct,"1769592899.749, 1769592899.784, 1769592899.909, 1769592900.028, 1769592900.092"
1.0,0,1769592899.1517,2.0094,27,32,59,0.0882,0.0782,0.0847,1.0,0.0,99.6,1.3308,1.0976,1.0976,3493.6842,1769592902.4980032,8.75,68,778,0.266,15,0,0,8.64,15.0,0,759,1769592899.749,-0.569,meta-llama/Llama-3.2-1B-Instruct,"1769592899.749, 1769592899.784, 1769592899.909, 1769592900.028, 1769592900.092"
1.0,0,1769592899.3929,1.8751,27,32,59,0.0807,0.0667,0.0785,1.0,0.0,99.6,1.3157,0.9558,0.9558,3494.64,1769592902.5870025,8.73,68,779,0.266,16,0,0,8.64,15.0,0,759,1769592899.749,-0.569,meta-llama/Llama-3.2-1B-Instruct,"1769592899.749, 1769592899.784, 1769592899.909, 1769592900.028, 1769592900.092"
1.0,0,1769592899.5576,1.7763,27,32,59,0.0741,0.0785,0.0844,1.0,0.0,99.6,1.278,0.8504,0.8504,3495.4904,1769592902.6161375,8.72,68,780,0.266,15,0,0,8.64,15.0,0,759,1769592899.749,-0.569,meta-llama/Llama-3.2-1B-Instruct,"1769592899.749, 1769592899.784, 1769592899.909, 1769592900.028, 1769592900.092"
1.0,0,1769592899.7119,1.6786,27,31,58,0.0797,0.0676,0.0708,1.0,0.0,99.6,1.2416,0.7582,0.7582,3496.2486,1769592902.634596,8.71,68,781,0.266,15,0,0,8.64,15.0,0,759,1769592899.749,-0.569,meta-llama/Llama-3.2-1B-Instruct,"1769592899.749, 1769592899.784, 1769592899.909, 1769592900.028, 1769592900.092"
1.0,0,1769592899.9739,1.481,27,32,59,0.0789,0.0713,0.0801,1.0,0.0,99.6,1.1965,0.5598,0.5598,3496.8084,1769592902.6552415,8.7,68,782,0.267,17,0,0,8.64,15.0,0,759,1769592899.749,-0.569,meta-llama/Llama-3.2-1B-Instruct,"1769592899.749, 1769592899.784, 1769592899.909, 1769592900.028, 1769592900.092"
1.0,0,1769592900.1748,1.3449,27,31,58,0.0824,0.0685,0.0703,1.0,0.0,99.6,1.1514,0.4273,0.4273,3497.2358,1769592902.6732624,8.68,68,783,0.267,17,0,0,8.64,15.0,0,759,1769592899.749,-0.569,meta-llama/Llama-3.2-1B-Instruct,"1769592899.749, 1769592899.784, 1769592899.909, 1769592900.028, 1769592900.092"
1.0,0,1769592900.2139,1.3711,27,32,59,0.0778,0.069,0.0699,1.0,0.0,99.6,1.1053,0.4489,0.4489,3497.6846,1769592902.6924255,8.67,68,784,0.268,19,0,0,8.64,15.0,0,759,1769592899.749,-0.569,meta-llama/Llama-3.2-1B-Instruct,"1769592899.749, 1769592899.784, 1769592899.909, 1769592900.028, 1769592900.092"
1.0,0,1769592900.3167,1.6358,27,32,59,0.0742,0.0721,0.0732,1.0,0.0,99.6,0.9964,0.71,0.71,3498.3947,1769592902.9500222,8.66,68,785,0.267,16,0,0,8.64,15.0,0,759,1769592899.749,-0.569,meta-llama/Llama-3.2-1B-Instruct,"1769592899.749, 1769592899.784, 1769592899.909, 1769592900.028, 1769592900.092"
1.0,0,1769592900.3688,1.6402,27,32,59,0.0757,0.0484,0.0836,1.0,0.0,99.6,0.9826,0.716,0.716,3499.1107,1769592902.997275,8.65,68,786,0.267,16,0,0,8.64,15.0,0,759,1769592899.749,-0.569,meta-llama/Llama-3.2-1B-Instruct,"1769592899.749, 1769592899.784, 1769592899.909, 1769592900.028, 1769592900.092"
1.0,0,1769592900.4103,1.6669,27,32,59,0.1227,0.0482,0.0496,1.0,0.0,99.6,0.9966,0.7895,0.7895,3500.6465,1769592903.0773447,8.64,68,788,0.268,18,0,0,8.64,15.0,0,759,1769592899.749,-0.569,meta-llama/Llama-3.2-1B-Instruct,"1769592899.749, 1769592899.784, 1769592899.909, 1769592900.028, 1769592900.092"
1.0,0,1769592900.462,1.6779,27,32,59,0.0684,0.0556,0.0588,1.0,0.0,99.6,0.9372,0.7463,0.7463,3500.6465,1769592903.0781891,8.63,68,788,0.269,18,0,0,8.64,15.0,0,759,1769592899.749,-0.569,meta-llama/Llama-3.2-1B-Instruct,"1769592899.749, 1769592899.784, 1769592899.909, 1769592900.028, 1769592900.092"
1.0,0,1769592900.5685,2.2892,27,32,59,0.0566,0.1777,0.1871,1.0,0.0,99.61,1.331,1.3458,1.3458,3501.9923,1769592904.189656,8.62,68,789,0.268,11,0,0,8.64,15.0,0,759,1769592899.749,-0.569,meta-llama/Llama-3.2-1B-Instruct,"1769592899.749, 1769592899.784, 1769592899.909, 1769592900.028, 1769592900.092"
1.0,0,1769592900.6153,2.3126,27,33,60,0.0566,0.1681,0.183,1.0,0.0,99.61,1.3198,1.3692,1.3692,3503.3615,1769592904.2520998,8.61,68,790,0.268,12,0,0,8.64,15.0,0,759,1769592899.749,-0.569,meta-llama/Llama-3.2-1B-Instruct,"1769592899.749, 1769592899.784, 1769592899.909, 1769592900.028, 1769592900.092"
1.0,0,1769592900.6852,2.3066,27,32,59,0.08,0.17,0.1811,1.0,0.0,99.61,1.3241,1.3865,1.3865,3504.748,1769592904.3179474,8.6,68,791,0.267,11,0,0,8.64,15.0,0,759,1769592899.749,-0.569,meta-llama/Llama-3.2-1B-Instruct,"1769592899.749, 1769592899.784, 1769592899.909, 1769592900.028, 1769592900.092"
1.0,0,1769592901.2441,1.9136,27,32,59,0.159,0.09,0.1831,1.0,0.0,99.61,1.4011,1.0726,1.0726,3508.4995,1769592904.5650141,8.59,68,795,0.267,10,0,0,8.64,15.0,0,759,1769592899.749,-0.569,meta-llama/Llama-3.2-1B-Instruct,"1769592899.749, 1769592899.784, 1769592899.909, 1769592900.028, 1769592900.092"
1.0,0,1769592901.1284,2.0361,27,32,59,0.1172,0.1281,0.185,1.0,0.0,99.61,1.3974,1.1533,1.1533,3508.4995,1769592904.5652478,8.58,68,795,0.267,11,0,0,8.64,15.0,0,759,1769592899.749,-0.569,meta-llama/Llama-3.2-1B-Instruct,"1769592899.749, 1769592899.784, 1769592899.909, 1769592900.028, 1769592900.092"
1.0,0,1769592901.6207,1.6747,27,32,59,0.0592,0.058,0.1912,1.0,0.0,99.61,1.2671,0.7339,0.7339,3508.4995,1769592904.567825,8.56,68,795,0.268,13,1,0,8.64,15.0,0,759,1769592899.749,-0.569,meta-llama/Llama-3.2-1B-Instruct,"1769592899.749, 1769592899.784, 1769592899.909, 1769592900.028, 1769592900.092"
1.0,0,1769592901.5604,1.7062,27,32,59,0.0855,0.0649,0.1844,1.0,0.0,99.61,1.298,0.7917,0.7917,3509.5102,1769592904.5724564,8.55,68,796,0.268,11,2,0,8.64,15.0,0,759,1769592899.749,-0.569,meta-llama/Llama-3.2-1B-Instruct,"1769592899.749, 1769592899.784, 1769592899.909, 1769592900.028, 1769592900.092"
1.0,0,1769592901.3074,1.8917,27,32,59,0.1191,0.0903,0.1831,1.0,0.0,99.61,1.3691,1.0107,1.0107,3510.4488,1769592904.5802064,8.54,69,799,0.267,10,0,0,8.64,15.0,0,759,1769592899.749,-0.569,meta-llama/Llama-3.2-1B-Instruct,"1769592899.749, 1769592899.784, 1769592899.909, 1769592900.028, 1769592900.092"
1.0,0,1769592902.8946,0.6105,27,32,59,0.0462,0.0522,0.0561,1.0,0.0,99.61,1.0741,-0.3432,0.0,3511.2158,1769592904.5826354,8.64,69,801,0.27,18,0,0,8.64,15.0,0,759,1769592899.749,-0.569,meta-llama/Llama-3.2-1B-Instruct,"1769592899.749, 1769592899.784, 1769592899.909, 1769592900.028, 1769592900.092"
1.0,0,1769592901.9144,1.4248,27,32,59,0.1044,0.0598,0.1591,1.0,0.0,99.61,1.237,0.5293,0.5293,3511.2158,1769592904.5831478,8.52,69,801,0.268,14,1,0,8.64,15.0,0,759,1769592899.749,-0.569,meta-llama/Llama-3.2-1B-Instruct,"1769592899.749, 1769592899.784, 1769592899.909, 1769592900.028, 1769592900.092"
1.0,0,1769592902.1035,1.3269,27,32,59,0.0825,0.0542,0.0878,1.0,0.0,99.61,1.1434,0.4094,0.4094,3511.2158,1769592904.58354,8.53,69,801,0.269,16,1,0,8.64,15.0,0,759,1769592899.749,-0.569,meta-llama/Llama-3.2-1B-Instruct,"1769592899.749, 1769592899.784, 1769592899.909, 1769592900.028, 1769592900.092"
1.0,0,1769592902.048,1.335,27,32,59,0.0952,0.0631,0.1203,1.0,0.0,99.61,1.1982,0.4302,0.4302,3511.2158,1769592904.5840628,8.62,69,801,0.269,15,1,0,8.64,15.0,0,759,1769592899.749,-0.569,meta-llama/Llama-3.2-1B-Instruct,"1769592899.749, 1769592899.784, 1769592899.909, 1769592900.028, 1769592900.092"
1.0,0,1769592902.2093,1.2621,27,32,59,0.0747,0.0581,0.0589,1.0,0.0,99.61,1.111,0.3368,0.3368,3511.2158,1769592904.584692,8.61,69,801,0.269,17,1,0,8.64,15.0,0,759,1769592899.749,-0.569,meta-llama/Llama-3.2-1B-Instruct,"1769592899.749, 1769592899.784, 1769592899.909, 1769592900.028, 1769592900.092"
1.0,0,1769592903.5796,1.3376,27,0,27,,,,1.0,,,0.0739,0.4114,0.4114,3511.6272,1769592905.0012884,8.6,69,802,0.271,14,0,0,8.64,15.0,0,759,1769592899.749,-0.569,meta-llama/Llama-3.2-1B-Instruct,"1769592899.749, 1769592899.784, 1769592899.909, 1769592900.028, 1769592900.092"
1.0,0,1769592903.8044,1.2597,27,0,27,,,,1.0,,,0.0631,0.3229,0.3229,3511.9501,1769592905.130937,8.59,69,803,0.272,15,0,0,8.64,15.0,0,759,1769592899.749,-0.569,meta-llama/Llama-3.2-1B-Instruct,"1769592899.749, 1769592899.784, 1769592899.909, 1769592900.028, 1769592900.092"
1.0,0,1769592902.9455,1.4358,27,32,59,0.0824,0.1012,0.1067,1.0,0.0,99.61,1.2448,0.5182,0.5182,3512.8403,1769592905.6290126,8.58,69,805,0.274,17,0,0,8.64,15.0,0,794,1769592905.535,0.186,meta-llama/Llama-3.2-1B-Instruct,"1769592905.535, 1769592905.612, 1769592905.891, 1769592906.104, 1769592906.166"
1.0,0,1769592903.0923,1.2981,27,32,59,0.0739,0.0912,0.1101,1.0,0.0,99.61,1.2382,0.372,0.372,3512.8403,1769592905.6313024,8.57,69,805,0.274,17,0,0,8.64,15.0,0,794,1769592905.535,0.186,meta-llama/Llama-3.2-1B-Instruct,"1769592905.535, 1769592905.612, 1769592905.891, 1769592906.104, 1769592906.166"
1.0,0,1769592903.1549,1.3144,27,32,59,0.0922,0.1012,0.1046,1.0,0.0,99.61,1.2107,0.4066,0.4066,3513.247,1769592905.6851602,8.56,69,806,0.275,19,0,0,8.64,15.0,0,794,1769592905.535,0.186,meta-llama/Llama-3.2-1B-Instruct,"1769592905.535, 1769592905.612, 1769592905.891, 1769592906.104, 1769592906.166"
1.0,0,1769592903.2211,1.4721,27,32,59,0.071,0.0986,0.1009,1.0,0.0,99.61,1.3759,0.543,0.543,3513.79,1769592906.0744576,8.55,69,807,0.27,10,0,0,8.64,15.0,0,794,1769592905.535,0.186,meta-llama/Llama-3.2-1B-Instruct,"1769592905.535, 1769592905.612, 1769592905.891, 1769592906.104, 1769592906.166"
1.0,0,1769592903.4447,1.3652,27,32,59,0.0659,0.0652,0.1051,1.0,0.0,99.61,1.3226,0.4311,0.4311,3514.6935,1769592906.1370032,8.54,69,809,0.27,11,0,0,8.64,15.0,0,794,1769592905.535,0.186,meta-llama/Llama-3.2-1B-Instruct,"1769592905.535, 1769592905.612, 1769592905.891, 1769592906.104, 1769592906.166"
1.0,0,1769592903.4024,1.3514,27,32,59,0.121,0.0718,0.1058,1.0,0.0,99.61,1.3813,0.4724,0.4724,3514.6935,1769592906.13761,8.53,69,809,0.27,10,0,0,8.64,15.0,0,794,1769592905.535,0.186,meta-llama/Llama-3.2-1B-Instruct,"1769592905.535, 1769592905.612, 1769592905.891, 1769592906.104, 1769592906.166"
1.0,0,1769592903.52,1.3434,27,32,59,0.0676,0.0729,0.0981,1.0,0.0,99.61,1.2882,0.411,0.411,3515.1045,1769592906.1588147,8.52,69,810,0.271,13,0,0,8.64,15.0,0,794,1769592905.535,0.186,meta-llama/Llama-3.2-1B-Instruct,"1769592905.535, 1769592905.612, 1769592905.891, 1769592906.104, 1769592906.166"
1.0,0,1769592903.6726,1.3017,27,32,59,0.0715,0.0756,0.0986,1.0,0.0,99.62,1.2569,0.3732,0.3732,3515.4778,1769592906.2355402,8.51,69,811,0.272,14,1,0,8.64,15.0,0,794,1769592905.535,0.186,meta-llama/Llama-3.2-1B-Instruct,"1769592905.535, 1769592905.612, 1769592905.891, 1769592906.104, 1769592906.166"
1.0,0,1769592903.877,1.2638,27,32,59,0.0775,0.0735,0.1123,1.0,0.0,99.62,1.3072,0.3413,0.3413,3515.819,1769592906.4548883,8.5,69,812,0.273,15,0,0,8.64,15.0,0,794,1769592905.535,0.186,meta-llama/Llama-3.2-1B-Instruct,"1769592905.535, 1769592905.612, 1769592905.891, 1769592906.104, 1769592906.166"
1.0,0,1769592904.059,1.1345,27,34,61,0.0944,0.0723,0.0902,1.0,0.0,99.62,1.285,0.2289,0.2289,3516.2366,1769592906.485657,8.49,69,814,0.273,15,0,0,8.64,15.0,0,794,1769592905.535,0.186,meta-llama/Llama-3.2-1B-Instruct,"1769592905.535, 1769592905.612, 1769592905.891, 1769592906.104, 1769592906.166"
1.0,0,1769592904.1045,1.1331,27,32,59,0.0556,0.0741,0.0743,1.0,0.0,99.62,1.2471,0.1887,0.1887,3516.2366,1769592906.4869256,8.48,69,814,0.274,16,0,0,8.64,15.0,0,794,1769592905.535,0.186,meta-llama/Llama-3.2-1B-Instruct,"1769592905.535, 1769592905.612, 1769592905.891, 1769592906.104, 1769592906.166"
1.0,0,1769592904.1672,1.1422,27,32,59,0.0619,0.0765,0.0791,1.0,0.0,99.62,1.2302,0.2041,0.2041,3516.4407,1769592906.545709,8.47,69,815,0.274,18,0,0,8.64,15.0,0,794,1769592905.535,0.186,meta-llama/Llama-3.2-1B-Instruct,"1769592905.535, 1769592905.612, 1769592905.891, 1769592906.104, 1769592906.166"
1.0,0,1769592904.3081,1.0464,27,32,59,0.0751,0.0834,0.0891,1.0,0.0,99.62,1.2829,0.1215,0.1215,3516.5622,1769592906.6384048,8.46,69,816,0.274,18,0,0,8.64,15.0,0,794,1769592905.535,0.186,meta-llama/Llama-3.2-1B-Instruct,"1769592905.535, 1769592905.612, 1769592905.891, 1769592906.104, 1769592906.166"
1.0,0,1769592904.5347,1.2011,27,27,54,0.0769,0.0912,0.0989,1.0,0.0,99.62,1.2594,0.278,0.278,3516.8402,1769592906.9991298,8.45,69,817,0.275,17,0,0,8.64,15.0,0,794,1769592905.535,0.186,meta-llama/Llama-3.2-1B-Instruct,"1769592905.535, 1769592905.612, 1769592905.891, 1769592906.104, 1769592906.166"
1.0,0,1769592904.6118,1.1836,27,32,59,0.0837,0.0912,0.1031,1.0,0.0,99.62,1.3171,0.2674,0.2674,3517.1076,1769592907.1140103,8.44,69,818,0.275,17,0,0,8.64,15.0,0,794,1769592905.535,0.186,meta-llama/Llama-3.2-1B-Instruct,"1769592905.535, 1769592905.612, 1769592905.891, 1769592906.104, 1769592906.166"
1.0,0,1769592904.8912,0.9984,27,32,59,0.078,0.0777,0.1008,1.0,0.0,99.62,1.2873,0.0763,0.0763,3517.1839,1769592907.1816542,8.42,69,819,0.276,19,0,0,8.64,15.0,0,794,1769592905.535,0.186,meta-llama/Llama-3.2-1B-Instruct,"1769592905.535, 1769592905.612, 1769592905.891, 1769592906.104, 1769592906.166"
1.0,0,1769592905.104,1.0976,27,32,59,0.1045,0.096,0.098,1.0,0.0,99.62,1.3855,0.2021,0.2021,3517.386,1769592907.5936368,8.41,69,820,0.276,16,0,0,8.64,15.0,0,794,1769592905.535,0.186,meta-llama/Llama-3.2-1B-Instruct,"1769592905.535, 1769592905.612, 1769592905.891, 1769592906.104, 1769592906.166"
1.0,0,1769592905.1658,1.1122,27,32,59,0.068,0.0904,0.1033,1.0,0.0,99.62,1.3735,0.1801,0.1801,3517.5661,1769592907.6545415,8.4,69,821,0.276,16,0,0,8.64,15.0,0,794,1769592905.535,0.186,meta-llama/Llama-3.2-1B-Instruct,"1769592905.535, 1769592905.612, 1769592905.891, 1769592906.104, 1769592906.166"
1.0,0,1769592905.3924,0.9812,27,32,59,0.074,0.0913,0.0997,1.0,0.0,99.62,1.3372,0.0551,0.0551,3517.6213,1769592907.711618,8.39,69,822,0.276,17,0,0,8.64,15.0,0,794,1769592905.535,0.186,meta-llama/Llama-3.2-1B-Instruct,"1769592905.535, 1769592905.612, 1769592905.891, 1769592906.104, 1769592906.166"
1.0,0,1769592905.4765,0.9558,27,32,59,0.1319,0.0803,0.1072,1.0,0.0,99.62,1.3461,0.0878,0.0878,3517.709,1769592907.783539,8.38,69,823,0.276,17,0,0,8.64,15.0,0,794,1769592905.535,0.186,meta-llama/Llama-3.2-1B-Instruct,"1769592905.535, 1769592905.612, 1769592905.891, 1769592906.104, 1769592906.166"
1.0,0,1769592905.6472,0.8563,27,32,59,0.0638,0.0746,0.1009,1.0,0.0,99.62,1.2811,-0.0799,0.0,3517.709,1769592907.785801,8.5,70,824,0.275,15,1,0,8.64,15.0,0,794,1769592905.535,0.186,meta-llama/Llama-3.2-1B-Instruct,"1769592905.535, 1769592905.612, 1769592905.891, 1769592906.104, 1769592906.166"
1.0,0,1769592905.713,0.8454,27,32,59,0.1031,0.0691,0.0801,1.0,0.0,99.62,1.274,-0.0514,0.0,3517.709,1769592907.8416572,8.61,72,826,0.275,15,1,0,8.64,15.0,0,794,1769592905.535,0.186,meta-llama/Llama-3.2-1B-Instruct,"1769592905.535, 1769592905.612, 1769592905.891, 1769592906.104, 1769592906.166"
1.0,0,1769592905.9272,0.6597,27,32,59,0.0753,0.0762,0.0784,1.0,0.0,99.62,1.2529,-0.265,0.0,3517.709,1769592907.8418245,8.72,72,826,0.275,16,1,0,8.64,15.0,0,794,1769592905.535,0.186,meta-llama/Llama-3.2-1B-Instruct,"1769592905.535, 1769592905.612, 1769592905.891, 1769592906.104, 1769592906.166"
1.0,0,1769592905.9557,0.7002,27,32,59,0.0784,0.0669,0.0708,1.0,0.0,99.62,1.2371,-0.2215,0.0,3517.709,1769592907.8980262,8.83,73,827,0.275,16,1,0,8.64,15.0,0,794,1769592905.535,0.186,meta-llama/Llama-3.2-1B-Instruct,"1769592905.535, 1769592905.612, 1769592905.891, 1769592906.104, 1769592906.166"
1.0,0,1769592906.1187,0.6846,27,32,59,0.0915,0.0729,0.0818,1.0,0.0,99.62,1.2141,-0.224,0.0,3517.709,1769592908.019606,8.94,75,829,0.276,18,0,0,8.64,15.0,0,794,1769592905.535,0.186,meta-llama/Llama-3.2-1B-Instruct,"1769592905.535, 1769592905.612, 1769592905.891, 1769592906.104, 1769592906.166"
1.0,0,1769592906.0711,0.7271,27,32,59,0.0996,0.0666,0.0688,1.0,0.0,99.62,1.2196,-0.1733,0.0,3517.709,1769592908.0270658,9.05,75,829,0.276,17,0,0,8.64,15.0,0,794,1769592905.535,0.186,meta-llama/Llama-3.2-1B-Instruct,"1769592905.535, 1769592905.612, 1769592905.891, 1769592906.104, 1769592906.166"
1.0,0,1769592906.4121,0.7474,27,32,59,0.0875,0.0687,0.0687,1.0,0.0,99.62,1.2958,-0.1651,0.0,3517.709,1769592908.458046,9.16,76,830,0.278,18,0,0,8.64,15.0,0,794,1769592905.535,0.186,meta-llama/Llama-3.2-1B-Instruct,"1769592905.535, 1769592905.612, 1769592905.891, 1769592906.104, 1769592906.166"
1.0,0,1769592906.5186,0.7553,27,32,59,0.0493,0.0736,0.3771,1.0,0.0,99.62,1.5476,-0.1955,0.0,3517.709,1769592908.828525,9.27,78,832,0.278,18,0,0,8.64,15.0,0,794,1769592905.535,0.186,meta-llama/Llama-3.2-1B-Instruct,"1769592905.535, 1769592905.612, 1769592905.891, 1769592906.104, 1769592906.166"
1.0,0,1769592906.4691,0.76,27,32,59,0.091,0.0746,0.381,1.0,0.0,99.63,1.5989,-0.149,0.0,3517.709,1769592908.8306031,9.38,78,832,0.278,18,0,0,8.64,15.0,0,794,1769592905.535,0.186,meta-llama/Llama-3.2-1B-Instruct,"1769592905.535, 1769592905.612, 1769592905.891, 1769592906.104, 1769592906.166"
1.0,0,1769592908.2321,0.0651,27,9,36,0.0607,0.3757,0.3757,1.0,0.0,99.63,0.739,-0.8743,0.0,3517.709,1769592909.0457995,9.48,79,833,0.279,17,0,0,8.64,15.0,0,794,1769592905.535,0.186,meta-llama/Llama-3.2-1B-Instruct,"1769592905.535, 1769592905.612, 1769592905.891, 1769592906.104, 1769592906.166"
1.0,0,1769592906.6767,1.0566,27,32,59,0.104,0.0691,0.3633,1.0,0.0,99.63,1.6769,0.1606,0.1606,3517.8696,1769592909.4137995,9.47,79,834,0.279,17,0,0,8.64,15.0,0,794,1769592905.535,0.186,meta-llama/Llama-3.2-1B-Instruct,"1769592905.535, 1769592905.612, 1769592905.891, 1769592906.104, 1769592906.166"
1.0,0,1769592906.7091,1.1031,27,32,59,0.0798,0.0713,0.366,1.0,0.0,99.63,1.6251,0.1829,0.1829,3518.0525,1769592909.442104,9.46,79,835,0.278,15,0,0,8.64,15.0,0,794,1769592905.535,0.186,meta-llama/Llama-3.2-1B-Instruct,"1769592905.535, 1769592905.612, 1769592905.891, 1769592906.104, 1769592906.166"
1.0,0,1769592906.9034,0.9769,27,32,59,0.0862,0.0758,0.3608,1.0,0.0,99.63,1.623,0.0631,0.0631,3518.1157,1769592909.5081909,9.45,79,836,0.277,14,0,0,8.64,15.0,0,794,1769592905.535,0.186,meta-llama/Llama-3.2-1B-Instruct,"1769592905.535, 1769592905.612, 1769592905.891, 1769592906.104, 1769592906.166"
1.0,0,1769592907.0789,0.9596,27,32,59,0.081,0.2439,0.379,1.0,0.0,99.63,1.8456,0.0406,0.0406,3518.1563,1769592909.8938482,9.76,82,840,0.277,14,0,0,8.64,15.0,0,794,1769592905.535,0.186,meta-llama/Llama-3.2-1B-Instruct,"1769592905.535, 1769592905.612, 1769592905.891, 1769592906.104, 1769592906.166"
200.0,1,1769592815.3717,52.4445,2801,1025,3826,2.422,0.075,0.1195,200.0,0.0,99.63,42.0616,-105.4938,0.0,3518.1563,1769592909.897499,9.67,83,841,0.239,11,2,0,8.64,15.0,0,794,1769592905.535,0.186,meta-llama/Llama-3.2-1B-Instruct,"1769592905.535, 1769592905.612, 1769592905.891, 1769592906.104, 1769592906.166"
1.0,0,1769592907.2017,0.8409,27,32,59,0.0754,0.2218,0.3683,1.0,0.0,99.63,1.8298,-0.0837,0.0,3518.1563,1769592909.905344,9.56,84,842,0.277,13,0,0,8.64,15.0,0,794,1769592905.535,0.186,meta-llama/Llama-3.2-1B-Instruct,"1769592905.535, 1769592905.612, 1769592905.891, 1769592906.104, 1769592906.166"
1.0,0,1769592907.6382,0.5526,27,32,59,0.0629,0.2227,0.3652,1.0,0.0,99.63,1.7094,-0.3845,0.0,3518.1563,1769592909.912675,9.98,84,842,0.278,16,0,0,8.64,15.0,0,794,1769592905.535,0.186,meta-llama/Llama-3.2-1B-Instruct,"1769592905.535, 1769592905.612, 1769592905.891, 1769592906.104, 1769592906.166"
200.0,1,1769592815.3355,52.1419,3653,1030,4683,2.4661,0.0775,0.1208,200.0,0.0,99.63,42.4195,-105.4386,0.0,3518.1563,1769592909.9411662,9.87,87,845,0.035,4,0,0,8.64,15.0,0,794,1769592905.535,0.186,meta-llama/Llama-3.2-1B-Instruct,"1769592905.535, 1769592905.612, 1769592905.891, 1769592906.104, 1769592906.166"
200.0,1,1769592815.0854,52.0811,3556,1026,4582,0.4478,0.0786,0.1172,200.0,0.0,99.63,42.7537,-105.1653,0.0,3518.1563,1769592909.9548264,10.08,89,847,0.003,6,0,0,8.64,15.0,0,794,1769592905.535,0.186,meta-llama/Llama-3.2-1B-Instruct,"1769592905.535, 1769592905.612, 1769592905.891, 1769592906.104, 1769592906.166"
1.0,0,1769592908.0142,0.2464,27,32,59,0.0816,0.2662,0.3614,1.0,0.0,99.63,1.6816,-0.672,0.0,3518.1563,1769592909.9558332,10.4,89,847,0.279,17,0,0,8.64,15.0,0,794,1769592905.535,0.186,meta-llama/Llama-3.2-1B-Instruct,"1769592905.535, 1769592905.612, 1769592905.891, 1769592906.104, 1769592906.166"
1.0,0,1769592908.3366,0.203,27,32,59,0.2301,0.0754,0.2446,1.0,0.0,99.63,1.4119,-0.5669,0.0,3518.1563,1769592909.9563076,10.51,89,847,0.309,19,0,0,8.64,15.0,0,794,1769592905.535,0.186,meta-llama/Llama-3.2-1B-Instruct,"1769592905.535, 1769592905.612, 1769592905.891, 1769592906.104, 1769592906.166"
200.0,1,1769592815.2425,52.1336,3069,1037,4106,2.5626,0.0776,0.1225,200.0,0.0,99.63,42.5607,-105.3057,0.0,3518.1563,1769592909.957278,10.3,89,847,0.035,4,0,0,8.64,15.0,0,794,1769592905.535,0.186,meta-llama/Llama-3.2-1B-Instruct,"1769592905.535, 1769592905.612, 1769592905.891, 1769592906.104, 1769592906.166"
1.0,0,1769592908.5625,0.4614,27,31,58,0.0757,0.0795,0.2492,1.0,0.0,99.63,1.0492,-0.4629,0.0,3518.1563,1769592910.0750124,10.61,91,849,0.309,18,0,0,8.64,15.0,0,794,1769592905.535,0.186,meta-llama/Llama-3.2-1B-Instruct,"1769592905.535, 1769592905.612, 1769592905.891, 1769592906.104, 1769592906.166"
1.0,0,1769592908.3728,0.5952,27,32,59,0.0747,0.0836,0.2128,1.0,0.0,99.63,1.1063,-0.3301,0.0,3518.1563,1769592910.0752797,10.72,91,849,0.309,18,0,0,8.64,15.0,0,794,1769592905.535,0.186,meta-llama/Llama-3.2-1B-Instruct,"1769592905.535, 1769592905.612, 1769592905.891, 1769592906.104, 1769592906.166"
1.0,0,1769592908.5875,0.5373,27,33,60,0.0781,0.0759,0.236,1.0,0.0,99.63,0.9842,-0.3846,0.0,3518.1563,1769592910.1108847,10.82,92,850,0.31,19,0,0,8.64,15.0,0,794,1769592905.535,0.186,meta-llama/Llama-3.2-1B-Instruct,"1769592905.535, 1769592905.612, 1769592905.891, 1769592906.104, 1769592906.166"
1.0,0,1769592908.7128,0.9172,27,32,59,0.2513,0.0542,0.0885,1.0,0.0,99.63,0.8555,0.1684,0.1684,3518.4986,1769592910.498345,10.81,93,853,0.311,18,1,0,8.64,15.0,0,839,1769592910.367,-0.01,meta-llama/Llama-3.2-1B-Instruct,"1769592910.367, 1769592910.488, 1769592910.558, 1769592910.605, 1769592910.642"
1.0,0,1769592908.6633,0.86,27,32,59,0.1331,0.0835,0.2126,1.0,0.0,99.63,0.9639,-0.0069,0.0,3518.4986,1769592910.498536,10.92,93,853,0.31,17,0,0,8.64,15.0,0,839,1769592910.367,-0.01,meta-llama/Llama-3.2-1B-Instruct,"1769592910.367, 1769592910.488, 1769592910.558, 1769592910.605, 1769592910.642"
1.0,0,1769592908.6883,0.903,27,32,59,0.2709,0.0542,0.0951,1.0,0.0,99.64,0.9068,0.1739,0.1739,3518.4986,1769592910.5036154,10.9,93,853,0.31,17,0,0,8.64,15.0,0,839,1769592910.367,-0.01,meta-llama/Llama-3.2-1B-Instruct,"1769592910.367, 1769592910.488, 1769592910.558, 1769592910.605, 1769592910.642"
1.0,0,1769592909.5584,1.0269,27,12,39,0.0707,0.1012,0.1012,1.0,0.0,99.64,0.5744,0.0976,0.0976,3518.5962,1769592911.1680186,10.89,93,854,0.095,10,0,0,8.64,15.0,0,839,1769592910.367,-0.01,meta-llama/Llama-3.2-1B-Instruct,"1769592910.367, 1769592910.488, 1769592910.558, 1769592910.605, 1769592910.642"
1.0,0,1769592908.9987,1.1291,27,31,58,0.0638,0.091,0.0925,1.0,0.0,99.64,1.1589,0.1929,0.1929,3518.7891,1769592911.2878501,10.88,93,855,0.093,6,0,0,8.64,15.0,0,839,1769592910.367,-0.01,meta-llama/Llama-3.2-1B-Instruct,"1769592910.367, 1769592910.488, 1769592910.558, 1769592910.605, 1769592910.642"
1.0,0,1769592909.0285,1.1467,27,32,59,0.0739,0.0886,0.1021,1.0,0.0,99.64,1.1427,0.2206,0.2206,3519.0097,1769592911.330518,10.86,93,856,0.093,6,0,0,8.64,15.0,0,839,1769592910.367,-0.01,meta-llama/Llama-3.2-1B-Instruct,"1769592910.367, 1769592910.488, 1769592910.558, 1769592910.605, 1769592910.642"
1.0,0,1769592909.2583,1.0771,27,32,59,0.0714,0.0642,0.0902,1.0,0.0,99.64,1.0888,0.1484,0.1484,3519.6162,1769592911.4315643,10.85,93,859,0.094,9,1,0,8.64,15.0,0,839,1769592910.367,-0.01,meta-llama/Llama-3.2-1B-Instruct,"1769592910.367, 1769592910.488, 1769592910.558, 1769592910.605, 1769592910.642"
1.0,0,1769592909.0689,1.1684,27,32,59,0.1077,0.0639,0.0864,1.0,0.0,99.64,1.1873,0.2762,0.2762,3519.6162,1769592911.4318135,10.84,93,859,0.094,8,0,0,8.64,15.0,0,839,1769592910.367,-0.01,meta-llama/Llama-3.2-1B-Instruct,"1769592910.367, 1769592910.488, 1769592910.558, 1769592910.605, 1769592910.642"
200.0,1,1769592815.4367,78.8937,2906,422,3328,0.8409,0.0723,0.1075,200.0,0.0,99.64,17.1019,-104.0044,0.0,3519.6162,1769592911.4480147,10.93,94,860,0.271,16,1,0,8.64,15.0,0,839,1769592910.367,-0.01,meta-llama/Llama-3.2-1B-Instruct,"1769592910.367, 1769592910.488, 1769592910.558, 1769592910.605, 1769592910.642"
1.0,0,1769592909.3668,1.1225,27,32,59,0.0609,0.063,0.0968,1.0,0.0,99.64,1.1454,0.1835,0.1835,3520.0491,1769592911.6390789,10.92,94,862,0.094,8,0,0,8.64,15.0,0,839,1769592910.367,-0.01,meta-llama/Llama-3.2-1B-Instruct,"1769592910.367, 1769592910.488, 1769592910.558, 1769592910.605, 1769592910.642"
1.0,0,1769592909.303,1.177,27,32,59,0.0725,0.0694,0.0844,1.0,0.0,99.64,1.156,0.2495,0.2495,3520.0491,1769592911.640344,10.9,94,862,0.095,10,0,0,8.64,15.0,0,839,1769592910.367,-0.01,meta-llama/Llama-3.2-1B-Instruct,"1769592910.367, 1769592910.488, 1769592910.558, 1769592910.605, 1769592910.642"
1.0,0,1769592909.4881,1.0528,27,32,59,0.0762,0.0623,0.0906,1.0,0.0,99.64,1.1127,0.129,0.129,3520.1781,1769592911.6553366,10.89,94,863,0.094,8,0,0,8.64,15.0,0,839,1769592910.367,-0.01,meta-llama/Llama-3.2-1B-Instruct,"1769592910.367, 1769592910.488, 1769592910.558, 1769592910.605, 1769592910.642"
1.0,0,1769592909.6047,1.0392,27,32,59,0.0549,0.0602,0.0909,1.0,0.0,99.64,1.0416,0.0941,0.0941,3520.2722,1769592911.6896334,10.88,94,864,0.095,12,0,0,8.64,15.0,0,839,1769592910.367,-0.01,meta-llama/Llama-3.2-1B-Instruct,"1769592910.367, 1769592910.488, 1769592910.558, 1769592910.605, 1769592910.642"
1.0,0,1769592909.6417,1.0347,27,32,59,0.0805,0.0598,0.0901,1.0,0.0,99.64,1.0242,0.1151,0.1151,3520.3873,1769592911.702866,10.87,94,865,0.095,12,0,0,8.64,15.0,0,839,1769592910.367,-0.01,meta-llama/Llama-3.2-1B-Instruct,"1769592910.367, 1769592910.488, 1769592910.558, 1769592910.605, 1769592910.642"
1.0,0,1769592909.9129,0.8477,27,32,59,0.1031,0.0576,0.0601,1.0,0.0,99.64,0.989,-0.0492,0.0,3520.3873,1769592911.7565863,10.97,95,866,0.095,13,0,0,8.64,15.0,0,839,1769592910.367,-0.01,meta-llama/Llama-3.2-1B-Instruct,"1769592910.367, 1769592910.488, 1769592910.558, 1769592910.605, 1769592910.642"
1.0,0,1769592910.03,0.7809,27,33,60,0.0552,0.0599,0.0678,1.0,0.0,99.64,0.948,-0.1639,0.0,3520.3873,1769592911.7597873,11.07,96,867,0.096,14,0,0,8.64,15.0,0,839,1769592910.367,-0.01,meta-llama/Llama-3.2-1B-Instruct,"1769592910.367, 1769592910.488, 1769592910.558, 1769592910.605, 1769592910.642"
1.0,0,1769592910.0896,0.7572,27,32,59,0.0728,0.0596,0.0649,1.0,0.0,99.64,0.9506,-0.17,0.0,3520.3873,1769592911.798758,11.18,97,868,0.097,15,1,0,8.64,15.0,0,839,1769592910.367,-0.01,meta-llama/Llama-3.2-1B-Instruct,"1769592910.367, 1769592910.488, 1769592910.558, 1769592910.605, 1769592910.642"
1.0,0,1769592910.2131,0.6857,27,32,59,0.085,0.0506,0.0594,1.0,0.0,99.64,0.9453,-0.2293,0.0,3520.3873,1769592911.8491755,11.28,98,869,0.097,16,1,0,8.64,15.0,0,839,1769592910.367,-0.01,meta-llama/Llama-3.2-1B-Instruct,"1769592910.367, 1769592910.488, 1769592910.558, 1769592910.605, 1769592910.642"
1.0,0,1769592910.5163,0.4801,27,31,58,0.0641,0.0508,0.0662,1.0,0.0,99.64,0.9112,-0.4558,0.0,3520.3873,1769592911.910556,11.38,100,871,0.099,18,1,0,8.64,15.0,0,839,1769592910.367,-0.01,meta-llama/Llama-3.2-1B-Instruct,"1769592910.367, 1769592910.488, 1769592910.558, 1769592910.605, 1769592910.642"
1.0,0,1769592910.4395,0.5197,27,32,59,0.0974,0.0502,0.0581,1.0,0.0,99.64,0.949,-0.3829,0.0,3520.3873,1769592911.9109397,11.48,100,871,0.098,17,0,0,8.64,15.0,0,839,1769592910.367,-0.01,meta-llama/Llama-3.2-1B-Instruct,"1769592910.367, 1769592910.488, 1769592910.558, 1769592910.605, 1769592910.642"
1.0,0,1769592910.568,0.7445,27,32,59,0.0638,0.0665,0.394,1.0,0.0,99.64,1.0794,-0.1917,0.0,3520.3873,1769592912.434953,11.58,101,872,0.099,17,0,0,8.64,15.0,0,839,1769592910.367,-0.01,meta-llama/Llama-3.2-1B-Instruct,"1769592910.367, 1769592910.488, 1769592910.558, 1769592910.605, 1769592910.642"
1.0,0,1769592911.3341,0.4427,27,32,59,0.0607,0.0556,0.4461,1.0,0.0,99.64,0.6667,-0.4966,0.0,3520.3873,1769592912.4896002,11.78,105,876,0.065,10,0,0,8.64,15.0,0,839,1769592910.367,-0.01,meta-llama/Llama-3.2-1B-Instruct,"1769592910.367, 1769592910.488, 1769592910.558, 1769592910.605, 1769592910.642"
1.0,0,1769592910.7913,0.6969,27,32,59,0.083,0.059,0.4065,1.0,0.0,99.64,0.951,-0.2201,0.0,3520.3873,1769592912.5157685,11.68,106,877,0.067,15,0,0,8.64,15.0,0,839,1769592910.367,-0.01,meta-llama/Llama-3.2-1B-Instruct,"1769592910.367, 1769592910.488, 1769592910.558, 1769592910.605, 1769592910.642"
1.0,0,1769592911.2521,0.478,27,32,59,0.1055,0.0633,0.4628,1.0,0.0,99.64,0.7629,-0.4165,0.0,3520.3873,1769592912.5159147,12.09,106,877,0.067,14,0,0,8.64,15.0,0,839,1769592910.367,-0.01,meta-llama/Llama-3.2-1B-Instruct,"1769592910.367, 1769592910.488, 1769592910.558, 1769592910.605, 1769592910.642"
1.0,0,1769592910.6184,0.7834,27,32,59,0.0656,0.0637,0.4559,1.0,0.0,99.64,1.0848,-0.151,0.0,3520.3873,1769592912.51924,11.89,106,877,0.067,15,0,0,8.64,15.0,0,839,1769592910.367,-0.01,meta-llama/Llama-3.2-1B-Instruct,"1769592910.367, 1769592910.488, 1769592910.558, 1769592910.605, 1769592910.642"
1.0,0,1769592910.9354,0.6203,27,32,59,0.083,0.0704,0.3916,1.0,0.0,99.65,0.9784,-0.2967,0.0,3520.3873,1769592912.546716,12.29,110,881,0.068,15,0,0,8.64,15.0,0,839,1769592910.367,-0.01,meta-llama/Llama-3.2-1B-Instruct,"1769592910.367, 1769592910.488, 1769592910.558, 1769592910.605, 1769592910.642"
1.0,0,1769592911.4451,0.3854,27,32,59,0.0709,0.0409,0.4266,1.0,0.0,99.65,0.6567,-0.5437,0.0,3520.3873,1769592912.5472076,11.99,110,881,0.065,12,0,0,8.64,15.0,0,839,1769592910.367,-0.01,meta-llama/Llama-3.2-1B-Instruct,"1769592910.367, 1769592910.488, 1769592910.558, 1769592910.605, 1769592910.642"
1.0,0,1769592911.5747,0.3884,27,32,59,0.411,0.036,0.0605,1.0,0.0,99.65,0.5777,-0.2005,0.0,3520.3873,1769592912.5475035,12.39,110,881,0.065,11,0,0,8.64,15.0,0,839,1769592910.367,-0.01,meta-llama/Llama-3.2-1B-Instruct,"1769592910.367, 1769592910.488, 1769592910.558, 1769592910.605, 1769592910.642"
1.0,0,1769592911.5108,0.3738,27,32,59,0.0547,0.0282,0.532,1.0,0.0,99.65,0.648,-0.5715,0.0,3520.3873,1769592912.5506663,12.19,110,881,0.065,11,0,0,8.64,15.0,0,839,1769592910.367,-0.01,meta-llama/Llama-3.2-1B-Instruct,"1769592910.367, 1769592910.488, 1769592910.558, 1769592910.605, 1769592910.642"
1.0,0,1769592911.1845,0.552,27,32,59,0.1095,0.0515,0.4671,1.0,0.0,99.65,0.8083,-0.3385,0.0,3520.3873,1769592912.550804,12.49,110,881,0.069,16,0,0,8.64,15.0,0,839,1769592910.367,-0.01,meta-llama/Llama-3.2-1B-Instruct,"1769592910.367, 1769592910.488, 1769592910.558, 1769592910.605, 1769592910.642"
200.0,1,1769592815.6046,97.1475,2899,0,2899,,,,200.0,,,0.5785,-102.274,0.0,3520.3873,1769592913.3437696,12.59,111,882,0.063,5,0,0,8.64,15.0,0,839,1769592910.367,-0.01,meta-llama/Llama-3.2-1B-Instruct,"1769592910.367, 1769592910.488, 1769592910.558, 1769592910.605, 1769592910.642"
1.0,0,1769592911.7456,0.7594,27,22,49,0.0965,0.0503,2.5761,1.0,1.5761,99.53,3.3306,-0.1441,0.0,3520.3873,1769592915.8370626,12.68,112,883,0.065,11,0,0,8.64,15.0,0,902,1769592914.337,-1.057,meta-llama/Llama-3.2-1B-Instruct,"1769592914.337, 1769592914.359, 1769592914.430, 1769592914.459, 1769592914.484"
1.0,0,1769592911.9218,0.673,27,32,59,0.056,0.0603,2.5752,1.0,1.5752,99.41,3.6121,-0.2711,0.0,3520.3873,1769592916.2078433,12.78,113,884,0.062,3,0,0,8.64,15.0,0,902,1769592914.337,-1.057,meta-llama/Llama-3.2-1B-Instruct,"1769592914.337, 1769592914.359, 1769592914.430, 1769592914.459, 1769592914.484"
1.0,0,1769592912.5726,0.068,27,32,59,0.0641,0.0511,2.5695,1.0,1.5695,99.3,3.5988,-0.8679,0.0,3520.3873,1769592916.2408566,12.88,114,885,0.062,3,0,0,8.64,15.0,0,902,1769592914.337,-1.057,meta-llama/Llama-3.2-1B-Instruct,"1769592914.337, 1769592914.359, 1769592914.430, 1769592914.459, 1769592914.484"
1.0,0,1769592913.3085,0.108,27,31,58,1.8866,0.044,0.063,1.0,0.0,99.3,2.8793,0.9946,0.9946,3529.0242,1769592916.3036733,12.85,116,894,0.249,18,1,0,8.64,15.0,0,902,1769592914.337,-1.057,meta-llama/Llama-3.2-1B-Instruct,"1769592914.337, 1769592914.359, 1769592914.430, 1769592914.459, 1769592914.484"
1.0,0,1769592913.1915,0.0623,27,32,59,2.0406,0.0519,0.0675,1.0,0.0,99.3,3.0416,1.1029,1.1029,3529.0242,1769592916.3038933,12.87,116,894,0.114,9,0,0,8.64,15.0,0,902,1769592914.337,-1.057,meta-llama/Llama-3.2-1B-Instruct,"1769592914.337, 1769592914.359, 1769592914.430, 1769592914.459, 1769592914.484"
1.0,0,1769592912.8007,0.1669,27,32,59,2.3338,0.0448,0.0598,1.0,0.0,99.3,3.3326,1.5007,1.5007,3529.0242,1769592916.3042219,12.92,116,894,0.086,6,0,0,8.64,15.0,0,902,1769592914.337,-1.057,meta-llama/Llama-3.2-1B-Instruct,"1769592914.337, 1769592914.359, 1769592914.430, 1769592914.459, 1769592914.484"
1.0,0,1769592912.7263,0.0603,27,33,60,0.5425,0.0584,2.0038,1.0,1.0038,99.18,3.5147,-0.3972,0.0,3529.0242,1769592916.304538,13.02,116,894,0.086,6,0,0,8.64,15.0,0,902,1769592914.337,-1.057,meta-llama/Llama-3.2-1B-Instruct,"1769592914.337, 1769592914.359, 1769592914.430, 1769592914.459, 1769592914.484"
1.0,0,1769592913.2252,0.0627,27,32,59,2.01,0.044,0.0627,1.0,0.0,99.18,3.0152,1.0727,1.0727,3529.0242,1769592916.3049543,12.98,116,894,0.114,9,0,0,8.64,15.0,0,902,1769592914.337,-1.057,meta-llama/Llama-3.2-1B-Instruct,"1769592914.337, 1769592914.359, 1769592914.430, 1769592914.459, 1769592914.484"
1.0,0,1769592912.7581,0.0662,27,32,59,0.5038,0.0587,2.009,1.0,1.009,99.07,3.4737,-0.43,0.0,3529.0242,1769592916.3051617,12.94,116,894,0.086,6,0,0,8.64,15.0,0,902,1769592914.337,-1.057,meta-llama/Llama-3.2-1B-Instruct,"1769592914.337, 1769592914.359, 1769592914.430, 1769592914.459, 1769592914.484"
1.0,0,1769592913.1093,0.0613,27,32,59,2.1231,0.051,0.0602,1.0,0.0,99.07,3.1321,1.1844,1.1844,3529.0242,1769592916.3059003,12.99,116,894,0.114,9,0,0,8.64,15.0,0,902,1769592914.337,-1.057,meta-llama/Llama-3.2-1B-Instruct,"1769592914.337, 1769592914.359, 1769592914.430, 1769592914.459, 1769592914.484"
1.0,0,1769592912.9483,0.0833,27,32,59,2.2707,0.0426,0.062,1.0,0.0,99.07,3.2706,1.354,1.354,3529.0242,1769592916.3061538,13.0,116,894,0.114,9,0,0,8.64,15.0,0,902,1769592914.337,-1.057,meta-llama/Llama-3.2-1B-Instruct,"1769592914.337, 1769592914.359, 1769592914.430, 1769592914.459, 1769592914.484"
1.0,0,1769592912.8713,0.1021,27,32,59,2.3254,0.0496,0.0602,1.0,0.0,99.07,3.3235,1.4275,1.4275,3529.0242,1769592916.307317,12.84,116,894,0.086,6,0,0,8.64,15.0,0,902,1769592914.337,-1.057,meta-llama/Llama-3.2-1B-Instruct,"1769592914.337, 1769592914.359, 1769592914.430, 1769592914.459, 1769592914.484"
1.0,0,1769592913.3365,2.6166,27,32,59,0.0872,0.094,0.1315,1.0,0.0,99.07,1.2337,1.7038,1.7038,3530.728,1769592917.188825,12.96,116,895,0.254,19,0,0,8.64,15.0,0,902,1769592914.337,-1.057,meta-llama/Llama-3.2-1B-Instruct,"1769592914.337, 1769592914.359, 1769592914.430, 1769592914.459, 1769592914.484"
1.0,0,1769592913.5814,3.0922,27,19,46,0.0977,0.1024,0.1024,1.0,0.0,99.07,0.8514,2.1899,2.1899,3532.918,1769592917.5278878,12.95,116,896,0.251,12,0,0,8.64,15.0,0,902,1769592914.337,-1.057,meta-llama/Llama-3.2-1B-Instruct,"1769592914.337, 1769592914.359, 1769592914.430, 1769592914.459, 1769592914.484"
1.0,0,1769592913.3592,2.9595,27,32,59,0.0729,0.0937,0.136,1.0,0.0,99.08,1.2347,2.0324,2.0324,3534.9504,1769592917.5543458,12.93,116,897,0.249,9,0,0,8.64,15.0,0,902,1769592914.337,-1.057,meta-llama/Llama-3.2-1B-Instruct,"1769592914.337, 1769592914.359, 1769592914.430, 1769592914.459, 1769592914.484"
1.0,0,1769592913.4304,2.9452,27,32,59,0.1017,0.0942,0.1354,1.0,0.0,99.08,1.2041,2.0469,2.0469,3539.0142,1769592917.5820355,12.92,116,899,0.249,9,0,0,8.64,15.0,0,902,1769592914.337,-1.057,meta-llama/Llama-3.2-1B-Instruct,"1769592914.337, 1769592914.359, 1769592914.430, 1769592914.459, 1769592914.484"
1.0,0,1769592913.4586,2.9484,27,32,59,0.0685,0.0957,0.1308,1.0,0.0,99.08,1.1748,2.017,2.017,3539.0142,1769592917.5841794,12.9,116,899,0.249,10,0,0,8.64,15.0,0,902,1769592914.337,-1.057,meta-llama/Llama-3.2-1B-Instruct,"1769592914.337, 1769592914.359, 1769592914.430, 1769592914.459, 1769592914.484"
1.0,0,1769592913.85,3.0179,27,22,49,0.0592,0.0494,0.0719,1.0,0.0,99.08,0.7687,2.0772,2.0772,3543.213,1769592917.6523395,12.89,116,901,0.253,18,0,0,8.64,15.0,0,902,1769592914.337,-1.057,meta-llama/Llama-3.2-1B-Instruct,"1769592914.337, 1769592914.359, 1769592914.430, 1769592914.459, 1769592914.484"
1.0,0,1769592913.6506,3.0649,27,23,50,0.0567,0.0674,0.0962,1.0,0.0,99.08,0.9352,2.1216,2.1216,3543.213,1769592917.653928,12.87,116,901,0.252,14,1,0,8.64,15.0,0,902,1769592914.337,-1.057,meta-llama/Llama-3.2-1B-Instruct,"1769592914.337, 1769592914.359, 1769592914.430, 1769592914.459, 1769592914.484"
1.0,0,1769592913.4842,3.123,27,32,59,0.1236,0.0925,0.0948,1.0,0.0,99.08,1.2433,2.2466,2.2466,3547.684,1769592917.863313,12.86,116,903,0.249,11,1,0,8.64,15.0,0,902,1769592914.337,-1.057,meta-llama/Llama-3.2-1B-Instruct,"1769592914.337, 1769592914.359, 1769592914.430, 1769592914.459, 1769592914.484"
1.0,0,1769592913.5081,3.0922,27,32,59,0.1322,0.0872,0.0998,1.0,0.0,99.08,1.2614,2.2244,2.2244,3547.684,1769592917.8638453,12.85,116,903,0.25,12,0,0,8.64,15.0,0,902,1769592914.337,-1.057,meta-llama/Llama-3.2-1B-Instruct,"1769592914.337, 1769592914.359, 1769592914.430, 1769592914.459, 1769592914.484"
1.0,0,1769592913.717,3.0556,27,34,61,0.078,0.0668,0.0683,1.0,0.0,99.08,1.1051,2.1336,2.1336,3551.9404,1769592917.893164,12.83,116,905,0.252,15,1,0,8.64,15.0,0,902,1769592914.337,-1.057,meta-llama/Llama-3.2-1B-Instruct,"1769592914.337, 1769592914.359, 1769592914.430, 1769592914.459, 1769592914.484"
1.0,0,1769592913.7415,3.0563,27,32,59,0.0666,0.064,0.0701,1.0,0.0,99.08,1.0901,2.1228,2.1228,3551.9404,1769592917.8949711,12.82,116,905,0.253,16,0,0,8.64,15.0,0,902,1769592914.337,-1.057,meta-llama/Llama-3.2-1B-Instruct,"1769592914.337, 1769592914.359, 1769592914.430, 1769592914.459, 1769592914.484"
1.0,0,1769592913.8752,3.1153,27,32,59,0.0883,0.06,0.0619,1.0,0.0,99.08,1.0837,2.2036,2.2036,3554.144,1769592918.091114,12.8,116,906,0.254,19,0,0,8.64,15.0,0,902,1769592914.337,-1.057,meta-llama/Llama-3.2-1B-Instruct,"1769592914.337, 1769592914.359, 1769592914.430, 1769592914.459, 1769592914.484"
1.0,0,1769592913.8993,3.4199,27,32,59,0.0869,0.0629,0.0933,1.0,0.0,99.09,1.123,2.5068,2.5068,3556.6508,1769592918.4469051,12.79,116,907,0.256,19,0,0,8.64,15.0,0,902,1769592914.337,-1.057,meta-llama/Llama-3.2-1B-Instruct,"1769592914.337, 1769592914.359, 1769592914.430, 1769592914.459, 1769592914.484"
1.0,0,1769592914.1707,3.4525,27,32,59,0.0942,0.068,0.0885,1.0,0.0,99.09,1.1606,2.5467,2.5467,3559.1975,1769592918.7875366,12.78,116,908,0.255,15,0,0,8.64,15.0,0,902,1769592914.337,-1.057,meta-llama/Llama-3.2-1B-Instruct,"1769592914.337, 1769592914.359, 1769592914.430, 1769592914.459, 1769592914.484"
1.0,0,1769592914.5155,3.1804,27,32,59,0.0916,0.0703,0.0999,1.0,0.0,99.09,1.1796,2.2719,2.2719,3561.4695,1769592918.8800526,12.76,116,909,0.255,15,0,0,8.64,15.0,0,902,1769592914.337,-1.057,meta-llama/Llama-3.2-1B-Instruct,"1769592914.337, 1769592914.359, 1769592914.430, 1769592914.459, 1769592914.484"
1.0,0,1769592914.7399,3.1107,27,32,59,0.0979,0.0614,0.1031,1.0,0.0,99.09,1.277,2.2086,2.2086,3566.0017,1769592919.130438,12.75,116,911,0.256,16,0,0,8.64,15.0,0,902,1769592914.337,-1.057,meta-llama/Llama-3.2-1B-Instruct,"1769592914.337, 1769592914.359, 1769592914.430, 1769592914.459, 1769592914.484"
1.0,0,1769592914.6234,3.2333,27,32,59,0.0904,0.0752,0.0964,1.0,0.0,99.09,1.2715,2.3236,2.3236,3566.0017,1769592919.130618,12.73,116,911,0.255,15,1,0,8.64,15.0,0,902,1769592914.337,-1.057,meta-llama/Llama-3.2-1B-Instruct,"1769592914.337, 1769592914.359, 1769592914.430, 1769592914.459, 1769592914.484"
1.0,0,1769592914.7643,3.1552,27,32,59,0.0893,0.074,0.1007,1.0,0.0,99.09,1.2357,2.2445,2.2445,3568.2462,1769592919.160637,12.72,116,912,0.254,12,2,0,8.64,15.0,0,902,1769592914.337,-1.057,meta-llama/Llama-3.2-1B-Instruct,"1769592914.337, 1769592914.359, 1769592914.430, 1769592914.459, 1769592914.484"
1.0,0,1769592914.833,3.1522,27,32,59,0.083,0.0759,0.096,1.0,0.0,99.09,1.2319,2.2352,2.2352,3570.4814,1769592919.2191875,12.71,116,913,0.255,15,0,0,8.64,15.0,0,902,1769592914.337,-1.057,meta-llama/Llama-3.2-1B-Instruct,"1769592914.337, 1769592914.359, 1769592914.430, 1769592914.459, 1769592914.484"
1.0,0,1769592914.9028,3.1723,27,32,59,0.087,0.0743,0.096,1.0,0.0,99.09,1.207,2.2593,2.2593,3572.7407,1769592919.2872021,12.69,116,914,0.255,15,0,0,8.64,15.0,0,902,1769592914.337,-1.057,meta-llama/Llama-3.2-1B-Instruct,"1769592914.337, 1769592914.359, 1769592914.430, 1769592914.459, 1769592914.484"
1.0,0,1769592915.1756,2.9728,27,32,59,0.1231,0.0667,0.0716,1.0,0.0,99.09,1.2334,2.0959,2.0959,3576.8773,1769592919.3856018,12.66,116,916,0.256,16,0,0,8.64,15.0,0,902,1769592914.337,-1.057,meta-llama/Llama-3.2-1B-Instruct,"1769592914.337, 1769592914.359, 1769592914.430, 1769592914.459, 1769592914.484"
1.0,0,1769592915.2317,2.9775,27,32,59,0.0632,0.0762,0.0813,1.0,0.0,99.1,1.1721,2.0407,2.0407,3576.8773,1769592919.385779,12.68,116,916,0.256,16,1,0,8.64,15.0,0,902,1769592914.337,-1.057,meta-llama/Llama-3.2-1B-Instruct,"1769592914.337, 1769592914.359, 1769592914.430, 1769592914.459, 1769592914.484"
1.0,0,1769592915.3918,2.8736,27,32,59,0.1031,0.0629,0.064,1.0,0.0,99.1,1.1739,1.9767,1.9767,3578.854,1769592919.4495177,12.65,116,917,0.256,17,1,0,8.64,15.0,0,902,1769592914.337,-1.057,meta-llama/Llama-3.2-1B-Instruct,"1769592914.337, 1769592914.359, 1769592914.430, 1769592914.459, 1769592914.484"
1.0,0,1769592915.4524,2.8457,27,32,59,0.0711,0.0627,0.0754,1.0,0.0,99.1,1.1525,1.9168,1.9168,3580.7708,1769592919.4520621,12.64,116,918,0.257,18,0,0,8.64,15.0,0,902,1769592914.337,-1.057,meta-llama/Llama-3.2-1B-Instruct,"1769592914.337, 1769592914.359, 1769592914.430, 1769592914.459, 1769592914.484"
1.0,0,1769592915.5902,3.087,27,32,59,0.0826,0.068,0.0937,1.0,0.0,99.1,1.2487,2.1696,2.1696,3582.9404,1769592919.9309008,12.62,116,919,0.259,19,0,0,8.64,15.0,0,902,1769592914.337,-1.057,meta-llama/Llama-3.2-1B-Instruct,"1769592914.337, 1769592914.359, 1769592914.430, 1769592914.459, 1769592914.484"
1.0,0,1769592915.6643,3.2361,27,32,59,0.0668,0.0788,0.1007,1.0,0.0,99.1,1.2363,2.3029,2.3029,3585.2433,1769592920.1437922,12.61,116,920,0.259,18,0,0,8.64,15.0,0,902,1769592914.337,-1.057,meta-llama/Llama-3.2-1B-Instruct,"1769592914.337, 1769592914.359, 1769592914.430, 1769592914.459, 1769592914.484"
1.0,0,1769592916.7404,3.0343,27,9,36,0.0844,0.0534,0.0534,1.0,0.0,99.1,0.4019,2.1187,2.1187,3587.362,1769592920.178606,12.6,116,921,0.26,18,1,0,8.64,15.0,0,902,1769592914.337,-1.057,meta-llama/Llama-3.2-1B-Instruct,"1769592914.337, 1769592914.359, 1769592914.430, 1769592914.459, 1769592914.484"
1.0,0,1769592915.8021,3.2631,27,32,59,0.0571,0.0773,0.0846,1.0,0.0,99.1,1.2047,2.3202,2.3202,3589.6822,1769592920.2727787,12.58,116,922,0.26,19,0,0,8.64,15.0,0,902,1769592914.337,-1.057,meta-llama/Llama-3.2-1B-Instruct,"1769592914.337, 1769592914.359, 1769592914.430, 1769592914.459, 1769592914.484"
1.0,0,1769592915.9162,3.3888,27,32,59,0.0799,0.08,0.0993,1.0,0.0,99.1,1.3462,2.4686,2.4686,3592.1508,1769592920.653229,12.57,116,923,0.259,15,0,0,8.64,15.0,0,940,1769592918.67,-1.732,meta-llama/Llama-3.2-1B-Instruct,"1769592918.670, 1769592918.884, 1769592919.041, 1769592919.120, 1769592919.227"
1.0,0,1769592915.992,3.3734,27,32,59,0.0724,0.0807,0.094,1.0,0.0,99.1,1.3136,2.4458,2.4458,3594.5966,1769592920.6798317,12.55,116,924,0.258,14,0,0,8.64,15.0,0,940,1769592918.67,-1.732,meta-llama/Llama-3.2-1B-Instruct,"1769592918.670, 1769592918.884, 1769592919.041, 1769592919.120, 1769592919.227"
1.0,0,1769592916.0878,3.3362,27,32,59,0.0892,0.0752,0.0879,1.0,0.0,99.1,1.3133,2.4254,2.4254,3597.022,1769592920.7450006,12.54,116,925,0.257,13,0,0,8.64,15.0,0,940,1769592918.67,-1.732,meta-llama/Llama-3.2-1B-Instruct,"1769592918.670, 1769592918.884, 1769592919.041, 1769592919.120, 1769592919.227"
1.0,0,1769592916.1309,3.3628,27,32,59,0.0763,0.0788,0.0823,1.0,0.0,99.11,1.3685,2.4391,2.4391,3601.8484,1769592920.8740036,12.53,116,927,0.257,14,0,0,8.64,15.0,0,940,1769592918.67,-1.732,meta-llama/Llama-3.2-1B-Instruct,"1769592918.670, 1769592918.884, 1769592919.041, 1769592919.120, 1769592919.227"
1.0,0,1769592916.2454,3.3067,27,32,59,0.0807,0.0763,0.0878,1.0,0.0,99.11,1.3191,2.3873,2.3873,3601.8484,1769592920.8742013,12.51,116,927,0.258,14,0,0,8.64,15.0,0,940,1769592918.67,-1.732,meta-llama/Llama-3.2-1B-Instruct,"1769592918.670, 1769592918.884, 1769592919.041, 1769592919.120, 1769592919.227"
1.0,0,1769592916.2838,3.335,27,32,59,0.0773,0.0768,0.0923,1.0,0.0,99.11,1.3408,2.4124,2.4124,3604.2608,1769592920.9624825,12.5,116,928,0.259,16,0,0,8.64,15.0,0,940,1769592918.67,-1.732,meta-llama/Llama-3.2-1B-Instruct,"1769592918.670, 1769592918.884, 1769592919.041, 1769592919.120, 1769592919.227"
1.0,0,1769592916.3808,3.3423,27,32,59,0.0649,0.0746,0.08,1.0,0.0,99.11,1.307,2.4072,2.4072,3609.1008,1769592921.0365717,12.47,116,930,0.259,17,0,0,8.64,15.0,0,940,1769592918.67,-1.732,meta-llama/Llama-3.2-1B-Instruct,"1769592918.670, 1769592918.884, 1769592919.041, 1769592919.120, 1769592919.227"
1.0,0,1769592916.3517,3.329,27,32,59,0.1038,0.0732,0.0859,1.0,0.0,99.11,1.3489,2.4329,2.4329,3609.1008,1769592921.0405047,12.49,116,930,0.259,16,0,0,8.64,15.0,0,940,1769592918.67,-1.732,meta-llama/Llama-3.2-1B-Instruct,"1769592918.670, 1769592918.884, 1769592919.041, 1769592919.120, 1769592919.227"
1.0,0,1769592917.0383,3.0399,27,30,57,0.0573,0.0794,0.1148,1.0,0.0,99.11,1.3363,2.0973,2.0973,3611.198,1769592921.4154024,12.46,116,931,0.261,19,0,0,8.64,15.0,0,940,1769592918.67,-1.732,meta-llama/Llama-3.2-1B-Instruct,"1769592918.670, 1769592918.884, 1769592919.041, 1769592919.120, 1769592919.227"
1.0,0,1769592917.1243,3.1717,27,32,59,0.0742,0.0779,0.1045,1.0,0.0,99.11,1.3651,2.2459,2.2459,3613.444,1769592921.6639984,12.45,116,932,0.261,17,0,0,8.64,15.0,0,940,1769592918.67,-1.732,meta-llama/Llama-3.2-1B-Instruct,"1769592918.670, 1769592918.884, 1769592919.041, 1769592919.120, 1769592919.227"
1.0,0,1769592917.4472,2.9788,27,32,59,0.054,0.0691,0.1058,1.0,0.0,99.11,1.2964,2.0328,2.0328,3617.7835,1769592921.723518,12.43,116,934,0.262,18,1,0,8.64,15.0,0,940,1769592918.67,-1.732,meta-llama/Llama-3.2-1B-Instruct,"1769592918.670, 1769592918.884, 1769592919.041, 1769592919.120, 1769592919.227"
1.0,0,1769592917.1712,3.1762,27,32,59,0.1305,0.065,0.1195,1.0,0.0,99.11,1.3754,2.3067,2.3067,3617.7835,1769592921.7236943,12.42,116,934,0.261,17,0,0,8.64,15.0,0,940,1769592918.67,-1.732,meta-llama/Llama-3.2-1B-Instruct,"1769592918.670, 1769592918.884, 1769592919.041, 1769592919.120, 1769592919.227"
1.0,0,1769592917.6698,3.0927,27,32,59,0.0907,0.1074,0.1184,1.0,0.0,99.11,1.3739,2.1834,2.1834,3619.9669,1769592922.139196,12.41,116,935,0.262,17,0,0,8.64,15.0,0,940,1769592918.67,-1.732,meta-llama/Llama-3.2-1B-Instruct,"1769592918.670, 1769592918.884, 1769592919.041, 1769592919.120, 1769592919.227"
1.0,0,1769592917.8843,2.9536,27,32,59,0.0882,0.1049,0.1073,1.0,0.0,99.12,1.3591,2.0418,2.0418,3622.0086,1769592922.199218,12.39,116,936,0.262,17,0,0,8.64,15.0,0,940,1769592918.67,-1.732,meta-llama/Llama-3.2-1B-Instruct,"1769592918.670, 1769592918.884, 1769592919.041, 1769592919.120, 1769592919.227"
1.0,0,1769592918.041,2.8887,27,32,59,0.0911,0.109,0.111,1.0,0.0,99.12,1.3205,1.9798,1.9798,3623.9884,1769592922.251542,12.38,116,937,0.262,16,0,0,8.64,15.0,0,940,1769592918.67,-1.732,meta-llama/Llama-3.2-1B-Instruct,"1769592918.670, 1769592918.884, 1769592919.041, 1769592919.120, 1769592919.227"
1.0,0,1769592918.1196,2.8916,27,32,59,0.0774,0.1004,0.1035,1.0,0.0,99.12,1.2978,1.969,1.969,3625.9574,1769592922.312025,12.37,116,938,0.261,15,0,0,8.64,15.0,0,940,1769592918.67,-1.732,meta-llama/Llama-3.2-1B-Instruct,"1769592918.670, 1769592918.884, 1769592919.041, 1769592919.120, 1769592919.227"
1.0,0,1769592918.2746,2.8478,27,32,59,0.0538,0.0788,0.1058,1.0,0.0,99.12,1.2224,1.9016,1.9016,3629.8071,1769592922.36074,12.35,116,940,0.261,16,0,0,8.64,15.0,0,940,1769592918.67,-1.732,meta-llama/Llama-3.2-1B-Instruct,"1769592918.670, 1769592918.884, 1769592919.041, 1769592919.120, 1769592919.227"
1.0,0,1769592918.2275,2.8424,27,32,59,0.1057,0.0687,0.1006,1.0,0.0,99.12,1.276,1.9482,1.9482,3629.8071,1769592922.361107,12.34,116,940,0.261,15,0,0,8.64,15.0,0,940,1769592918.67,-1.732,meta-llama/Llama-3.2-1B-Instruct,"1769592918.670, 1769592918.884, 1769592919.041, 1769592919.120, 1769592919.227"
1.0,0,1769592918.4285,2.7562,27,32,59,0.0711,0.0596,0.0998,1.0,0.0,99.12,1.1781,1.8273,1.8273,3631.6344,1769592922.3664255,12.33,116,941,0.262,18,0,0,8.64,15.0,0,940,1769592918.67,-1.732,meta-llama/Llama-3.2-1B-Instruct,"1769592918.670, 1769592918.884, 1769592919.041, 1769592919.120, 1769592919.227"
1.0,0,1769592918.816,2.4048,27,32,59,0.0843,0.0596,0.1099,1.0,0.0,99.12,1.1635,1.4892,1.4892,3633.1236,1769592922.3861086,12.31,116,942,0.262,18,0,0,8.64,15.0,0,940,1769592918.67,-1.732,meta-llama/Llama-3.2-1B-Instruct,"1769592918.670, 1769592918.884, 1769592919.041, 1769592919.120, 1769592919.227"
1.0,0,1769592919.1105,2.4458,27,32,59,0.0639,0.0972,0.1027,1.0,0.0,99.12,1.1299,1.5097,1.5097,3634.6333,1769592922.6946099,12.3,116,943,0.264,19,0,0,8.64,15.0,0,940,1769592918.67,-1.732,meta-llama/Llama-3.2-1B-Instruct,"1769592918.670, 1769592918.884, 1769592919.041, 1769592919.120, 1769592919.227"
1.0,0,1769592919.1742,2.6288,27,32,59,0.122,0.0938,0.1599,1.0,0.0,99.12,1.2478,1.7508,1.7508,3636.384,1769592923.0581393,12.29,116,944,0.264,17,0,0,8.64,15.0,0,940,1769592918.67,-1.732,meta-llama/Llama-3.2-1B-Instruct,"1769592918.670, 1769592918.884, 1769592919.041, 1769592919.120, 1769592919.227"
1.0,0,1769592919.3445,2.5121,27,32,59,0.0691,0.0987,0.1658,1.0,0.0,99.12,1.2023,1.5812,1.5812,3637.9653,1769592923.0608735,12.28,116,945,0.264,17,1,0,8.64,15.0,0,940,1769592918.67,-1.732,meta-llama/Llama-3.2-1B-Instruct,"1769592918.670, 1769592918.884, 1769592919.041, 1769592919.120, 1769592919.227"
1.0,0,1769592919.3982,2.5223,27,32,59,0.0828,0.0954,0.169,1.0,0.0,99.12,1.1643,1.6051,1.6051,3639.5704,1769592923.0870678,12.26,116,946,0.264,18,1,0,8.64,15.0,0,940,1769592918.67,-1.732,meta-llama/Llama-3.2-1B-Instruct,"1769592918.670, 1769592918.884, 1769592919.041, 1769592919.120, 1769592919.227"
1.0,0,1769592920.0561,2.5946,27,9,36,0.0972,0.1489,0.1489,1.0,0.0,99.13,0.5022,1.6919,1.6919,3641.2623,1769592923.1548672,12.25,116,947,0.265,15,0,0,8.64,15.0,0,940,1769592918.67,-1.732,meta-llama/Llama-3.2-1B-Instruct,"1769592918.670, 1769592918.884, 1769592919.041, 1769592919.120, 1769592919.227"
1.0,0,1769592919.5919,2.8179,27,32,59,0.065,0.0692,0.1564,1.0,0.0,99.13,1.2354,1.8829,1.8829,3645.1518,1769592923.649258,12.22,116,949,0.263,12,0,0,8.64,15.0,0,940,1769592918.67,-1.732,meta-llama/Llama-3.2-1B-Instruct,"1769592918.670, 1769592918.884, 1769592919.041, 1769592919.120, 1769592919.227"
1.0,0,1769592919.6384,2.8193,27,32,59,0.0876,0.0648,0.1665,1.0,0.0,99.13,1.2096,1.9069,1.9069,3647.0587,1769592923.6756058,12.21,116,950,0.263,13,1,0,8.64,15.0,0,940,1769592918.67,-1.732,meta-llama/Llama-3.2-1B-Instruct,"1769592918.670, 1769592918.884, 1769592919.041, 1769592919.120, 1769592919.227"
1.0,0,1769592919.9132,2.7426,27,32,59,0.1268,0.0686,0.1049,1.0,0.0,99.13,1.2609,1.8694,1.8694,3651.0122,1769592923.9244092,12.2,116,952,0.264,15,0,0,8.64,15.0,0,940,1769592918.67,-1.732,meta-llama/Llama-3.2-1B-Instruct,"1769592918.670, 1769592918.884, 1769592919.041, 1769592919.120, 1769592919.227"
1.0,0,1769592919.7007,2.9453,27,32,59,0.1388,0.0682,0.1045,1.0,0.0,99.13,1.2743,2.0841,2.0841,3652.438,1769592923.9250808,12.18,116,953,0.263,14,1,0,8.64,15.0,0,940,1769592918.67,-1.732,meta-llama/Llama-3.2-1B-Instruct,"1769592918.670, 1769592918.884, 1769592919.041, 1769592919.120, 1769592919.227"
1.0,0,1769592920.3994,2.3688,27,32,59,0.057,0.0686,0.0729,1.0,0.0,99.13,1.1566,1.4257,1.4257,3653.935,1769592923.9264686,12.17,116,954,0.266,17,1,0,8.64,15.0,0,940,1769592918.67,-1.732,meta-llama/Llama-3.2-1B-Instruct,"1769592918.670, 1769592918.884, 1769592919.041, 1769592919.120, 1769592919.227"
1.0,0,1769592920.3261,2.3889,27,32,59,0.1082,0.0751,0.0756,1.0,0.0,99.13,1.2106,1.4971,1.4971,3653.935,1769592923.9266794,12.16,116,954,0.265,14,0,0,8.64,15.0,0,940,1769592918.67,-1.732,meta-llama/Llama-3.2-1B-Instruct,"1769592918.670, 1769592918.884, 1769592919.041, 1769592919.120, 1769592919.227"
1.0,0,1769592920.4874,2.3277,27,31,58,0.081,0.0607,0.0624,1.0,0.0,99.13,1.1488,1.4087,1.4087,3655.3437,1769592923.968862,12.15,116,955,0.266,18,1,0,8.64,15.0,0,940,1769592918.67,-1.732,meta-llama/Llama-3.2-1B-Instruct,"1769592918.670, 1769592918.884, 1769592919.041, 1769592919.120, 1769592919.227"
1.0,0,1769592920.5149,2.6871,27,32,59,0.0953,0.0589,0.073,1.0,0.0,99.13,1.1718,1.7824,1.7824,3657.1261,1769592924.3801603,12.13,116,956,0.266,16,0,0,8.64,15.0,0,940,1769592918.67,-1.732,meta-llama/Llama-3.2-1B-Instruct,"1769592918.670, 1769592918.884, 1769592919.041, 1769592919.120, 1769592919.227"
1.0,0,1769592920.5931,2.6859,27,32,59,0.073,0.0655,0.0769,1.0,0.0,99.14,1.1467,1.7589,1.7589,3658.885,1769592924.4310853,12.12,116,957,0.267,17,0,0,8.64,15.0,0,940,1769592918.67,-1.732,meta-llama/Llama-3.2-1B-Instruct,"1769592918.670, 1769592918.884, 1769592919.041, 1769592919.120, 1769592919.227"
1.0,0,1769592920.9843,2.3566,27,32,59,0.0849,0.0671,0.0912,1.0,0.0,99.14,1.183,1.4414,1.4414,3660.3264,1769592924.5271711,12.11,116,958,0.267,17,0,0,8.64,15.0,0,940,1769592918.67,-1.732,meta-llama/Llama-3.2-1B-Instruct,"1769592918.670, 1769592918.884, 1769592919.041, 1769592919.120, 1769592919.227"
1.0,0,1769592921.1604,2.2498,27,32,59,0.0763,0.066,0.102,1.0,0.0,99.14,1.1817,1.3261,1.3261,3661.6525,1769592924.5927193,12.1,116,959,0.268,19,0,0,8.64,15.0,0,940,1769592918.67,-1.732,meta-llama/Llama-3.2-1B-Instruct,"1769592918.670, 1769592918.884, 1769592919.041, 1769592919.120, 1769592919.227"
1.0,0,1769592921.7625,2.5361,27,4,31,0.0733,0.0867,0.0867,1.0,0.0,99.14,0.3993,1.6094,1.6094,3663.2619,1769592924.6986668,12.08,116,960,0.268,16,0,0,8.64,15.0,0,940,1769592918.67,-1.732,meta-llama/Llama-3.2-1B-Instruct,"1769592918.670, 1769592918.884, 1769592919.041, 1769592919.120, 1769592919.227"
1.0,0,1769592921.2601,2.8012,27,32,59,0.0775,0.1066,0.3686,1.0,0.0,99.14,1.7158,1.8787,1.8787,3665.1406,1769592925.7814605,12.07,116,961,0.267,12,0,0,8.64,15.0,0,985,1769592923.516,-1.911,meta-llama/Llama-3.2-1B-Instruct,"1769592923.516, 1769592923.597, 1769592923.688, 1769592924.099, 1769592924.384"
1.0,0,1769592921.3965,2.7328,27,32,59,0.0581,0.1076,0.3649,1.0,0.0,99.14,1.6858,1.7909,1.7909,3666.9315,1769592925.8159802,12.06,116,962,0.267,13,0,0,8.64,15.0,0,985,1769592923.516,-1.911,meta-llama/Llama-3.2-1B-Instruct,"1769592923.516, 1769592923.597, 1769592923.688, 1769592924.099, 1769592924.384"
1.0,0,1769592921.591,2.5805,27,32,59,0.1205,0.0964,0.3637,1.0,0.0,99.14,1.7087,1.7009,1.7009,3670.2125,1769592925.8918293,12.05,116,964,0.267,13,0,0,8.64,15.0,0,985,1769592923.516,-1.911,meta-llama/Llama-3.2-1B-Instruct,"1769592923.516, 1769592923.597, 1769592923.688, 1769592924.099, 1769592924.384"
1.0,0,1769592921.7273,2.5066,27,32,59,0.0734,0.108,0.3664,1.0,0.0,99.14,1.6576,1.5801,1.5801,3670.2125,1769592925.9049435,12.03,116,964,0.268,14,0,0,8.64,15.0,0,985,1769592923.516,-1.911,meta-llama/Llama-3.2-1B-Instruct,"1769592923.516, 1769592923.597, 1769592923.688, 1769592924.099, 1769592924.384"
1.0,0,1769592921.8732,2.5184,27,31,58,0.0734,0.1046,0.3666,1.0,0.0,99.14,1.606,1.5918,1.5918,3671.8043,1769592926.0044441,12.02,116,965,0.269,16,0,0,8.64,15.0,0,985,1769592923.516,-1.911,meta-llama/Llama-3.2-1B-Instruct,"1769592923.516, 1769592923.597, 1769592923.688, 1769592924.099, 1769592924.384"
1.0,0,1769592921.8224,2.538,27,32,59,0.1037,0.1061,0.3621,1.0,0.0,99.14,1.6459,1.6417,1.6417,3674.9934,1769592926.0181282,12.01,116,967,0.268,16,0,0,8.64,15.0,0,985,1769592923.516,-1.911,meta-llama/Llama-3.2-1B-Instruct,"1769592923.516, 1769592923.597, 1769592923.688, 1769592924.099, 1769592924.384"
1.0,0,1769592922.219,2.3244,27,32,59,0.0683,0.0765,0.365,1.0,0.0,99.15,1.5255,1.3927,1.3927,3677.9839,1769592926.0731025,11.98,116,969,0.269,17,1,0,8.64,15.0,0,985,1769592923.516,-1.911,meta-llama/Llama-3.2-1B-Instruct,"1769592923.516, 1769592923.597, 1769592923.688, 1769592924.099, 1769592924.384"
1.0,0,1769592922.0081,2.4951,27,32,59,0.1027,0.0892,0.3528,1.0,0.0,99.15,1.5671,1.5978,1.5978,3677.9839,1769592926.0732946,11.97,116,969,0.269,17,0,0,8.64,15.0,0,985,1769592923.516,-1.911,meta-llama/Llama-3.2-1B-Instruct,"1769592923.516, 1769592923.597, 1769592923.688, 1769592924.099, 1769592924.384"
1.0,0,1769592922.2733,2.3541,27,32,59,0.0663,0.0664,0.3672,1.0,0.0,99.15,1.4949,1.4205,1.4205,3679.4043,1769592926.1289597,11.96,116,970,0.269,18,0,0,8.64,15.0,0,985,1769592923.516,-1.911,meta-llama/Llama-3.2-1B-Instruct,"1769592923.516, 1769592923.597, 1769592923.688, 1769592924.099, 1769592924.384"
1.0,0,1769592922.3222,2.3529,27,32,59,0.0759,0.062,0.3608,1.0,0.0,99.15,1.4777,1.4288,1.4288,3680.8332,1769592926.153579,11.95,116,971,0.269,18,0,0,8.64,15.0,0,985,1769592923.516,-1.911,meta-llama/Llama-3.2-1B-Instruct,"1769592923.516, 1769592923.597, 1769592923.688, 1769592924.099, 1769592924.384"
1.0,0,1769592922.4826,2.3274,27,32,59,0.1143,0.0592,0.3629,1.0,0.0,99.15,1.4514,1.4417,1.4417,3682.2749,1769592926.2700608,11.93,116,972,0.27,19,0,0,8.64,15.0,0,985,1769592923.516,-1.911,meta-llama/Llama-3.2-1B-Instruct,"1769592923.516, 1769592923.597, 1769592923.688, 1769592924.099, 1769592924.384"
1.0,0,1769592922.5164,3.3549,27,32,59,0.0757,0.1037,0.1183,1.0,0.0,99.15,1.3128,2.4306,2.4306,3684.7055,1769592927.1882448,11.92,116,973,0.272,16,0,0,8.64,15.0,0,985,1769592923.516,-1.911,meta-llama/Llama-3.2-1B-Instruct,"1769592923.516, 1769592923.597, 1769592923.688, 1769592924.099, 1769592924.384"
1.0,0,1769592922.5973,3.3789,27,32,59,0.0902,0.1031,0.1185,1.0,0.0,99.15,1.3029,2.4691,2.4691,3687.1747,1769592927.2808106,11.91,116,974,0.272,17,0,0,8.64,15.0,0,985,1769592923.516,-1.911,meta-llama/Llama-3.2-1B-Instruct,"1769592923.516, 1769592923.597, 1769592923.688, 1769592924.099, 1769592924.384"
1.0,0,1769592922.6877,3.3629,27,32,59,0.0713,0.1088,0.1217,1.0,0.0,99.15,1.2606,2.4343,2.4343,3689.6089,1769592927.312535,11.9,116,975,0.271,14,0,0,8.64,15.0,0,985,1769592923.516,-1.911,meta-llama/Llama-3.2-1B-Instruct,"1769592923.516, 1769592923.597, 1769592923.688, 1769592924.099, 1769592924.384"
1.0,0,1769592923.0992,3.01,27,32,59,0.0802,0.1102,0.1166,1.0,0.0,99.15,1.2631,2.0902,2.0902,3691.6991,1769592927.3755665,11.89,116,976,0.27,13,0,0,8.64,15.0,0,985,1769592923.516,-1.911,meta-llama/Llama-3.2-1B-Instruct,"1769592923.516, 1769592923.597, 1769592923.688, 1769592924.099, 1769592924.384"
1.0,0,1769592923.4605,2.7911,27,32,59,0.1379,0.0789,0.1021,1.0,0.0,99.15,1.2414,1.929,1.929,3697.4156,1769592927.4974296,11.86,116,979,0.27,13,0,0,8.64,15.0,0,985,1769592923.516,-1.911,meta-llama/Llama-3.2-1B-Instruct,"1769592923.516, 1769592923.597, 1769592923.688, 1769592924.099, 1769592924.384"
1.0,0,1769592923.5685,2.7442,27,32,59,0.0784,0.0641,0.1026,1.0,0.0,99.15,1.179,1.8226,1.8226,3697.4156,1769592927.4976056,11.87,116,979,0.27,12,0,0,8.64,15.0,0,985,1769592923.516,-1.911,meta-llama/Llama-3.2-1B-Instruct,"1769592923.516, 1769592923.597, 1769592923.688, 1769592924.099, 1769592924.384"
1.0,0,1769592923.3842,2.8573,27,32,59,0.1077,0.0976,0.1059,1.0,0.0,99.16,1.2526,1.9649,1.9649,3697.4156,1769592927.497802,11.85,116,979,0.27,13,0,0,8.64,15.0,0,985,1769592923.516,-1.911,meta-llama/Llama-3.2-1B-Instruct,"1769592923.516, 1769592923.597, 1769592923.688, 1769592924.099, 1769592924.384"
1.0,0,1769592924.2758,2.1402,27,32,59,0.0567,0.0638,0.0738,1.0,0.0,99.16,1.1188,1.1969,1.1969,3701.9589,1769592927.539942,11.82,116,982,0.271,15,0,0,8.64,15.0,0,985,1769592923.516,-1.911,meta-llama/Llama-3.2-1B-Instruct,"1769592923.516, 1769592923.597, 1769592923.688, 1769592924.099, 1769592924.384"
1.0,0,1769592924.1048,2.2797,27,32,59,0.0866,0.0625,0.0782,1.0,0.0,99.16,1.1497,1.3664,1.3664,3701.9589,1769592927.5402014,11.84,116,982,0.271,15,0,0,8.64,15.0,0,985,1769592923.516,-1.911,meta-llama/Llama-3.2-1B-Instruct,"1769592923.516, 1769592923.597, 1769592923.688, 1769592924.099, 1769592924.384"
1.0,0,1769592924.5568,2.9029,27,0,27,,,,1.0,,,0.0772,1.9801,1.9801,3701.9589,1769592927.540368,11.81,116,982,0.275,16,0,0,8.64,15.0,0,985,1769592923.516,-1.911,meta-llama/Llama-3.2-1B-Instruct,"1769592923.516, 1769592923.597, 1769592923.688, 1769592924.099, 1769592924.384"
1.0,0,1769592924.4152,2.107,27,32,59,0.0483,0.0535,0.0593,1.0,0.0,99.16,1.0674,1.1553,1.1553,3704.3471,1769592927.5934858,11.8,116,984,0.271,17,0,0,8.64,15.0,0,985,1769592923.516,-1.911,meta-llama/Llama-3.2-1B-Instruct,"1769592923.516, 1769592923.597, 1769592923.688, 1769592924.099, 1769592924.384"
1.0,0,1769592924.3353,2.1292,27,32,59,0.1037,0.0577,0.0628,1.0,0.0,99.16,1.1273,1.2329,1.2329,3704.3471,1769592927.59495,11.79,116,984,0.271,16,1,0,8.64,15.0,0,985,1769592923.516,-1.911,meta-llama/Llama-3.2-1B-Instruct,"1769592923.516, 1769592923.597, 1769592923.688, 1769592924.099, 1769592924.384"
1.0,0,1769592924.4782,2.1158,27,31,58,0.0836,0.0569,0.0579,1.0,0.0,99.16,1.1023,1.1994,1.1994,3705.5465,1769592927.6971707,11.78,116,985,0.272,19,0,0,8.64,15.0,0,985,1769592923.516,-1.911,meta-llama/Llama-3.2-1B-Instruct,"1769592923.516, 1769592923.597, 1769592923.688, 1769592924.099, 1769592924.384"
1.0,0,1769592925.2501,2.5567,27,0,27,,,,1.0,,,0.1073,1.664,1.664,3707.2105,1769592927.9157035,11.76,116,986,0.273,13,0,0,8.64,15.0,0,985,1769592923.516,-1.911,meta-llama/Llama-3.2-1B-Instruct,"1769592923.516, 1769592923.597, 1769592923.688, 1769592924.099, 1769592924.384"
1.0,0,1769592924.5081,2.9467,27,32,59,0.0763,0.0983,0.1021,1.0,0.0,99.16,1.3519,2.023,2.023,3709.2335,1769592928.8079164,11.75,116,987,0.276,17,0,0,8.64,15.0,0,985,1769592923.516,-1.911,meta-llama/Llama-3.2-1B-Instruct,"1769592923.516, 1769592923.597, 1769592923.688, 1769592924.099, 1769592924.384"
1.0,0,1769592924.6505,2.8674,27,32,59,0.0763,0.0957,0.1034,1.0,0.0,99.16,1.3192,1.9437,1.9437,3711.1772,1769592928.838544,11.74,116,988,0.274,13,0,0,8.64,15.0,0,985,1769592923.516,-1.911,meta-llama/Llama-3.2-1B-Instruct,"1769592923.516, 1769592923.597, 1769592923.688, 1769592924.099, 1769592924.384"
1.0,0,1769592924.7644,2.8088,27,32,59,0.0747,0.1024,0.1042,1.0,0.0,99.16,1.2887,1.8836,1.8836,3713.0608,1769592928.8647678,11.73,116,989,0.273,12,0,0,8.64,15.0,0,985,1769592923.516,-1.911,meta-llama/Llama-3.2-1B-Instruct,"1769592923.516, 1769592923.597, 1769592923.688, 1769592924.099, 1769592924.384"
1.0,0,1769592924.8282,2.8031,27,32,59,0.0642,0.1016,0.1038,1.0,0.0,99.16,1.2632,1.8673,1.8673,3714.9281,1769592928.8966622,11.72,116,990,0.272,11,0,0,8.64,15.0,0,985,1769592923.516,-1.911,meta-llama/Llama-3.2-1B-Instruct,"1769592923.516, 1769592923.597, 1769592923.688, 1769592924.099, 1769592924.384"
1.0,0,1769592924.9734,2.7374,27,32,59,0.055,0.0988,0.1142,1.0,0.0,99.16,1.2419,1.7924,1.7924,3716.7205,1769592928.9633684,11.71,116,991,0.272,12,0,0,8.64,15.0,0,985,1769592923.516,-1.911,meta-llama/Llama-3.2-1B-Instruct,"1769592923.516, 1769592923.597, 1769592923.688, 1769592924.099, 1769592924.384"
1.0,0,1769592925.2762,2.5818,27,32,59,0.055,0.085,0.1107,1.0,0.0,99.16,1.1978,1.6369,1.6369,3718.3574,1769592929.059234,11.69,116,992,0.273,13,0,0,8.64,15.0,0,985,1769592923.516,-1.911,meta-llama/Llama-3.2-1B-Instruct,"1769592923.516, 1769592923.597, 1769592923.688, 1769592924.099, 1769592924.384"
1.0,0,1769592925.3281,2.6221,27,32,59,0.0592,0.0746,0.1042,1.0,0.0,99.17,1.1884,1.6813,1.6813,3721.7452,1769592929.1431506,11.68,116,994,0.274,14,0,0,8.64,15.0,0,985,1769592923.516,-1.911,meta-llama/Llama-3.2-1B-Instruct,"1769592923.516, 1769592923.597, 1769592923.688, 1769592924.099, 1769592924.384"
1.0,0,1769592925.302,2.6056,27,32,59,0.1008,0.0867,0.1036,1.0,0.0,99.17,1.2341,1.7064,1.7064,3721.7452,1769592929.143821,11.67,116,994,0.274,14,0,0,8.64,15.0,0,985,1769592923.516,-1.911,meta-llama/Llama-3.2-1B-Instruct,"1769592923.516, 1769592923.597, 1769592923.688, 1769592924.099, 1769592924.384"
1.0,0,1769592925.3541,2.6464,27,32,59,0.0823,0.0869,0.089,1.0,0.0,99.17,1.2278,1.7287,1.7287,3723.4739,1769592929.2385964,11.66,116,995,0.274,16,0,0,8.64,15.0,0,985,1769592923.516,-1.911,meta-llama/Llama-3.2-1B-Instruct,"1769592923.516, 1769592923.597, 1769592923.688, 1769592924.099, 1769592924.384"
1.0,0,1769592925.4253,2.6129,27,32,59,0.0513,0.0849,0.0977,1.0,0.0,99.17,1.2008,1.6643,1.6643,3725.1382,1769592929.241442,11.65,116,996,0.274,16,0,0,8.64,15.0,0,985,1769592923.516,-1.911,meta-llama/Llama-3.2-1B-Instruct,"1769592923.516, 1769592923.597, 1769592923.688, 1769592924.099, 1769592924.384"
1.0,0,1769592925.6067,2.5005,27,32,59,0.0616,0.0812,0.1043,1.0,0.0,99.17,1.2182,1.5621,1.5621,3726.7002,1769592929.328424,11.63,116,997,0.275,18,0,0,8.64,15.0,0,985,1769592923.516,-1.911,meta-llama/Llama-3.2-1B-Instruct,"1769592923.516, 1769592923.597, 1769592923.688, 1769592924.099, 1769592924.384"
1.0,0,1769592925.662,2.4946,27,32,59,0.0691,0.0841,0.095,1.0,0.0,99.17,1.1982,1.5637,1.5637,3728.2639,1769592929.3557396,11.62,116,998,0.275,19,0,0,8.64,15.0,0,985,1769592923.516,-1.911,meta-llama/Llama-3.2-1B-Instruct,"1769592923.516, 1769592923.597, 1769592923.688, 1769592924.099, 1769592924.384"
1.0,0,1769592925.7867,3.1889,27,31,58,0.1039,0.0976,0.1114,1.0,0.0,99.17,1.3585,2.2928,2.2928,3730.5567,1769592930.341507,11.61,116,999,0.278,15,0,0,8.64,15.0,0,985,1769592923.516,-1.911,meta-llama/Llama-3.2-1B-Instruct,"1769592923.516, 1769592923.597, 1769592923.688, 1769592924.099, 1769592924.384"
1.0,0,1769592926.1654,2.8527,27,32,59,0.062,0.0945,0.1005,1.0,0.0,99.17,1.3237,1.9148,1.9148,3732.4715,1769592930.3439937,11.6,116,1000,0.278,15,1,0,8.64,15.0,0,985,1769592923.516,-1.911,meta-llama/Llama-3.2-1B-Instruct,"1769592923.516, 1769592923.597, 1769592923.688, 1769592924.099, 1769592924.384"
1.0,0,1769592926.2083,2.8664,27,32,59,0.0904,0.0831,0.1044,1.0,0.0,99.17,1.2915,1.9568,1.9568,3736.2355,1769592930.3688986,11.59,116,1002,0.278,15,1,0,8.64,15.0,0,985,1769592923.516,-1.911,meta-llama/Llama-3.2-1B-Instruct,"1769592923.516, 1769592923.597, 1769592923.688, 1769592924.099, 1769592924.384"
1.0,0,1769592926.3589,2.7447,27,31,58,0.0624,0.0853,0.1064,1.0,0.0,99.17,1.2645,1.8072,1.8072,3736.2355,1769592930.3692942,11.58,116,1002,0.278,16,0,0,8.64,15.0,0,985,1769592923.516,-1.911,meta-llama/Llama-3.2-1B-Instruct,"1769592923.516, 1769592923.597, 1769592923.688, 1769592924.099, 1769592924.384"
1.0,0,1769592926.4295,2.7702,27,32,59,0.0656,0.0725,0.1009,1.0,0.0,99.17,1.1953,1.8358,1.8358,3738.0713,1769592930.4082375,11.57,116,1003,0.277,16,0,0,8.64,15.0,0,985,1769592923.516,-1.911,meta-llama/Llama-3.2-1B-Instruct,"1769592923.516, 1769592923.597, 1769592923.688, 1769592924.099, 1769592924.384"
1.0,0,1769592926.6434,2.6169,27,32,59,0.0624,0.0716,0.1112,1.0,0.0,99.18,1.1525,1.6793,1.6793,3741.6219,1769592930.4163873,11.54,116,1005,0.277,16,0,0,8.64,15.0,0,985,1769592923.516,-1.911,meta-llama/Llama-3.2-1B-Instruct,"1769592923.516, 1769592923.597, 1769592923.688, 1769592924.099, 1769592924.384"
1.0,0,1769592926.3932,2.7751,27,32,59,0.0963,0.0688,0.1082,1.0,0.0,99.18,1.2442,1.8713,1.8713,3741.6219,1769592930.4165423,11.55,116,1005,0.277,15,1,0,8.64,15.0,0,985,1769592923.516,-1.911,meta-llama/Llama-3.2-1B-Instruct,"1769592923.516, 1769592923.597, 1769592923.688, 1769592924.099, 1769592924.384"
1.0,0,1769592926.69,2.6248,27,32,59,0.0741,0.0646,0.1056,1.0,0.0,99.18,1.1405,1.6989,1.6989,3743.3209,1769592930.4599476,11.53,116,1006,0.277,16,0,0,8.64,15.0,0,985,1769592923.516,-1.911,meta-llama/Llama-3.2-1B-Instruct,"1769592923.516, 1769592923.597, 1769592923.688, 1769592924.099, 1769592924.384"
1.0,0,1769592926.9165,2.4943,27,32,59,0.0738,0.0641,0.1111,1.0,0.0,99.18,1.1201,1.568,1.568,3747.7297,1769592930.5380647,11.52,116,1009,0.278,16,0,0,8.64,15.0,0,1031,1769592928.748,-1.737,meta-llama/Llama-3.2-1B-Instruct,"1769592928.748, 1769592928.815, 1769592928.923, 1769592928.955, 1769592929.084"
1.0,0,1769592927.2619,2.2653,27,32,59,0.0488,0.0492,0.0879,1.0,0.0,99.18,1.0078,1.3141,1.3141,3747.7297,1769592930.5382547,11.51,116,1009,0.278,17,0,0,8.64,15.0,0,1031,1769592928.748,-1.737,meta-llama/Llama-3.2-1B-Instruct,"1769592928.748, 1769592928.815, 1769592928.923, 1769592928.955, 1769592929.084"
1.0,0,1769592927.0489,2.4237,27,32,59,0.103,0.0414,0.0859,1.0,0.0,99.18,1.0653,1.5266,1.5266,3747.7297,1769592930.5394733,11.5,116,1009,0.278,16,0,0,8.64,15.0,0,1031,1769592928.748,-1.737,meta-llama/Llama-3.2-1B-Instruct,"1769592928.748, 1769592928.815, 1769592928.923, 1769592928.955, 1769592929.084"
1.0,0,1769592927.3215,2.247,27,32,59,0.0938,0.0433,0.0454,1.0,0.0,99.18,0.9929,1.3408,1.3408,3749.0704,1769592930.5621555,11.49,116,1010,0.278,18,1,0,8.64,15.0,0,1031,1769592928.748,-1.737,meta-llama/Llama-3.2-1B-Instruct,"1769592928.748, 1769592928.815, 1769592928.923, 1769592928.955, 1769592929.084"
1.0,0,1769592928.2183,2.6601,27,27,54,0.0971,0.0718,0.0762,1.0,0.0,99.18,1.0421,1.7572,1.7572,3750.8276,1769592931.922005,11.47,116,1011,0.279,14,1,0,8.64,15.0,0,1031,1769592928.748,-1.737,meta-llama/Llama-3.2-1B-Instruct,"1769592928.748, 1769592928.815, 1769592928.923, 1769592928.955, 1769592929.084"
1.0,0,1769592927.7478,2.8318,27,32,59,0.1261,0.0857,0.1825,1.0,0.0,99.18,1.368,1.9578,1.9578,3756.8402,1769592931.9487114,11.45,116,1014,0.277,8,0,0,8.64,15.0,0,1031,1769592928.748,-1.737,meta-llama/Llama-3.2-1B-Instruct,"1769592928.748, 1769592928.815, 1769592928.923, 1769592928.955, 1769592929.084"
1.0,0,1769592927.8152,2.8198,27,32,59,0.0676,0.0815,0.1839,1.0,0.0,99.18,1.313,1.8874,1.8874,3756.8402,1769592931.94889,11.44,116,1014,0.277,9,1,0,8.64,15.0,0,1031,1769592928.748,-1.737,meta-llama/Llama-3.2-1B-Instruct,"1769592928.748, 1769592928.815, 1769592928.923, 1769592928.955, 1769592929.084"
1.0,0,1769592927.4833,3.0329,27,32,59,0.1344,0.0789,0.1884,1.0,0.0,99.18,1.4302,2.1673,2.1673,3756.8402,1769592931.9491038,11.46,116,1014,0.278,11,0,0,8.64,15.0,0,1031,1769592928.748,-1.737,meta-llama/Llama-3.2-1B-Instruct,"1769592928.748, 1769592928.815, 1769592928.923, 1769592928.955, 1769592929.084"
1.0,0,1769592928.0845,2.6953,27,32,59,0.1036,0.0749,0.0878,1.0,0.0,99.18,1.2173,1.7989,1.7989,3764.1048,1769592932.0127294,11.43,116,1018,0.278,11,0,0,8.64,15.0,0,1031,1769592928.748,-1.737,meta-llama/Llama-3.2-1B-Instruct,"1769592928.748, 1769592928.815, 1769592928.923, 1769592928.955, 1769592929.084"
1.0,0,1769592928.1877,2.642,27,32,59,0.0546,0.0777,0.0847,1.0,0.0,99.19,1.1782,1.6966,1.6966,3767.2453,1769592932.0168672,11.42,116,1020,0.278,13,1,0,8.64,15.0,0,1031,1769592928.748,-1.737,meta-llama/Llama-3.2-1B-Instruct,"1769592928.748, 1769592928.815, 1769592928.923, 1769592928.955, 1769592929.084"
1.0,0,1769592927.9548,2.7788,27,32,59,0.1111,0.0847,0.116,1.0,0.0,99.19,1.2752,1.8899,1.8899,3767.2453,1769592932.0170593,11.41,116,1020,0.278,11,0,0,8.64,15.0,0,1031,1769592928.748,-1.737,meta-llama/Llama-3.2-1B-Instruct,"1769592928.748, 1769592928.815, 1769592928.923, 1769592928.955, 1769592929.084"
1.0,0,1769592927.9228,2.7663,27,32,59,0.113,0.0855,0.1536,1.0,0.0,99.19,1.3235,1.8793,1.8793,3767.2453,1769592932.0177515,11.39,116,1020,0.277,10,1,0,8.64,15.0,0,1031,1769592928.748,-1.737,meta-llama/Llama-3.2-1B-Instruct,"1769592928.748, 1769592928.815, 1769592928.923, 1769592928.955, 1769592929.084"
1.0,0,1769592928.4091,2.5023,27,32,59,0.1007,0.0439,0.0745,1.0,0.0,99.19,1.1023,1.603,1.603,3767.2453,1769592932.0196996,11.38,116,1020,0.279,15,0,0,8.64,15.0,0,1031,1769592928.748,-1.737,meta-llama/Llama-3.2-1B-Instruct,"1769592928.748, 1769592928.815, 1769592928.923, 1769592928.955, 1769592929.084"
1.0,0,1769592928.5668,2.5369,27,31,58,0.117,0.0506,0.0566,1.0,0.0,99.19,1.0382,1.6539,1.6539,3770.5862,1769592932.1469557,11.36,116,1022,0.281,18,0,0,8.64,15.0,0,1031,1769592928.748,-1.737,meta-llama/Llama-3.2-1B-Instruct,"1769592928.748, 1769592928.815, 1769592928.923, 1769592928.955, 1769592929.084"
1.0,0,1769592928.5279,2.5786,27,32,59,0.1084,0.0377,0.0593,1.0,0.0,99.19,1.0389,1.687,1.687,3770.5862,1769592932.1473367,11.35,116,1022,0.28,18,0,0,8.64,15.0,0,1031,1769592928.748,-1.737,meta-llama/Llama-3.2-1B-Instruct,"1769592928.748, 1769592928.815, 1769592928.923, 1769592928.955, 1769592929.084"
1.0,0,1769592928.7601,3.309,27,32,59,0.0692,0.117,0.1287,1.0,0.0,99.19,1.2989,2.3782,2.3782,3772.9644,1769592933.3748271,11.34,116,1023,0.281,10,0,0,8.64,15.0,0,1031,1769592928.748,-1.737,meta-llama/Llama-3.2-1B-Instruct,"1769592928.748, 1769592928.815, 1769592928.923, 1769592928.955, 1769592929.084"
1.0,0,1769592928.8782,3.2485,27,32,59,0.0965,0.1186,0.1259,1.0,0.0,99.19,1.281,2.345,2.345,3777.6117,1769592933.411094,11.33,116,1025,0.281,10,0,0,8.64,15.0,0,1031,1769592928.748,-1.737,meta-llama/Llama-3.2-1B-Instruct,"1769592928.748, 1769592928.815, 1769592928.923, 1769592928.955, 1769592929.084"
1.0,0,1769592928.9215,3.24,27,32,59,0.0623,0.1101,0.1298,1.0,0.0,99.19,1.2467,2.3023,2.3023,3777.6117,1769592933.411275,11.32,116,1025,0.28,9,0,0,8.64,15.0,0,1031,1769592928.748,-1.737,meta-llama/Llama-3.2-1B-Instruct,"1769592928.748, 1769592928.815, 1769592928.923, 1769592928.955, 1769592929.084"
1.0,0,1769592929.0315,3.295,27,32,59,0.1156,0.1081,0.1105,1.0,0.0,99.19,1.4349,2.4106,2.4106,3787.2376,1769592933.767109,11.3,116,1029,0.281,11,0,0,8.64,15.0,0,1031,1769592928.748,-1.737,meta-llama/Llama-3.2-1B-Instruct,"1769592928.748, 1769592928.815, 1769592928.923, 1769592928.955, 1769592929.084"
1.0,0,1769592928.9912,3.34,27,32,59,0.1113,0.1017,0.1077,1.0,0.0,99.19,1.4292,2.4513,2.4513,3787.2376,1769592933.7673352,11.31,116,1029,0.28,10,1,0,8.64,15.0,0,1031,1769592928.748,-1.737,meta-llama/Llama-3.2-1B-Instruct,"1769592928.748, 1769592928.815, 1769592928.923, 1769592928.955, 1769592929.084"
1.0,0,1769592929.1175,3.3099,27,32,59,0.0556,0.0977,0.1048,1.0,0.0,99.2,1.3372,2.3655,2.3655,3787.2376,1769592933.7675333,11.28,116,1029,0.282,13,1,0,8.64,15.0,0,1031,1769592928.748,-1.737,meta-llama/Llama-3.2-1B-Instruct,"1769592928.748, 1769592928.815, 1769592928.923, 1769592928.955, 1769592929.084"
1.0,0,1769592929.0825,3.2704,27,32,59,0.1282,0.105,0.1157,1.0,0.0,99.2,1.4136,2.3986,2.3986,3787.2376,1769592933.7681704,11.27,116,1029,0.282,11,0,0,8.64,15.0,0,1031,1769592928.748,-1.737,meta-llama/Llama-3.2-1B-Instruct,"1769592928.748, 1769592928.815, 1769592928.923, 1769592928.955, 1769592929.084"
1.0,0,1769592929.2341,3.2431,27,32,59,0.0975,0.0697,0.1082,1.0,0.0,99.2,1.3193,2.3406,2.3406,3791.806,1769592933.8051882,11.26,116,1031,0.283,14,1,0,8.64,15.0,0,1031,1769592928.748,-1.737,meta-llama/Llama-3.2-1B-Instruct,"1769592928.748, 1769592928.815, 1769592928.923, 1769592928.955, 1769592929.084"
1.0,0,1769592929.3653,3.1599,27,32,59,0.068,0.067,0.1003,1.0,0.0,99.2,1.2722,2.2278,2.2278,3796.1407,1769592933.8107898,11.25,116,1033,0.283,15,0,0,8.64,15.0,0,1031,1769592928.748,-1.737,meta-llama/Llama-3.2-1B-Instruct,"1769592928.748, 1769592928.815, 1769592928.923, 1769592928.955, 1769592929.084"
1.0,0,1769592929.5322,3.0979,27,32,59,0.0533,0.0664,0.0716,1.0,0.0,99.2,1.1784,2.1512,2.1512,3796.1407,1769592933.8117204,11.24,116,1033,0.284,17,0,0,8.64,15.0,0,1031,1769592928.748,-1.737,meta-llama/Llama-3.2-1B-Instruct,"1769592928.748, 1769592928.815, 1769592928.923, 1769592928.955, 1769592929.084"
1.0,0,1769592929.5016,3.0849,27,32,59,0.0985,0.0763,0.0778,1.0,0.0,99.2,1.224,2.1834,2.1834,3796.1407,1769592933.8120322,11.23,116,1033,0.284,17,0,0,8.64,15.0,0,1031,1769592928.748,-1.737,meta-llama/Llama-3.2-1B-Instruct,"1769592928.748, 1769592928.815, 1769592928.923, 1769592928.955, 1769592929.084"
1.0,0,1769592929.5774,3.1001,27,32,59,0.0831,0.0631,0.0723,1.0,0.0,99.2,1.1539,2.1832,2.1832,3798.3238,1769592933.83226,11.22,116,1034,0.284,18,1,0,8.64,15.0,0,1031,1769592928.748,-1.737,meta-llama/Llama-3.2-1B-Instruct,"1769592928.748, 1769592928.815, 1769592928.923, 1769592928.955, 1769592929.084"
1.0,0,1769592929.6475,3.9041,27,32,59,0.0751,0.0728,0.113,1.0,0.0,99.2,1.277,2.9792,2.9792,3801.303,1769592934.8324218,11.21,116,1035,0.288,17,0,0,8.64,15.0,0,1031,1769592928.748,-1.737,meta-llama/Llama-3.2-1B-Instruct,"1769592928.748, 1769592928.815, 1769592928.923, 1769592928.955, 1769592929.084"
1.0,0,1769592929.834,3.771,27,32,59,0.1072,0.0756,0.1198,1.0,0.0,99.2,1.2581,2.8782,2.8782,3807.0251,1769592934.8656907,11.2,116,1037,0.288,17,0,0,8.64,15.0,0,1031,1769592928.748,-1.737,meta-llama/Llama-3.2-1B-Instruct,"1769592928.748, 1769592928.815, 1769592928.923, 1769592928.955, 1769592929.084"
1.0,0,1769592929.872,3.7803,27,32,59,0.0636,0.0757,0.1162,1.0,0.0,99.2,1.2113,2.8439,2.8439,3807.0251,1769592934.8659103,11.19,116,1037,0.288,18,0,0,8.64,15.0,0,1031,1769592928.748,-1.737,meta-llama/Llama-3.2-1B-Instruct,"1769592928.748, 1769592928.815, 1769592928.923, 1769592928.955, 1769592929.084"
1.0,0,1769592930.0005,3.9464,27,32,59,0.066,0.0779,0.1077,1.0,0.0,99.2,1.4068,3.0124,3.0124,3810.0375,1769592935.354721,11.18,116,1038,0.285,11,0,0,8.64,15.0,0,1031,1769592928.748,-1.737,meta-llama/Llama-3.2-1B-Instruct,"1769592928.748, 1769592928.815, 1769592928.923, 1769592928.955, 1769592929.084"
1.0,0,1769592930.6602,3.382,27,32,59,0.065,0.0744,0.1162,1.0,0.0,99.2,1.3419,2.447,2.447,3815.3998,1769592935.3909738,11.16,116,1040,0.285,12,0,0,8.64,15.0,0,1031,1769592928.748,-1.737,meta-llama/Llama-3.2-1B-Instruct,"1769592928.748, 1769592928.815, 1769592928.923, 1769592928.955, 1769592929.084"
1.0,0,1769592930.1945,3.8083,27,32,59,0.1071,0.0771,0.1103,1.0,0.0,99.2,1.3844,2.9154,2.9154,3815.3998,1769592935.3919759,11.15,116,1040,0.285,11,0,0,8.64,15.0,0,1031,1769592928.748,-1.737,meta-llama/Llama-3.2-1B-Instruct,"1769592928.748, 1769592928.815, 1769592928.923, 1769592928.955, 1769592929.084"
1.0,0,1769592930.7063,3.3948,27,32,59,0.0734,0.0809,0.1212,1.0,0.0,99.21,1.3438,2.4682,2.4682,3817.8681,1769592935.447401,11.14,116,1041,0.286,14,0,0,8.64,15.0,0,1031,1769592928.748,-1.737,meta-llama/Llama-3.2-1B-Instruct,"1769592928.748, 1769592928.815, 1769592928.923, 1769592928.955, 1769592929.084"
1.0,0,1769592930.8856,3.3158,27,31,58,0.0697,0.0784,0.0791,1.0,0.0,99.21,1.2739,2.3855,2.3855,3822.6703,1769592935.4853024,11.13,116,1043,0.286,15,1,0,8.64,15.0,0,1031,1769592928.748,-1.737,meta-llama/Llama-3.2-1B-Instruct,"1769592928.748, 1769592928.815, 1769592928.923, 1769592928.955, 1769592929.084"
1.0,0,1769592930.8537,3.3019,27,32,59,0.1148,0.0732,0.0807,1.0,0.0,99.21,1.3227,2.4167,2.4167,3825.0901,1769592935.4969895,11.12,116,1044,0.286,14,1,0,8.64,15.0,0,1031,1769592928.748,-1.737,meta-llama/Llama-3.2-1B-Instruct,"1769592928.748, 1769592928.815, 1769592928.923, 1769592928.955, 1769592929.084"
1.0,0,1769592930.9182,3.3482,27,32,59,0.0716,0.0725,0.076,1.0,0.0,99.21,1.2237,2.4198,2.4198,3825.0901,1769592935.4973075,11.11,116,1044,0.287,17,0,0,8.64,15.0,0,1031,1769592928.748,-1.737,meta-llama/Llama-3.2-1B-Instruct,"1769592928.748, 1769592928.815, 1769592928.923, 1769592928.955, 1769592929.084"
1.0,0,1769592931.0948,3.279,27,32,59,0.0546,0.0578,0.076,1.0,0.0,99.21,1.1682,2.3336,2.3336,3829.8101,1769592935.5502763,11.1,116,1046,0.288,18,0,0,8.64,15.0,0,1075,1769592932.904,-2.605,meta-llama/Llama-3.2-1B-Instruct,"1769592932.904, 1769592933.040, 1769592933.102, 1769592933.131, 1769592933.175"
1.0,0,1769592931.0329,3.2871,27,32,59,0.0993,0.0594,0.067,1.0,0.0,99.21,1.23,2.3864,2.3864,3829.8101,1769592935.5513499,11.09,116,1046,0.287,17,0,0,8.64,15.0,0,1075,1769592932.904,-2.605,meta-llama/Llama-3.2-1B-Instruct,"1769592932.904, 1769592933.040, 1769592933.102, 1769592933.131, 1769592933.175"
200.0,1,1769592815.464,78.9153,2808,1025,3833,0.7903,0.0752,0.1262,200.0,0.0,99.21,41.3653,-79.7194,0.0,3829.8101,1769592935.7630382,11.17,117,1047,0.271,16,1,0,8.64,15.0,0,1075,1769592932.904,-2.605,meta-llama/Llama-3.2-1B-Instruct,"1769592932.904, 1769592933.040, 1769592933.102, 1769592933.131, 1769592933.175"
1.0,0,1769592931.2588,3.6799,27,32,59,0.0901,0.0636,0.1135,1.0,0.0,99.21,1.2596,2.77,2.77,3832.5801,1769592936.201399,11.16,117,1048,0.29,17,0,0,8.64,15.0,0,1075,1769592932.904,-2.605,meta-llama/Llama-3.2-1B-Instruct,"1769592932.904, 1769592933.040, 1769592933.102, 1769592933.131, 1769592933.175"
1.0,0,1769592931.6725,3.3392,27,32,59,0.0645,0.0682,0.1107,1.0,0.0,99.21,1.2187,2.4037,2.4037,3834.9839,1769592936.231306,11.15,117,1049,0.29,18,0,0,8.64,15.0,0,1075,1769592932.904,-2.605,meta-llama/Llama-3.2-1B-Instruct,"1769592932.904, 1769592933.040, 1769592933.102, 1769592933.131, 1769592933.175"
1.0,0,1769592931.7249,3.345,27,32,59,0.0799,0.061,0.1139,1.0,0.0,99.21,1.1938,2.425,2.425,3837.4088,1769592936.267657,11.14,117,1050,0.29,18,0,0,8.64,15.0,0,1075,1769592932.904,-2.605,meta-llama/Llama-3.2-1B-Instruct,"1769592932.904, 1769592933.040, 1769592933.102, 1769592933.131, 1769592933.175"
1.0,0,1769592931.85,3.6155,27,32,59,0.0823,0.112,0.2237,1.0,0.0,99.21,1.1831,2.6978,2.6978,3840.1066,1769592936.6578913,11.13,117,1051,0.291,16,0,0,8.64,15.0,0,1075,1769592932.904,-2.605,meta-llama/Llama-3.2-1B-Instruct,"1769592932.904, 1769592933.040, 1769592933.102, 1769592933.131, 1769592933.175"
1.0,0,1769592933.8487,2.917,27,0,27,,,,1.0,,,0.0838,2.0008,2.0008,3842.1074,1769592936.8568616,11.12,117,1052,0.258,18,1,0,8.64,15.0,0,1075,1769592932.904,-2.605,meta-llama/Llama-3.2-1B-Instruct,"1769592932.904, 1769592933.040, 1769592933.102, 1769592933.131, 1769592933.175"
1.0,0,1769592932.04,3.5772,27,32,59,0.0501,0.1124,0.2087,1.0,0.0,99.21,1.2401,2.6274,2.6274,3847.4931,1769592936.858646,11.11,117,1054,0.288,12,1,0,8.64,15.0,0,1075,1769592932.904,-2.605,meta-llama/Llama-3.2-1B-Instruct,"1769592932.904, 1769592933.040, 1769592933.102, 1769592933.131, 1769592933.175"
1.0,0,1769592931.9037,3.6584,27,32,59,0.0998,0.1052,0.2359,1.0,0.0,99.21,1.2955,2.7582,2.7582,3847.4931,1769592936.858832,11.1,117,1054,0.288,12,0,0,8.64,15.0,0,1075,1769592932.904,-2.605,meta-llama/Llama-3.2-1B-Instruct,"1769592932.904, 1769592933.040, 1769592933.102, 1769592933.131, 1769592933.175"
1.0,0,1769592932.1016,3.5772,27,32,59,0.0663,0.1165,0.224,1.0,0.0,99.22,1.2369,2.6435,2.6435,3850.1365,1769592936.9167175,11.09,117,1055,0.289,14,0,0,8.64,15.0,0,1075,1769592932.904,-2.605,meta-llama/Llama-3.2-1B-Instruct,"1769592932.904, 1769592933.040, 1769592933.102, 1769592933.131, 1769592933.175"
1.0,0,1769592932.1315,3.6375,27,32,59,0.0716,0.1068,0.2333,1.0,0.0,99.22,1.2078,2.709,2.709,3852.8456,1769592936.9840243,11.08,117,1056,0.253,14,0,0,8.64,15.0,0,1075,1769592932.904,-2.605,meta-llama/Llama-3.2-1B-Instruct,"1769592932.904, 1769592933.040, 1769592933.102, 1769592933.131, 1769592933.175"
1.0,0,1769592932.603,3.3567,27,32,59,0.0716,0.0964,0.2562,1.0,0.0,99.22,1.1796,2.4283,2.4283,3857.745,1769592937.1509697,11.07,117,1058,0.255,15,0,0,8.64,15.0,0,1075,1769592932.904,-2.605,meta-llama/Llama-3.2-1B-Instruct,"1769592932.904, 1769592933.040, 1769592933.102, 1769592933.131, 1769592933.175"
1.0,0,1769592932.5621,3.3811,27,32,59,0.09,0.105,0.247,1.0,0.0,99.22,1.1974,2.4711,2.4711,3862.9577,1769592937.1522944,11.06,117,1060,0.255,15,0,0,8.64,15.0,0,1075,1769592932.904,-2.605,meta-llama/Llama-3.2-1B-Instruct,"1769592932.904, 1769592933.040, 1769592933.102, 1769592933.131, 1769592933.175"
1.0,0,1769592932.1752,3.7573,27,32,59,0.0979,0.0944,0.2221,1.0,0.0,99.22,1.2189,2.8553,2.8553,3862.9577,1769592937.1581972,11.05,117,1060,0.254,14,1,0,8.64,15.0,0,1075,1769592932.904,-2.605,meta-llama/Llama-3.2-1B-Instruct,"1769592932.904, 1769592933.040, 1769592933.102, 1769592933.131, 1769592933.175"
1.0,0,1769592932.7429,3.2805,27,32,59,0.0769,0.1008,0.2124,1.0,0.0,99.22,1.1285,2.3575,2.3575,3862.9577,1769592937.158711,11.04,117,1060,0.256,18,0,0,8.64,15.0,0,1075,1769592932.904,-2.605,meta-llama/Llama-3.2-1B-Instruct,"1769592932.904, 1769592933.040, 1769592933.102, 1769592933.131, 1769592933.175"
1.0,0,1769592932.7963,3.2748,27,32,59,0.0909,0.1094,0.2503,1.0,0.0,99.22,1.1148,2.3657,2.3657,3865.3235,1769592937.195839,11.03,117,1061,0.256,18,0,0,8.64,15.0,0,1075,1769592932.904,-2.605,meta-llama/Llama-3.2-1B-Instruct,"1769592932.904, 1769592933.040, 1769592933.102, 1769592933.131, 1769592933.175"
1.0,0,1769592932.9763,3.3657,27,32,59,0.2686,0.0933,0.1083,1.0,0.0,99.22,1.1393,2.6343,2.6343,3867.9578,1769592937.4854276,11.02,117,1062,0.256,17,0,0,8.64,15.0,0,1075,1769592932.904,-2.605,meta-llama/Llama-3.2-1B-Instruct,"1769592932.904, 1769592933.040, 1769592933.102, 1769592933.131, 1769592933.175"
1.0,0,1769592934.1293,3.1071,27,10,37,0.0682,0.1137,0.1137,1.0,0.0,99.22,0.5388,2.1754,2.1754,3870.1331,1769592937.7816167,11.01,117,1063,0.255,11,0,0,8.64,15.0,0,1075,1769592932.904,-2.605,meta-llama/Llama-3.2-1B-Instruct,"1769592932.904, 1769592933.040, 1769592933.102, 1769592933.131, 1769592933.175"
1.0,0,1769592933.2556,3.4595,27,32,59,0.0568,0.0953,0.1089,1.0,0.0,99.22,1.2181,2.5163,2.5163,3875.3711,1769592937.9397752,11.0,117,1065,0.257,17,0,0,8.64,15.0,0,1075,1769592932.904,-2.605,meta-llama/Llama-3.2-1B-Instruct,"1769592932.904, 1769592933.040, 1769592933.102, 1769592933.131, 1769592933.175"
1.0,0,1769592933.0521,3.6123,27,32,59,0.1093,0.0912,0.114,1.0,0.0,99.22,1.2751,2.7216,2.7216,3875.3711,1769592937.940545,10.99,117,1065,0.257,17,0,0,8.64,15.0,0,1075,1769592932.904,-2.605,meta-llama/Llama-3.2-1B-Instruct,"1769592932.904, 1769592933.040, 1769592933.102, 1769592933.131, 1769592933.175"
1.0,0,1769592933.9167,3.084,27,32,59,0.0618,0.0937,0.1126,1.0,0.0,99.22,1.3101,2.1458,2.1458,3877.5168,1769592938.313116,10.98,117,1066,0.257,15,0,0,8.64,15.0,0,1075,1769592932.904,-2.605,meta-llama/Llama-3.2-1B-Instruct,"1769592932.904, 1769592933.040, 1769592933.102, 1769592933.131, 1769592933.175"
1.0,0,1769592934.0733,3.0978,27,32,59,0.1455,0.0663,0.1051,1.0,0.0,99.22,1.3838,2.2432,2.2432,3882.0376,1769592938.559353,10.97,117,1068,0.255,11,0,0,8.64,15.0,0,1075,1769592932.904,-2.605,meta-llama/Llama-3.2-1B-Instruct,"1769592932.904, 1769592933.040, 1769592933.102, 1769592933.131, 1769592933.175"
1.0,0,1769592933.9803,3.1721,27,32,59,0.1054,0.0756,0.1086,1.0,0.0,99.23,1.4066,2.2775,2.2775,3882.0376,1769592938.559999,10.96,117,1068,0.258,16,0,0,8.64,15.0,0,1075,1769592932.904,-2.605,meta-llama/Llama-3.2-1B-Instruct,"1769592932.904, 1769592933.040, 1769592933.102, 1769592933.131, 1769592933.175"
1.0,0,1769592934.1772,3.1216,27,32,59,0.0814,0.0655,0.1055,1.0,0.0,99.23,1.3167,2.203,2.203,3884.2406,1769592938.6198707,10.94,117,1069,0.256,13,1,0,8.64,15.0,0,1075,1769592932.904,-2.605,meta-llama/Llama-3.2-1B-Instruct,"1769592932.904, 1769592933.040, 1769592933.102, 1769592933.131, 1769592933.175"
1.0,0,1769592934.2946,3.0865,27,32,59,0.0829,0.0674,0.1017,1.0,0.0,99.23,1.291,2.1694,2.1694,3886.41,1769592938.6807303,10.93,117,1070,0.256,15,0,0,8.64,15.0,0,1075,1769592932.904,-2.605,meta-llama/Llama-3.2-1B-Instruct,"1769592932.904, 1769592933.040, 1769592933.102, 1769592933.131, 1769592933.175"
1.0,0,1769592934.3257,3.1235,27,32,59,0.0706,0.0977,0.0993,1.0,0.0,99.23,1.3935,2.1941,2.1941,3888.6041,1769592938.8497472,10.92,117,1071,0.258,16,0,0,8.64,15.0,0,1075,1769592932.904,-2.605,meta-llama/Llama-3.2-1B-Instruct,"1769592932.904, 1769592933.040, 1769592933.102, 1769592933.131, 1769592933.175"
1.0,0,1769592934.3907,3.1148,27,32,59,0.1068,0.0618,0.0961,1.0,0.0,99.23,1.3912,2.2216,2.2216,3892.9454,1769592938.90374,10.91,117,1073,0.257,15,0,0,8.64,15.0,0,1075,1769592932.904,-2.605,meta-llama/Llama-3.2-1B-Instruct,"1769592932.904, 1769592933.040, 1769592933.102, 1769592933.131, 1769592933.175"
1.0,0,1769592934.4943,3.0608,27,32,59,0.0589,0.0682,0.107,1.0,0.0,99.23,1.3458,2.1197,2.1197,3892.9454,1769592938.9059632,10.9,117,1073,0.258,16,1,0,8.64,15.0,0,1075,1769592932.904,-2.605,meta-llama/Llama-3.2-1B-Instruct,"1769592932.904, 1769592933.040, 1769592933.102, 1769592933.131, 1769592933.175"
1.0,0,1769592934.5567,3.0488,27,32,59,0.0754,0.0718,0.1058,1.0,0.0,99.23,1.3334,2.1242,2.1242,3895.0696,1769592938.941037,10.89,117,1074,0.258,17,1,0,8.64,15.0,0,1075,1769592932.904,-2.605,meta-llama/Llama-3.2-1B-Instruct,"1769592932.904, 1769592933.040, 1769592933.102, 1769592933.131, 1769592933.175"
1.0,0,1769592934.6169,3.0476,27,32,59,0.072,0.0649,0.1058,1.0,0.0,99.23,1.3072,2.1195,2.1195,3897.1891,1769592938.9744222,10.88,117,1075,0.259,18,0,0,8.64,15.0,0,1075,1769592932.904,-2.605,meta-llama/Llama-3.2-1B-Instruct,"1769592932.904, 1769592933.040, 1769592933.102, 1769592933.131, 1769592933.175"
1.0,0,1769592934.67,3.2868,27,30,57,0.0594,0.0784,0.1058,1.0,0.0,99.23,1.3643,2.3462,2.3462,3899.5353,1769592939.326282,10.87,117,1076,0.259,17,0,0,8.64,15.0,0,1075,1769592932.904,-2.605,meta-llama/Llama-3.2-1B-Instruct,"1769592932.904, 1769592933.040, 1769592933.102, 1769592933.131, 1769592933.175"
1.0,0,1769592934.8038,3.2424,27,32,59,0.0828,0.0753,0.1009,1.0,0.0,99.23,1.3699,2.3252,2.3252,3901.8605,1769592939.4169629,10.86,117,1077,0.259,18,0,0,8.64,15.0,0,1075,1769592932.904,-2.605,meta-llama/Llama-3.2-1B-Instruct,"1769592932.904, 1769592933.040, 1769592933.102, 1769592933.131, 1769592933.175"
1.0,0,1769592934.8591,3.2736,27,32,59,0.0723,0.0838,0.0995,1.0,0.0,99.23,1.3389,2.346,2.346,3904.2065,1769592939.4749575,10.85,117,1078,0.26,19,0,0,8.64,15.0,0,1075,1769592932.904,-2.605,meta-llama/Llama-3.2-1B-Instruct,"1769592932.904, 1769592933.040, 1769592933.102, 1769592933.131, 1769592933.175"
1.0,0,1769592935.2096,3.5084,27,21,48,0.0486,0.0715,0.0755,1.0,0.0,99.23,1.0029,2.557,2.557,3906.7635,1769592939.7327104,10.84,117,1079,0.26,16,0,0,8.64,15.0,0,1075,1769592932.904,-2.605,meta-llama/Llama-3.2-1B-Instruct,"1769592932.904, 1769592933.040, 1769592933.102, 1769592933.131, 1769592933.175"
1.0,0,1769592934.9834,3.4735,27,32,59,0.0974,0.098,0.1055,1.0,0.0,99.23,1.4231,2.5709,2.5709,3909.3344,1769592939.8851635,10.83,117,1080,0.262,19,0,0,8.64,15.0,0,1075,1769592932.904,-2.605,meta-llama/Llama-3.2-1B-Instruct,"1769592932.904, 1769592933.040, 1769592933.102, 1769592933.131, 1769592933.175"
1.0,0,1769592935.1679,3.4913,27,32,59,0.1067,0.0763,0.1007,1.0,0.0,99.24,1.4408,2.598,2.598,3911.9325,1769592940.103966,10.82,117,1081,0.261,17,0,0,8.64,15.0,0,1075,1769592932.904,-2.605,meta-llama/Llama-3.2-1B-Instruct,"1769592932.904, 1769592933.040, 1769592933.102, 1769592933.131, 1769592933.175"
1.0,0,1769592935.2573,3.5196,27,32,59,0.0713,0.0759,0.1015,1.0,0.0,99.24,1.3581,2.5909,2.5909,3914.5234,1769592940.1394038,10.81,117,1082,0.261,18,0,0,8.64,15.0,0,1075,1769592932.904,-2.605,meta-llama/Llama-3.2-1B-Instruct,"1769592932.904, 1769592933.040, 1769592933.102, 1769592933.131, 1769592933.175"
1.0,0,1769592935.3608,3.4637,27,31,58,0.0729,0.0823,0.0894,1.0,0.0,99.24,1.3455,2.5366,2.5366,3917.06,1769592940.1709301,10.8,117,1083,0.261,18,0,0,8.64,15.0,0,1075,1769592932.904,-2.605,meta-llama/Llama-3.2-1B-Instruct,"1769592932.904, 1769592933.040, 1769592933.102, 1769592933.131, 1769592933.175"
1.0,0,1769592935.4289,3.5255,27,32,59,0.0784,0.0752,0.1101,1.0,0.0,99.24,1.4039,2.6039,2.6039,3919.6639,1769592940.3676364,10.79,117,1084,0.26,16,0,0,8.64,15.0,0,1075,1769592932.904,-2.605,meta-llama/Llama-3.2-1B-Instruct,"1769592932.904, 1769592933.040, 1769592933.102, 1769592933.131, 1769592933.175"
1.0,0,1769592935.5061,3.5119,27,32,59,0.0873,0.075,0.0974,1.0,0.0,99.24,1.3695,2.5992,2.5992,3922.2631,1769592940.390335,10.78,117,1085,0.26,15,1,0,8.64,15.0,0,1075,1769592932.904,-2.605,meta-llama/Llama-3.2-1B-Instruct,"1769592932.904, 1769592933.040, 1769592933.102, 1769592933.131, 1769592933.175"
1.0,0,1769592935.5355,3.5599,27,32,59,0.0849,0.0717,0.0968,1.0,0.0,99.24,1.3925,2.6448,2.6448,3924.9079,1769592940.49099,10.77,117,1086,0.261,17,0,0,8.64,15.0,0,1075,1769592932.904,-2.605,meta-llama/Llama-3.2-1B-Instruct,"1769592932.904, 1769592933.040, 1769592933.102, 1769592933.131, 1769592933.175"
1.0,0,1769592935.7273,3.4313,27,32,59,0.1096,0.0757,0.092,1.0,0.0,99.24,1.3519,2.5409,2.5409,3927.4488,1769592940.519612,10.76,117,1087,0.261,17,0,0,8.64,15.0,0,1075,1769592932.904,-2.605,meta-llama/Llama-3.2-1B-Instruct,"1769592932.904, 1769592933.040, 1769592933.102, 1769592933.131, 1769592933.175"
1.0,0,1769592935.8347,3.3895,27,32,59,0.0493,0.0697,0.0961,1.0,0.0,99.24,1.296,2.4388,2.4388,3929.8876,1769592940.5218613,10.75,117,1088,0.261,18,1,0,8.64,15.0,0,1075,1769592932.904,-2.605,meta-llama/Llama-3.2-1B-Instruct,"1769592932.904, 1769592933.040, 1769592933.102, 1769592933.131, 1769592933.175"
1.0,0,1769592936.3052,3.2654,27,32,59,0.0802,0.0796,0.0987,1.0,0.0,99.24,1.4286,2.3456,2.3456,3934.8865,1769592941.0027032,10.74,117,1090,0.262,17,0,0,8.64,15.0,0,1107,1769592938.92,-1.637,meta-llama/Llama-3.2-1B-Instruct,"1769592938.920, 1769592938.984, 1769592939.088, 1769592939.138, 1769592939.249"
1.0,0,1769592935.9968,3.5657,27,32,59,0.0876,0.0681,0.1048,1.0,0.0,99.24,1.4395,2.6533,2.6533,3934.8865,1769592941.0029016,10.73,117,1090,0.262,17,0,0,8.64,15.0,0,1107,1769592938.92,-1.637,meta-llama/Llama-3.2-1B-Instruct,"1769592938.920, 1769592938.984, 1769592939.088, 1769592939.138, 1769592939.249"
1.0,0,1769592936.6903,2.9548,27,32,59,0.0744,0.0801,0.0982,1.0,0.0,99.24,1.3826,2.0292,2.0292,3936.9158,1769592941.028945,10.72,117,1091,0.262,18,1,0,8.64,15.0,0,1107,1769592938.92,-1.637,meta-llama/Llama-3.2-1B-Instruct,"1769592938.920, 1769592938.984, 1769592939.088, 1769592939.138, 1769592939.249"
1.0,0,1769592937.4194,2.8591,27,23,50,0.0889,0.0679,0.0997,1.0,0.0,99.24,1.0863,1.948,1.948,3938.8638,1769592941.3738132,10.71,117,1092,0.263,17,0,0,8.64,15.0,0,1107,1769592938.92,-1.637,meta-llama/Llama-3.2-1B-Instruct,"1769592938.920, 1769592938.984, 1769592939.088, 1769592939.138, 1769592939.249"
1.0,0,1769592936.7329,3.1752,27,32,59,0.0975,0.1009,0.1047,1.0,0.0,99.24,1.4661,2.2727,2.2727,3941.1365,1769592941.3758402,10.7,117,1093,0.263,18,0,0,8.64,15.0,0,1107,1769592938.92,-1.637,meta-llama/Llama-3.2-1B-Instruct,"1769592938.920, 1769592938.984, 1769592939.088, 1769592939.138, 1769592939.249"
1.0,0,1769592936.7839,3.2386,27,32,59,0.0801,0.1062,0.11,1.0,0.0,99.24,1.4039,2.3187,2.3187,3943.4551,1769592941.4338655,10.69,117,1094,0.264,19,0,0,8.64,15.0,0,1107,1769592938.92,-1.637,meta-llama/Llama-3.2-1B-Instruct,"1769592938.920, 1769592938.984, 1769592939.088, 1769592939.138, 1769592939.249"
1.0,0,1769592937.1253,3.0845,27,32,59,0.0778,0.0959,0.105,1.0,0.0,99.25,1.4015,2.1623,2.1623,3945.6174,1769592941.6159112,10.68,117,1095,0.263,17,0,0,8.64,15.0,0,1107,1769592938.92,-1.637,meta-llama/Llama-3.2-1B-Instruct,"1769592938.920, 1769592938.984, 1769592939.088, 1769592939.138, 1769592939.249"
1.0,0,1769592937.533,2.8129,27,32,59,0.098,0.1064,0.1178,1.0,0.0,99.25,1.4652,1.9108,1.9108,3947.5283,1769592941.8126109,10.68,117,1096,0.263,18,0,0,8.64,15.0,0,1107,1769592938.92,-1.637,meta-llama/Llama-3.2-1B-Instruct,"1769592938.920, 1769592938.984, 1769592939.088, 1769592939.138, 1769592939.249"
1.0,0,1769592937.6868,2.8542,27,32,59,0.0552,0.108,0.108,1.0,0.0,99.25,1.3561,1.9094,1.9094,3951.4015,1769592941.9012973,10.67,117,1098,0.262,15,0,0,8.64,15.0,0,1107,1769592938.92,-1.637,meta-llama/Llama-3.2-1B-Instruct,"1769592938.920, 1769592938.984, 1769592939.088, 1769592939.138, 1769592939.249"
1.0,0,1769592937.6333,2.8607,27,32,59,0.1031,0.1111,0.1153,1.0,0.0,99.25,1.407,1.9638,1.9638,3951.4015,1769592941.90437,10.66,117,1098,0.263,17,0,0,8.64,15.0,0,1107,1769592938.92,-1.637,meta-llama/Llama-3.2-1B-Instruct,"1769592938.920, 1769592938.984, 1769592939.088, 1769592939.138, 1769592939.249"
1.0,0,1769592937.9199,2.7277,27,32,59,0.0498,0.1073,0.1112,1.0,0.0,99.25,1.2857,1.7775,1.7775,3955.1546,1769592941.935338,10.65,117,1100,0.263,17,0,0,8.64,15.0,0,1107,1769592938.92,-1.637,meta-llama/Llama-3.2-1B-Instruct,"1769592938.920, 1769592938.984, 1769592939.088, 1769592939.138, 1769592939.249"
1.0,0,1769592937.7207,2.8692,27,32,59,0.1064,0.1013,0.1037,1.0,0.0,99.25,1.3439,1.9756,1.9756,3955.1546,1769592941.9358504,10.64,117,1100,0.263,16,1,0,8.64,15.0,0,1107,1769592938.92,-1.637,meta-llama/Llama-3.2-1B-Instruct,"1769592938.920, 1769592938.984, 1769592939.088, 1769592939.138, 1769592939.249"
1.0,0,1769592937.9844,2.8012,27,31,58,0.0731,0.1004,0.1167,1.0,0.0,99.25,1.2673,1.8742,1.8742,3957.0288,1769592942.0553598,10.63,117,1101,0.264,19,0,0,8.64,15.0,0,1107,1769592938.92,-1.637,meta-llama/Llama-3.2-1B-Instruct,"1769592938.920, 1769592938.984, 1769592939.088, 1769592939.138, 1769592939.249"
1.0,0,1769592938.8703,3.1673,27,0,27,,,,1.0,,,0.0994,2.2667,2.2667,3959.2955,1769592942.1404994,10.62,117,1102,0.264,15,0,0,8.64,15.0,0,1107,1769592938.92,-1.637,meta-llama/Llama-3.2-1B-Instruct,"1769592938.920, 1769592938.984, 1769592939.088, 1769592939.138, 1769592939.249"
1.0,0,1769592938.0878,3.0763,27,32,59,0.1182,0.1093,0.1113,1.0,0.0,99.25,1.4096,2.1945,2.1945,3963.6457,1769592942.5770826,10.61,117,1104,0.264,17,0,0,8.64,15.0,0,1107,1769592938.92,-1.637,meta-llama/Llama-3.2-1B-Instruct,"1769592938.920, 1769592938.984, 1769592939.088, 1769592939.138, 1769592939.249"
1.0,0,1769592938.1382,3.0944,27,31,58,0.0613,0.099,0.1077,1.0,0.0,99.25,1.343,2.1556,2.1556,3963.6457,1769592942.577457,10.6,117,1104,0.265,17,1,0,8.64,15.0,0,1107,1769592938.92,-1.637,meta-llama/Llama-3.2-1B-Instruct,"1769592938.920, 1769592938.984, 1769592939.088, 1769592939.138, 1769592939.249"
1.0,0,1769592938.2486,3.0407,27,32,59,0.0857,0.099,0.1065,1.0,0.0,99.25,1.3148,2.1264,2.1264,3965.7721,1769592942.6050777,10.59,117,1105,0.265,19,0,0,8.64,15.0,0,1107,1769592938.92,-1.637,meta-llama/Llama-3.2-1B-Instruct,"1769592938.920, 1769592938.984, 1769592939.088, 1769592939.138, 1769592939.249"
1.0,0,1769592938.2955,3.2179,27,32,59,0.1219,0.0765,0.0924,1.0,0.0,99.25,1.4084,2.3397,2.3397,3970.2534,1769592942.9280434,10.58,117,1107,0.266,17,0,0,8.64,15.0,0,1107,1769592938.92,-1.637,meta-llama/Llama-3.2-1B-Instruct,"1769592938.920, 1769592938.984, 1769592939.088, 1769592939.138, 1769592939.249"
1.0,0,1769592938.4956,3.087,27,32,59,0.0546,0.0785,0.1019,1.0,0.0,99.25,1.3405,2.1416,2.1416,3970.2534,1769592942.929024,10.57,117,1107,0.266,17,0,0,8.64,15.0,0,1107,1769592938.92,-1.637,meta-llama/Llama-3.2-1B-Instruct,"1769592938.920, 1769592938.984, 1769592939.088, 1769592939.138, 1769592939.249"
1.0,0,1769592938.5248,3.1055,27,34,61,0.0871,0.0759,0.1027,1.0,0.0,99.25,1.3234,2.1926,2.1926,3972.446,1769592942.9558346,10.56,117,1108,0.265,17,1,0,8.64,15.0,0,1107,1769592938.92,-1.637,meta-llama/Llama-3.2-1B-Instruct,"1769592938.920, 1769592938.984, 1769592939.088, 1769592939.138, 1769592939.249"
1.0,0,1769592938.6293,3.0734,27,32,59,0.0705,0.0741,0.1053,1.0,0.0,99.25,1.2895,2.1439,2.1439,3974.5898,1769592942.9930704,10.55,117,1109,0.266,19,0,0,8.64,15.0,0,1107,1769592938.92,-1.637,meta-llama/Llama-3.2-1B-Instruct,"1769592938.920, 1769592938.984, 1769592939.088, 1769592939.138, 1769592939.249"
1.0,0,1769592940.0435,2.2125,27,22,49,0.1238,0.0656,0.0685,1.0,0.0,99.26,0.9101,1.3363,1.3363,3978.2236,1769592943.1847053,10.54,117,1111,0.266,16,0,0,8.64,15.0,0,1107,1769592938.92,-1.637,meta-llama/Llama-3.2-1B-Instruct,"1769592938.920, 1769592938.984, 1769592939.088, 1769592939.138, 1769592939.249"
1.0,0,1769592938.7535,3.2211,27,32,59,0.0763,0.0727,0.1048,1.0,0.0,99.26,1.2096,2.2975,2.2975,3978.2236,1769592943.1973226,10.53,117,1111,0.264,15,0,0,8.64,15.0,0,1107,1769592938.92,-1.637,meta-llama/Llama-3.2-1B-Instruct,"1769592938.920, 1769592938.984, 1769592939.088, 1769592939.138, 1769592939.249"
1.0,0,1769592939.5995,2.5091,27,32,59,0.07,0.0684,0.0982,1.0,0.0,99.26,1.2011,1.5791,1.5791,3979.8028,1769592943.3132882,10.52,117,1112,0.265,15,0,0,8.64,15.0,0,1107,1769592938.92,-1.637,meta-llama/Llama-3.2-1B-Instruct,"1769592938.920, 1769592938.984, 1769592939.088, 1769592939.138, 1769592939.249"
1.0,0,1769592939.983,2.1984,27,32,59,0.0656,0.078,0.1074,1.0,0.0,99.26,1.236,1.264,1.264,3981.0668,1769592943.4270747,10.51,117,1113,0.265,16,0,0,8.64,15.0,0,1107,1769592938.92,-1.637,meta-llama/Llama-3.2-1B-Instruct,"1769592938.920, 1769592938.984, 1769592939.088, 1769592939.138, 1769592939.249"
1.0,0,1769592940.0755,2.25,27,32,59,0.0553,0.0666,0.1302,1.0,0.0,99.26,1.2334,1.3052,1.3052,3982.372,1769592943.5627985,10.5,117,1114,0.266,17,1,0,8.64,15.0,0,1107,1769592938.92,-1.637,meta-llama/Llama-3.2-1B-Instruct,"1769592938.920, 1769592938.984, 1769592939.088, 1769592939.138, 1769592939.249"
1.0,0,1769592940.119,2.2556,27,32,59,0.0667,0.075,0.0759,1.0,0.0,99.26,1.2214,1.3223,1.3223,3983.6943,1769592943.5975373,10.49,117,1115,0.267,19,0,0,8.64,15.0,0,1107,1769592938.92,-1.637,meta-llama/Llama-3.2-1B-Instruct,"1769592938.920, 1769592938.984, 1769592939.088, 1769592939.138, 1769592939.249"
1.0,0,1769592940.3187,2.365,27,32,59,0.0745,0.0687,0.0719,1.0,0.0,99.26,1.2888,1.4394,1.4394,3985.1337,1769592943.9735005,10.48,117,1116,0.267,17,0,0,8.64,15.0,0,1107,1769592938.92,-1.637,meta-llama/Llama-3.2-1B-Instruct,"1769592938.920, 1769592938.984, 1769592939.088, 1769592939.138, 1769592939.249"
1.0,0,1769592940.4209,2.3177,27,32,59,0.0851,0.0732,0.0747,1.0,0.0,99.26,1.2641,1.4028,1.4028,3986.5365,1769592944.0046165,10.47,117,1117,0.267,17,0,0,8.64,15.0,0,1107,1769592938.92,-1.637,meta-llama/Llama-3.2-1B-Instruct,"1769592938.920, 1769592938.984, 1769592939.088, 1769592939.138, 1769592939.249"
1.0,0,1769592940.4584,2.3447,27,32,59,0.0853,0.0724,0.0759,1.0,0.0,99.26,1.2346,1.43,1.43,3987.9665,1769592944.0385215,10.47,117,1118,0.267,18,0,0,8.64,15.0,0,1107,1769592938.92,-1.637,meta-llama/Llama-3.2-1B-Instruct,"1769592938.920, 1769592938.984, 1769592939.088, 1769592939.138, 1769592939.249"
1.0,0,1769592940.5031,2.6684,27,32,59,0.084,0.0756,0.0825,1.0,0.0,99.26,1.4028,1.7524,1.7524,3991.4224,1769592944.5811026,10.46,117,1120,0.267,16,0,0,8.64,15.0,0,1107,1769592938.92,-1.637,meta-llama/Llama-3.2-1B-Instruct,"1769592938.920, 1769592938.984, 1769592939.088, 1769592939.138, 1769592939.249"
1.0,0,1769592940.5548,2.6221,27,32,59,0.0814,0.0793,0.0817,1.0,0.0,99.26,1.4029,1.7035,1.7035,3991.4224,1769592944.5817525,10.45,117,1120,0.268,16,0,0,8.64,15.0,0,1107,1769592938.92,-1.637,meta-llama/Llama-3.2-1B-Instruct,"1769592938.920, 1769592938.984, 1769592939.088, 1769592939.138, 1769592939.249"
1.0,0,1769592940.6844,2.553,27,32,59,0.0693,0.0719,0.073,1.0,0.0,99.26,1.37,1.6223,1.6223,3993.0448,1769592944.6082954,10.44,117,1121,0.267,14,0,0,8.64,15.0,0,1107,1769592938.92,-1.637,meta-llama/Llama-3.2-1B-Instruct,"1769592938.920, 1769592938.984, 1769592939.088, 1769592939.138, 1769592939.249"
1.0,0,1769592940.868,2.4223,27,32,59,0.0781,0.0694,0.0722,1.0,0.0,99.26,1.3448,1.5004,1.5004,3994.5452,1769592944.6397052,10.43,117,1122,0.267,16,0,0,8.64,15.0,0,1107,1769592938.92,-1.637,meta-llama/Llama-3.2-1B-Instruct,"1769592938.920, 1769592938.984, 1769592939.088, 1769592939.138, 1769592939.249"
1.0,0,1769592940.9389,2.4113,27,32,59,0.0667,0.0729,0.075,1.0,0.0,99.26,1.3156,1.478,1.478,3996.0232,1769592944.667038,10.42,117,1123,0.268,17,0,0,8.64,15.0,0,1107,1769592938.92,-1.637,meta-llama/Llama-3.2-1B-Instruct,"1769592938.920, 1769592938.984, 1769592939.088, 1769592939.138, 1769592939.249"
1.0,0,1769592940.9931,2.4125,27,32,59,0.112,0.0709,0.0826,1.0,0.0,99.26,1.2804,1.5245,1.5245,3997.5477,1769592944.6896863,10.41,117,1124,0.268,17,0,0,8.64,15.0,0,1107,1769592938.92,-1.637,meta-llama/Llama-3.2-1B-Instruct,"1769592938.920, 1769592938.984, 1769592939.088, 1769592939.138, 1769592939.249"
1.0,0,1769592941.2517,2.2064,27,32,59,0.0605,0.0662,0.0749,1.0,0.0,99.27,1.2362,1.2668,1.2668,3998.8146,1769592944.6997983,10.4,117,1125,0.268,17,0,0,8.64,15.0,0,1107,1769592938.92,-1.637,meta-llama/Llama-3.2-1B-Instruct,"1769592938.920, 1769592938.984, 1769592939.088, 1769592939.138, 1769592939.249"
1.0,0,1769592941.3025,2.2751,27,32,59,0.073,0.069,0.0721,1.0,0.0,99.27,1.1645,1.3481,1.3481,4000.1626,1769592944.7484283,10.39,117,1126,0.268,18,0,0,8.64,15.0,0,1107,1769592938.92,-1.637,meta-llama/Llama-3.2-1B-Instruct,"1769592938.920, 1769592938.984, 1769592939.088, 1769592939.138, 1769592939.249"
1.0,0,1769592941.4852,2.1821,27,32,59,0.0947,0.0745,0.0771,1.0,0.0,99.27,1.1527,1.2768,1.2768,4001.4394,1769592944.8217628,10.38,117,1127,0.268,18,0,0,8.64,15.0,0,1107,1769592938.92,-1.637,meta-llama/Llama-3.2-1B-Instruct,"1769592938.920, 1769592938.984, 1769592939.088, 1769592939.138, 1769592939.249"
1.0,0,1769592941.7538,3.0508,27,0,27,,,,1.0,,,0.0588,2.1097,2.1097,4003.5491,1769592944.8669033,10.37,117,1128,0.268,13,0,0,8.64,15.0,0,1107,1769592938.92,-1.637,meta-llama/Llama-3.2-1B-Instruct,"1769592938.920, 1769592938.984, 1769592939.088, 1769592939.138, 1769592939.249"
1.0,0,1769592941.5553,2.1653,27,32,59,0.0841,0.0711,0.0804,1.0,0.0,99.27,1.1468,1.2494,1.2494,4004.7985,1769592944.8684886,10.36,117,1129,0.269,18,0,0,8.64,15.0,0,1107,1769592938.92,-1.637,meta-llama/Llama-3.2-1B-Instruct,"1769592938.920, 1769592938.984, 1769592939.088, 1769592939.138, 1769592939.249"
1.0,0,1769592941.5966,2.4821,27,32,59,0.078,0.0861,0.1033,1.0,0.0,99.27,1.3504,1.5602,1.5602,4006.3586,1769592945.4304893,10.35,117,1130,0.269,17,0,0,8.64,15.0,0,1107,1769592938.92,-1.637,meta-llama/Llama-3.2-1B-Instruct,"1769592938.920, 1769592938.984, 1769592939.088, 1769592939.138, 1769592939.249"
1.0,0,1769592941.6496,2.4935,27,32,59,0.0789,0.076,0.0987,1.0,0.0,99.27,1.3126,1.5724,1.5724,4007.931,1769592945.4612794,10.34,117,1131,0.269,17,0,0,8.64,15.0,0,1107,1769592938.92,-1.637,meta-llama/Llama-3.2-1B-Instruct,"1769592938.920, 1769592938.984, 1769592939.088, 1769592939.138, 1769592939.249"
1.0,0,1769592941.6768,2.528,27,32,59,0.0885,0.086,0.0965,1.0,0.0,99.27,1.2803,1.6165,1.6165,4009.5476,1769592945.4889772,10.34,117,1132,0.27,18,0,0,8.64,15.0,0,1107,1769592938.92,-1.637,meta-llama/Llama-3.2-1B-Instruct,"1769592938.920, 1769592938.984, 1769592939.088, 1769592939.138, 1769592939.249"
1.0,0,1769592941.7186,3.0102,27,32,59,0.0643,0.0948,0.105,1.0,0.0,99.27,1.397,2.0746,2.0746,4011.6221,1769592946.1293094,10.33,117,1133,0.269,13,0,0,8.64,15.0,0,1148,1769592944.212,-1.401,meta-llama/Llama-3.2-1B-Instruct,"1769592944.212, 1769592944.247, 1769592944.326, 1769592944.377, 1769592944.535"
1.0,0,1769592941.7948,3.0559,27,32,59,0.0734,0.0965,0.1013,1.0,0.0,99.27,1.365,2.1293,2.1293,4013.7514,1769592946.217172,10.32,117,1134,0.268,12,0,0,8.64,15.0,0,1148,1769592944.212,-1.401,meta-llama/Llama-3.2-1B-Instruct,"1769592944.212, 1769592944.247, 1769592944.326, 1769592944.377, 1769592944.535"
1.0,0,1769592943.2125,3.0287,27,0,27,,,,1.0,,,0.0666,2.0953,2.0953,4015.8468,1769592946.3144627,10.31,117,1135,0.274,18,0,0,8.64,15.0,0,1148,1769592944.212,-1.401,meta-llama/Llama-3.2-1B-Instruct,"1769592944.212, 1769592944.247, 1769592944.326, 1769592944.377, 1769592944.535"
1.0,0,1769592941.9269,2.9881,27,32,59,0.0732,0.0933,0.1097,1.0,0.0,99.27,1.4002,2.0613,2.0613,4017.9081,1769592946.319932,10.3,117,1136,0.268,12,0,0,8.64,15.0,0,1148,1769592944.212,-1.401,meta-llama/Llama-3.2-1B-Instruct,"1769592944.212, 1769592944.247, 1769592944.326, 1769592944.377, 1769592944.535"
1.0,0,1769592942.299,2.6701,27,31,58,0.0758,0.095,0.1106,1.0,0.0,99.27,1.3792,1.746,1.746,4019.654,1769592946.35456,10.29,117,1137,0.268,12,0,0,8.64,15.0,0,1148,1769592944.212,-1.401,meta-llama/Llama-3.2-1B-Instruct,"1769592944.212, 1769592944.247, 1769592944.326, 1769592944.377, 1769592944.535"
1.0,0,1769592942.3908,2.6429,27,32,59,0.0983,0.0929,0.0991,1.0,0.0,99.27,1.3488,1.7413,1.7413,4023.1109,1769592946.3854966,10.28,117,1139,0.269,14,0,0,8.64,15.0,0,1148,1769592944.212,-1.401,meta-llama/Llama-3.2-1B-Instruct,"1769592944.212, 1769592944.247, 1769592944.326, 1769592944.377, 1769592944.535"
1.0,0,1769592942.4172,2.6499,27,32,59,0.0657,0.0897,0.108,1.0,0.0,99.27,1.3164,1.7156,1.7156,4023.1109,1769592946.3857167,10.27,117,1139,0.269,14,0,0,8.64,15.0,0,1148,1769592944.212,-1.401,meta-llama/Llama-3.2-1B-Instruct,"1769592944.212, 1769592944.247, 1769592944.326, 1769592944.377, 1769592944.535"
1.0,0,1769592942.4625,2.6646,27,31,58,0.0671,0.0879,0.1155,1.0,0.0,99.27,1.303,1.7317,1.7317,4024.8426,1769592946.4311166,10.26,117,1140,0.269,15,1,0,8.64,15.0,0,1148,1769592944.212,-1.401,meta-llama/Llama-3.2-1B-Instruct,"1769592944.212, 1769592944.247, 1769592944.326, 1769592944.377, 1769592944.535"
1.0,0,1769592942.775,2.431,27,32,59,0.1095,0.0609,0.1071,1.0,0.0,99.27,1.2463,1.5405,1.5405,4029.5006,1769592946.4541311,10.25,117,1143,0.27,17,1,0,8.64,15.0,0,1148,1769592944.212,-1.401,meta-llama/Llama-3.2-1B-Instruct,"1769592944.212, 1769592944.247, 1769592944.326, 1769592944.377, 1769592944.535"
1.0,0,1769592942.6486,2.5238,27,32,59,0.1057,0.0774,0.104,1.0,0.0,99.28,1.2749,1.6295,1.6295,4029.5006,1769592946.454387,10.25,117,1143,0.27,16,0,0,8.64,15.0,0,1148,1769592944.212,-1.401,meta-llama/Llama-3.2-1B-Instruct,"1769592944.212, 1769592944.247, 1769592944.326, 1769592944.377, 1769592944.535"
1.0,0,1769592942.8292,2.4369,27,32,59,0.0511,0.0636,0.1069,1.0,0.0,99.28,1.1869,1.488,1.488,4029.5006,1769592946.4552608,10.24,117,1143,0.271,18,1,0,8.64,15.0,0,1148,1769592944.212,-1.401,meta-llama/Llama-3.2-1B-Instruct,"1769592944.212, 1769592944.247, 1769592944.326, 1769592944.377, 1769592944.535"
1.0,0,1769592942.8647,2.6611,27,27,54,0.1133,0.0655,0.0736,1.0,0.0,99.28,1.0002,1.7745,1.7745,4031.275,1769592946.5339813,10.23,117,1144,0.271,17,0,0,8.64,15.0,0,1148,1769592944.212,-1.401,meta-llama/Llama-3.2-1B-Instruct,"1769592944.212, 1769592944.247, 1769592944.326, 1769592944.377, 1769592944.535"
1.0,0,1769592942.9765,2.5973,27,32,59,0.0639,0.0605,0.0679,1.0,0.0,99.28,1.1492,1.6612,1.6612,4034.6018,1769592946.728215,10.22,117,1146,0.271,17,1,0,8.64,15.0,0,1148,1769592944.212,-1.401,meta-llama/Llama-3.2-1B-Instruct,"1769592944.212, 1769592944.247, 1769592944.326, 1769592944.377, 1769592944.535"
1.0,0,1769592944.3069,2.8548,27,4,31,0.0563,0.0387,0.0387,1.0,0.0,99.28,0.1912,1.9111,1.9111,4036.5129,1769592947.3558154,10.2,117,1147,0.274,19,0,0,8.64,15.0,0,1148,1769592944.212,-1.401,meta-llama/Llama-3.2-1B-Instruct,"1769592944.212, 1769592944.247, 1769592944.326, 1769592944.377, 1769592944.535"
1.0,0,1769592943.2474,3.0864,27,32,59,0.0898,0.0756,0.0994,1.0,0.0,99.28,1.2689,2.1763,2.1763,4038.6892,1769592947.6112528,10.19,117,1148,0.274,17,0,0,8.64,15.0,0,1148,1769592944.212,-1.401,meta-llama/Llama-3.2-1B-Instruct,"1769592944.212, 1769592944.247, 1769592944.326, 1769592944.377, 1769592944.535"
1.0,0,1769592944.1832,2.7837,27,18,45,0.0565,0.1078,0.1078,1.0,0.0,99.28,0.7655,1.8402,1.8402,4040.5293,1769592947.7335503,10.18,117,1149,0.272,15,0,0,8.64,15.0,0,1148,1769592944.212,-1.401,meta-llama/Llama-3.2-1B-Instruct,"1769592944.212, 1769592944.247, 1769592944.326, 1769592944.377, 1769592944.535"
1.0,0,1769592943.3261,3.1824,27,32,59,0.0617,0.0818,0.1011,1.0,0.0,99.28,1.3176,2.2441,2.2441,4042.7734,1769592947.8275173,10.17,117,1150,0.271,11,0,0,8.64,15.0,0,1148,1769592944.212,-1.401,meta-llama/Llama-3.2-1B-Instruct,"1769592944.212, 1769592944.247, 1769592944.326, 1769592944.377, 1769592944.535"
1.0,0,1769592943.5348,3.0688,27,32,59,0.053,0.0775,0.1008,1.0,0.0,99.28,1.2565,2.1218,2.1218,4047.1737,1769592947.8625524,10.16,117,1152,0.271,11,0,0,8.64,15.0,0,1148,1769592944.212,-1.401,meta-llama/Llama-3.2-1B-Instruct,"1769592944.212, 1769592944.247, 1769592944.326, 1769592944.377, 1769592944.535"
1.0,0,1769592943.377,3.1808,27,32,59,0.0977,0.0744,0.1007,1.0,0.0,99.28,1.2941,2.2785,2.2785,4047.1737,1769592947.8627572,10.17,117,1152,0.27,10,0,0,8.64,15.0,0,1148,1769592944.212,-1.401,meta-llama/Llama-3.2-1B-Instruct,"1769592944.212, 1769592944.247, 1769592944.326, 1769592944.377, 1769592944.535"
1.0,0,1769592944.2673,2.8281,27,20,47,0.0529,0.079,0.079,1.0,0.0,99.28,0.8006,1.881,1.881,4049.0547,1769592947.9081414,10.15,117,1153,0.273,17,0,0,8.64,15.0,0,1148,1769592944.212,-1.401,meta-llama/Llama-3.2-1B-Instruct,"1769592944.212, 1769592944.247, 1769592944.326, 1769592944.377, 1769592944.535"
1.0,0,1769592943.6289,3.1377,27,32,59,0.098,0.0769,0.1041,1.0,0.0,99.28,1.2654,2.2357,2.2357,4055.7406,1769592948.0459085,10.13,117,1156,0.271,12,0,0,8.64,15.0,0,1148,1769592944.212,-1.401,meta-llama/Llama-3.2-1B-Instruct,"1769592944.212, 1769592944.247, 1769592944.326, 1769592944.377, 1769592944.535"
1.0,0,1769592943.6852,3.1231,27,32,59,0.0581,0.0738,0.1069,1.0,0.0,99.28,1.2232,2.1811,2.1811,4055.7406,1769592948.046762,10.14,117,1156,0.271,11,0,0,8.64,15.0,0,1148,1769592944.212,-1.401,meta-llama/Llama-3.2-1B-Instruct,"1769592944.212, 1769592944.247, 1769592944.326, 1769592944.377, 1769592944.535"
1.0,0,1769592943.5989,3.1632,27,32,59,0.1058,0.0825,0.1078,1.0,0.0,99.28,1.2745,2.269,2.269,4055.7406,1769592948.046946,10.12,117,1156,0.271,12,1,0,8.64,15.0,0,1148,1769592944.212,-1.401,meta-llama/Llama-3.2-1B-Instruct,"1769592944.212, 1769592944.247, 1769592944.326, 1769592944.377, 1769592944.535"
1.0,0,1769592943.7366,3.1198,27,32,59,0.0888,0.0798,0.1025,1.0,0.0,99.29,1.1919,2.2086,2.2086,4057.9492,1769592948.0505555,10.11,117,1157,0.271,13,1,0,8.64,15.0,0,1148,1769592944.212,-1.401,meta-llama/Llama-3.2-1B-Instruct,"1769592944.212, 1769592944.247, 1769592944.326, 1769592944.377, 1769592944.535"
1.0,0,1769592943.9847,2.9423,27,32,59,0.085,0.0663,0.1048,1.0,0.0,99.29,1.1724,2.0272,2.0272,4059.9764,1769592948.1028461,10.1,117,1158,0.272,14,0,0,8.64,15.0,0,1148,1769592944.212,-1.401,meta-llama/Llama-3.2-1B-Instruct,"1769592944.212, 1769592944.247, 1769592944.326, 1769592944.377, 1769592944.535"
1.0,0,1769592944.5633,3.4519,27,1,28,0.1102,,,1.0,,,0.1737,2.5621,2.5621,4062.5385,1769592948.1929305,10.09,117,1159,0.275,15,0,0,8.64,15.0,0,1148,1769592944.212,-1.401,meta-llama/Llama-3.2-1B-Instruct,"1769592944.212, 1769592944.247, 1769592944.326, 1769592944.377, 1769592944.535"
1.0,0,1769592944.2389,2.7992,27,32,59,0.1111,0.0795,0.0879,1.0,0.0,99.29,1.2093,1.9103,1.9103,4064.4488,1769592948.2519188,10.09,117,1160,0.273,17,0,0,8.64,15.0,0,1148,1769592944.212,-1.401,meta-llama/Llama-3.2-1B-Instruct,"1769592944.212, 1769592944.247, 1769592944.326, 1769592944.377, 1769592944.535"
1.0,0,1769592944.4489,3.0192,27,32,59,0.0795,0.0782,0.087,1.0,0.0,99.29,1.2762,2.0988,2.0988,4066.5475,1769592948.7452698,10.08,117,1161,0.276,19,0,0,8.64,15.0,0,1148,1769592944.212,-1.401,meta-llama/Llama-3.2-1B-Instruct,"1769592944.212, 1769592944.247, 1769592944.326, 1769592944.377, 1769592944.535"
1.0,0,1769592944.4961,3.2511,27,32,59,0.0775,0.0751,0.0981,1.0,0.0,99.29,1.2795,2.3287,2.3287,4068.8762,1769592949.0335555,10.07,117,1162,0.277,18,0,0,8.64,15.0,0,1148,1769592944.212,-1.401,meta-llama/Llama-3.2-1B-Instruct,"1769592944.212, 1769592944.247, 1769592944.326, 1769592944.377, 1769592944.535"
200.0,1,1769592815.4992,92.861,3079,1023,4102,0.4086,0.0797,0.1165,200.0,0.0,99.29,40.8313,-66.3077,0.0,4068.8762,1769592949.215238,10.15,118,1163,0.28,19,0,0,8.64,15.0,0,1148,1769592944.212,-1.401,meta-llama/Llama-3.2-1B-Instruct,"1769592944.212, 1769592944.247, 1769592944.326, 1769592944.377, 1769592944.535"
1.0,0,1769592944.6353,3.3857,27,32,59,0.1054,0.0695,0.0729,1.0,0.0,99.29,1.4081,2.491,2.491,4073.7228,1769592949.4351418,10.14,118,1165,0.275,15,0,0,8.64,15.0,0,1148,1769592944.212,-1.401,meta-llama/Llama-3.2-1B-Instruct,"1769592944.212, 1769592944.247, 1769592944.326, 1769592944.377, 1769592944.535"
1.0,0,1769592944.7714,3.2916,27,32,59,0.064,0.0712,0.0783,1.0,0.0,99.29,1.3706,2.3556,2.3556,4073.7228,1769592949.4353342,10.13,118,1165,0.273,11,0,0,8.64,15.0,0,1148,1769592944.212,-1.401,meta-llama/Llama-3.2-1B-Instruct,"1769592944.212, 1769592944.247, 1769592944.326, 1769592944.377, 1769592944.535"
1.0,0,1769592944.8894,3.2319,27,32,59,0.0658,0.0636,0.0807,1.0,0.0,99.29,1.344,2.2977,2.2977,4076.0205,1769592949.467417,10.12,118,1166,0.273,11,2,0,8.64,15.0,0,1148,1769592944.212,-1.401,meta-llama/Llama-3.2-1B-Instruct,"1769592944.212, 1769592944.247, 1769592944.326, 1769592944.377, 1769592944.535"
1.0,0,1769592945.0091,3.1564,27,32,59,0.0825,0.0657,0.0858,1.0,0.0,99.29,1.3206,2.2388,2.2388,4078.2593,1769592949.48882,10.11,118,1167,0.274,13,0,0,8.64,15.0,0,1148,1769592944.212,-1.401,meta-llama/Llama-3.2-1B-Instruct,"1769592944.212, 1769592944.247, 1769592944.326, 1769592944.377, 1769592944.535"
1.0,0,1769592945.0386,3.2043,27,32,59,0.0724,0.0685,0.0729,1.0,0.0,99.29,1.3118,2.2766,2.2766,4082.8295,1769592949.5603855,10.1,118,1169,0.274,13,0,0,8.64,15.0,0,1148,1769592944.212,-1.401,meta-llama/Llama-3.2-1B-Instruct,"1769592944.212, 1769592944.247, 1769592944.326, 1769592944.377, 1769592944.535"
1.0,0,1769592945.0886,3.2146,27,32,59,0.0789,0.0664,0.0685,1.0,0.0,99.29,1.255,2.2935,2.2935,4082.8295,1769592949.5612955,10.09,118,1169,0.274,13,1,0,8.64,15.0,0,1148,1769592944.212,-1.401,meta-llama/Llama-3.2-1B-Instruct,"1769592944.212, 1769592944.247, 1769592944.326, 1769592944.377, 1769592944.535"
1.0,0,1769592945.1442,3.1985,27,31,58,0.0734,0.0657,0.0671,1.0,0.0,99.29,1.2301,2.2719,2.2719,4085.1014,1769592949.574647,10.09,118,1170,0.275,14,0,0,8.64,15.0,0,1148,1769592944.212,-1.401,meta-llama/Llama-3.2-1B-Instruct,"1769592944.212, 1769592944.247, 1769592944.326, 1769592944.377, 1769592944.535"
1.0,0,1769592945.1787,3.2254,27,32,59,0.0812,0.0638,0.0663,1.0,0.0,99.29,1.187,2.3066,2.3066,4087.408,1769592949.5975316,10.08,118,1171,0.275,15,0,0,8.64,15.0,0,1148,1769592944.212,-1.401,meta-llama/Llama-3.2-1B-Instruct,"1769592944.212, 1769592944.247, 1769592944.326, 1769592944.377, 1769592944.535"
1.0,0,1769592945.4571,3.0726,27,32,59,0.0957,0.0515,0.0519,1.0,0.0,99.29,1.1019,2.1683,2.1683,4093.8813,1769592949.6373975,10.06,118,1174,0.276,17,0,0,8.64,15.0,0,1148,1769592944.212,-1.401,meta-llama/Llama-3.2-1B-Instruct,"1769592944.212, 1769592944.247, 1769592944.326, 1769592944.377, 1769592944.535"
1.0,0,1769592945.4983,3.0811,27,32,59,0.0556,0.0523,0.0524,1.0,0.0,99.29,1.0463,2.1366,2.1366,4093.8813,1769592949.6375952,10.07,118,1174,0.276,18,0,0,8.64,15.0,0,1148,1769592944.212,-1.401,meta-llama/Llama-3.2-1B-Instruct,"1769592944.212, 1769592944.247, 1769592944.326, 1769592944.377, 1769592944.535"
1.0,0,1769592945.3786,3.0849,27,32,59,0.0835,0.057,0.0805,1.0,0.0,99.3,1.1687,2.1683,2.1683,4093.8813,1769592949.6378164,10.05,118,1174,0.276,16,0,0,8.64,15.0,0,1148,1769592944.212,-1.401,meta-llama/Llama-3.2-1B-Instruct,"1769592944.212, 1769592944.247, 1769592944.326, 1769592944.377, 1769592944.535"
1.0,0,1769592945.5407,3.3122,27,32,59,0.0727,0.061,0.0723,1.0,0.0,99.3,1.1221,2.3848,2.3848,4096.2662,1769592949.9851823,10.04,118,1175,0.278,19,0,0,8.64,15.0,0,1148,1769592944.212,-1.401,meta-llama/Llama-3.2-1B-Instruct,"1769592944.212, 1769592944.247, 1769592944.326, 1769592944.377, 1769592944.535"
1.0,0,1769592945.7027,3.4933,27,32,59,0.0749,0.0591,0.0658,1.0,0.0,99.3,1.0164,2.5682,2.5682,4098.8344,1769592950.2191722,10.03,118,1176,0.279,19,0,0,8.64,15.0,0,1148,1769592944.212,-1.401,meta-llama/Llama-3.2-1B-Instruct,"1769592944.212, 1769592944.247, 1769592944.326, 1769592944.377, 1769592944.535"
1.0,0,1769592946.1569,3.1755,27,32,59,0.0676,0.0556,0.0854,1.0,0.0,99.3,0.9694,2.2431,2.2431,4101.0775,1769592950.3175159,10.03,118,1177,0.241,19,0,0,8.64,15.0,0,1148,1769592944.212,-1.401,meta-llama/Llama-3.2-1B-Instruct,"1769592944.212, 1769592944.247, 1769592944.326, 1769592944.377, 1769592944.535"
1.0,0,1769592947.1324,3.2684,27,1,28,0.089,,,1.0,,,0.177,2.3573,2.3573,4103.4349,1769592950.5793123,10.02,118,1178,0.241,16,0,0,8.64,15.0,0,1148,1769592944.212,-1.401,meta-llama/Llama-3.2-1B-Instruct,"1769592944.212, 1769592944.247, 1769592944.326, 1769592944.377, 1769592944.535"
1.0,0,1769592946.2184,3.3929,27,32,59,0.0663,0.0728,0.1082,1.0,0.0,99.3,1.0829,2.4592,2.4592,4105.8941,1769592950.701184,10.01,118,1179,0.238,11,0,0,8.64,15.0,0,1181,1769592948.668,-1.982,meta-llama/Llama-3.2-1B-Instruct,"1769592948.668, 1769592948.715, 1769592949.026, 1769592949.277, 1769592949.318"
1.0,0,1769592946.2698,3.4167,27,32,59,0.0622,0.077,0.102,1.0,0.0,99.3,1.1155,2.479,2.479,4108.373,1769592950.8046792,10.0,118,1180,0.237,10,0,0,8.64,15.0,0,1181,1769592948.668,-1.982,meta-llama/Llama-3.2-1B-Instruct,"1769592948.668, 1769592948.715, 1769592949.026, 1769592949.277, 1769592949.318"
1.0,0,1769592946.4658,3.2567,27,32,59,0.0958,0.0724,0.0993,1.0,0.0,99.3,1.0965,2.3525,2.3525,4110.7255,1769592950.8198788,9.99,118,1181,0.237,10,0,0,8.64,15.0,0,1181,1769592948.668,-1.982,meta-llama/Llama-3.2-1B-Instruct,"1769592948.668, 1769592948.715, 1769592949.026, 1769592949.277, 1769592949.318"
1.0,0,1769592946.5291,3.2751,27,32,59,0.0966,0.0709,0.1008,1.0,0.0,99.3,1.1421,2.3718,2.3718,4113.0973,1769592950.947908,9.98,118,1182,0.237,11,1,0,8.64,15.0,0,1181,1769592948.668,-1.982,meta-llama/Llama-3.2-1B-Instruct,"1769592948.668, 1769592948.715, 1769592949.026, 1769592949.277, 1769592949.318"
1.0,0,1769592947.5014,3.0517,27,9,36,0.0799,0.0664,0.0664,1.0,0.0,99.3,0.4419,2.1316,2.1316,4117.6252,1769592950.9987965,9.97,118,1184,0.242,18,0,0,8.64,15.0,0,1181,1769592948.668,-1.982,meta-llama/Llama-3.2-1B-Instruct,"1769592948.668, 1769592948.715, 1769592949.026, 1769592949.277, 1769592949.318"
1.0,0,1769592946.5724,3.3157,27,32,59,0.0806,0.067,0.0953,1.0,0.0,99.3,1.1104,2.3963,2.3963,4117.6252,1769592951.0042918,9.97,118,1184,0.238,13,0,0,8.64,15.0,0,1181,1769592948.668,-1.982,meta-llama/Llama-3.2-1B-Instruct,"1769592948.668, 1769592948.715, 1769592949.026, 1769592949.277, 1769592949.318"
1.0,0,1769592946.6105,3.3291,27,32,59,0.0726,0.0691,0.1052,1.0,0.0,99.3,1.1611,2.4017,2.4017,4120.0269,1769592951.1017416,9.96,118,1185,0.239,13,0,0,8.64,15.0,0,1181,1769592948.668,-1.982,meta-llama/Llama-3.2-1B-Instruct,"1769592948.668, 1769592948.715, 1769592949.026, 1769592949.277, 1769592949.318"
1.0,0,1769592946.7813,3.2507,27,32,59,0.0723,0.1003,0.1022,1.0,0.0,99.3,1.2825,2.3229,2.3229,4122.3498,1769592951.3204925,9.95,118,1186,0.239,14,0,0,8.64,15.0,0,1181,1769592948.668,-1.982,meta-llama/Llama-3.2-1B-Instruct,"1769592948.668, 1769592948.715, 1769592949.026, 1769592949.277, 1769592949.318"
1.0,0,1769592947.0061,3.1836,27,32,59,0.065,0.0928,0.0982,1.0,0.0,99.3,1.303,2.2486,2.2486,4124.5984,1769592951.5000877,9.94,118,1187,0.24,15,0,0,8.64,15.0,0,1181,1769592948.668,-1.982,meta-llama/Llama-3.2-1B-Instruct,"1769592948.668, 1769592948.715, 1769592949.026, 1769592949.277, 1769592949.318"
1.0,0,1769592946.8905,3.2599,27,32,59,0.1024,0.0942,0.102,1.0,0.0,99.3,1.3515,2.3623,2.3623,4126.9607,1769592951.5026503,9.93,118,1188,0.24,15,0,0,8.64,15.0,0,1181,1769592948.668,-1.982,meta-llama/Llama-3.2-1B-Instruct,"1769592948.668, 1769592948.715, 1769592949.026, 1769592949.277, 1769592949.318"
1.0,0,1769592948.554,2.911,27,5,32,0.0853,0.0669,0.0669,1.0,0.0,99.3,0.2842,1.9963,1.9963,4128.957,1769592951.7498102,9.92,118,1189,0.244,19,0,0,8.64,15.0,0,1181,1769592948.668,-1.982,meta-llama/Llama-3.2-1B-Instruct,"1769592948.668, 1769592948.715, 1769592949.026, 1769592949.277, 1769592949.318"
1.0,0,1769592947.3089,3.0958,27,32,59,0.0859,0.0795,0.0963,1.0,0.0,99.3,1.4625,2.1816,2.1816,4131.1386,1769592951.8751943,9.92,118,1190,0.241,15,0,0,8.64,15.0,0,1181,1769592948.668,-1.982,meta-llama/Llama-3.2-1B-Instruct,"1769592948.668, 1769592948.715, 1769592949.026, 1769592949.277, 1769592949.318"
1.0,0,1769592947.3669,3.0706,27,32,59,0.0722,0.079,0.0999,1.0,0.0,99.3,1.4382,2.1428,2.1428,4133.2814,1769592951.876883,9.91,118,1191,0.241,15,0,0,8.64,15.0,0,1181,1769592948.668,-1.982,meta-llama/Llama-3.2-1B-Instruct,"1769592948.668, 1769592948.715, 1769592949.026, 1769592949.277, 1769592949.318"
1.0,0,1769592947.4289,3.0739,27,32,59,0.0695,0.0751,0.0907,1.0,0.0,99.31,1.4087,2.1434,2.1434,4135.4248,1769592951.9234354,9.9,118,1192,0.242,18,0,0,8.64,15.0,0,1181,1769592948.668,-1.982,meta-llama/Llama-3.2-1B-Instruct,"1769592948.668, 1769592948.715, 1769592949.026, 1769592949.277, 1769592949.318"
1.0,0,1769592947.5314,3.1476,27,32,59,0.0751,0.0748,0.1019,1.0,0.0,99.31,1.3564,2.2227,2.2227,4137.6475,1769592952.039949,9.89,118,1193,0.243,19,0,0,8.64,15.0,0,1181,1769592948.668,-1.982,meta-llama/Llama-3.2-1B-Instruct,"1769592948.668, 1769592948.715, 1769592949.026, 1769592949.277, 1769592949.318"
1.0,0,1769592947.6683,3.1162,27,31,58,0.0841,0.0841,0.1014,1.0,0.0,99.31,1.3587,2.2004,2.2004,4139.8479,1769592952.145451,9.88,118,1194,0.243,18,0,0,8.64,15.0,0,1181,1769592948.668,-1.982,meta-llama/Llama-3.2-1B-Instruct,"1769592948.668, 1769592948.715, 1769592949.026, 1769592949.277, 1769592949.318"
1.0,0,1769592948.026,2.9376,27,32,59,0.0596,0.0755,0.0992,1.0,0.0,99.31,1.3378,1.9972,1.9972,4144.1472,1769592952.3121068,9.87,118,1196,0.242,17,0,0,8.64,15.0,0,1181,1769592948.668,-1.982,meta-llama/Llama-3.2-1B-Instruct,"1769592948.668, 1769592948.715, 1769592949.026, 1769592949.277, 1769592949.318"
1.0,0,1769592947.7153,3.1814,27,32,59,0.1206,0.0663,0.1072,1.0,0.0,99.31,1.404,2.302,2.302,4144.1472,1769592952.3130445,9.87,118,1196,0.243,18,0,0,8.64,15.0,0,1181,1769592948.668,-1.982,meta-llama/Llama-3.2-1B-Instruct,"1769592948.668, 1769592948.715, 1769592949.026, 1769592949.277, 1769592949.318"
1.0,0,1769592948.2769,2.781,27,32,59,0.1248,0.0679,0.0712,1.0,0.0,99.31,1.3772,1.9057,1.9057,4147.9171,1769592952.4391503,9.86,118,1198,0.242,17,0,0,8.64,15.0,0,1181,1769592948.668,-1.982,meta-llama/Llama-3.2-1B-Instruct,"1769592948.668, 1769592948.715, 1769592949.026, 1769592949.277, 1769592949.318"
1.0,0,1769592948.3177,2.8048,27,32,59,0.0594,0.0708,0.0733,1.0,0.0,99.31,1.3135,1.8643,1.8643,4147.9171,1769592952.4393654,9.85,118,1198,0.242,16,1,0,8.64,15.0,0,1181,1769592948.668,-1.982,meta-llama/Llama-3.2-1B-Instruct,"1769592948.668, 1769592948.715, 1769592949.026, 1769592949.277, 1769592949.318"
1.0,0,1769592948.3716,2.7984,27,32,59,0.0748,0.0672,0.0696,1.0,0.0,99.31,1.3043,1.8733,1.8733,4149.7904,1769592952.4812462,9.84,118,1199,0.242,17,1,0,8.64,15.0,0,1181,1769592948.668,-1.982,meta-llama/Llama-3.2-1B-Instruct,"1769592948.668, 1769592948.715, 1769592949.026, 1769592949.277, 1769592949.318"
1.0,0,1769592948.5048,2.7267,27,32,59,0.0764,0.0706,0.0709,1.0,0.0,99.31,1.2874,1.8031,1.8031,4151.5936,1769592952.5281029,9.83,118,1200,0.242,18,0,0,8.64,15.0,0,1181,1769592948.668,-1.982,meta-llama/Llama-3.2-1B-Instruct,"1769592948.668, 1769592948.715, 1769592949.026, 1769592949.277, 1769592949.318"
1.0,0,1769592948.5924,3.0253,27,32,59,0.0926,0.0618,0.0673,1.0,0.0,99.31,1.3053,2.1179,2.1179,4153.7114,1769592952.92551,9.83,118,1201,0.244,18,0,0,8.64,15.0,0,1181,1769592948.668,-1.982,meta-llama/Llama-3.2-1B-Instruct,"1769592948.668, 1769592948.715, 1769592949.026, 1769592949.277, 1769592949.318"
1.0,0,1769592948.696,3.0207,27,32,59,0.0803,0.0732,0.0751,1.0,0.0,99.31,1.3115,2.101,2.101,4155.8124,1769592953.035777,9.82,118,1202,0.244,19,0,0,8.64,15.0,0,1181,1769592948.668,-1.982,meta-llama/Llama-3.2-1B-Instruct,"1769592948.668, 1769592948.715, 1769592949.026, 1769592949.277, 1769592949.318"
1.0,0,1769592948.8196,3.0763,27,32,59,0.0721,0.0682,0.0747,1.0,0.0,99.31,1.3474,2.1484,2.1484,4157.9607,1769592953.2442741,9.81,118,1203,0.243,16,0,0,8.64,15.0,0,1181,1769592948.668,-1.982,meta-llama/Llama-3.2-1B-Instruct,"1769592948.668, 1769592948.715, 1769592949.026, 1769592949.277, 1769592949.318"
1.0,0,1769592948.875,3.1809,27,32,59,0.087,0.0661,0.0732,1.0,0.0,99.31,1.3253,2.2679,2.2679,4160.2286,1769592953.3896837,9.8,118,1204,0.244,16,0,0,8.64,15.0,0,1181,1769592948.668,-1.982,meta-llama/Llama-3.2-1B-Instruct,"1769592948.668, 1769592948.715, 1769592949.026, 1769592949.277, 1769592949.318"
1.0,0,1769592948.9965,3.1266,27,32,59,0.067,0.0696,0.079,1.0,0.0,99.31,1.3015,2.1936,2.1936,4162.4222,1769592953.4306996,9.79,118,1205,0.244,16,0,0,8.64,15.0,0,1181,1769592948.668,-1.982,meta-llama/Llama-3.2-1B-Instruct,"1769592948.668, 1769592948.715, 1769592949.026, 1769592949.277, 1769592949.318"
1.0,0,1769592949.1309,3.0529,27,32,59,0.079,0.0637,0.0729,1.0,0.0,99.31,1.2731,2.1319,2.1319,4164.5541,1769592953.4582853,9.78,118,1206,0.244,17,0,0,8.64,15.0,0,1181,1769592948.668,-1.982,meta-llama/Llama-3.2-1B-Instruct,"1769592948.668, 1769592948.715, 1769592949.026, 1769592949.277, 1769592949.318"
1.0,0,1769592949.1749,3.1041,27,32,59,0.0816,0.0615,0.0703,1.0,0.0,99.31,1.3287,2.1857,2.1857,4166.7398,1769592953.609491,9.78,118,1207,0.245,18,0,0,8.64,15.0,0,1181,1769592948.668,-1.982,meta-llama/Llama-3.2-1B-Instruct,"1769592948.668, 1769592948.715, 1769592949.026, 1769592949.277, 1769592949.318"
1.0,0,1769592949.2415,3.1277,27,32,59,0.0587,0.0611,0.0685,1.0,0.0,99.32,1.269,2.1864,2.1864,4168.9263,1769592953.6399643,9.77,118,1208,0.244,17,0,0,8.64,15.0,0,1181,1769592948.668,-1.982,meta-llama/Llama-3.2-1B-Instruct,"1769592948.668, 1769592948.715, 1769592949.026, 1769592949.277, 1769592949.318"
1.0,0,1769592949.3758,3.0414,27,32,59,0.0577,0.0665,0.075,1.0,0.0,99.32,1.2733,2.0991,2.0991,4171.0254,1769592953.6917968,9.76,118,1209,0.244,17,0,0,8.64,15.0,0,1181,1769592948.668,-1.982,meta-llama/Llama-3.2-1B-Instruct,"1769592948.668, 1769592948.715, 1769592949.026, 1769592949.277, 1769592949.318"
1.0,0,1769592949.4161,3.0816,27,32,59,0.0798,0.0945,0.1032,1.0,0.0,99.32,1.4301,2.1614,2.1614,4173.1867,1769592953.9287663,9.75,118,1210,0.243,16,0,0,8.64,15.0,0,1181,1769592948.668,-1.982,meta-llama/Llama-3.2-1B-Instruct,"1769592948.668, 1769592948.715, 1769592949.026, 1769592949.277, 1769592949.318"
1.0,0,1769592949.6575,2.9236,27,32,59,0.0618,0.0919,0.0981,1.0,0.0,99.32,1.4079,1.9855,1.9855,4175.1722,1769592953.9911456,9.74,118,1211,0.244,16,0,0,8.64,15.0,0,1181,1769592948.668,-1.982,meta-llama/Llama-3.2-1B-Instruct,"1769592948.668, 1769592948.715, 1769592949.026, 1769592949.277, 1769592949.318"
1.0,0,1769592949.8626,2.8117,27,32,59,0.0731,0.0934,0.1096,1.0,0.0,99.32,1.3686,1.8848,1.8848,4177.057,1769592954.051225,9.74,118,1212,0.244,17,0,0,8.64,15.0,0,1181,1769592948.668,-1.982,meta-llama/Llama-3.2-1B-Instruct,"1769592948.668, 1769592948.715, 1769592949.026, 1769592949.277, 1769592949.318"
1.0,0,1769592950.123,2.731,27,32,59,0.0953,0.0915,0.106,1.0,0.0,99.32,1.4049,1.8263,1.8263,4180.7479,1769592954.26546,9.73,118,1214,0.246,18,0,0,8.64,15.0,0,1181,1769592948.668,-1.982,meta-llama/Llama-3.2-1B-Instruct,"1769592948.668, 1769592948.715, 1769592949.026, 1769592949.277, 1769592949.318"
1.0,0,1769592950.0798,2.7636,27,32,59,0.1009,0.0808,0.115,1.0,0.0,99.32,1.4159,1.8645,1.8645,4180.7479,1769592954.265621,9.72,118,1214,0.245,18,0,0,8.64,15.0,0,1181,1769592948.668,-1.982,meta-llama/Llama-3.2-1B-Instruct,"1769592948.668, 1769592948.715, 1769592949.026, 1769592949.277, 1769592949.318"
1.0,0,1769592950.6481,2.4898,27,28,55,0.0619,0.0968,0.1051,1.0,0.0,99.32,1.2647,1.5517,1.5517,4183.7767,1769592954.4045832,9.71,118,1216,0.247,19,0,0,8.64,15.0,0,1181,1769592948.668,-1.982,meta-llama/Llama-3.2-1B-Instruct,"1769592948.668, 1769592948.715, 1769592949.026, 1769592949.277, 1769592949.318"
1.0,0,1769592950.6003,2.4108,27,32,59,0.0663,0.0936,0.1071,1.0,0.0,99.32,1.3928,1.4771,1.4771,4183.7767,1769592954.4047608,9.7,118,1216,0.246,19,0,0,8.64,15.0,0,1181,1769592948.668,-1.982,meta-llama/Llama-3.2-1B-Instruct,"1769592948.668, 1769592948.715, 1769592949.026, 1769592949.277, 1769592949.318"
200.0,1,1769592815.8539,97.3643,4900,1024,5924,2.0771,0.0791,0.112,200.0,0.0,99.32,41.517,-61.1187,0.0,4183.7767,1769592954.7477639,9.85,124,1222,0.114,9,0,0,8.64,15.0,0,1181,1769592948.668,-1.982,meta-llama/Llama-3.2-1B-Instruct,"1769592948.668, 1769592948.715, 1769592949.026, 1769592949.277, 1769592949.318"
200.0,1,1769592815.5789,97.1172,2429,1019,3448,0.3089,0.0782,0.1178,200.0,0.0,99.32,42.0387,-60.844,0.0,4183.7767,1769592954.750452,9.78,124,1222,0.062,4,0,0,8.64,15.0,0,1181,1769592948.668,-1.982,meta-llama/Llama-3.2-1B-Instruct,"1769592948.668, 1769592948.715, 1769592949.026, 1769592949.277, 1769592949.318"
200.0,1,1769592815.8143,97.3228,2972,1022,3994,2.16,0.0772,0.111,200.0,0.0,99.32,41.6003,-61.0769,0.0,4183.7767,1769592954.759456,10.0,124,1222,0.114,9,0,0,8.64,15.0,0,1181,1769592948.668,-1.982,meta-llama/Llama-3.2-1B-Instruct,"1769592948.668, 1769592948.715, 1769592949.026, 1769592949.277, 1769592949.318"
200.0,1,1769592815.7728,97.321,2808,1024,3832,2.2068,0.08,0.1132,200.0,0.0,99.32,41.6448,-61.0342,0.0,4183.7767,1769592954.7667942,10.07,124,1222,0.114,9,0,0,8.64,15.0,0,1181,1769592948.668,-1.982,meta-llama/Llama-3.2-1B-Instruct,"1769592948.668, 1769592948.715, 1769592949.026, 1769592949.277, 1769592949.318"
200.0,1,1769592815.7367,97.2552,3556,1026,4582,2.3044,0.0795,0.1148,200.0,0.0,99.32,41.7445,-61.0002,0.0,4183.7767,1769592954.7673562,9.93,124,1222,0.086,6,0,0,8.64,15.0,0,1181,1769592948.668,-1.982,meta-llama/Llama-3.2-1B-Instruct,"1769592948.668, 1769592948.715, 1769592949.026, 1769592949.277, 1769592949.318"
200.0,1,1769592815.6972,97.2826,2706,1026,3732,2.3122,0.0796,0.1132,200.0,0.0,99.32,41.7612,-60.9562,0.0,4183.7767,1769592954.7703085,10.15,124,1222,0.086,6,0,0,8.64,15.0,0,1181,1769592948.668,-1.982,meta-llama/Llama-3.2-1B-Instruct,"1769592948.668, 1769592948.715, 1769592949.026, 1769592949.277, 1769592949.318"
1.0,0,1769592950.7117,2.713,27,32,59,0.0779,0.0942,0.1041,1.0,0.0,99.32,1.4057,1.791,1.791,4185.5677,1769592954.8318658,10.14,124,1223,0.247,18,0,0,8.64,15.0,0,1181,1769592948.668,-1.982,meta-llama/Llama-3.2-1B-Instruct,"1769592948.668, 1769592948.715, 1769592949.026, 1769592949.277, 1769592949.318"
1.0,0,1769592950.8298,2.7823,27,32,59,0.1024,0.0765,0.0932,1.0,0.0,99.32,1.2577,1.8847,1.8847,4191.1788,1769592954.8725362,10.12,124,1226,0.246,17,0,0,8.64,15.0,0,1181,1769592948.668,-1.982,meta-llama/Llama-3.2-1B-Instruct,"1769592948.668, 1769592948.715, 1769592949.026, 1769592949.277, 1769592949.318"
1.0,0,1769592950.7423,2.7879,27,32,59,0.0727,0.0945,0.1088,1.0,0.0,99.32,1.3328,1.8606,1.8606,4191.1788,1769592954.872887,10.13,124,1226,0.246,17,0,0,8.64,15.0,0,1181,1769592948.668,-1.982,meta-llama/Llama-3.2-1B-Instruct,"1769592948.668, 1769592948.715, 1769592949.026, 1769592949.277, 1769592949.318"
1.0,0,1769592950.8599,2.7979,27,32,59,0.068,0.0695,0.1066,1.0,0.0,99.33,1.2133,1.8659,1.8659,4191.1788,1769592954.873233,10.11,124,1226,0.246,16,0,0,8.64,15.0,0,1181,1769592948.668,-1.982,meta-llama/Llama-3.2-1B-Instruct,"1769592948.668, 1769592948.715, 1769592949.026, 1769592949.277, 1769592949.318"
1.0,0,1769592950.9353,2.7685,27,32,59,0.1154,0.0728,0.0754,1.0,0.0,99.33,1.1769,1.884,1.884,4193.0628,1769592954.883693,10.11,124,1227,0.245,16,1,0,8.64,15.0,0,1181,1769592948.668,-1.982,meta-llama/Llama-3.2-1B-Instruct,"1769592948.668, 1769592948.715, 1769592949.026, 1769592949.277, 1769592949.318"
1.0,0,1769592951.0329,2.7361,27,32,59,0.0513,0.0673,0.0691,1.0,0.0,99.33,1.1149,1.7874,1.7874,4194.8502,1769592954.8887181,10.1,124,1228,0.246,17,0,0,8.64,15.0,0,1181,1769592948.668,-1.982,meta-llama/Llama-3.2-1B-Instruct,"1769592948.668, 1769592948.715, 1769592949.026, 1769592949.277, 1769592949.318"
1.0,0,1769592951.2732,2.5414,27,32,59,0.0733,0.0645,0.0747,1.0,0.0,99.33,1.1007,1.6147,1.6147,4196.4648,1769592954.930704,10.09,124,1229,0.246,18,1,0,8.64,15.0,0,1181,1769592948.668,-1.982,meta-llama/Llama-3.2-1B-Instruct,"1769592948.668, 1769592948.715, 1769592949.026, 1769592949.277, 1769592949.318"
1.0,0,1769592951.2999,2.7739,27,32,59,0.0592,0.0604,0.0673,1.0,0.0,99.33,1.036,1.8331,1.8331,4198.2979,1769592955.1231794,10.08,124,1230,0.247,17,0,0,8.64,15.0,0,1181,1769592948.668,-1.982,meta-llama/Llama-3.2-1B-Instruct,"1769592948.668, 1769592948.715, 1769592949.026, 1769592949.277, 1769592949.318"
1.0,0,1769592951.6797,2.4655,27,32,59,0.1124,0.065,0.0711,1.0,0.0,99.33,1.0246,1.5778,1.5778,4199.8758,1769592955.1741452,10.07,124,1231,0.247,18,0,0,8.64,15.0,0,1181,1769592948.668,-1.982,meta-llama/Llama-3.2-1B-Instruct,"1769592948.668, 1769592948.715, 1769592949.026, 1769592949.277, 1769592949.318"
1.0,0,1769592952.0208,2.2204,27,32,59,0.0803,0.0602,0.0693,1.0,0.0,99.33,0.9664,1.3008,1.3008,4201.1765,1769592955.2122874,10.06,124,1232,0.247,18,0,0,8.64,15.0,0,1181,1769592948.668,-1.982,meta-llama/Llama-3.2-1B-Instruct,"1769592948.668, 1769592948.715, 1769592949.026, 1769592949.277, 1769592949.318"
1.0,0,1769592952.6257,1.7568,27,32,59,0.0601,0.0657,0.0689,1.0,0.0,99.33,0.8451,0.817,0.817,4201.9935,1769592955.2297215,10.06,124,1233,0.246,16,0,0,8.64,15.0,0,1181,1769592948.668,-1.982,meta-llama/Llama-3.2-1B-Instruct,"1769592948.668, 1769592948.715, 1769592949.026, 1769592949.277, 1769592949.318"
1.0,0,1769592952.9454,1.5763,27,32,59,0.0789,0.0582,0.0593,1.0,0.0,99.33,0.7473,0.6552,0.6552,4203.2805,1769592955.2707555,10.05,124,1235,0.247,17,0,0,8.64,15.0,0,1181,1769592948.668,-1.982,meta-llama/Llama-3.2-1B-Instruct,"1769592948.668, 1769592948.715, 1769592949.026, 1769592949.277, 1769592949.318"
1.0,0,1769592952.9033,1.5476,27,32,59,0.0843,0.0594,0.0719,1.0,0.0,99.33,0.8193,0.6319,0.6319,4203.2805,1769592955.2709887,10.04,124,1235,0.247,17,0,0,8.64,15.0,0,1181,1769592948.668,-1.982,meta-llama/Llama-3.2-1B-Instruct,"1769592948.668, 1769592948.715, 1769592949.026, 1769592949.277, 1769592949.318"
1.0,0,1769592952.9739,1.6084,27,32,59,0.0797,0.0474,0.0655,1.0,0.0,99.33,0.7033,0.6882,0.6882,4203.9687,1769592955.2870967,10.03,124,1236,0.247,18,0,0,8.64,15.0,0,1181,1769592948.668,-1.982,meta-llama/Llama-3.2-1B-Instruct,"1769592948.668, 1769592948.715, 1769592949.026, 1769592949.277, 1769592949.318"
1.0,0,1769592953.0472,1.8727,27,32,59,0.0669,0.0642,0.0803,1.0,0.0,99.33,0.8705,0.9396,0.9396,4204.9083,1769592955.7949252,10.02,124,1237,0.004,7,0,0,8.64,15.0,0,1208,1769592955.035,-0.65,meta-llama/Llama-3.2-1B-Instruct,"1769592955.035, 1769592955.215, 1769592955.263, 1769592955.494, 1769592955.788"
1.0,0,1769592953.1039,1.8712,27,32,59,0.0723,0.0567,0.0813,1.0,0.0,99.33,0.8532,0.9434,0.9434,4205.8517,1769592955.8349288,10.02,124,1238,0.004,7,1,0,8.64,15.0,0,1208,1769592955.035,-0.65,meta-llama/Llama-3.2-1B-Instruct,"1769592955.035, 1769592955.215, 1769592955.263, 1769592955.494, 1769592955.788"
1.0,0,1769592954.0354,1.7778,27,0,27,,,,1.0,,,0.0628,0.8405,0.8405,4207.6211,1769592955.8819447,10.01,124,1240,0.005,11,0,0,8.64,15.0,0,1208,1769592955.035,-0.65,meta-llama/Llama-3.2-1B-Instruct,"1769592955.035, 1769592955.215, 1769592955.263, 1769592955.494, 1769592955.788"
1.0,0,1769592953.172,1.8594,27,32,59,0.0694,0.0534,0.0834,1.0,0.0,99.33,0.848,0.9288,0.9288,4207.6211,1769592955.8885381,10.0,124,1240,0.004,9,0,0,8.64,15.0,0,1208,1769592955.035,-0.65,meta-llama/Llama-3.2-1B-Instruct,"1769592955.035, 1769592955.215, 1769592955.263, 1769592955.494, 1769592955.788"
1.0,0,1769592953.286,1.8284,27,32,59,0.0594,0.0697,0.0865,1.0,0.0,99.33,0.8352,0.8878,0.8878,4208.5089,1769592955.9515724,9.99,124,1241,0.004,9,0,0,8.64,15.0,0,1208,1769592955.035,-0.65,meta-llama/Llama-3.2-1B-Instruct,"1769592955.035, 1769592955.215, 1769592955.263, 1769592955.494, 1769592955.788"
1.0,0,1769592953.5703,1.7488,27,32,59,0.0909,0.0598,0.0621,1.0,0.0,99.33,1.0347,0.8397,0.8397,4211.0761,1769592956.3600104,9.98,124,1244,0.004,7,0,0,8.64,15.0,0,1208,1769592955.035,-0.65,meta-llama/Llama-3.2-1B-Instruct,"1769592955.035, 1769592955.215, 1769592955.263, 1769592955.494, 1769592955.788"
1.0,0,1769592953.6281,1.7184,27,32,59,0.0651,0.0703,0.073,1.0,0.0,99.33,1.0094,0.7835,0.7835,4211.0761,1769592956.3601909,9.98,124,1244,0.002,4,0,0,8.64,15.0,0,1208,1769592955.035,-0.65,meta-llama/Llama-3.2-1B-Instruct,"1769592955.035, 1769592955.215, 1769592955.263, 1769592955.494, 1769592955.788"
1.0,0,1769592953.4697,1.8431,27,32,59,0.101,0.0623,0.0645,1.0,0.0,99.33,1.047,0.9441,0.9441,4211.0761,1769592956.361152,9.97,124,1244,0.004,8,0,0,8.64,15.0,0,1208,1769592955.035,-0.65,meta-llama/Llama-3.2-1B-Instruct,"1769592955.035, 1769592955.215, 1769592955.263, 1769592955.494, 1769592955.788"
1.0,0,1769592953.7426,1.6581,27,32,59,0.0596,0.0608,0.0676,1.0,0.0,99.34,0.9933,0.7177,0.7177,4211.7939,1769592956.3975117,9.96,124,1245,0.002,5,2,0,8.64,15.0,0,1208,1769592955.035,-0.65,meta-llama/Llama-3.2-1B-Instruct,"1769592955.035, 1769592955.215, 1769592955.263, 1769592955.494, 1769592955.788"
1.0,0,1769592953.7744,1.676,27,32,59,0.0604,0.0618,0.0619,1.0,0.0,99.34,1.0019,0.7365,0.7365,4212.5303,1769592956.4599674,9.95,124,1246,0.003,7,0,0,8.64,15.0,0,1208,1769592955.035,-0.65,meta-llama/Llama-3.2-1B-Instruct,"1769592955.035, 1769592955.215, 1769592955.263, 1769592955.494, 1769592955.788"
1.0,0,1769592953.8353,1.6647,27,32,59,0.073,0.0589,0.068,1.0,0.0,99.34,0.9611,0.7376,0.7376,4213.2679,1769592956.463406,9.94,124,1247,0.003,8,0,0,8.64,15.0,0,1208,1769592955.035,-0.65,meta-llama/Llama-3.2-1B-Instruct,"1769592955.035, 1769592955.215, 1769592955.263, 1769592955.494, 1769592955.788"
1.0,0,1769592953.8641,1.694,27,32,59,0.0635,0.0551,0.0555,1.0,0.0,99.34,0.9308,0.7575,0.7575,4214.0254,1769592956.4940467,9.94,125,1249,0.004,10,0,0,8.64,15.0,0,1208,1769592955.035,-0.65,meta-llama/Llama-3.2-1B-Instruct,"1769592955.035, 1769592955.215, 1769592955.263, 1769592955.494, 1769592955.788"
1.0,0,1769592955.7639,0.5703,27,4,31,0.0594,0.0533,0.0533,1.0,0.0,99.34,0.1582,-0.3702,0.0,4214.0254,1769592956.4949334,10.01,125,1249,0.008,15,0,0,8.64,15.0,0,1208,1769592955.035,-0.65,meta-llama/Llama-3.2-1B-Instruct,"1769592955.035, 1769592955.215, 1769592955.263, 1769592955.494, 1769592955.788"
1.0,0,1769592953.9079,1.7176,27,32,59,0.0565,0.0628,0.0633,1.0,0.0,99.34,0.891,0.7741,0.7741,4214.7995,1769592956.5179927,10.0,125,1250,0.005,10,1,0,8.64,15.0,0,1208,1769592955.035,-0.65,meta-llama/Llama-3.2-1B-Instruct,"1769592955.035, 1769592955.215, 1769592955.263, 1769592955.494, 1769592955.788"
1.0,0,1769592953.9735,1.7351,27,32,59,0.0862,0.0611,0.0735,1.0,0.0,99.34,0.8811,0.8213,0.8213,4215.6208,1769592956.593183,9.99,125,1251,0.006,12,0,0,8.64,15.0,0,1208,1769592955.035,-0.65,meta-llama/Llama-3.2-1B-Instruct,"1769592955.035, 1769592955.215, 1769592955.263, 1769592955.494, 1769592955.788"
1.0,0,1769592954.2145,1.6474,27,32,59,0.0735,0.0683,0.0773,1.0,0.0,99.34,0.9049,0.7209,0.7209,4216.3417,1769592956.7711952,9.98,125,1252,0.005,11,0,0,8.64,15.0,0,1208,1769592955.035,-0.65,meta-llama/Llama-3.2-1B-Instruct,"1769592955.035, 1769592955.215, 1769592955.263, 1769592955.494, 1769592955.788"
1.0,0,1769592954.2627,1.6728,27,32,59,0.0694,0.0588,0.0752,1.0,0.0,99.34,0.9011,0.7422,0.7422,4217.0839,1769592956.8384612,9.98,125,1253,0.005,10,1,0,8.64,15.0,0,1208,1769592955.035,-0.65,meta-llama/Llama-3.2-1B-Instruct,"1769592955.035, 1769592955.215, 1769592955.263, 1769592955.494, 1769592955.788"
1.0,0,1769592954.7878,1.2567,27,32,59,0.0615,0.0599,0.0857,1.0,0.0,99.34,0.8667,0.3181,0.3181,4218.0088,1769592956.913776,9.96,125,1255,0.005,11,0,0,8.64,15.0,0,1208,1769592955.035,-0.65,meta-llama/Llama-3.2-1B-Instruct,"1769592955.035, 1769592955.215, 1769592955.263, 1769592955.494, 1769592955.788"
1.0,0,1769592954.4935,1.503,27,32,59,0.1038,0.0687,0.0767,1.0,0.0,99.34,0.9137,0.6067,0.6067,4218.0088,1769592956.9139733,9.97,125,1255,0.005,11,0,0,8.64,15.0,0,1208,1769592955.035,-0.65,meta-llama/Llama-3.2-1B-Instruct,"1769592955.035, 1769592955.215, 1769592955.263, 1769592955.494, 1769592955.788"
1.0,0,1769592954.8841,1.2387,27,32,59,0.0714,0.0766,0.086,1.0,0.0,99.34,0.8749,0.31,0.31,4218.3188,1769592957.004029,9.95,125,1256,0.007,13,0,0,8.64,15.0,0,1208,1769592955.035,-0.65,meta-llama/Llama-3.2-1B-Instruct,"1769592955.035, 1769592955.215, 1769592955.263, 1769592955.494, 1769592955.788"
1.0,0,1769592955.378,0.8169,27,32,59,0.0675,0.0637,0.0756,1.0,0.0,99.34,0.8578,-0.1156,0.0,4218.3188,1769592957.0554576,10.02,126,1257,0.007,14,0,0,8.64,15.0,0,1208,1769592955.035,-0.65,meta-llama/Llama-3.2-1B-Instruct,"1769592955.035, 1769592955.215, 1769592955.263, 1769592955.494, 1769592955.788"
1.0,0,1769592955.4286,0.8595,27,32,59,0.0618,0.0771,2.1292,1.0,1.1292,99.26,2.9619,-0.0787,0.0,4218.3188,1769592959.2555122,10.1,127,1258,0.008,15,0,0,8.64,15.0,0,1208,1769592955.035,-0.65,meta-llama/Llama-3.2-1B-Instruct,"1769592955.035, 1769592955.215, 1769592955.263, 1769592955.494, 1769592955.788"
1.0,0,1769592955.8354,0.5439,27,32,59,0.0729,0.0771,2.1194,1.0,1.1194,99.18,2.9285,-0.3833,0.0,4218.3188,1769592959.3139253,10.17,128,1259,0.007,13,0,0,8.64,15.0,0,1208,1769592955.035,-0.65,meta-llama/Llama-3.2-1B-Instruct,"1769592955.035, 1769592955.215, 1769592955.263, 1769592955.494, 1769592955.788"
1.0,0,1769592957.4644,1.9547,27,2,29,0.0516,0.0458,0.0458,1.0,0.0,99.18,0.1182,1.0063,1.0063,4219.3251,1769592959.5440335,10.16,128,1260,0.184,18,0,0,8.64,15.0,0,1208,1769592955.035,-0.65,meta-llama/Llama-3.2-1B-Instruct,"1769592955.035, 1769592955.215, 1769592955.263, 1769592955.494, 1769592955.788"
1.0,0,1769592956.3388,0.4069,27,24,51,0.0751,0.0769,2.1151,1.0,1.1151,99.1,2.8731,-0.518,0.0,4219.3251,1769592959.626927,10.23,129,1261,0.005,11,0,0,8.64,15.0,0,1208,1769592955.035,-0.65,meta-llama/Llama-3.2-1B-Instruct,"1769592955.035, 1769592955.215, 1769592955.263, 1769592955.494, 1769592955.788"
1.0,0,1769592956.1013,0.4691,27,32,59,0.0593,0.0748,2.1214,1.0,1.1214,99.02,3.1061,-0.4716,0.0,4219.3251,1769592959.6804805,10.37,131,1263,0.005,9,0,0,8.64,15.0,0,1208,1769592955.035,-0.65,meta-llama/Llama-3.2-1B-Instruct,"1769592955.035, 1769592955.215, 1769592955.263, 1769592955.494, 1769592955.788"
1.0,0,1769592955.9704,0.5928,27,32,59,0.0673,0.0735,2.1224,1.0,1.1224,98.94,3.1099,-0.3399,0.0,4219.3251,1769592959.6807535,10.3,131,1263,0.006,13,1,0,8.64,15.0,0,1208,1769592955.035,-0.65,meta-llama/Llama-3.2-1B-Instruct,"1769592955.035, 1769592955.215, 1769592955.263, 1769592955.494, 1769592955.788"
1.0,0,1769592956.2348,0.3864,27,32,59,0.0782,0.0646,2.1177,1.0,1.1177,98.86,3.0976,-0.5354,0.0,4219.3251,1769592959.7299361,10.44,132,1264,0.004,8,0,0,8.64,15.0,0,1208,1769592955.035,-0.65,meta-llama/Llama-3.2-1B-Instruct,"1769592955.035, 1769592955.215, 1769592955.263, 1769592955.494, 1769592955.788"
1.0,0,1769592956.2946,0.3882,27,32,59,0.0736,0.07,2.1214,1.0,1.1214,98.77,3.0525,-0.5382,0.0,4219.3251,1769592959.7387815,10.51,133,1265,0.005,11,0,0,8.64,15.0,0,1208,1769592955.035,-0.65,meta-llama/Llama-3.2-1B-Instruct,"1769592955.035, 1769592955.215, 1769592955.263, 1769592955.494, 1769592955.788"
1.0,0,1769592956.6564,0.156,27,32,59,0.0667,0.0703,2.1234,1.0,1.1234,98.69,3.0556,-0.7773,0.0,4219.3251,1769592959.8777251,10.58,134,1266,0.006,12,0,0,8.64,15.0,0,1208,1769592955.035,-0.65,meta-llama/Llama-3.2-1B-Instruct,"1769592955.035, 1769592955.215, 1769592955.263, 1769592955.494, 1769592955.788"
1.0,0,1769592956.7904,0.0917,27,32,59,0.0945,0.0712,2.1248,1.0,1.1248,98.61,3.0526,-0.8139,0.0,4219.3251,1769592959.942792,10.66,135,1267,0.006,12,0,0,8.64,15.0,0,1208,1769592955.035,-0.65,meta-llama/Llama-3.2-1B-Instruct,"1769592955.035, 1769592955.215, 1769592955.263, 1769592955.494, 1769592955.788"
1.0,0,1769592957.027,0.0565,27,32,59,0.4964,0.063,1.5853,1.0,0.5853,98.53,2.9835,-0.4471,0.0,4221.1647,1769592960.0725045,10.8,138,1272,0.027,10,0,0,8.64,15.0,0,1208,1769592955.035,-0.65,meta-llama/Llama-3.2-1B-Instruct,"1769592955.035, 1769592955.215, 1769592955.263, 1769592955.494, 1769592955.788"
1.0,0,1769592957.1841,0.0595,27,32,59,1.8763,0.0604,0.0654,1.0,0.0,98.53,2.8271,0.9358,0.9358,4221.1647,1769592960.0734937,10.86,138,1272,0.027,10,0,0,8.64,15.0,0,1208,1769592955.035,-0.65,meta-llama/Llama-3.2-1B-Instruct,"1769592955.035, 1769592955.215, 1769592955.263, 1769592955.494, 1769592955.788"
1.0,0,1769592957.1014,0.0579,27,32,59,0.4197,0.066,1.5814,1.0,0.5814,98.45,2.9108,-0.5224,0.0,4221.1647,1769592960.073705,10.87,138,1272,0.027,10,0,0,8.64,15.0,0,1208,1769592955.035,-0.65,meta-llama/Llama-3.2-1B-Instruct,"1769592955.035, 1769592955.215, 1769592955.263, 1769592955.494, 1769592955.788"
1.0,0,1769592957.0635,0.0618,27,32,59,0.4524,0.0649,1.5774,1.0,0.5774,98.37,2.9413,-0.4858,0.0,4221.1647,1769592960.0754604,10.73,138,1272,0.027,10,0,0,8.64,15.0,0,1208,1769592955.035,-0.65,meta-llama/Llama-3.2-1B-Instruct,"1769592955.035, 1769592955.215, 1769592955.263, 1769592955.494, 1769592955.788"
1.0,0,1769592957.2153,0.0632,27,32,59,1.8405,0.0547,0.068,1.0,0.0,98.38,2.7926,0.9038,0.9038,4221.1647,1769592960.0764687,10.85,138,1272,0.027,10,0,0,8.64,15.0,0,1208,1769592955.035,-0.65,meta-llama/Llama-3.2-1B-Instruct,"1769592955.035, 1769592955.215, 1769592955.263, 1769592955.494, 1769592955.788"
1.0,0,1769592957.4241,1.9451,27,32,59,0.0958,0.057,0.0815,1.0,0.0,98.38,0.9482,1.0409,1.0409,4222.2056,1769592960.3202941,10.84,138,1273,0.184,18,0,0,8.64,15.0,0,1208,1769592955.035,-0.65,meta-llama/Llama-3.2-1B-Instruct,"1769592955.035, 1769592955.215, 1769592955.263, 1769592955.494, 1769592955.788"
1.0,0,1769592957.494,2.227,27,32,59,0.0691,0.0873,0.1042,1.0,0.0,98.38,1.1228,1.2961,1.2961,4223.5017,1769592960.8498073,10.83,138,1274,0.183,15,0,0,8.64,15.0,0,1270,1769592959.491,-1.232,meta-llama/Llama-3.2-1B-Instruct,"1769592959.491, 1769592959.511, 1769592959.608, 1769592959.664, 1769592959.687"
1.0,0,1769592957.565,2.2289,27,32,59,0.0797,0.0985,0.1101,1.0,0.0,98.38,1.1288,1.3086,1.3086,4224.8102,1769592960.9234097,10.82,138,1275,0.184,15,0,0,8.64,15.0,0,1270,1769592959.491,-1.232,meta-llama/Llama-3.2-1B-Instruct,"1769592959.491, 1769592959.511, 1769592959.608, 1769592959.664, 1769592959.687"
1.0,0,1769592957.6,2.2987,27,32,59,0.075,0.1077,0.2083,1.0,0.0,98.38,1.3449,1.3736,1.3736,4226.1839,1769592961.2542582,10.82,138,1276,0.184,15,0,0,8.64,15.0,0,1270,1769592959.491,-1.232,meta-llama/Llama-3.2-1B-Instruct,"1769592959.491, 1769592959.511, 1769592959.608, 1769592959.664, 1769592959.687"
1.0,0,1769592958.2028,2.3656,27,22,49,0.0618,0.0738,0.2119,1.0,0.0,98.38,0.7232,1.4273,1.4273,4230.5111,1769592961.3181705,10.81,138,1279,0.185,17,0,0,8.64,15.0,0,1270,1769592959.491,-1.232,meta-llama/Llama-3.2-1B-Instruct,"1769592959.491, 1769592959.511, 1769592959.608, 1769592959.664, 1769592959.687"
1.0,0,1769592957.693,2.3896,27,32,59,0.0667,0.0983,0.2897,1.0,0.0,98.38,1.2148,1.4564,1.4564,4230.5111,1769592961.3183973,10.8,138,1279,0.182,11,0,0,8.64,15.0,0,1270,1769592959.491,-1.232,meta-llama/Llama-3.2-1B-Instruct,"1769592959.491, 1769592959.511, 1769592959.608, 1769592959.664, 1769592959.687"
1.0,0,1769592957.6255,2.3794,27,32,59,0.0641,0.1113,0.1991,1.0,0.0,98.38,1.311,1.4435,1.4435,4230.5111,1769592961.321473,10.79,138,1279,0.184,15,0,0,8.64,15.0,0,1270,1769592959.491,-1.232,meta-llama/Llama-3.2-1B-Instruct,"1769592959.491, 1769592959.511, 1769592959.608, 1769592959.664, 1769592959.687"
1.0,0,1769592957.9718,2.2645,27,32,59,0.0801,0.1129,0.2645,1.0,0.0,98.39,1.101,1.3446,1.3446,4234.7378,1769592961.3453577,10.76,138,1282,0.182,12,0,0,8.64,15.0,0,1270,1769592959.491,-1.232,meta-llama/Llama-3.2-1B-Instruct,"1769592959.491, 1769592959.511, 1769592959.608, 1769592959.664, 1769592959.687"
1.0,0,1769592957.8154,2.417,27,31,58,0.0877,0.1074,0.212,1.0,0.0,98.39,1.0974,1.5047,1.5047,4234.7378,1769592961.3467858,10.78,138,1282,0.182,11,1,0,8.64,15.0,0,1270,1769592959.491,-1.232,meta-llama/Llama-3.2-1B-Instruct,"1769592959.491, 1769592959.511, 1769592959.608, 1769592959.664, 1769592959.687"
1.0,0,1769592957.9974,2.291,27,32,59,0.0864,0.0961,0.1933,1.0,0.0,98.39,1.0463,1.3774,1.3774,4234.7378,1769592961.3471842,10.77,138,1282,0.182,12,0,0,8.64,15.0,0,1270,1769592959.491,-1.232,meta-llama/Llama-3.2-1B-Instruct,"1769592959.491, 1769592959.511, 1769592959.608, 1769592959.664, 1769592959.687"
1.0,0,1769592958.0228,2.3184,27,31,58,0.0956,0.1022,0.1935,1.0,0.0,98.39,1.0275,1.414,1.414,4236.1518,1769592961.3751664,10.76,138,1283,0.183,13,0,0,8.64,15.0,0,1270,1769592959.491,-1.232,meta-llama/Llama-3.2-1B-Instruct,"1769592959.491, 1769592959.511, 1769592959.608, 1769592959.664, 1769592959.687"
1.0,0,1769592958.1605,2.3129,27,32,59,0.0592,0.1072,0.2086,1.0,0.0,98.39,0.9234,1.3721,1.3721,4239.0077,1769592961.40008,10.75,138,1285,0.184,15,0,0,8.64,15.0,0,1270,1769592959.491,-1.232,meta-llama/Llama-3.2-1B-Instruct,"1769592959.491, 1769592959.511, 1769592959.608, 1769592959.664, 1769592959.687"
1.0,0,1769592958.0479,2.3763,27,32,59,0.1075,0.1178,0.2127,1.0,0.0,98.39,0.9748,1.4837,1.4837,4239.0077,1769592961.400644,10.74,138,1285,0.184,15,0,0,8.64,15.0,0,1270,1769592959.491,-1.232,meta-llama/Llama-3.2-1B-Instruct,"1769592959.491, 1769592959.511, 1769592959.608, 1769592959.664, 1769592959.687"
1.0,0,1769592958.1819,2.3453,27,32,59,0.093,0.0809,0.2249,1.0,0.0,98.39,0.8928,1.4382,1.4382,4240.4459,1769592961.4209282,10.73,138,1286,0.184,17,0,0,8.64,15.0,0,1270,1769592959.491,-1.232,meta-llama/Llama-3.2-1B-Instruct,"1769592959.491, 1769592959.511, 1769592959.608, 1769592959.664, 1769592959.687"
1.0,0,1769592958.4697,2.1456,27,32,59,0.0922,0.0633,0.1916,1.0,0.0,98.39,0.8192,1.2378,1.2378,4241.6837,1769592961.4352355,10.72,138,1287,0.185,18,1,0,8.64,15.0,0,1270,1769592959.491,-1.232,meta-llama/Llama-3.2-1B-Instruct,"1769592959.491, 1769592959.511, 1769592959.608, 1769592959.664, 1769592959.687"
1.0,0,1769592958.5113,2.9755,27,0,27,,,,1.0,,,0.0941,2.0696,2.0696,4243.7533,1769592961.581707,10.71,138,1288,0.185,13,0,0,8.64,15.0,0,1270,1769592959.491,-1.232,meta-llama/Llama-3.2-1B-Instruct,"1769592959.491, 1769592959.511, 1769592959.608, 1769592959.664, 1769592959.687"
1.0,0,1769592958.4907,2.6942,27,32,59,0.1244,0.1163,0.1241,1.0,0.0,98.4,1.1908,1.8186,1.8186,4245.5719,1769592962.3788674,10.71,138,1289,0.187,15,0,0,8.64,15.0,0,1270,1769592959.491,-1.232,meta-llama/Llama-3.2-1B-Instruct,"1769592959.491, 1769592959.511, 1769592959.608, 1769592959.664, 1769592959.687"
1.0,0,1769592958.6637,2.8755,27,32,59,0.0735,0.1002,0.1181,1.0,0.0,98.4,1.254,1.949,1.949,4249.5183,1769592962.7982645,10.7,138,1291,0.183,7,0,0,8.64,15.0,0,1270,1769592959.491,-1.232,meta-llama/Llama-3.2-1B-Instruct,"1769592959.491, 1769592959.511, 1769592959.608, 1769592959.664, 1769592959.687"
1.0,0,1769592958.6079,2.8894,27,32,59,0.108,0.1109,0.1309,1.0,0.0,98.4,1.3008,1.9974,1.9974,4249.5183,1769592962.7990944,10.69,138,1291,0.183,7,0,0,8.64,15.0,0,1270,1769592959.491,-1.232,meta-llama/Llama-3.2-1B-Instruct,"1769592959.491, 1769592959.511, 1769592959.608, 1769592959.664, 1769592959.687"
1.0,0,1769592958.8804,2.7967,27,32,59,0.0545,0.0644,0.1006,1.0,0.0,98.4,1.1443,1.8513,1.8513,4253.3733,1769592962.825845,10.68,138,1293,0.184,10,1,0,8.64,15.0,0,1270,1769592959.491,-1.232,meta-llama/Llama-3.2-1B-Instruct,"1769592959.491, 1769592959.511, 1769592959.608, 1769592959.664, 1769592959.687"
1.0,0,1769592958.6868,2.9123,27,32,59,0.0915,0.094,0.1094,1.0,0.0,98.4,1.2244,2.0038,2.0038,4255.2423,1769592962.8267605,10.67,138,1294,0.183,8,1,0,8.64,15.0,0,1270,1769592959.491,-1.232,meta-llama/Llama-3.2-1B-Instruct,"1769592959.491, 1769592959.511, 1769592959.608, 1769592959.664, 1769592959.687"
1.0,0,1769592958.8585,2.7772,27,31,58,0.0919,0.0681,0.1021,1.0,0.0,98.4,1.1906,1.869,1.869,4255.2423,1769592962.8275926,10.66,138,1294,0.183,9,0,0,8.64,15.0,0,1270,1769592959.491,-1.232,meta-llama/Llama-3.2-1B-Instruct,"1769592959.491, 1769592959.511, 1769592959.608, 1769592959.664, 1769592959.687"
1.0,0,1769592959.0291,2.7472,27,32,59,0.0881,0.0724,0.1048,1.0,0.0,98.4,1.0793,1.8353,1.8353,4260.6411,1769592962.8596125,10.66,138,1297,0.184,12,0,0,8.64,15.0,0,1270,1769592959.491,-1.232,meta-llama/Llama-3.2-1B-Instruct,"1769592959.491, 1769592959.511, 1769592959.608, 1769592959.664, 1769592959.687"
1.0,0,1769592959.0871,2.7311,27,32,59,0.053,0.0657,0.0951,1.0,0.0,98.41,1.0393,1.7841,1.7841,4260.6411,1769592962.8608563,10.65,138,1297,0.185,13,0,0,8.64,15.0,0,1270,1769592959.491,-1.232,meta-llama/Llama-3.2-1B-Instruct,"1769592959.491, 1769592959.511, 1769592959.608, 1769592959.664, 1769592959.687"
1.0,0,1769592959.0071,2.7155,27,31,58,0.0639,0.0703,0.0921,1.0,0.0,98.41,1.1366,1.7794,1.7794,4260.6411,1769592962.8615947,10.64,138,1297,0.184,11,1,0,8.64,15.0,0,1270,1769592959.491,-1.232,meta-llama/Llama-3.2-1B-Instruct,"1769592959.491, 1769592959.511, 1769592959.608, 1769592959.664, 1769592959.687"
1.0,0,1769592959.2113,2.7152,27,32,59,0.079,0.0606,0.095,1.0,0.0,98.41,1.029,1.7942,1.7942,4262.4354,1769592962.9595175,10.63,138,1298,0.186,15,0,0,8.64,15.0,0,1270,1769592959.491,-1.232,meta-llama/Llama-3.2-1B-Instruct,"1769592959.491, 1769592959.511, 1769592959.608, 1769592959.664, 1769592959.687"
1.0,0,1769592959.3262,2.682,27,32,59,0.0842,0.0582,0.0981,1.0,0.0,98.41,0.9881,1.7663,1.7663,4264.2016,1769592963.0017357,10.62,138,1299,0.187,16,0,0,8.64,15.0,0,1270,1769592959.491,-1.232,meta-llama/Llama-3.2-1B-Instruct,"1769592959.491, 1769592959.511, 1769592959.608, 1769592959.664, 1769592959.687"
1.0,0,1769592960.2513,1.9049,27,32,59,0.0688,0.0566,0.0573,1.0,0.0,98.41,0.9348,0.9737,0.9737,4266.3514,1769592963.0956984,10.62,138,1301,0.188,17,0,0,8.64,15.0,0,1270,1769592959.491,-1.232,meta-llama/Llama-3.2-1B-Instruct,"1769592959.491, 1769592959.511, 1769592959.608, 1769592959.664, 1769592959.687"
1.0,0,1769592960.0469,2.0271,27,32,59,0.1489,0.0542,0.0574,1.0,0.0,98.41,1.0208,1.1761,1.1761,4266.3514,1769592963.098448,10.61,138,1301,0.188,17,0,0,8.64,15.0,0,1270,1769592959.491,-1.232,meta-llama/Llama-3.2-1B-Instruct,"1769592959.491, 1769592959.511, 1769592959.608, 1769592959.664, 1769592959.687"
1.0,0,1769592960.3955,1.8174,27,31,58,0.0755,0.0545,0.0642,1.0,0.0,98.41,0.9462,0.8929,0.8929,4267.2442,1769592963.164462,10.6,138,1302,0.189,18,1,0,8.64,15.0,0,1270,1769592959.491,-1.232,meta-llama/Llama-3.2-1B-Instruct,"1769592959.491, 1769592959.511, 1769592959.608, 1769592959.664, 1769592959.687"
1.0,0,1769592960.5423,2.4927,27,8,35,0.0605,0.0569,0.0569,1.0,0.0,98.41,0.3734,1.5532,1.5532,4268.7974,1769592963.4158015,10.59,138,1303,0.187,10,0,0,8.64,15.0,0,1270,1769592959.491,-1.232,meta-llama/Llama-3.2-1B-Instruct,"1769592959.491, 1769592959.511, 1769592959.608, 1769592959.664, 1769592959.687"
1.0,0,1769592960.4452,2.0397,27,32,59,0.0726,0.0546,0.0631,1.0,0.0,98.42,0.9623,1.1123,1.1123,4269.9097,1769592963.448409,10.58,138,1304,0.19,19,0,0,8.64,15.0,0,1270,1769592959.491,-1.232,meta-llama/Llama-3.2-1B-Instruct,"1769592959.491, 1769592959.511, 1769592959.608, 1769592959.664, 1769592959.687"
1.0,0,1769592961.7485,2.0303,27,3,30,0.098,0.0425,0.0425,1.0,0.0,98.42,0.2577,1.1283,1.1283,4271.038,1769592964.0415864,10.57,138,1305,0.191,17,0,0,8.64,15.0,0,1270,1769592959.491,-1.232,meta-llama/Llama-3.2-1B-Instruct,"1769592959.491, 1769592959.511, 1769592959.608, 1769592959.664, 1769592959.687"
1.0,0,1769592960.4994,2.4786,27,32,59,0.0707,0.065,0.0694,1.0,0.0,98.42,1.2432,1.5493,1.5493,4272.5873,1769592964.2243254,10.57,138,1306,0.187,10,0,0,8.64,15.0,0,1270,1769592959.491,-1.232,meta-llama/Llama-3.2-1B-Instruct,"1769592959.491, 1769592959.511, 1769592959.608, 1769592959.664, 1769592959.687"
1.0,0,1769592960.5751,2.5068,27,32,59,0.0622,0.0767,0.0796,1.0,0.0,98.42,1.1974,1.569,1.569,4274.1563,1769592964.28082,10.56,138,1307,0.187,11,0,0,8.64,15.0,0,1270,1769592959.491,-1.232,meta-llama/Llama-3.2-1B-Instruct,"1769592959.491, 1769592959.511, 1769592959.608, 1769592959.664, 1769592959.687"
1.0,0,1769592960.678,2.4562,27,32,59,0.0856,0.0672,0.0751,1.0,0.0,98.42,1.2335,1.5418,1.5418,4275.6981,1769592964.3684745,10.55,138,1308,0.187,10,0,0,8.64,15.0,0,1270,1769592959.491,-1.232,meta-llama/Llama-3.2-1B-Instruct,"1769592959.491, 1769592959.511, 1769592959.608, 1769592959.664, 1769592959.687"
1.0,0,1769592960.7204,2.4889,27,32,59,0.0674,0.0646,0.0739,1.0,0.0,98.42,1.1806,1.5563,1.5563,4277.2543,1769592964.3980143,10.54,138,1309,0.187,10,0,0,8.64,15.0,0,1270,1769592959.491,-1.232,meta-llama/Llama-3.2-1B-Instruct,"1769592959.491, 1769592959.511, 1769592959.608, 1769592959.664, 1769592959.687"
1.0,0,1769592960.9643,2.3056,27,32,59,0.0717,0.0665,0.0785,1.0,0.0,98.42,1.1783,1.3773,1.3773,4278.6316,1769592964.4515433,10.53,138,1310,0.187,12,0,0,8.64,15.0,0,1270,1769592959.491,-1.232,meta-llama/Llama-3.2-1B-Instruct,"1769592959.491, 1769592959.511, 1769592959.608, 1769592959.664, 1769592959.687"
1.0,0,1769592961.2403,2.1058,27,32,59,0.0685,0.0834,0.0873,1.0,0.0,98.42,1.2583,1.1744,1.1744,4279.8059,1769592964.611018,10.53,138,1311,0.188,12,1,0,8.64,15.0,0,1270,1769592959.491,-1.232,meta-llama/Llama-3.2-1B-Instruct,"1769592959.491, 1769592959.511, 1769592959.608, 1769592959.664, 1769592959.687"
1.0,0,1769592961.3937,2.0255,27,32,59,0.1009,0.0808,0.1016,1.0,0.0,98.43,1.2993,1.1264,1.1264,4280.9323,1769592964.7333992,10.52,138,1312,0.188,13,0,0,8.64,15.0,0,1270,1769592959.491,-1.232,meta-llama/Llama-3.2-1B-Instruct,"1769592959.491, 1769592959.511, 1769592959.608, 1769592959.664, 1769592959.687"
1.0,0,1769592961.4531,2.0454,27,30,57,0.069,0.0746,0.0871,1.0,0.0,98.43,1.2589,1.1144,1.1144,4282.0467,1769592964.7597947,10.51,138,1313,0.188,13,0,0,8.64,15.0,0,1270,1769592959.491,-1.232,meta-llama/Llama-3.2-1B-Instruct,"1769592959.491, 1769592959.511, 1769592959.608, 1769592959.664, 1769592959.687"
1.0,0,1769592961.5151,2.0529,27,31,58,0.0774,0.0713,0.1,1.0,0.0,98.43,1.3144,1.1303,1.1303,4283.177,1769592964.8965023,10.5,138,1314,0.189,14,0,0,8.64,15.0,0,1270,1769592959.491,-1.232,meta-llama/Llama-3.2-1B-Instruct,"1769592959.491, 1769592959.511, 1769592959.608, 1769592959.664, 1769592959.687"
1.0,0,1769592961.5666,2.0626,27,32,59,0.0781,0.0643,0.1025,1.0,0.0,98.43,1.2677,1.1407,1.1407,4284.3177,1769592964.8984284,10.49,138,1315,0.189,14,0,0,8.64,15.0,0,1270,1769592959.491,-1.232,meta-llama/Llama-3.2-1B-Instruct,"1769592959.491, 1769592959.511, 1769592959.608, 1769592959.664, 1769592959.687"
1.0,0,1769592961.6138,2.0834,27,32,59,0.0717,0.0655,0.0949,1.0,0.0,98.43,1.3265,1.1551,1.1551,4285.4728,1769592965.0256658,10.49,138,1316,0.19,16,0,0,8.64,15.0,0,1270,1769592959.491,-1.232,meta-llama/Llama-3.2-1B-Instruct,"1769592959.491, 1769592959.511, 1769592959.608, 1769592959.664, 1769592959.687"
1.0,0,1769592962.294,1.6036,27,32,59,0.0856,0.0886,0.0977,1.0,0.0,98.43,1.3593,0.6892,0.6892,4286.7617,1769592965.26137,10.47,138,1318,0.191,17,0,0,8.64,15.0,0,1270,1769592959.491,-1.232,meta-llama/Llama-3.2-1B-Instruct,"1769592959.491, 1769592959.511, 1769592959.608, 1769592959.664, 1769592959.687"
1.0,0,1769592962.3924,1.5094,27,32,59,0.0903,0.094,0.1084,1.0,0.0,98.43,1.354,0.5997,0.5997,4286.7617,1769592965.262361,10.48,138,1318,0.192,18,0,0,8.64,15.0,0,1270,1769592959.491,-1.232,meta-llama/Llama-3.2-1B-Instruct,"1769592959.491, 1769592959.511, 1769592959.608, 1769592959.664, 1769592959.687"
1.0,0,1769592964.2364,0.9345,27,0,27,,,,1.0,,,0.0932,0.0276,0.0276,4286.7893,1769592965.2650092,10.46,138,1319,0.193,18,1,0,8.64,15.0,0,1270,1769592959.491,-1.232,meta-llama/Llama-3.2-1B-Instruct,"1769592959.491, 1769592959.511, 1769592959.608, 1769592959.664, 1769592959.687"
1.0,0,1769592962.6964,1.4972,27,32,59,0.0818,0.0988,0.1094,1.0,0.0,98.43,1.4209,0.579,0.579,4287.3683,1769592965.616876,10.45,138,1320,0.193,18,0,0,8.64,15.0,0,1270,1769592959.491,-1.232,meta-llama/Llama-3.2-1B-Instruct,"1769592959.491, 1769592959.511, 1769592959.608, 1769592959.664, 1769592959.687"
1.0,0,1769592962.8751,1.419,27,32,59,0.0649,0.0911,0.1,1.0,0.0,98.44,1.3715,0.4839,0.4839,4287.8522,1769592965.66842,10.45,138,1321,0.193,18,0,0,8.64,15.0,0,1270,1769592959.491,-1.232,meta-llama/Llama-3.2-1B-Instruct,"1769592959.491, 1769592959.511, 1769592959.608, 1769592959.664, 1769592959.687"
1.0,0,1769592963.7406,1.1224,27,20,47,0.0939,0.0953,0.0953,1.0,0.0,98.44,0.886,0.2163,0.2163,4288.0685,1769592965.7513049,10.44,138,1322,0.193,17,0,0,8.64,15.0,0,1296,1769592965.796,0.063,meta-llama/Llama-3.2-1B-Instruct,"1769592965.796, 1769592966.062, 1769592966.244, 1769592966.298, 1769592966.541"
1.0,0,1769592963.0134,1.4622,27,32,59,0.0603,0.0715,0.1052,1.0,0.0,98.44,1.3082,0.5225,0.5225,4289.1735,1769592965.7903628,10.42,138,1324,0.192,16,0,0,8.64,15.0,0,1296,1769592965.796,0.063,meta-llama/Llama-3.2-1B-Instruct,"1769592965.796, 1769592966.062, 1769592966.244, 1769592966.298, 1769592966.541"
1.0,0,1769592962.9465,1.4729,27,32,59,0.1096,0.0724,0.0871,1.0,0.0,98.44,1.3632,0.5824,0.5824,4289.1735,1769592965.7905602,10.43,138,1324,0.193,17,0,0,8.64,15.0,0,1296,1769592965.796,0.063,meta-llama/Llama-3.2-1B-Instruct,"1769592965.796, 1769592966.062, 1769592966.244, 1769592966.298, 1769592966.541"
1.0,0,1769592963.0596,1.463,27,32,59,0.101,0.07,0.1043,1.0,0.0,98.44,1.279,0.564,0.564,4289.8286,1769592965.8068497,10.42,138,1326,0.192,17,1,0,8.64,15.0,0,1296,1769592965.796,0.063,meta-llama/Llama-3.2-1B-Instruct,"1769592965.796, 1769592966.062, 1769592966.244, 1769592966.298, 1769592966.541"
1.0,0,1769592963.6717,1.0927,27,32,59,0.0668,0.0737,0.0932,1.0,0.0,98.44,1.3158,0.1594,0.1594,4289.988,1769592966.0813458,10.4,138,1327,0.193,17,0,0,8.64,15.0,0,1296,1769592965.796,0.063,meta-llama/Llama-3.2-1B-Instruct,"1769592965.796, 1769592966.062, 1769592966.244, 1769592966.298, 1769592966.541"
1.0,0,1769592963.8125,1.1215,27,32,59,0.0804,0.0736,0.0879,1.0,0.0,98.44,1.3547,0.2019,0.2019,4290.1899,1769592966.28994,10.39,138,1328,0.192,16,0,0,8.64,15.0,0,1296,1769592965.796,0.063,meta-llama/Llama-3.2-1B-Instruct,"1769592965.796, 1769592966.062, 1769592966.244, 1769592966.298, 1769592966.541"
1.0,0,1769592963.8717,1.2261,27,32,59,0.0866,0.0704,0.0785,1.0,0.0,98.44,1.3312,0.3128,0.3128,4290.6134,1769592966.4311633,10.38,138,1330,0.193,17,0,0,8.64,15.0,0,1296,1769592965.796,0.063,meta-llama/Llama-3.2-1B-Instruct,"1769592965.796, 1769592966.062, 1769592966.244, 1769592966.298, 1769592966.541"
1.0,0,1769592964.0815,1.0306,27,32,59,0.0801,0.0693,0.0746,1.0,0.0,98.45,1.3174,0.1107,0.1107,4290.6134,1769592966.4313838,10.38,138,1330,0.193,17,0,0,8.64,15.0,0,1296,1769592965.796,0.063,meta-llama/Llama-3.2-1B-Instruct,"1769592965.796, 1769592966.062, 1769592966.244, 1769592966.298, 1769592966.541"
1.0,0,1769592964.3332,1.0402,27,32,59,0.0872,0.0644,0.0716,1.0,0.0,98.45,1.3401,0.1275,0.1275,4290.7409,1769592966.7200587,10.37,138,1331,0.193,17,0,0,8.64,15.0,0,1296,1769592965.796,0.063,meta-llama/Llama-3.2-1B-Instruct,"1769592965.796, 1769592966.062, 1769592966.244, 1769592966.298, 1769592966.541"
1.0,0,1769592966.1014,0.452,27,3,30,0.0775,0.0565,0.0565,1.0,0.0,98.45,0.189,-0.4704,0.0,4290.7409,1769592966.7475817,10.44,140,1333,0.195,18,0,0,8.64,15.0,0,1296,1769592965.796,0.063,meta-llama/Llama-3.2-1B-Instruct,"1769592965.796, 1769592966.062, 1769592966.244, 1769592966.298, 1769592966.541"
1.0,0,1769592964.5457,0.8861,27,32,59,0.0914,0.0608,0.0616,1.0,0.0,98.45,1.313,-0.0225,0.0,4290.7409,1769592966.7478688,10.5,140,1333,0.194,17,0,0,8.64,15.0,0,1296,1769592965.796,0.063,meta-llama/Llama-3.2-1B-Instruct,"1769592965.796, 1769592966.062, 1769592966.244, 1769592966.298, 1769592966.541"
1.0,0,1769592964.5808,0.9233,27,32,59,0.0732,0.0687,0.0716,1.0,0.0,98.45,1.2603,-0.0035,0.0,4290.7409,1769592966.77091,10.57,141,1334,0.194,18,0,0,8.64,15.0,0,1296,1769592965.796,0.063,meta-llama/Llama-3.2-1B-Instruct,"1769592965.796, 1769592966.062, 1769592966.244, 1769592966.298, 1769592966.541"
1.0,0,1769592964.7221,1.0441,27,32,59,0.0785,0.0655,0.0703,1.0,0.0,98.45,1.2634,0.1225,0.1225,4290.8634,1769592967.0330482,10.56,141,1335,0.194,17,0,0,8.64,15.0,0,1296,1769592965.796,0.063,meta-llama/Llama-3.2-1B-Instruct,"1769592965.796, 1769592966.062, 1769592966.244, 1769592966.298, 1769592966.541"
1.0,0,1769592964.7958,1.0382,27,32,59,0.0904,0.0702,0.0717,1.0,0.0,98.45,1.3286,0.1285,0.1285,4290.9919,1769592967.164802,10.55,141,1336,0.192,13,0,0,8.64,15.0,0,1296,1769592965.796,0.063,meta-llama/Llama-3.2-1B-Instruct,"1769592965.796, 1769592966.062, 1769592966.244, 1769592966.298, 1769592966.541"
1.0,0,1769592965.0616,0.8502,27,32,59,0.0949,0.0669,0.0678,1.0,0.0,98.45,1.3014,-0.0549,0.0,4290.9919,1769592967.218632,10.62,143,1338,0.193,15,0,0,8.64,15.0,0,1296,1769592965.796,0.063,meta-llama/Llama-3.2-1B-Instruct,"1769592965.796, 1769592966.062, 1769592966.244, 1769592966.298, 1769592966.541"
1.0,0,1769592965.2436,0.6993,27,32,59,0.0744,0.0693,0.0823,1.0,0.0,98.46,1.273,-0.2263,0.0,4290.9919,1769592967.2201638,10.69,143,1338,0.193,15,0,0,8.64,15.0,0,1296,1769592965.796,0.063,meta-llama/Llama-3.2-1B-Instruct,"1769592965.796, 1769592966.062, 1769592966.244, 1769592966.298, 1769592966.541"
1.0,0,1769592965.2979,0.7603,27,32,59,0.0671,0.0704,0.0724,1.0,0.0,98.46,1.2757,-0.1726,0.0,4290.9919,1769592967.3417413,10.75,144,1339,0.194,17,0,0,8.64,15.0,0,1296,1769592965.796,0.063,meta-llama/Llama-3.2-1B-Instruct,"1769592965.796, 1769592966.062, 1769592966.244, 1769592966.298, 1769592966.541"
1.0,0,1769592965.5409,0.6001,27,32,59,0.0937,0.0642,0.0673,1.0,0.0,98.46,1.2452,-0.3062,0.0,4290.9919,1769592967.4008906,10.82,145,1340,0.194,17,0,0,8.64,15.0,0,1296,1769592965.796,0.063,meta-llama/Llama-3.2-1B-Instruct,"1769592965.796, 1769592966.062, 1769592966.244, 1769592966.298, 1769592966.541"
1.0,0,1769592965.5701,0.6153,27,32,59,0.056,0.068,0.0689,1.0,0.0,98.46,1.2169,-0.3287,0.0,4290.9919,1769592967.4033415,10.89,146,1341,0.195,17,0,0,8.64,15.0,0,1296,1769592965.796,0.063,meta-llama/Llama-3.2-1B-Instruct,"1769592965.796, 1769592966.062, 1769592966.244, 1769592966.298, 1769592966.541"
1.0,0,1769592966.2364,0.3732,27,20,47,0.103,0.0695,0.0695,1.0,0.0,98.46,0.812,-0.5239,0.0,4290.9919,1769592967.4269662,10.95,147,1342,0.195,18,0,0,8.64,15.0,0,1296,1769592965.796,0.063,meta-llama/Llama-3.2-1B-Instruct,"1769592965.796, 1769592966.062, 1769592966.244, 1769592966.298, 1769592966.541"
1.0,0,1769592965.7301,0.5823,27,32,59,0.0804,0.0707,0.0737,1.0,0.0,98.46,1.1916,-0.3373,0.0,4290.9919,1769592967.5093305,11.02,148,1343,0.195,19,0,0,8.64,15.0,0,1296,1769592965.796,0.063,meta-llama/Llama-3.2-1B-Instruct,"1769592965.796, 1769592966.062, 1769592966.244, 1769592966.298, 1769592966.541"
1.0,0,1769592965.8863,0.5133,27,32,59,0.0897,0.0655,0.0667,1.0,0.0,98.46,1.1451,-0.397,0.0,4290.9919,1769592967.545513,11.09,149,1344,0.196,19,0,0,8.64,15.0,0,1296,1769592965.796,0.063,meta-llama/Llama-3.2-1B-Instruct,"1769592965.796, 1769592966.062, 1769592966.244, 1769592966.298, 1769592966.541"
1.0,0,1769592966.3353,0.5419,27,26,53,0.0834,0.0718,0.9792,1.0,0.0,98.46,1.9554,-0.3746,0.0,4290.9919,1769592968.844786,11.15,150,1345,0.196,16,0,0,8.64,15.0,0,1296,1769592965.796,0.063,meta-llama/Llama-3.2-1B-Instruct,"1769592965.796, 1769592966.062, 1769592966.244, 1769592966.298, 1769592966.541"
1.0,0,1769592966.5236,0.4256,27,32,59,0.0784,0.0685,0.9749,1.0,0.0,98.47,2.0793,-0.4959,0.0,4290.9919,1769592969.0305438,11.22,151,1346,0.196,16,1,0,8.64,15.0,0,1296,1769592965.796,0.063,meta-llama/Llama-3.2-1B-Instruct,"1769592965.796, 1769592966.062, 1769592966.244, 1769592966.298, 1769592966.541"
1.0,0,1769592966.6698,0.3401,27,32,59,0.0738,0.0658,0.9794,1.0,0.0,98.47,2.0765,-0.5861,0.0,4290.9919,1769592969.0923407,11.28,152,1347,0.196,17,0,0,8.64,15.0,0,1296,1769592965.796,0.063,meta-llama/Llama-3.2-1B-Instruct,"1769592965.796, 1769592966.062, 1769592966.244, 1769592966.298, 1769592966.541"
1.0,0,1769592966.7012,0.3691,27,32,59,0.0874,0.0631,0.9751,1.0,0.0,98.47,2.0614,-0.5435,0.0,4290.9919,1769592969.13748,11.35,153,1348,0.196,17,0,0,8.64,15.0,0,1296,1769592965.796,0.063,meta-llama/Llama-3.2-1B-Instruct,"1769592965.796, 1769592966.062, 1769592966.244, 1769592966.298, 1769592966.541"
1.0,0,1769592966.8421,0.2974,27,32,59,0.0785,0.0542,0.9891,1.0,0.0,98.47,2.0492,-0.6241,0.0,4290.9919,1769592969.1916099,11.42,154,1349,0.197,18,1,0,8.64,15.0,0,1296,1769592965.796,0.063,meta-llama/Llama-3.2-1B-Instruct,"1769592965.796, 1769592966.062, 1769592966.244, 1769592966.298, 1769592966.541"
1.0,0,1769592966.9865,0.2553,27,32,59,0.0603,0.0686,0.9747,1.0,0.0,98.47,2.0108,-0.6843,0.0,4290.9919,1769592969.2543266,11.48,155,1350,0.196,17,0,0,8.64,15.0,0,1296,1769592965.796,0.063,meta-llama/Llama-3.2-1B-Instruct,"1769592965.796, 1769592966.062, 1769592966.244, 1769592966.298, 1769592966.541"
1.0,0,1769592967.1823,0.2148,27,32,59,0.0663,0.0736,0.9752,1.0,0.0,98.47,2.1422,-0.7189,0.0,4290.9919,1769592969.5405571,11.55,156,1351,0.196,17,0,0,8.64,15.0,0,1296,1769592965.796,0.063,meta-llama/Llama-3.2-1B-Instruct,"1769592965.796, 1769592966.062, 1769592966.244, 1769592966.298, 1769592966.541"
1.0,0,1769592967.7459,0.0642,27,32,59,0.7556,0.0693,0.0758,1.0,0.0,98.47,1.9817,-0.1802,0.0,4290.9919,1769592969.7999783,11.61,158,1353,0.219,14,0,0,8.64,15.0,0,1296,1769592965.796,0.063,meta-llama/Llama-3.2-1B-Instruct,"1769592965.796, 1769592966.062, 1769592966.244, 1769592966.298, 1769592966.541"
1.0,0,1769592967.5719,0.0842,27,32,59,0.9086,0.0728,0.0765,1.0,0.0,98.47,2.1442,-0.0072,0.0,4290.9919,1769592969.813238,11.74,160,1355,0.219,14,0,0,8.64,15.0,0,1296,1769592965.796,0.063,meta-llama/Llama-3.2-1B-Instruct,"1769592965.796, 1769592966.062, 1769592966.244, 1769592966.298, 1769592966.541"
1.0,0,1769592967.6684,0.0562,27,32,59,0.8467,0.0771,0.0824,1.0,0.0,98.47,2.0768,-0.0971,0.0,4290.9919,1769592969.81548,11.81,160,1355,0.219,14,0,0,8.64,15.0,0,1296,1769592965.796,0.063,meta-llama/Llama-3.2-1B-Instruct,"1769592965.796, 1769592966.062, 1769592966.244, 1769592966.298, 1769592966.541"
1.0,0,1769592967.6204,0.0755,27,32,59,0.8716,0.0708,0.0764,1.0,0.0,98.48,2.1031,-0.053,0.0,4290.9919,1769592969.8156877,11.68,160,1355,0.219,14,0,0,8.64,15.0,0,1296,1769592965.796,0.063,meta-llama/Llama-3.2-1B-Instruct,"1769592965.796, 1769592966.062, 1769592966.244, 1769592966.298, 1769592966.541"
1.0,0,1769592967.7748,1.2288,27,32,59,0.081,0.0764,0.0853,1.0,0.0,98.48,1.2734,0.3098,0.3098,4291.3017,1769592970.2780929,11.8,160,1356,0.284,19,0,0,8.64,15.0,0,1296,1769592965.796,0.063,meta-llama/Llama-3.2-1B-Instruct,"1769592965.796, 1769592966.062, 1769592966.244, 1769592966.298, 1769592966.541"
1.0,0,1769592967.8145,1.3048,27,32,59,0.0604,0.0713,0.0716,1.0,0.0,98.48,1.2182,0.3652,0.3652,4291.6669,1769592970.3389611,11.79,160,1357,0.283,17,0,0,8.64,15.0,0,1296,1769592965.796,0.063,meta-llama/Llama-3.2-1B-Instruct,"1769592965.796, 1769592966.062, 1769592966.244, 1769592966.298, 1769592966.541"
1.0,0,1769592967.9384,1.3304,27,31,58,0.069,0.0776,0.0785,1.0,0.0,98.48,1.2289,0.3994,0.3994,4292.0663,1769592970.5008712,11.78,160,1358,0.282,16,0,0,8.64,15.0,0,1296,1769592965.796,0.063,meta-llama/Llama-3.2-1B-Instruct,"1769592965.796, 1769592966.062, 1769592966.244, 1769592966.298, 1769592966.541"
1.0,0,1769592968.0058,1.3143,27,32,59,0.081,0.0777,0.0923,1.0,0.0,98.48,1.2354,0.3953,0.3953,4292.4616,1769592970.559397,11.77,160,1359,0.283,16,0,0,8.64,15.0,0,1296,1769592965.796,0.063,meta-llama/Llama-3.2-1B-Instruct,"1769592965.796, 1769592966.062, 1769592966.244, 1769592966.298, 1769592966.541"
1.0,0,1769592968.0305,1.3536,27,32,59,0.1001,0.0756,0.0775,1.0,0.0,98.48,1.2045,0.4537,0.4537,4293.2731,1769592970.592194,11.76,160,1361,0.283,17,0,0,8.64,15.0,0,1296,1769592965.796,0.063,meta-llama/Llama-3.2-1B-Instruct,"1769592965.796, 1769592966.062, 1769592966.244, 1769592966.298, 1769592966.541"
1.0,0,1769592968.1355,1.3,27,32,59,0.0578,0.0748,0.0761,1.0,0.0,98.48,1.1526,0.3578,0.3578,4293.2731,1769592970.5925124,11.76,160,1361,0.284,18,0,0,8.64,15.0,0,1296,1769592965.796,0.063,meta-llama/Llama-3.2-1B-Instruct,"1769592965.796, 1769592966.062, 1769592966.244, 1769592966.298, 1769592966.541"
200.0,1,1769592816.0846,151.4628,2608,56,2664,0.3642,0.0777,0.7002,200.0,0.0,98.48,3.0851,-45.4521,0.0,4293.2731,1769592970.6427002,11.82,161,1362,0.196,15,0,0,8.64,15.0,0,1296,1769592965.796,0.063,meta-llama/Llama-3.2-1B-Instruct,"1769592965.796, 1769592966.062, 1769592966.244, 1769592966.298, 1769592966.541"
1.0,0,1769592968.2018,1.4992,27,32,59,0.0943,0.0756,0.0828,1.0,0.0,98.48,1.1984,0.5935,0.5935,4293.8666,1769592970.903266,11.81,161,1363,0.285,19,0,0,8.64,15.0,0,1348,1769592969.651,-1.093,meta-llama/Llama-3.2-1B-Instruct,"1769592969.651, 1769592969.701, 1769592969.774, 1769592969.827, 1769592969.955"
1.0,0,1769592968.2678,1.7297,27,32,59,0.0928,0.0749,0.0853,1.0,0.0,98.49,1.3817,0.8225,0.8225,4295.455,1769592971.3800502,11.79,161,1365,0.284,16,0,0,8.64,15.0,0,1348,1769592969.651,-1.093,meta-llama/Llama-3.2-1B-Instruct,"1769592969.651, 1769592969.701, 1769592969.774, 1769592969.827, 1769592969.955"
1.0,0,1769592968.3355,1.7065,27,32,59,0.0594,0.072,0.0866,1.0,0.0,98.49,1.3368,0.7659,0.7659,4295.455,1769592971.3802664,11.8,161,1365,0.285,16,0,0,8.64,15.0,0,1348,1769592969.651,-1.093,meta-llama/Llama-3.2-1B-Instruct,"1769592969.651, 1769592969.701, 1769592969.774, 1769592969.827, 1769592969.955"
1.0,0,1769592968.5084,1.9705,27,22,49,0.0752,0.0748,0.0818,1.0,0.0,98.49,0.9256,1.0457,1.0457,4296.5006,1769592971.4054086,11.79,161,1366,0.286,19,0,0,8.64,15.0,0,1348,1769592969.651,-1.093,meta-llama/Llama-3.2-1B-Instruct,"1769592969.651, 1769592969.701, 1769592969.774, 1769592969.827, 1769592969.955"
1.0,0,1769592968.3853,1.7759,27,32,59,0.0632,0.0708,0.088,1.0,0.0,98.49,1.2739,0.8391,0.8391,4298.2032,1769592971.4402194,11.78,161,1368,0.286,18,1,0,8.64,15.0,0,1348,1769592969.651,-1.093,meta-llama/Llama-3.2-1B-Instruct,"1769592969.651, 1769592969.701, 1769592969.774, 1769592969.827, 1769592969.955"
1.0,0,1769592968.3601,1.7554,27,32,59,0.108,0.0738,0.0791,1.0,0.0,98.49,1.3229,0.8634,0.8634,4298.2032,1769592971.44083,11.77,161,1368,0.286,18,0,0,8.64,15.0,0,1348,1769592969.651,-1.093,meta-llama/Llama-3.2-1B-Instruct,"1769592969.651, 1769592969.701, 1769592969.774, 1769592969.827, 1769592969.955"
1.0,0,1769592968.4091,1.977,27,32,59,0.0843,0.0722,0.0772,1.0,0.0,98.49,1.1781,1.0613,1.0613,4299.2645,1769592971.5833254,11.76,161,1369,0.286,18,0,0,8.64,15.0,0,1348,1769592969.651,-1.093,meta-llama/Llama-3.2-1B-Instruct,"1769592969.651, 1769592969.701, 1769592969.774, 1769592969.827, 1769592969.955"
1.0,0,1769592968.5371,2.074,27,32,59,0.0838,0.0743,0.083,1.0,0.0,98.49,1.2683,1.1578,1.1578,4300.4223,1769592971.8845382,11.75,161,1370,0.285,16,0,0,8.64,15.0,0,1348,1769592969.651,-1.093,meta-llama/Llama-3.2-1B-Instruct,"1769592969.651, 1769592969.701, 1769592969.774, 1769592969.827, 1769592969.955"
1.0,0,1769592968.5676,2.1115,27,32,59,0.0614,0.0748,0.0903,1.0,0.0,98.49,1.2553,1.1728,1.1728,4301.5952,1769592971.940473,11.74,161,1371,0.26,15,0,0,8.64,15.0,0,1348,1769592969.651,-1.093,meta-llama/Llama-3.2-1B-Instruct,"1769592969.651, 1769592969.701, 1769592969.774, 1769592969.827, 1769592969.955"
1.0,0,1769592968.5969,2.1676,27,32,59,0.0887,0.0666,0.0751,1.0,0.0,98.5,1.2457,1.2563,1.2563,4302.8515,1769592972.0141985,11.73,161,1372,0.261,17,0,0,8.64,15.0,0,1348,1769592969.651,-1.093,meta-llama/Llama-3.2-1B-Instruct,"1769592969.651, 1769592969.701, 1769592969.774, 1769592969.827, 1769592969.955"
1.0,0,1769592968.7015,2.2172,27,32,59,0.0707,0.075,0.0773,1.0,0.0,98.5,1.2488,1.2878,1.2878,4305.4706,1769592972.1783633,11.73,161,1374,0.261,17,1,0,8.64,15.0,0,1348,1769592969.651,-1.093,meta-llama/Llama-3.2-1B-Instruct,"1769592969.651, 1769592969.701, 1769592969.774, 1769592969.827, 1769592969.955"
1.0,0,1769592968.6509,2.2169,27,32,59,0.1144,0.0679,0.0687,1.0,0.0,98.5,1.3,1.3314,1.3314,4305.4706,1769592972.1785693,11.72,161,1374,0.261,18,0,0,8.64,15.0,0,1348,1769592969.651,-1.093,meta-llama/Llama-3.2-1B-Instruct,"1769592969.651, 1769592969.701, 1769592969.774, 1769592969.827, 1769592969.955"
1.0,0,1769592968.7743,2.2507,27,32,59,0.0939,0.0632,0.0666,1.0,0.0,98.5,1.2681,1.3445,1.3445,4306.8152,1769592972.2963243,11.71,161,1375,0.262,19,0,0,8.64,15.0,0,1348,1769592969.651,-1.093,meta-llama/Llama-3.2-1B-Instruct,"1769592969.651, 1769592969.701, 1769592969.774, 1769592969.827, 1769592969.955"
1.0,0,1769592970.2316,2.2326,27,9,36,0.0788,0.0393,0.0393,1.0,0.0,98.5,0.3609,1.3113,1.3113,4308.1265,1769592972.8286924,11.7,161,1376,0.264,18,1,0,8.64,15.0,0,1348,1769592969.651,-1.093,meta-llama/Llama-3.2-1B-Instruct,"1769592969.651, 1769592969.701, 1769592969.774, 1769592969.827, 1769592969.955"
1.0,0,1769592968.8271,2.7174,27,32,59,0.0807,0.0708,0.1152,1.0,0.0,98.5,1.4093,1.7981,1.7981,4309.9246,1769592972.959702,11.69,161,1377,0.262,15,0,0,8.64,15.0,0,1348,1769592969.651,-1.093,meta-llama/Llama-3.2-1B-Instruct,"1769592969.651, 1769592969.701, 1769592969.774, 1769592969.827, 1769592969.955"
1.0,0,1769592968.9546,2.661,27,32,59,0.0695,0.0801,0.1039,1.0,0.0,98.5,1.394,1.7305,1.7305,4311.6551,1769592973.0157568,11.68,161,1378,0.262,14,0,0,8.64,15.0,0,1348,1769592969.651,-1.093,meta-llama/Llama-3.2-1B-Instruct,"1769592969.651, 1769592969.701, 1769592969.774, 1769592969.827, 1769592969.955"
1.0,0,1769592969.2341,2.4316,27,32,59,0.0798,0.0657,0.1078,1.0,0.0,98.5,1.3749,1.5114,1.5114,4313.1665,1769592973.0477712,11.68,161,1379,0.262,15,0,0,8.64,15.0,0,1348,1769592969.651,-1.093,meta-llama/Llama-3.2-1B-Instruct,"1769592969.651, 1769592969.701, 1769592969.774, 1769592969.827, 1769592969.955"
1.0,0,1769592969.3592,2.3715,27,32,59,0.0792,0.0732,0.1063,1.0,0.0,98.5,1.3553,1.4507,1.4507,4314.6172,1769592973.0937703,11.67,161,1380,0.263,17,0,0,8.64,15.0,0,1348,1769592969.651,-1.093,meta-llama/Llama-3.2-1B-Instruct,"1769592969.651, 1769592969.701, 1769592969.774, 1769592969.827, 1769592969.955"
1.0,0,1769592969.4112,2.3822,27,32,59,0.0787,0.0622,0.1197,1.0,0.0,98.51,1.3167,1.4609,1.4609,4316.0781,1769592973.1110406,11.66,161,1381,0.263,17,0,0,8.64,15.0,0,1348,1769592969.651,-1.093,meta-llama/Llama-3.2-1B-Instruct,"1769592969.651, 1769592969.701, 1769592969.774, 1769592969.827, 1769592969.955"
1.0,0,1769592969.4488,2.407,27,32,59,0.0793,0.0751,0.1153,1.0,0.0,98.51,1.2723,1.4863,1.4863,4317.5644,1769592973.1327903,11.65,161,1382,0.264,18,0,0,8.64,15.0,0,1348,1769592969.651,-1.093,meta-llama/Llama-3.2-1B-Instruct,"1769592969.651, 1769592969.701, 1769592969.774, 1769592969.827, 1769592969.955"
1.0,0,1769592969.494,2.4972,27,32,59,0.0909,0.0672,0.1141,1.0,0.0,98.51,1.2368,1.5881,1.5881,4319.1525,1769592973.2289114,11.64,161,1383,0.264,18,0,0,8.64,15.0,0,1348,1769592969.651,-1.093,meta-llama/Llama-3.2-1B-Instruct,"1769592969.651, 1769592969.701, 1769592969.774, 1769592969.827, 1769592969.955"
1.0,0,1769592969.6641,2.3975,27,32,59,0.0958,0.0842,0.1052,1.0,0.0,98.51,1.2853,1.4933,1.4933,4320.6458,1769592973.3507683,11.63,161,1384,0.264,18,0,0,8.64,15.0,0,1348,1769592969.651,-1.093,meta-llama/Llama-3.2-1B-Instruct,"1769592969.651, 1769592969.701, 1769592969.774, 1769592969.827, 1769592969.955"
1.0,0,1769592969.8696,2.2924,27,32,59,0.0874,0.0808,0.1101,1.0,0.0,98.51,1.2418,1.3797,1.3797,4322.0256,1769592973.4069345,11.62,161,1385,0.264,17,0,0,8.64,15.0,0,1348,1769592969.651,-1.093,meta-llama/Llama-3.2-1B-Instruct,"1769592969.651, 1769592969.701, 1769592969.774, 1769592969.827, 1769592969.955"
1.0,0,1769592970.9982,2.3744,27,3,30,0.0849,0.0657,0.0657,1.0,0.0,98.51,0.1902,1.4593,1.4593,4323.4849,1769592973.5636208,11.62,161,1386,0.266,16,0,0,8.64,15.0,0,1348,1769592969.651,-1.093,meta-llama/Llama-3.2-1B-Instruct,"1769592969.651, 1769592969.701, 1769592969.774, 1769592969.827, 1769592969.955"
1.0,0,1769592970.1214,2.2913,27,32,59,0.0602,0.0691,0.0795,1.0,0.0,98.51,1.1776,1.3515,1.3515,4324.8364,1769592973.5921855,11.61,161,1387,0.264,17,0,0,8.64,15.0,0,1348,1769592969.651,-1.093,meta-llama/Llama-3.2-1B-Instruct,"1769592969.651, 1769592969.701, 1769592969.774, 1769592969.827, 1769592969.955"
1.0,0,1769592970.0808,2.2884,27,32,59,0.1049,0.0698,0.0794,1.0,0.0,98.51,1.2234,1.3933,1.3933,4326.2297,1769592973.6109827,11.6,161,1388,0.264,17,0,0,8.64,15.0,0,1348,1769592969.651,-1.093,meta-llama/Llama-3.2-1B-Instruct,"1769592969.651, 1769592969.701, 1769592969.774, 1769592969.827, 1769592969.955"
1.0,0,1769592970.3131,2.6207,27,32,59,0.0733,0.0888,0.0935,1.0,0.0,98.51,1.2768,1.6941,1.6941,4327.9237,1769592974.215534,11.59,161,1389,0.267,19,0,0,8.64,15.0,0,1348,1769592969.651,-1.093,meta-llama/Llama-3.2-1B-Instruct,"1769592969.651, 1769592969.701, 1769592969.774, 1769592969.827, 1769592969.955"
1.0,0,1769592970.3633,2.7252,27,32,59,0.1144,0.0801,0.0988,1.0,0.0,98.52,1.2824,1.8397,1.8397,4329.7634,1769592974.3755426,11.58,161,1390,0.266,16,0,0,8.64,15.0,0,1348,1769592969.651,-1.093,meta-llama/Llama-3.2-1B-Instruct,"1769592969.651, 1769592969.701, 1769592969.774, 1769592969.827, 1769592969.955"
1.0,0,1769592970.4199,2.7538,27,32,59,0.096,0.077,0.104,1.0,0.0,98.52,1.3212,1.8498,1.8498,4331.6132,1769592974.4960103,11.57,161,1391,0.266,15,0,0,8.64,15.0,0,1348,1769592969.651,-1.093,meta-llama/Llama-3.2-1B-Instruct,"1769592969.651, 1769592969.701, 1769592969.774, 1769592969.827, 1769592969.955"
1.0,0,1769592970.4725,2.7802,27,32,59,0.0938,0.0655,0.097,1.0,0.0,98.52,1.2706,1.874,1.874,4333.4872,1769592974.5299065,11.57,161,1392,0.265,14,0,0,8.64,15.0,0,1348,1769592969.651,-1.093,meta-llama/Llama-3.2-1B-Instruct,"1769592969.651, 1769592969.701, 1769592969.774, 1769592969.827, 1769592969.955"
1.0,0,1769592970.5736,2.7443,27,32,59,0.0801,0.0788,0.0964,1.0,0.0,98.52,1.246,1.8244,1.8244,4335.3115,1769592974.565993,11.56,161,1393,0.265,15,0,0,8.64,15.0,0,1348,1769592969.651,-1.093,meta-llama/Llama-3.2-1B-Instruct,"1769592969.651, 1769592969.701, 1769592969.774, 1769592969.827, 1769592969.955"
1.0,0,1769592971.0455,2.3995,27,32,59,0.0912,0.0626,0.0889,1.0,0.0,98.52,1.2998,1.4907,1.4907,4336.8022,1769592974.7548625,11.55,161,1394,0.265,16,0,0,8.64,15.0,0,1348,1769592969.651,-1.093,meta-llama/Llama-3.2-1B-Instruct,"1769592969.651, 1769592969.701, 1769592969.774, 1769592969.827, 1769592969.955"
1.0,0,1769592971.2103,2.4188,27,31,58,0.0822,0.0673,0.0689,1.0,0.0,98.52,1.3678,1.501,1.501,4339.8626,1769592975.0010238,11.54,161,1396,0.265,14,0,0,8.64,15.0,0,1348,1769592969.651,-1.093,meta-llama/Llama-3.2-1B-Instruct,"1769592969.651, 1769592969.701, 1769592969.774, 1769592969.827, 1769592969.955"
1.0,0,1769592971.148,2.4524,27,32,59,0.1069,0.0761,0.1082,1.0,0.0,98.52,1.4003,1.5594,1.5594,4339.8626,1769592975.0016763,11.53,161,1396,0.266,17,0,0,8.64,15.0,0,1348,1769592969.651,-1.093,meta-llama/Llama-3.2-1B-Instruct,"1769592969.651, 1769592969.701, 1769592969.774, 1769592969.827, 1769592969.955"
1.0,0,1769592971.2875,2.3939,27,32,59,0.0964,0.0759,0.1051,1.0,0.0,98.52,1.3439,1.4903,1.4903,4341.3529,1769592975.0339575,11.52,161,1397,0.265,14,0,0,8.64,15.0,0,1348,1769592969.651,-1.093,meta-llama/Llama-3.2-1B-Instruct,"1769592969.651, 1769592969.701, 1769592969.774, 1769592969.827, 1769592969.955"
1.0,0,1769592971.3574,2.426,27,32,59,0.0713,0.0769,0.0977,1.0,0.0,98.52,1.3229,1.4974,1.4974,4342.8503,1769592975.109823,11.52,161,1398,0.266,17,0,0,8.64,15.0,0,1348,1769592969.651,-1.093,meta-llama/Llama-3.2-1B-Instruct,"1769592969.651, 1769592969.701, 1769592969.774, 1769592969.827, 1769592969.955"
1.0,0,1769592971.5075,2.382,27,32,59,0.0576,0.0652,0.0885,1.0,0.0,98.53,1.2676,1.4396,1.4396,4345.813,1769592975.1791196,11.51,161,1400,0.267,18,0,0,8.64,15.0,0,1348,1769592969.651,-1.093,meta-llama/Llama-3.2-1B-Instruct,"1769592969.651, 1769592969.701, 1769592969.774, 1769592969.827, 1769592969.955"
1.0,0,1769592971.4229,2.4204,27,32,59,0.1027,0.0923,0.131,1.0,0.0,98.53,1.3205,1.5231,1.5231,4345.813,1769592975.1797166,11.5,161,1400,0.267,17,0,0,8.64,15.0,0,1348,1769592969.651,-1.093,meta-llama/Llama-3.2-1B-Instruct,"1769592969.651, 1769592969.701, 1769592969.774, 1769592969.827, 1769592969.955"
1.0,0,1769592971.5939,2.7942,27,32,59,0.0695,0.0883,0.0994,1.0,0.0,98.53,1.3597,1.8637,1.8637,4347.6768,1769592975.7527575,11.49,161,1401,0.269,18,0,0,8.64,15.0,0,1348,1769592969.651,-1.093,meta-llama/Llama-3.2-1B-Instruct,"1769592969.651, 1769592969.701, 1769592969.774, 1769592969.827, 1769592969.955"
1.0,0,1769592972.3857,2.4405,27,21,48,0.1012,0.0617,0.0964,1.0,0.0,98.53,0.9575,1.5417,1.5417,4349.2185,1769592975.7861197,11.48,161,1402,0.269,17,0,0,8.64,15.0,0,1385,1769592974.292,-1.479,meta-llama/Llama-3.2-1B-Instruct,"1769592974.292, 1769592974.323, 1769592974.585, 1769592974.821, 1769592974.863"
1.0,0,1769592971.8288,2.7034,27,32,59,0.083,0.0935,0.1105,1.0,0.0,98.53,1.3414,1.7864,1.7864,4351.0049,1769592975.878788,11.48,161,1403,0.269,18,0,0,8.64,15.0,0,1385,1769592974.292,-1.479,meta-llama/Llama-3.2-1B-Instruct,"1769592974.292, 1769592974.323, 1769592974.585, 1769592974.821, 1769592974.863"
1.0,0,1769592971.8803,2.7919,27,32,59,0.0712,0.102,0.1055,1.0,0.0,98.53,1.3021,1.863,1.863,4352.868,1769592975.9774728,11.47,161,1404,0.269,17,0,0,8.64,15.0,0,1385,1769592974.292,-1.479,meta-llama/Llama-3.2-1B-Instruct,"1769592974.292, 1769592974.323, 1769592974.585, 1769592974.821, 1769592974.863"
1.0,0,1769592971.9103,2.9108,27,32,59,0.0989,0.0764,0.105,1.0,0.0,98.53,1.2359,2.0097,2.0097,4356.2109,1769592976.0803885,11.46,161,1406,0.269,17,0,0,8.64,15.0,0,1385,1769592974.292,-1.479,meta-llama/Llama-3.2-1B-Instruct,"1769592974.292, 1769592974.323, 1769592974.585, 1769592974.821, 1769592974.863"
1.0,0,1769592972.6617,2.252,27,32,59,0.0812,0.0606,0.1019,1.0,0.0,98.53,1.1619,1.3333,1.3333,4357.5828,1769592976.0825355,11.45,161,1407,0.27,18,1,0,8.64,15.0,0,1385,1769592974.292,-1.479,meta-llama/Llama-3.2-1B-Instruct,"1769592974.292, 1769592974.323, 1769592974.585, 1769592974.821, 1769592974.863"
1.0,0,1769592972.8567,2.3019,27,25,52,0.0699,0.0542,0.1107,1.0,0.0,98.53,0.9223,1.3719,1.3719,4357.5828,1769592976.083445,11.44,161,1407,0.268,15,0,0,8.64,15.0,0,1385,1769592974.292,-1.479,meta-llama/Llama-3.2-1B-Instruct,"1769592974.292, 1769592974.323, 1769592974.585, 1769592974.821, 1769592974.863"
1.0,0,1769592972.7801,2.3102,27,33,60,0.0742,0.1054,0.1227,1.0,0.0,98.53,1.2257,1.3844,1.3844,4358.9672,1769592976.3183546,11.43,161,1408,0.269,16,0,0,8.64,15.0,0,1385,1769592974.292,-1.479,meta-llama/Llama-3.2-1B-Instruct,"1769592974.292, 1769592974.323, 1769592974.585, 1769592974.821, 1769592974.863"
1.0,0,1769592972.9006,2.3285,27,32,59,0.0801,0.0952,0.1286,1.0,0.0,98.54,1.2786,1.4086,1.4086,4360.3757,1769592976.5088794,11.43,161,1409,0.269,16,0,0,8.64,15.0,0,1385,1769592974.292,-1.479,meta-llama/Llama-3.2-1B-Instruct,"1769592974.292, 1769592974.323, 1769592974.585, 1769592974.821, 1769592974.863"
1.0,0,1769592973.0569,2.2804,27,32,59,0.0572,0.066,0.127,1.0,0.0,98.54,1.2213,1.3375,1.3375,4363.1485,1769592976.5631747,11.41,161,1411,0.27,17,0,0,8.64,15.0,0,1385,1769592974.292,-1.479,meta-llama/Llama-3.2-1B-Instruct,"1769592974.292, 1769592974.323, 1769592974.585, 1769592974.821, 1769592974.863"
1.0,0,1769592972.9565,2.3353,27,32,59,0.0999,0.0676,0.1292,1.0,0.0,98.54,1.2623,1.4352,1.4352,4363.1485,1769592976.5643177,11.42,161,1411,0.269,17,0,0,8.64,15.0,0,1385,1769592974.292,-1.479,meta-llama/Llama-3.2-1B-Instruct,"1769592974.292, 1769592974.323, 1769592974.585, 1769592974.821, 1769592974.863"
1.0,0,1769592973.1474,2.2372,27,32,59,0.0819,0.0594,0.1425,1.0,0.0,98.54,1.2028,1.3192,1.3192,4364.4677,1769592976.5989723,11.4,161,1412,0.27,18,1,0,8.64,15.0,0,1385,1769592974.292,-1.479,meta-llama/Llama-3.2-1B-Instruct,"1769592974.292, 1769592974.323, 1769592974.585, 1769592974.821, 1769592974.863"
1.0,0,1769592973.2924,2.7692,27,32,59,0.1321,0.0647,0.1089,1.0,0.0,98.54,1.3543,1.9012,1.9012,4366.3689,1769592977.424902,11.39,161,1413,0.272,17,0,0,8.64,15.0,0,1385,1769592974.292,-1.479,meta-llama/Llama-3.2-1B-Instruct,"1769592974.292, 1769592974.323, 1769592974.585, 1769592974.821, 1769592974.863"
1.0,0,1769592973.8206,2.3433,27,32,59,0.071,0.0678,0.0815,1.0,0.0,98.54,1.2622,1.4143,1.4143,4371.2937,1769592977.4292605,11.39,161,1416,0.271,13,2,0,8.64,15.0,0,1385,1769592974.292,-1.479,meta-llama/Llama-3.2-1B-Instruct,"1769592974.292, 1769592974.323, 1769592974.585, 1769592974.821, 1769592974.863"
1.0,0,1769592973.5847,2.5144,27,32,59,0.1248,0.0691,0.0852,1.0,0.0,98.54,1.329,1.6393,1.6393,4371.2937,1769592977.4298,11.38,161,1416,0.27,13,0,0,8.64,15.0,0,1385,1769592974.292,-1.479,meta-llama/Llama-3.2-1B-Instruct,"1769592974.292, 1769592974.323, 1769592974.585, 1769592974.821, 1769592974.863"
1.0,0,1769592973.3232,2.7345,27,32,59,0.1367,0.0777,0.1109,1.0,0.0,98.54,1.3711,1.8712,1.8712,4371.2937,1769592977.430094,11.37,161,1416,0.271,16,0,0,8.64,15.0,0,1385,1769592974.292,-1.479,meta-llama/Llama-3.2-1B-Instruct,"1769592974.292, 1769592974.323, 1769592974.585, 1769592974.821, 1769592974.863"
1.0,0,1769592973.8633,2.3644,27,31,58,0.108,0.0663,0.0807,1.0,0.0,98.54,1.2186,1.4724,1.4724,4373.6751,1769592977.448701,11.36,161,1418,0.271,16,1,0,8.64,15.0,0,1385,1769592974.292,-1.479,meta-llama/Llama-3.2-1B-Instruct,"1769592974.292, 1769592974.323, 1769592974.585, 1769592974.821, 1769592974.863"
1.0,0,1769592974.4283,1.8471,27,32,59,0.0619,0.0648,0.0658,1.0,0.0,98.55,1.1718,0.9091,0.9091,4373.6751,1769592977.4489138,11.35,161,1418,0.272,17,0,0,8.64,15.0,0,1385,1769592974.292,-1.479,meta-llama/Llama-3.2-1B-Instruct,"1769592974.292, 1769592974.323, 1769592974.585, 1769592974.821, 1769592974.863"
1.0,0,1769592974.4762,1.8672,27,32,59,0.0863,0.0705,0.0705,1.0,0.0,98.55,1.1597,0.9536,0.9536,4374.6287,1769592977.506534,11.35,161,1419,0.272,18,0,0,8.64,15.0,0,1385,1769592974.292,-1.479,meta-llama/Llama-3.2-1B-Instruct,"1769592974.292, 1769592974.323, 1769592974.585, 1769592974.821, 1769592974.863"
1.0,0,1769592974.6326,1.8433,27,32,59,0.0777,0.0623,0.0745,1.0,0.0,98.55,1.0713,0.921,0.921,4375.5497,1769592977.5482016,11.34,161,1420,0.273,19,0,0,8.64,15.0,0,1385,1769592974.292,-1.479,meta-llama/Llama-3.2-1B-Instruct,"1769592974.292, 1769592974.323, 1769592974.585, 1769592974.821, 1769592974.863"
1.0,0,1769592974.7004,1.9996,27,32,59,0.0931,0.0632,0.0678,1.0,0.0,98.55,1.1757,1.0927,1.0927,4376.6423,1769592977.8773272,11.33,161,1421,0.272,16,0,0,8.64,15.0,0,1385,1769592974.292,-1.479,meta-llama/Llama-3.2-1B-Instruct,"1769592974.292, 1769592974.323, 1769592974.585, 1769592974.821, 1769592974.863"
1.0,0,1769592974.847,1.9289,27,32,59,0.0745,0.0586,0.0936,1.0,0.0,98.55,1.1962,1.0034,1.0034,4377.6458,1769592977.9785914,11.32,161,1422,0.273,17,0,0,8.64,15.0,0,1385,1769592974.292,-1.479,meta-llama/Llama-3.2-1B-Instruct,"1769592974.292, 1769592974.323, 1769592974.585, 1769592974.821, 1769592974.863"
1.0,0,1769592974.8785,1.9586,27,32,59,0.0841,0.0936,0.0983,1.0,0.0,98.55,1.2313,1.0428,1.0428,4378.6885,1769592978.0761018,11.31,161,1423,0.273,18,0,0,8.64,15.0,0,1385,1769592974.292,-1.479,meta-llama/Llama-3.2-1B-Instruct,"1769592974.292, 1769592974.323, 1769592974.585, 1769592974.821, 1769592974.863"
1.0,0,1769592974.9214,1.9813,27,32,59,0.0632,0.0885,0.1001,1.0,0.0,98.55,1.1966,1.0445,1.0445,4379.733,1769592978.106163,11.31,161,1424,0.273,19,0,0,8.64,15.0,0,1385,1769592974.292,-1.479,meta-llama/Llama-3.2-1B-Instruct,"1769592974.292, 1769592974.323, 1769592974.585, 1769592974.821, 1769592974.863"
1.0,0,1769592975.0168,2.5506,27,32,59,0.0826,0.0865,0.1158,1.0,0.0,98.55,1.3628,1.6332,1.6332,4381.3662,1769592978.9331903,11.3,161,1425,0.273,12,0,0,8.64,15.0,0,1385,1769592974.292,-1.479,meta-llama/Llama-3.2-1B-Instruct,"1769592974.292, 1769592974.323, 1769592974.585, 1769592974.821, 1769592974.863"
1.0,0,1769592975.0687,2.5608,27,32,59,0.0712,0.0855,0.1006,1.0,0.0,98.55,1.3619,1.632,1.632,4382.9982,1769592978.9969509,11.29,161,1426,0.273,13,0,0,8.64,15.0,0,1385,1769592974.292,-1.479,meta-llama/Llama-3.2-1B-Instruct,"1769592974.292, 1769592974.323, 1769592974.585, 1769592974.821, 1769592974.863"
1.0,0,1769592975.2008,2.4804,27,32,59,0.0739,0.087,0.0952,1.0,0.0,98.55,1.3464,1.5543,1.5543,4384.5525,1769592979.0316648,11.28,161,1427,0.273,13,0,0,8.64,15.0,0,1385,1769592974.292,-1.479,meta-llama/Llama-3.2-1B-Instruct,"1769592974.292, 1769592974.323, 1769592974.585, 1769592974.821, 1769592974.863"
1.0,0,1769592975.2679,2.4668,27,32,59,0.0788,0.0875,0.1074,1.0,0.0,98.56,1.3211,1.5456,1.5456,4386.0981,1769592979.0587573,11.27,161,1428,0.274,14,0,0,8.64,15.0,0,1385,1769592974.292,-1.479,meta-llama/Llama-3.2-1B-Instruct,"1769592974.292, 1769592974.323, 1769592974.585, 1769592974.821, 1769592974.863"
1.0,0,1769592975.3119,2.4852,27,32,59,0.101,0.0813,0.093,1.0,0.0,98.56,1.2899,1.5862,1.5862,4389.0305,1769592979.0911798,11.27,161,1430,0.274,15,1,0,8.64,15.0,0,1385,1769592974.292,-1.479,meta-llama/Llama-3.2-1B-Instruct,"1769592974.292, 1769592974.323, 1769592974.585, 1769592974.821, 1769592974.863"
1.0,0,1769592975.5528,2.2849,27,32,59,0.0613,0.0795,0.1155,1.0,0.0,98.56,1.2512,1.3462,1.3462,4389.0305,1769592979.0915349,11.26,161,1430,0.274,16,0,0,8.64,15.0,0,1385,1769592974.292,-1.479,meta-llama/Llama-3.2-1B-Instruct,"1769592974.292, 1769592974.323, 1769592974.585, 1769592974.821, 1769592974.863"
1.0,0,1769592975.9036,1.9883,27,32,59,0.1004,0.0661,0.0852,1.0,0.0,98.56,1.2477,1.0887,1.0887,4391.1491,1769592979.1444557,11.24,161,1432,0.274,16,1,0,8.64,15.0,0,1385,1769592974.292,-1.479,meta-llama/Llama-3.2-1B-Instruct,"1769592974.292, 1769592974.323, 1769592974.585, 1769592974.821, 1769592974.863"
1.0,0,1769592976.0324,1.949,27,32,59,0.097,0.0539,0.0707,1.0,0.0,98.56,1.1748,1.046,1.046,4392.1951,1769592979.1603584,11.24,161,1433,0.274,17,1,0,8.64,15.0,0,1385,1769592974.292,-1.479,meta-llama/Llama-3.2-1B-Instruct,"1769592974.292, 1769592974.323, 1769592974.585, 1769592974.821, 1769592974.863"
1.0,0,1769592976.1388,1.9427,27,32,59,0.0831,0.0521,0.0645,1.0,0.0,98.56,1.1418,1.0258,1.0258,4393.2209,1769592979.225394,11.23,161,1434,0.275,18,0,0,8.64,15.0,0,1385,1769592974.292,-1.479,meta-llama/Llama-3.2-1B-Instruct,"1769592974.292, 1769592974.323, 1769592974.585, 1769592974.821, 1769592974.863"
1.0,0,1769592976.2544,1.9333,27,32,59,0.0837,0.0568,0.1207,1.0,0.0,98.56,1.2226,1.0169,1.0169,4394.2378,1769592979.4127119,11.22,161,1435,0.276,18,0,0,8.64,15.0,0,1385,1769592974.292,-1.479,meta-llama/Llama-3.2-1B-Instruct,"1769592974.292, 1769592974.323, 1769592974.585, 1769592974.821, 1769592974.863"
1.0,0,1769592976.4345,1.8172,27,32,59,0.0729,0.0518,0.1348,1.0,0.0,98.56,1.2071,0.8901,0.8901,4395.1279,1769592979.463625,11.21,161,1436,0.276,18,0,0,8.64,15.0,0,1385,1769592974.292,-1.479,meta-llama/Llama-3.2-1B-Instruct,"1769592974.292, 1769592974.323, 1769592974.585, 1769592974.821, 1769592974.863"
1.0,0,1769592976.7519,2.3167,27,18,45,0.0719,0.1235,0.1235,1.0,0.0,98.57,0.9301,1.3886,1.3886,4396.5165,1769592980.0031497,11.2,161,1437,0.278,16,0,0,8.64,15.0,0,1385,1769592974.292,-1.479,meta-llama/Llama-3.2-1B-Instruct,"1769592974.292, 1769592974.323, 1769592974.585, 1769592974.821, 1769592974.863"
1.0,0,1769592976.9572,2.2405,27,32,59,0.0943,0.0869,0.092,1.0,0.0,98.57,1.3437,1.3348,1.3348,4399.2226,1769592980.548209,11.2,161,1439,0.276,12,1,0,8.64,15.0,0,1385,1769592974.292,-1.479,meta-llama/Llama-3.2-1B-Instruct,"1769592974.292, 1769592974.323, 1769592974.585, 1769592974.821, 1769592974.863"
1.0,0,1769592976.8788,2.2693,27,32,59,0.1021,0.09,0.0977,1.0,0.0,98.57,1.3964,1.3713,1.3713,4399.2226,1769592980.5484083,11.19,161,1439,0.276,13,0,0,8.64,15.0,0,1385,1769592974.292,-1.479,meta-llama/Llama-3.2-1B-Instruct,"1769592974.292, 1769592974.323, 1769592974.585, 1769592974.821, 1769592974.863"
1.0,0,1769592977.0622,2.1803,27,32,59,0.0506,0.0835,0.0904,1.0,0.0,98.57,1.3072,1.2309,1.2309,4400.4535,1769592980.5507746,11.18,161,1440,0.275,12,1,0,8.64,15.0,0,1385,1769592974.292,-1.479,meta-llama/Llama-3.2-1B-Instruct,"1769592974.292, 1769592974.323, 1769592974.585, 1769592974.821, 1769592974.863"
1.0,0,1769592977.148,2.1354,27,32,59,0.0678,0.0828,0.0862,1.0,0.0,98.57,1.2888,1.2032,1.2032,4401.6568,1769592980.5756962,11.17,161,1441,0.276,13,0,0,8.64,15.0,0,1385,1769592974.292,-1.479,meta-llama/Llama-3.2-1B-Instruct,"1769592974.292, 1769592974.323, 1769592974.585, 1769592974.821, 1769592974.863"
1.0,0,1769592977.4087,1.9269,27,32,59,0.0742,0.0742,0.0995,1.0,0.0,98.57,1.2723,1.0011,1.0011,4402.6578,1769592980.6118224,11.17,161,1442,0.276,14,0,0,8.64,15.0,0,1385,1769592974.292,-1.479,meta-llama/Llama-3.2-1B-Instruct,"1769592974.292, 1769592974.323, 1769592974.585, 1769592974.821, 1769592974.863"
1.0,0,1769592977.4816,1.9092,27,32,59,0.105,0.0685,0.0794,1.0,0.0,98.57,1.2345,1.0142,1.0142,4404.6297,1769592980.627649,11.16,161,1444,0.277,15,0,0,8.64,15.0,0,1385,1769592974.292,-1.479,meta-llama/Llama-3.2-1B-Instruct,"1769592974.292, 1769592974.323, 1769592974.585, 1769592974.821, 1769592974.863"
1.0,0,1769592977.539,1.8943,27,32,59,0.0634,0.0675,0.083,1.0,0.0,98.57,1.1941,0.9577,0.9577,4404.6297,1769592980.6376889,11.15,161,1444,0.277,15,0,0,8.64,15.0,0,1385,1769592974.292,-1.479,meta-llama/Llama-3.2-1B-Instruct,"1769592974.292, 1769592974.323, 1769592974.585, 1769592974.821, 1769592974.863"
1.0,0,1769592977.6528,1.8691,27,31,58,0.0567,0.0593,0.0762,1.0,0.0,98.57,1.1197,0.9259,0.9259,4406.5321,1769592980.6441038,11.13,161,1446,0.277,16,0,0,8.64,15.0,0,1385,1769592974.292,-1.479,meta-llama/Llama-3.2-1B-Instruct,"1769592974.292, 1769592974.323, 1769592974.585, 1769592974.821, 1769592974.863"
1.0,0,1769592977.6012,1.8858,27,32,59,0.0907,0.0556,0.0736,1.0,0.0,98.57,1.1532,0.9765,0.9765,4406.5321,1769592980.6442792,11.14,161,1446,0.277,16,0,0,8.64,15.0,0,1385,1769592974.292,-1.479,meta-llama/Llama-3.2-1B-Instruct,"1769592974.292, 1769592974.323, 1769592974.585, 1769592974.821, 1769592974.863"
1.0,0,1769592977.773,1.9056,27,32,59,0.1131,0.0579,0.06,1.0,0.0,98.58,1.1216,1.0187,1.0187,4408.4896,1769592980.8047407,11.13,161,1448,0.277,18,0,0,8.64,15.0,0,1385,1769592974.292,-1.479,meta-llama/Llama-3.2-1B-Instruct,"1769592974.292, 1769592974.323, 1769592974.585, 1769592974.821, 1769592974.863"
1.0,0,1769592977.8584,1.8334,27,32,59,0.1053,0.0446,0.0463,1.0,0.0,98.58,1.1126,0.9388,0.9388,4408.4896,1769592980.8057144,11.12,161,1448,0.278,18,0,0,8.64,15.0,0,1385,1769592974.292,-1.479,meta-llama/Llama-3.2-1B-Instruct,"1769592974.292, 1769592974.323, 1769592974.585, 1769592974.821, 1769592974.863"
1.0,0,1769592978.5713,2.4234,27,0,27,,,,1.0,,,0.0934,1.5168,1.5168,4410.0064,1769592981.0906072,11.11,161,1449,0.279,12,2,0,8.64,15.0,0,1428,1769592979.377,-1.456,meta-llama/Llama-3.2-1B-Instruct,"1769592979.377, 1769592979.571, 1769592979.636, 1769592979.711, 1769592979.914"
1.0,0,1769592977.9093,2.2468,27,32,59,0.0991,0.1069,0.1558,1.0,0.0,98.58,1.2704,1.3459,1.3459,4411.3523,1769592981.4290686,11.1,161,1450,0.281,19,0,0,8.64,15.0,0,1428,1769592979.377,-1.456,meta-llama/Llama-3.2-1B-Instruct,"1769592979.377, 1769592979.571, 1769592979.636, 1769592979.711, 1769592979.914"
1.0,0,1769592978.013,2.6504,27,32,59,0.0731,0.1049,0.1558,1.0,0.0,98.58,1.2989,1.7234,1.7234,4413.0758,1769592981.967151,11.1,161,1451,0.278,11,0,0,8.64,15.0,0,1428,1769592979.377,-1.456,meta-llama/Llama-3.2-1B-Instruct,"1769592979.377, 1769592979.571, 1769592979.636, 1769592979.711, 1769592979.914"
1.0,0,1769592978.1255,2.6003,27,32,59,0.0739,0.1103,0.1562,1.0,0.0,98.58,1.3078,1.6742,1.6742,4414.75,1769592982.0364227,11.09,161,1452,0.279,12,0,0,8.64,15.0,0,1428,1769592979.377,-1.456,meta-llama/Llama-3.2-1B-Instruct,"1769592979.377, 1769592979.571, 1769592979.636, 1769592979.711, 1769592979.914"
1.0,0,1769592978.636,2.4012,27,32,59,0.0532,0.0885,0.103,1.0,0.0,98.58,1.3128,1.4544,1.4544,4417.8795,1769592982.358927,11.08,161,1454,0.28,14,1,0,8.64,15.0,0,1428,1769592979.377,-1.456,meta-llama/Llama-3.2-1B-Instruct,"1769592979.377, 1769592979.571, 1769592979.636, 1769592979.711, 1769592979.914"
1.0,0,1769592978.3772,2.5714,27,32,59,0.1037,0.102,0.1035,1.0,0.0,98.58,1.4058,1.6751,1.6751,4419.5994,1769592982.3641317,11.07,161,1455,0.279,11,0,0,8.64,15.0,0,1428,1769592979.377,-1.456,meta-llama/Llama-3.2-1B-Instruct,"1769592979.377, 1769592979.571, 1769592979.636, 1769592979.711, 1769592979.914"
1.0,0,1769592978.2967,2.5973,27,32,59,0.1226,0.103,0.1364,1.0,0.0,98.58,1.4653,1.7199,1.7199,4419.5994,1769592982.364313,11.07,161,1455,0.279,12,1,0,8.64,15.0,0,1428,1769592979.377,-1.456,meta-llama/Llama-3.2-1B-Instruct,"1769592979.377, 1769592979.571, 1769592979.636, 1769592979.711, 1769592979.914"
1.0,0,1769592978.3399,2.5647,27,31,58,0.1577,0.0963,0.1047,1.0,0.0,98.58,1.462,1.7224,1.7224,4421.3218,1769592982.3675873,11.06,161,1456,0.278,11,0,0,8.64,15.0,0,1428,1769592979.377,-1.456,meta-llama/Llama-3.2-1B-Instruct,"1769592979.377, 1769592979.571, 1769592979.636, 1769592979.711, 1769592979.914"
1.0,0,1769592978.7112,2.3713,27,32,59,0.103,0.0804,0.0938,1.0,0.0,98.58,1.3033,1.4743,1.4743,4424.0689,1769592982.3883543,11.05,161,1458,0.28,15,1,0,8.64,15.0,0,1428,1769592979.377,-1.456,meta-llama/Llama-3.2-1B-Instruct,"1769592979.377, 1769592979.571, 1769592979.636, 1769592979.711, 1769592979.914"
1.0,0,1769592978.9136,2.212,27,32,59,0.0608,0.0744,0.0925,1.0,0.0,98.59,1.2625,1.2728,1.2728,4424.0689,1769592982.389176,11.04,161,1458,0.28,15,0,0,8.64,15.0,0,1428,1769592979.377,-1.456,meta-llama/Llama-3.2-1B-Instruct,"1769592979.377, 1769592979.571, 1769592979.636, 1769592979.711, 1769592979.914"
1.0,0,1769592979.1628,2.0488,27,32,59,0.0669,0.0683,0.0695,1.0,0.0,98.59,1.19,1.1157,1.1157,4426.3487,1769592982.405772,11.03,161,1460,0.281,17,0,0,8.64,15.0,0,1428,1769592979.377,-1.456,meta-llama/Llama-3.2-1B-Instruct,"1769592979.377, 1769592979.571, 1769592979.636, 1769592979.711, 1769592979.914"
1.0,0,1769592979.1102,2.0683,27,32,59,0.0958,0.0674,0.0766,1.0,0.0,98.59,1.2209,1.1641,1.1641,4426.3487,1769592982.4059489,11.03,161,1460,0.28,16,1,0,8.64,15.0,0,1428,1769592979.377,-1.456,meta-llama/Llama-3.2-1B-Instruct,"1769592979.377, 1769592979.571, 1769592979.636, 1769592979.711, 1769592979.914"
1.0,0,1769592979.2111,2.0578,27,32,59,0.0786,0.0625,0.0705,1.0,0.0,98.59,1.1691,1.1364,1.1364,4427.4851,1769592982.4387655,11.02,161,1461,0.281,18,1,0,8.64,15.0,0,1428,1769592979.377,-1.456,meta-llama/Llama-3.2-1B-Instruct,"1769592979.377, 1769592979.571, 1769592979.636, 1769592979.711, 1769592979.914"
1.0,0,1769592979.3084,2.2642,27,32,59,0.068,0.0668,0.0768,1.0,0.0,98.59,1.065,1.3322,1.3322,4428.8173,1769592982.638935,11.01,161,1462,0.283,19,0,0,8.64,15.0,0,1428,1769592979.377,-1.456,meta-llama/Llama-3.2-1B-Instruct,"1769592979.377, 1769592979.571, 1769592979.636, 1769592979.711, 1769592979.914"
1.0,0,1769592979.3668,2.7649,27,32,59,0.0866,0.0881,0.0951,1.0,0.0,98.59,1.225,1.8515,1.8515,4430.6689,1769592983.3580642,11.0,161,1463,0.285,18,0,0,8.64,15.0,0,1428,1769592979.377,-1.456,meta-llama/Llama-3.2-1B-Instruct,"1769592979.377, 1769592979.571, 1769592979.636, 1769592979.711, 1769592979.914"
1.0,0,1769592979.4602,2.7481,27,32,59,0.0742,0.0849,0.0947,1.0,0.0,98.59,1.1788,1.8223,1.8223,4432.4912,1769592983.3909256,11.0,161,1464,0.285,18,0,0,8.64,15.0,0,1428,1769592979.377,-1.456,meta-llama/Llama-3.2-1B-Instruct,"1769592979.377, 1769592979.571, 1769592979.636, 1769592979.711, 1769592979.914"
1.0,0,1769592979.5508,2.984,27,32,59,0.0896,0.0819,0.087,1.0,0.0,98.59,1.3455,2.0736,2.0736,4434.5648,1769592983.8863711,10.99,161,1465,0.282,11,0,0,8.64,15.0,0,1428,1769592979.377,-1.456,meta-llama/Llama-3.2-1B-Instruct,"1769592979.377, 1769592979.571, 1769592979.636, 1769592979.711, 1769592979.914"
1.0,0,1769592979.6981,2.9132,27,32,59,0.0963,0.093,0.0974,1.0,0.0,98.59,1.3278,2.0095,2.0095,4436.5743,1769592983.9429219,10.98,161,1466,0.281,11,0,0,8.64,15.0,0,1428,1769592979.377,-1.456,meta-llama/Llama-3.2-1B-Instruct,"1769592979.377, 1769592979.571, 1769592979.636, 1769592979.711, 1769592979.914"
1.0,0,1769592979.7475,2.9352,27,32,59,0.1044,0.0904,0.0961,1.0,0.0,98.59,1.3495,2.0396,2.0396,4438.614,1769592984.0383687,10.97,161,1467,0.282,12,0,0,8.64,15.0,0,1428,1769592979.377,-1.456,meta-llama/Llama-3.2-1B-Instruct,"1769592979.377, 1769592979.571, 1769592979.636, 1769592979.711, 1769592979.914"
1.0,0,1769592980.1154,2.7132,27,32,59,0.0467,0.0853,0.0954,1.0,0.0,98.6,1.3233,1.7599,1.7599,4443.9686,1769592984.1638784,10.96,161,1470,0.283,13,0,0,8.64,15.0,0,1428,1769592979.377,-1.456,meta-llama/Llama-3.2-1B-Instruct,"1769592979.377, 1769592979.571, 1769592979.636, 1769592979.711, 1769592979.914"
1.0,0,1769592981.0979,2.9602,27,0,27,,,,1.0,,,0.0899,2.0501,2.0501,4443.9686,1769592984.1709876,10.97,161,1470,0.288,17,0,0,8.64,15.0,0,1428,1769592979.377,-1.456,meta-llama/Llama-3.2-1B-Instruct,"1769592979.377, 1769592979.571, 1769592979.636, 1769592979.711, 1769592979.914"
1.0,0,1769592980.3878,2.4805,27,32,59,0.0642,0.0823,0.0909,1.0,0.0,98.6,1.2895,1.5447,1.5447,4446.0187,1769592984.1750543,10.95,161,1471,0.283,14,1,0,8.64,15.0,0,1428,1769592979.377,-1.456,meta-llama/Llama-3.2-1B-Instruct,"1769592979.377, 1769592979.571, 1769592979.636, 1769592979.711, 1769592979.914"
1.0,0,1769592979.8243,2.9531,27,32,59,0.0969,0.0754,0.0862,1.0,0.0,98.6,1.3974,2.0501,2.0501,4447.5179,1769592984.1775665,10.94,161,1472,0.283,13,0,0,8.64,15.0,0,1428,1769592979.377,-1.456,meta-llama/Llama-3.2-1B-Instruct,"1769592979.377, 1769592979.571, 1769592979.636, 1769592979.711, 1769592979.914"
1.0,0,1769592980.4996,2.4142,27,32,59,0.085,0.0755,0.092,1.0,0.0,98.6,1.2634,1.4992,1.4992,4447.5179,1769592984.183518,10.94,161,1472,0.284,15,0,0,8.64,15.0,0,1428,1769592979.377,-1.456,meta-llama/Llama-3.2-1B-Instruct,"1769592979.377, 1769592979.571, 1769592979.636, 1769592979.711, 1769592979.914"
1.0,0,1769592980.6297,2.3513,27,32,59,0.1296,0.0801,0.0837,1.0,0.0,98.6,1.2655,1.4808,1.4808,4451.846,1769592984.2493498,10.93,161,1475,0.285,16,1,0,8.64,15.0,0,1428,1769592979.377,-1.456,meta-llama/Llama-3.2-1B-Instruct,"1769592979.377, 1769592979.571, 1769592979.636, 1769592979.711, 1769592979.914"
1.0,0,1769592980.7016,2.3488,27,32,59,0.0964,0.0621,0.0754,1.0,0.0,98.6,1.1966,1.4452,1.4452,4451.846,1769592984.2495503,10.92,161,1475,0.285,17,0,0,8.64,15.0,0,1428,1769592979.377,-1.456,meta-llama/Llama-3.2-1B-Instruct,"1769592979.377, 1769592979.571, 1769592979.636, 1769592979.711, 1769592979.914"
1.0,0,1769592980.7571,2.3312,27,32,59,0.0708,0.0713,0.0773,1.0,0.0,98.6,1.1603,1.402,1.402,4451.846,1769592984.249883,10.92,161,1475,0.285,18,1,0,8.64,15.0,0,1428,1769592979.377,-1.456,meta-llama/Llama-3.2-1B-Instruct,"1769592979.377, 1769592979.571, 1769592979.636, 1769592979.711, 1769592979.914"
1.0,0,1769592980.9693,2.506,27,32,59,0.0652,0.0638,0.0803,1.0,0.0,98.6,1.0926,1.5712,1.5712,4453.4171,1769592984.578313,10.91,161,1476,0.287,18,0,0,8.64,15.0,0,1428,1769592979.377,-1.456,meta-llama/Llama-3.2-1B-Instruct,"1769592979.377, 1769592979.571, 1769592979.636, 1769592979.711, 1769592979.914"
1.0,0,1769592981.0528,2.4767,27,32,59,0.085,0.0593,0.0598,1.0,0.0,98.6,1.0843,1.5617,1.5617,4454.9789,1769592984.6147547,10.9,161,1477,0.287,18,0,0,8.64,15.0,0,1428,1769592979.377,-1.456,meta-llama/Llama-3.2-1B-Instruct,"1769592979.377, 1769592979.571, 1769592979.636, 1769592979.711, 1769592979.914"
1.0,0,1769592981.7867,2.8877,27,0,27,,,,1.0,,,0.0549,1.9426,1.9426,4456.9215,1769592984.7302635,10.89,161,1478,0.287,15,0,0,8.64,15.0,0,1428,1769592979.377,-1.456,meta-llama/Llama-3.2-1B-Instruct,"1769592979.377, 1769592979.571, 1769592979.636, 1769592979.711, 1769592979.914"
1.0,0,1769592981.8914,2.8904,27,15,42,0.0843,0.0795,0.0795,1.0,0.0,98.6,0.6409,1.9746,1.9746,4458.8962,1769592985.4301307,10.89,161,1479,0.288,16,0,0,8.64,15.0,0,1428,1769592979.377,-1.456,meta-llama/Llama-3.2-1B-Instruct,"1769592979.377, 1769592979.571, 1769592979.636, 1769592979.711, 1769592979.914"
1.0,0,1769592981.131,3.0283,27,32,59,0.0859,0.0829,0.1017,1.0,0.0,98.61,1.2948,2.1142,2.1142,4461.0103,1769592985.4592702,10.88,161,1480,0.287,15,0,0,8.64,15.0,0,1428,1769592979.377,-1.456,meta-llama/Llama-3.2-1B-Instruct,"1769592979.377, 1769592979.571, 1769592979.636, 1769592979.711, 1769592979.914"
1.0,0,1769592981.1879,3.0416,27,32,59,0.0601,0.0956,0.0972,1.0,0.0,98.61,1.2594,2.1016,2.1016,4465.2589,1769592985.4912412,10.87,161,1482,0.286,13,0,0,8.64,15.0,0,1428,1769592979.377,-1.456,meta-llama/Llama-3.2-1B-Instruct,"1769592979.377, 1769592979.571, 1769592979.636, 1769592979.711, 1769592979.914"
1.0,0,1769592981.2247,3.0769,27,29,56,0.0699,0.0868,0.1026,1.0,0.0,98.61,1.1883,2.1469,2.1469,4465.2589,1769592985.492578,10.86,161,1482,0.286,12,0,0,8.64,15.0,0,1428,1769592979.377,-1.456,meta-llama/Llama-3.2-1B-Instruct,"1769592979.377, 1769592979.571, 1769592979.636, 1769592979.711, 1769592979.914"
1.0,0,1769592981.32,3.0352,27,32,59,0.0628,0.0839,0.1013,1.0,0.0,98.61,1.2183,2.0981,2.0981,4469.3968,1769592985.6010363,10.86,161,1484,0.286,12,0,0,8.64,15.0,0,1428,1769592979.377,-1.456,meta-llama/Llama-3.2-1B-Instruct,"1769592979.377, 1769592979.571, 1769592979.636, 1769592979.711, 1769592979.914"
1.0,0,1769592981.6033,2.9516,27,25,52,0.0883,0.0693,0.1052,1.0,0.0,98.61,1.0422,2.0399,2.0399,4469.3968,1769592985.6033628,10.85,161,1484,0.287,14,0,0,8.64,15.0,0,1428,1769592979.377,-1.456,meta-llama/Llama-3.2-1B-Instruct,"1769592979.377, 1769592979.571, 1769592979.636, 1769592979.711, 1769592979.914"
1.0,0,1769592981.4094,3.1112,27,33,60,0.1238,0.0806,0.1069,1.0,0.0,98.61,1.2254,2.2351,2.2351,4471.6319,1769592985.7566729,10.84,161,1485,0.287,14,0,0,8.64,15.0,0,1428,1769592979.377,-1.456,meta-llama/Llama-3.2-1B-Instruct,"1769592979.377, 1769592979.571, 1769592979.636, 1769592979.711, 1769592979.914"
1.0,0,1769592981.3684,3.1586,27,32,59,0.1159,0.074,0.0954,1.0,0.0,98.61,1.2527,2.2745,2.2745,4476.0,1769592985.7849069,10.83,161,1487,0.286,13,0,0,8.64,15.0,0,1428,1769592979.377,-1.456,meta-llama/Llama-3.2-1B-Instruct,"1769592979.377, 1769592979.571, 1769592979.636, 1769592979.711, 1769592979.914"
1.0,0,1769592981.6343,2.9996,27,32,59,0.0941,0.0767,0.0779,1.0,0.0,98.61,1.1475,2.0936,2.0936,4476.0,1769592985.785142,10.83,161,1487,0.287,14,1,0,8.64,15.0,0,1428,1769592979.377,-1.456,meta-llama/Llama-3.2-1B-Instruct,"1769592979.377, 1769592979.571, 1769592979.636, 1769592979.711, 1769592979.914"
1.0,0,1769592981.8262,2.9161,27,32,59,0.0633,0.0596,0.08,1.0,0.0,98.61,1.0788,1.9794,1.9794,4477.9795,1769592985.8246548,10.82,161,1488,0.288,16,0,0,8.64,15.0,0,1428,1769592979.377,-1.456,meta-llama/Llama-3.2-1B-Instruct,"1769592979.377, 1769592979.571, 1769592979.636, 1769592979.711, 1769592979.914"
1.0,0,1769592981.9479,2.9034,27,32,59,0.1061,0.0563,0.2349,1.0,0.0,98.61,1.2779,2.0096,2.0096,4479.989,1769592986.149471,10.81,161,1489,0.288,17,1,0,8.64,15.0,0,1469,1769592984.314,-1.553,meta-llama/Llama-3.2-1B-Instruct,"1769592984.314, 1769592984.435, 1769592984.503, 1769592984.793, 1769592984.832"
1.0,0,1769592982.2412,2.6506,27,32,59,0.0708,0.0531,0.2175,1.0,0.0,98.61,1.2714,1.7214,1.7214,4483.8435,1769592986.1892111,10.81,161,1491,0.289,18,0,0,8.64,15.0,0,1469,1769592984.314,-1.553,meta-llama/Llama-3.2-1B-Instruct,"1769592984.314, 1769592984.435, 1769592984.503, 1769592984.793, 1769592984.832"
1.0,0,1769592982.9508,2.8999,27,10,37,0.2332,0.039,0.039,1.0,0.0,98.62,0.3318,2.1331,2.1331,4483.8435,1769592986.1945977,10.8,161,1491,0.29,13,1,0,8.64,15.0,0,1469,1769592984.314,-1.553,meta-llama/Llama-3.2-1B-Instruct,"1769592984.314, 1769592984.435, 1769592984.503, 1769592984.793, 1769592984.832"
1.0,0,1769592982.354,3.2088,27,31,58,0.0879,0.0951,0.2371,1.0,0.0,98.62,1.1326,2.2967,2.2967,4486.1403,1769592986.6983967,10.79,161,1492,0.29,15,0,0,8.64,15.0,0,1469,1769592984.314,-1.553,meta-llama/Llama-3.2-1B-Instruct,"1769592984.314, 1769592984.435, 1769592984.503, 1769592984.793, 1769592984.832"
1.0,0,1769592982.4215,3.3178,27,32,59,0.0849,0.1073,0.2187,1.0,0.0,98.62,1.1791,2.4027,2.4027,4488.5429,1769592986.9239242,10.78,161,1493,0.29,14,1,0,8.64,15.0,0,1469,1769592984.314,-1.553,meta-llama/Llama-3.2-1B-Instruct,"1769592984.314, 1769592984.435, 1769592984.503, 1769592984.793, 1769592984.832"
1.0,0,1769592982.7503,2.9959,27,32,59,0.0758,0.1002,0.2177,1.0,0.0,98.62,1.1781,2.0717,2.0717,4490.6146,1769592986.9296315,10.78,161,1494,0.29,15,0,0,8.64,15.0,0,1469,1769592984.314,-1.553,meta-llama/Llama-3.2-1B-Instruct,"1769592984.314, 1769592984.435, 1769592984.503, 1769592984.793, 1769592984.832"
1.0,0,1769592982.7987,3.0037,27,32,59,0.0952,0.0988,0.2035,1.0,0.0,98.62,1.1522,2.0989,2.0989,4494.7773,1769592986.9617848,10.77,161,1496,0.289,12,0,0,8.64,15.0,0,1469,1769592984.314,-1.553,meta-llama/Llama-3.2-1B-Instruct,"1769592984.314, 1769592984.435, 1769592984.503, 1769592984.793, 1769592984.832"
1.0,0,1769592983.0206,2.8722,27,32,59,0.1915,0.0569,0.104,1.0,0.0,98.62,1.0622,2.0637,2.0637,4494.7773,1769592986.9619877,10.76,161,1496,0.29,14,1,0,8.64,15.0,0,1469,1769592984.314,-1.553,meta-llama/Llama-3.2-1B-Instruct,"1769592984.314, 1769592984.435, 1769592984.503, 1769592984.793, 1769592984.832"
1.0,0,1769592983.3138,2.8929,27,32,59,0.0596,0.0971,0.1091,1.0,0.0,98.62,1.2979,1.9524,1.9524,4496.7297,1769592987.5074918,10.75,161,1497,0.29,13,0,0,8.64,15.0,0,1469,1769592984.314,-1.553,meta-llama/Llama-3.2-1B-Instruct,"1769592984.314, 1769592984.435, 1769592984.503, 1769592984.793, 1769592984.832"
1.0,0,1769592983.4347,2.8207,27,32,59,0.0626,0.1009,0.1075,1.0,0.0,98.62,1.2907,1.8833,1.8833,4498.613,1769592987.548176,10.75,161,1498,0.291,13,0,0,8.64,15.0,0,1469,1769592984.314,-1.553,meta-llama/Llama-3.2-1B-Instruct,"1769592984.314, 1769592984.435, 1769592984.503, 1769592984.793, 1769592984.832"
1.0,0,1769592983.5034,2.8018,27,32,59,0.0864,0.1041,0.1135,1.0,0.0,98.62,1.2896,1.8882,1.8882,4500.5012,1769592987.601308,10.74,161,1499,0.291,14,0,0,8.64,15.0,0,1469,1769592984.314,-1.553,meta-llama/Llama-3.2-1B-Instruct,"1769592984.314, 1769592984.435, 1769592984.503, 1769592984.793, 1769592984.832"
1.0,0,1769592983.7928,2.633,27,32,59,0.0596,0.1009,0.1019,1.0,0.0,98.62,1.3376,1.6925,1.6925,4502.1937,1769592987.765834,10.73,161,1500,0.292,16,0,0,8.64,15.0,0,1469,1769592984.314,-1.553,meta-llama/Llama-3.2-1B-Instruct,"1769592984.314, 1769592984.435, 1769592984.503, 1769592984.793, 1769592984.832"
1.0,0,1769592983.8865,2.6457,27,32,59,0.0601,0.0776,0.1118,1.0,0.0,98.63,1.3077,1.7058,1.7058,4505.6434,1769592987.8452973,10.73,161,1502,0.293,17,0,0,8.64,15.0,0,1469,1769592984.314,-1.553,meta-llama/Llama-3.2-1B-Instruct,"1769592984.314, 1769592984.435, 1769592984.503, 1769592984.793, 1769592984.832"
1.0,0,1769592983.8321,2.6447,27,32,59,0.0992,0.0839,0.1124,1.0,0.0,98.63,1.368,1.7439,1.7439,4505.6434,1769592987.8455164,10.72,161,1502,0.293,16,0,0,8.64,15.0,0,1469,1769592984.314,-1.553,meta-llama/Llama-3.2-1B-Instruct,"1769592984.314, 1769592984.435, 1769592984.503, 1769592984.793, 1769592984.832"
1.0,0,1769592983.9549,2.6405,27,32,59,0.0678,0.0747,0.1047,1.0,0.0,98.63,1.2847,1.7082,1.7082,4507.3516,1769592987.8824708,10.71,161,1503,0.294,19,0,0,8.64,15.0,0,1469,1769592984.314,-1.553,meta-llama/Llama-3.2-1B-Instruct,"1769592984.314, 1769592984.435, 1769592984.503, 1769592984.793, 1769592984.832"
1.0,0,1769592984.018,2.9225,27,32,59,0.0746,0.0732,0.0873,1.0,0.0,98.63,1.3493,1.9971,1.9971,4509.3487,1769592988.293894,10.7,161,1504,0.295,19,0,0,8.64,15.0,0,1469,1769592984.314,-1.553,meta-llama/Llama-3.2-1B-Instruct,"1769592984.314, 1769592984.435, 1769592984.503, 1769592984.793, 1769592984.832"
1.0,0,1769592984.2694,2.8124,27,33,60,0.0992,0.0764,0.1121,1.0,0.0,98.63,1.4332,1.9116,1.9116,4511.2603,1769592988.5187492,10.7,161,1505,0.294,16,0,0,8.64,15.0,0,1469,1769592984.314,-1.553,meta-llama/Llama-3.2-1B-Instruct,"1769592984.314, 1769592984.435, 1769592984.503, 1769592984.793, 1769592984.832"
1.0,0,1769592984.3289,2.8358,27,32,59,0.1315,0.0646,0.0763,1.0,0.0,98.63,1.411,1.9673,1.9673,4515.1395,1769592988.583777,10.69,161,1507,0.294,17,0,0,8.64,15.0,0,1469,1769592984.314,-1.553,meta-llama/Llama-3.2-1B-Instruct,"1769592984.314, 1769592984.435, 1769592984.503, 1769592984.793, 1769592984.832"
1.0,0,1769592984.385,2.8426,27,32,59,0.0693,0.0703,0.0739,1.0,0.0,98.63,1.3552,1.9119,1.9119,4515.1395,1769592988.5858202,10.68,161,1507,0.294,17,1,0,8.64,15.0,0,1469,1769592984.314,-1.553,meta-llama/Llama-3.2-1B-Instruct,"1769592984.314, 1769592984.435, 1769592984.503, 1769592984.793, 1769592984.832"
1.0,0,1769592984.5998,2.69,27,31,58,0.0754,0.0713,0.0714,1.0,0.0,98.63,1.3246,1.7653,1.7653,4516.9048,1769592988.6187193,10.68,161,1508,0.295,18,1,0,8.64,15.0,0,1469,1769592984.314,-1.553,meta-llama/Llama-3.2-1B-Instruct,"1769592984.314, 1769592984.435, 1769592984.503, 1769592984.793, 1769592984.832"
1.0,0,1769592985.6115,3.1954,27,0,27,,,,1.0,,,0.0906,2.286,2.286,4519.1908,1769592988.902052,10.67,161,1509,0.297,17,1,0,8.64,15.0,0,1469,1769592984.314,-1.553,meta-llama/Llama-3.2-1B-Instruct,"1769592984.314, 1769592984.435, 1769592984.503, 1769592984.793, 1769592984.832"
1.0,0,1769592984.7126,2.9048,27,32,59,0.0865,0.0755,0.0788,1.0,0.0,98.63,1.4077,1.9913,1.9913,4521.1821,1769592989.0312169,10.66,161,1510,0.296,17,0,0,8.64,15.0,0,1469,1769592984.314,-1.553,meta-llama/Llama-3.2-1B-Instruct,"1769592984.314, 1769592984.435, 1769592984.503, 1769592984.793, 1769592984.832"
1.0,0,1769592984.9131,2.8138,27,32,59,0.0667,0.0646,0.0679,1.0,0.0,98.63,1.3367,1.8805,1.8805,4523.0627,1769592989.0671763,10.66,161,1511,0.296,18,0,0,8.64,15.0,0,1469,1769592984.314,-1.553,meta-llama/Llama-3.2-1B-Instruct,"1769592984.314, 1769592984.435, 1769592984.503, 1769592984.793, 1769592984.832"
1.0,0,1769592984.8253,2.8443,27,32,59,0.1152,0.0677,0.0756,1.0,0.0,98.63,1.3986,1.9595,1.9595,4525.0222,1769592989.0691288,10.65,161,1512,0.296,17,0,0,8.64,15.0,0,1469,1769592984.314,-1.553,meta-llama/Llama-3.2-1B-Instruct,"1769592984.314, 1769592984.435, 1769592984.503, 1769592984.793, 1769592984.832"
1.0,0,1769592984.9577,2.907,27,31,58,0.079,0.0721,0.0842,1.0,0.0,98.64,1.4296,1.986,1.986,4527.0082,1769592989.2960372,10.64,161,1513,0.294,16,0,0,8.64,15.0,0,1469,1769592984.314,-1.553,meta-llama/Llama-3.2-1B-Instruct,"1769592984.314, 1769592984.435, 1769592984.503, 1769592984.793, 1769592984.832"
1.0,0,1769592984.987,3.0208,27,32,59,0.0732,0.0728,0.0902,1.0,0.0,98.64,1.4205,2.094,2.094,4529.1022,1769592989.4293785,10.63,161,1514,0.295,17,0,0,8.64,15.0,0,1469,1769592984.314,-1.553,meta-llama/Llama-3.2-1B-Instruct,"1769592984.314, 1769592984.435, 1769592984.503, 1769592984.793, 1769592984.832"
1.0,0,1769592985.2125,2.9448,27,32,59,0.0828,0.081,0.0825,1.0,0.0,98.64,1.4806,2.0276,2.0276,4533.2844,1769592989.640433,10.63,161,1516,0.296,18,0,0,8.64,15.0,0,1469,1769592984.314,-1.553,meta-llama/Llama-3.2-1B-Instruct,"1769592984.314, 1769592984.435, 1769592984.503, 1769592984.793, 1769592984.832"
1.0,0,1769592985.0899,3.0628,27,32,59,0.0918,0.0815,0.0833,1.0,0.0,98.64,1.4876,2.1546,2.1546,4533.2844,1769592989.6410756,10.62,161,1516,0.295,17,0,0,8.64,15.0,0,1469,1769592984.314,-1.553,meta-llama/Llama-3.2-1B-Instruct,"1769592984.314, 1769592984.435, 1769592984.503, 1769592984.793, 1769592984.832"
1.0,0,1769592986.4565,2.8791,27,9,36,0.0875,0.0779,0.0779,1.0,0.0,98.64,0.4604,1.9666,1.9666,4535.251,1769592989.8065805,10.61,161,1517,0.299,19,0,0,8.64,15.0,0,1469,1769592984.314,-1.553,meta-llama/Llama-3.2-1B-Instruct,"1769592984.314, 1769592984.435, 1769592984.503, 1769592984.793, 1769592984.832"
1.0,0,1769592985.324,3.11,27,32,59,0.0778,0.0704,0.0838,1.0,0.0,98.64,1.4475,2.1878,2.1878,4537.4387,1769592989.8823726,10.61,161,1518,0.298,19,0,0,8.64,15.0,0,1469,1769592984.314,-1.553,meta-llama/Llama-3.2-1B-Instruct,"1769592984.314, 1769592984.435, 1769592984.503, 1769592984.793, 1769592984.832"
1.0,0,1769592985.3956,3.2263,27,32,59,0.0645,0.0777,0.0887,1.0,0.0,98.64,1.5256,2.2909,2.2909,4539.7296,1769592990.1580062,10.6,161,1519,0.296,16,0,0,8.64,15.0,0,1469,1769592984.314,-1.553,meta-llama/Llama-3.2-1B-Instruct,"1769592984.314, 1769592984.435, 1769592984.503, 1769592984.793, 1769592984.832"
1.0,0,1769592985.4599,3.2748,27,32,59,0.0918,0.0813,0.0867,1.0,0.0,98.64,1.5179,2.3666,2.3666,4542.0962,1769592990.2540646,10.59,161,1520,0.297,17,0,0,8.64,15.0,0,1469,1769592984.314,-1.553,meta-llama/Llama-3.2-1B-Instruct,"1769592984.314, 1769592984.435, 1769592984.503, 1769592984.793, 1769592984.832"
1.0,0,1769592985.6704,3.2081,27,32,59,0.0754,0.082,0.0878,1.0,0.0,98.64,1.4352,2.2835,2.2835,4544.3797,1769592990.3180308,10.59,161,1521,0.298,18,0,0,8.64,15.0,0,1469,1769592984.314,-1.553,meta-llama/Llama-3.2-1B-Instruct,"1769592984.314, 1769592984.435, 1769592984.503, 1769592984.793, 1769592984.832"
1.0,0,1769592985.8259,3.2227,27,32,59,0.0695,0.0755,0.0806,1.0,0.0,98.64,1.4662,2.2922,2.2922,4546.6719,1769592990.5197096,10.58,161,1522,0.298,18,0,0,8.64,15.0,0,1469,1769592984.314,-1.553,meta-llama/Llama-3.2-1B-Instruct,"1769592984.314, 1769592984.435, 1769592984.503, 1769592984.793, 1769592984.832"
1.0,0,1769592985.864,3.2683,27,32,59,0.0723,0.0802,0.0829,1.0,0.0,98.64,1.4188,2.3406,2.3406,4549.0125,1769592990.552017,10.57,161,1523,0.298,17,0,0,8.64,15.0,0,1469,1769592984.314,-1.553,meta-llama/Llama-3.2-1B-Instruct,"1769592984.314, 1769592984.435, 1769592984.503, 1769592984.793, 1769592984.832"
1.0,0,1769592986.2333,2.949,27,32,59,0.0761,0.0793,0.0795,1.0,0.0,98.65,1.4342,2.0251,2.0251,4551.0377,1769592990.6218746,10.56,161,1524,0.298,17,0,0,8.64,15.0,0,1469,1769592984.314,-1.553,meta-llama/Llama-3.2-1B-Instruct,"1769592984.314, 1769592984.435, 1769592984.503, 1769592984.793, 1769592984.832"
1.0,0,1769592986.6271,2.8353,27,32,59,0.0908,0.0763,0.0791,1.0,0.0,98.65,1.4873,1.9261,1.9261,4552.9638,1769592990.9536402,10.56,161,1525,0.298,18,0,0,8.64,15.0,0,1506,1769592989.038,-1.863,meta-llama/Llama-3.2-1B-Instruct,"1769592989.038, 1769592989.088, 1769592989.410, 1769592989.532, 1769592989.660"
1.0,0,1769592986.6794,2.8629,27,31,58,0.0925,0.0758,0.0847,1.0,0.0,98.65,1.444,1.9555,1.9555,4554.9192,1769592990.9871573,10.55,161,1526,0.299,18,0,0,8.64,15.0,0,1506,1769592989.038,-1.863,meta-llama/Llama-3.2-1B-Instruct,"1769592989.038, 1769592989.088, 1769592989.410, 1769592989.532, 1769592989.660"
1.0,0,1769592986.9245,2.9347,27,32,59,0.0506,0.0764,0.0791,1.0,0.0,98.65,1.4214,1.9853,1.9853,4559.0075,1769592991.284221,10.54,161,1528,0.299,17,0,0,8.64,15.0,0,1506,1769592989.038,-1.863,meta-llama/Llama-3.2-1B-Instruct,"1769592989.038, 1769592989.088, 1769592989.410, 1769592989.532, 1769592989.660"
1.0,0,1769592986.8015,2.9818,27,32,59,0.1213,0.073,0.0805,1.0,0.0,98.65,1.4987,2.103,2.103,4559.0075,1769592991.284381,10.54,161,1528,0.299,17,0,0,8.64,15.0,0,1506,1769592989.038,-1.863,meta-llama/Llama-3.2-1B-Instruct,"1769592989.038, 1769592989.088, 1769592989.410, 1769592989.532, 1769592989.660"
1.0,0,1769592987.1353,2.8377,27,32,59,0.0695,0.0718,0.0756,1.0,0.0,98.65,1.3772,1.9072,1.9072,4562.9719,1769592991.3515592,10.52,161,1530,0.299,18,1,0,8.64,15.0,0,1506,1769592989.038,-1.863,meta-llama/Llama-3.2-1B-Instruct,"1769592989.038, 1769592989.088, 1769592989.410, 1769592989.532, 1769592989.660"
1.0,0,1769592986.9844,2.9469,27,32,59,0.1102,0.073,0.0771,1.0,0.0,98.65,1.4185,2.0572,2.0572,4562.9719,1769592991.351748,10.53,161,1530,0.299,18,0,0,8.64,15.0,0,1506,1769592989.038,-1.863,meta-llama/Llama-3.2-1B-Instruct,"1769592989.038, 1769592989.088, 1769592989.410, 1769592989.532, 1769592989.660"
1.0,0,1769592987.5178,2.7785,27,32,59,0.0818,0.0657,0.0677,1.0,0.0,98.65,1.3243,1.8603,1.8603,4564.8322,1769592991.624679,10.52,161,1531,0.301,18,0,0,8.64,15.0,0,1506,1769592989.038,-1.863,meta-llama/Llama-3.2-1B-Instruct,"1769592989.038, 1769592989.088, 1769592989.410, 1769592989.532, 1769592989.660"
1.0,0,1769592987.8257,2.9663,27,22,49,0.0887,0.0585,0.0661,1.0,0.0,98.65,0.8633,2.0549,2.0549,4568.7478,1769592991.6569026,10.51,161,1533,0.301,19,0,0,8.64,15.0,0,1506,1769592989.038,-1.863,meta-llama/Llama-3.2-1B-Instruct,"1769592989.038, 1769592989.088, 1769592989.410, 1769592989.532, 1769592989.660"
1.0,0,1769592987.5849,2.7786,27,32,59,0.0821,0.0728,0.0775,1.0,0.0,98.65,1.2932,1.8607,1.8607,4568.7478,1769592991.6575158,10.5,161,1533,0.3,17,0,0,8.64,15.0,0,1506,1769592989.038,-1.863,meta-llama/Llama-3.2-1B-Instruct,"1769592989.038, 1769592989.088, 1769592989.410, 1769592989.532, 1769592989.660"
1.0,0,1769592987.6475,2.8852,27,32,59,0.0797,0.0692,0.0721,1.0,0.0,98.66,1.2168,1.9649,1.9649,4570.7126,1769592991.7547183,10.5,161,1534,0.301,18,0,0,8.64,15.0,0,1506,1769592989.038,-1.863,meta-llama/Llama-3.2-1B-Instruct,"1769592989.038, 1769592989.088, 1769592989.410, 1769592989.532, 1769592989.660"
1.0,0,1769592987.7474,2.8939,27,32,59,0.0819,0.0689,0.2315,1.0,0.0,98.66,1.3915,1.9758,1.9758,4572.6884,1769592992.0353174,10.49,161,1535,0.3,17,0,0,8.64,15.0,0,1506,1769592989.038,-1.863,meta-llama/Llama-3.2-1B-Instruct,"1769592989.038, 1769592989.088, 1769592989.410, 1769592989.532, 1769592989.660"
1.0,0,1769592987.7948,2.9132,27,32,59,0.0951,0.0733,0.2339,1.0,0.0,98.66,1.36,2.0082,2.0082,4574.6966,1769592992.069314,10.48,161,1536,0.301,18,0,0,8.64,15.0,0,1506,1769592989.038,-1.863,meta-llama/Llama-3.2-1B-Instruct,"1769592989.038, 1769592989.088, 1769592989.410, 1769592989.532, 1769592989.660"
1.0,0,1769592988.0384,3.0008,27,35,62,0.0842,0.0726,0.2275,1.0,0.0,98.66,1.3573,2.085,2.085,4576.7817,1769592992.4029593,10.47,161,1537,0.302,18,0,0,8.64,15.0,0,1506,1769592989.038,-1.863,meta-llama/Llama-3.2-1B-Instruct,"1769592989.038, 1769592989.088, 1769592989.410, 1769592989.532, 1769592989.660"
1.0,0,1769592988.0879,3.0154,27,32,59,0.0721,0.0725,0.2358,1.0,0.0,98.66,1.3332,2.0876,2.0876,4578.8692,1769592992.4374175,10.47,161,1538,0.302,19,0,0,8.64,15.0,0,1506,1769592989.038,-1.863,meta-llama/Llama-3.2-1B-Instruct,"1769592989.038, 1769592989.088, 1769592989.410, 1769592989.532, 1769592989.660"
1.0,0,1769592988.4097,3.0538,27,32,59,0.086,0.0796,0.2351,1.0,0.0,98.66,1.4698,2.1398,2.1398,4581.009,1769592992.9341311,10.46,161,1539,0.302,16,0,0,8.64,15.0,0,1506,1769592989.038,-1.863,meta-llama/Llama-3.2-1B-Instruct,"1769592989.038, 1769592989.088, 1769592989.410, 1769592989.532, 1769592989.660"
1.0,0,1769592988.5319,3.0057,27,32,59,0.0818,0.0748,0.2393,1.0,0.0,98.66,1.4348,2.0875,2.0875,4583.0965,1769592992.9738479,10.45,161,1540,0.302,16,0,0,8.64,15.0,0,1506,1769592989.038,-1.863,meta-llama/Llama-3.2-1B-Instruct,"1769592989.038, 1769592989.088, 1769592989.410, 1769592989.532, 1769592989.660"
1.0,0,1769592989.3992,2.4854,27,32,59,0.0954,0.0682,0.0709,1.0,0.0,98.66,1.2811,1.5808,1.5808,4592.1369,1769592993.1729698,10.44,161,1545,0.303,17,1,0,8.64,15.0,0,1506,1769592989.038,-1.863,meta-llama/Llama-3.2-1B-Instruct,"1769592989.038, 1769592989.088, 1769592989.410, 1769592989.532, 1769592989.660"
1.0,0,1769592989.0773,2.7619,27,32,59,0.1016,0.0619,0.0849,1.0,0.0,98.66,1.3199,1.8635,1.8635,4592.1369,1769592993.173357,10.45,161,1545,0.302,16,1,0,8.64,15.0,0,1506,1769592989.038,-1.863,meta-llama/Llama-3.2-1B-Instruct,"1769592989.038, 1769592989.088, 1769592989.410, 1769592989.532, 1769592989.660"
1.0,0,1769592988.66,3.0743,27,32,59,0.1035,0.0697,0.1874,1.0,0.0,98.66,1.4384,2.1777,2.1777,4594.1536,1769592993.1744735,10.42,161,1546,0.303,17,0,0,8.64,15.0,0,1506,1769592989.038,-1.863,meta-llama/Llama-3.2-1B-Instruct,"1769592989.038, 1769592989.088, 1769592989.410, 1769592989.532, 1769592989.660"
1.0,0,1769592989.5173,2.4069,27,32,59,0.0675,0.0631,0.0729,1.0,0.0,98.66,1.2426,1.4744,1.4744,4594.1536,1769592993.1752179,10.43,161,1546,0.303,18,1,0,8.64,15.0,0,1506,1769592989.038,-1.863,meta-llama/Llama-3.2-1B-Instruct,"1769592989.038, 1769592989.088, 1769592989.410, 1769592989.532, 1769592989.660"
1.0,0,1769592988.8434,2.8826,27,32,59,0.1342,0.0753,0.1629,1.0,0.0,98.66,1.4478,2.0167,2.0167,4594.1536,1769592993.177044,10.41,161,1546,0.302,15,0,0,8.64,15.0,0,1506,1769592989.038,-1.863,meta-llama/Llama-3.2-1B-Instruct,"1769592989.038, 1769592989.088, 1769592989.410, 1769592989.532, 1769592989.660"
1.0,0,1769592988.9589,2.8227,27,33,60,0.1212,0.0799,0.1245,1.0,0.0,98.67,1.3906,1.944,1.944,4594.1536,1769592993.1789777,10.43,161,1546,0.302,14,0,0,8.64,15.0,0,1506,1769592989.038,-1.863,meta-llama/Llama-3.2-1B-Instruct,"1769592989.038, 1769592989.088, 1769592989.410, 1769592989.532, 1769592989.660"
1.0,0,1769592989.6192,2.5229,27,32,59,0.1056,0.07,0.0716,1.0,0.0,98.67,1.2987,1.6284,1.6284,4597.3592,1769592993.4537308,10.4,161,1548,0.303,18,0,0,8.64,15.0,0,1506,1769592989.038,-1.863,meta-llama/Llama-3.2-1B-Instruct,"1769592989.038, 1769592989.088, 1769592989.410, 1769592989.532, 1769592989.660"
1.0,0,1769592989.6801,2.5252,27,32,59,0.0519,0.0722,0.0747,1.0,0.0,98.67,1.2343,1.5771,1.5771,4597.3592,1769592993.45755,10.41,161,1548,0.303,18,0,0,8.64,15.0,0,1506,1769592989.038,-1.863,meta-llama/Llama-3.2-1B-Instruct,"1769592989.038, 1769592989.088, 1769592989.410, 1769592989.532, 1769592989.660"
1.0,0,1769592989.7471,2.7964,27,32,59,0.0915,0.072,0.1098,1.0,0.0,98.67,1.3652,1.8878,1.8878,4599.247,1769592993.9099367,10.39,161,1549,0.304,18,0,0,8.64,15.0,0,1506,1769592989.038,-1.863,meta-llama/Llama-3.2-1B-Instruct,"1769592989.038, 1769592989.088, 1769592989.410, 1769592989.532, 1769592989.660"
1.0,0,1769592989.9054,2.7154,27,32,59,0.0697,0.072,0.1058,1.0,0.0,98.67,1.3257,1.7851,1.7851,4601.0321,1769592993.9472482,10.39,161,1550,0.305,19,0,0,8.64,15.0,0,1506,1769592989.038,-1.863,meta-llama/Llama-3.2-1B-Instruct,"1769592989.038, 1769592989.088, 1769592989.410, 1769592989.532, 1769592989.660"
1.0,0,1769592990.9551,2.7766,27,16,43,0.0737,0.0888,0.0888,1.0,0.0,98.67,0.6373,1.8503,1.8503,4602.8823,1769592994.3760676,10.38,161,1551,0.306,19,0,0,8.64,15.0,0,1506,1769592989.038,-1.863,meta-llama/Llama-3.2-1B-Instruct,"1769592989.038, 1769592989.088, 1769592989.410, 1769592989.532, 1769592989.660"
1.0,0,1769592989.9366,3.2148,27,32,59,0.0901,0.0655,0.1125,1.0,0.0,98.67,1.3207,2.3049,2.3049,4605.1872,1769592994.4751952,10.37,161,1552,0.306,18,0,0,8.64,15.0,0,1506,1769592989.038,-1.863,meta-llama/Llama-3.2-1B-Instruct,"1769592989.038, 1769592989.088, 1769592989.410, 1769592989.532, 1769592989.660"
1.0,0,1769592990.2005,3.0855,27,32,59,0.0661,0.0851,0.1065,1.0,0.0,98.67,1.3209,2.1517,2.1517,4609.5398,1769592994.6100612,10.37,161,1554,0.303,13,0,0,8.64,15.0,0,1506,1769592989.038,-1.863,meta-llama/Llama-3.2-1B-Instruct,"1769592989.038, 1769592989.088, 1769592989.410, 1769592989.532, 1769592989.660"
1.0,0,1769592990.1382,3.0848,27,32,59,0.116,0.0778,0.1029,1.0,0.0,98.67,1.3861,2.2009,2.2009,4609.5398,1769592994.6106758,10.36,161,1554,0.303,13,0,0,8.64,15.0,0,1506,1769592989.038,-1.863,meta-llama/Llama-3.2-1B-Instruct,"1769592989.038, 1769592989.088, 1769592989.410, 1769592989.532, 1769592989.660"
1.0,0,1769592990.4002,2.96,27,32,59,0.0739,0.0749,0.1072,1.0,0.0,98.67,1.3423,2.0339,2.0339,4611.5737,1769592994.7051165,10.35,161,1555,0.304,15,0,0,8.64,15.0,0,1506,1769592989.038,-1.863,meta-llama/Llama-3.2-1B-Instruct,"1769592989.038, 1769592989.088, 1769592989.410, 1769592989.532, 1769592989.660"
1.0,0,1769592990.4302,3.0175,27,32,59,0.0773,0.0759,0.0987,1.0,0.0,98.67,1.4238,2.0948,2.0948,4613.6685,1769592994.87456,10.35,161,1556,0.303,14,0,0,8.64,15.0,0,1506,1769592989.038,-1.863,meta-llama/Llama-3.2-1B-Instruct,"1769592989.038, 1769592989.088, 1769592989.410, 1769592989.532, 1769592989.660"
1.0,0,1769592990.6167,2.888,27,32,59,0.07,0.0818,0.1051,1.0,0.0,98.68,1.446,1.9579,1.9579,4615.6264,1769592994.951525,10.34,161,1557,0.304,14,0,0,8.64,15.0,0,1506,1769592989.038,-1.863,meta-llama/Llama-3.2-1B-Instruct,"1769592989.038, 1769592989.088, 1769592989.410, 1769592989.532, 1769592989.660"
1.0,0,1769592990.831,2.7245,27,32,59,0.0761,0.0805,0.0921,1.0,0.0,98.68,1.4258,1.8007,1.8007,4617.4271,1769592994.9831011,10.33,161,1558,0.304,15,0,0,8.64,15.0,0,1506,1769592989.038,-1.863,meta-llama/Llama-3.2-1B-Instruct,"1769592989.038, 1769592989.088, 1769592989.410, 1769592989.532, 1769592989.660"
1.0,0,1769592990.8588,2.7525,27,32,59,0.1203,0.0811,0.0822,1.0,0.0,98.68,1.3922,1.8728,1.8728,4621.1392,1769592995.007403,10.33,161,1560,0.305,16,0,0,8.64,15.0,0,1506,1769592989.038,-1.863,meta-llama/Llama-3.2-1B-Instruct,"1769592989.038, 1769592989.088, 1769592989.410, 1769592989.532, 1769592989.660"
1.0,0,1769592990.8989,2.7743,27,32,59,0.0651,0.0787,0.0806,1.0,0.0,98.68,1.3339,1.8393,1.8393,4621.1392,1769592995.011999,10.32,161,1560,0.305,17,1,0,8.64,15.0,0,1506,1769592989.038,-1.863,meta-llama/Llama-3.2-1B-Instruct,"1769592989.038, 1769592989.088, 1769592989.410, 1769592989.532, 1769592989.660"
1.0,0,1769592991.6708,2.9521,27,8,35,0.0783,0.0841,0.0841,1.0,0.0,98.68,0.4729,2.0304,2.0304,4623.1696,1769592995.0991478,10.31,161,1561,0.308,17,0,0,8.64,15.0,0,1506,1769592989.038,-1.863,meta-llama/Llama-3.2-1B-Instruct,"1769592989.038, 1769592989.088, 1769592989.410, 1769592989.532, 1769592989.660"
1.0,0,1769592991.8604,2.9222,27,9,36,0.112,0.056,0.056,1.0,0.0,98.68,0.3957,2.0342,2.0342,4625.2038,1769592995.1792696,10.31,161,1562,0.308,17,0,0,8.64,15.0,0,1506,1769592989.038,-1.863,meta-llama/Llama-3.2-1B-Instruct,"1769592989.038, 1769592989.088, 1769592989.410, 1769592989.532, 1769592989.660"
1.0,0,1769592991.4298,3.0632,27,21,48,0.0681,0.07,0.0741,1.0,0.0,98.68,0.8467,2.1313,2.1313,4631.3507,1769592995.3470898,10.3,161,1565,0.309,18,0,0,8.64,15.0,0,1506,1769592989.038,-1.863,meta-llama/Llama-3.2-1B-Instruct,"1769592989.038, 1769592989.088, 1769592989.410, 1769592989.532, 1769592989.660"
1.0,0,1769592991.1399,2.9642,27,32,59,0.1011,0.0662,0.0783,1.0,0.0,98.68,1.2362,2.0653,2.0653,4631.3507,1769592995.3478928,10.29,161,1565,0.307,18,0,0,8.64,15.0,0,1506,1769592989.038,-1.863,meta-llama/Llama-3.2-1B-Instruct,"1769592989.038, 1769592989.088, 1769592989.410, 1769592989.532, 1769592989.660"
1.0,0,1769592991.2635,2.8477,27,32,59,0.1027,0.0656,0.0811,1.0,0.0,98.68,1.2304,1.9504,1.9504,4631.3507,1769592995.3521056,10.29,161,1565,0.307,18,0,0,8.64,15.0,0,1506,1769592989.038,-1.863,meta-llama/Llama-3.2-1B-Instruct,"1769592989.038, 1769592989.088, 1769592989.410, 1769592989.532, 1769592989.660"
1.0,0,1769592992.665,2.7454,27,1,28,0.0784,,,1.0,,,0.1271,1.8238,1.8238,4633.1746,1769592995.5455303,10.28,161,1566,0.307,12,1,0,8.64,15.0,0,1506,1769592989.038,-1.863,meta-llama/Llama-3.2-1B-Instruct,"1769592989.038, 1769592989.088, 1769592989.410, 1769592989.532, 1769592989.660"
1.0,0,1769592991.7555,2.9707,27,32,59,0.0749,0.0868,0.1017,1.0,0.0,98.68,1.2505,2.0456,2.0456,4635.2201,1769592995.9779258,10.27,161,1567,0.308,17,0,0,8.64,15.0,0,1542,1769592994.582,-1.345,meta-llama/Llama-3.2-1B-Instruct,"1769592994.582, 1769592994.648, 1769592994.703, 1769592994.863, 1769592994.929"
1.0,0,1769592991.9499,2.8937,27,32,59,0.0519,0.0737,0.1058,1.0,0.0,98.68,1.1647,1.9456,1.9456,4637.1657,1769592996.0095444,10.27,161,1568,0.308,18,0,0,8.64,15.0,0,1542,1769592994.582,-1.345,meta-llama/Llama-3.2-1B-Instruct,"1769592994.582, 1769592994.648, 1769592994.703, 1769592994.863, 1769592994.929"
1.0,0,1769592991.9771,3.035,27,32,59,0.0827,0.0696,0.1022,1.0,0.0,98.69,1.2286,2.1177,2.1177,4639.2834,1769592996.2426498,10.26,161,1569,0.307,15,0,0,8.64,15.0,0,1542,1769592994.582,-1.345,meta-llama/Llama-3.2-1B-Instruct,"1769592994.582, 1769592994.648, 1769592994.703, 1769592994.863, 1769592994.929"
1.0,0,1769592992.0083,3.1524,27,32,59,0.0656,0.0718,0.1067,1.0,0.0,98.69,1.2626,2.218,2.218,4641.5014,1769592996.4282684,10.25,161,1570,0.308,15,0,0,8.64,15.0,0,1542,1769592994.582,-1.345,meta-llama/Llama-3.2-1B-Instruct,"1769592994.582, 1769592994.648, 1769592994.703, 1769592994.863, 1769592994.929"
1.0,0,1769592992.1804,3.1718,27,32,59,0.0704,0.0698,0.1008,1.0,0.0,98.69,1.3945,2.2422,2.2422,4645.9399,1769592996.7501748,10.25,161,1572,0.308,15,0,0,8.64,15.0,0,1542,1769592994.582,-1.345,meta-llama/Llama-3.2-1B-Instruct,"1769592994.582, 1769592994.648, 1769592994.703, 1769592994.863, 1769592994.929"
1.0,0,1769592992.2306,3.1265,27,32,59,0.0699,0.0723,0.1083,1.0,0.0,98.69,1.3929,2.1964,2.1964,4645.9399,1769592996.7531598,10.24,161,1572,0.308,15,0,0,8.64,15.0,0,1542,1769592994.582,-1.345,meta-llama/Llama-3.2-1B-Instruct,"1769592994.582, 1769592994.648, 1769592994.703, 1769592994.863, 1769592994.929"
1.0,0,1769592992.8187,2.6528,27,32,59,0.0611,0.0716,0.1041,1.0,0.0,98.69,1.3477,1.7139,1.7139,4647.6539,1769592996.8199449,10.24,161,1573,0.308,14,0,0,8.64,15.0,0,1542,1769592994.582,-1.345,meta-llama/Llama-3.2-1B-Instruct,"1769592994.582, 1769592994.648, 1769592994.703, 1769592994.863, 1769592994.929"
1.0,0,1769592992.8698,2.6702,27,32,59,0.0686,0.0687,0.1113,1.0,0.0,98.69,1.3423,1.7388,1.7388,4649.3926,1769592996.883112,10.23,161,1574,0.308,15,0,0,8.64,15.0,0,1542,1769592994.582,-1.345,meta-llama/Llama-3.2-1B-Instruct,"1769592994.582, 1769592994.648, 1769592994.703, 1769592994.863, 1769592994.929"
1.0,0,1769592993.1953,2.4362,27,33,60,0.0955,0.0871,0.0992,1.0,0.0,98.69,1.5149,1.5318,1.5318,4650.9244,1769592997.1531944,10.22,161,1575,0.309,16,0,0,8.64,15.0,0,1542,1769592994.582,-1.345,meta-llama/Llama-3.2-1B-Instruct,"1769592994.582, 1769592994.648, 1769592994.703, 1769592994.863, 1769592994.929"
1.0,0,1769592993.4837,2.2868,27,32,59,0.0632,0.0748,0.0982,1.0,0.0,98.69,1.4121,1.35,1.35,4653.7739,1769592997.1872287,10.22,161,1577,0.31,17,0,0,8.64,15.0,0,1542,1769592994.582,-1.345,meta-llama/Llama-3.2-1B-Instruct,"1769592994.582, 1769592994.648, 1769592994.703, 1769592994.863, 1769592994.929"
1.0,0,1769592993.3321,2.3814,27,30,57,0.1181,0.0717,0.0972,1.0,0.0,98.69,1.4735,1.4995,1.4995,4653.7739,1769592997.1877048,10.21,161,1577,0.31,16,0,0,8.64,15.0,0,1542,1769592994.582,-1.345,meta-llama/Llama-3.2-1B-Instruct,"1769592994.582, 1769592994.648, 1769592994.703, 1769592994.863, 1769592994.929"
1.0,0,1769592993.526,2.2996,27,32,59,0.0766,0.0792,0.1067,1.0,0.0,98.69,1.3837,1.3762,1.3762,4655.1501,1769592997.2148502,10.2,161,1578,0.311,19,0,0,8.64,15.0,0,1542,1769592994.582,-1.345,meta-llama/Llama-3.2-1B-Instruct,"1769592994.582, 1769592994.648, 1769592994.703, 1769592994.863, 1769592994.929"
1.0,0,1769592993.5818,2.5037,27,32,59,0.0906,0.0761,0.0881,1.0,0.0,98.69,1.3442,1.5942,1.5942,4656.7443,1769592997.4302874,10.2,161,1579,0.311,18,0,0,8.64,15.0,0,1542,1769592994.582,-1.345,meta-llama/Llama-3.2-1B-Instruct,"1769592994.582, 1769592994.648, 1769592994.703, 1769592994.863, 1769592994.929"
1.0,0,1769592993.6481,2.507,27,32,59,0.0751,0.0768,0.0929,1.0,0.0,98.69,1.3294,1.5821,1.5821,4658.3264,1769592997.4883604,10.19,161,1580,0.311,18,0,0,8.64,15.0,0,1542,1769592994.582,-1.345,meta-llama/Llama-3.2-1B-Instruct,"1769592994.582, 1769592994.648, 1769592994.703, 1769592994.863, 1769592994.929"
1.0,0,1769592993.7031,2.6882,27,32,59,0.0751,0.0983,0.1218,1.0,0.0,98.7,1.4429,1.7633,1.7633,4660.0897,1769592997.8384385,10.18,161,1581,0.313,19,0,0,8.64,15.0,0,1542,1769592994.582,-1.345,meta-llama/Llama-3.2-1B-Instruct,"1769592994.582, 1769592994.648, 1769592994.703, 1769592994.863, 1769592994.929"
1.0,0,1769592993.8631,2.6993,27,32,59,0.0806,0.0947,0.1209,1.0,0.0,98.7,1.4084,1.7799,1.7799,4661.8696,1769592997.977067,10.18,161,1582,0.312,19,0,0,8.64,15.0,0,1542,1769592994.582,-1.345,meta-llama/Llama-3.2-1B-Instruct,"1769592994.582, 1769592994.648, 1769592994.703, 1769592994.863, 1769592994.929"
1.0,0,1769592993.9289,2.9309,27,32,59,0.089,0.0963,0.1226,1.0,0.0,98.7,1.4414,2.0199,2.0199,4663.8894,1769592998.3084886,10.17,161,1583,0.313,17,0,0,8.64,15.0,0,1542,1769592994.582,-1.345,meta-llama/Llama-3.2-1B-Instruct,"1769592994.582, 1769592994.648, 1769592994.703, 1769592994.863, 1769592994.929"
1.0,0,1769592994.456,2.5566,27,32,59,0.0656,0.0913,0.1158,1.0,0.0,98.7,1.3626,1.6222,1.6222,4667.2653,1769592998.3770857,10.16,161,1585,0.313,17,1,0,8.64,15.0,0,1542,1769592994.582,-1.345,meta-llama/Llama-3.2-1B-Instruct,"1769592994.582, 1769592994.648, 1769592994.703, 1769592994.863, 1769592994.929"
1.0,0,1769592994.322,2.6307,27,32,59,0.123,0.091,0.122,1.0,0.0,98.7,1.4237,1.7537,1.7537,4667.2653,1769592998.3773437,10.16,161,1585,0.312,16,0,0,8.64,15.0,0,1542,1769592994.582,-1.345,meta-llama/Llama-3.2-1B-Instruct,"1769592994.582, 1769592994.648, 1769592994.703, 1769592994.863, 1769592994.929"
1.0,0,1769592994.5337,2.5351,27,32,59,0.074,0.1059,0.119,1.0,0.0,98.7,1.3519,1.6092,1.6092,4668.8745,1769592998.4253056,10.15,161,1586,0.313,19,0,0,8.64,15.0,0,1542,1769592994.582,-1.345,meta-llama/Llama-3.2-1B-Instruct,"1769592994.582, 1769592994.648, 1769592994.703, 1769592994.863, 1769592994.929"
1.0,0,1769592994.5802,2.7303,27,31,58,0.0727,0.102,0.1144,1.0,0.0,98.7,1.4849,1.8031,1.8031,4670.6775,1769592998.798211,10.14,161,1587,0.312,16,0,0,8.64,15.0,0,1542,1769592994.582,-1.345,meta-llama/Llama-3.2-1B-Instruct,"1769592994.582, 1769592994.648, 1769592994.703, 1769592994.863, 1769592994.929"
1.0,0,1769592994.849,2.596,27,32,59,0.0679,0.0808,0.0896,1.0,0.0,98.7,1.4181,1.6639,1.6639,4674.0376,1769592998.8668945,10.14,161,1589,0.313,16,1,0,8.64,15.0,0,1542,1769592994.582,-1.345,meta-llama/Llama-3.2-1B-Instruct,"1769592994.582, 1769592994.648, 1769592994.703, 1769592994.863, 1769592994.929"
1.0,0,1769592994.8163,2.5791,27,32,59,0.117,0.0871,0.0946,1.0,0.0,98.7,1.4708,1.6961,1.6961,4674.0376,1769592998.8672085,10.13,161,1589,0.313,17,0,0,8.64,15.0,0,1542,1769592994.582,-1.345,meta-llama/Llama-3.2-1B-Instruct,"1769592994.582, 1769592994.648, 1769592994.703, 1769592994.863, 1769592994.929"
1.0,0,1769592994.9698,2.5368,27,32,59,0.1129,0.0748,0.0827,1.0,0.0,98.7,1.3929,1.6497,1.6497,4677.105,1769592998.9014008,10.13,161,1591,0.312,16,1,0,8.64,15.0,0,1542,1769592994.582,-1.345,meta-llama/Llama-3.2-1B-Instruct,"1769592994.582, 1769592994.648, 1769592994.703, 1769592994.863, 1769592994.929"
1.0,0,1769592995.201,2.3478,27,32,59,0.0699,0.0744,0.0896,1.0,0.0,98.7,1.3511,1.4177,1.4177,4677.105,1769592998.9015849,10.12,161,1591,0.313,17,0,0,8.64,15.0,0,1542,1769592994.582,-1.345,meta-llama/Llama-3.2-1B-Instruct,"1769592994.582, 1769592994.648, 1769592994.703, 1769592994.863, 1769592994.929"
1.0,0,1769592995.4389,2.163,27,31,58,0.0936,0.0716,0.0716,1.0,0.0,98.7,1.3321,1.2566,1.2566,4678.3617,1769592998.9386702,10.28,166,1597,0.313,18,1,0,8.64,15.0,0,1542,1769592994.582,-1.345,meta-llama/Llama-3.2-1B-Instruct,"1769592994.582, 1769592994.648, 1769592994.703, 1769592994.863, 1769592994.929"
200.0,1,1769592815.8907,141.067,2402,1024,3426,0.3265,0.0763,0.1148,200.0,0.0,98.71,41.9698,-16.9632,0.0,4678.3617,1769592998.945395,10.23,167,1598,0.005,11,0,0,8.64,15.0,0,1542,1769592994.582,-1.345,meta-llama/Llama-3.2-1B-Instruct,"1769592994.582, 1769592994.648, 1769592994.703, 1769592994.863, 1769592994.929"
200.0,1,1769592815.9144,141.1342,2528,1022,3550,0.5334,0.0759,0.1159,200.0,0.0,98.71,41.8781,-16.9877,0.0,4678.3617,1769592998.9553418,10.18,167,1598,0.027,10,0,0,8.64,15.0,0,1542,1769592994.582,-1.345,meta-llama/Llama-3.2-1B-Instruct,"1769592994.582, 1769592994.648, 1769592994.703, 1769592994.863, 1769592994.929"
200.0,1,1769592816.0597,141.3994,3424,1023,4447,1.6648,0.0742,0.1069,200.0,0.0,98.71,41.4787,-17.1219,0.0,4678.3617,1769592998.9579525,10.39,167,1598,0.052,14,2,0,8.64,15.0,0,1542,1769592994.582,-1.345,meta-llama/Llama-3.2-1B-Instruct,"1769592994.582, 1769592994.648, 1769592994.703, 1769592994.863, 1769592994.929"
200.0,1,1769592815.9642,141.2467,4212,1030,5242,1.9064,0.0752,0.1168,200.0,0.0,98.71,41.7199,-17.0333,0.0,4678.3617,1769592998.9584625,10.29,167,1598,0.027,10,0,0,8.64,15.0,0,1542,1769592994.582,-1.345,meta-llama/Llama-3.2-1B-Instruct,"1769592994.582, 1769592994.648, 1769592994.703, 1769592994.863, 1769592994.929"
200.0,1,1769592816.0021,141.347,2756,1028,3784,1.7773,0.0736,0.1136,200.0,0.0,98.71,41.5907,-17.0623,0.0,4678.3617,1769592998.9617527,10.45,167,1598,0.052,14,2,0,8.64,15.0,0,1542,1769592994.582,-1.345,meta-llama/Llama-3.2-1B-Instruct,"1769592994.582, 1769592994.648, 1769592994.703, 1769592994.863, 1769592994.929"
200.0,1,1769592816.0311,141.3632,3365,1027,4392,1.7265,0.0756,0.1153,200.0,0.0,98.71,41.5426,-17.0942,0.0,4678.3617,1769592998.9623947,10.34,167,1598,0.052,14,2,0,8.64,15.0,0,1542,1769592994.582,-1.345,meta-llama/Llama-3.2-1B-Instruct,"1769592994.582, 1769592994.648, 1769592994.703, 1769592994.863, 1769592994.929"
1.0,0,1769592995.7518,2.2031,27,32,59,0.1073,0.0677,0.0751,1.0,0.0,98.71,1.1576,1.3103,1.3103,4679.672,1769592999.1168046,10.44,167,1599,0.315,19,0,0,8.64,15.0,0,1542,1769592994.582,-1.345,meta-llama/Llama-3.2-1B-Instruct,"1769592994.582, 1769592994.648, 1769592994.703, 1769592994.863, 1769592994.929"
1.0,0,1769592995.7843,2.294,27,32,59,0.0853,0.0707,0.0838,1.0,0.0,98.71,1.1189,1.3793,1.3793,4681.0513,1769592999.203584,10.44,167,1600,0.315,19,0,0,8.64,15.0,0,1542,1769592994.582,-1.345,meta-llama/Llama-3.2-1B-Instruct,"1769592994.582, 1769592994.648, 1769592994.703, 1769592994.863, 1769592994.929"
1.0,0,1769592996.1962,2.209,27,32,59,0.1023,0.0644,0.0772,1.0,0.0,98.71,1.0889,1.3112,1.3112,4683.4367,1769592999.4994135,10.43,167,1602,0.315,16,0,0,8.64,15.0,0,1542,1769592994.582,-1.345,meta-llama/Llama-3.2-1B-Instruct,"1769592994.582, 1769592994.648, 1769592994.703, 1769592994.863, 1769592994.929"
1.0,0,1769592996.4403,2.0259,27,32,59,0.0482,0.0651,0.0694,1.0,0.0,98.71,1.0314,1.0741,1.0741,4683.4367,1769592999.499655,10.42,167,1602,0.315,16,0,0,8.64,15.0,0,1542,1769592994.582,-1.345,meta-llama/Llama-3.2-1B-Instruct,"1769592994.582, 1769592994.648, 1769592994.703, 1769592994.863, 1769592994.929"
1.0,0,1769592996.6638,1.911,27,32,59,0.0737,0.0543,0.0562,1.0,0.0,98.71,1.0311,0.9847,0.9847,4684.4213,1769592999.6149597,10.42,167,1603,0.316,18,0,0,8.64,15.0,0,1542,1769592994.582,-1.345,meta-llama/Llama-3.2-1B-Instruct,"1769592994.582, 1769592994.648, 1769592994.703, 1769592994.863, 1769592994.929"
1.0,0,1769592996.6171,1.9214,27,32,59,0.1036,0.0549,0.0587,1.0,0.0,98.71,1.0789,1.025,1.025,4685.4463,1769592999.6189976,10.41,167,1604,0.316,18,0,0,8.64,15.0,0,1542,1769592994.582,-1.345,meta-llama/Llama-3.2-1B-Instruct,"1769592994.582, 1769592994.648, 1769592994.703, 1769592994.863, 1769592994.929"
1.0,0,1769592998.7985,1.1796,27,0,27,,,,1.0,,,0.0787,0.2583,0.2583,4685.7046,1769593000.0596626,10.4,167,1605,0.084,19,0,0,8.64,15.0,0,1542,1769592994.582,-1.345,meta-llama/Llama-3.2-1B-Instruct,"1769592994.582, 1769592994.648, 1769592994.703, 1769592994.863, 1769592994.929"
1.0,0,1769592998.3394,1.1851,27,14,41,0.0865,0.1081,0.1081,1.0,0.0,98.72,0.6281,0.2717,0.2717,4685.9763,1769593000.154364,10.4,167,1606,0.081,13,0,0,8.64,15.0,0,1542,1769592994.582,-1.345,meta-llama/Llama-3.2-1B-Instruct,"1769592994.582, 1769592994.648, 1769592994.703, 1769592994.863, 1769592994.929"
1.0,0,1769592997.0291,2.0116,27,31,58,0.0673,0.0599,0.1033,1.0,0.0,98.72,1.2016,1.0788,1.0788,4688.4471,1769593000.243242,10.39,167,1608,0.079,8,0,0,8.64,15.0,0,1542,1769592994.582,-1.345,meta-llama/Llama-3.2-1B-Instruct,"1769592994.582, 1769592994.648, 1769592994.703, 1769592994.863, 1769592994.929"
1.0,0,1769592996.718,2.3185,27,32,59,0.0734,0.0775,0.0972,1.0,0.0,98.72,1.2061,1.392,1.392,4688.4471,1769593000.2434022,10.39,167,1608,0.079,8,0,0,8.64,15.0,0,1542,1769592994.582,-1.345,meta-llama/Llama-3.2-1B-Instruct,"1769592994.582, 1769592994.648, 1769592994.703, 1769592994.863, 1769592994.929"
1.0,0,1769592997.148,1.9528,27,32,59,0.0614,0.0692,0.0932,1.0,0.0,98.72,1.1665,1.0142,1.0142,4689.4613,1769593000.2749584,10.38,167,1609,0.079,8,2,0,8.64,15.0,0,1542,1769592994.582,-1.345,meta-llama/Llama-3.2-1B-Instruct,"1769592994.582, 1769592994.648, 1769592994.703, 1769592994.863, 1769592994.929"
1.0,0,1769592997.3582,1.8228,27,32,59,0.0786,0.0748,0.0955,1.0,0.0,98.72,1.1841,0.9014,0.9014,4690.3627,1769593000.3729062,10.37,167,1610,0.079,9,0,0,8.64,15.0,0,1542,1769592994.582,-1.345,meta-llama/Llama-3.2-1B-Instruct,"1769592994.582, 1769592994.648, 1769592994.703, 1769592994.863, 1769592994.929"
1.0,0,1769592997.5267,1.7217,27,32,59,0.0663,0.0683,0.1015,1.0,0.0,98.72,1.1267,0.788,0.788,4691.1507,1769593000.3785698,10.37,167,1611,0.079,9,0,0,8.64,15.0,0,1542,1769592994.582,-1.345,meta-llama/Llama-3.2-1B-Instruct,"1769592994.582, 1769592994.648, 1769592994.703, 1769592994.863, 1769592994.929"
1.0,0,1769592997.8492,1.4499,27,32,59,0.0686,0.0674,0.0973,1.0,0.0,98.72,1.0897,0.5185,0.5185,4691.6692,1769593000.3910284,10.36,167,1612,0.08,10,0,0,8.64,15.0,0,1542,1769592994.582,-1.345,meta-llama/Llama-3.2-1B-Instruct,"1769592994.582, 1769592994.648, 1769592994.703, 1769592994.863, 1769592994.929"
1.0,0,1769592998.0361,1.3335,27,32,59,0.0754,0.0599,0.1004,1.0,0.0,98.72,1.0682,0.4089,0.4089,4692.0781,1769593000.4384732,10.35,167,1613,0.081,12,0,0,8.64,15.0,0,1542,1769592994.582,-1.345,meta-llama/Llama-3.2-1B-Instruct,"1769592994.582, 1769592994.648, 1769592994.703, 1769592994.863, 1769592994.929"
1.0,0,1769592998.0847,1.3499,27,32,59,0.1027,0.0622,0.0941,1.0,0.0,98.72,1.0475,0.4526,0.4526,4692.9599,1769593000.487039,10.35,167,1615,0.081,13,0,0,8.64,15.0,0,1542,1769592994.582,-1.345,meta-llama/Llama-3.2-1B-Instruct,"1769592994.582, 1769592994.648, 1769592994.703, 1769592994.863, 1769592994.929"
1.0,0,1769592998.121,1.3414,27,32,59,0.0878,0.0741,0.0902,1.0,0.0,98.72,1.0218,0.4292,0.4292,4692.9599,1769593000.4891584,10.34,167,1615,0.081,13,0,0,8.64,15.0,0,1542,1769592994.582,-1.345,meta-llama/Llama-3.2-1B-Instruct,"1769592994.582, 1769592994.648, 1769592994.703, 1769592994.863, 1769592994.929"
1.0,0,1769592998.4456,1.2091,27,32,59,0.0538,0.0794,0.1032,1.0,0.0,98.72,1.0534,0.2628,0.2628,4693.5373,1769593000.711305,10.33,167,1617,0.08,12,1,0,8.64,15.0,0,1542,1769592994.582,-1.345,meta-llama/Llama-3.2-1B-Instruct,"1769592994.582, 1769592994.648, 1769592994.703, 1769592994.863, 1769592994.929"
1.0,0,1769592998.3828,1.2087,27,32,59,0.1058,0.068,0.0887,1.0,0.0,98.72,1.1196,0.3145,0.3145,4693.5373,1769593000.7120078,10.33,167,1617,0.08,12,0,0,8.64,15.0,0,1542,1769592994.582,-1.345,meta-llama/Llama-3.2-1B-Instruct,"1769592994.582, 1769592994.648, 1769592994.703, 1769592994.863, 1769592994.929"
1.0,0,1769592998.5084,1.209,27,32,59,0.063,0.0624,0.1008,1.0,0.0,98.73,1.0862,0.2719,0.2719,4693.8092,1769593000.8044643,10.32,167,1618,0.081,14,0,0,8.64,15.0,0,1542,1769592994.582,-1.345,meta-llama/Llama-3.2-1B-Instruct,"1769592994.582, 1769592994.648, 1769592994.703, 1769592994.863, 1769592994.929"
1.0,0,1769592998.5944,1.1709,27,32,59,0.0964,0.0611,0.0897,1.0,0.0,98.73,1.0963,0.2673,0.2673,4694.291,1769593000.8640635,10.32,167,1620,0.081,14,0,0,8.64,15.0,0,1542,1769592994.582,-1.345,meta-llama/Llama-3.2-1B-Instruct,"1769592994.582, 1769592994.648, 1769592994.703, 1769592994.863, 1769592994.929"
1.0,0,1769592998.6436,1.1575,27,32,59,0.0569,0.0651,0.0715,1.0,0.0,98.73,1.0609,0.2144,0.2144,4694.291,1769593000.8642275,10.31,167,1620,0.082,15,0,0,8.64,15.0,0,1542,1769592994.582,-1.345,meta-llama/Llama-3.2-1B-Instruct,"1769592994.582, 1769592994.648, 1769592994.703, 1769592994.863, 1769592994.929"
1.0,0,1769592998.675,1.1767,27,32,59,0.0745,0.0641,0.0658,1.0,0.0,98.73,1.0663,0.2512,0.2512,4694.8207,1769593000.9239528,10.3,167,1622,0.082,16,1,0,8.64,15.0,0,1542,1769592994.582,-1.345,meta-llama/Llama-3.2-1B-Instruct,"1769592994.582, 1769592994.648, 1769592994.703, 1769592994.863, 1769592994.929"
1.0,0,1769592998.7211,1.1729,27,32,59,0.1056,0.0592,0.0594,1.0,0.0,98.73,1.0297,0.2785,0.2785,4694.8207,1769593000.927628,10.3,167,1622,0.082,17,0,0,8.64,15.0,0,1542,1769592994.582,-1.345,meta-llama/Llama-3.2-1B-Instruct,"1769592994.582, 1769592994.648, 1769592994.703, 1769592994.863, 1769592994.929"
1.0,0,1769592998.8467,1.4339,27,32,59,0.0777,0.0668,0.0996,1.0,0.0,98.73,1.181,0.5116,0.5116,4695.3323,1769593001.4775083,10.29,167,1623,0.085,18,0,0,8.64,15.0,0,1576,1769593001.136,0.166,meta-llama/Llama-3.2-1B-Instruct,"1769593001.136, 1769593001.225, 1769593001.317, 1769593001.360, 1769593001.448"
1.0,0,1769592998.9143,1.5085,27,32,59,0.0603,0.0637,0.1056,1.0,0.0,98.73,1.203,0.5688,0.5688,4695.9011,1769593001.6271822,10.28,167,1624,0.083,13,0,0,8.64,15.0,0,1576,1769593001.136,0.166,meta-llama/Llama-3.2-1B-Instruct,"1769593001.136, 1769593001.225, 1769593001.317, 1769593001.360, 1769593001.448"
1.0,0,1769592999.0033,1.4661,27,31,58,0.0639,0.0598,0.0983,1.0,0.0,98.73,1.2002,0.53,0.53,4696.4311,1769593001.6754982,10.28,167,1625,0.082,12,0,0,8.64,15.0,0,1576,1769593001.136,0.166,meta-llama/Llama-3.2-1B-Instruct,"1769593001.136, 1769593001.225, 1769593001.317, 1769593001.360, 1769593001.448"
1.0,0,1769592999.1387,1.3809,27,32,59,0.0652,0.0629,0.1086,1.0,0.0,98.73,1.1773,0.4461,0.4461,4696.8772,1769593001.6980155,10.27,167,1626,0.082,11,0,0,8.64,15.0,0,1576,1769593001.136,0.166,meta-llama/Llama-3.2-1B-Instruct,"1769593001.136, 1769593001.225, 1769593001.317, 1769593001.360, 1769593001.448"
1.0,0,1769592999.2223,1.3456,27,32,59,0.0741,0.072,0.1083,1.0,0.0,98.73,1.1524,0.4196,0.4196,4697.2968,1769593001.7210562,10.26,167,1627,0.082,12,0,0,8.64,15.0,0,1576,1769593001.136,0.166,meta-llama/Llama-3.2-1B-Instruct,"1769593001.136, 1769593001.225, 1769593001.317, 1769593001.360, 1769593001.448"
1.0,0,1769592999.5675,1.1093,27,32,59,0.0626,0.059,0.1031,1.0,0.0,98.73,1.0776,0.1719,0.1719,4697.8012,1769593001.755932,10.26,167,1629,0.083,14,1,0,8.64,15.0,0,1576,1769593001.136,0.166,meta-llama/Llama-3.2-1B-Instruct,"1769593001.136, 1769593001.225, 1769593001.317, 1769593001.360, 1769593001.448"
1.0,0,1769592999.4062,1.2176,27,32,59,0.1148,0.0658,0.1098,1.0,0.0,98.73,1.1315,0.3325,0.3325,4697.8012,1769593001.7561524,10.25,167,1629,0.082,13,0,0,8.64,15.0,0,1576,1769593001.136,0.166,meta-llama/Llama-3.2-1B-Instruct,"1769593001.136, 1769593001.225, 1769593001.317, 1769593001.360, 1769593001.448"
1.0,0,1769592999.6915,1.0412,27,32,59,0.0678,0.0682,0.1024,1.0,0.0,98.73,1.0795,0.109,0.109,4698.0365,1769593001.8242629,10.25,167,1631,0.082,14,0,0,8.64,15.0,0,1576,1769593001.136,0.166,meta-llama/Llama-3.2-1B-Instruct,"1769593001.136, 1769593001.225, 1769593001.317, 1769593001.360, 1769593001.448"
1.0,0,1769592999.7364,1.0422,27,32,59,0.0841,0.0727,0.0982,1.0,0.0,98.74,1.042,0.1263,0.1263,4698.0365,1769593001.8260598,10.24,167,1631,0.082,14,1,0,8.64,15.0,0,1576,1769593001.136,0.166,meta-llama/Llama-3.2-1B-Instruct,"1769593001.136, 1769593001.225, 1769593001.317, 1769593001.360, 1769593001.448"
1.0,0,1769592999.832,1.0123,27,32,59,0.0696,0.0639,0.1084,1.0,0.0,98.74,0.9857,0.0819,0.0819,4698.1184,1769593001.8308387,10.23,167,1632,0.081,13,0,0,8.64,15.0,0,1576,1769593001.136,0.166,meta-llama/Llama-3.2-1B-Instruct,"1769593001.136, 1769593001.225, 1769593001.317, 1769593001.360, 1769593001.448"
1.0,0,1769593000.0392,0.8595,27,32,59,0.0659,0.0602,0.0955,1.0,0.0,98.74,1.0008,-0.0747,0.0,4698.1184,1769593001.9050703,10.29,168,1633,0.081,13,0,0,8.64,15.0,0,1576,1769593001.136,0.166,meta-llama/Llama-3.2-1B-Instruct,"1769593001.136, 1769593001.225, 1769593001.317, 1769593001.360, 1769593001.448"
1.0,0,1769593000.0759,0.9091,27,32,59,0.0939,0.065,0.104,1.0,0.0,98.74,1.0632,0.003,0.003,4698.1214,1769593002.0526242,10.28,168,1634,0.081,13,0,0,8.64,15.0,0,1576,1769593001.136,0.166,meta-llama/Llama-3.2-1B-Instruct,"1769593001.136, 1769593001.225, 1769593001.317, 1769593001.360, 1769593001.448"
1.0,0,1769593000.1361,0.9202,27,32,59,0.1388,0.0687,0.0708,1.0,0.0,98.74,1.0719,0.059,0.059,4698.1804,1769593002.1311731,10.28,169,1636,0.082,13,0,0,8.64,15.0,0,1576,1769593001.136,0.166,meta-llama/Llama-3.2-1B-Instruct,"1769593001.136, 1769593001.225, 1769593001.317, 1769593001.360, 1769593001.448"
1.0,0,1769593000.2252,0.9,27,32,59,0.0705,0.0647,0.0652,1.0,0.0,98.74,1.0057,-0.0295,0.0,4698.1804,1769593002.1320899,10.33,169,1636,0.082,14,1,0,8.64,15.0,0,1576,1769593001.136,0.166,meta-llama/Llama-3.2-1B-Instruct,"1769593001.136, 1769593001.225, 1769593001.317, 1769593001.360, 1769593001.448"
1.0,0,1769593000.317,0.8705,27,32,59,0.0689,0.0612,0.0676,1.0,0.0,98.74,0.9936,-0.0606,0.0,4698.1804,1769593002.1821709,10.38,170,1637,0.083,16,0,0,8.64,15.0,0,1576,1769593001.136,0.166,meta-llama/Llama-3.2-1B-Instruct,"1769593001.136, 1769593001.225, 1769593001.317, 1769593001.360, 1769593001.448"
1.0,0,1769593000.3601,0.8818,27,32,59,0.0525,0.0619,0.0669,1.0,0.0,98.74,0.9691,-0.0657,0.0,4698.1804,1769593002.2203705,10.44,171,1638,0.084,17,0,0,8.64,15.0,0,1576,1769593001.136,0.166,meta-llama/Llama-3.2-1B-Instruct,"1769593001.136, 1769593001.225, 1769593001.317, 1769593001.360, 1769593001.448"
1.0,0,1769593000.4482,0.8705,27,32,59,0.0963,0.0504,0.0637,1.0,0.0,98.74,0.9607,-0.0333,0.0,4698.1804,1769593002.2876606,10.49,172,1639,0.084,18,0,0,8.64,15.0,0,1576,1769593001.136,0.166,meta-llama/Llama-3.2-1B-Instruct,"1769593001.136, 1769593001.225, 1769593001.317, 1769593001.360, 1769593001.448"
1.0,0,1769593000.5006,1.0196,27,32,59,0.0762,0.0585,0.0652,1.0,0.0,98.74,0.9418,0.0959,0.0959,4698.2763,1769593002.469517,10.49,172,1640,0.085,19,0,0,8.64,15.0,0,1576,1769593001.136,0.166,meta-llama/Llama-3.2-1B-Instruct,"1769593001.136, 1769593001.225, 1769593001.317, 1769593001.360, 1769593001.448"
1.0,0,1769593000.5408,1.0572,27,32,59,0.0712,0.0599,0.0673,1.0,0.0,98.74,0.9314,0.1284,0.1284,4698.4047,1769593002.5302546,10.48,172,1641,0.086,19,0,0,8.64,15.0,0,1576,1769593001.136,0.166,meta-llama/Llama-3.2-1B-Instruct,"1769593001.136, 1769593001.225, 1769593001.317, 1769593001.360, 1769593001.448"
1.0,0,1769593001.0918,1.0229,27,17,44,0.0622,0.0919,0.0919,1.0,0.0,98.74,0.5671,0.0851,0.0851,4698.4898,1769593002.690445,10.48,172,1642,0.083,13,0,0,8.64,15.0,0,1576,1769593001.136,0.166,meta-llama/Llama-3.2-1B-Instruct,"1769593001.136, 1769593001.225, 1769593001.317, 1769593001.360, 1769593001.448"
1.0,0,1769593000.581,1.2114,27,32,59,0.0695,0.0639,0.0986,1.0,0.0,98.75,0.983,0.2809,0.2809,4698.7708,1769593002.7813535,10.47,172,1643,0.083,13,0,0,8.64,15.0,0,1576,1769593001.136,0.166,meta-llama/Llama-3.2-1B-Instruct,"1769593001.136, 1769593001.225, 1769593001.317, 1769593001.360, 1769593001.448"
1.0,0,1769593000.6429,1.238,27,32,59,0.0619,0.0816,0.1095,1.0,0.0,98.75,1.0283,0.2999,0.2999,4699.0706,1769593002.912769,10.46,172,1644,0.082,11,0,0,8.64,15.0,0,1576,1769593001.136,0.166,meta-llama/Llama-3.2-1B-Instruct,"1769593001.136, 1769593001.225, 1769593001.317, 1769593001.360, 1769593001.448"
1.0,0,1769593000.7,1.2295,27,32,59,0.0683,0.071,0.0998,1.0,0.0,98.75,0.9914,0.2978,0.2978,4699.3684,1769593002.9308908,10.46,172,1645,0.082,11,0,0,8.64,15.0,0,1576,1769593001.136,0.166,meta-llama/Llama-3.2-1B-Instruct,"1769593001.136, 1769593001.225, 1769593001.317, 1769593001.360, 1769593001.448"
1.0,0,1769593000.8228,1.1593,27,32,59,0.0669,0.0763,0.0977,1.0,0.0,98.75,0.992,0.2262,0.2262,4699.5946,1769593002.9776278,10.45,172,1646,0.083,12,1,0,8.64,15.0,0,1576,1769593001.136,0.166,meta-llama/Llama-3.2-1B-Instruct,"1769593001.136, 1769593001.225, 1769593001.317, 1769593001.360, 1769593001.448"
200.0,1,1769592816.1848,186.694,3059,0,3059,,,,200.0,,,0.3795,-12.9266,0.0,4699.5946,1769593003.2721424,10.5,173,1647,0.084,14,1,0,8.64,15.0,0,1576,1769593001.136,0.166,meta-llama/Llama-3.2-1B-Instruct,"1769593001.136, 1769593001.225, 1769593001.317, 1769593001.360, 1769593001.448"
1.0,0,1769593001.0314,1.0324,27,32,59,0.0662,0.1064,1.2629,1.0,0.2629,98.69,2.2283,0.0986,0.0986,4699.6932,1769593004.29447,10.5,173,1648,0.083,13,0,0,8.64,15.0,0,1576,1769593001.136,0.166,meta-llama/Llama-3.2-1B-Instruct,"1769593001.136, 1769593001.225, 1769593001.317, 1769593001.360, 1769593001.448"
1.0,0,1769593001.3707,0.8238,27,32,59,0.0858,0.0954,1.2671,1.0,0.2671,98.62,2.2079,-0.0904,0.0,4699.6932,1769593004.410821,10.55,174,1649,0.082,12,0,0,8.64,15.0,0,1576,1769593001.136,0.166,meta-llama/Llama-3.2-1B-Instruct,"1769593001.136, 1769593001.225, 1769593001.317, 1769593001.360, 1769593001.448"
1.0,0,1769593001.5013,0.7625,27,32,59,0.0721,0.1097,1.2675,1.0,0.2675,98.56,2.1953,-0.1654,0.0,4699.6932,1769593004.4637148,10.61,175,1650,0.082,12,0,0,8.64,15.0,0,1576,1769593001.136,0.166,meta-llama/Llama-3.2-1B-Instruct,"1769593001.136, 1769593001.225, 1769593001.317, 1769593001.360, 1769593001.448"
1.0,0,1769593001.8421,0.4715,27,32,59,0.0649,0.0937,1.256,1.0,0.256,98.5,2.1825,-0.4635,0.0,4699.6932,1769593004.5008547,10.66,176,1651,0.082,11,1,0,8.64,15.0,0,1576,1769593001.136,0.166,meta-llama/Llama-3.2-1B-Instruct,"1769593001.136, 1769593001.225, 1769593001.317, 1769593001.360, 1769593001.448"
1.0,0,1769593002.0241,0.4828,27,32,59,0.0484,0.0781,1.2492,1.0,0.2492,98.44,2.2883,-0.4688,0.0,4699.6932,1769593004.799447,10.71,178,1653,0.083,12,0,0,8.64,15.0,0,1576,1769593001.136,0.166,meta-llama/Llama-3.2-1B-Instruct,"1769593001.136, 1769593001.225, 1769593001.317, 1769593001.360, 1769593001.448"
1.0,0,1769593001.9055,0.5598,27,32,59,0.0869,0.0767,1.2634,1.0,0.2634,98.38,2.3304,-0.3533,0.0,4699.6932,1769593004.800377,10.77,178,1653,0.083,13,0,0,8.64,15.0,0,1576,1769593001.136,0.166,meta-llama/Llama-3.2-1B-Instruct,"1769593001.136, 1769593001.225, 1769593001.317, 1769593001.360, 1769593001.448"
1.0,0,1769593002.2381,0.3174,27,32,59,0.0659,0.0829,1.2599,1.0,0.2599,98.32,2.2642,-0.6167,0.0,4699.6932,1769593004.8272643,10.82,179,1654,0.082,12,1,0,8.64,15.0,0,1576,1769593001.136,0.166,meta-llama/Llama-3.2-1B-Instruct,"1769593001.136, 1769593001.225, 1769593001.317, 1769593001.360, 1769593001.448"
1.0,0,1769593002.4811,0.2705,27,24,51,0.135,0.0728,1.2595,1.0,0.2595,98.26,2.149,-0.5945,0.0,4699.6932,1769593004.9063814,10.88,180,1655,0.083,14,0,0,8.64,15.0,0,1576,1769593001.136,0.166,meta-llama/Llama-3.2-1B-Instruct,"1769593001.136, 1769593001.225, 1769593001.317, 1769593001.360, 1769593001.448"
1.0,0,1769593002.7049,0.1128,27,32,59,0.0673,0.0669,1.2706,1.0,0.2706,98.19,2.2365,-0.8199,0.0,4699.6932,1769593005.061698,10.93,181,1656,0.084,13,1,0,8.64,15.0,0,1576,1769593001.136,0.166,meta-llama/Llama-3.2-1B-Instruct,"1769593001.136, 1769593001.225, 1769593001.317, 1769593001.360, 1769593001.448"
1.0,0,1769593002.6151,0.1416,27,32,59,0.0856,0.0673,1.2646,1.0,0.2646,98.13,2.3054,-0.7728,0.0,4699.6932,1769593005.0632088,10.98,182,1657,0.084,13,0,0,8.64,15.0,0,1576,1769593001.136,0.166,meta-llama/Llama-3.2-1B-Instruct,"1769593001.136, 1769593001.225, 1769593001.317, 1769593001.360, 1769593001.448"
1.0,0,1769593002.8507,0.0621,27,32,59,1.0279,0.0662,0.2894,1.0,0.0,98.13,2.2015,0.09,0.09,4699.7832,1769593005.1171434,11.03,186,1662,0.084,14,0,0,8.64,15.0,0,1576,1769593001.136,0.166,meta-llama/Llama-3.2-1B-Instruct,"1769593001.136, 1769593001.225, 1769593001.317, 1769593001.360, 1769593001.448"
1.0,0,1769593002.962,0.0884,27,32,59,0.8886,0.0645,0.2882,1.0,0.0,98.14,2.0645,-0.023,0.0,4699.7832,1769593005.1173537,11.08,186,1662,0.112,13,1,0,8.64,15.0,0,1576,1769593001.136,0.166,meta-llama/Llama-3.2-1B-Instruct,"1769593001.136, 1769593001.225, 1769593001.317, 1769593001.360, 1769593001.448"
1.0,0,1769593003.2191,0.1211,27,32,59,0.8484,0.0564,0.0633,1.0,0.0,98.14,1.7751,-0.0305,0.0,4699.7832,1769593005.1175678,11.14,186,1662,0.142,18,0,0,8.64,15.0,0,1576,1769593001.136,0.166,meta-llama/Llama-3.2-1B-Instruct,"1769593001.136, 1769593001.225, 1769593001.317, 1769593001.360, 1769593001.448"
1.0,0,1769593003.1318,0.0647,27,32,59,0.7395,0.0637,0.2916,1.0,0.0,98.14,1.9192,-0.1958,0.0,4699.7832,1769593005.1202104,11.19,186,1662,0.112,13,1,0,8.64,15.0,0,1576,1769593001.136,0.166,meta-llama/Llama-3.2-1B-Instruct,"1769593001.136, 1769593001.225, 1769593001.317, 1769593001.360, 1769593001.448"
1.0,0,1769593003.0757,0.0879,27,32,59,0.7705,0.0671,0.2921,1.0,0.0,98.14,1.9502,-0.1416,0.0,4699.7832,1769593005.1256256,11.04,186,1662,0.112,13,1,0,8.64,15.0,0,1576,1769593001.136,0.166,meta-llama/Llama-3.2-1B-Instruct,"1769593001.136, 1769593001.225, 1769593001.317, 1769593001.360, 1769593001.448"
1.0,0,1769593003.2507,1.1916,27,32,59,0.0525,0.0682,0.0989,1.0,0.0,98.14,1.024,0.2441,0.2441,4700.0273,1769593005.467222,11.18,186,1663,0.168,17,0,0,8.64,15.0,0,1576,1769593001.136,0.166,meta-llama/Llama-3.2-1B-Instruct,"1769593001.136, 1769593001.225, 1769593001.317, 1769593001.360, 1769593001.448"
1.0,0,1769593003.2873,1.2747,27,32,59,0.0758,0.0635,0.09,1.0,0.0,98.14,1.0442,0.3505,0.3505,4700.3778,1769593005.6071606,11.18,186,1664,0.168,17,0,0,8.64,15.0,0,1576,1769593001.136,0.166,meta-llama/Llama-3.2-1B-Instruct,"1769593001.136, 1769593001.225, 1769593001.317, 1769593001.360, 1769593001.448"
1.0,0,1769593003.3148,1.3278,27,32,59,0.0601,0.0587,0.0848,1.0,0.0,98.14,1.0127,0.388,0.388,4700.7658,1769593005.6579578,11.17,186,1665,0.168,18,0,0,8.64,15.0,0,1576,1769593001.136,0.166,meta-llama/Llama-3.2-1B-Instruct,"1769593001.136, 1769593001.225, 1769593001.317, 1769593001.360, 1769593001.448"
1.0,0,1769593003.6317,1.0514,27,32,59,0.0709,0.0625,0.0903,1.0,0.0,98.14,1.02,0.1223,0.1223,4700.8881,1769593005.7082617,11.16,186,1666,0.168,18,0,0,8.64,15.0,0,1576,1769593001.136,0.166,meta-llama/Llama-3.2-1B-Instruct,"1769593001.136, 1769593001.225, 1769593001.317, 1769593001.360, 1769593001.448"
1.0,0,1769593003.6572,1.3162,27,32,59,0.0824,0.086,0.0923,1.0,0.0,98.14,1.1907,0.3986,0.3986,4701.2867,1769593006.167445,11.16,186,1667,0.169,16,0,0,8.64,15.0,0,1612,1769593005.658,-0.313,meta-llama/Llama-3.2-1B-Instruct,"1769593005.658, 1769593005.715, 1769593005.871, 1769593006.149, 1769593006.501"
1.0,0,1769593004.4744,1.4123,27,8,35,0.0698,0.0694,0.0694,1.0,0.0,98.15,0.3326,0.4821,0.4821,4701.7688,1769593006.2242355,11.15,186,1668,0.169,17,1,0,8.64,15.0,0,1612,1769593005.658,-0.313,meta-llama/Llama-3.2-1B-Instruct,"1769593005.658, 1769593005.715, 1769593005.871, 1769593006.149, 1769593006.501"
1.0,0,1769593003.826,1.4274,27,32,59,0.0698,0.0676,0.0922,1.0,0.0,98.15,1.143,0.4972,0.4972,4703.3346,1769593006.410612,11.14,186,1671,0.167,11,1,0,8.64,15.0,0,1612,1769593005.658,-0.313,meta-llama/Llama-3.2-1B-Instruct,"1769593005.658, 1769593005.715, 1769593005.871, 1769593006.149, 1769593006.501"
1.0,0,1769593003.7992,1.3894,27,32,59,0.1355,0.066,0.0813,1.0,0.0,98.15,1.2168,0.525,0.525,4703.3346,1769593006.4108062,11.14,186,1671,0.166,10,0,0,8.64,15.0,0,1612,1769593005.658,-0.313,meta-llama/Llama-3.2-1B-Instruct,"1769593005.658, 1769593005.715, 1769593005.871, 1769593006.149, 1769593006.501"
1.0,0,1769593003.7276,1.4338,27,32,59,0.1099,0.0713,0.0869,1.0,0.0,98.15,1.2478,0.5436,0.5436,4703.3346,1769593006.4111173,11.13,186,1671,0.168,15,0,0,8.64,15.0,0,1612,1769593005.658,-0.313,meta-llama/Llama-3.2-1B-Instruct,"1769593005.658, 1769593005.715, 1769593005.871, 1769593006.149, 1769593006.501"
1.0,0,1769593003.8523,1.4631,27,32,59,0.0776,0.0673,0.0899,1.0,0.0,98.15,1.2038,0.5407,0.5407,4703.8753,1769593006.526293,11.12,186,1672,0.167,13,0,0,8.64,15.0,0,1612,1769593005.658,-0.313,meta-llama/Llama-3.2-1B-Instruct,"1769593005.658, 1769593005.715, 1769593005.871, 1769593006.149, 1769593006.501"
1.0,0,1769593003.9186,1.4598,27,32,59,0.0836,0.0635,0.097,1.0,0.0,98.15,1.1837,0.5434,0.5434,4704.4187,1769593006.5630202,11.12,186,1673,0.167,13,0,0,8.64,15.0,0,1612,1769593005.658,-0.313,meta-llama/Llama-3.2-1B-Instruct,"1769593005.658, 1769593005.715, 1769593005.871, 1769593006.149, 1769593006.501"
1.0,0,1769593003.9941,1.4511,27,32,59,0.0873,0.0651,0.0878,1.0,0.0,98.15,1.1527,0.5383,0.5383,4704.957,1769593006.6007907,11.11,186,1674,0.168,14,0,0,8.64,15.0,0,1612,1769593005.658,-0.313,meta-llama/Llama-3.2-1B-Instruct,"1769593005.658, 1769593005.715, 1769593005.871, 1769593006.149, 1769593006.501"
1.0,0,1769593004.0639,1.4582,27,33,60,0.0613,0.0666,0.1035,1.0,0.0,98.15,1.1168,0.5195,0.5195,4705.4765,1769593006.6438305,11.1,186,1675,0.168,15,0,0,8.64,15.0,0,1612,1769593005.658,-0.313,meta-llama/Llama-3.2-1B-Instruct,"1769593005.658, 1769593005.715, 1769593005.871, 1769593006.149, 1769593006.501"
1.0,0,1769593004.0943,1.4901,27,32,59,0.0692,0.0664,0.084,1.0,0.0,98.15,1.0947,0.5593,0.5593,4706.0358,1769593006.6798296,11.1,186,1676,0.169,16,0,0,8.64,15.0,0,1612,1769593005.658,-0.313,meta-llama/Llama-3.2-1B-Instruct,"1769593005.658, 1769593005.715, 1769593005.871, 1769593006.149, 1769593006.501"
1.0,0,1769593004.12,1.5148,27,32,59,0.071,0.0653,0.0959,1.0,0.0,98.16,1.0636,0.5858,0.5858,4706.6216,1769593006.718508,11.09,186,1677,0.168,15,1,0,8.64,15.0,0,1612,1769593005.658,-0.313,meta-llama/Llama-3.2-1B-Instruct,"1769593005.658, 1769593005.715, 1769593005.871, 1769593006.149, 1769593006.501"
1.0,0,1769593004.1456,1.575,27,29,56,0.125,0.0579,0.0904,1.0,0.0,98.16,1.0509,0.7,0.7,4707.3216,1769593006.775906,11.08,186,1678,0.168,15,0,0,8.64,15.0,0,1612,1769593005.658,-0.313,meta-llama/Llama-3.2-1B-Instruct,"1769593005.658, 1769593005.715, 1769593005.871, 1769593006.149, 1769593006.501"
1.0,0,1769593004.1742,1.6044,27,32,59,0.0628,0.0677,0.0889,1.0,0.0,98.16,1.0675,0.6673,0.6673,4707.9888,1769593006.8468652,11.08,186,1679,0.169,15,0,0,8.64,15.0,0,1612,1769593005.658,-0.313,meta-llama/Llama-3.2-1B-Instruct,"1769593005.658, 1769593005.715, 1769593005.871, 1769593006.149, 1769593006.501"
1.0,0,1769593004.608,1.3364,27,29,56,0.0769,0.0612,0.0613,1.0,0.0,98.16,0.9476,0.4134,0.4134,4708.4022,1769593006.90329,11.07,186,1680,0.17,18,1,0,8.64,15.0,0,1612,1769593005.658,-0.313,meta-llama/Llama-3.2-1B-Instruct,"1769593005.658, 1769593005.715, 1769593005.871, 1769593006.149, 1769593006.501"
1.0,0,1769593004.4044,1.4286,27,32,59,0.1193,0.0633,0.0747,1.0,0.0,98.16,1.0718,0.5479,0.5479,4708.9501,1769593006.9106057,11.06,186,1681,0.169,16,1,0,8.64,15.0,0,1612,1769593005.658,-0.313,meta-llama/Llama-3.2-1B-Instruct,"1769593005.658, 1769593005.715, 1769593005.871, 1769593006.149, 1769593006.501"
1.0,0,1769593004.7153,1.6723,27,25,52,0.0865,0.0559,0.0568,1.0,0.0,98.16,0.8649,0.7588,0.7588,4709.7089,1769593007.2623794,11.06,186,1682,0.172,18,0,0,8.64,15.0,0,1612,1769593005.658,-0.313,meta-llama/Llama-3.2-1B-Instruct,"1769593005.658, 1769593005.715, 1769593005.871, 1769593006.149, 1769593006.501"
1.0,0,1769593004.6583,1.7242,27,32,59,0.0999,0.0593,0.1004,1.0,0.0,98.16,1.1878,0.8241,0.8241,4710.533,1769593007.5728016,11.05,186,1683,0.171,18,0,0,8.64,15.0,0,1612,1769593005.658,-0.313,meta-llama/Llama-3.2-1B-Instruct,"1769593005.658, 1769593005.715, 1769593005.871, 1769593006.149, 1769593006.501"
1.0,0,1769593005.7464,1.1967,27,14,41,0.1233,0.1033,0.1033,1.0,0.0,98.16,0.6508,0.3201,0.3201,4710.8531,1769593007.6002216,11.05,186,1684,0.168,11,0,0,8.64,15.0,0,1612,1769593005.658,-0.313,meta-llama/Llama-3.2-1B-Instruct,"1769593005.658, 1769593005.715, 1769593005.871, 1769593006.149, 1769593006.501"
1.0,0,1769593005.1486,1.5515,27,25,52,0.0707,0.0609,0.0963,1.0,0.0,98.17,1.0012,0.6222,0.6222,4711.4753,1769593007.7034702,11.04,186,1685,0.169,13,0,0,8.64,15.0,0,1612,1769593005.658,-0.313,meta-llama/Llama-3.2-1B-Instruct,"1769593005.658, 1769593005.715, 1769593005.871, 1769593006.149, 1769593006.501"
1.0,0,1769593004.8713,1.7433,27,32,59,0.0614,0.0639,0.1139,1.0,0.0,98.17,1.1638,0.8047,0.8047,4712.28,1769593007.7834547,11.03,186,1686,0.17,13,0,0,8.64,15.0,0,1612,1769593005.658,-0.313,meta-llama/Llama-3.2-1B-Instruct,"1769593005.658, 1769593005.715, 1769593005.871, 1769593006.149, 1769593006.501"
1.0,0,1769593005.5011,1.272,27,32,59,0.0845,0.0742,0.0996,1.0,0.0,98.17,1.2696,0.3565,0.3565,4712.9734,1769593008.0486178,11.03,186,1688,0.169,12,0,0,8.64,15.0,0,1612,1769593005.658,-0.313,meta-llama/Llama-3.2-1B-Instruct,"1769593005.658, 1769593005.715, 1769593005.871, 1769593006.149, 1769593006.501"
1.0,0,1769593005.5516,1.2629,27,33,60,0.074,0.06,0.1022,1.0,0.0,98.17,1.2339,0.3368,0.3368,4712.9734,1769593008.0493317,11.02,186,1688,0.169,12,0,0,8.64,15.0,0,1612,1769593005.658,-0.313,meta-llama/Llama-3.2-1B-Instruct,"1769593005.658, 1769593005.715, 1769593005.871, 1769593006.149, 1769593006.501"
1.0,0,1769593005.6796,1.1905,27,32,59,0.0856,0.0684,0.1026,1.0,0.0,98.17,1.2626,0.2761,0.2761,4713.2495,1769593008.1338866,11.01,186,1689,0.169,13,0,0,8.64,15.0,0,1612,1769593005.658,-0.313,meta-llama/Llama-3.2-1B-Instruct,"1769593005.658, 1769593005.715, 1769593005.871, 1769593006.149, 1769593006.501"
200.0,1,1769592816.1473,151.6229,3730,1024,4754,0.7965,0.0757,0.1123,200.0,0.0,98.17,40.3832,-7.9939,0.0,4713.2495,1769593008.1746016,11.07,188,1691,0.219,14,0,0,8.64,15.0,0,1612,1769593005.658,-0.313,meta-llama/Llama-3.2-1B-Instruct,"1769593005.658, 1769593005.715, 1769593005.871, 1769593006.149, 1769593006.501"
200.0,1,1769592816.1113,151.4871,2678,1024,3702,0.9645,0.0751,0.1103,200.0,0.0,98.17,40.5564,-7.9565,0.0,4713.2495,1769593008.1749954,11.12,188,1691,0.195,13,0,0,8.64,15.0,0,1612,1769593005.658,-0.313,meta-llama/Llama-3.2-1B-Instruct,"1769593005.658, 1769593005.715, 1769593005.871, 1769593006.149, 1769593006.501"
1.0,0,1769593005.8043,1.1993,27,32,59,0.0649,0.0661,0.0904,1.0,0.0,98.17,1.1717,0.2642,0.2642,4713.5137,1769593008.1761992,11.11,188,1692,0.169,12,0,0,8.64,15.0,0,1612,1769593005.658,-0.313,meta-llama/Llama-3.2-1B-Instruct,"1769593005.658, 1769593005.715, 1769593005.871, 1769593006.149, 1769593006.501"
1.0,0,1769593005.9093,1.1717,27,32,59,0.0815,0.0689,0.0969,1.0,0.0,98.17,1.1418,0.2531,0.2531,4713.7668,1769593008.2316825,11.1,188,1693,0.17,14,0,0,8.64,15.0,0,1612,1769593005.658,-0.313,meta-llama/Llama-3.2-1B-Instruct,"1769593005.658, 1769593005.715, 1769593005.871, 1769593006.149, 1769593006.501"
1.0,0,1769593006.1148,1.028,27,32,59,0.0779,0.07,0.0915,1.0,0.0,98.18,1.1123,0.106,0.106,4713.8728,1769593008.2613206,11.1,188,1694,0.17,14,0,0,8.64,15.0,0,1612,1769593005.658,-0.313,meta-llama/Llama-3.2-1B-Instruct,"1769593005.658, 1769593005.715, 1769593005.871, 1769593006.149, 1769593006.501"
1.0,0,1769593007.3886,0.9054,27,0,27,,,,1.0,,,0.0797,-0.0149,0.0,4713.8728,1769593008.377593,11.15,189,1695,0.092,13,0,0,8.64,15.0,0,1612,1769593005.658,-0.313,meta-llama/Llama-3.2-1B-Instruct,"1769593005.658, 1769593005.715, 1769593005.871, 1769593006.149, 1769593006.501"
1.0,0,1769593006.3172,0.9809,27,32,59,0.0495,0.0658,0.0997,1.0,0.0,98.18,1.1313,0.0304,0.0304,4713.9961,1769593008.4403653,11.14,189,1697,0.171,15,0,0,8.64,15.0,0,1612,1769593005.658,-0.313,meta-llama/Llama-3.2-1B-Instruct,"1769593005.658, 1769593005.715, 1769593005.871, 1769593006.149, 1769593006.501"
1.0,0,1769593006.2496,0.9858,27,32,59,0.1071,0.0733,0.1042,1.0,0.0,98.18,1.1934,0.0929,0.0929,4713.9961,1769593008.4406166,11.14,189,1697,0.171,16,0,0,8.64,15.0,0,1612,1769593005.658,-0.313,meta-llama/Llama-3.2-1B-Instruct,"1769593005.658, 1769593005.715, 1769593005.871, 1769593006.149, 1769593006.501"
1.0,0,1769593006.7424,0.6727,27,32,59,0.0528,0.0659,0.0743,1.0,0.0,98.18,1.0718,-0.2745,0.0,4713.9961,1769593008.4880717,11.19,191,1699,0.172,17,0,0,8.64,15.0,0,1612,1769593005.658,-0.313,meta-llama/Llama-3.2-1B-Instruct,"1769593005.658, 1769593005.715, 1769593005.871, 1769593006.149, 1769593006.501"
1.0,0,1769593006.579,0.7875,27,32,59,0.0973,0.0662,0.0713,1.0,0.0,98.18,1.1209,-0.1152,0.0,4713.9961,1769593008.4883518,11.24,191,1699,0.171,17,0,0,8.64,15.0,0,1612,1769593005.658,-0.313,meta-llama/Llama-3.2-1B-Instruct,"1769593005.658, 1769593005.715, 1769593005.871, 1769593006.149, 1769593006.501"
1.0,0,1769593006.7862,0.6713,27,32,59,0.0856,0.0657,0.0746,1.0,0.0,98.18,1.0897,-0.2431,0.0,4713.9961,1769593008.548165,11.29,192,1700,0.172,18,1,0,8.64,15.0,0,1612,1769593005.658,-0.313,meta-llama/Llama-3.2-1B-Instruct,"1769593005.658, 1769593005.715, 1769593005.871, 1769593006.149, 1769593006.501"
1.0,0,1769593006.8391,0.925,27,32,59,0.0726,0.065,0.0731,1.0,0.0,98.18,1.02,-0.0024,0.0,4713.9961,1769593008.7923245,11.35,193,1701,0.173,17,0,0,8.64,15.0,0,1612,1769593005.658,-0.313,meta-llama/Llama-3.2-1B-Instruct,"1769593005.658, 1769593005.715, 1769593005.871, 1769593006.149, 1769593006.501"
1.0,0,1769593006.9199,0.899,27,32,59,0.076,0.0575,0.0651,1.0,0.0,98.18,0.9739,-0.025,0.0,4713.9961,1769593008.7935138,11.4,194,1702,0.172,16,0,0,8.64,15.0,0,1612,1769593005.658,-0.313,meta-llama/Llama-3.2-1B-Instruct,"1769593005.658, 1769593005.715, 1769593005.871, 1769593006.149, 1769593006.501"
1.0,0,1769593007.041,0.8443,27,32,59,0.0927,0.0602,0.0605,1.0,0.0,98.18,0.9537,-0.063,0.0,4713.9961,1769593008.850728,11.45,196,1704,0.173,17,0,0,8.64,15.0,0,1612,1769593005.658,-0.313,meta-llama/Llama-3.2-1B-Instruct,"1769593005.658, 1769593005.715, 1769593005.871, 1769593006.149, 1769593006.501"
1.0,0,1769593007.1958,0.7713,27,32,59,0.0762,0.0562,0.0567,1.0,0.0,98.19,0.8803,-0.1525,0.0,4713.9961,1769593008.8525856,11.5,196,1704,0.173,18,1,0,8.64,15.0,0,1612,1769593005.658,-0.313,meta-llama/Llama-3.2-1B-Instruct,"1769593005.658, 1769593005.715, 1769593005.871, 1769593006.149, 1769593006.501"
1.0,0,1769593007.3434,0.8815,27,32,59,0.0933,0.062,1.6036,1.0,0.6036,98.13,2.5021,-0.0252,0.0,4713.9961,1769593010.7389565,11.55,197,1705,0.093,14,0,0,8.64,15.0,0,1612,1769593005.658,-0.313,meta-llama/Llama-3.2-1B-Instruct,"1769593005.658, 1769593005.715, 1769593005.871, 1769593006.149, 1769593006.501"
1.0,0,1769593007.6436,0.7165,27,32,59,0.0651,0.0569,1.6137,1.0,0.6137,98.07,2.4579,-0.2184,0.0,4713.9961,1769593010.8224404,11.61,198,1706,0.093,14,0,0,8.64,15.0,0,1612,1769593005.658,-0.313,meta-llama/Llama-3.2-1B-Instruct,"1769593005.658, 1769593005.715, 1769593005.871, 1769593006.149, 1769593006.501"
1.0,0,1769593007.7193,0.6923,27,32,59,0.0728,0.0558,1.6196,1.0,0.6196,98.01,2.4628,-0.2349,0.0,4713.9961,1769593010.8833451,11.66,199,1707,0.092,13,0,0,8.64,15.0,0,1612,1769593005.658,-0.313,meta-llama/Llama-3.2-1B-Instruct,"1769593005.658, 1769593005.715, 1769593005.871, 1769593006.149, 1769593006.501"
1.0,0,1769593007.9462,0.5232,27,32,59,0.1007,0.0571,1.6025,1.0,0.6025,97.95,2.4552,-0.3761,0.0,4713.9961,1769593010.9348164,11.76,201,1709,0.092,12,0,0,8.64,15.0,0,1612,1769593005.658,-0.313,meta-llama/Llama-3.2-1B-Instruct,"1769593005.658, 1769593005.715, 1769593005.871, 1769593006.149, 1769593006.501"
1.0,0,1769593007.9899,0.5312,27,32,59,0.0495,0.0587,1.6129,1.0,0.6129,97.89,2.4031,-0.4192,0.0,4713.9961,1769593010.9397614,11.71,201,1709,0.091,11,0,0,8.64,15.0,0,1612,1769593005.658,-0.313,meta-llama/Llama-3.2-1B-Instruct,"1769593005.658, 1769593005.715, 1769593005.871, 1769593006.149, 1769593006.501"
1.0,0,1769593008.0229,0.5978,27,32,59,0.0817,0.0523,1.614,1.0,0.614,97.83,2.4625,-0.3206,0.0,4713.9961,1769593011.088254,11.81,202,1710,0.091,12,0,0,8.64,15.0,0,1655,1769593010.555,-0.419,meta-llama/Llama-3.2-1B-Instruct,"1769593010.555, 1769593010.623, 1769593010.915, 1769593010.997, 1769593011.022"
1.0,0,1769593008.3335,0.5057,27,32,59,0.0898,0.1955,1.6159,1.0,0.6159,97.77,2.6935,-0.4045,0.0,4713.9961,1769593011.53408,11.92,204,1712,0.092,13,0,0,8.64,15.0,0,1655,1769593010.555,-0.419,meta-llama/Llama-3.2-1B-Instruct,"1769593010.555, 1769593010.623, 1769593010.915, 1769593010.997, 1769593011.022"
1.0,0,1769593008.4487,0.3957,27,32,59,0.0773,0.2182,1.6126,1.0,0.6126,97.71,2.6842,-0.527,0.0,4713.9961,1769593011.5342805,11.86,204,1712,0.092,11,0,0,8.64,15.0,0,1655,1769593010.555,-0.419,meta-llama/Llama-3.2-1B-Instruct,"1769593010.555, 1769593010.623, 1769593010.915, 1769593010.997, 1769593011.022"
1.0,0,1769593009.2805,0.0609,27,32,59,1.2277,0.0681,0.1924,1.0,0.0,97.71,2.3001,0.2886,0.2886,4714.8114,1769593011.6507945,11.91,204,1715,0.174,14,1,0,8.64,15.0,0,1655,1769593010.555,-0.419,meta-llama/Llama-3.2-1B-Instruct,"1769593010.555, 1769593010.623, 1769593010.915, 1769593010.997, 1769593011.022"
1.0,0,1769593009.2384,0.0688,27,32,59,1.2583,0.0586,0.2175,1.0,0.0,97.71,2.3409,0.3272,0.3272,4714.9785,1769593011.6572669,11.9,204,1716,0.174,14,1,0,8.64,15.0,0,1655,1769593010.555,-0.419,meta-llama/Llama-3.2-1B-Instruct,"1769593010.555, 1769593010.623, 1769593010.915, 1769593010.997, 1769593011.022"
1.0,0,1769593009.4002,0.0727,27,32,59,1.0944,0.0588,0.2595,1.0,0.0,97.72,2.1788,0.1671,0.1671,4714.9785,1769593011.6588974,11.89,204,1716,0.174,14,1,0,8.64,15.0,0,1655,1769593010.555,-0.419,meta-llama/Llama-3.2-1B-Instruct,"1769593010.555, 1769593010.623, 1769593010.915, 1769593010.997, 1769593011.022"
1.0,0,1769593009.3669,0.0721,27,32,59,1.1275,0.0833,0.2335,1.0,0.0,97.72,2.2097,0.1996,0.1996,4714.9785,1769593011.6602716,11.9,204,1716,0.174,14,1,0,8.64,15.0,0,1655,1769593010.555,-0.419,meta-llama/Llama-3.2-1B-Instruct,"1769593010.555, 1769593010.623, 1769593010.915, 1769593010.997, 1769593011.022"
1.0,0,1769593009.4496,1.4605,27,32,59,0.0823,0.1126,0.2457,1.0,0.0,97.72,1.2516,0.5428,0.5428,4715.5213,1769593012.1630673,11.88,204,1717,0.234,15,0,0,8.64,15.0,0,1655,1769593010.555,-0.419,meta-llama/Llama-3.2-1B-Instruct,"1769593010.555, 1769593010.623, 1769593010.915, 1769593010.997, 1769593011.022"
1.0,0,1769593009.5284,1.456,27,32,59,0.0971,0.1045,0.2002,1.0,0.0,97.72,1.2699,0.5531,0.5531,4716.0744,1769593012.2556872,11.87,204,1718,0.235,16,0,0,8.64,15.0,0,1655,1769593010.555,-0.419,meta-llama/Llama-3.2-1B-Instruct,"1769593010.555, 1769593010.623, 1769593010.915, 1769593010.997, 1769593011.022"
1.0,0,1769593009.5547,1.5338,27,32,59,0.0626,0.0971,0.2118,1.0,0.0,97.72,1.2209,0.5964,0.5964,4716.6709,1769593012.3130827,11.87,204,1719,0.235,16,0,0,8.64,15.0,0,1655,1769593010.555,-0.419,meta-llama/Llama-3.2-1B-Instruct,"1769593010.555, 1769593010.623, 1769593010.915, 1769593010.997, 1769593011.022"
1.0,0,1769593009.6235,1.6006,27,32,59,0.2298,0.0708,0.1042,1.0,0.0,97.72,1.4594,0.8304,0.8304,4717.5013,1769593012.6869044,11.86,204,1720,0.236,16,0,0,8.64,15.0,0,1655,1769593010.555,-0.419,meta-llama/Llama-3.2-1B-Instruct,"1769593010.555, 1769593010.623, 1769593010.915, 1769593010.997, 1769593011.022"
1.0,0,1769593009.9152,1.4603,27,32,59,0.1519,0.0797,0.1091,1.0,0.0,97.72,1.3441,0.6122,0.6122,4718.1135,1769593012.720201,11.85,204,1721,0.236,17,0,0,8.64,15.0,0,1655,1769593010.555,-0.419,meta-llama/Llama-3.2-1B-Instruct,"1769593010.555, 1769593010.623, 1769593010.915, 1769593010.997, 1769593011.022"
1.0,0,1769593009.9966,1.5164,27,32,59,0.0685,0.0713,0.0964,1.0,0.0,97.73,1.2275,0.5849,0.5849,4718.6983,1769593012.7452943,11.85,204,1722,0.237,17,0,0,8.64,15.0,0,1655,1769593010.555,-0.419,meta-llama/Llama-3.2-1B-Instruct,"1769593010.555, 1769593010.623, 1769593010.915, 1769593010.997, 1769593011.022"
1.0,0,1769593010.3529,1.3393,27,32,59,0.0638,0.0801,0.1049,1.0,0.0,97.73,1.1765,0.4031,0.4031,4719.8344,1769593012.8717937,11.84,204,1724,0.235,14,1,0,8.64,15.0,0,1655,1769593010.555,-0.419,meta-llama/Llama-3.2-1B-Instruct,"1769593010.555, 1769593010.623, 1769593010.915, 1769593010.997, 1769593011.022"
1.0,0,1769593010.0222,1.6146,27,32,59,0.1184,0.0692,0.1094,1.0,0.0,97.73,1.2326,0.7329,0.7329,4719.8344,1769593012.8797357,11.83,204,1724,0.237,18,0,0,8.64,15.0,0,1655,1769593010.555,-0.419,meta-llama/Llama-3.2-1B-Instruct,"1769593010.555, 1769593010.623, 1769593010.915, 1769593010.997, 1769593011.022"
1.0,0,1769593010.4221,1.4013,27,32,59,0.088,0.0749,0.1062,1.0,0.0,97.73,1.3246,0.4892,0.4892,4720.3236,1769593013.1496186,11.83,204,1725,0.237,16,0,0,8.64,15.0,0,1655,1769593010.555,-0.419,meta-llama/Llama-3.2-1B-Instruct,"1769593010.555, 1769593010.623, 1769593010.915, 1769593010.997, 1769593011.022"
1.0,0,1769593010.4915,1.4382,27,32,59,0.1246,0.0672,0.0759,1.0,0.0,97.73,1.3382,0.5629,0.5629,4721.4276,1769593013.27472,11.82,204,1727,0.238,17,0,0,8.64,15.0,0,1655,1769593010.555,-0.419,meta-llama/Llama-3.2-1B-Instruct,"1769593010.555, 1769593010.623, 1769593010.915, 1769593010.997, 1769593011.022"
1.0,0,1769593010.5171,1.4795,27,32,59,0.0617,0.077,0.0795,1.0,0.0,97.73,1.2761,0.5412,0.5412,4721.4276,1769593013.27583,11.81,204,1727,0.238,17,0,0,8.64,15.0,0,1655,1769593010.555,-0.419,meta-llama/Llama-3.2-1B-Instruct,"1769593010.555, 1769593010.623, 1769593010.915, 1769593010.997, 1769593011.022"
1.0,0,1769593011.0523,0.9961,27,32,59,0.0783,0.0767,0.093,1.0,0.0,97.73,1.3015,0.0745,0.0745,4721.5021,1769593013.3675323,11.81,204,1728,0.238,18,1,0,8.64,15.0,0,1655,1769593010.555,-0.419,meta-llama/Llama-3.2-1B-Instruct,"1769593010.555, 1769593010.623, 1769593010.915, 1769593010.997, 1769593011.022"
1.0,0,1769593011.0978,1.1938,27,32,59,0.0656,0.0709,0.0841,1.0,0.0,97.74,1.3565,0.2594,0.2594,4721.7615,1769593013.6525095,11.8,204,1729,0.239,18,0,0,8.64,15.0,0,1655,1769593010.555,-0.419,meta-llama/Llama-3.2-1B-Instruct,"1769593010.555, 1769593010.623, 1769593010.915, 1769593010.997, 1769593011.022"
1.0,0,1769593011.5942,0.9013,27,32,59,0.0493,0.0681,0.0706,1.0,0.0,97.74,1.2719,-0.0494,0.0,4721.7615,1769593013.7697806,11.85,206,1731,0.24,18,0,0,8.64,15.0,0,1655,1769593010.555,-0.419,meta-llama/Llama-3.2-1B-Instruct,"1769593010.555, 1769593010.623, 1769593010.915, 1769593010.997, 1769593011.022"
1.0,0,1769593011.5535,0.8869,27,32,59,0.0991,0.0679,0.0711,1.0,0.0,97.74,1.3276,-0.014,0.0,4721.7615,1769593013.770731,11.9,206,1731,0.239,18,0,0,8.64,15.0,0,1655,1769593010.555,-0.419,meta-llama/Llama-3.2-1B-Instruct,"1769593010.555, 1769593010.623, 1769593010.915, 1769593010.997, 1769593011.022"
1.0,0,1769593011.8771,0.9727,27,32,59,0.0763,0.0706,0.0781,1.0,0.0,97.74,1.3864,0.0489,0.0489,4721.8104,1769593014.240254,11.89,206,1732,0.239,15,0,0,8.64,15.0,0,1655,1769593010.555,-0.419,meta-llama/Llama-3.2-1B-Instruct,"1769593010.555, 1769593010.623, 1769593010.915, 1769593010.997, 1769593011.022"
1.0,0,1769593011.9621,0.949,27,32,59,0.0764,0.0661,0.0728,1.0,0.0,97.74,1.3595,0.0254,0.0254,4721.8358,1769593014.2714887,11.89,206,1733,0.239,15,0,0,8.64,15.0,0,1655,1769593010.555,-0.419,meta-llama/Llama-3.2-1B-Instruct,"1769593010.555, 1769593010.623, 1769593010.915, 1769593010.997, 1769593011.022"
1.0,0,1769593012.0127,0.9616,27,32,59,0.0803,0.0738,0.0778,1.0,0.0,97.74,1.324,0.0419,0.0419,4721.8777,1769593014.2989957,11.88,206,1734,0.24,16,1,0,8.64,15.0,0,1655,1769593010.555,-0.419,meta-llama/Llama-3.2-1B-Instruct,"1769593010.555, 1769593010.623, 1769593010.915, 1769593010.997, 1769593011.022"
1.0,0,1769593012.0659,0.9897,27,31,58,0.1081,0.0645,0.0791,1.0,0.0,97.74,1.3025,0.0978,0.0978,4722.0532,1769593014.3610024,11.87,206,1736,0.24,17,0,0,8.64,15.0,0,1655,1769593010.555,-0.419,meta-llama/Llama-3.2-1B-Instruct,"1769593010.555, 1769593010.623, 1769593010.915, 1769593010.997, 1769593011.022"
1.0,0,1769593012.0937,1.0247,27,32,59,0.053,0.0767,0.0839,1.0,0.0,97.74,1.23,0.0777,0.0777,4722.0532,1769593014.3612206,11.87,206,1736,0.241,18,0,0,8.64,15.0,0,1655,1769593010.555,-0.419,meta-llama/Llama-3.2-1B-Instruct,"1769593010.555, 1769593010.623, 1769593010.915, 1769593010.997, 1769593011.022"
1.0,0,1769593012.1419,1.0954,27,32,59,0.1048,0.0742,0.0748,1.0,0.0,97.75,1.2019,0.2001,0.2001,4722.2533,1769593014.4400883,11.86,206,1737,0.241,19,0,0,8.64,15.0,0,1655,1769593010.555,-0.419,meta-llama/Llama-3.2-1B-Instruct,"1769593010.555, 1769593010.623, 1769593010.915, 1769593010.997, 1769593011.022"
1.0,0,1769593012.1973,1.1528,27,32,59,0.0842,0.0615,0.072,1.0,0.0,97.75,1.1294,0.237,0.237,4722.4903,1769593014.4847488,11.85,206,1738,0.24,17,0,0,8.64,15.0,0,1655,1769593010.555,-0.419,meta-llama/Llama-3.2-1B-Instruct,"1769593010.555, 1769593010.623, 1769593010.915, 1769593010.997, 1769593011.022"
1.0,0,1769593012.3903,1.078,27,32,59,0.0843,0.0637,0.077,1.0,0.0,97.75,1.0839,0.1623,0.1623,4722.9036,1769593014.554934,11.84,206,1740,0.241,18,0,0,8.64,15.0,0,1655,1769593010.555,-0.419,meta-llama/Llama-3.2-1B-Instruct,"1769593010.555, 1769593010.623, 1769593010.915, 1769593010.997, 1769593011.022"
1.0,0,1769593012.2359,1.185,27,32,59,0.066,0.0623,0.0799,1.0,0.0,97.75,1.1231,0.251,0.251,4722.9036,1769593014.5551589,11.85,206,1740,0.241,18,0,0,8.64,15.0,0,1655,1769593010.555,-0.419,meta-llama/Llama-3.2-1B-Instruct,"1769593010.555, 1769593010.623, 1769593010.915, 1769593010.997, 1769593011.022"
1.0,0,1769593012.4732,1.3728,27,32,59,0.1021,0.0645,0.0688,1.0,0.0,97.75,1.0319,0.4748,0.4748,4723.3785,1769593014.897513,11.83,206,1741,0.241,17,0,0,8.64,15.0,0,1655,1769593010.555,-0.419,meta-llama/Llama-3.2-1B-Instruct,"1769593010.555, 1769593010.623, 1769593010.915, 1769593010.997, 1769593011.022"
1.0,0,1769593012.8102,1.1395,27,32,59,0.1163,0.0524,0.0584,1.0,0.0,97.75,0.9724,0.2558,0.2558,4723.6342,1769593014.9272027,11.83,207,1743,0.242,17,0,0,8.64,15.0,0,1655,1769593010.555,-0.419,meta-llama/Llama-3.2-1B-Instruct,"1769593010.555, 1769593010.623, 1769593010.915, 1769593010.997, 1769593011.022"
1.0,0,1769593013.1586,0.8525,27,32,59,0.0567,0.0443,0.0639,1.0,0.0,97.75,0.9127,-0.0908,0.0,4723.6342,1769593014.9273703,11.88,207,1743,0.242,18,0,0,8.64,15.0,0,1655,1769593010.555,-0.419,meta-llama/Llama-3.2-1B-Instruct,"1769593010.555, 1769593010.623, 1769593010.915, 1769593010.997, 1769593011.022"
1.0,0,1769593013.2788,1.181,27,32,59,0.0707,0.1219,0.2324,1.0,0.0,97.76,1.3535,0.2517,0.2517,4723.8859,1769593015.819406,11.87,207,1744,0.241,14,0,0,8.64,15.0,0,1655,1769593010.555,-0.419,meta-llama/Llama-3.2-1B-Instruct,"1769593010.555, 1769593010.623, 1769593010.915, 1769593010.997, 1769593011.022"
1.0,0,1769593013.3933,1.1373,27,32,59,0.0616,0.1187,0.2339,1.0,0.0,97.76,1.3537,0.1989,0.1989,4724.0848,1769593015.8884165,11.86,207,1745,0.241,13,0,0,8.64,15.0,0,1655,1769593010.555,-0.419,meta-llama/Llama-3.2-1B-Instruct,"1769593010.555, 1769593010.623, 1769593010.915, 1769593010.997, 1769593011.022"
1.0,0,1769593013.5124,1.107,27,32,59,0.0854,0.1163,0.2341,1.0,0.0,97.76,1.3616,0.1924,0.1924,4724.2772,1769593015.9818952,11.86,207,1746,0.241,13,0,0,8.64,15.0,0,1655,1769593010.555,-0.419,meta-llama/Llama-3.2-1B-Instruct,"1769593010.555, 1769593010.623, 1769593010.915, 1769593010.997, 1769593011.022"
1.0,0,1769593013.6025,1.0748,27,32,59,0.0612,0.1097,0.2418,1.0,0.0,97.76,1.3573,0.136,0.136,4724.4133,1769593016.0397127,11.85,207,1747,0.241,13,0,0,8.64,15.0,0,1691,1769593016.35,0.337,meta-llama/Llama-3.2-1B-Instruct,"1769593016.350, 1769593016.395, 1769593016.472, 1769593016.497, 1769593016.633"
1.0,0,1769593013.8124,1.0859,27,32,59,0.0964,0.1131,0.2394,1.0,0.0,97.76,1.5317,0.1823,0.1823,4724.6184,1769593016.4357169,11.84,207,1749,0.243,15,0,0,8.64,15.0,0,1691,1769593016.35,0.337,meta-llama/Llama-3.2-1B-Instruct,"1769593016.350, 1769593016.395, 1769593016.472, 1769593016.497, 1769593016.633"
1.0,0,1769593013.9848,0.9665,27,32,59,0.0563,0.1071,0.2403,1.0,0.0,97.76,1.4819,0.0228,0.0228,4724.6184,1769593016.4359279,11.84,207,1749,0.241,12,0,0,8.64,15.0,0,1691,1769593016.35,0.337,meta-llama/Llama-3.2-1B-Instruct,"1769593016.350, 1769593016.395, 1769593016.472, 1769593016.497, 1769593016.633"
1.0,0,1769593013.7502,1.1403,27,32,59,0.1049,0.116,0.2397,1.0,0.0,97.76,1.546,0.2452,0.2452,4724.8636,1769593016.4373376,11.83,207,1750,0.242,15,0,0,8.64,15.0,0,1691,1769593016.35,0.337,meta-llama/Llama-3.2-1B-Instruct,"1769593016.350, 1769593016.395, 1769593016.472, 1769593016.497, 1769593016.633"
1.0,0,1769593014.0245,0.9866,27,31,58,0.0812,0.1092,0.2415,1.0,0.0,97.76,1.4775,0.0678,0.0678,4724.9314,1769593016.489221,11.82,207,1751,0.242,15,0,0,8.64,15.0,0,1691,1769593016.35,0.337,meta-llama/Llama-3.2-1B-Instruct,"1769593016.350, 1769593016.395, 1769593016.472, 1769593016.497, 1769593016.633"
1.0,0,1769593014.2182,0.8578,27,32,59,0.0768,0.1133,0.2393,1.0,0.0,97.77,1.4484,-0.0654,0.0,4724.9314,1769593016.5290833,11.87,208,1752,0.243,16,0,0,8.64,15.0,0,1691,1769593016.35,0.337,meta-llama/Llama-3.2-1B-Instruct,"1769593016.350, 1769593016.395, 1769593016.472, 1769593016.497, 1769593016.633"
1.0,0,1769593015.1209,0.0826,27,32,59,0.0731,0.0908,0.2314,1.0,0.0,97.77,1.3873,-0.8443,0.0,4724.9314,1769593016.6000075,11.92,210,1754,0.244,17,1,0,8.64,15.0,0,1691,1769593016.35,0.337,meta-llama/Llama-3.2-1B-Instruct,"1769593016.350, 1769593016.395, 1769593016.472, 1769593016.497, 1769593016.633"
1.0,0,1769593014.4224,0.7344,27,32,59,0.119,0.0924,0.2245,1.0,0.0,97.77,1.4423,-0.1466,0.0,4724.9314,1769593016.6078863,11.97,210,1754,0.244,17,0,0,8.64,15.0,0,1691,1769593016.35,0.337,meta-llama/Llama-3.2-1B-Instruct,"1769593016.350, 1769593016.395, 1769593016.472, 1769593016.497, 1769593016.633"
1.0,0,1769593015.4966,1.1627,27,0,27,,,,1.0,,,0.0806,0.2433,0.2433,4725.1747,1769593016.7405002,11.97,210,1755,0.269,14,0,0,8.64,15.0,0,1691,1769593016.35,0.337,meta-llama/Llama-3.2-1B-Instruct,"1769593016.350, 1769593016.395, 1769593016.472, 1769593016.497, 1769593016.633"
1.0,0,1769593015.224,0.7291,27,32,59,0.0833,0.0694,2.0901,1.0,1.0901,97.71,3.2428,-0.1876,0.0,4725.1747,1769593019.202256,12.02,211,1756,0.269,18,0,0,8.64,15.0,0,1691,1769593016.35,0.337,meta-llama/Llama-3.2-1B-Instruct,"1769593016.350, 1769593016.395, 1769593016.472, 1769593016.497, 1769593016.633"
1.0,0,1769593015.3503,0.7529,27,32,59,0.1096,0.0664,2.0847,1.0,1.0847,97.65,3.2848,-0.1375,0.0,4725.1747,1769593019.3914347,12.07,213,1758,0.27,17,0,0,8.64,15.0,0,1691,1769593016.35,0.337,meta-llama/Llama-3.2-1B-Instruct,"1769593016.350, 1769593016.395, 1769593016.472, 1769593016.497, 1769593016.633"
1.0,0,1769593015.2767,0.8316,27,32,59,0.1037,0.0628,2.0896,1.0,1.0896,97.6,3.2829,-0.0647,0.0,4725.1747,1769593019.3934636,12.12,214,1759,0.269,17,0,0,8.64,15.0,0,1691,1769593016.35,0.337,meta-llama/Llama-3.2-1B-Instruct,"1769593016.350, 1769593016.395, 1769593016.472, 1769593016.497, 1769593016.633"
1.0,0,1769593015.3947,0.7676,27,32,59,0.0548,0.0764,2.0906,1.0,1.0906,97.54,3.231,-0.1776,0.0,4725.1747,1769593019.3942678,12.17,214,1759,0.27,17,0,0,8.64,15.0,0,1691,1769593016.35,0.337,meta-llama/Llama-3.2-1B-Instruct,"1769593016.350, 1769593016.395, 1769593016.472, 1769593016.497, 1769593016.633"
1.0,0,1769593015.4719,1.1042,27,32,59,0.0651,0.9712,2.088,1.0,1.088,97.48,4.382,0.1693,0.1693,4725.344,1769593020.9645343,12.16,214,1760,0.269,13,0,0,8.64,15.0,0,1691,1769593016.35,0.337,meta-llama/Llama-3.2-1B-Instruct,"1769593016.350, 1769593016.395, 1769593016.472, 1769593016.497, 1769593016.633"
200.0,1,1769592816.4275,192.7389,3339,195,3534,0.7719,0.0736,0.979,200.0,0.0,97.48,11.8331,4.572,4.572,4729.9161,1769593021.0108237,12.15,214,1761,0.117,12,0,0,8.64,15.0,0,1691,1769593016.35,0.337,meta-llama/Llama-3.2-1B-Instruct,"1769593016.350, 1769593016.395, 1769593016.472, 1769593016.497, 1769593016.633"
1.0,0,1769593015.6428,1.1258,27,32,59,2.0514,0.0854,0.9793,1.0,0.0,97.49,4.3978,2.1772,2.1772,4732.0933,1769593021.1708627,12.15,214,1762,0.269,14,0,0,8.64,15.0,0,1789,1769593016.922,-4.104,meta-llama/Llama-3.2-1B-Instruct,"1769593016.922, 1769593016.931, 1769593016.960, 1769593017.000, 1769593017.036"
1.0,0,1769593015.7775,3.5298,27,33,60,0.0819,0.807,0.9681,1.0,0.0,97.49,3.2332,2.6117,2.6117,4734.705,1769593022.5424495,12.14,214,1763,0.446,19,0,0,8.64,15.0,0,1789,1769593016.922,-4.104,meta-llama/Llama-3.2-1B-Instruct,"1769593016.922, 1769593016.931, 1769593016.960, 1769593017.000, 1769593017.036"
200.0,1,1769592816.7965,202.7713,2976,41,3017,0.4079,0.3612,0.8156,200.0,0.0,97.49,4.0728,6.844,6.844,4741.549,1769593023.6524987,12.13,214,1764,0.445,17,0,0,8.64,15.0,0,1789,1769593016.922,-4.104,meta-llama/Llama-3.2-1B-Instruct,"1769593016.922, 1769593016.931, 1769593016.960, 1769593017.000, 1769593017.036"
1.0,0,1769593015.9218,5.1736,27,31,58,0.063,0.3669,0.816,1.0,0.0,97.49,2.6367,4.2366,4.2366,4745.7857,1769593023.7333753,12.12,214,1765,0.497,18,0,0,8.64,15.0,0,1789,1769593016.922,-4.104,meta-llama/Llama-3.2-1B-Instruct,"1769593016.922, 1769593016.931, 1769593016.960, 1769593017.000, 1769593017.036"
200.0,1,1769592817.0358,206.7179,2714,0,2714,,,,200.0,,,0.3773,7.0952,7.0952,4752.8809,1769593024.1396375,12.12,214,1766,0.57,18,0,0,8.64,15.0,0,1789,1769593016.922,-4.104,meta-llama/Llama-3.2-1B-Instruct,"1769593016.922, 1769593016.931, 1769593016.960, 1769593017.000, 1769593017.036"
200.0,1,1769592816.5797,192.8147,3069,320,3389,1.1683,0.0774,0.8129,200.0,0.0,97.49,19.4918,12.3065,12.3065,4765.1874,1769593028.9002976,12.11,214,1767,0.174,14,1,0,8.64,15.0,0,1899,1769593017.132,-8.915,meta-llama/Llama-3.2-1B-Instruct,"1769593017.132, 1769593017.170, 1769593017.256, 1769593017.284, 1769593017.314"
200.0,1,1769592816.6976,200.1939,3516,610,4126,1.9275,0.0613,0.0946,200.0,0.0,97.49,35.3318,35.5257,35.5257,4800.7131,1769593052.2404394,12.1,214,1768,0.299,15,0,0,8.64,15.0,0,2381,1769593017.17,-34.041,meta-llama/Llama-3.2-1B-Instruct,"1769593017.170, 1769593017.256, 1769593017.284, 1769593017.314, 1769593017.338"
200.0,1,1769592816.9996,205.6883,3131,596,3727,0.4051,0.0623,0.0761,200.0,0.0,97.49,31.6204,37.3087,37.3087,4838.0218,1769593054.3228352,12.1,214,1769,0.567,19,0,0,8.64,15.0,0,2381,1769593017.17,-34.041,meta-llama/Llama-3.2-1B-Instruct,"1769593017.170, 1769593017.256, 1769593017.284, 1769593017.314, 1769593017.338"
200.0,1,1769592816.3212,186.9233,2680,1026,3706,0.9431,0.0639,0.2087,200.0,0.0,97.5,54.5873,41.5106,41.5106,4962.6957,1769593057.8483377,12.09,214,1772,0.112,13,1,0,8.64,15.0,0,2476,1769593017.284,-38.969,meta-llama/Llama-3.2-1B-Instruct,"1769593017.284, 1769593017.314, 1769593017.338, 1769593017.365, 1769593017.415"
200.0,1,1769592816.2354,186.7616,3240,1025,4265,0.9448,0.0645,0.2365,200.0,0.0,97.5,54.8383,41.5999,41.5999,4962.6957,1769593057.8520129,12.08,214,1772,0.112,13,1,0,8.64,15.0,0,2476,1769593017.284,-38.969,meta-llama/Llama-3.2-1B-Instruct,"1769593017.284, 1769593017.314, 1769593017.338, 1769593017.365, 1769593017.415"
200.0,1,1769592816.2735,186.8418,2877,1026,3903,0.8216,0.0631,0.2469,200.0,0.0,97.5,54.7217,41.5635,41.5635,4962.6957,1769593057.8532362,12.08,214,1772,0.112,13,1,0,8.64,15.0,0,2476,1769593017.284,-38.969,meta-llama/Llama-3.2-1B-Instruct,"1769593017.284, 1769593017.314, 1769593017.338, 1769593017.365, 1769593017.415"
200.0,1,1769592816.358,192.5663,2667,1030,3697,0.3696,0.0638,0.2412,200.0,0.0,97.5,57.615,50.1813,50.1813,5112.9716,1769593066.5556455,12.06,214,1775,0.091,9,0,0,8.64,15.0,0,2671,1769593017.365,-48.94,meta-llama/Llama-3.2-1B-Instruct,"1769593017.365, 1769593017.415, 1769593017.459, 1769593017.472, 1769593017.538"
200.0,1,1769592816.4522,192.7635,2735,1023,3758,0.7197,0.0647,0.2487,200.0,0.0,97.5,57.3225,50.0859,50.0859,5112.9716,1769593066.5561697,12.07,214,1775,0.117,12,0,0,8.64,15.0,0,2671,1769593017.365,-48.94,meta-llama/Llama-3.2-1B-Instruct,"1769593017.365, 1769593017.415, 1769593017.459, 1769593017.472, 1769593017.538"
200.0,1,1769592816.5418,192.7211,3182,1023,4205,1.3009,0.066,0.2123,200.0,0.0,97.5,57.2875,50.0086,50.0086,5112.9716,1769593066.565351,12.06,214,1775,0.117,12,0,0,8.64,15.0,0,2671,1769593017.365,-48.94,meta-llama/Llama-3.2-1B-Instruct,"1769593017.365, 1769593017.415, 1769593017.459, 1769593017.472, 1769593017.538"
1.0,0,1769593016.4715,50.9782,27,32,59,0.1102,0.0642,0.0704,1.0,0.0,97.5,1.6818,50.0884,50.0884,5163.06,1769593069.1385574,12.05,214,1776,0.668,19,0,0,8.64,15.0,0,2671,1769593017.365,-48.94,meta-llama/Llama-3.2-1B-Instruct,"1769593017.365, 1769593017.415, 1769593017.459, 1769593017.472, 1769593017.538"
1.0,0,1769593016.5381,52.7168,27,32,59,0.0638,0.0641,0.0643,1.0,0.0,97.51,1.6325,51.7806,51.7806,5214.8405,1769593070.9005818,12.04,214,1777,0.674,19,0,0,8.64,15.0,0,2671,1769593017.365,-48.94,meta-llama/Llama-3.2-1B-Instruct,"1769593017.365, 1769593017.415, 1769593017.459, 1769593017.472, 1769593017.538"
200.0,1,1769592816.6064,198.6517,2499,1028,3527,0.2906,0.0641,0.2899,200.0,0.0,97.51,59.054,57.7056,57.7056,5272.5462,1769593074.3284855,12.04,214,1778,0.244,18,1,0,8.64,15.0,0,2765,1769593017.586,-53.721,meta-llama/Llama-3.2-1B-Instruct,"1769593017.586, 1769593017.619, 1769593017.633, 1769593017.794, 1769593017.843"
200.0,1,1769592816.6597,200.179,3285,1024,4309,1.9763,0.0635,0.2769,200.0,0.0,97.51,59.604,59.783,59.783,5511.5375,1769593076.455634,12.02,214,1782,0.299,15,0,0,8.64,15.0,0,2866,1769593017.619,-58.722,meta-llama/Llama-3.2-1B-Instruct,"1769593017.619, 1769593017.633, 1769593017.794, 1769593017.843, 1769593017.896"
200.0,1,1769592816.6331,200.077,3143,1024,4167,0.4331,0.0627,0.2859,200.0,0.0,97.51,59.7359,59.8128,59.8128,5511.5375,1769593076.4610672,12.02,214,1782,0.269,14,0,0,8.64,15.0,0,2866,1769593017.619,-58.722,meta-llama/Llama-3.2-1B-Instruct,"1769593017.619, 1769593017.633, 1769593017.794, 1769593017.843, 1769593017.896"
200.0,1,1769592816.7247,200.2135,3339,1027,4366,1.8786,0.065,0.2828,200.0,0.0,97.51,59.5103,59.7238,59.7238,5511.5375,1769593076.4625769,12.01,214,1782,0.299,15,0,0,8.64,15.0,0,2866,1769593017.619,-58.722,meta-llama/Llama-3.2-1B-Instruct,"1769593017.619, 1769593017.633, 1769593017.794, 1769593017.843, 1769593017.896"
200.0,1,1769592816.7702,200.217,5028,1025,6053,1.8307,0.0661,0.2802,200.0,0.0,97.51,59.4547,59.6717,59.6717,5511.5375,1769593076.4637423,12.03,214,1782,0.299,15,0,0,8.64,15.0,0,2866,1769593017.619,-58.722,meta-llama/Llama-3.2-1B-Instruct,"1769593017.619, 1769593017.633, 1769593017.794, 1769593017.843, 1769593017.896"
200.0,1,1769592816.8786,202.7404,2525,1028,3553,0.9577,0.0645,0.2058,200.0,0.0,97.51,57.4336,60.174,60.174,5631.8622,1769593077.0665376,12.0,214,1784,0.445,17,0,0,8.64,15.0,0,2866,1769593017.619,-58.722,meta-llama/Llama-3.2-1B-Instruct,"1769593017.619, 1769593017.633, 1769593017.794, 1769593017.843, 1769593017.896"
200.0,1,1769592816.9027,202.8619,3323,1027,4350,0.8103,0.0634,0.2059,200.0,0.0,97.52,57.2888,60.1507,60.1507,5631.8622,1769593077.0783606,12.0,214,1784,0.473,18,1,0,8.64,15.0,0,2866,1769593017.619,-58.722,meta-llama/Llama-3.2-1B-Instruct,"1769593017.619, 1769593017.633, 1769593017.794, 1769593017.843, 1769593017.896"
200.0,1,1769592816.9312,204.2187,3109,1029,4138,0.4443,0.0661,0.2861,200.0,0.0,97.52,58.5887,62.8074,62.8074,5757.4374,1769593079.789674,11.98,214,1786,0.497,18,0,0,8.64,15.0,0,2866,1769593017.619,-58.722,meta-llama/Llama-3.2-1B-Instruct,"1769593017.619, 1769593017.633, 1769593017.794, 1769593017.843, 1769593017.896"
200.0,1,1769592816.9602,204.3389,4032,1030,5062,0.7192,0.0627,0.2783,200.0,0.0,97.52,58.4289,62.7678,62.7678,5757.4374,1769593079.828766,11.99,214,1786,0.526,19,0,0,8.64,15.0,0,2866,1769593017.619,-58.722,meta-llama/Llama-3.2-1B-Instruct,"1769593017.619, 1769593017.633, 1769593017.794, 1769593017.843, 1769593017.896"
1.0,0,1769593016.6191,60.2581,27,32,59,0.0798,0.4107,1.7812,1.0,0.7812,97.46,3.6494,59.338,59.338,5816.7754,1769593080.5289679,11.98,214,1787,0.537,16,0,0,8.64,15.0,0,2866,1769593017.619,-58.722,meta-llama/Llama-3.2-1B-Instruct,"1769593017.619, 1769593017.633, 1769593017.794, 1769593017.843, 1769593017.896"
1.0,0,1769593016.9592,60.2438,27,32,59,1.555,0.3622,0.4232,1.0,0.0,97.46,3.3562,60.7988,60.7988,5877.5742,1769593080.5627491,11.97,214,1788,0.494,16,1,0,8.64,15.0,0,2866,1769593017.619,-58.722,meta-llama/Llama-3.2-1B-Instruct,"1769593017.619, 1769593017.633, 1769593017.794, 1769593017.843, 1769593017.896"
200.0,1,1769592817.0844,207.1275,2877,1021,3898,0.5193,0.0629,0.2826,200.0,0.0,97.47,57.4372,64.5647,64.5647,6006.7291,1769593081.6672559,11.96,214,1790,0.598,19,0,0,8.64,15.0,0,2866,1769593017.619,-58.722,meta-llama/Llama-3.2-1B-Instruct,"1769593017.619, 1769593017.633, 1769593017.794, 1769593017.843, 1769593017.896"
200.0,1,1769592817.0605,206.7783,2889,1027,3916,0.6001,0.0654,0.2851,200.0,0.0,97.47,57.8119,64.5903,64.5903,6006.7291,1769593081.6895397,11.96,214,1790,0.57,18,0,0,8.64,15.0,0,2866,1769593017.619,-58.722,meta-llama/Llama-3.2-1B-Instruct,"1769593017.619, 1769593017.633, 1769593017.794, 1769593017.843, 1769593017.896"
1.0,0,1769593016.9929,63.0589,27,32,59,0.3577,0.4256,0.708,1.0,0.0,97.47,2.9142,62.4166,62.4166,6069.1458,1769593082.973308,11.95,214,1791,0.523,18,0,0,8.64,15.0,0,2943,1769593018.122,-63.58,meta-llama/Llama-3.2-1B-Instruct,"1769593018.122, 1769593018.170, 1769593018.190, 1769593018.263, 1769593018.343"
1.0,0,1769593017.0231,63.6165,27,32,59,0.0774,0.4222,0.6964,1.0,0.0,97.47,2.6573,62.6939,62.6939,6131.8396,1769593083.2978306,11.94,214,1792,0.551,18,0,0,8.64,15.0,0,2943,1769593018.122,-63.58,meta-llama/Llama-3.2-1B-Instruct,"1769593018.122, 1769593018.170, 1769593018.190, 1769593018.263, 1769593018.343"
1.0,0,1769593017.1902,65.8924,27,32,59,0.1002,0.0683,0.0855,1.0,0.0,97.47,1.5703,64.9926,64.9926,6196.8322,1769593084.6584542,11.94,214,1793,0.576,19,0,0,8.64,15.0,0,2943,1769593018.122,-63.58,meta-llama/Llama-3.2-1B-Instruct,"1769593018.122, 1769593018.170, 1769593018.190, 1769593018.263, 1769593018.343"
1.0,0,1769593017.2631,66.1412,27,32,59,0.0883,0.0637,0.067,1.0,0.0,97.47,1.5657,65.2295,65.2295,6262.0617,1769593084.9754665,11.93,214,1794,0.576,19,0,0,8.64,15.0,0,2943,1769593018.122,-63.58,meta-llama/Llama-3.2-1B-Instruct,"1769593018.122, 1769593018.170, 1769593018.190, 1769593018.263, 1769593018.343"
1.0,0,1769593017.3434,67.474,27,32,59,0.0997,0.0698,0.0833,1.0,0.0,97.47,1.5831,66.5737,66.5737,6328.6353,1769593086.4057102,11.92,214,1795,0.582,19,0,0,8.64,15.0,0,2943,1769593018.122,-63.58,meta-llama/Llama-3.2-1B-Instruct,"1769593018.122, 1769593018.170, 1769593018.190, 1769593018.263, 1769593018.343"
200.0,1,1769592817.1324,211.8571,2771,1025,3796,0.3628,0.0643,0.2801,200.0,0.0,97.48,57.6813,69.5384,69.5384,6398.1737,1769593086.6868012,11.92,214,1796,0.61,19,0,0,8.64,15.0,0,2943,1769593018.122,-63.58,meta-llama/Llama-3.2-1B-Instruct,"1769593018.122, 1769593018.170, 1769593018.190, 1769593018.263, 1769593018.343"
1.0,0,1769593017.4936,67.6838,27,32,59,0.1072,0.0583,0.0873,1.0,0.0,97.48,1.5716,66.7909,66.7909,6464.9647,1769593086.7540112,11.91,214,1797,0.582,19,0,0,8.64,15.0,0,3031,1769593018.545,-68.168,meta-llama/Llama-3.2-1B-Instruct,"1769593018.545, 1769593018.571, 1769593018.685, 1769593018.711, 1769593018.778"
1.0,0,1769593017.5448,69.2346,27,0,27,,,,1.0,,,0.0938,68.3283,68.3283,6533.293,1769593086.8746533,11.9,214,1798,0.552,18,0,0,8.64,15.0,0,3031,1769593018.545,-68.168,meta-llama/Llama-3.2-1B-Instruct,"1769593018.545, 1769593018.571, 1769593018.685, 1769593018.711, 1769593018.778"
1.0,0,1769593017.5193,68.9978,27,31,58,0.098,0.0799,0.0913,1.0,0.0,97.48,1.5944,68.0958,68.0958,6601.3888,1769593088.1145282,11.9,214,1799,0.588,19,0,0,8.64,15.0,0,3031,1769593018.545,-68.168,meta-llama/Llama-3.2-1B-Instruct,"1769593018.545, 1769593018.571, 1769593018.685, 1769593018.711, 1769593018.778"
1.0,0,1769593017.5708,69.3272,27,32,59,0.094,0.0725,0.0807,1.0,0.0,97.48,1.5648,68.4212,68.4212,6669.81,1769593088.467991,11.89,214,1800,0.553,18,0,0,8.64,15.0,0,3031,1769593018.545,-68.168,meta-llama/Llama-3.2-1B-Instruct,"1769593018.545, 1769593018.571, 1769593018.685, 1769593018.711, 1769593018.778"
1.0,0,1769593017.6851,69.3808,27,32,59,0.0935,0.0558,0.0783,1.0,0.0,97.48,1.5347,68.4743,68.4743,6738.2843,1769593088.6024997,11.88,214,1801,0.554,19,0,0,8.64,15.0,0,3031,1769593018.545,-68.168,meta-llama/Llama-3.2-1B-Instruct,"1769593018.545, 1769593018.571, 1769593018.685, 1769593018.711, 1769593018.778"
1.0,0,1769593017.7109,70.524,27,19,46,0.0983,0.0928,0.0928,1.0,0.0,97.48,1.0259,69.6223,69.6223,6807.9066,1769593089.268492,11.88,214,1802,0.558,19,0,0,8.64,15.0,0,3031,1769593018.545,-68.168,meta-llama/Llama-3.2-1B-Instruct,"1769593018.545, 1769593018.571, 1769593018.685, 1769593018.711, 1769593018.778"
1.0,0,1769593017.7783,71.0765,27,12,39,0.1148,0.0753,0.0753,1.0,0.0,97.48,0.7128,70.1913,70.1913,6878.0979,1769593089.5695145,11.87,214,1803,0.559,18,0,0,8.64,15.0,0,3031,1769593018.545,-68.168,meta-llama/Llama-3.2-1B-Instruct,"1769593018.545, 1769593018.571, 1769593018.685, 1769593018.711, 1769593018.778"
1.0,0,1769593017.8532,71.0635,27,32,59,0.0542,0.0715,0.0826,1.0,0.0,97.49,1.5426,70.1177,70.1177,6948.2156,1769593090.4669888,11.86,214,1804,0.559,18,0,0,8.64,15.0,0,3031,1769593018.545,-68.168,meta-llama/Llama-3.2-1B-Instruct,"1769593018.545, 1769593018.571, 1769593018.685, 1769593018.711, 1769593018.778"
1.0,0,1769593017.922,71.4891,27,32,59,0.1004,0.062,0.0759,1.0,0.0,97.49,1.5809,70.5896,70.5896,7018.8052,1769593090.9965749,11.86,214,1805,0.561,19,0,0,8.64,15.0,0,3031,1769593018.545,-68.168,meta-llama/Llama-3.2-1B-Instruct,"1769593018.545, 1769593018.571, 1769593018.685, 1769593018.711, 1769593018.778"
1.0,0,1769593017.9484,71.7933,27,32,59,0.0701,0.0594,0.0752,1.0,0.0,97.49,1.5644,70.8634,70.8634,7089.6685,1769593091.3099213,11.85,214,1806,0.562,19,0,0,8.64,15.0,0,3031,1769593018.545,-68.168,meta-llama/Llama-3.2-1B-Instruct,"1769593018.545, 1769593018.571, 1769593018.685, 1769593018.711, 1769593018.778"
200.0,1,1769592819.0929,272.315,6945,0,6945,,,,200.0,,,0.9524,73.2674,73.2674,7162.936,1769593092.3841615,11.84,214,1807,0.568,19,0,0,8.64,15.0,0,3106,1769593019.223,-72.519,meta-llama/Llama-3.2-1B-Instruct,"1769593019.223, 1769593019.249, 1769593019.276, 1769593019.302, 1769593019.460"
1.0,0,1769593017.9733,72.6351,27,32,59,0.0613,0.0815,0.9052,1.0,0.0,97.49,2.4098,71.6965,71.6965,7234.6324,1769593093.0265634,11.84,214,1808,0.565,19,0,0,8.64,15.0,0,3106,1769593019.223,-72.519,meta-llama/Llama-3.2-1B-Instruct,"1769593019.223, 1769593019.249, 1769593019.276, 1769593019.302, 1769593019.460"
1.0,0,1769593018.0844,73.0659,27,32,59,0.1035,0.0842,0.9098,1.0,0.0,97.49,2.4931,72.1694,72.1694,7306.8018,1769593093.65314,11.83,214,1809,0.567,19,0,0,8.64,15.0,0,3106,1769593019.223,-72.519,meta-llama/Llama-3.2-1B-Instruct,"1769593019.223, 1769593019.249, 1769593019.276, 1769593019.302, 1769593019.460"
1.0,0,1769593018.2489,74.8741,27,32,59,0.1081,0.0744,0.0762,1.0,0.0,97.49,1.6179,73.9822,73.9822,7380.7841,1769593094.7416983,11.82,214,1810,0.57,18,0,0,8.64,15.0,0,3106,1769593019.223,-72.519,meta-llama/Llama-3.2-1B-Instruct,"1769593019.223, 1769593019.249, 1769593019.276, 1769593019.302, 1769593019.460"
1.0,0,1769593018.2764,74.9853,27,32,59,0.0952,0.0683,0.0749,1.0,0.0,97.49,1.5711,74.0805,74.0805,7454.8646,1769593094.8399098,11.82,214,1811,0.571,19,0,0,8.64,15.0,0,3106,1769593019.223,-72.519,meta-llama/Llama-3.2-1B-Instruct,"1769593019.223, 1769593019.249, 1769593019.276, 1769593019.302, 1769593019.460"
1.0,0,1769593018.3017,75.5035,27,32,59,0.0983,0.0698,0.0777,1.0,0.0,97.5,1.5909,74.6019,74.6019,7529.4665,1769593095.4061434,11.81,214,1812,0.573,19,0,0,8.64,15.0,0,3106,1769593019.223,-72.519,meta-llama/Llama-3.2-1B-Instruct,"1769593019.223, 1769593019.249, 1769593019.276, 1769593019.302, 1769593019.460"
1.0,0,1769593018.5125,77.0079,27,0,27,,,,1.0,,,0.0971,76.1049,76.1049,7605.5714,1769593095.6221879,11.8,214,1813,0.579,19,0,0,8.64,15.0,0,3106,1769593019.223,-72.519,meta-llama/Llama-3.2-1B-Instruct,"1769593019.223, 1769593019.249, 1769593019.276, 1769593019.302, 1769593019.460"
1.0,0,1769593018.4603,76.3985,27,32,59,0.0899,0.0737,0.0783,1.0,0.0,97.5,1.6317,75.4884,75.4884,7681.0598,1769593096.4913208,11.8,214,1814,0.577,18,0,0,8.64,15.0,0,3106,1769593019.223,-72.519,meta-llama/Llama-3.2-1B-Instruct,"1769593019.223, 1769593019.249, 1769593019.276, 1769593019.302, 1769593019.460"
1.0,0,1769593018.4868,76.4777,27,32,59,0.1052,0.0678,0.0781,1.0,0.0,97.5,1.6273,75.5829,75.5829,7756.6427,1769593096.597756,11.79,214,1815,0.577,19,0,0,8.64,15.0,0,3106,1769593019.223,-72.519,meta-llama/Llama-3.2-1B-Instruct,"1769593019.223, 1769593019.249, 1769593019.276, 1769593019.302, 1769593019.460"
1.0,0,1769593018.6805,77.048,27,32,59,0.1032,0.0689,0.0703,1.0,0.0,97.5,1.6204,76.1512,76.1512,7832.7939,1769593097.3502703,11.78,214,1816,0.579,19,0,0,8.64,15.0,0,3191,1769593019.81,-76.974,meta-llama/Llama-3.2-1B-Instruct,"1769593019.810, 1769593019.849, 1769593019.894, 1769593020.002, 1769593020.046"
1.0,0,1769593018.7563,77.819,27,32,59,0.0698,0.0701,0.0703,1.0,0.0,97.5,1.5919,76.8888,76.8888,7909.6827,1769593098.1694467,11.78,214,1817,0.582,18,0,0,8.64,15.0,0,3191,1769593019.81,-76.974,meta-llama/Llama-3.2-1B-Instruct,"1769593019.810, 1769593019.849, 1769593019.894, 1769593020.002, 1769593020.046"
1.0,0,1769593018.7844,77.9411,27,33,60,0.0944,0.0659,0.0826,1.0,0.0,97.5,1.5799,77.0355,77.0355,7986.7182,1769593098.3158398,11.77,214,1818,0.582,19,0,0,8.64,15.0,0,3191,1769593019.81,-76.974,meta-llama/Llama-3.2-1B-Instruct,"1769593019.810, 1769593019.849, 1769593019.894, 1769593020.002, 1769593020.046"
1.0,0,1769593018.81,78.6819,27,32,59,0.0632,0.0727,0.0806,1.0,0.0,97.5,1.5827,77.7451,77.7451,8064.4633,1769593099.0793345,11.76,214,1819,0.585,19,0,0,8.64,15.0,0,3191,1769593019.81,-76.974,meta-llama/Llama-3.2-1B-Instruct,"1769593019.810, 1769593019.849, 1769593019.894, 1769593020.002, 1769593020.046"
1.0,0,1769593018.8486,79.4861,27,32,59,0.1038,0.0686,0.0833,1.0,0.0,97.51,1.6185,78.5899,78.5899,8143.0532,1769593099.9540145,11.76,214,1820,0.588,19,0,0,8.64,15.0,0,3191,1769593019.81,-76.974,meta-llama/Llama-3.2-1B-Instruct,"1769593019.810, 1769593019.849, 1769593019.894, 1769593020.002, 1769593020.046"
1.0,0,1769593018.8935,79.5609,27,32,59,0.1117,0.0612,0.0814,1.0,0.0,97.51,1.5984,78.6727,78.6727,8221.7258,1769593100.0600443,11.75,214,1821,0.588,19,0,0,8.64,15.0,0,3191,1769593019.81,-76.974,meta-llama/Llama-3.2-1B-Instruct,"1769593019.810, 1769593019.849, 1769593019.894, 1769593020.002, 1769593020.046"
1.0,0,1769593019.002,80.2374,27,32,59,0.0984,0.0717,0.0745,1.0,0.0,97.51,1.6336,79.3358,79.3358,8301.0616,1769593100.8800077,11.75,214,1822,0.591,19,0,0,8.64,15.0,0,3191,1769593019.81,-76.974,meta-llama/Llama-3.2-1B-Instruct,"1769593019.810, 1769593019.849, 1769593019.894, 1769593020.002, 1769593020.046"
1.0,0,1769593019.0463,81.0906,27,31,58,0.0881,0.0659,0.0916,1.0,0.0,97.51,1.6182,80.1787,80.1787,8381.2403,1769593101.7567565,11.74,214,1823,0.593,18,0,0,8.64,15.0,0,3191,1769593019.81,-76.974,meta-llama/Llama-3.2-1B-Instruct,"1769593019.810, 1769593019.849, 1769593019.894, 1769593020.002, 1769593020.046"
1.0,0,1769593019.2238,80.9818,27,32,59,0.0939,0.0624,0.0711,1.0,0.0,97.51,1.5927,80.0757,80.0757,8461.316,1769593101.8017054,11.73,214,1824,0.593,18,0,0,8.64,15.0,0,3191,1769593019.81,-76.974,meta-llama/Llama-3.2-1B-Instruct,"1769593019.810, 1769593019.849, 1769593019.894, 1769593020.002, 1769593020.046"
1.0,0,1769593019.2696,81.7663,27,31,58,0.095,0.0672,0.2556,1.0,0.0,97.51,1.7381,80.8613,80.8613,8542.1773,1769593102.7833464,11.73,214,1825,0.597,19,0,0,8.64,15.0,0,3270,1769593020.573,-81.258,meta-llama/Llama-3.2-1B-Instruct,"1769593020.573, 1769593020.843, 1769593020.869, 1769593020.939, 1769593021.054"
1.0,0,1769593019.5216,82.4285,27,32,59,0.1119,0.0687,0.2262,1.0,0.0,97.51,1.6254,81.5403,81.5403,8705.2076,1769593103.5776994,11.72,214,1827,0.599,18,0,0,8.64,15.0,0,3270,1769593020.573,-81.258,meta-llama/Llama-3.2-1B-Instruct,"1769593020.573, 1769593020.843, 1769593020.869, 1769593020.939, 1769593021.054"
1.0,0,1769593019.5726,82.3826,27,32,59,0.1073,0.0781,0.2234,1.0,0.0,97.52,1.6209,81.4899,81.4899,8705.2076,1769593103.5780177,11.71,214,1827,0.599,18,0,0,8.64,15.0,0,3270,1769593020.573,-81.258,meta-llama/Llama-3.2-1B-Instruct,"1769593020.573, 1769593020.843, 1769593020.869, 1769593020.939, 1769593021.054"
1.0,0,1769593019.8426,83.0488,27,32,59,0.1058,0.0713,0.097,1.0,0.0,97.52,1.6482,82.1546,82.1546,8787.3622,1769593104.5428395,11.71,214,1828,0.603,19,0,0,8.64,15.0,0,3270,1769593020.573,-81.258,meta-llama/Llama-3.2-1B-Instruct,"1769593020.573, 1769593020.843, 1769593020.869, 1769593020.939, 1769593021.054"
1.0,0,1769593019.869,83.8306,27,32,59,0.1115,0.073,0.0892,1.0,0.0,97.52,1.64,82.942,82.942,8953.1839,1769593105.3472123,11.69,214,1830,0.605,18,0,0,8.64,15.0,0,3270,1769593020.573,-81.258,meta-llama/Llama-3.2-1B-Instruct,"1769593020.573, 1769593020.843, 1769593020.869, 1769593020.939, 1769593021.054"
1.0,0,1769593019.9394,83.8076,27,32,59,0.0721,0.0667,0.0844,1.0,0.0,97.52,1.5888,82.8797,82.8797,8953.1839,1769593105.347407,11.7,214,1830,0.605,18,0,0,8.64,15.0,0,3270,1769593020.573,-81.258,meta-llama/Llama-3.2-1B-Instruct,"1769593020.573, 1769593020.843, 1769593020.869, 1769593020.939, 1769593021.054"
1.0,0,1769593020.0543,84.661,27,32,59,0.1049,0.0601,0.0763,1.0,0.0,97.52,1.6178,83.7659,83.7659,9036.9498,1769593106.3353267,11.69,214,1831,0.608,19,0,0,8.64,15.0,0,3270,1769593020.573,-81.258,meta-llama/Llama-3.2-1B-Instruct,"1769593020.573, 1769593020.843, 1769593020.869, 1769593020.939, 1769593021.054"
1.0,0,1769593020.081,85.4716,27,32,59,0.1015,0.0862,0.3479,1.0,0.0,97.52,1.9477,84.5732,84.5732,9206.0652,1769593107.504892,11.68,214,1833,0.61,18,0,0,8.64,15.0,0,3348,1769593021.182,-85.668,meta-llama/Llama-3.2-1B-Instruct,"1769593021.182, 1769593021.256, 1769593021.278, 1769593021.373, 1769593021.386"
1.0,0,1769593020.1066,85.4727,27,32,59,0.0696,0.0836,0.3541,1.0,0.0,97.52,1.9226,84.5423,84.5423,9206.0652,1769593107.50576,11.67,214,1833,0.611,18,0,0,8.64,15.0,0,3348,1769593021.182,-85.668,meta-llama/Llama-3.2-1B-Instruct,"1769593021.182, 1769593021.256, 1769593021.278, 1769593021.373, 1769593021.386"
1.0,0,1769593020.1815,87.4597,27,32,59,0.0795,0.3254,0.3424,1.0,0.0,97.53,2.1877,86.5392,86.5392,9292.6044,1769593109.8396933,11.67,214,1834,0.644,18,0,0,8.64,15.0,0,3348,1769593021.182,-85.668,meta-llama/Llama-3.2-1B-Instruct,"1769593021.182, 1769593021.256, 1769593021.278, 1769593021.373, 1769593021.386"
200.0,1,1769592817.1697,235.1781,2809,1017,3826,0.3586,0.0762,0.3256,200.0,0.0,97.53,58.59,93.7681,93.7681,9386.3725,1769593110.95248,11.66,214,1835,0.683,19,0,0,8.64,15.0,0,3348,1769593021.182,-85.668,meta-llama/Llama-3.2-1B-Instruct,"1769593021.182, 1769593021.256, 1769593021.278, 1769593021.373, 1769593021.386"
1.0,0,1769593020.2782,89.7387,27,32,59,0.1038,0.0641,0.0929,1.0,0.0,97.53,1.705,88.8425,88.8425,9475.215,1769593111.7257593,11.66,214,1836,0.677,19,0,0,8.64,15.0,0,3348,1769593021.182,-85.668,meta-llama/Llama-3.2-1B-Instruct,"1769593021.182, 1769593021.256, 1769593021.278, 1769593021.373, 1769593021.386"
200.0,1,1769592817.2561,237.1627,2551,1029,3580,0.3287,0.0746,0.3362,200.0,0.0,97.53,58.6457,95.8084,95.8084,9571.0234,1769593113.0837653,11.65,214,1837,0.681,19,0,0,8.64,15.0,0,3429,1769593021.46,-90.412,meta-llama/Llama-3.2-1B-Instruct,"1769593021.460, 1769593021.508, 1769593021.600, 1769593021.616, 1769593021.784"
1.0,0,1769593020.3731,90.6904,27,32,59,0.1087,0.0761,0.415,1.0,0.0,97.53,2.0552,89.7991,89.7991,9660.8225,1769593113.1255653,11.64,214,1838,0.644,19,0,0,8.64,15.0,0,3429,1769593021.46,-90.412,meta-llama/Llama-3.2-1B-Instruct,"1769593021.460, 1769593021.508, 1769593021.600, 1769593021.616, 1769593021.784"
200.0,1,1769592817.3377,240.8352,2643,1034,3677,0.81,0.0741,0.3497,200.0,0.0,97.53,58.8512,99.6864,99.6864,9959.9653,1769593117.0414655,11.64,214,1841,0.628,18,1,0,8.64,15.0,0,3526,1769593021.6,-95.324,meta-llama/Llama-3.2-1B-Instruct,"1769593021.600, 1769593021.616, 1769593021.784, 1769593021.786, 1769593021.825"
200.0,1,1769592817.2842,240.6786,2472,1026,3498,0.339,0.074,0.3395,200.0,0.0,97.53,59.0634,99.742,99.742,9959.9653,1769593117.0447004,11.63,214,1841,0.605,17,0,0,8.64,15.0,0,3526,1769593021.6,-95.324,meta-llama/Llama-3.2-1B-Instruct,"1769593021.600, 1769593021.616, 1769593021.784, 1769593021.786, 1769593021.825"
200.0,1,1769592817.3139,240.6853,3871,1026,4897,0.9855,0.0765,0.3325,200.0,0.0,97.54,59.0291,99.7145,99.7145,9959.9653,1769593117.0469565,11.62,214,1841,0.605,17,0,0,8.64,15.0,0,3526,1769593021.6,-95.324,meta-llama/Llama-3.2-1B-Instruct,"1769593021.600, 1769593021.616, 1769593021.784, 1769593021.786, 1769593021.825"
1.0,0,1769593020.7839,96.5434,27,32,59,0.3855,0.0642,0.0747,1.0,0.0,97.54,1.9291,95.9289,95.9289,10151.9917,1769593119.267597,11.62,214,1843,0.603,17,0,0,8.64,15.0,0,3526,1769593021.6,-95.324,meta-llama/Llama-3.2-1B-Instruct,"1769593021.600, 1769593021.616, 1769593021.784, 1769593021.786, 1769593021.825"
1.0,0,1769593020.6164,96.6706,27,32,59,0.427,0.0618,0.076,1.0,0.0,97.54,1.9794,96.0975,96.0975,10151.9917,1769593119.2695014,11.61,214,1843,0.603,17,0,0,8.64,15.0,0,3526,1769593021.6,-95.324,meta-llama/Llama-3.2-1B-Instruct,"1769593021.600, 1769593021.616, 1769593021.784, 1769593021.786, 1769593021.825"
1.0,0,1769593020.8245,98.6271,27,32,59,0.396,0.0662,0.0777,1.0,0.0,97.54,1.9937,98.0232,98.0232,10250.0149,1769593121.4465544,11.61,214,1844,0.643,18,0,0,8.64,15.0,0,3526,1769593021.6,-95.324,meta-llama/Llama-3.2-1B-Instruct,"1769593021.600, 1769593021.616, 1769593021.784, 1769593021.786, 1769593021.825"
200.0,1,1769592817.3653,249.3021,3020,1017,4037,0.4128,0.0779,0.4031,200.0,0.0,97.54,59.5568,108.8589,108.8589,10467.6897,1769593126.2442572,11.6,214,1846,0.608,17,0,0,8.64,15.0,0,3618,1769593021.96,-99.977,meta-llama/Llama-3.2-1B-Instruct,"1769593021.960, 1769593022.054, 1769593022.119, 1769593022.122, 1769593022.192"
200.0,1,1769592817.4149,249.3019,3269,1026,4295,0.6915,0.0758,0.4047,200.0,0.0,97.54,59.5139,108.8159,108.8159,10467.6897,1769593126.2485182,11.59,214,1846,0.608,17,0,0,8.64,15.0,0,3618,1769593021.96,-99.977,meta-llama/Llama-3.2-1B-Instruct,"1769593021.960, 1769593022.054, 1769593022.119, 1769593022.122, 1769593022.192"
1.0,0,1769593020.9604,105.3916,27,32,59,0.053,0.0919,0.2766,1.0,0.0,97.54,1.9083,104.4447,104.4447,10572.1344,1769593128.2738466,11.59,214,1847,0.667,18,0,0,8.64,15.0,0,3705,1769593022.119,-104.865,meta-llama/Llama-3.2-1B-Instruct,"1769593022.119, 1769593022.122, 1769593022.192, 1769593022.232, 1769593022.271"
1.0,0,1769593021.1194,107.2921,27,32,59,0.0836,0.0608,0.0653,1.0,0.0,97.54,1.693,106.3757,106.3757,10678.51,1769593130.1065233,11.58,214,1848,0.696,19,0,0,8.64,15.0,0,3705,1769593022.119,-104.865,meta-llama/Llama-3.2-1B-Instruct,"1769593022.119, 1769593022.122, 1769593022.192, 1769593022.232, 1769593022.271"
200.0,1,1769592817.5414,253.4814,2612,1026,3638,0.3454,0.0782,0.4086,200.0,0.0,97.55,59.1683,112.6496,112.6496,10791.1597,1769593130.2102108,11.57,214,1849,0.68,19,0,0,8.64,15.0,0,3705,1769593022.119,-104.865,meta-llama/Llama-3.2-1B-Instruct,"1769593022.119, 1769593022.122, 1769593022.192, 1769593022.232, 1769593022.271"
200.0,1,1769592821.1646,285.2856,2912,437,3349,0.3734,0.0763,0.4459,200.0,0.0,97.55,26.9353,112.2209,112.2209,10903.3806,1769593133.3994145,11.57,214,1850,0.614,19,0,0,8.64,15.0,0,3799,1769593022.232,-109.808,meta-llama/Llama-3.2-1B-Instruct,"1769593022.232, 1769593022.271, 1769593022.366, 1769593022.394, 1769593022.420"
200.0,1,1769592817.5857,256.8881,2546,1024,3570,0.33,0.0744,0.4033,200.0,0.0,97.55,59.7727,116.6608,116.6608,11020.0414,1769593134.2633777,11.56,214,1851,0.683,19,0,0,8.64,15.0,0,3799,1769593022.232,-109.808,meta-llama/Llama-3.2-1B-Instruct,"1769593022.232, 1769593022.271, 1769593022.366, 1769593022.394, 1769593022.420"
1.0,0,1769593021.2324,112.279,27,32,59,0.1149,0.0714,0.286,1.0,0.0,97.55,1.9806,111.3939,111.3939,11131.4353,1769593135.5080218,11.56,214,1852,0.709,19,0,0,8.64,15.0,0,3799,1769593022.232,-109.808,meta-llama/Llama-3.2-1B-Instruct,"1769593022.232, 1769593022.271, 1769593022.366, 1769593022.394, 1769593022.420"
200.0,1,1769592817.8426,259.211,3966,1029,4995,1.7035,0.0769,0.4004,200.0,0.0,97.55,60.4603,119.6713,119.6713,11610.3422,1769593137.5329912,11.55,214,1856,0.537,17,0,0,8.64,15.0,0,3890,1769593022.394,-114.696,meta-llama/Llama-3.2-1B-Instruct,"1769593022.394, 1769593022.420, 1769593022.584, 1769593022.624, 1769593022.678"
200.0,1,1769592817.6334,259.2956,3305,1024,4329,0.4718,0.0774,0.4087,200.0,0.0,97.55,60.5876,119.8833,119.8833,11610.3422,1769593137.534342,11.54,214,1856,0.537,16,0,0,8.64,15.0,0,3890,1769593022.394,-114.696,meta-llama/Llama-3.2-1B-Instruct,"1769593022.394, 1769593022.420, 1769593022.584, 1769593022.624, 1769593022.678"
200.0,1,1769592817.7936,259.1923,2927,1023,3950,1.7739,0.0776,0.4097,200.0,0.0,97.55,60.534,119.7264,119.7264,11610.3422,1769593137.5346787,11.54,214,1856,0.537,17,0,0,8.64,15.0,0,3890,1769593022.394,-114.696,meta-llama/Llama-3.2-1B-Instruct,"1769593022.394, 1769593022.420, 1769593022.584, 1769593022.624, 1769593022.678"
200.0,1,1769592817.8962,259.2496,4742,1027,5769,1.615,0.0776,0.4093,200.0,0.0,97.56,60.3764,119.626,119.626,11610.3422,1769593137.542735,11.53,214,1856,0.494,16,1,0,8.64,15.0,0,3890,1769593022.394,-114.696,meta-llama/Llama-3.2-1B-Instruct,"1769593022.394, 1769593022.420, 1769593022.584, 1769593022.624, 1769593022.678"
1.0,0,1769593021.6236,116.2979,27,1,28,0.69,,,1.0,,,0.7519,115.988,115.988,11726.3301,1769593138.6785188,11.52,214,1857,0.562,17,1,0,8.64,15.0,0,3890,1769593022.394,-114.696,meta-llama/Llama-3.2-1B-Instruct,"1769593022.394, 1769593022.420, 1769593022.584, 1769593022.624, 1769593022.678"
200.0,1,1769592822.6778,316.1053,2610,0,2610,,,,200.0,,,0.3448,116.4501,116.4501,11842.7803,1769593139.138704,11.52,214,1858,0.621,19,0,0,8.64,15.0,0,3890,1769593022.394,-114.696,meta-llama/Llama-3.2-1B-Instruct,"1769593022.394, 1769593022.420, 1769593022.584, 1769593022.624, 1769593022.678"
200.0,1,1769592817.9896,262.0051,2923,1030,3953,0.4138,0.0818,0.4078,200.0,0.0,97.56,59.7799,121.7851,121.7851,11964.5653,1769593139.789478,11.51,214,1859,0.522,18,0,0,8.64,15.0,0,3890,1769593022.394,-114.696,meta-llama/Llama-3.2-1B-Instruct,"1769593022.394, 1769593022.420, 1769593022.584, 1769593022.624, 1769593022.678"
200.0,1,1769592818.0458,262.6657,3671,1024,4695,0.4366,0.0775,0.3815,200.0,0.0,97.56,59.4202,122.0859,122.0859,12086.6512,1769593140.1469648,11.51,214,1860,0.551,18,0,0,8.64,15.0,0,3890,1769593022.394,-114.696,meta-llama/Llama-3.2-1B-Instruct,"1769593022.394, 1769593022.420, 1769593022.584, 1769593022.624, 1769593022.678"
1.0,0,1769593021.3935,116.2727,27,32,59,0.0824,0.2845,0.6972,1.0,0.0,97.56,2.605,115.3552,115.3552,12202.0064,1769593140.2775948,11.5,214,1861,0.56,16,0,0,8.64,15.0,0,3890,1769593022.394,-114.696,meta-llama/Llama-3.2-1B-Instruct,"1769593022.394, 1769593022.420, 1769593022.584, 1769593022.624, 1769593022.678"
1.0,0,1769593021.6952,117.5393,27,32,59,0.1,0.0921,0.6084,1.0,0.0,97.56,2.1844,116.6393,116.6393,12318.6457,1769593141.4240606,11.49,214,1862,0.622,19,0,0,8.64,15.0,0,3890,1769593022.394,-114.696,meta-llama/Llama-3.2-1B-Instruct,"1769593022.394, 1769593022.420, 1769593022.584, 1769593022.624, 1769593022.678"
200.0,1,1769592818.1703,263.7185,3675,1018,4693,0.6875,0.079,0.376,200.0,0.0,97.56,59.5771,123.2956,123.2956,12565.2949,1769593141.4827704,11.49,214,1864,0.515,18,0,0,8.64,15.0,0,3890,1769593022.394,-114.696,meta-llama/Llama-3.2-1B-Instruct,"1769593022.394, 1769593022.420, 1769593022.584, 1769593022.624, 1769593022.678"
200.0,1,1769592818.1218,263.715,2589,1018,3607,0.3735,0.0779,0.4086,200.0,0.0,97.56,59.6386,123.3536,123.3536,12565.2949,1769593141.4886618,11.48,214,1864,0.515,18,0,0,8.64,15.0,0,3890,1769593022.394,-114.696,meta-llama/Llama-3.2-1B-Instruct,"1769593022.394, 1769593022.420, 1769593022.584, 1769593022.624, 1769593022.678"
1.0,0,1769593021.7221,118.221,27,32,59,0.097,0.6139,0.6574,1.0,0.0,97.57,2.7554,117.318,117.318,12682.6129,1769593142.7040706,11.47,214,1865,0.587,19,0,0,8.64,15.0,0,3967,1769593022.939,-119.195,meta-llama/Llama-3.2-1B-Instruct,"1769593022.939, 1769593022.966, 1769593022.991, 1769593022.992, 1769593023.288"
1.0,0,1769593021.7483,118.6232,27,32,59,0.5633,0.0682,0.668,1.0,0.0,97.57,2.6893,118.1865,118.1865,12800.7994,1769593143.0655375,11.47,214,1866,0.543,18,0,0,8.64,15.0,0,3967,1769593022.939,-119.195,meta-llama/Llama-3.2-1B-Instruct,"1769593022.939, 1769593022.966, 1769593022.991, 1769593022.992, 1769593023.288"
1.0,0,1769593021.8664,119.8726,27,32,59,0.6302,0.0654,0.0705,1.0,0.0,97.57,2.1349,119.5028,119.5028,12920.3022,1769593143.8762698,11.46,214,1867,0.513,17,0,0,8.64,15.0,0,3967,1769593022.939,-119.195,meta-llama/Llama-3.2-1B-Instruct,"1769593022.939, 1769593022.966, 1769593022.991, 1769593022.992, 1769593023.288"
1.0,0,1769593021.9387,120.8968,27,32,59,0.0803,0.0776,0.3955,1.0,0.0,97.57,1.9309,119.9771,119.9771,13040.2793,1769593144.7704334,11.46,214,1868,0.571,19,0,0,8.64,15.0,0,3967,1769593022.939,-119.195,meta-llama/Llama-3.2-1B-Instruct,"1769593022.939, 1769593022.966, 1769593022.991, 1769593022.992, 1769593023.288"
1.0,0,1769593021.9655,121.2158,27,32,59,0.0809,0.0785,0.4039,1.0,0.0,97.57,1.9427,120.2966,120.2966,13160.5759,1769593145.1295753,11.45,214,1869,0.572,19,0,0,8.64,15.0,0,3967,1769593022.939,-119.195,meta-llama/Llama-3.2-1B-Instruct,"1769593022.939, 1769593022.966, 1769593022.991, 1769593022.992, 1769593023.288"
200.0,1,1769592822.5839,315.2509,3155,113,3268,0.7677,0.0982,0.5986,200.0,0.0,97.57,8.4194,123.6703,123.6703,13284.2462,1769593146.264703,11.44,214,1870,0.561,17,0,0,8.64,15.0,0,3967,1769593022.939,-119.195,meta-llama/Llama-3.2-1B-Instruct,"1769593022.939, 1769593022.966, 1769593022.991, 1769593022.992, 1769593023.288"
1.0,0,1769593021.9921,122.9007,27,32,59,0.0857,0.2849,0.3418,1.0,0.0,97.57,2.1824,121.9863,121.9863,13406.2326,1769593147.076009,11.44,214,1871,0.607,19,0,0,8.64,15.0,0,3967,1769593022.939,-119.195,meta-llama/Llama-3.2-1B-Instruct,"1769593022.939, 1769593022.966, 1769593022.991, 1769593022.992, 1769593023.288"
200.0,1,1769592821.6001,295.6213,3581,828,4409,0.4905,0.0691,0.3709,200.0,0.0,97.57,48.8267,144.448,144.448,13550.6805,1769593166.068068,11.43,214,1872,0.603,17,0,0,8.64,15.0,0,4311,1769593023.416,-139.05,meta-llama/Llama-3.2-1B-Instruct,"1769593023.416, 1769593023.470, 1769593023.588, 1769593023.600, 1769593023.648"
1.0,0,1769593022.4158,143.7499,27,32,59,0.0697,0.0624,0.0653,1.0,0.0,97.58,1.6715,142.8196,142.8196,13693.5001,1769593167.83808,11.43,214,1873,0.686,19,0,0,8.64,15.0,0,4398,1769593023.47,-144.008,meta-llama/Llama-3.2-1B-Instruct,"1769593023.470, 1769593023.588, 1769593023.600, 1769593023.648, 1769593023.680"
200.0,1,1769592821.2562,286.4462,2678,1032,3710,0.3385,0.0739,0.3851,200.0,0.0,97.58,60.8249,147.2711,147.2711,13840.7712,1769593168.5451934,11.42,214,1874,0.644,18,0,0,8.64,15.0,0,4398,1769593023.47,-144.008,meta-llama/Llama-3.2-1B-Instruct,"1769593023.470, 1769593023.588, 1769593023.600, 1769593023.648, 1769593023.680"
200.0,1,1769592821.386,290.4491,3367,1025,4392,0.4433,0.0718,0.3887,200.0,0.0,97.58,61.295,151.7442,151.7442,13992.5154,1769593173.1636415,11.41,214,1875,0.647,19,0,0,8.64,15.0,0,4486,1769593023.6,-148.939,meta-llama/Llama-3.2-1B-Instruct,"1769593023.600, 1769593023.648, 1769593023.680, 1769593023.704, 1769593023.744"
200.0,1,1769592821.4599,291.7321,2847,1029,3876,0.4082,0.0706,0.3909,200.0,0.0,97.58,60.5606,152.2927,152.2927,14297.0562,1769593173.7678149,11.41,214,1877,0.648,18,0,0,8.64,15.0,0,4486,1769593023.6,-148.939,meta-llama/Llama-3.2-1B-Instruct,"1769593023.600, 1769593023.648, 1769593023.680, 1769593023.704, 1769593023.744"
200.0,1,1769592821.5078,291.7437,3159,1026,4185,0.6584,0.0698,0.3785,200.0,0.0,97.58,60.5044,152.2481,152.2481,14297.0562,1769593173.7721643,11.4,214,1877,0.648,18,0,0,8.64,15.0,0,4486,1769593023.6,-148.939,meta-llama/Llama-3.2-1B-Instruct,"1769593023.600, 1769593023.648, 1769593023.680, 1769593023.704, 1769593023.744"
1.0,0,1769593022.6477,151.2447,27,11,38,0.0801,0.0598,0.0598,1.0,0.0,97.58,0.614,150.3248,150.3248,14447.381,1769593174.511427,11.4,214,1878,0.61,18,0,0,8.64,15.0,0,4486,1769593023.6,-148.939,meta-llama/Llama-3.2-1B-Instruct,"1769593023.600, 1769593023.648, 1769593023.680, 1769593023.704, 1769593023.744"
1.0,0,1769593022.6005,150.677,27,32,59,0.1035,0.0792,0.358,1.0,0.0,97.58,2.0274,149.7805,149.7805,14597.1615,1769593175.3075318,11.39,214,1879,0.683,19,0,0,8.64,15.0,0,4486,1769593023.6,-148.939,meta-llama/Llama-3.2-1B-Instruct,"1769593023.600, 1769593023.648, 1769593023.680, 1769593023.704, 1769593023.744"
1.0,0,1769593022.7042,151.9352,27,21,48,0.0838,0.0835,0.3502,1.0,0.0,97.59,1.4904,151.019,151.019,14748.1806,1769593176.13074,11.38,214,1880,0.612,18,0,0,8.64,15.0,0,4486,1769593023.6,-148.939,meta-llama/Llama-3.2-1B-Instruct,"1769593023.600, 1769593023.648, 1769593023.680, 1769593023.704, 1769593023.744"
1.0,0,1769593022.7877,152.6067,27,32,59,0.0867,0.0614,0.0745,1.0,0.0,97.59,1.6414,151.6934,151.6934,14899.874,1769593177.0463378,11.38,214,1881,0.641,19,0,0,8.64,15.0,0,4486,1769593023.6,-148.939,meta-llama/Llama-3.2-1B-Instruct,"1769593023.600, 1769593023.648, 1769593023.680, 1769593023.704, 1769593023.744"
1.0,0,1769593022.8295,153.4338,27,32,59,0.0786,0.0613,0.0934,1.0,0.0,97.59,1.6414,152.5125,152.5125,15052.3865,1769593177.9163666,11.37,214,1882,0.644,19,0,0,8.64,15.0,0,4559,1769593023.892,-153.696,meta-llama/Llama-3.2-1B-Instruct,"1769593023.892, 1769593023.928, 1769593023.987, 1769593024.000, 1769593024.073"
1.0,0,1769593022.8571,154.3196,27,32,59,0.0801,0.0579,0.0612,1.0,0.0,97.59,1.6205,153.3997,153.3997,15205.7862,1769593178.8008997,11.36,214,1883,0.646,19,0,0,8.64,15.0,0,4559,1769593023.892,-153.696,meta-llama/Llama-3.2-1B-Instruct,"1769593023.892, 1769593023.928, 1769593023.987, 1769593024.000, 1769593024.073"
200.0,1,1769592821.7863,297.6062,3581,1023,4604,0.4476,0.0743,0.361,200.0,0.0,97.59,60.0556,157.6618,157.6618,15363.448,1769593179.465801,11.36,214,1884,0.643,18,0,0,8.64,15.0,0,4559,1769593023.892,-153.696,meta-llama/Llama-3.2-1B-Instruct,"1769593023.892, 1769593023.928, 1769593023.987, 1769593024.000, 1769593024.073"
1.0,0,1769593022.9277,155.8326,27,32,59,0.0995,0.0753,0.2747,1.0,0.0,97.59,1.9337,154.9321,154.9321,15518.3801,1769593180.7018082,11.35,214,1885,0.652,19,0,0,8.64,15.0,0,4559,1769593023.892,-153.696,meta-llama/Llama-3.2-1B-Instruct,"1769593023.892, 1769593023.928, 1769593023.987, 1769593024.000, 1769593024.073"
200.0,1,1769592821.9121,299.6484,5091,1021,6112,0.6548,0.0698,0.3375,200.0,0.0,97.59,59.6489,159.2973,159.2973,15677.6774,1769593181.2272046,11.35,214,1886,0.683,19,0,0,8.64,15.0,0,4559,1769593023.892,-153.696,meta-llama/Llama-3.2-1B-Instruct,"1769593023.892, 1769593023.928, 1769593023.987, 1769593024.000, 1769593024.073"
1.0,0,1769593022.9998,156.6133,27,32,59,0.1036,0.0676,0.0903,1.0,0.0,97.59,1.6406,155.717,155.717,15833.3944,1769593181.2590733,11.34,214,1887,0.634,19,0,0,8.64,15.0,0,4559,1769593023.892,-153.696,meta-llama/Llama-3.2-1B-Instruct,"1769593023.892, 1769593023.928, 1769593023.987, 1769593024.000, 1769593024.073"
1.0,0,1769593023.0728,157.789,27,32,59,0.1,0.0747,0.3328,1.0,0.0,97.6,1.9224,156.8891,156.8891,15990.2834,1769593182.7895453,11.33,214,1888,0.639,19,0,0,8.64,15.0,0,4633,1769593024.194,-158.424,meta-llama/Llama-3.2-1B-Instruct,"1769593024.194, 1769593024.216, 1769593024.296, 1769593024.303, 1769593024.386"
1.0,0,1769593023.1015,158.2424,27,32,59,0.0731,0.3262,0.3673,1.0,0.0,97.6,1.8954,157.3155,157.3155,16147.5989,1769593183.2859128,11.33,214,1889,0.582,18,0,0,8.64,15.0,0,4633,1769593024.194,-158.424,meta-llama/Llama-3.2-1B-Instruct,"1769593024.194, 1769593024.216, 1769593024.296, 1769593024.303, 1769593024.386"
1.0,0,1769593023.1943,160.1887,27,32,59,0.1265,0.0638,0.4033,1.0,0.0,97.6,2.0234,159.3152,159.3152,16306.9141,1769593185.4090993,11.32,214,1890,0.613,18,0,0,8.64,15.0,0,4633,1769593024.194,-158.424,meta-llama/Llama-3.2-1B-Instruct,"1769593024.194, 1769593024.216, 1769593024.296, 1769593024.303, 1769593024.386"
200.0,1,1769592822.0542,304.351,2407,1028,3435,0.2948,0.0752,0.3539,200.0,0.0,97.6,59.3959,163.7468,163.7468,16470.661,1769593185.816632,11.32,214,1891,0.667,18,0,0,8.64,15.0,0,4633,1769593024.194,-158.424,meta-llama/Llama-3.2-1B-Instruct,"1769593024.194, 1769593024.216, 1769593024.296, 1769593024.303, 1769593024.386"
1.0,0,1769593023.2956,162.2521,27,32,59,0.0861,0.0891,0.3174,1.0,0.0,97.6,1.9297,161.3381,161.3381,16631.9991,1769593187.486646,11.31,214,1892,0.652,19,0,0,8.64,15.0,0,4633,1769593024.194,-158.424,meta-llama/Llama-3.2-1B-Instruct,"1769593024.194, 1769593024.216, 1769593024.296, 1769593024.303, 1769593024.386"
200.0,1,1769592822.1921,308.1378,2680,1032,3712,0.7128,0.0733,0.3497,200.0,0.0,97.6,59.6346,167.7724,167.7724,16967.6109,1769593189.9793656,11.3,214,1894,0.707,19,0,0,8.64,15.0,0,4708,1769593024.479,-163.188,meta-llama/Llama-3.2-1B-Instruct,"1769593024.479, 1769593024.483, 1769593024.523, 1769593024.532, 1769593024.751"
200.0,1,1769592822.1217,308.0937,4119,1038,5157,0.5714,0.0771,0.3563,200.0,0.0,97.6,59.7457,167.8394,167.8394,16967.6109,1769593189.9801486,11.3,214,1894,0.668,18,0,0,8.64,15.0,0,4708,1769593024.479,-163.188,meta-llama/Llama-3.2-1B-Instruct,"1769593024.479, 1769593024.483, 1769593024.523, 1769593024.532, 1769593024.751"
1.0,0,1769593023.479,166.6254,27,31,58,0.0739,0.0779,0.3306,1.0,0.0,97.6,1.8788,165.6993,165.6993,17133.3102,1769593192.052779,11.29,214,1895,0.606,18,0,0,8.64,15.0,0,4708,1769593024.479,-163.188,meta-llama/Llama-3.2-1B-Instruct,"1769593024.479, 1769593024.483, 1769593024.523, 1769593024.532, 1769593024.751"
1.0,0,1769593023.5227,167.4054,27,32,59,0.0921,0.3452,0.4179,1.0,0.0,97.61,1.9928,166.4974,166.4974,17299.8077,1769593192.9258459,11.29,214,1896,0.609,19,0,0,8.64,15.0,0,4788,1769593024.751,-167.916,meta-llama/Llama-3.2-1B-Instruct,"1769593024.751, 1769593024.776, 1769593024.834, 1769593024.869, 1769593024.871"
200.0,1,1769592824.7513,368.3182,2899,0,2899,,,,200.0,,,0.3527,168.6709,168.6709,17468.4785,1769593193.4342377,11.28,214,1897,0.649,19,0,0,8.64,15.0,0,4788,1769593024.751,-167.916,meta-llama/Llama-3.2-1B-Instruct,"1769593024.751, 1769593024.776, 1769593024.834, 1769593024.869, 1769593024.871"
200.0,1,1769592822.2714,312.1088,2472,1029,3501,0.3176,0.0746,0.3611,200.0,0.0,97.61,59.4593,171.5681,171.5681,17640.0466,1769593193.8552551,11.28,214,1898,0.678,19,0,0,8.64,15.0,0,4788,1769593024.751,-167.916,meta-llama/Llama-3.2-1B-Instruct,"1769593024.751, 1769593024.776, 1769593024.834, 1769593024.869, 1769593024.871"
200.0,1,1769592822.3655,313.2707,3159,1025,4184,0.3975,0.0747,0.366,200.0,0.0,97.61,59.7122,172.9829,172.9829,17813.0295,1769593195.365449,11.27,214,1899,0.705,19,0,0,8.64,15.0,0,4788,1769593024.751,-167.916,meta-llama/Llama-3.2-1B-Instruct,"1769593024.751, 1769593024.776, 1769593024.834, 1769593024.869, 1769593024.871"
1.0,0,1769593023.7757,169.8203,27,32,59,0.0867,0.0818,0.5753,1.0,0.0,97.61,2.2348,168.9071,168.9071,17981.9366,1769593195.831935,11.26,214,1900,0.649,19,0,0,8.64,15.0,0,4788,1769593024.751,-167.916,meta-llama/Llama-3.2-1B-Instruct,"1769593024.751, 1769593024.776, 1769593024.834, 1769593024.869, 1769593024.871"
1.0,0,1769593023.8689,171.6031,27,31,58,0.1029,0.0906,0.2615,1.0,0.0,97.61,1.9151,170.706,170.706,18152.6426,1769593197.3899515,11.26,214,1901,0.627,19,0,0,8.64,15.0,0,4788,1769593024.751,-167.916,meta-llama/Llama-3.2-1B-Instruct,"1769593024.751, 1769593024.776, 1769593024.834, 1769593024.869, 1769593024.871"
200.0,1,1769592822.4203,315.4095,3009,1030,4039,0.7713,0.0739,0.3533,200.0,0.0,97.61,59.6938,175.1033,175.1033,18327.7459,1769593197.539062,11.25,214,1902,0.561,16,1,0,8.64,15.0,0,4788,1769593024.751,-167.916,meta-llama/Llama-3.2-1B-Instruct,"1769593024.751, 1769593024.776, 1769593024.834, 1769593024.869, 1769593024.871"
200.0,1,1769592822.7403,317.5338,4884,1017,5901,0.6597,0.0714,0.3564,200.0,0.0,97.61,59.0385,176.5723,176.5723,18504.3182,1769593199.328685,11.25,214,1903,0.543,18,0,0,8.64,15.0,0,4870,1769593024.973,-172.7,meta-llama/Llama-3.2-1B-Instruct,"1769593024.973, 1769593024.995, 1769593024.995, 1769593025.057, 1769593025.079"
1.0,0,1769593023.9499,173.6979,27,32,59,0.262,0.0618,0.0633,1.0,0.0,97.62,1.8135,172.9599,172.9599,18677.2781,1769593199.462169,11.24,214,1904,0.645,19,0,0,8.64,15.0,0,4870,1769593024.973,-172.7,meta-llama/Llama-3.2-1B-Instruct,"1769593024.973, 1769593024.995, 1769593024.995, 1769593025.057, 1769593025.079"
200.0,1,1769592822.9091,318.8711,2886,1030,3916,0.5874,0.0737,0.3482,200.0,0.0,97.62,58.6492,177.5202,177.5202,19032.4315,1769593200.4459264,11.23,214,1906,0.541,18,1,0,8.64,15.0,0,4870,1769593024.973,-172.7,meta-llama/Llama-3.2-1B-Instruct,"1769593024.973, 1769593024.995, 1769593024.995, 1769593025.057, 1769593025.079"
200.0,1,1769592822.7966,318.8709,2914,1027,3941,0.4018,0.0744,0.362,200.0,0.0,97.62,58.7623,177.6331,177.6331,19032.4315,1769593200.4462614,11.23,214,1906,0.513,17,0,0,8.64,15.0,0,4870,1769593024.973,-172.7,meta-llama/Llama-3.2-1B-Instruct,"1769593024.973, 1769593024.995, 1769593024.995, 1769593025.057, 1769593025.079"
1.0,0,1769593023.973,175.5505,27,32,59,0.4224,0.0886,0.2266,1.0,0.0,97.62,1.865,174.9728,174.9728,19207.4043,1769593201.3905025,11.22,214,1907,0.595,18,0,0,8.64,15.0,0,4870,1769593024.973,-172.7,meta-llama/Llama-3.2-1B-Instruct,"1769593024.973, 1769593024.995, 1769593024.995, 1769593025.057, 1769593025.079"
1.0,0,1769593024.0568,176.5394,27,18,45,0.059,0.2399,0.2399,1.0,0.0,97.62,0.8787,175.5984,175.5984,19383.0027,1769593201.4779372,11.22,214,1908,0.547,18,0,0,8.64,15.0,0,4870,1769593024.973,-172.7,meta-llama/Llama-3.2-1B-Instruct,"1769593024.973, 1769593024.995, 1769593024.995, 1769593025.057, 1769593025.079"
1.0,0,1769593023.9951,176.5422,27,32,59,0.115,0.2327,0.5954,1.0,0.0,97.62,2.1768,175.6572,175.6572,19738.3865,1769593202.718483,11.21,214,1910,0.547,18,0,0,8.64,15.0,0,4938,1769593025.102,-177.601,meta-llama/Llama-3.2-1B-Instruct,"1769593025.102, 1769593025.126, 1769593025.154, 1769593025.158, 1769593025.235"
200.0,1,1769592822.9907,321.0038,3317,1022,4339,0.4113,0.0732,0.3563,200.0,0.0,97.62,58.7228,179.7266,179.7266,19738.3865,1769593202.7357657,11.2,214,1910,0.574,19,0,0,8.64,15.0,0,4938,1769593025.102,-177.601,meta-llama/Llama-3.2-1B-Instruct,"1769593025.102, 1769593025.126, 1769593025.154, 1769593025.158, 1769593025.235"
200.0,1,1769592823.2875,321.9628,2441,1025,3466,0.3018,0.0742,0.3487,200.0,0.0,97.62,58.3549,180.3177,180.3177,19918.7042,1769593203.6190562,11.2,214,1911,0.609,19,0,0,8.64,15.0,0,4938,1769593025.102,-177.601,meta-llama/Llama-3.2-1B-Instruct,"1769593025.102, 1769593025.126, 1769593025.154, 1769593025.158, 1769593025.235"
1.0,0,1769593024.0788,177.4406,27,32,59,0.0732,0.0845,0.6071,1.0,0.0,97.63,2.1659,176.5138,176.5138,20095.218,1769593203.6926353,11.19,214,1912,0.55,18,0,0,8.64,15.0,0,4938,1769593025.102,-177.601,meta-llama/Llama-3.2-1B-Instruct,"1769593025.102, 1769593025.126, 1769593025.154, 1769593025.158, 1769593025.235"
200.0,1,1769592824.3857,363.2322,3324,267,3591,0.4152,0.088,0.4041,200.0,0.0,97.63,16.8702,180.1024,180.1024,20275.3204,1769593204.5020442,11.19,214,1913,0.651,19,0,0,8.64,15.0,0,4938,1769593025.102,-177.601,meta-llama/Llama-3.2-1B-Instruct,"1769593025.102, 1769593025.126, 1769593025.154, 1769593025.158, 1769593025.235"
1.0,0,1769593024.1016,178.7563,27,32,59,0.1315,0.0815,0.2835,1.0,0.0,97.63,1.8532,177.8878,177.8878,20634.5704,1769593204.7136812,11.17,214,1915,0.56,18,0,0,8.64,15.0,0,4938,1769593025.102,-177.601,meta-llama/Llama-3.2-1B-Instruct,"1769593025.102, 1769593025.126, 1769593025.154, 1769593025.158, 1769593025.235"
1.0,0,1769593024.1259,178.7962,27,32,59,0.0697,0.0817,0.2819,1.0,0.0,97.63,1.7918,177.8659,177.8659,20812.4363,1769593204.7146182,11.17,214,1916,0.56,18,1,0,8.64,15.0,0,4938,1769593025.102,-177.601,meta-llama/Llama-3.2-1B-Instruct,"1769593025.102, 1769593025.126, 1769593025.154, 1769593025.158, 1769593025.235"
200.0,1,1769592823.3407,323.0342,3006,1030,4036,0.3809,0.0764,0.354,200.0,0.0,97.63,58.328,181.3623,181.3623,20812.4363,1769593204.7203379,11.18,214,1916,0.604,19,0,0,8.64,15.0,0,4938,1769593025.102,-177.601,meta-llama/Llama-3.2-1B-Instruct,"1769593025.102, 1769593025.126, 1769593025.154, 1769593025.158, 1769593025.235"
200.0,1,1769592823.4073,324.0437,2643,1030,3673,0.3317,0.0734,0.3592,200.0,0.0,97.63,58.3393,182.383,182.383,20994.8193,1769593205.8062668,11.16,214,1917,0.635,19,0,0,8.64,15.0,0,4938,1769593025.102,-177.601,meta-llama/Llama-3.2-1B-Instruct,"1769593025.102, 1769593025.126, 1769593025.154, 1769593025.158, 1769593025.235"
1.0,0,1769593024.1544,179.6758,27,32,59,0.1058,0.2861,0.4108,1.0,0.0,97.63,2.1737,178.7816,178.7816,21173.6009,1769593206.0087323,11.16,214,1918,0.531,18,0,0,8.64,15.0,0,4938,1769593025.102,-177.601,meta-llama/Llama-3.2-1B-Instruct,"1769593025.102, 1769593025.126, 1769593025.154, 1769593025.158, 1769593025.235"
1.0,0,1769593024.2872,180.7131,27,32,59,0.3813,0.0863,0.3034,1.0,0.0,97.63,1.8732,180.0944,180.0944,21353.6953,1769593206.901667,11.15,214,1919,0.485,18,0,0,8.64,15.0,0,4938,1769593025.102,-177.601,meta-llama/Llama-3.2-1B-Instruct,"1769593025.102, 1769593025.126, 1769593025.154, 1769593025.158, 1769593025.235"
1.0,0,1769593024.2348,180.5198,27,32,59,0.0979,0.3069,0.4202,1.0,0.0,97.64,2.1692,179.6177,179.6177,21713.0005,1769593206.9699304,11.15,214,1921,0.523,19,0,0,8.64,15.0,0,4938,1769593025.102,-177.601,meta-llama/Llama-3.2-1B-Instruct,"1769593025.102, 1769593025.126, 1769593025.154, 1769593025.158, 1769593025.235"
1.0,0,1769593024.2612,180.608,27,31,58,0.0795,0.3598,0.4147,1.0,0.0,97.64,2.0942,179.6875,179.6875,21713.0005,1769593206.9835012,11.14,214,1921,0.485,17,0,0,8.64,15.0,0,4938,1769593025.102,-177.601,meta-llama/Llama-3.2-1B-Instruct,"1769593025.102, 1769593025.126, 1769593025.154, 1769593025.158, 1769593025.235"
1.0,0,1769593024.3125,181.6493,27,32,59,0.1053,0.0842,0.3085,1.0,0.0,97.64,1.5194,180.7546,180.7546,21893.7551,1769593207.4832065,11.13,214,1922,0.487,19,0,0,8.64,15.0,0,4938,1769593025.102,-177.601,meta-llama/Llama-3.2-1B-Instruct,"1769593025.102, 1769593025.126, 1769593025.154, 1769593025.158, 1769593025.235"
1.0,0,1769593024.3404,181.7454,27,32,59,0.055,0.0711,0.3405,1.0,0.0,97.64,1.4351,180.8004,180.8004,22074.5556,1769593207.521816,11.13,214,1923,0.487,19,0,0,8.64,15.0,0,4938,1769593025.102,-177.601,meta-llama/Llama-3.2-1B-Instruct,"1769593025.102, 1769593025.126, 1769593025.154, 1769593025.158, 1769593025.235"
1.0,0,1769593024.4343,182.7501,27,32,59,0.0819,0.0736,0.0879,1.0,0.0,97.64,1.4881,181.832,181.832,22438.2911,1769593208.6804972,11.12,214,1925,0.491,17,0,0,8.64,15.0,0,4999,1769593025.719,-182.059,meta-llama/Llama-3.2-1B-Instruct,"1769593025.719, 1769593025.739, 1769593025.816, 1769593025.918, 1769593025.935"
1.0,0,1769593024.3658,182.7861,27,32,59,0.1175,0.0814,0.0896,1.0,0.0,97.64,1.5258,181.9035,181.9035,22438.2911,1769593208.6808522,11.12,214,1925,0.49,17,0,0,8.64,15.0,0,4999,1769593025.719,-182.059,meta-llama/Llama-3.2-1B-Instruct,"1769593025.719, 1769593025.739, 1769593025.816, 1769593025.918, 1769593025.935"
1.0,0,1769593024.5045,182.7457,27,32,59,0.0905,0.0709,0.0916,1.0,0.0,97.64,1.4682,181.8362,181.8362,22620.1273,1769593208.7194312,11.11,214,1926,0.491,17,0,0,8.64,15.0,0,4999,1769593025.719,-182.059,meta-llama/Llama-3.2-1B-Instruct,"1769593025.719, 1769593025.739, 1769593025.816, 1769593025.918, 1769593025.935"
1.0,0,1769593024.5301,183.0963,27,32,59,0.1044,0.076,0.0872,1.0,0.0,97.64,1.4539,182.2007,182.2007,22802.328,1769593209.0869043,11.11,214,1927,0.492,18,0,0,8.64,15.0,0,4999,1769593025.719,-182.059,meta-llama/Llama-3.2-1B-Instruct,"1769593025.719, 1769593025.739, 1769593025.816, 1769593025.918, 1769593025.935"
1.0,0,1769593024.6932,183.0189,27,31,58,0.1288,0.056,0.0695,1.0,0.0,97.65,1.4512,182.1477,182.1477,22984.4757,1769593209.181278,11.1,214,1928,0.492,19,0,0,8.64,15.0,0,4999,1769593025.719,-182.059,meta-llama/Llama-3.2-1B-Instruct,"1769593025.719, 1769593025.739, 1769593025.816, 1769593025.918, 1769593025.935"
1.0,0,1769593024.7187,184.1047,27,10,37,0.0961,0.0601,0.0601,1.0,0.0,97.65,0.6031,183.2008,183.2008,23167.6765,1769593209.427191,11.09,214,1929,0.496,17,0,0,8.64,15.0,0,4999,1769593025.719,-182.059,meta-llama/Llama-3.2-1B-Instruct,"1769593025.719, 1769593025.739, 1769593025.816, 1769593025.918, 1769593025.935"
1.0,0,1769593024.816,184.1589,27,32,59,0.303,0.0772,0.324,1.0,0.0,97.65,2.0014,183.4619,183.4619,23351.1384,1769593210.9771974,11.09,214,1930,0.496,18,0,0,8.64,15.0,0,4999,1769593025.719,-182.059,meta-llama/Llama-3.2-1B-Instruct,"1769593025.719, 1769593025.739, 1769593025.816, 1769593025.918, 1769593025.935"
1.0,0,1769593024.9185,184.3429,27,32,59,0.0828,0.0741,0.3176,1.0,0.0,97.65,1.7647,183.4257,183.4257,23534.5641,1769593211.0274074,11.08,214,1931,0.496,17,0,0,8.64,15.0,0,4999,1769593025.719,-182.059,meta-llama/Llama-3.2-1B-Instruct,"1769593025.719, 1769593025.739, 1769593025.816, 1769593025.918, 1769593025.935"
1.0,0,1769593024.9551,184.5954,27,32,59,0.1171,0.0628,0.0838,1.0,0.0,97.65,1.5094,183.7125,183.7125,23718.2766,1769593211.0664139,11.08,214,1932,0.52,18,0,0,8.64,15.0,0,4999,1769593025.719,-182.059,meta-llama/Llama-3.2-1B-Instruct,"1769593025.719, 1769593025.739, 1769593025.816, 1769593025.918, 1769593025.935"
1.0,0,1769593025.0237,185.145,27,32,59,0.0989,0.0795,0.6256,1.0,0.0,97.65,2.0993,184.2439,184.2439,23902.5205,1769593212.2787626,11.07,214,1933,0.523,19,0,0,8.64,15.0,0,4999,1769593025.719,-182.059,meta-llama/Llama-3.2-1B-Instruct,"1769593025.719, 1769593025.739, 1769593025.816, 1769593025.918, 1769593025.935"
1.0,0,1769593025.0771,186.1145,27,32,59,0.5839,0.0631,0.0753,1.0,0.0,97.65,2.0947,185.6984,185.6984,24088.2189,1769593213.2876153,11.07,214,1934,0.526,17,0,0,8.64,15.0,0,5070,1769593026.138,-186.683,meta-llama/Llama-3.2-1B-Instruct,"1769593026.138, 1769593026.172, 1769593026.216, 1769593026.378, 1769593026.453"
1.0,0,1769593025.1227,187.3251,27,32,59,0.0757,0.0879,0.62,1.0,0.0,97.65,1.8395,186.4008,186.4008,24274.6197,1769593214.293652,11.06,214,1935,0.579,19,0,0,8.64,15.0,0,5070,1769593026.138,-186.683,meta-llama/Llama-3.2-1B-Instruct,"1769593026.138, 1769593026.172, 1769593026.216, 1769593026.378, 1769593026.453"
1.0,0,1769593025.1716,189.2441,27,32,59,0.0908,0.0586,0.0654,1.0,0.0,97.66,1.5951,188.3348,188.3348,24462.9545,1769593216.013754,11.05,214,1936,0.611,19,0,0,8.64,15.0,0,5070,1769593026.138,-186.683,meta-llama/Llama-3.2-1B-Instruct,"1769593026.138, 1769593026.172, 1769593026.216, 1769593026.378, 1769593026.453"
1.0,0,1769593025.2164,190.9233,27,32,59,0.1228,0.0647,0.0887,1.0,0.0,97.66,1.619,190.0461,190.0461,24653.0006,1769593217.7600904,11.05,214,1937,0.617,19,0,0,8.64,15.0,0,5070,1769593026.138,-186.683,meta-llama/Llama-3.2-1B-Instruct,"1769593026.138, 1769593026.172, 1769593026.216, 1769593026.378, 1769593026.453"
200.0,1,1769592823.4696,344.4852,3014,1027,4041,0.3942,0.0784,0.3642,200.0,0.0,97.66,58.2354,202.7206,202.7206,24855.7213,1769593226.2130969,11.04,214,1938,0.692,19,0,0,8.64,15.0,0,5216,1769593026.453,-196.454,meta-llama/Llama-3.2-1B-Instruct,"1769593026.453, 1769593026.496, 1769593026.643, 1769593026.648, 1769593026.743"
200.0,1,1769592823.5879,345.0724,2407,1036,3443,0.3061,0.0787,0.3669,200.0,0.0,97.66,58.327,203.3994,203.3994,25059.1206,1769593227.0143702,11.04,214,1939,0.687,19,0,0,8.64,15.0,0,5216,1769593026.453,-196.454,meta-llama/Llama-3.2-1B-Instruct,"1769593026.453, 1769593026.496, 1769593026.643, 1769593026.648, 1769593026.743"
200.0,1,1769592823.7438,351.0596,2900,1024,3924,0.4187,0.0761,0.3876,200.0,0.0,97.66,58.2086,209.2682,209.2682,25268.3889,1769593233.0292597,11.03,214,1940,0.612,18,0,0,8.64,15.0,0,5376,1769593026.643,-206.299,meta-llama/Llama-3.2-1B-Instruct,"1769593026.643, 1769593026.648, 1769593026.743, 1769593026.777, 1769593026.901"
200.0,1,1769592823.9871,354.9198,2552,1025,3577,0.3004,0.0789,0.3768,200.0,0.0,97.66,58.5555,213.4754,213.4754,25481.8642,1769593237.4792075,11.03,214,1941,0.652,19,0,0,8.64,15.0,0,5376,1769593026.643,-206.299,meta-llama/Llama-3.2-1B-Instruct,"1769593026.643, 1769593026.648, 1769593026.743, 1769593026.777, 1769593026.901"
1.0,0,1769593025.648,211.9443,27,32,59,0.0942,0.0669,0.0687,1.0,0.0,97.66,1.6801,211.0384,211.0384,25692.9027,1769593239.2735188,11.02,214,1942,0.662,19,0,0,8.64,15.0,0,5451,1769593026.743,-211.214,meta-llama/Llama-3.2-1B-Instruct,"1769593026.743, 1769593026.777, 1769593026.901, 1769593026.937, 1769593026.965"
200.0,1,1769592824.1177,357.2874,2661,1027,3688,0.354,0.0759,0.3919,200.0,0.0,97.66,58.3561,215.6435,215.6435,25908.5462,1769593239.7761438,11.01,214,1943,0.582,18,0,0,8.64,15.0,0,5451,1769593026.743,-211.214,meta-llama/Llama-3.2-1B-Instruct,"1769593026.743, 1769593026.777, 1769593026.901, 1769593026.937, 1769593026.965"
1.0,0,1769593025.7428,213.652,27,32,59,0.0965,0.3191,0.3324,1.0,0.0,97.67,1.9808,212.7485,212.7485,26121.2946,1769593241.3791034,11.01,214,1944,0.669,19,0,0,8.64,15.0,0,5451,1769593026.743,-211.214,meta-llama/Llama-3.2-1B-Instruct,"1769593026.743, 1769593026.777, 1769593026.901, 1769593026.937, 1769593026.965"
200.0,1,1769592825.0867,376.5511,5078,720,5798,0.6662,0.0745,0.3349,200.0,0.0,97.67,40.376,216.9272,216.9272,26338.2218,1769593242.0401242,11.0,214,1945,0.551,19,0,0,8.64,15.0,0,5451,1769593026.743,-211.214,meta-llama/Llama-3.2-1B-Instruct,"1769593026.743, 1769593026.777, 1769593026.901, 1769593026.937, 1769593026.965"
200.0,1,1769592824.2165,359.216,3376,1026,4402,0.4156,0.0789,0.3671,200.0,0.0,97.67,58.7444,217.9603,217.9603,26556.1821,1769593242.1954436,11.0,214,1946,0.614,18,0,0,8.64,15.0,0,5451,1769593026.743,-211.214,meta-llama/Llama-3.2-1B-Instruct,"1769593026.743, 1769593026.777, 1769593026.901, 1769593026.937, 1769593026.965"
1.0,0,1769593025.9366,216.2404,27,32,59,0.1182,0.0714,0.598,1.0,0.0,97.67,2.2464,215.3585,215.3585,26771.5407,1769593244.4267101,10.99,214,1947,0.598,18,0,0,8.64,15.0,0,5529,1769593026.98,-216.015,meta-llama/Llama-3.2-1B-Instruct,"1769593026.980, 1769593027.026, 1769593027.076, 1769593027.122, 1769593027.222"
200.0,1,1769592824.3028,361.6631,2714,1028,3742,0.3469,0.0787,0.3969,200.0,0.0,97.67,58.9956,220.6587,220.6587,26992.1994,1769593244.979383,10.99,214,1948,0.621,19,0,0,8.64,15.0,0,5529,1769593026.98,-216.015,meta-llama/Llama-3.2-1B-Instruct,"1769593026.980, 1769593027.026, 1769593027.076, 1769593027.122, 1769593027.222"
1.0,0,1769593025.98,218.5499,27,32,59,0.0714,0.3326,0.3638,1.0,0.0,97.67,1.9777,217.6213,217.6213,27209.8207,1769593246.5219646,10.98,214,1949,0.652,19,0,0,8.64,15.0,0,5529,1769593026.98,-216.015,meta-llama/Llama-3.2-1B-Instruct,"1769593026.980, 1769593027.026, 1769593027.076, 1769593027.122, 1769593027.222"
1.0,0,1769593026.0757,220.5969,27,32,59,0.1181,0.0682,0.193,1.0,0.0,97.67,1.6587,219.7151,219.7151,27429.5358,1769593248.3443422,10.97,214,1950,0.651,19,0,0,8.64,15.0,0,5600,1769593027.122,-220.907,meta-llama/Llama-3.2-1B-Instruct,"1769593027.122, 1769593027.222, 1769593027.241, 1769593027.265, 1769593027.313"
1.0,0,1769593026.1219,222.3612,27,32,59,0.1274,0.0621,0.067,1.0,0.0,97.67,1.6862,221.4886,221.4886,27651.0244,1769593250.1799536,10.97,214,1951,0.657,19,0,0,8.64,15.0,0,5600,1769593027.122,-220.907,meta-llama/Llama-3.2-1B-Instruct,"1769593027.122, 1769593027.222, 1769593027.241, 1769593027.265, 1769593027.313"
200.0,1,1769592824.5319,367.6862,3516,1028,4544,0.4272,0.0783,0.3804,200.0,0.0,97.68,58.6972,226.3834,226.3834,27877.4078,1769593250.9327445,10.96,214,1952,0.614,19,0,0,8.64,15.0,0,5600,1769593027.122,-220.907,meta-llama/Llama-3.2-1B-Instruct,"1769593027.122, 1769593027.222, 1769593027.241, 1769593027.265, 1769593027.313"
1.0,0,1769593026.2221,224.0888,27,33,60,0.0896,0.3286,0.3909,1.0,0.0,97.68,2.0729,223.1783,223.1783,28328.1408,1769593252.4041603,10.96,214,1954,0.664,19,0,0,8.64,15.0,0,5600,1769593027.122,-220.907,meta-llama/Llama-3.2-1B-Instruct,"1769593027.122, 1769593027.222, 1769593027.241, 1769593027.265, 1769593027.313"
200.0,1,1769592824.8344,369.1835,4739,1029,5768,0.5971,0.077,0.3632,200.0,0.0,97.68,58.3711,227.5546,227.5546,28328.1408,1769593252.4223514,10.95,214,1954,0.618,19,0,0,8.64,15.0,0,5600,1769593027.122,-220.907,meta-llama/Llama-3.2-1B-Instruct,"1769593027.122, 1769593027.222, 1769593027.241, 1769593027.265, 1769593027.313"
200.0,1,1769592824.8709,371.0866,2441,1026,3467,0.2939,0.0759,0.3516,200.0,0.0,97.68,57.7201,228.8066,228.8066,28556.9474,1769593253.6921585,10.95,214,1955,0.628,19,0,0,8.64,15.0,0,5671,1769593027.353,-225.679,meta-llama/Llama-3.2-1B-Instruct,"1769593027.353, 1769593027.360, 1769593027.424, 1769593027.507, 1769593027.553"
1.0,0,1769593026.2646,226.2762,27,32,59,0.1208,0.0894,0.2812,1.0,0.0,97.68,1.8625,225.397,225.397,29007.6934,1769593254.4231403,10.94,214,1957,0.603,18,0,0,8.64,15.0,0,5671,1769593027.353,-225.679,meta-llama/Llama-3.2-1B-Instruct,"1769593027.353, 1769593027.360, 1769593027.424, 1769593027.507, 1769593027.553"
1.0,0,1769593026.3131,226.2915,27,32,59,0.0575,0.0927,0.2792,1.0,0.0,97.68,1.8094,225.349,225.349,29007.6934,1769593254.4250715,10.94,214,1957,0.603,18,0,0,8.64,15.0,0,5671,1769593027.353,-225.679,meta-llama/Llama-3.2-1B-Instruct,"1769593027.353, 1769593027.360, 1769593027.424, 1769593027.507, 1769593027.553"
200.0,1,1769592826.1384,387.3119,2808,736,3544,0.3827,0.0764,0.3528,200.0,0.0,97.68,41.9349,229.2468,229.2468,29236.9402,1769593255.3984065,10.93,214,1958,0.582,19,0,0,8.64,15.0,0,5671,1769593027.353,-225.679,meta-llama/Llama-3.2-1B-Instruct,"1769593027.353, 1769593027.360, 1769593027.424, 1769593027.507, 1769593027.553"
200.0,1,1769592824.9454,372.5605,2877,1028,3905,0.3945,0.0794,0.355,200.0,0.0,97.68,58.2156,230.7761,230.7761,29467.7164,1769593255.7364151,10.92,214,1959,0.656,19,0,0,8.64,15.0,0,5671,1769593027.353,-225.679,meta-llama/Llama-3.2-1B-Instruct,"1769593027.353, 1769593027.360, 1769593027.424, 1769593027.507, 1769593027.553"
1.0,0,1769593026.3595,228.3026,27,32,59,0.5515,0.0723,0.0753,1.0,0.0,97.69,2.1061,227.8541,227.8541,29695.5705,1769593256.7710884,10.92,214,1960,0.6,18,0,0,8.64,15.0,0,5671,1769593027.353,-225.679,meta-llama/Llama-3.2-1B-Instruct,"1769593027.353, 1769593027.360, 1769593027.424, 1769593027.507, 1769593027.553"
1.0,0,1769593026.5074,229.0433,27,32,59,0.103,0.0842,0.8005,1.0,0.0,97.69,2.3715,228.1463,228.1463,29923.7168,1769593257.9417253,10.91,214,1961,0.609,19,0,0,8.64,15.0,0,5671,1769593027.353,-225.679,meta-llama/Llama-3.2-1B-Instruct,"1769593027.353, 1769593027.360, 1769593027.424, 1769593027.507, 1769593027.553"
200.0,1,1769592824.9951,374.5916,2527,1029,3556,0.3503,0.079,0.3822,200.0,0.0,97.69,58.4004,232.992,232.992,30156.7088,1769593258.0036578,10.91,214,1962,0.595,18,0,0,8.64,15.0,0,5671,1769593027.353,-225.679,meta-llama/Llama-3.2-1B-Instruct,"1769593027.353, 1769593027.360, 1769593027.424, 1769593027.507, 1769593027.553"
1.0,0,1769593026.5529,229.3088,27,32,59,0.062,0.0912,0.7743,1.0,0.0,97.69,2.1697,228.3708,228.3708,30385.0796,1769593258.0336108,10.9,214,1963,0.574,19,0,0,8.64,15.0,0,5671,1769593027.353,-225.679,meta-llama/Llama-3.2-1B-Instruct,"1769593027.353, 1769593027.360, 1769593027.424, 1769593027.507, 1769593027.553"
1.0,0,1769593026.746,231.4915,27,32,59,0.5922,0.0665,0.0715,1.0,0.0,97.69,2.1664,231.0836,231.0836,30616.1632,1769593260.405157,10.9,214,1964,0.594,17,0,0,8.64,15.0,0,5743,1769593027.746,-230.335,meta-llama/Llama-3.2-1B-Instruct,"1769593027.746, 1769593027.793, 1769593027.891, 1769593027.995, 1769593028.039"
200.0,1,1769592825.1577,378.752,2536,1028,3564,0.3309,0.0733,0.3719,200.0,0.0,97.69,58.6455,237.3975,237.3975,30853.5607,1769593262.5723035,10.89,214,1965,0.531,18,1,0,8.64,15.0,0,5743,1769593027.746,-230.335,meta-llama/Llama-3.2-1B-Instruct,"1769593027.746, 1769593027.793, 1769593027.891, 1769593027.995, 1769593028.039"
200.0,1,1769592825.2844,379.6489,3557,1029,4586,0.4473,0.0748,0.3798,200.0,0.0,97.69,58.7205,238.3694,238.3694,31091.9301,1769593263.6706665,10.89,214,1966,0.485,18,0,0,8.64,15.0,0,5823,1769593028.039,-235.221,meta-llama/Llama-3.2-1B-Instruct,"1769593028.039, 1769593028.061, 1769593028.108, 1769593028.134, 1769593028.169"
1.0,0,1769593027.0388,236.7298,27,32,59,0.0945,0.0654,0.0656,1.0,0.0,97.69,1.6536,235.8243,235.8243,31327.7544,1769593265.4228976,10.88,214,1967,0.638,19,0,0,8.64,15.0,0,5823,1769593028.039,-235.221,meta-llama/Llama-3.2-1B-Instruct,"1769593028.039, 1769593028.061, 1769593028.108, 1769593028.134, 1769593028.169"
200.0,1,1769592827.3531,426.4636,2461,205,2666,0.3312,0.0756,0.5793,200.0,0.0,97.7,13.5373,240.0009,240.0009,31567.7553,1769593267.3663218,10.87,214,1968,0.576,19,0,0,8.64,15.0,0,5823,1769593028.039,-235.221,meta-llama/Llama-3.2-1B-Instruct,"1769593028.039, 1769593028.061, 1769593028.108, 1769593028.134, 1769593028.169"
200.0,1,1769592825.9355,383.3876,2516,1023,3539,0.3332,0.0757,0.3921,200.0,0.0,97.7,59.7254,243.113,243.113,31810.8683,1769593269.0637653,10.87,214,1969,0.496,17,0,0,8.64,15.0,0,5908,1769593028.134,-240.166,meta-llama/Llama-3.2-1B-Instruct,"1769593028.134, 1769593028.169, 1769593028.237, 1769593028.330, 1769593028.416"
200.0,1,1769592826.0925,385.1621,2739,1029,3768,0.5217,0.0724,0.3881,200.0,0.0,97.7,59.5673,244.7293,244.7293,32300.3849,1769593270.836301,10.86,214,1971,0.551,18,1,0,8.64,15.0,0,5908,1769593028.134,-240.166,meta-llama/Llama-3.2-1B-Instruct,"1769593028.134, 1769593028.169, 1769593028.237, 1769593028.330, 1769593028.416"
200.0,1,1769592826.0339,385.0982,2633,1021,3654,0.3726,0.0729,0.3827,200.0,0.0,97.7,59.689,244.7872,244.7872,32300.3849,1769593270.8456671,10.86,214,1971,0.525,17,0,0,8.64,15.0,0,5908,1769593028.134,-240.166,meta-llama/Llama-3.2-1B-Instruct,"1769593028.134, 1769593028.169, 1769593028.237, 1769593028.330, 1769593028.416"
1.0,0,1769593027.1344,242.0784,27,32,59,0.0693,0.0666,0.0725,1.0,0.0,97.7,1.6372,241.1477,241.1477,32541.5325,1769593270.8523848,10.85,214,1972,0.668,19,0,0,8.64,15.0,0,5908,1769593028.134,-240.166,meta-llama/Llama-3.2-1B-Instruct,"1769593028.134, 1769593028.169, 1769593028.237, 1769593028.330, 1769593028.416"
200.0,1,1769592826.3779,391.5531,2635,1024,3659,0.343,0.0723,0.3726,200.0,0.0,97.7,60.2009,251.7539,251.7539,32793.2865,1769593278.1458368,10.85,214,1973,0.624,19,0,0,8.64,15.0,0,5984,1769593028.416,-244.919,meta-llama/Llama-3.2-1B-Instruct,"1769593028.416, 1769593028.497, 1769593028.517, 1769593028.558, 1769593028.697"
1.0,0,1769593027.4163,250.8582,27,32,59,0.0787,0.0778,0.3621,1.0,0.0,97.7,1.7022,249.9369,249.9369,33043.2234,1769593280.0146637,10.84,214,1974,0.679,19,0,0,8.64,15.0,0,6058,1769593028.497,-249.876,meta-llama/Llama-3.2-1B-Instruct,"1769593028.497, 1769593028.517, 1769593028.558, 1769593028.697, 1769593028.737"
200.0,1,1769592826.4534,399.8833,3871,1024,4895,0.5305,0.0739,0.3769,200.0,0.0,97.7,60.7513,260.6346,260.6346,33303.858,1769593287.1092947,10.84,214,1975,0.641,19,0,0,8.64,15.0,0,6135,1769593028.517,-254.902,meta-llama/Llama-3.2-1B-Instruct,"1769593028.517, 1769593028.558, 1769593028.697, 1769593028.737, 1769593028.738"
200.0,1,1769592826.4961,400.6357,2461,1027,3488,0.3801,0.0751,0.3807,200.0,0.0,97.7,60.3044,260.94,260.94,33564.7981,1769593287.4525795,10.83,214,1976,0.647,19,0,0,8.64,15.0,0,6135,1769593028.517,-254.902,meta-llama/Llama-3.2-1B-Instruct,"1769593028.517, 1769593028.558, 1769593028.697, 1769593028.737, 1769593028.738"
200.0,1,1769592827.8909,432.7277,2413,474,2887,0.3192,0.0756,0.3935,200.0,0.0,97.71,28.2891,261.0167,261.0167,33825.8148,1769593288.920816,10.82,214,1977,0.659,19,0,0,8.64,15.0,0,6205,1769593028.697,-259.756,meta-llama/Llama-3.2-1B-Instruct,"1769593028.697, 1769593028.737, 1769593028.738, 1769593028.802, 1769593028.902"
1.0,0,1769593027.5174,259.7331,27,32,59,0.0755,0.0986,0.3944,1.0,0.0,97.71,2.0987,258.8086,258.8086,34084.6234,1769593289.3576834,10.82,214,1978,0.693,19,0,0,8.64,15.0,0,6205,1769593028.697,-259.756,meta-llama/Llama-3.2-1B-Instruct,"1769593028.697, 1769593028.737, 1769593028.738, 1769593028.802, 1769593028.902"
200.0,1,1769592828.7375,460.7662,2585,0,2585,,,,200.0,,,0.3758,261.1419,261.1419,34345.7654,1769593289.8904593,10.81,214,1979,0.67,19,0,0,8.64,15.0,0,6205,1769593028.697,-259.756,meta-llama/Llama-3.2-1B-Instruct,"1769593028.697, 1769593028.737, 1769593028.738, 1769593028.802, 1769593028.902"
1.0,0,1769593027.6974,261.3425,27,32,59,0.0994,0.3156,0.4569,1.0,0.0,97.71,2.0116,260.4419,260.4419,34606.2073,1769593291.0562787,10.81,214,1980,0.669,19,0,0,8.64,15.0,0,6205,1769593028.697,-259.756,meta-llama/Llama-3.2-1B-Instruct,"1769593028.697, 1769593028.737, 1769593028.738, 1769593028.802, 1769593028.902"
1.0,0,1769593027.7384,262.7119,27,32,59,0.0864,0.0967,0.7496,1.0,0.0,97.71,2.4659,261.7983,261.7983,34868.0055,1769593292.9203844,10.8,214,1981,0.672,19,0,0,8.64,15.0,0,6205,1769593028.697,-259.756,meta-llama/Llama-3.2-1B-Instruct,"1769593028.697, 1769593028.737, 1769593028.738, 1769593028.802, 1769593028.902"
1.0,0,1769593027.9015,265.1414,27,32,59,0.1119,0.0817,0.3569,1.0,0.0,97.71,1.8091,264.2533,264.2533,35132.2588,1769593294.852968,10.8,214,1982,0.732,19,0,0,8.64,15.0,0,6281,1769593028.949,-264.549,meta-llama/Llama-3.2-1B-Instruct,"1769593028.949, 1769593029.162, 1769593029.222, 1769593029.242, 1769593029.359"
200.0,1,1769592826.6429,406.5036,2961,1024,3985,0.3612,0.0801,0.3967,200.0,0.0,97.71,61.7601,268.2637,268.2637,35400.5225,1769593294.9193127,10.79,214,1983,0.654,19,0,0,8.64,15.0,0,6281,1769593028.949,-264.549,meta-llama/Llama-3.2-1B-Instruct,"1769593028.949, 1769593029.162, 1769593029.222, 1769593029.242, 1769593029.359"
1.0,0,1769593027.9491,267.03,27,13,40,0.1063,0.4278,0.4278,1.0,0.0,97.71,1.2149,266.1363,266.1363,35666.6589,1769593296.1964316,10.79,214,1984,0.701,18,0,0,8.64,15.0,0,6281,1769593028.949,-264.549,meta-llama/Llama-3.2-1B-Instruct,"1769593028.949, 1769593029.162, 1769593029.222, 1769593029.242, 1769593029.359"
200.0,1,1769592826.7774,413.1235,2779,1022,3801,0.3853,0.0846,0.3933,200.0,0.0,97.71,62.518,275.6416,275.6416,35942.3004,1769593302.4390247,10.78,214,1985,0.635,19,0,0,8.64,15.0,0,6354,1769593029.242,-269.282,meta-llama/Llama-3.2-1B-Instruct,"1769593029.242, 1769593029.359, 1769593029.405, 1769593029.460, 1769593029.508"
200.0,1,1769592826.9015,414.6765,2905,1026,3931,0.3588,0.0781,0.415,200.0,0.0,97.72,62.3114,276.9878,276.9878,36219.2882,1769593303.9125538,10.78,214,1986,0.666,19,0,0,8.64,15.0,0,6434,1769593029.359,-274.456,meta-llama/Llama-3.2-1B-Instruct,"1769593029.359, 1769593029.405, 1769593029.460, 1769593029.508, 1769593029.607"
200.0,1,1769592826.9651,415.334,5033,1024,6057,0.6557,0.0755,0.4131,200.0,0.0,97.72,62.4392,277.7733,277.7733,36497.0615,1769593304.7588613,10.77,214,1987,0.599,19,0,0,8.64,15.0,0,6434,1769593029.359,-274.456,meta-llama/Llama-3.2-1B-Instruct,"1769593029.359, 1769593029.405, 1769593029.460, 1769593029.508, 1769593029.607"
1.0,0,1769593028.2416,274.3199,27,32,59,0.1093,0.3715,0.433,1.0,0.0,97.72,2.2223,273.4292,273.4292,36770.4907,1769593304.7924635,10.76,214,1988,0.761,19,0,0,8.64,15.0,0,6434,1769593029.359,-274.456,meta-llama/Llama-3.2-1B-Instruct,"1769593029.359, 1769593029.405, 1769593029.460, 1769593029.508, 1769593029.607"
1.0,0,1769593028.4054,276.494,27,25,52,0.0948,0.0693,0.0716,1.0,0.0,97.72,1.4439,275.5888,275.5888,37046.0795,1769593306.3555293,10.76,214,1989,0.707,18,0,0,8.64,15.0,0,6434,1769593029.359,-274.456,meta-llama/Llama-3.2-1B-Instruct,"1769593029.359, 1769593029.405, 1769593029.460, 1769593029.508, 1769593029.607"
1.0,0,1769593028.4603,276.5165,27,32,59,0.0852,0.0718,0.0731,1.0,0.0,97.72,1.7702,275.6017,275.6017,37321.6812,1769593306.7626846,10.75,214,1990,0.707,19,0,0,8.64,15.0,0,6434,1769593029.359,-274.456,meta-llama/Llama-3.2-1B-Instruct,"1769593029.359, 1769593029.405, 1769593029.460, 1769593029.508, 1769593029.607"
200.0,1,1769592827.026,418.182,2898,1025,3923,0.3384,0.0773,0.3963,200.0,0.0,97.72,62.3633,280.5454,280.5454,37602.2266,1769593307.5860157,10.75,214,1991,0.619,19,0,0,8.64,15.0,0,6434,1769593029.359,-274.456,meta-llama/Llama-3.2-1B-Instruct,"1769593029.359, 1769593029.405, 1769593029.460, 1769593029.508, 1769593029.607"
1.0,0,1769593028.5081,277.9764,27,20,47,0.1008,0.4102,0.4102,1.0,0.0,97.72,1.9021,277.0771,277.0771,37879.3038,1769593308.4005497,10.74,214,1992,0.713,19,0,0,8.64,15.0,0,6434,1769593029.359,-274.456,meta-llama/Llama-3.2-1B-Instruct,"1769593029.359, 1769593029.405, 1769593029.460, 1769593029.508, 1769593029.607"
1.0,0,1769593028.6746,279.8446,27,32,59,0.1117,0.0737,0.3539,1.0,0.0,97.72,1.8059,278.9563,278.9563,38158.2601,1769593310.3261936,10.74,214,1993,0.739,19,0,0,8.64,15.0,0,6512,1769593029.727,-279.143,meta-llama/Llama-3.2-1B-Instruct,"1769593029.727, 1769593029.820, 1769593029.851, 1769593029.946, 1769593030.113"
1.0,0,1769593028.7274,281.7257,27,32,59,0.0984,0.0675,0.0678,1.0,0.0,97.72,1.7918,280.8241,280.8241,38439.0842,1769593312.2476594,10.73,214,1994,0.746,19,0,0,8.64,15.0,0,6512,1769593029.727,-279.143,meta-llama/Llama-3.2-1B-Instruct,"1769593029.727, 1769593029.820, 1769593029.851, 1769593029.946, 1769593030.113"
200.0,1,1769592827.2406,423.9093,3246,1032,4278,0.438,0.082,0.4247,200.0,0.0,97.73,63.0357,286.945,286.945,38726.0292,1769593314.207647,10.73,214,1995,0.624,19,0,0,8.64,15.0,0,6585,1769593029.851,-284.326,meta-llama/Llama-3.2-1B-Instruct,"1769593029.851, 1769593029.946, 1769593030.113, 1769593030.240, 1769593030.289"
1.0,0,1769593028.8196,283.7148,27,32,59,0.1157,0.0762,0.336,1.0,0.0,97.73,1.8121,282.8305,282.8305,39008.8597,1769593314.3480833,10.72,214,1996,0.753,19,0,0,8.64,15.0,0,6585,1769593029.851,-284.326,meta-llama/Llama-3.2-1B-Instruct,"1769593029.851, 1769593029.946, 1769593030.113, 1769593030.240, 1769593030.289"
200.0,1,1769592827.4238,427.2429,4303,1023,5326,0.5461,0.0776,0.4008,200.0,0.0,97.73,63.2706,290.5135,290.5135,39299.3732,1769593318.3043685,10.72,214,1997,0.6,18,0,0,8.64,15.0,0,6585,1769593029.851,-284.326,meta-llama/Llama-3.2-1B-Instruct,"1769593029.851, 1769593029.946, 1769593030.113, 1769593030.240, 1769593030.289"
200.0,1,1769592827.6396,429.3818,5186,1026,6212,0.8768,0.0788,0.4332,200.0,0.0,97.73,63.7986,293.1804,293.1804,39592.5536,1769593320.8386312,10.71,214,1998,0.577,19,0,0,8.64,15.0,0,6664,1769593030.24,-288.947,meta-llama/Llama-3.2-1B-Instruct,"1769593030.240, 1769593030.289, 1769593030.340, 1769593030.413, 1769593030.427"
200.0,1,1769592827.7932,430.4502,3545,1031,4576,0.5854,0.0771,0.4049,200.0,0.0,97.73,63.0987,293.5489,293.5489,40179.7637,1769593321.3601084,10.71,214,2000,0.619,18,0,0,8.64,15.0,0,6664,1769593030.24,-288.947,meta-llama/Llama-3.2-1B-Instruct,"1769593030.240, 1769593030.289, 1769593030.340, 1769593030.413, 1769593030.427"
200.0,1,1769592827.6848,430.407,2657,1024,3681,0.3865,0.0768,0.4191,200.0,0.0,97.73,63.2542,293.6613,293.6613,40179.7637,1769593321.3608332,10.7,214,2000,0.594,17,0,0,8.64,15.0,0,6664,1769593030.24,-288.947,meta-llama/Llama-3.2-1B-Instruct,"1769593030.240, 1769593030.289, 1769593030.340, 1769593030.413, 1769593030.427"
1.0,0,1769593029.2399,291.734,27,32,59,0.0877,0.1139,0.3745,1.0,0.0,97.73,2.0888,290.8216,290.8216,40470.5853,1769593323.0637956,10.69,214,2001,0.734,19,0,0,8.64,15.0,0,6664,1769593030.24,-288.947,meta-llama/Llama-3.2-1B-Instruct,"1769593030.240, 1769593030.289, 1769593030.340, 1769593030.413, 1769593030.427"
1.0,0,1769593029.3404,292.2054,27,34,61,0.3564,0.0734,0.0879,1.0,0.0,97.73,2.0053,291.5619,291.5619,40762.1472,1769593323.555508,10.69,214,2002,0.657,18,0,0,8.64,15.0,0,6664,1769593030.24,-288.947,meta-llama/Llama-3.2-1B-Instruct,"1769593030.240, 1769593030.289, 1769593030.340, 1769593030.413, 1769593030.427"
1.0,0,1769593029.4134,293.7714,27,32,59,0.1064,0.0849,0.5762,1.0,0.0,97.74,2.3334,292.8778,292.8778,41055.025,1769593325.5194027,10.68,214,2003,0.692,19,0,0,8.64,15.0,0,6737,1769593030.458,-293.899,meta-llama/Llama-3.2-1B-Instruct,"1769593030.458, 1769593030.507, 1769593030.521, 1769593030.585, 1769593030.629"
200.0,1,1769592827.9947,434.6853,2516,1024,3540,0.5432,0.0814,0.4066,200.0,0.0,97.74,63.4696,298.1549,298.1549,41353.1799,1769593326.1648054,10.68,214,2004,0.655,19,0,0,8.64,15.0,0,6737,1769593030.458,-293.899,meta-llama/Llama-3.2-1B-Instruct,"1769593030.458, 1769593030.507, 1769593030.521, 1769593030.585, 1769593030.629"
1.0,0,1769593029.4584,296.2173,27,32,59,0.0798,0.0757,0.339,1.0,0.0,97.74,1.7736,295.2971,295.2971,41648.477,1769593327.4511924,10.67,214,2005,0.743,19,0,0,8.64,15.0,0,6737,1769593030.458,-293.899,meta-llama/Llama-3.2-1B-Instruct,"1769593030.458, 1769593030.507, 1769593030.521, 1769593030.585, 1769593030.629"
1.0,0,1769593029.5065,296.7897,27,32,59,0.0859,0.3418,0.3775,1.0,0.0,97.74,2.0776,295.8756,295.8756,41944.3526,1769593328.382206,10.67,214,2006,0.712,19,0,0,8.64,15.0,0,6737,1769593030.458,-293.899,meta-llama/Llama-3.2-1B-Instruct,"1769593030.458, 1769593030.507, 1769593030.521, 1769593030.585, 1769593030.629"
200.0,1,1769592828.0609,437.4998,4739,1024,5763,0.6241,0.0822,0.3901,200.0,0.0,97.74,64.0234,301.5232,301.5232,42245.8758,1769593329.6027632,10.66,214,2007,0.645,19,0,0,8.64,15.0,0,6808,1769593030.629,-298.739,meta-llama/Llama-3.2-1B-Instruct,"1769593030.629, 1769593030.650, 1769593030.680, 1769593030.713, 1769593030.797"
200.0,1,1769592828.1078,439.431,2913,1019,3932,0.3933,0.0806,0.3922,200.0,0.0,97.74,63.5073,302.9383,302.9383,42548.8141,1769593331.0672085,10.66,214,2008,0.669,19,0,0,8.64,15.0,0,6808,1769593030.629,-298.739,meta-llama/Llama-3.2-1B-Instruct,"1769593030.629, 1769593030.650, 1769593030.680, 1769593030.713, 1769593030.797"
1.0,0,1769593029.6294,300.1946,27,32,59,0.094,0.3204,0.3543,1.0,0.0,97.74,2.1378,299.2886,299.2886,42848.1027,1769593332.0007563,10.65,214,2009,0.718,19,0,0,8.64,15.0,0,6808,1769593030.629,-298.739,meta-llama/Llama-3.2-1B-Instruct,"1769593030.629, 1769593030.650, 1769593030.680, 1769593030.713, 1769593030.797"
200.0,1,1769592830.4273,493.2222,4739,147,4886,0.5913,0.084,0.365,200.0,0.0,97.74,9.5244,302.7466,302.7466,43150.8492,1769593333.190322,10.65,214,2010,0.694,19,0,0,8.64,15.0,0,6808,1769593030.629,-298.739,meta-llama/Llama-3.2-1B-Instruct,"1769593030.629, 1769593030.650, 1769593030.680, 1769593030.713, 1769593030.797"
1.0,0,1769593029.68,302.4354,27,32,59,0.0946,0.088,0.4436,1.0,0.0,97.74,2.1478,301.53,301.53,43452.3792,1769593334.267482,10.64,214,2011,0.713,19,0,0,8.64,15.0,0,6808,1769593030.629,-298.739,meta-llama/Llama-3.2-1B-Instruct,"1769593030.629, 1769593030.650, 1769593030.680, 1769593030.713, 1769593030.797"
200.0,1,1769592828.2371,442.7889,3103,1023,4126,0.9841,0.0821,0.399,200.0,0.0,97.75,63.9619,306.7508,306.7508,44372.6141,1769593335.0049143,10.64,214,2014,0.604,17,0,0,8.64,15.0,0,6878,1769593030.804,-303.577,meta-llama/Llama-3.2-1B-Instruct,"1769593030.804, 1769593030.893, 1769593030.971, 1769593031.032, 1769593031.060"
200.0,1,1769592828.1694,442.7728,2972,1027,3999,0.4467,0.0819,0.4063,200.0,0.0,97.75,64.049,306.8218,306.8218,44372.6141,1769593335.0069494,10.63,214,2014,0.604,17,0,0,8.64,15.0,0,6878,1769593030.804,-303.577,meta-llama/Llama-3.2-1B-Instruct,"1769593030.804, 1769593030.893, 1769593030.971, 1769593031.032, 1769593031.060"
200.0,1,1769592828.3302,442.776,3037,1024,4061,0.9049,0.0817,0.3908,200.0,0.0,97.75,63.8862,306.6623,306.6623,44372.6141,1769593335.0077224,10.63,214,2014,0.632,18,1,0,8.64,15.0,0,6878,1769593030.804,-303.577,meta-llama/Llama-3.2-1B-Instruct,"1769593030.804, 1769593030.893, 1769593030.971, 1769593031.032, 1769593031.060"
1.0,0,1769593029.7972,304.6003,27,32,59,0.0922,0.0726,0.9296,1.0,0.0,97.75,2.4099,303.6925,303.6925,44676.3066,1769593336.8112118,10.62,214,2015,0.709,19,0,0,8.64,15.0,0,6878,1769593030.804,-303.577,meta-llama/Llama-3.2-1B-Instruct,"1769593030.804, 1769593030.893, 1769593030.971, 1769593031.032, 1769593031.060"
1.0,0,1769593029.8932,305.3282,27,32,59,0.9576,0.0673,0.0776,1.0,0.0,97.75,2.3361,305.2859,305.2859,44981.5924,1769593337.5588179,10.62,214,2016,0.596,17,0,0,8.64,15.0,0,6878,1769593030.804,-303.577,meta-llama/Llama-3.2-1B-Instruct,"1769593030.804, 1769593030.893, 1769593030.971, 1769593031.032, 1769593031.060"
1.0,0,1769593030.0315,306.975,27,32,59,0.0894,0.0748,0.3328,1.0,0.0,97.75,1.9977,306.0644,306.0644,45287.6568,1769593339.005265,10.61,214,2017,0.662,19,0,0,8.64,15.0,0,6878,1769593030.804,-303.577,meta-llama/Llama-3.2-1B-Instruct,"1769593030.804, 1769593030.893, 1769593030.971, 1769593031.032, 1769593031.060"
1.0,0,1769593030.1278,309.0344,27,32,59,0.0785,0.0701,0.3366,1.0,0.0,97.75,1.707,308.1129,308.1129,45595.7698,1769593340.8701189,10.6,214,2018,0.694,19,0,0,8.64,15.0,0,6948,1769593031.176,-308.247,meta-llama/Llama-3.2-1B-Instruct,"1769593031.176, 1769593031.219, 1769593031.262, 1769593031.320, 1769593031.419"
1.0,0,1769593030.1762,310.8248,27,31,58,0.0996,0.0631,0.0652,1.0,0.0,97.75,1.7346,309.9244,309.9244,45905.6942,1769593342.7411947,10.6,214,2019,0.701,19,0,0,8.64,15.0,0,6948,1769593031.176,-308.247,meta-llama/Llama-3.2-1B-Instruct,"1769593031.176, 1769593031.219, 1769593031.262, 1769593031.320, 1769593031.419"
200.0,1,1769592828.4966,451.645,3180,1026,4206,0.4596,0.0855,0.4106,200.0,0.0,97.76,64.2272,315.8722,315.8722,46221.5664,1769593344.38432,10.59,214,2020,0.685,19,0,0,8.64,15.0,0,6948,1769593031.176,-308.247,meta-llama/Llama-3.2-1B-Instruct,"1769593031.176, 1769593031.219, 1769593031.262, 1769593031.320, 1769593031.419"
1.0,0,1769593030.2187,312.7829,27,32,59,0.079,0.3765,0.4025,1.0,0.0,97.76,2.0871,311.8619,311.8619,46533.4283,1769593345.0928614,10.59,214,2021,0.708,19,0,0,8.64,15.0,0,7012,1769593031.262,-313.179,meta-llama/Llama-3.2-1B-Instruct,"1769593031.262, 1769593031.320, 1769593031.419, 1769593031.514, 1769593031.560"
1.0,0,1769593030.3201,314.9438,27,32,59,0.1076,0.0707,0.0714,1.0,0.0,97.76,1.7457,314.0514,314.0514,46847.4796,1769593347.010591,10.58,214,2022,0.705,19,0,0,8.64,15.0,0,7012,1769593031.262,-313.179,meta-llama/Llama-3.2-1B-Instruct,"1769593031.262, 1769593031.320, 1769593031.419, 1769593031.514, 1769593031.560"
1.0,0,1769593030.4193,316.7196,27,32,59,0.0928,0.0745,0.3654,1.0,0.0,97.76,1.7313,315.8124,315.8124,47163.2921,1769593348.8724232,10.58,214,2023,0.711,19,0,0,8.64,15.0,0,7012,1769593031.262,-313.179,meta-llama/Llama-3.2-1B-Instruct,"1769593031.262, 1769593031.320, 1769593031.419, 1769593031.514, 1769593031.560"
1.0,0,1769593030.5141,318.4752,27,32,59,0.0637,0.0778,0.0785,1.0,0.0,97.76,1.7054,317.5389,317.5389,47480.831,1769593350.695596,10.57,214,2024,0.718,19,0,0,8.64,15.0,0,7080,1769593031.56,-317.909,meta-llama/Llama-3.2-1B-Instruct,"1769593031.560, 1769593031.594, 1769593031.603, 1769593031.647, 1769593031.677"
1.0,0,1769593030.5596,320.2712,27,1,28,0.1184,,,1.0,,,0.1663,319.3896,319.3896,47800.2205,1769593351.007849,10.57,214,2025,0.724,19,0,0,8.64,15.0,0,7080,1769593031.56,-317.909,meta-llama/Llama-3.2-1B-Instruct,"1769593031.560, 1769593031.594, 1769593031.603, 1769593031.647, 1769593031.677"
200.0,1,1769592828.5577,459.0133,3283,1026,4309,0.4211,0.0868,0.4124,200.0,0.0,97.76,64.479,323.4923,323.4923,48123.7128,1769593352.0742838,10.56,214,2026,0.661,19,0,0,8.64,15.0,0,7080,1769593031.56,-317.909,meta-llama/Llama-3.2-1B-Instruct,"1769593031.560, 1769593031.594, 1769593031.603, 1769593031.647, 1769593031.677"
1.0,0,1769593030.6033,321.5978,27,32,59,0.0938,0.0624,0.0641,1.0,0.0,97.76,1.7213,320.6916,320.6916,48444.4045,1769593353.9321764,10.56,214,2027,0.712,19,0,0,8.64,15.0,0,7080,1769593031.56,-317.909,meta-llama/Llama-3.2-1B-Instruct,"1769593031.560, 1769593031.594, 1769593031.603, 1769593031.647, 1769593031.677"
200.0,1,1769592828.8025,462.4493,5781,1032,6813,0.8191,0.0842,0.399,200.0,0.0,97.76,63.9257,326.375,326.375,48770.7795,1769593355.1977212,10.55,214,2028,0.675,19,0,0,8.64,15.0,0,7152,1769593031.677,-323.013,meta-llama/Llama-3.2-1B-Instruct,"1769593031.677, 1769593031.748, 1769593031.814, 1769593031.860, 1769593031.865"
1.0,0,1769593030.6474,323.4116,27,32,59,0.1155,0.2214,0.3359,1.0,0.0,97.76,1.7518,322.5271,322.5271,49093.3066,1769593355.8150992,10.55,214,2029,0.718,19,0,0,8.64,15.0,0,7152,1769593031.677,-323.013,meta-llama/Llama-3.2-1B-Instruct,"1769593031.677, 1769593031.748, 1769593031.814, 1769593031.860, 1769593031.865"
200.0,1,1769592831.6773,524.0292,2976,5,2981,0.4091,0.0797,0.0797,200.0,0.0,97.77,0.6994,324.7285,324.7285,49418.0351,1769593356.417233,10.54,214,2030,0.66,19,0,0,8.64,15.0,0,7152,1769593031.677,-323.013,meta-llama/Llama-3.2-1B-Instruct,"1769593031.677, 1769593031.748, 1769593031.814, 1769593031.860, 1769593031.865"
1.0,0,1769593030.7475,325.1815,27,32,59,0.1981,0.0946,0.3575,1.0,0.0,97.77,2.1628,324.3795,324.3795,49742.4147,1769593358.0966501,10.54,214,2031,0.687,19,0,0,8.64,15.0,0,7152,1769593031.677,-323.013,meta-llama/Llama-3.2-1B-Instruct,"1769593031.677, 1769593031.748, 1769593031.814, 1769593031.860, 1769593031.865"
200.0,1,1769592829.1623,465.8819,3655,1019,4674,0.4704,0.0847,0.3985,200.0,0.0,97.77,63.7085,329.5904,329.5904,50072.0051,1769593358.76951,10.53,214,2032,0.701,18,0,0,8.64,15.0,0,7152,1769593031.677,-323.013,meta-llama/Llama-3.2-1B-Instruct,"1769593031.677, 1769593031.748, 1769593031.814, 1769593031.860, 1769593031.865"
200.0,1,1769592829.2222,467.1249,4077,1025,5102,0.5204,0.0855,0.3909,200.0,0.0,97.77,63.5911,330.716,330.716,50402.721,1769593359.9522974,10.53,214,2033,0.739,19,0,0,8.64,15.0,0,7216,1769593031.921,-327.774,meta-llama/Llama-3.2-1B-Instruct,"1769593031.921, 1769593032.036, 1769593032.089, 1769593032.134, 1769593032.176"
1.0,0,1769593030.8603,327.3695,27,32,59,0.0921,0.3996,0.491,1.0,0.0,97.77,2.4432,326.4616,326.4616,50729.1826,1769593360.6746256,10.52,214,2034,0.695,19,0,0,8.64,15.0,0,7216,1769593031.921,-327.774,meta-llama/Llama-3.2-1B-Instruct,"1769593031.921, 1769593032.036, 1769593032.089, 1769593032.134, 1769593032.176"
1.0,0,1769593031.0356,329.8342,27,32,59,0.0834,0.0599,0.0604,1.0,0.0,97.77,1.6618,328.9176,328.9176,51058.1003,1769593362.544755,10.52,214,2035,0.671,19,0,0,8.64,15.0,0,7216,1769593031.921,-327.774,meta-llama/Llama-3.2-1B-Instruct,"1769593031.921, 1769593032.036, 1769593032.089, 1769593032.134, 1769593032.176"
200.0,1,1769592829.3592,474.6716,3653,1023,4676,0.4579,0.0868,0.3957,200.0,0.0,97.77,63.5173,338.1889,338.1889,51396.2892,1769593367.5884562,10.51,214,2036,0.729,19,0,0,8.64,15.0,0,7284,1769593032.134,-332.619,meta-llama/Llama-3.2-1B-Instruct,"1769593032.134, 1769593032.176, 1769593032.222, 1769593032.233, 1769593032.266"
1.0,0,1769593031.1343,336.6266,27,32,59,0.1227,0.061,0.0657,1.0,0.0,97.77,1.6863,335.7494,335.7494,51732.0385,1769593369.4507117,10.51,214,2037,0.679,19,0,0,8.64,15.0,0,7284,1769593032.134,-332.619,meta-llama/Llama-3.2-1B-Instruct,"1769593032.134, 1769593032.176, 1769593032.222, 1769593032.233, 1769593032.266"
200.0,1,1769592829.6066,477.2847,3051,1024,4075,0.3797,0.0835,0.3898,200.0,0.0,97.77,62.7154,340.0,340.0,52072.0386,1769593369.6272664,10.5,214,2038,0.713,19,0,0,8.64,15.0,0,7284,1769593032.134,-332.619,meta-llama/Llama-3.2-1B-Instruct,"1769593032.134, 1769593032.176, 1769593032.222, 1769593032.233, 1769593032.266"
200.0,1,1769592829.6612,478.0495,3359,1026,4385,0.4316,0.0836,0.3907,200.0,0.0,97.78,62.4105,340.46,340.46,52412.4985,1769593370.139822,10.5,214,2039,0.707,19,0,0,8.64,15.0,0,7351,1769593032.233,-337.564,meta-llama/Llama-3.2-1B-Instruct,"1769593032.233, 1769593032.266, 1769593032.294, 1769593032.321, 1769593032.436"
1.0,0,1769593031.1762,338.3945,27,32,59,0.1022,0.3367,0.3698,1.0,0.0,97.78,1.9836,337.4968,337.4968,52749.9953,1769593371.5590959,10.49,214,2040,0.686,19,0,0,8.64,15.0,0,7351,1769593032.233,-337.564,meta-llama/Llama-3.2-1B-Instruct,"1769593032.233, 1769593032.266, 1769593032.294, 1769593032.321, 1769593032.436"
1.0,0,1769593031.2223,338.5336,27,32,59,0.1101,0.323,0.3436,1.0,0.0,97.78,1.9519,337.6437,337.6437,53087.639,1769593371.712546,10.49,214,2041,0.647,19,0,0,8.64,15.0,0,7351,1769593032.233,-337.564,meta-llama/Llama-3.2-1B-Instruct,"1769593032.233, 1769593032.266, 1769593032.294, 1769593032.321, 1769593032.436"
1.0,0,1769593031.266,340.4429,27,32,59,0.0808,0.0793,0.3324,1.0,0.0,97.78,1.958,339.5237,339.5237,53427.1628,1769593373.6689184,10.48,214,2042,0.638,19,0,0,8.64,15.0,0,7351,1769593032.233,-337.564,meta-llama/Llama-3.2-1B-Instruct,"1769593032.233, 1769593032.266, 1769593032.294, 1769593032.321, 1769593032.436"
1.0,0,1769593031.3207,342.4925,27,32,59,0.0755,0.0603,0.3619,1.0,0.0,97.78,1.912,341.568,341.568,53768.7308,1769593375.7573407,10.47,214,2043,0.669,19,0,0,8.64,15.0,0,7415,1769593032.436,-342.409,meta-llama/Llama-3.2-1B-Instruct,"1769593032.436, 1769593032.615, 1769593032.725, 1769593032.769, 1769593032.872"
200.0,1,1769592829.8514,484.5298,2572,1022,3594,0.3799,0.0838,0.385,200.0,0.0,97.78,62.1875,346.7173,346.7173,54462.0726,1769593376.5870893,10.47,214,2045,0.718,18,0,0,8.64,15.0,0,7415,1769593032.436,-342.409,meta-llama/Llama-3.2-1B-Instruct,"1769593032.436, 1769593032.615, 1769593032.725, 1769593032.769, 1769593032.872"
200.0,1,1769592829.9457,484.5414,2680,1025,3705,0.5267,0.0834,0.3915,200.0,0.0,97.78,62.0831,346.6245,346.6245,54462.0726,1769593376.5876546,10.46,214,2045,0.743,19,0,0,8.64,15.0,0,7415,1769593032.436,-342.409,meta-llama/Llama-3.2-1B-Instruct,"1769593032.436, 1769593032.615, 1769593032.725, 1769593032.769, 1769593032.872"
1.0,0,1769593031.436,344.5032,27,32,59,0.0618,0.0966,0.6191,1.0,0.0,97.78,2.2341,343.565,343.565,54805.6376,1769593378.1803718,10.46,214,2046,0.677,19,0,0,8.64,15.0,0,7415,1769593032.436,-342.409,meta-llama/Llama-3.2-1B-Instruct,"1769593032.436, 1769593032.615, 1769593032.725, 1769593032.769, 1769593032.872"
1.0,0,1769593031.7246,345.0696,27,32,59,0.6067,0.0678,0.0696,1.0,0.0,97.78,2.2426,344.6763,344.6763,55150.3139,1769593379.0383823,10.45,214,2047,0.611,18,0,0,8.64,15.0,0,7415,1769593032.436,-342.409,meta-llama/Llama-3.2-1B-Instruct,"1769593032.436, 1769593032.615, 1769593032.725, 1769593032.769, 1769593032.872"
1.0,0,1769593031.7693,346.5552,27,32,59,0.0821,0.0676,0.3634,1.0,0.0,97.79,1.7,345.6373,345.6373,55495.9511,1769593380.02545,10.45,214,2048,0.661,19,0,0,8.64,15.0,0,7476,1769593032.92,-347.028,meta-llama/Llama-3.2-1B-Instruct,"1769593032.920, 1769593032.995, 1769593033.053, 1769593033.118, 1769593033.168"
200.0,1,1769592830.1134,488.3226,6059,1023,7082,0.8153,0.0846,0.3938,200.0,0.0,97.79,62.0314,350.354,350.354,55846.3051,1769593380.49152,10.44,214,2049,0.73,19,0,0,8.64,15.0,0,7476,1769593032.92,-347.028,meta-llama/Llama-3.2-1B-Instruct,"1769593032.920, 1769593032.995, 1769593033.053, 1769593033.118, 1769593033.168"
1.0,0,1769593031.8723,347.3254,27,32,59,0.3783,0.0875,0.319,1.0,0.0,97.79,2.0004,346.7037,346.7037,56193.0088,1769593381.1989625,10.44,214,2050,0.664,19,0,0,8.64,15.0,0,7476,1769593032.92,-347.028,meta-llama/Llama-3.2-1B-Instruct,"1769593032.920, 1769593032.995, 1769593033.053, 1769593033.118, 1769593033.168"
1.0,0,1769593031.9203,348.2343,27,32,59,0.0955,0.2743,0.323,1.0,0.0,97.79,2.2006,347.3298,347.3298,56540.3385,1769593382.3621182,10.43,214,2051,0.666,19,0,0,8.64,15.0,0,7476,1769593032.92,-347.028,meta-llama/Llama-3.2-1B-Instruct,"1769593032.920, 1769593032.995, 1769593033.053, 1769593033.118, 1769593033.168"
200.0,1,1769592830.2889,491.1817,3189,1024,4213,0.4308,0.0835,0.3909,200.0,0.0,97.79,61.5643,352.746,352.746,56893.0845,1769593383.0511017,10.43,214,2052,0.657,18,0,0,8.64,15.0,0,7476,1769593032.92,-347.028,meta-llama/Llama-3.2-1B-Instruct,"1769593032.920, 1769593032.995, 1769593033.053, 1769593033.118, 1769593033.168"
1.0,0,1769593032.118,350.3972,27,32,59,0.1107,0.0753,0.3999,1.0,0.0,97.79,1.6672,349.508,349.508,57242.5925,1769593384.1843257,10.42,214,2053,0.654,19,0,0,8.64,15.0,0,7476,1769593032.92,-347.028,meta-llama/Llama-3.2-1B-Instruct,"1769593032.920, 1769593032.995, 1769593033.053, 1769593033.118, 1769593033.168"
1.0,0,1769593032.1683,351.5309,27,32,59,0.087,0.0615,0.0738,1.0,0.0,97.79,1.6465,350.6179,350.6179,57593.2104,1769593385.346569,10.42,214,2054,0.619,19,0,0,8.64,15.0,0,7540,1769593033.27,-351.687,meta-llama/Llama-3.2-1B-Instruct,"1769593033.270, 1769593033.352, 1769593033.403, 1769593033.477, 1769593033.502"
1.0,0,1769593032.215,352.0962,27,32,59,0.0874,0.0954,0.3343,1.0,0.0,97.79,1.9399,351.1836,351.1836,57944.3941,1769593386.2546227,10.41,214,2055,0.621,19,0,0,8.64,15.0,0,7540,1769593033.27,-351.687,meta-llama/Llama-3.2-1B-Instruct,"1769593033.270, 1769593033.352, 1769593033.403, 1769593033.477, 1769593033.502"
200.0,1,1769592830.5208,497.1029,3000,1025,4025,0.4118,0.0854,0.3769,200.0,0.0,97.79,60.9211,358.024,358.024,58302.418,1769593388.5603406,10.41,214,2056,0.716,19,0,0,8.64,15.0,0,7540,1769593033.27,-351.687,meta-llama/Llama-3.2-1B-Instruct,"1769593033.270, 1769593033.352, 1769593033.403, 1769593033.477, 1769593033.502"
200.0,1,1769592830.5851,498.038,2500,1028,3528,0.3213,0.0851,0.3907,200.0,0.0,97.8,60.8174,358.8554,358.8554,58661.2735,1769593389.4631288,10.4,214,2057,0.746,19,0,0,8.64,15.0,0,7540,1769593033.27,-351.687,meta-llama/Llama-3.2-1B-Instruct,"1769593033.270, 1769593033.352, 1769593033.403, 1769593033.477, 1769593033.502"
200.0,1,1769592833.4027,555.2879,2680,17,2697,0.3717,0.5075,0.5075,200.0,0.0,97.8,2.0855,357.3734,357.3734,59018.6468,1769593390.8260937,10.4,214,2058,0.647,19,0,0,8.64,15.0,0,7608,1769593033.502,-356.463,meta-llama/Llama-3.2-1B-Instruct,"1769593033.502, 1769593033.641, 1769593033.649, 1769593033.695, 1769593033.712"
200.0,1,1769592830.6496,500.5302,2618,1027,3645,0.3574,0.0856,0.3877,200.0,0.0,97.8,60.9001,361.4303,361.4303,59380.0772,1769593392.0999324,10.39,214,2059,0.686,19,0,0,8.64,15.0,0,7608,1769593033.502,-356.463,meta-llama/Llama-3.2-1B-Instruct,"1769593033.502, 1769593033.641, 1769593033.649, 1769593033.695, 1769593033.712"
1.0,0,1769593032.5022,358.4653,27,32,59,0.0975,0.0784,0.3949,1.0,0.0,97.8,2.0438,357.5628,357.5628,59737.6399,1769593393.0139875,10.39,214,2060,0.66,19,0,0,8.64,15.0,0,7608,1769593033.502,-356.463,meta-llama/Llama-3.2-1B-Instruct,"1769593033.502, 1769593033.641, 1769593033.649, 1769593033.695, 1769593033.712"
200.0,1,1769592830.7134,502.7212,3806,1028,4834,0.4904,0.0882,0.3865,200.0,0.0,97.8,60.9131,363.6342,363.6342,60101.2742,1769593394.3647966,10.38,214,2061,0.671,19,0,0,8.64,15.0,0,7608,1769593033.502,-356.463,meta-llama/Llama-3.2-1B-Instruct,"1769593033.502, 1769593033.641, 1769593033.649, 1769593033.695, 1769593033.712"
1.0,0,1769593032.6487,360.4917,27,32,59,0.0952,0.0812,0.3446,1.0,0.0,97.8,1.6748,359.5868,359.5868,60460.861,1769593394.8176985,10.38,214,2062,0.662,19,0,0,8.64,15.0,0,7608,1769593033.502,-356.463,meta-llama/Llama-3.2-1B-Instruct,"1769593033.502, 1769593033.641, 1769593033.649, 1769593033.695, 1769593033.712"
200.0,1,1769592830.8043,504.3517,3750,1024,4774,0.499,0.0855,0.3943,200.0,0.0,97.8,60.9907,365.3424,365.3424,61191.389,1769593396.1611283,10.37,214,2064,0.596,17,0,0,8.64,15.0,0,7669,1769593033.744,-361.26,meta-llama/Llama-3.2-1B-Instruct,"1769593033.744, 1769593033.773, 1769593033.847, 1769593033.880, 1769593033.941"
200.0,1,1769592830.9713,504.3339,2862,1026,3888,0.8647,0.0862,0.3898,200.0,0.0,97.8,60.8517,365.1856,365.1856,61191.389,1769593396.1791942,10.37,214,2064,0.632,18,1,0,8.64,15.0,0,7669,1769593033.744,-361.26,meta-llama/Llama-3.2-1B-Instruct,"1769593033.744, 1769593033.773, 1769593033.847, 1769593033.880, 1769593033.941"
1.0,0,1769593032.6951,361.8342,27,32,59,0.0872,0.341,0.5676,1.0,0.0,97.8,2.522,360.9213,360.9213,61552.3104,1769593397.0542743,10.36,214,2065,0.622,19,0,0,8.64,15.0,0,7669,1769593033.744,-361.26,meta-llama/Llama-3.2-1B-Instruct,"1769593033.744, 1769593033.773, 1769593033.847, 1769593033.880, 1769593033.941"
1.0,0,1769593032.744,363.5947,27,32,59,0.082,0.3247,0.3993,1.0,0.0,97.81,1.9153,362.6767,362.6767,62282.1817,1769593398.2556314,10.36,214,2067,0.589,18,0,0,8.64,15.0,0,7669,1769593033.744,-361.26,meta-llama/Llama-3.2-1B-Instruct,"1769593033.744, 1769593033.773, 1769593033.847, 1769593033.880, 1769593033.941"
200.0,1,1769592831.0602,506.6814,2807,1022,3829,0.3519,0.0881,0.3984,200.0,0.0,97.81,60.5132,367.1946,367.1946,62282.1817,1769593398.2693665,10.35,214,2067,0.665,19,0,0,8.64,15.0,0,7669,1769593033.744,-361.26,meta-llama/Llama-3.2-1B-Instruct,"1769593033.744, 1769593033.773, 1769593033.847, 1769593033.880, 1769593033.941"
200.0,1,1769592833.88,564.5053,2411,0,2411,,,,200.0,,,0.3588,364.8641,364.8641,62647.0458,1769593398.7550302,10.35,214,2068,0.584,18,0,0,8.64,15.0,0,7669,1769593033.744,-361.26,meta-llama/Llama-3.2-1B-Instruct,"1769593033.744, 1769593033.773, 1769593033.847, 1769593033.880, 1769593033.941"
1.0,0,1769593032.8469,364.3269,27,32,59,0.096,0.2819,0.3496,1.0,0.0,97.81,1.8672,363.4228,363.4228,63010.4686,1769593399.0444653,10.34,214,2069,0.616,19,0,0,8.64,15.0,0,7669,1769593033.744,-361.26,meta-llama/Llama-3.2-1B-Instruct,"1769593033.744, 1769593033.773, 1769593033.847, 1769593033.880, 1769593033.941"
1.0,0,1769593032.9411,365.5167,27,32,59,0.2873,0.0839,0.6038,1.0,0.0,97.81,2.4048,364.804,364.804,63375.2726,1769593400.865397,10.34,214,2070,0.585,18,0,0,8.64,15.0,0,7736,1769593034.041,-365.998,meta-llama/Llama-3.2-1B-Instruct,"1769593034.041, 1769593034.100, 1769593034.140, 1769593034.234, 1769593034.281"
1.0,0,1769593033.0414,368.3381,27,32,59,0.1034,0.067,0.0689,1.0,0.0,97.81,1.6424,367.4415,367.4415,63742.7142,1769593403.0231519,10.33,214,2071,0.643,19,0,0,8.64,15.0,0,7736,1769593034.041,-365.998,meta-llama/Llama-3.2-1B-Instruct,"1769593034.041, 1769593034.100, 1769593034.140, 1769593034.234, 1769593034.281"
200.0,1,1769592831.2615,513.3017,3253,1024,4277,0.4007,0.0868,0.3806,200.0,0.0,97.81,60.9581,374.2598,374.2598,64116.974,1769593405.545543,10.33,214,2072,0.674,19,0,0,8.64,15.0,0,7798,1769593034.14,-370.926,meta-llama/Llama-3.2-1B-Instruct,"1769593034.140, 1769593034.234, 1769593034.281, 1769593034.333, 1769593034.369"
1.0,0,1769593033.1398,372.5589,27,31,58,0.0996,0.0596,0.3376,1.0,0.0,97.81,1.9461,371.6585,371.6585,64488.6325,1769593407.704911,10.32,214,2073,0.642,19,0,0,8.64,15.0,0,7798,1769593034.14,-370.926,meta-llama/Llama-3.2-1B-Instruct,"1769593034.140, 1769593034.234, 1769593034.281, 1769593034.333, 1769593034.369"
1.0,0,1769593033.2336,374.6732,27,32,59,0.103,0.0604,0.2312,1.0,0.0,97.81,1.6626,373.7761,373.7761,64862.4086,1769593409.577597,10.32,214,2074,0.65,19,0,0,8.64,15.0,0,7798,1769593034.14,-370.926,meta-llama/Llama-3.2-1B-Instruct,"1769593034.140, 1769593034.234, 1769593034.281, 1769593034.333, 1769593034.369"
1.0,0,1769593033.2812,376.467,27,32,59,0.0883,0.0671,0.0701,1.0,0.0,97.81,1.6608,375.5552,375.5552,65237.9639,1769593411.4096217,10.31,214,2075,0.657,19,0,0,8.64,15.0,0,7858,1769593034.333,-375.754,meta-llama/Llama-3.2-1B-Instruct,"1769593034.333, 1769593034.369, 1769593034.467, 1769593034.533, 1769593034.645"
200.0,1,1769592831.5941,519.5828,2668,1035,3703,0.5519,0.0919,0.3834,200.0,0.0,97.82,60.2796,379.8623,379.8623,65617.8262,1769593411.4704256,10.31,214,2076,0.725,19,0,0,8.64,15.0,0,7858,1769593034.333,-375.754,meta-llama/Llama-3.2-1B-Instruct,"1769593034.333, 1769593034.369, 1769593034.467, 1769593034.533, 1769593034.645"
1.0,0,1769593033.3328,378.2093,27,32,59,0.09,0.0859,0.344,1.0,0.0,97.82,1.9682,377.2992,377.2992,65995.1254,1769593413.5168417,10.3,214,2077,0.628,18,0,0,8.64,15.0,0,7858,1769593034.333,-375.754,meta-llama/Llama-3.2-1B-Instruct,"1769593034.333, 1769593034.369, 1769593034.467, 1769593034.533, 1769593034.645"
200.0,1,1769592831.8136,524.7208,3173,1027,4200,0.3884,0.0868,0.3649,200.0,0.0,97.82,60.0555,384.7763,384.7763,66379.9018,1769593416.6050284,10.3,214,2078,0.662,19,0,0,8.64,15.0,0,7916,1769593034.533,-380.57,meta-llama/Llama-3.2-1B-Instruct,"1769593034.533, 1769593034.645, 1769593034.727, 1769593034.774, 1769593034.807"
1.0,0,1769593033.533,383.2366,27,32,59,0.1015,0.0585,0.3671,1.0,0.0,97.82,1.7111,382.3381,382.3381,66762.2399,1769593418.4963593,10.29,214,2079,0.655,19,0,0,8.64,15.0,0,7916,1769593034.533,-380.57,meta-llama/Llama-3.2-1B-Instruct,"1769593034.533, 1769593034.645, 1769593034.727, 1769593034.774, 1769593034.807"
200.0,1,1769592831.8653,527.0306,3276,1025,4301,0.6143,0.085,0.3832,200.0,0.0,97.82,59.691,386.7216,386.7216,67148.9614,1769593418.6097581,10.29,214,2080,0.654,19,0,0,8.64,15.0,0,7916,1769593034.533,-380.57,meta-llama/Llama-3.2-1B-Instruct,"1769593034.533, 1769593034.645, 1769593034.727, 1769593034.774, 1769593034.807"
200.0,1,1769592831.9212,528.2219,3297,1032,4329,0.4522,0.0842,0.3673,200.0,0.0,97.82,59.3454,387.5673,387.5673,67536.5287,1769593419.5057602,10.28,214,2081,0.639,19,0,0,8.64,15.0,0,7916,1769593034.533,-380.57,meta-llama/Llama-3.2-1B-Instruct,"1769593034.533, 1769593034.645, 1769593034.727, 1769593034.774, 1769593034.807"
200.0,1,1769592833.9682,565.0293,2521,372,2893,0.3615,0.0785,0.3469,200.0,0.0,97.82,20.5867,385.6159,385.6159,67922.1446,1769593419.5960534,10.28,214,2082,0.585,19,0,0,8.64,15.0,0,7916,1769593034.533,-380.57,meta-llama/Llama-3.2-1B-Instruct,"1769593034.533, 1769593034.645, 1769593034.727, 1769593034.774, 1769593034.807"
1.0,0,1769593033.6448,384.9819,27,32,59,0.0857,0.1064,0.2596,1.0,0.0,97.82,1.8939,384.0676,384.0676,68306.2123,1769593420.528287,10.27,214,2083,0.62,18,0,0,8.64,15.0,0,7911,1769593034.818,-385.309,meta-llama/Llama-3.2-1B-Instruct,"1769593034.818, 1769593034.849, 1769593034.859, 1769593034.902, 1769593034.943"
1.0,0,1769593033.7267,385.033,27,32,59,0.0877,0.1052,0.2668,1.0,0.0,97.82,1.8578,384.1207,384.1207,68690.333,1769593420.6204026,10.27,214,2084,0.621,19,0,0,8.64,15.0,0,7911,1769593034.818,-385.309,meta-llama/Llama-3.2-1B-Instruct,"1769593034.818, 1769593034.849, 1769593034.859, 1769593034.902, 1769593034.943"
1.0,0,1769593033.8184,386.8084,27,11,38,0.0621,0.3289,0.3289,1.0,0.0,97.83,0.9154,385.8704,385.8704,69076.2034,1769593421.545255,10.26,214,2085,0.582,18,0,0,8.64,15.0,0,7911,1769593034.818,-385.309,meta-llama/Llama-3.2-1B-Instruct,"1769593034.818, 1769593034.849, 1769593034.859, 1769593034.902, 1769593034.943"
1.0,0,1769593033.7742,385.8375,27,32,59,0.0824,0.2753,0.351,1.0,0.0,97.83,2.2016,384.9199,384.9199,69461.1233,1769593421.8174658,10.26,214,2086,0.556,18,0,0,8.64,15.0,0,7911,1769593034.818,-385.309,meta-llama/Llama-3.2-1B-Instruct,"1769593034.818, 1769593034.849, 1769593034.859, 1769593034.902, 1769593034.943"
200.0,1,1769592832.0891,530.6229,2980,1027,4007,0.3809,0.0844,0.3773,200.0,0.0,97.83,59.4734,390.0963,390.0963,69851.2196,1769593422.2006316,10.25,214,2087,0.678,19,0,0,8.64,15.0,0,7911,1769593034.818,-385.309,meta-llama/Llama-3.2-1B-Instruct,"1769593034.818, 1769593034.849, 1769593034.859, 1769593034.902, 1769593034.943"
1.0,0,1769593033.8587,387.7856,27,32,59,0.1044,0.0671,0.088,1.0,0.0,97.83,1.6511,386.89,386.89,70238.1096,1769593423.297151,10.25,214,2088,0.612,19,0,0,8.64,15.0,0,7911,1769593034.818,-385.309,meta-llama/Llama-3.2-1B-Instruct,"1769593034.818, 1769593034.849, 1769593034.859, 1769593034.902, 1769593034.943"
1.0,0,1769593033.9019,388.0465,27,32,59,0.0836,0.0801,0.0874,1.0,0.0,97.83,1.5975,387.1301,387.1301,70625.2397,1769593423.5510204,10.24,214,2089,0.613,19,0,0,8.64,15.0,0,7911,1769593034.818,-385.309,meta-llama/Llama-3.2-1B-Instruct,"1769593034.818, 1769593034.849, 1769593034.859, 1769593034.902, 1769593034.943"
1.0,0,1769593033.9431,388.4021,27,32,59,0.1046,0.0867,0.3338,1.0,0.0,97.83,1.8968,387.5066,387.5066,71012.7464,1769593424.2439408,10.24,214,2090,0.576,19,0,0,8.64,15.0,0,7911,1769593034.818,-385.309,meta-llama/Llama-3.2-1B-Instruct,"1769593034.818, 1769593034.849, 1769593034.859, 1769593034.902, 1769593034.943"
1.0,0,1769593033.9733,389.4732,27,32,59,0.0894,0.3435,0.3603,1.0,0.0,97.83,2.2641,388.5626,388.5626,71401.309,1769593425.713942,10.23,214,2091,0.58,19,0,0,8.64,15.0,0,7903,1769593035.203,-389.931,meta-llama/Llama-3.2-1B-Instruct,"1769593035.203, 1769593035.211, 1769593035.255, 1769593035.294, 1769593035.359"
200.0,1,1769592832.233,538.0846,2821,1009,3830,0.379,0.0877,0.3868,200.0,0.0,97.83,59.6979,397.7826,397.7826,71799.0915,1769593430.0329964,10.23,214,2092,0.608,19,0,0,8.64,15.0,0,7903,1769593035.203,-389.931,meta-llama/Llama-3.2-1B-Instruct,"1769593035.203, 1769593035.211, 1769593035.255, 1769593035.294, 1769593035.359"
200.0,1,1769592832.2936,539.5675,2678,1026,3704,0.3548,0.0845,0.3734,200.0,0.0,97.83,59.3783,398.9458,398.9458,72198.0373,1769593431.2553132,10.22,214,2093,0.638,19,0,0,8.64,15.0,0,7901,1769593035.255,-394.892,meta-llama/Llama-3.2-1B-Instruct,"1769593035.255, 1769593035.294, 1769593035.359, 1769593035.409, 1769593035.425"
1.0,0,1769593034.2111,395.9655,27,32,59,0.0626,0.0696,0.3361,1.0,0.0,97.83,1.626,395.0281,395.0281,72593.0654,1769593431.8057966,10.22,214,2094,0.644,19,0,0,8.64,15.0,0,7901,1769593035.255,-394.892,meta-llama/Llama-3.2-1B-Instruct,"1769593035.255, 1769593035.294, 1769593035.359, 1769593035.409, 1769593035.425"
200.0,1,1769592835.2945,596.6376,2970,0,2970,,,,200.0,,,0.3739,397.0115,397.0115,72990.0768,1769593432.319238,10.21,214,2095,0.615,19,0,0,8.64,15.0,0,7901,1769593035.255,-394.892,meta-llama/Llama-3.2-1B-Instruct,"1769593035.255, 1769593035.294, 1769593035.359, 1769593035.409, 1769593035.425"
1.0,0,1769593034.2551,397.1002,27,32,59,0.1005,0.3362,0.3879,1.0,0.0,97.84,2.4234,396.2006,396.2006,73386.2775,1769593433.8385086,10.21,214,2096,0.613,19,0,0,8.64,15.0,0,7901,1769593035.255,-394.892,meta-llama/Llama-3.2-1B-Instruct,"1769593035.255, 1769593035.294, 1769593035.359, 1769593035.409, 1769593035.425"
1.0,0,1769593034.4092,399.5901,27,32,59,0.1081,0.0632,0.0635,1.0,0.0,97.84,1.6657,398.6982,398.6982,73784.9757,1769593435.670687,10.21,214,2097,0.647,19,0,0,8.64,15.0,0,7897,1769593035.425,-399.77,meta-llama/Llama-3.2-1B-Instruct,"1769593035.425, 1769593035.504, 1769593035.588, 1769593035.704, 1769593035.749"
200.0,1,1769592832.6146,544.1134,4900,1024,5924,0.6646,0.0865,0.3605,200.0,0.0,97.84,60.1263,404.2397,404.2397,74189.2154,1769593436.8710766,10.2,214,2098,0.61,18,0,0,8.64,15.0,0,7897,1769593035.425,-399.77,meta-llama/Llama-3.2-1B-Instruct,"1769593035.425, 1769593035.504, 1769593035.588, 1769593035.704, 1769593035.749"
200.0,1,1769592832.9948,547.6533,2649,1017,3666,0.3692,0.0826,0.3849,200.0,0.0,97.84,59.8326,407.4859,407.4859,74596.7013,1769593440.4999225,10.2,214,2099,0.601,19,0,0,8.64,15.0,0,7895,1769593035.588,-404.614,meta-llama/Llama-3.2-1B-Instruct,"1769593035.588, 1769593035.704, 1769593035.749, 1769593035.790, 1769593035.826"
200.0,1,1769592833.0526,548.2732,2527,1027,3554,0.3052,0.0877,0.3652,200.0,0.0,97.84,59.5698,407.843,407.843,75004.5443,1769593440.9495533,10.19,214,2100,0.627,19,0,0,8.64,15.0,0,7895,1769593035.588,-404.614,meta-llama/Llama-3.2-1B-Instruct,"1769593035.588, 1769593035.704, 1769593035.749, 1769593035.790, 1769593035.826"
1.0,0,1769593034.7039,406.4241,27,14,41,0.281,0.0636,0.0636,1.0,0.0,97.84,1.0112,405.7051,405.7051,75410.2494,1769593442.1400502,10.19,214,2101,0.642,19,0,0,8.64,15.0,0,7895,1769593035.588,-404.614,meta-llama/Llama-3.2-1B-Instruct,"1769593035.588, 1769593035.704, 1769593035.749, 1769593035.790, 1769593035.826"
1.0,0,1769593034.7492,407.5302,27,32,59,0.0647,0.06,0.3654,1.0,0.0,97.84,1.6471,406.595,406.595,75816.8443,1769593443.9329522,10.18,214,2102,0.645,19,0,0,8.64,15.0,0,7895,1769593035.588,-404.614,meta-llama/Llama-3.2-1B-Instruct,"1769593035.588, 1769593035.704, 1769593035.749, 1769593035.790, 1769593035.826"
200.0,1,1769592833.2698,552.2379,2806,1025,3831,0.3633,0.0865,0.361,200.0,0.0,97.84,59.6449,411.8828,411.8828,76228.7271,1769593445.1647227,10.18,214,2103,0.625,19,0,0,8.64,15.0,0,7895,1769593035.588,-404.614,meta-llama/Llama-3.2-1B-Instruct,"1769593035.588, 1769593035.704, 1769593035.749, 1769593035.790, 1769593035.826"
1.0,0,1769593034.7896,409.284,27,32,59,0.059,0.0652,0.4329,1.0,0.0,97.84,1.6706,408.343,408.343,77049.4646,1769593445.7467585,10.17,214,2105,0.652,19,0,0,8.64,15.0,0,7895,1769593035.588,-404.614,meta-llama/Llama-3.2-1B-Instruct,"1769593035.588, 1769593035.704, 1769593035.749, 1769593035.790, 1769593035.826"
200.0,1,1769592833.3516,553.045,2678,1026,3704,0.3762,0.0819,0.3839,200.0,0.0,97.85,59.3495,412.3945,412.3945,77049.4646,1769593445.7650988,10.17,214,2105,0.653,19,0,0,8.64,15.0,0,7895,1769593035.588,-404.614,meta-llama/Llama-3.2-1B-Instruct,"1769593035.588, 1769593035.704, 1769593035.749, 1769593035.790, 1769593035.826"
200.0,1,1769592833.4768,556.1832,4221,1025,5246,0.5396,0.0808,0.3669,200.0,0.0,97.85,58.4739,414.6571,414.6571,77464.1217,1769593448.1511025,10.16,214,2106,0.642,19,0,0,8.64,15.0,0,7895,1769593035.588,-404.614,meta-llama/Llama-3.2-1B-Instruct,"1769593035.588, 1769593035.704, 1769593035.749, 1769593035.790, 1769593035.826"
200.0,1,1769592833.6408,558.6191,3279,1023,4302,0.4086,0.0798,0.3505,200.0,0.0,97.85,56.9573,415.5765,415.5765,77879.6981,1769593449.230463,10.16,214,2107,0.63,19,0,0,8.64,15.0,0,7895,1769593035.588,-404.614,meta-llama/Llama-3.2-1B-Instruct,"1769593035.588, 1769593035.704, 1769593035.749, 1769593035.790, 1769593035.826"
200.0,1,1769592833.7121,561.2205,4701,1024,5725,0.6129,0.0786,0.3585,200.0,0.0,97.85,55.4145,416.6349,416.6349,78296.333,1769593450.3708189,10.15,214,2108,0.623,19,0,0,8.64,15.0,0,7895,1769593035.588,-404.614,meta-llama/Llama-3.2-1B-Instruct,"1769593035.588, 1769593035.704, 1769593035.749, 1769593035.790, 1769593035.826"
200.0,1,1769592833.7735,562.724,2730,1026,3756,0.3341,0.075,0.3446,200.0,0.0,97.85,54.3011,417.0251,417.0251,78713.3581,1769593450.8144226,10.15,214,2109,0.59,19,0,0,8.64,15.0,0,7895,1769593035.588,-404.614,meta-llama/Llama-3.2-1B-Instruct,"1769593035.588, 1769593035.704, 1769593035.749, 1769593035.790, 1769593035.826"
200.0,1,1769592834.0396,565.1257,2913,1025,3938,0.4854,0.0722,0.3519,200.0,0.0,97.85,52.5622,417.6879,417.6879,79131.046,1769593451.747909,10.14,214,2110,0.609,19,0,0,8.64,15.0,0,7895,1769593035.588,-404.614,meta-llama/Llama-3.2-1B-Instruct,"1769593035.588, 1769593035.704, 1769593035.749, 1769593035.790, 1769593035.826"
200.0,1,1769592834.1,569.0799,2700,1024,3724,0.367,0.0692,0.3463,200.0,0.0,97.85,50.1621,419.242,419.242,79550.2881,1769593453.3619673,10.14,214,2111,0.649,19,0,0,8.64,15.0,0,7895,1769593035.588,-404.614,meta-llama/Llama-3.2-1B-Instruct,"1769593035.588, 1769593035.704, 1769593035.749, 1769593035.790, 1769593035.826"
200.0,1,1769592834.369,577.2431,2668,1024,3692,0.4359,0.0672,0.3367,200.0,0.0,97.85,45.1967,422.4398,422.4398,79972.7279,1769593456.83402,10.13,214,2112,0.628,18,0,0,8.64,15.0,0,7895,1769593035.588,-404.614,meta-llama/Llama-3.2-1B-Instruct,"1769593035.588, 1769593035.704, 1769593035.749, 1769593035.790, 1769593035.826"
200.0,1,1769592834.4674,579.2021,2578,1024,3602,0.3691,0.0653,0.3485,200.0,0.0,97.85,43.8778,423.0799,423.0799,80395.8078,1769593457.5650508,10.13,214,2113,0.66,19,0,0,8.64,15.0,0,7895,1769593035.588,-404.614,meta-llama/Llama-3.2-1B-Instruct,"1769593035.588, 1769593035.704, 1769593035.749, 1769593035.790, 1769593035.826"
200.0,1,1769592834.807,585.0096,2521,1029,3550,0.3126,0.0621,0.3394,200.0,0.0,97.85,40.0099,425.0195,425.0195,80820.8273,1769593459.8457584,10.12,214,2114,0.557,19,0,0,8.64,15.0,0,7895,1769593035.588,-404.614,meta-llama/Llama-3.2-1B-Instruct,"1769593035.588, 1769593035.704, 1769593035.749, 1769593035.790, 1769593035.826"
200.0,1,1769592834.8489,585.881,2863,1026,3889,0.47,0.0619,0.3383,200.0,0.0,97.86,39.3681,425.2491,425.2491,81246.0764,1769593460.1151905,10.12,214,2115,0.582,19,0,0,8.64,15.0,0,7895,1769593035.588,-404.614,meta-llama/Llama-3.2-1B-Instruct,"1769593035.588, 1769593035.704, 1769593035.749, 1769593035.790, 1769593035.826"
200.0,1,1769592834.9825,588.6949,2861,1018,3879,0.349,0.0622,0.3277,200.0,0.0,97.86,37.3863,426.0812,426.0812,81672.1576,1769593461.0799904,10.11,214,2116,0.581,19,0,0,8.64,15.0,0,7895,1769593035.588,-404.614,meta-llama/Llama-3.2-1B-Instruct,"1769593035.588, 1769593035.704, 1769593035.749, 1769593035.790, 1769593035.826"
200.0,1,1769592835.161,589.2565,3086,1034,4120,0.4176,0.0617,0.3229,200.0,0.0,97.86,36.8068,426.0633,426.0633,82098.2209,1769593461.2388105,10.11,214,2117,0.609,19,0,0,8.64,15.0,0,7895,1769593035.588,-404.614,meta-llama/Llama-3.2-1B-Instruct,"1769593035.588, 1769593035.704, 1769593035.749, 1769593035.790, 1769593035.826"
200.0,1,1769592835.2031,590.6827,2429,1020,3449,0.2915,0.0613,0.3028,200.0,0.0,97.86,35.7266,426.4093,426.4093,82524.6302,1769593461.625194,10.1,214,2118,0.642,19,0,0,8.64,15.0,0,7895,1769593035.588,-404.614,meta-llama/Llama-3.2-1B-Instruct,"1769593035.588, 1769593035.704, 1769593035.749, 1769593035.790, 1769593035.826"
200.0,1,1769592835.3595,597.0556,2868,1027,3895,0.4037,0.0574,0.0773,200.0,0.0,97.86,31.074,428.1296,428.1296,82952.7598,1769593463.5062768,10.1,214,2119,0.616,19,0,0,8.64,15.0,0,7895,1769593035.588,-404.614,meta-llama/Llama-3.2-1B-Instruct,"1769593035.588, 1769593035.704, 1769593035.749, 1769593035.790, 1769593035.826"
200.0,1,1769592835.4245,600.4356,4056,1037,5093,0.5493,0.054,0.0696,200.0,0.0,97.86,28.5691,429.0047,429.0047,83381.7646,1769593464.44409,10.09,214,2120,0.653,19,0,0,8.64,15.0,0,7895,1769593035.588,-404.614,meta-llama/Llama-3.2-1B-Instruct,"1769593035.588, 1769593035.704, 1769593035.749, 1769593035.790, 1769593035.826"
200.0,1,1769592835.504,601.5482,3233,1028,4261,0.4232,0.0539,0.0672,200.0,0.0,97.86,27.5581,429.1063,429.1063,83810.8709,1769593464.6269152,10.09,214,2121,0.638,19,0,0,8.64,15.0,0,7895,1769593035.588,-404.614,meta-llama/Llama-3.2-1B-Instruct,"1769593035.588, 1769593035.704, 1769593035.749, 1769593035.790, 1769593035.826"
200.0,1,1769592835.5878,605.3989,3019,1026,4045,0.4206,0.049,0.0664,200.0,0.0,97.86,24.5205,429.9193,429.9193,84240.7902,1769593465.5258584,10.08,214,2122,0.614,18,0,0,8.64,15.0,0,7895,1769593035.588,-404.614,meta-llama/Llama-3.2-1B-Instruct,"1769593035.588, 1769593035.704, 1769593035.749, 1769593035.790, 1769593035.826"
