orig_slo,slo_type,insertion_time,wait_time,prompt_tok,out_tok,total_tok,ttft,tbt_p95,tbt_p99,tbt_slo,tbt_violation,tbt_success_rate_pct,ttlt,diff,violation,total_violation,finished_time,success_rate_pct,success_count,processed_count,kv,run_cnt,wait_cnt,swap_cnt,vram_used_gib,vram_total_gib,vq_id,vq_groups,head_deadline,slack,model,deadlines
1.0,0,1769350532.1644,0.032,27,0,27,,,,1.0,,,3.5452,2.5773,2.5773,2.5773,1769350536.565902,0.0,0,1,0.035,10,1,0,14.51,15.0,0,18,1769350535.753,-0.07,meta-llama/Llama-3.2-1B-Instruct,"1769350535.753, 1769350535.879, 1769350536.008, 1769350536.200, 1769350536.259"
1.0,0,1769350531.3568,0.0262,27,20,47,0.8381,6.3865,6.3865,1.0,5.3865,0.0,7.8273,-0.1357,0.0,2.5773,1769350539.2161317,50.0,1,2,0.0,0,0,0,13.46,15.0,0,18,1769350535.753,-0.07,meta-llama/Llama-3.2-1B-Instruct,"1769350535.753, 1769350535.879, 1769350536.008, 1769350536.200, 1769350536.259"
1.0,0,1769350530.8638,0.0521,27,32,59,0.6089,0.0574,7.0794,1.0,6.0794,0.0,8.6659,-0.339,0.0,29.0695,1769350539.595222,66.67,2,13,0.0,0,0,0,12.58,15.0,0,18,1769350535.753,-0.07,meta-llama/Llama-3.2-1B-Instruct,"1769350535.753, 1769350535.879, 1769350536.008, 1769350536.200, 1769350536.259"
1.0,0,1769350532.0502,0.0269,27,32,59,3.662,0.0701,2.8622,1.0,1.8622,0.0,7.5131,2.6889,2.6889,29.0695,1769350539.5954156,18.18,2,13,0.035,10,1,0,13.78,15.0,0,18,1769350535.753,-0.07,meta-llama/Llama-3.2-1B-Instruct,"1769350535.753, 1769350535.879, 1769350536.008, 1769350536.200, 1769350536.259"
1.0,0,1769350531.8611,0.0377,27,32,59,3.8413,0.0559,2.8591,1.0,1.8591,0.0,7.6834,2.879,2.879,29.0695,1769350539.595611,50.0,2,13,0.035,10,1,0,13.78,15.0,0,18,1769350535.753,-0.07,meta-llama/Llama-3.2-1B-Instruct,"1769350535.753, 1769350535.879, 1769350536.008, 1769350536.200, 1769350536.259"
1.0,0,1769350531.0498,0.0352,27,32,59,1.139,0.0557,6.371,1.0,5.371,0.0,8.4976,0.1742,0.1742,29.0695,1769350539.5957825,40.0,2,13,0.0,0,0,0,13.46,15.0,0,18,1769350535.753,-0.07,meta-llama/Llama-3.2-1B-Instruct,"1769350535.753, 1769350535.879, 1769350536.008, 1769350536.200, 1769350536.259"
1.0,0,1769350532.4077,0.047,27,32,59,4.6692,0.0577,1.4795,1.0,0.4795,0.0,7.1308,3.7162,3.7162,29.1312,1769350539.5997307,33.33,2,14,0.086,15,7,0,14.51,15.0,0,18,1769350535.753,-0.07,meta-llama/Llama-3.2-1B-Instruct,"1769350535.753, 1769350535.879, 1769350536.008, 1769350536.200, 1769350536.259"
1.0,0,1769350530.9211,0.0648,27,32,59,1.2372,0.0559,6.3787,1.0,5.3787,0.0,8.6,0.302,0.302,29.1312,1769350539.599914,28.57,2,14,0.0,0,0,0,12.58,15.0,0,18,1769350535.753,-0.07,meta-llama/Llama-3.2-1B-Instruct,"1769350535.753, 1769350535.879, 1769350536.008, 1769350536.200, 1769350536.259"
1.0,0,1769350532.9135,0.0342,27,32,59,5.607,0.056,0.0634,1.0,0.0,12.5,6.6469,4.6412,4.6412,31.9547,1769350539.604297,15.38,2,15,0.086,15,7,0,14.51,15.0,0,18,1769350535.753,-0.07,meta-llama/Llama-3.2-1B-Instruct,"1769350535.753, 1769350535.879, 1769350536.008, 1769350536.200, 1769350536.259"
1.0,0,1769350531.158,0.0859,27,32,59,0.9759,0.0683,6.3866,1.0,5.3866,11.11,8.3554,0.0618,0.0618,31.9547,1769350539.604485,14.29,2,15,0.0,0,0,0,13.46,15.0,0,18,1769350535.753,-0.07,meta-llama/Llama-3.2-1B-Instruct,"1769350535.753, 1769350535.879, 1769350536.008, 1769350536.200, 1769350536.259"
1.0,0,1769350531.7153,0.0347,27,32,59,2.2637,0.0663,4.5969,1.0,3.5969,10.0,7.8434,1.2984,1.2984,32.0866,1769350539.61307,16.67,2,17,0.035,10,1,0,13.78,15.0,0,18,1769350535.753,-0.07,meta-llama/Llama-3.2-1B-Instruct,"1769350535.753, 1769350535.879, 1769350536.008, 1769350536.200, 1769350536.259"
1.0,0,1769350532.9776,3.6081,27,32,59,1.9713,0.0518,0.057,1.0,0.0,18.18,3.0041,4.5794,4.5794,32.0866,1769350539.6132567,20.0,2,17,0.172,27,4,0,14.51,15.0,0,18,1769350535.753,-0.07,meta-llama/Llama-3.2-1B-Instruct,"1769350535.753, 1769350535.879, 1769350536.008, 1769350536.200, 1769350536.259"
1.0,0,1769350531.9247,0.031,27,32,59,3.7925,0.0563,2.8631,1.0,1.8631,16.67,7.6448,2.8235,2.8235,32.0866,1769350539.614566,13.33,2,17,0.035,10,1,0,13.78,15.0,0,18,1769350535.753,-0.07,meta-llama/Llama-3.2-1B-Instruct,"1769350535.753, 1769350535.879, 1769350536.008, 1769350536.200, 1769350536.259"
1.0,0,1769350532.5433,0.034,27,32,59,4.5496,0.0538,1.4753,1.0,0.4753,15.38,7.0096,3.5836,3.5836,32.0866,1769350539.616686,22.22,2,17,0.086,15,7,0,14.51,15.0,0,18,1769350535.753,-0.07,meta-llama/Llama-3.2-1B-Instruct,"1769350535.753, 1769350535.879, 1769350536.008, 1769350536.200, 1769350536.259"
1.0,0,1769350531.104,0.1384,27,32,59,0.9778,0.0638,6.3917,1.0,5.3917,14.29,8.3625,0.1162,0.1162,32.0866,1769350539.6185095,12.5,2,17,0.0,0,0,0,13.46,15.0,0,18,1769350535.753,-0.07,meta-llama/Llama-3.2-1B-Instruct,"1769350535.753, 1769350535.879, 1769350536.008, 1769350536.200, 1769350536.259"
1.0,0,1769350532.1137,0.0361,27,32,59,3.5933,0.0634,2.8543,1.0,1.8543,13.33,7.4366,2.6294,2.6294,34.846,1769350539.621844,25.0,2,18,0.035,10,1,0,13.78,15.0,0,18,1769350535.753,-0.07,meta-llama/Llama-3.2-1B-Instruct,"1769350535.753, 1769350535.879, 1769350536.008, 1769350536.200, 1769350536.259"
1.0,0,1769350531.9845,0.0379,27,32,59,3.7216,0.059,2.8659,1.0,1.8659,12.5,7.5988,2.7595,2.7595,34.846,1769350539.627119,11.11,2,18,0.035,10,1,0,13.78,15.0,0,18,1769350535.753,-0.07,meta-llama/Llama-3.2-1B-Instruct,"1769350535.753, 1769350535.879, 1769350536.008, 1769350536.200, 1769350536.259"
1.0,0,1769350531.21,0.0344,27,32,59,0.9812,0.0542,6.3902,1.0,5.3902,11.76,8.3644,0.0156,0.0156,34.846,1769350539.6280115,11.76,2,18,0.0,0,0,0,13.46,15.0,0,18,1769350535.753,-0.07,meta-llama/Llama-3.2-1B-Instruct,"1769350535.753, 1769350535.879, 1769350536.008, 1769350536.200, 1769350536.259"
1.0,0,1769350533.033,6.2418,27,32,59,0.1049,0.1477,2.8649,1.0,1.8649,11.11,3.9904,5.3467,5.3467,40.1928,1769350543.269731,10.53,2,19,0.216,31,0,0,14.51,15.0,0,62,1769350538.584,-2.277,meta-llama/Llama-3.2-1B-Instruct,"1769350538.584, 1769350538.657, 1769350538.730, 1769350538.781, 1769350538.853"
1.0,0,1769350533.6762,6.1504,27,32,59,0.4363,0.0574,2.5447,1.0,1.5447,10.53,4.1056,5.5867,5.5867,80.9349,1769350543.9512484,10.0,2,25,0.214,16,0,0,14.57,15.0,0,62,1769350538.584,-2.277,meta-llama/Llama-3.2-1B-Instruct,"1769350538.584, 1769350538.657, 1769350538.730, 1769350538.781, 1769350538.853"
1.0,0,1769350533.8957,5.9098,27,32,59,0.4582,0.0581,2.5456,1.0,1.5456,10.0,4.1366,5.3679,5.3679,80.9349,1769350543.9514816,9.09,2,25,0.214,16,0,0,14.57,15.0,0,62,1769350538.584,-2.277,meta-llama/Llama-3.2-1B-Instruct,"1769350538.584, 1769350538.657, 1769350538.730, 1769350538.781, 1769350538.853"
1.0,0,1769350533.3557,6.4404,27,32,59,2.0062,0.0523,1.0112,1.0,0.0112,9.52,4.1465,7.4466,7.4466,86.4128,1769350543.9541304,8.7,2,26,0.214,16,0,0,14.57,15.0,0,62,1769350538.584,-2.277,meta-llama/Llama-3.2-1B-Instruct,"1769350538.584, 1769350538.657, 1769350538.730, 1769350538.781, 1769350538.853"
1.0,0,1769350533.5501,6.3302,27,32,59,2.8822,0.055,0.0573,1.0,0.0,13.64,4.0635,8.2124,8.2124,86.4128,1769350543.954341,8.33,2,26,0.214,16,0,0,14.57,15.0,0,62,1769350538.584,-2.277,meta-llama/Llama-3.2-1B-Instruct,"1769350538.584, 1769350538.657, 1769350538.730, 1769350538.781, 1769350538.853"
1.0,0,1769350533.1613,6.6299,27,32,59,0.47,0.0521,2.5457,1.0,1.5457,13.04,4.1504,6.0998,6.0998,93.3725,1769350543.9550648,9.52,2,27,0.214,16,0,0,14.57,15.0,0,62,1769350538.584,-2.277,meta-llama/Llama-3.2-1B-Instruct,"1769350538.584, 1769350538.657, 1769350538.730, 1769350538.781, 1769350538.853"
1.0,0,1769350533.731,6.1796,27,32,59,2.8491,0.0498,0.0504,1.0,0.0,16.67,4.0402,8.0287,8.0287,93.3725,1769350543.956586,8.0,2,27,0.214,16,0,0,14.57,15.0,0,62,1769350538.584,-2.277,meta-llama/Llama-3.2-1B-Instruct,"1769350538.584, 1769350538.657, 1769350538.730, 1769350538.781, 1769350538.853"
1.0,0,1769350533.841,6.0182,27,32,59,1.9416,0.049,1.0113,1.0,0.0113,16.0,4.0955,6.9598,6.9598,93.3725,1769350543.9568167,7.41,2,27,0.214,16,0,0,14.57,15.0,0,62,1769350538.584,-2.277,meta-llama/Llama-3.2-1B-Instruct,"1769350538.584, 1769350538.657, 1769350538.730, 1769350538.781, 1769350538.853"
1.0,0,1769350533.7863,6.0453,27,32,59,0.4326,0.0517,2.5514,1.0,1.5514,15.38,4.1221,5.4779,5.4779,93.3725,1769350543.9587429,7.69,2,27,0.214,16,0,0,14.57,15.0,0,62,1769350538.584,-2.277,meta-llama/Llama-3.2-1B-Instruct,"1769350538.584, 1769350538.657, 1769350538.730, 1769350538.781, 1769350538.853"
1.0,0,1769350534.1004,9.2097,27,33,60,0.1093,0.109,0.8041,1.0,0.0,18.52,2.0598,8.319,8.319,101.6916,1769350545.3719208,7.14,2,28,0.305,31,0,0,14.57,15.0,0,62,1769350538.584,-2.277,meta-llama/Llama-3.2-1B-Instruct,"1769350538.584, 1769350538.657, 1769350538.730, 1769350538.781, 1769350538.853"
1.0,0,1769350534.2651,9.7469,27,15,42,0.4543,0.4848,0.4848,1.0,0.0,21.43,1.5435,9.2012,9.2012,110.8927,1769350545.5598822,6.9,2,29,0.305,24,0,0,14.57,15.0,0,62,1769350538.584,-2.277,meta-llama/Llama-3.2-1B-Instruct,"1769350538.584, 1769350538.657, 1769350538.730, 1769350538.781, 1769350538.853"
1.0,0,1769350534.6269,10.785,27,7,34,0.0859,0.0655,0.0655,1.0,0.0,24.14,0.4003,9.8709,9.8709,120.7637,1769350545.8141046,6.67,2,30,0.331,31,0,0,14.57,15.0,0,62,1769350538.584,-2.277,meta-llama/Llama-3.2-1B-Instruct,"1769350538.584, 1769350538.657, 1769350538.730, 1769350538.781, 1769350538.853"
1.0,0,1769350534.1549,9.8733,27,32,59,0.4389,0.0694,0.4781,1.0,0.0,26.67,2.1508,9.3122,9.3122,148.7197,1769350546.1902614,6.45,2,33,0.305,24,0,0,14.57,15.0,0,116,1769350540.154,-5.812,meta-llama/Llama-3.2-1B-Instruct,"1769350540.154, 1769350540.669, 1769350541.027, 1769350541.292, 1769350541.344"
1.0,0,1769350534.2093,9.8281,27,32,59,0.4262,0.0685,0.475,1.0,0.0,29.03,2.151,9.2543,9.2543,148.7197,1769350546.1938732,6.06,2,33,0.305,24,0,0,14.57,15.0,0,116,1769350540.154,-5.812,meta-llama/Llama-3.2-1B-Instruct,"1769350540.154, 1769350540.669, 1769350541.027, 1769350541.292, 1769350541.344"
1.0,0,1769350534.3201,9.7874,27,32,59,0.7815,0.0671,0.0798,1.0,0.0,33.33,2.0868,9.5689,9.5689,167.379,1769350546.1961448,5.88,2,35,0.305,24,0,0,14.57,15.0,0,116,1769350540.154,-5.812,meta-llama/Llama-3.2-1B-Instruct,"1769350540.154, 1769350540.669, 1769350541.027, 1769350541.292, 1769350541.344"
1.0,0,1769350534.3741,9.6349,27,32,59,0.4555,0.0639,0.4887,1.0,0.0,35.29,2.1859,9.0903,9.0903,167.379,1769350546.19661,5.71,2,35,0.305,24,0,0,14.57,15.0,0,116,1769350540.154,-5.812,meta-llama/Llama-3.2-1B-Instruct,"1769350540.154, 1769350540.669, 1769350541.027, 1769350541.292, 1769350541.344"
1.0,0,1769350534.7528,10.8477,27,32,59,0.0841,0.0645,0.3367,1.0,0.0,37.14,1.6453,9.9318,9.9318,177.3108,1769350547.2484453,5.56,2,36,0.331,31,0,0,14.57,15.0,0,116,1769350540.154,-5.812,meta-llama/Llama-3.2-1B-Instruct,"1769350540.154, 1769350540.669, 1769350541.027, 1769350541.292, 1769350541.344"
1.0,0,1769350534.8795,11.0065,27,32,59,0.0994,0.0642,0.3496,1.0,0.0,38.89,1.6692,10.1059,10.1059,187.4167,1769350547.5565863,5.41,2,37,0.332,31,0,0,14.57,15.0,0,116,1769350540.154,-5.812,meta-llama/Llama-3.2-1B-Instruct,"1769350540.154, 1769350540.669, 1769350541.027, 1769350541.292, 1769350541.344"
1.0,0,1769350535.395,10.8671,27,32,59,0.3196,0.0573,0.0621,1.0,0.0,40.54,1.5817,10.1867,10.1867,207.391,1769350547.852455,5.26,2,39,0.332,27,0,0,14.57,15.0,0,116,1769350540.154,-5.812,meta-llama/Llama-3.2-1B-Instruct,"1769350540.154, 1769350540.669, 1769350541.027, 1769350541.292, 1769350541.344"
1.0,0,1769350535.7967,10.4523,27,32,59,0.3353,0.0618,0.0794,1.0,0.0,42.11,1.5997,9.7876,9.7876,228.2923,1769350547.8621342,5.13,2,41,0.332,27,0,0,14.57,15.0,0,116,1769350540.154,-5.812,meta-llama/Llama-3.2-1B-Instruct,"1769350540.154, 1769350540.669, 1769350541.027, 1769350541.292, 1769350541.344"
1.0,0,1769350535.2588,11.0097,27,32,59,0.3138,0.0554,0.0577,1.0,0.0,43.59,1.5932,10.3235,10.3235,238.6751,1769350547.8635328,4.88,2,42,0.332,27,0,0,14.57,15.0,0,116,1769350540.154,-5.812,meta-llama/Llama-3.2-1B-Instruct,"1769350540.154, 1769350540.669, 1769350541.027, 1769350541.292, 1769350541.344"
1.0,0,1769350535.0079,11.2212,27,32,59,0.3566,0.0604,0.0641,1.0,0.0,45.0,1.6274,10.5778,10.5778,238.6751,1769350547.8639948,5.0,2,42,0.332,27,0,0,14.57,15.0,0,116,1769350540.154,-5.812,meta-llama/Llama-3.2-1B-Instruct,"1769350540.154, 1769350540.669, 1769350541.027, 1769350541.292, 1769350541.344"
1.0,0,1769350535.2002,11.0373,27,32,59,0.3454,0.0571,0.0675,1.0,0.0,46.34,1.6255,10.3827,10.3827,238.6751,1769350547.8642144,4.76,2,42,0.332,27,0,0,14.57,15.0,0,116,1769350540.154,-5.812,meta-llama/Llama-3.2-1B-Instruct,"1769350540.154, 1769350540.669, 1769350541.027, 1769350541.292, 1769350541.344"
1.0,0,1769350537.0322,10.9155,27,0,27,,,,1.0,,,0.1042,10.0196,10.0196,248.6947,1769350548.0524848,4.65,2,43,0.335,27,0,0,14.57,15.0,0,116,1769350540.154,-5.812,meta-llama/Llama-3.2-1B-Instruct,"1769350540.154, 1769350540.669, 1769350541.027, 1769350541.292, 1769350541.344"
1.0,0,1769350535.9176,11.3497,27,32,59,0.0708,0.0912,0.1006,1.0,0.0,47.62,1.4141,10.4205,10.4205,259.1152,1769350548.6823642,4.55,2,44,0.334,31,0,0,14.57,15.0,0,116,1769350540.154,-5.812,meta-llama/Llama-3.2-1B-Instruct,"1769350540.154, 1769350540.669, 1769350541.027, 1769350541.292, 1769350541.344"
1.0,0,1769350536.055,11.5402,27,32,59,0.0833,0.0719,0.096,1.0,0.0,48.84,1.4181,10.6235,10.6235,269.7387,1769350549.017122,4.44,2,45,0.335,31,0,0,14.57,15.0,0,116,1769350540.154,-5.812,meta-llama/Llama-3.2-1B-Instruct,"1769350540.154, 1769350540.669, 1769350541.027, 1769350541.292, 1769350541.344"
1.0,0,1769350536.7038,11.197,27,32,59,0.1304,0.0598,0.0756,1.0,0.0,50.0,1.4444,10.3274,10.3274,300.654,1769350549.3543944,4.35,2,48,0.335,27,0,0,14.57,15.0,0,116,1769350540.154,-5.812,meta-llama/Llama-3.2-1B-Instruct,"1769350540.154, 1769350540.669, 1769350541.027, 1769350541.292, 1769350541.344"
1.0,0,1769350536.581,11.3283,27,32,59,0.123,0.0645,0.0768,1.0,0.0,51.11,1.4439,10.4513,10.4513,310.8439,1769350549.357951,4.17,2,49,0.335,27,0,0,14.57,15.0,0,116,1769350540.154,-5.812,meta-llama/Llama-3.2-1B-Instruct,"1769350540.154, 1769350540.669, 1769350541.027, 1769350541.292, 1769350541.344"
1.0,0,1769350536.8418,11.0738,27,32,59,0.1161,0.0646,0.0925,1.0,0.0,52.17,1.4392,10.1899,10.1899,310.8439,1769350549.360649,4.08,2,49,0.335,27,0,0,14.57,15.0,0,116,1769350540.154,-5.812,meta-llama/Llama-3.2-1B-Instruct,"1769350540.154, 1769350540.669, 1769350541.027, 1769350541.292, 1769350541.344"
1.0,0,1769350536.9141,11.0207,27,32,59,0.1158,0.0604,0.061,1.0,0.0,53.19,1.4147,10.1365,10.1365,310.8439,1769350549.3613517,4.26,2,49,0.335,27,0,0,14.57,15.0,0,116,1769350540.154,-5.812,meta-llama/Llama-3.2-1B-Instruct,"1769350540.154, 1769350540.669, 1769350541.027, 1769350541.292, 1769350541.344"
1.0,0,1769350537.1764,10.8963,27,32,59,0.0846,0.0558,0.074,1.0,0.0,54.17,1.3658,9.981,9.981,320.8248,1769350549.4455683,4.0,2,50,0.335,31,0,0,14.57,15.0,0,116,1769350540.154,-5.812,meta-llama/Llama-3.2-1B-Instruct,"1769350540.154, 1769350540.669, 1769350541.027, 1769350541.292, 1769350541.344"
1.0,0,1769350537.7299,11.6523,27,10,37,0.1015,0.1084,0.1084,1.0,0.0,55.1,0.5674,10.7538,10.7538,331.5786,1769350549.9542022,3.92,2,51,0.338,28,0,0,14.57,15.0,0,116,1769350540.154,-5.812,meta-llama/Llama-3.2-1B-Instruct,"1769350540.154, 1769350540.669, 1769350541.027, 1769350541.292, 1769350541.344"
1.0,0,1769350537.5839,11.8068,27,14,41,0.1031,0.072,0.072,1.0,0.0,56.0,0.7269,10.9099,10.9099,353.0108,1769350550.1258082,3.85,2,53,0.338,28,0,0,14.57,15.0,0,116,1769350540.154,-5.812,meta-llama/Llama-3.2-1B-Instruct,"1769350540.154, 1769350540.669, 1769350541.027, 1769350541.292, 1769350541.344"
1.0,0,1769350537.2502,11.4518,27,32,59,0.0704,0.0648,0.0738,1.0,0.0,56.86,1.4236,10.5223,10.5223,353.0108,1769350550.1276066,3.77,2,53,0.337,31,0,0,14.57,15.0,0,116,1769350540.154,-5.812,meta-llama/Llama-3.2-1B-Instruct,"1769350540.154, 1769350540.669, 1769350541.027, 1769350541.292, 1769350541.344"
1.0,0,1769350537.3235,11.7418,27,32,59,0.0824,0.0674,0.0787,1.0,0.0,57.69,1.4834,10.8242,10.8242,363.835,1769350550.549649,3.7,2,54,0.338,31,0,0,14.57,15.0,0,116,1769350540.154,-5.812,meta-llama/Llama-3.2-1B-Instruct,"1769350540.154, 1769350540.669, 1769350541.027, 1769350541.292, 1769350541.344"
1.0,0,1769350537.7806,11.8097,27,26,53,0.1127,0.066,0.0949,1.0,0.0,58.49,1.2668,10.9225,10.9225,374.7575,1769350550.8580825,3.64,2,55,0.338,29,2,0,14.57,15.0,0,116,1769350540.154,-5.812,meta-llama/Llama-3.2-1B-Instruct,"1769350540.154, 1769350540.669, 1769350541.027, 1769350541.292, 1769350541.344"
1.0,0,1769350537.6575,11.7887,27,32,59,0.1084,0.0611,0.0857,1.0,0.0,59.26,1.4897,10.8971,10.8971,396.8372,1769350550.943622,3.57,2,57,0.338,28,0,0,14.57,15.0,0,116,1769350540.154,-5.812,meta-llama/Llama-3.2-1B-Instruct,"1769350540.154, 1769350540.669, 1769350541.027, 1769350541.292, 1769350541.344"
1.0,0,1769350537.3746,12.0793,27,32,59,0.1033,0.0642,0.0934,1.0,0.0,60.0,1.4887,11.1827,11.1827,396.8372,1769350550.944495,3.51,2,57,0.338,28,0,0,14.57,15.0,0,116,1769350540.154,-5.812,meta-llama/Llama-3.2-1B-Instruct,"1769350540.154, 1769350540.669, 1769350541.027, 1769350541.292, 1769350541.344"
1.0,0,1769350537.8531,12.1501,27,32,59,0.1151,0.0725,0.0923,1.0,0.0,60.71,1.5296,11.2651,11.2651,408.1023,1769350551.541031,3.45,2,58,0.339,31,0,0,14.57,15.0,0,149,1769350544.098,-6.87,meta-llama/Llama-3.2-1B-Instruct,"1769350544.098, 1769350544.300, 1769350544.474, 1769350544.530, 1769350544.769"
1.0,0,1769350538.3297,11.8189,27,32,59,0.1018,0.0714,0.0829,1.0,0.0,61.4,1.4756,10.9207,10.9207,419.0231,1769350551.6287298,3.39,2,59,0.339,30,0,0,14.57,15.0,0,149,1769350544.098,-6.87,meta-llama/Llama-3.2-1B-Instruct,"1769350544.098, 1769350544.300, 1769350544.474, 1769350544.530, 1769350544.769"
1.0,0,1769350537.9929,12.1639,27,32,59,0.0995,0.0682,0.0903,1.0,0.0,62.07,1.4723,11.2634,11.2634,430.2865,1769350551.644764,3.33,2,60,0.339,30,0,0,14.57,15.0,0,149,1769350544.098,-6.87,meta-llama/Llama-3.2-1B-Instruct,"1769350544.098, 1769350544.300, 1769350544.474, 1769350544.530, 1769350544.769"
1.0,0,1769350538.9359,12.0328,27,32,59,0.102,0.0752,0.2623,1.0,0.0,62.71,1.396,11.1348,11.1348,463.68,1769350552.3972125,3.28,2,63,0.34,29,0,0,14.57,15.0,0,149,1769350544.098,-6.87,meta-llama/Llama-3.2-1B-Instruct,"1769350544.098, 1769350544.300, 1769350544.474, 1769350544.530, 1769350544.769"
1.0,0,1769350538.8674,12.0203,27,34,61,0.0973,0.1141,0.2416,1.0,0.0,63.33,1.5062,11.1176,11.1176,474.7441,1769350552.4328992,3.17,2,64,0.341,31,0,0,14.57,15.0,0,149,1769350544.098,-6.87,meta-llama/Llama-3.2-1B-Instruct,"1769350544.098, 1769350544.300, 1769350544.474, 1769350544.530, 1769350544.769"
1.0,0,1769350539.0229,11.9733,27,32,59,0.0908,0.1174,0.2397,1.0,0.0,63.93,1.4329,11.0641,11.0641,474.7441,1769350552.4379478,3.12,2,64,0.34,30,0,0,14.57,15.0,0,149,1769350544.098,-6.87,meta-llama/Llama-3.2-1B-Instruct,"1769350544.098, 1769350544.300, 1769350544.474, 1769350544.530, 1769350544.769"
1.0,0,1769350538.5396,12.0295,27,32,59,0.1116,0.0815,0.3311,1.0,0.0,64.52,1.803,11.1411,11.1411,474.7441,1769350552.4517102,3.23,2,64,0.34,31,0,0,14.57,15.0,0,149,1769350544.098,-6.87,meta-llama/Llama-3.2-1B-Instruct,"1769350544.098, 1769350544.300, 1769350544.474, 1769350544.530, 1769350544.769"
1.0,0,1769350539.0896,12.5082,27,32,59,0.1128,0.0768,0.2212,1.0,0.0,65.08,1.4164,11.621,11.621,486.3651,1769350553.0265608,3.08,2,65,0.342,29,0,0,14.57,15.0,0,149,1769350544.098,-6.87,meta-llama/Llama-3.2-1B-Instruct,"1769350544.098, 1769350544.300, 1769350544.474, 1769350544.530, 1769350544.769"
1.0,0,1769350539.6693,12.0135,27,32,59,0.0986,0.0879,0.2357,1.0,0.0,65.62,1.3904,11.1122,11.1122,509.1016,1769350553.0775049,3.03,2,67,0.342,29,1,0,14.57,15.0,0,149,1769350544.098,-6.87,meta-llama/Llama-3.2-1B-Instruct,"1769350544.098, 1769350544.300, 1769350544.474, 1769350544.530, 1769350544.769"
1.0,0,1769350539.1536,12.5129,27,31,58,0.1113,0.0861,0.36,1.0,0.0,66.15,1.4079,11.6243,11.6243,509.1016,1769350553.078512,2.99,2,67,0.342,29,1,0,14.57,15.0,0,149,1769350544.098,-6.87,meta-llama/Llama-3.2-1B-Instruct,"1769350544.098, 1769350544.300, 1769350544.474, 1769350544.530, 1769350544.769"
200.0,1,1769350532.6171,0.034,3526,264,3790,4.4718,0.0763,0.8126,200.0,0.0,66.67,20.5434,-179.4226,0.0,509.1016,1769350553.207314,4.41,3,68,0.086,15,7,0,14.51,15.0,0,149,1769350544.098,-6.87,meta-llama/Llama-3.2-1B-Instruct,"1769350544.098, 1769350544.300, 1769350544.474, 1769350544.530, 1769350544.769"
1.0,0,1769350540.6904,12.4233,27,3,30,0.1188,0.044,0.044,1.0,0.0,67.16,0.2471,11.5421,11.5421,520.6437,1769350553.3615987,4.35,3,69,0.344,30,0,0,14.57,15.0,0,149,1769350544.098,-6.87,meta-llama/Llama-3.2-1B-Instruct,"1769350544.098, 1769350544.300, 1769350544.474, 1769350544.530, 1769350544.769"
1.0,0,1769350540.0268,12.4415,27,32,59,0.1387,0.0748,0.0893,1.0,0.0,67.65,1.5234,11.5802,11.5802,554.8033,1769350553.9975429,4.23,3,72,0.343,28,0,0,14.57,15.0,0,149,1769350544.098,-6.87,meta-llama/Llama-3.2-1B-Instruct,"1769350544.098, 1769350544.300, 1769350544.474, 1769350544.530, 1769350544.769"
1.0,0,1769350540.3443,12.1403,27,32,59,0.123,0.0785,0.0867,1.0,0.0,68.12,1.5003,11.2633,11.2633,554.8033,1769350553.9977207,4.29,3,72,0.343,28,0,0,14.57,15.0,0,149,1769350544.098,-6.87,meta-llama/Llama-3.2-1B-Instruct,"1769350544.098, 1769350544.300, 1769350544.474, 1769350544.530, 1769350544.769"
1.0,0,1769350540.2923,12.1993,27,32,59,0.1166,0.0651,0.0893,1.0,0.0,68.57,1.5056,11.316,11.316,565.9569,1769350554.001591,4.17,3,73,0.343,28,0,0,14.57,15.0,0,149,1769350544.098,-6.87,meta-llama/Llama-3.2-1B-Instruct,"1769350544.098, 1769350544.300, 1769350544.474, 1769350544.530, 1769350544.769"
1.0,0,1769350540.4666,12.0761,27,32,59,0.0776,0.0732,0.0983,1.0,0.0,69.01,1.4568,11.1537,11.1537,565.9569,1769350554.002162,4.11,3,73,0.343,28,0,0,14.57,15.0,0,149,1769350544.098,-6.87,meta-llama/Llama-3.2-1B-Instruct,"1769350544.098, 1769350544.300, 1769350544.474, 1769350544.530, 1769350544.769"
1.0,0,1769350540.5867,12.4611,27,32,59,0.0755,0.097,0.106,1.0,0.0,69.44,1.4767,11.5365,11.5365,577.4935,1769350554.5275877,4.05,3,74,0.344,29,0,0,14.57,15.0,0,149,1769350544.098,-6.87,meta-llama/Llama-3.2-1B-Instruct,"1769350544.098, 1769350544.300, 1769350544.474, 1769350544.530, 1769350544.769"
1.0,0,1769350540.6389,12.4667,27,32,59,0.1024,0.0727,0.0964,1.0,0.0,69.86,1.4639,11.5691,11.5691,589.0625,1769350554.576205,4.0,3,75,0.344,29,0,0,14.57,15.0,0,149,1769350544.098,-6.87,meta-llama/Llama-3.2-1B-Instruct,"1769350544.098, 1769350544.300, 1769350544.474, 1769350544.530, 1769350544.769"
1.0,0,1769350540.7423,12.5825,27,32,59,0.0838,0.0802,0.0945,1.0,0.0,70.27,1.4572,11.6663,11.6663,600.7288,1769350554.7856154,3.95,3,76,0.333,31,0,0,14.57,15.0,0,149,1769350544.098,-6.87,meta-llama/Llama-3.2-1B-Instruct,"1769350544.098, 1769350544.300, 1769350544.474, 1769350544.530, 1769350544.769"
1.0,0,1769350540.7954,12.5883,27,32,59,0.0969,0.0738,0.0998,1.0,0.0,70.67,1.4287,11.6852,11.6852,612.414,1769350554.8180258,3.9,3,77,0.333,30,0,0,14.57,15.0,0,149,1769350544.098,-6.87,meta-llama/Llama-3.2-1B-Instruct,"1769350544.098, 1769350544.300, 1769350544.474, 1769350544.530, 1769350544.769"
1.0,0,1769350541.4578,12.6087,27,32,59,0.1135,0.072,0.0733,1.0,0.0,71.05,1.4305,11.7222,11.7222,659.5182,1769350555.5029156,3.8,3,81,0.334,28,0,0,14.57,15.0,0,149,1769350544.098,-6.87,meta-llama/Llama-3.2-1B-Instruct,"1769350544.098, 1769350544.300, 1769350544.474, 1769350544.530, 1769350544.769"
1.0,0,1769350541.2524,12.817,27,32,59,0.1074,0.0695,0.0746,1.0,0.0,71.43,1.4221,11.9244,11.9244,659.5182,1769350555.504218,3.85,3,81,0.334,28,0,0,14.57,15.0,0,149,1769350544.098,-6.87,meta-llama/Llama-3.2-1B-Instruct,"1769350544.098, 1769350544.300, 1769350544.474, 1769350544.530, 1769350544.769"
1.0,0,1769350541.7165,12.3335,27,32,59,0.1275,0.0696,0.0738,1.0,0.0,71.79,1.452,11.461,11.461,659.5182,1769350555.5043783,3.7,3,81,0.334,28,0,0,14.57,15.0,0,149,1769350544.098,-6.87,meta-llama/Llama-3.2-1B-Instruct,"1769350544.098, 1769350544.300, 1769350544.474, 1769350544.530, 1769350544.769"
1.0,0,1769350541.2009,12.8974,27,32,59,0.0992,0.0624,0.0659,1.0,0.0,72.15,1.4032,11.9966,11.9966,659.5182,1769350555.5057807,3.75,3,81,0.334,28,0,0,14.57,15.0,0,149,1769350544.098,-6.87,meta-llama/Llama-3.2-1B-Instruct,"1769350544.098, 1769350544.300, 1769350544.474, 1769350544.530, 1769350544.769"
1.0,0,1769350541.7679,12.803,27,32,59,0.0889,0.0698,0.073,1.0,0.0,72.5,1.4125,11.8919,11.8919,671.4101,1769350555.9961665,3.66,3,82,0.335,30,0,0,14.57,15.0,0,176,1769350549.312,-6.659,meta-llama/Llama-3.2-1B-Instruct,"1769350549.312, 1769350549.406, 1769350549.544, 1769350550.168, 1769350550.318"
1.0,0,1769350541.8316,12.7939,27,32,59,0.0949,0.0673,0.0699,1.0,0.0,72.84,1.397,11.8888,11.8888,683.2989,1769350556.0301347,3.61,3,83,0.335,30,0,0,14.57,15.0,0,176,1769350549.312,-6.659,meta-llama/Llama-3.2-1B-Instruct,"1769350549.312, 1769350549.406, 1769350549.544, 1769350550.168, 1769350550.318"
1.0,0,1769350541.9351,12.934,27,32,59,0.0777,0.081,0.094,1.0,0.0,73.17,1.4178,12.0117,12.0117,707.373,1769350556.2904665,3.57,3,85,0.335,30,0,0,14.57,15.0,0,176,1769350549.312,-6.659,meta-llama/Llama-3.2-1B-Instruct,"1769350549.312, 1769350549.406, 1769350549.544, 1769350550.168, 1769350550.318"
1.0,0,1769350541.8839,12.956,27,32,59,0.1063,0.0821,0.0851,1.0,0.0,73.49,1.4474,12.0623,12.0623,707.373,1769350556.2929413,3.53,3,85,0.335,30,0,0,14.57,15.0,0,176,1769350549.312,-6.659,meta-llama/Llama-3.2-1B-Instruct,"1769350549.312, 1769350549.406, 1769350549.544, 1769350550.168, 1769350550.318"
1.0,0,1769350542.2197,13.3108,27,32,59,0.1063,0.0708,0.0924,1.0,0.0,73.81,1.4812,12.4171,12.4171,744.0386,1769350557.015782,3.45,3,88,0.337,28,0,0,14.57,15.0,0,176,1769350549.312,-6.659,meta-llama/Llama-3.2-1B-Instruct,"1769350549.312, 1769350549.406, 1769350549.544, 1769350550.168, 1769350550.318"
1.0,0,1769350542.4148,13.1335,27,33,60,0.0923,0.0847,0.0847,1.0,0.0,74.12,1.4498,12.2259,12.2259,744.0386,1769350557.0163035,3.49,3,88,0.337,28,0,0,14.57,15.0,0,176,1769350549.312,-6.659,meta-llama/Llama-3.2-1B-Instruct,"1769350549.312, 1769350549.406, 1769350549.544, 1769350550.168, 1769350550.318"
1.0,0,1769350542.6095,12.9311,27,30,57,0.0916,0.0799,0.0809,1.0,0.0,74.42,1.4743,12.0227,12.0227,744.0386,1769350557.0165086,3.41,3,88,0.337,28,0,0,14.57,15.0,0,176,1769350549.312,-6.659,meta-llama/Llama-3.2-1B-Instruct,"1769350549.312, 1769350549.406, 1769350549.544, 1769350550.168, 1769350550.318"
1.0,0,1769350542.6608,12.942,27,32,59,0.1003,0.0633,0.0834,1.0,0.0,74.71,1.4448,12.0423,12.0423,756.0809,1769350557.0484293,3.37,3,89,0.337,28,0,0,14.57,15.0,0,176,1769350549.312,-6.659,meta-llama/Llama-3.2-1B-Instruct,"1769350549.312, 1769350549.406, 1769350549.544, 1769350550.168, 1769350550.318"
1.0,0,1769350542.7132,13.3333,27,32,59,0.095,0.0747,0.0803,1.0,0.0,75.0,1.4459,12.4282,12.4282,780.8873,1769350557.5015206,3.33,3,91,0.338,30,0,0,14.57,15.0,0,176,1769350549.312,-6.659,meta-llama/Llama-3.2-1B-Instruct,"1769350549.312, 1769350549.406, 1769350549.544, 1769350550.168, 1769350550.318"
1.0,0,1769350542.7725,13.2995,27,32,59,0.0787,0.0732,0.0744,1.0,0.0,75.28,1.4258,12.3781,12.3781,780.8873,1769350557.5098963,3.3,3,91,0.338,30,0,0,14.57,15.0,0,176,1769350549.312,-6.659,meta-llama/Llama-3.2-1B-Instruct,"1769350549.312, 1769350549.406, 1769350549.544, 1769350550.168, 1769350550.318"
1.0,0,1769350543.0981,13.2161,27,32,59,0.0745,0.0875,0.0936,1.0,0.0,75.56,1.4566,12.2906,12.2906,793.1779,1769350557.772551,3.26,3,92,0.338,30,0,0,14.57,15.0,0,176,1769350549.312,-6.659,meta-llama/Llama-3.2-1B-Instruct,"1769350549.312, 1769350549.406, 1769350549.544, 1769350550.168, 1769350550.318"
1.0,0,1769350543.3003,13.0459,27,32,59,0.1101,0.0776,0.0955,1.0,0.0,75.82,1.4609,12.156,12.156,805.3339,1769350557.817138,3.23,3,93,0.338,30,0,0,14.57,15.0,0,176,1769350549.312,-6.659,meta-llama/Llama-3.2-1B-Instruct,"1769350549.312, 1769350549.406, 1769350549.544, 1769350550.168, 1769350550.318"
1.0,0,1769350543.7691,13.3149,27,32,59,0.1121,0.0732,0.081,1.0,0.0,76.09,1.4725,12.427,12.427,817.761,1769350558.565799,3.19,3,94,0.339,28,0,0,14.57,15.0,0,176,1769350549.312,-6.659,meta-llama/Llama-3.2-1B-Instruct,"1769350549.312, 1769350549.406, 1769350549.544, 1769350550.168, 1769350550.318"
1.0,0,1769350543.4737,13.5877,27,32,59,0.1362,0.0787,0.0885,1.0,0.0,76.34,1.5055,12.7238,12.7238,855.2405,1769350558.569563,3.16,3,97,0.339,28,0,0,14.57,15.0,0,176,1769350549.312,-6.659,meta-llama/Llama-3.2-1B-Instruct,"1769350549.312, 1769350549.406, 1769350549.544, 1769350550.168, 1769350550.318"
1.0,0,1769350543.5303,13.5445,27,31,58,0.1234,0.0791,0.0988,1.0,0.0,76.6,1.4924,12.6679,12.6679,855.2405,1769350558.5699444,3.12,3,97,0.339,28,0,0,14.57,15.0,0,176,1769350549.312,-6.659,meta-llama/Llama-3.2-1B-Instruct,"1769350549.312, 1769350549.406, 1769350549.544, 1769350550.168, 1769350550.318"
1.0,0,1769350544.1219,13.0154,27,32,59,0.0724,0.0735,0.0913,1.0,0.0,76.84,1.4318,12.0878,12.0878,855.2405,1769350558.5702503,3.09,3,97,0.339,28,0,0,14.57,15.0,0,176,1769350549.312,-6.659,meta-llama/Llama-3.2-1B-Instruct,"1769350549.312, 1769350549.406, 1769350549.544, 1769350550.168, 1769350550.318"
1.0,0,1769350544.2507,13.3292,27,32,59,0.1155,0.0706,0.0953,1.0,0.0,77.08,1.4753,12.4447,12.4447,880.091,1769350559.0659027,3.06,3,99,0.34,30,0,0,14.57,15.0,0,176,1769350549.312,-6.659,meta-llama/Llama-3.2-1B-Instruct,"1769350549.312, 1769350549.406, 1769350549.544, 1769350550.168, 1769350550.318"
1.0,0,1769350544.3017,13.2922,27,32,59,0.1136,0.0774,0.0892,1.0,0.0,77.32,1.4673,12.4058,12.4058,880.091,1769350559.0706875,3.03,3,99,0.34,30,0,0,14.57,15.0,0,176,1769350549.312,-6.659,meta-llama/Llama-3.2-1B-Instruct,"1769350549.312, 1769350549.406, 1769350549.544, 1769350550.168, 1769350550.318"
1.0,0,1769350544.3539,13.4569,27,32,59,0.0848,0.0782,0.1002,1.0,0.0,77.55,1.4741,12.5417,12.5417,892.6327,1769350559.2864397,3.0,3,100,0.341,30,0,0,14.57,15.0,0,176,1769350549.312,-6.659,meta-llama/Llama-3.2-1B-Instruct,"1769350549.312, 1769350549.406, 1769350549.544, 1769350550.168, 1769350550.318"
1.0,0,1769350544.4847,13.3746,27,32,59,0.1079,0.0828,0.0984,1.0,0.0,77.78,1.4576,12.4824,12.4824,905.1151,1769350559.3215113,2.97,3,101,0.341,30,0,0,14.57,15.0,0,176,1769350549.312,-6.659,meta-llama/Llama-3.2-1B-Instruct,"1769350549.312, 1769350549.406, 1769350549.544, 1769350550.168, 1769350550.318"
1.0,0,1769350544.6177,13.9719,27,32,59,0.1237,0.0836,0.094,1.0,0.0,78.0,1.4854,13.0956,13.0956,942.7376,1769350560.0896478,2.94,3,104,0.342,28,0,0,14.57,15.0,0,176,1769350549.312,-6.659,meta-llama/Llama-3.2-1B-Instruct,"1769350549.312, 1769350549.406, 1769350549.544, 1769350550.168, 1769350550.318"
1.0,0,1769350545.2356,13.429,27,32,59,0.0695,0.0835,0.0916,1.0,0.0,78.22,1.4169,12.4985,12.4985,955.4803,1769350560.0932796,2.91,3,105,0.342,28,0,0,14.57,15.0,0,176,1769350549.312,-6.659,meta-llama/Llama-3.2-1B-Instruct,"1769350549.312, 1769350549.406, 1769350549.544, 1769350550.168, 1769350550.318"
1.0,0,1769350545.7038,12.939,27,32,59,0.0894,0.0781,0.0799,1.0,0.0,78.43,1.4459,12.0284,12.0284,955.4803,1769350560.0940642,2.88,3,105,0.342,28,0,0,14.57,15.0,0,176,1769350549.312,-6.659,meta-llama/Llama-3.2-1B-Instruct,"1769350549.312, 1769350549.406, 1769350549.544, 1769350550.168, 1769350550.318"
1.0,0,1769350544.9712,13.6287,27,32,59,0.114,0.0837,0.0866,1.0,0.0,78.64,1.4924,12.7427,12.7427,955.4803,1769350560.095693,2.86,3,105,0.342,28,0,0,14.57,15.0,0,176,1769350549.312,-6.659,meta-llama/Llama-3.2-1B-Instruct,"1769350549.312, 1769350549.406, 1769350549.544, 1769350550.168, 1769350550.318"
1.0,0,1769350546.0184,13.0893,27,32,59,0.1049,0.0803,0.0873,1.0,0.0,78.85,1.4766,12.1943,12.1943,979.769,1769350560.591985,2.8,3,107,0.343,30,0,0,14.57,15.0,0,176,1769350549.312,-6.659,meta-llama/Llama-3.2-1B-Instruct,"1769350549.312, 1769350549.406, 1769350549.544, 1769350550.168, 1769350550.318"
1.0,0,1769350546.1289,12.9945,27,32,59,0.0998,0.0847,0.0915,1.0,0.0,79.05,1.4564,12.0944,12.0944,979.769,1769350560.592611,2.83,3,107,0.343,30,0,0,14.57,15.0,0,176,1769350549.312,-6.659,meta-llama/Llama-3.2-1B-Instruct,"1769350549.312, 1769350549.406, 1769350549.544, 1769350550.168, 1769350550.318"
1.0,0,1769350546.2873,13.0731,27,32,59,0.0843,0.0855,0.1006,1.0,0.0,79.25,1.4053,12.1573,12.1573,1004.1583,1769350560.7810147,2.75,3,109,0.343,30,0,0,14.57,15.0,0,176,1769350549.312,-6.659,meta-llama/Llama-3.2-1B-Instruct,"1769350549.312, 1769350549.406, 1769350549.544, 1769350550.168, 1769350550.318"
1.0,0,1769350546.2078,13.124,27,32,59,0.108,0.0836,0.0868,1.0,0.0,79.44,1.4332,12.232,12.232,1004.1583,1769350560.7853687,2.78,3,109,0.343,30,0,0,14.57,15.0,0,176,1769350549.312,-6.659,meta-llama/Llama-3.2-1B-Instruct,"1769350549.312, 1769350549.406, 1769350549.544, 1769350550.168, 1769350550.318"
1.0,0,1769350546.3414,13.8657,27,32,59,0.09,0.0665,0.1359,1.0,0.0,79.63,1.458,12.9558,12.9558,1042.3778,1769350561.6775546,2.73,3,112,0.345,28,0,0,14.57,15.0,0,207,1769350555.542,-5.503,meta-llama/Llama-3.2-1B-Instruct,"1769350555.542, 1769350555.631, 1769350555.686, 1769350555.761, 1769350555.831"
1.0,0,1769350546.4518,13.7186,27,33,60,0.1121,0.0639,0.1493,1.0,0.0,79.82,1.4954,12.8306,12.8306,1042.3778,1769350561.6777685,2.7,3,112,0.345,28,0,0,14.57,15.0,0,207,1769350555.542,-5.503,meta-llama/Llama-3.2-1B-Instruct,"1769350555.542, 1769350555.631, 1769350555.686, 1769350555.761, 1769350555.831"
1.0,0,1769350546.8634,13.3212,27,32,59,0.1119,0.0643,0.1316,1.0,0.0,80.0,1.492,12.433,12.433,1055.279,1769350561.6797867,2.68,3,113,0.344,28,0,0,14.57,15.0,0,207,1769350555.542,-5.503,meta-llama/Llama-3.2-1B-Instruct,"1769350555.542, 1769350555.631, 1769350555.686, 1769350555.761, 1769350555.831"
1.0,0,1769350546.3984,13.781,27,32,59,0.1202,0.0709,0.1381,1.0,0.0,80.18,1.4994,12.9012,12.9012,1055.279,1769350561.6805818,2.65,3,113,0.345,28,0,0,14.57,15.0,0,207,1769350555.542,-5.503,meta-llama/Llama-3.2-1B-Instruct,"1769350555.542, 1769350555.631, 1769350555.686, 1769350555.761, 1769350555.831"
200.0,1,1769350534.0431,5.8549,3359,423,3782,2.8607,0.0707,0.1009,200.0,0.0,80.36,22.2642,-171.8809,0.0,1055.279,1769350562.1779594,3.51,4,114,0.214,16,0,0,14.57,15.0,0,207,1769350555.542,-5.503,meta-llama/Llama-3.2-1B-Instruct,"1769350555.542, 1769350555.631, 1769350555.686, 1769350555.761, 1769350555.831"
1.0,0,1769350547.485,13.2637,27,32,59,0.1022,0.0734,0.1293,1.0,0.0,80.53,1.4923,12.3659,12.3659,1104.2315,1769350562.2560658,3.48,4,118,0.346,30,0,0,14.57,15.0,0,207,1769350555.542,-5.503,meta-llama/Llama-3.2-1B-Instruct,"1769350555.542, 1769350555.631, 1769350555.686, 1769350555.761, 1769350555.831"
1.0,0,1769350548.26,12.5817,27,32,59,0.093,0.0635,0.0767,1.0,0.0,80.7,1.4092,11.6747,11.6747,1104.2315,1769350562.2562642,3.42,4,118,0.346,29,1,0,14.57,15.0,0,207,1769350555.542,-5.503,meta-llama/Llama-3.2-1B-Instruct,"1769350555.542, 1769350555.631, 1769350555.686, 1769350555.761, 1769350555.831"
1.0,0,1769350547.7137,13.111,27,32,59,0.1001,0.0731,0.0732,1.0,0.0,80.87,1.4285,12.211,12.211,1104.2315,1769350562.2571042,3.39,4,118,0.346,29,1,0,14.57,15.0,0,207,1769350555.542,-5.503,meta-llama/Llama-3.2-1B-Instruct,"1769350555.542, 1769350555.631, 1769350555.686, 1769350555.761, 1769350555.831"
1.0,0,1769350547.1845,13.6049,27,32,59,0.0958,0.0895,0.0921,1.0,0.0,81.03,1.4611,12.7008,12.7008,1104.2315,1769350562.2573073,3.45,4,118,0.346,30,0,0,14.57,15.0,0,207,1769350555.542,-5.503,meta-llama/Llama-3.2-1B-Instruct,"1769350555.542, 1769350555.631, 1769350555.686, 1769350555.761, 1769350555.831"
200.0,1,1769350533.2969,6.4891,3134,438,3572,2.0138,0.0802,0.1357,200.0,0.0,81.2,23.0507,-170.4602,0.0,1104.2315,1769350562.853658,4.2,5,119,0.214,16,0,0,14.57,15.0,0,207,1769350555.542,-5.503,meta-llama/Llama-3.2-1B-Instruct,"1769350555.542, 1769350555.631, 1769350555.686, 1769350555.761, 1769350555.831"
1.0,0,1769350548.4058,13.3471,27,32,59,0.0825,0.075,0.0854,1.0,0.0,81.36,1.4749,12.4296,12.4296,1116.6611,1769350563.2345173,4.17,5,120,0.347,28,0,0,14.57,15.0,0,207,1769350555.542,-5.503,meta-llama/Llama-3.2-1B-Instruct,"1769350555.542, 1769350555.631, 1769350555.686, 1769350555.761, 1769350555.831"
1.0,0,1769350548.5439,13.1818,27,32,59,0.1116,0.0858,0.0967,1.0,0.0,81.51,1.5118,12.2934,12.2934,1128.9546,1769350563.2387142,4.13,5,121,0.347,28,0,0,14.57,15.0,0,207,1769350555.542,-5.503,meta-llama/Llama-3.2-1B-Instruct,"1769350555.542, 1769350555.631, 1769350555.686, 1769350555.761, 1769350555.831"
1.0,0,1769350548.3124,13.4776,27,32,59,0.1156,0.075,0.0928,1.0,0.0,81.67,1.4653,12.5931,12.5931,1153.2822,1769350563.2608066,4.1,5,123,0.347,28,0,0,14.57,15.0,0,207,1769350555.542,-5.503,meta-llama/Llama-3.2-1B-Instruct,"1769350555.542, 1769350555.631, 1769350555.686, 1769350555.761, 1769350555.831"
1.0,0,1769350549.1685,12.6322,27,32,59,0.1023,0.0823,0.0871,1.0,0.0,81.82,1.4578,11.7345,11.7345,1153.2822,1769350563.2653522,4.07,5,123,0.347,28,0,0,14.57,15.0,0,207,1769350555.542,-5.503,meta-llama/Llama-3.2-1B-Instruct,"1769350555.542, 1769350555.631, 1769350555.686, 1769350555.761, 1769350555.831"
1.0,0,1769350549.3177,12.909,27,32,59,0.1389,0.0861,0.0906,1.0,0.0,81.97,1.4837,12.0479,12.0479,1165.3301,1769350563.7144794,4.03,5,124,0.336,27,0,0,14.57,15.0,0,207,1769350555.542,-5.503,meta-llama/Llama-3.2-1B-Instruct,"1769350555.542, 1769350555.631, 1769350555.686, 1769350555.761, 1769350555.831"
1.0,0,1769350549.7579,12.5581,27,32,59,0.1103,0.0575,0.073,1.0,0.0,82.11,1.4295,11.6685,11.6685,1200.147,1769350563.7528,4.0,5,127,0.336,27,0,0,14.57,15.0,0,207,1769350555.542,-5.503,meta-llama/Llama-3.2-1B-Instruct,"1769350555.542, 1769350555.631, 1769350555.686, 1769350555.761, 1769350555.831"
1.0,0,1769350550.1992,12.1541,27,32,59,0.0848,0.0573,0.0917,1.0,0.0,82.26,1.3965,11.2389,11.2389,1211.9545,1769350563.7543595,3.94,5,128,0.336,28,0,0,14.57,15.0,0,207,1769350555.542,-5.503,meta-llama/Llama-3.2-1B-Instruct,"1769350555.542, 1769350555.631, 1769350555.686, 1769350555.761, 1769350555.831"
1.0,0,1769350549.5161,12.8106,27,34,61,0.099,0.0761,0.0898,1.0,0.0,82.4,1.4226,11.9096,11.9096,1211.9545,1769350563.7566218,3.97,5,128,0.336,28,0,0,14.57,15.0,0,207,1769350555.542,-5.503,meta-llama/Llama-3.2-1B-Instruct,"1769350555.542, 1769350555.631, 1769350555.686, 1769350555.761, 1769350555.831"
1.0,0,1769350549.6196,12.6864,27,32,59,0.1212,0.0702,0.0888,1.0,0.0,82.54,1.4481,11.8076,11.8076,1211.9545,1769350563.757203,3.91,5,128,0.336,27,0,0,14.57,15.0,0,207,1769350555.542,-5.503,meta-llama/Llama-3.2-1B-Instruct,"1769350555.542, 1769350555.631, 1769350555.686, 1769350555.761, 1769350555.831"
1.0,0,1769350550.8691,12.479,27,14,41,0.0746,0.0906,0.0906,1.0,0.0,82.68,0.7345,11.5536,11.5536,1223.5082,1769350564.0834296,3.88,5,129,0.327,28,0,0,14.57,15.0,0,207,1769350555.542,-5.503,meta-llama/Llama-3.2-1B-Instruct,"1769350555.542, 1769350555.631, 1769350555.686, 1769350555.761, 1769350555.831"
1.0,0,1769350550.2519,12.6264,27,32,59,0.0972,0.0745,0.0876,1.0,0.0,82.81,1.4766,11.7236,11.7236,1235.2317,1769350564.3699062,3.85,5,130,0.326,31,0,0,14.57,15.0,0,207,1769350555.542,-5.503,meta-llama/Llama-3.2-1B-Instruct,"1769350555.542, 1769350555.631, 1769350555.686, 1769350555.761, 1769350555.831"
1.0,0,1769350550.8145,12.5303,27,32,59,0.0772,0.0714,0.0829,1.0,0.0,82.95,1.4385,11.6075,11.6075,1258.9107,1769350564.7930121,3.79,5,132,0.327,28,0,0,14.57,15.0,0,207,1769350555.542,-5.503,meta-llama/Llama-3.2-1B-Instruct,"1769350555.542, 1769350555.631, 1769350555.686, 1769350555.761, 1769350555.831"
1.0,0,1769350550.3324,12.9461,27,32,59,0.1254,0.077,0.0818,1.0,0.0,83.08,1.4992,12.0715,12.0715,1258.9107,1769350564.794689,3.82,5,132,0.327,28,0,0,14.57,15.0,0,207,1769350555.542,-5.503,meta-llama/Llama-3.2-1B-Instruct,"1769350555.542, 1769350555.631, 1769350555.686, 1769350555.761, 1769350555.831"
1.0,0,1769350550.4075,12.8999,27,32,59,0.1137,0.0767,0.0805,1.0,0.0,83.21,1.4877,12.0137,12.0137,1270.9244,1769350564.7971518,3.76,5,133,0.327,28,0,0,14.57,15.0,0,207,1769350555.542,-5.503,meta-llama/Llama-3.2-1B-Instruct,"1769350555.542, 1769350555.631, 1769350555.686, 1769350555.761, 1769350555.831"
1.0,0,1769350551.0229,12.7392,27,32,59,0.0755,0.0668,0.0851,1.0,0.0,83.33,1.438,11.8147,11.8147,1282.7391,1769350565.2046304,3.73,5,134,0.327,27,0,0,14.57,15.0,0,207,1769350555.542,-5.503,meta-llama/Llama-3.2-1B-Instruct,"1769350555.542, 1769350555.631, 1769350555.686, 1769350555.761, 1769350555.831"
1.0,0,1769350551.6255,12.1887,27,32,59,0.1113,0.0589,0.0709,1.0,0.0,83.46,1.4281,11.3,11.3,1305.1817,1769350565.2718182,3.7,5,136,0.327,27,0,0,14.57,15.0,0,207,1769350555.542,-5.503,meta-llama/Llama-3.2-1B-Instruct,"1769350555.542, 1769350555.631, 1769350555.686, 1769350555.761, 1769350555.831"
1.0,0,1769350551.7844,12.0388,27,32,59,0.1038,0.0584,0.0845,1.0,0.0,83.58,1.4476,11.1426,11.1426,1328.3716,1769350565.2858708,3.68,5,138,0.327,27,0,0,14.57,15.0,0,207,1769350555.542,-5.503,meta-llama/Llama-3.2-1B-Instruct,"1769350555.542, 1769350555.631, 1769350555.686, 1769350555.761, 1769350555.831"
1.0,0,1769350551.1671,12.6391,27,32,59,0.1216,0.0683,0.0745,1.0,0.0,83.7,1.466,11.7607,11.7607,1328.3716,1769350565.2866046,3.65,5,138,0.327,27,0,0,14.57,15.0,0,207,1769350555.542,-5.503,meta-llama/Llama-3.2-1B-Instruct,"1769350555.542, 1769350555.631, 1769350555.686, 1769350555.761, 1769350555.831"
1.0,0,1769350551.5144,12.3468,27,32,59,0.0825,0.0695,0.074,1.0,0.0,83.82,1.415,11.4293,11.4293,1328.3716,1769350565.287686,3.62,5,138,0.327,28,0,0,14.57,15.0,0,207,1769350555.542,-5.503,meta-llama/Llama-3.2-1B-Instruct,"1769350555.542, 1769350555.631, 1769350555.686, 1769350555.761, 1769350555.831"
1.0,0,1769350552.4038,11.7185,27,32,59,0.079,0.0721,0.0838,1.0,0.0,83.94,1.4165,10.7975,10.7975,1339.1691,1769350565.5395405,3.6,5,139,0.328,31,0,0,14.57,15.0,0,207,1769350555.542,-5.503,meta-llama/Llama-3.2-1B-Instruct,"1769350555.542, 1769350555.631, 1769350555.686, 1769350555.761, 1769350555.831"
1.0,0,1769350552.5529,11.8424,27,32,59,0.0742,0.0589,0.0771,1.0,0.0,84.06,1.4029,10.9165,10.9165,1350.0857,1769350565.8040564,3.57,5,140,0.329,31,0,0,14.57,15.0,0,207,1769350555.542,-5.503,meta-llama/Llama-3.2-1B-Instruct,"1769350555.542, 1769350555.631, 1769350555.686, 1769350555.761, 1769350555.831"
1.0,0,1769350552.8855,11.9918,27,32,59,0.1218,0.0695,0.0742,1.0,0.0,84.17,1.4496,11.1136,11.1136,1382.4416,1769350566.3334036,3.52,5,143,0.329,29,0,0,14.57,15.0,0,230,1769350559.71,-6.351,meta-llama/Llama-3.2-1B-Instruct,"1769350559.710, 1769350559.768, 1769350559.841, 1769350560.042, 1769350560.441"
1.0,0,1769350553.089,11.8212,27,32,59,0.0909,0.0703,0.0728,1.0,0.0,84.29,1.4156,10.9122,10.9122,1382.4416,1769350566.333881,3.55,5,143,0.329,29,0,0,14.57,15.0,0,230,1769350559.71,-6.351,meta-llama/Llama-3.2-1B-Instruct,"1769350559.710, 1769350559.768, 1769350559.841, 1769350560.042, 1769350560.441"
1.0,0,1769350553.6652,11.207,27,32,59,0.1232,0.0607,0.0665,1.0,0.0,84.4,1.461,10.3301,10.3301,1382.4416,1769350566.3357584,3.5,5,143,0.329,29,0,0,14.57,15.0,0,230,1769350559.71,-6.351,meta-llama/Llama-3.2-1B-Instruct,"1769350559.710, 1769350559.768, 1769350559.841, 1769350560.042, 1769350560.441"
1.0,0,1769350553.8405,11.3953,27,32,59,0.139,0.0617,0.0884,1.0,0.0,84.51,1.503,10.5342,10.5342,1392.9758,1769350566.7449455,3.47,5,144,0.329,27,0,0,14.57,15.0,0,230,1769350559.71,-6.351,meta-llama/Llama-3.2-1B-Instruct,"1769350559.710, 1769350559.768, 1769350559.841, 1769350560.042, 1769350560.441"
1.0,0,1769350553.8926,11.4359,27,32,59,0.1158,0.0644,0.1036,1.0,0.0,84.62,1.4499,10.5517,10.5517,1433.7875,1769350566.7942474,3.45,5,148,0.33,27,0,0,14.57,15.0,0,230,1769350559.71,-6.351,meta-llama/Llama-3.2-1B-Instruct,"1769350559.710, 1769350559.768, 1769350559.841, 1769350560.042, 1769350560.441"
1.0,0,1769350554.2241,11.1179,27,32,59,0.0969,0.0693,0.0936,1.0,0.0,84.72,1.4454,10.2148,10.2148,1433.7875,1769350566.7944877,3.42,5,148,0.33,27,0,0,14.57,15.0,0,230,1769350559.71,-6.351,meta-llama/Llama-3.2-1B-Instruct,"1769350559.710, 1769350559.768, 1769350559.841, 1769350560.042, 1769350560.441"
1.0,0,1769350554.5424,10.7934,27,32,59,0.1045,0.0726,0.0987,1.0,0.0,84.83,1.4538,9.8979,9.8979,1433.7875,1769350566.7946563,3.4,5,148,0.33,27,0,0,14.57,15.0,0,230,1769350559.71,-6.351,meta-llama/Llama-3.2-1B-Instruct,"1769350559.710, 1769350559.768, 1769350559.841, 1769350560.042, 1769350560.441"
1.0,0,1769350554.2923,11.0721,27,32,59,0.0751,0.0624,0.0897,1.0,0.0,84.93,1.4295,10.1473,10.1473,1433.7875,1769350566.8137639,3.38,5,148,0.33,27,0,0,14.57,15.0,0,230,1769350559.71,-6.351,meta-llama/Llama-3.2-1B-Instruct,"1769350559.710, 1769350559.768, 1769350559.841, 1769350560.042, 1769350560.441"
1.0,0,1769350554.6312,10.9522,27,32,59,0.0807,0.0999,0.108,1.0,0.0,85.03,1.46,10.0329,10.0329,1443.8205,1769350567.0468597,3.36,5,149,0.33,31,0,0,14.57,15.0,0,230,1769350559.71,-6.351,meta-llama/Llama-3.2-1B-Instruct,"1769350559.710, 1769350559.768, 1769350559.841, 1769350560.042, 1769350560.441"
1.0,0,1769350554.686,11.1537,27,32,59,0.0853,0.0776,0.0894,1.0,0.0,85.14,1.4613,10.239,10.239,1454.0594,1769350567.3046393,3.33,5,150,0.331,31,0,0,14.57,15.0,0,230,1769350559.71,-6.351,meta-llama/Llama-3.2-1B-Instruct,"1769350559.710, 1769350559.768, 1769350559.841, 1769350560.042, 1769350560.441"
1.0,0,1769350555.9696,11.385,27,0,27,,,,1.0,,,0.1284,10.5134,10.5134,1464.5728,1769350567.4835773,3.31,5,151,0.333,31,0,0,14.57,15.0,0,230,1769350559.71,-6.351,meta-llama/Llama-3.2-1B-Instruct,"1769350559.710, 1769350559.768, 1769350559.841, 1769350560.042, 1769350560.441"
1.0,0,1769350554.7608,11.6044,27,32,59,0.1073,0.0883,0.2234,1.0,0.0,85.23,1.6817,10.7117,10.7117,1475.2846,1769350568.0732722,3.29,5,152,0.332,29,0,0,14.57,15.0,0,230,1769350559.71,-6.351,meta-llama/Llama-3.2-1B-Instruct,"1769350559.710, 1769350559.768, 1769350559.841, 1769350560.042, 1769350560.441"
1.0,0,1769350554.9177,11.4955,27,32,59,0.0776,0.0975,0.2344,1.0,0.0,85.33,1.7244,10.5731,10.5731,1506.8289,1769350568.1811776,3.25,5,155,0.332,29,0,0,14.57,15.0,0,230,1769350559.71,-6.351,meta-llama/Llama-3.2-1B-Instruct,"1769350559.710, 1769350559.768, 1769350559.841, 1769350560.042, 1769350560.441"
1.0,0,1769350555.8936,11.1992,27,18,45,0.1135,0.3408,0.3408,1.0,0.0,85.43,1.0696,10.3127,10.3127,1506.8289,1769350568.1814067,3.23,5,155,0.333,31,0,0,14.57,15.0,0,230,1769350559.71,-6.351,meta-llama/Llama-3.2-1B-Instruct,"1769350559.710, 1769350559.768, 1769350559.841, 1769350560.042, 1769350560.441"
1.0,0,1769350554.8313,11.5517,27,32,59,0.1069,0.0969,0.2119,1.0,0.0,85.53,1.7374,10.6586,10.6586,1517.2753,1769350568.2078605,3.27,5,156,0.332,29,0,0,14.57,15.0,0,230,1769350559.71,-6.351,meta-llama/Llama-3.2-1B-Instruct,"1769350559.710, 1769350559.768, 1769350559.841, 1769350560.042, 1769350560.441"
1.0,0,1769350555.5243,11.3374,27,29,56,0.1091,0.0702,0.2193,1.0,0.0,85.62,1.3311,10.4464,10.4464,1517.2753,1769350568.213216,3.21,5,156,0.332,27,0,0,14.57,15.0,0,230,1769350559.71,-6.351,meta-llama/Llama-3.2-1B-Instruct,"1769350559.710, 1769350559.768, 1769350559.841, 1769350560.042, 1769350560.441"
1.0,0,1769350555.0165,11.8037,27,32,59,0.1498,0.0671,0.2197,1.0,0.0,85.71,1.4908,10.9535,10.9535,1559.8086,1769350568.330148,3.16,5,160,0.332,27,0,0,14.57,15.0,0,230,1769350559.71,-6.351,meta-llama/Llama-3.2-1B-Instruct,"1769350559.710, 1769350559.768, 1769350559.841, 1769350560.042, 1769350560.441"
1.0,0,1769350555.2521,11.5907,27,32,59,0.1302,0.099,0.3238,1.0,0.0,85.81,1.4713,10.7208,10.7208,1559.8086,1769350568.3336184,3.14,5,160,0.332,27,0,0,14.57,15.0,0,230,1769350559.71,-6.351,meta-llama/Llama-3.2-1B-Instruct,"1769350559.710, 1769350559.768, 1769350559.841, 1769350560.042, 1769350560.441"
1.0,0,1769350555.4427,11.4071,27,32,59,0.1239,0.0803,0.2226,1.0,0.0,85.9,1.4308,10.531,10.531,1559.8086,1769350568.3346202,3.18,5,160,0.332,27,0,0,14.57,15.0,0,230,1769350559.71,-6.351,meta-llama/Llama-3.2-1B-Instruct,"1769350559.710, 1769350559.768, 1769350559.841, 1769350560.042, 1769350560.441"
1.0,0,1769350555.6563,11.252,27,32,59,0.0759,0.0736,0.259,1.0,0.0,85.99,1.4094,10.3279,10.3279,1559.8086,1769350568.3539639,3.12,5,160,0.332,27,0,0,14.57,15.0,0,230,1769350559.71,-6.351,meta-llama/Llama-3.2-1B-Instruct,"1769350559.710, 1769350559.768, 1769350559.841, 1769350560.042, 1769350560.441"
1.0,0,1769350556.0898,11.4133,27,32,59,0.0744,0.1511,0.2181,1.0,0.0,86.08,1.4537,10.4877,10.4877,1570.2962,1769350568.960907,3.11,5,161,0.334,31,0,0,14.57,15.0,0,230,1769350559.71,-6.351,meta-llama/Llama-3.2-1B-Instruct,"1769350559.710, 1769350559.768, 1769350559.841, 1769350560.042, 1769350560.441"
1.0,0,1769350556.2503,11.9854,27,32,59,0.1092,0.0615,0.155,1.0,0.0,86.16,1.4896,11.0947,11.0947,1581.3909,1769350569.728709,3.09,5,162,0.334,27,0,0,14.57,15.0,0,230,1769350559.71,-6.351,meta-llama/Llama-3.2-1B-Instruct,"1769350559.710, 1769350559.768, 1769350559.841, 1769350560.042, 1769350560.441"
1.0,0,1769350556.4852,11.864,27,32,59,0.1084,0.0674,0.0956,1.0,0.0,86.25,1.4224,10.9725,10.9725,1655.1384,1769350569.7798796,2.99,5,169,0.334,27,0,0,14.57,15.0,0,230,1769350559.71,-6.351,meta-llama/Llama-3.2-1B-Instruct,"1769350559.710, 1769350559.768, 1769350559.841, 1769350560.042, 1769350560.441"
1.0,0,1769350556.9494,11.4302,27,32,59,0.1237,0.0595,0.069,1.0,0.0,86.34,1.3901,10.5538,10.5538,1655.1384,1769350569.7800686,3.05,5,169,0.334,24,1,0,14.57,15.0,0,230,1769350559.71,-6.351,meta-llama/Llama-3.2-1B-Instruct,"1769350559.710, 1769350559.768, 1769350559.841, 1769350560.042, 1769350560.441"
1.0,0,1769350557.7411,10.6882,27,32,59,0.0846,0.0555,0.0674,1.0,0.0,86.42,1.3414,9.7729,9.7729,1655.1384,1769350569.7807653,3.03,5,169,0.334,27,1,0,14.57,15.0,0,230,1769350559.71,-6.351,meta-llama/Llama-3.2-1B-Instruct,"1769350559.710, 1769350559.768, 1769350559.841, 1769350560.042, 1769350560.441"
1.0,0,1769350556.8726,11.5126,27,33,60,0.1197,0.0537,0.069,1.0,0.0,86.5,1.3859,10.6324,10.6324,1655.1384,1769350569.7809436,3.01,5,169,0.334,24,1,0,14.57,15.0,0,230,1769350559.71,-6.351,meta-llama/Llama-3.2-1B-Instruct,"1769350559.710, 1769350559.768, 1769350559.841, 1769350560.042, 1769350560.441"
1.0,0,1769350556.6409,11.6142,27,33,60,0.1803,0.0719,0.1297,1.0,0.0,86.59,1.5141,10.7945,10.7945,1655.1384,1769350569.7832482,3.07,5,169,0.334,27,0,0,14.57,15.0,0,230,1769350559.71,-6.351,meta-llama/Llama-3.2-1B-Instruct,"1769350559.710, 1769350559.768, 1769350559.841, 1769350560.042, 1769350560.441"
1.0,0,1769350556.718,11.572,27,32,59,0.1348,0.0837,0.1269,1.0,0.0,86.67,1.4892,10.7068,10.7068,1655.1384,1769350569.7835202,2.98,5,169,0.334,27,0,0,14.57,15.0,0,230,1769350559.71,-6.351,meta-llama/Llama-3.2-1B-Instruct,"1769350559.710, 1769350559.768, 1769350559.841, 1769350560.042, 1769350560.441"
1.0,0,1769350557.1984,11.1959,27,32,59,0.1187,0.0528,0.0658,1.0,0.0,86.75,1.3853,10.3146,10.3146,1655.1384,1769350569.7837346,2.96,5,169,0.334,24,1,0,14.57,15.0,0,230,1769350559.71,-6.351,meta-llama/Llama-3.2-1B-Instruct,"1769350559.710, 1769350559.768, 1769350559.841, 1769350560.042, 1769350560.441"
1.0,0,1769350556.4077,11.9163,27,32,59,0.1052,0.0744,0.141,1.0,0.0,86.83,1.4606,11.0215,11.0215,1666.1599,1769350569.7883086,2.94,5,170,0.334,23,0,0,14.57,15.0,0,230,1769350559.71,-6.351,meta-llama/Llama-3.2-1B-Instruct,"1769350559.710, 1769350559.768, 1769350559.841, 1769350560.042, 1769350560.441"
1.0,0,1769350557.8487,11.133,27,31,58,0.1061,0.0561,0.122,1.0,0.0,86.9,1.4532,10.2392,10.2392,1676.3991,1769350570.4483407,2.92,5,171,0.336,31,0,0,14.57,15.0,0,230,1769350559.71,-6.351,meta-llama/Llama-3.2-1B-Instruct,"1769350559.710, 1769350559.768, 1769350559.841, 1769350560.042, 1769350560.441"
1.0,0,1769350557.9845,11.7642,27,32,59,0.1407,0.0613,0.121,1.0,0.0,86.98,1.4418,10.9049,10.9049,1687.3039,1769350571.191485,2.91,5,172,0.336,23,0,0,14.57,15.0,0,253,1769350564.5,-6.624,meta-llama/Llama-3.2-1B-Instruct,"1769350564.500, 1769350564.687, 1769350564.770, 1769350564.890, 1769350564.943"
1.0,0,1769350558.1526,11.6864,27,32,59,0.1055,0.0613,0.0991,1.0,0.0,87.06,1.4155,10.7919,10.7919,1708.4417,1769350571.2680728,2.89,5,174,0.336,24,0,0,14.57,15.0,0,253,1769350564.5,-6.624,meta-llama/Llama-3.2-1B-Instruct,"1769350564.500, 1769350564.687, 1769350564.770, 1769350564.890, 1769350564.943"
1.0,0,1769350558.6549,11.2541,27,32,59,0.0917,0.056,0.0588,1.0,0.0,87.13,1.35,10.3458,10.3458,1740.2792,1769350571.2713335,2.87,5,177,0.336,24,0,0,14.57,15.0,0,253,1769350564.5,-6.624,meta-llama/Llama-3.2-1B-Instruct,"1769350564.500, 1769350564.687, 1769350564.770, 1769350564.890, 1769350564.943"
1.0,0,1769350558.5074,11.3277,27,31,58,0.1101,0.0586,0.1051,1.0,0.0,87.21,1.4336,10.4378,10.4378,1761.2542,1769350571.2751565,2.86,5,179,0.336,24,0,0,14.57,15.0,0,253,1769350564.5,-6.624,meta-llama/Llama-3.2-1B-Instruct,"1769350564.500, 1769350564.687, 1769350564.770, 1769350564.890, 1769350564.943"
1.0,0,1769350558.3534,11.4788,27,32,59,0.1547,0.0542,0.0679,1.0,0.0,87.28,1.4377,10.6335,10.6335,1771.4723,1769350571.2768497,2.84,5,180,0.336,24,0,0,14.57,15.0,0,253,1769350564.5,-6.624,meta-llama/Llama-3.2-1B-Instruct,"1769350564.500, 1769350564.687, 1769350564.770, 1769350564.890, 1769350564.943"
1.0,0,1769350558.2316,11.6734,27,32,59,0.0929,0.0599,0.0639,1.0,0.0,87.36,1.3661,10.7663,10.7663,1771.4723,1769350571.277031,2.82,5,180,0.336,24,0,0,14.57,15.0,0,253,1769350564.5,-6.624,meta-llama/Llama-3.2-1B-Instruct,"1769350564.500, 1769350564.687, 1769350564.770, 1769350564.890, 1769350564.943"
1.0,0,1769350558.3017,11.5981,27,32,59,0.0988,0.0536,0.0538,1.0,0.0,87.43,1.374,10.697,10.697,1771.4723,1769350571.2792177,2.79,5,180,0.336,24,0,0,14.57,15.0,0,253,1769350564.5,-6.624,meta-llama/Llama-3.2-1B-Instruct,"1769350564.500, 1769350564.687, 1769350564.770, 1769350564.890, 1769350564.943"
1.0,0,1769350558.7095,11.1523,27,32,59,0.1258,0.0563,0.0656,1.0,0.0,87.5,1.4109,10.2781,10.2781,1771.4723,1769350571.279787,2.81,5,180,0.336,24,0,0,14.57,15.0,0,253,1769350564.5,-6.624,meta-llama/Llama-3.2-1B-Instruct,"1769350564.500, 1769350564.687, 1769350564.770, 1769350564.890, 1769350564.943"
1.0,0,1769350558.768,11.1155,27,32,59,0.1026,0.0585,0.0757,1.0,0.0,87.57,1.3921,10.218,10.218,1771.4723,1769350571.2809992,2.78,5,180,0.336,24,0,0,14.57,15.0,0,253,1769350564.5,-6.624,meta-llama/Llama-3.2-1B-Instruct,"1769350564.500, 1769350564.687, 1769350564.770, 1769350564.890, 1769350564.943"
1.0,0,1769350558.8414,11.6875,27,32,59,0.088,0.0793,0.1294,1.0,0.0,87.64,1.4768,10.7754,10.7754,1782.2477,1769350572.011236,2.76,5,181,0.338,31,0,0,14.57,15.0,0,253,1769350564.5,-6.624,meta-llama/Llama-3.2-1B-Instruct,"1769350564.500, 1769350564.687, 1769350564.770, 1769350564.890, 1769350564.943"
1.0,0,1769350559.042,12.2001,27,32,59,0.1142,0.0726,0.1491,1.0,0.0,87.71,1.4658,11.3143,11.3143,1793.562,1769350572.7116172,2.75,5,182,0.34,31,0,0,14.57,15.0,0,253,1769350564.5,-6.624,meta-llama/Llama-3.2-1B-Instruct,"1769350564.500, 1769350564.687, 1769350564.770, 1769350564.890, 1769350564.943"
1.0,0,1769350559.5236,11.7811,27,32,59,0.1322,0.0608,0.1235,1.0,0.0,87.78,1.4741,10.9133,10.9133,1825.8379,1769350572.7909276,2.73,5,185,0.338,24,0,0,14.57,15.0,0,253,1769350564.5,-6.624,meta-llama/Llama-3.2-1B-Instruct,"1769350564.500, 1769350564.687, 1769350564.770, 1769350564.890, 1769350564.943"
1.0,0,1769350559.6017,11.8353,27,34,61,0.083,0.0611,0.0683,1.0,0.0,87.85,1.3502,10.9183,10.9183,1867.5723,1769350572.794144,2.72,5,189,0.339,24,0,0,14.57,15.0,0,253,1769350564.5,-6.624,meta-llama/Llama-3.2-1B-Instruct,"1769350564.500, 1769350564.687, 1769350564.770, 1769350564.890, 1769350564.943"
1.0,0,1769350560.0313,11.3345,27,32,59,0.1097,0.0601,0.0959,1.0,0.0,87.91,1.4227,10.4442,10.4442,1867.5723,1769350572.7948012,2.7,5,189,0.339,24,0,0,14.57,15.0,0,253,1769350564.5,-6.624,meta-llama/Llama-3.2-1B-Instruct,"1769350564.500, 1769350564.687, 1769350564.770, 1769350564.890, 1769350564.943"
1.0,0,1769350560.1414,11.2417,27,32,59,0.0875,0.0618,0.0979,1.0,0.0,87.98,1.4099,10.3291,10.3291,1867.5723,1769350572.7963753,2.66,5,189,0.339,24,0,0,14.57,15.0,0,253,1769350564.5,-6.624,meta-llama/Llama-3.2-1B-Instruct,"1769350564.500, 1769350564.687, 1769350564.770, 1769350564.890, 1769350564.943"
1.0,0,1769350559.441,11.8748,27,32,59,0.1583,0.0599,0.089,1.0,0.0,88.04,1.4775,11.0332,11.0332,1867.5723,1769350572.7965937,2.65,5,189,0.338,24,0,0,14.57,15.0,0,253,1769350564.5,-6.624,meta-llama/Llama-3.2-1B-Instruct,"1769350564.500, 1769350564.687, 1769350564.770, 1769350564.890, 1769350564.943"
1.0,0,1769350560.2839,11.1046,27,32,59,0.1171,0.0623,0.0768,1.0,0.0,88.11,1.4038,10.2218,10.2218,1878.2887,1769350572.7981722,2.67,5,190,0.339,24,0,0,14.57,15.0,0,253,1769350564.5,-6.624,meta-llama/Llama-3.2-1B-Instruct,"1769350564.500, 1769350564.687, 1769350564.770, 1769350564.890, 1769350564.943"
1.0,0,1769350560.3563,11.0416,27,32,59,0.1088,0.0592,0.0654,1.0,0.0,88.17,1.3935,10.1503,10.1503,1878.2887,1769350572.7983587,2.69,5,190,0.339,24,0,0,14.57,15.0,0,253,1769350564.5,-6.624,meta-llama/Llama-3.2-1B-Instruct,"1769350564.500, 1769350564.687, 1769350564.770, 1769350564.890, 1769350564.943"
1.0,0,1769350559.7555,11.6227,27,32,59,0.0937,0.0656,0.1074,1.0,0.0,88.24,1.4197,10.7165,10.7165,1878.2887,1769350572.8004608,2.63,5,190,0.339,24,0,0,14.57,15.0,0,253,1769350564.5,-6.624,meta-llama/Llama-3.2-1B-Instruct,"1769350564.500, 1769350564.687, 1769350564.770, 1769350564.890, 1769350564.943"
1.0,0,1769350560.5282,11.5241,27,32,59,0.09,0.0553,0.0855,1.0,0.0,88.3,1.4164,10.6141,10.6141,1888.9028,1769350573.471885,2.62,5,191,0.341,31,0,0,14.57,15.0,0,253,1769350564.5,-6.624,meta-llama/Llama-3.2-1B-Instruct,"1769350564.500, 1769350564.687, 1769350564.770, 1769350564.890, 1769350564.943"
1.0,0,1769350562.0165,11.4773,27,12,39,0.0692,0.0505,0.0505,1.0,0.0,88.36,0.5545,10.5465,10.5465,1899.4493,1769350574.0526319,2.6,5,192,0.343,31,0,0,14.57,15.0,0,253,1769350564.5,-6.624,meta-llama/Llama-3.2-1B-Instruct,"1769350564.500, 1769350564.687, 1769350564.770, 1769350564.890, 1769350564.943"
1.0,0,1769350560.632,12.1142,27,32,59,0.1344,0.0591,0.0642,1.0,0.0,88.42,1.44,11.2487,11.2487,1910.6979,1769350574.1969366,2.59,5,193,0.342,31,0,0,14.57,15.0,0,253,1769350564.5,-6.624,meta-llama/Llama-3.2-1B-Instruct,"1769350564.500, 1769350564.687, 1769350564.770, 1769350564.890, 1769350564.943"
1.0,0,1769350560.8104,12.0259,27,32,59,0.1171,0.0629,0.063,1.0,0.0,88.48,1.4407,11.143,11.143,1955.1794,1769350574.297664,2.58,5,197,0.341,24,0,0,14.57,15.0,0,253,1769350564.5,-6.624,meta-llama/Llama-3.2-1B-Instruct,"1769350564.500, 1769350564.687, 1769350564.770, 1769350564.890, 1769350564.943"
1.0,0,1769350560.6929,12.1502,27,32,59,0.1128,0.0578,0.0612,1.0,0.0,88.54,1.4509,11.2629,11.2629,1955.1794,1769350574.2980595,2.56,5,197,0.341,24,0,0,14.57,15.0,0,253,1769350564.5,-6.624,meta-llama/Llama-3.2-1B-Instruct,"1769350564.500, 1769350564.687, 1769350564.770, 1769350564.890, 1769350564.943"
1.0,0,1769350560.9424,11.9101,27,32,59,0.0973,0.0683,0.0699,1.0,0.0,88.6,1.4426,11.0074,11.0074,1965.1679,1769350574.298947,2.55,5,198,0.341,24,0,0,14.57,15.0,0,253,1769350564.5,-6.624,meta-llama/Llama-3.2-1B-Instruct,"1769350564.500, 1769350564.687, 1769350564.770, 1769350564.890, 1769350564.943"
1.0,0,1769350560.8863,11.9396,27,32,59,0.1285,0.0599,0.0637,1.0,0.0,88.66,1.4696,11.0681,11.0681,1965.1679,1769350574.2994375,2.54,5,198,0.341,23,1,0,14.57,15.0,0,253,1769350564.5,-6.624,meta-llama/Llama-3.2-1B-Instruct,"1769350564.500, 1769350564.687, 1769350564.770, 1769350564.890, 1769350564.943"
1.0,0,1769350561.962,10.9035,27,32,59,0.0849,0.0642,0.0666,1.0,0.0,88.72,1.4328,9.9885,9.9885,1965.1679,1769350574.3009179,2.53,5,198,0.341,24,0,0,14.57,15.0,0,253,1769350564.5,-6.624,meta-llama/Llama-3.2-1B-Instruct,"1769350564.500, 1769350564.687, 1769350564.770, 1769350564.890, 1769350564.943"
1.0,0,1769350561.3675,11.6489,27,32,59,0.0886,0.0665,0.0838,1.0,0.0,88.78,1.4165,10.7375,10.7375,1986.962,1769350574.4481456,2.51,5,200,0.341,24,0,0,14.57,15.0,0,253,1769350564.5,-6.624,meta-llama/Llama-3.2-1B-Instruct,"1769350564.500, 1769350564.687, 1769350564.770, 1769350564.890, 1769350564.943"
1.0,0,1769350561.044,11.9782,27,32,59,0.0784,0.0605,0.0824,1.0,0.0,88.83,1.4164,11.0566,11.0566,1997.7877,1769350574.4490366,2.5,5,201,0.341,24,0,0,14.57,15.0,0,253,1769350564.5,-6.624,meta-llama/Llama-3.2-1B-Instruct,"1769350564.500, 1769350564.687, 1769350564.770, 1769350564.890, 1769350564.943"
1.0,0,1769350561.2868,11.7232,27,32,59,0.1024,0.0631,0.0803,1.0,0.0,88.89,1.4387,10.8256,10.8256,1997.7877,1769350574.4504876,2.49,5,201,0.341,24,0,0,14.57,15.0,0,253,1769350564.5,-6.624,meta-llama/Llama-3.2-1B-Instruct,"1769350564.500, 1769350564.687, 1769350564.770, 1769350564.890, 1769350564.943"
1.0,0,1769350563.3697,11.1072,27,0,27,,,,1.0,,,0.0914,10.1986,10.1986,2007.9863,1769350574.5703726,2.48,5,202,0.344,29,0,0,14.57,15.0,0,253,1769350564.5,-6.624,meta-llama/Llama-3.2-1B-Instruct,"1769350564.500, 1769350564.687, 1769350564.770, 1769350564.890, 1769350564.943"
1.0,0,1769350562.3935,11.6838,27,32,59,0.1136,0.0849,0.1223,1.0,0.0,88.94,1.5543,10.7974,10.7974,2018.7836,1769350575.635765,2.46,5,203,0.345,31,0,0,14.57,15.0,0,253,1769350564.5,-6.624,meta-llama/Llama-3.2-1B-Instruct,"1769350564.500, 1769350564.687, 1769350564.770, 1769350564.890, 1769350564.943"
1.0,0,1769350562.5177,11.7198,27,31,58,0.1249,0.1027,0.1097,1.0,0.0,89.0,1.5349,10.8447,10.8447,2029.6283,1769350575.7733319,2.45,5,204,0.345,31,0,0,14.57,15.0,0,253,1769350564.5,-6.624,meta-llama/Llama-3.2-1B-Instruct,"1769350564.500, 1769350564.687, 1769350564.770, 1769350564.890, 1769350564.943"
1.0,0,1769350563.0917,11.261,27,32,59,0.1081,0.0957,0.0991,1.0,0.0,89.05,1.5123,10.3691,10.3691,2060.841,1769350575.8681846,2.43,5,207,0.344,27,0,0,14.57,15.0,0,253,1769350564.5,-6.624,meta-llama/Llama-3.2-1B-Instruct,"1769350564.500, 1769350564.687, 1769350564.770, 1769350564.890, 1769350564.943"
1.0,0,1769350563.1686,11.2352,27,32,59,0.0913,0.0712,0.0953,1.0,0.0,89.11,1.4618,10.3265,10.3265,2060.841,1769350575.8684082,2.42,5,207,0.344,27,0,0,14.57,15.0,0,253,1769350564.5,-6.624,meta-llama/Llama-3.2-1B-Instruct,"1769350564.500, 1769350564.687, 1769350564.770, 1769350564.890, 1769350564.943"
1.0,0,1769350562.943,11.3808,27,32,59,0.1364,0.0764,0.0954,1.0,0.0,89.16,1.536,10.5171,10.5171,2060.841,1769350575.8685968,2.44,5,207,0.344,27,0,0,14.57,15.0,0,253,1769350564.5,-6.624,meta-llama/Llama-3.2-1B-Instruct,"1769350564.500, 1769350564.687, 1769350564.770, 1769350564.890, 1769350564.943"
1.0,0,1769350563.2856,11.0633,27,32,59,0.1127,0.0832,0.1054,1.0,0.0,89.22,1.5201,10.176,10.176,2081.4432,1769350575.8716097,2.4,5,209,0.344,27,0,0,14.57,15.0,0,253,1769350564.5,-6.624,meta-llama/Llama-3.2-1B-Instruct,"1769350564.500, 1769350564.687, 1769350564.770, 1769350564.890, 1769350564.943"
1.0,0,1769350563.0367,11.2949,27,32,59,0.1312,0.0826,0.089,1.0,0.0,89.27,1.5379,10.4261,10.4261,2081.4432,1769350575.872199,2.39,5,209,0.344,27,0,0,14.57,15.0,0,253,1769350564.5,-6.624,meta-llama/Llama-3.2-1B-Instruct,"1769350564.500, 1769350564.687, 1769350564.770, 1769350564.890, 1769350564.943"
1.0,0,1769350563.6874,10.804,27,32,59,0.1002,0.0618,0.0922,1.0,0.0,89.32,1.4668,9.9042,9.9042,2101.4405,1769350575.9650037,2.38,5,211,0.344,29,0,0,14.57,15.0,0,253,1769350564.5,-6.624,meta-llama/Llama-3.2-1B-Instruct,"1769350564.500, 1769350564.687, 1769350564.770, 1769350564.890, 1769350564.943"
1.0,0,1769350563.4997,10.9955,27,34,61,0.0976,0.0623,0.0886,1.0,0.0,89.37,1.4662,10.0931,10.0931,2101.4405,1769350575.9754198,2.37,5,211,0.344,29,0,0,14.57,15.0,0,253,1769350564.5,-6.624,meta-llama/Llama-3.2-1B-Instruct,"1769350564.500, 1769350564.687, 1769350564.770, 1769350564.890, 1769350564.943"
1.0,0,1769350563.7701,10.8254,27,32,59,0.1081,0.0929,0.1541,1.0,0.0,89.42,1.5664,9.9335,9.9335,2111.374,1769350576.1652572,2.36,5,212,0.344,31,0,0,14.57,15.0,0,273,1769350571.57,-4.555,meta-llama/Llama-3.2-1B-Instruct,"1769350571.570, 1769350571.811, 1769350571.907, 1769350571.967, 1769350572.041"
1.0,0,1769350563.8898,11.7745,27,33,60,0.1014,0.1188,0.1795,1.0,0.0,89.47,1.541,10.8759,10.8759,2122.2499,1769350577.2210908,2.35,5,213,0.347,31,0,0,14.57,15.0,0,273,1769350571.57,-4.555,meta-llama/Llama-3.2-1B-Instruct,"1769350571.570, 1769350571.811, 1769350571.907, 1769350571.967, 1769350572.041"
1.0,0,1769350563.9428,11.8584,27,32,59,0.1386,0.0613,0.1605,1.0,0.0,89.52,1.5736,10.9971,10.9971,2133.247,1769350577.3835864,2.34,5,214,0.347,31,0,0,14.57,15.0,0,273,1769350571.57,-4.555,meta-llama/Llama-3.2-1B-Instruct,"1769350571.570, 1769350571.811, 1769350571.907, 1769350571.967, 1769350572.041"
1.0,0,1769350564.5674,11.3535,27,32,59,0.124,0.06,0.0942,1.0,0.0,89.57,1.5003,10.4775,10.4775,2184.0297,1769350577.4367085,2.33,5,219,0.346,26,1,0,14.57,15.0,0,273,1769350571.57,-4.555,meta-llama/Llama-3.2-1B-Instruct,"1769350571.570, 1769350571.811, 1769350571.907, 1769350571.967, 1769350572.041"
1.0,0,1769350565.5641,10.4628,27,32,59,0.0688,0.0654,0.0709,1.0,0.0,89.62,1.4022,9.5316,9.5316,2184.0297,1769350577.4385588,2.3,5,219,0.346,29,1,0,14.57,15.0,0,273,1769350571.57,-4.555,meta-llama/Llama-3.2-1B-Instruct,"1769350571.570, 1769350571.811, 1769350571.907, 1769350571.967, 1769350572.041"
1.0,0,1769350565.4764,10.5417,27,32,59,0.0786,0.0572,0.0632,1.0,0.0,89.67,1.4154,9.6203,9.6203,2195.0287,1769350577.4464157,2.29,5,220,0.346,29,1,0,14.57,15.0,0,273,1769350571.57,-4.555,meta-llama/Llama-3.2-1B-Instruct,"1769350571.570, 1769350571.811, 1769350571.907, 1769350571.967, 1769350572.041"
1.0,0,1769350564.4951,11.4296,27,32,59,0.121,0.0628,0.1134,1.0,0.0,89.72,1.5096,10.5506,10.5506,2206.0465,1769350577.454054,2.28,5,221,0.346,25,0,0,14.57,15.0,0,273,1769350571.57,-4.555,meta-llama/Llama-3.2-1B-Instruct,"1769350571.570, 1769350571.811, 1769350571.907, 1769350571.967, 1769350572.041"
1.0,0,1769350564.444,11.5003,27,32,59,0.1024,0.0622,0.1111,1.0,0.0,89.77,1.4772,10.6027,10.6027,2206.0465,1769350577.4563806,2.31,5,221,0.346,25,0,0,14.57,15.0,0,273,1769350571.57,-4.555,meta-llama/Llama-3.2-1B-Instruct,"1769350571.570, 1769350571.811, 1769350571.907, 1769350571.967, 1769350572.041"
1.0,0,1769350564.0801,11.891,27,32,59,0.108,0.0643,0.0783,1.0,0.0,89.81,1.4716,10.999,10.999,2206.0465,1769350577.4567952,2.27,5,221,0.346,25,0,0,14.57,15.0,0,273,1769350571.57,-4.555,meta-llama/Llama-3.2-1B-Instruct,"1769350571.570, 1769350571.811, 1769350571.907, 1769350571.967, 1769350572.041"
1.0,0,1769350564.0149,11.8797,27,32,59,0.1381,0.0828,0.1212,1.0,0.0,89.86,1.5592,11.0178,11.0178,2206.0465,1769350577.458765,2.26,5,221,0.346,26,1,0,14.57,15.0,0,273,1769350571.57,-4.555,meta-llama/Llama-3.2-1B-Instruct,"1769350571.570, 1769350571.811, 1769350571.907, 1769350571.967, 1769350572.041"
1.0,0,1769350565.64,10.5468,27,32,59,0.0995,0.0561,0.0783,1.0,0.0,89.91,1.4282,9.6463,9.6463,2215.6928,1769350577.6186166,2.25,5,222,0.347,31,0,0,14.57,15.0,0,273,1769350571.57,-4.555,meta-llama/Llama-3.2-1B-Instruct,"1769350571.570, 1769350571.811, 1769350571.907, 1769350571.967, 1769350572.041"
1.0,0,1769350566.7968,10.7783,27,0,27,,,,1.0,,,0.0797,9.858,9.858,2225.5508,1769350577.6584315,2.24,5,223,0.348,25,0,0,14.57,15.0,0,273,1769350571.57,-4.555,meta-llama/Llama-3.2-1B-Instruct,"1769350571.570, 1769350571.811, 1769350571.907, 1769350571.967, 1769350572.041"
1.0,0,1769350565.7419,11.5004,27,32,59,0.0777,0.0825,0.1072,1.0,0.0,89.95,1.488,10.5781,10.5781,2236.1289,1769350578.73996,2.23,5,224,0.349,31,0,0,14.57,15.0,0,273,1769350571.57,-4.555,meta-llama/Llama-3.2-1B-Instruct,"1769350571.570, 1769350571.811, 1769350571.907, 1769350571.967, 1769350572.041"
1.0,0,1769350565.8468,11.5571,27,32,59,0.1426,0.0786,0.1214,1.0,0.0,90.0,1.5345,10.6997,10.6997,2246.8286,1769350578.9453387,2.22,5,225,0.348,24,0,0,14.57,15.0,0,273,1769350571.57,-4.555,meta-llama/Llama-3.2-1B-Instruct,"1769350571.570, 1769350571.811, 1769350571.907, 1769350571.967, 1769350572.041"
1.0,0,1769350566.5722,10.9676,27,32,59,0.1166,0.0736,0.0823,1.0,0.0,90.05,1.4954,10.0842,10.0842,2297.1273,1769350579.048469,2.2,5,230,0.348,25,0,0,14.57,15.0,0,273,1769350571.57,-4.555,meta-llama/Llama-3.2-1B-Instruct,"1769350571.570, 1769350571.811, 1769350571.907, 1769350571.967, 1769350572.041"
1.0,0,1769350566.06,11.4507,27,32,59,0.1421,0.0724,0.077,1.0,0.0,90.09,1.5241,10.5928,10.5928,2297.1273,1769350579.0498624,2.21,5,230,0.348,25,0,0,14.57,15.0,0,273,1769350571.57,-4.555,meta-llama/Llama-3.2-1B-Instruct,"1769350571.570, 1769350571.811, 1769350571.907, 1769350571.967, 1769350572.041"
1.0,0,1769350566.5178,10.9628,27,32,59,0.1736,0.069,0.0811,1.0,0.0,90.27,1.5721,10.1364,10.1364,2307.2638,1769350579.0548759,2.16,5,231,0.348,24,1,0,14.57,15.0,0,273,1769350571.57,-4.555,meta-llama/Llama-3.2-1B-Instruct,"1769350571.570, 1769350571.811, 1769350571.907, 1769350571.967, 1769350572.041"
1.0,0,1769350567.7496,9.9358,27,32,59,0.0711,0.0681,0.0818,1.0,0.0,90.31,1.4534,9.0069,9.0069,2316.2706,1769350579.1457675,2.16,5,232,0.349,30,0,0,14.57,15.0,0,273,1769350571.57,-4.555,meta-llama/Llama-3.2-1B-Instruct,"1769350571.570, 1769350571.811, 1769350571.907, 1769350571.967, 1769350572.041"
1.0,0,1769350567.4422,10.2048,27,32,59,0.0933,0.07,0.1021,1.0,0.0,90.35,1.4991,9.2981,9.2981,2325.5687,1769350579.1474268,2.15,5,233,0.349,31,0,0,14.57,15.0,0,273,1769350571.57,-4.555,meta-llama/Llama-3.2-1B-Instruct,"1769350571.570, 1769350571.811, 1769350571.907, 1769350571.967, 1769350572.041"
1.0,0,1769350568.2175,10.548,27,32,59,0.0822,0.0864,0.0898,1.0,0.0,90.39,1.439,9.6302,9.6302,2335.1989,1769350580.2067647,2.14,5,234,0.352,31,0,0,14.57,15.0,0,273,1769350571.57,-4.555,meta-llama/Llama-3.2-1B-Instruct,"1769350571.570, 1769350571.811, 1769350571.907, 1769350571.967, 1769350572.041"
1.0,0,1769350568.3724,10.5941,27,32,59,0.0733,0.0783,0.0961,1.0,0.0,90.43,1.4241,9.6674,9.6674,2344.8663,1769350580.3978975,2.13,5,235,0.352,31,0,0,14.57,15.0,0,273,1769350571.57,-4.555,meta-llama/Llama-3.2-1B-Instruct,"1769350571.570, 1769350571.811, 1769350571.907, 1769350571.967, 1769350572.041"
1.0,0,1769350569.2757,9.9312,27,32,59,0.1357,0.0576,0.0611,1.0,0.0,90.48,1.4472,9.0669,9.0669,2380.5614,1769350580.670226,2.12,5,239,0.351,24,0,0,14.57,15.0,0,273,1769350571.57,-4.555,meta-llama/Llama-3.2-1B-Instruct,"1769350571.570, 1769350571.811, 1769350571.907, 1769350571.967, 1769350572.041"
1.0,0,1769350568.8444,10.3312,27,32,59,0.1528,0.063,0.0677,1.0,0.0,90.52,1.4913,9.484,9.484,2408.5736,1769350580.6758413,2.1,5,242,0.351,26,0,0,14.57,15.0,0,273,1769350571.57,-4.555,meta-llama/Llama-3.2-1B-Instruct,"1769350571.570, 1769350571.811, 1769350571.907, 1769350571.967, 1769350572.041"
1.0,0,1769350569.7428,9.5279,27,32,59,0.0734,0.0544,0.0552,1.0,0.0,90.56,1.3939,8.6013,8.6013,2408.5736,1769350580.6762722,2.11,5,242,0.351,24,0,0,14.57,15.0,0,273,1769350571.57,-4.555,meta-llama/Llama-3.2-1B-Instruct,"1769350571.570, 1769350571.811, 1769350571.907, 1769350571.967, 1769350572.041"
1.0,0,1769350568.5435,10.6415,27,32,59,0.1451,0.0649,0.0738,1.0,0.0,90.6,1.4858,9.7866,9.7866,2408.5736,1769350580.6764648,2.08,5,242,0.351,26,0,0,14.57,15.0,0,273,1769350571.57,-4.555,meta-llama/Llama-3.2-1B-Instruct,"1769350571.570, 1769350571.811, 1769350571.907, 1769350571.967, 1769350572.041"
1.0,0,1769350569.5494,9.6437,27,32,59,0.1487,0.0576,0.0582,1.0,0.0,90.64,1.4804,8.7924,8.7924,2417.9291,1769350580.6775892,2.07,5,243,0.351,24,0,0,14.57,15.0,0,273,1769350571.57,-4.555,meta-llama/Llama-3.2-1B-Instruct,"1769350571.570, 1769350571.811, 1769350571.907, 1769350571.967, 1769350572.041"
1.0,0,1769350568.8958,10.2846,27,32,59,0.1486,0.0568,0.0715,1.0,0.0,90.68,1.4952,9.4333,9.4333,2417.9291,1769350580.6781588,2.07,5,243,0.351,24,0,0,14.57,15.0,0,273,1769350571.57,-4.555,meta-llama/Llama-3.2-1B-Instruct,"1769350571.570, 1769350571.811, 1769350571.907, 1769350571.967, 1769350572.041"
1.0,0,1769350569.8004,9.4548,27,32,59,0.0881,0.0546,0.0665,1.0,0.0,90.72,1.4147,8.5429,8.5429,2417.9291,1769350580.678327,2.09,5,243,0.351,24,0,0,14.57,15.0,0,273,1769350571.57,-4.555,meta-llama/Llama-3.2-1B-Instruct,"1769350571.570, 1769350571.811, 1769350571.907, 1769350571.967, 1769350572.041"
1.0,0,1769350568.9753,10.2131,27,32,59,0.1423,0.0623,0.0685,1.0,0.0,90.76,1.4888,9.3555,9.3555,2417.9291,1769350580.6804821,2.06,5,243,0.351,24,0,0,14.57,15.0,0,273,1769350571.57,-4.555,meta-llama/Llama-3.2-1B-Instruct,"1769350571.570, 1769350571.811, 1769350571.907, 1769350571.967, 1769350572.041"
1.0,0,1769350570.3361,9.8896,27,32,59,0.0741,0.0731,0.0738,1.0,0.0,90.79,1.4462,8.9637,8.9637,2426.8928,1769350581.688137,2.05,5,244,0.354,31,0,0,14.57,15.0,0,295,1769350577.18,-3.96,meta-llama/Llama-3.2-1B-Instruct,"1769350577.180, 1769350577.252, 1769350577.391, 1769350577.558, 1769350577.679"
1.0,0,1769350570.4744,9.9442,27,32,59,0.1074,0.0783,0.086,1.0,0.0,90.83,1.4926,9.0516,9.0516,2435.9445,1769350581.917714,2.04,5,245,0.354,31,0,0,14.57,15.0,0,295,1769350577.18,-3.96,meta-llama/Llama-3.2-1B-Instruct,"1769350577.180, 1769350577.252, 1769350577.391, 1769350577.558, 1769350577.679"
1.0,0,1769350570.57,10.1838,27,32,59,0.0866,0.0623,0.0967,1.0,0.0,90.87,1.4676,9.2704,9.2704,2462.9937,1769350582.229517,2.02,5,248,0.353,24,0,0,14.57,15.0,0,295,1769350577.18,-3.96,meta-llama/Llama-3.2-1B-Instruct,"1769350577.180, 1769350577.252, 1769350577.391, 1769350577.558, 1769350577.679"
1.0,0,1769350570.9066,9.8438,27,31,58,0.111,0.0646,0.0837,1.0,0.0,90.91,1.4654,8.9547,8.9547,2462.9937,1769350582.23039,2.03,5,248,0.353,24,0,0,14.57,15.0,0,295,1769350577.18,-3.96,meta-llama/Llama-3.2-1B-Instruct,"1769350577.180, 1769350577.252, 1769350577.391, 1769350577.558, 1769350577.679"
1.0,0,1769350571.0412,9.6762,27,32,59,0.1478,0.0705,0.0786,1.0,0.0,90.95,1.5035,8.8241,8.8241,2462.9937,1769350582.2305806,2.02,5,248,0.353,24,0,0,14.57,15.0,0,295,1769350577.18,-3.96,meta-llama/Llama-3.2-1B-Instruct,"1769350577.180, 1769350577.252, 1769350577.391, 1769350577.558, 1769350577.679"
1.0,0,1769350570.9673,9.7907,27,32,59,0.1015,0.0574,0.0823,1.0,0.0,90.98,1.473,8.8922,8.8922,2471.8859,1769350582.2331743,2.01,5,249,0.353,24,0,0,14.57,15.0,0,295,1769350577.18,-3.96,meta-llama/Llama-3.2-1B-Instruct,"1769350577.180, 1769350577.252, 1769350577.391, 1769350577.558, 1769350577.679"
1.0,0,1769350571.4757,9.3719,27,32,59,0.0912,0.0603,0.0681,1.0,0.0,91.02,1.4483,8.4631,8.4631,2488.7387,1769350582.30588,2.0,5,251,0.353,24,0,0,14.57,15.0,0,295,1769350577.18,-3.96,meta-llama/Llama-3.2-1B-Instruct,"1769350577.180, 1769350577.252, 1769350577.391, 1769350577.558, 1769350577.679"
1.0,0,1769350571.5363,9.2898,27,32,59,0.0998,0.0653,0.0859,1.0,0.0,91.06,1.4738,8.3897,8.3897,2488.7387,1769350582.3135285,1.99,5,251,0.353,24,0,0,14.57,15.0,0,295,1769350577.18,-3.96,meta-llama/Llama-3.2-1B-Instruct,"1769350577.180, 1769350577.252, 1769350577.391, 1769350577.558, 1769350577.679"
1.0,0,1769350570.8114,10.0078,27,31,58,0.1217,0.0592,0.0925,1.0,0.0,91.09,1.5035,9.1295,9.1295,2506.6847,1769350582.3328774,1.98,5,253,0.353,24,0,0,14.57,15.0,0,295,1769350577.18,-3.96,meta-llama/Llama-3.2-1B-Instruct,"1769350577.180, 1769350577.252, 1769350577.391, 1769350577.558, 1769350577.679"
1.0,0,1769350571.1217,9.6481,27,32,59,0.1683,0.0642,0.0831,1.0,0.0,91.13,1.545,8.8164,8.8164,2506.6847,1769350582.3358939,1.98,5,253,0.353,24,0,0,14.57,15.0,0,295,1769350577.18,-3.96,meta-llama/Llama-3.2-1B-Instruct,"1769350577.180, 1769350577.252, 1769350577.391, 1769350577.558, 1769350577.679"
1.0,0,1769350571.6363,10.0914,27,32,59,0.0906,0.0798,0.2138,1.0,0.0,91.16,1.4745,9.182,9.182,2515.8667,1769350583.2063787,1.97,5,254,0.356,31,0,0,14.57,15.0,0,295,1769350577.18,-3.96,meta-llama/Llama-3.2-1B-Instruct,"1769350577.180, 1769350577.252, 1769350577.391, 1769350577.558, 1769350577.679"
1.0,0,1769350571.969,9.9909,27,32,59,0.0875,0.0864,0.2096,1.0,0.0,91.2,1.4811,9.0784,9.0784,2524.9451,1769350583.446756,1.96,5,255,0.357,31,0,0,14.57,15.0,0,295,1769350577.18,-3.96,meta-llama/Llama-3.2-1B-Instruct,"1769350577.180, 1769350577.252, 1769350577.391, 1769350577.558, 1769350577.679"
1.0,0,1769350572.5177,9.7445,27,32,59,0.1139,0.0763,0.285,1.0,0.0,91.24,1.4773,8.8584,8.8584,2543.0614,1769350583.7512417,1.95,5,257,0.356,24,0,0,14.57,15.0,0,295,1769350577.18,-3.96,meta-llama/Llama-3.2-1B-Instruct,"1769350577.180, 1769350577.252, 1769350577.391, 1769350577.558, 1769350577.679"
1.0,0,1769350572.1153,10.1394,27,32,59,0.1185,0.0791,0.204,1.0,0.0,91.27,1.4947,9.2579,9.2579,2543.0614,1769350583.7549565,1.95,5,257,0.356,24,0,0,14.57,15.0,0,295,1769350577.18,-3.96,meta-llama/Llama-3.2-1B-Instruct,"1769350577.180, 1769350577.252, 1769350577.391, 1769350577.558, 1769350577.679"
1.0,0,1769350572.4454,9.8876,27,32,59,0.1112,0.0884,0.2149,1.0,0.0,91.3,1.4409,8.9988,8.9988,2561.4754,1769350583.7854154,1.94,5,259,0.356,24,0,0,14.57,15.0,0,295,1769350577.18,-3.96,meta-llama/Llama-3.2-1B-Instruct,"1769350577.180, 1769350577.252, 1769350577.391, 1769350577.558, 1769350577.679"
1.0,0,1769350572.0234,10.3125,27,32,59,0.1027,0.0736,0.2438,1.0,0.0,91.34,1.4457,9.4152,9.4152,2561.4754,1769350583.787142,1.93,5,259,0.356,24,0,0,14.57,15.0,0,295,1769350577.18,-3.96,meta-llama/Llama-3.2-1B-Instruct,"1769350577.180, 1769350577.252, 1769350577.391, 1769350577.558, 1769350577.679"
1.0,0,1769350572.909,9.497,27,32,59,0.1101,0.0701,0.3107,1.0,0.0,91.37,1.4272,8.6072,8.6072,2587.4407,1769350583.8670506,1.92,5,262,0.356,26,0,0,14.57,15.0,0,295,1769350577.18,-3.96,meta-llama/Llama-3.2-1B-Instruct,"1769350577.180, 1769350577.252, 1769350577.391, 1769350577.558, 1769350577.679"
1.0,0,1769350572.6686,9.7134,27,32,59,0.1281,0.0723,0.2171,1.0,0.0,91.41,1.4685,8.8415,8.8415,2587.4407,1769350583.8684258,1.92,5,262,0.356,26,0,0,14.57,15.0,0,295,1769350577.18,-3.96,meta-llama/Llama-3.2-1B-Instruct,"1769350577.180, 1769350577.252, 1769350577.391, 1769350577.558, 1769350577.679"
1.0,0,1769350572.9894,9.4053,27,32,59,0.1113,0.0715,0.2346,1.0,0.0,91.44,1.457,8.5167,8.5167,2595.7861,1769350583.8799536,1.91,5,263,0.356,26,0,0,14.57,15.0,0,295,1769350577.18,-3.96,meta-llama/Llama-3.2-1B-Instruct,"1769350577.180, 1769350577.252, 1769350577.391, 1769350577.558, 1769350577.679"
1.0,0,1769350573.1612,9.252,27,32,59,0.0934,0.0757,0.2578,1.0,0.0,91.47,1.4661,8.3454,8.3454,2595.7861,1769350583.8888671,1.9,5,263,0.356,26,0,0,14.57,15.0,0,295,1769350577.18,-3.96,meta-llama/Llama-3.2-1B-Instruct,"1769350577.180, 1769350577.252, 1769350577.391, 1769350577.558, 1769350577.679"
1.0,0,1769350575.0118,8.9352,27,11,38,0.0876,0.0549,0.0549,1.0,0.0,91.51,0.5396,8.0228,8.0228,2603.8089,1769350584.4888697,1.89,5,264,0.359,27,1,0,14.57,15.0,0,295,1769350577.18,-3.96,meta-llama/Llama-3.2-1B-Instruct,"1769350577.180, 1769350577.252, 1769350577.391, 1769350577.558, 1769350577.679"
1.0,0,1769350573.3319,9.8942,27,32,59,0.0742,0.0634,0.1514,1.0,0.0,91.54,1.5329,8.9684,8.9684,2612.7773,1769350584.7665677,1.89,5,265,0.358,31,0,0,14.57,15.0,0,295,1769350577.18,-3.96,meta-llama/Llama-3.2-1B-Instruct,"1769350577.180, 1769350577.252, 1769350577.391, 1769350577.558, 1769350577.679"
1.0,0,1769350573.5208,9.9661,27,32,59,0.0828,0.0656,0.1342,1.0,0.0,91.57,1.5352,9.0489,9.0489,2621.8262,1769350585.0308547,1.88,5,266,0.359,31,0,0,14.57,15.0,0,295,1769350577.18,-3.96,meta-llama/Llama-3.2-1B-Instruct,"1769350577.180, 1769350577.252, 1769350577.391, 1769350577.558, 1769350577.679"
1.0,0,1769350573.7034,10.1087,27,32,59,0.0916,0.0723,0.1128,1.0,0.0,91.6,1.5236,9.2003,9.2003,2640.2132,1769350585.3522162,1.87,5,268,0.359,28,0,0,14.57,15.0,0,295,1769350577.18,-3.96,meta-llama/Llama-3.2-1B-Instruct,"1769350577.180, 1769350577.252, 1769350577.391, 1769350577.558, 1769350577.679"
1.0,0,1769350573.7583,10.0811,27,32,59,0.1056,0.0603,0.0824,1.0,0.0,91.63,1.5089,9.1867,9.1867,2649.5444,1769350585.3546147,1.87,5,269,0.358,24,0,0,14.57,15.0,0,295,1769350577.18,-3.96,meta-llama/Llama-3.2-1B-Instruct,"1769350577.180, 1769350577.252, 1769350577.391, 1769350577.558, 1769350577.679"
1.0,0,1769350573.5733,10.2271,27,32,59,0.104,0.067,0.12,1.0,0.0,91.67,1.5531,9.3311,9.3311,2658.6349,1769350585.356919,1.86,5,270,0.359,28,0,0,14.57,15.0,0,295,1769350577.18,-3.96,meta-llama/Llama-3.2-1B-Instruct,"1769350577.180, 1769350577.252, 1769350577.391, 1769350577.558, 1769350577.679"
1.0,0,1769350573.8658,9.9916,27,32,59,0.099,0.0586,0.0686,1.0,0.0,91.7,1.4978,9.0906,9.0906,2658.6349,1769350585.3585336,1.85,5,270,0.358,24,0,0,14.57,15.0,0,295,1769350577.18,-3.96,meta-llama/Llama-3.2-1B-Instruct,"1769350577.180, 1769350577.252, 1769350577.391, 1769350577.558, 1769350577.679"
1.0,0,1769350574.2122,9.7034,27,32,59,0.1147,0.0669,0.0964,1.0,0.0,91.73,1.5029,8.8181,8.8181,2675.8041,1769350585.4340594,1.85,5,272,0.359,27,1,0,14.57,15.0,0,295,1769350577.18,-3.96,meta-llama/Llama-3.2-1B-Instruct,"1769350577.180, 1769350577.252, 1769350577.391, 1769350577.558, 1769350577.679"
1.0,0,1769350574.6806,9.2703,27,32,59,0.0807,0.0647,0.066,1.0,0.0,91.76,1.4766,8.351,8.351,2683.5499,1769350585.4556882,1.84,5,273,0.359,27,1,0,14.57,15.0,0,295,1769350577.18,-3.96,meta-llama/Llama-3.2-1B-Instruct,"1769350577.180, 1769350577.252, 1769350577.391, 1769350577.558, 1769350577.679"
1.0,0,1769350575.2832,8.68,27,32,59,0.0658,0.0783,0.0809,1.0,0.0,91.79,1.4825,7.7458,7.7458,2683.5499,1769350585.4598873,1.83,5,273,0.359,27,1,0,14.57,15.0,0,295,1769350577.18,-3.96,meta-llama/Llama-3.2-1B-Instruct,"1769350577.180, 1769350577.252, 1769350577.391, 1769350577.558, 1769350577.679"
1.0,0,1769350575.489,9.0214,27,32,59,0.071,0.0822,0.1386,1.0,0.0,91.82,1.5335,8.0924,8.0924,2691.6423,1769350586.0459976,1.82,5,274,0.36,31,0,0,14.57,15.0,0,295,1769350577.18,-3.96,meta-llama/Llama-3.2-1B-Instruct,"1769350577.180, 1769350577.252, 1769350577.391, 1769350577.558, 1769350577.679"
1.0,0,1769350575.555,9.2383,27,32,59,0.1021,0.0736,0.1323,1.0,0.0,91.85,1.5667,8.3404,8.3404,2699.9826,1769350586.3682733,1.82,5,275,0.361,31,0,0,14.57,15.0,0,314,1769350583.201,-2.979,meta-llama/Llama-3.2-1B-Instruct,"1769350583.201, 1769350583.461, 1769350583.546, 1769350584.340, 1769350584.691"
1.0,0,1769350575.606,9.4678,27,32,59,0.0922,0.0889,0.1339,1.0,0.0,91.88,1.5589,8.56,8.56,2708.5426,1769350586.6423244,1.81,5,276,0.361,31,0,0,14.57,15.0,0,314,1769350583.201,-2.979,meta-llama/Llama-3.2-1B-Instruct,"1769350583.201, 1769350583.461, 1769350583.546, 1769350584.340, 1769350584.691"
1.0,0,1769350576.3911,9.0917,27,32,59,0.0906,0.0657,0.0679,1.0,0.0,91.91,1.4674,8.1823,8.1823,2766.3777,1769350586.96117,1.8,5,283,0.361,27,2,0,14.57,15.0,0,314,1769350583.201,-2.979,meta-llama/Llama-3.2-1B-Instruct,"1769350583.201, 1769350583.461, 1769350583.546, 1769350584.340, 1769350584.691"
1.0,0,1769350575.8368,9.5425,27,32,59,0.1295,0.0695,0.1423,1.0,0.0,91.94,1.565,8.672,8.672,2766.3777,1769350586.9623067,1.81,5,283,0.361,25,0,0,14.57,15.0,0,314,1769350583.201,-2.979,meta-llama/Llama-3.2-1B-Instruct,"1769350583.201, 1769350583.461, 1769350583.546, 1769350584.340, 1769350584.691"
1.0,0,1769350576.1235,9.2626,27,32,59,0.1188,0.0686,0.1497,1.0,0.0,91.97,1.5714,8.3814,8.3814,2766.3777,1769350586.9634326,1.79,5,283,0.361,25,0,0,14.57,15.0,0,314,1769350583.201,-2.979,meta-llama/Llama-3.2-1B-Instruct,"1769350583.201, 1769350583.461, 1769350583.546, 1769350584.340, 1769350584.691"
1.0,0,1769350576.6792,8.845,27,32,59,0.065,0.0599,0.0662,1.0,0.0,92.0,1.4367,7.91,7.91,2766.3777,1769350586.963609,1.77,5,283,0.361,27,2,0,14.57,15.0,0,314,1769350583.201,-2.979,meta-llama/Llama-3.2-1B-Instruct,"1769350583.201, 1769350583.461, 1769350583.546, 1769350584.340, 1769350584.691"
200.0,1,1769350531.6525,0.0348,5583,1024,6607,2.3259,0.0764,0.1427,200.0,0.0,92.11,55.5747,-144.3905,0.0,2766.3777,1769350587.2945821,2.11,17,295,0.035,10,1,0,13.78,15.0,0,314,1769350583.201,-2.979,meta-llama/Llama-3.2-1B-Instruct,"1769350583.201, 1769350583.461, 1769350583.546, 1769350584.340, 1769350584.691"
200.0,1,1769350531.8007,0.0377,4513,1032,5545,3.9064,0.0781,0.1453,200.0,0.0,92.14,55.4248,-144.5375,0.0,2766.3777,1769350587.2965598,2.46,17,295,0.035,10,1,0,13.78,15.0,0,314,1769350583.201,-2.979,meta-llama/Llama-3.2-1B-Instruct,"1769350583.201, 1769350583.461, 1769350583.546, 1769350584.340, 1769350584.691"
200.0,1,1769350530.7998,0.1156,3840,1020,4860,0.609,0.0781,0.1393,200.0,0.0,92.17,56.3524,-143.5321,0.0,2766.3777,1769350587.3019648,3.47,18,296,0.0,0,0,0,12.58,15.0,0,314,1769350583.201,-2.979,meta-llama/Llama-3.2-1B-Instruct,"1769350583.201, 1769350583.461, 1769350583.546, 1769350584.340, 1769350584.691"
200.0,1,1769350531.2957,0.0342,3436,1024,4460,0.8922,0.0797,0.1383,200.0,0.0,92.2,55.9366,-144.0293,0.0,2766.3777,1769350587.3027723,2.8,18,296,0.0,0,0,0,13.46,15.0,0,314,1769350583.201,-2.979,meta-llama/Llama-3.2-1B-Instruct,"1769350583.201, 1769350583.461, 1769350583.546, 1769350584.340, 1769350584.691"
200.0,1,1769350530.9908,0.0385,3405,1024,4429,1.1953,0.0823,0.1389,200.0,0.0,92.23,56.2473,-143.7142,0.0,2766.3777,1769350587.3040667,4.14,19,297,0.0,0,0,0,13.45,15.0,0,314,1769350583.201,-2.979,meta-llama/Llama-3.2-1B-Instruct,"1769350583.201, 1769350583.461, 1769350583.546, 1769350584.340, 1769350584.691"
200.0,1,1769350531.4277,0.03,3656,1023,4679,2.5519,0.0773,0.1506,200.0,0.0,92.25,55.8093,-144.1606,0.0,2766.3777,1769350587.3044984,3.14,19,297,0.0,0,0,0,13.46,15.0,0,314,1769350583.201,-2.979,meta-llama/Llama-3.2-1B-Instruct,"1769350583.201, 1769350583.461, 1769350583.546, 1769350584.340, 1769350584.691"
200.0,1,1769350532.7709,0.0342,3556,1024,4580,5.7527,0.0811,0.1435,200.0,0.0,92.28,54.4782,-145.4877,0.0,2766.3777,1769350587.3050945,4.79,19,297,0.086,15,7,0,14.51,15.0,0,314,1769350583.201,-2.979,meta-llama/Llama-3.2-1B-Instruct,"1769350583.201, 1769350583.461, 1769350583.546, 1769350584.340, 1769350584.691"
200.0,1,1769350532.861,0.0365,5583,1032,6615,5.6562,0.0781,0.1416,200.0,0.0,92.31,54.3784,-145.5851,0.0,2766.3777,1769350587.3070042,3.81,19,297,0.086,15,7,0,14.51,15.0,0,314,1769350583.201,-2.979,meta-llama/Llama-3.2-1B-Instruct,"1769350583.201, 1769350583.461, 1769350583.546, 1769350584.340, 1769350584.691"
200.0,1,1769350532.353,0.1008,4221,1042,5263,4.6711,0.0816,0.1402,200.0,0.0,92.33,54.8275,-145.0717,0.0,2766.3777,1769350587.31028,4.47,19,297,0.086,15,7,0,14.51,15.0,0,314,1769350583.201,-2.979,meta-llama/Llama-3.2-1B-Instruct,"1769350583.201, 1769350583.461, 1769350583.546, 1769350584.340, 1769350584.691"
200.0,1,1769350532.6952,0.0347,3766,1029,4795,5.8259,0.0845,0.1394,200.0,0.0,92.36,54.562,-145.4033,0.0,2766.3777,1769350587.320817,5.44,19,297,0.086,15,7,0,14.51,15.0,0,314,1769350583.201,-2.979,meta-llama/Llama-3.2-1B-Instruct,"1769350583.201, 1769350583.461, 1769350583.546, 1769350584.340, 1769350584.691"
200.0,1,1769350531.5667,0.0333,3087,1030,4117,2.4111,0.0795,0.1564,200.0,0.0,92.39,55.6858,-144.2808,0.0,2766.3777,1769350587.3221571,5.12,19,297,0.035,10,1,0,13.78,15.0,0,314,1769350583.201,-2.979,meta-llama/Llama-3.2-1B-Instruct,"1769350583.201, 1769350583.461, 1769350583.546, 1769350584.340, 1769350584.691"
200.0,1,1769350531.5027,0.0345,3412,1026,4438,2.472,0.077,0.1409,200.0,0.0,92.41,55.7568,-144.2088,0.0,2766.3777,1769350587.3272712,5.76,19,297,0.035,10,1,0,13.78,15.0,0,314,1769350583.201,-2.979,meta-llama/Llama-3.2-1B-Instruct,"1769350583.201, 1769350583.461, 1769350583.546, 1769350584.340, 1769350584.691"
200.0,1,1769350532.4879,0.0351,5078,1028,6106,4.6029,0.0784,0.1423,200.0,0.0,92.44,54.7802,-145.1846,0.0,2766.3777,1769350587.3332336,6.4,19,297,0.086,15,7,0,14.51,15.0,0,314,1769350583.201,-2.979,meta-llama/Llama-3.2-1B-Instruct,"1769350583.201, 1769350583.461, 1769350583.546, 1769350584.340, 1769350584.691"
200.0,1,1769350532.2732,0.0309,9150,1024,10174,3.4412,0.0811,0.1459,200.0,0.0,92.47,54.994,-144.9751,0.0,2766.3777,1769350587.3344462,6.08,19,297,0.086,15,7,0,14.51,15.0,0,314,1769350583.201,-2.979,meta-llama/Llama-3.2-1B-Instruct,"1769350583.201, 1769350583.461, 1769350583.546, 1769350584.340, 1769350584.691"
1.0,0,1769350577.0015,9.0637,27,32,59,0.0737,0.1034,0.2217,1.0,0.0,92.49,1.6559,8.1374,8.1374,2774.515,1769350587.7221806,6.38,19,298,0.363,31,0,0,14.57,15.0,0,314,1769350583.201,-2.979,meta-llama/Llama-3.2-1B-Instruct,"1769350583.201, 1769350583.461, 1769350583.546, 1769350584.340, 1769350584.691"
1.0,0,1769350578.2625,8.7581,27,15,42,0.1158,0.2091,0.2091,1.0,0.0,92.52,0.9391,7.8739,7.8739,2782.3889,1769350587.9715552,6.35,19,299,0.363,25,0,0,14.57,15.0,0,314,1769350583.201,-2.979,meta-llama/Llama-3.2-1B-Instruct,"1769350583.201, 1769350583.461, 1769350583.546, 1769350584.340, 1769350584.691"
1.0,0,1769350577.3223,9.0836,27,32,59,0.1016,0.0856,0.1956,1.0,0.0,92.54,1.6354,8.1852,8.1852,2790.5742,1769350588.046986,6.33,19,300,0.363,31,0,0,14.57,15.0,0,314,1769350583.201,-2.979,meta-llama/Llama-3.2-1B-Instruct,"1769350583.201, 1769350583.461, 1769350583.546, 1769350584.340, 1769350584.691"
1.0,0,1769350581.8515,6.2164,27,0,27,,,,1.0,,,0.0576,5.274,5.274,2795.8481,1769350588.1278777,6.31,19,301,0.12,30,0,0,14.57,15.0,0,314,1769350583.201,-2.979,meta-llama/Llama-3.2-1B-Instruct,"1769350583.201, 1769350583.461, 1769350583.546, 1769350584.340, 1769350584.691"
1.0,0,1769350578.0605,8.9417,27,19,46,0.1266,0.1541,0.1541,1.0,0.0,92.57,1.1816,8.0683,8.0683,2803.9164,1769350588.1887827,6.29,19,302,0.363,25,0,0,14.57,15.0,0,314,1769350583.201,-2.979,meta-llama/Llama-3.2-1B-Instruct,"1769350583.201, 1769350583.461, 1769350583.546, 1769350584.340, 1769350584.691"
1.0,0,1769350577.7645,8.8978,27,32,59,0.0666,0.0941,0.1581,1.0,0.0,92.59,1.6881,7.9644,7.9644,2811.8809,1769350588.3654337,6.27,19,303,0.364,31,0,0,14.57,15.0,0,314,1769350583.201,-2.979,meta-llama/Llama-3.2-1B-Instruct,"1769350583.201, 1769350583.461, 1769350583.546, 1769350584.340, 1769350584.691"
1.0,0,1769350577.875,9.1366,27,32,59,0.1202,0.0838,0.1878,1.0,0.0,92.62,1.7052,8.2568,8.2568,2820.1377,1769350588.7294266,6.25,19,304,0.363,25,0,0,14.57,15.0,0,314,1769350583.201,-2.979,meta-llama/Llama-3.2-1B-Instruct,"1769350583.201, 1769350583.461, 1769350583.546, 1769350584.340, 1769350584.691"
1.0,0,1769350578.4168,8.6115,27,32,59,0.1041,0.0793,0.165,1.0,0.0,92.64,1.706,7.7156,7.7156,2835.7971,1769350588.7361267,6.23,19,306,0.363,25,0,0,14.57,15.0,0,314,1769350583.201,-2.979,meta-llama/Llama-3.2-1B-Instruct,"1769350583.201, 1769350583.461, 1769350583.546, 1769350584.340, 1769350584.691"
1.0,0,1769350578.1932,8.8506,27,32,59,0.0933,0.0824,0.1959,1.0,0.0,92.67,1.6915,7.9439,7.9439,2835.7971,1769350588.7367616,6.21,19,306,0.363,25,0,0,14.57,15.0,0,314,1769350583.201,-2.979,meta-llama/Llama-3.2-1B-Instruct,"1769350583.201, 1769350583.461, 1769350583.546, 1769350584.340, 1769350584.691"
1.0,0,1769350578.5985,8.4499,27,32,59,0.1568,0.0843,0.2043,1.0,0.0,92.69,1.7334,7.6067,7.6067,2851.2886,1769350588.814518,6.19,19,308,0.363,25,0,0,14.57,15.0,0,314,1769350583.201,-2.979,meta-llama/Llama-3.2-1B-Instruct,"1769350583.201, 1769350583.461, 1769350583.546, 1769350584.340, 1769350584.691"
1.0,0,1769350578.3164,8.7789,27,32,59,0.1058,0.0822,0.2322,1.0,0.0,92.72,1.7175,7.8847,7.8847,2851.2886,1769350588.828405,6.17,19,308,0.363,25,0,0,14.57,15.0,0,314,1769350583.201,-2.979,meta-llama/Llama-3.2-1B-Instruct,"1769350583.201, 1769350583.461, 1769350583.546, 1769350584.340, 1769350584.691"
1.0,0,1769350580.8796,6.5886,27,32,59,0.1457,0.0875,0.0985,1.0,0.0,92.74,1.6467,5.7343,5.7343,2874.5083,1769350589.1154568,6.09,19,312,0.118,18,0,0,14.57,15.0,0,314,1769350583.201,-2.979,meta-llama/Llama-3.2-1B-Instruct,"1769350583.201, 1769350583.461, 1769350583.546, 1769350584.340, 1769350584.691"
1.0,0,1769350581.0568,6.4781,27,32,59,0.1202,0.0805,0.1161,1.0,0.0,92.76,1.5753,5.5983,5.5983,2902.3641,1769350589.1223524,6.15,19,316,0.118,18,0,0,14.57,15.0,0,314,1769350583.201,-2.979,meta-llama/Llama-3.2-1B-Instruct,"1769350583.201, 1769350583.461, 1769350583.546, 1769350584.340, 1769350584.691"
1.0,0,1769350580.9572,6.5252,27,32,59,0.1023,0.0874,0.1152,1.0,0.0,92.79,1.6283,5.6275,5.6275,2910.1169,1769350589.1276708,6.13,19,317,0.118,18,0,0,14.57,15.0,0,314,1769350583.201,-2.979,meta-llama/Llama-3.2-1B-Instruct,"1769350583.201, 1769350583.461, 1769350583.546, 1769350584.340, 1769350584.691"
1.0,0,1769350580.356,7.1675,27,32,59,0.0921,0.08,0.0911,1.0,0.0,92.81,1.5877,6.2596,6.2596,2910.1169,1769350589.1278853,6.11,19,317,0.118,18,0,0,14.57,15.0,0,314,1769350583.201,-2.979,meta-llama/Llama-3.2-1B-Instruct,"1769350583.201, 1769350583.461, 1769350583.546, 1769350584.340, 1769350584.691"
1.0,0,1769350579.778,7.7281,27,32,59,0.146,0.0786,0.0856,1.0,0.0,92.83,1.6127,6.8741,6.8741,2936.2668,1769350589.1308138,6.03,19,321,0.118,18,0,0,14.57,15.0,0,314,1769350583.201,-2.979,meta-llama/Llama-3.2-1B-Instruct,"1769350583.201, 1769350583.461, 1769350583.546, 1769350584.340, 1769350584.691"
1.0,0,1769350579.6195,7.7631,27,32,59,0.1678,0.0957,0.1555,1.0,0.0,92.86,1.7366,6.931,6.931,2936.2668,1769350589.1318467,6.01,19,321,0.118,18,0,0,14.57,15.0,0,314,1769350583.201,-2.979,meta-llama/Llama-3.2-1B-Instruct,"1769350583.201, 1769350583.461, 1769350583.546, 1769350584.340, 1769350584.691"
1.0,0,1769350578.8875,8.4679,27,32,59,0.1785,0.0855,0.1823,1.0,0.0,92.88,1.763,7.6464,7.6464,2936.2668,1769350589.1330748,6.05,19,321,0.118,18,0,0,14.57,15.0,0,314,1769350583.201,-2.979,meta-llama/Llama-3.2-1B-Instruct,"1769350583.201, 1769350583.461, 1769350583.546, 1769350584.340, 1769350584.691"
1.0,0,1769350580.499,6.9446,27,32,59,0.1305,0.0773,0.134,1.0,0.0,92.9,1.6865,6.0751,6.0751,2936.2668,1769350589.13334,5.94,19,321,0.118,18,0,0,14.57,15.0,0,314,1769350583.201,-2.979,meta-llama/Llama-3.2-1B-Instruct,"1769350583.201, 1769350583.461, 1769350583.546, 1769350584.340, 1769350584.691"
1.0,0,1769350581.1378,6.4026,27,32,59,0.1155,0.0748,0.0797,1.0,0.0,92.93,1.5883,5.5181,5.5181,2943.3562,1769350589.1361613,5.96,19,322,0.118,18,0,0,14.57,15.0,0,314,1769350583.201,-2.979,meta-llama/Llama-3.2-1B-Instruct,"1769350583.201, 1769350583.461, 1769350583.546, 1769350584.340, 1769350584.691"
1.0,0,1769350579.0513,8.4756,27,32,59,0.1296,0.0778,0.0835,1.0,0.0,92.95,1.6037,7.6052,7.6052,2943.3562,1769350589.1380684,5.92,19,322,0.118,18,0,0,14.57,15.0,0,314,1769350583.201,-2.979,meta-llama/Llama-3.2-1B-Instruct,"1769350583.201, 1769350583.461, 1769350583.546, 1769350584.340, 1769350584.691"
1.0,0,1769350579.6993,7.7595,27,32,59,0.192,0.0742,0.0856,1.0,0.0,92.97,1.6695,6.9515,6.9515,2943.3562,1769350589.1409957,5.97,19,322,0.118,18,0,0,14.57,15.0,0,314,1769350583.201,-2.979,meta-llama/Llama-3.2-1B-Instruct,"1769350583.201, 1769350583.461, 1769350583.546, 1769350584.340, 1769350584.691"
1.0,0,1769350580.1785,7.3092,27,32,59,0.0952,0.0805,0.1327,1.0,0.0,92.99,1.6302,6.4044,6.4044,2943.3562,1769350589.145069,6.07,19,322,0.118,18,0,0,14.57,15.0,0,314,1769350583.201,-2.979,meta-llama/Llama-3.2-1B-Instruct,"1769350583.201, 1769350583.461, 1769350583.546, 1769350584.340, 1769350584.691"
1.0,0,1769350579.4617,7.945,27,32,59,0.1443,0.0814,0.1559,1.0,0.0,93.02,1.7269,7.0893,7.0893,2943.3562,1769350589.1467326,5.9,19,322,0.118,18,0,0,14.57,15.0,0,314,1769350583.201,-2.979,meta-llama/Llama-3.2-1B-Instruct,"1769350583.201, 1769350583.461, 1769350583.546, 1769350584.340, 1769350584.691"
1.0,0,1769350578.7955,8.6026,27,35,62,0.1502,0.1543,0.1836,1.0,0.0,93.04,1.7293,7.7528,7.7528,2943.3562,1769350589.1554644,5.99,19,322,0.118,18,0,0,14.57,15.0,0,314,1769350583.201,-2.979,meta-llama/Llama-3.2-1B-Instruct,"1769350583.201, 1769350583.461, 1769350583.546, 1769350584.340, 1769350584.691"
1.0,0,1769350581.2055,6.5626,27,32,59,0.085,0.0813,0.1411,1.0,0.0,93.06,1.5885,5.6476,5.6476,2949.0038,1769350589.371605,5.88,19,323,0.12,31,0,0,14.57,15.0,0,314,1769350583.201,-2.979,meta-llama/Llama-3.2-1B-Instruct,"1769350583.201, 1769350583.461, 1769350583.546, 1769350584.340, 1769350584.691"
200.0,1,1769350533.1037,6.6967,4574,1025,5599,1.9985,0.0801,0.1396,200.0,0.0,93.08,49.7355,-143.5678,0.0,2949.0038,1769350589.5564039,6.46,25,329,0.214,16,0,0,14.57,15.0,0,314,1769350583.201,-2.979,meta-llama/Llama-3.2-1B-Instruct,"1769350583.201, 1769350583.461, 1769350583.546, 1769350584.340, 1769350584.691"
200.0,1,1769350533.4943,6.4312,3276,1027,4303,2.836,0.08,0.1391,200.0,0.0,93.1,49.6068,-143.962,0.0,2949.0038,1769350589.5569885,6.17,25,329,0.214,16,0,0,14.57,15.0,0,314,1769350583.201,-2.979,meta-llama/Llama-3.2-1B-Instruct,"1769350583.201, 1769350583.461, 1769350583.546, 1769350584.340, 1769350584.691"
200.0,1,1769350533.6208,6.2818,3559,1016,4575,1.8991,0.079,0.1519,200.0,0.0,93.12,49.6508,-144.0674,0.0,2949.0038,1769350589.577436,7.6,25,329,0.214,16,0,0,14.57,15.0,0,314,1769350583.201,-2.979,meta-llama/Llama-3.2-1B-Instruct,"1769350583.201, 1769350583.461, 1769350583.546, 1769350584.340, 1769350584.691"
200.0,1,1769350533.2266,6.6386,3271,1027,4298,1.9403,0.0789,0.1465,200.0,0.0,93.15,49.6863,-143.6751,0.0,2949.0038,1769350589.5806196,7.03,25,329,0.214,16,0,0,14.57,15.0,0,314,1769350583.201,-2.979,meta-llama/Llama-3.2-1B-Instruct,"1769350583.201, 1769350583.461, 1769350583.546, 1769350584.340, 1769350584.691"
200.0,1,1769350533.4245,6.4496,3365,1028,4393,2.8865,0.0822,0.1436,200.0,0.0,93.17,49.6724,-143.878,0.0,2949.0038,1769350589.585502,6.75,25,329,0.214,16,0,0,14.57,15.0,0,314,1769350583.201,-2.979,meta-llama/Llama-3.2-1B-Instruct,"1769350583.201, 1769350583.461, 1769350583.546, 1769350584.340, 1769350584.691"
200.0,1,1769350533.9654,5.8707,2980,1015,3995,0.4259,0.0815,0.1448,200.0,0.0,93.19,49.7168,-144.4125,0.0,2949.0038,1769350589.5900495,7.32,25,329,0.214,16,0,0,14.57,15.0,0,314,1769350583.201,-2.979,meta-llama/Llama-3.2-1B-Instruct,"1769350583.201, 1769350583.461, 1769350583.546, 1769350584.340, 1769350584.691"
1.0,0,1769350584.6174,4.5929,27,5,32,0.139,0.1814,0.1814,1.0,0.0,93.21,0.4612,3.732,3.732,2952.7358,1769350589.685212,7.58,25,330,0.119,18,0,0,14.57,15.0,0,314,1769350583.201,-2.979,meta-llama/Llama-3.2-1B-Instruct,"1769350583.201, 1769350583.461, 1769350583.546, 1769350584.340, 1769350584.691"
1.0,0,1769350582.0158,6.1342,27,32,59,0.1131,0.127,0.1873,1.0,0.0,93.23,1.5629,5.2473,5.2473,2957.983,1769350589.725491,7.55,25,331,0.12,31,0,0,14.57,15.0,0,314,1769350583.201,-2.979,meta-llama/Llama-3.2-1B-Instruct,"1769350583.201, 1769350583.461, 1769350583.546, 1769350584.340, 1769350584.691"
1.0,0,1769350581.2959,6.7147,27,32,59,0.1131,0.1075,0.2154,1.0,0.0,93.25,1.7181,5.8279,5.8279,2969.0091,1769350589.7474167,7.53,25,333,0.12,31,0,0,14.57,15.0,0,314,1769350583.201,-2.979,meta-llama/Llama-3.2-1B-Instruct,"1769350583.201, 1769350583.461, 1769350583.546, 1769350584.340, 1769350584.691"
1.0,0,1769350582.0675,6.1418,27,32,59,0.0564,0.0977,0.1735,1.0,0.0,93.27,1.5372,5.1983,5.1983,2969.0091,1769350589.7651293,7.51,25,333,0.12,30,1,0,14.57,15.0,0,314,1769350583.201,-2.979,meta-llama/Llama-3.2-1B-Instruct,"1769350583.201, 1769350583.461, 1769350583.546, 1769350584.340, 1769350584.691"
1.0,0,1769350582.201,6.2251,27,33,60,0.0738,0.1064,0.2043,1.0,0.0,93.29,1.569,5.2988,5.2988,2974.308,1769350589.9976728,7.49,25,334,0.121,31,0,0,14.57,15.0,0,314,1769350583.201,-2.979,meta-llama/Llama-3.2-1B-Instruct,"1769350583.201, 1769350583.461, 1769350583.546, 1769350584.340, 1769350584.691"
1.0,0,1769350582.4609,6.3014,27,32,59,0.0963,0.1003,0.1477,1.0,0.0,93.31,1.4533,5.3976,5.3976,2979.7056,1769350590.2263107,7.46,25,335,0.121,27,0,0,14.57,15.0,0,314,1769350583.201,-2.979,meta-llama/Llama-3.2-1B-Instruct,"1769350583.201, 1769350583.461, 1769350583.546, 1769350584.340, 1769350584.691"
1.0,0,1769350583.3395,5.4927,27,32,59,0.0986,0.1349,0.1919,1.0,0.0,93.33,1.451,4.5913,4.5913,2989.6799,1769350590.3001995,7.44,25,337,0.121,27,0,0,14.57,15.0,0,314,1769350583.201,-2.979,meta-llama/Llama-3.2-1B-Instruct,"1769350583.201, 1769350583.461, 1769350583.546, 1769350584.340, 1769350584.691"
1.0,0,1769350582.5458,6.2756,27,31,58,0.1074,0.1525,0.2256,1.0,0.0,93.35,1.472,5.383,5.383,2989.6799,1769350590.302497,7.42,25,337,0.121,27,0,0,14.57,15.0,0,314,1769350583.201,-2.979,meta-llama/Llama-3.2-1B-Instruct,"1769350583.201, 1769350583.461, 1769350583.546, 1769350584.340, 1769350584.691"
1.0,0,1769350583.6908,5.2661,27,32,59,0.1155,0.1123,0.2272,1.0,0.0,93.37,1.4506,4.3816,4.3816,2998.0648,1769350590.4087288,7.4,25,339,0.121,28,0,0,14.57,15.0,0,314,1769350583.201,-2.979,meta-llama/Llama-3.2-1B-Instruct,"1769350583.201, 1769350583.461, 1769350583.546, 1769350584.340, 1769350584.691"
1.0,0,1769350584.0655,4.886,27,32,59,0.1173,0.1096,0.2231,1.0,0.0,93.39,1.4565,4.0033,4.0033,2998.0648,1769350590.4090369,7.37,25,339,0.121,28,0,0,14.57,15.0,0,314,1769350583.201,-2.979,meta-llama/Llama-3.2-1B-Instruct,"1769350583.201, 1769350583.461, 1769350583.546, 1769350584.340, 1769350584.691"
1.0,0,1769350584.7676,4.4714,27,26,53,0.2037,0.0888,0.1152,1.0,0.0,93.41,1.2504,3.6751,3.6751,3001.74,1769350590.5025747,7.35,25,340,0.119,18,0,0,14.57,15.0,0,314,1769350583.201,-2.979,meta-llama/Llama-3.2-1B-Instruct,"1769350583.201, 1769350583.461, 1769350583.546, 1769350584.340, 1769350584.691"
1.0,0,1769350586.0202,3.3516,27,32,59,0.1046,0.1034,0.3498,1.0,0.0,93.43,1.6328,2.4562,2.4562,3010.2551,1769350591.0189486,7.33,25,344,0.119,18,0,0,14.57,15.0,0,314,1769350583.201,-2.979,meta-llama/Llama-3.2-1B-Instruct,"1769350583.201, 1769350583.461, 1769350583.546, 1769350584.340, 1769350584.691"
1.0,0,1769350586.7711,2.6461,27,32,59,0.0665,0.0886,0.3358,1.0,0.0,93.45,1.5909,1.7126,1.7126,3021.5967,1769350591.0275197,7.29,25,348,0.12,28,3,0,14.57,15.0,0,314,1769350583.201,-2.979,meta-llama/Llama-3.2-1B-Instruct,"1769350583.201, 1769350583.461, 1769350583.546, 1769350584.340, 1769350584.691"
1.0,0,1769350586.107,3.1993,27,31,58,0.116,0.1184,0.3364,1.0,0.0,93.47,1.7039,2.3153,2.3153,3021.5967,1769350591.0277238,7.27,25,348,0.119,17,0,0,14.57,15.0,0,314,1769350583.201,-2.979,meta-llama/Llama-3.2-1B-Instruct,"1769350583.201, 1769350583.461, 1769350583.546, 1769350584.340, 1769350584.691"
1.0,0,1769350586.6924,2.6707,27,32,59,0.1112,0.1111,0.3413,1.0,0.0,93.49,1.6578,1.782,1.782,3027.1368,1769350591.0297995,7.25,25,350,0.119,18,0,0,14.57,15.0,0,314,1769350583.201,-2.979,meta-llama/Llama-3.2-1B-Instruct,"1769350583.201, 1769350583.461, 1769350583.546, 1769350584.340, 1769350584.691"
1.0,0,1769350586.3386,2.949,27,32,59,0.1365,0.1246,0.3325,1.0,0.0,93.51,1.7421,2.0854,2.0854,3030.4373,1769350591.0393753,7.14,25,351,0.119,17,0,0,14.57,15.0,0,314,1769350583.201,-2.979,meta-llama/Llama-3.2-1B-Instruct,"1769350583.201, 1769350583.461, 1769350583.546, 1769350584.340, 1769350584.691"
1.0,0,1769350584.8609,4.3664,27,32,59,0.1432,0.1851,0.3376,1.0,0.0,93.53,1.7993,3.5096,3.5096,3030.4373,1769350591.0395918,7.18,25,351,0.119,18,0,0,14.57,15.0,0,314,1769350583.201,-2.979,meta-llama/Llama-3.2-1B-Instruct,"1769350583.201, 1769350583.461, 1769350583.546, 1769350584.340, 1769350584.691"
1.0,0,1769350584.2274,4.9508,27,32,59,0.1604,0.1859,0.335,1.0,0.0,93.55,1.8441,4.1112,4.1112,3030.4373,1769350591.042997,7.2,25,351,0.119,18,0,0,14.57,15.0,0,314,1769350583.201,-2.979,meta-llama/Llama-3.2-1B-Instruct,"1769350583.201, 1769350583.461, 1769350583.546, 1769350584.340, 1769350584.691"
1.0,0,1769350585.1403,4.1519,27,32,59,0.1485,0.1047,0.3394,1.0,0.0,93.57,1.7417,3.3004,3.3004,3030.4373,1769350591.043123,7.12,25,351,0.119,18,0,0,14.57,15.0,0,314,1769350583.201,-2.979,meta-llama/Llama-3.2-1B-Instruct,"1769350583.201, 1769350583.461, 1769350583.546, 1769350584.340, 1769350584.691"
1.0,0,1769350586.4105,2.8333,27,32,59,0.1978,0.1077,0.349,1.0,0.0,93.59,1.7634,2.0311,2.0311,3030.4373,1769350591.0432966,7.31,25,351,0.119,18,0,0,14.57,15.0,0,314,1769350583.201,-2.979,meta-llama/Llama-3.2-1B-Instruct,"1769350583.201, 1769350583.461, 1769350583.546, 1769350584.340, 1769350584.691"
1.0,0,1769350586.5365,2.845,27,32,59,0.0938,0.1014,0.3481,1.0,0.0,93.6,1.6405,1.9387,1.9387,3030.4373,1769350591.0439892,7.23,25,351,0.119,17,0,0,14.57,15.0,0,314,1769350583.201,-2.979,meta-llama/Llama-3.2-1B-Instruct,"1769350583.201, 1769350583.461, 1769350583.546, 1769350584.340, 1769350584.691"
1.0,0,1769350585.9392,3.3837,27,32,59,0.1171,0.1086,0.3489,1.0,0.0,93.62,1.7263,2.5008,2.5008,3032.938,1769350591.0533545,7.1,25,352,0.119,17,0,0,14.57,15.0,0,314,1769350583.201,-2.979,meta-llama/Llama-3.2-1B-Instruct,"1769350583.201, 1769350583.461, 1769350583.546, 1769350584.340, 1769350584.691"
1.0,0,1769350584.9166,4.3003,27,32,59,0.1544,0.1653,0.3405,1.0,0.0,93.64,1.8111,3.4547,3.4547,3032.938,1769350591.0587273,7.16,25,352,0.119,18,0,0,14.57,15.0,0,314,1769350583.201,-2.979,meta-llama/Llama-3.2-1B-Instruct,"1769350583.201, 1769350583.461, 1769350583.546, 1769350584.340, 1769350584.691"
1.0,0,1769350585.3738,3.8768,27,31,58,0.193,0.1126,0.3477,1.0,0.0,93.66,1.8155,3.0698,3.0698,3036.0078,1769350591.0738742,7.08,25,353,0.119,18,0,0,14.57,15.0,0,314,1769350583.201,-2.979,meta-llama/Llama-3.2-1B-Instruct,"1769350583.201, 1769350583.461, 1769350583.546, 1769350584.340, 1769350584.691"
1.0,0,1769350587.2274,2.3969,27,32,59,0.0882,0.1067,0.3347,1.0,0.0,93.68,1.6508,1.4851,1.4851,3040.943,1769350591.2830486,7.54,27,358,0.034,26,0,0,14.57,15.0,0,314,1769350583.201,-2.979,meta-llama/Llama-3.2-1B-Instruct,"1769350583.201, 1769350583.461, 1769350583.546, 1769350584.340, 1769350584.691"
1.0,0,1769350586.8495,2.7673,27,32,59,0.1004,0.1234,0.328,1.0,0.0,93.7,1.6534,1.8677,1.8677,3040.943,1769350591.2832105,7.56,27,358,0.034,26,0,0,14.57,15.0,0,314,1769350583.201,-2.979,meta-llama/Llama-3.2-1B-Instruct,"1769350583.201, 1769350583.461, 1769350583.546, 1769350584.340, 1769350584.691"
200.0,1,1769350534.5705,9.5666,4215,1028,5243,0.7504,0.081,0.1404,200.0,0.0,93.71,47.1027,-143.3306,0.0,3040.943,1769350591.284009,7.32,27,358,0.305,24,0,0,14.57,15.0,0,314,1769350583.201,-2.979,meta-llama/Llama-3.2-1B-Instruct,"1769350583.201, 1769350583.461, 1769350583.546, 1769350584.340, 1769350584.691"
200.0,1,1769350534.4429,9.5818,3173,1029,4202,0.4406,0.0836,0.1431,200.0,0.0,93.73,47.237,-143.1812,0.0,3040.943,1769350591.288855,7.58,27,358,0.305,24,0,0,14.57,15.0,0,314,1769350583.201,-2.979,meta-llama/Llama-3.2-1B-Instruct,"1769350583.201, 1769350583.461, 1769350583.546, 1769350584.340, 1769350584.691"
1.0,0,1769350587.1525,2.4773,27,32,59,0.1049,0.0959,0.3466,1.0,0.0,93.75,1.6009,1.5823,1.5823,3040.943,1769350591.2892926,7.06,27,358,0.034,24,0,0,14.57,15.0,0,314,1769350583.201,-2.979,meta-llama/Llama-3.2-1B-Instruct,"1769350583.201, 1769350583.461, 1769350583.546, 1769350584.340, 1769350584.691"
1.0,0,1769350587.9848,1.6812,27,32,59,0.168,0.3367,4.8894,1.0,3.8894,93.48,6.5642,0.8491,0.8491,3043.0851,1769350596.2376232,7.52,27,360,0.034,24,0,0,14.57,15.0,0,309,1769350736.004,144.663,meta-llama/Llama-3.2-1B-Instruct,"1769350736.004, 1769350736.650, 1769350736.791, 1769350736.980, 1769350737.121"
1.0,0,1769350587.516,2.1822,27,32,59,0.1108,0.3414,4.9432,1.0,3.9432,93.22,6.5392,1.293,1.293,3043.0851,1769350596.2386265,7.5,27,360,0.034,24,0,0,14.57,15.0,0,309,1769350736.004,144.663,meta-llama/Llama-3.2-1B-Instruct,"1769350736.004, 1769350736.650, 1769350736.791, 1769350736.980, 1769350737.121"
1.0,0,1769350588.2224,1.57,27,32,59,0.1251,0.3456,4.9585,1.0,3.9585,92.96,6.4789,0.695,0.695,3046.1207,1769350596.2759666,7.46,27,364,0.034,27,0,0,14.57,15.0,0,309,1769350736.004,144.663,meta-llama/Llama-3.2-1B-Instruct,"1769350736.004, 1769350736.650, 1769350736.791, 1769350736.980, 1769350737.121"
1.0,0,1769350587.9143,1.8215,27,32,59,0.1511,0.3522,4.912,1.0,3.912,92.7,6.5374,0.9726,0.9726,3046.1207,1769350596.2761624,7.44,27,364,0.034,24,0,0,14.57,15.0,0,309,1769350736.004,144.663,meta-llama/Llama-3.2-1B-Instruct,"1769350736.004, 1769350736.650, 1769350736.791, 1769350736.980, 1769350737.121"
1.0,0,1769350588.3805,1.4535,27,32,59,0.0855,0.3408,4.9385,1.0,3.9385,92.44,6.4354,0.5391,0.5391,3046.1207,1769350596.2763343,7.48,27,364,0.034,27,0,0,14.57,15.0,0,309,1769350736.004,144.663,meta-llama/Llama-3.2-1B-Instruct,"1769350736.004, 1769350736.650, 1769350736.791, 1769350736.980, 1769350737.121"
1.0,0,1769350588.0591,1.7268,27,32,59,0.1021,0.3401,4.9155,1.0,3.9155,92.18,6.4897,0.8289,0.8289,3046.1207,1769350596.284949,7.42,27,364,0.034,25,0,0,14.57,15.0,0,309,1769350736.004,144.663,meta-llama/Llama-3.2-1B-Instruct,"1769350736.004, 1769350736.650, 1769350736.791, 1769350736.980, 1769350737.121"
1.0,0,1769350588.2735,1.5854,27,32,59,0.0616,0.3473,4.9706,1.0,3.9706,91.92,6.4261,0.6469,0.6469,3046.7676,1769350596.2932894,7.4,27,365,0.034,27,0,0,14.57,15.0,0,309,1769350736.004,144.663,meta-llama/Llama-3.2-1B-Instruct,"1769350736.004, 1769350736.650, 1769350736.791, 1769350736.980, 1769350737.121"
1.0,0,1769350588.4713,1.7198,27,32,59,0.0826,1.9192,4.9484,1.0,3.9484,91.67,8.5732,0.8024,0.8024,3047.57,1769350598.7666926,7.38,27,366,0.035,31,0,0,14.57,15.0,0,358,1769350593.269,-3.081,meta-llama/Llama-3.2-1B-Instruct,"1769350593.269, 1769350593.323, 1769350593.452, 1769350593.505, 1769350594.298"
1.0,0,1769350588.6026,1.6439,27,32,59,0.1143,1.9154,4.8957,1.0,3.8957,91.41,8.6411,0.7582,0.7582,3048.3282,1769350598.8933792,7.36,27,367,0.036,30,0,0,14.57,15.0,0,358,1769350593.269,-3.081,meta-llama/Llama-3.2-1B-Instruct,"1769350593.269, 1769350593.323, 1769350593.452, 1769350593.505, 1769350594.298"
1.0,0,1769350588.9784,1.3504,27,32,59,0.0909,1.9151,4.9456,1.0,3.9456,91.16,9.3558,0.4413,0.4413,3049.17,1769350599.6947782,7.34,27,369,0.035,29,0,0,14.57,15.0,0,358,1769350593.269,-3.081,meta-llama/Llama-3.2-1B-Instruct,"1769350593.269, 1769350593.323, 1769350593.452, 1769350593.505, 1769350594.298"
1.0,0,1769350589.0429,1.3031,27,32,59,0.0974,1.9178,4.9224,1.0,3.9224,90.91,9.345,0.4005,0.4005,3049.17,1769350599.6965406,7.32,27,369,0.035,30,0,0,14.57,15.0,0,358,1769350593.269,-3.081,meta-llama/Llama-3.2-1B-Instruct,"1769350593.269, 1769350593.323, 1769350593.452, 1769350593.505, 1769350594.298"
1.0,0,1769350589.4448,0.9908,27,32,59,0.0988,1.9125,4.9283,1.0,3.9283,90.66,9.3037,0.0895,0.0895,3049.2595,1769350599.7581365,7.3,28,371,0.035,30,0,0,14.57,15.0,0,358,1769350593.269,-3.081,meta-llama/Llama-3.2-1B-Instruct,"1769350593.269, 1769350593.323, 1769350593.452, 1769350593.505, 1769350594.298"
1.0,0,1769350589.9069,0.5398,27,32,59,0.0882,1.9151,4.9443,1.0,3.9443,90.41,9.2986,-0.372,0.0,3049.2595,1769350599.7584634,7.55,28,371,0.035,30,0,0,14.57,15.0,0,358,1769350593.269,-3.081,meta-llama/Llama-3.2-1B-Instruct,"1769350593.269, 1769350593.323, 1769350593.452, 1769350593.505, 1769350594.298"
1.0,0,1769350590.6018,0.6507,27,32,59,4.3492,0.798,1.9119,1.0,0.9119,90.16,9.8926,4.0,4.0,3067.6763,1769350601.1586246,7.53,29,378,0.044,19,0,0,14.57,15.0,0,358,1769350593.269,-3.081,meta-llama/Llama-3.2-1B-Instruct,"1769350593.269, 1769350593.323, 1769350593.452, 1769350593.505, 1769350594.298"
1.0,0,1769350590.1748,0.9447,27,32,59,0.8873,1.9124,4.1692,1.0,3.1692,89.92,10.0301,0.8321,0.8321,3067.6763,1769350601.1601636,7.49,29,378,0.044,19,0,0,14.57,15.0,0,358,1769350593.269,-3.081,meta-llama/Llama-3.2-1B-Instruct,"1769350593.269, 1769350593.323, 1769350593.452, 1769350593.505, 1769350594.298"
1.0,0,1769350590.8507,0.5913,27,32,59,4.1588,0.7948,1.919,1.0,0.919,89.67,9.716,3.7501,3.7501,3067.6763,1769350601.1604571,7.67,29,378,0.034,18,1,0,14.57,15.0,0,358,1769350593.269,-3.081,meta-llama/Llama-3.2-1B-Instruct,"1769350593.269, 1769350593.323, 1769350593.452, 1769350593.505, 1769350594.298"
1.0,0,1769350590.6525,0.5269,27,32,59,2.5868,1.9005,2.4059,1.0,1.4059,89.43,9.9753,2.1137,2.1137,3067.6763,1769350601.160688,7.69,29,378,0.044,19,0,0,14.57,15.0,0,358,1769350593.269,-3.081,meta-llama/Llama-3.2-1B-Instruct,"1769350593.269, 1769350593.323, 1769350593.452, 1769350593.505, 1769350594.298"
1.0,0,1769350590.9053,0.5318,27,32,59,4.1674,0.8025,1.9116,1.0,0.9116,89.19,9.7171,3.6992,3.6992,3067.6763,1769350601.1609187,7.71,29,378,0.034,18,1,0,14.57,15.0,0,358,1769350593.269,-3.081,meta-llama/Llama-3.2-1B-Instruct,"1769350593.269, 1769350593.323, 1769350593.452, 1769350593.505, 1769350594.298"
1.0,0,1769350591.0877,0.3651,27,32,59,4.6566,0.7988,1.9033,1.0,0.9033,88.95,9.6954,4.0217,4.0217,3067.6763,1769350601.1635532,7.51,29,378,0.034,18,1,0,14.57,15.0,0,358,1769350593.269,-3.081,meta-llama/Llama-3.2-1B-Instruct,"1769350593.269, 1769350593.323, 1769350593.452, 1769350593.505, 1769350594.298"
1.0,0,1769350590.3141,0.7802,27,32,59,0.1711,1.9246,4.9146,1.0,3.9146,88.71,10.0573,-0.0487,0.0,3067.6763,1769350601.1650655,7.73,29,378,0.044,19,0,0,14.57,15.0,0,358,1769350593.269,-3.081,meta-llama/Llama-3.2-1B-Instruct,"1769350593.269, 1769350593.323, 1769350593.452, 1769350593.505, 1769350594.298"
1.0,0,1769350591.4097,4.9294,27,32,59,1.8988,0.7981,2.8194,1.0,1.8194,88.47,7.9023,5.8282,5.8282,3079.2424,1769350604.2501624,7.65,29,380,0.15,25,0,0,14.49,15.0,0,413,1769350595.555,-5.798,meta-llama/Llama-3.2-1B-Instruct,"1769350595.555, 1769350595.608, 1769350595.734, 1769350595.862, 1769350595.914"
1.0,0,1769350591.4958,4.8692,27,32,59,1.8687,0.798,2.8056,1.0,1.8056,88.24,7.882,5.7379,5.7379,3079.2424,1769350604.2519915,7.63,29,380,0.15,25,0,0,14.49,15.0,0,413,1769350595.555,-5.798,meta-llama/Llama-3.2-1B-Instruct,"1769350595.555, 1769350595.608, 1769350595.734, 1769350595.862, 1769350595.914"
1.0,0,1769350591.7453,8.1524,27,32,59,0.6249,0.3927,2.8068,1.0,1.8068,88.0,5.7059,7.7774,7.7774,3094.5119,1769350605.6121767,7.61,29,382,0.227,28,0,0,14.49,15.0,0,413,1769350595.555,-5.798,meta-llama/Llama-3.2-1B-Instruct,"1769350595.555, 1769350595.608, 1769350595.734, 1769350595.862, 1769350595.914"
1.0,0,1769350591.6912,8.0418,27,32,59,0.4504,0.4294,2.8094,1.0,1.8094,87.77,5.8789,7.4922,7.4922,3094.5119,1769350605.6168823,7.59,29,382,0.227,28,0,0,14.49,15.0,0,413,1769350595.555,-5.798,meta-llama/Llama-3.2-1B-Instruct,"1769350595.555, 1769350595.608, 1769350595.734, 1769350595.862, 1769350595.914"
1.0,0,1769350591.959,9.2752,27,32,59,2.1049,0.7635,0.7928,1.0,0.0,87.8,6.0312,10.3801,10.3801,3104.8921,1769350607.2789452,7.57,29,383,0.251,25,0,0,14.49,15.0,0,474,1769350596.879,-9.597,meta-llama/Llama-3.2-1B-Instruct,"1769350596.879, 1769350596.930, 1769350596.982, 1769350597.038, 1769350597.091"
1.0,0,1769350592.0182,12.2524,27,32,59,0.4469,0.4244,0.7955,1.0,0.0,87.83,3.7436,11.6993,11.6993,3116.5914,1769350608.023874,7.55,29,384,0.329,30,0,0,14.49,15.0,0,474,1769350596.879,-9.597,meta-llama/Llama-3.2-1B-Instruct,"1769350596.879, 1769350596.930, 1769350596.982, 1769350597.038, 1769350597.091"
200.0,1,1769350538.0801,61.8125,3556,165,3721,0.6318,0.1055,0.796,200.0,0.0,87.86,17.2657,-120.9217,0.0,3116.5914,1769350617.1727495,7.79,30,385,0.227,28,0,0,14.49,15.0,0,602,1769350596.982,-19.595,meta-llama/Llama-3.2-1B-Instruct,"1769350596.982, 1769350597.038, 1769350597.091, 1769350597.511, 1769350597.564"
1.0,0,1769350592.2156,24.9731,27,32,59,0.0807,0.0878,0.0947,1.0,0.0,87.89,2.3874,24.0538,24.0538,3140.6452,1769350619.5837398,7.77,30,386,0.392,31,0,0,14.49,15.0,0,602,1769350596.982,-19.595,meta-llama/Llama-3.2-1B-Instruct,"1769350596.982, 1769350597.038, 1769350597.091, 1769350597.511, 1769350597.564"
200.0,1,1769350536.98,59.4294,3164,384,3548,1.8258,0.0935,0.7895,200.0,0.0,87.93,37.0703,-103.5003,0.0,3140.6452,1769350633.4947262,8.01,31,387,0.15,25,0,0,14.49,15.0,0,785,1769350597.091,-34.521,meta-llama/Llama-3.2-1B-Instruct,"1769350597.091, 1769350597.511, 1769350597.564, 1769350597.617, 1769350597.671"
1.0,0,1769350592.2694,41.2455,27,32,59,0.1349,0.0966,0.316,1.0,0.0,87.96,2.7256,40.3804,40.3804,3181.0256,1769350636.2435093,7.99,31,388,0.414,31,0,0,14.55,15.0,0,785,1769350597.091,-34.521,meta-llama/Llama-3.2-1B-Instruct,"1769350597.091, 1769350597.511, 1769350597.564, 1769350597.617, 1769350597.671"
1.0,0,1769350592.3228,43.9457,27,32,59,0.1318,0.09,0.0903,1.0,0.0,87.99,2.5699,43.0775,43.0775,3224.1031,1769350638.8431904,7.97,31,389,0.417,31,0,0,14.55,15.0,0,842,1769350597.564,-39.068,meta-llama/Llama-3.2-1B-Instruct,"1769350597.564, 1769350597.617, 1769350597.671, 1769350597.798, 1769350597.934"
200.0,1,1769350534.6947,55.8347,3276,475,3751,0.3879,0.0993,0.7902,200.0,0.0,88.02,49.687,-94.4783,0.0,3224.1031,1769350640.231616,8.21,32,390,0.035,31,0,0,14.57,15.0,0,842,1769350597.564,-39.068,meta-llama/Llama-3.2-1B-Instruct,"1769350597.564, 1769350597.617, 1769350597.671, 1769350597.798, 1769350597.934"
1.0,0,1769350592.5054,47.7458,27,13,40,0.0566,0.0877,0.0877,1.0,0.0,88.05,1.0682,46.8024,46.8024,3270.9055,1769350641.3286154,8.18,32,391,0.41,31,0,0,14.55,15.0,0,842,1769350597.564,-39.068,meta-llama/Llama-3.2-1B-Instruct,"1769350597.564, 1769350597.617, 1769350597.671, 1769350597.798, 1769350597.934"
1.0,0,1769350592.4522,46.412,27,32,59,0.0842,0.0915,0.1089,1.0,0.0,88.08,2.5696,45.4963,45.4963,3316.4018,1769350641.4346132,8.16,32,392,0.421,31,0,0,14.55,15.0,0,842,1769350597.564,-39.068,meta-llama/Llama-3.2-1B-Instruct,"1769350597.564, 1769350597.617, 1769350597.671, 1769350597.798, 1769350597.934"
1.0,0,1769350593.2983,48.0565,27,32,59,0.0745,0.096,0.1042,1.0,0.0,88.11,2.5183,47.131,47.131,3363.5327,1769350643.881529,8.14,32,393,0.412,31,0,0,14.55,15.0,0,902,1769350597.934,-43.712,meta-llama/Llama-3.2-1B-Instruct,"1769350597.934, 1769350598.333, 1769350598.451, 1769350598.504, 1769350598.864"
1.0,0,1769350593.3514,48.1178,27,32,59,0.1492,0.0935,0.116,1.0,0.0,88.14,2.5969,47.267,47.267,3410.7997,1769350644.0676978,8.12,32,394,0.412,31,0,0,14.55,15.0,0,902,1769350597.934,-43.712,meta-llama/Llama-3.2-1B-Instruct,"1769350597.934, 1769350598.333, 1769350598.451, 1769350598.504, 1769350598.864"
1.0,0,1769350593.4047,50.5277,27,32,59,0.1144,0.0979,0.1111,1.0,0.0,88.17,2.5976,49.6421,49.6421,3460.4418,1769350646.5322716,8.1,32,395,0.415,31,0,0,14.55,15.0,0,902,1769350597.934,-43.712,meta-llama/Llama-3.2-1B-Instruct,"1769350597.934, 1769350598.333, 1769350598.451, 1769350598.504, 1769350598.864"
1.0,0,1769350593.458,50.629,27,32,59,0.0748,0.0931,0.0945,1.0,0.0,88.21,2.5395,49.7038,49.7038,3510.1456,1769350646.631296,8.08,32,396,0.415,31,0,0,14.55,15.0,0,902,1769350597.934,-43.712,meta-llama/Llama-3.2-1B-Instruct,"1769350597.934, 1769350598.333, 1769350598.451, 1769350598.504, 1769350598.864"
1.0,0,1769350593.7085,52.8475,27,32,59,0.0672,0.1003,0.1077,1.0,0.0,88.24,2.5477,51.9147,51.9147,3562.0603,1769350649.1050742,8.06,32,397,0.418,31,0,0,14.55,15.0,0,960,1769350598.504,-48.161,meta-llama/Llama-3.2-1B-Instruct,"1769350598.504, 1769350598.864, 1769350598.917, 1769350599.178, 1769350599.331"
1.0,0,1769350593.8419,52.8123,27,32,59,0.085,0.0951,0.116,1.0,0.0,88.27,2.5576,51.8973,51.8973,3613.9576,1769350649.2128615,8.04,32,398,0.418,31,0,0,14.55,15.0,0,960,1769350598.504,-48.161,meta-llama/Llama-3.2-1B-Instruct,"1769350598.504, 1769350598.864, 1769350598.917, 1769350599.178, 1769350599.331"
1.0,0,1769350594.0285,55.0956,27,32,59,0.0739,0.0985,0.107,1.0,0.0,88.3,2.5588,54.1695,54.1695,3668.1271,1769350651.6959755,8.02,32,399,0.421,31,0,0,14.55,15.0,0,1018,1769350599.178,-52.508,meta-llama/Llama-3.2-1B-Instruct,"1769350599.178, 1769350599.331, 1769350599.381, 1769350599.565, 1769350599.662"
1.0,0,1769350594.2311,55.0006,27,31,58,0.0858,0.0928,0.1013,1.0,0.0,88.32,2.5762,54.0864,54.0864,3722.2135,1769350651.8129642,8.0,32,400,0.421,31,0,0,14.55,15.0,0,1018,1769350599.178,-52.508,meta-llama/Llama-3.2-1B-Instruct,"1769350599.178, 1769350599.331, 1769350599.381, 1769350599.565, 1769350599.662"
1.0,0,1769350594.3786,57.3409,27,31,58,0.0872,0.0932,0.0984,1.0,0.0,88.35,2.583,56.4281,56.4281,3778.6417,1769350654.3162925,7.98,32,401,0.424,31,0,0,14.55,15.0,0,1018,1769350599.178,-52.508,meta-llama/Llama-3.2-1B-Instruct,"1769350599.178, 1769350599.331, 1769350599.381, 1769350599.565, 1769350599.662"
1.0,0,1769350594.5025,57.3433,27,32,59,0.0718,0.0964,0.099,1.0,0.0,88.38,2.5748,56.4151,56.4151,3835.0567,1769350654.4240327,7.96,32,402,0.424,31,0,0,14.55,15.0,0,1018,1769350599.178,-52.508,meta-llama/Llama-3.2-1B-Instruct,"1769350599.178, 1769350599.331, 1769350599.381, 1769350599.565, 1769350599.662"
1.0,0,1769350594.5552,59.7888,27,32,59,0.0648,0.1014,0.1025,1.0,0.0,88.41,2.5758,58.8537,58.8537,3893.9104,1769350656.9278889,7.94,32,403,0.427,31,0,0,14.55,15.0,0,1073,1769350599.662,-57.026,meta-llama/Llama-3.2-1B-Instruct,"1769350599.662, 1769350599.718, 1769350599.830, 1769350599.907, 1769350599.967"
1.0,0,1769350594.608,59.8365,27,32,59,0.0787,0.0933,0.1189,1.0,0.0,88.44,2.5964,58.9153,58.9153,3952.8257,1769350657.0421138,7.92,32,404,0.427,31,0,0,14.55,15.0,0,1073,1769350599.662,-57.026,meta-llama/Llama-3.2-1B-Instruct,"1769350599.662, 1769350599.718, 1769350599.830, 1769350599.907, 1769350599.967"
1.0,0,1769350594.7342,62.2151,27,32,59,0.0754,0.1002,0.1136,1.0,0.0,88.47,2.6176,61.2905,61.2905,4014.1161,1769350659.576993,7.9,32,405,0.43,31,0,0,14.55,15.0,0,1073,1769350599.662,-57.026,meta-llama/Llama-3.2-1B-Instruct,"1769350599.662, 1769350599.718, 1769350599.830, 1769350599.907, 1769350599.967"
1.0,0,1769350594.8619,62.2033,27,32,59,0.086,0.0949,0.1048,1.0,0.0,88.5,2.6211,61.2893,61.2893,4075.4054,1769350659.6902008,7.88,32,406,0.43,31,0,0,14.55,15.0,0,1073,1769350599.662,-57.026,meta-llama/Llama-3.2-1B-Instruct,"1769350599.662, 1769350599.718, 1769350599.830, 1769350599.907, 1769350599.967"
1.0,0,1769350594.9142,64.6868,27,32,59,0.0765,0.096,0.1197,1.0,0.0,88.53,2.6304,63.7633,63.7633,4139.1687,1769350662.2462199,7.86,32,407,0.433,31,0,0,14.55,15.0,0,1131,1769350599.967,-61.726,meta-llama/Llama-3.2-1B-Instruct,"1769350599.967, 1769350600.230, 1769350600.283, 1769350600.338, 1769350600.620"
1.0,0,1769350594.9669,64.7496,27,32,59,0.0876,0.0994,0.1089,1.0,0.0,88.56,2.6406,63.8372,63.8372,4203.0059,1769350662.3585062,7.84,32,408,0.433,31,0,0,14.55,15.0,0,1131,1769350599.967,-61.726,meta-llama/Llama-3.2-1B-Instruct,"1769350599.967, 1769350600.230, 1769350600.283, 1769350600.338, 1769350600.620"
1.0,0,1769350595.1573,67.1114,27,32,59,0.073,0.1055,0.1964,1.0,0.0,88.59,2.6233,66.1844,66.1844,4269.1902,1769350664.9051166,7.82,32,409,0.437,31,0,0,14.55,15.0,0,1131,1769350599.967,-61.726,meta-llama/Llama-3.2-1B-Instruct,"1769350599.967, 1769350600.230, 1769350600.283, 1769350600.338, 1769350600.620"
1.0,0,1769350595.4203,66.9659,27,32,59,0.0831,0.1121,0.2039,1.0,0.0,88.61,2.6269,66.049,66.049,4335.2392,1769350665.015259,7.8,32,410,0.436,31,0,0,14.55,15.0,0,1131,1769350599.967,-61.726,meta-llama/Llama-3.2-1B-Instruct,"1769350599.967, 1769350600.230, 1769350600.283, 1769350600.338, 1769350600.620"
1.0,0,1769350595.6152,69.309,27,31,58,0.0724,0.1032,0.1157,1.0,0.0,88.64,2.6543,68.3815,68.3815,4403.6207,1769350667.5805225,7.79,32,411,0.44,31,0,0,14.55,15.0,0,1185,1769350600.62,-66.077,meta-llama/Llama-3.2-1B-Instruct,"1769350600.620, 1769350600.883, 1769350601.055, 1769350601.109, 1769350601.162"
1.0,0,1769350595.669,69.3649,27,32,59,0.092,0.0967,0.0975,1.0,0.0,88.67,2.6215,68.4569,68.4569,4472.0777,1769350667.657499,7.77,32,412,0.44,31,0,0,14.55,15.0,0,1185,1769350600.62,-66.077,meta-llama/Llama-3.2-1B-Instruct,"1769350600.620, 1769350600.883, 1769350601.055, 1769350601.109, 1769350601.162"
1.0,0,1769350595.8788,71.7292,27,32,59,0.1641,0.0922,0.0929,1.0,0.0,88.7,2.6982,70.8933,70.8933,4613.8105,1769350670.3212087,7.75,32,414,0.443,31,0,0,14.55,15.0,0,1185,1769350600.62,-66.077,meta-llama/Llama-3.2-1B-Instruct,"1769350600.620, 1769350600.883, 1769350601.055, 1769350601.109, 1769350601.162"
1.0,0,1769350595.9301,71.7481,27,32,59,0.0915,0.0958,0.0965,1.0,0.0,88.73,2.6371,70.8395,70.8395,4613.8105,1769350670.3214025,7.73,32,414,0.442,30,1,0,14.55,15.0,0,1185,1769350600.62,-66.077,meta-llama/Llama-3.2-1B-Instruct,"1769350600.620, 1769350600.883, 1769350601.055, 1769350601.109, 1769350601.162"
1.0,0,1769350595.9823,74.359,27,32,59,0.0974,0.099,0.0999,1.0,0.0,88.75,2.6674,73.4564,73.4564,4687.2669,1769350673.0172002,7.71,32,415,0.446,30,0,0,14.55,15.0,0,1244,1769350601.162,-70.562,meta-llama/Llama-3.2-1B-Instruct,"1769350601.162, 1769350601.363, 1769350601.856, 1769350602.019, 1769350602.113"
1.0,0,1769350596.0384,74.3099,27,32,59,0.0911,0.1,0.1092,1.0,0.0,88.78,2.6693,73.4011,73.4011,4760.668,1769350673.0274317,7.69,32,416,0.446,30,0,0,14.55,15.0,0,1244,1769350601.162,-70.562,meta-llama/Llama-3.2-1B-Instruct,"1769350601.162, 1769350601.363, 1769350601.856, 1769350602.019, 1769350602.113"
1.0,0,1769350596.5108,76.5433,27,32,59,0.0644,0.0971,0.1104,1.0,0.0,88.81,2.6467,75.6077,75.6077,4912.3086,1769350675.705113,7.66,32,418,0.449,30,0,0,14.55,15.0,0,1244,1769350601.162,-70.562,meta-llama/Llama-3.2-1B-Instruct,"1769350601.162, 1769350601.363, 1769350601.856, 1769350602.019, 1769350602.113"
1.0,0,1769350596.0906,76.957,27,32,59,0.0759,0.0952,0.1035,1.0,0.0,88.83,2.6527,76.0329,76.0329,4912.3086,1769350675.7053354,7.67,32,418,0.449,30,0,0,14.55,15.0,0,1244,1769350601.162,-70.562,meta-llama/Llama-3.2-1B-Instruct,"1769350601.162, 1769350601.363, 1769350601.856, 1769350602.019, 1769350602.113"
1.0,0,1769350596.617,79.1727,27,32,59,0.1109,0.095,0.4551,1.0,0.0,88.86,2.6988,78.2835,78.2835,5068.9231,1769350678.4955356,7.62,32,420,0.452,30,0,0,14.55,15.0,0,1295,1769350602.113,-74.67,meta-llama/Llama-3.2-1B-Instruct,"1769350602.113, 1769350602.283, 1769350602.652, 1769350602.710, 1769350602.840"
1.0,0,1769350596.5637,79.2313,27,32,59,0.0996,0.1021,0.3887,1.0,0.0,88.89,2.6886,78.331,78.331,5068.9231,1769350678.4959953,7.64,32,420,0.452,30,0,0,14.55,15.0,0,1295,1769350602.113,-74.67,meta-llama/Llama-3.2-1B-Instruct,"1769350602.113, 1769350602.283, 1769350602.652, 1769350602.710, 1769350602.840"
1.0,0,1769350596.7977,81.7251,27,0,27,,,,1.0,,,0.0774,80.8025,80.8025,5149.7255,1769350678.6040819,7.6,32,421,0.455,30,0,0,14.55,15.0,0,1295,1769350602.113,-74.67,meta-llama/Llama-3.2-1B-Instruct,"1769350602.113, 1769350602.283, 1769350602.652, 1769350602.710, 1769350602.840"
1.0,0,1769350596.6705,81.8461,27,31,58,0.0738,0.1002,0.138,1.0,0.0,88.92,2.7216,80.92,80.92,5230.6455,1769350681.245085,7.58,32,422,0.455,30,0,0,14.55,15.0,0,1295,1769350602.113,-74.67,meta-llama/Llama-3.2-1B-Instruct,"1769350602.113, 1769350602.283, 1769350602.652, 1769350602.710, 1769350602.840"
1.0,0,1769350596.9336,81.7018,27,32,59,0.0728,0.0997,0.1081,1.0,0.0,88.94,2.7145,80.7746,80.7746,5311.4201,1769350681.365465,7.57,32,423,0.455,31,0,0,14.55,15.0,0,1295,1769350602.113,-74.67,meta-llama/Llama-3.2-1B-Instruct,"1769350602.113, 1769350602.283, 1769350602.652, 1769350602.710, 1769350602.840"
1.0,0,1769350597.4512,83.9367,27,13,40,0.076,0.098,0.098,1.0,0.0,88.97,1.1859,83.0128,83.0128,5394.4329,1769350682.592501,7.55,32,424,0.458,31,0,0,14.55,15.0,0,1348,1769350603.051,-78.765,meta-llama/Llama-3.2-1B-Instruct,"1769350603.051, 1769350603.104, 1769350603.159, 1769350603.285, 1769350603.641"
1.0,0,1769350597.3327,83.9383,27,32,59,0.0785,0.1134,0.1258,1.0,0.0,89.0,2.7846,83.0167,83.0167,5477.4496,1769350684.058157,7.53,32,425,0.458,31,0,0,14.55,15.0,0,1348,1769350603.051,-78.765,meta-llama/Llama-3.2-1B-Instruct,"1769350603.051, 1769350603.104, 1769350603.159, 1769350603.285, 1769350603.641"
1.0,0,1769350597.504,85.1103,27,32,59,0.0622,0.107,0.1138,1.0,0.0,89.02,2.7431,84.1726,84.1726,5561.6222,1769350685.3623815,7.51,32,426,0.46,31,0,0,14.55,15.0,0,1348,1769350603.051,-78.765,meta-llama/Llama-3.2-1B-Instruct,"1769350603.051, 1769350603.104, 1769350603.159, 1769350603.285, 1769350603.641"
200.0,1,1769350535.6763,55.6208,3096,1024,4120,4.309,0.1019,0.3914,200.0,0.0,89.05,94.5174,-49.8618,0.0,5561.6222,1769350685.8408716,7.73,43,437,0.014,17,0,0,14.57,15.0,0,1348,1769350603.051,-78.765,meta-llama/Llama-3.2-1B-Instruct,"1769350603.051, 1769350603.104, 1769350603.159, 1769350603.285, 1769350603.641"
200.0,1,1769350535.4662,55.7754,3202,1024,4226,2.5222,0.1034,0.3972,200.0,0.0,89.07,94.5742,-49.6505,0.0,5561.6222,1769350685.8414392,7.94,43,437,0.044,19,0,0,14.57,15.0,0,1348,1769350603.051,-78.765,meta-llama/Llama-3.2-1B-Instruct,"1769350603.051, 1769350603.104, 1769350603.159, 1769350603.285, 1769350603.641"
200.0,1,1769350535.5389,55.6487,3940,1027,4967,2.5772,0.1015,0.3915,200.0,0.0,89.1,94.6319,-49.7194,0.0,5561.6222,1769350685.841885,8.37,43,437,0.044,19,0,0,14.57,15.0,0,1348,1769350603.051,-78.765,meta-llama/Llama-3.2-1B-Instruct,"1769350603.051, 1769350603.104, 1769350603.159, 1769350603.285, 1769350603.641"
200.0,1,1769350535.8647,55.5825,4788,1026,5814,4.6632,0.1037,0.2671,200.0,0.0,89.13,94.3717,-50.0459,0.0,5561.6222,1769350685.8462522,8.16,43,437,0.034,18,1,0,14.57,15.0,0,1348,1769350603.051,-78.765,meta-llama/Llama-3.2-1B-Instruct,"1769350603.051, 1769350603.104, 1769350603.159, 1769350603.285, 1769350603.641"
200.0,1,1769350534.8242,56.2812,3473,1025,4498,0.9025,0.1023,0.4027,200.0,0.0,89.15,94.7246,-48.9942,0.0,5561.6222,1769350685.8495674,9.01,43,437,0.044,19,0,0,14.57,15.0,0,1348,1769350603.051,-78.765,meta-llama/Llama-3.2-1B-Instruct,"1769350603.051, 1769350603.104, 1769350603.159, 1769350603.285, 1769350603.641"
200.0,1,1769350535.143,56.0232,3044,1036,4080,2.5967,0.1035,0.4056,200.0,0.0,89.18,94.6674,-49.3094,0.0,5561.6222,1769350685.8504803,9.43,43,437,0.044,19,0,0,14.57,15.0,0,1348,1769350603.051,-78.765,meta-llama/Llama-3.2-1B-Instruct,"1769350603.051, 1769350603.104, 1769350603.159, 1769350603.285, 1769350603.641"
200.0,1,1769350535.6077,55.6854,3987,1024,5011,4.3104,0.1019,0.3996,200.0,0.0,89.25,94.5428,-49.7718,0.0,5561.6222,1769350685.852476,9.84,43,437,0.014,17,0,0,14.57,15.0,0,1348,1769350603.051,-78.765,meta-llama/Llama-3.2-1B-Instruct,"1769350603.051, 1769350603.104, 1769350603.159, 1769350603.285, 1769350603.641"
200.0,1,1769350534.9516,56.295,5703,1021,6724,2.519,0.1047,0.3844,200.0,0.0,89.28,94.5803,-49.1247,0.0,5561.6222,1769350685.8544052,8.8,43,437,0.044,19,0,0,14.57,15.0,0,1348,1769350603.051,-78.765,meta-llama/Llama-3.2-1B-Instruct,"1769350603.051, 1769350603.104, 1769350603.159, 1769350603.285, 1769350603.641"
200.0,1,1769350535.746,55.713,3159,1026,4185,4.1463,0.1025,0.4055,200.0,0.0,89.3,94.375,-49.912,0.0,5561.6222,1769350685.8549852,9.63,43,437,0.034,18,1,0,14.57,15.0,0,1348,1769350603.051,-78.765,meta-llama/Llama-3.2-1B-Instruct,"1769350603.051, 1769350603.104, 1769350603.159, 1769350603.285, 1769350603.641"
1.0,0,1769350598.3813,87.5149,27,0,27,,,,1.0,,,0.1625,86.6774,86.6774,5648.2996,1769350686.0594203,9.82,43,438,0.29,21,0,0,14.55,15.0,0,1348,1769350603.051,-78.765,meta-llama/Llama-3.2-1B-Instruct,"1769350603.051, 1769350603.104, 1769350603.159, 1769350603.285, 1769350603.641"
1.0,0,1769350598.8303,87.166,27,0,27,,,,1.0,,,0.1038,86.2698,86.2698,5734.5694,1769350686.1010406,9.79,43,439,0.29,21,0,0,14.55,15.0,0,1348,1769350603.051,-78.765,meta-llama/Llama-3.2-1B-Instruct,"1769350603.051, 1769350603.104, 1769350603.159, 1769350603.285, 1769350603.641"
200.0,1,1769350536.0038,60.2847,3556,1026,4582,1.9458,0.1035,0.2024,200.0,0.0,89.33,89.9967,-49.7186,0.0,5734.5694,1769350686.2997658,10.0,47,443,0.149,25,0,0,14.49,15.0,0,1348,1769350603.051,-78.765,meta-llama/Llama-3.2-1B-Instruct,"1769350603.051, 1769350603.104, 1769350603.159, 1769350603.285, 1769350603.641"
200.0,1,1769350537.1207,59.2476,3151,1038,4189,1.8678,0.1057,0.2932,200.0,0.0,89.35,89.9219,-50.8305,0.0,5734.5694,1769350686.3054318,10.2,47,443,0.15,25,0,0,14.49,15.0,0,1348,1769350603.051,-78.765,meta-llama/Llama-3.2-1B-Instruct,"1769350603.051, 1769350603.104, 1769350603.159, 1769350603.285, 1769350603.641"
200.0,1,1769350536.7908,59.5607,3334,1025,4359,1.8855,0.102,0.208,200.0,0.0,89.38,89.94,-50.4993,0.0,5734.5694,1769350686.306349,10.41,47,443,0.15,25,0,0,14.49,15.0,0,1348,1769350603.051,-78.765,meta-llama/Llama-3.2-1B-Instruct,"1769350603.051, 1769350603.104, 1769350603.159, 1769350603.285, 1769350603.641"
200.0,1,1769350536.65,59.6302,3686,1025,4711,0.4813,0.102,0.2922,200.0,0.0,89.4,90.0118,-50.358,0.0,5734.5694,1769350686.307523,10.61,47,443,0.149,25,0,0,14.49,15.0,0,1348,1769350603.051,-78.765,meta-llama/Llama-3.2-1B-Instruct,"1769350603.051, 1769350603.104, 1769350603.159, 1769350603.285, 1769350603.641"
1.0,0,1769350597.8636,86.2147,27,32,59,0.0794,0.1145,0.171,1.0,0.0,89.43,2.6546,85.2941,85.2941,5819.8635,1769350686.7342956,10.59,47,444,0.461,31,0,0,14.55,15.0,0,1348,1769350603.051,-78.765,meta-llama/Llama-3.2-1B-Instruct,"1769350603.051, 1769350603.104, 1769350603.159, 1769350603.285, 1769350603.641"
200.0,1,1769350537.4654,61.325,3871,1028,4899,0.5043,0.1038,0.2029,200.0,0.0,89.45,88.2323,-50.4426,0.0,5819.8635,1769350687.0429375,10.79,49,446,0.205,31,0,0,14.49,15.0,0,1388,1769350606.159,-80.676,meta-llama/Llama-3.2-1B-Instruct,"1769350606.159, 1769350606.310, 1769350606.364, 1769350606.440, 1769350606.491"
200.0,1,1769350537.5315,61.386,3195,1030,4225,0.6849,0.1048,0.1957,200.0,0.0,89.47,88.1098,-50.5043,0.0,5819.8635,1769350687.043823,10.99,49,446,0.218,31,0,0,14.49,15.0,0,1388,1769350606.159,-80.676,meta-llama/Llama-3.2-1B-Instruct,"1769350606.159, 1769350606.310, 1769350606.364, 1769350606.440, 1769350606.491"
200.0,1,1769350537.9407,61.7823,3671,1027,4698,0.4584,0.1035,0.1753,200.0,0.0,89.5,87.4897,-50.728,0.0,5819.8635,1769350687.2302854,11.19,50,447,0.227,30,0,0,14.49,15.0,0,1388,1769350606.159,-80.676,meta-llama/Llama-3.2-1B-Instruct,"1769350606.159, 1769350606.310, 1769350606.364, 1769350606.440, 1769350606.491"
1.0,0,1769350597.9169,87.4673,27,32,59,0.0673,0.1165,0.1674,1.0,0.0,89.52,2.1816,86.5346,86.5346,5906.3981,1769350687.5761778,11.16,50,448,0.463,31,0,0,14.55,15.0,0,1388,1769350606.159,-80.676,meta-llama/Llama-3.2-1B-Instruct,"1769350606.159, 1769350606.310, 1769350606.364, 1769350606.440, 1769350606.491"
200.0,1,1769350538.2772,62.9374,3789,1027,4816,2.1262,0.1051,0.1484,200.0,0.0,89.55,86.6716,-50.391,0.0,5906.3981,1769350687.9078946,11.56,56,454,0.251,25,0,0,14.49,15.0,0,1388,1769350606.159,-80.676,meta-llama/Llama-3.2-1B-Instruct,"1769350606.159, 1769350606.310, 1769350606.364, 1769350606.440, 1769350606.491"
200.0,1,1769350538.486,62.7454,3871,1029,4900,2.1114,0.1043,0.1634,200.0,0.0,89.57,86.6591,-50.5954,0.0,5906.3981,1769350687.9153585,11.75,56,454,0.251,25,0,0,14.49,15.0,0,1388,1769350606.159,-80.676,meta-llama/Llama-3.2-1B-Instruct,"1769350606.159, 1769350606.310, 1769350606.364, 1769350606.440, 1769350606.491"
200.0,1,1769350538.2122,62.9869,3648,1023,4671,0.8112,0.1017,0.1479,200.0,0.0,89.59,86.6857,-50.3274,0.0,5906.3981,1769350687.9158285,11.36,56,454,0.251,25,0,0,14.49,15.0,0,1388,1769350606.159,-80.676,meta-llama/Llama-3.2-1B-Instruct,"1769350606.159, 1769350606.310, 1769350606.364, 1769350606.440, 1769350606.491"
200.0,1,1769350538.4146,62.797,4077,1026,5103,2.1308,0.1018,0.1681,200.0,0.0,89.62,86.6919,-50.5112,0.0,5906.3981,1769350687.9245846,11.95,56,454,0.251,25,0,0,14.49,15.0,0,1388,1769350606.159,-80.676,meta-llama/Llama-3.2-1B-Instruct,"1769350606.159, 1769350606.310, 1769350606.364, 1769350606.440, 1769350606.491"
200.0,1,1769350538.1487,63.0473,3020,1032,4052,0.814,0.1035,0.144,200.0,0.0,89.64,86.7092,-50.2435,0.0,5906.3981,1769350687.9285011,12.14,56,454,0.251,25,0,0,14.49,15.0,0,1388,1769350606.159,-80.676,meta-llama/Llama-3.2-1B-Instruct,"1769350606.159, 1769350606.310, 1769350606.364, 1769350606.440, 1769350606.491"
200.0,1,1769350538.6544,62.5842,5834,1018,6852,2.7677,0.0994,0.124,200.0,0.0,89.66,86.6673,-50.7485,0.0,5906.3981,1769350687.92917,12.33,56,454,0.251,25,0,0,14.49,15.0,0,1388,1769350606.159,-80.676,meta-llama/Llama-3.2-1B-Instruct,"1769350606.159, 1769350606.310, 1769350606.364, 1769350606.440, 1769350606.491"
1.0,0,1769350599.2827,86.7242,27,32,59,0.0925,0.0934,0.109,1.0,0.0,89.69,1.9519,85.8167,85.8167,6596.8715,1769350687.9744384,12.28,56,462,0.29,21,0,0,14.55,15.0,0,1388,1769350606.159,-80.676,meta-llama/Llama-3.2-1B-Instruct,"1769350606.159, 1769350606.310, 1769350606.364, 1769350606.440, 1769350606.491"
1.0,0,1769350598.7175,87.2351,27,32,59,0.1416,0.0975,0.1136,1.0,0.0,89.71,2.0145,86.3767,86.3767,6596.8715,1769350687.9775722,12.2,56,462,0.29,21,0,0,14.55,15.0,0,1388,1769350606.159,-80.676,meta-llama/Llama-3.2-1B-Instruct,"1769350606.159, 1769350606.310, 1769350606.364, 1769350606.440, 1769350606.491"
1.0,0,1769350598.3306,87.5436,27,32,59,0.1826,0.0953,0.1576,1.0,0.0,89.73,2.0935,86.7261,86.7261,6596.8715,1769350687.977746,12.17,56,462,0.29,21,0,0,14.55,15.0,0,1388,1769350606.159,-80.676,meta-llama/Llama-3.2-1B-Instruct,"1769350606.159, 1769350606.310, 1769350606.364, 1769350606.440, 1769350606.491"
1.0,0,1769350598.9675,87.0233,27,32,59,0.1072,0.1193,0.1199,1.0,0.0,89.76,1.9625,86.1305,86.1305,6596.8715,1769350687.977987,12.31,56,462,0.29,21,0,0,14.55,15.0,0,1388,1769350606.159,-80.676,meta-llama/Llama-3.2-1B-Instruct,"1769350606.159, 1769350606.310, 1769350606.364, 1769350606.440, 1769350606.491"
1.0,0,1769350599.2302,86.7393,27,32,59,0.1277,0.0971,0.1008,1.0,0.0,89.78,1.9933,85.8671,85.8671,6769.1357,1769350687.9840336,12.25,56,464,0.29,21,0,0,14.55,15.0,0,1388,1769350606.159,-80.676,meta-llama/Llama-3.2-1B-Instruct,"1769350606.159, 1769350606.310, 1769350606.364, 1769350606.440, 1769350606.491"
1.0,0,1769350598.565,87.3356,27,32,59,0.1554,0.1069,0.1459,1.0,0.0,89.8,2.0627,86.491,86.491,6769.1357,1769350687.9852057,12.23,56,464,0.29,21,0,0,14.55,15.0,0,1388,1769350606.159,-80.676,meta-llama/Llama-3.2-1B-Instruct,"1769350606.159, 1769350606.310, 1769350606.364, 1769350606.440, 1769350606.491"
1.0,0,1769350598.1784,87.7088,27,32,59,0.1682,0.1097,0.1476,1.0,0.0,89.82,2.0813,86.877,86.877,6854.7226,1769350688.0014124,12.15,56,465,0.29,21,0,0,14.55,15.0,0,1388,1769350606.159,-80.676,meta-llama/Llama-3.2-1B-Instruct,"1769350606.159, 1769350606.310, 1769350606.364, 1769350606.440, 1769350606.491"
1.0,0,1769350598.6616,87.2523,27,32,59,0.1443,0.1017,0.159,1.0,0.0,89.85,2.0687,86.3966,86.3966,6854.7226,1769350688.005441,12.07,56,465,0.29,21,0,0,14.55,15.0,0,1388,1769350606.159,-80.676,meta-llama/Llama-3.2-1B-Instruct,"1769350606.159, 1769350606.310, 1769350606.364, 1769350606.440, 1769350606.491"
1.0,0,1769350599.338,86.751,27,32,59,0.1166,0.0809,0.1005,1.0,0.0,89.87,1.8919,85.8676,85.8676,6854.7226,1769350688.012077,12.1,56,465,0.291,29,2,0,14.55,15.0,0,1388,1769350606.159,-80.676,meta-llama/Llama-3.2-1B-Instruct,"1769350606.159, 1769350606.310, 1769350606.364, 1769350606.440, 1769350606.491"
1.0,0,1769350598.9073,87.0771,27,32,59,0.1111,0.0959,0.1138,1.0,0.0,89.89,1.9854,86.1882,86.1882,6854.7226,1769350688.0169277,12.12,56,465,0.291,21,0,0,14.55,15.0,0,1388,1769350606.159,-80.676,meta-llama/Llama-3.2-1B-Instruct,"1769350606.159, 1769350606.310, 1769350606.364, 1769350606.440, 1769350606.491"
1.0,0,1769350599.6195,86.5043,27,32,59,0.0827,0.0858,0.104,1.0,0.0,89.91,1.8713,85.587,85.587,6854.7226,1769350688.0204566,12.04,56,465,0.291,30,0,0,14.55,15.0,0,1388,1769350606.159,-80.676,meta-llama/Llama-3.2-1B-Instruct,"1769350606.159, 1769350606.310, 1769350606.364, 1769350606.440, 1769350606.491"
200.0,1,1769350538.7751,65.5034,3478,1026,4504,0.4405,0.1047,0.1429,200.0,0.0,89.93,83.7958,-50.7009,0.0,6854.7226,1769350688.0924132,12.23,57,466,0.329,30,0,0,14.49,15.0,0,1388,1769350606.159,-80.676,meta-llama/Llama-3.2-1B-Instruct,"1769350606.159, 1769350606.310, 1769350606.364, 1769350606.440, 1769350606.491"
1.0,0,1769350600.0554,86.3689,27,32,59,0.1191,0.0762,0.0835,1.0,0.0,89.96,1.787,85.488,85.488,7111.2465,1769350688.2273822,12.18,57,469,0.235,28,0,0,14.55,15.0,0,1388,1769350606.159,-80.676,meta-llama/Llama-3.2-1B-Instruct,"1769350606.159, 1769350606.310, 1769350606.364, 1769350606.440, 1769350606.491"
1.0,0,1769350599.8829,86.5363,27,32,59,0.12,0.0782,0.0798,1.0,0.0,89.98,1.8044,85.6563,85.6563,7111.2465,1769350688.2332804,12.15,57,469,0.235,28,0,0,14.55,15.0,0,1388,1769350606.159,-80.676,meta-llama/Llama-3.2-1B-Instruct,"1769350606.159, 1769350606.310, 1769350606.364, 1769350606.440, 1769350606.491"
1.0,0,1769350600.1625,86.2843,27,32,59,0.0952,0.0824,0.0894,1.0,0.0,90.0,1.7378,85.3795,85.3795,7111.2465,1769350688.2465177,12.21,57,469,0.235,28,0,0,14.55,15.0,0,1388,1769350606.159,-80.676,meta-llama/Llama-3.2-1B-Instruct,"1769350606.159, 1769350606.310, 1769350606.364, 1769350606.440, 1769350606.491"
1.0,0,1769350600.1093,86.3202,27,32,59,0.1133,0.0793,0.0812,1.0,0.0,90.02,1.8187,85.4335,85.4335,7196.68,1769350688.2548876,12.13,57,470,0.235,28,0,0,14.55,15.0,0,1388,1769350606.159,-80.676,meta-llama/Llama-3.2-1B-Instruct,"1769350606.159, 1769350606.310, 1769350606.364, 1769350606.440, 1769350606.491"
1.0,0,1769350600.3626,86.3922,27,32,59,0.0951,0.0975,0.0992,1.0,0.0,90.04,1.7585,85.4873,85.4873,7282.1673,1769350688.5190513,12.1,57,471,0.235,31,0,0,14.55,15.0,0,1388,1769350606.159,-80.676,meta-llama/Llama-3.2-1B-Instruct,"1769350606.159, 1769350606.310, 1769350606.364, 1769350606.440, 1769350606.491"
1.0,0,1769350601.0192,86.0465,27,32,59,0.0845,0.0981,0.2171,1.0,0.0,90.06,1.7169,85.131,85.131,7537.8546,1769350688.7983947,12.05,57,474,0.207,30,0,0,14.55,15.0,0,1388,1769350606.159,-80.676,meta-llama/Llama-3.2-1B-Instruct,"1769350606.159, 1769350606.310, 1769350606.364, 1769350606.440, 1769350606.491"
1.0,0,1769350601.113,86.1649,27,32,59,0.1064,0.1109,0.2299,1.0,0.0,90.09,1.4978,85.2714,85.2714,7537.8546,1769350688.906281,12.08,59,476,0.192,31,0,0,14.55,15.0,0,1388,1769350606.159,-80.676,meta-llama/Llama-3.2-1B-Instruct,"1769350606.159, 1769350606.310, 1769350606.364, 1769350606.440, 1769350606.491"
1.0,0,1769350600.8563,86.2158,27,32,59,0.0692,0.101,0.2221,1.0,0.0,90.11,1.7192,85.285,85.285,7537.8546,1769350688.9263363,12.03,59,476,0.207,30,0,0,14.55,15.0,0,1388,1769350606.159,-80.676,meta-llama/Llama-3.2-1B-Instruct,"1769350606.159, 1769350606.310, 1769350606.364, 1769350606.440, 1769350606.491"
200.0,1,1769350539.3655,66.2772,3829,1024,4853,0.8218,0.0991,0.1309,200.0,0.0,90.13,83.2607,-50.4621,0.0,7537.8546,1769350688.9421132,12.39,59,476,0.341,30,0,0,14.49,15.0,0,1388,1769350606.159,-80.676,meta-llama/Llama-3.2-1B-Instruct,"1769350606.159, 1769350606.310, 1769350606.364, 1769350606.440, 1769350606.491"
200.0,1,1769350539.2598,66.3909,3042,1023,4065,0.8131,0.1036,0.126,200.0,0.0,90.15,83.2073,-50.4018,0.0,7623.2615,1769350688.9602516,12.21,59,477,0.341,30,0,0,14.49,15.0,0,1388,1769350606.159,-80.676,meta-llama/Llama-3.2-1B-Instruct,"1769350606.159, 1769350606.310, 1769350606.364, 1769350606.440, 1769350606.491"
1.0,0,1769350601.283,86.3464,27,32,59,0.0605,0.1064,0.2173,1.0,0.0,90.17,1.3198,85.4068,85.4068,7623.2615,1769350689.0115948,12.37,59,477,0.193,31,0,0,14.55,15.0,0,1388,1769350606.159,-80.676,meta-llama/Llama-3.2-1B-Instruct,"1769350606.159, 1769350606.310, 1769350606.364, 1769350606.440, 1769350606.491"
1.0,0,1769350605.4401,83.6209,27,0,27,,,,1.0,,,0.074,82.6949,82.6949,7705.9564,1769350689.1652226,12.34,59,478,0.054,26,0,0,14.55,15.0,0,1388,1769350606.159,-80.676,meta-llama/Llama-3.2-1B-Instruct,"1769350606.159, 1769350606.310, 1769350606.364, 1769350606.440, 1769350606.491"
200.0,1,1769350539.4607,67.8419,3613,1022,4635,0.4729,0.0988,0.1268,200.0,0.0,90.19,81.9194,-50.2388,0.0,7705.9564,1769350689.2342525,12.53,60,479,0.364,31,0,0,14.49,15.0,0,1388,1769350606.159,-80.676,meta-llama/Llama-3.2-1B-Instruct,"1769350606.159, 1769350606.310, 1769350606.364, 1769350606.440, 1769350606.491"
1.0,0,1769350603.6659,84.4997,27,25,52,0.1616,0.0845,0.2328,1.0,0.0,90.21,1.2056,83.6613,83.6613,7789.6177,1769350689.3740273,12.5,60,480,0.08,16,0,0,14.55,15.0,0,1388,1769350606.159,-80.676,meta-llama/Llama-3.2-1B-Instruct,"1769350606.159, 1769350606.310, 1769350606.364, 1769350606.440, 1769350606.491"
1.0,0,1769350601.6516,86.2817,27,32,59,0.2215,0.1039,0.2304,1.0,0.0,90.23,1.4887,85.5032,85.5032,7960.5589,1769350689.4292161,12.45,60,482,0.094,17,0,0,14.55,15.0,0,1388,1769350606.159,-80.676,meta-llama/Llama-3.2-1B-Instruct,"1769350606.159, 1769350606.310, 1769350606.364, 1769350606.440, 1769350606.491"
1.0,0,1769350601.7097,86.2864,27,32,59,0.1517,0.1088,0.2218,1.0,0.0,90.25,1.4069,85.4381,85.4381,7960.5589,1769350689.4294598,12.47,60,482,0.094,17,0,0,14.55,15.0,0,1388,1769350606.159,-80.676,meta-llama/Llama-3.2-1B-Instruct,"1769350606.159, 1769350606.310, 1769350606.364, 1769350606.440, 1769350606.491"
200.0,1,1769350539.5658,68.4946,5139,1032,6171,0.6912,0.1025,0.1384,200.0,0.0,90.27,81.3835,-50.1219,0.0,8385.8292,1769350689.4734936,12.63,61,488,0.376,31,0,0,14.49,15.0,0,1388,1769350606.159,-80.676,meta-llama/Llama-3.2-1B-Instruct,"1769350606.159, 1769350606.310, 1769350606.364, 1769350606.440, 1769350606.491"
1.0,0,1769350601.84,86.2106,27,32,59,0.1938,0.0981,0.2207,1.0,0.0,90.3,1.4042,85.4044,85.4044,8385.8292,1769350689.4752223,12.58,61,488,0.094,17,0,0,14.55,15.0,0,1388,1769350606.159,-80.676,meta-llama/Llama-3.2-1B-Instruct,"1769350606.159, 1769350606.310, 1769350606.364, 1769350606.440, 1769350606.491"
1.0,0,1769350602.1038,85.9418,27,32,59,0.1996,0.1231,0.2216,1.0,0.0,90.32,1.4206,85.1413,85.1413,8636.9354,1769350689.4806736,12.55,61,491,0.094,15,0,0,14.55,15.0,0,1388,1769350606.159,-80.676,meta-llama/Llama-3.2-1B-Instruct,"1769350606.159, 1769350606.310, 1769350606.364, 1769350606.440, 1769350606.491"
1.0,0,1769350604.1125,84.1358,27,32,59,0.0826,0.0889,0.3823,1.0,0.0,90.36,1.2322,83.2184,83.2184,8721.348,1769350689.4906623,12.42,61,492,0.079,12,0,0,14.55,15.0,0,1388,1769350606.159,-80.676,meta-llama/Llama-3.2-1B-Instruct,"1769350606.159, 1769350606.310, 1769350606.364, 1769350606.440, 1769350606.491"
1.0,0,1769350604.5161,83.7223,27,32,59,0.0918,0.1535,0.222,1.0,0.0,90.38,1.2385,82.8142,82.8142,8804.4129,1769350689.4918272,12.47,61,493,0.079,12,0,0,14.55,15.0,0,1388,1769350606.159,-80.676,meta-llama/Llama-3.2-1B-Instruct,"1769350606.159, 1769350606.310, 1769350606.364, 1769350606.440, 1769350606.491"
1.0,0,1769350602.0511,85.9845,27,32,59,0.1866,0.0966,0.2241,1.0,0.0,90.4,1.4338,85.1711,85.1711,9055.0351,1769350689.500771,12.5,61,496,0.094,15,0,0,14.55,15.0,0,1388,1769350606.159,-80.676,meta-llama/Llama-3.2-1B-Instruct,"1769350606.159, 1769350606.310, 1769350606.364, 1769350606.440, 1769350606.491"
1.0,0,1769350602.1586,85.9181,27,32,59,0.1555,0.0963,0.2175,1.0,0.0,90.42,1.4023,85.0736,85.0736,9055.0351,1769350689.5009758,12.45,61,496,0.094,15,0,0,14.55,15.0,0,1388,1769350606.159,-80.676,meta-llama/Llama-3.2-1B-Instruct,"1769350606.159, 1769350606.310, 1769350606.364, 1769350606.440, 1769350606.491"
1.0,0,1769350602.9154,85.318,27,33,60,0.0946,0.0992,0.2505,1.0,0.0,90.44,1.2483,84.4126,84.4126,9055.0351,1769350689.5038996,12.4,61,496,0.079,12,0,0,14.55,15.0,0,1388,1769350606.159,-80.676,meta-llama/Llama-3.2-1B-Instruct,"1769350606.159, 1769350606.310, 1769350606.364, 1769350606.440, 1769350606.491"
1.0,0,1769350603.7902,84.3116,27,32,59,0.126,0.1104,0.2301,1.0,0.0,90.46,1.3927,83.4376,83.4376,9055.0351,1769350689.5040965,12.35,61,496,0.079,15,1,0,14.55,15.0,0,1388,1769350606.159,-80.676,meta-llama/Llama-3.2-1B-Instruct,"1769350606.159, 1769350606.310, 1769350606.364, 1769350606.440, 1769350606.491"
1.0,0,1769350602.6407,85.469,27,28,55,0.1233,0.123,0.2996,1.0,0.0,90.48,1.3354,84.5923,84.5923,9055.0351,1769350689.505875,12.6,61,496,0.08,16,0,0,14.55,15.0,0,1388,1769350606.159,-80.676,meta-llama/Llama-3.2-1B-Instruct,"1769350606.159, 1769350606.310, 1769350606.364, 1769350606.440, 1769350606.491"
1.0,0,1769350603.9842,84.173,27,31,58,0.1715,0.0875,0.2233,1.0,0.0,90.5,1.3413,83.3445,83.3445,9055.0351,1769350689.5081387,12.3,61,496,0.08,16,0,0,14.55,15.0,0,1388,1769350606.159,-80.676,meta-llama/Llama-3.2-1B-Instruct,"1769350606.159, 1769350606.310, 1769350606.364, 1769350606.440, 1769350606.491"
1.0,0,1769350604.2646,83.9469,27,32,59,0.118,0.1058,0.222,1.0,0.0,90.52,1.2801,83.0649,83.0649,9055.0351,1769350689.508305,12.37,61,496,0.079,12,0,0,14.55,15.0,0,1388,1769350606.159,-80.676,meta-llama/Llama-3.2-1B-Instruct,"1769350606.159, 1769350606.310, 1769350606.364, 1769350606.440, 1769350606.491"
1.0,0,1769350603.3828,84.7399,27,32,59,0.1002,0.1185,0.2448,1.0,0.0,90.53,1.3729,83.84,83.84,9055.0351,1769350689.5156953,12.32,61,496,0.08,16,0,0,14.55,15.0,0,1388,1769350606.159,-80.676,meta-llama/Llama-3.2-1B-Instruct,"1769350606.159, 1769350606.310, 1769350606.364, 1769350606.440, 1769350606.491"
1.0,0,1769350604.0423,84.0931,27,32,59,0.1231,0.0842,0.2275,1.0,0.0,90.55,1.3811,83.2162,83.2162,9138.2512,1769350689.516969,12.27,61,497,0.08,16,0,0,14.55,15.0,0,1388,1769350606.159,-80.676,meta-llama/Llama-3.2-1B-Instruct,"1769350606.159, 1769350606.310, 1769350606.364, 1769350606.440, 1769350606.491"
1.0,0,1769350605.1586,83.1777,27,32,59,0.0918,0.1052,0.2532,1.0,0.0,90.57,1.2085,82.2695,82.2695,9550.3052,1769350689.5523226,12.25,61,502,0.08,27,0,0,14.55,15.0,0,1388,1769350606.159,-80.676,meta-llama/Llama-3.2-1B-Instruct,"1769350606.159, 1769350606.310, 1769350606.364, 1769350606.440, 1769350606.491"
1.0,0,1769350605.024,83.2981,27,32,59,0.1016,0.0967,0.3037,1.0,0.0,90.59,1.2243,82.3997,82.3997,9550.3052,1769350689.5525477,12.22,61,502,0.08,22,5,0,14.55,15.0,0,1388,1769350606.159,-80.676,meta-llama/Llama-3.2-1B-Instruct,"1769350606.159, 1769350606.310, 1769350606.364, 1769350606.440, 1769350606.491"
1.0,0,1769350604.8109,83.453,27,32,59,0.1593,0.0912,0.2239,1.0,0.0,90.61,1.2831,82.6123,82.6123,9550.3052,1769350689.5527682,12.2,61,502,0.079,12,0,0,14.55,15.0,0,1388,1769350606.159,-80.676,meta-llama/Llama-3.2-1B-Instruct,"1769350606.159, 1769350606.310, 1769350606.364, 1769350606.440, 1769350606.491"
1.0,0,1769350604.9726,83.3452,27,32,59,0.1099,0.1192,0.2571,1.0,0.0,90.63,1.2303,82.4551,82.4551,9550.3052,1769350689.5572371,12.18,61,502,0.08,22,5,0,14.55,15.0,0,1388,1769350606.159,-80.676,meta-llama/Llama-3.2-1B-Instruct,"1769350606.159, 1769350606.310, 1769350606.364, 1769350606.440, 1769350606.491"
1.0,0,1769350605.1071,83.2447,27,32,59,0.0727,0.1711,0.218,1.0,0.0,90.65,1.197,82.3174,82.3174,9550.3052,1769350689.5660086,12.15,61,502,0.08,22,5,0,14.55,15.0,0,1388,1769350606.159,-80.676,meta-llama/Llama-3.2-1B-Instruct,"1769350606.159, 1769350606.310, 1769350606.364, 1769350606.440, 1769350606.491"
1.0,0,1769350606.9272,82.7366,27,0,27,,,,1.0,,,0.0601,81.7968,81.7968,9632.102,1769350689.7293744,12.13,61,503,0.016,14,2,0,14.55,15.0,0,1388,1769350606.159,-80.676,meta-llama/Llama-3.2-1B-Instruct,"1769350606.159, 1769350606.310, 1769350606.364, 1769350606.440, 1769350606.491"
1.0,0,1769350605.3099,83.605,27,32,59,0.1631,0.0927,0.1128,1.0,0.0,90.67,1.27,82.7681,82.7681,9714.8702,1769350690.1885169,12.1,61,504,0.082,29,0,0,14.55,15.0,0,1388,1769350606.159,-80.676,meta-llama/Llama-3.2-1B-Instruct,"1769350606.159, 1769350606.310, 1769350606.364, 1769350606.440, 1769350606.491"
1.0,0,1769350605.3636,83.6887,27,33,60,0.0912,0.078,0.1149,1.0,0.0,90.69,1.1681,82.7799,82.7799,9797.65,1769350690.2251363,12.08,61,505,0.054,26,0,0,14.55,15.0,0,1388,1769350606.159,-80.676,meta-llama/Llama-3.2-1B-Instruct,"1769350606.159, 1769350606.310, 1769350606.364, 1769350606.440, 1769350606.491"
1.0,0,1769350605.4911,83.5904,27,32,59,0.1434,0.0792,0.1178,1.0,0.0,90.71,1.1635,82.7338,82.7338,10127.7538,1769350690.248059,12.06,61,509,0.054,26,0,0,14.55,15.0,0,1388,1769350606.159,-80.676,meta-llama/Llama-3.2-1B-Instruct,"1769350606.159, 1769350606.310, 1769350606.364, 1769350606.440, 1769350606.491"
1.0,0,1769350605.8465,83.3034,27,32,59,0.0787,0.0745,0.1158,1.0,0.0,90.73,1.0979,82.3821,82.3821,10127.7538,1769350690.2502022,11.98,61,509,0.054,26,0,0,14.55,15.0,0,1388,1769350606.159,-80.676,meta-llama/Llama-3.2-1B-Instruct,"1769350606.159, 1769350606.310, 1769350606.364, 1769350606.440, 1769350606.491"
1.0,0,1769350605.9003,83.2279,27,32,59,0.1018,0.0742,0.1101,1.0,0.0,90.74,1.1173,82.3297,82.3297,10127.7538,1769350690.2507188,12.03,61,509,0.054,26,0,0,14.55,15.0,0,1388,1769350606.159,-80.676,meta-llama/Llama-3.2-1B-Instruct,"1769350606.159, 1769350606.310, 1769350606.364, 1769350606.440, 1769350606.491"
1.0,0,1769350605.571,83.5444,27,32,59,0.1137,0.0762,0.1162,1.0,0.0,90.76,1.1304,82.6582,82.6582,10127.7538,1769350690.2509968,12.01,61,509,0.054,26,0,0,14.55,15.0,0,1388,1769350606.159,-80.676,meta-llama/Llama-3.2-1B-Instruct,"1769350606.159, 1769350606.310, 1769350606.364, 1769350606.440, 1769350606.491"
1.0,0,1769350606.0076,83.2473,27,32,59,0.0734,0.0843,0.1164,1.0,0.0,90.78,1.0337,82.3207,82.3207,10292.4377,1769350690.2959275,11.94,61,511,0.039,30,1,0,14.55,15.0,0,1388,1769350606.159,-80.676,meta-llama/Llama-3.2-1B-Instruct,"1769350606.159, 1769350606.310, 1769350606.364, 1769350606.440, 1769350606.491"
1.0,0,1769350605.9545,83.2435,27,32,59,0.1197,0.0592,0.1157,1.0,0.0,90.8,1.0878,82.3632,82.3632,10292.4377,1769350690.2961912,11.96,61,511,0.039,27,3,0,14.55,15.0,0,1388,1769350606.159,-80.676,meta-llama/Llama-3.2-1B-Instruct,"1769350606.159, 1769350606.310, 1769350606.364, 1769350606.440, 1769350606.491"
1.0,0,1769350606.0643,83.3855,27,32,59,0.139,0.088,0.1193,1.0,0.0,90.82,1.2855,82.5245,82.5245,10374.9622,1769350690.7373743,11.91,61,512,0.039,28,0,0,14.55,15.0,0,1388,1769350606.159,-80.676,meta-llama/Llama-3.2-1B-Instruct,"1769350606.159, 1769350606.310, 1769350606.364, 1769350606.440, 1769350606.491"
1.0,0,1769350606.4735,83.0957,27,30,57,0.1541,0.0841,0.0885,1.0,0.0,90.84,1.3369,82.2498,82.2498,10785.8188,1769350690.9238017,11.89,61,517,0.016,10,0,0,14.55,15.0,0,1388,1769350606.159,-80.676,meta-llama/Llama-3.2-1B-Instruct,"1769350606.159, 1769350606.310, 1769350606.364, 1769350606.440, 1769350606.491"
1.0,0,1769350606.1873,83.3487,27,32,59,0.1129,0.0863,0.0994,1.0,0.0,90.85,1.3786,82.4617,82.4617,10785.8188,1769350690.9239979,11.82,61,517,0.016,10,0,0,14.55,15.0,0,1388,1769350606.159,-80.676,meta-llama/Llama-3.2-1B-Instruct,"1769350606.159, 1769350606.310, 1769350606.364, 1769350606.440, 1769350606.491"
1.0,0,1769350606.5273,83.0256,27,32,59,0.0969,0.0939,0.0989,1.0,0.0,90.87,1.3664,82.1224,82.1224,10867.812,1769350690.9301095,11.8,61,518,0.016,10,0,0,14.55,15.0,0,1388,1769350606.159,-80.676,meta-llama/Llama-3.2-1B-Instruct,"1769350606.159, 1769350606.310, 1769350606.364, 1769350606.440, 1769350606.491"
1.0,0,1769350606.6892,82.8866,27,32,59,0.1065,0.0796,0.0902,1.0,0.0,90.89,1.3493,81.9932,81.9932,10867.812,1769350690.93873,11.78,61,518,0.016,10,0,0,14.55,15.0,0,1388,1769350606.159,-80.676,meta-llama/Llama-3.2-1B-Instruct,"1769350606.159, 1769350606.310, 1769350606.364, 1769350606.440, 1769350606.491"
1.0,0,1769350606.6125,82.9448,27,32,59,0.0931,0.0921,0.0929,1.0,0.0,90.91,1.355,82.0379,82.0379,10867.812,1769350690.93895,11.87,61,518,0.016,10,0,0,14.55,15.0,0,1388,1769350606.159,-80.676,meta-llama/Llama-3.2-1B-Instruct,"1769350606.159, 1769350606.310, 1769350606.364, 1769350606.440, 1769350606.491"
1.0,0,1769350606.7404,82.8679,27,32,59,0.1169,0.0897,0.0903,1.0,0.0,90.93,1.3059,81.9848,81.9848,10867.812,1769350690.939963,11.84,61,518,0.016,10,0,0,14.55,15.0,0,1388,1769350606.159,-80.676,meta-llama/Llama-3.2-1B-Instruct,"1769350606.159, 1769350606.310, 1769350606.364, 1769350606.440, 1769350606.491"
1.0,0,1769350607.0105,82.7489,27,32,59,0.099,0.0865,0.0907,1.0,0.0,90.94,1.3313,81.8479,81.8479,10949.6599,1769350691.1026556,11.75,61,519,0.017,16,0,0,14.55,15.0,0,1388,1769350606.159,-80.676,meta-llama/Llama-3.2-1B-Instruct,"1769350606.159, 1769350606.310, 1769350606.364, 1769350606.440, 1769350606.491"
1.0,0,1769350607.0944,82.7466,27,32,59,0.0815,0.0831,0.0834,1.0,0.0,90.96,1.2737,81.8282,81.8282,11031.4881,1769350691.1307268,11.73,61,520,0.017,17,0,0,14.55,15.0,0,1388,1769350606.159,-80.676,meta-llama/Llama-3.2-1B-Instruct,"1769350606.159, 1769350606.310, 1769350606.364, 1769350606.440, 1769350606.491"
1.0,0,1769350607.1718,82.7423,27,32,59,0.0781,0.0795,0.0884,1.0,0.0,90.98,1.305,81.8204,81.8204,11113.3084,1769350691.2240562,11.71,61,521,0.017,18,0,0,14.55,15.0,0,1388,1769350606.159,-80.676,meta-llama/Llama-3.2-1B-Instruct,"1769350606.159, 1769350606.310, 1769350606.364, 1769350606.440, 1769350606.491"
1.0,0,1769350608.2796,82.0373,27,22,49,0.0601,0.0767,0.0866,1.0,0.0,91.0,0.9675,81.0974,81.0974,11276.2489,1769350691.312017,11.69,61,523,0.017,14,1,0,14.55,15.0,0,1388,1769350606.159,-80.676,meta-llama/Llama-3.2-1B-Instruct,"1769350606.159, 1769350606.310, 1769350606.364, 1769350606.440, 1769350606.491"
1.0,0,1769350607.378,82.6761,27,32,59,0.0865,0.077,0.087,1.0,0.0,91.02,1.2602,81.7626,81.7626,11358.0114,1769350691.3197773,11.64,61,524,0.018,19,0,0,14.55,15.0,0,1388,1769350606.159,-80.676,meta-llama/Llama-3.2-1B-Instruct,"1769350606.159, 1769350606.310, 1769350606.364, 1769350606.440, 1769350606.491"
1.0,0,1769350607.2928,82.7752,27,32,59,0.0678,0.083,0.083,1.0,0.0,91.03,1.2437,81.843,81.843,11358.0114,1769350691.3200061,11.66,61,524,0.017,18,0,0,14.55,15.0,0,1388,1769350606.159,-80.676,meta-llama/Llama-3.2-1B-Instruct,"1769350606.159, 1769350606.310, 1769350606.364, 1769350606.440, 1769350606.491"
1.0,0,1769350607.7908,82.412,27,32,59,0.1202,0.0812,0.0863,1.0,0.0,91.05,1.4254,81.5321,81.5321,11520.6432,1769350691.6400595,11.62,61,526,0.018,20,0,0,14.55,15.0,0,1388,1769350606.159,-80.676,meta-llama/Llama-3.2-1B-Instruct,"1769350606.159, 1769350606.310, 1769350606.364, 1769350606.440, 1769350606.491"
1.0,0,1769350608.2242,82.0338,27,32,59,0.0659,0.0883,0.0898,1.0,0.0,91.07,1.3787,81.0997,81.0997,11520.6432,1769350691.6411734,11.6,61,526,0.017,15,0,0,14.55,15.0,0,1388,1769350606.159,-80.676,meta-llama/Llama-3.2-1B-Instruct,"1769350606.159, 1769350606.310, 1769350606.364, 1769350606.440, 1769350606.491"
1.0,0,1769350608.3329,82.0262,27,32,59,0.0778,0.0891,0.0913,1.0,0.0,91.09,1.3547,81.104,81.104,11601.7472,1769350691.715488,11.57,61,527,0.017,15,0,0,14.55,15.0,0,1388,1769350606.159,-80.676,meta-llama/Llama-3.2-1B-Instruct,"1769350606.159, 1769350606.310, 1769350606.364, 1769350606.440, 1769350606.491"
1.0,0,1769350608.4631,81.9446,27,32,59,0.0864,0.0722,0.0907,1.0,0.0,91.1,1.3231,81.031,81.031,11682.7782,1769350691.7348375,11.55,61,528,0.017,16,0,0,14.55,15.0,0,1388,1769350606.159,-80.676,meta-llama/Llama-3.2-1B-Instruct,"1769350606.159, 1769350606.310, 1769350606.364, 1769350606.440, 1769350606.491"
1.0,0,1769350608.5308,81.9298,27,31,58,0.1251,0.0652,0.0789,1.0,0.0,91.12,1.3138,81.0549,81.0549,11844.7597,1769350691.7801814,11.53,61,530,0.017,17,0,0,14.55,15.0,0,1388,1769350606.159,-80.676,meta-llama/Llama-3.2-1B-Instruct,"1769350606.159, 1769350606.310, 1769350606.364, 1769350606.440, 1769350606.491"
1.0,0,1769350608.6607,81.8515,27,32,59,0.0752,0.0605,0.0824,1.0,0.0,91.14,1.2642,80.9266,80.9266,11844.7597,1769350691.7807276,11.51,61,530,0.017,18,1,0,14.55,15.0,0,1388,1769350606.159,-80.676,meta-llama/Llama-3.2-1B-Instruct,"1769350606.159, 1769350606.310, 1769350606.364, 1769350606.440, 1769350606.491"
1.0,0,1769350609.0621,81.5097,27,32,59,0.1274,0.0698,0.081,1.0,0.0,91.15,1.2766,80.6371,80.6371,12005.3884,1769350691.852265,11.49,61,532,0.017,19,1,0,14.55,15.0,0,1386,1769350613.148,-78.697,meta-llama/Llama-3.2-1B-Instruct,"1769350613.148, 1769350613.292, 1769350613.370, 1769350613.447, 1769350613.528"
1.0,0,1769350609.7114,80.9108,27,32,59,0.0807,0.0664,0.0714,1.0,0.0,91.17,1.2291,79.9915,79.9915,12005.3884,1769350691.8524814,11.47,61,532,0.018,20,0,0,14.55,15.0,0,1386,1769350613.148,-78.697,meta-llama/Llama-3.2-1B-Instruct,"1769350613.148, 1769350613.292, 1769350613.370, 1769350613.447, 1769350613.528"
1.0,0,1769350609.785,80.9025,27,32,59,0.1013,0.0716,0.0825,1.0,0.0,91.19,1.2877,80.0038,80.0038,12085.3922,1769350691.979961,11.44,61,533,0.018,22,0,0,14.55,15.0,0,1386,1769350613.148,-78.697,meta-llama/Llama-3.2-1B-Instruct,"1769350613.148, 1769350613.292, 1769350613.370, 1769350613.447, 1769350613.528"
1.0,0,1769350609.859,80.9078,27,32,59,0.0741,0.0676,0.099,1.0,0.0,91.2,1.2519,79.9819,79.9819,12165.3741,1769350692.0195496,11.42,61,534,0.018,21,0,0,14.55,15.0,0,1386,1769350613.148,-78.697,meta-llama/Llama-3.2-1B-Instruct,"1769350613.148, 1769350613.292, 1769350613.370, 1769350613.447, 1769350613.528"
1.0,0,1769350609.9356,80.9076,27,32,59,0.0803,0.0794,0.0826,1.0,0.0,91.22,1.2268,79.9879,79.9879,12245.362,1769350692.0730696,11.4,61,535,0.018,23,0,0,14.55,15.0,0,1386,1769350613.148,-78.697,meta-llama/Llama-3.2-1B-Instruct,"1769350613.148, 1769350613.292, 1769350613.370, 1769350613.447, 1769350613.528"
1.0,0,1769350610.0105,80.9387,27,32,59,0.0619,0.0704,0.0757,1.0,0.0,91.24,1.2315,80.0006,80.0006,12325.3626,1769350692.1822762,11.38,61,536,0.017,18,0,0,14.55,15.0,0,1386,1769350613.148,-78.697,meta-llama/Llama-3.2-1B-Instruct,"1769350613.148, 1769350613.292, 1769350613.370, 1769350613.447, 1769350613.528"
1.0,0,1769350612.3701,79.7736,27,0,27,,,,1.0,,,0.0716,78.8452,78.8452,12484.2075,1769350692.2267165,11.36,61,538,0.017,17,0,0,14.55,15.0,0,1386,1769350613.148,-78.697,meta-llama/Llama-3.2-1B-Instruct,"1769350613.148, 1769350613.292, 1769350613.370, 1769350613.447, 1769350613.528"
1.0,0,1769350610.0855,80.9316,27,32,59,0.0681,0.0695,0.0929,1.0,0.0,91.25,1.2086,79.9997,79.9997,12484.2075,1769350692.2270236,11.34,61,538,0.018,19,0,0,14.55,15.0,0,1386,1769350613.148,-78.697,meta-llama/Llama-3.2-1B-Instruct,"1769350613.148, 1769350613.292, 1769350613.370, 1769350613.447, 1769350613.528"
1.0,0,1769350610.1384,80.9576,27,32,59,0.0914,0.0789,0.0819,1.0,0.0,91.27,1.178,80.049,80.049,12564.2565,1769350692.2886653,11.32,61,539,0.018,19,0,0,14.55,15.0,0,1386,1769350613.148,-78.697,meta-llama/Llama-3.2-1B-Instruct,"1769350613.148, 1769350613.292, 1769350613.370, 1769350613.447, 1769350613.528"
1.0,0,1769350610.2151,81.0735,27,32,59,0.0897,0.0708,0.0735,1.0,0.0,91.29,1.1575,80.1631,80.1631,12724.4995,1769350692.4555538,11.3,61,541,0.018,19,0,0,14.55,15.0,0,1386,1769350613.148,-78.697,meta-llama/Llama-3.2-1B-Instruct,"1769350613.148, 1769350613.292, 1769350613.370, 1769350613.447, 1769350613.528"
1.0,0,1769350610.2943,80.985,27,32,59,0.0949,0.0607,0.0743,1.0,0.0,91.3,1.1746,80.08,80.08,12724.4995,1769350692.4638567,11.28,61,541,0.017,17,0,0,14.55,15.0,0,1386,1769350613.148,-78.697,meta-llama/Llama-3.2-1B-Instruct,"1769350613.148, 1769350613.292, 1769350613.370, 1769350613.447, 1769350613.528"
1.0,0,1769350610.5796,80.7784,27,32,59,0.0773,0.0631,0.0665,1.0,0.0,91.32,1.1062,79.8556,79.8556,12804.3552,1769350692.4675002,11.25,61,542,0.017,16,0,0,14.55,15.0,0,1386,1769350613.148,-78.697,meta-llama/Llama-3.2-1B-Instruct,"1769350613.148, 1769350613.292, 1769350613.370, 1769350613.447, 1769350613.528"
1.0,0,1769350610.725,80.697,27,32,59,0.0755,0.0617,0.0636,1.0,0.0,91.34,1.0588,79.7725,79.7725,12884.1277,1769350692.4841864,11.23,61,543,0.017,17,1,0,14.55,15.0,0,1386,1769350613.148,-78.697,meta-llama/Llama-3.2-1B-Instruct,"1769350613.148, 1769350613.292, 1769350613.370, 1769350613.447, 1769350613.528"
1.0,0,1769350610.9003,80.5788,27,32,59,0.0748,0.0634,0.0672,1.0,0.0,91.35,1.0143,79.6536,79.6536,13042.6811,1769350692.509562,11.19,61,545,0.018,18,1,0,14.55,15.0,0,1386,1769350613.148,-78.697,meta-llama/Llama-3.2-1B-Instruct,"1769350613.148, 1769350613.292, 1769350613.370, 1769350613.447, 1769350613.528"
1.0,0,1769350612.4466,79.8284,27,8,35,0.0715,0.0409,0.0409,1.0,0.0,91.37,0.2166,78.8999,78.8999,13042.6811,1769350692.510455,11.21,61,545,0.017,15,0,0,14.55,15.0,0,1386,1769350613.148,-78.697,meta-llama/Llama-3.2-1B-Instruct,"1769350613.148, 1769350613.292, 1769350613.370, 1769350613.447, 1769350613.528"
1.0,0,1769350611.0392,80.4986,27,32,59,0.0785,0.0628,0.0773,1.0,0.0,91.39,0.9752,79.577,79.577,13122.2582,1769350692.5137148,11.17,61,546,0.018,19,0,0,14.55,15.0,0,1386,1769350613.148,-78.697,meta-llama/Llama-3.2-1B-Instruct,"1769350613.148, 1769350613.292, 1769350613.370, 1769350613.447, 1769350613.528"
1.0,0,1769350611.257,80.3419,27,32,59,0.0914,0.0629,0.0647,1.0,0.0,91.4,0.9482,79.4333,79.4333,13201.6915,1769350692.5487363,11.15,61,547,0.018,20,0,0,14.55,15.0,0,1386,1769350613.148,-78.697,meta-llama/Llama-3.2-1B-Instruct,"1769350613.148, 1769350613.292, 1769350613.370, 1769350613.447, 1769350613.528"
1.0,0,1769350611.782,79.969,27,32,59,0.0698,0.0567,0.1905,1.0,0.0,91.42,1.0826,79.0388,79.0388,13360.1399,1769350692.8417659,11.13,61,549,0.018,18,0,0,14.55,15.0,0,1386,1769350613.148,-78.697,meta-llama/Llama-3.2-1B-Instruct,"1769350613.148, 1769350613.292, 1769350613.370, 1769350613.447, 1769350613.528"
1.0,0,1769350611.4103,80.2976,27,32,59,0.112,0.0596,0.1886,1.0,0.0,91.43,1.1336,79.4096,79.4096,13360.1399,1769350692.8447363,11.11,61,549,0.018,20,0,0,14.55,15.0,0,1386,1769350613.148,-78.697,meta-llama/Llama-3.2-1B-Instruct,"1769350613.148, 1769350613.292, 1769350613.370, 1769350613.447, 1769350613.528"
1.0,0,1769350611.863,79.9519,27,32,59,0.0798,0.0641,0.182,1.0,0.0,91.45,1.1163,79.0317,79.0317,13439.1716,1769350692.9341555,11.09,61,550,0.018,18,0,0,14.55,15.0,0,1386,1769350613.148,-78.697,meta-llama/Llama-3.2-1B-Instruct,"1769350613.148, 1769350613.292, 1769350613.370, 1769350613.447, 1769350613.528"
1.0,0,1769350612.0587,79.817,27,32,59,0.0986,0.0581,0.1831,1.0,0.0,91.47,1.1214,78.9155,78.9155,13518.0871,1769350693.000995,11.07,61,551,0.017,16,0,0,14.55,15.0,0,1386,1769350613.148,-78.697,meta-llama/Llama-3.2-1B-Instruct,"1769350613.148, 1769350613.292, 1769350613.370, 1769350613.447, 1769350613.528"
1.0,0,1769350612.1483,79.8006,27,32,59,0.0637,0.0618,0.1784,1.0,0.0,91.48,1.0912,78.8643,78.8643,13596.9514,1769350693.0456002,11.05,61,552,0.017,17,0,0,14.55,15.0,0,1386,1769350613.148,-78.697,meta-llama/Llama-3.2-1B-Instruct,"1769350613.148, 1769350613.292, 1769350613.370, 1769350613.447, 1769350613.528"
1.0,0,1769350612.2923,79.7503,27,32,59,0.0657,0.0783,0.1851,1.0,0.0,91.5,1.1277,78.816,78.816,13675.7674,1769350693.1912985,11.03,61,553,0.017,17,0,0,14.55,15.0,0,1386,1769350613.148,-78.697,meta-llama/Llama-3.2-1B-Instruct,"1769350613.148, 1769350613.292, 1769350613.370, 1769350613.447, 1769350613.528"
1.0,0,1769350615.2458,78.2522,27,0,27,,,,1.0,,,0.0815,77.3337,77.3337,13753.101,1769350693.5812514,11.01,61,554,0.018,20,0,0,14.55,15.0,0,1386,1769350613.148,-78.697,meta-llama/Llama-3.2-1B-Instruct,"1769350613.148, 1769350613.292, 1769350613.370, 1769350613.447, 1769350613.528"
1.0,0,1769350612.5285,79.8042,27,32,59,0.069,0.0664,0.1842,1.0,0.0,91.51,1.321,78.8732,78.8732,13831.9742,1769350693.6619306,10.99,61,555,0.017,15,0,0,14.55,15.0,0,1386,1769350613.148,-78.697,meta-llama/Llama-3.2-1B-Instruct,"1769350613.148, 1769350613.292, 1769350613.370, 1769350613.447, 1769350613.528"
1.0,0,1769350612.6825,79.8423,27,32,59,0.1189,0.0897,0.1234,1.0,0.0,91.53,1.5073,78.9612,78.9612,14066.9246,1769350694.0412757,10.95,61,558,0.016,9,0,0,14.55,15.0,0,1386,1769350613.148,-78.697,meta-llama/Llama-3.2-1B-Instruct,"1769350613.148, 1769350613.292, 1769350613.370, 1769350613.447, 1769350613.528"
1.0,0,1769350612.9835,79.7263,27,32,59,0.1021,0.0802,0.0814,1.0,0.0,91.56,1.326,78.8284,78.8284,14303.2775,1769350694.055948,10.93,61,561,0.017,12,1,0,14.55,15.0,0,1386,1769350613.148,-78.697,meta-llama/Llama-3.2-1B-Instruct,"1769350613.148, 1769350613.292, 1769350613.370, 1769350613.447, 1769350613.528"
1.0,0,1769350612.7573,79.8406,27,32,59,0.0822,0.0904,0.0954,1.0,0.0,91.58,1.4465,78.9228,78.9228,14382.1633,1769350694.0603483,10.89,61,562,0.016,9,1,0,14.55,15.0,0,1386,1769350613.148,-78.697,meta-llama/Llama-3.2-1B-Instruct,"1769350613.148, 1769350613.292, 1769350613.370, 1769350613.447, 1769350613.528"
1.0,0,1769350613.1925,79.5492,27,32,59,0.0685,0.074,0.0891,1.0,0.0,91.59,1.3025,78.6177,78.6177,14461.1832,1769350694.062877,10.91,61,563,0.017,13,0,0,14.55,15.0,0,1386,1769350613.148,-78.697,meta-llama/Llama-3.2-1B-Instruct,"1769350613.148, 1769350613.292, 1769350613.370, 1769350613.447, 1769350613.528"
1.0,0,1769350612.8326,79.7915,27,32,59,0.0942,0.0869,0.0878,1.0,0.0,91.61,1.4323,78.8858,78.8858,14461.1832,1769350694.0630736,10.85,61,563,0.016,10,1,0,14.55,15.0,0,1386,1769350613.148,-78.697,meta-llama/Llama-3.2-1B-Instruct,"1769350613.148, 1769350613.292, 1769350613.370, 1769350613.447, 1769350613.528"
1.0,0,1769350612.9069,79.7597,27,32,59,0.0528,0.0773,0.0857,1.0,0.0,91.62,1.3863,78.8124,78.8124,14461.1832,1769350694.0649006,10.87,61,563,0.017,11,1,0,14.55,15.0,0,1386,1769350613.148,-78.697,meta-llama/Llama-3.2-1B-Instruct,"1769350613.148, 1769350613.292, 1769350613.370, 1769350613.447, 1769350613.528"
1.0,0,1769350612.6087,79.8848,27,32,59,0.1351,0.0946,0.1361,1.0,0.0,91.64,1.5678,79.0199,79.0199,14461.1832,1769350694.065103,10.83,61,563,0.017,16,0,0,14.55,15.0,0,1386,1769350613.148,-78.697,meta-llama/Llama-3.2-1B-Instruct,"1769350613.148, 1769350613.292, 1769350613.370, 1769350613.447, 1769350613.528"
1.0,0,1769350613.2766,79.5271,27,32,59,0.071,0.0856,0.0995,1.0,0.0,91.65,1.3021,78.5982,78.5982,14539.7814,1769350694.1086361,10.82,61,564,0.017,15,0,0,14.55,15.0,0,1386,1769350613.148,-78.697,meta-llama/Llama-3.2-1B-Instruct,"1769350613.148, 1769350613.292, 1769350613.370, 1769350613.447, 1769350613.528"
1.0,0,1769350613.6455,79.2692,27,32,59,0.0702,0.0671,0.0867,1.0,0.0,91.67,1.2308,78.3394,78.3394,14618.1208,1769350694.165199,10.8,61,565,0.017,14,0,0,14.55,15.0,0,1386,1769350613.148,-78.697,meta-llama/Llama-3.2-1B-Instruct,"1769350613.148, 1769350613.292, 1769350613.370, 1769350613.447, 1769350613.528"
1.0,0,1769350613.8086,79.1609,27,32,59,0.068,0.0799,0.084,1.0,0.0,91.68,1.2099,78.2288,78.2288,14774.7061,1769350694.181401,10.78,61,567,0.017,15,0,0,14.55,15.0,0,1386,1769350613.148,-78.697,meta-llama/Llama-3.2-1B-Instruct,"1769350613.148, 1769350613.292, 1769350613.370, 1769350613.447, 1769350613.528"
1.0,0,1769350613.5771,79.288,27,32,59,0.0685,0.0966,0.0999,1.0,0.0,91.7,1.3154,78.3564,78.3564,14774.7061,1769350694.1836762,10.76,61,567,0.017,13,0,0,14.55,15.0,0,1386,1769350613.148,-78.697,meta-llama/Llama-3.2-1B-Instruct,"1769350613.148, 1769350613.292, 1769350613.370, 1769350613.447, 1769350613.528"
1.0,0,1769350613.8844,79.1403,27,32,59,0.0738,0.088,0.0912,1.0,0.0,91.71,1.204,78.2141,78.2141,14852.9202,1769350694.2300613,10.74,61,568,0.017,14,1,0,14.55,15.0,0,1386,1769350613.148,-78.697,meta-llama/Llama-3.2-1B-Instruct,"1769350613.148, 1769350613.292, 1769350613.370, 1769350613.447, 1769350613.528"
1.0,0,1769350613.9614,79.1205,27,32,59,0.0879,0.064,0.0851,1.0,0.0,91.73,1.2024,78.2084,78.2084,14931.1286,1769350694.2943614,10.72,61,569,0.017,14,0,0,14.55,15.0,0,1386,1769350613.148,-78.697,meta-llama/Llama-3.2-1B-Instruct,"1769350613.148, 1769350613.292, 1769350613.370, 1769350613.447, 1769350613.528"
1.0,0,1769350614.2498,78.9079,27,32,59,0.0693,0.0758,0.0842,1.0,0.0,91.74,1.1949,77.9772,77.9772,15009.1059,1769350694.358814,10.7,61,570,0.017,15,0,0,14.55,15.0,0,1386,1769350613.148,-78.697,meta-llama/Llama-3.2-1B-Instruct,"1769350613.148, 1769350613.292, 1769350613.370, 1769350613.447, 1769350613.528"
1.0,0,1769350614.3928,78.8175,27,32,59,0.0674,0.069,0.0757,1.0,0.0,91.76,1.1614,77.8849,77.8849,15086.9907,1769350694.3737845,10.68,61,571,0.017,15,0,0,14.55,15.0,0,1386,1769350613.148,-78.697,meta-llama/Llama-3.2-1B-Instruct,"1769350613.148, 1769350613.292, 1769350613.370, 1769350613.447, 1769350613.528"
1.0,0,1769350614.4714,78.7851,27,32,59,0.0744,0.0796,0.0821,1.0,0.0,91.77,1.1674,77.8595,77.8595,15164.8502,1769350694.424611,10.66,61,572,0.017,16,0,0,14.55,15.0,0,1386,1769350613.148,-78.697,meta-llama/Llama-3.2-1B-Instruct,"1769350613.148, 1769350613.292, 1769350613.370, 1769350613.447, 1769350613.528"
1.0,0,1769350614.6193,78.687,27,32,59,0.0826,0.0721,0.073,1.0,0.0,91.79,1.1603,77.7696,77.7696,15242.6198,1769350694.469757,10.65,61,573,0.017,17,0,0,14.55,15.0,0,1386,1769350613.148,-78.697,meta-llama/Llama-3.2-1B-Instruct,"1769350613.148, 1769350613.292, 1769350613.370, 1769350613.447, 1769350613.528"
1.0,0,1769350615.075,78.3666,27,32,59,0.0774,0.0721,0.075,1.0,0.0,91.8,1.0835,77.444,77.444,15397.6156,1769350694.5344565,10.61,61,575,0.018,19,0,0,14.55,15.0,0,1386,1769350613.148,-78.697,meta-llama/Llama-3.2-1B-Instruct,"1769350613.148, 1769350613.292, 1769350613.370, 1769350613.447, 1769350613.528"
1.0,0,1769350614.9149,78.4632,27,32,59,0.0887,0.0702,0.0806,1.0,0.0,91.81,1.1443,77.5519,77.5519,15397.6156,1769350694.5360699,10.63,61,575,0.018,19,0,0,14.55,15.0,0,1386,1769350613.148,-78.697,meta-llama/Llama-3.2-1B-Instruct,"1769350613.148, 1769350613.292, 1769350613.370, 1769350613.447, 1769350613.528"
200.0,1,1769350539.9711,79.6355,3644,1036,4680,0.4841,0.099,0.1304,200.0,0.0,91.83,75.043,-45.3215,0.0,15397.6156,1769350694.6691105,10.76,62,576,0.396,31,0,0,14.55,15.0,0,1386,1769350613.148,-78.697,meta-llama/Llama-3.2-1B-Instruct,"1769350613.148, 1769350613.292, 1769350613.370, 1769350613.447, 1769350613.528"
1.0,0,1769350615.4926,78.198,27,32,59,0.0759,0.0687,0.0699,1.0,0.0,91.84,0.9966,77.274,77.274,15552.3567,1769350694.690855,10.75,62,578,0.018,20,0,0,14.55,15.0,0,1386,1769350613.148,-78.697,meta-llama/Llama-3.2-1B-Instruct,"1769350613.148, 1769350613.292, 1769350613.370, 1769350613.447, 1769350613.528"
1.0,0,1769350615.2986,78.3787,27,32,59,0.0883,0.065,0.0671,1.0,0.0,91.86,1.0105,77.467,77.467,15552.3567,1769350694.6910622,10.73,62,578,0.018,21,0,0,14.55,15.0,0,1386,1769350613.148,-78.697,meta-llama/Llama-3.2-1B-Instruct,"1769350613.148, 1769350613.292, 1769350613.370, 1769350613.447, 1769350613.528"
1.0,0,1769350615.6726,78.081,27,32,59,0.081,0.0786,0.0867,1.0,0.0,91.87,0.9858,77.162,77.162,15629.5187,1769350694.7465637,10.71,62,579,0.018,20,0,0,14.55,15.0,0,1386,1769350613.148,-78.697,meta-llama/Llama-3.2-1B-Instruct,"1769350613.148, 1769350613.292, 1769350613.370, 1769350613.447, 1769350613.528"
1.0,0,1769350615.8329,78.0688,27,32,59,0.0775,0.0579,0.0582,1.0,0.0,91.89,0.9298,77.1463,77.1463,15706.6649,1769350694.8333302,10.69,62,580,0.019,24,0,0,14.55,15.0,0,1386,1769350613.148,-78.697,meta-llama/Llama-3.2-1B-Instruct,"1769350613.148, 1769350613.292, 1769350613.370, 1769350613.447, 1769350613.528"
1.0,0,1769350615.9086,78.1015,27,32,59,0.0906,0.067,0.0721,1.0,0.0,91.9,0.8763,77.1921,77.1921,15783.857,1769350694.887294,10.67,62,581,0.018,19,0,0,14.55,15.0,0,1386,1769350613.148,-78.697,meta-llama/Llama-3.2-1B-Instruct,"1769350613.148, 1769350613.292, 1769350613.370, 1769350613.447, 1769350613.528"
1.0,0,1769350616.0774,78.0716,27,32,59,0.0736,0.06,0.0609,1.0,0.0,91.92,0.8101,77.1452,77.1452,15861.0022,1769350694.9707956,10.65,62,582,0.018,16,0,0,14.55,15.0,0,1386,1769350613.148,-78.697,meta-llama/Llama-3.2-1B-Instruct,"1769350613.148, 1769350613.292, 1769350613.370, 1769350613.447, 1769350613.528"
1.0,0,1769350616.3437,77.8682,27,32,59,0.0731,0.0625,0.0717,1.0,0.0,91.93,0.7632,76.9412,76.9412,15937.9435,1769350694.9756887,10.63,62,583,0.017,14,0,0,14.55,15.0,0,1386,1769350613.148,-78.697,meta-llama/Llama-3.2-1B-Instruct,"1769350613.148, 1769350613.292, 1769350613.370, 1769350613.447, 1769350613.528"
1.0,0,1769350617.2999,77.304,27,16,43,0.1062,0.0603,0.0603,1.0,0.0,91.94,0.3927,76.4102,76.4102,16014.3537,1769350694.997355,10.62,62,584,0.017,12,0,0,14.55,15.0,0,1386,1769350613.148,-78.697,meta-llama/Llama-3.2-1B-Instruct,"1769350613.148, 1769350613.292, 1769350613.370, 1769350613.447, 1769350613.528"
1.0,0,1769350616.42,77.8489,27,32,59,0.0766,0.0569,0.0612,1.0,0.0,91.96,0.7772,76.9255,76.9255,16091.2792,1769350695.0508003,10.6,62,585,0.017,15,0,0,14.55,15.0,0,1386,1769350613.148,-78.697,meta-llama/Llama-3.2-1B-Instruct,"1769350613.148, 1769350613.292, 1769350613.370, 1769350613.447, 1769350613.528"
1.0,0,1769350618.6491,76.4369,27,0,27,,,,1.0,,,0.066,75.5029,75.5029,16166.7821,1769350695.1610992,10.58,62,586,0.001,8,1,0,14.55,15.0,0,1386,1769350613.148,-78.697,meta-llama/Llama-3.2-1B-Instruct,"1769350613.148, 1769350613.292, 1769350613.370, 1769350613.447, 1769350613.528"
1.0,0,1769350616.5745,77.7584,27,32,59,0.0884,0.0653,0.1179,1.0,0.0,91.97,0.8857,76.8468,76.8468,16243.6289,1769350695.2209015,10.56,62,587,0.017,15,0,0,14.55,15.0,0,1386,1769350613.148,-78.697,meta-llama/Llama-3.2-1B-Instruct,"1769350613.148, 1769350613.292, 1769350613.370, 1769350613.447, 1769350613.528"
1.0,0,1769350616.7275,77.6755,27,32,59,0.0629,0.0622,0.1174,1.0,0.0,91.99,0.8585,76.7385,76.7385,16320.3674,1769350695.2695153,10.54,62,588,0.017,13,1,0,14.55,15.0,0,1386,1769350613.148,-78.697,meta-llama/Llama-3.2-1B-Instruct,"1769350613.148, 1769350613.292, 1769350613.370, 1769350613.447, 1769350613.528"
1.0,0,1769350616.8095,77.6743,27,32,59,0.0725,0.0607,0.1199,1.0,0.0,92.0,0.8685,76.7468,76.7468,16397.1142,1769350695.3550284,10.53,62,589,0.017,13,0,0,14.55,15.0,0,1386,1769350613.148,-78.697,meta-llama/Llama-3.2-1B-Instruct,"1769350613.148, 1769350613.292, 1769350613.370, 1769350613.447, 1769350613.528"
1.0,0,1769350618.1202,76.8608,27,9,36,0.1138,0.0632,0.0632,1.0,0.0,92.01,0.4325,75.9746,75.9746,16473.0888,1769350695.4293299,10.51,62,590,0.001,7,0,0,14.55,15.0,0,1386,1769350613.148,-78.697,meta-llama/Llama-3.2-1B-Instruct,"1769350613.148, 1769350613.292, 1769350613.370, 1769350613.447, 1769350613.528"
1.0,0,1769350617.525,77.1406,27,32,59,0.0678,0.0621,0.1067,1.0,0.0,92.03,0.8851,76.2083,76.2083,16549.2971,1769350695.555645,10.49,62,591,0.002,11,0,0,14.55,15.0,0,1386,1769350613.148,-78.697,meta-llama/Llama-3.2-1B-Instruct,"1769350613.148, 1769350613.292, 1769350613.370, 1769350613.447, 1769350613.528"
1.0,0,1769350617.6715,77.0571,27,32,59,0.0854,0.0621,0.112,1.0,0.0,92.04,0.9277,76.1425,76.1425,16625.4397,1769350695.662337,10.47,62,592,0.002,11,0,0,14.55,15.0,0,1386,1769350613.148,-78.697,meta-llama/Llama-3.2-1B-Instruct,"1769350613.148, 1769350613.292, 1769350613.370, 1769350613.447, 1769350613.528"
1.0,0,1769350617.9474,76.9913,27,32,59,0.123,0.0741,0.0954,1.0,0.0,92.06,1.2308,76.1143,76.1143,16853.3854,1769350696.18028,10.44,62,595,0.002,10,0,0,14.55,15.0,0,1386,1769350613.148,-78.697,meta-llama/Llama-3.2-1B-Instruct,"1769350613.148, 1769350613.292, 1769350613.370, 1769350613.447, 1769350613.528"
1.0,0,1769350618.5712,76.4669,27,32,59,0.056,0.0607,0.0725,1.0,0.0,92.07,1.1355,75.5228,75.5228,16927.4548,1769350696.205946,10.42,62,596,0.001,7,1,0,14.55,15.0,0,1386,1769350613.148,-78.697,meta-llama/Llama-3.2-1B-Instruct,"1769350613.148, 1769350613.292, 1769350613.370, 1769350613.447, 1769350613.528"
1.0,0,1769350620.6999,75.0028,27,13,40,0.0666,0.0668,0.0668,1.0,0.0,92.08,0.4925,74.0694,74.0694,16927.4548,1769350696.21475,10.4,62,596,0.002,12,0,0,14.55,15.0,0,1386,1769350613.148,-78.697,meta-llama/Llama-3.2-1B-Instruct,"1769350613.148, 1769350613.292, 1769350613.370, 1769350613.447, 1769350613.528"
1.0,0,1769350617.7524,77.1808,27,31,58,0.1279,0.077,0.0948,1.0,0.0,92.1,1.2328,76.3087,76.3087,17002.8017,1769350696.2211237,10.46,62,597,0.002,11,0,0,14.55,15.0,0,1386,1769350613.148,-78.697,meta-llama/Llama-3.2-1B-Instruct,"1769350613.148, 1769350613.292, 1769350613.370, 1769350613.447, 1769350613.528"
1.0,0,1769350618.9265,76.2791,27,33,60,0.0595,0.0684,0.0761,1.0,0.0,92.11,1.0245,75.3385,75.3385,17078.1402,1769350696.2380586,10.37,62,598,0.001,9,0,0,14.55,15.0,0,1386,1769350613.148,-78.697,meta-llama/Llama-3.2-1B-Instruct,"1769350613.148, 1769350613.292, 1769350613.370, 1769350613.447, 1769350613.528"
1.0,0,1769350618.8698,76.2674,27,32,59,0.0795,0.0705,0.0729,1.0,0.0,92.12,1.0803,75.3469,75.3469,17078.1402,1769350696.2455032,10.39,62,598,0.001,9,0,0,14.55,15.0,0,1386,1769350613.148,-78.697,meta-llama/Llama-3.2-1B-Instruct,"1769350613.148, 1769350613.292, 1769350613.370, 1769350613.447, 1769350613.528"
1.0,0,1769350619.3297,75.9357,27,32,59,0.0817,0.0703,0.0926,1.0,0.0,92.14,1.1119,75.0174,75.0174,17153.1576,1769350696.3800786,10.35,62,599,0.001,9,0,0,14.55,15.0,0,1386,1769350613.148,-78.697,meta-llama/Llama-3.2-1B-Instruct,"1769350613.148, 1769350613.292, 1769350613.370, 1769350613.447, 1769350613.528"
1.0,0,1769350619.382,75.9536,27,32,59,0.0749,0.0689,0.0942,1.0,0.0,92.15,1.1231,75.0285,75.0285,17228.1861,1769350696.470086,10.33,62,600,0.002,10,0,0,14.55,15.0,0,1386,1769350613.148,-78.697,meta-llama/Llama-3.2-1B-Instruct,"1769350613.148, 1769350613.292, 1769350613.370, 1769350613.447, 1769350613.528"
1.0,0,1769350619.613,75.7881,27,32,59,0.0699,0.0643,0.0875,1.0,0.0,92.16,1.1506,74.858,74.858,17303.0441,1769350696.5545008,10.32,62,601,0.001,9,0,0,14.55,15.0,0,1386,1769350613.148,-78.697,meta-llama/Llama-3.2-1B-Instruct,"1769350613.148, 1769350613.292, 1769350613.370, 1769350613.447, 1769350613.528"
1.0,0,1769350620.0064,75.4533,27,32,59,0.062,0.0874,0.0945,1.0,0.0,92.18,1.1339,74.5152,74.5152,17449.7789,1769350696.6026227,10.3,62,603,0.001,9,1,0,14.55,15.0,0,1386,1769350613.148,-78.697,meta-llama/Llama-3.2-1B-Instruct,"1769350613.148, 1769350613.292, 1769350613.370, 1769350613.447, 1769350613.528"
1.0,0,1769350623.3773,73.1573,27,0,27,,,,1.0,,,0.0623,72.2196,72.2196,17449.7789,1769350696.6067498,10.28,62,603,0.003,16,1,0,14.55,15.0,0,1386,1769350613.148,-78.697,meta-llama/Llama-3.2-1B-Instruct,"1769350613.148, 1769350613.292, 1769350613.370, 1769350613.447, 1769350613.528"
1.0,0,1769350620.5481,75.0998,27,27,54,0.0635,0.0704,0.0876,1.0,0.0,92.19,1.0133,74.1633,74.1633,17523.9422,1769350696.6782007,10.26,62,604,0.002,11,0,0,14.55,15.0,0,1386,1769350613.148,-78.697,meta-llama/Llama-3.2-1B-Instruct,"1769350613.148, 1769350613.292, 1769350613.370, 1769350613.447, 1769350613.528"
1.0,0,1769350620.3345,75.1995,27,32,59,0.0712,0.0801,0.0866,1.0,0.0,92.2,1.1849,74.2707,74.2707,17598.2129,1769350696.7205153,10.25,62,605,0.002,11,0,0,14.55,15.0,0,1386,1769350613.148,-78.697,meta-llama/Llama-3.2-1B-Instruct,"1769350613.148, 1769350613.292, 1769350613.370, 1769350613.447, 1769350613.528"
1.0,0,1769350620.3852,75.203,27,32,59,0.0706,0.0827,0.0863,1.0,0.0,92.22,1.1649,74.2736,74.2736,17672.4865,1769350696.7677808,10.23,62,606,0.001,10,0,0,14.55,15.0,0,1386,1769350613.148,-78.697,meta-llama/Llama-3.2-1B-Instruct,"1769350613.148, 1769350613.292, 1769350613.370, 1769350613.447, 1769350613.528"
1.0,0,1769350621.0737,74.7265,27,32,59,0.0652,0.0678,0.0845,1.0,0.0,92.23,1.0423,73.7917,73.7917,17820.3178,1769350696.8474474,10.21,62,608,0.002,13,0,0,14.55,15.0,0,1386,1769350613.148,-78.697,meta-llama/Llama-3.2-1B-Instruct,"1769350613.148, 1769350613.292, 1769350613.370, 1769350613.447, 1769350613.528"
1.0,0,1769350620.7763,74.9701,27,32,59,0.0695,0.0792,0.0818,1.0,0.0,92.24,1.0989,74.0396,74.0396,17820.3178,1769350696.8509042,10.2,62,608,0.002,12,0,0,14.55,15.0,0,1386,1769350613.148,-78.697,meta-llama/Llama-3.2-1B-Instruct,"1769350613.148, 1769350613.292, 1769350613.370, 1769350613.447, 1769350613.528"
1.0,0,1769350621.1537,74.6978,27,32,59,0.0736,0.0628,0.0898,1.0,0.0,92.26,1.0451,73.7715,73.7715,17894.0892,1769350696.8976338,10.18,62,609,0.002,14,1,0,14.55,15.0,0,1369,1769350625.289,-71.58,meta-llama/Llama-3.2-1B-Instruct,"1769350625.289, 1769350625.365, 1769350625.529, 1769350625.616, 1769350625.784"
1.0,0,1769350621.3139,74.5945,27,32,59,0.077,0.0738,0.0875,1.0,0.0,92.27,1.0543,73.6714,73.6714,17967.7607,1769350696.9680932,10.16,62,610,0.002,15,1,0,14.55,15.0,0,1369,1769350625.289,-71.58,meta-llama/Llama-3.2-1B-Instruct,"1769350625.289, 1769350625.365, 1769350625.529, 1769350625.616, 1769350625.784"
1.0,0,1769350621.5894,74.3774,27,32,59,0.094,0.0763,0.0901,1.0,0.0,92.28,1.0477,73.4714,73.4714,18041.232,1769350697.0524478,10.15,62,611,0.003,17,0,0,14.55,15.0,0,1369,1769350625.289,-71.58,meta-llama/Llama-3.2-1B-Instruct,"1769350625.289, 1769350625.365, 1769350625.529, 1769350625.616, 1769350625.784"
1.0,0,1769350621.6668,74.3718,27,32,59,0.0827,0.0752,0.0847,1.0,0.0,92.29,1.0456,73.4545,73.4545,18114.6865,1769350697.088386,10.13,62,612,0.003,18,0,0,14.55,15.0,0,1369,1769350625.289,-71.58,meta-llama/Llama-3.2-1B-Instruct,"1769350625.289, 1769350625.365, 1769350625.529, 1769350625.616, 1769350625.784"
1.0,0,1769350622.1413,74.1152,27,32,59,0.0649,0.0599,0.0726,1.0,0.0,92.31,1.0169,73.1801,73.1801,18261.3419,1769350697.2750359,10.11,62,614,0.002,13,1,0,14.55,15.0,0,1369,1769350625.289,-71.58,meta-llama/Llama-3.2-1B-Instruct,"1769350625.289, 1769350625.365, 1769350625.529, 1769350625.616, 1769350625.784"
1.0,0,1769350621.8453,74.3434,27,32,59,0.1319,0.0606,0.0622,1.0,0.0,92.32,1.0852,73.4753,73.4753,18261.3419,1769350697.2753115,10.1,62,614,0.003,19,0,0,14.55,15.0,0,1369,1769350625.289,-71.58,meta-llama/Llama-3.2-1B-Instruct,"1769350625.289, 1769350625.365, 1769350625.529, 1769350625.616, 1769350625.784"
1.0,0,1769350622.2876,74.018,27,32,59,0.0681,0.0604,0.0689,1.0,0.0,92.33,0.9776,73.0861,73.0861,18406.63,1769350697.28621,10.06,62,616,0.002,14,1,0,14.55,15.0,0,1369,1769350625.289,-71.58,meta-llama/Llama-3.2-1B-Instruct,"1769350625.289, 1769350625.365, 1769350625.529, 1769350625.616, 1769350625.784"
1.0,0,1769350623.4571,73.1302,27,24,51,0.0717,0.062,0.0747,1.0,0.0,92.35,0.6955,72.202,72.202,18406.63,1769350697.2871635,10.08,62,616,0.003,16,0,0,14.55,15.0,0,1369,1769350625.289,-71.58,meta-llama/Llama-3.2-1B-Instruct,"1769350625.289, 1769350625.365, 1769350625.529, 1769350625.616, 1769350625.784"
1.0,0,1769350622.3676,73.9923,27,32,59,0.0793,0.0551,0.0636,1.0,0.0,92.36,0.9396,73.0716,73.0716,18479.7016,1769350697.3003306,10.05,62,617,0.003,15,0,0,14.55,15.0,0,1369,1769350625.289,-71.58,meta-llama/Llama-3.2-1B-Instruct,"1769350625.289, 1769350625.365, 1769350625.529, 1769350625.616, 1769350625.784"
1.0,0,1769350622.4447,73.9743,27,32,59,0.0815,0.0618,0.0664,1.0,0.0,92.37,0.9393,73.0559,73.0559,18625.4666,1769350697.3646615,10.03,62,619,0.003,16,0,0,14.55,15.0,0,1369,1769350625.289,-71.58,meta-llama/Llama-3.2-1B-Instruct,"1769350625.289, 1769350625.365, 1769350625.529, 1769350625.616, 1769350625.784"
1.0,0,1769350622.845,73.6404,27,32,59,0.0686,0.0584,0.0748,1.0,0.0,92.38,0.8753,72.7091,72.7091,18625.4666,1769350697.3648217,10.02,62,619,0.003,15,0,0,14.55,15.0,0,1369,1769350625.289,-71.58,meta-llama/Llama-3.2-1B-Instruct,"1769350625.289, 1769350625.365, 1769350625.529, 1769350625.616, 1769350625.784"
1.0,0,1769350623.5349,73.1166,27,32,59,0.0643,0.0534,0.0638,1.0,0.0,92.4,0.7814,72.1808,72.1808,18697.6474,1769350697.445003,10.0,62,620,0.003,15,0,0,14.55,15.0,0,1369,1769350625.289,-71.58,meta-llama/Llama-3.2-1B-Instruct,"1769350625.289, 1769350625.365, 1769350625.529, 1769350625.616, 1769350625.784"
1.0,0,1769350623.8265,72.9232,27,32,59,0.0601,0.0636,0.0825,1.0,0.0,92.41,0.8202,71.9833,71.9833,18769.6307,1769350697.573138,9.98,62,621,0.002,14,0,0,14.55,15.0,0,1369,1769350625.289,-71.58,meta-llama/Llama-3.2-1B-Instruct,"1769350625.289, 1769350625.365, 1769350625.529, 1769350625.616, 1769350625.784"
1.0,0,1769350623.9122,72.9077,27,32,59,0.0739,0.0615,0.0783,1.0,0.0,92.42,0.8965,71.9816,71.9816,18913.5092,1769350697.7388186,9.97,62,623,0.003,15,0,0,14.55,15.0,0,1369,1769350625.289,-71.58,meta-llama/Llama-3.2-1B-Instruct,"1769350625.289, 1769350625.365, 1769350625.529, 1769350625.616, 1769350625.784"
1.0,0,1769350624.0684,72.806,27,32,59,0.0909,0.0686,0.08,1.0,0.0,92.43,0.8622,71.8969,71.8969,18913.5092,1769350697.7391262,9.95,62,623,0.002,13,0,0,14.55,15.0,0,1369,1769350625.289,-71.58,meta-llama/Llama-3.2-1B-Instruct,"1769350625.289, 1769350625.365, 1769350625.529, 1769350625.616, 1769350625.784"
1.0,0,1769350624.289,72.6546,27,32,59,0.0829,0.0625,0.08,1.0,0.0,92.45,0.8602,71.7376,71.7376,18985.2467,1769350697.8047028,9.94,62,624,0.002,13,0,0,14.55,15.0,0,1369,1769350625.289,-71.58,meta-llama/Llama-3.2-1B-Instruct,"1769350625.289, 1769350625.365, 1769350625.529, 1769350625.616, 1769350625.784"
1.0,0,1769350624.3648,72.6548,27,32,59,0.0678,0.0607,0.0808,1.0,0.0,92.46,0.8913,71.7226,71.7226,19056.9693,1769350697.9343824,9.92,62,625,0.002,13,0,0,14.55,15.0,0,1369,1769350625.289,-71.58,meta-llama/Llama-3.2-1B-Instruct,"1769350625.289, 1769350625.365, 1769350625.529, 1769350625.616, 1769350625.784"
1.0,0,1769350624.5286,72.5885,27,32,59,0.0916,0.0554,0.0791,1.0,0.0,92.47,0.9135,71.6801,71.6801,19128.6494,1769350698.0311909,9.9,62,626,0.002,13,0,0,14.55,15.0,0,1369,1769350625.289,-71.58,meta-llama/Llama-3.2-1B-Instruct,"1769350625.289, 1769350625.365, 1769350625.529, 1769350625.616, 1769350625.784"
1.0,0,1769350624.6162,72.5804,27,32,59,0.0645,0.0589,0.0839,1.0,0.0,92.48,0.854,71.6448,71.6448,19200.2943,1769350698.0530388,9.89,62,627,0.002,13,1,0,14.55,15.0,0,1369,1769350625.289,-71.58,meta-llama/Llama-3.2-1B-Instruct,"1769350625.289, 1769350625.365, 1769350625.529, 1769350625.616, 1769350625.784"
1.0,0,1769350625.2278,72.2638,27,24,51,0.0656,0.0625,0.0681,1.0,0.0,92.5,0.8075,71.3293,71.3293,19271.6236,1769350698.3000627,9.87,62,628,0.001,7,0,0,14.55,15.0,0,1369,1769350625.289,-71.58,meta-llama/Llama-3.2-1B-Instruct,"1769350625.289, 1769350625.365, 1769350625.529, 1769350625.616, 1769350625.784"
1.0,0,1769350626.0794,71.8511,27,13,40,0.0873,0.0718,0.0718,1.0,0.0,92.51,0.4976,70.9383,70.9383,19412.9847,1769350698.4415505,9.86,62,630,0.002,12,0,0,14.55,15.0,0,1369,1769350625.289,-71.58,meta-llama/Llama-3.2-1B-Instruct,"1769350625.289, 1769350625.365, 1769350625.529, 1769350625.616, 1769350625.784"
1.0,0,1769350626.7797,71.3412,27,9,36,0.0816,0.0596,0.0596,1.0,0.0,92.52,0.3158,70.4228,70.4228,19412.9847,1769350698.452391,9.84,62,630,0.002,12,0,0,14.55,15.0,0,1369,1769350625.289,-71.58,meta-llama/Llama-3.2-1B-Instruct,"1769350625.289, 1769350625.365, 1769350625.529, 1769350625.616, 1769350625.784"
1.0,0,1769350625.1501,72.2569,27,32,59,0.103,0.0591,0.0678,1.0,0.0,92.53,1.1133,71.3599,71.3599,19627.5509,1769350698.524593,9.83,62,633,0.001,8,0,0,14.55,15.0,0,1369,1769350625.289,-71.58,meta-llama/Llama-3.2-1B-Instruct,"1769350625.289, 1769350625.365, 1769350625.529, 1769350625.616, 1769350625.784"
1.0,0,1769350625.0747,72.3421,27,32,59,0.1387,0.0648,0.0684,1.0,0.0,92.54,1.105,71.4807,71.4807,19627.5509,1769350698.5250275,9.79,62,633,0.002,10,0,0,14.55,15.0,0,1369,1769350625.289,-71.58,meta-llama/Llama-3.2-1B-Instruct,"1769350625.289, 1769350625.365, 1769350625.529, 1769350625.616, 1769350625.784"
1.0,0,1769350624.7836,72.6281,27,32,59,0.0975,0.0659,0.0665,1.0,0.0,92.56,1.1096,71.7256,71.7256,19627.5509,1769350698.5263736,9.81,62,633,0.003,15,0,0,14.55,15.0,0,1369,1769350625.289,-71.58,meta-llama/Llama-3.2-1B-Instruct,"1769350625.289, 1769350625.365, 1769350625.529, 1769350625.616, 1769350625.784"
1.0,0,1769350625.604,71.9926,27,32,59,0.0498,0.0719,0.0743,1.0,0.0,92.57,0.9822,71.0423,71.0423,19698.5933,1769350698.5880957,9.78,62,634,0.002,10,1,0,14.55,15.0,0,1369,1769350625.289,-71.58,meta-llama/Llama-3.2-1B-Instruct,"1769350625.289, 1769350625.365, 1769350625.529, 1769350625.616, 1769350625.784"
1.0,0,1769350625.5255,72.0258,27,32,59,0.0942,0.0673,0.0726,1.0,0.0,92.58,1.0377,71.1201,71.1201,19769.7133,1769350698.5912893,9.76,62,635,0.002,11,0,0,14.55,15.0,0,1369,1769350625.289,-71.58,meta-llama/Llama-3.2-1B-Instruct,"1769350625.289, 1769350625.365, 1769350625.529, 1769350625.616, 1769350625.784"
1.0,0,1769350625.6822,71.9726,27,32,59,0.0682,0.0612,0.0684,1.0,0.0,92.59,0.9471,71.0408,71.0408,19840.7542,1769350698.603368,9.75,62,636,0.002,12,0,0,14.55,15.0,0,1369,1769350625.289,-71.58,meta-llama/Llama-3.2-1B-Instruct,"1769350625.289, 1769350625.365, 1769350625.529, 1769350625.616, 1769350625.784"
1.0,0,1769350625.7587,71.9721,27,32,59,0.0716,0.0608,0.0612,1.0,0.0,92.6,0.9163,71.0437,71.0437,19982.8243,1769350698.6641695,9.73,62,638,0.002,12,0,0,14.55,15.0,0,1369,1769350625.289,-71.58,meta-llama/Llama-3.2-1B-Instruct,"1769350625.289, 1769350625.365, 1769350625.529, 1769350625.616, 1769350625.784"
1.0,0,1769350625.8349,71.9517,27,32,59,0.0748,0.063,0.066,1.0,0.0,92.62,0.8737,71.0265,71.0265,19982.8243,1769350698.6642914,9.72,62,638,0.002,11,0,0,14.55,15.0,0,1369,1769350625.289,-71.58,meta-llama/Llama-3.2-1B-Instruct,"1769350625.289, 1769350625.365, 1769350625.529, 1769350625.616, 1769350625.784"
1.0,0,1769350626.0045,71.8392,27,32,59,0.0657,0.0683,0.0709,1.0,0.0,92.63,0.8774,70.9049,70.9049,20053.7292,1769350698.7223325,9.7,62,639,0.002,12,0,0,14.55,15.0,0,1369,1769350625.289,-71.58,meta-llama/Llama-3.2-1B-Instruct,"1769350625.289, 1769350625.365, 1769350625.529, 1769350625.616, 1769350625.784"
1.0,0,1769350626.6047,71.4673,27,32,59,0.0769,0.0836,0.1284,1.0,0.0,92.64,1.237,70.5442,70.5442,20195.2021,1769350699.3138742,9.69,62,641,0.002,11,0,0,14.55,15.0,0,1369,1769350625.289,-71.58,meta-llama/Llama-3.2-1B-Instruct,"1769350625.289, 1769350625.365, 1769350625.529, 1769350625.616, 1769350625.784"
1.0,0,1769350626.1539,71.8507,27,32,59,0.078,0.0948,0.1195,1.0,0.0,92.65,1.3081,70.9287,70.9287,20195.2021,1769350699.3185327,9.67,62,641,0.002,12,1,0,14.55,15.0,0,1369,1769350625.289,-71.58,meta-llama/Llama-3.2-1B-Instruct,"1769350625.289, 1769350625.365, 1769350625.529, 1769350625.616, 1769350625.784"
1.0,0,1769350627.0722,71.1481,27,32,59,0.0722,0.0961,0.1323,1.0,0.0,92.66,1.2748,70.2203,70.2203,20335.6063,1769350699.500382,9.64,62,643,0.002,14,0,0,14.55,15.0,0,1369,1769350625.289,-71.58,meta-llama/Llama-3.2-1B-Instruct,"1769350625.289, 1769350625.365, 1769350625.529, 1769350625.616, 1769350625.784"
1.0,0,1769350627.1643,71.1167,27,32,59,0.0672,0.0836,0.1316,1.0,0.0,92.68,1.2118,70.1839,70.1839,20335.6063,1769350699.500537,9.66,62,643,0.002,14,0,0,14.55,15.0,0,1369,1769350625.289,-71.58,meta-llama/Llama-3.2-1B-Instruct,"1769350625.289, 1769350625.365, 1769350625.529, 1769350625.616, 1769350625.784"
1.0,0,1769350627.2423,71.0979,27,32,59,0.0681,0.0891,0.1371,1.0,0.0,92.69,1.2286,70.166,70.166,20474.9778,1769350699.5718377,9.63,62,645,0.003,15,0,0,14.55,15.0,0,1369,1769350625.289,-71.58,meta-llama/Llama-3.2-1B-Instruct,"1769350625.289, 1769350625.365, 1769350625.529, 1769350625.616, 1769350625.784"
1.0,0,1769350628.7279,70.1004,27,16,43,0.1051,0.0889,0.0889,1.0,0.0,92.7,0.7419,69.2055,69.2055,20474.9778,1769350699.5724642,9.61,62,645,0.002,11,1,0,14.55,15.0,0,1369,1769350625.289,-71.58,meta-llama/Llama-3.2-1B-Instruct,"1769350625.289, 1769350625.365, 1769350625.529, 1769350625.616, 1769350625.784"
1.0,0,1769350629.975,69.3628,27,8,35,0.078,0.0683,0.0683,1.0,0.0,92.71,0.3365,68.4408,68.4408,20543.4186,1769350699.6768641,9.6,62,646,0.003,19,0,0,14.55,15.0,0,1369,1769350625.289,-71.58,meta-llama/Llama-3.2-1B-Instruct,"1769350625.289, 1769350625.365, 1769350625.529, 1769350625.616, 1769350625.784"
1.0,0,1769350627.3859,71.044,27,32,59,0.091,0.0893,0.1347,1.0,0.0,92.72,1.288,70.135,70.135,20613.5536,1769350699.7196996,9.58,62,647,0.003,15,0,0,14.55,15.0,0,1369,1769350625.289,-71.58,meta-llama/Llama-3.2-1B-Instruct,"1769350625.289, 1769350625.365, 1769350625.529, 1769350625.616, 1769350625.784"
1.0,0,1769350627.7705,70.7287,27,32,59,0.0741,0.0967,0.1309,1.0,0.0,92.73,1.2514,69.8028,69.8028,20683.3564,1769350699.7621877,9.57,62,648,0.002,12,0,0,14.55,15.0,0,1369,1769350625.289,-71.58,meta-llama/Llama-3.2-1B-Instruct,"1769350625.289, 1769350625.365, 1769350625.529, 1769350625.616, 1769350625.784"
1.0,0,1769350628.4884,70.2085,27,32,59,0.0546,0.0885,0.1281,1.0,0.0,92.74,1.2626,69.2632,69.2632,21099.0978,1769350699.972047,9.54,62,654,0.001,8,0,0,14.55,15.0,0,1369,1769350625.289,-71.58,meta-llama/Llama-3.2-1B-Instruct,"1769350625.289, 1769350625.365, 1769350625.529, 1769350625.616, 1769350625.784"
1.0,0,1769350628.8068,70.0604,27,32,59,0.1045,0.07,0.0798,1.0,0.0,92.76,1.1046,69.1649,69.1649,21099.0978,1769350699.9763086,9.48,62,654,0.002,12,1,0,14.55,15.0,0,1369,1769350625.289,-71.58,meta-llama/Llama-3.2-1B-Instruct,"1769350625.289, 1769350625.365, 1769350625.529, 1769350625.616, 1769350625.784"
1.0,0,1769350628.5633,70.179,27,32,59,0.0904,0.0727,0.141,1.0,0.0,92.77,1.2259,69.2694,69.2694,21099.0978,1769350699.976481,9.49,62,654,0.001,9,1,0,14.55,15.0,0,1369,1769350625.289,-71.58,meta-llama/Llama-3.2-1B-Instruct,"1769350625.289, 1769350625.365, 1769350625.529, 1769350625.616, 1769350625.784"
1.0,0,1769350627.9295,70.7182,27,32,59,0.1025,0.0861,0.1362,1.0,0.0,92.78,1.3057,69.8208,69.8208,21168.5341,1769350699.9775126,9.55,62,655,0.002,12,0,0,14.55,15.0,0,1369,1769350625.289,-71.58,meta-llama/Llama-3.2-1B-Instruct,"1769350625.289, 1769350625.365, 1769350625.529, 1769350625.616, 1769350625.784"
1.0,0,1769350628.9401,69.9763,27,32,59,0.0569,0.063,0.0634,1.0,0.0,92.79,1.0486,69.0332,69.0332,21168.5341,1769350699.9777024,9.52,62,655,0.002,13,1,0,14.55,15.0,0,1369,1769350625.289,-71.58,meta-llama/Llama-3.2-1B-Instruct,"1769350625.289, 1769350625.365, 1769350625.529, 1769350625.616, 1769350625.784"
1.0,0,1769350628.6522,70.1333,27,32,59,0.0567,0.066,0.1361,1.0,0.0,92.8,1.1811,69.1899,69.1899,21168.5341,1769350699.9785707,9.51,62,655,0.001,10,0,0,14.55,15.0,0,1369,1769350625.289,-71.58,meta-llama/Llama-3.2-1B-Instruct,"1769350625.289, 1769350625.365, 1769350625.529, 1769350625.616, 1769350625.784"
1.0,0,1769350628.313,70.3423,27,32,59,0.094,0.0899,0.1338,1.0,0.0,92.81,1.3218,69.4364,69.4364,21168.5341,1769350699.9788964,9.47,62,655,0.002,10,0,0,14.55,15.0,0,1369,1769350625.289,-71.58,meta-llama/Llama-3.2-1B-Instruct,"1769350625.289, 1769350625.365, 1769350625.529, 1769350625.616, 1769350625.784"
1.0,0,1769350629.0237,69.9407,27,32,59,0.0632,0.0721,0.0798,1.0,0.0,92.82,1.0406,69.004,69.004,21237.5381,1769350700.0118055,9.45,62,656,0.002,15,0,0,14.55,15.0,0,1369,1769350625.289,-71.58,meta-llama/Llama-3.2-1B-Instruct,"1769350625.289, 1769350625.365, 1769350625.529, 1769350625.616, 1769350625.784"
1.0,0,1769350629.275,69.7332,27,32,59,0.0709,0.0812,0.2355,1.0,0.0,92.83,1.2369,68.8041,68.8041,21306.3423,1769350700.2464426,9.44,62,657,0.002,15,0,0,14.55,15.0,0,1369,1769350625.289,-71.58,meta-llama/Llama-3.2-1B-Instruct,"1769350625.289, 1769350625.365, 1769350625.529, 1769350625.616, 1769350625.784"
1.0,0,1769350629.3408,69.7235,27,32,59,0.0703,0.0682,0.2417,1.0,0.0,92.85,1.2151,68.7938,68.7938,21375.1361,1769350700.2855983,9.42,62,658,0.002,17,0,0,14.55,15.0,0,1369,1769350625.289,-71.58,meta-llama/Llama-3.2-1B-Instruct,"1769350625.289, 1769350625.365, 1769350625.529, 1769350625.616, 1769350625.784"
1.0,0,1769350629.5643,69.5565,27,32,59,0.0676,0.0695,0.2266,1.0,0.0,92.86,1.1965,68.6241,68.6241,21512.3943,1769350700.3381708,9.41,62,660,0.003,18,0,0,14.55,15.0,0,1369,1769350625.289,-71.58,meta-llama/Llama-3.2-1B-Instruct,"1769350625.289, 1769350625.365, 1769350625.529, 1769350625.616, 1769350625.784"
1.0,0,1769350629.6419,69.5651,27,32,59,0.069,0.072,0.2349,1.0,0.0,92.87,1.1251,68.6341,68.6341,21512.3943,1769350700.3449888,9.39,62,660,0.003,19,0,0,14.55,15.0,0,1369,1769350625.289,-71.58,meta-llama/Llama-3.2-1B-Instruct,"1769350625.289, 1769350625.365, 1769350625.529, 1769350625.616, 1769350625.784"
1.0,0,1769350629.8962,69.3735,27,32,59,0.0774,0.0715,0.2368,1.0,0.0,92.88,1.0939,68.4508,68.4508,21580.8451,1769350700.3658388,9.38,62,661,0.003,19,0,0,14.55,15.0,0,1369,1769350625.289,-71.58,meta-llama/Llama-3.2-1B-Instruct,"1769350625.289, 1769350625.365, 1769350625.529, 1769350625.616, 1769350625.784"
1.0,0,1769350630.1175,69.3324,27,32,59,0.1152,0.0609,0.2299,1.0,0.0,92.89,1.0921,68.4476,68.4476,21649.2927,1769350700.5487237,9.37,62,662,0.003,20,0,0,14.55,15.0,0,1369,1769350625.289,-71.58,meta-llama/Llama-3.2-1B-Instruct,"1769350625.289, 1769350625.365, 1769350625.529, 1769350625.616, 1769350625.784"
1.0,0,1769350630.2008,69.3355,27,32,59,0.0772,0.0655,0.2265,1.0,0.0,92.9,1.0589,68.4127,68.4127,21717.7055,1769350700.600988,9.35,62,663,0.003,18,0,0,14.55,15.0,0,1369,1769350625.289,-71.58,meta-llama/Llama-3.2-1B-Instruct,"1769350625.289, 1769350625.365, 1769350625.529, 1769350625.616, 1769350625.784"
1.0,0,1769350630.2784,69.3195,27,32,59,0.0595,0.0731,0.228,1.0,0.0,92.91,1.0424,68.379,68.379,21786.0845,1769350700.643453,9.34,62,664,0.003,17,1,0,14.55,15.0,0,1369,1769350625.289,-71.58,meta-llama/Llama-3.2-1B-Instruct,"1769350625.289, 1769350625.365, 1769350625.529, 1769350625.616, 1769350625.784"
1.0,0,1769350630.3613,69.2814,27,32,59,0.071,0.0737,0.226,1.0,0.0,92.92,1.0158,68.3524,68.3524,21922.8736,1769350700.66998,9.32,62,666,0.003,18,0,0,14.55,15.0,0,1369,1769350625.289,-71.58,meta-llama/Llama-3.2-1B-Instruct,"1769350625.289, 1769350625.365, 1769350625.529, 1769350625.616, 1769350625.784"
1.0,0,1769350630.4403,69.2942,27,25,52,0.1425,0.0652,0.2388,1.0,0.0,92.93,0.9325,68.4367,68.4367,21922.8736,1769350700.673218,9.31,62,666,0.003,18,0,0,14.55,15.0,0,1369,1769350625.289,-71.58,meta-llama/Llama-3.2-1B-Instruct,"1769350625.289, 1769350625.365, 1769350625.529, 1769350625.616, 1769350625.784"
1.0,0,1769350631.3809,68.7412,27,32,59,0.0612,0.0518,0.0543,1.0,0.0,92.94,0.9143,67.8024,67.8024,22263.7244,1769350701.0465581,9.3,62,671,0.002,14,1,0,14.55,15.0,0,1369,1769350625.289,-71.58,meta-llama/Llama-3.2-1B-Instruct,"1769350625.289, 1769350625.365, 1769350625.529, 1769350625.616, 1769350625.784"
1.0,0,1769350630.5156,69.4067,27,32,59,0.1131,0.0599,0.2046,1.0,0.0,92.96,1.1195,68.5199,68.5199,22263.7244,1769350701.0493214,9.27,62,671,0.003,17,1,0,14.55,15.0,0,1369,1769350625.289,-71.58,meta-llama/Llama-3.2-1B-Instruct,"1769350625.289, 1769350625.365, 1769350625.529, 1769350625.616, 1769350625.784"
1.0,0,1769350630.8333,69.2058,27,32,59,0.1017,0.0592,0.0919,1.0,0.0,92.97,1.0016,68.3075,68.3075,22332.0967,1769350701.0541427,9.28,62,672,0.002,11,1,0,14.55,15.0,0,1369,1769350625.289,-71.58,meta-llama/Llama-3.2-1B-Instruct,"1769350625.289, 1769350625.365, 1769350625.529, 1769350625.616, 1769350625.784"
1.0,0,1769350631.2981,68.788,27,32,59,0.0825,0.0593,0.0697,1.0,0.0,92.98,0.9586,67.8705,67.8705,22332.0967,1769350701.054362,9.25,62,672,0.002,13,1,0,14.55,15.0,0,1369,1769350625.289,-71.58,meta-llama/Llama-3.2-1B-Instruct,"1769350625.289, 1769350625.365, 1769350625.529, 1769350625.616, 1769350625.784"
1.0,0,1769350630.7488,69.239,27,32,59,0.1117,0.0753,0.1353,1.0,0.0,92.99,1.0583,68.3506,68.3506,22332.0967,1769350701.0545454,9.24,62,672,0.002,11,0,0,14.55,15.0,0,1369,1769350625.289,-71.58,meta-llama/Llama-3.2-1B-Instruct,"1769350625.289, 1769350625.365, 1769350625.529, 1769350625.616, 1769350625.784"
1.0,0,1769350630.6931,69.2086,27,32,59,0.1636,0.0575,0.1761,1.0,0.0,93.0,1.1492,68.3722,68.3722,22399.8844,1769350701.058355,9.23,62,673,0.003,18,0,0,14.55,15.0,0,1369,1769350625.289,-71.58,meta-llama/Llama-3.2-1B-Instruct,"1769350625.289, 1769350625.365, 1769350625.529, 1769350625.616, 1769350625.784"
1.0,0,1769350631.4551,68.7089,27,32,59,0.0788,0.0503,0.0537,1.0,0.0,93.01,0.8912,67.7877,67.7877,22399.8844,1769350701.060235,9.21,62,673,0.002,15,1,0,14.55,15.0,0,1369,1769350625.289,-71.58,meta-llama/Llama-3.2-1B-Instruct,"1769350625.289, 1769350625.365, 1769350625.529, 1769350625.616, 1769350625.784"
1.0,0,1769350631.6092,68.6037,27,32,59,0.063,0.0532,0.0577,1.0,0.0,93.02,0.8531,67.6667,67.6667,22467.551,1769350701.0704525,9.2,62,674,0.002,16,0,0,14.55,15.0,0,1369,1769350625.289,-71.58,meta-llama/Llama-3.2-1B-Instruct,"1769350625.289, 1769350625.365, 1769350625.529, 1769350625.616, 1769350625.784"
1.0,0,1769350632.1486,68.2725,27,25,52,0.059,0.0538,0.0594,1.0,0.0,93.03,0.6918,67.3315,67.3315,22534.8826,1769350701.1141524,9.19,62,675,0.002,14,0,0,14.55,15.0,0,1369,1769350625.289,-71.58,meta-llama/Llama-3.2-1B-Instruct,"1769350625.289, 1769350625.365, 1769350625.529, 1769350625.616, 1769350625.784"
1.0,0,1769350631.6884,68.6102,27,32,59,0.0981,0.0535,0.0645,1.0,0.0,93.04,0.8875,67.7083,67.7083,22602.5909,1769350701.19068,9.17,62,676,0.002,15,0,0,14.55,15.0,0,1369,1769350625.289,-71.58,meta-llama/Llama-3.2-1B-Instruct,"1769350625.289, 1769350625.365, 1769350625.529, 1769350625.616, 1769350625.784"
1.0,0,1769350632.2294,68.274,27,32,59,0.0941,0.0591,0.1051,1.0,0.0,93.05,1.0045,67.3681,67.3681,22669.959,1769350701.5152469,9.16,62,677,0.002,15,0,0,14.55,15.0,0,1369,1769350625.289,-71.58,meta-llama/Llama-3.2-1B-Instruct,"1769350625.289, 1769350625.365, 1769350625.529, 1769350625.616, 1769350625.784"
1.0,0,1769350632.4089,68.1705,27,32,59,0.0586,0.0585,0.1161,1.0,0.0,93.06,0.9841,67.2291,67.2291,22737.1881,1769350701.5646915,9.14,62,678,0.002,14,0,0,14.55,15.0,0,1369,1769350625.289,-71.58,meta-llama/Llama-3.2-1B-Instruct,"1769350625.289, 1769350625.365, 1769350625.529, 1769350625.616, 1769350625.784"
1.0,0,1769350632.4842,68.1619,27,32,59,0.0706,0.0543,0.1088,1.0,0.0,93.07,0.9624,67.2325,67.2325,22804.4206,1769350701.6143072,9.13,62,679,0.002,14,0,0,14.55,15.0,0,1369,1769350625.289,-71.58,meta-llama/Llama-3.2-1B-Instruct,"1769350625.289, 1769350625.365, 1769350625.529, 1769350625.616, 1769350625.784"
1.0,0,1769350632.5608,68.1403,27,32,59,0.0623,0.0499,0.1095,1.0,0.0,93.08,0.9603,67.2026,67.2026,22871.6232,1769350701.671783,9.12,62,680,0.002,12,0,0,14.55,15.0,0,1369,1769350625.289,-71.58,meta-llama/Llama-3.2-1B-Instruct,"1769350625.289, 1769350625.365, 1769350625.529, 1769350625.616, 1769350625.784"
1.0,0,1769350632.6375,68.1215,27,31,58,0.0829,0.0594,0.1178,1.0,0.0,93.09,0.9721,67.2044,67.2044,23073.1302,1769350701.750373,9.1,62,683,0.002,13,0,0,14.55,15.0,0,1369,1769350625.289,-71.58,meta-llama/Llama-3.2-1B-Instruct,"1769350625.289, 1769350625.365, 1769350625.529, 1769350625.616, 1769350625.784"
1.0,0,1769350632.7901,68.0693,27,32,59,0.0662,0.0576,0.1141,1.0,0.0,93.11,0.8866,67.1355,67.1355,23073.1302,1769350701.7567272,9.08,62,683,0.003,15,0,0,14.55,15.0,0,1369,1769350625.289,-71.58,meta-llama/Llama-3.2-1B-Instruct,"1769350625.289, 1769350625.365, 1769350625.529, 1769350625.616, 1769350625.784"
1.0,0,1769350632.8685,68.2693,27,32,59,0.1098,0.068,0.0715,1.0,0.0,93.12,0.9825,67.3791,67.3791,23274.6981,1769350702.1228018,9.06,62,686,0.003,17,0,0,14.55,15.0,0,1354,1769350635.84,-66.044,meta-llama/Llama-3.2-1B-Instruct,"1769350635.840, 1769350635.910, 1769350636.066, 1769350636.142, 1769350636.409"
1.0,0,1769350633.0961,68.0318,27,33,60,0.0815,0.074,0.0845,1.0,0.0,93.13,0.9936,67.1133,67.1133,23274.6981,1769350702.1229804,9.05,62,686,0.001,9,0,0,14.55,15.0,0,1354,1769350635.84,-66.044,meta-llama/Llama-3.2-1B-Instruct,"1769350635.840, 1769350635.910, 1769350636.066, 1769350636.142, 1769350636.409"
1.0,0,1769350633.1731,68.0079,27,32,59,0.0677,0.0569,0.0716,1.0,0.0,93.14,0.9409,67.0755,67.0755,23274.6981,1769350702.1232927,9.04,62,686,0.001,8,0,0,14.55,15.0,0,1354,1769350635.84,-66.044,meta-llama/Llama-3.2-1B-Instruct,"1769350635.840, 1769350635.910, 1769350636.066, 1769350636.142, 1769350636.409"
1.0,0,1769350633.2497,67.9814,27,31,58,0.0673,0.0592,0.0661,1.0,0.0,93.15,0.9127,67.0487,67.0487,23475.5203,1769350702.182915,9.02,62,689,0.001,9,1,0,14.55,15.0,0,1354,1769350635.84,-66.044,meta-llama/Llama-3.2-1B-Instruct,"1769350635.840, 1769350635.910, 1769350636.066, 1769350636.142, 1769350636.409"
1.0,0,1769350633.4231,67.878,27,32,59,0.0617,0.0618,0.0674,1.0,0.0,93.16,0.8791,66.9397,66.9397,23475.5203,1769350702.1831253,9.01,62,689,0.001,10,1,0,14.55,15.0,0,1354,1769350635.84,-66.044,meta-llama/Llama-3.2-1B-Instruct,"1769350635.840, 1769350635.910, 1769350636.066, 1769350636.142, 1769350636.409"
1.0,0,1769350633.5813,67.7528,27,32,59,0.081,0.058,0.0584,1.0,0.0,93.18,0.8481,66.8338,66.8338,23475.5203,1769350702.1833699,9.0,62,689,0.002,11,0,0,14.55,15.0,0,1354,1769350635.84,-66.044,meta-llama/Llama-3.2-1B-Instruct,"1769350635.840, 1769350635.910, 1769350636.066, 1769350636.142, 1769350636.409"
1.0,0,1769350633.8215,67.5967,27,32,59,0.092,0.0582,0.066,1.0,0.0,93.19,0.8585,66.6887,66.6887,23542.209,1769350702.2794762,8.99,62,690,0.002,13,0,0,14.55,15.0,0,1354,1769350635.84,-66.044,meta-llama/Llama-3.2-1B-Instruct,"1769350635.840, 1769350635.910, 1769350636.066, 1769350636.142, 1769350636.409"
1.0,0,1769350634.2409,67.2543,27,32,59,0.06,0.0544,0.0608,1.0,0.0,93.2,0.8003,66.3143,66.3143,23608.5232,1769350702.2994797,8.97,62,691,0.002,13,1,0,14.55,15.0,0,1354,1769350635.84,-66.044,meta-llama/Llama-3.2-1B-Instruct,"1769350635.840, 1769350635.910, 1769350636.066, 1769350636.142, 1769350636.409"
1.0,0,1769350634.41,67.1711,27,32,59,0.0836,0.0541,0.0583,1.0,0.0,93.21,0.7678,66.2547,66.2547,23674.7779,1769350702.352872,8.96,62,692,0.002,13,0,0,14.55,15.0,0,1354,1769350635.84,-66.044,meta-llama/Llama-3.2-1B-Instruct,"1769350635.840, 1769350635.910, 1769350636.066, 1769350636.142, 1769350636.409"
1.0,0,1769350634.5331,67.1173,27,32,59,0.0686,0.0584,0.0636,1.0,0.0,93.22,0.7209,66.1859,66.1859,23740.9639,1769350702.3778865,8.95,62,693,0.002,12,0,0,14.55,15.0,0,1354,1769350635.84,-66.044,meta-llama/Llama-3.2-1B-Instruct,"1769350635.840, 1769350635.910, 1769350636.066, 1769350636.142, 1769350636.409"
1.0,0,1769350634.6095,67.1421,27,32,59,0.0832,0.0542,0.076,1.0,0.0,93.23,0.7274,66.2253,66.2253,23807.1892,1769350702.4812262,8.93,62,694,0.002,12,0,0,14.55,15.0,0,1354,1769350635.84,-66.044,meta-llama/Llama-3.2-1B-Instruct,"1769350635.840, 1769350635.910, 1769350636.066, 1769350636.142, 1769350636.409"
1.0,0,1769350634.6888,67.132,27,32,59,0.0607,0.0693,0.0698,1.0,0.0,93.24,0.7141,66.1927,66.1927,23873.3819,1769350702.538279,8.92,62,695,0.002,11,0,0,14.55,15.0,0,1354,1769350635.84,-66.044,meta-llama/Llama-3.2-1B-Instruct,"1769350635.840, 1769350635.910, 1769350636.066, 1769350636.142, 1769350636.409"
1.0,0,1769350634.7667,67.1331,27,32,59,0.063,0.0608,0.065,1.0,0.0,93.25,0.7424,66.1961,66.1961,23939.578,1769350702.6458364,8.91,62,696,0.002,12,0,0,14.55,15.0,0,1354,1769350635.84,-66.044,meta-llama/Llama-3.2-1B-Instruct,"1769350635.840, 1769350635.910, 1769350636.066, 1769350636.142, 1769350636.409"
1.0,0,1769350634.8403,67.1528,27,32,59,0.0825,0.0515,0.0665,1.0,0.0,93.26,0.7756,66.2353,66.2353,24005.8133,1769350702.7706594,8.9,62,697,0.002,13,0,0,14.55,15.0,0,1354,1769350635.84,-66.044,meta-llama/Llama-3.2-1B-Instruct,"1769350635.840, 1769350635.910, 1769350636.066, 1769350636.142, 1769350636.409"
1.0,0,1769350601.84,86.2106,27,32,59,0.1938,,0.0615,1.0,0.0,93.27,0.7788,66.2077,66.2077,24072.021,1769350702.8357704,8.88,62,698,0.002,14,0,0,14.55,15.0,0,1354,1769350635.84,-66.044,meta-llama/Llama-3.2-1B-Instruct,"1769350635.840, 1769350635.910, 1769350636.066, 1769350636.142, 1769350636.409"
1.0,0,1769350635.0661,67.0975,27,32,59,0.0845,0.0607,0.0668,1.0,0.0,93.27,0.9171,66.182,66.182,24138.2031,1769350703.0850267,8.87,62,699,0.002,12,0,0,14.55,15.0,0,1354,1769350635.84,-66.044,meta-llama/Llama-3.2-1B-Instruct,"1769350635.840, 1769350635.910, 1769350636.066, 1769350636.142, 1769350636.409"
1.0,0,1769350635.4604,66.9431,27,32,59,0.0965,0.0584,0.0602,1.0,0.0,93.28,1.0221,66.0396,66.0396,24402.5778,1769350703.4387553,8.84,62,703,0.001,7,0,0,14.55,15.0,0,1354,1769350635.84,-66.044,meta-llama/Llama-3.2-1B-Instruct,"1769350635.840, 1769350635.910, 1769350636.066, 1769350636.142, 1769350636.409"
1.0,0,1769350635.1417,67.2573,27,32,59,0.1035,0.0591,0.0593,1.0,0.0,93.29,1.0206,66.3608,66.3608,24402.5778,1769350703.4434075,8.86,62,703,0.002,10,0,0,14.55,15.0,0,1354,1769350635.84,-66.044,meta-llama/Llama-3.2-1B-Instruct,"1769350635.840, 1769350635.910, 1769350636.066, 1769350636.142, 1769350636.409"
1.0,0,1769350635.4094,66.9991,27,32,59,0.0906,0.07,0.0721,1.0,0.0,93.3,1.0271,66.0897,66.0897,24402.5778,1769350703.4444666,8.82,62,703,0.001,8,0,0,14.55,15.0,0,1354,1769350635.84,-66.044,meta-llama/Llama-3.2-1B-Instruct,"1769350635.840, 1769350635.910, 1769350636.066, 1769350636.142, 1769350636.409"
1.0,0,1769350635.6162,66.8133,27,32,59,0.0714,0.0635,0.0722,1.0,0.0,93.31,1.0026,65.8847,65.8847,24402.5778,1769350703.444663,8.83,62,703,0.001,6,0,0,14.55,15.0,0,1354,1769350635.84,-66.044,meta-llama/Llama-3.2-1B-Instruct,"1769350635.840, 1769350635.910, 1769350636.066, 1769350636.142, 1769350636.409"
1.0,0,1769350635.6929,66.8147,27,32,59,0.0752,0.0591,0.072,1.0,0.0,93.32,1.009,65.8899,65.8899,24468.4677,1769350703.5254145,8.81,62,704,0.001,8,1,0,14.55,15.0,0,1354,1769350635.84,-66.044,meta-llama/Llama-3.2-1B-Instruct,"1769350635.840, 1769350635.910, 1769350636.066, 1769350636.142, 1769350636.409"
1.0,0,1769350635.9186,66.6538,27,32,59,0.0706,0.0579,0.0587,1.0,0.0,93.33,0.9602,65.7244,65.7244,24534.1921,1769350703.534273,8.79,62,705,0.001,8,1,0,14.55,15.0,0,1354,1769350635.84,-66.044,meta-llama/Llama-3.2-1B-Instruct,"1769350635.840, 1769350635.910, 1769350636.066, 1769350636.142, 1769350636.409"
1.0,0,1769350636.5183,66.1123,27,32,59,0.0643,0.0609,0.0904,1.0,0.0,93.34,0.9178,65.1765,65.1765,24599.3686,1769350703.5575442,8.78,62,706,0.001,9,1,0,14.55,15.0,0,1354,1769350635.84,-66.044,meta-llama/Llama-3.2-1B-Instruct,"1769350635.840, 1769350635.910, 1769350636.066, 1769350636.142, 1769350636.409"
1.0,0,1769350636.6022,66.0855,27,32,59,0.0805,0.06,0.07,1.0,0.0,93.35,0.9147,65.166,65.166,24729.675,1769350703.6042256,8.77,62,708,0.001,9,0,0,14.55,15.0,0,1354,1769350635.84,-66.044,meta-llama/Llama-3.2-1B-Instruct,"1769350635.840, 1769350635.910, 1769350636.066, 1769350636.142, 1769350636.409"
1.0,0,1769350636.6812,66.0726,27,32,59,0.0678,0.0585,0.064,1.0,0.0,93.36,0.8495,65.1404,65.1404,24729.675,1769350703.6044478,8.76,62,708,0.002,10,1,0,14.55,15.0,0,1354,1769350635.84,-66.044,meta-llama/Llama-3.2-1B-Instruct,"1769350635.840, 1769350635.910, 1769350636.066, 1769350636.142, 1769350636.409"
1.0,0,1769350636.9797,65.8313,27,32,59,0.0879,0.0589,0.0653,1.0,0.0,93.37,0.8149,64.9193,64.9193,24794.5942,1769350703.6276724,8.74,62,709,0.002,10,0,0,14.55,15.0,0,1354,1769350635.84,-66.044,meta-llama/Llama-3.2-1B-Instruct,"1769350635.840, 1769350635.910, 1769350636.066, 1769350636.142, 1769350636.409"
1.0,0,1769350637.059,65.822,27,31,58,0.0772,0.0567,0.0635,1.0,0.0,93.38,0.7911,64.8991,64.8991,24859.4934,1769350703.6828775,8.73,62,710,0.002,11,0,0,14.55,15.0,0,1354,1769350635.84,-66.044,meta-llama/Llama-3.2-1B-Instruct,"1769350635.840, 1769350635.910, 1769350636.066, 1769350636.142, 1769350636.409"
1.0,0,1769350637.1394,65.8057,27,32,59,0.0702,0.0508,0.0583,1.0,0.0,93.39,0.7391,64.8758,64.8758,24924.3692,1769350703.6885464,8.72,62,711,0.002,11,0,0,14.55,15.0,0,1354,1769350635.84,-66.044,meta-llama/Llama-3.2-1B-Instruct,"1769350635.840, 1769350635.910, 1769350636.066, 1769350636.142, 1769350636.409"
1.0,0,1769350637.2199,65.7758,27,32,59,0.0745,0.0549,0.0559,1.0,0.0,93.4,0.7488,64.8503,64.8503,24989.2195,1769350703.746756,8.71,62,712,0.002,12,0,0,14.55,15.0,0,1354,1769350635.84,-66.044,meta-llama/Llama-3.2-1B-Instruct,"1769350635.840, 1769350635.910, 1769350636.066, 1769350636.142, 1769350636.409"
1.0,0,1769350637.4686,65.5889,27,32,59,0.0821,0.0534,0.1531,1.0,0.0,93.41,0.8634,64.6709,64.6709,25053.8904,1769350703.9219484,8.7,62,713,0.002,13,0,0,14.55,15.0,0,1354,1769350635.84,-66.044,meta-llama/Llama-3.2-1B-Instruct,"1769350635.840, 1769350635.910, 1769350636.066, 1769350636.142, 1769350636.409"
1.0,0,1769350637.8398,65.2779,27,32,59,0.0685,0.1556,0.2557,1.0,0.0,93.42,1.0867,64.3465,64.3465,25182.4436,1769350704.2131855,8.67,62,715,0.002,14,0,0,14.55,15.0,0,1354,1769350635.84,-66.044,meta-llama/Llama-3.2-1B-Instruct,"1769350635.840, 1769350635.910, 1769350636.066, 1769350636.142, 1769350636.409"
1.0,0,1769350638.1695,65.1296,27,32,59,0.0771,0.1453,0.2025,1.0,0.0,93.43,0.8648,64.2067,64.2067,25310.7793,1769350704.2268708,8.68,62,717,0.003,16,0,0,14.55,15.0,0,1354,1769350635.84,-66.044,meta-llama/Llama-3.2-1B-Instruct,"1769350635.840, 1769350635.910, 1769350636.066, 1769350636.142, 1769350636.409"
1.0,0,1769350638.3274,65.0807,27,32,59,0.0573,0.1484,0.2008,1.0,0.0,93.44,0.8134,64.138,64.138,25310.7793,1769350704.2272832,8.66,62,717,0.003,17,0,0,14.55,15.0,0,1354,1769350635.84,-66.044,meta-llama/Llama-3.2-1B-Instruct,"1769350635.840, 1769350635.910, 1769350636.066, 1769350636.142, 1769350636.409"
1.0,0,1769350638.0854,65.1053,27,32,59,0.0925,0.1501,0.2135,1.0,0.0,93.45,1.0324,64.1978,64.1978,25310.7793,1769350704.228848,8.65,62,717,0.002,14,1,0,14.55,15.0,0,1354,1769350635.84,-66.044,meta-llama/Llama-3.2-1B-Instruct,"1769350635.840, 1769350635.910, 1769350636.066, 1769350636.142, 1769350636.409"
1.0,0,1769350638.9603,64.7736,27,32,59,0.1073,0.0569,0.1941,1.0,0.0,93.46,0.7835,63.8808,63.8808,25502.38,1769350704.524625,8.62,62,720,0.001,7,1,0,14.55,15.0,0,1354,1769350635.84,-66.044,meta-llama/Llama-3.2-1B-Instruct,"1769350635.840, 1769350635.910, 1769350636.066, 1769350636.142, 1769350636.409"
1.0,0,1769350638.6407,65.0156,27,32,59,0.153,0.0762,0.2141,1.0,0.0,93.47,0.8644,64.1686,64.1686,25566.745,1769350704.5284371,8.61,62,721,0.002,10,0,0,14.55,15.0,0,1354,1769350635.84,-66.044,meta-llama/Llama-3.2-1B-Instruct,"1769350635.840, 1769350635.910, 1769350636.066, 1769350636.142, 1769350636.409"
1.0,0,1769350639.2886,64.4977,27,32,59,0.0536,0.0561,0.2278,1.0,0.0,93.48,0.7283,63.5513,63.5513,25566.745,1769350704.529069,8.64,62,721,0.001,8,1,0,14.55,15.0,0,1354,1769350635.84,-66.044,meta-llama/Llama-3.2-1B-Instruct,"1769350635.840, 1769350635.910, 1769350636.066, 1769350636.142, 1769350636.409"
1.0,0,1769350638.4037,65.2404,27,32,59,0.1247,0.1216,0.1987,1.0,0.0,93.48,0.8832,64.365,64.365,25630.7941,1769350704.5309284,8.6,62,722,0.002,13,0,0,14.55,15.0,0,1354,1769350635.84,-66.044,meta-llama/Llama-3.2-1B-Instruct,"1769350635.840, 1769350635.910, 1769350636.066, 1769350636.142, 1769350636.409"
1.0,0,1769350638.7178,64.9561,27,32,59,0.093,0.127,0.1944,1.0,0.0,93.49,0.8568,64.0491,64.0491,25630.7941,1769350704.5319564,8.59,62,722,0.001,8,0,0,14.55,15.0,0,1354,1769350635.84,-66.044,meta-llama/Llama-3.2-1B-Instruct,"1769350635.840, 1769350635.910, 1769350636.066, 1769350636.142, 1769350636.409"
1.0,0,1769350639.5361,64.2989,27,32,59,0.0536,0.056,0.2104,1.0,0.0,93.5,0.7335,63.3525,63.3525,25694.1466,1769350704.570404,8.58,62,723,0.001,9,0,0,14.55,15.0,0,1354,1769350635.84,-66.044,meta-llama/Llama-3.2-1B-Instruct,"1769350635.840, 1769350635.910, 1769350636.066, 1769350636.142, 1769350636.409"
1.0,0,1769350639.689,64.1897,27,32,59,0.0707,0.063,0.1929,1.0,0.0,93.51,0.764,63.2604,63.2604,25757.407,1769350704.6458733,8.56,62,724,0.001,10,0,0,14.55,15.0,0,1354,1769350635.84,-66.044,meta-llama/Llama-3.2-1B-Instruct,"1769350635.840, 1769350635.910, 1769350636.066, 1769350636.142, 1769350636.409"
1.0,0,1769350640.5895,64.0991,27,6,33,0.0582,0.019,0.019,1.0,0.0,93.52,0.1492,63.1573,63.1573,25820.5643,1769350704.840387,8.55,62,725,0.001,7,0,0,14.55,15.0,0,1354,1769350635.84,-66.044,meta-llama/Llama-3.2-1B-Instruct,"1769350635.840, 1769350635.910, 1769350636.066, 1769350636.142, 1769350636.409"
1.0,0,1769350639.7607,64.3763,27,32,59,0.0872,0.0583,0.0641,1.0,0.0,93.53,0.8784,63.4634,63.4634,25884.0278,1769350705.024775,8.54,62,726,0.001,7,0,0,14.55,15.0,0,1354,1769350635.84,-66.044,meta-llama/Llama-3.2-1B-Instruct,"1769350635.840, 1769350635.910, 1769350636.066, 1769350636.142, 1769350636.409"
1.0,0,1769350639.9146,64.3351,27,32,59,0.069,0.0732,0.1087,1.0,0.0,93.54,0.9267,63.4041,63.4041,25947.4319,1769350705.1778603,8.53,62,727,0.001,8,0,0,14.55,15.0,0,1354,1769350635.84,-66.044,meta-llama/Llama-3.2-1B-Instruct,"1769350635.840, 1769350635.910, 1769350636.066, 1769350636.142, 1769350636.409"
1.0,0,1769350639.995,64.3084,27,32,59,0.0547,0.0732,0.0906,1.0,0.0,93.55,0.9165,63.3631,63.3631,26010.7949,1769350705.227741,8.52,62,728,0.002,8,1,0,14.55,15.0,0,1354,1769350635.84,-66.044,meta-llama/Llama-3.2-1B-Instruct,"1769350635.840, 1769350635.910, 1769350636.066, 1769350636.142, 1769350636.409"
1.0,0,1769350640.0731,64.306,27,32,59,0.0593,0.0769,0.0926,1.0,0.0,93.56,0.9147,63.3653,63.3653,26074.1602,1769350705.297478,8.5,62,729,0.002,10,0,0,14.55,15.0,0,1354,1769350635.84,-66.044,meta-llama/Llama-3.2-1B-Instruct,"1769350635.840, 1769350635.910, 1769350636.066, 1769350636.142, 1769350636.409"
1.0,0,1769350640.1559,64.2678,27,32,59,0.0603,0.0813,0.0921,1.0,0.0,93.57,0.9209,63.328,63.328,26137.4882,1769350705.3461666,8.49,62,730,0.002,10,0,0,14.55,15.0,0,1354,1769350635.84,-66.044,meta-llama/Llama-3.2-1B-Instruct,"1769350635.840, 1769350635.910, 1769350636.066, 1769350636.142, 1769350636.409"
1.0,0,1769350640.3535,64.1497,27,32,59,0.0614,0.0662,0.1032,1.0,0.0,93.58,0.8841,63.2112,63.2112,26200.6994,1769350705.3889875,8.48,62,731,0.002,12,0,0,14.55,15.0,0,1354,1769350635.84,-66.044,meta-llama/Llama-3.2-1B-Instruct,"1769350635.840, 1769350635.910, 1769350636.066, 1769350636.142, 1769350636.409"
1.0,0,1769350640.4383,64.1189,27,30,57,0.0773,0.096,0.097,1.0,0.0,93.58,0.9917,63.1962,63.1962,26263.8956,1769350705.5594702,8.47,62,732,0.001,7,0,0,14.55,15.0,0,1354,1769350635.84,-66.044,meta-llama/Llama-3.2-1B-Instruct,"1769350635.840, 1769350635.910, 1769350636.066, 1769350636.142, 1769350636.409"
1.0,0,1769350640.515,64.1117,27,32,59,0.0728,0.0962,0.1055,1.0,0.0,93.59,0.9956,63.1845,63.1845,26327.0801,1769350705.6263447,8.46,62,733,0.001,7,0,0,14.55,15.0,0,1354,1769350635.84,-66.044,meta-llama/Llama-3.2-1B-Instruct,"1769350635.840, 1769350635.910, 1769350636.066, 1769350636.142, 1769350636.409"
1.0,0,1769350640.8912,63.999,27,32,59,0.1001,0.0879,0.0967,1.0,0.0,93.6,1.1461,63.0991,63.0991,26516.5188,1769350706.0441852,8.45,62,736,0.001,8,0,0,14.55,15.0,0,1354,1769350635.84,-66.044,meta-llama/Llama-3.2-1B-Instruct,"1769350635.840, 1769350635.910, 1769350636.066, 1769350636.142, 1769350636.409"
1.0,0,1769350640.6687,64.2171,27,32,59,0.1055,0.0859,0.1043,1.0,0.0,93.62,1.1581,63.3225,63.3225,26516.5188,1769350706.0498195,8.42,62,736,0.001,8,0,0,14.55,15.0,0,1354,1769350635.84,-66.044,meta-llama/Llama-3.2-1B-Instruct,"1769350635.840, 1769350635.910, 1769350636.066, 1769350636.142, 1769350636.409"
1.0,0,1769350641.132,63.9105,27,32,59,0.057,0.0677,0.0935,1.0,0.0,93.63,1.0504,62.9675,62.9675,26579.4863,1769350706.1017861,8.41,62,737,0.002,10,1,0,14.55,15.0,0,1354,1769350635.84,-66.044,meta-llama/Llama-3.2-1B-Instruct,"1769350635.840, 1769350635.910, 1769350636.066, 1769350636.142, 1769350636.409"
1.0,0,1769350641.0532,63.9311,27,32,59,0.1119,0.0713,0.1087,1.0,0.0,93.64,1.1231,63.043,63.043,26705.4827,1769350706.1159859,8.4,62,739,0.002,10,0,0,14.55,15.0,0,1354,1769350635.84,-66.044,meta-llama/Llama-3.2-1B-Instruct,"1769350635.840, 1769350635.910, 1769350636.066, 1769350636.142, 1769350636.409"
1.0,0,1769350641.2102,63.8813,27,32,59,0.0722,0.0572,0.1055,1.0,0.0,93.65,1.0213,62.9534,62.9534,26705.4827,1769350706.118512,8.39,62,739,0.002,11,1,0,14.55,15.0,0,1354,1769350635.84,-66.044,meta-llama/Llama-3.2-1B-Instruct,"1769350635.840, 1769350635.910, 1769350636.066, 1769350636.142, 1769350636.409"
1.0,0,1769350641.3593,63.7912,27,32,59,0.0753,0.0552,0.1016,1.0,0.0,93.66,0.9808,62.8665,62.8665,26768.3492,1769350706.1592538,8.38,62,740,0.002,13,0,0,14.55,15.0,0,1354,1769350635.84,-66.044,meta-llama/Llama-3.2-1B-Instruct,"1769350635.840, 1769350635.910, 1769350636.066, 1769350636.142, 1769350636.409"
1.0,0,1769350641.5927,63.6288,27,32,59,0.0746,0.0573,0.1079,1.0,0.0,93.66,0.996,62.7034,62.7034,26831.0525,1769350706.2203858,8.37,62,741,0.002,12,1,0,14.55,15.0,0,1354,1769350635.84,-66.044,meta-llama/Llama-3.2-1B-Instruct,"1769350635.840, 1769350635.910, 1769350636.066, 1769350636.142, 1769350636.409"
1.0,0,1769350641.9637,63.4509,27,32,59,0.0602,0.0705,0.1226,1.0,0.0,93.67,1.0129,62.5111,62.5111,27018.9612,1769350706.4373157,8.34,62,744,0.002,11,0,0,14.55,15.0,0,1354,1769350635.84,-66.044,meta-llama/Llama-3.2-1B-Instruct,"1769350635.840, 1769350635.910, 1769350636.066, 1769350636.142, 1769350636.409"
1.0,0,1769350641.8207,63.5511,27,32,59,0.1044,0.0797,0.1103,1.0,0.0,93.68,1.0601,62.6555,62.6555,27080.9201,1769350706.4489655,8.33,62,745,0.002,11,0,0,14.55,15.0,0,1354,1769350635.84,-66.044,meta-llama/Llama-3.2-1B-Instruct,"1769350635.840, 1769350635.910, 1769350636.066, 1769350636.142, 1769350636.409"
1.0,0,1769350641.6441,63.673,27,32,59,0.0691,0.0896,0.1161,1.0,0.0,93.69,1.108,62.742,62.742,27080.9201,1769350706.4551556,8.36,62,745,0.002,11,0,0,14.55,15.0,0,1354,1769350635.84,-66.044,meta-llama/Llama-3.2-1B-Instruct,"1769350635.840, 1769350635.910, 1769350636.066, 1769350636.142, 1769350636.409"
1.0,0,1769350642.5935,62.8685,27,32,59,0.0904,0.073,0.1135,1.0,0.0,93.7,0.9772,61.959,61.959,27080.9201,1769350706.4570322,8.32,62,745,0.002,12,1,0,14.55,15.0,0,1354,1769350635.84,-66.044,meta-llama/Llama-3.2-1B-Instruct,"1769350635.840, 1769350635.910, 1769350636.066, 1769350636.142, 1769350636.409"
1.0,0,1769350642.6699,62.8596,27,32,59,0.079,0.0653,0.1186,1.0,0.0,93.71,0.9872,61.9386,61.9386,27142.8587,1769350706.5196645,8.31,62,746,0.002,13,1,0,14.55,15.0,0,1354,1769350635.84,-66.044,meta-llama/Llama-3.2-1B-Instruct,"1769350635.840, 1769350635.910, 1769350636.066, 1769350636.142, 1769350636.409"
1.0,0,1769350642.7435,62.8596,27,32,59,0.0617,0.0605,0.1171,1.0,0.0,93.72,0.9545,61.9212,61.9212,27204.78,1769350706.560345,8.3,62,747,0.002,14,0,0,14.55,15.0,0,1354,1769350635.84,-66.044,meta-llama/Llama-3.2-1B-Instruct,"1769350635.840, 1769350635.910, 1769350636.066, 1769350636.142, 1769350636.409"
1.0,0,1769350643.0422,62.6959,27,32,59,0.0619,0.0652,0.1248,1.0,0.0,93.72,0.9156,61.7579,61.7579,27328.37,1769350706.663813,8.28,62,749,0.002,14,0,0,14.55,15.0,0,1354,1769350635.84,-66.044,meta-llama/Llama-3.2-1B-Instruct,"1769350635.840, 1769350635.910, 1769350636.066, 1769350636.142, 1769350636.409"
1.0,0,1769350642.9202,62.7595,27,32,59,0.0726,0.0623,0.1155,1.0,0.0,93.73,0.973,61.8321,61.8321,27328.37,1769350706.665522,8.29,62,749,0.002,14,0,0,14.55,15.0,0,1354,1769350635.84,-66.044,meta-llama/Llama-3.2-1B-Instruct,"1769350635.840, 1769350635.910, 1769350636.066, 1769350636.142, 1769350636.409"
1.0,0,1769350643.3681,62.5087,27,32,59,0.0747,0.0569,0.1147,1.0,0.0,93.74,0.9316,61.5834,61.5834,27451.6537,1769350706.8182714,8.27,62,751,0.003,16,0,0,14.55,15.0,0,1354,1769350635.84,-66.044,meta-llama/Llama-3.2-1B-Instruct,"1769350635.840, 1769350635.910, 1769350636.066, 1769350636.142, 1769350636.409"
1.0,0,1769350643.195,62.6223,27,32,59,0.078,0.0729,0.1136,1.0,0.0,93.75,0.9936,61.7003,61.7003,27451.6537,1769350706.8185987,8.26,62,751,0.002,15,0,0,14.55,15.0,0,1354,1769350635.84,-66.044,meta-llama/Llama-3.2-1B-Instruct,"1769350635.840, 1769350635.910, 1769350636.066, 1769350636.142, 1769350636.409"
1.0,0,1769350643.4439,62.4952,27,32,59,0.0798,0.0514,0.1139,1.0,0.0,93.76,0.9465,61.5749,61.5749,27513.2286,1769350706.888043,8.24,62,752,0.003,18,0,0,14.55,15.0,0,1354,1769350635.84,-66.044,meta-llama/Llama-3.2-1B-Instruct,"1769350635.840, 1769350635.910, 1769350636.066, 1769350636.142, 1769350636.409"
1.0,0,1769350643.5999,62.5374,27,32,59,0.1351,0.0602,0.0648,1.0,0.0,93.77,1.1009,61.6726,61.6726,27698.1357,1769350707.2426186,8.23,62,755,0.003,16,0,0,14.55,15.0,0,1340,1769350646.837,-60.063,meta-llama/Llama-3.2-1B-Instruct,"1769350646.837, 1769350646.991, 1769350647.164, 1769350647.245, 1769350647.319"
1.0,0,1769350643.5236,62.6178,27,32,59,0.09,0.0668,0.106,1.0,0.0,93.78,1.1007,61.7078,61.7078,27698.1357,1769350707.244024,8.21,62,755,0.003,18,1,0,14.55,15.0,0,1340,1769350646.837,-60.063,meta-llama/Llama-3.2-1B-Instruct,"1769350646.837, 1769350646.991, 1769350647.164, 1769350647.245, 1769350647.319"
1.0,0,1769350643.7467,62.4586,27,32,59,0.0681,0.0549,0.0694,1.0,0.0,93.78,1.0333,61.5267,61.5267,27698.1357,1769350707.2442322,8.22,62,755,0.002,12,1,0,14.55,15.0,0,1340,1769350646.837,-60.063,meta-llama/Llama-3.2-1B-Instruct,"1769350646.837, 1769350646.991, 1769350647.164, 1769350647.245, 1769350647.319"
1.0,0,1769350644.2763,61.9884,27,32,59,0.0593,0.0596,0.0683,1.0,0.0,93.79,0.9996,61.0477,61.0477,27820.1991,1769350707.2704797,8.2,62,757,0.002,13,1,0,14.55,15.0,0,1340,1769350646.837,-60.063,meta-llama/Llama-3.2-1B-Instruct,"1769350646.837, 1769350646.991, 1769350647.164, 1769350647.245, 1769350647.319"
1.0,0,1769350644.3567,61.9525,27,32,59,0.0632,0.0534,0.0563,1.0,0.0,93.8,0.9593,61.0157,61.0157,27820.1991,1769350707.2707212,8.19,62,757,0.002,14,0,0,14.55,15.0,0,1340,1769350646.837,-60.063,meta-llama/Llama-3.2-1B-Instruct,"1769350646.837, 1769350646.991, 1769350647.164, 1769350647.245, 1769350647.319"
1.0,0,1769350644.4331,61.9674,27,32,59,0.1047,0.0577,0.0631,1.0,0.0,93.81,0.9805,61.0721,61.0721,27881.2712,1769350707.3877318,8.18,62,758,0.003,16,0,0,14.55,15.0,0,1340,1769350646.837,-60.063,meta-llama/Llama-3.2-1B-Instruct,"1769350646.837, 1769350646.991, 1769350647.164, 1769350647.245, 1769350647.319"
1.0,0,1769350644.5117,61.984,27,32,59,0.0631,0.0531,0.0647,1.0,0.0,93.82,0.9175,61.047,61.047,27942.3182,1769350707.4155185,8.17,62,759,0.002,12,0,0,14.55,15.0,0,1340,1769350646.837,-60.063,meta-llama/Llama-3.2-1B-Instruct,"1769350646.837, 1769350646.991, 1769350647.164, 1769350647.245, 1769350647.319"
1.0,0,1769350644.6889,61.8715,27,32,59,0.0588,0.0848,0.1638,1.0,0.0,93.83,1.0666,60.9303,60.9303,28003.2485,1769350707.6385581,8.16,62,760,0.002,12,0,0,14.55,15.0,0,1340,1769350646.837,-60.063,meta-llama/Llama-3.2-1B-Instruct,"1769350646.837, 1769350646.991, 1769350647.164, 1769350647.245, 1769350647.319"
1.0,0,1769350644.841,61.8015,27,32,59,0.0565,0.0786,0.1552,1.0,0.0,93.83,1.1195,60.858,60.858,28064.1064,1769350707.7651758,8.15,62,761,0.002,12,0,0,14.55,15.0,0,1340,1769350646.837,-60.063,meta-llama/Llama-3.2-1B-Instruct,"1769350646.837, 1769350646.991, 1769350647.164, 1769350647.245, 1769350647.319"
1.0,0,1769350644.9914,61.7191,27,32,59,0.061,0.0665,0.1653,1.0,0.0,93.84,1.095,60.7802,60.7802,28124.8866,1769350707.8066182,8.14,62,762,0.002,12,0,0,14.55,15.0,0,1340,1769350646.837,-60.063,meta-llama/Llama-3.2-1B-Instruct,"1769350646.837, 1769350646.991, 1769350647.164, 1769350647.245, 1769350647.319"
1.0,0,1769350645.43,61.3623,27,32,59,0.0642,0.0765,0.1621,1.0,0.0,93.85,1.0622,60.4265,60.4265,28185.3131,1769350707.8634644,8.13,62,763,0.002,12,0,0,14.55,15.0,0,1340,1769350646.837,-60.063,meta-llama/Llama-3.2-1B-Instruct,"1769350646.837, 1769350646.991, 1769350647.164, 1769350647.245, 1769350647.319"
1.0,0,1769350645.5059,61.3507,27,32,59,0.0746,0.0641,0.1571,1.0,0.0,93.86,1.0785,60.4252,60.4252,28366.2961,1769350707.9754875,8.12,62,766,0.002,11,0,0,14.55,15.0,0,1340,1769350646.837,-60.063,meta-llama/Llama-3.2-1B-Instruct,"1769350646.837, 1769350646.991, 1769350647.164, 1769350647.245, 1769350647.319"
1.0,0,1769350645.8373,61.142,27,32,59,0.0775,0.0737,0.1705,1.0,0.0,93.87,0.9938,60.2194,60.2194,28366.2961,1769350707.9772134,8.1,62,766,0.002,12,1,0,14.55,15.0,0,1340,1769350646.837,-60.063,meta-llama/Llama-3.2-1B-Instruct,"1769350646.837, 1769350646.991, 1769350647.164, 1769350647.245, 1769350647.319"
1.0,0,1769350645.6646,61.256,27,32,59,0.0824,0.0617,0.1523,1.0,0.0,93.87,1.0538,60.3383,60.3383,28366.2961,1769350707.9775348,8.09,62,766,0.002,11,0,0,14.55,15.0,0,1340,1769350646.837,-60.063,meta-llama/Llama-3.2-1B-Instruct,"1769350646.837, 1769350646.991, 1769350647.164, 1769350647.245, 1769350647.319"
1.0,0,1769350645.9907,61.0497,27,32,59,0.065,0.0641,0.1653,1.0,0.0,93.88,0.9631,60.1147,60.1147,28486.3934,1769350708.0079575,8.08,62,768,0.002,14,0,0,14.55,15.0,0,1340,1769350646.837,-60.063,meta-llama/Llama-3.2-1B-Instruct,"1769350646.837, 1769350646.991, 1769350647.164, 1769350647.245, 1769350647.319"
1.0,0,1769350646.1644,60.9248,27,32,59,0.0578,0.0614,0.1466,1.0,0.0,93.89,0.9161,59.9826,59.9826,28486.3934,1769350708.0119245,8.07,62,768,0.002,14,0,0,14.55,15.0,0,1340,1769350646.837,-60.063,meta-llama/Llama-3.2-1B-Instruct,"1769350646.837, 1769350646.991, 1769350647.164, 1769350647.245, 1769350647.319"
1.0,0,1769350646.2446,60.8926,27,31,58,0.0895,0.0605,0.163,1.0,0.0,93.9,0.9059,59.9821,59.9821,28546.3755,1769350708.048638,8.06,62,769,0.002,15,0,0,14.55,15.0,0,1340,1769350646.837,-60.063,meta-llama/Llama-3.2-1B-Instruct,"1769350646.837, 1769350646.991, 1769350647.164, 1769350647.245, 1769350647.319"
1.0,0,1769350649.1163,58.9553,27,0,27,,,,1.0,,,0.1021,58.0574,58.0574,28604.4329,1769350708.1763592,8.05,62,770,0.002,11,1,0,14.55,15.0,0,1340,1769350646.837,-60.063,meta-llama/Llama-3.2-1B-Instruct,"1769350646.837, 1769350646.991, 1769350647.164, 1769350647.245, 1769350647.319"
1.0,0,1769350648.4295,59.393,27,10,37,0.0896,0.0991,0.0991,1.0,0.0,93.91,0.4144,58.4826,58.4826,28662.9155,1769350708.2398882,8.04,62,771,0.003,16,0,0,14.55,15.0,0,1340,1769350646.837,-60.063,meta-llama/Llama-3.2-1B-Instruct,"1769350646.837, 1769350646.991, 1769350647.164, 1769350647.245, 1769350647.319"
1.0,0,1769350647.404,60.0357,27,32,59,0.075,0.0666,0.0991,1.0,0.0,93.92,1.0978,59.1107,59.1107,29018.1055,1769350708.5555403,8.03,62,777,0.002,11,0,0,14.55,15.0,0,1340,1769350646.837,-60.063,meta-llama/Llama-3.2-1B-Instruct,"1769350646.837, 1769350646.991, 1769350647.164, 1769350647.245, 1769350647.319"
1.0,0,1769350647.0788,60.3102,27,32,59,0.1248,0.0663,0.0973,1.0,0.0,93.92,1.1562,59.435,59.435,29018.1055,1769350708.5580697,8.02,62,777,0.002,11,0,0,14.55,15.0,0,1340,1769350646.837,-60.063,meta-llama/Llama-3.2-1B-Instruct,"1769350646.837, 1769350646.991, 1769350647.164, 1769350647.245, 1769350647.319"
1.0,0,1769350647.5821,59.9097,27,31,58,0.0792,0.0751,0.1542,1.0,0.0,93.93,1.0609,58.9889,58.9889,29078.1963,1769350708.5679667,7.99,62,778,0.002,13,1,0,14.55,15.0,0,1340,1769350646.837,-60.063,meta-llama/Llama-3.2-1B-Instruct,"1769350646.837, 1769350646.991, 1769350647.164, 1769350647.245, 1769350647.319"
1.0,0,1769350647.8477,59.7067,27,32,59,0.0641,0.0751,0.087,1.0,0.0,93.94,1.0009,58.7708,58.7708,29078.1963,1769350708.5683572,7.98,62,778,0.002,14,0,0,14.55,15.0,0,1340,1769350646.837,-60.063,meta-llama/Llama-3.2-1B-Instruct,"1769350646.837, 1769350646.991, 1769350647.164, 1769350647.245, 1769350647.319"
1.0,0,1769350647.9245,59.6773,27,28,55,0.0821,0.0632,0.0944,1.0,0.0,93.95,0.9505,58.7594,58.7594,29078.1963,1769350708.568529,8.0,62,778,0.002,15,0,0,14.55,15.0,0,1340,1769350646.837,-60.063,meta-llama/Llama-3.2-1B-Instruct,"1769350646.837, 1769350646.991, 1769350647.164, 1769350647.245, 1769350647.319"
1.0,0,1769350646.3191,61.0369,27,32,59,0.0883,0.0977,0.1289,1.0,0.0,93.96,1.1947,60.1252,60.1252,29078.1963,1769350708.5774565,8.01,62,778,0.003,17,0,0,14.55,15.0,0,1340,1769350646.837,-60.063,meta-llama/Llama-3.2-1B-Instruct,"1769350646.837, 1769350646.991, 1769350647.164, 1769350647.245, 1769350647.319"
1.0,0,1769350646.3974,60.9624,27,32,59,0.1284,0.0867,0.0874,1.0,0.0,93.96,1.2009,60.0908,60.0908,29078.1963,1769350708.5848098,7.97,62,778,0.002,12,0,0,14.55,15.0,0,1340,1769350646.837,-60.063,meta-llama/Llama-3.2-1B-Instruct,"1769350646.837, 1769350646.991, 1769350647.164, 1769350647.245, 1769350647.319"
1.0,0,1769350648.1906,59.4821,27,32,59,0.0729,0.0678,0.1016,1.0,0.0,93.97,0.917,58.5549,58.5549,29136.7513,1769350708.596139,7.96,62,779,0.002,15,0,0,14.55,15.0,0,1340,1769350646.837,-60.063,meta-llama/Llama-3.2-1B-Instruct,"1769350646.837, 1769350646.991, 1769350647.164, 1769350647.245, 1769350647.319"
1.0,0,1769350648.3504,59.3821,27,32,59,0.0632,0.0669,0.0857,1.0,0.0,93.98,0.9242,58.4453,58.4453,29195.1966,1769350708.659883,7.95,62,780,0.002,16,0,0,14.55,15.0,0,1340,1769350646.837,-60.063,meta-llama/Llama-3.2-1B-Instruct,"1769350646.837, 1769350646.991, 1769350647.164, 1769350647.245, 1769350647.319"
1.0,0,1769350650.3794,58.3247,27,7,34,0.0935,0.0703,0.0703,1.0,0.0,93.99,0.354,57.4182,57.4182,29252.6147,1769350709.0755446,7.94,62,781,0.001,10,1,0,14.55,15.0,0,1340,1769350646.837,-60.063,meta-llama/Llama-3.2-1B-Instruct,"1769350646.837, 1769350646.991, 1769350647.164, 1769350647.245, 1769350647.319"
1.0,0,1769350648.5742,59.37,27,32,59,0.1323,0.0881,0.1969,1.0,0.0,93.99,1.2597,58.5023,58.5023,29311.117,1769350709.2071958,7.93,62,782,0.003,15,0,0,14.55,15.0,0,1340,1769350646.837,-60.063,meta-llama/Llama-3.2-1B-Instruct,"1769350646.837, 1769350646.991, 1769350647.164, 1769350647.245, 1769350647.319"
1.0,0,1769350649.0318,58.9803,27,32,59,0.0676,0.0756,0.1987,1.0,0.0,94.0,1.1957,58.0479,58.0479,29369.1649,1769350709.2086074,7.92,62,783,0.002,11,0,0,14.55,15.0,0,1340,1769350646.837,-60.063,meta-llama/Llama-3.2-1B-Instruct,"1769350646.837, 1769350646.991, 1769350647.164, 1769350647.245, 1769350647.319"
1.0,0,1769350649.173,58.9389,27,32,59,0.0633,0.0888,0.195,1.0,0.0,94.01,1.1828,58.0022,58.0022,29427.1671,1769350709.2971194,7.91,62,784,0.002,12,0,0,14.55,15.0,0,1340,1769350646.837,-60.063,meta-llama/Llama-3.2-1B-Instruct,"1769350646.837, 1769350646.991, 1769350647.164, 1769350647.245, 1769350647.319"
1.0,0,1769350649.2251,58.9429,27,31,58,0.0706,0.0811,0.2042,1.0,0.0,94.02,1.2326,58.0135,58.0135,29485.1806,1769350709.4069483,7.9,62,785,0.002,13,0,0,14.55,15.0,0,1340,1769350646.837,-60.063,meta-llama/Llama-3.2-1B-Instruct,"1769350646.837, 1769350646.991, 1769350647.164, 1769350647.245, 1769350647.319"
1.0,0,1769350649.28,58.9388,27,32,59,0.0719,0.2594,0.2594,1.0,0.0,94.03,1.2645,58.0107,58.0107,29543.1912,1769350709.4862993,7.89,62,786,0.002,13,1,0,14.55,15.0,0,1340,1769350646.837,-60.063,meta-llama/Llama-3.2-1B-Instruct,"1769350646.837, 1769350646.991, 1769350647.164, 1769350647.245, 1769350647.319"
1.0,0,1769350649.3635,58.9123,27,32,59,0.0968,0.0897,0.2006,1.0,0.0,94.03,1.2437,58.0091,58.0091,29659.0555,1769350709.5237215,7.88,62,788,0.002,14,0,0,14.55,15.0,0,1340,1769350646.837,-60.063,meta-llama/Llama-3.2-1B-Instruct,"1769350646.837, 1769350646.991, 1769350647.164, 1769350647.245, 1769350647.319"
1.0,0,1769350649.6697,58.7242,27,32,59,0.0804,0.0873,0.1966,1.0,0.0,94.05,1.2168,57.8046,57.8046,29716.8601,1769350709.622802,7.86,62,789,0.003,16,0,0,14.55,15.0,0,1340,1769350646.837,-60.063,meta-llama/Llama-3.2-1B-Instruct,"1769350646.837, 1769350646.991, 1769350647.164, 1769350647.245, 1769350647.319"
1.0,0,1769350650.7759,58.0129,27,23,50,0.091,0.0747,0.0911,1.0,0.0,94.06,0.9159,57.1039,57.1039,29773.964,1769350709.7105577,7.85,62,790,0.002,12,0,0,14.55,15.0,0,1340,1769350646.837,-60.063,meta-llama/Llama-3.2-1B-Instruct,"1769350646.837, 1769350646.991, 1769350647.164, 1769350647.245, 1769350647.319"
1.0,0,1769350649.8327,58.7359,27,32,59,0.1537,0.1013,0.1243,1.0,0.0,94.06,1.26,57.8896,57.8896,29946.5795,1769350709.8382876,7.84,62,793,0.002,13,0,0,14.55,15.0,0,1340,1769350646.837,-60.063,meta-llama/Llama-3.2-1B-Instruct,"1769350646.837, 1769350646.991, 1769350647.164, 1769350647.245, 1769350647.319"
1.0,0,1769350650.6948,58.0461,27,32,59,0.0576,0.0683,0.0805,1.0,0.0,94.07,1.0882,57.1037,57.1037,29946.5795,1769350709.8384285,7.83,62,793,0.002,11,1,0,14.55,15.0,0,1340,1769350646.837,-60.063,meta-llama/Llama-3.2-1B-Instruct,"1769350646.837, 1769350646.991, 1769350647.164, 1769350647.245, 1769350647.319"
1.0,0,1769350650.1348,58.5083,27,32,59,0.1138,0.0861,0.0908,1.0,0.0,94.08,1.189,57.6221,57.6221,30004.509,1769350709.84353,7.82,62,794,0.001,9,1,0,14.55,15.0,0,1340,1769350646.837,-60.063,meta-llama/Llama-3.2-1B-Instruct,"1769350646.837, 1769350646.991, 1769350647.164, 1769350647.245, 1769350647.319"
1.0,0,1769350649.7498,58.8238,27,32,59,0.1057,0.087,0.1691,1.0,0.0,94.09,1.269,57.9296,57.9296,30004.509,1769350709.846048,7.81,62,794,0.003,17,0,0,14.55,15.0,0,1340,1769350646.837,-60.063,meta-llama/Llama-3.2-1B-Instruct,"1769350646.837, 1769350646.991, 1769350647.164, 1769350647.245, 1769350647.319"
1.0,0,1769350650.8562,57.9758,27,32,59,0.047,0.0624,0.0825,1.0,0.0,94.09,1.0545,57.0228,57.0228,30061.5319,1769350709.8899422,7.8,62,795,0.002,13,0,0,14.55,15.0,0,1340,1769350646.837,-60.063,meta-llama/Llama-3.2-1B-Instruct,"1769350646.837, 1769350646.991, 1769350647.164, 1769350647.245, 1769350647.319"
1.0,0,1769350651.7619,57.4642,27,22,49,0.0606,0.0793,0.1061,1.0,0.0,94.1,0.8169,56.5247,56.5247,30118.0566,1769350710.0471704,7.79,62,796,0.003,17,0,0,14.55,15.0,0,1340,1769350646.837,-60.063,meta-llama/Llama-3.2-1B-Instruct,"1769350646.837, 1769350646.991, 1769350647.164, 1769350647.245, 1769350647.319"
1.0,0,1769350650.9395,57.963,27,32,59,0.0744,0.0892,0.1161,1.0,0.0,94.11,1.1788,57.0375,57.0375,30175.0941,1769350710.084865,7.78,62,797,0.002,15,0,0,14.55,15.0,0,1340,1769350646.837,-60.063,meta-llama/Llama-3.2-1B-Instruct,"1769350646.837, 1769350646.991, 1769350647.164, 1769350647.245, 1769350647.319"
1.0,0,1769350651.0192,57.9655,27,32,59,0.0739,0.0919,0.1159,1.0,0.0,94.12,1.1573,57.0394,57.0394,30232.1335,1769350710.147029,7.77,62,798,0.002,15,0,0,14.55,15.0,0,1340,1769350646.837,-60.063,meta-llama/Llama-3.2-1B-Instruct,"1769350646.837, 1769350646.991, 1769350647.164, 1769350647.245, 1769350647.319"
1.0,0,1769350651.0983,57.9491,27,32,59,0.0671,0.1118,0.1375,1.0,0.0,94.13,1.2676,57.0162,57.0162,30289.1497,1769350710.3246589,7.76,62,799,0.003,16,0,0,14.55,15.0,0,1340,1769350646.837,-60.063,meta-llama/Llama-3.2-1B-Instruct,"1769350646.837, 1769350646.991, 1769350647.164, 1769350647.245, 1769350647.319"
1.0,0,1769350651.4152,57.7593,27,32,59,0.0569,0.1097,0.1309,1.0,0.0,94.13,1.273,56.8162,56.8162,30403.0201,1769350710.4541483,7.74,62,801,0.003,17,1,0,14.55,15.0,0,1340,1769350646.837,-60.063,meta-llama/Llama-3.2-1B-Instruct,"1769350646.837, 1769350646.991, 1769350647.164, 1769350647.245, 1769350647.319"
1.0,0,1769350652.1112,57.157,27,32,59,0.0824,0.1076,0.1465,1.0,0.0,94.14,1.1935,56.2395,56.2395,30459.2596,1769350710.4704943,7.73,62,802,0.003,17,0,0,14.55,15.0,0,1340,1769350646.837,-60.063,meta-llama/Llama-3.2-1B-Instruct,"1769350646.837, 1769350646.991, 1769350647.164, 1769350647.245, 1769350647.319"
1.0,0,1769350651.1763,57.9451,27,32,59,0.1092,0.1092,0.1374,1.0,0.0,94.15,1.3113,57.0543,57.0543,30459.2596,1769350710.4713655,7.75,62,802,0.003,17,0,0,14.55,15.0,0,1340,1769350646.837,-60.063,meta-llama/Llama-3.2-1B-Instruct,"1769350646.837, 1769350646.991, 1769350647.164, 1769350647.245, 1769350647.319"
1.0,0,1769350652.1956,57.1317,27,32,59,0.078,0.1094,0.1424,1.0,0.0,94.16,1.1803,56.2097,56.2097,30515.4693,1769350710.5114613,7.72,62,803,0.003,17,0,0,14.55,15.0,0,1340,1769350646.837,-60.063,meta-llama/Llama-3.2-1B-Instruct,"1769350646.837, 1769350646.991, 1769350647.164, 1769350647.245, 1769350647.319"
1.0,0,1769350652.2675,57.119,27,32,59,0.0849,0.1139,0.1376,1.0,0.0,94.16,1.1508,56.2038,56.2038,30571.6731,1769350710.5449054,7.71,62,804,0.003,18,0,0,14.55,15.0,0,1340,1769350646.837,-60.063,meta-llama/Llama-3.2-1B-Instruct,"1769350646.837, 1769350646.991, 1769350647.164, 1769350647.245, 1769350647.319"
1.0,0,1769350652.3371,57.1092,27,32,59,0.0753,0.1088,0.1317,1.0,0.0,94.17,1.1272,56.1845,56.1845,30627.8576,1769350710.5818982,7.7,62,805,0.003,18,0,0,14.55,15.0,0,1340,1769350646.837,-60.063,meta-llama/Llama-3.2-1B-Instruct,"1769350646.837, 1769350646.991, 1769350647.164, 1769350647.245, 1769350647.319"
1.0,0,1769350652.9886,56.604,27,32,59,0.0754,0.1103,0.1335,1.0,0.0,94.18,1.0774,55.6794,55.6794,30739.6403,1769350710.6852257,7.68,62,807,0.003,18,0,0,14.55,15.0,0,1340,1769350646.837,-60.063,meta-llama/Llama-3.2-1B-Instruct,"1769350646.837, 1769350646.991, 1769350647.164, 1769350647.245, 1769350647.319"
1.0,0,1769350653.1401,56.6274,27,32,59,0.1355,0.0837,0.1384,1.0,0.0,94.19,1.1474,55.7629,55.7629,30962.2758,1769350710.927596,7.66,62,811,0.003,17,1,0,14.55,15.0,0,1340,1769350646.837,-60.063,meta-llama/Llama-3.2-1B-Instruct,"1769350646.837, 1769350646.991, 1769350647.164, 1769350647.245, 1769350647.319"
1.0,0,1769350653.4642,56.4647,27,32,59,0.0641,0.06,0.1418,1.0,0.0,94.2,0.9901,55.5288,55.5288,30962.2758,1769350710.9369953,7.64,62,811,0.002,14,1,0,14.55,15.0,0,1340,1769350646.837,-60.063,meta-llama/Llama-3.2-1B-Instruct,"1769350646.837, 1769350646.991, 1769350647.164, 1769350647.245, 1769350647.319"
1.0,0,1769350653.3067,56.567,27,32,59,0.0702,0.0717,0.1448,1.0,0.0,94.21,1.0275,55.6372,55.6372,30962.2758,1769350710.9372249,7.67,62,811,0.002,13,1,0,14.55,15.0,0,1340,1769350646.837,-60.063,meta-llama/Llama-3.2-1B-Instruct,"1769350646.837, 1769350646.991, 1769350647.164, 1769350647.245, 1769350647.319"
1.0,0,1769350653.2293,56.5453,27,32,59,0.1613,0.076,0.141,1.0,0.0,94.21,1.143,55.7066,55.7066,30962.2758,1769350710.938138,7.65,62,811,0.003,17,0,0,14.55,15.0,0,1340,1769350646.837,-60.063,meta-llama/Llama-3.2-1B-Instruct,"1769350646.837, 1769350646.991, 1769350647.164, 1769350647.245, 1769350647.319"
1.0,0,1769350654.0184,56.1477,27,32,59,0.0542,0.068,0.081,1.0,0.0,94.22,0.8172,55.2019,55.2019,31238.422,1769350710.9889257,7.63,62,816,0.003,15,1,0,14.55,15.0,0,1340,1769350646.837,-60.063,meta-llama/Llama-3.2-1B-Instruct,"1769350646.837, 1769350646.991, 1769350647.164, 1769350647.245, 1769350647.319"
1.0,0,1769350654.7007,55.6519,27,24,51,0.0756,0.0557,0.061,1.0,0.0,94.23,0.6236,54.7275,54.7275,31238.422,1769350710.9891543,7.64,62,816,0.003,17,1,0,14.55,15.0,0,1340,1769350646.837,-60.063,meta-llama/Llama-3.2-1B-Instruct,"1769350646.837, 1769350646.991, 1769350647.164, 1769350647.245, 1769350647.319"
1.0,0,1769350653.6996,56.3675,27,32,59,0.1058,0.0653,0.099,1.0,0.0,94.24,0.9201,55.4733,55.4733,31238.422,1769350710.9906368,7.62,62,816,0.002,15,1,0,14.55,15.0,0,1340,1769350646.837,-60.063,meta-llama/Llama-3.2-1B-Instruct,"1769350646.837, 1769350646.991, 1769350647.164, 1769350647.245, 1769350647.319"
1.0,0,1769350653.6214,56.3597,27,31,58,0.0992,0.059,0.1336,1.0,0.0,94.24,1.0065,55.4589,55.4589,31238.422,1769350710.9918394,7.61,62,816,0.002,15,1,0,14.55,15.0,0,1340,1769350646.837,-60.063,meta-llama/Llama-3.2-1B-Instruct,"1769350646.837, 1769350646.991, 1769350647.164, 1769350647.245, 1769350647.319"
1.0,0,1769350653.9327,56.1809,27,32,59,0.1035,0.0657,0.0675,1.0,0.0,94.25,0.875,55.2845,55.2845,31238.422,1769350710.9920871,7.6,62,816,0.003,15,0,0,14.55,15.0,0,1340,1769350646.837,-60.063,meta-llama/Llama-3.2-1B-Instruct,"1769350646.837, 1769350646.991, 1769350647.164, 1769350647.245, 1769350647.319"
1.0,0,1769350654.1051,56.098,27,32,59,0.0778,0.0636,0.0656,1.0,0.0,94.26,0.8058,55.1758,55.1758,31293.5978,1769350711.010816,7.59,62,817,0.003,16,1,0,14.55,15.0,0,1340,1769350646.837,-60.063,meta-llama/Llama-3.2-1B-Instruct,"1769350646.837, 1769350646.991, 1769350647.164, 1769350647.245, 1769350647.319"
1.0,0,1769350654.535,55.727,27,32,59,0.1025,0.0562,0.0565,1.0,0.0,94.26,0.7753,54.8296,54.8296,31348.4274,1769350711.0386531,7.58,62,818,0.003,17,0,0,14.55,15.0,0,1340,1769350646.837,-60.063,meta-llama/Llama-3.2-1B-Instruct,"1769350646.837, 1769350646.991, 1769350647.164, 1769350647.245, 1769350647.319"
1.0,0,1769350654.7772,55.6573,27,32,59,0.076,0.0593,0.093,1.0,0.0,94.27,0.7619,54.7333,54.7333,31403.1606,1769350711.2013543,7.57,62,819,0.003,17,0,0,14.55,15.0,0,1340,1769350646.837,-60.063,meta-llama/Llama-3.2-1B-Instruct,"1769350646.837, 1769350646.991, 1769350647.164, 1769350647.245, 1769350647.319"
1.0,0,1769350656.7212,54.5776,27,0,27,,,,1.0,,,0.0562,53.6338,53.6338,31456.7944,1769350711.3583136,7.56,62,820,0.002,10,0,0,14.55,15.0,0,1340,1769350646.837,-60.063,meta-llama/Llama-3.2-1B-Instruct,"1769350646.837, 1769350646.991, 1769350647.164, 1769350647.245, 1769350647.319"
1.0,0,1769350654.9703,55.5875,27,32,59,0.0741,0.0621,0.0915,1.0,0.0,94.28,0.8668,54.6616,54.6616,31511.456,1769350711.4290519,7.55,62,821,0.002,14,0,0,14.55,15.0,0,1340,1769350646.837,-60.063,meta-llama/Llama-3.2-1B-Instruct,"1769350646.837, 1769350646.991, 1769350647.164, 1769350647.245, 1769350647.319"
1.0,0,1769350655.1267,55.5234,27,32,59,0.0787,0.074,0.0836,1.0,0.0,94.29,0.8996,54.6022,54.6022,31566.0582,1769350711.5543988,7.54,62,822,0.002,13,0,0,14.55,15.0,0,1340,1769350646.837,-60.063,meta-llama/Llama-3.2-1B-Instruct,"1769350646.837, 1769350646.991, 1769350647.164, 1769350647.245, 1769350647.319"
1.0,0,1769350655.2022,55.5166,27,32,59,0.0969,0.0644,0.0938,1.0,0.0,94.29,0.9205,54.6135,54.6135,31620.6717,1769350711.6424987,7.53,62,823,0.002,13,0,0,14.55,15.0,0,1340,1769350646.837,-60.063,meta-llama/Llama-3.2-1B-Instruct,"1769350646.837, 1769350646.991, 1769350647.164, 1769350647.245, 1769350647.319"
1.0,0,1769350655.2804,55.515,27,32,59,0.0691,0.0612,0.086,1.0,0.0,94.3,0.8804,54.5841,54.5841,31675.2558,1769350711.6768699,7.52,62,824,0.003,14,1,0,14.55,15.0,0,1340,1769350646.837,-60.063,meta-llama/Llama-3.2-1B-Instruct,"1769350646.837, 1769350646.991, 1769350647.164, 1769350647.245, 1769350647.319"
1.0,0,1769350655.9885,55.1125,27,32,59,0.0528,0.0591,0.067,1.0,0.0,94.31,0.945,54.1653,54.1653,31838.3416,1769350712.0520802,7.52,62,827,0.001,7,1,0,14.55,15.0,0,1321,1769350659.465,-52.498,meta-llama/Llama-3.2-1B-Instruct,"1769350659.465, 1769350659.545, 1769350659.884, 1769350660.033, 1769350660.112"
1.0,0,1769350655.7636,55.2911,27,32,59,0.0986,0.0627,0.0649,1.0,0.0,94.31,0.9919,54.3897,54.3897,31838.3416,1769350712.0522816,7.51,62,827,0.001,5,0,0,14.55,15.0,0,1321,1769350659.465,-52.498,meta-llama/Llama-3.2-1B-Instruct,"1769350659.465, 1769350659.545, 1769350659.884, 1769350660.033, 1769350660.112"
1.0,0,1769350655.5853,55.4315,27,32,59,0.0993,0.0602,0.0661,1.0,0.0,94.32,1.0304,54.5308,54.5308,31892.9521,1769350712.0559196,7.5,62,828,0.002,10,0,0,14.55,15.0,0,1321,1769350659.465,-52.498,meta-llama/Llama-3.2-1B-Instruct,"1769350659.465, 1769350659.545, 1769350659.884, 1769350660.033, 1769350660.112"
1.0,0,1769350655.5045,55.5072,27,32,59,0.1033,0.0578,0.0607,1.0,0.0,94.33,1.0433,54.6105,54.6105,31892.9521,1769350712.0563567,7.49,62,828,0.003,16,0,0,14.55,15.0,0,1321,1769350659.465,-52.498,meta-llama/Llama-3.2-1B-Instruct,"1769350659.465, 1769350659.545, 1769350659.884, 1769350660.033, 1769350660.112"
1.0,0,1769350656.637,54.5991,27,32,59,0.0762,0.0645,0.0726,1.0,0.0,94.33,0.9341,53.6753,53.6753,31946.6274,1769350712.1796331,7.48,62,829,0.001,8,1,0,14.55,15.0,0,1321,1769350659.465,-52.498,meta-llama/Llama-3.2-1B-Instruct,"1769350659.465, 1769350659.545, 1769350659.884, 1769350660.033, 1769350660.112"
1.0,0,1769350657.2404,54.3782,27,21,48,0.0512,0.052,0.063,1.0,0.0,94.34,0.5657,53.4294,53.4294,32053.9241,1769350712.1977034,7.46,62,831,0.002,12,0,0,14.55,15.0,0,1321,1769350659.465,-52.498,meta-llama/Llama-3.2-1B-Instruct,"1769350659.465, 1769350659.545, 1769350659.884, 1769350660.033, 1769350660.112"
1.0,0,1769350656.3841,54.7909,27,32,59,0.0764,0.0582,0.0702,1.0,0.0,94.35,1.0088,53.8673,53.8673,32107.4783,1769350712.2040658,7.47,62,832,0.001,9,0,0,14.55,15.0,0,1321,1769350659.465,-52.498,meta-llama/Llama-3.2-1B-Instruct,"1769350659.465, 1769350659.545, 1769350659.884, 1769350660.033, 1769350660.112"
1.0,0,1769350656.8684,54.4734,27,32,59,0.0809,0.0563,0.0623,1.0,0.0,94.36,0.8619,53.5543,53.5543,32107.4783,1769350712.2054398,7.45,62,832,0.002,10,0,0,14.55,15.0,0,1321,1769350659.465,-52.498,meta-llama/Llama-3.2-1B-Instruct,"1769350659.465, 1769350659.545, 1769350659.884, 1769350660.033, 1769350660.112"
1.0,0,1769350656.9624,54.4416,27,32,59,0.1346,0.0569,0.0624,1.0,0.0,94.36,0.8369,53.5763,53.5763,32214.5499,1769350712.2453294,7.44,62,834,0.002,11,0,0,14.55,15.0,0,1321,1769350659.465,-52.498,meta-llama/Llama-3.2-1B-Instruct,"1769350659.465, 1769350659.545, 1769350659.884, 1769350660.033, 1769350660.112"
1.0,0,1769350657.0358,54.4281,27,32,59,0.0671,0.0472,0.0549,1.0,0.0,94.37,0.7806,53.4953,53.4953,32214.5499,1769350712.24551,7.43,62,834,0.002,10,0,0,14.55,15.0,0,1321,1769350659.465,-52.498,meta-llama/Llama-3.2-1B-Instruct,"1769350659.465, 1769350659.545, 1769350659.884, 1769350660.033, 1769350660.112"
1.0,0,1769350657.1115,54.4055,27,32,59,0.0745,0.0522,0.0563,1.0,0.0,94.38,0.7952,53.48,53.48,32268.0299,1769350712.3168101,7.43,62,835,0.002,12,0,0,14.55,15.0,0,1321,1769350659.465,-52.498,meta-llama/Llama-3.2-1B-Instruct,"1769350659.465, 1769350659.545, 1769350659.884, 1769350660.033, 1769350660.112"
1.0,0,1769350657.3006,54.396,27,32,59,0.0781,0.0557,0.06,1.0,0.0,94.38,0.8013,53.474,53.474,32321.504,1769350712.4988132,7.42,62,836,0.002,11,0,0,14.55,15.0,0,1321,1769350659.465,-52.498,meta-llama/Llama-3.2-1B-Instruct,"1769350659.465, 1769350659.545, 1769350659.884, 1769350660.033, 1769350660.112"
1.0,0,1769350657.3595,54.4037,27,32,59,0.0663,0.0533,0.0548,1.0,0.0,94.39,0.7753,53.47,53.47,32427.7899,1769350712.5471776,7.41,62,838,0.002,11,1,0,14.55,15.0,0,1321,1769350659.465,-52.498,meta-llama/Llama-3.2-1B-Instruct,"1769350659.465, 1769350659.545, 1769350659.884, 1769350660.033, 1769350660.112"
1.0,0,1769350658.5448,53.7324,27,8,35,0.0836,0.0461,0.0461,1.0,0.0,94.4,0.266,52.816,52.816,32427.7899,1769350712.547384,7.4,62,838,0.002,12,0,0,14.55,15.0,0,1321,1769350659.465,-52.498,meta-llama/Llama-3.2-1B-Instruct,"1769350659.465, 1769350659.545, 1769350659.884, 1769350660.033, 1769350660.112"
1.0,0,1769350657.8923,53.949,27,32,59,0.0846,0.0457,0.0515,1.0,0.0,94.4,0.7482,53.0336,53.0336,32480.8236,1769350712.5925453,7.39,62,839,0.002,13,0,0,14.55,15.0,0,1321,1769350659.465,-52.498,meta-llama/Llama-3.2-1B-Instruct,"1769350659.465, 1769350659.545, 1769350659.884, 1769350660.033, 1769350660.112"
1.0,0,1769350658.0438,53.8614,27,32,59,0.0656,0.0494,0.0571,1.0,0.0,94.41,0.7531,52.927,52.927,32533.7506,1769350712.6592631,7.38,62,840,0.002,14,0,0,14.55,15.0,0,1321,1769350659.465,-52.498,meta-llama/Llama-3.2-1B-Instruct,"1769350659.465, 1769350659.545, 1769350659.884, 1769350660.033, 1769350660.112"
1.0,0,1769350658.1249,53.8527,27,32,59,0.0716,0.0552,0.0603,1.0,0.0,94.42,0.8023,52.9243,52.9243,32586.6748,1769350712.7828574,7.37,62,841,0.002,14,0,0,14.55,15.0,0,1321,1769350659.465,-52.498,meta-llama/Llama-3.2-1B-Instruct,"1769350659.465, 1769350659.545, 1769350659.884, 1769350660.033, 1769350660.112"
1.0,0,1769350658.465,53.6053,27,32,59,0.0587,0.0495,0.0619,1.0,0.0,94.42,0.7786,52.664,52.664,32639.3388,1769350712.8496833,7.36,62,842,0.002,12,0,0,14.55,15.0,0,1321,1769350659.465,-52.498,meta-llama/Llama-3.2-1B-Instruct,"1769350659.465, 1769350659.545, 1769350659.884, 1769350660.033, 1769350660.112"
1.0,0,1769350659.0332,53.2611,27,32,59,0.0615,0.072,0.0811,1.0,0.0,94.43,1.0044,52.3226,52.3226,32744.1351,1769350713.3071692,7.35,62,844,0.001,6,0,0,14.55,15.0,0,1321,1769350659.465,-52.498,meta-llama/Llama-3.2-1B-Instruct,"1769350659.465, 1769350659.545, 1769350659.884, 1769350660.033, 1769350660.112"
1.0,0,1769350658.8841,53.398,27,32,59,0.0757,0.0648,0.0709,1.0,0.0,94.44,1.0205,52.4737,52.4737,32744.1351,1769350713.3073688,7.35,62,844,0.002,9,0,0,14.55,15.0,0,1321,1769350659.465,-52.498,meta-llama/Llama-3.2-1B-Instruct,"1769350659.465, 1769350659.545, 1769350659.884, 1769350660.033, 1769350660.112"
1.0,0,1769350659.112,53.236,27,32,59,0.0564,0.0645,0.0663,1.0,0.0,94.44,0.9918,52.2924,52.2924,32796.4275,1769350713.3453948,7.34,62,845,0.001,6,0,0,14.55,15.0,0,1321,1769350659.465,-52.498,meta-llama/Llama-3.2-1B-Instruct,"1769350659.465, 1769350659.545, 1769350659.884, 1769350660.033, 1769350660.112"
1.0,0,1769350660.168,52.4758,27,21,48,0.0883,0.0632,0.0672,1.0,0.0,94.45,0.7335,51.5641,51.5641,32847.9916,1769350713.3884032,7.33,62,846,0.001,8,0,0,14.55,15.0,0,1321,1769350659.465,-52.498,meta-llama/Llama-3.2-1B-Instruct,"1769350659.465, 1769350659.545, 1769350659.884, 1769350660.033, 1769350660.112"
1.0,0,1769350659.2911,53.1473,27,32,59,0.0586,0.0677,0.079,1.0,0.0,94.46,1.005,52.2059,52.2059,32900.1975,1769350713.4661143,7.32,62,847,0.002,10,0,0,14.55,15.0,0,1321,1769350659.465,-52.498,meta-llama/Llama-3.2-1B-Instruct,"1769350659.465, 1769350659.545, 1769350659.884, 1769350660.033, 1769350660.112"
1.0,0,1769350659.9334,52.5828,27,32,59,0.0883,0.0616,0.0645,1.0,0.0,94.46,0.9831,51.6711,51.6711,32951.8686,1769350713.500967,7.31,62,848,0.002,10,0,0,14.55,15.0,0,1321,1769350659.465,-52.498,meta-llama/Llama-3.2-1B-Instruct,"1769350659.465, 1769350659.545, 1769350659.884, 1769350660.033, 1769350660.112"
1.0,0,1769350660.0114,52.5865,27,32,59,0.0584,0.0677,0.0736,1.0,0.0,94.47,0.9293,51.6449,51.6449,33003.5135,1769350713.5291548,7.3,62,849,0.001,8,0,0,14.55,15.0,0,1321,1769350659.465,-52.498,meta-llama/Llama-3.2-1B-Instruct,"1769350659.465, 1769350659.545, 1769350659.884, 1769350660.033, 1769350660.112"
1.0,0,1769350660.2532,52.445,27,31,58,0.079,0.0631,0.065,1.0,0.0,94.48,0.8997,51.5239,51.5239,33055.0374,1769350713.5987759,7.29,62,850,0.001,8,1,0,14.55,15.0,0,1321,1769350659.465,-52.498,meta-llama/Llama-3.2-1B-Instruct,"1769350659.465, 1769350659.545, 1769350659.884, 1769350660.033, 1769350660.112"
1.0,0,1769350660.3368,52.4267,27,32,59,0.0591,0.0654,0.1065,1.0,0.0,94.48,0.944,51.4858,51.4858,33106.5232,1769350713.7092214,7.29,62,851,0.001,9,0,0,14.55,15.0,0,1321,1769350659.465,-52.498,meta-llama/Llama-3.2-1B-Instruct,"1769350659.465, 1769350659.545, 1769350659.884, 1769350660.033, 1769350660.112"
1.0,0,1769350660.7072,52.1205,27,32,59,0.086,0.0816,0.0942,1.0,0.0,94.49,1.0106,51.2066,51.2066,33157.7298,1769350713.8458211,7.28,62,852,0.001,10,0,0,14.55,15.0,0,1321,1769350659.465,-52.498,meta-llama/Llama-3.2-1B-Instruct,"1769350659.465, 1769350659.545, 1769350659.884, 1769350660.033, 1769350660.112"
1.0,0,1769350660.7689,52.1321,27,32,59,0.0786,0.0885,0.0946,1.0,0.0,94.5,0.9941,51.2107,51.2107,33208.9405,1769350713.895862,7.27,62,853,0.001,10,0,0,14.55,15.0,0,1321,1769350659.465,-52.498,meta-llama/Llama-3.2-1B-Instruct,"1769350659.465, 1769350659.545, 1769350659.884, 1769350660.033, 1769350660.112"
1.0,0,1769350660.9494,52.0139,27,32,59,0.0628,0.0846,0.1014,1.0,0.0,94.5,0.9817,51.0767,51.0767,33260.0172,1769350713.9459019,7.26,62,854,0.002,11,0,0,14.55,15.0,0,1321,1769350659.465,-52.498,meta-llama/Llama-3.2-1B-Instruct,"1769350659.465, 1769350659.545, 1769350659.884, 1769350660.033, 1769350660.112"
1.0,0,1769350661.0902,51.9371,27,31,58,0.0889,0.0806,0.0951,1.0,0.0,94.51,1.0184,51.026,51.026,33361.718,1769350714.05991,7.25,62,856,0.002,12,0,0,14.55,15.0,0,1321,1769350659.465,-52.498,meta-llama/Llama-3.2-1B-Instruct,"1769350659.465, 1769350659.545, 1769350659.884, 1769350660.033, 1769350660.112"
1.0,0,1769350661.7762,51.5852,27,21,48,0.0895,0.0938,0.0945,1.0,0.0,94.52,0.6908,50.6747,50.6747,33361.718,1769350714.0601163,7.24,62,856,0.002,13,0,0,14.55,15.0,0,1321,1769350659.465,-52.498,meta-llama/Llama-3.2-1B-Instruct,"1769350659.465, 1769350659.545, 1769350659.884, 1769350660.033, 1769350660.112"
1.0,0,1769350661.2113,51.8922,27,32,59,0.0632,0.0822,0.0925,1.0,0.0,94.52,0.9688,50.9554,50.9554,33412.6734,1769350714.0787175,7.23,62,857,0.002,13,0,0,14.55,15.0,0,1321,1769350659.465,-52.498,meta-llama/Llama-3.2-1B-Instruct,"1769350659.465, 1769350659.545, 1769350659.884, 1769350660.033, 1769350660.112"
1.0,0,1769350661.3908,51.7659,27,32,59,0.0715,0.0845,0.0899,1.0,0.0,94.53,0.9256,50.8374,50.8374,33463.5108,1769350714.0894384,7.23,62,858,0.002,13,0,0,14.55,15.0,0,1321,1769350659.465,-52.498,meta-llama/Llama-3.2-1B-Instruct,"1769350659.465, 1769350659.545, 1769350659.884, 1769350660.033, 1769350660.112"
1.0,0,1769350661.4667,51.7401,27,32,59,0.0831,0.0886,0.094,1.0,0.0,94.54,0.9328,50.8233,50.8233,33514.334,1769350714.1404943,7.22,62,859,0.002,15,0,0,14.55,15.0,0,1321,1769350659.465,-52.498,meta-llama/Llama-3.2-1B-Instruct,"1769350659.465, 1769350659.545, 1769350659.884, 1769350660.033, 1769350660.112"
1.0,0,1769350661.6904,51.582,27,32,59,0.0664,0.0882,0.1018,1.0,0.0,94.54,0.9755,50.6485,50.6485,33564.9825,1769350714.2506893,7.21,62,860,0.002,16,0,0,14.55,15.0,0,1321,1769350659.465,-52.498,meta-llama/Llama-3.2-1B-Instruct,"1769350659.465, 1769350659.545, 1769350659.884, 1769350660.033, 1769350660.112"
1.0,0,1769350662.353,51.258,27,32,59,0.0588,0.056,0.0834,1.0,0.0,94.55,1.0165,50.3169,50.3169,33716.7057,1769350714.6326976,7.19,62,863,0.002,11,1,0,14.55,15.0,0,1321,1769350659.465,-52.498,meta-llama/Llama-3.2-1B-Instruct,"1769350659.465, 1769350659.545, 1769350659.884, 1769350660.033, 1769350660.112"
1.0,0,1769350662.0338,51.5162,27,32,59,0.1216,0.0591,0.0796,1.0,0.0,94.56,1.0771,50.6378,50.6378,33716.7057,1769350714.632885,7.2,62,863,0.002,11,0,0,14.55,15.0,0,1321,1769350659.465,-52.498,meta-llama/Llama-3.2-1B-Instruct,"1769350659.465, 1769350659.545, 1769350659.884, 1769350660.033, 1769350660.112"
1.0,0,1769350661.8563,51.6549,27,32,59,0.1137,0.0696,0.0867,1.0,0.0,94.56,1.1203,50.7686,50.7686,33716.7057,1769350714.6336453,7.18,62,863,0.002,13,0,0,14.55,15.0,0,1321,1769350659.465,-52.498,meta-llama/Llama-3.2-1B-Instruct,"1769350659.465, 1769350659.545, 1769350659.884, 1769350660.033, 1769350660.112"
1.0,0,1769350662.4208,51.2541,27,32,59,0.1056,0.0594,0.0607,1.0,0.0,94.57,1.0163,50.3597,50.3597,33866.4956,1769350714.693217,7.17,62,866,0.002,13,0,0,14.55,15.0,0,1321,1769350659.465,-52.498,meta-llama/Llama-3.2-1B-Instruct,"1769350659.465, 1769350659.545, 1769350659.884, 1769350660.033, 1769350660.112"
1.0,0,1769350662.8197,50.907,27,32,59,0.0551,0.0613,0.0621,1.0,0.0,94.58,0.9634,49.9621,49.9621,33866.4956,1769350714.6933954,7.18,62,866,0.002,12,1,0,14.55,15.0,0,1321,1769350659.465,-52.498,meta-llama/Llama-3.2-1B-Instruct,"1769350659.465, 1769350659.545, 1769350659.884, 1769350660.033, 1769350660.112"
1.0,0,1769350663.3663,50.4074,27,32,59,0.0606,0.062,0.0683,1.0,0.0,94.58,0.9193,49.468,49.468,33866.4956,1769350714.6996748,7.16,62,866,0.002,13,1,0,14.55,15.0,0,1321,1769350659.465,-52.498,meta-llama/Llama-3.2-1B-Instruct,"1769350659.465, 1769350659.545, 1769350659.884, 1769350660.033, 1769350660.112"
1.0,0,1769350663.4463,50.3703,27,32,59,0.0748,0.0524,0.0558,1.0,0.0,94.59,0.9149,49.4452,49.4452,33915.9407,1769350714.7344081,7.15,62,867,0.002,14,0,0,14.55,15.0,0,1321,1769350659.465,-52.498,meta-llama/Llama-3.2-1B-Instruct,"1769350659.465, 1769350659.545, 1769350659.884, 1769350660.033, 1769350660.112"
1.0,0,1769350663.7862,50.1208,27,32,59,0.077,0.0578,0.059,1.0,0.0,94.59,0.8762,49.1979,49.1979,33965.1386,1769350714.7860687,7.14,62,868,0.002,14,0,0,14.55,15.0,0,1321,1769350659.465,-52.498,meta-llama/Llama-3.2-1B-Instruct,"1769350659.465, 1769350659.545, 1769350659.884, 1769350660.033, 1769350660.112"
1.0,0,1769350663.9441,50.034,27,32,59,0.0665,0.0591,0.0606,1.0,0.0,94.6,0.8526,49.1005,49.1005,34014.2391,1769350714.8360631,7.13,62,869,0.002,13,0,0,14.55,15.0,0,1321,1769350659.465,-52.498,meta-llama/Llama-3.2-1B-Instruct,"1769350659.465, 1769350659.545, 1769350659.884, 1769350660.033, 1769350660.112"
1.0,0,1769350664.188,49.8733,27,32,59,0.0703,0.054,0.0577,1.0,0.0,94.61,0.8923,48.9436,48.9436,34160.7925,1769350714.976827,7.13,62,872,0.002,14,0,0,14.55,15.0,0,1321,1769350659.465,-52.498,meta-llama/Llama-3.2-1B-Instruct,"1769350659.465, 1769350659.545, 1769350659.884, 1769350660.033, 1769350660.112"
1.0,0,1769350664.5269,49.6284,27,32,59,0.0505,0.0576,0.0775,1.0,0.0,94.61,0.8173,48.6789,48.6789,34160.7925,1769350714.980469,7.11,62,872,0.002,11,0,0,14.55,15.0,0,1321,1769350659.465,-52.498,meta-llama/Llama-3.2-1B-Instruct,"1769350659.465, 1769350659.545, 1769350659.884, 1769350660.033, 1769350660.112"
1.0,0,1769350664.2699,49.8394,27,32,59,0.0916,0.0583,0.0593,1.0,0.0,94.62,0.8566,48.931,48.931,34160.7925,1769350714.9806778,7.12,62,872,0.002,11,1,0,14.55,15.0,0,1321,1769350659.465,-52.498,meta-llama/Llama-3.2-1B-Instruct,"1769350659.465, 1769350659.545, 1769350659.884, 1769350660.033, 1769350660.112"
1.0,0,1769350664.6083,49.6117,27,32,59,0.0806,0.0535,0.0552,1.0,0.0,94.63,0.8258,48.6923,48.6923,34209.4848,1769350715.0576966,7.1,62,873,0.002,13,0,0,14.55,15.0,0,1321,1769350659.465,-52.498,meta-llama/Llama-3.2-1B-Instruct,"1769350659.465, 1769350659.545, 1769350659.884, 1769350660.033, 1769350660.112"
1.0,0,1769350664.7576,49.543,27,32,59,0.0874,0.0601,0.063,1.0,0.0,94.63,0.8484,48.6304,48.6304,34258.1152,1769350715.154231,7.09,62,874,0.002,13,0,0,14.55,15.0,0,1321,1769350659.465,-52.498,meta-llama/Llama-3.2-1B-Instruct,"1769350659.465, 1769350659.545, 1769350659.884, 1769350660.033, 1769350660.112"
1.0,0,1769350664.8356,49.5392,27,32,59,0.0976,0.0663,0.0686,1.0,0.0,94.64,0.8396,48.6368,48.6368,34306.7521,1769350715.2157056,7.09,62,875,0.002,13,0,0,14.55,15.0,0,1321,1769350659.465,-52.498,meta-llama/Llama-3.2-1B-Instruct,"1769350659.465, 1769350659.545, 1769350659.884, 1769350660.033, 1769350660.112"
1.0,0,1769350665.1868,49.2679,27,31,58,0.0908,0.0634,0.0662,1.0,0.0,94.64,0.8216,48.3587,48.3587,34355.1107,1769350715.2910016,7.08,62,876,0.002,14,0,0,14.55,15.0,0,1321,1769350659.465,-52.498,meta-llama/Llama-3.2-1B-Instruct,"1769350659.465, 1769350659.545, 1769350659.884, 1769350660.033, 1769350660.112"
1.0,0,1769350665.2445,49.2745,27,32,59,0.0759,0.0601,0.0635,1.0,0.0,94.65,0.7723,48.3504,48.3504,34403.4611,1769350715.2935865,7.07,62,877,0.003,15,0,0,14.55,15.0,0,1321,1769350659.465,-52.498,meta-llama/Llama-3.2-1B-Instruct,"1769350659.465, 1769350659.545, 1769350659.884, 1769350660.033, 1769350660.112"
1.0,0,1769350665.3254,49.4256,27,32,59,0.0845,0.0627,0.0736,1.0,0.0,94.66,0.9533,48.5101,48.5101,34548.4995,1769350715.718277,7.06,62,880,0.003,16,0,0,14.55,15.0,0,1321,1769350659.465,-52.498,meta-llama/Llama-3.2-1B-Instruct,"1769350659.465, 1769350659.545, 1769350659.884, 1769350660.033, 1769350660.112"
1.0,0,1769350665.5556,49.2014,27,32,59,0.0704,0.0541,0.0715,1.0,0.0,94.66,0.9518,48.2718,48.2718,34548.4995,1769350715.7184904,7.05,62,880,0.002,10,0,0,14.55,15.0,0,1321,1769350659.465,-52.498,meta-llama/Llama-3.2-1B-Instruct,"1769350659.465, 1769350659.545, 1769350659.884, 1769350660.033, 1769350660.112"
1.0,0,1769350665.6332,49.1754,27,32,59,0.0812,0.0589,0.0614,1.0,0.0,94.67,0.9023,48.2565,48.2565,34596.1067,1769350715.7211022,7.05,62,881,0.002,9,0,0,14.55,15.0,0,1321,1769350659.465,-52.498,meta-llama/Llama-3.2-1B-Instruct,"1769350659.465, 1769350659.545, 1769350659.884, 1769350660.033, 1769350660.112"
1.0,0,1769350666.6047,48.5298,27,18,45,0.0773,0.0547,0.0547,1.0,0.0,94.68,0.5859,47.6071,47.6071,34596.1067,1769350715.7232823,7.04,62,881,0.001,9,0,0,14.55,15.0,0,1321,1769350659.465,-52.498,meta-llama/Llama-3.2-1B-Instruct,"1769350659.465, 1769350659.545, 1769350659.884, 1769350660.033, 1769350660.112"
1.0,0,1769350665.8832,48.9887,27,32,59,0.0808,0.0607,0.0619,1.0,0.0,94.68,0.9438,48.0695,48.0695,34644.1761,1769350715.8165772,7.03,62,882,0.002,11,0,0,14.55,15.0,0,1321,1769350659.465,-52.498,meta-llama/Llama-3.2-1B-Instruct,"1769350659.465, 1769350659.545, 1769350659.884, 1769350660.033, 1769350660.112"
1.0,0,1769350666.0649,48.8962,27,32,59,0.059,0.057,0.0606,1.0,0.0,94.69,1.0042,47.9552,47.9552,34692.1313,1769350715.975985,7.02,62,883,0.002,12,0,0,14.55,15.0,0,1321,1769350659.465,-52.498,meta-llama/Llama-3.2-1B-Instruct,"1769350659.465, 1769350659.545, 1769350659.884, 1769350660.033, 1769350660.112"
1.0,0,1769350666.2208,48.8258,27,32,59,0.095,0.0622,0.0682,1.0,0.0,94.69,1.0143,47.9207,47.9207,34740.0521,1769350716.0655358,7.01,62,884,0.002,10,0,0,14.55,15.0,0,1321,1769350659.465,-52.498,meta-llama/Llama-3.2-1B-Instruct,"1769350659.465, 1769350659.545, 1769350659.884, 1769350660.033, 1769350660.112"
1.0,0,1769350666.7755,48.4154,27,32,59,0.0802,0.056,0.0623,1.0,0.0,94.7,1.0003,47.4955,47.4955,34787.5476,1769350716.1934905,7.01,62,885,0.002,10,0,0,14.55,15.0,0,1321,1769350659.465,-52.498,meta-llama/Llama-3.2-1B-Instruct,"1769350659.465, 1769350659.545, 1769350659.884, 1769350660.033, 1769350660.112"
1.0,0,1769350667.1674,48.0914,27,32,59,0.0765,0.0577,0.0598,1.0,0.0,94.71,1.0188,47.1679,47.1679,34834.7155,1769350716.280295,7.0,62,886,0.002,10,0,0,14.55,15.0,0,1321,1769350659.465,-52.498,meta-llama/Llama-3.2-1B-Instruct,"1769350659.465, 1769350659.545, 1769350659.884, 1769350660.033, 1769350660.112"
1.0,0,1769350667.5994,47.7824,27,32,59,0.0597,0.0583,0.068,1.0,0.0,94.71,0.9285,46.8422,46.8422,34928.5069,1769350716.3147116,6.98,62,888,0.001,10,0,0,14.55,15.0,0,1321,1769350659.465,-52.498,meta-llama/Llama-3.2-1B-Instruct,"1769350659.465, 1769350659.545, 1769350659.884, 1769350660.033, 1769350660.112"
1.0,0,1769350667.443,47.8828,27,32,59,0.0665,0.0549,0.07,1.0,0.0,94.72,0.9818,46.9493,46.9493,34928.5069,1769350716.3149338,6.99,62,888,0.001,8,0,0,14.55,15.0,0,1321,1769350659.465,-52.498,meta-llama/Llama-3.2-1B-Instruct,"1769350659.465, 1769350659.545, 1769350659.884, 1769350660.033, 1769350660.112"
1.0,0,1769350667.6914,47.7618,27,32,59,0.0642,0.0597,0.063,1.0,0.0,94.72,0.9518,46.826,46.826,34975.3329,1769350716.4128065,6.97,62,889,0.002,10,0,0,14.55,15.0,0,1321,1769350659.465,-52.498,meta-llama/Llama-3.2-1B-Instruct,"1769350659.465, 1769350659.545, 1769350659.884, 1769350660.033, 1769350660.112"
1.0,0,1769350668.037,47.4806,27,32,59,0.0722,0.0502,0.0627,1.0,0.0,94.73,0.8978,46.5527,46.5527,35021.8857,1769350716.4170473,6.97,62,890,0.002,12,0,0,14.55,15.0,0,1321,1769350659.465,-52.498,meta-llama/Llama-3.2-1B-Instruct,"1769350659.465, 1769350659.545, 1769350659.884, 1769350660.033, 1769350660.112"
1.0,0,1769350668.1213,47.482,27,32,59,0.0673,0.0538,0.0659,1.0,0.0,94.74,0.9258,46.5493,46.5493,35068.4349,1769350716.5426483,6.96,62,891,0.002,13,0,0,14.55,15.0,0,1321,1769350659.465,-52.498,meta-llama/Llama-3.2-1B-Instruct,"1769350659.465, 1769350659.545, 1769350659.884, 1769350660.033, 1769350660.112"
1.0,0,1769350668.2652,47.421,27,32,59,0.08,0.066,0.0898,1.0,0.0,94.74,1.0335,46.5009,46.5009,35114.9359,1769350716.727594,6.95,62,892,0.002,14,0,0,14.55,15.0,0,1321,1769350659.465,-52.498,meta-llama/Llama-3.2-1B-Instruct,"1769350659.465, 1769350659.545, 1769350659.884, 1769350660.033, 1769350660.112"
1.0,0,1769350668.3437,47.4108,27,32,59,0.0582,0.0564,0.081,1.0,0.0,94.75,0.9956,46.469,46.469,35161.4049,1769350716.7511458,6.94,62,893,0.002,11,0,0,14.55,15.0,0,1321,1769350659.465,-52.498,meta-llama/Llama-3.2-1B-Instruct,"1769350659.465, 1769350659.545, 1769350659.884, 1769350660.033, 1769350660.112"
1.0,0,1769350669.5163,46.856,27,9,36,0.0912,0.0833,0.0833,1.0,0.0,94.75,0.4431,45.9472,45.9472,35299.9835,1769350716.8214555,6.92,62,896,0.002,12,0,0,14.55,15.0,0,1321,1769350659.465,-52.498,meta-llama/Llama-3.2-1B-Instruct,"1769350659.465, 1769350659.545, 1769350659.884, 1769350660.033, 1769350660.112"
1.0,0,1769350668.8354,47.1447,27,32,59,0.0805,0.0629,0.0742,1.0,0.0,94.77,1.0151,46.2252,46.2252,35392.3791,1769350716.9980829,6.9,62,898,0.002,12,0,0,14.55,15.0,0,1321,1769350659.465,-52.498,meta-llama/Llama-3.2-1B-Instruct,"1769350659.465, 1769350659.545, 1769350659.884, 1769350660.033, 1769350660.112"
1.0,0,1769350668.8948,47.0904,27,32,59,0.0801,0.0593,0.0778,1.0,0.0,94.78,1.009,46.1705,46.1705,35392.3791,1769350716.9982708,6.91,62,898,0.002,13,0,0,14.55,15.0,0,1321,1769350659.465,-52.498,meta-llama/Llama-3.2-1B-Instruct,"1769350659.465, 1769350659.545, 1769350659.884, 1769350660.033, 1769350660.112"
1.0,0,1769350669.0561,46.9894,27,32,59,0.0633,0.0637,0.0874,1.0,0.0,94.78,0.9884,46.0527,46.0527,35438.4319,1769350717.035218,6.9,62,899,0.002,12,0,0,14.55,15.0,0,1307,1769350671.741,-45.291,meta-llama/Llama-3.2-1B-Instruct,"1769350671.741, 1769350671.977, 1769350672.222, 1769350672.582, 1769350672.635"
1.0,0,1769350669.1846,46.9442,27,32,59,0.064,0.0628,0.0886,1.0,0.0,94.79,0.9559,46.0082,46.0082,35484.4401,1769350717.0905836,6.89,62,900,0.002,14,0,0,14.55,15.0,0,1307,1769350671.741,-45.291,meta-llama/Llama-3.2-1B-Instruct,"1769350671.741, 1769350671.977, 1769350672.222, 1769350672.582, 1769350672.635"
1.0,0,1769350669.2728,46.9303,27,32,59,0.0762,0.0604,0.083,1.0,0.0,94.8,0.9507,46.0065,46.0065,35530.4466,1769350717.1571603,6.88,62,901,0.002,14,0,0,14.55,15.0,0,1307,1769350671.741,-45.291,meta-llama/Llama-3.2-1B-Instruct,"1769350671.741, 1769350671.977, 1769350672.222, 1769350672.582, 1769350672.635"
1.0,0,1769350669.3629,46.8957,27,32,59,0.0905,0.0607,0.0713,1.0,0.0,94.8,0.9509,45.9862,45.9862,35576.4328,1769350717.2189279,6.87,62,902,0.002,14,1,0,14.55,15.0,0,1307,1769350671.741,-45.291,meta-llama/Llama-3.2-1B-Instruct,"1769350671.741, 1769350671.977, 1769350672.222, 1769350672.582, 1769350672.635"
1.0,0,1769350669.6015,46.8495,27,32,59,0.0566,0.0628,0.0877,1.0,0.0,94.81,0.8649,45.9061,45.9061,35622.3389,1769350717.3169339,6.87,62,903,0.002,12,0,0,14.55,15.0,0,1307,1769350671.741,-45.291,meta-llama/Llama-3.2-1B-Instruct,"1769350671.741, 1769350671.977, 1769350672.222, 1769350672.582, 1769350672.635"
1.0,0,1769350669.7662,46.7958,27,32,59,0.0543,0.0644,0.0648,1.0,0.0,94.81,0.877,45.8502,45.8502,35714.1182,1769350717.4481266,6.85,62,905,0.002,12,1,0,14.55,15.0,0,1307,1769350671.741,-45.291,meta-llama/Llama-3.2-1B-Instruct,"1769350671.741, 1769350671.977, 1769350672.222, 1769350672.582, 1769350672.635"
1.0,0,1769350669.6868,46.8121,27,32,59,0.1169,0.0569,0.0608,1.0,0.0,94.82,0.9375,45.9291,45.9291,35714.1182,1769350717.4483707,6.86,62,905,0.002,12,0,0,14.55,15.0,0,1307,1769350671.741,-45.291,meta-llama/Llama-3.2-1B-Instruct,"1769350671.741, 1769350671.977, 1769350672.222, 1769350672.582, 1769350672.635"
1.0,0,1769350669.8444,46.7657,27,33,60,0.0659,0.0625,0.0824,1.0,0.0,94.83,0.8395,45.8315,45.8315,35759.9497,1769350717.451295,6.84,62,906,0.002,13,1,0,14.55,15.0,0,1307,1769350671.741,-45.291,meta-llama/Llama-3.2-1B-Instruct,"1769350671.741, 1769350671.977, 1769350672.222, 1769350672.582, 1769350672.635"
1.0,0,1769350669.925,46.7346,27,32,59,0.0687,0.0631,0.066,1.0,0.0,94.83,0.8366,45.8033,45.8033,35805.753,1769350717.4987988,6.84,62,907,0.002,14,0,0,14.55,15.0,0,1307,1769350671.741,-45.291,meta-llama/Llama-3.2-1B-Instruct,"1769350671.741, 1769350671.977, 1769350672.222, 1769350672.582, 1769350672.635"
1.0,0,1769350670.009,46.7204,27,32,59,0.0782,0.0493,0.0615,1.0,0.0,94.84,0.8339,45.7986,45.7986,35851.5516,1769350717.5673056,6.83,62,908,0.002,15,0,0,14.55,15.0,0,1307,1769350671.741,-45.291,meta-llama/Llama-3.2-1B-Instruct,"1769350671.741, 1769350671.977, 1769350672.222, 1769350672.582, 1769350672.635"
1.0,0,1769350670.1953,46.5979,27,32,59,0.0606,0.0618,0.0623,1.0,0.0,94.84,0.8356,45.6585,45.6585,35897.21,1769350717.631575,6.82,62,909,0.002,14,0,0,14.55,15.0,0,1307,1769350671.741,-45.291,meta-llama/Llama-3.2-1B-Instruct,"1769350671.741, 1769350671.977, 1769350672.222, 1769350672.582, 1769350672.635"
1.0,0,1769350671.2219,46.0769,27,13,40,0.0796,0.0641,0.0641,1.0,0.0,94.85,0.485,45.1565,45.1565,35987.7899,1769350717.789974,6.81,62,911,0.002,10,0,0,14.55,15.0,0,1307,1769350671.741,-45.291,meta-llama/Llama-3.2-1B-Instruct,"1769350671.741, 1769350671.977, 1769350672.222, 1769350672.582, 1769350672.635"
1.0,0,1769350670.524,46.3569,27,32,59,0.0665,0.0663,0.0714,1.0,0.0,94.85,0.9069,45.4234,45.4234,35987.7899,1769350717.7936926,6.81,62,911,0.002,13,0,0,14.55,15.0,0,1307,1769350671.741,-45.291,meta-llama/Llama-3.2-1B-Instruct,"1769350671.741, 1769350671.977, 1769350672.222, 1769350672.582, 1769350672.635"
1.0,0,1769350670.5767,46.3941,27,32,59,0.0561,0.0651,0.0659,1.0,0.0,94.86,0.8543,45.4502,45.4502,36033.2401,1769350717.826021,6.8,62,912,0.002,14,0,0,14.55,15.0,0,1307,1769350671.741,-45.291,meta-llama/Llama-3.2-1B-Instruct,"1769350671.741, 1769350671.977, 1769350672.222, 1769350672.582, 1769350672.635"
1.0,0,1769350670.6645,46.3927,27,32,59,0.0831,0.0602,0.0613,1.0,0.0,94.87,0.87,45.4759,45.4759,36078.716,1769350717.9296637,6.79,62,913,0.002,12,0,0,14.55,15.0,0,1307,1769350671.741,-45.291,meta-llama/Llama-3.2-1B-Instruct,"1769350671.741, 1769350671.977, 1769350672.222, 1769350672.582, 1769350672.635"
1.0,0,1769350671.6347,45.7813,27,20,47,0.0873,0.0724,0.0724,1.0,0.0,94.87,0.6527,44.8686,44.8686,36123.5846,1769350718.0713146,6.78,62,914,0.002,12,0,0,14.55,15.0,0,1307,1769350671.741,-45.291,meta-llama/Llama-3.2-1B-Instruct,"1769350671.741, 1769350671.977, 1769350672.222, 1769350672.582, 1769350672.635"
1.0,0,1769350670.977,46.2555,27,32,59,0.0828,0.0641,0.0715,1.0,0.0,94.88,1.1241,45.3383,45.3383,36214.4948,1769350718.3693533,6.78,62,916,0.002,10,0,0,14.55,15.0,0,1307,1769350671.741,-45.291,meta-llama/Llama-3.2-1B-Instruct,"1769350671.741, 1769350671.977, 1769350672.222, 1769350672.582, 1769350672.635"
1.0,0,1769350671.5815,45.7721,27,32,59,0.0604,0.0617,0.0703,1.0,0.0,94.88,1.016,44.8325,44.8325,36259.3273,1769350718.3752105,6.76,62,917,0.002,11,1,0,14.55,15.0,0,1307,1769350671.741,-45.291,meta-llama/Llama-3.2-1B-Instruct,"1769350671.741, 1769350671.977, 1769350672.222, 1769350672.582, 1769350672.635"
1.0,0,1769350670.741,46.4868,27,32,59,0.085,0.0609,0.0781,1.0,0.0,94.89,1.1388,45.5718,45.5718,36259.3273,1769350718.3755138,6.77,62,917,0.002,12,0,0,14.55,15.0,0,1307,1769350671.741,-45.291,meta-llama/Llama-3.2-1B-Instruct,"1769350671.741, 1769350671.977, 1769350672.222, 1769350672.582, 1769350672.635"
1.0,0,1769350671.722,45.7769,27,31,58,0.0639,0.0663,0.0763,1.0,0.0,94.89,0.9423,44.8408,44.8408,36304.1681,1769350718.4468973,6.75,62,918,0.002,10,0,0,14.55,15.0,0,1307,1769350671.741,-45.291,meta-llama/Llama-3.2-1B-Instruct,"1769350671.741, 1769350671.977, 1769350672.222, 1769350672.582, 1769350672.635"
1.0,0,1769350671.8763,45.6753,27,32,59,0.0689,0.06,0.067,1.0,0.0,94.9,0.9119,44.7441,44.7441,36348.9122,1769350718.4873033,6.75,62,919,0.002,10,0,0,14.55,15.0,0,1307,1769350671.741,-45.291,meta-llama/Llama-3.2-1B-Instruct,"1769350671.741, 1769350671.977, 1769350672.222, 1769350672.582, 1769350672.635"
1.0,0,1769350671.9584,45.6474,27,32,59,0.0817,0.0616,0.0616,1.0,0.0,94.91,0.8839,44.7291,44.7291,36393.6413,1769350718.4979331,6.74,62,920,0.002,11,0,0,14.55,15.0,0,1307,1769350671.741,-45.291,meta-llama/Llama-3.2-1B-Instruct,"1769350671.741, 1769350671.977, 1769350672.222, 1769350672.582, 1769350672.635"
1.0,0,1769350672.0337,45.6395,27,32,59,0.0643,0.0594,0.0622,1.0,0.0,94.91,0.8776,44.7039,44.7039,36438.3452,1769350718.5516963,6.73,62,921,0.002,11,0,0,14.55,15.0,0,1307,1769350671.741,-45.291,meta-llama/Llama-3.2-1B-Instruct,"1769350671.741, 1769350671.977, 1769350672.222, 1769350672.582, 1769350672.635"
1.0,0,1769350672.2071,45.5531,27,32,59,0.0629,0.0698,0.105,1.0,0.0,94.92,1.0647,44.616,44.616,36482.9612,1769350718.8264165,6.72,62,922,0.002,11,0,0,14.55,15.0,0,1307,1769350671.741,-45.291,meta-llama/Llama-3.2-1B-Instruct,"1769350671.741, 1769350671.977, 1769350672.222, 1769350672.582, 1769350672.635"
1.0,0,1769350672.4558,45.3846,27,32,59,0.0826,0.0691,0.1005,1.0,0.0,94.92,1.1485,44.4672,44.4672,36527.4284,1769350718.9920123,6.72,62,923,0.002,10,0,0,14.55,15.0,0,1307,1769350671.741,-45.291,meta-llama/Llama-3.2-1B-Instruct,"1769350671.741, 1769350671.977, 1769350672.222, 1769350672.582, 1769350672.635"
1.0,0,1769350672.6349,45.2743,27,32,59,0.0727,0.0628,0.0987,1.0,0.0,94.93,1.1473,44.347,44.347,36571.7754,1769350719.0684376,6.71,62,924,0.002,11,0,0,14.55,15.0,0,1307,1769350671.741,-45.291,meta-llama/Llama-3.2-1B-Instruct,"1769350671.741, 1769350671.977, 1769350672.222, 1769350672.582, 1769350672.635"
1.0,0,1769350672.8926,45.0729,27,32,59,0.08,0.0682,0.0957,1.0,0.0,94.93,1.1531,44.1529,44.1529,36615.9282,1769350719.1221201,6.7,62,925,0.002,10,0,0,14.55,15.0,0,1307,1769350671.741,-45.291,meta-llama/Llama-3.2-1B-Instruct,"1769350671.741, 1769350671.977, 1769350672.222, 1769350672.582, 1769350672.635"
1.0,0,1769350672.9719,45.0619,27,32,59,0.1242,0.0673,0.1045,1.0,0.0,94.94,1.1898,44.1861,44.1861,36704.2032,1769350719.2411225,6.7,62,927,0.002,12,0,0,14.55,15.0,0,1307,1769350671.741,-45.291,meta-llama/Llama-3.2-1B-Instruct,"1769350671.741, 1769350671.977, 1769350672.222, 1769350672.582, 1769350672.635"
1.0,0,1769350673.0683,45.0216,27,32,59,0.0673,0.0657,0.1082,1.0,0.0,94.95,1.1424,44.0889,44.0889,36704.2032,1769350719.2433083,6.69,62,927,0.002,11,0,0,14.55,15.0,0,1307,1769350671.741,-45.291,meta-llama/Llama-3.2-1B-Instruct,"1769350671.741, 1769350671.977, 1769350672.222, 1769350672.582, 1769350672.635"
1.0,0,1769350673.2304,44.9154,27,32,59,0.0755,0.0778,0.1048,1.0,0.0,94.95,1.1314,43.9909,43.9909,36748.1942,1769350719.2792535,6.68,62,928,0.002,13,0,0,14.55,15.0,0,1307,1769350671.741,-45.291,meta-llama/Llama-3.2-1B-Instruct,"1769350671.741, 1769350671.977, 1769350672.222, 1769350672.582, 1769350672.635"
1.0,0,1769350673.42,44.7889,27,33,60,0.0789,0.0702,0.1045,1.0,0.0,94.96,1.1076,43.8679,43.8679,36792.0621,1769350719.3180325,6.67,62,929,0.002,13,0,0,14.55,15.0,0,1307,1769350671.741,-45.291,meta-llama/Llama-3.2-1B-Instruct,"1769350671.741, 1769350671.977, 1769350672.222, 1769350672.582, 1769350672.635"
1.0,0,1769350673.6629,44.6137,27,32,59,0.0716,0.0725,0.0944,1.0,0.0,94.96,1.0727,43.6853,43.6853,36835.7474,1769350719.3594017,6.67,62,930,0.002,14,0,0,14.55,15.0,0,1307,1769350671.741,-45.291,meta-llama/Llama-3.2-1B-Instruct,"1769350671.741, 1769350671.977, 1769350672.222, 1769350672.582, 1769350672.635"
1.0,0,1769350674.3973,44.2771,27,24,51,0.0804,0.0597,0.0612,1.0,0.0,94.97,0.7924,43.3575,43.3575,36879.1049,1769350719.4711525,6.66,62,931,0.002,13,0,0,14.55,15.0,0,1307,1769350671.741,-45.291,meta-llama/Llama-3.2-1B-Instruct,"1769350671.741, 1769350671.977, 1769350672.222, 1769350672.582, 1769350672.635"
1.0,0,1769350673.8918,44.5779,27,32,59,0.1134,0.0718,0.0749,1.0,0.0,94.97,1.1838,43.6913,43.6913,37010.0913,1769350719.6588206,6.65,62,934,0.002,13,0,0,14.55,15.0,0,1307,1769350671.741,-45.291,meta-llama/Llama-3.2-1B-Instruct,"1769350671.741, 1769350671.977, 1769350672.222, 1769350672.582, 1769350672.635"
1.0,0,1769350674.0605,44.4648,27,32,59,0.0593,0.0649,0.0703,1.0,0.0,94.98,1.131,43.524,43.524,37010.0913,1769350719.659014,6.65,62,934,0.002,10,0,0,14.55,15.0,0,1307,1769350671.741,-45.291,meta-llama/Llama-3.2-1B-Instruct,"1769350671.741, 1769350671.977, 1769350672.222, 1769350672.582, 1769350672.635"
1.0,0,1769350673.8129,44.6526,27,32,59,0.1184,0.0697,0.071,1.0,0.0,94.98,1.192,43.771,43.771,37010.0913,1769350719.66136,6.64,62,934,0.002,14,0,0,14.55,15.0,0,1307,1769350671.741,-45.291,meta-llama/Llama-3.2-1B-Instruct,"1769350671.741, 1769350671.977, 1769350672.222, 1769350672.582, 1769350672.635"
1.0,0,1769350674.1448,44.4336,27,32,59,0.0636,0.0694,0.0767,1.0,0.0,94.99,1.11,43.4971,43.4971,37097.1209,1769350719.6907449,6.62,62,936,0.002,11,1,0,14.55,15.0,0,1307,1769350671.741,-45.291,meta-llama/Llama-3.2-1B-Instruct,"1769350671.741, 1769350671.977, 1769350672.222, 1769350672.582, 1769350672.635"
1.0,0,1769350674.2219,44.3914,27,32,59,0.141,0.0663,0.0732,1.0,0.0,94.99,1.0731,43.5324,43.5324,37097.1209,1769350719.6909163,6.63,62,936,0.002,12,0,0,14.55,15.0,0,1307,1769350671.741,-45.291,meta-llama/Llama-3.2-1B-Instruct,"1769350671.741, 1769350671.977, 1769350672.222, 1769350672.582, 1769350672.635"
1.0,0,1769350674.5574,44.2289,27,32,59,0.0686,0.0694,0.0744,1.0,0.0,95.0,0.9436,43.2975,43.2975,37140.4184,1769350719.7391658,6.62,62,937,0.002,15,1,0,14.55,15.0,0,1307,1769350671.741,-45.291,meta-llama/Llama-3.2-1B-Instruct,"1769350671.741, 1769350671.977, 1769350672.222, 1769350672.582, 1769350672.635"
1.0,0,1769350674.6398,44.2091,27,32,59,0.1054,0.0578,0.0596,1.0,0.0,95.01,0.8961,43.3144,43.3144,37270.2724,1769350719.7512612,6.61,62,940,0.002,16,0,0,14.55,15.0,0,1307,1769350671.741,-45.291,meta-llama/Llama-3.2-1B-Instruct,"1769350671.741, 1769350671.977, 1769350672.222, 1769350672.582, 1769350672.635"
1.0,0,1769350674.4761,44.2723,27,32,59,0.1061,0.0612,0.0634,1.0,0.0,95.01,0.9979,43.3783,43.3783,37270.2724,1769350719.75381,6.6,62,940,0.002,15,0,0,14.55,15.0,0,1307,1769350671.741,-45.291,meta-llama/Llama-3.2-1B-Instruct,"1769350671.741, 1769350671.977, 1769350672.222, 1769350672.582, 1769350672.635"
1.0,0,1769350674.7939,44.1011,27,32,59,0.0601,0.0584,0.0783,1.0,0.0,95.02,0.8528,43.1612,43.1612,37270.2724,1769350719.7554517,6.6,62,940,0.003,16,1,0,14.55,15.0,0,1307,1769350671.741,-45.291,meta-llama/Llama-3.2-1B-Instruct,"1769350671.741, 1769350671.977, 1769350672.222, 1769350672.582, 1769350672.635"
1.0,0,1769350674.9805,43.99,27,32,59,0.079,0.0623,0.0796,1.0,0.0,95.02,0.9001,43.0691,43.0691,37313.3415,1769350719.8719635,6.59,62,941,0.003,18,0,0,14.55,15.0,0,1307,1769350671.741,-45.291,meta-llama/Llama-3.2-1B-Instruct,"1769350671.741, 1769350671.977, 1769350672.222, 1769350672.582, 1769350672.635"
1.0,0,1769350678.9846,40.9644,27,0,27,,,,1.0,,,0.079,40.0434,40.0434,37396.3558,1769350720.0295353,6.58,62,943,0.002,11,0,0,14.55,15.0,0,1307,1769350671.741,-45.291,meta-llama/Llama-3.2-1B-Instruct,"1769350671.741, 1769350671.977, 1769350672.222, 1769350672.582, 1769350672.635"
1.0,0,1769350675.144,43.8996,27,32,59,0.0714,0.0822,0.0924,1.0,0.0,95.03,0.9856,42.971,42.971,37396.3558,1769350720.0302315,6.57,62,943,0.003,18,0,0,14.55,15.0,0,1307,1769350671.741,-45.291,meta-llama/Llama-3.2-1B-Instruct,"1769350671.741, 1769350671.977, 1769350672.222, 1769350672.582, 1769350672.635"
1.0,0,1769350679.5037,40.577,27,0,27,,,,1.0,,,0.2349,39.8119,39.8119,37521.9774,1769350720.3213656,6.55,62,946,0.002,12,0,0,14.55,15.0,0,1307,1769350671.741,-45.291,meta-llama/Llama-3.2-1B-Instruct,"1769350671.741, 1769350671.977, 1769350672.222, 1769350672.582, 1769350672.635"
1.0,0,1769350675.221,43.9214,27,32,59,0.0808,0.0993,0.194,1.0,0.0,95.03,1.1641,43.0023,43.0023,37521.9774,1769350720.3321004,6.56,62,946,0.003,17,0,0,14.55,15.0,0,1307,1769350671.741,-45.291,meta-llama/Llama-3.2-1B-Instruct,"1769350671.741, 1769350671.977, 1769350672.222, 1769350672.582, 1769350672.635"
1.0,0,1769350675.5507,43.7375,27,31,58,0.0698,0.0911,0.217,1.0,0.0,95.04,1.0169,42.8074,42.8074,37564.8584,1769350720.3514066,6.57,62,947,0.002,16,0,0,14.55,15.0,0,1307,1769350671.741,-45.291,meta-llama/Llama-3.2-1B-Instruct,"1769350671.741, 1769350671.977, 1769350672.222, 1769350672.582, 1769350672.635"
1.0,0,1769350677.4216,42.1482,27,32,59,0.075,0.092,0.1997,1.0,0.0,95.04,0.7965,41.2232,41.2232,37691.2589,1769350720.3828387,6.53,62,950,0.003,16,0,0,14.55,15.0,0,1307,1769350671.741,-45.291,meta-llama/Llama-3.2-1B-Instruct,"1769350671.741, 1769350671.977, 1769350672.222, 1769350672.582, 1769350672.635"
1.0,0,1769350677.6789,42.0343,27,31,58,0.1045,0.0929,0.194,1.0,0.0,95.06,0.8229,41.1388,41.1388,37773.2831,1769350720.5415401,6.52,62,952,0.003,17,0,0,14.55,15.0,0,1307,1769350671.741,-45.291,meta-llama/Llama-3.2-1B-Instruct,"1769350671.741, 1769350671.977, 1769350672.222, 1769350672.582, 1769350672.635"
1.0,0,1769350677.9318,41.7896,27,32,59,0.0957,0.0969,0.1957,1.0,0.0,95.07,0.8198,40.8854,40.8854,37773.2831,1769350720.5434892,6.51,62,952,0.002,10,0,0,14.55,15.0,0,1307,1769350671.741,-45.291,meta-llama/Llama-3.2-1B-Instruct,"1769350671.741, 1769350671.977, 1769350672.222, 1769350672.582, 1769350672.635"
1.0,0,1769350678.0086,41.801,27,32,59,0.0937,0.063,0.2056,1.0,0.0,95.07,0.7833,40.8947,40.8947,37854.8964,1769350720.5960274,6.51,62,954,0.002,9,1,0,14.55,15.0,0,1307,1769350671.741,-45.291,meta-llama/Llama-3.2-1B-Instruct,"1769350671.741, 1769350671.977, 1769350672.222, 1769350672.582, 1769350672.635"
1.0,0,1769350678.193,41.6593,27,32,59,0.0594,0.0581,0.2014,1.0,0.0,95.08,0.7435,40.7187,40.7187,37854.8964,1769350720.599363,6.5,62,954,0.002,10,0,0,14.55,15.0,0,1307,1769350671.741,-45.291,meta-llama/Llama-3.2-1B-Instruct,"1769350671.741, 1769350671.977, 1769350672.222, 1769350672.582, 1769350672.635"
1.0,0,1769350678.3481,41.5491,27,32,59,0.0646,0.0576,0.2627,1.0,0.0,95.09,0.7059,40.6137,40.6137,37895.5101,1769350720.6034923,6.49,62,955,0.002,10,1,0,14.55,15.0,0,1307,1769350671.741,-45.291,meta-llama/Llama-3.2-1B-Instruct,"1769350671.741, 1769350671.977, 1769350672.222, 1769350672.582, 1769350672.635"
1.0,0,1769350679.1505,40.8616,27,32,59,0.2528,0.0526,0.0647,1.0,0.0,95.09,0.7076,40.1145,40.1145,37935.6245,1769350720.725826,6.49,62,956,0.002,12,0,0,14.55,15.0,0,1307,1769350671.741,-45.291,meta-llama/Llama-3.2-1B-Instruct,"1769350671.741, 1769350671.977, 1769350672.222, 1769350672.582, 1769350672.635"
1.0,0,1769350681.3962,39.6761,27,0,27,,,,1.0,,,0.0709,38.7469,38.7469,37974.3715,1769350721.1437368,6.48,62,957,0.002,11,1,0,14.55,15.0,0,1307,1769350671.741,-45.291,meta-llama/Llama-3.2-1B-Instruct,"1769350671.741, 1769350671.977, 1769350672.222, 1769350672.582, 1769350672.635"
1.0,0,1769350679.5863,40.8336,27,32,59,0.0665,0.1043,0.108,1.0,0.0,95.1,1.2523,39.9001,39.9001,38014.2715,1769350721.6753528,6.47,62,958,0.001,6,0,0,14.55,15.0,0,1307,1769350671.741,-45.291,meta-llama/Llama-3.2-1B-Instruct,"1769350671.741, 1769350671.977, 1769350672.222, 1769350672.582, 1769350672.635"
1.0,0,1769350679.7674,40.7108,27,32,59,0.0609,0.1042,0.107,1.0,0.0,95.1,1.2449,39.7717,39.7717,38054.0433,1769350721.7253006,6.47,62,959,0.001,6,1,0,14.55,15.0,0,1307,1769350671.741,-45.291,meta-llama/Llama-3.2-1B-Instruct,"1769350671.741, 1769350671.977, 1769350672.222, 1769350672.582, 1769350672.635"
1.0,0,1769350679.8539,40.676,27,32,59,0.0671,0.1086,0.1113,1.0,0.0,95.11,1.2399,39.743,39.743,38093.7863,1769350721.7769566,6.46,62,960,0.001,7,0,0,14.55,15.0,0,1307,1769350671.741,-45.291,meta-llama/Llama-3.2-1B-Instruct,"1769350671.741, 1769350671.977, 1769350672.222, 1769350672.582, 1769350672.635"
1.0,0,1769350680.0075,40.5768,27,32,59,0.0704,0.1011,0.1115,1.0,0.0,95.11,1.2226,39.6473,39.6473,38133.4336,1769350721.810307,6.45,62,961,0.001,6,0,0,14.55,15.0,0,1307,1769350671.741,-45.291,meta-llama/Llama-3.2-1B-Instruct,"1769350671.741, 1769350671.977, 1769350672.222, 1769350672.582, 1769350672.635"
1.0,0,1769350680.1849,40.4595,27,32,59,0.0725,0.1047,0.1092,1.0,0.0,95.12,1.1911,39.532,39.532,38172.9656,1769350721.83779,6.44,62,962,0.001,4,1,0,14.55,15.0,0,1307,1769350671.741,-45.291,meta-llama/Llama-3.2-1B-Instruct,"1769350671.741, 1769350671.977, 1769350672.222, 1769350672.582, 1769350672.635"
1.0,0,1769350680.4226,40.3235,27,32,59,0.0548,0.0805,0.1091,1.0,0.0,95.12,1.1259,39.3782,39.3782,38291.24,1769350721.8843696,6.43,62,965,0.001,5,0,0,14.55,15.0,0,1307,1769350671.741,-45.291,meta-llama/Llama-3.2-1B-Instruct,"1769350671.741, 1769350671.977, 1769350672.222, 1769350672.582, 1769350672.635"
1.0,0,1769350680.2707,40.4221,27,32,59,0.1089,0.0707,0.1046,1.0,0.0,95.13,1.1721,39.531,39.531,38291.24,1769350721.8846047,6.44,62,965,0.001,5,0,0,14.55,15.0,0,1307,1769350671.741,-45.291,meta-llama/Llama-3.2-1B-Instruct,"1769350671.741, 1769350671.977, 1769350672.222, 1769350672.582, 1769350672.635"
1.0,0,1769350680.4987,40.2967,27,32,59,0.0685,0.0789,0.1043,1.0,0.0,95.13,1.079,39.3653,39.3653,38291.24,1769350721.8847878,6.42,62,965,0.001,6,1,0,14.55,15.0,0,1307,1769350671.741,-45.291,meta-llama/Llama-3.2-1B-Instruct,"1769350671.741, 1769350671.977, 1769350672.222, 1769350672.582, 1769350672.635"
1.0,0,1769350680.7637,40.1936,27,32,59,0.13,0.0645,0.0877,1.0,0.0,95.14,1.1702,39.3236,39.3236,38330.5636,1769350722.1338236,6.42,62,966,0.001,7,0,0,14.55,15.0,0,1292,1769350685.697,-36.377,meta-llama/Llama-3.2-1B-Instruct,"1769350685.697, 1769350685.782, 1769350685.864, 1769350686.020, 1769350686.101"
1.0,0,1769350680.8439,40.1168,27,32,59,0.0846,0.0885,0.0895,1.0,0.0,95.14,1.1739,39.2014,39.2014,38448.2911,1769350722.1425595,6.4,62,969,0.001,8,0,0,14.55,15.0,0,1292,1769350685.697,-36.377,meta-llama/Llama-3.2-1B-Instruct,"1769350685.697, 1769350685.782, 1769350685.864, 1769350686.020, 1769350686.101"
1.0,0,1769350680.6846,40.2653,27,32,59,0.0968,0.0839,0.0923,1.0,0.0,95.15,1.1844,39.3621,39.3621,38448.2911,1769350722.1442297,6.41,62,969,0.001,7,0,0,14.55,15.0,0,1292,1769350685.697,-36.377,meta-llama/Llama-3.2-1B-Instruct,"1769350685.697, 1769350685.782, 1769350685.864, 1769350686.020, 1769350686.101"
1.0,0,1769350680.9255,40.0808,27,32,59,0.0833,0.0668,0.0861,1.0,0.0,95.15,1.1351,39.1641,39.1641,38448.2911,1769350722.1444175,6.4,62,969,0.001,8,0,0,14.55,15.0,0,1292,1769350685.697,-36.377,meta-llama/Llama-3.2-1B-Instruct,"1769350685.697, 1769350685.782, 1769350685.864, 1769350686.020, 1769350686.101"
1.0,0,1769350681.9297,39.2568,27,32,59,0.0526,0.0644,0.0657,1.0,0.0,95.16,0.9926,38.3094,38.3094,38563.3772,1769350722.1880171,6.39,62,972,0.002,12,0,0,14.55,15.0,0,1292,1769350685.697,-36.377,meta-llama/Llama-3.2-1B-Instruct,"1769350685.697, 1769350685.782, 1769350685.864, 1769350686.020, 1769350686.101"
1.0,0,1769350681.7719,39.3564,27,32,59,0.1094,0.064,0.0727,1.0,0.0,95.16,1.0513,38.4659,38.4659,38563.3772,1769350722.1882322,6.39,62,972,0.002,12,0,0,14.55,15.0,0,1292,1769350685.697,-36.377,meta-llama/Llama-3.2-1B-Instruct,"1769350685.697, 1769350685.782, 1769350685.864, 1769350686.020, 1769350686.101"
1.0,0,1769350682.0087,39.2229,27,32,59,0.0878,0.0652,0.0736,1.0,0.0,95.17,0.9562,38.3107,38.3107,38601.3572,1769350722.1932564,6.38,62,973,0.002,13,1,0,14.55,15.0,0,1292,1769350685.697,-36.377,meta-llama/Llama-3.2-1B-Instruct,"1769350685.697, 1769350685.782, 1769350685.864, 1769350686.020, 1769350686.101"
1.0,0,1769350682.3437,38.9259,27,32,59,0.054,0.0586,0.0719,1.0,0.0,95.17,0.9221,37.98,37.98,38601.3572,1769350722.1939082,6.37,62,973,0.002,14,0,0,14.55,15.0,0,1292,1769350685.697,-36.377,meta-llama/Llama-3.2-1B-Instruct,"1769350685.697, 1769350685.782, 1769350685.864, 1769350686.020, 1769350686.101"
1.0,0,1769350682.6046,38.7195,27,32,59,0.0924,0.0581,0.0591,1.0,0.0,95.18,0.8876,37.8119,37.8119,38639.169,1769350722.2190588,6.37,62,974,0.002,15,1,0,14.55,15.0,0,1292,1769350685.697,-36.377,meta-llama/Llama-3.2-1B-Instruct,"1769350685.697, 1769350685.782, 1769350685.864, 1769350686.020, 1769350686.101"
1.0,0,1769350682.8479,38.5729,27,30,57,0.0872,0.0617,0.0625,1.0,0.0,95.18,0.8987,37.66,37.66,38676.8291,1769350722.3212693,6.36,62,975,0.002,16,0,0,14.55,15.0,0,1292,1769350685.697,-36.377,meta-llama/Llama-3.2-1B-Instruct,"1769350685.697, 1769350685.782, 1769350685.864, 1769350686.020, 1769350686.101"
1.0,0,1769350682.9755,38.5192,27,32,59,0.0714,0.0574,0.0732,1.0,0.0,95.19,0.94,37.5905,37.5905,38751.9748,1769350722.438773,6.35,62,977,0.003,17,0,0,14.55,15.0,0,1292,1769350685.697,-36.377,meta-llama/Llama-3.2-1B-Instruct,"1769350685.697, 1769350685.782, 1769350685.864, 1769350686.020, 1769350686.101"
1.0,0,1769350683.0667,38.4848,27,32,59,0.0705,0.0597,0.0602,1.0,0.0,95.19,0.8817,37.5552,37.5552,38751.9748,1769350722.4390526,6.35,62,977,0.003,19,0,0,14.55,15.0,0,1292,1769350685.697,-36.377,meta-llama/Llama-3.2-1B-Instruct,"1769350685.697, 1769350685.782, 1769350685.864, 1769350686.020, 1769350686.101"
1.0,0,1769350683.2192,38.4177,27,32,59,0.0804,0.0599,0.0629,1.0,0.0,95.2,0.9229,37.4982,37.4982,38789.473,1769350722.5625098,6.34,62,978,0.003,20,0,0,14.55,15.0,0,1292,1769350685.697,-36.377,meta-llama/Llama-3.2-1B-Instruct,"1769350685.697, 1769350685.782, 1769350685.864, 1769350686.020, 1769350686.101"
1.0,0,1769350683.3033,38.4434,27,32,59,0.0561,0.0565,0.0584,1.0,0.0,95.2,0.8847,37.4995,37.4995,38826.9725,1769350722.6368525,6.33,62,979,0.003,18,0,0,14.55,15.0,0,1292,1769350685.697,-36.377,meta-llama/Llama-3.2-1B-Instruct,"1769350685.697, 1769350685.782, 1769350685.864, 1769350686.020, 1769350686.101"
1.0,0,1769350683.5764,38.2775,27,32,59,0.0728,0.0597,0.0598,1.0,0.0,95.21,0.9699,37.3503,37.3503,38864.3228,1769350722.8305175,6.33,62,980,0.003,17,0,0,14.55,15.0,0,1292,1769350685.697,-36.377,meta-llama/Llama-3.2-1B-Instruct,"1769350685.697, 1769350685.782, 1769350685.864, 1769350686.020, 1769350686.101"
1.0,0,1769350683.9893,37.9552,27,32,59,0.0703,0.0569,0.0681,1.0,0.0,95.21,0.9459,37.0255,37.0255,38901.3482,1769350722.8941712,6.32,62,981,0.003,15,0,0,14.55,15.0,0,1292,1769350685.697,-36.377,meta-llama/Llama-3.2-1B-Instruct,"1769350685.697, 1769350685.782, 1769350685.864, 1769350686.020, 1769350686.101"
1.0,0,1769350684.4559,37.5511,27,32,59,0.0942,0.057,0.0629,1.0,0.0,95.22,0.9659,36.6453,36.6453,38937.9936,1769350722.974434,6.31,62,982,0.003,16,0,0,14.55,15.0,0,1292,1769350685.697,-36.377,meta-llama/Llama-3.2-1B-Instruct,"1769350685.697, 1769350685.782, 1769350685.864, 1769350686.020, 1769350686.101"
1.0,0,1769350687.3639,35.7647,27,0,27,,,,1.0,,,0.0674,34.8321,34.8321,39046.1191,1769350723.2053742,6.31,62,985,0.003,15,0,0,14.55,15.0,0,1292,1769350685.697,-36.377,meta-llama/Llama-3.2-1B-Instruct,"1769350685.697, 1769350685.782, 1769350685.864, 1769350686.020, 1769350686.101"
1.0,0,1769350684.697,37.5015,27,32,59,0.0667,0.0664,0.0693,1.0,0.0,95.22,1.0062,36.5682,36.5682,39046.1191,1769350723.2068608,6.3,62,985,0.002,11,0,0,14.55,15.0,0,1292,1769350685.697,-36.377,meta-llama/Llama-3.2-1B-Instruct,"1769350685.697, 1769350685.782, 1769350685.864, 1769350686.020, 1769350686.101"
1.0,0,1769350684.543,37.6612,27,32,59,0.064,0.0612,0.0685,1.0,0.0,95.23,1.001,36.7252,36.7252,39046.1191,1769350723.2082784,6.29,62,985,0.003,17,0,0,14.55,15.0,0,1292,1769350685.697,-36.377,meta-llama/Llama-3.2-1B-Instruct,"1769350685.697, 1769350685.782, 1769350685.864, 1769350686.020, 1769350686.101"
1.0,0,1769350684.7821,37.4716,27,32,59,0.0636,0.0723,0.0779,1.0,0.0,95.23,0.9721,36.5351,36.5351,39082.6542,1769350723.2294633,6.29,62,986,0.001,8,0,0,14.55,15.0,0,1292,1769350685.697,-36.377,meta-llama/Llama-3.2-1B-Instruct,"1769350685.697, 1769350685.782, 1769350685.864, 1769350686.020, 1769350686.101"
1.0,0,1769350685.0202,37.3305,27,32,59,0.073,0.0584,0.0679,1.0,0.0,95.24,0.898,36.4035,36.4035,39155.5683,1769350723.2546685,6.28,62,988,0.002,10,0,0,14.55,15.0,0,1292,1769350685.697,-36.377,meta-llama/Llama-3.2-1B-Instruct,"1769350685.697, 1769350685.782, 1769350685.864, 1769350686.020, 1769350686.101"
1.0,0,1769350684.864,37.4401,27,32,59,0.0705,0.0589,0.0708,1.0,0.0,95.24,0.9486,36.5106,36.5106,39155.5683,1769350723.255341,6.28,62,988,0.002,10,0,0,14.55,15.0,0,1292,1769350685.697,-36.377,meta-llama/Llama-3.2-1B-Instruct,"1769350685.697, 1769350685.782, 1769350685.864, 1769350686.020, 1769350686.101"
1.0,0,1769350685.1006,37.3118,27,32,59,0.0618,0.0541,0.0541,1.0,0.0,95.25,0.9013,36.3736,36.3736,39191.9419,1769350723.3226316,6.27,62,989,0.002,11,0,0,14.55,15.0,0,1292,1769350685.697,-36.377,meta-llama/Llama-3.2-1B-Instruct,"1769350685.697, 1769350685.782, 1769350685.864, 1769350686.020, 1769350686.101"
1.0,0,1769350685.1607,37.3172,27,32,59,0.0809,0.0591,0.0624,1.0,0.0,95.25,0.8758,36.3981,36.3981,39228.34,1769350723.355194,6.26,62,990,0.002,11,0,0,14.55,15.0,0,1292,1769350685.697,-36.377,meta-llama/Llama-3.2-1B-Instruct,"1769350685.697, 1769350685.782, 1769350685.864, 1769350686.020, 1769350686.101"
1.0,0,1769350685.5017,37.0428,27,32,59,0.0616,0.054,0.0756,1.0,0.0,95.26,0.8236,36.1044,36.1044,39264.4444,1769350723.3707755,6.26,62,991,0.002,11,0,0,14.55,15.0,0,1292,1769350685.697,-36.377,meta-llama/Llama-3.2-1B-Instruct,"1769350685.697, 1769350685.782, 1769350685.864, 1769350686.020, 1769350686.101"
1.0,0,1769350685.6546,36.9574,27,32,59,0.0656,0.0553,0.0629,1.0,0.0,95.26,0.8056,36.0229,36.0229,39300.4673,1769350723.425497,6.25,62,992,0.002,11,0,0,14.55,15.0,0,1292,1769350685.697,-36.377,meta-llama/Llama-3.2-1B-Instruct,"1769350685.697, 1769350685.782, 1769350685.864, 1769350686.020, 1769350686.101"
1.0,0,1769350686.1477,36.5448,27,32,59,0.0692,0.0478,0.0625,1.0,0.0,95.27,0.7668,35.6141,35.6141,39371.6701,1769350723.4648135,6.24,62,994,0.002,12,0,0,14.55,15.0,0,1292,1769350685.697,-36.377,meta-llama/Llama-3.2-1B-Instruct,"1769350685.697, 1769350685.782, 1769350685.864, 1769350686.020, 1769350686.101"
1.0,0,1769350686.231,36.514,27,32,59,0.0747,0.0524,0.0648,1.0,0.0,95.27,0.7161,35.5887,35.5887,39371.6701,1769350723.465082,6.24,62,994,0.002,12,0,0,14.55,15.0,0,1292,1769350685.697,-36.377,meta-llama/Llama-3.2-1B-Instruct,"1769350685.697, 1769350685.782, 1769350685.864, 1769350686.020, 1769350686.101"
1.0,0,1769350686.4107,36.3913,27,33,60,0.0838,0.0465,0.0516,1.0,0.0,95.28,0.7623,35.4751,35.4751,39407.1453,1769350723.5727806,6.23,62,995,0.002,13,0,0,14.55,15.0,0,1292,1769350685.697,-36.377,meta-llama/Llama-3.2-1B-Instruct,"1769350685.697, 1769350685.782, 1769350685.864, 1769350686.020, 1769350686.101"
1.0,0,1769350686.4965,36.3713,27,32,59,0.0609,0.0577,0.0577,1.0,0.0,95.28,0.7537,35.4321,35.4321,39442.5774,1769350723.6259274,6.22,62,996,0.002,14,0,0,14.55,15.0,0,1292,1769350685.697,-36.377,meta-llama/Llama-3.2-1B-Instruct,"1769350685.697, 1769350685.782, 1769350685.864, 1769350686.020, 1769350686.101"
1.0,0,1769350686.5528,36.396,27,32,59,0.0573,0.0525,0.0561,1.0,0.0,95.29,0.7828,35.4533,35.4533,39478.0307,1769350723.73382,6.22,62,997,0.002,14,0,0,14.55,15.0,0,1292,1769350685.697,-36.377,meta-llama/Llama-3.2-1B-Instruct,"1769350685.697, 1769350685.782, 1769350685.864, 1769350686.020, 1769350686.101"
1.0,0,1769350687.0572,35.9731,27,32,59,0.0703,0.0525,0.059,1.0,0.0,95.29,0.807,35.0435,35.0435,39513.0742,1769350723.8432286,6.21,62,998,0.002,14,0,0,14.55,15.0,0,1292,1769350685.697,-36.377,meta-llama/Llama-3.2-1B-Instruct,"1769350685.697, 1769350685.782, 1769350685.864, 1769350686.020, 1769350686.101"
1.0,0,1769350687.5008,35.7287,27,32,59,0.0631,0.0557,0.0562,1.0,0.0,95.3,0.8149,34.7918,34.7918,39547.866,1769350724.0457685,6.21,62,999,0.002,11,0,0,14.55,15.0,0,1292,1769350685.697,-36.377,meta-llama/Llama-3.2-1B-Instruct,"1769350685.697, 1769350685.782, 1769350685.864, 1769350686.020, 1769350686.101"
1.0,0,1769350688.4478,34.9984,27,32,59,0.0629,0.072,0.0916,1.0,0.0,95.3,1.0965,34.0613,34.0613,39650.8277,1769350724.545361,6.19,62,1002,0.001,6,0,0,14.55,15.0,0,1292,1769350685.697,-36.377,meta-llama/Llama-3.2-1B-Instruct,"1769350685.697, 1769350685.782, 1769350685.864, 1769350686.020, 1769350686.101"
1.0,0,1769350688.2923,35.1407,27,32,59,0.0731,0.0724,0.0888,1.0,0.0,95.31,1.1093,34.2139,34.2139,39650.8277,1769350724.5459373,6.2,62,1002,0.001,8,0,0,14.55,15.0,0,1292,1769350685.697,-36.377,meta-llama/Llama-3.2-1B-Instruct,"1769350685.697, 1769350685.782, 1769350685.864, 1769350686.020, 1769350686.101"
1.0,0,1769350687.8204,35.6105,27,32,59,0.0761,0.0685,0.0941,1.0,0.0,95.31,1.114,34.6866,34.6866,39650.8277,1769350724.5461628,6.19,62,1002,0.002,11,0,0,14.55,15.0,0,1292,1769350685.697,-36.377,meta-llama/Llama-3.2-1B-Instruct,"1769350685.697, 1769350685.782, 1769350685.864, 1769350686.020, 1769350686.101"
1.0,0,1769350688.5192,34.9791,27,32,59,0.0701,0.0709,0.086,1.0,0.0,95.32,1.0607,34.0492,34.0492,39684.8769,1769350724.5744677,6.18,62,1003,0.001,5,0,0,14.55,15.0,0,1292,1769350685.697,-36.377,meta-llama/Llama-3.2-1B-Instruct,"1769350685.697, 1769350685.782, 1769350685.864, 1769350686.020, 1769350686.101"
1.0,0,1769350690.4309,33.7399,27,12,39,0.096,0.0685,0.0685,1.0,0.0,95.32,0.4284,32.8359,32.8359,39784.2471,1769350724.60944,6.18,62,1006,0.002,13,0,0,14.55,15.0,0,1292,1769350685.697,-36.377,meta-llama/Llama-3.2-1B-Instruct,"1769350685.697, 1769350685.782, 1769350685.864, 1769350686.020, 1769350686.101"
1.0,0,1769350688.9308,34.6137,27,32,59,0.0784,0.0723,0.083,1.0,0.0,95.33,1.0583,33.6921,33.6921,39817.7791,1769350724.6141417,6.16,62,1007,0.001,8,0,0,14.55,15.0,0,1292,1769350685.697,-36.377,meta-llama/Llama-3.2-1B-Instruct,"1769350685.697, 1769350685.782, 1769350685.864, 1769350686.020, 1769350686.101"
1.0,0,1769350690.2897,33.7798,27,16,43,0.0624,0.0699,0.0699,1.0,0.0,95.33,0.5322,32.8422,32.8422,39817.7791,1769350724.6154485,6.17,62,1007,0.002,12,0,0,14.55,15.0,0,1292,1769350685.697,-36.377,meta-llama/Llama-3.2-1B-Instruct,"1769350685.697, 1769350685.782, 1769350685.864, 1769350686.020, 1769350686.101"
1.0,0,1769350689.1796,34.4303,27,32,59,0.1017,0.0784,0.0966,1.0,0.0,95.33,1.0012,33.532,33.532,39851.1772,1769350724.6203806,6.16,62,1008,0.001,8,0,0,14.55,15.0,0,1292,1769350685.697,-36.377,meta-llama/Llama-3.2-1B-Instruct,"1769350685.697, 1769350685.782, 1769350685.864, 1769350686.020, 1769350686.101"
1.0,0,1769350689.3117,34.3463,27,32,59,0.0518,0.0719,0.0835,1.0,0.0,95.34,0.9601,33.3981,33.3981,39851.1772,1769350724.6207626,6.15,62,1008,0.001,8,1,0,14.55,15.0,0,1292,1769350685.697,-36.377,meta-llama/Llama-3.2-1B-Instruct,"1769350685.697, 1769350685.782, 1769350685.864, 1769350686.020, 1769350686.101"
1.0,0,1769350689.5098,34.2399,27,32,59,0.0552,0.0689,0.0977,1.0,0.0,95.34,0.9219,33.2951,33.2951,39884.4723,1769350724.673757,6.14,62,1009,0.001,9,0,0,14.55,15.0,0,1292,1769350685.697,-36.377,meta-llama/Llama-3.2-1B-Instruct,"1769350685.697, 1769350685.782, 1769350685.864, 1769350686.020, 1769350686.101"
1.0,0,1769350689.8165,34.0042,27,32,59,0.0653,0.0723,0.0891,1.0,0.0,95.35,0.8952,33.0694,33.0694,39917.5417,1769350724.7210627,6.14,62,1010,0.002,10,0,0,14.55,15.0,0,1292,1769350685.697,-36.377,meta-llama/Llama-3.2-1B-Instruct,"1769350685.697, 1769350685.782, 1769350685.864, 1769350686.020, 1769350686.101"
1.0,0,1769350689.8757,34.0162,27,32,59,0.0532,0.0811,0.0855,1.0,0.0,95.35,0.8562,33.0694,33.0694,39950.6111,1769350724.7495043,6.13,62,1011,0.001,10,0,0,14.55,15.0,0,1292,1769350685.697,-36.377,meta-llama/Llama-3.2-1B-Instruct,"1769350685.697, 1769350685.782, 1769350685.864, 1769350686.020, 1769350686.101"
1.0,0,1769350690.2257,33.7926,27,24,51,0.0569,0.0586,0.0696,1.0,0.0,95.36,0.8549,32.8495,32.8495,40016.58,1769350724.8809502,6.13,62,1013,0.002,11,0,0,14.55,15.0,0,1292,1769350685.697,-36.377,meta-llama/Llama-3.2-1B-Instruct,"1769350685.697, 1769350685.782, 1769350685.864, 1769350686.020, 1769350686.101"
1.0,0,1769350689.9553,34.0203,27,32,59,0.0991,0.0605,0.0703,1.0,0.0,95.36,0.8985,33.1194,33.1194,40016.58,1769350724.882336,6.12,62,1013,0.002,11,0,0,14.55,15.0,0,1292,1769350685.697,-36.377,meta-llama/Llama-3.2-1B-Instruct,"1769350685.697, 1769350685.782, 1769350685.864, 1769350686.020, 1769350686.101"
1.0,0,1769350690.3771,33.7407,27,32,59,0.0747,0.0603,0.0642,1.0,0.0,95.37,0.871,32.8154,32.8154,40049.3954,1769350724.9954603,6.11,62,1014,0.002,12,0,0,14.55,15.0,0,1292,1769350685.697,-36.377,meta-llama/Llama-3.2-1B-Instruct,"1769350685.697, 1769350685.782, 1769350685.864, 1769350686.020, 1769350686.101"
1.0,0,1769350693.0011,32.0205,27,0,27,,,,1.0,,,0.0477,31.0681,31.0681,40080.4636,1769350725.071502,6.11,62,1015,0.001,9,0,0,14.55,15.0,0,1292,1769350685.697,-36.377,meta-llama/Llama-3.2-1B-Instruct,"1769350685.697, 1769350685.782, 1769350685.864, 1769350686.020, 1769350686.101"
1.0,0,1769350691.1457,33.0883,27,32,59,0.0752,0.0571,0.0854,1.0,0.0,95.37,0.8841,32.1635,32.1635,40112.627,1769350725.1237948,6.1,62,1016,0.002,15,0,0,14.55,15.0,0,1292,1769350685.697,-36.377,meta-llama/Llama-3.2-1B-Instruct,"1769350685.697, 1769350685.782, 1769350685.864, 1769350686.020, 1769350686.101"
1.0,0,1769350691.5149,32.7818,27,32,59,0.0527,0.0808,0.0878,1.0,0.0,95.38,0.9098,31.8345,31.8345,40144.4615,1769350725.2071517,6.1,62,1017,0.002,15,0,0,14.55,15.0,0,1292,1769350685.697,-36.377,meta-llama/Llama-3.2-1B-Instruct,"1769350685.697, 1769350685.782, 1769350685.864, 1769350686.020, 1769350686.101"
1.0,0,1769350691.6626,32.7081,27,32,59,0.0813,0.0834,0.087,1.0,0.0,95.38,0.9537,31.7894,31.7894,40176.2509,1769350725.3284311,6.09,62,1018,0.003,17,0,0,14.55,15.0,0,1292,1769350685.697,-36.377,meta-llama/Llama-3.2-1B-Instruct,"1769350685.697, 1769350685.782, 1769350685.864, 1769350686.020, 1769350686.101"
1.0,0,1769350691.7885,32.6636,27,32,59,0.0722,0.0822,0.0915,1.0,0.0,95.39,0.9359,31.7357,31.7357,40207.9867,1769350725.3913002,6.08,62,1019,0.003,18,0,0,14.55,15.0,0,1292,1769350685.697,-36.377,meta-llama/Llama-3.2-1B-Instruct,"1769350685.697, 1769350685.782, 1769350685.864, 1769350686.020, 1769350686.101"
1.0,0,1769350692.5694,32.1477,27,23,50,0.0774,0.0782,0.0885,1.0,0.0,95.39,0.8889,31.2252,31.2252,40239.2118,1769350725.6124337,6.08,62,1020,0.002,9,0,0,14.55,15.0,0,1292,1769350685.697,-36.377,meta-llama/Llama-3.2-1B-Instruct,"1769350685.697, 1769350685.782, 1769350685.864, 1769350686.020, 1769350686.101"
1.0,0,1769350692.3088,32.3835,27,32,59,0.1085,0.0806,0.0898,1.0,0.0,95.4,1.1581,31.492,31.492,40270.7038,1769350725.8612413,6.07,62,1021,0.003,15,0,0,14.55,15.0,0,1292,1769350685.697,-36.377,meta-llama/Llama-3.2-1B-Instruct,"1769350685.697, 1769350685.782, 1769350685.864, 1769350686.020, 1769350686.101"
1.0,0,1769350692.6381,32.1565,27,32,59,0.0738,0.0871,0.0887,1.0,0.0,95.4,1.0999,31.2303,31.2303,40301.9342,1769350725.903598,6.07,62,1022,0.002,9,0,0,14.55,15.0,0,1292,1769350685.697,-36.377,meta-llama/Llama-3.2-1B-Instruct,"1769350685.697, 1769350685.782, 1769350685.864, 1769350686.020, 1769350686.101"
1.0,0,1769350692.8372,32.022,27,32,59,0.0683,0.0839,0.0845,1.0,0.0,95.4,1.0653,31.0903,31.0903,40333.0244,1769350725.9354222,6.06,62,1023,0.001,8,0,0,14.55,15.0,0,1292,1769350685.697,-36.377,meta-llama/Llama-3.2-1B-Instruct,"1769350685.697, 1769350685.782, 1769350685.864, 1769350686.020, 1769350686.101"
1.0,0,1769350692.8947,32.0221,27,32,59,0.0771,0.0754,0.0951,1.0,0.0,95.41,1.0196,31.0992,31.0992,40364.1236,1769350725.9555137,6.05,62,1024,0.001,8,0,0,14.55,15.0,0,1292,1769350685.697,-36.377,meta-llama/Llama-3.2-1B-Instruct,"1769350685.697, 1769350685.782, 1769350685.864, 1769350686.020, 1769350686.101"
1.0,0,1769350692.9461,32.0246,27,32,59,0.0997,0.0656,0.0875,1.0,0.0,95.41,1.0047,31.1243,31.1243,40457.0152,1769350725.983542,6.05,62,1027,0.002,9,0,0,14.55,15.0,0,1292,1769350685.697,-36.377,meta-llama/Llama-3.2-1B-Instruct,"1769350685.697, 1769350685.782, 1769350685.864, 1769350686.020, 1769350686.101"
1.0,0,1769350693.1836,31.8802,27,32,59,0.0844,0.0568,0.0664,1.0,0.0,95.42,0.9181,30.9646,30.9646,40457.0152,1769350725.9866128,6.04,62,1027,0.002,10,1,0,14.55,15.0,0,1292,1769350685.697,-36.377,meta-llama/Llama-3.2-1B-Instruct,"1769350685.697, 1769350685.782, 1769350685.864, 1769350686.020, 1769350686.101"
1.0,0,1769350693.3481,31.7519,27,32,59,0.0508,0.0639,0.0681,1.0,0.0,95.42,0.8808,30.8027,30.8027,40457.0152,1769350725.9867933,6.04,62,1027,0.002,10,0,0,14.55,15.0,0,1292,1769350685.697,-36.377,meta-llama/Llama-3.2-1B-Instruct,"1769350685.697, 1769350685.782, 1769350685.864, 1769350686.020, 1769350686.101"
1.0,0,1769350693.4174,31.726,27,31,58,0.1086,0.0551,0.0578,1.0,0.0,95.43,0.8974,30.8346,30.8346,40518.5096,1769350726.0492282,6.03,62,1029,0.001,10,1,0,14.55,15.0,0,1292,1769350685.697,-36.377,meta-llama/Llama-3.2-1B-Instruct,"1769350685.697, 1769350685.782, 1769350685.864, 1769350686.020, 1769350686.101"
1.0,0,1769350693.5934,31.5907,27,32,59,0.0691,0.0659,0.0714,1.0,0.0,95.43,0.8649,30.6598,30.6598,40518.5096,1769350726.0512354,6.03,62,1029,0.002,11,0,0,14.55,15.0,0,1292,1769350685.697,-36.377,meta-llama/Llama-3.2-1B-Instruct,"1769350685.697, 1769350685.782, 1769350685.864, 1769350686.020, 1769350686.101"
1.0,0,1769350693.9719,31.2735,27,32,59,0.0661,0.0551,0.0565,1.0,0.0,95.44,0.8465,30.3396,30.3396,40548.8492,1769350726.1000643,6.02,62,1030,0.002,12,0,0,14.55,15.0,0,1292,1769350685.697,-36.377,meta-llama/Llama-3.2-1B-Instruct,"1769350685.697, 1769350685.782, 1769350685.864, 1769350686.020, 1769350686.101"
1.0,0,1769350694.1018,31.2012,27,32,59,0.0665,0.0619,0.0745,1.0,0.0,95.44,0.8773,30.2677,30.2677,40579.1169,1769350726.1811037,6.01,62,1031,0.002,13,0,0,14.55,15.0,0,1292,1769350685.697,-36.377,meta-llama/Llama-3.2-1B-Instruct,"1769350685.697, 1769350685.782, 1769350685.864, 1769350686.020, 1769350686.101"
1.0,0,1769350694.1916,31.1815,27,32,59,0.0573,0.0659,0.0676,1.0,0.0,95.45,0.8748,30.2388,30.2388,40639.6432,1769350726.262366,6.01,62,1033,0.002,13,0,0,14.55,15.0,0,1292,1769350685.697,-36.377,meta-llama/Llama-3.2-1B-Instruct,"1769350685.697, 1769350685.782, 1769350685.864, 1769350686.020, 1769350686.101"
1.0,0,1769350694.2435,31.197,27,32,59,0.0905,0.0664,0.0693,1.0,0.0,95.45,0.8216,30.2875,30.2875,40639.6432,1769350726.2630966,6.0,62,1033,0.002,13,0,0,14.55,15.0,0,1292,1769350685.697,-36.377,meta-llama/Llama-3.2-1B-Instruct,"1769350685.697, 1769350685.782, 1769350685.864, 1769350686.020, 1769350686.101"
1.0,0,1769350694.3103,31.1938,27,32,59,0.0754,0.0635,0.0767,1.0,0.0,95.45,0.8787,30.2692,30.2692,40669.9124,1769350726.3924346,6.0,62,1034,0.002,13,0,0,14.55,15.0,0,1292,1769350685.697,-36.377,meta-llama/Llama-3.2-1B-Instruct,"1769350685.697, 1769350685.782, 1769350685.864, 1769350686.020, 1769350686.101"
1.0,0,1769350694.5682,31.0128,27,32,59,0.0835,0.0703,0.0782,1.0,0.0,95.46,0.8502,30.0963,30.0963,40700.0087,1769350726.4362085,5.99,62,1035,0.002,15,0,0,14.55,15.0,0,1292,1769350685.697,-36.377,meta-llama/Llama-3.2-1B-Instruct,"1769350685.697, 1769350685.782, 1769350685.864, 1769350686.020, 1769350686.101"
1.0,0,1769350694.9137,30.7346,27,32,59,0.0726,0.0706,0.08,1.0,0.0,95.46,0.854,29.8071,29.8071,40729.8159,1769350726.5089662,5.98,62,1036,0.002,15,0,0,14.55,15.0,0,1292,1769350685.697,-36.377,meta-llama/Llama-3.2-1B-Instruct,"1769350685.697, 1769350685.782, 1769350685.864, 1769350686.020, 1769350686.101"
1.0,0,1769350695.0117,30.7209,27,32,59,0.0904,0.0622,0.0749,1.0,0.0,95.47,0.8935,29.8113,29.8113,40759.6272,1769350726.627617,5.98,62,1037,0.003,16,0,0,14.55,15.0,0,1292,1769350685.697,-36.377,meta-llama/Llama-3.2-1B-Instruct,"1769350685.697, 1769350685.782, 1769350685.864, 1769350686.020, 1769350686.101"
1.0,0,1769350695.1831,30.754,27,32,59,0.1058,0.0824,0.0886,1.0,0.0,95.47,1.1475,29.8598,29.8598,40818.8467,1769350727.0937939,5.97,62,1039,0.003,16,0,0,14.55,15.0,0,1292,1769350685.697,-36.377,meta-llama/Llama-3.2-1B-Instruct,"1769350685.697, 1769350685.782, 1769350685.864, 1769350686.020, 1769350686.101"
1.0,0,1769350695.675,30.27,27,32,59,0.0896,0.0824,0.0874,1.0,0.0,95.48,1.1413,29.3596,29.3596,40818.8467,1769350727.1037853,5.97,62,1039,0.003,15,0,0,14.55,15.0,0,1292,1769350685.697,-36.377,meta-llama/Llama-3.2-1B-Instruct,"1769350685.697, 1769350685.782, 1769350685.864, 1769350686.020, 1769350686.101"
1.0,0,1769350695.7642,30.261,27,30,57,0.0636,0.0804,0.0852,1.0,0.0,95.48,1.1022,29.3246,29.3246,40848.1713,1769350727.1378808,5.96,62,1040,0.002,10,0,0,14.55,15.0,0,1277,1769350699.843,-27.289,meta-llama/Llama-3.2-1B-Instruct,"1769350699.843, 1769350699.944, 1769350700.039, 1769350700.237, 1769350700.514"
1.0,0,1769350695.9399,30.1556,27,32,59,0.0794,0.0811,0.0887,1.0,0.0,95.49,1.0843,29.235,29.235,40906.6295,1769350727.218845,5.96,62,1042,0.002,10,0,0,14.55,15.0,0,1277,1769350699.843,-27.289,meta-llama/Llama-3.2-1B-Instruct,"1769350699.843, 1769350699.944, 1769350700.039, 1769350700.237, 1769350700.514"
1.0,0,1769350696.0089,30.1502,27,32,59,0.0731,0.0845,0.0946,1.0,0.0,95.49,1.0369,29.2233,29.2233,40906.6295,1769350727.2195714,5.95,62,1042,0.002,10,0,0,14.55,15.0,0,1277,1769350699.843,-27.289,meta-llama/Llama-3.2-1B-Instruct,"1769350699.843, 1769350699.944, 1769350700.039, 1769350700.237, 1769350700.514"
1.0,0,1769350696.3909,29.9116,27,32,59,0.071,0.0823,0.0853,1.0,0.0,95.49,0.9556,28.9826,28.9826,40964.8196,1769350727.2727625,5.94,62,1044,0.002,9,1,0,14.55,15.0,0,1277,1769350699.843,-27.289,meta-llama/Llama-3.2-1B-Instruct,"1769350699.843, 1769350699.944, 1769350700.039, 1769350700.237, 1769350700.514"
1.0,0,1769350696.0995,30.115,27,32,59,0.0924,0.0859,0.0862,1.0,0.0,95.5,1.0389,29.2074,29.2074,40964.8196,1769350727.2741382,5.94,62,1044,0.002,10,0,0,14.55,15.0,0,1277,1769350699.843,-27.289,meta-llama/Llama-3.2-1B-Instruct,"1769350699.843, 1769350699.944, 1769350700.039, 1769350700.237, 1769350700.514"
1.0,0,1769350696.454,29.9044,27,32,59,0.0718,0.0777,0.0849,1.0,0.0,95.5,1.019,28.9762,28.9762,41022.4847,1769350727.3867977,5.93,62,1046,0.002,10,0,0,14.55,15.0,0,1277,1769350699.843,-27.289,meta-llama/Llama-3.2-1B-Instruct,"1769350699.843, 1769350699.944, 1769350700.039, 1769350700.237, 1769350700.514"
1.0,0,1769350696.7942,29.6214,27,32,59,0.0675,0.0806,0.0849,1.0,0.0,95.51,0.9703,28.6889,28.6889,41022.4847,1769350727.3987849,5.93,62,1046,0.002,10,0,0,14.55,15.0,0,1277,1769350699.843,-27.289,meta-llama/Llama-3.2-1B-Instruct,"1769350699.843, 1769350699.944, 1769350700.039, 1769350700.237, 1769350700.514"
1.0,0,1769350696.9175,29.5665,27,32,59,0.0831,0.0848,0.0877,1.0,0.0,95.51,1.0049,28.6496,28.6496,41051.1343,1769350727.4931967,5.92,62,1047,0.002,10,0,0,14.55,15.0,0,1277,1769350699.843,-27.289,meta-llama/Llama-3.2-1B-Instruct,"1769350699.843, 1769350699.944, 1769350700.039, 1769350700.237, 1769350700.514"
1.0,0,1769350697.171,29.3902,27,32,59,0.0579,0.0802,0.0951,1.0,0.0,95.52,0.9534,28.4481,28.4481,41079.5824,1769350727.5180423,5.92,62,1048,0.002,11,0,0,14.55,15.0,0,1277,1769350699.843,-27.289,meta-llama/Llama-3.2-1B-Instruct,"1769350699.843, 1769350699.944, 1769350700.039, 1769350700.237, 1769350700.514"
1.0,0,1769350697.9739,28.8545,27,32,59,0.0652,0.0624,0.0725,1.0,0.0,95.52,0.8581,27.9197,27.9197,41247.673,1769350727.694301,5.89,62,1054,0.002,14,1,0,14.55,15.0,0,1277,1769350699.843,-27.289,meta-llama/Llama-3.2-1B-Instruct,"1769350699.843, 1769350699.944, 1769350700.039, 1769350700.237, 1769350700.514"
1.0,0,1769350697.7671,28.9766,27,32,59,0.0928,0.063,0.0728,1.0,0.0,95.53,0.9413,28.0694,28.0694,41247.673,1769350727.6944864,5.9,62,1054,0.002,12,1,0,14.55,15.0,0,1277,1769350699.843,-27.289,meta-llama/Llama-3.2-1B-Instruct,"1769350699.843, 1769350699.944, 1769350700.039, 1769350700.237, 1769350700.514"
1.0,0,1769350697.8192,28.9672,27,32,59,0.0519,0.065,0.0731,1.0,0.0,95.53,0.9007,28.0191,28.0191,41247.673,1769350727.6948535,5.89,62,1054,0.002,13,1,0,14.55,15.0,0,1277,1769350699.843,-27.289,meta-llama/Llama-3.2-1B-Instruct,"1769350699.843, 1769350699.944, 1769350700.039, 1769350700.237, 1769350700.514"
1.0,0,1769350697.3725,29.3246,27,32,59,0.0596,0.0739,0.0869,1.0,0.0,95.53,0.9854,28.3842,28.3842,41247.673,1769350727.695642,5.9,62,1054,0.002,11,1,0,14.55,15.0,0,1277,1769350699.843,-27.289,meta-llama/Llama-3.2-1B-Instruct,"1769350699.843, 1769350699.944, 1769350700.039, 1769350700.237, 1769350700.514"
1.0,0,1769350699.5142,28.0906,27,0,27,,,,1.0,,,0.0846,27.1751,27.1751,41247.673,1769350727.695977,5.88,62,1054,0.002,14,0,0,14.55,15.0,0,1277,1769350699.843,-27.289,meta-llama/Llama-3.2-1B-Instruct,"1769350699.843, 1769350699.944, 1769350700.039, 1769350700.237, 1769350700.514"
1.0,0,1769350698.0427,28.8325,27,32,59,0.0735,0.0605,0.0707,1.0,0.0,95.54,0.8272,27.906,27.906,41275.579,1769350727.707525,5.88,62,1055,0.002,15,0,0,14.55,15.0,0,1277,1769350699.843,-27.289,meta-llama/Llama-3.2-1B-Instruct,"1769350699.843, 1769350699.944, 1769350700.039, 1769350700.237, 1769350700.514"
1.0,0,1769350698.1761,28.7549,27,31,58,0.0787,0.0582,0.0785,1.0,0.0,95.55,0.8124,27.8336,27.8336,41303.4126,1769350727.7488735,5.87,62,1056,0.002,16,0,0,14.55,15.0,0,1277,1769350699.843,-27.289,meta-llama/Llama-3.2-1B-Instruct,"1769350699.843, 1769350699.944, 1769350700.039, 1769350700.237, 1769350700.514"
1.0,0,1769350698.3817,28.6099,27,32,59,0.0596,0.0558,0.0785,1.0,0.0,95.55,0.7752,27.6696,27.6696,41331.0822,1769350727.7771058,5.87,62,1057,0.003,18,0,0,14.55,15.0,0,1277,1769350699.843,-27.289,meta-llama/Llama-3.2-1B-Instruct,"1769350699.843, 1769350699.944, 1769350700.039, 1769350700.237, 1769350700.514"
1.0,0,1769350698.4768,28.7545,27,32,59,0.0767,0.1011,0.1786,1.0,0.0,95.56,1.1278,27.8312,27.8312,41386.4602,1769350728.3680007,5.86,62,1059,0.003,19,0,0,14.55,15.0,0,1277,1769350699.843,-27.289,meta-llama/Llama-3.2-1B-Instruct,"1769350699.843, 1769350699.944, 1769350700.039, 1769350700.237, 1769350700.514"
1.0,0,1769350698.7597,28.4457,27,30,57,0.1011,0.0972,0.1895,1.0,0.0,95.56,1.1582,27.5468,27.5468,41386.4602,1769350728.3696532,5.85,62,1059,0.003,15,0,0,14.55,15.0,0,1277,1769350699.843,-27.289,meta-llama/Llama-3.2-1B-Instruct,"1769350699.843, 1769350699.944, 1769350700.039, 1769350700.237, 1769350700.514"
1.0,0,1769350698.8432,28.4516,27,32,59,0.1047,0.0972,0.1846,1.0,0.0,95.56,1.1028,27.5563,27.5563,41414.0165,1769350728.425541,5.85,62,1060,0.002,12,2,0,14.55,15.0,0,1277,1769350699.843,-27.289,meta-llama/Llama-3.2-1B-Instruct,"1769350699.843, 1769350699.944, 1769350700.039, 1769350700.237, 1769350700.514"
1.0,0,1769350698.9442,28.4218,27,31,58,0.0661,0.0988,0.1913,1.0,0.0,95.57,1.0728,27.4879,27.4879,41441.5044,1769350728.445908,5.84,62,1061,0.002,15,0,0,14.55,15.0,0,1277,1769350699.843,-27.289,meta-llama/Llama-3.2-1B-Instruct,"1769350699.843, 1769350699.944, 1769350700.039, 1769350700.237, 1769350700.514"
1.0,0,1769350699.0394,28.4069,27,32,59,0.1198,0.1573,0.183,1.0,0.0,95.57,1.3738,27.5267,27.5267,41469.0311,1769350728.829972,5.84,62,1062,0.002,14,0,0,14.55,15.0,0,1277,1769350699.843,-27.289,meta-llama/Llama-3.2-1B-Instruct,"1769350699.843, 1769350699.944, 1769350700.039, 1769350700.237, 1769350700.514"
1.0,0,1769350699.2366,28.3152,27,32,59,0.0658,0.157,0.1858,1.0,0.0,95.58,1.2905,27.3811,27.3811,41496.4122,1769350728.8459272,5.83,62,1063,0.002,13,0,0,14.55,15.0,0,1277,1769350699.843,-27.289,meta-llama/Llama-3.2-1B-Instruct,"1769350699.843, 1769350699.944, 1769350700.039, 1769350700.237, 1769350700.514"
1.0,0,1769350699.5728,28.0954,27,32,59,0.0771,0.1662,0.1973,1.0,0.0,95.58,1.2921,27.1725,27.1725,41523.5847,1769350728.9631436,5.83,62,1064,0.002,13,0,0,14.55,15.0,0,1277,1769350699.843,-27.289,meta-llama/Llama-3.2-1B-Instruct,"1769350699.843, 1769350699.944, 1769350700.039, 1769350700.237, 1769350700.514"
1.0,0,1769350699.6893,28.0692,27,32,59,0.0775,0.1568,0.2021,1.0,0.0,95.59,1.32,27.1467,27.1467,41577.8468,1769350729.11279,5.82,62,1066,0.001,8,0,0,14.55,15.0,0,1277,1769350699.843,-27.289,meta-llama/Llama-3.2-1B-Instruct,"1769350699.843, 1769350699.944, 1769350700.039, 1769350700.237, 1769350700.514"
1.0,0,1769350699.7623,28.0597,27,32,59,0.0556,0.1621,0.1876,1.0,0.0,95.59,1.286,27.1154,27.1154,41577.8468,1769350729.1167026,5.82,62,1066,0.001,7,0,0,14.55,15.0,0,1277,1769350699.843,-27.289,meta-llama/Llama-3.2-1B-Instruct,"1769350699.843, 1769350699.944, 1769350700.039, 1769350700.237, 1769350700.514"
1.0,0,1769350699.8342,28.0489,27,32,59,0.0581,0.1576,0.1839,1.0,0.0,95.59,1.3172,27.107,27.107,41604.9538,1769350729.2234864,5.81,62,1067,0.001,9,0,0,14.55,15.0,0,1277,1769350699.843,-27.289,meta-llama/Llama-3.2-1B-Instruct,"1769350699.843, 1769350699.944, 1769350700.039, 1769350700.237, 1769350700.514"
1.0,0,1769350700.5587,27.592,27,32,59,0.0949,0.1031,0.1564,1.0,0.0,95.6,1.1431,26.6868,26.6868,41712.5054,1769350729.3031795,5.8,62,1071,0.002,13,1,0,14.55,15.0,0,1277,1769350699.843,-27.289,meta-llama/Llama-3.2-1B-Instruct,"1769350699.843, 1769350699.944, 1769350700.039, 1769350700.237, 1769350700.514"
1.0,0,1769350700.1007,27.9074,27,32,59,0.0682,0.1526,0.1791,1.0,0.0,95.6,1.2882,26.9755,26.9755,41766.065,1769350729.3145194,5.79,62,1073,0.002,10,0,0,14.55,15.0,0,1277,1769350699.843,-27.289,meta-llama/Llama-3.2-1B-Instruct,"1769350699.843, 1769350699.944, 1769350700.039, 1769350700.237, 1769350700.514"
1.0,0,1769350700.267,27.7911,27,32,59,0.104,0.1577,0.1597,1.0,0.0,95.61,1.2511,26.8951,26.8951,41792.5691,1769350729.3159347,5.78,62,1074,0.002,11,1,0,14.55,15.0,0,1277,1769350699.843,-27.289,meta-llama/Llama-3.2-1B-Instruct,"1769350699.843, 1769350699.944, 1769350700.039, 1769350700.237, 1769350700.514"
1.0,0,1769350699.9177,28.0333,27,32,59,0.1234,0.1617,0.1772,1.0,0.0,95.61,1.3376,27.1567,27.1567,41792.5691,1769350729.3167949,5.81,62,1074,0.002,10,0,0,14.55,15.0,0,1277,1769350699.843,-27.289,meta-llama/Llama-3.2-1B-Instruct,"1769350699.843, 1769350699.944, 1769350700.039, 1769350700.237, 1769350700.514"
1.0,0,1769350700.6127,27.5638,27,32,59,0.1006,0.1001,0.1568,1.0,0.0,95.62,1.1377,26.6645,26.6645,41792.5691,1769350729.3182437,5.78,62,1074,0.002,14,1,0,14.55,15.0,0,1277,1769350699.843,-27.289,meta-llama/Llama-3.2-1B-Instruct,"1769350699.843, 1769350699.944, 1769350700.039, 1769350700.237, 1769350700.514"
1.0,0,1769350701.2083,27.1914,27,32,59,0.1566,0.094,0.1092,1.0,0.0,95.63,1.1187,26.348,26.348,41845.0416,1769350729.5267868,5.77,62,1076,0.002,17,0,0,14.55,15.0,0,1277,1769350699.843,-27.289,meta-llama/Llama-3.2-1B-Instruct,"1769350699.843, 1769350699.944, 1769350700.039, 1769350700.237, 1769350700.514"
1.0,0,1769350701.3912,27.0267,27,32,59,0.0978,0.0952,0.1307,1.0,0.0,95.63,1.1016,26.1245,26.1245,41922.7854,1769350729.5326092,5.76,62,1079,0.002,14,0,0,14.55,15.0,0,1277,1769350699.843,-27.289,meta-llama/Llama-3.2-1B-Instruct,"1769350699.843, 1769350699.944, 1769350700.039, 1769350700.237, 1769350700.514"
1.0,0,1769350701.1574,27.2554,27,32,59,0.1433,0.0936,0.1045,1.0,0.0,95.64,1.1172,26.3987,26.3987,41922.7854,1769350729.5327752,5.75,62,1079,0.002,16,1,0,14.55,15.0,0,1277,1769350699.843,-27.289,meta-llama/Llama-3.2-1B-Instruct,"1769350699.843, 1769350699.944, 1769350700.039, 1769350700.237, 1769350700.514"
1.0,0,1769350701.6289,26.8489,27,31,58,0.1163,0.0766,0.1083,1.0,0.0,95.64,1.0494,25.9652,25.9652,41948.1241,1769350729.5342555,5.76,62,1080,0.002,13,0,0,14.55,15.0,0,1277,1769350699.843,-27.289,meta-llama/Llama-3.2-1B-Instruct,"1769350699.843, 1769350699.944, 1769350700.039, 1769350700.237, 1769350700.514"
1.0,0,1769350702.3145,26.2751,27,32,59,0.0636,0.0745,0.1065,1.0,0.0,95.64,0.9444,25.3387,25.3387,41948.1241,1769350729.5357566,5.74,62,1080,0.003,18,0,0,14.55,15.0,0,1277,1769350699.843,-27.289,meta-llama/Llama-3.2-1B-Instruct,"1769350699.843, 1769350699.944, 1769350700.039, 1769350700.237, 1769350700.514"
1.0,0,1769350702.215,26.3171,27,32,59,0.0629,0.0727,0.1031,1.0,0.0,95.65,0.9971,25.38,25.38,41948.1241,1769350729.5361695,5.75,62,1080,0.002,16,1,0,14.55,15.0,0,1277,1769350699.843,-27.289,meta-llama/Llama-3.2-1B-Instruct,"1769350699.843, 1769350699.944, 1769350700.039, 1769350700.237, 1769350700.514"
1.0,0,1769350702.5498,26.0843,27,32,59,0.108,0.0706,0.0791,1.0,0.0,95.65,0.9308,25.1923,25.1923,41998.4558,1769350729.5755935,5.74,62,1082,0.003,18,0,0,14.55,15.0,0,1277,1769350699.843,-27.289,meta-llama/Llama-3.2-1B-Instruct,"1769350699.843, 1769350699.944, 1769350700.039, 1769350700.237, 1769350700.514"
1.0,0,1769350702.6063,26.0849,27,32,59,0.0544,0.0695,0.0739,1.0,0.0,95.66,0.8805,25.1394,25.1394,41998.4558,1769350729.5757532,5.73,62,1082,0.003,19,1,0,14.55,15.0,0,1277,1769350699.843,-27.289,meta-llama/Llama-3.2-1B-Instruct,"1769350699.843, 1769350699.944, 1769350700.039, 1769350700.237, 1769350700.514"
1.0,0,1769350702.7271,26.0117,27,32,59,0.0892,0.0581,0.0851,1.0,0.0,95.66,0.8375,25.1009,25.1009,42023.5566,1769350729.57744,5.72,62,1083,0.003,20,1,0,14.55,15.0,0,1277,1769350699.843,-27.289,meta-llama/Llama-3.2-1B-Instruct,"1769350699.843, 1769350699.944, 1769350700.039, 1769350700.237, 1769350700.514"
1.0,0,1769350702.8536,25.9508,27,32,59,0.0848,0.0572,0.0609,1.0,0.0,95.66,0.7965,25.0356,25.0356,42048.5922,1769350729.6016471,5.72,62,1084,0.003,21,0,0,14.55,15.0,0,1277,1769350699.843,-27.289,meta-llama/Llama-3.2-1B-Instruct,"1769350699.843, 1769350699.944, 1769350700.039, 1769350700.237, 1769350700.514"
1.0,0,1769350702.9141,25.9965,27,32,59,0.0967,0.048,0.0644,1.0,0.0,95.67,0.7978,25.0932,25.0932,42073.6854,1769350729.710485,5.71,62,1085,0.003,21,0,0,14.55,15.0,0,1277,1769350699.843,-27.289,meta-llama/Llama-3.2-1B-Instruct,"1769350699.843, 1769350699.944, 1769350700.039, 1769350700.237, 1769350700.514"
1.0,0,1769350703.0969,25.9014,27,32,59,0.098,0.0585,0.1222,1.0,0.0,95.67,0.8331,24.9994,24.9994,42098.6848,1769350729.8336651,5.71,62,1086,0.004,21,0,0,14.55,15.0,0,1277,1769350699.843,-27.289,meta-llama/Llama-3.2-1B-Instruct,"1769350699.843, 1769350699.944, 1769350700.039, 1769350700.237, 1769350700.514"
1.0,0,1769350703.4681,25.5892,27,32,59,0.0971,0.0594,0.1242,1.0,0.0,95.68,0.9251,24.6863,24.6863,42123.3711,1769350730.0011554,5.7,62,1087,0.004,22,0,0,14.55,15.0,0,1277,1769350699.843,-27.289,meta-llama/Llama-3.2-1B-Instruct,"1769350699.843, 1769350699.944, 1769350700.039, 1769350700.237, 1769350700.514"
1.0,0,1769350703.5488,25.6326,27,31,58,0.0701,0.062,0.1243,1.0,0.0,95.68,0.9022,24.7028,24.7028,42148.0739,1769350730.0896838,5.7,62,1088,0.003,20,0,0,14.55,15.0,0,1277,1769350699.843,-27.289,meta-llama/Llama-3.2-1B-Instruct,"1769350699.843, 1769350699.944, 1769350700.039, 1769350700.237, 1769350700.514"
1.0,0,1769350703.7121,25.5648,27,32,59,0.0755,0.0676,0.125,1.0,0.0,95.68,0.8816,24.6403,24.6403,42172.7142,1769350730.161524,5.69,62,1089,0.003,19,0,0,14.55,15.0,0,1277,1769350699.843,-27.289,meta-llama/Llama-3.2-1B-Instruct,"1769350699.843, 1769350699.944, 1769350700.039, 1769350700.237, 1769350700.514"
1.0,0,1769350703.7949,25.6149,27,32,59,0.0779,0.0622,0.1237,1.0,0.0,95.69,0.9645,24.6928,24.6928,42197.407,1769350730.3836026,5.69,62,1090,0.003,15,0,0,14.55,15.0,0,1277,1769350699.843,-27.289,meta-llama/Llama-3.2-1B-Instruct,"1769350699.843, 1769350699.944, 1769350700.039, 1769350700.237, 1769350700.514"
1.0,0,1769350703.9314,25.6931,27,32,59,0.1068,0.076,0.0923,1.0,0.0,95.69,1.1013,24.8,24.8,42271.1422,1769350730.72921,5.68,62,1093,0.003,15,1,0,14.55,15.0,0,1277,1769350699.843,-27.289,meta-llama/Llama-3.2-1B-Instruct,"1769350699.843, 1769350699.944, 1769350700.039, 1769350700.237, 1769350700.514"
1.0,0,1769350704.3377,25.3597,27,33,60,0.0829,0.0583,0.0586,1.0,0.0,95.7,1.0266,24.4426,24.4426,42295.6612,1769350730.7343872,5.68,62,1094,0.001,6,2,0,14.55,15.0,0,1277,1769350699.843,-27.289,meta-llama/Llama-3.2-1B-Instruct,"1769350699.843, 1769350699.944, 1769350700.039, 1769350700.237, 1769350700.514"
1.0,0,1769350704.2821,25.3689,27,32,59,0.1237,0.0606,0.0661,1.0,0.0,95.7,1.0764,24.4926,24.4926,42295.6612,1769350730.7359254,5.67,62,1094,0.001,6,0,0,14.55,15.0,0,1277,1769350699.843,-27.289,meta-llama/Llama-3.2-1B-Instruct,"1769350699.843, 1769350699.944, 1769350700.039, 1769350700.237, 1769350700.514"
1.0,0,1769350704.2133,25.4164,27,32,59,0.1026,0.0742,0.0952,1.0,0.0,95.7,1.1001,24.519,24.519,42343.4695,1769350730.7409027,5.67,62,1096,0.002,10,0,0,14.55,15.0,0,1277,1769350699.843,-27.289,meta-llama/Llama-3.2-1B-Instruct,"1769350699.843, 1769350699.944, 1769350700.039, 1769350700.237, 1769350700.514"
1.0,0,1769350704.9094,24.8607,27,32,59,0.0931,0.0598,0.0772,1.0,0.0,95.71,0.9702,23.9538,23.9538,42343.4695,1769350730.7411122,5.66,62,1096,0.001,8,1,0,14.55,15.0,0,1277,1769350699.843,-27.289,meta-llama/Llama-3.2-1B-Instruct,"1769350699.843, 1769350699.944, 1769350700.039, 1769350700.237, 1769350700.514"
1.0,0,1769350705.01,24.8057,27,32,59,0.0489,0.0631,0.0695,1.0,0.0,95.71,0.9239,23.8545,23.8545,42343.4695,1769350730.7417214,5.66,62,1096,0.001,9,1,0,14.55,15.0,0,1277,1769350699.843,-27.289,meta-llama/Llama-3.2-1B-Instruct,"1769350699.843, 1769350699.944, 1769350700.039, 1769350700.237, 1769350700.514"
1.0,0,1769350705.2736,24.5853,27,32,59,0.0734,0.0687,0.0785,1.0,0.0,95.72,0.9133,23.6587,23.6587,42367.1282,1769350730.77414,5.65,62,1097,0.001,9,0,0,14.55,15.0,0,1277,1769350699.843,-27.289,meta-llama/Llama-3.2-1B-Instruct,"1769350699.843, 1769350699.944, 1769350700.039, 1769350700.237, 1769350700.514"
1.0,0,1769350705.3467,24.5748,27,32,59,0.0575,0.0597,0.0638,1.0,0.0,95.72,0.8682,23.6323,23.6323,42390.7605,1769350730.7982934,5.65,62,1098,0.001,10,1,0,14.55,15.0,0,1277,1769350699.843,-27.289,meta-llama/Llama-3.2-1B-Instruct,"1769350699.843, 1769350699.944, 1769350700.039, 1769350700.237, 1769350700.514"
1.0,0,1769350705.6472,24.341,27,32,59,0.0985,0.0573,0.0646,1.0,0.0,95.72,0.8374,23.4394,23.4394,42414.1999,1769350730.8281507,5.64,62,1099,0.001,11,0,0,14.55,15.0,0,1277,1769350699.843,-27.289,meta-llama/Llama-3.2-1B-Instruct,"1769350699.843, 1769350699.944, 1769350700.039, 1769350700.237, 1769350700.514"
1.0,0,1769350705.715,24.3486,27,32,59,0.0606,0.0584,0.061,1.0,0.0,95.73,0.7929,23.4092,23.4092,42437.6091,1769350730.8835034,5.64,62,1100,0.002,12,0,0,14.55,15.0,0,1277,1769350699.843,-27.289,meta-llama/Llama-3.2-1B-Instruct,"1769350699.843, 1769350699.944, 1769350700.039, 1769350700.237, 1769350700.514"
1.0,0,1769350705.9712,24.1613,27,32,59,0.0916,0.0541,0.057,1.0,0.0,95.73,0.7647,23.2529,23.2529,42460.862,1769350730.8979192,5.63,62,1101,0.002,12,0,0,14.55,15.0,0,1277,1769350699.843,-27.289,meta-llama/Llama-3.2-1B-Instruct,"1769350699.843, 1769350699.944, 1769350700.039, 1769350700.237, 1769350700.514"
1.0,0,1769350707.7041,23.1617,27,0,27,,,,1.0,,,0.1038,22.2656,22.2656,42483.1276,1769350730.9710064,5.63,62,1102,0.001,8,0,0,14.55,15.0,0,1277,1769350699.843,-27.289,meta-llama/Llama-3.2-1B-Instruct,"1769350699.843, 1769350699.944, 1769350700.039, 1769350700.237, 1769350700.514"
1.0,0,1769350706.8977,23.308,27,32,59,0.0703,0.0574,0.0644,1.0,0.0,95.74,0.7931,22.3782,22.3782,42505.5058,1769350730.99987,5.62,62,1103,0.002,12,0,0,14.55,15.0,0,1277,1769350699.843,-27.289,meta-llama/Llama-3.2-1B-Instruct,"1769350699.843, 1769350699.944, 1769350700.039, 1769350700.237, 1769350700.514"
1.0,0,1769350706.9562,23.307,27,32,59,0.0786,0.0634,0.0641,1.0,0.0,95.74,0.8768,22.3856,22.3856,42527.8914,1769350731.1428316,5.62,62,1104,0.002,12,0,0,14.55,15.0,0,1277,1769350699.843,-27.289,meta-llama/Llama-3.2-1B-Instruct,"1769350699.843, 1769350699.944, 1769350700.039, 1769350700.237, 1769350700.514"
1.0,0,1769350707.0178,23.347,27,32,59,0.0595,0.0586,0.0702,1.0,0.0,95.74,0.8553,22.4065,22.4065,42550.2979,1769350731.2213101,5.61,62,1105,0.002,14,0,0,14.55,15.0,0,1277,1769350699.843,-27.289,meta-llama/Llama-3.2-1B-Instruct,"1769350699.843, 1769350699.944, 1769350700.039, 1769350700.237, 1769350700.514"
1.0,0,1769350707.1765,23.2694,27,32,59,0.0778,0.0629,0.0673,1.0,0.0,95.75,0.9018,22.3473,22.3473,42572.6452,1769350731.357092,5.61,62,1106,0.002,14,0,0,14.55,15.0,0,1277,1769350699.843,-27.289,meta-llama/Llama-3.2-1B-Instruct,"1769350699.843, 1769350699.944, 1769350700.039, 1769350700.237, 1769350700.514"
1.0,0,1769350707.2494,23.2879,27,32,59,0.0751,0.0604,0.0627,1.0,0.0,95.75,0.9205,22.363,22.363,42595.0082,1769350731.4587722,5.6,62,1107,0.003,15,0,0,14.55,15.0,0,1277,1769350699.843,-27.289,meta-llama/Llama-3.2-1B-Instruct,"1769350699.843, 1769350699.944, 1769350700.039, 1769350700.237, 1769350700.514"
1.0,0,1769350707.3295,23.2886,27,32,59,0.0911,0.0605,0.0627,1.0,0.0,95.76,0.993,22.3796,22.3796,42617.3878,1769350731.6134508,5.6,62,1108,0.003,15,0,0,14.55,15.0,0,1277,1769350699.843,-27.289,meta-llama/Llama-3.2-1B-Instruct,"1769350699.843, 1769350699.944, 1769350700.039, 1769350700.237, 1769350700.514"
1.0,0,1769350709.4217,22.1193,27,8,35,0.0658,0.0712,0.0712,1.0,0.0,95.76,0.389,21.1851,21.1851,42638.573,1769350731.9305594,5.59,62,1109,0.002,13,0,0,14.55,15.0,0,1277,1769350699.843,-27.289,meta-llama/Llama-3.2-1B-Instruct,"1769350699.843, 1769350699.944, 1769350700.039, 1769350700.237, 1769350700.514"
1.0,0,1769350708.2526,22.8262,27,23,50,0.0638,0.0616,0.0629,1.0,0.0,95.76,0.9179,21.89,21.89,42660.463,1769350731.9995935,5.59,62,1110,0.001,9,0,0,14.55,15.0,0,1277,1769350699.843,-27.289,meta-llama/Llama-3.2-1B-Instruct,"1769350699.843, 1769350699.944, 1769350700.039, 1769350700.237, 1769350700.514"
1.0,0,1769350708.4383,22.6878,27,26,53,0.0828,0.0582,0.064,1.0,0.0,95.77,0.9409,21.7706,21.7706,42749.0738,1769350732.0709565,5.58,62,1114,0.001,10,0,0,14.55,15.0,0,1277,1769350699.843,-27.289,meta-llama/Llama-3.2-1B-Instruct,"1769350699.843, 1769350699.944, 1769350700.039, 1769350700.237, 1769350700.514"
1.0,0,1769350707.5275,23.3346,27,32,59,0.1062,0.0638,0.0686,1.0,0.0,95.77,1.2069,22.4407,22.4407,42749.0738,1769350732.072213,5.57,62,1114,0.003,17,0,0,14.55,15.0,0,1277,1769350699.843,-27.289,meta-llama/Llama-3.2-1B-Instruct,"1769350699.843, 1769350699.944, 1769350700.039, 1769350700.237, 1769350700.514"
1.0,0,1769350707.8896,23.0334,27,32,59,0.0474,0.0605,0.0619,1.0,0.0,95.78,1.1445,22.0808,22.0808,42749.0738,1769350732.0725489,5.58,62,1114,0.001,6,0,0,14.55,15.0,0,1277,1769350699.843,-27.289,meta-llama/Llama-3.2-1B-Instruct,"1769350699.843, 1769350699.944, 1769350700.039, 1769350700.237, 1769350700.514"
1.0,0,1769350707.65,23.2231,27,32,59,0.0956,0.0631,0.0642,1.0,0.0,95.78,1.1965,22.3187,22.3187,42749.0738,1769350732.0729072,5.57,62,1114,0.002,9,0,0,14.55,15.0,0,1277,1769350699.843,-27.289,meta-llama/Llama-3.2-1B-Instruct,"1769350699.843, 1769350699.944, 1769350700.039, 1769350700.237, 1769350700.514"
1.0,0,1769350708.0395,22.9393,27,32,59,0.0646,0.0598,0.0599,1.0,0.0,95.78,1.1303,22.0039,22.0039,42793.035,1769350732.1180813,5.56,62,1116,0.001,9,0,0,14.55,15.0,0,1277,1769350699.843,-27.289,meta-llama/Llama-3.2-1B-Instruct,"1769350699.843, 1769350699.944, 1769350700.039, 1769350700.237, 1769350700.514"
1.0,0,1769350708.1309,22.8966,27,32,59,0.0606,0.0644,0.0725,1.0,0.0,95.79,1.0876,21.9572,21.9572,42793.035,1769350732.1265028,5.56,62,1116,0.001,8,0,0,14.55,15.0,0,1277,1769350699.843,-27.289,meta-llama/Llama-3.2-1B-Instruct,"1769350699.843, 1769350699.944, 1769350700.039, 1769350700.237, 1769350700.514"
1.0,0,1769350708.5017,22.6858,27,32,59,0.1161,0.0599,0.0747,1.0,0.0,95.79,1.0596,21.8019,21.8019,42836.4457,1769350732.2509174,5.55,62,1118,0.002,11,0,0,14.55,15.0,0,1257,1769350712.442,-19.755,meta-llama/Llama-3.2-1B-Instruct,"1769350712.442, 1769350712.880, 1769350713.036, 1769350713.190, 1769350713.265"
1.0,0,1769350708.7183,22.5428,27,32,59,0.0661,0.0606,0.0706,1.0,0.0,95.8,0.985,21.6089,21.6089,42836.4457,1769350732.2510962,5.55,62,1118,0.002,10,1,0,14.55,15.0,0,1257,1769350712.442,-19.755,meta-llama/Llama-3.2-1B-Instruct,"1769350712.442, 1769350712.880, 1769350713.036, 1769350713.190, 1769350713.265"
1.0,0,1769350709.3657,22.1277,27,25,52,0.0691,0.0597,0.0624,1.0,0.0,95.8,0.7992,21.1968,21.1968,42857.6425,1769350732.293323,5.54,62,1119,0.002,12,1,0,14.55,15.0,0,1257,1769350712.442,-19.755,meta-llama/Llama-3.2-1B-Instruct,"1769350712.442, 1769350712.880, 1769350713.036, 1769350713.190, 1769350713.265"
1.0,0,1769350709.0254,22.2967,27,32,59,0.0848,0.0598,0.0659,1.0,0.0,95.8,1.0556,21.3814,21.3814,42879.0239,1769350732.3868885,5.54,62,1120,0.002,12,0,0,14.55,15.0,0,1257,1769350712.442,-19.755,meta-llama/Llama-3.2-1B-Instruct,"1769350712.442, 1769350712.880, 1769350713.036, 1769350713.190, 1769350713.265"
1.0,0,1769350709.0911,22.2978,27,32,59,0.0667,0.0603,0.0625,1.0,0.0,95.81,1.0026,21.3645,21.3645,42900.3884,1769350732.3970497,5.53,62,1121,0.002,11,1,0,14.55,15.0,0,1257,1769350712.442,-19.755,meta-llama/Llama-3.2-1B-Instruct,"1769350712.442, 1769350712.880, 1769350713.036, 1769350713.190, 1769350713.265"
1.0,0,1769350709.1908,22.2501,27,32,59,0.0615,0.0557,0.0656,1.0,0.0,95.81,0.9611,21.3115,21.3115,42921.7,1769350732.405196,5.53,62,1122,0.002,12,0,0,14.55,15.0,0,1257,1769350712.442,-19.755,meta-llama/Llama-3.2-1B-Instruct,"1769350712.442, 1769350712.880, 1769350713.036, 1769350713.190, 1769350713.265"
1.0,0,1769350709.5021,22.0934,27,32,59,0.0679,0.0708,0.1296,1.0,0.0,95.81,1.0507,21.1613,21.1613,42942.8613,1769350732.658159,5.52,62,1123,0.002,14,0,0,14.55,15.0,0,1257,1769350712.442,-19.755,meta-llama/Llama-3.2-1B-Instruct,"1769350712.442, 1769350712.880, 1769350713.036, 1769350713.190, 1769350713.265"
1.0,0,1769350709.5703,22.082,27,32,59,0.0826,0.0678,0.1304,1.0,0.0,95.82,1.0061,21.1647,21.1647,42964.0259,1769350732.65937,5.52,62,1124,0.002,15,0,0,14.55,15.0,0,1257,1769350712.442,-19.755,meta-llama/Llama-3.2-1B-Instruct,"1769350712.442, 1769350712.880, 1769350713.036, 1769350713.190, 1769350713.265"
1.0,0,1769350709.8482,21.8581,27,32,59,0.0792,0.0625,0.128,1.0,0.0,95.82,1.08,20.9373,20.9373,43005.8174,1769350732.8032897,5.51,62,1126,0.002,16,0,0,14.55,15.0,0,1257,1769350712.442,-19.755,meta-llama/Llama-3.2-1B-Instruct,"1769350712.442, 1769350712.880, 1769350713.036, 1769350713.190, 1769350713.265"
1.0,0,1769350709.9981,21.7786,27,33,60,0.0755,0.0622,0.1403,1.0,0.0,95.83,1.0255,20.8542,20.8542,43005.8174,1769350732.804965,5.51,62,1126,0.003,17,0,0,14.55,15.0,0,1257,1769350712.442,-19.755,meta-llama/Llama-3.2-1B-Instruct,"1769350712.442, 1769350712.880, 1769350713.036, 1769350713.190, 1769350713.265"
1.0,0,1769350710.1807,21.6721,27,32,59,0.0725,0.0698,0.1308,1.0,0.0,95.83,1.0269,20.7446,20.7446,43046.926,1769350732.888852,5.5,62,1128,0.003,18,0,0,14.55,15.0,0,1257,1769350712.442,-19.755,meta-llama/Llama-3.2-1B-Instruct,"1769350712.442, 1769350712.880, 1769350713.036, 1769350713.190, 1769350713.265"
1.0,0,1769350710.6187,21.2858,27,32,59,0.0781,0.0663,0.1368,1.0,0.0,95.83,0.9747,20.3639,20.3639,43046.926,1769350732.8889961,5.5,62,1128,0.003,18,0,0,14.55,15.0,0,1257,1769350712.442,-19.755,meta-llama/Llama-3.2-1B-Instruct,"1769350712.442, 1769350712.880, 1769350713.036, 1769350713.190, 1769350713.265"
1.0,0,1769350713.0789,19.8832,27,0,27,,,,1.0,,,0.07,18.9532,18.9532,43065.8792,1769350733.0472581,5.49,62,1129,0.002,13,0,0,14.55,15.0,0,1257,1769350712.442,-19.755,meta-llama/Llama-3.2-1B-Instruct,"1769350712.442, 1769350712.880, 1769350713.036, 1769350713.190, 1769350713.265"
1.0,0,1769350710.769,21.3693,27,32,59,0.0677,0.0657,0.1406,1.0,0.0,95.84,1.0541,20.4369,20.4369,43106.6875,1769350733.197621,5.49,62,1131,0.003,19,0,0,14.55,15.0,0,1257,1769350712.442,-19.755,meta-llama/Llama-3.2-1B-Instruct,"1769350712.442, 1769350712.880, 1769350713.036, 1769350713.190, 1769350713.265"
1.0,0,1769350710.8334,21.2954,27,32,59,0.076,0.0612,0.1302,1.0,0.0,95.84,1.0641,20.3714,20.3714,43106.6875,1769350733.197809,5.48,62,1131,0.002,14,0,0,14.55,15.0,0,1257,1769350712.442,-19.755,meta-llama/Llama-3.2-1B-Instruct,"1769350712.442, 1769350712.880, 1769350713.036, 1769350713.190, 1769350713.265"
1.0,0,1769350710.9288,21.2815,27,32,59,0.0754,0.0636,0.138,1.0,0.0,95.84,1.06,20.3569,20.3569,43127.0444,1769350733.2710955,5.48,62,1132,0.002,12,0,0,14.55,15.0,0,1257,1769350712.442,-19.755,meta-llama/Llama-3.2-1B-Instruct,"1769350712.442, 1769350712.880, 1769350713.036, 1769350713.190, 1769350713.265"
1.0,0,1769350711.4418,20.8632,27,32,59,0.0862,0.0635,0.1326,1.0,0.0,95.85,1.0118,19.9494,19.9494,43146.9938,1769350733.3192985,5.47,62,1133,0.002,12,0,0,14.55,15.0,0,1257,1769350712.442,-19.755,meta-llama/Llama-3.2-1B-Instruct,"1769350712.442, 1769350712.880, 1769350713.036, 1769350713.190, 1769350713.265"
1.0,0,1769350712.0355,20.3987,27,32,59,0.0987,0.0663,0.0671,1.0,0.0,95.85,0.9161,19.4974,19.4974,43186.1136,1769350733.356129,5.47,62,1135,0.002,10,1,0,14.55,15.0,0,1257,1769350712.442,-19.755,meta-llama/Llama-3.2-1B-Instruct,"1769350712.442, 1769350712.880, 1769350713.036, 1769350713.190, 1769350713.265"
1.0,0,1769350711.8801,20.4934,27,32,59,0.129,0.0633,0.083,1.0,0.0,95.86,0.9824,19.6224,19.6224,43186.1136,1769350733.3612578,5.46,62,1135,0.002,12,0,0,14.55,15.0,0,1257,1769350712.442,-19.755,meta-llama/Llama-3.2-1B-Instruct,"1769350712.442, 1769350712.880, 1769350713.036, 1769350713.190, 1769350713.265"
1.0,0,1769350712.1898,20.2896,27,32,59,0.0552,0.06,0.0674,1.0,0.0,95.86,0.8836,19.3448,19.3448,43205.4584,1769350733.364317,5.46,62,1136,0.002,11,1,0,14.55,15.0,0,1257,1769350712.442,-19.755,meta-llama/Llama-3.2-1B-Instruct,"1769350712.442, 1769350712.880, 1769350713.036, 1769350713.190, 1769350713.265"
1.0,0,1769350712.2649,20.2615,27,32,59,0.0844,0.0599,0.0632,1.0,0.0,95.86,0.8527,19.346,19.346,43244.1118,1769350733.3831205,5.45,62,1138,0.002,12,1,0,14.55,15.0,0,1257,1769350712.442,-19.755,meta-llama/Llama-3.2-1B-Instruct,"1769350712.442, 1769350712.880, 1769350713.036, 1769350713.190, 1769350713.265"
1.0,0,1769350712.3266,20.2381,27,32,59,0.0693,0.0657,0.0769,1.0,0.0,95.87,0.8183,19.3074,19.3074,43244.1118,1769350733.3838422,5.45,62,1138,0.002,13,0,0,14.55,15.0,0,1257,1769350712.442,-19.755,meta-llama/Llama-3.2-1B-Instruct,"1769350712.442, 1769350712.880, 1769350713.036, 1769350713.190, 1769350713.265"
1.0,0,1769350712.7367,19.9654,27,32,59,0.0796,0.0534,0.0579,1.0,0.0,95.87,0.7198,19.0449,19.0449,43282.2517,1769350733.4265614,5.44,62,1140,0.002,13,0,0,14.55,15.0,0,1257,1769350712.442,-19.755,meta-llama/Llama-3.2-1B-Instruct,"1769350712.442, 1769350712.880, 1769350713.036, 1769350713.190, 1769350713.265"
1.0,0,1769350712.6235,20.0044,27,32,59,0.0906,0.0533,0.0612,1.0,0.0,95.87,0.7967,19.095,19.095,43282.2517,1769350733.4298549,5.44,62,1140,0.002,15,0,0,14.55,15.0,0,1257,1769350712.442,-19.755,meta-llama/Llama-3.2-1B-Instruct,"1769350712.442, 1769350712.880, 1769350713.036, 1769350713.190, 1769350713.265"
1.0,0,1769350712.868,19.9078,27,32,59,0.0707,0.0575,0.0634,1.0,0.0,95.88,0.8002,18.9785,18.9785,43301.2303,1769350733.5780222,5.43,62,1141,0.002,14,0,0,14.55,15.0,0,1257,1769350712.442,-19.755,meta-llama/Llama-3.2-1B-Instruct,"1769350712.442, 1769350712.880, 1769350713.036, 1769350713.190, 1769350713.265"
1.0,0,1769350712.937,19.925,27,32,59,0.0578,0.0601,0.066,1.0,0.0,95.88,0.8385,18.9828,18.9828,43320.2131,1769350733.7124333,5.43,62,1142,0.002,13,0,0,14.55,15.0,0,1257,1769350712.442,-19.755,meta-llama/Llama-3.2-1B-Instruct,"1769350712.442, 1769350712.880, 1769350713.036, 1769350713.190, 1769350713.265"
1.0,0,1769350713.1355,19.9306,27,32,59,0.0576,0.0655,0.0672,1.0,0.0,95.89,0.8549,18.9881,18.9881,43339.2012,1769350733.922099,5.42,62,1143,0.002,13,0,0,14.55,15.0,0,1257,1769350712.442,-19.755,meta-llama/Llama-3.2-1B-Instruct,"1769350712.442, 1769350712.880, 1769350713.036, 1769350713.190, 1769350713.265"
1.0,0,1769350713.4195,19.6994,27,32,59,0.0665,0.0626,0.0679,1.0,0.0,95.89,0.8682,18.7659,18.7659,43357.9671,1769350733.988208,5.42,62,1144,0.002,14,0,0,14.55,15.0,0,1257,1769350712.442,-19.755,meta-llama/Llama-3.2-1B-Instruct,"1769350712.442, 1769350712.880, 1769350713.036, 1769350713.190, 1769350713.265"
1.0,0,1769350713.5058,19.6731,27,32,59,0.0806,0.0653,0.0719,1.0,0.0,95.89,0.8763,18.7537,18.7537,43376.7208,1769350734.0662663,5.41,62,1145,0.003,14,0,0,14.55,15.0,0,1257,1769350712.442,-19.755,meta-llama/Llama-3.2-1B-Instruct,"1769350712.442, 1769350712.880, 1769350713.036, 1769350713.190, 1769350713.265"
1.0,0,1769350715.1086,18.3436,27,32,59,0.0787,0.0651,0.0655,1.0,0.0,95.9,0.93,17.4223,17.4223,43450.0262,1769350734.3860962,5.41,62,1149,0.001,5,0,0,14.55,15.0,0,1257,1769350712.442,-19.755,meta-llama/Llama-3.2-1B-Instruct,"1769350712.442, 1769350712.880, 1769350713.036, 1769350713.190, 1769350713.265"
1.0,0,1769350714.0847,19.3282,27,32,59,0.1012,0.0617,0.0795,1.0,0.0,95.9,0.9683,18.4294,18.4294,43450.0262,1769350734.386616,5.41,62,1149,0.001,7,0,0,14.55,15.0,0,1257,1769350712.442,-19.755,meta-llama/Llama-3.2-1B-Instruct,"1769350712.442, 1769350712.880, 1769350713.036, 1769350713.190, 1769350713.265"
1.0,0,1769350713.704,19.6949,27,32,59,0.1162,0.0661,0.0718,1.0,0.0,95.9,0.9865,18.811,18.811,43450.0262,1769350734.386834,5.4,62,1149,0.002,14,0,0,14.55,15.0,0,1257,1769350712.442,-19.755,meta-llama/Llama-3.2-1B-Instruct,"1769350712.442, 1769350712.880, 1769350713.036, 1769350713.190, 1769350713.265"
1.0,0,1769350713.8703,19.5337,27,32,59,0.1089,0.0635,0.0658,1.0,0.0,95.91,0.9818,18.6427,18.6427,43450.0262,1769350734.3871815,5.4,62,1149,0.002,13,0,0,14.55,15.0,0,1257,1769350712.442,-19.755,meta-llama/Llama-3.2-1B-Instruct,"1769350712.442, 1769350712.880, 1769350713.036, 1769350713.190, 1769350713.265"
1.0,0,1769350715.7354,17.8259,27,32,59,0.0618,0.0629,0.0715,1.0,0.0,95.91,0.8954,16.8877,16.8877,43483.839,1769350734.465903,5.39,62,1151,0.001,9,0,0,14.55,15.0,0,1257,1769350712.442,-19.755,meta-llama/Llama-3.2-1B-Instruct,"1769350712.442, 1769350712.880, 1769350713.036, 1769350713.190, 1769350713.265"
1.0,0,1769350715.6492,17.8587,27,32,59,0.0664,0.0641,0.0668,1.0,0.0,95.91,0.9538,16.9251,16.9251,43483.839,1769350734.4661112,5.39,62,1151,0.001,9,0,0,14.55,15.0,0,1257,1769350712.442,-19.755,meta-llama/Llama-3.2-1B-Instruct,"1769350712.442, 1769350712.880, 1769350713.036, 1769350713.190, 1769350713.265"
1.0,0,1769350715.8242,17.788,27,32,59,0.0568,0.0606,0.0622,1.0,0.0,95.92,0.8872,16.8448,16.8448,43500.6838,1769350734.5006437,5.38,62,1152,0.001,9,0,0,14.55,15.0,0,1257,1769350712.442,-19.755,meta-llama/Llama-3.2-1B-Instruct,"1769350712.442, 1769350712.880, 1769350713.036, 1769350713.190, 1769350713.265"
1.0,0,1769350715.8751,17.8121,27,32,59,0.0673,0.0593,0.067,1.0,0.0,95.92,0.8724,16.8794,16.8794,43517.5632,1769350734.5630114,5.38,62,1153,0.001,10,0,0,14.55,15.0,0,1257,1769350712.442,-19.755,meta-llama/Llama-3.2-1B-Instruct,"1769350712.442, 1769350712.880, 1769350713.036, 1769350713.190, 1769350713.265"
1.0,0,1769350716.176,17.5708,27,32,59,0.0769,0.0597,0.0708,1.0,0.0,95.93,0.837,16.6477,16.6477,43534.2109,1769350734.5915453,5.37,62,1154,0.002,10,1,0,14.55,15.0,0,1257,1769350712.442,-19.755,meta-llama/Llama-3.2-1B-Instruct,"1769350712.442, 1769350712.880, 1769350713.036, 1769350713.190, 1769350713.265"
1.0,0,1769350716.3365,17.4741,27,32,59,0.0805,0.0553,0.0557,1.0,0.0,95.93,0.8183,16.5545,16.5545,43550.7654,1769350734.6354218,5.37,62,1155,0.002,12,0,0,14.55,15.0,0,1257,1769350712.442,-19.755,meta-llama/Llama-3.2-1B-Instruct,"1769350712.442, 1769350712.880, 1769350713.036, 1769350713.190, 1769350713.265"
1.0,0,1769350716.4306,17.4698,27,32,59,0.0711,0.0592,0.0677,1.0,0.0,95.93,0.7591,16.5409,16.5409,43567.3063,1769350734.6612473,5.36,62,1156,0.002,13,0,0,14.55,15.0,0,1257,1769350712.442,-19.755,meta-llama/Llama-3.2-1B-Instruct,"1769350712.442, 1769350712.880, 1769350713.036, 1769350713.190, 1769350713.265"
1.0,0,1769350716.5383,17.4356,27,32,59,0.0844,0.0575,0.0656,1.0,0.0,95.94,0.7414,16.52,16.52,43583.8263,1769350734.7204018,5.36,62,1157,0.002,13,0,0,14.55,15.0,0,1257,1769350712.442,-19.755,meta-llama/Llama-3.2-1B-Instruct,"1769350712.442, 1769350712.880, 1769350713.036, 1769350713.190, 1769350713.265"
1.0,0,1769350716.6355,17.4083,27,32,59,0.0935,0.0597,0.0938,1.0,0.0,95.94,0.8534,16.5018,16.5018,43600.3282,1769350734.899207,5.35,62,1158,0.002,12,0,0,14.55,15.0,0,1257,1769350712.442,-19.755,meta-llama/Llama-3.2-1B-Instruct,"1769350712.442, 1769350712.880, 1769350713.036, 1769350713.190, 1769350713.265"
1.0,0,1769350716.771,17.3706,27,32,59,0.0579,0.0865,0.0941,1.0,0.0,95.94,0.8934,16.4285,16.4285,43616.7567,1769350735.036235,5.35,62,1159,0.002,12,1,0,14.55,15.0,0,1257,1769350712.442,-19.755,meta-llama/Llama-3.2-1B-Instruct,"1769350712.442, 1769350712.880, 1769350713.036, 1769350713.190, 1769350713.265"
1.0,0,1769350717.0208,17.189,27,32,59,0.1036,0.0787,0.0858,1.0,0.0,95.95,0.9533,16.2926,16.2926,43633.0493,1769350735.165534,5.34,62,1160,0.002,14,0,0,14.55,15.0,0,1257,1769350712.442,-19.755,meta-llama/Llama-3.2-1B-Instruct,"1769350712.442, 1769350712.880, 1769350713.036, 1769350713.190, 1769350713.265"
1.0,0,1769350717.1026,17.1829,27,32,59,0.0818,0.0859,0.0874,1.0,0.0,95.95,0.9406,16.2647,16.2647,43649.314,1769350735.228182,5.34,62,1161,0.002,14,0,0,14.55,15.0,0,1257,1769350712.442,-19.755,meta-llama/Llama-3.2-1B-Instruct,"1769350712.442, 1769350712.880, 1769350713.036, 1769350713.190, 1769350713.265"
1.0,0,1769350717.1737,17.1792,27,32,59,0.0682,0.087,0.0881,1.0,0.0,95.95,0.9352,16.2474,16.2474,43665.5614,1769350735.2923815,5.34,62,1162,0.003,15,1,0,14.55,15.0,0,1257,1769350712.442,-19.755,meta-llama/Llama-3.2-1B-Instruct,"1769350712.442, 1769350712.880, 1769350713.036, 1769350713.190, 1769350713.265"
1.0,0,1769350718.3074,16.7105,27,8,35,0.0644,0.0491,0.0491,1.0,0.0,95.96,0.323,15.7749,15.7749,43681.3363,1769350735.3496392,5.33,62,1163,0.002,12,0,0,14.55,15.0,0,1257,1769350712.442,-19.755,meta-llama/Llama-3.2-1B-Instruct,"1769350712.442, 1769350712.880, 1769350713.036, 1769350713.190, 1769350713.265"
1.0,0,1769350717.5803,16.8601,27,32,59,0.0596,0.082,0.0905,1.0,0.0,95.96,0.9735,15.9197,15.9197,43697.2559,1769350735.4253166,5.33,62,1164,0.002,12,0,0,14.55,15.0,0,1257,1769350712.442,-19.755,meta-llama/Llama-3.2-1B-Instruct,"1769350712.442, 1769350712.880, 1769350713.036, 1769350713.190, 1769350713.265"
1.0,0,1769350717.941,16.7581,27,32,59,0.1314,0.069,0.0919,1.0,0.0,95.96,1.1461,15.8895,15.8895,43761.0145,1769350735.8499312,5.32,62,1168,0.001,6,0,0,14.55,15.0,0,1257,1769350712.442,-19.755,meta-llama/Llama-3.2-1B-Instruct,"1769350712.442, 1769350712.880, 1769350713.036, 1769350713.190, 1769350713.265"
1.0,0,1769350718.0039,16.7673,27,32,59,0.0603,0.0657,0.0763,1.0,0.0,95.97,1.0765,15.8276,15.8276,43761.0145,1769350735.8505805,5.31,62,1168,0.001,8,1,0,14.55,15.0,0,1257,1769350712.442,-19.755,meta-llama/Llama-3.2-1B-Instruct,"1769350712.442, 1769350712.880, 1769350713.036, 1769350713.190, 1769350713.265"
1.0,0,1769350717.6482,17.0164,27,32,59,0.1224,0.0668,0.0902,1.0,0.0,95.97,1.1827,16.1388,16.1388,43761.0145,1769350735.851146,5.32,62,1168,0.002,11,0,0,14.55,15.0,0,1257,1769350712.442,-19.755,meta-llama/Llama-3.2-1B-Instruct,"1769350712.442, 1769350712.880, 1769350713.036, 1769350713.190, 1769350713.265"
1.0,0,1769350717.8838,16.7891,27,32,59,0.1135,0.0637,0.0801,1.0,0.0,95.98,1.1757,15.9026,15.9026,43761.0145,1769350735.851471,5.31,62,1168,0.001,8,0,0,14.55,15.0,0,1257,1769350712.442,-19.755,meta-llama/Llama-3.2-1B-Instruct,"1769350712.442, 1769350712.880, 1769350713.036, 1769350713.190, 1769350713.265"
1.0,0,1769350718.0581,16.7661,27,32,59,0.0998,0.0598,0.062,1.0,0.0,95.98,1.0668,15.866,15.866,43776.8804,1769350735.9068408,5.3,62,1169,0.001,9,1,0,14.55,15.0,0,1257,1769350712.442,-19.755,meta-llama/Llama-3.2-1B-Instruct,"1769350712.442, 1769350712.880, 1769350713.036, 1769350713.190, 1769350713.265"
1.0,0,1769350718.1196,16.7512,27,32,59,0.0538,0.0561,0.0601,1.0,0.0,95.98,1.0408,15.8049,15.8049,43824.2641,1769350735.9216194,5.29,62,1172,0.002,10,0,0,14.55,15.0,0,1257,1769350712.442,-19.755,meta-llama/Llama-3.2-1B-Instruct,"1769350712.442, 1769350712.880, 1769350713.036, 1769350713.190, 1769350713.265"
1.0,0,1769350718.2481,16.7126,27,32,59,0.074,0.0583,0.0603,1.0,0.0,95.99,0.9504,15.7866,15.7866,43824.2641,1769350735.921898,5.3,62,1172,0.002,11,0,0,14.55,15.0,0,1257,1769350712.442,-19.755,meta-llama/Llama-3.2-1B-Instruct,"1769350712.442, 1769350712.880, 1769350713.036, 1769350713.190, 1769350713.265"
1.0,0,1769350718.1837,16.7346,27,32,59,0.0576,0.0637,0.0659,1.0,0.0,95.99,0.9984,15.7922,15.7922,43824.2641,1769350735.9254453,5.29,62,1172,0.002,11,0,0,14.55,15.0,0,1257,1769350712.442,-19.755,meta-llama/Llama-3.2-1B-Instruct,"1769350712.442, 1769350712.880, 1769350713.036, 1769350713.190, 1769350713.265"
1.0,0,1769350718.5003,16.5712,27,32,59,0.0617,0.0549,0.058,1.0,0.0,95.99,0.8884,15.6329,15.6329,43839.897,1769350735.9636097,5.29,62,1173,0.002,13,0,0,14.55,15.0,0,1257,1769350712.442,-19.755,meta-llama/Llama-3.2-1B-Instruct,"1769350712.442, 1769350712.880, 1769350713.036, 1769350713.190, 1769350713.265"
1.0,0,1769350719.2572,16.0765,27,32,59,0.0756,0.0612,0.2833,1.0,0.0,96.0,0.9189,15.152,15.152,43855.0491,1769350736.2675822,5.28,62,1174,0.002,13,0,0,14.55,15.0,0,1257,1769350712.442,-19.755,meta-llama/Llama-3.2-1B-Instruct,"1769350712.442, 1769350712.880, 1769350713.036, 1769350713.190, 1769350713.265"
1.0,0,1769350719.7772,15.6756,27,32,59,0.0756,0.0592,0.3113,1.0,0.0,96.0,0.8256,14.7512,14.7512,43884.6613,1769350736.2886539,5.28,62,1176,0.002,13,0,0,14.55,15.0,0,1257,1769350712.442,-19.755,meta-llama/Llama-3.2-1B-Instruct,"1769350712.442, 1769350712.880, 1769350713.036, 1769350713.190, 1769350713.265"
1.0,0,1769350719.6087,15.785,27,32,59,0.076,0.0606,0.3209,1.0,0.0,96.0,0.8896,14.861,14.861,43930.2879,1769350736.3318498,5.27,62,1179,0.002,14,0,0,14.55,15.0,0,1257,1769350712.442,-19.755,meta-llama/Llama-3.2-1B-Instruct,"1769350712.442, 1769350712.880, 1769350713.036, 1769350713.190, 1769350713.265"
1.0,0,1769350719.1048,16.103,27,32,59,0.0783,0.0627,0.2888,1.0,0.0,96.01,1.0993,15.1813,15.1813,43930.2879,1769350736.3346472,5.27,62,1179,0.002,13,0,0,14.55,15.0,0,1257,1769350712.442,-19.755,meta-llama/Llama-3.2-1B-Instruct,"1769350712.442, 1769350712.880, 1769350713.036, 1769350713.190, 1769350713.265"
1.0,0,1769350718.9372,16.212,27,32,59,0.0716,0.0627,0.3229,1.0,0.0,96.01,1.1818,15.2836,15.2836,43945.0707,1769350736.3435583,5.26,62,1180,0.002,14,0,0,14.55,15.0,0,1257,1769350712.442,-19.755,meta-llama/Llama-3.2-1B-Instruct,"1769350712.442, 1769350712.880, 1769350713.036, 1769350713.190, 1769350713.265"
1.0,0,1769350719.8291,15.6958,27,32,59,0.087,0.0734,0.3578,1.0,0.0,96.02,0.8133,14.7828,14.7828,43959.8147,1769350736.3512905,5.25,62,1181,0.002,15,0,0,14.55,15.0,0,1257,1769350712.442,-19.755,meta-llama/Llama-3.2-1B-Instruct,"1769350712.442, 1769350712.880, 1769350713.036, 1769350713.190, 1769350713.265"
1.0,0,1769350719.9237,15.6776,27,31,58,0.0665,0.0462,0.3059,1.0,0.0,96.02,0.7464,14.7441,14.7441,43959.8147,1769350736.3534064,5.25,62,1181,0.002,15,0,0,14.55,15.0,0,1257,1769350712.442,-19.755,meta-llama/Llama-3.2-1B-Instruct,"1769350712.442, 1769350712.880, 1769350713.036, 1769350713.190, 1769350713.265"
1.0,0,1769350720.3853,15.2736,27,31,58,0.0873,0.0801,0.3022,1.0,0.0,96.02,0.7814,14.3609,14.3609,43974.1756,1769350736.4412887,5.25,62,1182,0.003,17,0,0,14.55,15.0,0,1257,1769350712.442,-19.755,meta-llama/Llama-3.2-1B-Instruct,"1769350712.442, 1769350712.880, 1769350713.036, 1769350713.190, 1769350713.265"
1.0,0,1769350720.7209,15.2282,27,32,59,0.1059,0.0643,0.1925,1.0,0.0,96.03,0.8692,14.3341,14.3341,44017.57,1769350736.8305273,5.24,62,1185,0.002,10,0,0,14.55,15.0,0,1257,1769350712.442,-19.755,meta-llama/Llama-3.2-1B-Instruct,"1769350712.442, 1769350712.880, 1769350713.036, 1769350713.190, 1769350713.265"
1.0,0,1769350720.8936,15.1524,27,32,59,0.1958,0.0554,0.0798,1.0,0.0,96.03,0.7855,14.3483,14.3483,44046.2624,1769350736.8342676,5.23,62,1187,0.002,12,1,0,14.55,15.0,0,1257,1769350712.442,-19.755,meta-llama/Llama-3.2-1B-Instruct,"1769350712.442, 1769350712.880, 1769350713.036, 1769350713.190, 1769350713.265"
1.0,0,1769350720.4546,15.4372,27,32,59,0.1304,0.0698,0.2508,1.0,0.0,96.03,0.9379,14.5676,14.5676,44046.2624,1769350736.83512,5.23,62,1187,0.003,17,0,0,14.55,15.0,0,1257,1769350712.442,-19.755,meta-llama/Llama-3.2-1B-Instruct,"1769350712.442, 1769350712.880, 1769350713.036, 1769350713.190, 1769350713.265"
1.0,0,1769350720.6653,15.2219,27,35,62,0.1222,0.0702,0.2441,1.0,0.0,96.04,0.9465,14.3441,14.3441,44046.2624,1769350736.8361266,5.22,62,1187,0.002,12,0,0,14.55,15.0,0,1257,1769350712.442,-19.755,meta-llama/Llama-3.2-1B-Instruct,"1769350712.442, 1769350712.880, 1769350713.036, 1769350713.190, 1769350713.265"
1.0,0,1769350720.8041,15.1994,27,32,59,0.2934,0.0664,0.0713,1.0,0.0,96.04,0.8258,14.4927,14.4927,44046.2624,1769350736.8380613,5.24,62,1187,0.002,11,1,0,14.55,15.0,0,1257,1769350712.442,-19.755,meta-llama/Llama-3.2-1B-Instruct,"1769350712.442, 1769350712.880, 1769350713.036, 1769350713.190, 1769350713.265"
1.0,0,1769350721.1613,15.1951,27,32,59,0.0704,0.0693,0.1063,1.0,0.0,96.04,1.0001,14.2655,14.2655,44074.3223,1769350737.3649106,5.21,62,1189,0.001,6,0,0,14.55,15.0,0,1240,1769350724.089,-13.133,meta-llama/Llama-3.2-1B-Instruct,"1769350724.089, 1769350724.269, 1769350724.348, 1769350724.418, 1769350724.475"
1.0,0,1769350721.9009,14.7246,27,24,51,0.0697,0.056,0.1048,1.0,0.0,96.05,0.7301,13.7943,13.7943,44074.3223,1769350737.3668334,5.22,62,1189,0.001,9,1,0,14.55,15.0,0,1240,1769350724.089,-13.133,meta-llama/Llama-3.2-1B-Instruct,"1769350724.089, 1769350724.269, 1769350724.348, 1769350724.418, 1769350724.475"
1.0,0,1769350721.3735,15.108,27,32,59,0.0561,0.0619,0.0997,1.0,0.0,96.05,0.9898,14.1641,14.1641,44102.7744,1769350737.4777305,5.21,62,1191,0.001,6,1,0,14.55,15.0,0,1240,1769350724.089,-13.133,meta-llama/Llama-3.2-1B-Instruct,"1769350724.089, 1769350724.269, 1769350724.348, 1769350724.418, 1769350724.475"
1.0,0,1769350721.2467,15.1715,27,32,59,0.1166,0.0716,0.1045,1.0,0.0,96.05,1.0553,14.288,14.288,44102.7744,1769350737.4785573,5.21,62,1191,0.001,6,1,0,14.55,15.0,0,1240,1769350724.089,-13.133,meta-llama/Llama-3.2-1B-Instruct,"1769350724.089, 1769350724.269, 1769350724.348, 1769350724.418, 1769350724.475"
1.0,0,1769350721.4691,15.0444,27,33,60,0.0727,0.0642,0.1044,1.0,0.0,96.06,1.0086,14.117,14.117,44116.8914,1769350737.5245695,5.2,62,1192,0.001,7,1,0,14.55,15.0,0,1240,1769350724.089,-13.133,meta-llama/Llama-3.2-1B-Instruct,"1769350724.089, 1769350724.269, 1769350724.348, 1769350724.418, 1769350724.475"
1.0,0,1769350721.5301,15.0443,27,32,59,0.0627,0.0568,0.1144,1.0,0.0,96.06,0.9896,14.1069,14.1069,44130.9983,1769350737.5688667,5.2,62,1193,0.001,8,1,0,14.55,15.0,0,1240,1769350724.089,-13.133,meta-llama/Llama-3.2-1B-Instruct,"1769350724.089, 1769350724.269, 1769350724.348, 1769350724.418, 1769350724.475"
1.0,0,1769350722.1543,14.5312,27,32,59,0.0699,0.0699,0.1029,1.0,0.0,96.07,0.9738,13.6012,13.6012,44158.2042,1769350737.662371,5.19,62,1195,0.002,11,0,0,14.55,15.0,0,1240,1769350724.089,-13.133,meta-llama/Llama-3.2-1B-Instruct,"1769350724.089, 1769350724.269, 1769350724.348, 1769350724.418, 1769350724.475"
1.0,0,1769350722.2302,14.5178,27,32,59,0.087,0.068,0.1093,1.0,0.0,96.07,0.9143,13.6047,13.6047,44158.2042,1769350737.6636858,5.19,62,1195,0.002,12,0,0,14.55,15.0,0,1240,1769350724.089,-13.133,meta-llama/Llama-3.2-1B-Instruct,"1769350724.089, 1769350724.269, 1769350724.348, 1769350724.418, 1769350724.475"
1.0,0,1769350722.3288,14.4969,27,32,59,0.0609,0.0709,0.108,1.0,0.0,96.07,0.9934,13.5579,13.5579,44171.7621,1769350737.8365557,5.18,62,1196,0.002,12,0,0,14.55,15.0,0,1240,1769350724.089,-13.133,meta-llama/Llama-3.2-1B-Instruct,"1769350724.089, 1769350724.269, 1769350724.348, 1769350724.418, 1769350724.475"
1.0,0,1769350722.389,14.4895,27,32,59,0.0802,0.0684,0.1034,1.0,0.0,96.08,0.9945,13.5697,13.5697,44185.3318,1769350737.8755822,5.18,62,1197,0.001,8,0,0,14.55,15.0,0,1240,1769350724.089,-13.133,meta-llama/Llama-3.2-1B-Instruct,"1769350724.089, 1769350724.269, 1769350724.348, 1769350724.418, 1769350724.475"
1.0,0,1769350722.7744,14.4006,27,25,52,0.0606,0.0654,0.0699,1.0,0.0,96.08,0.8974,13.4613,13.4613,44198.7931,1769350738.0838592,5.18,62,1198,0.002,11,2,0,14.55,15.0,0,1240,1769350724.089,-13.133,meta-llama/Llama-3.2-1B-Instruct,"1769350724.089, 1769350724.269, 1769350724.348, 1769350724.418, 1769350724.475"
1.0,0,1769350722.659,14.448,27,32,59,0.0952,0.0741,0.0854,1.0,0.0,96.08,1.0636,13.5431,13.5431,44225.8479,1769350738.1784801,5.17,62,1200,0.002,10,0,0,14.55,15.0,0,1240,1769350724.089,-13.133,meta-llama/Llama-3.2-1B-Instruct,"1769350724.089, 1769350724.269, 1769350724.348, 1769350724.418, 1769350724.475"
1.0,0,1769350722.7228,14.3921,27,32,59,0.1196,0.0628,0.069,1.0,0.0,96.09,1.059,13.5117,13.5117,44225.8479,1769350738.178658,5.17,62,1200,0.002,10,0,0,14.55,15.0,0,1240,1769350724.089,-13.133,meta-llama/Llama-3.2-1B-Instruct,"1769350724.089, 1769350724.269, 1769350724.348, 1769350724.418, 1769350724.475"
1.0,0,1769350722.523,14.6036,27,32,59,0.1114,0.0661,0.0675,1.0,0.0,96.09,1.0531,13.715,13.715,44239.5629,1769350738.1806698,5.16,62,1201,0.001,9,0,0,14.55,15.0,0,1240,1769350724.089,-13.133,meta-llama/Llama-3.2-1B-Instruct,"1769350724.089, 1769350724.269, 1769350724.348, 1769350724.418, 1769350724.475"
1.0,0,1769350722.9166,14.3127,27,32,59,0.0676,0.0703,0.0712,1.0,0.0,96.09,0.9896,13.3803,13.3803,44252.9432,1769350738.223395,5.16,62,1202,0.002,13,1,0,14.55,15.0,0,1240,1769350724.089,-13.133,meta-llama/Llama-3.2-1B-Instruct,"1769350724.089, 1769350724.269, 1769350724.348, 1769350724.418, 1769350724.475"
1.0,0,1769350723.0893,14.1867,27,31,58,0.0712,0.0606,0.0653,1.0,0.0,96.1,0.9748,13.2579,13.2579,44266.201,1769350738.2686093,5.15,62,1203,0.002,14,0,0,14.55,15.0,0,1240,1769350724.089,-13.133,meta-llama/Llama-3.2-1B-Instruct,"1769350724.089, 1769350724.269, 1769350724.348, 1769350724.418, 1769350724.475"
1.0,0,1769350723.2692,14.0714,27,32,59,0.0628,0.0592,0.0762,1.0,0.0,96.1,0.9296,13.1342,13.1342,44279.3353,1769350738.271109,5.15,62,1204,0.002,14,0,0,14.55,15.0,0,1240,1769350724.089,-13.133,meta-llama/Llama-3.2-1B-Instruct,"1769350724.089, 1769350724.269, 1769350724.348, 1769350724.418, 1769350724.475"
1.0,0,1769350723.8648,13.8192,27,21,48,0.0786,0.0569,0.0663,1.0,0.0,96.1,0.6094,12.8978,12.8978,44292.2331,1769350738.2996073,5.15,62,1205,0.002,12,0,0,14.55,15.0,0,1240,1769350724.089,-13.133,meta-llama/Llama-3.2-1B-Instruct,"1769350724.089, 1769350724.269, 1769350724.348, 1769350724.418, 1769350724.475"
1.0,0,1769350723.3481,14.0578,27,32,59,0.07,0.0593,0.0701,1.0,0.0,96.1,0.8941,13.1277,13.1277,44305.3608,1769350738.3007934,5.14,62,1206,0.002,15,0,0,14.55,15.0,0,1240,1769350724.089,-13.133,meta-llama/Llama-3.2-1B-Instruct,"1769350724.089, 1769350724.269, 1769350724.348, 1769350724.418, 1769350724.475"
1.0,0,1769350723.4185,14.033,27,32,59,0.0697,0.06,0.0734,1.0,0.0,96.11,0.861,13.1027,13.1027,44318.4636,1769350738.313921,5.14,62,1207,0.003,15,0,0,14.55,15.0,0,1240,1769350724.089,-13.133,meta-llama/Llama-3.2-1B-Instruct,"1769350724.089, 1769350724.269, 1769350724.348, 1769350724.418, 1769350724.475"
1.0,0,1769350723.4754,14.0702,27,32,59,0.0484,0.0724,0.0739,1.0,0.0,96.11,0.7993,13.1186,13.1186,44331.5821,1769350738.3486705,5.13,62,1208,0.002,13,0,0,14.55,15.0,0,1240,1769350724.089,-13.133,meta-llama/Llama-3.2-1B-Instruct,"1769350724.089, 1769350724.269, 1769350724.348, 1769350724.418, 1769350724.475"
1.0,0,1769350723.5865,14.0327,27,32,59,0.0806,0.0662,0.1194,1.0,0.0,96.11,0.9252,13.1132,13.1132,44344.6953,1769350738.546613,5.13,62,1209,0.002,13,0,0,14.55,15.0,0,1240,1769350724.089,-13.133,meta-llama/Llama-3.2-1B-Instruct,"1769350724.089, 1769350724.269, 1769350724.348, 1769350724.418, 1769350724.475"
1.0,0,1769350723.9215,13.8183,27,33,60,0.0926,0.0593,0.1193,1.0,0.0,96.12,0.8744,12.9109,12.9109,44357.6062,1769350738.615089,5.12,62,1210,0.002,13,0,0,14.55,15.0,0,1240,1769350724.089,-13.133,meta-llama/Llama-3.2-1B-Instruct,"1769350724.089, 1769350724.269, 1769350724.348, 1769350724.418, 1769350724.475"
1.0,0,1769350723.9837,13.8247,27,32,59,0.0603,0.0629,0.1212,1.0,0.0,96.12,0.8766,12.885,12.885,44370.4912,1769350738.6953712,5.12,62,1211,0.002,14,0,0,14.55,15.0,0,1240,1769350724.089,-13.133,meta-llama/Llama-3.2-1B-Instruct,"1769350724.089, 1769350724.269, 1769350724.348, 1769350724.418, 1769350724.475"
1.0,0,1769350724.0766,13.8151,27,32,59,0.0563,0.0629,0.1185,1.0,0.0,96.12,0.8701,12.8714,12.8714,44383.3626,1769350738.7632747,5.12,62,1212,0.002,14,0,0,14.55,15.0,0,1240,1769350724.089,-13.133,meta-llama/Llama-3.2-1B-Instruct,"1769350724.089, 1769350724.269, 1769350724.348, 1769350724.418, 1769350724.475"
1.0,0,1769350724.3383,13.6273,27,32,59,0.1063,0.0601,0.1238,1.0,0.0,96.13,0.9477,12.7336,12.7336,44396.0962,1769350738.9161458,5.11,62,1213,0.002,15,0,0,14.55,15.0,0,1240,1769350724.089,-13.133,meta-llama/Llama-3.2-1B-Instruct,"1769350724.089, 1769350724.269, 1769350724.348, 1769350724.418, 1769350724.475"
1.0,0,1769350724.9396,13.1052,27,32,59,0.0864,0.0621,0.1204,1.0,0.0,96.13,0.9312,12.1916,12.1916,44408.2877,1769350738.9854674,5.11,62,1214,0.003,15,0,0,14.55,15.0,0,1240,1769350724.089,-13.133,meta-llama/Llama-3.2-1B-Instruct,"1769350724.089, 1769350724.269, 1769350724.348, 1769350724.418, 1769350724.475"
1.0,0,1769350725.0005,13.1466,27,32,59,0.078,0.055,0.1247,1.0,0.0,96.13,0.9346,12.2245,12.2245,44420.5123,1769350739.0875247,5.1,62,1215,0.003,16,0,0,14.55,15.0,0,1240,1769350724.089,-13.133,meta-llama/Llama-3.2-1B-Instruct,"1769350724.089, 1769350724.269, 1769350724.348, 1769350724.418, 1769350724.475"
1.0,0,1769350725.6242,12.8945,27,32,59,0.051,0.0591,0.062,1.0,0.0,96.14,0.9324,11.9454,11.9454,44468.9571,1769350739.4606338,5.09,62,1219,0.002,10,0,0,14.55,15.0,0,1240,1769350724.089,-13.133,meta-llama/Llama-3.2-1B-Instruct,"1769350724.089, 1769350724.269, 1769350724.348, 1769350724.418, 1769350724.475"
1.0,0,1769350725.0716,13.2864,27,32,59,0.1133,0.0595,0.0738,1.0,0.0,96.14,1.092,12.3996,12.3996,44480.9709,1769350739.466312,5.09,62,1220,0.002,12,0,0,14.55,15.0,0,1240,1769350724.089,-13.133,meta-llama/Llama-3.2-1B-Instruct,"1769350724.089, 1769350724.269, 1769350724.348, 1769350724.418, 1769350724.475"
1.0,0,1769350725.5486,12.9111,27,32,59,0.1055,0.0581,0.0648,1.0,0.0,96.14,0.9923,12.0166,12.0166,44480.9709,1769350739.4674287,5.09,62,1220,0.001,9,1,0,14.55,15.0,0,1240,1769350724.089,-13.133,meta-llama/Llama-3.2-1B-Instruct,"1769350724.089, 1769350724.269, 1769350724.348, 1769350724.418, 1769350724.475"
1.0,0,1769350725.4064,12.9739,27,32,59,0.1093,0.0554,0.0627,1.0,0.0,96.15,1.0685,12.0832,12.0832,44480.9709,1769350739.467603,5.1,62,1220,0.001,7,0,0,14.55,15.0,0,1240,1769350724.089,-13.133,meta-llama/Llama-3.2-1B-Instruct,"1769350724.089, 1769350724.269, 1769350724.348, 1769350724.418, 1769350724.475"
1.0,0,1769350725.4742,12.9381,27,31,58,0.0757,0.0594,0.0594,1.0,0.0,96.15,1.0537,12.0138,12.0138,44480.9709,1769350739.4684258,5.08,62,1220,0.001,7,0,0,14.55,15.0,0,1240,1769350724.089,-13.133,meta-llama/Llama-3.2-1B-Instruct,"1769350724.089, 1769350724.269, 1769350724.348, 1769350724.418, 1769350724.475"
1.0,0,1769350725.7895,12.8036,27,32,59,0.0622,0.0683,0.0729,1.0,0.0,96.15,0.9611,11.8657,11.8657,44492.8366,1769350739.5650852,5.08,62,1221,0.002,11,0,0,14.55,15.0,0,1240,1769350724.089,-13.133,meta-llama/Llama-3.2-1B-Instruct,"1769350724.089, 1769350724.269, 1769350724.348, 1769350724.418, 1769350724.475"
1.0,0,1769350726.0018,12.6718,27,32,59,0.0622,0.0668,0.0727,1.0,0.0,96.16,0.8938,11.7341,11.7341,44504.5707,1769350739.5771062,5.07,62,1222,0.002,10,0,0,14.55,15.0,0,1240,1769350724.089,-13.133,meta-llama/Llama-3.2-1B-Instruct,"1769350724.089, 1769350724.269, 1769350724.348, 1769350724.418, 1769350724.475"
1.0,0,1769350726.1943,12.5319,27,32,59,0.086,0.0703,0.074,1.0,0.0,96.16,0.8828,11.6179,11.6179,44516.1886,1769350739.6112833,5.07,62,1223,0.002,10,0,0,14.55,15.0,0,1240,1769350724.089,-13.133,meta-llama/Llama-3.2-1B-Instruct,"1769350724.089, 1769350724.269, 1769350724.348, 1769350724.418, 1769350724.475"
1.0,0,1769350726.3843,12.4181,27,32,59,0.0576,0.0546,0.0661,1.0,0.0,96.16,0.836,11.4757,11.4757,44527.6643,1769350739.6433127,5.07,62,1224,0.002,11,0,0,14.55,15.0,0,1240,1769350724.089,-13.133,meta-llama/Llama-3.2-1B-Instruct,"1769350724.089, 1769350724.269, 1769350724.348, 1769350724.418, 1769350724.475"
1.0,0,1769350726.6032,12.2753,27,32,59,0.097,0.0704,0.1517,1.0,0.0,96.17,1.0707,11.3723,11.3723,44539.0367,1769350739.963898,5.06,62,1225,0.002,11,0,0,14.55,15.0,0,1240,1769350724.089,-13.133,meta-llama/Llama-3.2-1B-Instruct,"1769350724.089, 1769350724.269, 1769350724.348, 1769350724.418, 1769350724.475"
1.0,0,1769350726.6571,12.3006,27,32,59,0.0747,0.0815,0.149,1.0,0.0,96.17,1.0973,11.3752,11.3752,44550.4119,1769350740.0608928,5.06,62,1226,0.002,11,0,0,14.55,15.0,0,1240,1769350724.089,-13.133,meta-llama/Llama-3.2-1B-Instruct,"1769350724.089, 1769350724.269, 1769350724.348, 1769350724.418, 1769350724.475"
1.0,0,1769350726.7108,12.3052,27,32,59,0.0617,0.0723,0.1606,1.0,0.0,96.17,1.0816,11.3669,11.3669,44573.1252,1769350740.1127772,5.05,62,1228,0.002,11,1,0,14.55,15.0,0,1240,1769350724.089,-13.133,meta-llama/Llama-3.2-1B-Instruct,"1769350724.089, 1769350724.269, 1769350724.348, 1769350724.418, 1769350724.475"
1.0,0,1769350726.7914,12.2752,27,32,59,0.0712,0.0692,0.1516,1.0,0.0,96.18,1.0332,11.3464,11.3464,44573.1252,1769350740.1138742,5.05,62,1228,0.002,12,0,0,14.55,15.0,0,1240,1769350724.089,-13.133,meta-llama/Llama-3.2-1B-Instruct,"1769350724.089, 1769350724.269, 1769350724.348, 1769350724.418, 1769350724.475"
1.0,0,1769350726.8536,12.2731,27,33,60,0.052,0.0695,0.1562,1.0,0.0,96.18,0.9883,11.3251,11.3251,44584.4503,1769350740.1166086,5.04,62,1229,0.002,13,0,0,14.55,15.0,0,1240,1769350724.089,-13.133,meta-llama/Llama-3.2-1B-Instruct,"1769350724.089, 1769350724.269, 1769350724.348, 1769350724.418, 1769350724.475"
1.0,0,1769350729.4503,10.6993,27,0,27,,,,1.0,,,0.0824,9.7818,9.7818,44605.4585,1769350740.2347622,5.04,62,1231,0.002,14,0,0,14.55,15.0,0,1240,1769350724.089,-13.133,meta-llama/Llama-3.2-1B-Instruct,"1769350724.089, 1769350724.269, 1769350724.348, 1769350724.418, 1769350724.475"
1.0,0,1769350727.037,12.1627,27,32,59,0.0638,0.0704,0.1578,1.0,0.0,96.18,1.0334,11.2265,11.2265,44605.4585,1769350740.2358708,5.04,62,1231,0.002,14,0,0,14.55,15.0,0,1240,1769350724.089,-13.133,meta-llama/Llama-3.2-1B-Instruct,"1769350724.089, 1769350724.269, 1769350724.348, 1769350724.418, 1769350724.475"
1.0,0,1769350727.9086,11.5248,27,23,50,0.0725,0.0659,0.1533,1.0,0.0,96.19,0.8443,10.5973,10.5973,44616.0558,1769350740.2803237,5.03,62,1232,0.003,16,0,0,14.55,15.0,0,1240,1769350724.089,-13.133,meta-llama/Llama-3.2-1B-Instruct,"1769350724.089, 1769350724.269, 1769350724.348, 1769350724.418, 1769350724.475"
1.0,0,1769350727.1177,12.1686,27,32,59,0.0544,0.0747,0.1594,1.0,0.0,96.19,1.0532,11.223,11.223,44627.2788,1769350740.3403604,5.03,62,1233,0.003,15,0,0,14.55,15.0,0,1240,1769350724.089,-13.133,meta-llama/Llama-3.2-1B-Instruct,"1769350724.089, 1769350724.269, 1769350724.348, 1769350724.418, 1769350724.475"
1.0,0,1769350727.5312,11.8317,27,32,59,0.0992,0.059,0.1608,1.0,0.0,96.19,1.1384,10.9309,10.9309,44638.2096,1769350740.505977,5.02,62,1234,0.003,16,0,0,14.55,15.0,0,1240,1769350724.089,-13.133,meta-llama/Llama-3.2-1B-Instruct,"1769350724.089, 1769350724.269, 1769350724.348, 1769350724.418, 1769350724.475"
1.0,0,1769350728.2464,11.4385,27,32,59,0.0957,0.0669,0.067,1.0,0.0,96.2,1.1268,10.5342,10.5342,44690.9428,1769350740.833537,5.02,62,1239,0.002,10,1,0,14.55,15.0,0,1240,1769350724.089,-13.133,meta-llama/Llama-3.2-1B-Instruct,"1769350724.089, 1769350724.269, 1769350724.348, 1769350724.418, 1769350724.475"
1.0,0,1769350728.4547,11.3072,27,32,59,0.0657,0.0581,0.0733,1.0,0.0,96.2,1.0655,10.3729,10.3729,44711.3149,1769350740.8361135,5.01,62,1241,0.002,12,1,0,14.55,15.0,0,1240,1769350724.089,-13.133,meta-llama/Llama-3.2-1B-Instruct,"1769350724.089, 1769350724.269, 1769350724.348, 1769350724.418, 1769350724.475"
1.0,0,1769350728.3435,11.3837,27,32,59,0.0544,0.065,0.0787,1.0,0.0,96.2,1.084,10.4381,10.4381,44711.3149,1769350740.8382,5.02,62,1241,0.002,11,1,0,14.55,15.0,0,1240,1769350724.089,-13.133,meta-llama/Llama-3.2-1B-Instruct,"1769350724.089, 1769350724.269, 1769350724.348, 1769350724.418, 1769350724.475"
1.0,0,1769350728.0773,11.5661,27,32,59,0.0922,0.065,0.0912,1.0,0.0,96.2,1.1844,10.6583,10.6583,44711.3149,1769350740.8384109,5.01,62,1241,0.002,9,0,0,14.55,15.0,0,1240,1769350724.089,-13.133,meta-llama/Llama-3.2-1B-Instruct,"1769350724.089, 1769350724.269, 1769350724.348, 1769350724.418, 1769350724.475"
1.0,0,1769350727.9743,11.6292,27,32,59,0.1004,0.0627,0.1174,1.0,0.0,96.21,1.227,10.7296,10.7296,44711.3149,1769350740.8483443,5.0,62,1241,0.002,13,0,0,14.55,15.0,0,1240,1769350724.089,-13.133,meta-llama/Llama-3.2-1B-Instruct,"1769350724.089, 1769350724.269, 1769350724.348, 1769350724.418, 1769350724.475"
1.0,0,1769350728.605,11.2071,27,32,59,0.1058,0.0618,0.0629,1.0,0.0,96.21,1.0238,10.3129,10.3129,44711.3149,1769350740.8512273,5.0,62,1241,0.002,13,0,0,14.55,15.0,0,1240,1769350724.089,-13.133,meta-llama/Llama-3.2-1B-Instruct,"1769350724.089, 1769350724.269, 1769350724.348, 1769350724.418, 1769350724.475"
1.0,0,1769350728.8608,11.0106,27,32,59,0.0487,0.0563,0.0595,1.0,0.0,96.21,0.9636,10.0593,10.0593,44711.3149,1769350740.8520336,5.0,62,1241,0.002,14,1,0,14.55,15.0,0,1240,1769350724.089,-13.133,meta-llama/Llama-3.2-1B-Instruct,"1769350724.089, 1769350724.269, 1769350724.348, 1769350724.418, 1769350724.475"
1.0,0,1769350729.1382,10.8675,27,35,62,0.0539,0.0608,0.0836,1.0,0.0,96.22,0.8979,9.9214,9.9214,44731.2772,1769350740.9080524,4.99,62,1243,0.003,16,0,0,14.55,15.0,0,1240,1769350724.089,-13.133,meta-llama/Llama-3.2-1B-Instruct,"1769350724.089, 1769350724.269, 1769350724.348, 1769350724.418, 1769350724.475"
1.0,0,1769350728.9747,10.9619,27,32,59,0.079,0.056,0.0676,1.0,0.0,96.22,0.9689,10.0409,10.0409,44731.2772,1769350740.9085052,4.99,62,1243,0.002,16,0,0,14.55,15.0,0,1240,1769350724.089,-13.133,meta-llama/Llama-3.2-1B-Instruct,"1769350724.089, 1769350724.269, 1769350724.348, 1769350724.418, 1769350724.475"
1.0,0,1769350729.3434,10.7369,27,32,59,0.083,0.0601,0.1166,1.0,0.0,96.22,1.0363,9.8199,9.8199,44741.0971,1769350741.1244502,4.98,62,1244,0.002,15,0,0,14.55,15.0,0,1240,1769350724.089,-13.133,meta-llama/Llama-3.2-1B-Instruct,"1769350724.089, 1769350724.269, 1769350724.348, 1769350724.418, 1769350724.475"
1.0,0,1769350729.5907,10.6056,27,32,59,0.0776,0.0719,0.1189,1.0,0.0,96.23,1.0425,9.6832,9.6832,44750.7803,1769350741.2463768,4.98,62,1245,0.002,15,0,0,14.55,15.0,0,1240,1769350724.089,-13.133,meta-llama/Llama-3.2-1B-Instruct,"1769350724.089, 1769350724.269, 1769350724.348, 1769350724.418, 1769350724.475"
1.0,0,1769350729.793,10.4708,27,32,59,0.0512,0.068,0.1128,1.0,0.0,96.23,1.0233,9.522,9.522,44760.3023,1769350741.2924507,4.98,62,1246,0.002,13,0,0,14.55,15.0,0,1240,1769350724.089,-13.133,meta-llama/Llama-3.2-1B-Instruct,"1769350724.089, 1769350724.269, 1769350724.348, 1769350724.418, 1769350724.475"
1.0,0,1769350729.8821,10.4417,27,32,59,0.0638,0.0631,0.1167,1.0,0.0,96.23,1.0633,9.5055,9.5055,44769.8078,1769350741.3901618,4.97,62,1247,0.002,14,0,0,14.55,15.0,0,1240,1769350724.089,-13.133,meta-llama/Llama-3.2-1B-Instruct,"1769350724.089, 1769350724.269, 1769350724.348, 1769350724.418, 1769350724.475"
1.0,0,1769350730.1852,10.19,27,32,59,0.0865,0.0608,0.1212,1.0,0.0,96.24,1.0396,9.2765,9.2765,44779.0843,1769350741.4194396,4.97,62,1248,0.002,13,0,0,14.55,15.0,0,1240,1769350724.089,-13.133,meta-llama/Llama-3.2-1B-Instruct,"1769350724.089, 1769350724.269, 1769350724.348, 1769350724.418, 1769350724.475"
1.0,0,1769350730.5007,9.9358,27,32,59,0.0746,0.0594,0.1243,1.0,0.0,96.24,1.016,9.0104,9.0104,44788.0947,1769350741.4565115,4.96,62,1249,0.002,14,0,0,14.55,15.0,0,1240,1769350724.089,-13.133,meta-llama/Llama-3.2-1B-Instruct,"1769350724.089, 1769350724.269, 1769350724.348, 1769350724.418, 1769350724.475"
1.0,0,1769350730.7535,9.7889,27,32,59,0.0821,0.0628,0.1138,1.0,0.0,96.24,1.0007,8.8709,8.8709,44796.9656,1769350741.5577257,4.96,62,1250,0.002,15,0,0,14.55,15.0,0,1240,1769350724.089,-13.133,meta-llama/Llama-3.2-1B-Instruct,"1769350724.089, 1769350724.269, 1769350724.348, 1769350724.418, 1769350724.475"
1.0,0,1769350730.811,9.797,27,32,59,0.0764,0.0662,0.1126,1.0,0.0,96.24,1.0147,8.8734,8.8734,44805.839,1769350741.6266885,4.96,62,1251,0.003,16,0,0,14.55,15.0,0,1240,1769350724.089,-13.133,meta-llama/Llama-3.2-1B-Instruct,"1769350724.089, 1769350724.269, 1769350724.348, 1769350724.418, 1769350724.475"
1.0,0,1769350731.4187,9.2757,27,32,59,0.0933,0.0695,0.1249,1.0,0.0,96.25,1.0556,8.369,8.369,44814.208,1769350741.7574024,4.95,62,1252,0.003,17,0,0,14.55,15.0,0,1240,1769350724.089,-13.133,meta-llama/Llama-3.2-1B-Instruct,"1769350724.089, 1769350724.269, 1769350724.348, 1769350724.418, 1769350724.475"
1.0,0,1769350731.6293,9.3045,27,32,59,0.1177,0.0587,0.0626,1.0,0.0,96.25,1.0336,8.4221,8.4221,44847.8431,1769350741.9755847,4.94,62,1256,0.002,9,1,0,14.55,15.0,0,1240,1769350724.089,-13.133,meta-llama/Llama-3.2-1B-Instruct,"1769350724.089, 1769350724.269, 1769350724.348, 1769350724.418, 1769350724.475"
1.0,0,1769350731.4701,9.3875,27,32,59,0.1041,0.0666,0.0988,1.0,0.0,96.25,1.1094,8.4915,8.4915,44847.8431,1769350741.9792697,4.94,62,1256,0.003,17,0,0,14.55,15.0,0,1240,1769350724.089,-13.133,meta-llama/Llama-3.2-1B-Instruct,"1769350724.089, 1769350724.269, 1769350724.348, 1769350724.418, 1769350724.475"
1.0,0,1769350731.5741,9.3029,27,32,59,0.1229,0.0655,0.0673,1.0,0.0,96.26,1.0889,8.4258,8.4258,44847.8431,1769350741.9803953,4.95,62,1256,0.002,10,0,0,14.55,15.0,0,1240,1769350724.089,-13.133,meta-llama/Llama-3.2-1B-Instruct,"1769350724.089, 1769350724.269, 1769350724.348, 1769350724.418, 1769350724.475"
1.0,0,1769350731.7532,9.2327,27,32,59,0.0629,0.0624,0.0671,1.0,0.0,96.26,0.984,8.2956,8.2956,44847.8431,1769350741.980745,4.94,62,1256,0.002,11,1,0,14.55,15.0,0,1240,1769350724.089,-13.133,meta-llama/Llama-3.2-1B-Instruct,"1769350724.089, 1769350724.269, 1769350724.348, 1769350724.418, 1769350724.475"
1.0,0,1769350731.8225,9.2132,27,32,59,0.0702,0.0614,0.062,1.0,0.0,96.26,0.9699,8.2834,8.2834,44856.1265,1769350742.0118632,4.93,62,1257,0.002,12,1,0,14.55,15.0,0,1240,1769350724.089,-13.133,meta-llama/Llama-3.2-1B-Instruct,"1769350724.089, 1769350724.269, 1769350724.348, 1769350724.418, 1769350724.475"
1.0,0,1769350732.053,9.1085,27,32,59,0.0577,0.0589,0.0627,1.0,0.0,96.27,0.8881,8.1662,8.1662,44872.6352,1769350742.054066,4.93,62,1259,0.002,13,0,0,14.55,15.0,0,1240,1769350724.089,-13.133,meta-llama/Llama-3.2-1B-Instruct,"1769350724.089, 1769350724.269, 1769350724.348, 1769350724.418, 1769350724.475"
1.0,0,1769350731.8752,9.2341,27,32,59,0.1084,0.0549,0.0605,1.0,0.0,96.27,0.9445,8.3425,8.3425,44872.6352,1769350742.0546515,4.92,62,1259,0.002,14,0,0,14.55,15.0,0,1240,1769350724.089,-13.133,meta-llama/Llama-3.2-1B-Instruct,"1769350724.089, 1769350724.269, 1769350724.348, 1769350724.418, 1769350724.475"
1.0,0,1769350732.5042,8.7653,27,32,59,0.0713,0.057,0.0656,1.0,0.0,96.27,0.8034,7.8366,7.8366,44888.3373,1769350742.0799317,4.92,62,1261,0.002,14,0,0,14.55,15.0,0,1240,1769350724.089,-13.133,meta-llama/Llama-3.2-1B-Instruct,"1769350724.089, 1769350724.269, 1769350724.348, 1769350724.418, 1769350724.475"
1.0,0,1769350732.4123,8.7972,27,32,59,0.0684,0.0629,0.0642,1.0,0.0,96.28,0.8677,7.8656,7.8656,44888.3373,1769350742.080089,4.92,62,1261,0.002,14,1,0,14.55,15.0,0,1240,1769350724.089,-13.133,meta-llama/Llama-3.2-1B-Instruct,"1769350724.089, 1769350724.269, 1769350724.348, 1769350724.418, 1769350724.475"
1.0,0,1769350733.0957,8.2308,27,32,59,0.0611,0.0574,0.0664,1.0,0.0,96.28,0.7608,7.2919,7.2919,44895.6292,1769350742.0896792,4.91,62,1262,0.002,14,0,0,14.55,15.0,0,1240,1769350724.089,-13.133,meta-llama/Llama-3.2-1B-Instruct,"1769350724.089, 1769350724.269, 1769350724.348, 1769350724.418, 1769350724.475"
1.0,0,1769350733.5152,7.8841,27,32,59,0.0881,0.0631,0.0822,1.0,0.0,96.28,0.9188,6.9721,6.9721,44902.6014,1769350742.3211093,4.91,62,1263,0.002,15,0,0,14.55,15.0,0,1221,1769350736.826,-5.403,meta-llama/Llama-3.2-1B-Instruct,"1769350736.826, 1769350736.927, 1769350737.023, 1769350737.231, 1769350737.389"
1.0,0,1769350734.1791,7.3359,27,32,59,0.1086,0.0657,0.0784,1.0,0.0,96.28,1.0282,6.4445,6.4445,44909.0458,1769350742.5515387,4.91,62,1264,0.002,14,0,0,14.55,15.0,0,1221,1769350736.826,-5.403,meta-llama/Llama-3.2-1B-Instruct,"1769350736.826, 1769350736.927, 1769350737.023, 1769350737.231, 1769350737.389"
1.0,0,1769350734.5802,7.0136,27,32,59,0.0871,0.0763,0.0879,1.0,0.0,96.29,1.0037,6.1007,6.1007,44915.1465,1769350742.6099124,4.9,62,1265,0.002,13,1,0,14.55,15.0,0,1221,1769350736.826,-5.403,meta-llama/Llama-3.2-1B-Instruct,"1769350736.826, 1769350736.927, 1769350737.023, 1769350737.231, 1769350737.389"
1.0,0,1769350734.6614,7.0074,27,32,59,0.076,0.0645,0.0836,1.0,0.0,96.29,0.9811,6.0834,6.0834,44921.2299,1769350742.6511488,4.9,62,1266,0.002,14,0,0,14.55,15.0,0,1221,1769350736.826,-5.403,meta-llama/Llama-3.2-1B-Instruct,"1769350736.826, 1769350736.927, 1769350737.023, 1769350737.231, 1769350737.389"
1.0,0,1769350734.7438,6.9898,27,32,59,0.0528,0.0716,0.0836,1.0,0.0,96.29,0.9541,6.0427,6.0427,44927.2726,1769350742.6917758,4.89,62,1267,0.002,14,0,0,14.55,15.0,0,1221,1769350736.826,-5.403,meta-llama/Llama-3.2-1B-Instruct,"1769350736.826, 1769350736.927, 1769350737.023, 1769350737.231, 1769350737.389"
1.0,0,1769350734.8461,6.9615,27,32,59,0.0763,0.0781,0.0821,1.0,0.0,96.3,0.9311,6.0378,6.0378,44933.3105,1769350742.7429793,4.89,62,1268,0.003,15,0,0,14.55,15.0,0,1221,1769350736.826,-5.403,meta-llama/Llama-3.2-1B-Instruct,"1769350736.826, 1769350736.927, 1769350737.023, 1769350737.231, 1769350737.389"
1.0,0,1769350734.9339,6.9557,27,32,59,0.079,0.0748,0.0843,1.0,0.0,96.3,0.9257,6.0347,6.0347,44939.3452,1769350742.8167403,4.89,62,1269,0.003,16,0,0,14.55,15.0,0,1221,1769350736.826,-5.403,meta-llama/Llama-3.2-1B-Instruct,"1769350736.826, 1769350736.927, 1769350737.023, 1769350737.231, 1769350737.389"
1.0,0,1769350735.572,6.6117,27,24,51,0.0668,0.0656,0.084,1.0,0.0,96.3,1.0316,5.6785,5.6785,44945.0237,1769350743.2231245,4.88,62,1270,0.001,8,2,0,14.55,15.0,0,1221,1769350736.826,-5.403,meta-llama/Llama-3.2-1B-Instruct,"1769350736.826, 1769350736.927, 1769350737.023, 1769350737.231, 1769350737.389"
1.0,0,1769350735.8261,6.4721,27,26,53,0.0655,0.0889,0.1014,1.0,0.0,96.31,1.0647,5.5376,5.5376,44974.2783,1769350743.3832762,4.88,62,1275,0.002,11,0,0,14.55,15.0,0,1221,1769350736.826,-5.403,meta-llama/Llama-3.2-1B-Instruct,"1769350736.826, 1769350736.927, 1769350737.023, 1769350737.231, 1769350737.389"
1.0,0,1769350735.1825,6.9289,27,32,59,0.0853,0.0908,0.0994,1.0,0.0,96.31,1.2632,6.0142,6.0142,44974.2783,1769350743.3846009,4.87,62,1275,0.002,10,0,0,14.55,15.0,0,1221,1769350736.826,-5.403,meta-llama/Llama-3.2-1B-Instruct,"1769350736.826, 1769350736.927, 1769350737.023, 1769350737.231, 1769350737.389"
1.0,0,1769350734.9952,7.1124,27,32,59,0.0875,0.0872,0.1063,1.0,0.0,96.31,1.2653,6.2,6.2,44974.2783,1769350743.384745,4.87,62,1275,0.003,16,0,0,14.55,15.0,0,1221,1769350736.826,-5.403,meta-llama/Llama-3.2-1B-Instruct,"1769350736.826, 1769350736.927, 1769350737.023, 1769350737.231, 1769350737.389"
1.0,0,1769350735.635,6.6009,27,28,55,0.0709,0.0958,0.0986,1.0,0.0,96.31,1.1451,5.6717,5.6717,44974.2783,1769350743.3873696,4.87,62,1275,0.002,10,0,0,14.55,15.0,0,1221,1769350736.826,-5.403,meta-llama/Llama-3.2-1B-Instruct,"1769350736.826, 1769350736.927, 1769350737.023, 1769350737.231, 1769350737.389"
1.0,0,1769350735.3633,6.7727,27,32,59,0.0585,0.0906,0.0935,1.0,0.0,96.32,1.2461,5.8312,5.8312,44974.2783,1769350743.3924098,4.86,62,1275,0.001,7,0,0,14.55,15.0,0,1221,1769350736.826,-5.403,meta-llama/Llama-3.2-1B-Instruct,"1769350736.826, 1769350736.927, 1769350737.023, 1769350737.231, 1769350737.389"
1.0,0,1769350739.5742,4.1001,27,0,27,,,,1.0,,,1.673,4.7731,4.7731,44983.9816,1769350745.3480656,4.86,62,1277,0.013,17,1,0,14.55,15.0,0,1221,1769350736.826,-5.403,meta-llama/Llama-3.2-1B-Instruct,"1769350736.826, 1769350736.927, 1769350737.023, 1769350737.231, 1769350737.389"
200.0,1,1769350540.4112,203.1436,3245,0,3245,,,,200.0,,,1.7866,4.9302,4.9302,44983.9816,1769350745.3526149,4.86,62,1277,0.013,17,1,0,14.55,15.0,0,1221,1769350736.826,-5.403,meta-llama/Llama-3.2-1B-Instruct,"1769350736.826, 1769350736.927, 1769350737.023, 1769350737.231, 1769350737.389"
1.0,0,1769350735.9267,6.4223,27,32,59,0.0756,0.1065,5.9,1.0,4.9,96.24,7.0481,5.4979,5.4979,44989.4795,1769350749.4024272,4.85,62,1278,0.002,11,1,0,14.55,15.0,0,1227,1769350743.767,-3.462,meta-llama/Llama-3.2-1B-Instruct,"1769350743.767, 1769350743.828, 1769350743.843, 1769350743.933, 1769350743.937"
1.0,0,1769350736.0232,6.3889,27,32,59,0.0649,0.0954,5.8766,1.0,4.8766,96.16,7.006,5.4538,5.4538,44994.9333,1769350749.4298542,4.85,62,1279,0.002,12,0,0,14.55,15.0,0,1227,1769350743.767,-3.462,meta-llama/Llama-3.2-1B-Instruct,"1769350743.767, 1769350743.828, 1769350743.843, 1769350743.933, 1769350743.937"
1.0,0,1769350736.2313,6.2288,27,32,59,0.0891,0.0992,5.8876,1.0,4.8876,96.09,6.9915,5.3179,5.3179,45000.2512,1769350749.4572942,4.84,62,1280,0.002,13,1,0,14.55,15.0,0,1227,1769350743.767,-3.462,meta-llama/Llama-3.2-1B-Instruct,"1769350743.767, 1769350743.828, 1769350743.843, 1769350743.933, 1769350743.937"
1.0,0,1769350736.389,6.135,27,32,59,0.0813,0.1068,5.8826,1.0,4.8826,96.01,6.9975,5.2163,5.2163,45005.4676,1769350749.537405,4.84,62,1281,0.002,14,0,0,14.55,15.0,0,1227,1769350743.767,-3.462,meta-llama/Llama-3.2-1B-Instruct,"1769350743.767, 1769350743.828, 1769350743.843, 1769350743.933, 1769350743.937"
1.0,0,1769350736.4885,6.1097,27,32,59,0.0925,1.0996,5.8925,1.0,4.8925,95.93,8.1169,5.2023,5.2023,45010.6699,1769350750.7255611,4.84,62,1282,0.002,14,0,0,14.55,15.0,0,1227,1769350743.767,-3.462,meta-llama/Llama-3.2-1B-Instruct,"1769350743.767, 1769350743.828, 1769350743.843, 1769350743.933, 1769350743.937"
1.0,0,1769350736.5471,6.1691,27,32,59,0.088,1.0869,5.8781,1.0,4.8781,95.86,8.1781,5.2571,5.2571,45015.927,1769350750.8981447,4.83,62,1283,0.002,13,0,0,14.55,15.0,0,1227,1769350743.767,-3.462,meta-llama/Llama-3.2-1B-Instruct,"1769350743.767, 1769350743.828, 1769350743.843, 1769350743.933, 1769350743.937"
1.0,0,1769350736.7243,6.0683,27,32,59,0.0723,1.0953,5.8883,1.0,4.8883,95.78,8.1627,5.1406,5.1406,45021.0677,1769350750.9700658,4.83,62,1284,0.002,13,0,0,14.55,15.0,0,1227,1769350743.767,-3.462,meta-llama/Llama-3.2-1B-Instruct,"1769350743.767, 1769350743.828, 1769350743.843, 1769350743.933, 1769350743.937"
1.0,0,1769350736.7837,6.0669,27,32,59,0.0645,1.1099,5.8882,1.0,4.8882,95.7,8.186,5.1314,5.1314,45026.199,1769350751.0373707,4.82,62,1285,0.002,12,0,0,14.55,15.0,0,1227,1769350743.767,-3.462,meta-llama/Llama-3.2-1B-Instruct,"1769350743.767, 1769350743.828, 1769350743.843, 1769350743.933, 1769350743.937"
1.0,0,1769350737.1511,5.7518,27,32,59,0.0684,1.107,5.8966,1.0,4.8966,95.63,8.1499,4.8202,4.8202,45031.0192,1769350751.0596414,4.82,62,1286,0.002,14,0,0,14.55,15.0,0,1227,1769350743.767,-3.462,meta-llama/Llama-3.2-1B-Instruct,"1769350743.767, 1769350743.828, 1769350743.843, 1769350743.933, 1769350743.937"
1.0,0,1769350737.5753,5.3826,27,32,59,0.1043,1.1023,5.8898,1.0,4.8898,95.55,8.1622,4.4869,4.4869,45039.9154,1769350751.1293333,4.82,62,1288,0.002,15,0,0,14.55,15.0,0,1227,1769350743.767,-3.462,meta-llama/Llama-3.2-1B-Instruct,"1769350743.767, 1769350743.828, 1769350743.843, 1769350743.933, 1769350743.937"
1.0,0,1769350737.6535,5.3593,27,32,59,0.05,1.0958,5.9071,1.0,4.9071,95.48,8.1084,4.4093,4.4093,45039.9154,1769350751.1295252,4.81,62,1288,0.002,15,0,0,14.55,15.0,0,1227,1769350743.767,-3.462,meta-llama/Llama-3.2-1B-Instruct,"1769350743.767, 1769350743.828, 1769350743.843, 1769350743.933, 1769350743.937"
1.0,0,1769350738.3182,4.7388,27,32,59,0.1002,1.6538,5.8964,1.0,4.8964,95.4,9.7258,3.839,3.839,45047.5227,1769350752.7917476,4.81,62,1290,0.003,16,0,0,14.55,15.0,0,1287,1769350744.56,-7.674,meta-llama/Llama-3.2-1B-Instruct,"1769350744.560, 1769350744.682, 1769350744.766, 1769350744.844, 1769350744.917"
1.0,0,1769350738.3899,4.713,27,32,59,0.0553,1.6795,5.8838,1.0,4.8838,95.32,9.6871,3.7683,3.7683,45047.5227,1769350752.7955842,4.81,62,1290,0.003,17,0,0,14.55,15.0,0,1287,1769350744.56,-7.674,meta-llama/Llama-3.2-1B-Instruct,"1769350744.560, 1769350744.682, 1769350744.766, 1769350744.844, 1769350744.917"
1.0,0,1769350738.8483,4.3027,27,32,59,0.0934,1.6748,5.8933,1.0,4.8933,95.25,9.6767,3.3961,3.3961,45054.2319,1769350752.8347247,4.8,62,1292,0.003,18,1,0,14.55,15.0,0,1287,1769350744.56,-7.674,meta-llama/Llama-3.2-1B-Instruct,"1769350744.560, 1769350744.682, 1769350744.766, 1769350744.844, 1769350744.917"
1.0,0,1769350738.9323,4.2545,27,32,59,0.0586,1.6688,5.9004,1.0,4.9004,95.17,9.6477,3.3131,3.3131,45060.7425,1769350752.8643172,4.8,62,1293,0.003,19,0,0,14.55,15.0,0,1287,1769350744.56,-7.674,meta-llama/Llama-3.2-1B-Instruct,"1769350744.560, 1769350744.682, 1769350744.766, 1769350744.844, 1769350744.917"
1.0,0,1769350740.3529,5.0191,27,24,51,2.4915,1.4449,1.6718,1.0,0.6718,95.1,7.4881,6.5106,6.5106,45060.7425,1769350752.8894858,4.8,62,1293,0.091,28,2,0,14.55,15.0,0,1287,1769350744.56,-7.674,meta-llama/Llama-3.2-1B-Instruct,"1769350744.560, 1769350744.682, 1769350744.766, 1769350744.844, 1769350744.917"
1.0,0,1769350739.495,4.0942,27,32,59,1.7548,1.8746,3.9513,1.0,2.9513,95.02,11.3519,4.849,4.849,45084.5552,1769350754.9506302,4.79,62,1298,0.013,17,1,0,14.55,15.0,0,1287,1769350744.56,-7.674,meta-llama/Llama-3.2-1B-Instruct,"1769350744.560, 1769350744.682, 1769350744.766, 1769350744.844, 1769350744.917"
1.0,0,1769350739.6627,4.0655,27,32,59,1.6146,1.8722,3.9508,1.0,2.9508,94.95,11.2134,4.6802,4.6802,45084.5552,1769350754.9509933,4.79,62,1298,0.013,17,1,0,14.55,15.0,0,1287,1769350744.56,-7.674,meta-llama/Llama-3.2-1B-Instruct,"1769350744.560, 1769350744.682, 1769350744.766, 1769350744.844, 1769350744.917"
1.0,0,1769350739.3269,4.1779,27,32,59,1.8312,1.8786,3.9751,1.0,2.9751,94.87,11.4394,5.0091,5.0091,45084.5552,1769350754.9517462,4.78,62,1298,0.013,17,1,0,14.55,15.0,0,1287,1769350744.56,-7.674,meta-llama/Llama-3.2-1B-Instruct,"1769350744.560, 1769350744.682, 1769350744.766, 1769350744.844, 1769350744.917"
1.0,0,1769350740.1278,3.8378,27,32,59,3.0955,1.8767,2.2372,1.0,1.2372,94.8,10.9764,5.9333,5.9333,45084.5552,1769350754.9520233,4.78,62,1298,0.056,25,0,0,14.55,15.0,0,1287,1769350744.56,-7.674,meta-llama/Llama-3.2-1B-Instruct,"1769350744.560, 1769350744.682, 1769350744.766, 1769350744.844, 1769350744.917"
1.0,0,1769350739.1016,4.2358,27,32,59,0.1052,1.8737,5.8574,1.0,4.8574,94.72,11.613,3.341,3.341,45084.5552,1769350754.9522214,4.78,62,1298,0.003,20,0,0,14.55,15.0,0,1287,1769350744.56,-7.674,meta-llama/Llama-3.2-1B-Instruct,"1769350744.560, 1769350744.682, 1769350744.766, 1769350744.844, 1769350744.917"
1.0,0,1769350740.7489,8.8299,27,32,59,1.0632,1.6844,1.8788,1.0,0.8788,94.65,6.9203,8.8932,8.8932,45093.4483,1769350756.5014431,4.77,62,1299,0.156,29,1,0,14.55,15.0,0,1287,1769350744.56,-7.674,meta-llama/Llama-3.2-1B-Instruct,"1769350744.560, 1769350744.682, 1769350744.766, 1769350744.844, 1769350744.917"
1.0,0,1769350740.8138,9.9749,27,31,58,0.1018,1.6654,1.8758,1.0,0.8758,94.58,6.004,9.0768,9.0768,45102.5251,1769350756.7947426,4.77,62,1300,0.178,31,0,0,14.55,15.0,0,1287,1769350744.56,-7.674,meta-llama/Llama-3.2-1B-Instruct,"1769350744.560, 1769350744.682, 1769350744.766, 1769350744.844, 1769350744.917"
1.0,0,1769350740.9089,10.0094,27,32,59,0.1077,1.6692,1.8691,1.0,0.8691,94.5,5.9866,9.1171,9.1171,45111.6422,1769350756.9142172,4.77,62,1301,0.179,31,0,0,14.55,15.0,0,1287,1769350744.56,-7.674,meta-llama/Llama-3.2-1B-Instruct,"1769350744.560, 1769350744.682, 1769350744.766, 1769350744.844, 1769350744.917"
1.0,0,1769350741.1415,10.0109,27,32,59,1.584,1.6305,1.8835,1.0,0.8835,94.43,7.466,10.5949,10.5949,45132.8982,1769350758.6230419,4.76,62,1303,0.189,28,0,0,14.55,15.0,0,1344,1769350745.518,-11.726,meta-llama/Llama-3.2-1B-Instruct,"1769350745.518, 1769350745.550, 1769350745.573, 1769350745.650, 1769350745.857"
1.0,0,1769350741.0772,9.9961,27,32,59,1.6649,1.6328,1.8745,1.0,0.8745,94.35,7.5477,10.6611,10.6611,45132.8982,1769350758.6232626,4.76,62,1303,0.178,29,1,0,14.55,15.0,0,1344,1769350745.518,-11.726,meta-llama/Llama-3.2-1B-Instruct,"1769350745.518, 1769350745.550, 1769350745.573, 1769350745.650, 1769350745.857"
1.0,0,1769350741.5697,11.3649,27,32,59,1.8401,1.1503,1.634,1.0,0.634,94.28,6.2632,12.205,12.205,45145.1032,1769350759.2001255,4.75,62,1304,0.223,27,0,0,14.55,15.0,0,1344,1769350745.518,-11.726,meta-llama/Llama-3.2-1B-Instruct,"1769350745.518, 1769350745.550, 1769350745.573, 1769350745.650, 1769350745.857"
1.0,0,1769350741.7112,13.2912,27,32,59,0.1025,1.1441,1.6357,1.0,0.6357,94.21,4.8475,12.3937,12.3937,45182.1331,1769350759.8654637,4.75,62,1307,0.274,27,0,0,14.55,15.0,0,1344,1769350745.518,-11.726,meta-llama/Llama-3.2-1B-Instruct,"1769350745.518, 1769350745.550, 1769350745.573, 1769350745.650, 1769350745.857"
1.0,0,1769350741.9248,13.0693,27,32,59,0.1092,1.1476,1.6315,1.0,0.6315,94.13,4.8637,12.1785,12.1785,45182.1331,1769350759.8656445,4.74,62,1307,0.274,27,0,0,14.55,15.0,0,1344,1769350745.518,-11.726,meta-llama/Llama-3.2-1B-Instruct,"1769350745.518, 1769350745.550, 1769350745.573, 1769350745.650, 1769350745.857"
1.0,0,1769350741.6417,13.3679,27,32,59,0.0898,1.1457,1.6423,1.0,0.6423,94.06,4.8477,12.4577,12.4577,45182.1331,1769350759.868133,4.75,62,1307,0.274,27,0,0,14.55,15.0,0,1344,1769350745.518,-11.726,meta-llama/Llama-3.2-1B-Instruct,"1769350745.518, 1769350745.550, 1769350745.573, 1769350745.650, 1769350745.857"
1.0,0,1769350741.8564,13.1599,27,32,59,0.0862,1.1469,1.6354,1.0,0.6354,93.98,4.8525,12.2461,12.2461,45194.3792,1769350759.870065,4.74,62,1308,0.274,27,0,0,14.55,15.0,0,1344,1769350745.518,-11.726,meta-llama/Llama-3.2-1B-Instruct,"1769350745.518, 1769350745.550, 1769350745.573, 1769350745.650, 1769350745.857"
1.0,0,1769350742.0065,14.5471,27,32,59,0.1147,0.8433,1.622,1.0,0.622,93.91,4.5556,13.6618,13.6618,45208.041,1769350761.1118762,4.74,62,1309,0.303,31,0,0,14.55,15.0,0,1344,1769350745.518,-11.726,meta-llama/Llama-3.2-1B-Instruct,"1769350745.518, 1769350745.550, 1769350745.573, 1769350745.650, 1769350745.857"
1.0,0,1769350742.1529,14.7959,27,32,59,1.6052,0.381,0.8523,1.0,0.0,93.92,4.7947,15.4011,15.4011,45223.4421,1769350761.762874,4.73,62,1310,0.303,30,0,0,14.55,15.0,0,1344,1769350745.518,-11.726,meta-llama/Llama-3.2-1B-Instruct,"1769350745.518, 1769350745.550, 1769350745.573, 1769350745.650, 1769350745.857"
1.0,0,1769350742.3875,16.2876,27,32,59,0.4541,0.4102,0.8473,1.0,0.0,93.92,3.6836,15.7417,15.7417,45239.1837,1769350762.365637,4.73,62,1311,0.337,30,0,0,14.55,15.0,0,1402,1769350746.31,-15.953,meta-llama/Llama-3.2-1B-Instruct,"1769350746.310, 1769350746.447, 1769350746.524, 1769350746.637, 1769350746.651"
1.0,0,1769350742.7674,17.1609,27,19,46,0.5589,0.4135,0.4135,1.0,0.0,93.93,2.4888,16.7198,16.7198,45255.9035,1769350762.4188066,4.73,62,1312,0.358,28,0,0,14.55,15.0,0,1402,1769350746.31,-15.953,meta-llama/Llama-3.2-1B-Instruct,"1769350746.310, 1769350746.447, 1769350746.524, 1769350746.637, 1769350746.651"
1.0,0,1769350742.8277,17.1226,27,32,59,0.8702,0.4187,0.5217,1.0,0.0,93.93,3.521,16.9928,16.9928,45272.8963,1769350763.477525,4.72,62,1313,0.358,28,0,0,14.55,15.0,0,1402,1769350746.31,-15.953,meta-llama/Llama-3.2-1B-Instruct,"1769350746.310, 1769350746.447, 1769350746.524, 1769350746.637, 1769350746.651"
1.0,0,1769350743.2524,20.255,27,0,27,,,,1.0,,,0.0724,19.3274,19.3274,45292.2237,1769350763.5805004,4.72,62,1314,0.41,31,0,0,14.55,15.0,0,1402,1769350746.31,-15.953,meta-llama/Llama-3.2-1B-Instruct,"1769350746.310, 1769350746.447, 1769350746.524, 1769350746.637, 1769350746.651"
1.0,0,1769350742.9333,18.2309,27,32,59,0.0929,0.4159,0.5122,1.0,0.0,93.93,2.755,17.3238,17.3238,45309.5475,1769350763.9263666,4.71,62,1315,0.382,31,0,0,14.55,15.0,0,1402,1769350746.31,-15.953,meta-llama/Llama-3.2-1B-Instruct,"1769350746.310, 1769350746.447, 1769350746.524, 1769350746.637, 1769350746.651"
1.0,0,1769350742.9866,19.4103,27,32,59,0.1182,0.0879,0.5165,1.0,0.0,93.94,2.0978,18.5285,18.5285,45328.0761,1769350764.4971197,4.71,62,1316,0.395,30,0,0,14.55,15.0,0,1402,1769350746.31,-15.953,meta-llama/Llama-3.2-1B-Instruct,"1769350746.310, 1769350746.447, 1769350746.524, 1769350746.637, 1769350746.651"
1.0,0,1769350743.3145,20.2907,27,32,59,0.1267,0.0747,0.5365,1.0,0.0,93.94,2.0691,19.4174,19.4174,45347.4935,1769350765.675424,4.71,62,1317,0.41,31,0,0,14.55,15.0,0,1402,1769350746.31,-15.953,meta-llama/Llama-3.2-1B-Instruct,"1769350746.310, 1769350746.447, 1769350746.524, 1769350746.637, 1769350746.651"
1.0,0,1769350743.4161,20.6327,27,32,59,0.1126,0.527,0.7635,1.0,0.0,93.95,2.7836,19.7453,19.7453,45367.2388,1769350766.8379261,4.7,62,1318,0.411,31,0,0,14.55,15.0,0,1402,1769350746.31,-15.953,meta-llama/Llama-3.2-1B-Instruct,"1769350746.310, 1769350746.447, 1769350746.524, 1769350746.637, 1769350746.651"
200.0,1,1769350541.317,202.7371,3730,297,4027,3.8084,0.3448,1.6322,200.0,0.0,93.95,30.3729,33.11,33.11,45400.3488,1769350774.4388065,4.7,62,1319,0.056,25,0,0,14.55,15.0,0,1524,1769350746.937,-25.359,meta-llama/Llama-3.2-1B-Instruct,"1769350746.937, 1769350747.035, 1769350747.124, 1769350747.304, 1769350747.394"
200.0,1,1769350543.4014,215.8288,3159,681,3840,0.3922,0.0648,0.3645,200.0,0.0,93.96,38.2122,54.041,54.041,45454.3898,1769350797.460615,4.7,62,1320,0.348,31,0,0,14.55,15.0,0,1782,1769350747.035,-45.408,meta-llama/Llama-3.2-1B-Instruct,"1769350747.035, 1769350747.124, 1769350747.304, 1769350747.394, 1769350747.423"
200.0,1,1769350543.8428,216.1529,3299,905,4204,0.8237,0.0648,0.229,200.0,0.0,93.96,50.0227,66.1756,66.1756,45520.5654,1769350810.0393329,4.69,62,1321,0.358,28,0,0,14.55,15.0,0,1975,1769350747.124,-60.424,meta-llama/Llama-3.2-1B-Instruct,"1769350747.124, 1769350747.304, 1769350747.394, 1769350747.423, 1769350747.575"
200.0,1,1769350544.9172,265.1629,3009,0,3009,,,,200.0,,,0.3931,65.556,65.556,45586.1214,1769350810.4851332,4.69,62,1322,0.53,31,0,0,14.55,15.0,0,1975,1769350747.124,-60.424,meta-llama/Llama-3.2-1B-Instruct,"1769350747.124, 1769350747.304, 1769350747.394, 1769350747.423, 1769350747.575"
200.0,1,1769350541.0694,202.844,3109,1023,4132,3.1554,0.0725,0.508,200.0,0.0,93.97,69.4519,72.2959,72.2959,46312.3759,1769350813.3808799,4.68,62,1332,0.056,25,0,0,14.55,15.0,0,2035,1769350747.394,-65.16,meta-llama/Llama-3.2-1B-Instruct,"1769350747.394, 1769350747.423, 1769350747.575, 1769350747.626, 1769350747.661"
200.0,1,1769350540.2334,203.2108,3326,1031,4357,1.8907,0.0683,0.5205,200.0,0.0,93.97,69.9191,73.13,73.13,46312.3759,1769350813.3818808,4.69,62,1332,0.003,16,1,0,14.55,15.0,0,2035,1769350747.394,-65.16,meta-llama/Llama-3.2-1B-Instruct,"1769350747.394, 1769350747.423, 1769350747.575, 1769350747.626, 1769350747.661"
200.0,1,1769350540.0946,203.2363,3181,1029,4210,0.4786,0.0731,0.5215,200.0,0.0,93.98,70.033,73.2693,73.2693,46312.3759,1769350813.3841653,4.68,62,1332,0.003,19,1,0,14.55,15.0,0,2035,1769350747.394,-65.16,meta-llama/Llama-3.2-1B-Instruct,"1769350747.394, 1769350747.423, 1769350747.575, 1769350747.626, 1769350747.661"
200.0,1,1769350540.5315,203.1033,3279,1024,4303,1.7109,0.0687,0.5102,200.0,0.0,93.98,69.7328,72.836,72.836,46312.3759,1769350813.385842,4.67,62,1332,0.013,17,1,0,14.55,15.0,0,2035,1769350747.394,-65.16,meta-llama/Llama-3.2-1B-Instruct,"1769350747.394, 1769350747.423, 1769350747.575, 1769350747.626, 1769350747.661"
200.0,1,1769350541.0011,202.8813,5032,1022,6054,3.1799,0.0707,0.5282,200.0,0.0,93.99,69.4823,72.3636,72.3636,46312.3759,1769350813.3861878,4.68,62,1332,0.056,25,0,0,14.55,15.0,0,2035,1769350747.394,-65.16,meta-llama/Llama-3.2-1B-Instruct,"1769350747.394, 1769350747.423, 1769350747.575, 1769350747.626, 1769350747.661"
200.0,1,1769350540.1634,203.2242,3354,1027,4381,1.9455,0.0731,0.524,200.0,0.0,93.99,69.9794,73.2035,73.2035,46312.3759,1769350813.3873425,4.67,62,1332,0.003,15,0,0,14.55,15.0,0,2035,1769350747.394,-65.16,meta-llama/Llama-3.2-1B-Instruct,"1769350747.394, 1769350747.423, 1769350747.575, 1769350747.626, 1769350747.661"
200.0,1,1769350540.8603,202.9177,3056,1020,4076,3.2813,0.0665,0.5217,200.0,0.0,94.0,69.5942,72.5119,72.5119,46312.3759,1769350813.3882775,4.66,62,1332,0.013,17,1,0,14.55,15.0,0,2035,1769350747.394,-65.16,meta-llama/Llama-3.2-1B-Instruct,"1769350747.394, 1769350747.423, 1769350747.575, 1769350747.626, 1769350747.661"
200.0,1,1769350541.4011,203.9801,9721,1024,10745,3.8728,0.0672,0.433,200.0,0.0,94.0,67.9852,71.9653,71.9653,46312.3759,1769350813.3973505,4.67,62,1332,0.091,28,2,0,14.55,15.0,0,2035,1769350747.394,-65.16,meta-llama/Llama-3.2-1B-Instruct,"1769350747.394, 1769350747.423, 1769350747.575, 1769350747.626, 1769350747.661"
200.0,1,1769350540.9291,202.9048,3009,1032,4041,3.2287,0.0685,0.5176,200.0,0.0,94.01,69.5402,72.445,72.445,46312.3759,1769350813.4063208,4.65,62,1332,0.056,25,0,0,14.55,15.0,0,2035,1769350747.394,-65.16,meta-llama/Llama-3.2-1B-Instruct,"1769350747.394, 1769350747.423, 1769350747.575, 1769350747.626, 1769350747.661"
200.0,1,1769350545.4443,268.0906,3096,0,3096,,,,200.0,,,1.9627,70.0534,70.0534,46382.4293,1769350815.508961,4.65,62,1333,0.384,22,0,0,14.55,15.0,0,2035,1769350747.394,-65.16,meta-llama/Llama-3.2-1B-Instruct,"1769350747.394, 1769350747.423, 1769350747.575, 1769350747.626, 1769350747.661"
200.0,1,1769350541.5244,207.9527,3097,1024,4121,0.4214,0.0681,0.5123,200.0,0.0,94.01,66.6973,74.65,74.65,46606.1865,1769350816.1929617,4.65,62,1336,0.146,29,0,0,14.55,15.0,0,2035,1769350747.394,-65.16,meta-llama/Llama-3.2-1B-Instruct,"1769350747.394, 1769350747.423, 1769350747.575, 1769350747.626, 1769350747.661"
200.0,1,1769350541.661,207.8945,3806,1027,4833,1.0877,0.0691,0.443,200.0,0.0,94.02,66.6196,74.5141,74.5141,46606.1865,1769350816.1942353,4.64,62,1336,0.146,28,0,0,14.55,15.0,0,2035,1769350747.394,-65.16,meta-llama/Llama-3.2-1B-Instruct,"1769350747.394, 1769350747.423, 1769350747.575, 1769350747.626, 1769350747.661"
200.0,1,1769350541.5909,207.8992,3056,1025,4081,1.1511,0.0705,0.4395,200.0,0.0,94.02,66.6939,74.5931,74.5931,46606.1865,1769350816.213555,4.64,62,1336,0.146,29,0,0,14.55,15.0,0,2035,1769350747.394,-65.16,meta-llama/Llama-3.2-1B-Instruct,"1769350747.394, 1769350747.423, 1769350747.575, 1769350747.626, 1769350747.661"
200.0,1,1769350542.005,208.9963,3401,1028,4429,0.4708,0.0688,0.5113,200.0,0.0,94.03,66.5361,75.5323,75.5323,46832.5477,1769350817.5522747,4.63,62,1339,0.178,30,0,0,14.55,15.0,0,2035,1769350747.394,-65.16,meta-llama/Llama-3.2-1B-Instruct,"1769350747.394, 1769350747.423, 1769350747.575, 1769350747.626, 1769350747.661"
200.0,1,1769350542.1625,208.9968,5665,1032,6697,1.5782,0.0683,0.4364,200.0,0.0,94.03,66.3749,75.3717,75.3717,46832.5477,1769350817.5638053,4.64,62,1339,0.189,28,0,0,14.55,15.0,0,2035,1769350747.394,-65.16,meta-llama/Llama-3.2-1B-Instruct,"1769350747.394, 1769350747.423, 1769350747.575, 1769350747.626, 1769350747.661"
200.0,1,1769350542.0816,209.0054,5078,1033,6111,1.6483,0.0691,0.4467,200.0,0.0,94.04,66.4517,75.4572,75.4572,46832.5477,1769350817.5649033,4.63,62,1339,0.178,29,1,0,14.55,15.0,0,2035,1769350747.394,-65.16,meta-llama/Llama-3.2-1B-Instruct,"1769350747.394, 1769350747.423, 1769350747.575, 1769350747.626, 1769350747.661"
200.0,1,1769350542.2837,210.5834,3391,1022,4413,1.9066,0.0725,0.4101,200.0,0.0,94.04,64.936,75.5194,75.5194,47134.0954,1769350817.8172712,4.63,62,1343,0.223,28,0,0,14.55,15.0,0,2086,1769350748.2,-69.402,meta-llama/Llama-3.2-1B-Instruct,"1769350748.200, 1769350748.201, 1769350748.399, 1769350748.459, 1769350748.492"
200.0,1,1769350542.4811,210.4357,3077,1024,4101,1.8589,0.069,0.407,200.0,0.0,94.05,64.8894,75.3251,75.3251,47134.0954,1769350817.8226304,4.62,62,1343,0.223,27,0,0,14.55,15.0,0,2086,1769350748.2,-69.402,meta-llama/Llama-3.2-1B-Instruct,"1769350748.200, 1769350748.201, 1769350748.399, 1769350748.459, 1769350748.492"
200.0,1,1769350542.5538,210.3725,4688,1024,5712,1.8503,0.0689,0.4225,200.0,0.0,94.05,64.8781,75.2506,75.2506,47134.0954,1769350817.8229706,4.62,62,1343,0.223,27,0,0,14.55,15.0,0,2086,1769350748.2,-69.402,meta-llama/Llama-3.2-1B-Instruct,"1769350748.200, 1769350748.201, 1769350748.399, 1769350748.459, 1769350748.492"
200.0,1,1769350542.3587,210.4787,4650,1023,5673,0.6471,0.0672,0.4419,200.0,0.0,94.05,64.974,75.4526,75.4526,47134.0954,1769350817.838933,4.62,62,1343,0.223,28,0,0,14.55,15.0,0,2086,1769350748.2,-69.402,meta-llama/Llama-3.2-1B-Instruct,"1769350748.200, 1769350748.201, 1769350748.399, 1769350748.459, 1769350748.492"
1.0,0,1769350744.0715,69.3446,27,32,59,0.535,0.8243,1.6155,1.0,0.6155,93.98,5.3979,68.8796,68.8796,47410.4925,1769350818.822764,4.61,62,1347,0.384,22,0,0,14.55,15.0,0,2086,1769350748.2,-69.402,meta-llama/Llama-3.2-1B-Instruct,"1769350748.200, 1769350748.201, 1769350748.399, 1769350748.459, 1769350748.492"
1.0,0,1769350744.5731,68.953,27,31,58,1.971,0.7209,0.8332,1.0,0.0,93.99,5.2922,69.924,69.924,47480.5976,1769350818.824102,4.61,62,1348,0.384,22,0,0,14.55,15.0,0,2086,1769350748.2,-69.402,meta-llama/Llama-3.2-1B-Instruct,"1769350748.200, 1769350748.201, 1769350748.399, 1769350748.459, 1769350748.492"
1.0,0,1769350744.181,69.2655,27,32,59,0.5019,0.8275,1.6058,1.0,0.6058,93.92,5.3679,68.7674,68.7674,47550.5732,1769350818.8248174,4.61,62,1349,0.384,22,0,0,14.55,15.0,0,2086,1769350748.2,-69.402,meta-llama/Llama-3.2-1B-Instruct,"1769350748.200, 1769350748.201, 1769350748.399, 1769350748.459, 1769350748.492"
1.0,0,1769350744.1266,69.311,27,32,59,0.515,0.829,1.6151,1.0,0.6151,93.84,5.3848,68.826,68.826,47550.5732,1769350818.8280118,4.6,62,1349,0.384,22,0,0,14.55,15.0,0,2086,1769350748.2,-69.402,meta-llama/Llama-3.2-1B-Instruct,"1769350748.200, 1769350748.201, 1769350748.399, 1769350748.459, 1769350748.492"
200.0,1,1769350542.9179,212.1526,8574,1030,9604,1.243,0.0693,0.4111,200.0,0.0,93.86,63.883,76.0356,76.0356,47626.6089,1769350818.9930367,4.59,62,1350,0.274,27,0,0,14.55,15.0,0,2086,1769350748.2,-69.402,meta-llama/Llama-3.2-1B-Instruct,"1769350748.200, 1769350748.201, 1769350748.399, 1769350748.459, 1769350748.492"
1.0,0,1769350744.9138,71.3292,27,32,59,0.4542,0.7328,4.0642,1.0,3.0642,93.79,6.9769,70.7835,70.7835,47697.3923,1769350823.2255118,4.59,62,1351,0.395,29,0,0,14.55,15.0,0,2139,1769350748.934,-73.688,meta-llama/Llama-3.2-1B-Instruct,"1769350748.934, 1769350749.015, 1769350749.114, 1769350749.242, 1769350749.436"
1.0,0,1769350745.2492,72.3842,27,21,48,0.1024,0.7217,4.0522,1.0,3.0522,93.72,5.7432,71.4866,71.4866,47768.879,1769350823.3810368,4.59,62,1352,0.365,29,0,0,14.55,15.0,0,2139,1769350748.934,-73.688,meta-llama/Llama-3.2-1B-Instruct,"1769350748.934, 1769350749.015, 1769350749.114, 1769350749.242, 1769350749.436"
200.0,1,1769350543.0421,213.7953,10463,1023,11486,1.7156,0.0713,0.4268,200.0,0.0,93.72,67.1017,80.897,80.897,47849.7759,1769350823.9753783,4.58,62,1353,0.303,31,0,0,14.55,15.0,0,2139,1769350748.934,-73.688,meta-llama/Llama-3.2-1B-Instruct,"1769350748.934, 1769350749.015, 1769350749.114, 1769350749.242, 1769350749.436"
1.0,0,1769350745.3105,72.3439,27,32,59,0.0806,0.7201,4.0433,1.0,3.0433,93.65,6.8398,71.4245,71.4245,48074.2365,1769350824.5044837,4.58,62,1356,0.365,29,0,0,14.55,15.0,0,2139,1769350748.934,-73.688,meta-llama/Llama-3.2-1B-Instruct,"1769350748.934, 1769350749.015, 1769350749.114, 1769350749.242, 1769350749.436"
1.0,0,1769350744.9694,72.6405,27,32,59,0.1155,0.7253,4.0455,1.0,3.0455,93.58,6.887,71.756,71.756,48074.2365,1769350824.5046654,4.58,62,1356,0.365,29,0,0,14.55,15.0,0,2139,1769350748.934,-73.688,meta-llama/Llama-3.2-1B-Instruct,"1769350748.934, 1769350749.015, 1769350749.114, 1769350749.242, 1769350749.436"
200.0,1,1769350543.2235,215.4475,3372,1024,4396,0.4514,0.0682,0.4103,200.0,0.0,93.58,65.8325,81.28,81.28,48074.2365,1769350824.517154,4.57,62,1356,0.337,30,0,0,14.55,15.0,0,2139,1769350748.934,-73.688,meta-llama/Llama-3.2-1B-Instruct,"1769350748.934, 1769350749.015, 1769350749.114, 1769350749.242, 1769350749.436"
1.0,0,1769350745.4471,72.4368,27,32,59,0.3862,0.4303,4.0543,1.0,3.0543,93.51,6.8578,71.823,71.823,48146.0594,1769350824.7501574,4.57,62,1357,0.301,28,0,0,14.55,15.0,0,2139,1769350748.934,-73.688,meta-llama/Llama-3.2-1B-Instruct,"1769350748.934, 1769350749.015, 1769350749.114, 1769350749.242, 1769350749.436"
1.0,0,1769350745.6512,72.2992,27,32,59,0.6882,0.39,4.0635,1.0,3.0635,93.44,6.811,71.9874,71.9874,48218.0468,1769350824.7630296,4.57,62,1358,0.301,28,0,0,14.55,15.0,0,2139,1769350748.934,-73.688,meta-llama/Llama-3.2-1B-Instruct,"1769350748.934, 1769350749.015, 1769350749.114, 1769350749.242, 1769350749.436"
200.0,1,1769350547.6611,276.939,3953,0,3953,,,,200.0,,,0.5904,77.5294,77.5294,48295.5762,1769350825.2116897,4.56,62,1359,0.361,29,0,0,14.55,15.0,0,2139,1769350748.934,-73.688,meta-llama/Llama-3.2-1B-Instruct,"1769350748.934, 1769350749.015, 1769350749.114, 1769350749.242, 1769350749.436"
1.0,0,1769350745.7754,73.1459,27,32,59,1.5105,0.8668,2.6042,1.0,1.6042,93.37,6.9929,73.6564,73.6564,48451.443,1769350825.9158108,4.56,62,1361,0.291,25,0,0,14.55,15.0,0,2139,1769350748.934,-73.688,meta-llama/Llama-3.2-1B-Instruct,"1769350748.934, 1769350749.015, 1769350749.114, 1769350749.242, 1769350749.436"
200.0,1,1769350543.6893,216.2231,3952,1033,4985,0.574,0.0707,0.4128,200.0,0.0,93.38,65.9873,82.2104,82.2104,48451.443,1769350825.9189248,4.56,62,1361,0.358,28,0,0,14.55,15.0,0,2139,1769350748.934,-73.688,meta-llama/Llama-3.2-1B-Instruct,"1769350748.934, 1769350749.015, 1769350749.114, 1769350749.242, 1769350749.436"
1.0,0,1769350746.4232,76.9774,27,32,59,0.3021,0.4628,0.8663,1.0,0.0,93.38,3.2898,76.2795,76.2795,48527.7225,1769350826.6913285,4.55,62,1362,0.402,31,0,0,14.55,15.0,0,2139,1769350748.934,-73.688,meta-llama/Llama-3.2-1B-Instruct,"1769350748.934, 1769350749.015, 1769350749.114, 1769350749.242, 1769350749.436"
200.0,1,1769350543.9369,217.8468,3653,1022,4675,0.4597,0.0737,0.4301,200.0,0.0,93.39,65.2777,83.1245,83.1245,48610.8471,1769350827.076297,4.55,62,1363,0.383,31,0,0,14.55,15.0,0,2139,1769350748.934,-73.688,meta-llama/Llama-3.2-1B-Instruct,"1769350748.934, 1769350749.015, 1769350749.114, 1769350749.242, 1769350749.436"
1.0,0,1769350746.6264,77.9231,27,32,59,0.0978,0.8625,1.215,1.0,0.215,93.32,3.9361,77.0209,77.0209,48764.7289,1769350828.4919991,4.55,62,1365,0.361,29,0,0,14.55,15.0,0,2185,1769350750.115,-77.508,meta-llama/Llama-3.2-1B-Instruct,"1769350750.115, 1769350750.170, 1769350750.225, 1769350750.506, 1769350750.629"
1.0,0,1769350746.7811,77.7821,27,32,59,0.0788,0.8694,1.2273,1.0,0.2273,93.25,3.9243,76.8609,76.8609,48764.7289,1769350828.493317,4.54,62,1365,0.361,29,0,0,14.55,15.0,0,2185,1769350750.115,-77.508,meta-llama/Llama-3.2-1B-Instruct,"1769350750.115, 1769350750.170, 1769350750.225, 1769350750.506, 1769350750.629"
1.0,0,1769350746.8905,78.3412,27,32,59,0.3278,0.4545,1.2094,1.0,0.2094,93.18,3.3376,77.669,77.669,49004.4693,1769350828.576795,4.54,62,1368,0.372,31,0,0,14.55,15.0,0,2185,1769350750.115,-77.508,meta-llama/Llama-3.2-1B-Instruct,"1769350750.115, 1769350750.170, 1769350750.225, 1769350750.506, 1769350750.629"
200.0,1,1769350544.1967,218.2724,4351,1026,5377,0.5752,0.0678,0.4417,200.0,0.0,93.18,66.0859,84.3583,84.3583,49004.4693,1769350828.5779033,4.54,62,1368,0.395,30,0,0,14.55,15.0,0,2185,1769350750.115,-77.508,meta-llama/Llama-3.2-1B-Instruct,"1769350750.115, 1769350750.170, 1769350750.225, 1769350750.506, 1769350750.629"
1.0,0,1769350746.8359,77.9483,27,32,59,0.7648,0.4498,1.2303,1.0,0.2303,93.11,3.7885,77.7131,77.7131,49004.4693,1769350828.5790098,4.53,62,1368,0.374,30,0,0,14.55,15.0,0,2185,1769350750.115,-77.508,meta-llama/Llama-3.2-1B-Instruct,"1769350750.115, 1769350750.170, 1769350750.225, 1769350750.506, 1769350750.629"
1.0,0,1769350746.9449,78.9988,27,32,59,0.5537,0.5224,1.223,1.0,0.223,93.04,3.6568,78.5525,78.5525,49083.0218,1769350829.6201322,4.53,62,1369,0.357,30,0,0,14.55,15.0,0,2185,1769350750.115,-77.508,meta-llama/Llama-3.2-1B-Instruct,"1769350750.115, 1769350750.170, 1769350750.225, 1769350750.506, 1769350750.629"
1.0,0,1769350747.0007,79.7342,27,32,59,0.1044,0.5347,1.2204,1.0,0.2204,92.97,3.5549,78.8386,78.8386,49161.8604,1769350830.3056612,4.53,62,1370,0.37,31,0,0,14.55,15.0,0,2185,1769350750.115,-77.508,meta-llama/Llama-3.2-1B-Instruct,"1769350750.115, 1769350750.170, 1769350750.225, 1769350750.506, 1769350750.629"
1.0,0,1769350747.2001,81.325,27,32,59,0.1284,0.3906,0.5339,1.0,0.0,92.98,2.3662,80.4534,80.4534,49409.2966,1769350830.8963706,4.52,62,1373,0.366,29,0,0,14.55,15.0,0,2185,1769350750.115,-77.508,meta-llama/Llama-3.2-1B-Instruct,"1769350750.115, 1769350750.170, 1769350750.225, 1769350750.506, 1769350750.629"
1.0,0,1769350747.146,81.3677,27,32,59,0.1433,0.3934,0.5258,1.0,0.0,92.99,2.3809,80.511,80.511,49409.2966,1769350830.897554,4.52,62,1373,0.366,29,0,0,14.55,15.0,0,2185,1769350750.115,-77.508,meta-llama/Llama-3.2-1B-Instruct,"1769350750.115, 1769350750.170, 1769350750.225, 1769350750.506, 1769350750.629"
200.0,1,1769350544.4207,220.1183,4351,1028,5379,0.5585,0.0666,0.4382,200.0,0.0,92.99,66.3536,86.4719,86.4719,49409.2966,1769350830.9085894,4.52,62,1373,0.412,31,0,0,14.55,15.0,0,2185,1769350750.115,-77.508,meta-llama/Llama-3.2-1B-Instruct,"1769350750.115, 1769350750.170, 1769350750.225, 1769350750.506, 1769350750.629"
1.0,0,1769350747.3988,81.2251,27,32,59,0.5378,0.0768,0.3934,1.0,0.0,93.0,2.3344,80.7628,80.7628,49490.0595,1769350830.9690607,4.51,62,1374,0.366,27,2,0,14.55,15.0,0,2185,1769350750.115,-77.508,meta-llama/Llama-3.2-1B-Instruct,"1769350750.115, 1769350750.170, 1769350750.225, 1769350750.506, 1769350750.629"
1.0,0,1769350747.4586,81.1772,27,32,59,0.5373,0.0906,0.3918,1.0,0.0,93.0,2.3572,80.7146,80.7146,49570.774,1769350830.9949164,4.51,62,1375,0.366,27,2,0,14.55,15.0,0,2185,1769350750.115,-77.508,meta-llama/Llama-3.2-1B-Instruct,"1769350750.115, 1769350750.170, 1769350750.225, 1769350750.506, 1769350750.629"
200.0,1,1769350544.5598,221.14,6059,1029,7088,0.8262,0.0704,0.4513,200.0,0.0,93.01,66.587,87.727,87.727,49658.501,1769350832.3066504,4.51,62,1376,0.427,31,0,0,14.55,15.0,0,2185,1769350750.115,-77.508,meta-llama/Llama-3.2-1B-Instruct,"1769350750.115, 1769350750.170, 1769350750.225, 1769350750.506, 1769350750.629"
1.0,0,1769350747.5138,82.8159,27,32,59,0.07,0.3399,0.7104,1.0,0.0,93.01,2.4961,81.8859,81.8859,49740.3869,1769350832.8293362,4.5,62,1377,0.392,31,0,0,14.55,15.0,0,2213,1769350751.263,-81.378,meta-llama/Llama-3.2-1B-Instruct,"1769350751.263, 1769350751.355, 1769350751.378, 1769350751.460, 1769350751.493"
200.0,1,1769350544.6824,222.1784,2948,1029,3977,0.3692,0.0687,0.443,200.0,0.0,93.02,66.2639,88.4423,88.4423,49828.8292,1769350833.1386049,4.5,62,1378,0.447,31,0,0,14.55,15.0,0,2213,1769350751.263,-81.378,meta-llama/Llama-3.2-1B-Instruct,"1769350751.263, 1769350751.355, 1769350751.378, 1769350751.460, 1769350751.493"
1.0,0,1769350747.6235,83.3017,27,32,59,0.13,0.5771,0.7155,1.0,0.0,93.02,3.2041,82.4317,82.4317,49993.7337,1769350834.1374786,4.5,62,1380,0.375,27,0,0,14.55,15.0,0,2213,1769350751.263,-81.378,meta-llama/Llama-3.2-1B-Instruct,"1769350751.263, 1769350751.355, 1769350751.378, 1769350751.460, 1769350751.493"
1.0,0,1769350747.5691,83.3483,27,32,59,0.1245,0.5776,0.7103,1.0,0.0,93.03,3.2135,82.4727,82.4727,49993.7337,1769350834.1382377,4.49,62,1380,0.375,27,0,0,14.55,15.0,0,2213,1769350751.263,-81.378,meta-llama/Llama-3.2-1B-Instruct,"1769350751.263, 1769350751.355, 1769350751.378, 1769350751.460, 1769350751.493"
1.0,0,1769350747.6789,83.3386,27,32,59,0.7805,0.343,0.5873,1.0,0.0,93.03,3.1519,83.119,83.119,50159.9188,1769350834.173085,4.49,62,1382,0.375,27,2,0,14.55,15.0,0,2213,1769350751.263,-81.378,meta-llama/Llama-3.2-1B-Instruct,"1769350751.263, 1769350751.355, 1769350751.378, 1769350751.460, 1769350751.493"
1.0,0,1769350747.7335,83.2908,27,32,59,0.7753,0.3512,0.5773,1.0,0.0,93.04,3.1455,83.0661,83.0661,50159.9188,1769350834.1789298,4.49,62,1382,0.375,29,0,0,14.55,15.0,0,2213,1769350751.263,-81.378,meta-llama/Llama-3.2-1B-Instruct,"1769350751.263, 1769350751.355, 1769350751.378, 1769350751.460, 1769350751.493"
200.0,1,1769350546.7123,272.1624,3121,139,3260,0.4492,0.5442,1.6199,200.0,0.0,93.04,17.7292,89.8916,89.8916,50249.8105,1769350836.6160958,4.48,62,1383,0.322,26,0,0,14.55,15.0,0,2213,1769350751.263,-81.378,meta-llama/Llama-3.2-1B-Instruct,"1769350751.263, 1769350751.355, 1769350751.378, 1769350751.460, 1769350751.493"
1.0,0,1769350747.9338,86.3198,27,32,59,1.2214,0.5259,2.0438,1.0,1.0438,92.97,5.1909,86.5411,86.5411,50336.3516,1769350839.4497,4.48,62,1384,0.391,28,0,0,14.55,15.0,0,2206,1769350751.853,-85.789,meta-llama/Llama-3.2-1B-Instruct,"1769350751.853, 1769350751.975, 1769350752.009, 1769350752.121, 1769350752.257"
1.0,0,1769350748.5292,90.9462,27,32,59,0.1405,0.0614,0.0621,1.0,0.0,92.98,1.6551,90.0867,90.0867,50426.4383,1769350841.132521,4.48,62,1385,0.466,31,0,0,14.55,15.0,0,2206,1769350751.853,-85.789,meta-llama/Llama-3.2-1B-Instruct,"1769350751.853, 1769350751.975, 1769350752.009, 1769350752.121, 1769350752.257"
1.0,0,1769350748.6545,92.532,27,32,59,0.1007,0.062,0.0663,1.0,0.0,92.98,1.6209,91.6327,91.6327,50518.071,1769350842.817197,4.47,62,1386,0.47,31,0,0,14.55,15.0,0,2204,1769350752.009,-90.676,meta-llama/Llama-3.2-1B-Instruct,"1769350752.009, 1769350752.121, 1769350752.257, 1769350752.313, 1769350752.572"
200.0,1,1769350544.7664,229.6974,5200,1032,6232,0.7241,0.0704,0.5288,200.0,0.0,92.99,70.522,100.2194,100.2194,50618.2903,1769350845.0035408,4.47,62,1387,0.459,31,0,0,14.55,15.0,0,2204,1769350752.009,-90.676,meta-llama/Llama-3.2-1B-Instruct,"1769350752.009, 1769350752.121, 1769350752.257, 1769350752.313, 1769350752.572"
200.0,1,1769350547.3041,271.7139,8588,292,8880,3.9508,0.1959,1.2292,200.0,0.0,92.99,27.8342,99.5481,99.5481,50717.8384,1769350846.8791697,4.47,62,1388,0.301,26,2,0,14.55,15.0,0,2204,1769350752.009,-90.676,meta-llama/Llama-3.2-1B-Instruct,"1769350752.009, 1769350752.121, 1769350752.257, 1769350752.313, 1769350752.572"
200.0,1,1769350545.6504,269.8792,3381,347,3728,0.4384,0.1909,1.2184,200.0,0.0,93.0,32.4027,102.2819,102.2819,50820.1204,1769350847.9484255,4.46,62,1389,0.426,31,0,0,14.55,15.0,0,2201,1769350752.313,-95.402,meta-llama/Llama-3.2-1B-Instruct,"1769350752.313, 1769350752.572, 1769350752.651, 1769350752.733, 1769350752.767"
1.0,0,1769350748.9321,97.9866,27,32,59,0.0995,0.0679,0.3907,1.0,0.0,93.0,1.9216,97.0861,97.0861,50917.2064,1769350848.8487892,4.46,62,1390,0.451,31,0,0,14.55,15.0,0,2201,1769350752.313,-95.402,meta-llama/Llama-3.2-1B-Instruct,"1769350752.313, 1769350752.572, 1769350752.651, 1769350752.733, 1769350752.767"
1.0,0,1769350749.0599,99.9377,27,32,59,0.1077,0.0637,0.0646,1.0,0.0,93.01,1.6078,99.0455,99.0455,51016.2519,1769350850.6060843,4.46,62,1391,0.453,31,0,0,14.55,15.0,0,2201,1769350752.313,-95.402,meta-llama/Llama-3.2-1B-Instruct,"1769350752.313, 1769350752.572, 1769350752.651, 1769350752.733, 1769350752.767"
200.0,1,1769350548.9142,284.2483,3044,384,3428,0.4708,0.0654,0.3852,200.0,0.0,93.01,23.9709,108.2192,108.2192,51124.4711,1769350857.1464946,4.45,62,1392,0.38,31,0,0,14.55,15.0,0,2198,1769350752.733,-99.995,meta-llama/Llama-3.2-1B-Instruct,"1769350752.733, 1769350752.767, 1769350752.829, 1769350752.837, 1769350753.018"
1.0,0,1769350749.1148,108.0804,27,32,59,0.0864,0.0658,0.0712,1.0,0.0,93.02,1.6074,107.1668,107.1668,51231.6378,1769350858.8082504,4.45,62,1393,0.469,31,0,0,14.55,15.0,0,2197,1769350752.767,-104.977,meta-llama/Llama-3.2-1B-Instruct,"1769350752.767, 1769350752.829, 1769350752.837, 1769350753.018, 1769350753.116"
1.0,0,1769350749.1703,109.727,27,32,59,0.1235,0.0622,0.0729,1.0,0.0,93.02,1.6584,108.8505,108.8505,51340.4884,1769350860.5573223,4.45,62,1394,0.472,31,0,0,14.55,15.0,0,2197,1769350752.767,-104.977,meta-llama/Llama-3.2-1B-Instruct,"1769350752.767, 1769350752.829, 1769350752.837, 1769350753.018, 1769350753.116"
1.0,0,1769350749.2245,111.3725,27,32,59,0.1131,0.0609,0.0637,1.0,0.0,93.03,1.6395,110.4856,110.4856,51450.974,1769350862.2389786,4.44,62,1395,0.476,31,0,0,14.55,15.0,0,2197,1769350752.767,-104.977,meta-llama/Llama-3.2-1B-Instruct,"1769350752.767, 1769350752.829, 1769350752.837, 1769350753.018, 1769350753.116"
200.0,1,1769350544.8444,252.6583,3159,1025,4184,0.3926,0.0703,0.5288,200.0,0.0,93.04,70.8123,123.4706,123.4706,51574.4446,1769350868.3331778,4.44,62,1396,0.51,31,0,0,14.55,15.0,0,2194,1769350753.018,-114.747,meta-llama/Llama-3.2-1B-Instruct,"1769350753.018, 1769350753.116, 1769350753.186, 1769350753.189, 1769350753.284"
200.0,1,1769350545.3296,268.127,3648,860,4508,2.0389,0.0707,0.6122,200.0,0.0,93.04,61.6522,129.7793,129.7793,51704.2239,1769350875.1243398,4.44,62,1397,0.384,22,0,0,14.55,15.0,0,2193,1769350753.116,-119.703,meta-llama/Llama-3.2-1B-Instruct,"1769350753.116, 1769350753.186, 1769350753.189, 1769350753.284, 1769350753.326"
200.0,1,1769350545.0657,265.4338,3653,1034,4687,0.4836,0.0706,0.5803,200.0,0.0,93.05,70.8466,136.2804,136.2804,51840.5043,1769350881.370646,4.43,62,1398,0.53,31,0,0,14.55,15.0,0,2192,1769350753.186,-124.637,meta-llama/Llama-3.2-1B-Instruct,"1769350753.186, 1769350753.189, 1769350753.284, 1769350753.326, 1769350753.401"
1.0,0,1769350749.8421,131.5668,27,32,59,0.1039,0.0648,0.0714,1.0,0.0,93.05,1.7051,130.6707,130.6707,51971.175,1769350883.1205852,4.43,62,1399,0.508,31,0,0,14.55,15.0,0,2191,1769350753.189,-129.692,meta-llama/Llama-3.2-1B-Instruct,"1769350753.189, 1769350753.284, 1769350753.326, 1769350753.401, 1769350753.457"
200.0,1,1769350545.1752,268.2548,3516,1028,4544,0.5195,0.0755,0.5786,200.0,0.0,93.06,70.784,139.0388,139.0388,52248.8937,1769350884.2417667,4.43,62,1401,0.384,22,0,0,14.55,15.0,0,2191,1769350753.189,-129.692,meta-llama/Llama-3.2-1B-Instruct,"1769350753.189, 1769350753.284, 1769350753.326, 1769350753.401, 1769350753.457"
200.0,1,1769350545.5497,268.01,5703,1025,6728,1.9314,0.0722,0.5357,200.0,0.0,93.06,70.6699,138.6799,138.6799,52248.8937,1769350884.2477255,4.43,62,1401,0.384,22,0,0,14.55,15.0,0,2191,1769350753.189,-129.692,meta-llama/Llama-3.2-1B-Instruct,"1769350753.189, 1769350753.284, 1769350753.326, 1769350753.401, 1769350753.457"
200.0,1,1769350545.9651,270.3192,3808,1024,4832,0.8059,0.0724,0.4638,200.0,0.0,93.07,68.4472,138.7665,138.7665,52526.5518,1769350884.7516418,4.42,62,1403,0.395,29,0,0,14.55,15.0,0,2191,1769350753.189,-129.692,meta-llama/Llama-3.2-1B-Instruct,"1769350753.189, 1769350753.284, 1769350753.326, 1769350753.401, 1769350753.457"
200.0,1,1769350545.8568,270.3757,3347,1026,4373,0.4639,0.0711,0.4697,200.0,0.0,93.07,68.5159,138.8916,138.8916,52526.5518,1769350884.764345,4.42,62,1403,0.395,29,0,0,14.55,15.0,0,2191,1769350753.189,-129.692,meta-llama/Llama-3.2-1B-Instruct,"1769350753.189, 1769350753.284, 1769350753.326, 1769350753.401, 1769350753.457"
200.0,1,1769350551.0893,333.7724,3265,0,3265,,,,200.0,,,0.4743,134.2467,134.2467,52660.7984,1769350885.3485904,4.42,62,1404,0.459,30,0,0,14.55,15.0,0,2191,1769350753.189,-129.692,meta-llama/Llama-3.2-1B-Instruct,"1769350753.189, 1769350753.284, 1769350753.326, 1769350753.401, 1769350753.457"
200.0,1,1769350546.5239,271.3442,2990,1027,4017,0.401,0.0722,0.4439,200.0,0.0,93.08,68.1291,139.4733,139.4733,52939.6385,1769350886.015146,4.41,62,1406,0.301,28,0,0,14.55,15.0,0,2191,1769350753.189,-129.692,meta-llama/Llama-3.2-1B-Instruct,"1769350753.189, 1769350753.284, 1769350753.326, 1769350753.401, 1769350753.457"
200.0,1,1769350546.6367,271.254,3516,1026,4542,0.7472,0.072,0.3944,200.0,0.0,93.08,68.1128,139.3668,139.3668,52939.6385,1769350886.021101,4.41,62,1406,0.301,28,0,0,14.55,15.0,0,2191,1769350753.189,-129.692,meta-llama/Llama-3.2-1B-Instruct,"1769350753.189, 1769350753.284, 1769350753.326, 1769350753.401, 1769350753.457"
200.0,1,1769350551.2627,334.8399,3365,0,3365,,,,200.0,,,0.4523,135.2922,135.2922,53074.9307,1769350886.5666318,4.41,62,1407,0.433,30,0,0,14.55,15.0,0,2191,1769350753.189,-129.692,meta-llama/Llama-3.2-1B-Instruct,"1769350753.189, 1769350753.284, 1769350753.326, 1769350753.401, 1769350753.457"
1.0,0,1769350750.0325,134.2648,27,32,59,0.0715,0.3972,0.4039,1.0,0.0,93.09,2.4016,133.3363,133.3363,53341.6511,1769350886.7025135,4.4,62,1409,0.488,30,0,0,14.55,15.0,0,2191,1769350753.189,-129.692,meta-llama/Llama-3.2-1B-Instruct,"1769350753.189, 1769350753.284, 1769350753.326, 1769350753.401, 1769350753.457"
1.0,0,1769350749.9749,134.2929,27,32,59,0.0912,0.3964,0.4271,1.0,0.0,93.09,2.4338,133.3841,133.3841,53341.6511,1769350886.703206,4.4,62,1409,0.488,30,0,0,14.55,15.0,0,2191,1769350753.189,-129.692,meta-llama/Llama-3.2-1B-Instruct,"1769350753.189, 1769350753.284, 1769350753.326, 1769350753.401, 1769350753.457"
200.0,1,1769350546.9375,272.0169,2948,1030,3978,1.4793,0.0742,0.4583,200.0,0.0,93.1,68.9334,140.9503,140.9503,53905.361,1769350887.9132664,4.4,62,1413,0.291,25,0,0,14.55,15.0,0,2180,1769350754.067,-133.839,meta-llama/Llama-3.2-1B-Instruct,"1769350754.067, 1769350754.160, 1769350754.276, 1769350754.367, 1769350754.403"
200.0,1,1769350546.7875,272.1244,3516,1025,4541,1.5236,0.0739,0.4599,200.0,0.0,93.1,68.9822,141.1066,141.1066,53905.361,1769350887.9151723,4.39,62,1413,0.291,25,0,0,14.55,15.0,0,2180,1769350754.067,-133.839,meta-llama/Llama-3.2-1B-Instruct,"1769350754.067, 1769350754.160, 1769350754.276, 1769350754.367, 1769350754.403"
200.0,1,1769350547.0353,271.931,9559,1024,10583,2.8104,0.0721,0.4524,200.0,0.0,93.11,68.9337,140.8647,140.8647,53905.361,1769350887.9254575,4.39,62,1413,0.291,25,0,0,14.55,15.0,0,2180,1769350754.067,-133.839,meta-llama/Llama-3.2-1B-Instruct,"1769350754.067, 1769350754.160, 1769350754.276, 1769350754.367, 1769350754.403"
200.0,1,1769350547.1243,271.8467,3365,1027,4392,1.4635,0.0749,0.4526,200.0,0.0,93.11,68.9416,140.7884,140.7884,53905.361,1769350887.9293606,4.39,62,1413,0.291,25,0,0,14.55,15.0,0,2180,1769350754.067,-133.839,meta-llama/Llama-3.2-1B-Instruct,"1769350754.067, 1769350754.160, 1769350754.276, 1769350754.367, 1769350754.403"
200.0,1,1769350547.3937,275.875,3058,1025,4083,0.4175,0.0704,0.465,200.0,0.0,93.12,66.4021,142.2771,142.2771,54047.638,1769350889.6883879,4.38,62,1414,0.392,31,0,0,14.55,15.0,0,2180,1769350754.067,-133.839,meta-llama/Llama-3.2-1B-Instruct,"1769350754.067, 1769350754.160, 1769350754.276, 1769350754.367, 1769350754.403"
1.0,0,1769350750.0893,134.799,27,32,59,0.4441,1.1496,1.4088,1.0,0.4088,93.05,4.8817,134.2431,134.2431,54181.8812,1769350889.7744703,4.38,62,1415,0.459,30,0,0,14.55,15.0,0,2180,1769350754.067,-133.839,meta-llama/Llama-3.2-1B-Instruct,"1769350754.067, 1769350754.160, 1769350754.276, 1769350754.367, 1769350754.403"
1.0,0,1769350751.1214,138.7079,27,0,27,,,,1.0,,,0.066,137.7739,137.7739,54319.655,1769350889.895776,4.38,62,1416,0.415,30,1,0,14.55,15.0,0,2180,1769350754.067,-133.839,meta-llama/Llama-3.2-1B-Instruct,"1769350754.067, 1769350754.160, 1769350754.276, 1769350754.367, 1769350754.403"
1.0,0,1769350750.143,135.2343,27,32,59,0.1323,1.1561,1.4037,1.0,0.4037,92.98,4.574,134.3666,134.3666,54454.0217,1769350889.9638195,4.38,62,1417,0.46,31,0,0,14.55,15.0,0,2180,1769350754.067,-133.839,meta-llama/Llama-3.2-1B-Instruct,"1769350754.067, 1769350754.160, 1769350754.276, 1769350754.367, 1769350754.403"
200.0,1,1769350547.5753,276.445,3131,1026,4157,0.4096,0.0728,0.4534,200.0,0.0,92.99,66.1828,142.6278,142.6278,54596.6495,1769350890.21705,4.37,62,1418,0.366,31,0,0,14.55,15.0,0,2180,1769350754.067,-133.839,meta-llama/Llama-3.2-1B-Instruct,"1769350754.067, 1769350754.160, 1769350754.276, 1769350754.367, 1769350754.403"
200.0,1,1769350547.8104,276.9906,3182,1029,4211,0.7505,0.0722,0.4183,200.0,0.0,92.99,65.7011,142.6917,142.6917,54739.3412,1769350890.517593,4.37,62,1419,0.374,30,0,0,14.55,15.0,0,2180,1769350754.067,-133.839,meta-llama/Llama-3.2-1B-Instruct,"1769350754.067, 1769350754.160, 1769350754.276, 1769350754.367, 1769350754.403"
1.0,0,1769350750.3548,135.7529,27,32,59,0.4435,1.1592,1.4168,1.0,0.4168,92.92,4.6029,135.1964,135.1964,54874.5376,1769350890.7115011,4.37,62,1420,0.434,30,0,0,14.55,15.0,0,2180,1769350754.067,-133.839,meta-llama/Llama-3.2-1B-Instruct,"1769350754.067, 1769350754.160, 1769350754.276, 1769350754.367, 1769350754.403"
1.0,0,1769350750.4929,136.2466,27,32,59,1.0329,1.102,1.4252,1.0,0.4252,92.86,5.1211,136.2795,136.2795,55010.8171,1769350891.864276,4.36,62,1421,0.453,30,0,0,14.55,15.0,0,2180,1769350754.067,-133.839,meta-llama/Llama-3.2-1B-Instruct,"1769350754.067, 1769350754.160, 1769350754.276, 1769350754.367, 1769350754.403"
1.0,0,1769350750.6193,137.3271,27,32,59,0.5134,1.0107,1.1119,1.0,0.1119,92.79,4.1592,136.8406,136.8406,55147.6577,1769350892.1221018,4.36,62,1422,0.388,28,0,0,14.55,15.0,0,2180,1769350754.067,-133.839,meta-llama/Llama-3.2-1B-Instruct,"1769350754.067, 1769350754.160, 1769350754.276, 1769350754.367, 1769350754.403"
200.0,1,1769350547.8933,278.0844,3840,1024,4864,0.5187,0.0708,0.4049,200.0,0.0,92.8,66.1878,144.2722,144.2722,55291.93,1769350892.1813388,4.36,62,1423,0.357,30,0,0,14.55,15.0,0,2180,1769350754.067,-133.839,meta-llama/Llama-3.2-1B-Instruct,"1769350754.067, 1769350754.160, 1769350754.276, 1769350754.367, 1769350754.403"
1.0,0,1769350751.0092,138.7315,27,32,59,0.1431,0.5318,1.1132,1.0,0.1132,92.73,3.2876,137.8746,137.8746,55429.8046,1769350893.0336525,4.35,62,1424,0.415,31,0,0,14.55,15.0,0,2166,1769350755.389,-137.578,meta-llama/Llama-3.2-1B-Instruct,"1769350755.389, 1769350755.445, 1769350755.576, 1769350755.631, 1769350755.686"
1.0,0,1769350751.2566,138.6644,27,32,59,0.0999,0.5316,1.1075,1.0,0.1075,92.66,3.1943,137.7643,137.7643,55567.5689,1769350893.1282184,4.35,62,1425,0.415,31,0,0,14.55,15.0,0,2166,1769350755.389,-137.578,meta-llama/Llama-3.2-1B-Instruct,"1769350755.389, 1769350755.445, 1769350755.576, 1769350755.631, 1769350755.686"
1.0,0,1769350751.3135,138.6808,27,32,59,0.1021,0.5308,1.1228,1.0,0.1228,92.6,3.1854,137.7829,137.7829,55705.3518,1769350893.1910422,4.35,62,1426,0.415,30,1,0,14.55,15.0,0,2166,1769350755.389,-137.578,meta-llama/Llama-3.2-1B-Instruct,"1769350755.389, 1769350755.445, 1769350755.576, 1769350755.631, 1769350755.686"
1.0,0,1769350751.5724,138.6606,27,32,59,0.0714,0.5202,1.1101,1.0,0.1101,92.53,3.4595,137.7321,137.7321,55843.0839,1769350893.7028587,4.34,62,1427,0.403,31,0,0,14.55,15.0,0,2166,1769350755.389,-137.578,meta-llama/Llama-3.2-1B-Instruct,"1769350755.389, 1769350755.445, 1769350755.576, 1769350755.631, 1769350755.686"
200.0,1,1769350548.0481,279.0739,8588,1024,9612,1.2967,0.0736,0.4145,200.0,0.0,92.53,66.6287,145.7026,145.7026,55988.7865,1769350893.7835546,4.34,62,1428,0.356,31,0,0,14.55,15.0,0,2166,1769350755.389,-137.578,meta-llama/Llama-3.2-1B-Instruct,"1769350755.389, 1769350755.445, 1769350755.576, 1769350755.631, 1769350755.686"
200.0,1,1769350548.2015,280.3997,4077,1027,5104,0.5614,0.0709,0.4153,200.0,0.0,92.54,66.3832,146.7829,146.7829,56135.5694,1769350895.0004501,4.34,62,1429,0.366,27,2,0,14.55,15.0,0,2166,1769350755.389,-137.578,meta-llama/Llama-3.2-1B-Instruct,"1769350755.389, 1769350755.445, 1769350755.576, 1769350755.631, 1769350755.686"
1.0,0,1769350751.767,140.1159,27,32,59,0.0834,0.5274,1.0405,1.0,0.0405,92.47,3.4094,139.1993,139.1993,56274.7687,1769350895.2999341,4.34,62,1430,0.419,31,0,0,14.55,15.0,0,2166,1769350755.389,-137.578,meta-llama/Llama-3.2-1B-Instruct,"1769350755.389, 1769350755.445, 1769350755.576, 1769350755.631, 1769350755.686"
1.0,0,1769350751.8366,140.3666,27,32,59,0.5309,0.4,1.0453,1.0,0.0453,92.41,3.7425,139.8975,139.8975,56414.6662,1769350895.9481583,4.33,62,1431,0.404,30,0,0,14.55,15.0,0,2166,1769350755.389,-137.578,meta-llama/Llama-3.2-1B-Instruct,"1769350755.389, 1769350755.445, 1769350755.576, 1769350755.631, 1769350755.686"
200.0,1,1769350548.4918,281.1733,3365,1024,4389,0.4283,0.0723,0.4067,200.0,0.0,92.41,66.3225,147.4958,147.4958,56562.162,1769350896.0045502,4.33,62,1432,0.38,31,0,0,14.55,15.0,0,2166,1769350755.389,-137.578,meta-llama/Llama-3.2-1B-Instruct,"1769350755.389, 1769350755.445, 1769350755.576, 1769350755.631, 1769350755.686"
1.0,0,1769350752.1859,141.0399,27,32,59,0.274,0.4121,1.0401,1.0,0.0401,92.35,3.5291,140.3138,140.3138,56702.4758,1769350896.7640882,4.33,62,1433,0.428,30,0,0,14.55,15.0,0,2166,1769350755.389,-137.578,meta-llama/Llama-3.2-1B-Instruct,"1769350755.389, 1769350755.445, 1769350755.576, 1769350755.631, 1769350755.686"
1.0,0,1769350752.1158,141.0429,27,32,59,0.3398,0.405,1.0451,1.0,0.0451,92.28,3.6058,140.3827,140.3827,56842.8585,1769350896.7696574,4.32,62,1434,0.418,30,1,0,14.55,15.0,0,2166,1769350755.389,-137.578,meta-llama/Llama-3.2-1B-Instruct,"1769350755.389, 1769350755.445, 1769350755.576, 1769350755.631, 1769350755.686"
1.0,0,1769350752.3265,142.7013,27,32,59,0.074,0.4194,0.4589,1.0,0.0,92.29,2.7192,141.7753,141.7753,56984.6338,1769350897.7537916,4.32,62,1435,0.409,31,0,0,14.55,15.0,0,2166,1769350755.389,-137.578,meta-llama/Llama-3.2-1B-Instruct,"1769350755.389, 1769350755.445, 1769350755.576, 1769350755.631, 1769350755.686"
200.0,1,1769350548.6422,282.3458,5661,1024,6685,0.8132,0.0724,0.4114,200.0,0.0,92.29,66.8348,149.1806,149.1806,57133.8144,1769350897.8426468,4.32,62,1436,0.375,27,0,0,14.55,15.0,0,2166,1769350755.389,-137.578,meta-llama/Llama-3.2-1B-Instruct,"1769350755.389, 1769350755.445, 1769350755.576, 1769350755.631, 1769350755.686"
1.0,0,1769350752.4568,143.5322,27,32,59,0.1081,0.4358,0.4755,1.0,0.0,92.3,2.7673,142.6403,142.6403,57276.4547,1769350898.7681158,4.31,62,1437,0.421,31,0,0,14.55,15.0,0,2153,1769350756.567,-141.404,meta-llama/Llama-3.2-1B-Instruct,"1769350756.567, 1769350756.589, 1769350756.718, 1769350756.813, 1769350756.843"
200.0,1,1769350548.7467,283.6128,2990,1027,4017,0.3985,0.0717,0.4315,200.0,0.0,92.3,66.9459,150.5587,150.5587,57427.0134,1769350899.3225088,4.31,62,1438,0.372,31,0,0,14.55,15.0,0,2153,1769350756.567,-141.404,meta-llama/Llama-3.2-1B-Instruct,"1769350756.567, 1769350756.589, 1769350756.718, 1769350756.813, 1769350756.843"
200.0,1,1769350548.8169,284.0383,3324,1025,4349,0.4631,0.0696,0.4198,200.0,0.0,92.31,66.6466,150.6849,150.6849,57577.6983,1769350899.5165987,4.31,62,1439,0.382,31,0,0,14.55,15.0,0,2153,1769350756.567,-141.404,meta-llama/Llama-3.2-1B-Instruct,"1769350756.567, 1769350756.589, 1769350756.718, 1769350756.813, 1769350756.843"
1.0,0,1769350752.6908,144.135,27,32,59,0.1137,0.4393,0.4456,1.0,0.0,92.31,2.8191,143.2486,143.2486,57720.947,1769350899.647927,4.31,62,1440,0.419,30,0,0,14.55,15.0,0,2153,1769350756.567,-141.404,meta-llama/Llama-3.2-1B-Instruct,"1769350756.567, 1769350756.589, 1769350756.718, 1769350756.813, 1769350756.843"
1.0,0,1769350752.9064,144.9584,27,32,59,0.3925,0.4311,0.4677,1.0,0.0,92.32,2.6951,144.3509,144.3509,57865.2979,1769350900.5612798,4.3,62,1441,0.421,31,0,0,14.55,15.0,0,2153,1769350756.567,-141.404,meta-llama/Llama-3.2-1B-Instruct,"1769350756.567, 1769350756.589, 1769350756.718, 1769350756.813, 1769350756.843"
200.0,1,1769350549.2415,285.0409,4311,1020,5331,1.6513,0.0704,0.4235,200.0,0.0,92.32,66.4147,151.4556,151.4556,58320.038,1769350900.7137275,4.3,62,1444,0.391,28,0,0,14.55,15.0,0,2153,1769350756.567,-141.404,meta-llama/Llama-3.2-1B-Instruct,"1769350756.567, 1769350756.589, 1769350756.718, 1769350756.813, 1769350756.843"
200.0,1,1769350549.1145,285.1492,3044,1035,4079,1.2121,0.0722,0.4565,200.0,0.0,92.33,66.4436,151.5928,151.5928,58320.038,1769350900.724367,4.29,62,1444,0.391,28,0,0,14.55,15.0,0,2153,1769350756.567,-141.404,meta-llama/Llama-3.2-1B-Instruct,"1769350756.567, 1769350756.589, 1769350756.718, 1769350756.813, 1769350756.843"
200.0,1,1769350549.0149,285.2437,5971,1029,7000,1.2154,0.0725,0.4432,200.0,0.0,92.33,66.4481,151.6917,151.6917,58320.038,1769350900.7257786,4.3,62,1444,0.391,28,0,0,14.55,15.0,0,2153,1769350756.567,-141.404,meta-llama/Llama-3.2-1B-Instruct,"1769350756.567, 1769350756.589, 1769350756.718, 1769350756.813, 1769350756.843"
1.0,0,1769350753.067,146.3921,27,32,59,0.0967,0.4667,1.3477,1.0,0.3477,92.27,3.3004,145.4888,145.4888,58465.5268,1769350902.7663836,4.29,62,1445,0.422,31,0,0,14.55,15.0,0,2153,1769350756.567,-141.404,meta-llama/Llama-3.2-1B-Instruct,"1769350756.567, 1769350756.589, 1769350756.718, 1769350756.813, 1769350756.843"
1.0,0,1769350753.2762,146.3909,27,31,58,0.3719,0.2661,1.3553,1.0,0.3553,92.2,3.145,145.7628,145.7628,58611.2896,1769350902.8220751,4.29,62,1446,0.42,31,0,0,14.55,15.0,0,2153,1769350756.567,-141.404,meta-llama/Llama-3.2-1B-Instruct,"1769350756.567, 1769350756.589, 1769350756.718, 1769350756.813, 1769350756.843"
200.0,1,1769350549.4363,287.2355,12339,1027,13366,2.1056,0.0747,0.4126,200.0,0.0,92.21,66.1646,153.4001,153.4001,58764.6897,1769350902.8700318,4.28,62,1447,0.425,31,0,0,14.55,15.0,0,2153,1769350756.567,-141.404,meta-llama/Llama-3.2-1B-Instruct,"1769350756.567, 1769350756.589, 1769350756.718, 1769350756.813, 1769350756.843"
1.0,0,1769350753.4615,147.2931,27,32,59,1.3103,0.1406,0.1974,1.0,0.0,92.22,3.1482,147.6035,147.6035,59059.9565,1769350903.9138005,4.28,62,1449,0.379,29,0,0,14.55,15.0,0,2142,1769350757.274,-145.716,meta-llama/Llama-3.2-1B-Instruct,"1769350757.274, 1769350757.286, 1769350757.342, 1769350757.367, 1769350757.404"
1.0,0,1769350753.4034,147.3453,27,32,59,1.3182,0.1337,0.2326,1.0,0.0,92.22,3.1645,147.6634,147.6634,59059.9565,1769350903.9175813,4.28,62,1449,0.369,28,0,0,14.55,15.0,0,2142,1769350757.274,-145.716,meta-llama/Llama-3.2-1B-Instruct,"1769350757.274, 1769350757.286, 1769350757.342, 1769350757.367, 1769350757.404"
200.0,1,1769350555.1971,348.7413,5198,0,5198,,,,200.0,,,1.2687,150.01,150.01,59209.9665,1769350905.22533,4.28,62,1450,0.364,30,0,0,14.55,15.0,0,2142,1769350757.274,-145.716,meta-llama/Llama-3.2-1B-Instruct,"1769350757.274, 1769350757.286, 1769350757.342, 1769350757.367, 1769350757.404"
1.0,0,1769350753.9556,148.9403,27,28,55,0.0712,0.1138,1.2379,1.0,0.2379,92.16,3.3537,148.0114,148.0114,59357.9779,1769350906.2510235,4.27,62,1451,0.362,30,1,0,14.55,15.0,0,2142,1769350757.274,-145.716,meta-llama/Llama-3.2-1B-Instruct,"1769350757.274, 1769350757.286, 1769350757.342, 1769350757.367, 1769350757.404"
1.0,0,1769350753.6119,149.2069,27,32,59,0.1056,0.6019,1.2429,1.0,0.2429,92.09,4.2151,148.3125,148.3125,59654.5024,1769350907.0475879,4.27,62,1453,0.405,30,0,0,14.55,15.0,0,2142,1769350757.274,-145.716,meta-llama/Llama-3.2-1B-Instruct,"1769350757.274, 1769350757.286, 1769350757.342, 1769350757.367, 1769350757.404"
1.0,0,1769350753.7434,149.1301,27,32,59,0.0818,0.61,1.2488,1.0,0.2488,92.03,4.1703,148.212,148.212,59654.5024,1769350907.0540023,4.27,62,1453,0.362,29,0,0,14.55,15.0,0,2142,1769350757.274,-145.716,meta-llama/Llama-3.2-1B-Instruct,"1769350757.274, 1769350757.286, 1769350757.342, 1769350757.367, 1769350757.404"
1.0,0,1769350754.3333,150.9143,27,32,59,0.1001,0.1047,0.6127,1.0,0.0,92.03,3.0403,150.0145,150.0145,59804.5169,1769350908.2965262,4.26,62,1454,0.379,31,0,0,14.55,15.0,0,2136,1769350757.501,-150.51,meta-llama/Llama-3.2-1B-Instruct,"1769350757.501, 1769350757.579, 1769350757.590, 1769350757.631, 1769350757.677"
1.0,0,1769350754.4454,152.6384,27,32,59,0.1294,0.0998,0.1212,1.0,0.0,92.04,2.5417,151.7678,151.7678,60108.1152,1769350909.6272907,4.26,62,1456,0.395,30,0,0,14.55,15.0,0,2136,1769350757.501,-150.51,meta-llama/Llama-3.2-1B-Instruct,"1769350757.501, 1769350757.579, 1769350757.590, 1769350757.631, 1769350757.677"
1.0,0,1769350754.3893,152.6844,27,32,59,0.146,0.0883,0.1265,1.0,0.0,92.04,2.5456,151.8304,151.8304,60108.1152,1769350909.6275008,4.26,62,1456,0.395,30,0,0,14.55,15.0,0,2136,1769350757.501,-150.51,meta-llama/Llama-3.2-1B-Instruct,"1769350757.501, 1769350757.579, 1769350757.590, 1769350757.631, 1769350757.677"
1.0,0,1769350754.6861,154.9726,27,0,27,,,,1.0,,,0.1487,154.1213,154.1213,60262.2365,1769350909.8080702,4.26,62,1457,0.398,30,0,0,14.55,15.0,0,2136,1769350757.501,-150.51,meta-llama/Llama-3.2-1B-Instruct,"1769350757.501, 1769350757.579, 1769350757.590, 1769350757.631, 1769350757.677"
1.0,0,1769350754.5763,153.7443,27,32,59,0.0633,0.1165,0.4587,1.0,0.0,92.05,2.9071,152.8076,152.8076,60415.0441,1769350911.234941,4.25,62,1458,0.396,31,0,0,14.55,15.0,0,2136,1769350757.501,-150.51,meta-llama/Llama-3.2-1B-Instruct,"1769350757.501, 1769350757.579, 1769350757.590, 1769350757.631, 1769350757.677"
200.0,1,1769350549.7049,293.1757,3032,1023,4055,0.3898,0.0853,0.4699,200.0,0.0,92.05,69.1422,162.3179,162.3179,60577.3619,1769350912.0385807,4.25,62,1459,0.473,31,0,0,14.55,15.0,0,2136,1769350757.501,-150.51,meta-llama/Llama-3.2-1B-Instruct,"1769350757.501, 1769350757.579, 1769350757.590, 1769350757.631, 1769350757.677"
1.0,0,1769350754.6307,155.046,27,32,59,0.1195,0.4671,0.5209,1.0,0.0,92.06,3.4721,154.1655,154.1655,60731.5274,1769350913.1520631,4.25,62,1460,0.398,30,0,0,14.55,15.0,0,2130,1769350757.93,-155.081,meta-llama/Llama-3.2-1B-Instruct,"1769350757.930, 1769350758.061, 1769350758.089, 1769350758.214, 1769350758.269"
1.0,0,1769350754.9815,157.0778,27,32,59,0.0682,0.1043,0.3938,1.0,0.0,92.06,2.8509,156.146,156.146,60887.6734,1769350914.9117255,4.24,62,1461,0.41,31,0,0,14.55,15.0,0,2130,1769350757.93,-155.081,meta-llama/Llama-3.2-1B-Instruct,"1769350757.930, 1769350758.061, 1769350758.089, 1769350758.214, 1769350758.269"
1.0,0,1769350755.1647,159.7729,27,1,28,0.0803,,,1.0,,,0.1758,158.8532,158.8532,61046.5266,1769350915.1140978,4.24,62,1462,0.423,31,0,0,14.55,15.0,0,2130,1769350757.93,-155.081,meta-llama/Llama-3.2-1B-Instruct,"1769350757.930, 1769350758.061, 1769350758.089, 1769350758.214, 1769350758.269"
200.0,1,1769350549.828,295.2286,3103,1029,4132,0.4392,0.0903,0.4702,200.0,0.0,92.07,70.4024,165.6309,165.6309,61212.1576,1769350915.4749515,4.24,62,1463,0.466,31,0,0,14.55,15.0,0,2130,1769350757.93,-155.081,meta-llama/Llama-3.2-1B-Instruct,"1769350757.930, 1769350758.061, 1769350758.089, 1769350758.214, 1769350758.269"
1.0,0,1769350755.2584,159.8792,27,32,59,0.0864,0.1159,0.4061,1.0,0.0,92.08,2.9086,158.9656,158.9656,61371.1232,1769350918.048526,4.23,62,1464,0.424,31,0,0,14.55,15.0,0,2126,1769350758.269,-159.751,meta-llama/Llama-3.2-1B-Instruct,"1769350758.269, 1769350758.323, 1769350758.379, 1769350758.444, 1769350758.576"
200.0,1,1769350549.9401,298.0433,3197,1032,4229,0.4185,0.0926,0.4704,200.0,0.0,92.08,72.0378,170.081,170.081,61541.2042,1769350920.0386357,4.23,62,1465,0.442,31,0,0,14.55,15.0,0,2126,1769350758.269,-159.751,meta-llama/Llama-3.2-1B-Instruct,"1769350758.269, 1769350758.323, 1769350758.379, 1769350758.444, 1769350758.576"
200.0,1,1769350551.3776,335.2141,5841,322,6163,0.8166,0.4028,1.1182,200.0,0.0,92.09,34.8149,170.029,170.029,61711.2332,1769350921.4272895,4.23,62,1466,0.434,31,0,0,14.55,15.0,0,2126,1769350758.269,-159.751,meta-llama/Llama-3.2-1B-Instruct,"1769350758.269, 1769350758.323, 1769350758.379, 1769350758.444, 1769350758.576"
1.0,0,1769350755.4617,162.6176,27,32,59,0.0656,0.1237,1.2047,1.0,0.2047,92.02,3.7611,161.6833,161.6833,61872.9165,1769350921.8468657,4.23,62,1467,0.424,31,0,0,14.55,15.0,0,2126,1769350758.269,-159.751,meta-llama/Llama-3.2-1B-Instruct,"1769350758.269, 1769350758.323, 1769350758.379, 1769350758.444, 1769350758.576"
1.0,0,1769350755.5889,165.8565,27,32,59,0.1379,0.1055,0.111,1.0,0.0,92.03,2.4368,164.9944,164.9944,62037.9109,1769350923.8896794,4.22,62,1468,0.419,31,0,0,14.55,15.0,0,2122,1769350758.576,-164.462,meta-llama/Llama-3.2-1B-Instruct,"1769350758.576, 1769350758.778, 1769350758.912, 1769350758.980, 1769350758.985"
1.0,0,1769350755.7184,166.1518,27,32,59,0.0806,0.1009,0.4321,1.0,0.0,92.03,2.6153,165.2324,165.2324,62203.1433,1769350924.4967303,4.22,62,1469,0.42,31,0,0,14.55,15.0,0,2122,1769350758.576,-164.462,meta-llama/Llama-3.2-1B-Instruct,"1769350758.576, 1769350758.778, 1769350758.912, 1769350758.980, 1769350758.985"
200.0,1,1769350550.0655,300.5853,3276,1027,4303,0.4298,0.0943,0.5212,200.0,0.0,92.04,74.231,174.8162,174.8162,62377.9595,1769350924.9212508,4.22,62,1470,0.457,31,0,0,14.55,15.0,0,2122,1769350758.576,-164.462,meta-llama/Llama-3.2-1B-Instruct,"1769350758.576, 1769350758.778, 1769350758.912, 1769350758.980, 1769350758.985"
1.0,0,1769350755.8428,168.7148,27,32,59,0.1147,0.064,0.0727,1.0,0.0,92.04,1.568,167.8294,167.8294,62545.789,1769350926.13317,4.21,62,1471,0.435,31,0,0,14.55,15.0,0,2122,1769350758.576,-164.462,meta-llama/Llama-3.2-1B-Instruct,"1769350758.576, 1769350758.778, 1769350758.912, 1769350758.980, 1769350758.985"
1.0,0,1769350755.8991,169.0461,27,32,59,0.0818,0.0696,0.0765,1.0,0.0,92.05,1.5281,168.1279,168.1279,62713.9168,1769350926.4819827,4.21,62,1472,0.422,31,0,0,14.55,15.0,0,2122,1769350758.576,-164.462,meta-llama/Llama-3.2-1B-Instruct,"1769350758.576, 1769350758.778, 1769350758.912, 1769350758.980, 1769350758.985"
1.0,0,1769350755.9572,170.2072,27,31,58,0.0812,0.0595,0.0632,1.0,0.0,92.06,1.5403,169.2884,169.2884,62883.2052,1769350927.7080572,4.21,62,1473,0.424,31,0,0,14.55,15.0,0,2122,1769350758.576,-164.462,meta-llama/Llama-3.2-1B-Instruct,"1769350758.576, 1769350758.778, 1769350758.912, 1769350758.980, 1769350758.985"
1.0,0,1769350756.0122,170.4937,27,31,58,0.0842,0.2125,0.7283,1.0,0.0,92.06,2.4355,169.5779,169.5779,63052.7831,1769350928.992286,4.21,62,1474,0.425,31,0,0,14.55,15.0,0,2116,1769350759.169,-168.871,meta-llama/Llama-3.2-1B-Instruct,"1769350759.169, 1769350759.195, 1769350759.274, 1769350759.296, 1769350759.352"
1.0,0,1769350756.1714,172.8751,27,32,59,0.0796,0.0664,0.0759,1.0,0.0,92.07,1.5592,171.9546,171.9546,63224.7378,1769350930.6097436,4.2,62,1475,0.447,31,0,0,14.55,15.0,0,2116,1769350759.169,-168.871,meta-llama/Llama-3.2-1B-Instruct,"1769350759.169, 1769350759.195, 1769350759.274, 1769350759.296, 1769350759.352"
200.0,1,1769350550.7318,324.4126,3004,678,3682,0.4263,0.1164,1.0541,200.0,0.0,92.07,56.0608,180.4734,180.4734,63405.2112,1769350931.2197936,4.2,62,1476,0.502,31,0,0,14.55,15.0,0,2116,1769350759.169,-168.871,meta-llama/Llama-3.2-1B-Instruct,"1769350759.169, 1769350759.195, 1769350759.274, 1769350759.296, 1769350759.352"
1.0,0,1769350756.2259,174.4898,27,32,59,0.1004,0.077,0.3966,1.0,0.0,92.08,1.9665,173.5902,173.5902,63578.8015,1769350932.6869915,4.2,62,1477,0.45,31,0,0,14.55,15.0,0,2116,1769350759.169,-168.871,meta-llama/Llama-3.2-1B-Instruct,"1769350759.169, 1769350759.195, 1769350759.274, 1769350759.296, 1769350759.352"
1.0,0,1769350756.2859,176.421,27,32,59,0.0859,0.0617,0.062,1.0,0.0,92.08,1.5739,175.5069,175.5069,63754.3084,1769350934.2865257,4.19,62,1478,0.453,31,0,0,14.55,15.0,0,2112,1769350759.352,-173.721,meta-llama/Llama-3.2-1B-Instruct,"1769350759.352, 1769350759.387, 1769350759.407, 1769350759.464, 1769350759.623"
1.0,0,1769350756.342,178.037,27,32,59,0.1081,0.068,0.0721,1.0,0.0,92.09,1.6018,177.1452,177.1452,63931.4536,1769350935.9902697,4.19,62,1479,0.456,31,0,0,14.55,15.0,0,2112,1769350759.352,-173.721,meta-llama/Llama-3.2-1B-Instruct,"1769350759.352, 1769350759.387, 1769350759.407, 1769350759.464, 1769350759.623"
200.0,1,1769350550.5063,311.7629,3103,1025,4128,0.3863,0.0958,0.532,200.0,0.0,92.09,74.971,186.7339,186.7339,64118.1874,1769350937.25884,4.19,62,1480,0.479,31,0,0,14.55,15.0,0,2112,1769350759.352,-173.721,meta-llama/Llama-3.2-1B-Instruct,"1769350759.352, 1769350759.387, 1769350759.407, 1769350759.464, 1769350759.623"
200.0,1,1769350553.6096,343.2131,3610,523,4133,0.4858,0.1106,0.5263,200.0,0.0,92.1,40.9052,184.1183,184.1183,64302.3058,1769350937.7440624,4.19,62,1481,0.419,30,0,0,14.55,15.0,0,2112,1769350759.352,-173.721,meta-llama/Llama-3.2-1B-Instruct,"1769350759.352, 1769350759.387, 1769350759.407, 1769350759.464, 1769350759.623"
1.0,0,1769350756.404,180.8933,27,18,45,0.0985,0.3653,0.3653,1.0,0.0,92.11,1.3132,179.9917,179.9917,64482.2975,1769350938.6248503,4.18,62,1482,0.458,31,0,0,14.55,15.0,0,2108,1769350759.623,-178.459,meta-llama/Llama-3.2-1B-Instruct,"1769350759.623, 1769350759.698, 1769350759.842, 1769350759.939, 1769350760.123"
1.0,0,1769350756.5012,182.1637,27,32,59,0.1082,0.0561,0.0586,1.0,0.0,92.11,1.6063,181.2719,181.2719,64663.5694,1769350940.2785082,4.18,62,1483,0.457,31,0,0,14.55,15.0,0,2108,1769350759.623,-178.459,meta-llama/Llama-3.2-1B-Instruct,"1769350759.623, 1769350759.698, 1769350759.842, 1769350759.939, 1769350760.123"
1.0,0,1769350756.579,183.723,27,32,59,0.0795,0.0602,0.0614,1.0,0.0,92.12,1.586,182.8025,182.8025,64846.3719,1769350941.8918626,4.18,62,1484,0.46,31,0,0,14.55,15.0,0,2108,1769350759.623,-178.459,meta-llama/Llama-3.2-1B-Instruct,"1769350759.623, 1769350759.698, 1769350759.842, 1769350759.939, 1769350760.123"
200.0,1,1769350550.6289,317.7419,5032,1023,6055,0.6625,0.0973,0.5305,200.0,0.0,92.12,75.4429,193.1848,193.1848,65039.5567,1769350943.8306456,4.18,62,1485,0.487,31,0,0,14.55,15.0,0,2105,1769350759.939,-183.144,meta-llama/Llama-3.2-1B-Instruct,"1769350759.939, 1769350760.123, 1769350760.213, 1769350760.370, 1769350760.430"
1.0,0,1769350756.6306,187.2344,27,32,59,0.1101,0.0637,0.0687,1.0,0.0,92.13,1.6165,186.3445,186.3445,65225.9012,1769350945.4853768,4.17,62,1486,0.463,31,0,0,14.55,15.0,0,2105,1769350759.939,-183.144,meta-llama/Llama-3.2-1B-Instruct,"1769350759.939, 1769350760.123, 1769350760.213, 1769350760.370, 1769350760.430"
200.0,1,1769350553.2844,340.5375,5661,893,6554,0.9606,0.0966,0.4671,200.0,0.0,92.13,62.3083,202.8459,202.8459,65428.747,1769350956.1490757,4.17,62,1487,0.407,31,0,0,14.55,15.0,0,2103,1769350760.213,-192.913,meta-llama/Llama-3.2-1B-Instruct,"1769350760.213, 1769350760.370, 1769350760.430, 1769350760.433, 1769350760.489"
1.0,0,1769350756.7884,199.3781,27,32,59,0.0799,0.0621,0.0644,1.0,0.0,92.14,1.6201,198.458,198.458,65627.205,1769350957.7996118,4.17,62,1488,0.482,31,0,0,14.55,15.0,0,2103,1769350760.213,-192.913,meta-llama/Llama-3.2-1B-Instruct,"1769350760.213, 1769350760.370, 1769350760.430, 1769350760.433, 1769350760.489"
200.0,1,1769350550.9673,332.1731,3468,1022,4490,0.4251,0.096,0.5966,200.0,0.0,92.14,74.6629,206.836,206.836,65834.041,1769350957.821062,4.16,62,1489,0.511,31,0,0,14.55,15.0,0,2103,1769350760.213,-192.913,meta-llama/Llama-3.2-1B-Instruct,"1769350760.213, 1769350760.370, 1769350760.430, 1769350760.433, 1769350760.489"
200.0,1,1769350551.4597,335.2694,3359,1033,4392,1.0444,0.1,0.5897,200.0,0.0,92.15,74.4003,209.6697,209.6697,66043.7107,1769350961.147996,4.16,62,1490,0.453,30,0,0,14.55,15.0,0,2100,1769350760.433,-197.712,meta-llama/Llama-3.2-1B-Instruct,"1769350760.433, 1769350760.489, 1769350760.544, 1769350760.600, 1769350760.662"
1.0,0,1769350757.0891,204.0854,27,0,27,,,,1.0,,,0.094,203.1794,203.1794,66246.8901,1769350961.2691438,4.16,62,1491,0.482,31,0,0,14.55,15.0,0,2100,1769350760.433,-197.712,meta-llama/Llama-3.2-1B-Instruct,"1769350760.433, 1769350760.489, 1769350760.544, 1769350760.600, 1769350760.662"
200.0,1,1769350551.8528,336.1298,3004,1028,4032,1.4301,0.0979,0.5262,200.0,0.0,92.15,73.4682,209.598,209.598,66875.6858,1769350961.4654956,4.15,62,1494,0.388,28,0,0,14.55,15.0,0,2100,1769350760.433,-197.712,meta-llama/Llama-3.2-1B-Instruct,"1769350760.433, 1769350760.489, 1769350760.544, 1769350760.600, 1769350760.662"
200.0,1,1769350551.7294,336.208,3691,1024,4715,0.5209,0.0982,0.5932,200.0,0.0,92.16,73.5157,209.7237,209.7237,66875.6858,1769350961.4700985,4.15,62,1494,0.388,28,0,0,14.55,15.0,0,2100,1769350760.433,-197.712,meta-llama/Llama-3.2-1B-Instruct,"1769350760.433, 1769350760.489, 1769350760.544, 1769350760.600, 1769350760.662"
200.0,1,1769350551.975,336.0358,5398,1024,6422,1.4008,0.0988,0.532,200.0,0.0,92.16,73.4381,209.4739,209.4739,66875.6858,1769350961.470982,4.16,62,1494,0.388,28,0,0,14.55,15.0,0,2100,1769350760.433,-197.712,meta-llama/Llama-3.2-1B-Instruct,"1769350760.433, 1769350760.489, 1769350760.544, 1769350760.600, 1769350760.662"
1.0,0,1769350757.2688,204.2751,27,0,27,,,,1.0,,,0.1051,203.3802,203.3802,67079.066,1769350961.6615465,4.15,62,1495,0.434,29,0,0,14.55,15.0,0,2100,1769350760.433,-197.712,meta-llama/Llama-3.2-1B-Instruct,"1769350760.433, 1769350760.489, 1769350760.544, 1769350760.600, 1769350760.662"
200.0,1,1769350552.7334,338.0003,3130,1027,4157,1.0127,0.0972,0.5146,200.0,0.0,92.17,72.2786,210.2789,210.2789,67499.6991,1769350963.029402,4.14,62,1497,0.409,31,0,0,14.55,15.0,0,2100,1769350760.433,-197.712,meta-llama/Llama-3.2-1B-Instruct,"1769350760.433, 1769350760.489, 1769350760.544, 1769350760.600, 1769350760.662"
200.0,1,1769350552.6515,337.9091,6060,1029,7089,0.8591,0.0972,0.5216,200.0,0.0,92.18,72.445,210.3542,210.3542,67499.6991,1769350963.0649545,4.14,62,1497,0.39,31,0,0,14.55,15.0,0,2100,1769350760.433,-197.712,meta-llama/Llama-3.2-1B-Instruct,"1769350760.433, 1769350760.489, 1769350760.544, 1769350760.600, 1769350760.662"
1.0,0,1769350757.2136,204.0813,27,32,59,0.0834,0.0856,0.4399,1.0,0.0,92.18,2.0425,203.1647,203.1647,67702.8638,1769350963.348626,4.14,62,1498,0.482,31,0,0,14.55,15.0,0,2093,1769350761.149,-202.021,meta-llama/Llama-3.2-1B-Instruct,"1769350761.149, 1769350761.166, 1769350761.223, 1769350761.232, 1769350761.461"
200.0,1,1769350552.8288,339.3291,4171,1036,5207,0.566,0.1013,0.4677,200.0,0.0,92.19,71.7146,211.0437,211.0437,67913.9074,1769350963.8970802,4.14,62,1499,0.42,31,0,0,14.55,15.0,0,2093,1769350761.149,-202.021,meta-llama/Llama-3.2-1B-Instruct,"1769350761.149, 1769350761.166, 1769350761.223, 1769350761.232, 1769350761.461"
1.0,0,1769350757.3793,204.178,27,32,59,0.0877,0.3838,0.4447,1.0,0.0,92.19,2.378,203.2658,203.2658,68320.4979,1769350963.9403098,4.13,62,1501,0.434,29,0,0,14.55,15.0,0,2093,1769350761.149,-202.021,meta-llama/Llama-3.2-1B-Instruct,"1769350761.149, 1769350761.166, 1769350761.223, 1769350761.232, 1769350761.461"
1.0,0,1769350757.3231,204.212,27,32,59,0.1127,0.4019,0.4476,1.0,0.0,92.2,2.4032,203.3247,203.3247,68320.4979,1769350963.9433558,4.13,62,1501,0.434,29,0,0,14.55,15.0,0,2093,1769350761.149,-202.021,meta-llama/Llama-3.2-1B-Instruct,"1769350761.149, 1769350761.166, 1769350761.223, 1769350761.232, 1769350761.461"
200.0,1,1769350553.0179,340.0466,2961,1027,3988,0.423,0.0969,0.4651,200.0,0.0,92.2,71.5867,211.6334,211.6334,68532.1313,1769350964.6666543,4.13,62,1502,0.418,31,0,0,14.55,15.0,0,2093,1769350761.149,-202.021,meta-llama/Llama-3.2-1B-Instruct,"1769350761.149, 1769350761.166, 1769350761.223, 1769350761.232, 1769350761.461"
200.0,1,1769350553.1891,340.5346,3032,1029,4061,0.3942,0.0978,0.4683,200.0,0.0,92.21,71.2248,211.7594,211.7594,68743.8907,1769350964.9736054,4.13,62,1503,0.428,31,0,0,14.55,15.0,0,2093,1769350761.149,-202.021,meta-llama/Llama-3.2-1B-Instruct,"1769350761.149, 1769350761.166, 1769350761.223, 1769350761.232, 1769350761.461"
1.0,0,1769350757.5759,205.5159,27,32,59,0.128,0.4031,0.4289,1.0,0.0,92.21,2.7123,204.6439,204.6439,69152.9906,1769350965.8125718,4.12,62,1505,0.412,30,0,0,14.55,15.0,0,2093,1769350761.149,-202.021,meta-llama/Llama-3.2-1B-Instruct,"1769350761.149, 1769350761.166, 1769350761.223, 1769350761.232, 1769350761.461"
1.0,0,1769350757.7779,205.3222,27,32,59,0.1338,0.3999,0.4127,1.0,0.0,92.22,2.7065,204.4561,204.4561,69152.9906,1769350965.812763,4.12,62,1505,0.412,30,0,0,14.55,15.0,0,2093,1769350761.149,-202.021,meta-llama/Llama-3.2-1B-Instruct,"1769350761.149, 1769350761.166, 1769350761.223, 1769350761.232, 1769350761.461"
200.0,1,1769350553.4014,341.9229,3372,1028,4400,0.4587,0.098,0.4716,200.0,0.0,92.22,70.6438,212.5667,212.5667,69365.5573,1769350965.9828641,4.12,62,1506,0.41,31,0,0,14.55,15.0,0,2093,1769350761.149,-202.021,meta-llama/Llama-3.2-1B-Instruct,"1769350761.149, 1769350761.166, 1769350761.223, 1769350761.232, 1769350761.461"
200.0,1,1769350553.5064,342.5379,3473,1024,4497,0.4813,0.0957,0.4642,200.0,0.0,92.23,70.648,213.1859,213.1859,69578.7432,1769350966.7139778,4.11,62,1507,0.407,30,1,0,14.55,15.0,0,2093,1769350761.149,-202.021,meta-llama/Llama-3.2-1B-Instruct,"1769350761.149, 1769350761.166, 1769350761.223, 1769350761.232, 1769350761.461"
1.0,0,1769350757.9802,206.0602,27,32,59,0.4662,0.415,0.4588,1.0,0.0,92.23,2.7353,205.5264,205.5264,69989.7402,1769350966.787156,4.11,62,1509,0.406,29,0,0,14.55,15.0,0,2093,1769350761.149,-202.021,meta-llama/Llama-3.2-1B-Instruct,"1769350761.149, 1769350761.166, 1769350761.223, 1769350761.232, 1769350761.461"
1.0,0,1769350758.0376,206.0151,27,32,59,0.4556,0.4267,0.4422,1.0,0.0,92.24,2.7309,205.4707,205.4707,69989.7402,1769350966.7879145,4.11,62,1509,0.406,29,0,0,14.55,15.0,0,2093,1769350761.149,-202.021,meta-llama/Llama-3.2-1B-Instruct,"1769350761.149, 1769350761.166, 1769350761.223, 1769350761.232, 1769350761.461"
1.0,0,1769350758.1689,206.5354,27,32,59,0.1038,0.4483,0.4784,1.0,0.0,92.24,2.77,205.6392,205.6392,70195.3794,1769350967.4920812,4.11,62,1510,0.406,31,0,0,14.55,15.0,0,2093,1769350761.149,-202.021,meta-llama/Llama-3.2-1B-Instruct,"1769350761.149, 1769350761.166, 1769350761.223, 1769350761.232, 1769350761.461"
200.0,1,1769350553.7639,344.013,3545,1033,4578,0.452,0.0964,0.4652,200.0,0.0,92.25,70.2173,214.2303,214.2303,70409.6097,1769350968.0141954,4.1,62,1511,0.431,31,0,0,14.55,15.0,0,2093,1769350761.149,-202.021,meta-llama/Llama-3.2-1B-Instruct,"1769350761.149, 1769350761.166, 1769350761.223, 1769350761.232, 1769350761.461"
1.0,0,1769350758.4644,208.3797,27,19,46,0.4487,0.0721,0.0721,1.0,0.0,92.26,1.7082,207.8284,207.8284,70617.4382,1769350968.5648634,4.1,62,1512,0.39,29,1,0,14.55,15.0,0,2078,1769350762.302,-205.88,meta-llama/Llama-3.2-1B-Instruct,"1769350762.302, 1769350762.355, 1769350762.463, 1769350762.494, 1769350762.554"
1.0,0,1769350758.3523,207.6515,27,32,59,0.3563,0.4005,0.4767,1.0,0.0,92.26,2.5997,207.0077,207.0077,71031.4953,1769350968.61151,4.1,62,1514,0.404,31,0,0,14.55,15.0,0,2078,1769350762.302,-205.88,meta-llama/Llama-3.2-1B-Instruct,"1769350762.302, 1769350762.355, 1769350762.463, 1769350762.494, 1769350762.554"
1.0,0,1769350758.2956,207.5827,27,31,58,0.4667,0.4047,0.4857,1.0,0.0,92.27,2.7309,207.0494,207.0494,71031.4953,1769350968.6176877,4.1,62,1514,0.406,30,0,0,14.55,15.0,0,2078,1769350762.302,-205.88,meta-llama/Llama-3.2-1B-Instruct,"1769350762.302, 1769350762.355, 1769350762.463, 1769350762.494, 1769350762.554"
200.0,1,1769350553.993,344.7996,3669,1030,4699,0.4535,0.094,0.4767,200.0,0.0,92.27,70.8976,215.6972,215.6972,71247.1925,1769350969.7265658,4.09,62,1515,0.423,31,0,0,14.55,15.0,0,2078,1769350762.302,-205.88,meta-llama/Llama-3.2-1B-Instruct,"1769350762.302, 1769350762.355, 1769350762.463, 1769350762.494, 1769350762.554"
1.0,0,1769350758.4073,208.4333,27,32,59,0.4514,0.4104,0.7397,1.0,0.0,92.28,3.0046,207.8847,207.8847,71455.0772,1769350969.8486023,4.09,62,1516,0.39,29,1,0,14.55,15.0,0,2078,1769350762.302,-205.88,meta-llama/Llama-3.2-1B-Instruct,"1769350762.302, 1769350762.355, 1769350762.463, 1769350762.494, 1769350762.554"
200.0,1,1769350554.16,345.3767,3766,1029,4795,0.4874,0.0937,0.4845,200.0,0.0,92.28,70.5196,215.8963,215.8963,71670.9735,1769350970.0723178,4.09,62,1517,0.408,30,0,0,14.55,15.0,0,2078,1769350762.302,-205.88,meta-llama/Llama-3.2-1B-Instruct,"1769350762.302, 1769350762.355, 1769350762.463, 1769350762.494, 1769350762.554"
1.0,0,1769350758.6234,208.8913,27,32,59,0.1172,0.4075,0.7454,1.0,0.0,92.29,2.6767,208.0085,208.0085,71878.982,1769350970.192908,4.08,62,1518,0.403,31,0,0,14.55,15.0,0,2078,1769350762.302,-205.88,meta-llama/Llama-3.2-1B-Instruct,"1769350762.302, 1769350762.355, 1769350762.463, 1769350762.494, 1769350762.554"
200.0,1,1769350554.3671,346.3018,3073,1025,4098,0.4173,0.0949,0.5188,200.0,0.0,92.29,70.7676,217.0694,217.0694,72313.0041,1769350971.4545977,4.08,62,1520,0.422,31,0,0,14.55,15.0,0,2078,1769350762.302,-205.88,meta-llama/Llama-3.2-1B-Instruct,"1769350762.302, 1769350762.355, 1769350762.463, 1769350762.494, 1769350762.554"
200.0,1,1769350554.4886,346.2879,7660,1032,8692,1.2894,0.0959,0.4863,200.0,0.0,92.3,70.6648,216.9527,216.9527,72313.0041,1769350971.478595,4.08,62,1520,0.379,29,0,0,14.55,15.0,0,2078,1769350762.302,-205.88,meta-llama/Llama-3.2-1B-Instruct,"1769350762.302, 1769350762.355, 1769350762.463, 1769350762.494, 1769350762.554"
1.0,0,1769350759.1226,209.5549,27,32,59,0.7031,0.0676,0.7309,1.0,0.0,92.3,2.8897,209.258,209.258,72522.2621,1769350971.5781038,4.08,62,1521,0.401,29,0,0,14.55,15.0,0,2078,1769350762.302,-205.88,meta-llama/Llama-3.2-1B-Instruct,"1769350762.302, 1769350762.355, 1769350762.463, 1769350762.494, 1769350762.554"
1.0,0,1769350759.2129,210.5428,27,33,60,0.0772,0.3084,0.7302,1.0,0.0,92.31,2.279,209.62,209.62,72731.8821,1769350972.0380907,4.07,62,1522,0.407,31,0,0,14.55,15.0,0,2078,1769350762.302,-205.88,meta-llama/Llama-3.2-1B-Instruct,"1769350762.302, 1769350762.355, 1769350762.463, 1769350762.494, 1769350762.554"
1.0,0,1769350759.3702,210.4985,27,32,59,0.0811,0.2527,0.7215,1.0,0.0,92.31,2.2456,209.5796,209.5796,72941.4617,1769350972.1211498,4.07,62,1523,0.407,31,0,0,14.55,15.0,0,2078,1769350762.302,-205.88,meta-llama/Llama-3.2-1B-Instruct,"1769350762.302, 1769350762.355, 1769350762.463, 1769350762.494, 1769350762.554"
1.0,0,1769350759.4332,210.7845,27,32,59,0.7803,0.0901,0.2584,1.0,0.0,92.32,2.2979,210.5648,210.5648,73152.0265,1769350972.5234098,4.07,62,1524,0.393,30,0,0,14.55,15.0,0,2078,1769350762.302,-205.88,meta-llama/Llama-3.2-1B-Instruct,"1769350762.302, 1769350762.355, 1769350762.463, 1769350762.494, 1769350762.554"
200.0,1,1769350555.1181,348.8269,4608,1028,5636,1.2631,0.0953,0.4627,200.0,0.0,92.32,69.0689,217.8958,217.8958,73369.9223,1769350973.0462232,4.07,62,1525,0.364,30,0,0,14.55,15.0,0,2078,1769350762.302,-205.88,meta-llama/Llama-3.2-1B-Instruct,"1769350762.302, 1769350762.355, 1769350762.463, 1769350762.494, 1769350762.554"
1.0,0,1769350759.5442,211.9904,27,32,59,0.0703,0.0974,0.266,1.0,0.0,92.33,1.512,211.0607,211.0607,73792.0956,1769350973.0486045,4.06,62,1527,0.372,30,0,0,14.55,15.0,0,2078,1769350762.302,-205.88,meta-llama/Llama-3.2-1B-Instruct,"1769350762.302, 1769350762.355, 1769350762.463, 1769350762.494, 1769350762.554"
1.0,0,1769350759.489,212.0058,27,32,59,0.1067,0.0948,0.2276,1.0,0.0,92.33,1.5524,211.1125,211.1125,73792.0956,1769350973.0489464,4.06,62,1527,0.371,30,0,0,14.55,15.0,0,2078,1769350762.302,-205.88,meta-llama/Llama-3.2-1B-Instruct,"1769350762.302, 1769350762.355, 1769350762.463, 1769350762.494, 1769350762.554"
1.0,0,1769350759.6001,212.0155,27,32,59,0.205,0.0669,0.1003,1.0,0.0,92.34,1.4587,211.2205,211.2205,74003.3161,1769350973.0824087,4.06,62,1528,0.372,31,0,0,14.55,15.0,0,2078,1769350762.302,-205.88,meta-llama/Llama-3.2-1B-Instruct,"1769350762.302, 1769350762.355, 1769350762.463, 1769350762.494, 1769350762.554"
1.0,0,1769350759.6624,212.4549,27,32,59,0.1152,0.0813,0.701,1.0,0.0,92.34,2.151,211.5702,211.5702,74426.3907,1769350974.2803042,4.05,62,1530,0.372,31,0,0,14.55,15.0,0,2064,1769350763.632,-209.571,meta-llama/Llama-3.2-1B-Instruct,"1769350763.632, 1769350764.170, 1769350764.245, 1769350764.261, 1769350764.314"
1.0,0,1769350759.7363,212.4401,27,32,59,0.0644,0.0732,0.6951,1.0,0.0,92.35,2.0938,211.5045,211.5045,74426.3907,1769350974.2804995,4.05,62,1530,0.372,30,0,0,14.55,15.0,0,2064,1769350763.632,-209.571,meta-llama/Llama-3.2-1B-Instruct,"1769350763.632, 1769350764.170, 1769350764.245, 1769350764.261, 1769350764.314"
200.0,1,1769350555.3685,350.906,4608,1036,5644,0.6516,0.0967,0.4554,200.0,0.0,92.35,68.0707,218.9767,218.9767,74645.3674,1769350974.3772283,4.05,62,1531,0.38,31,0,0,14.55,15.0,0,2064,1769350763.632,-209.571,meta-llama/Llama-3.2-1B-Instruct,"1769350763.632, 1769350764.170, 1769350764.245, 1769350764.261, 1769350764.314"
1.0,0,1769350760.1099,212.5594,27,32,59,0.1239,0.6964,1.1,1.0,0.1,92.29,3.1938,211.6833,211.6833,74857.0507,1769350975.8771813,4.05,62,1532,0.373,31,0,0,14.55,15.0,0,2064,1769350763.632,-209.571,meta-llama/Llama-3.2-1B-Instruct,"1769350763.632, 1769350764.170, 1769350764.245, 1769350764.261, 1769350764.314"
1.0,0,1769350760.6847,215.2436,27,0,27,,,,1.0,,,0.0921,214.3357,214.3357,75071.3864,1769350976.028197,4.04,62,1533,0.391,31,0,0,14.55,15.0,0,2064,1769350763.632,-209.571,meta-llama/Llama-3.2-1B-Instruct,"1769350763.632, 1769350764.170, 1769350764.245, 1769350764.261, 1769350764.314"
1.0,0,1769350760.1656,212.9483,27,32,59,0.4355,0.6651,1.0916,1.0,0.0916,92.23,3.8754,212.3838,212.3838,75283.7702,1769350976.994163,4.04,62,1534,0.356,28,0,0,14.55,15.0,0,2064,1769350763.632,-209.571,meta-llama/Llama-3.2-1B-Instruct,"1769350763.632, 1769350764.170, 1769350764.245, 1769350764.261, 1769350764.314"
1.0,0,1769350760.2228,212.8827,27,32,59,0.445,0.6671,1.0961,1.0,0.0961,92.17,3.8891,212.3277,212.3277,75496.0978,1769350976.996813,4.04,62,1535,0.356,28,0,0,14.55,15.0,0,2064,1769350763.632,-209.571,meta-llama/Llama-3.2-1B-Instruct,"1769350763.632, 1769350764.170, 1769350764.245, 1769350764.261, 1769350764.314"
200.0,1,1769350555.7584,354.0683,3556,1027,4583,0.4288,0.0939,0.5289,200.0,0.0,92.17,68.3105,222.3788,222.3788,75718.4767,1769350978.1609917,4.04,62,1536,0.398,31,0,0,14.55,15.0,0,2064,1769350763.632,-209.571,meta-llama/Llama-3.2-1B-Instruct,"1769350763.632, 1769350764.170, 1769350764.245, 1769350764.261, 1769350764.314"
200.0,1,1769350555.839,355.4193,3898,1026,4924,0.5643,0.0892,0.4843,200.0,0.0,92.18,67.5577,222.9769,222.9769,75941.4536,1769350978.8356442,4.03,62,1537,0.411,31,0,0,14.55,15.0,0,2054,1769350764.757,-213.473,meta-llama/Llama-3.2-1B-Instruct,"1769350764.757, 1769350764.789, 1769350764.811, 1769350764.957, 1769350764.960"
1.0,0,1769350760.9846,216.0413,27,32,59,0.1336,0.0655,0.4576,1.0,0.0,92.18,1.9882,215.1749,215.1749,76156.6285,1769350979.017525,4.03,62,1538,0.408,30,0,0,14.55,15.0,0,2054,1769350764.757,-213.473,meta-llama/Llama-3.2-1B-Instruct,"1769350764.757, 1769350764.789, 1769350764.811, 1769350764.957, 1769350764.960"
200.0,1,1769350561.4614,412.8848,3276,67,3343,1.111,0.0712,0.7406,200.0,0.0,92.19,5.9878,218.8726,218.8726,76599.6825,1769350980.3505623,4.03,62,1540,0.359,29,0,0,14.55,15.0,0,2054,1769350764.757,-213.473,meta-llama/Llama-3.2-1B-Instruct,"1769350764.757, 1769350764.789, 1769350764.811, 1769350764.957, 1769350764.960"
200.0,1,1769350556.158,357.0142,3069,1027,4096,0.4294,0.089,0.5865,200.0,0.0,92.19,67.1673,224.1814,224.1814,76599.6825,1769350980.3567522,4.03,62,1540,0.412,31,0,0,14.55,15.0,0,2054,1769350764.757,-213.473,meta-llama/Llama-3.2-1B-Instruct,"1769350764.757, 1769350764.789, 1769350764.811, 1769350764.957, 1769350764.960"
1.0,0,1769350761.1262,217.053,27,32,59,0.0781,0.0675,0.7543,1.0,0.0,92.2,2.2451,216.131,216.131,76815.8135,1769350980.4385412,4.02,62,1541,0.407,31,0,0,14.55,15.0,0,2054,1769350764.757,-213.473,meta-llama/Llama-3.2-1B-Instruct,"1769350764.757, 1769350764.789, 1769350764.811, 1769350764.957, 1769350764.960"
1.0,0,1769350761.2192,217.8187,27,32,59,0.6494,0.0796,0.39,1.0,0.0,92.21,2.4429,217.4681,217.4681,77033.2816,1769350981.4829447,4.02,62,1542,0.411,31,0,0,14.55,15.0,0,2054,1769350764.757,-213.473,meta-llama/Llama-3.2-1B-Instruct,"1769350764.757, 1769350764.789, 1769350764.811, 1769350764.957, 1769350764.960"
200.0,1,1769350556.3398,359.1545,3160,1028,4188,0.4423,0.0865,0.5929,200.0,0.0,92.21,66.619,225.7735,225.7735,77259.0551,1769350982.1284328,4.02,62,1543,0.411,31,0,0,14.55,15.0,0,2054,1769350764.757,-213.473,meta-llama/Llama-3.2-1B-Instruct,"1769350764.757, 1769350764.789, 1769350764.811, 1769350764.957, 1769350764.960"
1.0,0,1769350761.3549,219.1076,27,24,51,0.4212,0.0691,0.3448,1.0,0.0,92.22,1.8405,218.5288,218.5288,77477.5839,1769350982.314173,4.02,62,1544,0.389,29,1,0,14.55,15.0,0,2054,1769350764.757,-213.473,meta-llama/Llama-3.2-1B-Instruct,"1769350764.757, 1769350764.789, 1769350764.811, 1769350764.957, 1769350764.960"
1.0,0,1769350761.2751,219.0997,27,32,59,0.1082,0.3344,0.3948,1.0,0.0,92.22,2.2271,218.2078,218.2078,77695.7917,1769350982.603891,4.01,62,1545,0.389,29,0,0,14.55,15.0,0,2054,1769350764.757,-213.473,meta-llama/Llama-3.2-1B-Instruct,"1769350764.757, 1769350764.789, 1769350764.811, 1769350764.957, 1769350764.960"
1.0,0,1769350761.494,220.6653,27,15,42,0.0919,0.3542,0.3542,1.0,0.0,92.23,1.1223,219.7572,219.7572,77915.549,1769350983.2921882,4.01,62,1546,0.397,31,0,0,14.55,15.0,0,2044,1769350765.247,-218.02,meta-llama/Llama-3.2-1B-Instruct,"1769350765.247, 1769350765.324, 1769350765.403, 1769350765.683, 1769350765.921"
1.0,0,1769350761.5539,220.7914,27,32,59,0.0704,0.0682,0.3539,1.0,0.0,92.23,1.822,219.8618,219.8618,78135.4108,1769350984.1685214,4.01,62,1547,0.398,31,0,0,14.55,15.0,0,2044,1769350765.247,-218.02,meta-llama/Llama-3.2-1B-Instruct,"1769350765.247, 1769350765.324, 1769350765.403, 1769350765.683, 1769350765.921"
1.0,0,1769350761.7022,221.6122,27,32,59,0.0788,0.0649,0.4055,1.0,0.0,92.24,1.8718,220.691,220.691,78356.1018,1769350985.1911802,4.01,62,1548,0.409,31,0,0,14.55,15.0,0,2044,1769350765.247,-218.02,meta-llama/Llama-3.2-1B-Instruct,"1769350765.247, 1769350765.324, 1769350765.403, 1769350765.683, 1769350765.921"
200.0,1,1769350556.567,363.4924,8164,1027,9191,1.2169,0.0812,0.4797,200.0,0.0,92.24,65.1912,228.6835,228.6835,78584.7853,1769350985.2757587,4.0,62,1549,0.413,31,0,0,14.55,15.0,0,2044,1769350765.247,-218.02,meta-llama/Llama-3.2-1B-Instruct,"1769350765.247, 1769350765.324, 1769350765.403, 1769350765.683, 1769350765.921"
200.0,1,1769350558.9118,404.488,3155,296,3451,0.4072,0.3843,0.7387,200.0,0.0,92.25,23.1913,227.6793,227.6793,78812.4646,1769350986.6060483,4.0,62,1550,0.413,31,0,0,14.55,15.0,0,2044,1769350765.247,-218.02,meta-llama/Llama-3.2-1B-Instruct,"1769350765.247, 1769350765.324, 1769350765.403, 1769350765.683, 1769350765.921"
200.0,1,1769350559.8422,408.7431,3283,243,3526,0.4718,0.2607,0.724,200.0,0.0,92.25,18.7213,227.4643,227.4643,79039.9289,1769350987.3208585,4.0,62,1551,0.401,31,0,0,14.55,15.0,0,2044,1769350765.247,-218.02,meta-llama/Llama-3.2-1B-Instruct,"1769350765.247, 1769350765.324, 1769350765.403, 1769350765.683, 1769350765.921"
1.0,0,1769350761.8421,223.3784,27,32,59,0.074,0.4181,0.4186,1.0,0.0,92.26,3.2206,222.4524,222.4524,79262.3813,1769350988.447087,3.99,62,1552,0.393,30,0,0,14.55,15.0,0,2038,1769350766.106,-222.212,meta-llama/Llama-3.2-1B-Instruct,"1769350766.106, 1769350766.133, 1769350766.191, 1769350766.203, 1769350766.269"
200.0,1,1769350556.813,367.1205,3672,1027,4699,0.4644,0.0807,0.4816,200.0,0.0,92.26,64.9334,232.0538,232.0538,79494.4351,1769350988.8831224,3.99,62,1553,0.423,31,0,0,14.55,15.0,0,2038,1769350766.106,-222.212,meta-llama/Llama-3.2-1B-Instruct,"1769350766.106, 1769350766.133, 1769350766.191, 1769350766.203, 1769350766.269"
1.0,0,1769350762.2302,224.3955,27,33,60,0.0875,0.1138,0.414,1.0,0.0,92.27,2.8511,223.4831,223.4831,79717.9182,1769350989.4879518,3.99,62,1554,0.394,31,0,0,14.55,15.0,0,2038,1769350766.106,-222.212,meta-llama/Llama-3.2-1B-Instruct,"1769350766.106, 1769350766.133, 1769350766.191, 1769350766.203, 1769350766.269"
1.0,0,1769350762.4885,226.042,27,32,59,0.0825,0.1103,0.3923,1.0,0.0,92.27,2.7958,225.1245,225.1245,79943.0427,1769350991.330309,3.99,62,1555,0.394,31,0,0,14.55,15.0,0,2038,1769350766.106,-222.212,meta-llama/Llama-3.2-1B-Instruct,"1769350766.106, 1769350766.133, 1769350766.191, 1769350766.203, 1769350766.269"
1.0,0,1769350762.5458,226.3545,27,32,59,0.1373,0.3737,0.3961,1.0,0.0,92.28,3.162,225.4918,225.4918,80168.5345,1769350992.06386,3.98,62,1556,0.38,31,0,0,14.55,15.0,0,2038,1769350766.106,-222.212,meta-llama/Llama-3.2-1B-Instruct,"1769350766.106, 1769350766.133, 1769350766.191, 1769350766.203, 1769350766.269"
200.0,1,1769350558.4443,403.2727,3694,409,4103,0.4726,0.3512,0.6953,200.0,0.0,92.28,33.0838,236.3565,236.3565,80404.891,1769350994.8121617,3.98,62,1557,0.434,31,0,0,14.55,15.0,0,2033,1769350766.291,-227.032,meta-llama/Llama-3.2-1B-Instruct,"1769350766.291, 1769350766.401, 1769350766.457, 1769350766.603, 1769350766.741"
200.0,1,1769350557.1284,370.6279,5661,1024,6685,0.7634,0.0888,0.4747,200.0,0.0,92.29,67.7726,238.4005,238.4005,80643.2914,1769350995.5472002,3.98,62,1558,0.427,31,0,0,14.55,15.0,0,2033,1769350766.291,-227.032,meta-llama/Llama-3.2-1B-Instruct,"1769350766.291, 1769350766.401, 1769350766.457, 1769350766.603, 1769350766.741"
1.0,0,1769350763.2614,231.574,27,32,59,0.0645,0.0983,0.1903,1.0,0.0,92.29,2.4447,230.6384,230.6384,80873.9299,1769350997.28105,3.98,62,1559,0.403,31,0,0,14.55,15.0,0,2033,1769350766.291,-227.032,meta-llama/Llama-3.2-1B-Instruct,"1769350766.291, 1769350766.401, 1769350766.457, 1769350766.603, 1769350766.741"
1.0,0,1769350763.3135,232.2871,27,32,59,0.2684,0.1048,0.4293,1.0,0.0,92.3,2.8132,231.5555,231.5555,81105.4854,1769350998.4195821,3.97,62,1560,0.382,31,0,0,14.55,15.0,0,2030,1769350766.603,-231.761,meta-llama/Llama-3.2-1B-Instruct,"1769350766.603, 1769350766.741, 1769350766.919, 1769350766.958, 1769350767.038"
200.0,1,1769350564.3687,432.9317,3311,27,3338,0.4753,0.1066,0.1159,200.0,0.0,92.3,2.6054,235.537,235.537,81341.0224,1769350999.9181433,3.97,62,1561,0.385,31,0,0,14.55,15.0,0,2030,1769350766.603,-231.761,meta-llama/Llama-3.2-1B-Instruct,"1769350766.603, 1769350766.741, 1769350766.919, 1769350766.958, 1769350767.038"
200.0,1,1769350558.0611,399.8081,3276,528,3804,0.7814,0.1991,0.6817,200.0,0.0,92.31,42.4482,242.2563,242.2563,81583.2787,1769351000.3339,3.97,62,1562,0.47,30,0,0,14.55,15.0,0,2030,1769350766.603,-231.761,meta-llama/Llama-3.2-1B-Instruct,"1769350766.603, 1769350766.741, 1769350766.919, 1769350766.958, 1769350767.038"
200.0,1,1769350557.2738,373.9663,3514,1023,4537,0.4669,0.0914,0.4772,200.0,0.0,92.31,69.1529,243.1192,243.1192,81826.398,1769351000.4104533,3.97,62,1563,0.44,31,0,0,14.55,15.0,0,2030,1769350766.603,-231.761,meta-llama/Llama-3.2-1B-Instruct,"1769350766.603, 1769350766.741, 1769350766.919, 1769350766.958, 1769350767.038"
1.0,0,1769350763.4792,234.9607,27,32,59,0.0699,0.1126,0.4804,1.0,0.0,92.32,2.9048,234.0306,234.0306,82060.4286,1769351001.3484292,3.96,62,1564,0.396,31,0,0,14.55,15.0,0,2030,1769350766.603,-231.761,meta-llama/Llama-3.2-1B-Instruct,"1769350766.603, 1769350766.741, 1769350766.919, 1769350766.958, 1769350767.038"
1.0,0,1769350763.5479,236.3921,27,32,59,0.1397,0.1038,0.4867,1.0,0.0,92.32,2.8966,235.5318,235.5318,82295.9603,1769351002.8425632,3.96,62,1565,0.388,31,0,0,14.55,15.0,0,2030,1769350766.603,-231.761,meta-llama/Llama-3.2-1B-Instruct,"1769350766.603, 1769350766.741, 1769350766.919, 1769350766.958, 1769350767.038"
1.0,0,1769350763.7028,236.6551,27,32,59,0.1516,0.387,0.458,1.0,0.0,92.33,3.1926,235.8067,235.8067,82531.7671,1769351003.5521152,3.96,62,1566,0.376,31,0,0,14.55,15.0,0,2024,1769350767.153,-236.223,meta-llama/Llama-3.2-1B-Instruct,"1769350767.153, 1769350767.174, 1769350767.265, 1769350767.304, 1769350767.361"
1.0,0,1769350763.7566,237.6132,27,32,59,0.1507,0.1055,0.3803,1.0,0.0,92.33,2.7973,236.764,236.764,82768.531,1769351004.1753795,3.96,62,1567,0.373,31,0,0,14.55,15.0,0,2024,1769350767.153,-236.223,meta-llama/Llama-3.2-1B-Instruct,"1769350767.153, 1769350767.174, 1769350767.265, 1769350767.304, 1769350767.361"
1.0,0,1769350763.8112,239.7753,27,33,60,0.1527,0.0874,0.1049,1.0,0.0,92.34,2.503,238.928,238.928,83007.4591,1769351006.091555,3.95,62,1568,0.385,31,0,0,14.55,15.0,0,2024,1769350767.153,-236.223,meta-llama/Llama-3.2-1B-Instruct,"1769350767.153, 1769350767.174, 1769350767.265, 1769350767.304, 1769350767.361"
1.0,0,1769350763.9574,240.2404,27,32,59,0.0821,0.1042,0.4325,1.0,0.0,92.34,2.8123,239.3225,239.3225,83246.7815,1769351007.0154846,3.95,62,1569,0.386,31,0,0,14.55,15.0,0,2024,1769350767.153,-236.223,meta-llama/Llama-3.2-1B-Instruct,"1769350767.153, 1769350767.174, 1769350767.265, 1769350767.304, 1769350767.361"
200.0,1,1769350557.3671,378.6818,3024,1025,4049,0.377,0.0978,0.4827,200.0,0.0,92.35,72.456,251.1378,251.1378,83497.9194,1769351008.521615,3.95,62,1570,0.46,31,0,0,14.55,15.0,0,2020,1769350767.361,-241.033,meta-llama/Llama-3.2-1B-Instruct,"1769350767.361, 1769350767.516, 1769350767.655, 1769350767.656, 1769350767.720"
1.0,0,1769350764.0409,243.0049,27,32,59,0.0734,0.1041,0.4245,1.0,0.0,92.35,2.8373,242.0783,242.0783,83739.9977,1769351009.8879783,3.95,62,1571,0.4,31,0,0,14.55,15.0,0,2020,1769350767.361,-241.033,meta-llama/Llama-3.2-1B-Instruct,"1769350767.361, 1769350767.516, 1769350767.655, 1769350767.656, 1769350767.720"
200.0,1,1769350557.4659,380.2937,3102,1018,4120,0.3956,0.102,0.4913,200.0,0.0,92.36,73.9607,254.2544,254.2544,83994.252,1769351011.7377284,3.94,62,1572,0.446,31,0,0,14.55,15.0,0,2020,1769350767.361,-241.033,meta-llama/Llama-3.2-1B-Instruct,"1769350767.361, 1769350767.516, 1769350767.655, 1769350767.656, 1769350767.720"
1.0,0,1769350764.194,247.5584,27,32,59,0.0831,0.0909,0.0916,1.0,0.0,92.36,2.5072,246.6415,246.6415,84240.8935,1769351014.2656448,3.94,62,1573,0.406,31,0,0,14.55,15.0,0,2017,1769350767.656,-245.767,meta-llama/Llama-3.2-1B-Instruct,"1769350767.656, 1769350767.720, 1769350767.795, 1769350767.825, 1769350767.851"
1.0,0,1769350764.2449,250.0406,27,32,59,0.0769,0.095,0.1063,1.0,0.0,92.37,2.5095,249.1175,249.1175,84490.011,1769351016.7980626,3.94,62,1574,0.409,31,0,0,14.55,15.0,0,2017,1769350767.656,-245.767,meta-llama/Llama-3.2-1B-Instruct,"1769350767.656, 1769350767.720, 1769350767.795, 1769350767.825, 1769350767.851"
200.0,1,1769350557.5895,384.3468,5011,1027,6038,0.6681,0.1027,0.4773,200.0,0.0,92.37,76.4876,260.8344,260.8344,84750.8454,1769351018.4443083,3.94,62,1575,0.464,31,0,0,14.55,15.0,0,2017,1769350767.656,-245.767,meta-llama/Llama-3.2-1B-Instruct,"1769350767.656, 1769350767.720, 1769350767.795, 1769350767.825, 1769350767.851"
200.0,1,1769350565.0489,443.5424,3311,138,3449,0.4122,0.1074,0.4819,200.0,0.0,92.38,12.3576,255.9,255.9,85006.7455,1769351020.9616313,3.93,62,1576,0.389,31,0,0,14.55,15.0,0,2015,1769350767.795,-250.656,meta-llama/Llama-3.2-1B-Instruct,"1769350767.795, 1769350767.825, 1769350767.851, 1769350767.927, 1769350768.054"
1.0,0,1769350764.3244,254.1485,27,32,59,0.1287,0.0892,0.0899,1.0,0.0,92.38,2.563,253.2771,253.2771,85260.0226,1769351021.0372553,3.93,62,1577,0.406,31,0,0,14.55,15.0,0,2015,1769350767.795,-250.656,meta-llama/Llama-3.2-1B-Instruct,"1769350767.795, 1769350767.825, 1769350767.851, 1769350767.927, 1769350768.054"
200.0,1,1769350557.6767,387.8578,4795,1023,5818,0.6352,0.1078,0.4798,200.0,0.0,92.39,78.1065,265.9642,265.9642,85525.9868,1769351023.6597216,3.93,62,1578,0.466,31,0,0,14.55,15.0,0,2012,1769350767.927,-255.576,meta-llama/Llama-3.2-1B-Instruct,"1769350767.927, 1769350768.054, 1769350768.182, 1769350768.239, 1769350768.448"
1.0,0,1769350764.683,256.3737,27,32,59,0.4187,0.2132,0.3903,1.0,0.0,92.39,3.2236,255.7924,255.7924,85781.7793,1769351024.2869632,3.93,62,1579,0.398,30,0,0,14.55,15.0,0,2012,1769350767.927,-255.576,meta-llama/Llama-3.2-1B-Instruct,"1769350767.927, 1769350768.054, 1769350768.182, 1769350768.239, 1769350768.448"
1.0,0,1769350765.0497,259.2617,27,16,43,0.1497,0.0952,0.0952,1.0,0.0,92.4,1.4007,258.4114,258.4114,86040.1907,1769351025.7154794,3.92,62,1580,0.404,31,0,0,14.55,15.0,0,2012,1769350767.927,-255.576,meta-llama/Llama-3.2-1B-Instruct,"1769350767.927, 1769350768.054, 1769350768.182, 1769350768.239, 1769350768.448"
1.0,0,1769350765.1059,260.6372,27,32,59,0.0592,0.0962,0.0964,1.0,0.0,92.4,2.4981,259.6964,259.6964,86299.8871,1769351028.2419345,3.92,62,1581,0.406,31,0,0,14.55,15.0,0,2012,1769350767.927,-255.576,meta-llama/Llama-3.2-1B-Instruct,"1769350767.927, 1769350768.054, 1769350768.182, 1769350768.239, 1769350768.448"
200.0,1,1769350562.3019,418.1276,3194,689,3883,0.4531,0.1081,0.436,200.0,0.0,92.41,59.3023,277.4299,277.4299,86577.317,1769351039.749537,3.92,62,1582,0.389,29,0,0,14.55,15.0,0,2008,1769350768.448,-270.113,meta-llama/Llama-3.2-1B-Instruct,"1769350768.448, 1769350768.487, 1769350768.643, 1769350768.653, 1769350768.743"
1.0,0,1769350765.1911,274.5951,27,32,59,0.1309,0.0905,0.0918,1.0,0.0,92.41,2.6332,273.726,273.726,86851.0429,1769351042.4274151,3.92,62,1583,0.425,31,0,0,14.55,15.0,0,2008,1769350768.448,-270.113,meta-llama/Llama-3.2-1B-Instruct,"1769350768.448, 1769350768.487, 1769350768.643, 1769350768.653, 1769350768.743"
200.0,1,1769350563.4392,423.9405,3155,634,3789,0.4176,0.113,0.4424,200.0,0.0,92.42,56.1715,280.112,280.112,87131.155,1769351043.5732565,3.91,62,1584,0.383,31,0,0,14.55,15.0,0,2008,1769350768.448,-270.113,meta-llama/Llama-3.2-1B-Instruct,"1769350768.448, 1769350768.487, 1769350768.643, 1769350768.653, 1769350768.743"
200.0,1,1769350557.9301,399.9043,3311,1028,4339,0.469,0.1161,0.4773,200.0,0.0,92.42,86.014,285.9183,285.9183,87417.0733,1769351043.8662016,3.91,62,1585,0.47,30,0,0,14.55,15.0,0,2006,1769350768.643,-274.969,meta-llama/Llama-3.2-1B-Instruct,"1769350768.643, 1769350768.653, 1769350768.743, 1769350768.931, 1769350768.987"
200.0,1,1769350565.2471,451.6366,3686,327,4013,0.4586,0.1004,0.4473,200.0,0.0,92.43,29.2105,280.8471,280.8471,87697.9204,1769351046.1063783,3.91,62,1586,0.412,31,0,0,14.55,15.0,0,2006,1769350768.643,-274.969,meta-llama/Llama-3.2-1B-Instruct,"1769350768.643, 1769350768.653, 1769350768.743, 1769350768.931, 1769350768.987"
1.0,0,1769350765.2689,278.325,27,32,59,0.1005,0.1187,0.755,1.0,0.0,92.43,3.3375,277.4255,277.4255,87975.3459,1769351046.9385946,3.91,62,1587,0.429,31,0,0,14.55,15.0,0,2006,1769350768.643,-274.969,meta-llama/Llama-3.2-1B-Instruct,"1769350768.643, 1769350768.653, 1769350768.743, 1769350768.931, 1769350768.987"
200.0,1,1769350566.2908,477.5965,5600,45,5645,0.7791,0.1114,0.441,200.0,0.0,92.44,4.9055,282.502,282.502,88257.8479,1769351048.8140287,3.9,62,1588,0.415,31,0,0,14.55,15.0,0,2002,1769350768.987,-279.646,meta-llama/Llama-3.2-1B-Instruct,"1769350768.987, 1769350769.042, 1769350769.065, 1769350769.139, 1769350769.220"
1.0,0,1769350765.4008,280.7253,27,32,59,0.0741,0.1169,0.4547,1.0,0.0,92.44,3.0246,279.7994,279.7994,88537.6473,1769351049.1520321,3.9,62,1589,0.422,31,0,0,14.55,15.0,0,2002,1769350768.987,-279.646,meta-llama/Llama-3.2-1B-Instruct,"1769350768.987, 1769350769.042, 1769350769.065, 1769350769.139, 1769350769.220"
1.0,0,1769350765.6031,283.2275,27,32,59,0.0783,0.2461,0.6242,1.0,0.0,92.45,3.1708,282.3058,282.3058,88819.9531,1769351052.007458,3.9,62,1590,0.418,31,0,0,14.55,15.0,0,2002,1769350768.987,-279.646,meta-llama/Llama-3.2-1B-Instruct,"1769350768.987, 1769350769.042, 1769350769.065, 1769350769.139, 1769350769.220"
200.0,1,1769350558.9854,405.0606,3478,1032,4510,0.459,0.1126,0.4816,200.0,0.0,92.45,88.6378,293.6985,293.6985,89113.6515,1769351052.7045364,3.9,62,1591,0.406,29,0,0,14.55,15.0,0,2002,1769350768.987,-279.646,meta-llama/Llama-3.2-1B-Instruct,"1769350768.987, 1769350769.042, 1769350769.065, 1769350769.139, 1769350769.220"
200.0,1,1769350566.9579,485.7652,9364,0,9364,,,,200.0,,,1.5232,287.2884,287.2884,89400.9399,1769351054.2717714,3.89,62,1592,0.422,31,0,0,14.55,15.0,0,1998,1769350769.22,-284.436,meta-llama/Llama-3.2-1B-Instruct,"1769350769.220, 1769350769.266, 1769350769.333, 1769350769.372, 1769350769.404"
200.0,1,1769350559.1949,405.8178,3662,1029,4691,0.4519,0.1162,0.6139,200.0,0.0,92.46,90.3623,296.1801,296.1801,89697.12,1769351055.3931804,3.89,62,1593,0.394,31,0,0,14.55,15.0,0,1998,1769350769.22,-284.436,meta-llama/Llama-3.2-1B-Instruct,"1769350769.220, 1769350769.266, 1769350769.333, 1769350769.372, 1769350769.404"
200.0,1,1769350559.2741,406.5816,3750,1029,4779,0.4901,0.1144,0.6243,200.0,0.0,92.46,90.3473,296.9289,296.9289,89994.0489,1769351056.2213554,3.89,62,1594,0.406,30,0,0,14.55,15.0,0,1998,1769350769.22,-284.436,meta-llama/Llama-3.2-1B-Instruct,"1769350769.220, 1769350769.266, 1769350769.333, 1769350769.372, 1769350769.404"
1.0,0,1769350765.9186,286.1109,27,32,59,0.0938,0.379,1.4217,1.0,0.4217,92.4,4.3757,285.2047,285.2047,90279.2536,1769351056.4085698,3.89,62,1595,0.436,31,0,0,14.55,15.0,0,1998,1769350769.22,-284.436,meta-llama/Llama-3.2-1B-Instruct,"1769350769.220, 1769350769.266, 1769350769.333, 1769350769.372, 1769350769.404"
200.0,1,1769350559.3874,407.3699,3803,1031,4834,0.5171,0.1151,0.6145,200.0,0.0,92.41,90.7155,298.0855,298.0855,90577.3391,1769351057.491426,3.88,62,1596,0.391,31,0,0,14.55,15.0,0,1998,1769350769.22,-284.436,meta-llama/Llama-3.2-1B-Instruct,"1769350769.220, 1769350769.266, 1769350769.333, 1769350769.372, 1769350769.404"
1.0,0,1769350766.1741,290.2566,27,19,46,0.3077,0.8114,0.8114,1.0,0.0,92.41,2.5995,289.5643,289.5643,90866.9034,1769351059.0435135,3.88,62,1597,0.414,31,0,0,14.55,15.0,0,1993,1769350769.496,-289.207,meta-llama/Llama-3.2-1B-Instruct,"1769350769.496, 1769350769.643, 1769350769.663, 1769350769.932, 1769350769.973"
1.0,0,1769350766.0436,289.3657,27,32,59,0.0804,0.4326,0.8111,1.0,0.0,92.42,3.7059,288.4461,288.4461,91155.3495,1769351059.127311,3.88,62,1598,0.418,31,0,0,14.55,15.0,0,1993,1769350769.496,-289.207,meta-llama/Llama-3.2-1B-Instruct,"1769350769.496, 1769350769.643, 1769350769.663, 1769350769.932, 1769350769.973"
200.0,1,1769350559.6981,408.336,3481,1025,4506,0.4601,0.1156,0.6388,200.0,0.0,92.42,91.6781,300.0141,300.0141,91455.3637,1769351059.7266104,3.88,62,1599,0.39,31,0,0,14.55,15.0,0,1993,1769350769.496,-289.207,meta-llama/Llama-3.2-1B-Instruct,"1769350769.496, 1769350769.643, 1769350769.663, 1769350769.932, 1769350769.973"
200.0,1,1769350559.9389,408.7045,3159,1028,4187,0.7361,0.1132,0.6255,200.0,0.0,92.43,91.7072,300.4117,300.4117,91755.7754,1769351060.3660553,3.88,62,1600,0.401,29,0,0,14.55,15.0,0,1993,1769350769.496,-289.207,meta-llama/Llama-3.2-1B-Instruct,"1769350769.496, 1769350769.643, 1769350769.663, 1769350769.932, 1769350769.973"
200.0,1,1769350560.4305,409.7786,5703,1026,6729,0.7873,0.1146,0.4864,200.0,0.0,92.43,91.6546,301.4332,301.4332,92057.2086,1769351061.8824627,3.87,62,1601,0.393,31,0,0,14.55,15.0,0,1993,1769350769.496,-289.207,meta-llama/Llama-3.2-1B-Instruct,"1769350769.496, 1769350769.643, 1769350769.663, 1769350769.932, 1769350769.973"
1.0,0,1769350766.3605,292.795,27,32,59,0.0659,0.1227,0.3823,1.0,0.0,92.44,2.8916,291.8609,291.8609,92640.9954,1769351062.055073,3.87,62,1603,0.419,30,0,0,14.55,15.0,0,1993,1769350769.496,-289.207,meta-llama/Llama-3.2-1B-Instruct,"1769350769.496, 1769350769.643, 1769350769.663, 1769350769.932, 1769350769.973"
1.0,0,1769350766.3039,292.7784,27,32,59,0.1475,0.128,0.3859,1.0,0.0,92.44,2.9707,291.9259,291.9259,92640.9954,1769351062.0555696,3.87,62,1603,0.419,31,0,0,14.55,15.0,0,1993,1769350769.496,-289.207,meta-llama/Llama-3.2-1B-Instruct,"1769350769.496, 1769350769.643, 1769350769.663, 1769350769.932, 1769350769.973"
1.0,0,1769350766.6547,293.7326,27,32,59,0.0671,0.1176,1.2153,1.0,0.2153,92.38,3.3141,292.7998,292.7998,92933.7952,1769351063.7199523,3.87,62,1604,0.402,31,0,0,14.55,15.0,0,1993,1769350769.496,-289.207,meta-llama/Llama-3.2-1B-Instruct,"1769350769.496, 1769350769.643, 1769350769.663, 1769350769.932, 1769350769.973"
1.0,0,1769350766.7203,295.3549,27,32,59,1.1318,0.0708,0.3674,1.0,0.0,92.39,2.8933,295.4867,295.4867,93524.6952,1769351064.98201,3.86,62,1606,0.41,30,0,0,14.55,15.0,0,1986,1769350770.093,-293.734,meta-llama/Llama-3.2-1B-Instruct,"1769350770.093, 1769350770.146, 1769350770.223, 1769350770.223, 1769350770.278"
1.0,0,1769350766.7945,295.2898,27,32,59,1.1234,0.0726,0.3657,1.0,0.0,92.39,2.8885,295.4132,295.4132,93524.6952,1769351064.984047,3.86,62,1606,0.41,30,0,0,14.55,15.0,0,1986,1769350770.093,-293.734,meta-llama/Llama-3.2-1B-Instruct,"1769350770.093, 1769350770.146, 1769350770.223, 1769350770.223, 1769350770.278"
200.0,1,1769350564.9597,441.1605,3471,625,4096,0.4734,0.1095,0.6276,200.0,0.0,92.4,58.932,300.0925,300.0925,93824.7877,1769351065.069814,3.86,62,1607,0.388,31,0,0,14.55,15.0,0,1986,1769350770.093,-293.734,meta-llama/Llama-3.2-1B-Instruct,"1769350770.093, 1769350770.146, 1769350770.223, 1769350770.223, 1769350770.278"
200.0,1,1769350567.1527,489.0934,3165,97,3262,0.4912,0.1183,1.2188,200.0,0.0,92.4,9.4597,298.5531,298.5531,94732.3764,1769351065.7237089,3.86,62,1610,0.404,31,0,0,14.55,15.0,0,1986,1769350770.093,-293.734,meta-llama/Llama-3.2-1B-Instruct,"1769350770.093, 1769350770.146, 1769350770.223, 1769350770.223, 1769350770.278"
200.0,1,1769350561.2324,411.916,3044,1028,4072,0.7159,0.1133,0.491,200.0,0.0,92.41,92.5581,304.4741,304.4741,94732.3764,1769351065.7266803,3.85,62,1610,0.356,28,0,0,14.55,15.0,0,1986,1769350770.093,-293.734,meta-llama/Llama-3.2-1B-Instruct,"1769350770.093, 1769350770.146, 1769350770.223, 1769350770.223, 1769350770.278"
200.0,1,1769350561.1491,411.9704,3126,1030,4156,0.4289,0.117,0.4853,200.0,0.0,92.41,92.5911,304.5615,304.5615,94732.3764,1769351065.7301269,3.85,62,1610,0.356,28,0,0,14.55,15.0,0,1986,1769350770.093,-293.734,meta-llama/Llama-3.2-1B-Instruct,"1769350770.093, 1769350770.146, 1769350770.223, 1769350770.223, 1769350770.278"
200.0,1,1769350561.6698,412.7334,3164,1025,4189,1.055,0.1127,0.4808,200.0,0.0,92.42,91.8876,304.621,304.621,95341.7451,1769351066.305729,3.85,62,1612,0.359,29,0,0,14.55,15.0,0,1986,1769350770.093,-293.734,meta-llama/Llama-3.2-1B-Instruct,"1769350770.093, 1769350770.146, 1769350770.223, 1769350770.223, 1769350770.278"
200.0,1,1769350561.5439,412.7689,3159,1021,4180,0.4363,0.1141,0.4856,200.0,0.0,92.42,91.9787,304.7477,304.7477,95341.7451,1769351066.3074515,3.85,62,1612,0.359,29,0,0,14.55,15.0,0,1986,1769350770.093,-293.734,meta-llama/Llama-3.2-1B-Instruct,"1769350770.093, 1769350770.146, 1769350770.223, 1769350770.223, 1769350770.278"
1.0,0,1769350766.8509,298.1539,27,32,59,0.1075,0.0948,0.9687,1.0,0.0,92.43,2.5003,297.2614,297.2614,95936.1949,1769351067.5211515,3.84,62,1614,0.423,30,0,0,14.55,15.0,0,1986,1769350770.093,-293.734,meta-llama/Llama-3.2-1B-Instruct,"1769350770.093, 1769350770.146, 1769350770.223, 1769350770.223, 1769350770.278"
1.0,0,1769350766.9271,298.0863,27,32,59,0.1021,0.103,0.9475,1.0,0.0,92.43,2.5037,297.1884,297.1884,95936.1949,1769351067.5216126,3.84,62,1614,0.41,29,0,0,14.55,15.0,0,1986,1769350770.093,-293.734,meta-llama/Llama-3.2-1B-Instruct,"1769350770.093, 1769350770.146, 1769350770.223, 1769350770.223, 1769350770.278"
1.0,0,1769350767.0539,298.0764,27,32,59,0.0638,0.0986,0.9542,1.0,0.0,92.43,2.425,297.1402,297.1402,96233.3351,1769351067.556187,3.84,62,1615,0.41,31,0,0,14.55,15.0,0,1986,1769350770.093,-293.734,meta-llama/Llama-3.2-1B-Instruct,"1769350770.093, 1769350770.146, 1769350770.223, 1769350770.223, 1769350770.278"
200.0,1,1769350561.8637,414.1911,5236,1027,6263,0.7252,0.1133,0.4817,200.0,0.0,92.44,92.169,306.3601,306.3601,96539.6952,1769351068.2485979,3.84,62,1616,0.391,31,0,0,14.55,15.0,0,1986,1769350770.093,-293.734,meta-llama/Llama-3.2-1B-Instruct,"1769350770.093, 1769350770.146, 1769350770.223, 1769350770.223, 1769350770.278"
1.0,0,1769350767.4482,298.3628,27,32,59,0.0736,0.3823,0.9412,1.0,0.0,92.44,2.736,297.4365,297.4365,97738.9242,1769351068.55862,3.83,62,1620,0.375,29,0,0,14.55,15.0,0,1986,1769350770.093,-293.734,meta-llama/Llama-3.2-1B-Instruct,"1769350770.093, 1769350770.146, 1769350770.223, 1769350770.223, 1769350770.278"
1.0,0,1769350767.1818,298.5644,27,32,59,0.1263,0.3798,0.9661,1.0,0.0,92.45,2.8057,297.6907,297.6907,97738.9242,1769351068.5588124,3.83,62,1620,0.375,29,0,0,14.55,15.0,0,1986,1769350770.093,-293.734,meta-llama/Llama-3.2-1B-Instruct,"1769350770.093, 1769350770.146, 1769350770.223, 1769350770.223, 1769350770.278"
1.0,0,1769350767.2388,298.5156,27,32,59,0.1285,0.3765,0.9413,1.0,0.0,92.45,2.7988,297.6441,297.6441,97738.9242,1769351068.5613048,3.83,62,1620,0.375,29,0,0,14.55,15.0,0,1986,1769350770.093,-293.734,meta-llama/Llama-3.2-1B-Instruct,"1769350770.093, 1769350770.146, 1769350770.223, 1769350770.223, 1769350770.278"
200.0,1,1769350562.097,414.9771,3750,1024,4774,0.4647,0.112,0.4772,200.0,0.0,92.46,91.4806,306.4577,306.4577,97738.9242,1769351068.5731132,3.83,62,1620,0.408,30,0,0,14.55,15.0,0,1986,1769350770.093,-293.734,meta-llama/Llama-3.2-1B-Instruct,"1769350770.093, 1769350770.146, 1769350770.223, 1769350770.223, 1769350770.278"
200.0,1,1769350569.1387,499.47,3089,0,3089,,,,200.0,,,0.7825,300.2524,300.2524,98039.1766,1769351069.403184,3.82,62,1621,0.351,28,0,0,14.55,15.0,0,1969,1769350771.806,-297.051,meta-llama/Llama-3.2-1B-Instruct,"1769350771.806, 1769350771.809, 1769350771.915, 1769350771.948, 1769350772.114"
1.0,0,1769350767.6529,299.9306,27,32,59,0.4531,0.0906,1.314,1.0,0.314,92.4,3.1054,299.3837,299.3837,98637.6681,1769351070.6956365,3.82,62,1623,0.375,29,0,0,14.55,15.0,0,1969,1769350771.806,-297.051,meta-llama/Llama-3.2-1B-Instruct,"1769350771.806, 1769350771.809, 1769350771.915, 1769350771.948, 1769350772.114"
1.0,0,1769350767.9313,299.6772,27,32,59,0.4306,0.0799,1.3218,1.0,0.3218,92.34,3.0855,299.1078,299.1078,98637.6681,1769351070.6958098,3.82,62,1623,0.375,29,0,0,14.55,15.0,0,1969,1769350771.806,-297.051,meta-llama/Llama-3.2-1B-Instruct,"1769350771.806, 1769350771.809, 1769350771.915, 1769350771.948, 1769350772.114"
1.0,0,1769350767.9873,300.3013,27,32,59,0.0786,0.6199,1.3105,1.0,0.3105,92.28,3.3015,299.3799,299.3799,98937.048,1769351071.5929298,3.82,62,1624,0.366,31,0,0,14.55,15.0,0,1969,1769350771.806,-297.051,meta-llama/Llama-3.2-1B-Instruct,"1769350771.806, 1769350771.809, 1769350771.915, 1769350771.948, 1769350772.114"
200.0,1,1769350562.1963,416.6881,5661,1030,6691,0.7876,0.1147,0.4845,200.0,0.0,92.29,92.9119,309.6,309.6,99246.6479,1769351071.8158054,3.82,62,1625,0.393,31,0,0,14.55,15.0,0,1969,1769350771.806,-297.051,meta-llama/Llama-3.2-1B-Instruct,"1769350771.806, 1769350771.809, 1769350771.915, 1769350771.948, 1769350772.114"
1.0,0,1769350768.0423,300.5748,27,32,59,0.7736,0.6144,0.6556,1.0,0.0,92.29,3.328,300.3483,300.3483,99847.7258,1769351071.9605978,3.81,62,1627,0.351,28,0,0,14.55,15.0,0,1969,1769350771.806,-297.051,meta-llama/Llama-3.2-1B-Instruct,"1769350771.806, 1769350771.809, 1769350771.915, 1769350771.948, 1769350772.114"
1.0,0,1769350768.2658,301.1665,27,32,59,0.563,0.071,0.6268,1.0,0.0,92.3,2.528,300.7295,300.7295,99847.7258,1769351071.961519,3.81,62,1627,0.377,31,0,0,14.55,15.0,0,1969,1769350771.806,-297.051,meta-llama/Llama-3.2-1B-Instruct,"1769350771.806, 1769350771.809, 1769350771.915, 1769350771.948, 1769350772.114"
1.0,0,1769350768.3326,302.3912,27,32,59,0.6727,0.0796,1.0024,1.0,0.0024,92.24,3.0583,302.0639,302.0639,100149.7897,1769351073.7944198,3.81,62,1628,0.379,30,0,0,14.55,15.0,0,1969,1769350771.806,-297.051,meta-llama/Llama-3.2-1B-Instruct,"1769350771.806, 1769350771.809, 1769350771.915, 1769350771.948, 1769350772.114"
1.0,0,1769350768.4042,303.2099,27,32,59,0.0764,0.0732,1.0102,1.0,0.0102,92.18,2.4715,302.2863,302.2863,100452.0761,1769351074.0932865,3.81,62,1629,0.395,31,0,0,14.55,15.0,0,1961,1769350772.347,-301.583,meta-llama/Llama-3.2-1B-Instruct,"1769350772.347, 1769350772.502, 1769350772.590, 1769350772.650, 1769350772.735"
200.0,1,1769350562.4629,419.0609,2954,1031,3985,0.3773,0.1151,0.618,200.0,0.0,92.19,93.1987,312.2596,312.2596,100764.3357,1769351074.7379699,3.8,62,1630,0.401,31,0,0,14.55,15.0,0,1961,1769350772.347,-301.583,meta-llama/Llama-3.2-1B-Instruct,"1769350772.347, 1769350772.502, 1769350772.590, 1769350772.650, 1769350772.735"
1.0,0,1769350768.6626,303.3356,27,32,59,0.9648,0.0807,0.4253,1.0,0.0,92.19,2.8378,303.3005,303.3005,101067.6361,1769351074.8425753,3.8,62,1631,0.373,29,1,0,14.55,15.0,0,1961,1769350772.347,-301.583,meta-llama/Llama-3.2-1B-Instruct,"1769350772.347, 1769350772.502, 1769350772.590, 1769350772.650, 1769350772.735"
200.0,1,1769350562.6468,419.9765,3041,1025,4066,0.3704,0.1145,0.6131,200.0,0.0,92.2,93.4265,313.403,313.403,101381.0391,1769351076.0664074,3.8,62,1632,0.398,31,0,0,14.55,15.0,0,1961,1769350772.347,-301.583,meta-llama/Llama-3.2-1B-Instruct,"1769350772.347, 1769350772.502, 1769350772.590, 1769350772.650, 1769350772.735"
1.0,0,1769350768.9319,304.8876,27,32,59,0.0748,0.4218,0.5841,1.0,0.0,92.2,2.5156,303.9624,303.9624,101685.0015,1769351076.3428998,3.8,62,1633,0.402,31,0,0,14.55,15.0,0,1961,1769350772.347,-301.583,meta-llama/Llama-3.2-1B-Instruct,"1769350772.347, 1769350772.502, 1769350772.590, 1769350772.650, 1769350772.735"
1.0,0,1769350769.0287,305.732,27,32,59,0.0801,0.5882,0.6219,1.0,0.0,92.21,2.684,304.8121,304.8121,101989.8136,1769351077.4455912,3.79,62,1634,0.403,31,0,0,14.55,15.0,0,1961,1769350772.347,-301.583,meta-llama/Llama-3.2-1B-Instruct,"1769350772.347, 1769350772.502, 1769350772.590, 1769350772.650, 1769350772.735"
200.0,1,1769350562.7283,421.4617,3373,1032,4405,0.4743,0.1145,0.6248,200.0,0.0,92.21,94.5973,316.0589,316.0589,102305.8725,1769351078.8065305,3.79,62,1635,0.411,31,0,0,14.55,15.0,0,1961,1769350772.347,-301.583,meta-llama/Llama-3.2-1B-Instruct,"1769350772.347, 1769350772.502, 1769350772.590, 1769350772.650, 1769350772.735"
1.0,0,1769350769.093,307.0165,27,32,59,0.0868,0.6192,0.8507,1.0,0.0,92.22,2.9936,306.1033,306.1033,102611.9758,1769351079.109292,3.79,62,1636,0.406,31,0,0,14.55,15.0,0,1954,1769350772.841,-306.147,meta-llama/Llama-3.2-1B-Instruct,"1769350772.841, 1769350772.913, 1769350773.054, 1769350773.108, 1769350773.150"
200.0,1,1769350562.8481,422.4729,3173,1024,4197,0.3859,0.1152,0.6254,200.0,0.0,92.22,94.1808,316.6537,316.6537,102928.6295,1769351079.5227017,3.79,62,1637,0.393,31,0,0,14.55,15.0,0,1954,1769350772.841,-306.147,meta-llama/Llama-3.2-1B-Instruct,"1769350772.841, 1769350772.913, 1769350773.054, 1769350773.108, 1769350773.150"
1.0,0,1769350769.223,309.6014,27,32,59,0.1201,0.0744,0.3437,1.0,0.0,92.23,1.9277,308.7216,308.7216,103237.3511,1769351080.763078,3.79,62,1638,0.431,31,0,0,14.55,15.0,0,1954,1769350772.841,-306.147,meta-llama/Llama-3.2-1B-Instruct,"1769350772.841, 1769350772.913, 1769350773.054, 1769350773.108, 1769350773.150"
1.0,0,1769350769.2783,309.923,27,32,59,0.0984,0.0771,0.3585,1.0,0.0,92.23,1.9122,309.0214,309.0214,103546.3725,1769351081.1204698,3.78,62,1639,0.432,31,0,0,14.55,15.0,0,1954,1769350772.841,-306.147,meta-llama/Llama-3.2-1B-Instruct,"1769350772.841, 1769350772.913, 1769350773.054, 1769350773.108, 1769350773.150"
200.0,1,1769350563.6318,425.8841,3069,1023,4092,0.4195,0.112,0.6245,200.0,0.0,92.24,92.4465,318.3306,318.3306,103864.7031,1769351081.9776688,3.78,62,1640,0.381,31,0,0,14.55,15.0,0,1954,1769350772.841,-306.147,meta-llama/Llama-3.2-1B-Instruct,"1769350772.841, 1769350772.913, 1769350773.054, 1769350773.108, 1769350773.150"
1.0,0,1769350769.4147,311.3903,27,24,51,0.1118,0.0642,0.0689,1.0,0.0,92.24,1.2557,310.5021,310.5021,104175.2052,1769351082.0770721,3.78,62,1641,0.431,31,0,0,14.55,15.0,0,1954,1769350772.841,-306.147,meta-llama/Llama-3.2-1B-Instruct,"1769350772.841, 1769350772.913, 1769350773.054, 1769350773.108, 1769350773.150"
1.0,0,1769350769.5532,311.6069,27,32,59,0.1002,0.0697,0.8119,1.0,0.0,92.25,2.3551,310.7071,310.7071,104485.9123,1769351083.5194943,3.78,62,1642,0.431,31,0,0,14.55,15.0,0,1954,1769350772.841,-306.147,meta-llama/Llama-3.2-1B-Instruct,"1769350772.841, 1769350772.913, 1769350773.054, 1769350773.108, 1769350773.150"
200.0,1,1769350564.1699,427.1908,3041,1024,4065,0.4279,0.1137,0.6425,200.0,0.0,92.25,92.3568,319.5476,319.5476,104805.4599,1769351083.7358677,3.77,62,1643,0.392,31,0,0,14.55,15.0,0,1954,1769350772.841,-306.147,meta-llama/Llama-3.2-1B-Instruct,"1769350772.841, 1769350772.913, 1769350773.054, 1769350773.108, 1769350773.150"
200.0,1,1769350564.2448,427.8475,3311,1028,4339,0.4603,0.1112,0.6247,200.0,0.0,92.25,91.9026,319.7502,319.7502,105125.21,1769351084.0209727,3.77,62,1644,0.402,31,0,0,14.55,15.0,0,1954,1769350772.841,-306.147,meta-llama/Llama-3.2-1B-Instruct,"1769350772.841, 1769350772.913, 1769350773.054, 1769350773.108, 1769350773.150"
1.0,0,1769350769.7923,313.7482,27,32,59,0.0792,0.065,0.0664,1.0,0.0,92.26,1.5688,312.8274,312.8274,105438.0374,1769351085.1121798,3.77,62,1645,0.445,31,0,0,14.55,15.0,0,1946,1769350773.517,-310.573,meta-llama/Llama-3.2-1B-Instruct,"1769350773.517, 1769350773.592, 1769350773.744, 1769350773.796, 1769350773.847"
1.0,0,1769350769.8936,313.8741,27,32,59,0.1158,0.0687,0.4319,1.0,0.0,92.26,1.9732,312.9899,312.9899,105751.0273,1769351085.7494943,3.77,62,1646,0.432,31,0,0,14.55,15.0,0,1946,1769350773.517,-310.573,meta-llama/Llama-3.2-1B-Instruct,"1769350773.517, 1769350773.592, 1769350773.744, 1769350773.796, 1769350773.847"
1.0,0,1769350770.0323,314.1003,27,32,59,0.1069,0.4285,0.4414,1.0,0.0,92.27,2.369,313.2072,313.2072,106064.2345,1769351086.5085032,3.76,62,1647,0.419,31,0,0,14.55,15.0,0,1946,1769350773.517,-310.573,meta-llama/Llama-3.2-1B-Instruct,"1769350773.517, 1769350773.592, 1769350773.744, 1769350773.796, 1769350773.847"
1.0,0,1769350770.4383,316.1635,27,32,59,0.1047,0.0573,0.065,1.0,0.0,92.27,1.5829,315.2682,315.2682,106379.5028,1769351088.1879401,3.76,62,1648,0.446,31,0,0,14.55,15.0,0,1946,1769350773.517,-310.573,meta-llama/Llama-3.2-1B-Instruct,"1769350773.517, 1769350773.592, 1769350773.744, 1769350773.796, 1769350773.847"
200.0,1,1769350564.7113,435.7224,3574,1027,4601,0.427,0.1103,0.6275,200.0,0.0,92.28,89.2858,325.0082,325.0082,106704.511,1769351089.750051,3.76,62,1649,0.361,30,0,0,14.55,15.0,0,1941,1769350773.923,-315.271,meta-llama/Llama-3.2-1B-Instruct,"1769350773.923, 1769350773.970, 1769350774.050, 1769350774.160, 1769350774.218"
200.0,1,1769350564.7886,438.075,2980,1024,4004,0.4196,0.1115,0.6344,200.0,0.0,92.28,88.208,326.2829,326.2829,107030.7939,1769351091.0881498,3.76,62,1650,0.375,31,0,0,14.55,15.0,0,1941,1769350773.923,-315.271,meta-llama/Llama-3.2-1B-Instruct,"1769350773.923, 1769350773.970, 1769350774.050, 1769350774.160, 1769350774.218"
1.0,0,1769350770.806,318.989,27,32,59,0.0857,0.0741,0.4123,1.0,0.0,92.29,1.9437,318.0748,318.0748,107348.8686,1769351091.7537556,3.76,62,1651,0.447,31,0,0,14.55,15.0,0,1941,1769350773.923,-315.271,meta-llama/Llama-3.2-1B-Instruct,"1769350773.923, 1769350773.970, 1769350774.050, 1769350774.160, 1769350774.218"
200.0,1,1769350565.1246,444.7914,5186,1030,6216,0.7349,0.1121,0.6257,200.0,0.0,92.29,85.5889,330.3803,330.3803,107679.249,1769351095.5236845,3.75,62,1652,0.401,31,0,0,14.55,15.0,0,1938,1769350774.16,-320.161,meta-llama/Llama-3.2-1B-Instruct,"1769350774.160, 1769350774.218, 1769350774.291, 1769350774.361, 1769350774.423"
1.0,0,1769350770.9476,324.6195,27,32,59,0.0956,0.0632,0.3156,1.0,0.0,92.3,1.5728,323.7151,323.7151,108002.9641,1769351097.1451051,3.75,62,1653,0.445,31,0,0,14.55,15.0,0,1938,1769350774.16,-320.161,meta-llama/Llama-3.2-1B-Instruct,"1769350774.160, 1769350774.218, 1769350774.291, 1769350774.361, 1769350774.423"
1.0,0,1769350771.1137,326.0584,27,32,59,0.0857,0.0638,0.0642,1.0,0.0,92.3,1.5668,325.1441,325.1441,108328.1081,1769351098.7467308,3.75,62,1654,0.449,31,0,0,14.55,15.0,0,1938,1769350774.16,-320.161,meta-llama/Llama-3.2-1B-Instruct,"1769350774.160, 1769350774.218, 1769350774.291, 1769350774.361, 1769350774.423"
1.0,0,1769350771.1878,327.5807,27,32,59,0.0831,0.056,0.0565,1.0,0.0,92.31,1.5769,326.6638,326.6638,108654.7719,1769351100.3472855,3.75,62,1655,0.452,31,0,0,14.55,15.0,0,1935,1769350774.361,-325.032,meta-llama/Llama-3.2-1B-Instruct,"1769350774.361, 1769350774.423, 1769350774.437, 1769350774.533, 1769350774.609"
200.0,1,1769350565.403,455.5829,3522,1026,4548,0.4875,0.1064,0.6262,200.0,0.0,92.31,81.0924,336.6754,336.6754,108991.4473,1769351102.0971494,3.74,62,1656,0.398,31,0,0,14.55,15.0,0,1935,1769350774.361,-325.032,meta-llama/Llama-3.2-1B-Instruct,"1769350774.361, 1769350774.423, 1769350774.437, 1769350774.533, 1769350774.609"
200.0,1,1769350565.9208,457.7626,2955,1024,3979,0.4018,0.105,0.6287,200.0,0.0,92.32,79.82,337.5826,337.5826,109329.0298,1769351103.5208402,3.74,62,1657,0.394,31,0,0,14.55,15.0,0,1935,1769350774.361,-325.032,meta-llama/Llama-3.2-1B-Instruct,"1769350774.361, 1769350774.423, 1769350774.437, 1769350774.533, 1769350774.609"
1.0,0,1769350771.2983,330.818,27,32,59,0.0774,0.0761,0.625,1.0,0.0,92.32,2.1754,329.8954,329.8954,109658.9252,1769351104.3084338,3.74,62,1658,0.456,31,0,0,14.55,15.0,0,1935,1769350774.361,-325.032,meta-llama/Llama-3.2-1B-Instruct,"1769350774.361, 1769350774.423, 1769350774.437, 1769350774.533, 1769350774.609"
1.0,0,1769350771.502,332.8534,27,32,59,0.1055,0.0621,0.0638,1.0,0.0,92.33,1.6246,331.9589,331.9589,109990.8841,1769351105.987154,3.74,62,1659,0.463,31,0,0,14.55,15.0,0,1931,1769350774.609,-329.832,meta-llama/Llama-3.2-1B-Instruct,"1769350774.609, 1769350774.704, 1769350774.752, 1769350774.762, 1769350774.864"
200.0,1,1769350566.1333,462.1313,4739,1029,5768,0.6646,0.1003,0.6317,200.0,0.0,92.33,79.2061,341.3375,341.3375,110332.2216,1769351107.490199,3.73,62,1660,0.409,31,0,0,14.55,15.0,0,1931,1769350774.609,-329.832,meta-llama/Llama-3.2-1B-Instruct,"1769350774.609, 1769350774.704, 1769350774.752, 1769350774.762, 1769350774.864"
1.0,0,1769350771.6499,335.9097,27,32,59,0.1207,0.063,0.0673,1.0,0.0,92.34,1.6535,335.0304,335.0304,110667.2519,1769351109.2177372,3.73,62,1661,0.468,31,0,0,14.55,15.0,0,1931,1769350774.609,-329.832,meta-llama/Llama-3.2-1B-Instruct,"1769350774.609, 1769350774.704, 1769350774.752, 1769350774.762, 1769350774.864"
1.0,0,1769350771.7349,337.5237,27,32,59,0.1119,0.0616,0.0661,1.0,0.0,92.34,1.6434,336.6356,336.6356,111003.8876,1769351110.907103,3.73,62,1662,0.471,31,0,0,14.55,15.0,0,1928,1769350774.762,-334.756,meta-llama/Llama-3.2-1B-Instruct,"1769350774.762, 1769350774.864, 1769350774.948, 1769350775.007, 1769350775.068"
200.0,1,1769350566.203,476.2543,3452,1011,4463,0.4921,0.099,0.7222,200.0,0.0,92.35,74.7487,351.003,351.003,111354.8906,1769351117.2227626,3.73,62,1663,0.429,31,0,0,14.55,15.0,0,1927,1769350774.864,-339.731,meta-llama/Llama-3.2-1B-Instruct,"1769350774.864, 1769350774.948, 1769350775.007, 1769350775.068, 1769350775.147"
1.0,0,1769350771.786,345.4825,27,32,59,0.0953,0.0641,0.0686,1.0,0.0,92.35,1.6865,344.5778,344.5778,111699.4684,1769351118.9630883,3.73,62,1664,0.498,31,0,0,14.55,15.0,0,1927,1769350774.864,-339.731,meta-llama/Llama-3.2-1B-Instruct,"1769350774.864, 1769350774.948, 1769350775.007, 1769350775.068, 1769350775.147"
200.0,1,1769350566.4566,480.5069,3391,1027,4418,0.4955,0.0971,0.6371,200.0,0.0,92.36,72.4924,352.9993,352.9993,112052.4678,1769351119.547757,3.72,62,1665,0.423,31,0,0,14.55,15.0,0,1927,1769350774.864,-339.731,meta-llama/Llama-3.2-1B-Instruct,"1769350774.864, 1769350774.948, 1769350775.007, 1769350775.068, 1769350775.147"
200.0,1,1769350570.0586,504.8072,4688,759,5447,0.6529,0.0689,0.4423,200.0,0.0,92.36,45.3564,350.1636,350.1636,112402.6314,1769351120.239773,3.72,62,1666,0.402,31,0,0,14.55,15.0,0,1925,1769350775.007,-344.656,meta-llama/Llama-3.2-1B-Instruct,"1769350775.007, 1769350775.068, 1769350775.147, 1769350775.224, 1769350775.354"
200.0,1,1769350566.7408,482.4323,4650,1035,5685,0.5912,0.0936,0.6275,200.0,0.0,92.36,71.2619,353.6942,353.6942,112756.3256,1769351120.4573038,3.72,62,1667,0.418,31,0,0,14.55,15.0,0,1925,1769350775.007,-344.656,meta-llama/Llama-3.2-1B-Instruct,"1769350775.007, 1769350775.068, 1769350775.147, 1769350775.224, 1769350775.354"
1.0,0,1769350771.8409,347.1509,27,30,57,0.1282,0.2233,0.3557,1.0,0.0,92.37,2.0666,346.279,346.279,113102.6046,1769351121.071895,3.72,62,1668,0.502,31,0,0,14.55,15.0,0,1925,1769350775.007,-344.656,meta-llama/Llama-3.2-1B-Instruct,"1769350775.007, 1769350775.068, 1769350775.147, 1769350775.224, 1769350775.354"
1.0,0,1769350771.9132,347.6879,27,32,59,0.113,0.0753,0.3543,1.0,0.0,92.37,2.035,346.8009,346.8009,113449.4055,1769351121.6463394,3.71,62,1669,0.488,31,0,0,14.55,15.0,0,1925,1769350775.007,-344.656,meta-llama/Llama-3.2-1B-Instruct,"1769350775.007, 1769350775.068, 1769350775.147, 1769350775.224, 1769350775.354"
1.0,0,1769350772.0535,348.227,27,32,59,0.1031,0.0733,0.3539,1.0,0.0,92.38,2.0202,347.3301,347.3301,113796.7356,1769351122.31137,3.71,62,1670,0.472,31,0,0,14.55,15.0,0,1925,1769350775.007,-344.656,meta-llama/Llama-3.2-1B-Instruct,"1769350775.007, 1769350775.068, 1769350775.147, 1769350775.224, 1769350775.354"
200.0,1,1769350567.038,487.2556,3044,1024,4068,0.4048,0.0894,0.6251,200.0,0.0,92.38,68.774,356.0295,356.0295,114152.7651,1769351123.0838099,3.71,62,1671,0.422,31,0,0,14.55,15.0,0,1925,1769350775.007,-344.656,meta-llama/Llama-3.2-1B-Instruct,"1769350775.007, 1769350775.068, 1769350775.147, 1769350775.224, 1769350775.354"
1.0,0,1769350772.1502,349.0686,27,32,59,0.1102,0.0722,0.3489,1.0,0.0,92.39,2.0118,348.1788,348.1788,114500.9439,1769351123.239971,3.71,62,1672,0.465,31,0,0,14.55,15.0,0,1925,1769350775.007,-344.656,meta-llama/Llama-3.2-1B-Instruct,"1769350775.007, 1769350775.068, 1769350775.147, 1769350775.224, 1769350775.354"
1.0,0,1769350772.2451,349.4425,27,32,59,0.1052,0.3467,0.41,1.0,0.0,92.39,2.3254,348.5476,348.5476,114849.4916,1769351124.0221555,3.71,62,1673,0.466,31,0,0,14.55,15.0,0,1925,1769350775.007,-344.656,meta-llama/Llama-3.2-1B-Instruct,"1769350775.007, 1769350775.068, 1769350775.147, 1769350775.224, 1769350775.354"
200.0,1,1769350567.2652,490.25,5971,1024,6995,0.8512,0.0808,0.617,200.0,0.0,92.4,67.4793,357.7293,357.7293,115207.2209,1769351125.0161693,3.7,62,1674,0.399,31,0,0,14.55,15.0,0,1916,1769350775.764,-348.993,meta-llama/Llama-3.2-1B-Instruct,"1769350775.764, 1769350775.991, 1769350776.064, 1769350776.120, 1769350776.176"
1.0,0,1769350772.5167,350.7495,27,32,59,0.3026,0.0701,0.0707,1.0,0.0,92.4,1.8941,350.0521,350.0521,115557.2729,1769351125.1697073,3.7,62,1675,0.475,31,0,0,14.55,15.0,0,1916,1769350775.764,-348.993,meta-llama/Llama-3.2-1B-Instruct,"1769350775.764, 1769350775.991, 1769350776.064, 1769350776.120, 1769350776.176"
1.0,0,1769350772.5925,351.4677,27,32,59,0.0811,0.0744,0.076,1.0,0.0,92.41,1.6702,350.5489,350.5489,115907.8218,1769351125.7360973,3.7,62,1676,0.476,31,0,0,14.55,15.0,0,1916,1769350775.764,-348.993,meta-llama/Llama-3.2-1B-Instruct,"1769350775.764, 1769350775.991, 1769350776.064, 1769350776.120, 1769350776.176"
200.0,1,1769350567.516,492.2281,2972,1026,3998,0.4206,0.077,0.6137,200.0,0.0,92.41,66.2126,358.4406,358.4406,116266.2624,1769351125.9931428,3.7,62,1677,0.406,31,0,0,14.55,15.0,0,1916,1769350775.764,-348.993,meta-llama/Llama-3.2-1B-Instruct,"1769350775.764, 1769350775.991, 1769350776.064, 1769350776.120, 1769350776.176"
1.0,0,1769350772.7439,352.3078,27,32,59,0.1005,0.0657,0.069,1.0,0.0,92.42,1.6871,351.4083,351.4083,116617.6708,1769351126.7417893,3.69,62,1678,0.455,31,0,0,14.55,15.0,0,1916,1769350775.764,-348.993,meta-llama/Llama-3.2-1B-Instruct,"1769350775.764, 1769350775.991, 1769350776.064, 1769350776.120, 1769350776.176"
1.0,0,1769350772.7963,352.3959,27,32,59,0.0954,0.0716,0.0725,1.0,0.0,92.42,1.6487,351.4912,351.4912,116969.162,1769351126.8445442,3.69,62,1679,0.455,31,0,0,14.55,15.0,0,1916,1769350775.764,-348.993,meta-llama/Llama-3.2-1B-Instruct,"1769350775.764, 1769350775.991, 1769350776.064, 1769350776.120, 1769350776.176"
200.0,1,1769350573.9699,552.793,3197,0,3197,,,,200.0,,,0.4775,353.2705,353.2705,117322.4325,1769351127.253985,3.69,62,1680,0.446,31,0,0,14.55,15.0,0,1916,1769350775.764,-348.993,meta-llama/Llama-3.2-1B-Instruct,"1769350775.764, 1769350775.991, 1769350776.064, 1769350776.120, 1769350776.176"
200.0,1,1769350567.6559,494.2459,8575,1031,9606,1.289,0.0737,0.6235,200.0,0.0,92.43,66.6059,360.8517,360.8517,117683.2842,1769351128.5387378,3.69,62,1681,0.383,31,0,0,14.55,15.0,0,1916,1769350775.764,-348.993,meta-llama/Llama-3.2-1B-Instruct,"1769350775.764, 1769350775.991, 1769350776.064, 1769350776.120, 1769350776.176"
1.0,0,1769350773.2177,355.3617,27,0,27,,,,1.0,,,0.1328,354.4945,354.4945,118037.7787,1769351128.7178957,3.69,62,1682,0.445,31,0,0,14.55,15.0,0,1916,1769350775.764,-348.993,meta-llama/Llama-3.2-1B-Instruct,"1769350775.764, 1769350775.991, 1769350776.064, 1769350776.120, 1769350776.176"
1.0,0,1769350772.8471,352.9289,27,31,58,0.1173,0.0759,1.4549,1.0,0.4549,92.37,3.5699,352.0463,352.0463,118389.825,1769351129.3549905,3.68,62,1683,0.457,31,0,0,14.55,15.0,0,1916,1769350775.764,-348.993,meta-llama/Llama-3.2-1B-Instruct,"1769350775.764, 1769350775.991, 1769350776.064, 1769350776.120, 1769350776.176"
1.0,0,1769350772.9232,353.2008,27,32,59,0.1311,0.5119,1.4596,1.0,0.4596,92.31,3.5929,352.3319,352.3319,118742.1569,1769351129.7292519,3.68,62,1684,0.444,31,0,0,14.55,15.0,0,1916,1769350775.764,-348.993,meta-llama/Llama-3.2-1B-Instruct,"1769350775.764, 1769350775.991, 1769350776.064, 1769350776.120, 1769350776.176"
200.0,1,1769350567.8251,495.9243,3172,1026,4198,0.4261,0.0761,0.6159,200.0,0.0,92.32,65.9805,361.9048,361.9048,119104.0617,1769351129.7477431,3.68,62,1685,0.411,31,0,0,14.55,15.0,0,1916,1769350775.764,-348.993,meta-llama/Llama-3.2-1B-Instruct,"1769350775.764, 1769350775.991, 1769350776.064, 1769350776.120, 1769350776.176"
1.0,0,1769350773.3614,356.043,27,32,59,0.1098,0.0756,0.3954,1.0,0.0,92.32,1.9929,355.1528,355.1528,119459.2144,1769351131.3998759,3.68,62,1686,0.459,31,0,0,14.55,15.0,0,1906,1769350776.612,-353.232,meta-llama/Llama-3.2-1B-Instruct,"1769350776.612, 1769350776.672, 1769350776.724, 1769350776.763, 1769350776.864"
1.0,0,1769350773.4227,356.3962,27,32,59,0.4361,0.0789,0.4463,1.0,0.0,92.33,2.3954,355.8323,355.8323,119815.0468,1769351132.2157118,3.68,62,1687,0.445,30,0,0,14.55,15.0,0,1906,1769350776.612,-353.232,meta-llama/Llama-3.2-1B-Instruct,"1769350776.612, 1769350776.672, 1769350776.724, 1769350776.763, 1769350776.864"
200.0,1,1769350568.643,497.6845,3657,1028,4685,0.9875,0.0724,0.6215,200.0,0.0,92.33,67.1772,364.8616,364.8616,120544.9301,1769351133.5218573,3.67,62,1689,0.35,30,0,0,14.55,15.0,0,1906,1769350776.612,-353.232,meta-llama/Llama-3.2-1B-Instruct,"1769350776.612, 1769350776.672, 1769350776.724, 1769350776.763, 1769350776.864"
200.0,1,1769350568.4871,497.8352,4376,1030,5406,0.9935,0.0767,0.6177,200.0,0.0,92.34,67.1866,365.0217,365.0217,120544.9301,1769351133.5283036,3.67,62,1689,0.35,30,0,0,14.55,15.0,0,1906,1769350776.612,-353.232,meta-llama/Llama-3.2-1B-Instruct,"1769350776.612, 1769350776.672, 1769350776.724, 1769350776.763, 1769350776.864"
200.0,1,1769350568.7431,498.8313,3159,1027,4186,0.4637,0.0747,0.6076,200.0,0.0,92.34,66.7295,365.5608,365.5608,120910.4909,1769351134.3204532,3.67,62,1690,0.375,29,0,0,14.55,15.0,0,1906,1769350776.612,-353.232,meta-llama/Llama-3.2-1B-Instruct,"1769350776.612, 1769350776.672, 1769350776.724, 1769350776.763, 1769350776.864"
200.0,1,1769350569.2202,499.4075,5011,1024,6035,1.3458,0.0713,0.5874,200.0,0.0,92.35,66.4295,365.837,365.837,121642.3221,1769351135.076849,3.67,62,1692,0.351,28,0,0,14.55,15.0,0,1899,1769350777.095,-357.801,meta-llama/Llama-3.2-1B-Instruct,"1769350777.095, 1769350777.114, 1769350777.225, 1769350777.269, 1769350777.441"
200.0,1,1769350569.0653,499.5351,3010,1028,4038,0.7885,0.0736,0.6104,200.0,0.0,92.35,66.4591,365.9942,365.9942,121642.3221,1769351135.0822482,3.66,62,1692,0.351,28,0,0,14.55,15.0,0,1899,1769350777.095,-357.801,meta-llama/Llama-3.2-1B-Instruct,"1769350777.095, 1769350777.114, 1769350777.225, 1769350777.269, 1769350777.441"
1.0,0,1769350773.7045,359.8578,27,32,59,0.477,0.0773,1.0461,1.0,0.0461,92.29,3.0436,359.3349,359.3349,122001.6569,1769351136.6071038,3.66,62,1693,0.46,30,0,0,14.55,15.0,0,1899,1769350777.095,-357.801,meta-llama/Llama-3.2-1B-Instruct,"1769350777.095, 1769350777.114, 1769350777.225, 1769350777.269, 1769350777.441"
1.0,0,1769350773.7618,360.5785,27,32,59,0.0862,0.0775,1.0552,1.0,0.0552,92.24,2.6425,359.6647,359.6647,122361.3217,1769351136.9842594,3.66,62,1694,0.459,31,0,0,14.55,15.0,0,1899,1769350777.095,-357.801,meta-llama/Llama-3.2-1B-Instruct,"1769350777.095, 1769350777.114, 1769350777.225, 1769350777.269, 1769350777.441"
200.0,1,1769350569.3725,501.3449,4742,1027,5769,0.6628,0.0717,0.5815,200.0,0.0,92.24,66.3191,367.664,367.664,122728.9857,1769351137.0588107,3.66,62,1695,0.379,30,0,0,14.55,15.0,0,1899,1769350777.095,-357.801,meta-llama/Llama-3.2-1B-Instruct,"1769350777.095, 1769350777.114, 1769350777.225, 1769350777.269, 1769350777.441"
1.0,0,1769350774.0066,362.6222,27,11,38,0.0917,0.0683,0.0683,1.0,0.0,92.25,0.6506,361.7139,361.7139,123090.6996,1769351137.284324,3.66,62,1696,0.456,31,0,0,14.55,15.0,0,1899,1769350777.095,-357.801,meta-llama/Llama-3.2-1B-Instruct,"1769350777.095, 1769350777.114, 1769350777.225, 1769350777.269, 1769350777.441"
200.0,1,1769350569.6434,502.3447,3985,1028,5013,0.9761,0.0733,0.5733,200.0,0.0,92.25,66.4239,368.7685,368.7685,123828.3895,1769351138.4326854,3.65,62,1698,0.373,29,1,0,14.55,15.0,0,1899,1769350777.095,-357.801,meta-llama/Llama-3.2-1B-Instruct,"1769350777.095, 1769350777.114, 1769350777.225, 1769350777.269, 1769350777.441"
200.0,1,1769350569.4963,502.3949,4378,1027,5405,0.6255,0.0726,0.5841,200.0,0.0,92.26,66.5265,368.9214,368.9214,123828.3895,1769351138.4354715,3.65,62,1698,0.374,31,0,0,14.55,15.0,0,1899,1769350777.095,-357.801,meta-llama/Llama-3.2-1B-Instruct,"1769350777.095, 1769350777.114, 1769350777.225, 1769350777.269, 1769350777.441"
1.0,0,1769350774.0683,362.9597,27,32,59,0.1029,0.6847,0.7637,1.0,0.0,92.26,2.9945,362.0626,362.0626,124190.4522,1769351140.0361927,3.65,62,1699,0.438,30,0,0,14.55,15.0,0,1891,1769350777.634,-362.362,meta-llama/Llama-3.2-1B-Instruct,"1769350777.634, 1769350777.690, 1769350777.699, 1769350777.833, 1769350778.009"
200.0,1,1769350569.9734,504.1678,3704,1029,4733,0.4699,0.072,0.6176,200.0,0.0,92.27,66.2372,370.405,370.405,124560.8572,1769351140.3947654,3.65,62,1700,0.403,31,0,0,14.55,15.0,0,1891,1769350777.634,-362.362,meta-llama/Llama-3.2-1B-Instruct,"1769350777.634, 1769350777.690, 1769350777.699, 1769350777.833, 1769350778.009"
1.0,0,1769350774.5326,365.5257,27,32,59,0.0765,0.0628,0.0767,1.0,0.0,92.27,1.5553,364.6021,364.6021,124925.4593,1769351141.6224396,3.64,62,1701,0.449,31,0,0,14.55,15.0,0,1891,1769350777.634,-362.362,meta-llama/Llama-3.2-1B-Instruct,"1769350777.634, 1769350777.690, 1769350777.699, 1769350777.833, 1769350778.009"
200.0,1,1769350570.1464,506.232,5033,1020,6053,0.6708,0.073,0.5048,200.0,0.0,92.28,65.2808,371.5128,371.5128,125296.9721,1769351141.6814563,3.64,62,1702,0.407,31,0,0,14.55,15.0,0,1891,1769350777.634,-362.362,meta-llama/Llama-3.2-1B-Instruct,"1769350777.634, 1769350777.690, 1769350777.699, 1769350777.833, 1769350778.009"
1.0,0,1769350774.7077,365.7241,27,32,59,0.1055,0.2059,0.3991,1.0,0.0,92.28,2.0094,364.8296,364.8296,125661.8017,1769351142.4894762,3.64,62,1703,0.435,31,0,0,14.55,15.0,0,1891,1769350777.634,-362.362,meta-llama/Llama-3.2-1B-Instruct,"1769350777.634, 1769350777.690, 1769350777.699, 1769350777.833, 1769350778.009"
200.0,1,1769350570.2226,507.246,6429,1024,7453,0.918,0.0729,0.4812,200.0,0.0,92.28,65.0715,372.3175,372.3175,126034.1192,1769351142.56029,3.64,62,1704,0.424,31,0,0,14.55,15.0,0,1891,1769350777.634,-362.362,meta-llama/Llama-3.2-1B-Instruct,"1769350777.634, 1769350777.690, 1769350777.699, 1769350777.833, 1769350778.009"
200.0,1,1769350570.4085,509.1661,3024,999,4023,0.4193,0.0727,0.5116,200.0,0.0,92.29,64.1362,373.3023,373.3023,126407.4215,1769351143.7367346,3.64,62,1705,0.419,31,0,0,14.55,15.0,0,1891,1769350777.634,-362.362,meta-llama/Llama-3.2-1B-Instruct,"1769350777.634, 1769350777.690, 1769350777.699, 1769350777.833, 1769350778.009"
1.0,0,1769350774.7639,366.9527,27,31,58,0.3948,0.2067,1.0288,1.0,0.0288,92.23,2.8794,366.3476,366.3476,126773.7691,1769351144.6004674,3.63,62,1706,0.418,30,0,0,14.55,15.0,0,1891,1769350777.634,-362.362,meta-llama/Llama-3.2-1B-Instruct,"1769350777.634, 1769350777.690, 1769350777.699, 1769350777.833, 1769350778.009"
1.0,0,1769350775.1202,368.653,27,32,59,0.0906,0.0603,0.0616,1.0,0.0,92.24,1.5457,367.7436,367.7436,127141.5127,1769351145.32237,3.63,62,1707,0.42,31,0,0,14.55,15.0,0,1883,1769350778.132,-366.935,meta-llama/Llama-3.2-1B-Instruct,"1769350778.132, 1769350778.281, 1769350778.340, 1769350778.532, 1769350778.540"
1.0,0,1769350775.1763,369.4553,27,32,59,0.0762,0.0588,0.068,1.0,0.0,92.24,1.5319,368.5315,368.5315,127510.0442,1769351146.169287,3.63,62,1708,0.422,31,0,0,14.55,15.0,0,1883,1769350778.132,-366.935,meta-llama/Llama-3.2-1B-Instruct,"1769350778.132, 1769350778.281, 1769350778.340, 1769350778.532, 1769350778.540"
200.0,1,1769350570.6663,511.3512,3672,1026,4698,0.4984,0.0724,0.4861,200.0,0.0,92.25,64.8544,376.2057,376.2057,128631.56,1769351146.8920267,3.63,62,1711,0.42,31,0,0,14.55,15.0,0,1883,1769350778.132,-366.935,meta-llama/Llama-3.2-1B-Instruct,"1769350778.132, 1769350778.281, 1769350778.340, 1769350778.532, 1769350778.540"
1.0,0,1769350775.245,370.0975,27,32,59,0.0794,0.0611,0.0669,1.0,0.0,92.25,1.5419,369.1768,369.1768,128631.56,1769351146.8922257,3.62,62,1711,0.424,31,0,0,14.55,15.0,0,1883,1769350778.132,-366.935,meta-llama/Llama-3.2-1B-Instruct,"1769350778.132, 1769350778.281, 1769350778.340, 1769350778.532, 1769350778.540"
200.0,1,1769350570.7431,511.3639,3526,1028,4554,0.7663,0.0724,0.4912,200.0,0.0,92.26,64.7694,376.1333,376.1333,128631.56,1769351146.895831,3.63,62,1711,0.42,30,0,0,14.55,15.0,0,1883,1769350778.132,-366.935,meta-llama/Llama-3.2-1B-Instruct,"1769350778.132, 1769350778.281, 1769350778.340, 1769350778.532, 1769350778.540"
1.0,0,1769350775.3198,370.8737,27,32,59,0.0793,0.0767,0.9143,1.0,0.0,92.26,2.4093,369.953,369.953,129001.513,1769351148.6125429,3.62,62,1712,0.425,31,0,0,14.55,15.0,0,1883,1769350778.132,-366.935,meta-llama/Llama-3.2-1B-Instruct,"1769350778.132, 1769350778.281, 1769350778.340, 1769350778.532, 1769350778.540"
1.0,0,1769350775.3762,371.5536,27,33,60,0.9651,0.0567,0.0654,1.0,0.0,92.27,2.4398,371.5187,371.5187,129373.0317,1769351149.3729649,3.62,62,1713,0.397,29,0,0,14.55,15.0,0,1883,1769350778.132,-366.935,meta-llama/Llama-3.2-1B-Instruct,"1769350778.132, 1769350778.281, 1769350778.340, 1769350778.532, 1769350778.540"
200.0,1,1769350571.222,513.9322,3669,1034,4703,0.4772,0.0738,0.5285,200.0,0.0,92.27,64.9229,378.8551,378.8551,129751.8868,1769351150.0954247,3.62,62,1714,0.421,31,0,0,14.55,15.0,0,1883,1769350778.132,-366.935,meta-llama/Llama-3.2-1B-Instruct,"1769350778.132, 1769350778.281, 1769350778.340, 1769350778.532, 1769350778.540"
1.0,0,1769350775.6118,373.0485,27,32,59,0.0937,0.0628,0.0769,1.0,0.0,92.28,1.5854,372.1422,372.1422,130124.029,1769351150.2556837,3.62,62,1715,0.424,31,0,0,14.55,15.0,0,1876,1769350778.723,-371.444,meta-llama/Llama-3.2-1B-Instruct,"1769350778.723, 1769350778.969, 1769350778.989, 1769350779.192, 1769350779.224"
200.0,1,1769350571.3253,514.4523,3805,1039,4844,0.5048,0.0722,0.4962,200.0,0.0,92.28,64.5623,379.0146,379.0146,130503.0435,1769351150.3581698,3.61,62,1716,0.433,31,0,0,14.55,15.0,0,1876,1769350778.723,-371.444,meta-llama/Llama-3.2-1B-Instruct,"1769350778.723, 1769350778.969, 1769350778.989, 1769350779.192, 1769350779.224"
1.0,0,1769350775.6719,373.7362,27,32,59,0.1202,0.0618,0.8852,1.0,0.0,92.28,2.4267,372.8565,372.8565,130875.9,1769351151.8376775,3.61,62,1717,0.425,31,0,0,14.55,15.0,0,1876,1769350778.723,-371.444,meta-llama/Llama-3.2-1B-Instruct,"1769350778.723, 1769350778.969, 1769350778.989, 1769350779.192, 1769350779.224"
1.0,0,1769350775.7239,374.3873,27,32,59,0.0793,0.0639,0.9012,1.0,0.0,92.29,2.3786,373.4666,373.4666,131249.3666,1769351152.5003798,3.61,62,1718,0.412,31,0,0,14.55,15.0,0,1876,1769350778.723,-371.444,meta-llama/Llama-3.2-1B-Instruct,"1769350778.723, 1769350778.969, 1769350778.989, 1769350779.192, 1769350779.224"
200.0,1,1769350576.9364,575.5974,3165,0,3165,,,,200.0,,,0.4268,376.0242,376.0242,131625.3908,1769351152.9747083,3.61,62,1719,0.423,31,0,0,14.55,15.0,0,1876,1769350778.723,-371.444,meta-llama/Llama-3.2-1B-Instruct,"1769350778.723, 1769350778.969, 1769350778.989, 1769350779.192, 1769350779.224"
200.0,1,1769350571.7354,516.4789,3032,1022,4054,0.4259,0.0706,0.628,200.0,0.0,92.29,65.3228,381.8017,381.8017,132007.1925,1769351153.5613225,3.6,62,1720,0.449,31,0,0,14.55,15.0,0,1876,1769350778.723,-371.444,meta-llama/Llama-3.2-1B-Instruct,"1769350778.723, 1769350778.969, 1769350778.989, 1769350779.192, 1769350779.224"
1.0,0,1769350775.9243,376.0974,27,32,59,0.1034,0.3834,1.3408,1.0,0.3408,92.24,3.2518,375.2008,375.2008,132382.3933,1769351155.277426,3.6,62,1721,0.422,31,0,0,14.55,15.0,0,1869,1769350779.385,-375.868,meta-llama/Llama-3.2-1B-Instruct,"1769350779.385, 1769350779.517, 1769350779.559, 1769350779.574, 1769350779.714"
1.0,0,1769350776.0952,376.8986,27,32,59,0.1059,1.3366,2.0532,1.0,1.0532,92.18,4.9354,376.0045,376.0045,132758.3978,1769351157.9378057,3.6,62,1722,0.423,31,0,0,14.55,15.0,0,1869,1769350779.385,-375.868,meta-llama/Llama-3.2-1B-Instruct,"1769350779.385, 1769350779.517, 1769350779.559, 1769350779.574, 1769350779.714"
200.0,1,1769350571.809,519.3281,3376,1027,4403,0.4456,0.0715,0.7153,200.0,0.0,92.19,68.3748,387.7029,387.7029,133146.1006,1769351159.5312312,3.6,62,1723,0.437,31,0,0,14.55,15.0,0,1869,1769350779.385,-375.868,meta-llama/Llama-3.2-1B-Instruct,"1769350779.385, 1769350779.517, 1769350779.559, 1769350779.574, 1769350779.714"
1.0,0,1769350776.2694,381.6892,27,32,59,0.0912,0.0677,0.0715,1.0,0.0,92.19,1.6732,380.7805,380.7805,133526.8811,1769351159.6352015,3.6,62,1724,0.482,31,0,0,14.55,15.0,0,1869,1769350779.385,-375.868,meta-llama/Llama-3.2-1B-Instruct,"1769350779.385, 1769350779.517, 1769350779.559, 1769350779.574, 1769350779.714"
200.0,1,1769350571.9154,519.8627,3022,1024,4046,0.3684,0.0714,0.7098,200.0,0.0,92.2,68.3558,388.2185,388.2185,133915.0996,1769351160.1444116,3.59,62,1725,0.448,31,0,0,14.55,15.0,0,1869,1769350779.385,-375.868,meta-llama/Llama-3.2-1B-Instruct,"1769350779.385, 1769350779.517, 1769350779.559, 1769350779.574, 1769350779.714"
1.0,0,1769350776.4409,383.1065,27,32,59,0.0865,0.0737,0.3624,1.0,0.0,92.2,2.0063,382.1931,382.1931,134297.2926,1769351161.5547552,3.59,62,1726,0.471,31,0,0,14.55,15.0,0,1864,1769350779.878,-380.457,meta-llama/Llama-3.2-1B-Instruct,"1769350779.878, 1769350779.954, 1769350780.030, 1769350780.036, 1769350780.087"
1.0,0,1769350776.5074,383.653,27,32,59,0.0895,0.0684,0.0699,1.0,0.0,92.21,1.652,382.7426,382.7426,134680.0352,1769351161.8220544,3.59,62,1727,0.469,31,0,0,14.55,15.0,0,1864,1769350779.878,-380.457,meta-llama/Llama-3.2-1B-Instruct,"1769350779.878, 1769350779.954, 1769350780.030, 1769350780.036, 1769350780.087"
1.0,0,1769350776.5587,385.0168,27,32,59,0.076,0.0692,0.3689,1.0,0.0,92.21,1.9797,384.0928,384.0928,135064.128,1769351163.5564764,3.59,62,1728,0.472,31,0,0,14.55,15.0,0,1864,1769350779.878,-380.457,meta-llama/Llama-3.2-1B-Instruct,"1769350779.878, 1769350779.954, 1769350780.030, 1769350780.036, 1769350780.087"
1.0,0,1769350776.6898,386.8865,27,32,59,0.0891,0.0609,0.0633,1.0,0.0,92.22,1.6507,385.9756,385.9756,135450.1035,1769351165.2296464,3.59,62,1729,0.484,31,0,0,14.55,15.0,0,1864,1769350779.878,-380.457,meta-llama/Llama-3.2-1B-Instruct,"1769350779.878, 1769350779.954, 1769350780.030, 1769350780.036, 1769350780.087"
200.0,1,1769350572.2371,528.1298,3970,1031,5001,0.5317,0.0713,0.7048,200.0,0.0,92.22,69.1537,397.2835,397.2835,135847.387,1769351169.5421262,3.58,62,1730,0.455,31,0,0,14.55,15.0,0,1860,1769350780.087,-385.298,meta-llama/Llama-3.2-1B-Instruct,"1769350780.087, 1769350780.123, 1769350780.159, 1769350780.305, 1769350780.333"
1.0,0,1769350776.8329,392.755,27,32,59,0.0928,0.0639,0.0652,1.0,0.0,92.23,1.6809,391.8478,391.8478,136239.2348,1769351171.2703826,3.58,62,1731,0.49,31,0,0,14.55,15.0,0,1859,1769350780.123,-390.363,meta-llama/Llama-3.2-1B-Instruct,"1769350780.123, 1769350780.159, 1769350780.305, 1769350780.333, 1769350780.406"
200.0,1,1769350578.0091,593.2807,3871,0,3871,,,,200.0,,,0.5066,393.7873,393.7873,136633.0221,1769351171.8077214,3.58,62,1732,0.493,31,0,0,14.55,15.0,0,1859,1769350780.123,-390.363,meta-llama/Llama-3.2-1B-Instruct,"1769350780.123, 1769350780.159, 1769350780.305, 1769350780.333, 1769350780.406"
200.0,1,1769350572.3466,531.2199,5069,1032,6101,0.6603,0.073,0.7125,200.0,0.0,92.23,69.3035,400.5234,400.5234,137033.5455,1769351172.8929148,3.58,62,1733,0.447,31,0,0,14.55,15.0,0,1859,1769350780.123,-390.363,meta-llama/Llama-3.2-1B-Instruct,"1769350780.123, 1769350780.159, 1769350780.305, 1769350780.333, 1769350780.406"
1.0,0,1769350777.0092,394.82,27,32,59,0.1195,0.0605,0.0689,1.0,0.0,92.23,1.7176,393.9395,393.9395,137427.4849,1769351173.5501916,3.58,62,1734,0.493,31,0,0,14.55,15.0,0,1859,1769350780.123,-390.363,meta-llama/Llama-3.2-1B-Instruct,"1769350780.123, 1769350780.159, 1769350780.305, 1769350780.333, 1769350780.406"
1.0,0,1769350777.0803,395.8931,27,32,59,0.1088,0.0732,0.3975,1.0,0.0,92.24,2.0455,395.002,395.002,137822.4869,1769351175.0196602,3.57,62,1735,0.476,31,0,0,14.55,15.0,0,1859,1769350780.123,-390.363,meta-llama/Llama-3.2-1B-Instruct,"1769350780.123, 1769350780.159, 1769350780.305, 1769350780.333, 1769350780.406"
200.0,1,1769350572.5902,533.4246,5689,1024,6713,0.7888,0.0733,0.6889,200.0,0.0,92.24,69.1762,402.6008,402.6008,138225.0877,1769351175.2041104,3.57,62,1736,0.466,31,0,0,14.55,15.0,0,1859,1769350780.123,-390.363,meta-llama/Llama-3.2-1B-Instruct,"1769350780.123, 1769350780.159, 1769350780.305, 1769350780.333, 1769350780.406"
1.0,0,1769350777.1317,397.9166,27,32,59,0.134,0.0724,0.0738,1.0,0.0,92.25,1.7019,397.0506,397.0506,138622.1383,1769351176.756424,3.57,62,1737,0.49,31,0,0,14.55,15.0,0,1853,1769350780.457,-395.102,meta-llama/Llama-3.2-1B-Instruct,"1769350780.457, 1769350780.580, 1769350780.672, 1769350780.755, 1769350780.813"
1.0,0,1769350777.2811,397.9466,27,32,59,0.1447,0.0641,0.0644,1.0,0.0,92.25,1.6876,397.0913,397.0913,139019.2296,1769351176.9269333,3.57,62,1738,0.468,31,0,0,14.55,15.0,0,1853,1769350780.457,-395.102,meta-llama/Llama-3.2-1B-Instruct,"1769350780.457, 1769350780.580, 1769350780.672, 1769350780.755, 1769350780.813"
1.0,0,1769350777.3399,399.4363,27,32,59,0.0885,0.0628,0.0682,1.0,0.0,92.26,1.6592,398.5248,398.5248,139417.7544,1769351178.4370282,3.57,62,1739,0.472,31,0,0,14.55,15.0,0,1853,1769350780.457,-395.102,meta-llama/Llama-3.2-1B-Instruct,"1769350780.457, 1769350780.580, 1769350780.672, 1769350780.755, 1769350780.813"
1.0,0,1769350777.5318,399.4149,27,32,59,0.0907,0.0635,0.4281,1.0,0.0,92.26,2.0371,398.5055,398.5055,139816.2599,1769351178.9856412,3.56,62,1740,0.472,31,0,0,14.55,15.0,0,1853,1769350780.457,-395.102,meta-llama/Llama-3.2-1B-Instruct,"1769350780.457, 1769350780.580, 1769350780.672, 1769350780.755, 1769350780.813"
200.0,1,1769350572.7676,538.1677,8657,1026,9683,1.3295,0.0741,0.5096,200.0,0.0,92.27,68.9699,407.1376,407.1376,140223.3975,1769351179.958627,3.56,62,1741,0.474,31,0,0,14.55,15.0,0,1853,1769350780.457,-395.102,meta-llama/Llama-3.2-1B-Instruct,"1769350780.457, 1769350780.580, 1769350780.672, 1769350780.755, 1769350780.813"
200.0,1,1769350574.4368,555.3945,3276,736,4012,0.4244,0.0754,0.7684,200.0,0.0,92.27,50.1622,405.5568,405.5568,140628.9543,1769351180.011367,3.56,62,1742,0.445,30,0,0,14.55,15.0,0,1853,1769350780.457,-395.102,meta-llama/Llama-3.2-1B-Instruct,"1769350780.457, 1769350780.580, 1769350780.672, 1769350780.755, 1769350780.813"
1.0,0,1769350777.5848,401.5377,27,32,59,0.1239,0.0678,0.4783,1.0,0.0,92.28,2.0927,400.6616,400.6616,141029.6159,1769351181.224088,3.56,62,1743,0.485,31,0,0,14.55,15.0,0,1847,1769350781.348,-399.302,meta-llama/Llama-3.2-1B-Instruct,"1769350781.348, 1769350781.398, 1769350781.482, 1769350781.551, 1769350781.553"
200.0,1,1769350578.1314,595.4401,3202,132,3334,0.4133,0.0714,0.4162,200.0,0.0,92.28,7.9703,403.4104,403.4104,141433.0264,1769351181.55406,3.56,62,1744,0.477,31,0,0,14.55,15.0,0,1847,1769350781.348,-399.302,meta-llama/Llama-3.2-1B-Instruct,"1769350781.348, 1769350781.398, 1769350781.482, 1769350781.551, 1769350781.553"
1.0,0,1769350777.7227,402.3072,27,32,59,0.494,0.0735,0.4015,1.0,0.0,92.29,2.4061,401.8012,401.8012,141834.8276,1769351182.450924,3.55,62,1745,0.444,30,0,0,14.55,15.0,0,1847,1769350781.348,-399.302,meta-llama/Llama-3.2-1B-Instruct,"1769350781.348, 1769350781.398, 1769350781.482, 1769350781.551, 1769350781.553"
1.0,0,1769350777.9692,403.277,27,32,59,0.1309,0.0776,0.4058,1.0,0.0,92.29,2.0554,402.4079,402.4079,142237.2355,1769351183.3066099,3.55,62,1746,0.457,31,0,0,14.55,15.0,0,1847,1769350781.348,-399.302,meta-llama/Llama-3.2-1B-Instruct,"1769350781.348, 1769350781.398, 1769350781.482, 1769350781.551, 1769350781.553"
1.0,0,1769350778.1922,404.2807,27,32,59,0.092,0.0804,0.6844,1.0,0.0,92.29,2.2728,403.3727,403.3727,142640.6081,1769351184.7542582,3.55,62,1747,0.459,31,0,0,14.55,15.0,0,1847,1769350781.348,-399.302,meta-llama/Llama-3.2-1B-Instruct,"1769350781.348, 1769350781.398, 1769350781.482, 1769350781.551, 1769350781.553"
200.0,1,1769350574.8637,560.2606,3260,750,4010,0.4942,0.0735,0.689,200.0,0.0,92.3,50.309,410.5696,410.5696,143051.1778,1769351185.4499333,3.55,62,1748,0.428,30,0,0,14.55,15.0,0,1847,1769350781.348,-399.302,meta-llama/Llama-3.2-1B-Instruct,"1769350781.348, 1769350781.398, 1769350781.482, 1769350781.551, 1769350781.553"
200.0,1,1769350577.114,576.4815,9150,498,9648,1.4161,0.0717,0.4298,200.0,0.0,92.3,32.9063,409.3878,409.3878,143460.5656,1769351186.5301442,3.54,62,1749,0.412,31,0,0,14.55,15.0,0,1841,1769350781.751,-403.946,meta-llama/Llama-3.2-1B-Instruct,"1769350781.751, 1769350781.813, 1769350781.951, 1769350781.963, 1769350782.140"
1.0,0,1769350778.2462,406.5308,27,32,59,0.0862,0.0882,0.3965,1.0,0.0,92.31,2.0467,405.617,405.617,143866.1826,1769351186.8296936,3.54,62,1750,0.479,31,0,0,14.55,15.0,0,1841,1769350781.751,-403.946,meta-llama/Llama-3.2-1B-Instruct,"1769350781.751, 1769350781.813, 1769350781.951, 1769350781.963, 1769350782.140"
1.0,0,1769350778.3854,408.1628,27,32,59,0.0853,0.0748,0.2367,1.0,0.0,92.31,1.6032,407.2481,407.2481,144273.4306,1769351188.1552298,3.54,62,1751,0.45,31,0,0,14.55,15.0,0,1841,1769350781.751,-403.946,meta-llama/Llama-3.2-1B-Instruct,"1769350781.751, 1769350781.813, 1769350781.951, 1769350781.963, 1769350782.140"
1.0,0,1769350778.5172,408.3672,27,32,59,0.107,0.2259,0.6306,1.0,0.0,92.32,2.1869,407.4743,407.4743,144680.9049,1769351189.084944,3.54,62,1752,0.45,31,0,0,14.55,15.0,0,1841,1769350781.751,-403.946,meta-llama/Llama-3.2-1B-Instruct,"1769350781.751, 1769350781.813, 1769350781.951, 1769350781.963, 1769350782.140"
200.0,1,1769350573.1079,547.3666,3025,1024,4049,0.3774,0.0757,0.684,200.0,0.0,92.32,69.8664,417.233,417.233,145098.1379,1769351190.3600729,3.54,62,1753,0.455,31,0,0,14.55,15.0,0,1841,1769350781.751,-403.946,meta-llama/Llama-3.2-1B-Instruct,"1769350781.751, 1769350781.813, 1769350781.951, 1769350781.963, 1769350782.140"
1.0,0,1769350778.5742,410.5361,27,32,59,0.0925,0.0643,0.0941,1.0,0.0,92.33,1.6442,409.6286,409.6286,145507.7666,1769351190.765483,3.53,62,1754,0.47,31,0,0,14.55,15.0,0,1841,1769350781.751,-403.946,meta-llama/Llama-3.2-1B-Instruct,"1769350781.751, 1769350781.813, 1769350781.951, 1769350781.963, 1769350782.140"
200.0,1,1769350573.27,549.1684,3102,1029,4131,0.4015,0.0742,0.6805,200.0,0.0,92.33,69.8811,419.0495,419.0495,145926.8161,1769351192.3389611,3.53,62,1755,0.467,31,0,0,14.55,15.0,0,1836,1769350782.193,-408.626,meta-llama/Llama-3.2-1B-Instruct,"1769350782.193, 1769350782.340, 1769350782.642, 1769350782.675, 1769350782.790"
1.0,0,1769350778.7138,411.6914,27,32,59,0.1078,0.075,0.379,1.0,0.0,92.33,1.9741,410.7992,410.7992,146337.6153,1769351192.3850706,3.53,62,1756,0.459,31,0,0,14.55,15.0,0,1836,1769350782.193,-408.626,meta-llama/Llama-3.2-1B-Instruct,"1769350782.193, 1769350782.340, 1769350782.642, 1769350782.675, 1769350782.790"
1.0,0,1769350779.0295,413.4057,27,0,27,,,,1.0,,,0.3785,412.7842,412.7842,146750.3995,1769351192.8143048,3.53,62,1757,0.459,30,0,0,14.55,15.0,0,1836,1769350782.193,-408.626,meta-llama/Llama-3.2-1B-Instruct,"1769350782.193, 1769350782.340, 1769350782.642, 1769350782.675, 1769350782.790"
200.0,1,1769350573.4304,549.6886,3103,1031,4134,0.426,0.0786,0.6836,200.0,0.0,92.34,70.7306,420.4192,420.4192,147170.8186,1769351193.8682046,3.53,62,1758,0.465,31,0,0,14.55,15.0,0,1836,1769350782.193,-408.626,meta-llama/Llama-3.2-1B-Instruct,"1769350782.193, 1769350782.340, 1769350782.642, 1769350782.675, 1769350782.790"
1.0,0,1769350779.0873,414.831,27,32,59,0.1431,0.0594,0.0698,1.0,0.0,92.34,1.6788,413.9741,413.9741,147584.7927,1769351195.6007316,3.52,62,1759,0.468,31,0,0,14.55,15.0,0,1836,1769350782.193,-408.626,meta-llama/Llama-3.2-1B-Instruct,"1769350782.193, 1769350782.340, 1769350782.642, 1769350782.675, 1769350782.790"
200.0,1,1769350574.2911,554.4498,4067,1009,5076,0.539,0.0733,0.6871,200.0,0.0,92.35,68.3252,422.775,422.775,148007.5677,1769351197.087997,3.52,62,1760,0.445,31,0,0,14.55,15.0,0,1830,1769350783.007,-412.83,meta-llama/Llama-3.2-1B-Instruct,"1769350783.007, 1769350783.081, 1769350783.113, 1769350783.152, 1769350783.277"
200.0,1,1769350574.1595,553.177,3556,1021,4577,0.9484,0.0764,0.6851,200.0,0.0,92.35,70.095,423.272,423.272,148854.2171,1769351197.4484687,3.52,62,1762,0.464,31,0,0,14.55,15.0,0,1830,1769350783.007,-412.83,meta-llama/Llama-3.2-1B-Instruct,"1769350783.007, 1769350783.081, 1769350783.113, 1769350783.152, 1769350783.277"
200.0,1,1769350574.0501,552.8191,5592,1026,6618,1.047,0.0762,0.6913,200.0,0.0,92.36,70.5583,423.3774,423.3774,148854.2171,1769351197.449923,3.52,62,1762,0.446,30,0,0,14.55,15.0,0,1830,1769350783.007,-412.83,meta-llama/Llama-3.2-1B-Instruct,"1769350783.007, 1769350783.081, 1769350783.113, 1769350783.152, 1769350783.277"
1.0,0,1769350779.1585,417.975,27,22,49,0.0838,0.0785,0.7265,1.0,0.0,92.36,1.8684,417.0588,417.0588,149271.2759,1769351199.003229,3.52,62,1763,0.467,31,0,0,14.55,15.0,0,1830,1769350783.007,-412.83,meta-llama/Llama-3.2-1B-Instruct,"1769350783.007, 1769350783.081, 1769350783.113, 1769350783.152, 1769350783.277"
1.0,0,1769350779.3332,418.1965,27,32,59,0.7328,0.0623,0.0698,1.0,0.0,92.37,2.2611,417.9293,417.9293,149689.2052,1769351199.791676,3.51,62,1764,0.432,30,0,0,14.55,15.0,0,1830,1769350783.007,-412.83,meta-llama/Llama-3.2-1B-Instruct,"1769350783.007, 1769350783.081, 1769350783.113, 1769350783.152, 1769350783.277"
200.0,1,1769350574.533,556.9157,3750,1025,4775,0.4899,0.077,0.7033,200.0,0.0,92.37,69.3652,426.2809,426.2809,150115.4861,1769351200.8316355,3.51,62,1765,0.459,31,0,0,14.55,15.0,0,1830,1769350783.007,-412.83,meta-llama/Llama-3.2-1B-Instruct,"1769350783.007, 1769350783.081, 1769350783.113, 1769350783.152, 1769350783.277"
1.0,0,1769350779.406,419.6402,27,32,59,0.1145,0.0823,0.3884,1.0,0.0,92.37,1.9926,418.7547,418.7547,150534.2409,1769351201.0422845,3.51,62,1766,0.452,31,0,0,14.55,15.0,0,1825,1769350783.305,-417.653,meta-llama/Llama-3.2-1B-Instruct,"1769350783.305, 1769350783.357, 1769350783.437, 1769350783.552, 1769350783.606"
200.0,1,1769350574.6092,557.7048,6059,1024,7083,0.8614,0.073,0.6837,200.0,0.0,92.38,69.5723,427.2771,427.2771,150961.518,1769351201.9087505,3.51,62,1767,0.471,31,0,0,14.55,15.0,0,1825,1769350783.305,-417.653,meta-llama/Llama-3.2-1B-Instruct,"1769350783.305, 1769350783.357, 1769350783.437, 1769350783.552, 1769350783.606"
200.0,1,1769350574.7523,558.8185,3676,1019,4695,0.4696,0.0837,0.6666,200.0,0.0,92.38,69.3902,428.2087,428.2087,151389.7267,1769351202.9756289,3.51,62,1768,0.46,30,0,0,14.55,15.0,0,1825,1769350783.305,-417.653,meta-llama/Llama-3.2-1B-Instruct,"1769350783.305, 1769350783.357, 1769350783.437, 1769350783.552, 1769350783.606"
1.0,0,1769350779.4571,421.3976,27,32,59,0.1262,0.5792,0.6545,1.0,0.0,92.39,2.8552,420.5238,420.5238,151810.2504,1769351203.7206042,3.5,62,1769,0.45,31,0,0,14.55,15.0,0,1825,1769350783.305,-417.653,meta-llama/Llama-3.2-1B-Instruct,"1769350783.305, 1769350783.357, 1769350783.437, 1769350783.552, 1769350783.606"
200.0,1,1769350574.9483,560.2027,5198,1025,6223,1.084,0.0745,0.6647,200.0,0.0,92.39,69.0147,429.2174,429.2174,152239.4678,1769351204.1930182,3.5,62,1770,0.428,30,0,0,14.55,15.0,0,1825,1769350783.305,-417.653,meta-llama/Llama-3.2-1B-Instruct,"1769350783.305, 1769350783.357, 1769350783.437, 1769350783.552, 1769350783.606"
1.0,0,1769350779.7551,423.2363,27,32,59,0.0899,0.065,0.0659,1.0,0.0,92.4,1.6098,422.3262,422.3262,152661.7941,1769351204.6112306,3.5,62,1771,0.445,31,0,0,14.55,15.0,0,1825,1769350783.305,-417.653,meta-llama/Llama-3.2-1B-Instruct,"1769350783.305, 1769350783.357, 1769350783.437, 1769350783.552, 1769350783.606"
200.0,1,1769350575.2243,562.0801,3680,1022,4702,0.7432,0.075,0.6336,200.0,0.0,92.4,67.8928,429.9728,429.9728,153521.8229,1769351205.2102647,3.5,62,1773,0.439,30,1,0,14.55,15.0,0,1825,1769350783.305,-417.653,meta-llama/Llama-3.2-1B-Instruct,"1769350783.305, 1769350783.357, 1769350783.437, 1769350783.552, 1769350783.606"
200.0,1,1769350575.1466,562.0877,3025,1024,4049,0.4306,0.0744,0.6256,200.0,0.0,92.41,67.9683,430.056,430.056,153521.8229,1769351205.2177937,3.5,62,1773,0.439,30,1,0,14.55,15.0,0,1825,1769350783.305,-417.653,meta-llama/Llama-3.2-1B-Instruct,"1769350783.305, 1769350783.357, 1769350783.437, 1769350783.552, 1769350783.606"
1.0,0,1769350779.8129,423.9283,27,32,59,0.0782,0.0617,0.0667,1.0,0.0,92.41,1.6106,423.0065,423.0065,153944.8294,1769351205.36182,3.49,62,1774,0.447,31,0,0,14.55,15.0,0,1825,1769350783.305,-417.653,meta-llama/Llama-3.2-1B-Instruct,"1769350783.305, 1769350783.357, 1769350783.437, 1769350783.552, 1769350783.606"
200.0,1,1769350575.3543,563.1113,3015,1024,4039,0.7343,0.0761,0.6262,200.0,0.0,92.41,67.8659,430.9772,430.9772,154806.7231,1769351206.3465123,3.49,62,1776,0.428,30,0,0,14.55,15.0,0,1815,1769350784.034,-421.977,meta-llama/Llama-3.2-1B-Instruct,"1769350784.034, 1769350784.162, 1769350784.359, 1769350784.482, 1769350784.540"
200.0,1,1769350575.4241,563.0623,3103,1017,4120,0.7114,0.077,0.6261,200.0,0.0,92.42,67.8542,430.9165,430.9165,154806.7231,1769351206.3547344,3.49,62,1776,0.428,30,0,0,14.55,15.0,0,1815,1769350784.034,-421.977,meta-llama/Llama-3.2-1B-Instruct,"1769350784.034, 1769350784.162, 1769350784.359, 1769350784.482, 1769350784.540"
1.0,0,1769350780.2232,424.0108,27,32,59,0.0862,0.081,0.6834,1.0,0.0,92.42,2.2578,423.097,423.097,155229.8201,1769351206.5059507,3.49,62,1777,0.428,31,0,0,14.55,15.0,0,1815,1769350784.034,-421.977,meta-llama/Llama-3.2-1B-Instruct,"1769350784.034, 1769350784.162, 1769350784.359, 1769350784.482, 1769350784.540"
1.0,0,1769350780.3482,424.2897,27,32,59,0.0806,0.6903,1.0647,1.0,0.0647,92.37,3.226,423.3704,423.3704,155653.1905,1769351207.874166,3.49,62,1778,0.429,31,0,0,14.55,15.0,0,1815,1769350784.034,-421.977,meta-llama/Llama-3.2-1B-Instruct,"1769350784.034, 1769350784.162, 1769350784.359, 1769350784.482, 1769350784.540"
1.0,0,1769350780.8129,427.1064,27,0,27,,,,1.0,,,0.1106,426.217,426.217,156079.4074,1769351208.035789,3.49,62,1779,0.427,31,0,0,14.55,15.0,0,1815,1769350784.034,-421.977,meta-llama/Llama-3.2-1B-Instruct,"1769350784.034, 1769350784.162, 1769350784.359, 1769350784.482, 1769350784.540"
1.0,0,1769350780.5508,424.8399,27,32,59,0.6082,0.3641,1.057,1.0,0.057,92.32,3.4526,424.4481,424.4481,156503.8555,1769351208.8509653,3.48,62,1780,0.421,31,0,0,14.55,15.0,0,1815,1769350784.034,-421.977,meta-llama/Llama-3.2-1B-Instruct,"1769350784.034, 1769350784.162, 1769350784.359, 1769350784.482, 1769350784.540"
200.0,1,1769350575.7469,565.9204,3089,1022,4111,0.4289,0.0784,0.6543,200.0,0.0,92.32,68.6222,434.5426,434.5426,157367.1196,1769351210.3596003,3.48,62,1782,0.438,31,0,0,14.55,15.0,0,1815,1769350784.034,-421.977,meta-llama/Llama-3.2-1B-Instruct,"1769350784.034, 1769350784.162, 1769350784.359, 1769350784.482, 1769350784.540"
200.0,1,1769350581.5534,624.8131,3290,51,3341,0.4769,0.2099,0.6979,200.0,0.0,92.33,3.9084,428.7214,428.7214,157367.1196,1769351210.364451,3.48,62,1782,0.396,30,0,0,14.55,15.0,0,1815,1769350784.034,-421.977,meta-llama/Llama-3.2-1B-Instruct,"1769350784.034, 1769350784.162, 1769350784.359, 1769350784.482, 1769350784.540"
1.0,0,1769350780.9627,427.9166,27,32,59,0.0785,0.0663,0.2177,1.0,0.0,92.33,1.5617,426.9951,426.9951,157794.1147,1769351210.4764903,3.48,62,1783,0.438,31,0,0,14.55,15.0,0,1815,1769350784.034,-421.977,meta-llama/Llama-3.2-1B-Instruct,"1769350784.034, 1769350784.162, 1769350784.359, 1769350784.482, 1769350784.540"
200.0,1,1769350576.0644,566.5456,5200,1024,6224,1.0124,0.0753,0.6649,200.0,0.0,92.33,68.9869,435.5325,435.5325,158665.2557,1769351211.623745,3.48,62,1785,0.405,30,0,0,14.55,15.0,0,1806,1769350784.891,-426.16,meta-llama/Llama-3.2-1B-Instruct,"1769350784.891, 1769350784.953, 1769350784.993, 1769350785.068, 1769350785.167"
200.0,1,1769350575.9912,566.5617,3404,1025,4429,0.4655,0.0763,0.6801,200.0,0.0,92.34,69.0468,435.6085,435.6085,158665.2557,1769351211.630647,3.47,62,1785,0.405,30,0,0,14.55,15.0,0,1806,1769350784.891,-426.16,meta-llama/Llama-3.2-1B-Instruct,"1769350784.891, 1769350784.953, 1769350784.993, 1769350785.068, 1769350785.167"
1.0,0,1769350781.1932,429.222,27,32,59,0.1432,0.4097,0.8341,1.0,0.0,92.34,2.7363,428.3652,428.3652,159093.6208,1769351213.1595821,3.47,62,1786,0.417,29,0,0,14.55,15.0,0,1806,1769350784.891,-426.16,meta-llama/Llama-3.2-1B-Instruct,"1769350784.891, 1769350784.953, 1769350784.993, 1769350785.068, 1769350785.167"
1.0,0,1769350781.6421,430.0444,27,32,59,0.4425,0.0692,0.0735,1.0,0.0,92.35,1.9137,429.4869,429.4869,159523.1078,1769351213.6080165,3.47,62,1787,0.408,30,0,0,14.55,15.0,0,1806,1769350784.891,-426.16,meta-llama/Llama-3.2-1B-Instruct,"1769350784.891, 1769350784.953, 1769350784.993, 1769350785.068, 1769350785.167"
200.0,1,1769350580.672,621.258,5207,175,5382,0.7178,0.0785,0.8734,200.0,0.0,92.35,12.3974,433.6555,433.6555,159956.7632,1769351214.3548517,3.47,62,1788,0.443,31,0,0,14.55,15.0,0,1806,1769350784.891,-426.16,meta-llama/Llama-3.2-1B-Instruct,"1769350784.891, 1769350784.953, 1769350784.993, 1769350785.068, 1769350785.167"
1.0,0,1769350781.7896,431.4029,27,32,59,0.1282,0.0721,0.0731,1.0,0.0,92.36,1.6081,430.5312,430.5312,160387.2944,1769351214.8037784,3.47,62,1789,0.421,31,0,0,14.55,15.0,0,1806,1769350784.891,-426.16,meta-llama/Llama-3.2-1B-Instruct,"1769350784.891, 1769350784.953, 1769350784.993, 1769350785.068, 1769350785.167"
1.0,0,1769350781.9447,431.7259,27,32,59,0.1251,0.0784,0.6177,1.0,0.0,92.36,2.1849,430.8511,430.8511,160818.1455,1769351215.8588064,3.46,62,1790,0.422,31,0,0,14.55,15.0,0,1806,1769350784.891,-426.16,meta-llama/Llama-3.2-1B-Instruct,"1769350784.891, 1769350784.953, 1769350784.993, 1769350785.068, 1769350785.167"
200.0,1,1769350576.3402,570.5738,4212,1029,5241,0.9803,0.0766,0.6304,200.0,0.0,92.37,68.9725,439.5463,439.5463,161697.0943,1769351215.9129655,3.46,62,1792,0.397,29,0,0,14.55,15.0,0,1806,1769350784.891,-426.16,meta-llama/Llama-3.2-1B-Instruct,"1769350784.891, 1769350784.953, 1769350784.993, 1769350785.068, 1769350785.167"
200.0,1,1769350576.5035,570.4184,3526,1026,4552,0.9741,0.0751,0.629,200.0,0.0,92.37,68.9842,439.4026,439.4026,161697.0943,1769351215.920845,3.46,62,1792,0.397,29,0,0,14.55,15.0,0,1806,1769350784.891,-426.16,meta-llama/Llama-3.2-1B-Instruct,"1769350784.891, 1769350784.953, 1769350784.993, 1769350785.068, 1769350785.167"
1.0,0,1769350782.1128,433.8756,27,1,28,0.7272,,,1.0,,,0.7968,433.6029,433.6029,162130.6972,1769351216.8005955,3.46,62,1793,0.424,31,0,0,14.55,15.0,0,1797,1769350785.529,-430.597,meta-llama/Llama-3.2-1B-Instruct,"1769350785.529, 1769350785.606, 1769350785.662, 1769350785.687, 1769350785.714"
1.0,0,1769350782.007,432.3832,27,32,59,0.1276,0.6261,0.681,1.0,0.0,92.37,2.8224,431.5108,431.5108,162562.208,1769351217.2228112,3.46,62,1794,0.406,31,0,0,14.55,15.0,0,1797,1769350785.529,-430.597,meta-llama/Llama-3.2-1B-Instruct,"1769350785.529, 1769350785.606, 1769350785.662, 1769350785.687, 1769350785.714"
1.0,0,1769350782.3567,434.9069,27,5,32,0.1096,0.0571,0.0571,1.0,0.0,92.38,0.3561,434.0164,434.0164,162996.2245,1769351217.625547,3.45,62,1795,0.414,31,0,0,14.55,15.0,0,1797,1769350785.529,-430.597,meta-llama/Llama-3.2-1B-Instruct,"1769350785.529, 1769350785.606, 1769350785.662, 1769350785.687, 1769350785.714"
1.0,0,1769350782.3052,434.5494,27,32,59,0.134,0.0688,0.3425,1.0,0.0,92.38,1.9189,433.6834,433.6834,163429.9079,1769351218.7796595,3.45,62,1796,0.413,31,0,0,14.55,15.0,0,1797,1769350785.529,-430.597,meta-llama/Llama-3.2-1B-Instruct,"1769350785.529, 1769350785.606, 1769350785.662, 1769350785.687, 1769350785.714"
200.0,1,1769350576.763,573.5552,3618,1025,4643,0.5127,0.0773,0.6223,200.0,0.0,92.39,69.5157,443.0709,443.0709,164315.9624,1769351219.8512983,3.45,62,1798,0.412,31,0,0,14.55,15.0,0,1797,1769350785.529,-430.597,meta-llama/Llama-3.2-1B-Instruct,"1769350785.529, 1769350785.606, 1769350785.662, 1769350785.687, 1769350785.714"
200.0,1,1769350576.864,573.5111,3871,1024,4895,0.8807,0.0737,0.636,200.0,0.0,92.39,69.4725,442.9836,442.9836,164315.9624,1769351219.863838,3.45,62,1798,0.396,30,1,0,14.55,15.0,0,1797,1769350785.529,-430.597,meta-llama/Llama-3.2-1B-Instruct,"1769350785.529, 1769350785.606, 1769350785.662, 1769350785.687, 1769350785.714"
1.0,0,1769350782.606,437.2715,27,0,27,,,,1.0,,,0.0768,436.3483,436.3483,164752.3107,1769351219.9633484,3.45,62,1799,0.409,30,0,0,14.55,15.0,0,1797,1769350785.529,-430.597,meta-llama/Llama-3.2-1B-Instruct,"1769350785.529, 1769350785.606, 1769350785.662, 1769350785.687, 1769350785.714"
1.0,0,1769350782.664,437.3178,27,32,59,0.4278,0.0572,0.0594,1.0,0.0,92.4,1.8695,436.7457,436.7457,165189.0564,1769351221.8528128,3.44,62,1800,0.41,30,1,0,14.55,15.0,0,1790,1769350785.881,-435.295,meta-llama/Llama-3.2-1B-Instruct,"1769350785.881, 1769350785.994, 1769350786.047, 1769350786.107, 1769350786.179"
200.0,1,1769350578.5401,599.9199,3339,647,3986,0.4401,0.0811,0.687,200.0,0.0,92.4,44.5643,444.4842,444.4842,166079.3265,1769351223.0478055,3.44,62,1802,0.475,31,0,0,14.55,15.0,0,1790,1769350785.881,-435.295,meta-llama/Llama-3.2-1B-Instruct,"1769350785.881, 1769350785.994, 1769350786.047, 1769350786.107, 1769350786.179"
200.0,1,1769350577.2253,578.0754,12339,1032,13371,2.107,0.0768,0.5936,200.0,0.0,92.4,67.7105,445.7859,445.7859,166079.3265,1769351223.0512266,3.44,62,1802,0.442,31,0,0,14.55,15.0,0,1790,1769350785.881,-435.295,meta-llama/Llama-3.2-1B-Instruct,"1769350785.881, 1769350785.994, 1769350786.047, 1769350786.107, 1769350786.179"
1.0,0,1769350782.9826,440.0878,27,32,59,0.1032,0.088,0.3921,1.0,0.0,92.41,2.7628,439.191,439.191,166518.5175,1769351225.837286,3.44,62,1803,0.38,30,0,0,14.55,15.0,0,1790,1769350785.881,-435.295,meta-llama/Llama-3.2-1B-Instruct,"1769350785.881, 1769350785.994, 1769350786.047, 1769350786.107, 1769350786.179"
200.0,1,1769350577.4753,582.1854,3069,1027,4096,0.3995,0.0801,0.587,200.0,0.0,92.41,67.1291,449.3146,449.3146,166967.8321,1769351226.8051503,3.44,62,1804,0.471,31,0,0,14.55,15.0,0,1786,1769350786.179,-440.027,meta-llama/Llama-3.2-1B-Instruct,"1769350786.179, 1769350786.280, 1769350786.347, 1769350786.399, 1769350786.476"
1.0,0,1769350783.0342,442.8211,27,32,59,0.0781,0.1053,0.4063,1.0,0.0,92.42,2.8102,441.8993,441.8993,167409.7313,1769351228.6662562,3.43,62,1805,0.393,31,0,0,14.55,15.0,0,1786,1769350786.179,-440.027,meta-llama/Llama-3.2-1B-Instruct,"1769350786.179, 1769350786.280, 1769350786.347, 1769350786.399, 1769350786.476"
200.0,1,1769350577.6337,584.2129,3066,1023,4089,0.3852,0.087,0.5907,200.0,0.0,92.42,68.3926,452.6055,452.6055,167862.3368,1769351230.257071,3.43,62,1806,0.472,31,0,0,14.55,15.0,0,1786,1769350786.179,-440.027,meta-llama/Llama-3.2-1B-Instruct,"1769350786.179, 1769350786.280, 1769350786.347, 1769350786.399, 1769350786.476"
200.0,1,1769350584.3591,644.325,2940,47,2987,0.4441,0.1085,0.4379,200.0,0.0,92.43,4.4909,448.8159,448.8159,168311.1527,1769351233.1872222,3.43,62,1807,0.393,31,0,0,14.55,15.0,0,1783,1769350786.399,-444.867,meta-llama/Llama-3.2-1B-Instruct,"1769350786.399, 1769350786.476, 1769350786.627, 1769350786.945, 1769350786.999"
200.0,1,1769350577.6989,587.5579,3175,1030,4205,0.4483,0.0872,0.5947,200.0,0.0,92.43,70.1697,457.7276,457.7276,168768.8802,1769351235.4537752,3.43,62,1808,0.488,31,0,0,14.55,15.0,0,1783,1769350786.399,-444.867,meta-llama/Llama-3.2-1B-Instruct,"1769350786.399, 1769350786.476, 1769350786.627, 1769350786.945, 1769350786.999"
1.0,0,1769350783.54,449.6637,27,32,59,0.1456,0.2059,0.4273,1.0,0.0,92.43,2.905,448.8092,448.8092,169217.6895,1769351236.1101747,3.43,62,1809,0.395,31,0,0,14.55,15.0,0,1783,1769350786.399,-444.867,meta-llama/Llama-3.2-1B-Instruct,"1769350786.399, 1769350786.476, 1769350786.627, 1769350786.945, 1769350786.999"
200.0,1,1769350584.7153,651.4148,3102,0,3102,,,,200.0,,,0.3712,451.7859,451.7859,169669.4754,1769351236.513471,3.43,62,1810,0.395,31,0,0,14.55,15.0,0,1780,1769350786.945,-449.376,meta-llama/Llama-3.2-1B-Instruct,"1769350786.945, 1769350786.999, 1769350787.085, 1769350787.201, 1769350787.252"
1.0,0,1769350783.7614,452.771,27,32,59,0.1301,0.0884,0.0886,1.0,0.0,92.44,2.5111,451.9011,451.9011,170121.3765,1769351239.044612,3.42,62,1811,0.395,31,0,0,14.55,15.0,0,1780,1769350786.945,-449.376,meta-llama/Llama-3.2-1B-Instruct,"1769350786.945, 1769350786.999, 1769350787.085, 1769350787.201, 1769350787.252"
200.0,1,1769350583.9735,639.1045,3030,195,3225,0.3794,0.1147,0.4363,200.0,0.0,92.44,17.306,456.4105,456.4105,170577.787,1769351240.395651,3.42,62,1812,0.38,30,0,0,14.55,15.0,0,1780,1769350786.945,-449.376,meta-llama/Llama-3.2-1B-Instruct,"1769350786.945, 1769350786.999, 1769350787.085, 1769350787.201, 1769350787.252"
1.0,0,1769350783.8352,455.2317,27,32,59,0.0836,0.0875,0.0986,1.0,0.0,92.45,2.4823,454.3153,454.3153,171032.1023,1769351241.5544817,3.42,62,1813,0.398,31,0,0,14.55,15.0,0,1777,1769350787.201,-454.183,meta-llama/Llama-3.2-1B-Instruct,"1769350787.201, 1769350787.252, 1769350787.577, 1769350787.619, 1769350787.697"
1.0,0,1769350783.891,456.5278,27,32,59,0.1372,0.0878,0.1086,1.0,0.0,92.45,2.5275,455.665,455.665,171487.7673,1769351242.9472265,3.42,62,1814,0.39,31,0,0,14.55,15.0,0,1777,1769350787.201,-454.183,meta-llama/Llama-3.2-1B-Instruct,"1769350787.201, 1769350787.252, 1769350787.577, 1769350787.619, 1769350787.697"
1.0,0,1769350783.9529,457.6225,27,32,59,0.0839,0.1147,0.4368,1.0,0.0,92.46,2.8522,456.7063,456.7063,171944.4736,1769351244.4335058,3.42,62,1815,0.391,31,0,0,14.55,15.0,0,1777,1769350787.201,-454.183,meta-llama/Llama-3.2-1B-Instruct,"1769350787.201, 1769350787.252, 1769350787.577, 1769350787.619, 1769350787.697"
200.0,1,1769350581.4815,623.7851,3025,550,3575,0.7142,0.1063,0.452,200.0,0.0,92.46,44.2017,467.9867,467.9867,172412.4604,1769351249.4852343,3.41,62,1816,0.402,30,0,0,14.55,15.0,0,1774,1769350787.619,-458.818,meta-llama/Llama-3.2-1B-Instruct,"1769350787.619, 1769350787.697, 1769350787.715, 1769350787.827, 1769350787.857"
1.0,0,1769350784.1669,465.3379,27,32,59,0.0643,0.0922,0.1002,1.0,0.0,92.46,2.5187,464.4023,464.4023,172876.8626,1769351252.0292401,3.41,62,1817,0.41,31,0,0,14.55,15.0,0,1773,1769350787.697,-463.796,meta-llama/Llama-3.2-1B-Instruct,"1769350787.697, 1769350787.715, 1769350787.827, 1769350787.857, 1769350787.957"
200.0,1,1769350585.2278,666.8307,3317,0,3317,,,,200.0,,,0.4731,467.3039,467.3039,173344.1665,1769351252.5456486,3.41,62,1818,0.413,31,0,0,14.55,15.0,0,1773,1769350787.697,-463.796,meta-llama/Llama-3.2-1B-Instruct,"1769350787.697, 1769350787.715, 1769350787.827, 1769350787.857, 1769350787.957"
200.0,1,1769350578.7006,601.3043,3867,1028,4895,0.5197,0.0998,0.5917,200.0,0.0,92.47,78.0104,479.3147,479.3147,173823.4812,1769351258.0359123,3.41,62,1819,0.444,30,0,0,14.55,15.0,0,1771,1769350787.827,-468.712,meta-llama/Llama-3.2-1B-Instruct,"1769350787.827, 1769350787.857, 1769350787.957, 1769350788.008, 1769350788.060"
1.0,0,1769350784.3368,473.7245,27,1,28,0.1277,,,1.0,,,0.2312,472.8522,472.8522,174296.3334,1769351258.2946322,3.41,62,1820,0.414,31,0,0,14.55,15.0,0,1771,1769350787.827,-468.712,meta-llama/Llama-3.2-1B-Instruct,"1769350787.827, 1769350787.857, 1769350787.957, 1769350788.008, 1769350788.060"
200.0,1,1769350578.9886,602.6085,3405,1030,4435,0.4386,0.0944,0.5881,200.0,0.0,92.47,78.3146,480.9231,480.9231,174777.2565,1769351259.929453,3.4,62,1821,0.448,31,0,0,14.55,15.0,0,1771,1769350787.827,-468.712,meta-llama/Llama-3.2-1B-Instruct,"1769350787.827, 1769350787.857, 1769350787.957, 1769350788.008, 1769350788.060"
1.0,0,1769350784.4618,473.8571,27,32,59,0.0534,0.1103,0.4373,1.0,0.0,92.48,2.9194,472.9105,472.9105,175250.167,1769351261.244398,3.4,62,1822,0.414,31,0,0,14.55,15.0,0,1771,1769350787.827,-468.712,meta-llama/Llama-3.2-1B-Instruct,"1769350787.827, 1769350787.857, 1769350787.957, 1769350788.008, 1769350788.060"
200.0,1,1769350579.2242,604.1071,5207,1024,6231,0.7562,0.1032,0.4907,200.0,0.0,92.48,79.6009,483.708,483.708,175733.875,1769351262.9544587,3.4,62,1823,0.461,31,0,0,14.55,15.0,0,1767,1769350788.06,-473.504,meta-llama/Llama-3.2-1B-Instruct,"1769350788.060, 1769350788.141, 1769350788.171, 1769350788.416, 1769350788.470"
200.0,1,1769350579.3481,606.1405,3556,1028,4584,0.4516,0.1074,0.4936,200.0,0.0,92.49,79.7506,485.8911,485.8911,176219.7661,1769351265.2540174,3.4,62,1824,0.468,31,0,0,14.55,15.0,0,1767,1769350788.06,-473.504,meta-llama/Llama-3.2-1B-Instruct,"1769350788.060, 1769350788.141, 1769350788.171, 1769350788.416, 1769350788.470"
1.0,0,1769350784.6623,478.3081,27,32,59,0.0702,0.0987,0.4118,1.0,0.0,92.49,2.8594,477.3783,477.3783,176697.1444,1769351265.845349,3.4,62,1825,0.407,31,0,0,14.55,15.0,0,1767,1769350788.06,-473.504,meta-llama/Llama-3.2-1B-Instruct,"1769350788.060, 1769350788.141, 1769350788.171, 1769350788.416, 1769350788.470"
1.0,0,1769350784.7141,481.1565,27,32,59,0.0789,0.0905,0.0923,1.0,0.0,92.49,2.5031,480.2354,480.2354,177177.3799,1769351268.3756146,3.4,62,1826,0.405,31,0,0,14.55,15.0,0,1764,1769350788.416,-478.194,meta-llama/Llama-3.2-1B-Instruct,"1769350788.416, 1769350788.470, 1769350788.549, 1769350788.733, 1769350788.860"
200.0,1,1769350579.5591,608.6427,5078,1028,6106,0.6639,0.107,0.4743,200.0,0.0,92.5,81.526,490.1687,490.1687,177667.5486,1769351269.7493973,3.39,62,1827,0.453,31,0,0,14.55,15.0,0,1764,1769350788.416,-478.194,meta-llama/Llama-3.2-1B-Instruct,"1769350788.416, 1769350788.470, 1769350788.549, 1769350788.733, 1769350788.860"
1.0,0,1769350784.8606,484.909,27,32,59,0.0666,0.0912,0.0929,1.0,0.0,92.5,2.4847,483.9756,483.9756,178151.5242,1769351272.2562065,3.39,62,1828,0.402,31,0,0,14.55,15.0,0,1762,1769350788.549,-483.11,meta-llama/Llama-3.2-1B-Instruct,"1769350788.549, 1769350788.733, 1769350788.860, 1769350788.969, 1769350789.104"
200.0,1,1769350579.8776,610.9111,3006,1021,4027,0.428,0.11,0.4721,200.0,0.0,92.51,82.4846,493.3957,493.3957,178644.9199,1769351273.289391,3.39,62,1829,0.46,31,0,0,14.55,15.0,0,1762,1769350788.549,-483.11,meta-llama/Llama-3.2-1B-Instruct,"1769350788.549, 1769350788.733, 1769350788.860, 1769350788.969, 1769350789.104"
200.0,1,1769350579.9541,612.4311,3099,1028,4127,0.4124,0.1084,0.4799,200.0,0.0,92.51,82.8756,495.3066,495.3066,179140.2266,1769351275.2774963,3.39,62,1830,0.459,30,0,0,14.55,15.0,0,1762,1769350788.549,-483.11,meta-llama/Llama-3.2-1B-Instruct,"1769350788.549, 1769350788.733, 1769350788.860, 1769350788.969, 1769350789.104"
200.0,1,1769350580.0358,612.8026,3605,1021,4626,0.4628,0.1069,0.471,200.0,0.0,92.52,82.6068,495.4094,495.4094,179635.636,1769351275.4608712,3.39,62,1831,0.469,31,0,0,14.55,15.0,0,1762,1769350788.549,-483.11,meta-llama/Llama-3.2-1B-Instruct,"1769350788.549, 1769350788.733, 1769350788.860, 1769350788.969, 1769350789.104"
1.0,0,1769350785.1074,490.3815,27,0,27,,,,1.0,,,0.1386,489.5201,489.5201,180125.1561,1769351275.6328197,3.38,62,1832,0.378,31,0,0,14.55,15.0,0,1762,1769350788.549,-483.11,meta-llama/Llama-3.2-1B-Instruct,"1769350788.549, 1769350788.733, 1769350788.860, 1769350788.969, 1769350789.104"
200.0,1,1769350582.3403,628.1723,3677,780,4457,0.8183,0.1091,0.4419,200.0,0.0,92.52,65.3605,493.5329,493.5329,180618.6889,1769351275.8880491,3.38,62,1833,0.417,29,1,0,14.55,15.0,0,1762,1769350788.549,-483.11,meta-llama/Llama-3.2-1B-Instruct,"1769350788.549, 1769350788.733, 1769350788.860, 1769350788.969, 1769350789.104"
1.0,0,1769350784.994,488.3625,27,32,59,0.0901,0.1181,0.8155,1.0,0.0,92.52,3.3329,487.4526,487.4526,181106.1416,1769351276.699035,3.38,62,1834,0.403,31,0,0,14.55,15.0,0,1762,1769350788.549,-483.11,meta-llama/Llama-3.2-1B-Instruct,"1769350788.549, 1769350788.733, 1769350788.860, 1769350788.969, 1769350789.104"
1.0,0,1769350785.3471,491.382,27,13,40,0.0649,0.0898,0.0898,1.0,0.0,92.53,1.0474,490.447,490.447,181596.5885,1769351277.7799826,3.38,62,1835,0.386,31,0,0,14.55,15.0,0,1756,1769350789.179,-487.536,meta-llama/Llama-3.2-1B-Instruct,"1769350789.179, 1769350789.236, 1769350789.394, 1769350789.527, 1769350789.537"
1.0,0,1769350785.0465,490.2572,27,33,60,0.1282,0.1218,0.8164,1.0,0.0,92.53,3.342,489.3853,489.3853,182085.9739,1769351278.6465504,3.38,62,1836,0.392,31,0,0,14.55,15.0,0,1756,1769350789.179,-487.536,meta-llama/Llama-3.2-1B-Instruct,"1769350789.179, 1769350789.236, 1769350789.394, 1769350789.527, 1769350789.537"
200.0,1,1769350580.123,615.5214,3069,1027,4096,0.3845,0.1115,0.4738,200.0,0.0,92.54,84.0509,499.5724,499.5724,182585.5462,1769351279.7114697,3.38,62,1837,0.471,31,0,0,14.55,15.0,0,1756,1769350789.179,-487.536,meta-llama/Llama-3.2-1B-Instruct,"1769350789.179, 1769350789.236, 1769350789.394, 1769350789.527, 1769350789.537"
1.0,0,1769350785.3989,492.4025,27,32,59,0.0748,0.4143,0.4157,1.0,0.0,92.54,3.1871,491.4773,491.4773,183077.0235,1769351280.9943929,3.37,62,1838,0.387,31,0,0,14.55,15.0,0,1756,1769350789.179,-487.536,meta-llama/Llama-3.2-1B-Instruct,"1769350789.179, 1769350789.236, 1769350789.394, 1769350789.527, 1769350789.537"
200.0,1,1769350580.3052,617.1657,5583,1037,6620,0.7771,0.1075,0.4619,200.0,0.0,92.54,85.2963,502.462,502.462,183579.4855,1769351282.7931201,3.37,62,1839,0.432,30,0,0,14.55,15.0,0,1751,1769350789.629,-492.138,meta-llama/Llama-3.2-1B-Instruct,"1769350789.629, 1769350789.705, 1769350789.761, 1769350789.841, 1769350790.036"
200.0,1,1769350586.4764,692.1958,3130,61,3191,0.441,0.112,0.4409,200.0,0.0,92.55,5.9516,498.1474,498.1474,184077.6329,1769351284.6360698,3.37,62,1840,0.389,31,0,0,14.55,15.0,0,1751,1769350789.629,-492.138,meta-llama/Llama-3.2-1B-Instruct,"1769350789.629, 1769350789.705, 1769350789.761, 1769350789.841, 1769350790.036"
1.0,0,1769350785.9986,496.818,27,33,60,0.131,0.1206,0.3855,1.0,0.0,92.55,2.8359,495.949,495.949,184573.5819,1769351285.6581798,3.37,62,1841,0.388,31,0,0,14.55,15.0,0,1751,1769350789.629,-492.138,meta-llama/Llama-3.2-1B-Instruct,"1769350789.629, 1769350789.705, 1769350789.761, 1769350789.841, 1769350790.036"
1.0,0,1769350786.2011,499.4776,27,1,28,0.0754,,,1.0,,,0.1498,498.553,498.553,185072.1349,1769351285.840645,3.37,62,1842,0.391,31,0,0,14.55,15.0,0,1751,1769350789.629,-492.138,meta-llama/Llama-3.2-1B-Instruct,"1769350789.629, 1769350789.705, 1769350789.761, 1769350789.841, 1769350790.036"
200.0,1,1769350580.435,619.513,3195,1026,4221,0.4044,0.1091,0.4573,200.0,0.0,92.56,85.9777,505.4907,505.4907,185577.6256,1769351285.9449914,3.36,62,1843,0.453,31,0,0,14.55,15.0,0,1751,1769350789.629,-492.138,meta-llama/Llama-3.2-1B-Instruct,"1769350789.629, 1769350789.705, 1769350789.761, 1769350789.841, 1769350790.036"
200.0,1,1769350580.5796,620.5957,4701,1025,5726,0.6405,0.1086,0.4593,200.0,0.0,92.56,86.1545,506.7501,506.7501,186084.3757,1769351287.3501208,3.36,62,1844,0.45,31,0,0,14.55,15.0,0,1746,1769350790.037,-496.811,meta-llama/Llama-3.2-1B-Instruct,"1769350790.037, 1769350790.317, 1769350790.430, 1769350790.498, 1769350790.647"
1.0,0,1769350786.2523,499.618,27,32,59,0.1626,0.189,0.4186,1.0,0.0,92.57,2.8508,498.7806,498.7806,187081.6214,1769351288.7282085,3.36,62,1846,0.392,31,0,0,14.55,15.0,0,1746,1769350790.037,-496.811,meta-llama/Llama-3.2-1B-Instruct,"1769350790.037, 1769350790.317, 1769350790.430, 1769350790.498, 1769350790.647"
1.0,0,1769350786.5767,499.3902,27,32,59,0.0749,0.2044,0.4081,1.0,0.0,92.57,2.7523,498.4651,498.4651,187081.6214,1769351288.7286234,3.36,62,1846,0.378,30,1,0,14.55,15.0,0,1746,1769350790.037,-496.811,meta-llama/Llama-3.2-1B-Instruct,"1769350790.037, 1769350790.317, 1769350790.430, 1769350790.498, 1769350790.647"
1.0,0,1769350786.7152,502.0449,27,32,59,0.4628,0.0899,0.095,1.0,0.0,92.57,2.8156,501.5076,501.5076,187583.129,1769351291.5778277,3.36,62,1847,0.373,30,0,0,14.55,15.0,0,1746,1769350790.037,-496.811,meta-llama/Llama-3.2-1B-Instruct,"1769350790.037, 1769350790.317, 1769350790.430, 1769350790.498, 1769350790.647"
200.0,1,1769350581.3984,623.8304,3076,1016,4092,0.7511,0.1098,0.4373,200.0,0.0,92.58,87.5408,511.3712,511.3712,188094.5002,1769351292.787278,3.35,62,1848,0.402,30,0,0,14.55,15.0,0,1742,1769350790.647,-501.251,meta-llama/Llama-3.2-1B-Instruct,"1769350790.647, 1769350790.701, 1769350790.725, 1769350790.795, 1769350791.225"
200.0,1,1769350581.7512,624.7747,3159,1029,4188,0.9589,0.1113,0.4433,200.0,0.0,92.58,87.035,511.8097,511.8097,189118.2307,1769351293.5784442,3.35,62,1850,0.407,30,1,0,14.55,15.0,0,1742,1769350790.647,-501.251,meta-llama/Llama-3.2-1B-Instruct,"1769350790.647, 1769350790.701, 1769350790.725, 1769350790.795, 1769350791.225"
200.0,1,1769350581.6476,624.7764,2948,1026,3974,1.0597,0.1123,0.4445,200.0,0.0,92.59,87.1443,511.9207,511.9207,189118.2307,1769351293.5862665,3.35,62,1850,0.396,30,0,0,14.55,15.0,0,1742,1769350790.647,-501.251,meta-llama/Llama-3.2-1B-Instruct,"1769350790.647, 1769350790.701, 1769350790.725, 1769350790.795, 1769350791.225"
200.0,1,1769350581.9509,626.1066,3076,1025,4101,0.3972,0.1096,0.4386,200.0,0.0,92.59,86.4634,512.57,512.57,189630.8006,1769351294.5374014,3.35,62,1851,0.428,31,0,0,14.55,15.0,0,1742,1769350790.647,-501.251,meta-llama/Llama-3.2-1B-Instruct,"1769350790.647, 1769350790.701, 1769350790.725, 1769350790.795, 1769350791.225"
1.0,0,1769350786.8573,505.9448,27,32,59,0.0617,0.0972,0.0986,1.0,0.0,92.59,2.3927,505.0065,505.0065,190135.8071,1769351295.1984534,3.35,62,1852,0.385,31,0,0,14.55,15.0,0,1742,1769350790.647,-501.251,meta-llama/Llama-3.2-1B-Instruct,"1769350790.647, 1769350790.701, 1769350790.725, 1769350790.795, 1769350791.225"
1.0,0,1769350786.9569,506.645,27,32,59,0.1199,0.1006,0.1138,1.0,0.0,92.6,2.3905,505.765,505.765,191147.2821,1769351295.9960694,3.34,62,1854,0.36,30,0,0,14.55,15.0,0,1742,1769350790.647,-501.251,meta-llama/Llama-3.2-1B-Instruct,"1769350790.647, 1769350790.701, 1769350790.725, 1769350790.795, 1769350791.225"
1.0,0,1769350787.0082,506.6325,27,31,58,0.0775,0.0946,0.102,1.0,0.0,92.6,2.3504,505.71,505.71,191147.2821,1769351295.9964056,3.35,62,1854,0.36,30,0,0,14.55,15.0,0,1742,1769350790.647,-501.251,meta-llama/Llama-3.2-1B-Instruct,"1769350790.647, 1769350790.701, 1769350790.725, 1769350790.795, 1769350791.225"
1.0,0,1769350787.0599,507.4943,27,32,59,0.0532,0.1063,0.4565,1.0,0.0,92.61,2.7335,506.5475,506.5475,191653.8296,1769351297.28913,3.34,62,1855,0.348,31,0,0,14.55,15.0,0,1735,1769350791.566,-505.397,meta-llama/Llama-3.2-1B-Instruct,"1769350791.566, 1769350791.637, 1769350791.733, 1769350791.789, 1769350791.814"
1.0,0,1769350787.1413,508.09,27,32,59,0.1187,0.107,0.4636,1.0,0.0,92.61,2.8045,507.2087,507.2087,192161.0384,1769351298.0386386,3.34,62,1856,0.349,31,0,0,14.55,15.0,0,1735,1769350791.566,-505.397,meta-llama/Llama-3.2-1B-Instruct,"1769350791.566, 1769350791.637, 1769350791.733, 1769350791.789, 1769350791.814"
200.0,1,1769350582.1403,628.3042,3648,1024,4672,0.504,0.1125,0.4366,200.0,0.0,92.62,87.6564,515.9607,515.9607,192676.999,1769351298.1184278,3.34,62,1857,0.417,29,0,0,14.55,15.0,0,1735,1769350791.566,-505.397,meta-llama/Llama-3.2-1B-Instruct,"1769350791.566, 1769350791.637, 1769350791.733, 1769350791.789, 1769350791.814"
200.0,1,1769350582.6745,629.0241,3324,1026,4350,0.4313,0.11,0.4464,200.0,0.0,92.62,87.7445,516.7686,516.7686,193193.7677,1769351299.4676042,3.34,62,1858,0.408,30,0,0,14.55,15.0,0,1735,1769350791.566,-505.397,meta-llama/Llama-3.2-1B-Instruct,"1769350791.566, 1769350791.637, 1769350791.733, 1769350791.789, 1769350791.814"
1.0,0,1769350787.4163,508.6421,27,32,59,0.465,0.1029,0.7469,1.0,0.0,92.62,3.47,508.1072,508.1072,193701.8748,1769351299.5329762,3.34,62,1859,0.35,30,0,0,14.55,15.0,0,1735,1769350791.566,-505.397,meta-llama/Llama-3.2-1B-Instruct,"1769350791.566, 1769350791.637, 1769350791.733, 1769350791.789, 1769350791.814"
1.0,0,1769350787.4701,509.8488,27,32,59,0.1123,0.4627,0.7593,1.0,0.0,92.63,3.4944,508.9612,508.9612,194210.836,1769351300.8159215,3.33,62,1860,0.363,31,0,0,14.55,15.0,0,1735,1769350791.566,-505.397,meta-llama/Llama-3.2-1B-Instruct,"1769350791.566, 1769350791.637, 1769350791.733, 1769350791.789, 1769350791.814"
1.0,0,1769350787.9686,511.5873,27,32,59,0.4386,0.0944,0.1089,1.0,0.0,92.63,2.7371,511.0259,511.0259,194721.8619,1769351302.2955682,3.33,62,1861,0.355,30,0,0,14.55,15.0,0,1729,1769350791.9,-510.108,meta-llama/Llama-3.2-1B-Instruct,"1769350791.900, 1769350792.088, 1769350792.160, 1769350792.219, 1769350792.395"
1.0,0,1769350788.1043,512.7337,27,32,59,0.06,0.1041,0.5005,1.0,0.0,92.64,2.7889,511.7936,511.7936,195233.6555,1769351303.6285949,3.33,62,1862,0.367,31,0,0,14.55,15.0,0,1729,1769350791.9,-510.108,meta-llama/Llama-3.2-1B-Instruct,"1769350791.900, 1769350792.088, 1769350792.160, 1769350792.219, 1769350792.395"
200.0,1,1769350583.0811,631.7759,5086,1026,6112,0.6971,0.1104,0.4405,200.0,0.0,92.64,89.9128,521.6887,521.6887,195755.3442,1769351304.7908487,3.33,62,1863,0.407,31,0,0,14.55,15.0,0,1729,1769350791.9,-510.108,meta-llama/Llama-3.2-1B-Instruct,"1769350791.900, 1769350792.088, 1769350792.160, 1769350792.219, 1769350792.395"
200.0,1,1769350588.8602,710.6349,3334,60,3394,0.4903,0.1005,0.4808,200.0,0.0,92.64,5.4406,516.0756,516.0756,196271.4197,1769351304.947862,3.33,62,1864,0.356,31,0,0,14.55,15.0,0,1729,1769350791.9,-510.108,meta-llama/Llama-3.2-1B-Instruct,"1769350791.900, 1769350792.088, 1769350792.160, 1769350792.219, 1769350792.395"
200.0,1,1769350583.1521,632.8077,3097,1029,4126,0.7568,0.1128,0.4438,200.0,0.0,92.65,90.6033,523.411,523.411,197318.1335,1769351306.5829995,3.32,62,1866,0.393,29,0,0,14.55,15.0,0,1729,1769350791.9,-510.108,meta-llama/Llama-3.2-1B-Instruct,"1769350791.900, 1769350792.088, 1769350792.160, 1769350792.219, 1769350792.395"
200.0,1,1769350583.2774,632.6951,3126,1033,4159,0.7449,0.1105,0.4432,200.0,0.0,92.65,90.6077,523.3028,523.3028,197318.1335,1769351306.598088,3.32,62,1866,0.393,29,0,0,14.55,15.0,0,1729,1769350791.9,-510.108,meta-llama/Llama-3.2-1B-Instruct,"1769350791.900, 1769350792.088, 1769350792.160, 1769350792.219, 1769350792.395"
1.0,0,1769350788.1786,515.4701,27,32,59,0.1421,0.4257,1.1901,1.0,0.1901,92.6,3.637,514.6122,514.6122,197832.7457,1769351307.2866485,3.32,62,1867,0.383,31,0,0,14.55,15.0,0,1723,1769350792.588,-514.465,meta-llama/Llama-3.2-1B-Instruct,"1769350792.588, 1769350792.628, 1769350792.659, 1769350792.727, 1769350792.816"
200.0,1,1769350583.437,634.228,2944,1025,3969,0.3855,0.1104,0.4508,200.0,0.0,92.6,90.2421,524.4701,524.4701,198872.9156,1769351307.9370015,3.32,62,1869,0.415,31,0,0,14.55,15.0,0,1723,1769350792.588,-514.465,meta-llama/Llama-3.2-1B-Instruct,"1769350792.588, 1769350792.628, 1769350792.659, 1769350792.727, 1769350792.816"
1.0,0,1769350788.2364,516.5751,27,31,58,0.1248,0.4413,1.1911,1.0,0.1911,92.55,3.1137,515.6998,515.6998,198872.9156,1769351307.9403398,3.32,62,1869,0.365,31,0,0,14.55,15.0,0,1723,1769350792.588,-514.465,meta-llama/Llama-3.2-1B-Instruct,"1769350792.588, 1769350792.628, 1769350792.659, 1769350792.727, 1769350792.816"
1.0,0,1769350788.527,518.1874,27,32,59,0.4498,0.0847,0.3922,1.0,0.0,92.56,2.1762,517.6372,517.6372,199390.5528,1769351308.8949792,3.32,62,1870,0.356,30,0,0,14.55,15.0,0,1723,1769350792.588,-514.465,meta-llama/Llama-3.2-1B-Instruct,"1769350792.588, 1769350792.628, 1769350792.659, 1769350792.727, 1769350792.816"
200.0,1,1769350583.5523,635.2771,3979,1028,5007,0.5279,0.1118,0.4499,200.0,0.0,92.56,90.2203,525.4974,525.4974,199916.0502,1769351309.0676205,3.31,62,1871,0.426,31,0,0,14.55,15.0,0,1723,1769350792.588,-514.465,meta-llama/Llama-3.2-1B-Instruct,"1769350792.588, 1769350792.628, 1769350792.659, 1769350792.727, 1769350792.816"
1.0,0,1769350788.6295,518.6962,27,32,59,0.0969,0.3875,0.7523,1.0,0.0,92.57,2.5126,517.7932,517.7932,200433.8433,1769351309.8398192,3.31,62,1872,0.368,31,0,0,14.55,15.0,0,1723,1769350792.588,-514.465,meta-llama/Llama-3.2-1B-Instruct,"1769350792.588, 1769350792.628, 1769350792.659, 1769350792.727, 1769350792.816"
200.0,1,1769350583.6257,636.2913,3383,1030,4413,0.4759,0.1124,0.445,200.0,0.0,92.57,90.7112,527.0025,527.0025,200960.8458,1769351310.6456647,3.31,62,1873,0.409,30,0,0,14.55,15.0,0,1723,1769350792.588,-514.465,meta-llama/Llama-3.2-1B-Instruct,"1769350792.588, 1769350792.628, 1769350792.659, 1769350792.727, 1769350792.816"
1.0,0,1769350788.7608,519.2291,27,32,59,0.4143,0.3485,0.7581,1.0,0.0,92.57,2.8164,518.6433,518.6433,201479.4892,1769351310.815614,3.31,62,1874,0.357,30,0,0,14.55,15.0,0,1723,1769350792.588,-514.465,meta-llama/Llama-3.2-1B-Instruct,"1769350792.588, 1769350792.628, 1769350792.659, 1769350792.727, 1769350792.816"
1.0,0,1769350789.0355,520.1406,27,32,59,0.5592,0.343,0.377,1.0,0.0,92.58,2.592,519.6998,519.6998,201999.1889,1769351311.7802947,3.31,62,1875,0.371,31,0,0,14.55,15.0,0,1723,1769350792.588,-514.465,meta-llama/Llama-3.2-1B-Instruct,"1769350792.588, 1769350792.628, 1769350792.659, 1769350792.727, 1769350792.816"
200.0,1,1769350583.8376,638.0562,3042,1037,4079,0.3966,0.1136,0.4521,200.0,0.0,92.58,90.9022,528.9584,528.9584,202528.1473,1769351312.8115556,3.3,62,1876,0.424,31,0,0,14.55,15.0,0,1714,1769350793.086,-518.999,meta-llama/Llama-3.2-1B-Instruct,"1769350793.086, 1769350793.170, 1769350793.244, 1769350793.366, 1769350793.522"
1.0,0,1769350789.3168,521.381,27,32,59,0.1252,0.3523,0.3778,1.0,0.0,92.59,2.1372,520.5062,520.5062,203048.6535,1769351312.8456008,3.3,62,1877,0.368,31,0,0,14.55,15.0,0,1714,1769350793.086,-518.999,meta-llama/Llama-3.2-1B-Instruct,"1769350793.086, 1769350793.170, 1769350793.244, 1769350793.366, 1769350793.522"
1.0,0,1769350789.7008,523.1761,27,32,59,0.0974,0.062,0.0712,1.0,0.0,92.59,1.4409,522.2735,522.2735,203570.927,1769351314.3239934,3.3,62,1878,0.377,30,0,0,14.55,15.0,0,1714,1769350793.086,-518.999,meta-llama/Llama-3.2-1B-Instruct,"1769350793.086, 1769350793.170, 1769350793.244, 1769350793.366, 1769350793.522"
1.0,0,1769350789.6469,523.223,27,32,59,0.0893,0.0718,0.0781,1.0,0.0,92.59,1.4567,522.3123,522.3123,204093.2393,1769351314.3277817,3.3,62,1879,0.377,30,0,0,14.55,15.0,0,1714,1769350793.086,-518.999,meta-llama/Llama-3.2-1B-Instruct,"1769350793.086, 1769350793.170, 1769350793.244, 1769350793.366, 1769350793.522"
200.0,1,1769350584.1621,642.6998,3155,1027,4182,0.4,0.1092,0.4565,200.0,0.0,92.6,89.5955,532.2953,532.2953,204625.5347,1769351316.4738393,3.3,62,1880,0.381,31,0,0,14.55,15.0,0,1714,1769350793.086,-518.999,meta-llama/Llama-3.2-1B-Instruct,"1769350793.086, 1769350793.170, 1769350793.244, 1769350793.366, 1769350793.522"
200.0,1,1769350587.8273,703.7746,3130,336,3466,0.4498,0.109,0.7416,200.0,0.0,92.6,26.3706,530.1452,530.1452,205155.6798,1769351317.9868596,3.3,62,1881,0.387,31,0,0,14.55,15.0,0,1709,1769350793.57,-523.598,meta-llama/Llama-3.2-1B-Instruct,"1769350793.570, 1769350793.589, 1769350793.622, 1769350793.655, 1769350793.676"
1.0,0,1769350790.2247,526.3735,27,32,59,0.0944,0.069,0.0699,1.0,0.0,92.61,1.4923,525.4678,525.4678,206214.7601,1769351318.1011846,3.29,62,1883,0.395,31,0,0,14.55,15.0,0,1709,1769350793.57,-523.598,meta-llama/Llama-3.2-1B-Instruct,"1769350793.570, 1769350793.589, 1769350793.622, 1769350793.655, 1769350793.676"
200.0,1,1769350584.482,645.7917,3283,1028,4311,0.4684,0.109,0.4529,200.0,0.0,92.61,87.8207,533.6124,533.6124,206214.7601,1769351318.1109235,3.29,62,1883,0.391,31,0,0,14.55,15.0,0,1709,1769350793.57,-523.598,meta-llama/Llama-3.2-1B-Instruct,"1769350793.570, 1769350793.589, 1769350793.622, 1769350793.655, 1769350793.676"
1.0,0,1769350790.5113,527.6132,27,32,59,0.809,0.0563,0.0669,1.0,0.0,92.61,2.1922,527.4222,527.4222,206742.1823,1769351320.3245769,3.29,62,1884,0.387,30,0,0,14.55,15.0,0,1709,1769350793.57,-523.598,meta-llama/Llama-3.2-1B-Instruct,"1769350793.570, 1769350793.589, 1769350793.622, 1769350793.655, 1769350793.676"
200.0,1,1769350585.0676,659.3895,3044,918,3962,0.4302,0.1079,0.4574,200.0,0.0,92.62,77.3817,536.7712,536.7712,207278.9535,1769351321.8628342,3.29,62,1885,0.405,31,0,0,14.55,15.0,0,1709,1769350793.57,-523.598,meta-llama/Llama-3.2-1B-Instruct,"1769350793.570, 1769350793.589, 1769350793.622, 1769350793.655, 1769350793.676"
200.0,1,1769350584.5636,650.9139,3269,1027,4296,0.4468,0.1084,0.4621,200.0,0.0,92.62,86.6475,537.5614,537.5614,207816.5149,1769351322.1436436,3.29,62,1886,0.385,31,0,0,14.55,15.0,0,1709,1769350793.57,-523.598,meta-llama/Llama-3.2-1B-Instruct,"1769350793.570, 1769350793.589, 1769350793.622, 1769350793.655, 1769350793.676"
1.0,0,1769350790.7331,531.1869,27,32,59,0.0957,0.059,0.0657,1.0,0.0,92.63,1.4917,530.2826,530.2826,208346.7975,1769351323.4130964,3.29,62,1887,0.402,31,0,0,14.55,15.0,0,1703,1769350793.908,-528.391,meta-llama/Llama-3.2-1B-Instruct,"1769350793.908, 1769350793.975, 1769350793.978, 1769350794.030, 1769350794.084"
1.0,0,1769350790.789,531.4179,27,32,59,0.1043,0.0653,0.5154,1.0,0.0,92.63,1.9649,530.5221,530.5221,208877.3197,1769351324.173347,3.28,62,1888,0.389,31,0,0,14.55,15.0,0,1703,1769350793.908,-528.391,meta-llama/Llama-3.2-1B-Instruct,"1769350793.908, 1769350793.975, 1769350793.978, 1769350794.030, 1769350794.084"
1.0,0,1769350790.8415,533.3715,27,32,59,0.1004,0.0576,0.0587,1.0,0.0,92.64,1.5028,532.4719,532.4719,209409.7916,1769351325.7218404,3.28,62,1889,0.405,31,0,0,14.55,15.0,0,1703,1769350793.908,-528.391,meta-llama/Llama-3.2-1B-Instruct,"1769350793.908, 1769350793.975, 1769350793.978, 1769350794.030, 1769350794.084"
200.0,1,1769350584.9933,657.9769,3436,1028,4464,0.4915,0.1055,0.4672,200.0,0.0,92.64,84.7135,542.6904,542.6904,209952.482,1769351327.6976132,3.28,62,1890,0.393,31,0,0,14.55,15.0,0,1700,1769350794.03,-533.333,meta-llama/Llama-3.2-1B-Instruct,"1769350794.030, 1769350794.084, 1769350794.098, 1769350794.140, 1769350794.173"
200.0,1,1769350585.3077,667.2544,3027,1025,4052,0.4139,0.1035,0.4683,200.0,0.0,92.64,80.42,547.6744,547.6744,210500.1564,1769351332.9992483,3.28,62,1891,0.413,31,0,0,14.55,15.0,0,1699,1769350794.084,-538.362,meta-llama/Llama-3.2-1B-Instruct,"1769350794.084, 1769350794.098, 1769350794.140, 1769350794.173, 1769350794.282"
200.0,1,1769350585.5287,674.4222,3280,1023,4303,0.4603,0.1034,0.4744,200.0,0.0,92.65,77.7228,552.145,552.145,211052.3014,1769351337.686348,3.28,62,1892,0.402,31,0,0,14.55,15.0,0,1698,1769350794.098,-543.45,meta-llama/Llama-3.2-1B-Instruct,"1769350794.098, 1769350794.140, 1769350794.173, 1769350794.282, 1769350794.320"
200.0,1,1769350585.6061,675.6631,3672,1023,4695,0.5056,0.1076,0.4669,200.0,0.0,92.65,77.0033,552.6663,552.6663,211604.9677,1769351338.2886727,3.28,62,1893,0.413,31,0,0,14.55,15.0,0,1698,1769350794.098,-543.45,meta-llama/Llama-3.2-1B-Instruct,"1769350794.098, 1769350794.140, 1769350794.173, 1769350794.282, 1769350794.320"
1.0,0,1769350791.2193,546.4968,27,32,59,0.1212,0.0695,0.4084,1.0,0.0,92.66,1.96,545.6181,545.6181,212150.5858,1769351339.6825628,3.27,62,1894,0.441,31,0,0,14.55,15.0,0,1698,1769350794.098,-543.45,meta-llama/Llama-3.2-1B-Instruct,"1769350794.098, 1769350794.140, 1769350794.173, 1769350794.282, 1769350794.320"
200.0,1,1769350585.6873,679.5861,3155,1030,4185,0.4496,0.1044,0.4635,200.0,0.0,92.66,75.5295,555.1156,555.1156,212705.7014,1769351340.8191485,3.27,62,1895,0.395,31,0,0,14.55,15.0,0,1698,1769350794.098,-543.45,meta-llama/Llama-3.2-1B-Instruct,"1769350794.098, 1769350794.140, 1769350794.173, 1769350794.282, 1769350794.320"
200.0,1,1769350592.5883,748.2802,6945,0,6945,,,,200.0,,,0.9982,549.2783,549.2783,213254.9797,1769351341.8907812,3.27,62,1896,0.43,31,0,0,14.55,15.0,0,1698,1769350794.098,-543.45,meta-llama/Llama-3.2-1B-Instruct,"1769350794.098, 1769350794.140, 1769350794.173, 1769350794.282, 1769350794.320"
1.0,0,1769350791.4019,548.3008,27,32,59,0.092,0.0802,0.9465,1.0,0.0,92.66,2.4896,547.3927,547.3927,213802.3725,1769351342.1966228,3.27,62,1897,0.44,31,0,0,14.55,15.0,0,1698,1769350794.098,-543.45,meta-llama/Llama-3.2-1B-Instruct,"1769350794.098, 1769350794.140, 1769350794.173, 1769350794.282, 1769350794.320"
200.0,1,1769350585.7826,682.6156,3455,1020,4475,0.489,0.1026,0.474,200.0,0.0,92.67,75.2828,557.8984,557.8984,214360.2708,1769351343.7005064,3.27,62,1898,0.409,31,0,0,14.55,15.0,0,1692,1769350794.422,-548.164,meta-llama/Llama-3.2-1B-Instruct,"1769350794.422, 1769350794.445, 1769350794.522, 1769350794.574, 1769350794.629"
1.0,0,1769350791.6281,550.318,27,32,59,0.1072,0.3378,0.4052,1.0,0.0,92.67,2.2686,549.4252,549.4252,214909.6961,1769351344.2210376,3.26,62,1899,0.43,31,0,0,14.55,15.0,0,1692,1769350794.422,-548.164,meta-llama/Llama-3.2-1B-Instruct,"1769350794.422, 1769350794.445, 1769350794.522, 1769350794.574, 1769350794.629"
200.0,1,1769350590.7253,723.6668,4711,525,5236,0.9225,0.0662,0.5095,200.0,0.0,92.67,31.8115,555.4783,555.4783,215465.1744,1769351346.2189386,3.26,62,1900,0.38,30,0,0,14.55,15.0,0,1692,1769350794.422,-548.164,meta-llama/Llama-3.2-1B-Instruct,"1769350794.422, 1769350794.445, 1769350794.522, 1769350794.574, 1769350794.629"
200.0,1,1769350585.8812,686.4011,3269,1027,4296,0.4745,0.101,0.5103,200.0,0.0,92.68,74.9893,561.3904,561.3904,216026.5648,1769351347.2889202,3.26,62,1901,0.405,31,0,0,14.55,15.0,0,1692,1769350794.422,-548.164,meta-llama/Llama-3.2-1B-Instruct,"1769350794.422, 1769350794.445, 1769350794.522, 1769350794.574, 1769350794.629"
200.0,1,1769350586.1793,689.5368,3304,1034,4338,0.5124,0.1029,0.4772,200.0,0.0,92.68,73.7463,563.2831,563.2831,217153.045,1769351349.4812706,3.26,62,1903,0.378,31,0,0,14.55,15.0,0,1688,1769350794.629,-552.983,meta-llama/Llama-3.2-1B-Instruct,"1769350794.629, 1769350794.675, 1769350794.695, 1769350794.745, 1769350794.808"
200.0,1,1769350586.2799,689.626,3556,1034,4590,0.677,0.1028,0.4764,200.0,0.0,92.69,73.5711,563.1971,563.1971,217153.045,1769351349.492257,3.26,62,1903,0.374,31,0,0,14.55,15.0,0,1688,1769350794.629,-552.983,meta-llama/Llama-3.2-1B-Instruct,"1769350794.629, 1769350794.675, 1769350794.695, 1769350794.745, 1769350794.808"
200.0,1,1769350590.795,723.5581,2970,602,3572,0.4165,0.0689,0.6058,200.0,0.0,92.69,36.4582,560.0163,560.0163,217713.0613,1769351350.8241093,3.26,62,1904,0.38,30,0,0,14.55,15.0,0,1688,1769350794.629,-552.983,meta-llama/Llama-3.2-1B-Instruct,"1769350794.629, 1769350794.675, 1769350794.695, 1769350794.745, 1769350794.808"
1.0,0,1769350791.947,557.5531,27,33,60,0.0833,0.3459,0.3951,1.0,0.0,92.69,2.2586,556.6364,556.6364,218269.6977,1769351351.7619429,3.25,62,1905,0.429,30,0,0,14.55,15.0,0,1688,1769350794.629,-552.983,meta-llama/Llama-3.2-1B-Instruct,"1769350794.629, 1769350794.675, 1769350794.695, 1769350794.745, 1769350794.808"
200.0,1,1769350586.6269,693.1022,3161,1027,4188,0.4486,0.1021,0.4793,200.0,0.0,92.7,72.5945,565.6967,565.6967,218835.3944,1769351352.3422759,3.25,62,1906,0.386,31,0,0,14.55,15.0,0,1688,1769350794.629,-552.983,meta-llama/Llama-3.2-1B-Instruct,"1769350794.629, 1769350794.675, 1769350794.695, 1769350794.745, 1769350794.808"
200.0,1,1769350586.9451,694.0688,3260,1031,4291,0.4747,0.0989,0.481,200.0,0.0,92.7,72.2925,566.3613,566.3613,219401.7557,1769351353.324712,3.25,62,1907,0.397,31,0,0,14.55,15.0,0,1683,1769350794.933,-557.709,meta-llama/Llama-3.2-1B-Instruct,"1769350794.933, 1769350794.994, 1769350795.032, 1769350795.102, 1769350795.207"
1.0,0,1769350792.3664,560.9742,27,32,59,0.0884,0.0601,0.1819,1.0,0.0,92.71,1.5492,560.0627,560.0627,219961.8184,1769351354.9005125,3.25,62,1908,0.439,31,0,0,14.55,15.0,0,1683,1769350794.933,-557.709,meta-llama/Llama-3.2-1B-Instruct,"1769350794.933, 1769350794.994, 1769350795.032, 1769350795.102, 1769350795.207"
200.0,1,1769350587.0851,697.5806,3044,1023,4067,0.4239,0.0955,0.4722,200.0,0.0,92.71,70.9769,568.5575,568.5575,220530.3759,1769351355.6625829,3.25,62,1909,0.381,31,0,0,14.55,15.0,0,1683,1769350794.933,-557.709,meta-llama/Llama-3.2-1B-Instruct,"1769350794.933, 1769350794.994, 1769350795.032, 1769350795.102, 1769350795.207"
200.0,1,1769350587.6193,699.7478,3246,1024,4270,0.4428,0.0916,0.4784,200.0,0.0,92.71,69.7063,569.4541,569.4541,221099.83,1769351357.0924368,3.25,62,1910,0.362,31,0,0,14.55,15.0,0,1683,1769350794.933,-557.709,meta-llama/Llama-3.2-1B-Instruct,"1769350794.933, 1769350794.994, 1769350795.032, 1769350795.102, 1769350795.207"
1.0,0,1769350792.5696,563.1301,27,32,59,0.1075,0.0836,0.4282,1.0,0.0,92.72,1.9785,562.2376,562.2376,221662.0676,1769351357.6834128,3.24,62,1911,0.44,31,0,0,14.55,15.0,0,1683,1769350794.933,-557.709,meta-llama/Llama-3.2-1B-Instruct,"1769350794.933, 1769350794.994, 1769350795.032, 1769350795.102, 1769350795.207"
200.0,1,1769350587.6972,701.0566,3295,1026,4321,0.4681,0.0882,0.4818,200.0,0.0,92.72,69.4161,570.4728,570.4728,222232.5404,1769351358.1887598,3.24,62,1912,0.373,30,0,0,14.55,15.0,0,1679,1769350795.207,-562.549,meta-llama/Llama-3.2-1B-Instruct,"1769350795.207, 1769350795.225, 1769350795.293, 1769350795.365, 1769350795.475"
1.0,0,1769350792.6217,565.0841,27,32,59,0.0763,0.0682,0.3472,1.0,0.0,92.73,1.8652,564.1604,564.1604,222796.7008,1769351359.5757947,3.24,62,1913,0.441,31,0,0,14.55,15.0,0,1679,1769350795.207,-562.549,meta-llama/Llama-3.2-1B-Instruct,"1769350795.207, 1769350795.225, 1769350795.293, 1769350795.365, 1769350795.475"
1.0,0,1769350792.6757,567.0399,27,32,59,0.1101,0.0607,0.061,1.0,0.0,92.73,1.598,566.15,566.15,223362.8507,1769351361.315136,3.24,62,1914,0.44,31,0,0,14.55,15.0,0,1679,1769350795.207,-562.549,meta-llama/Llama-3.2-1B-Instruct,"1769350795.207, 1769350795.225, 1769350795.293, 1769350795.365, 1769350795.475"
200.0,1,1769350588.171,707.8489,3691,1030,4721,0.5014,0.0859,0.4886,200.0,0.0,92.73,67.0924,574.9414,574.9414,223937.7921,1769351363.1298146,3.24,62,1915,0.35,30,0,0,14.55,15.0,0,1675,1769350795.475,-567.369,meta-llama/Llama-3.2-1B-Instruct,"1769350795.475, 1769350795.485, 1769350795.558, 1769350795.621, 1769350795.679"
200.0,1,1769350592.7268,750.9905,3276,313,3589,0.4289,0.0812,0.4372,200.0,0.0,92.74,20.3247,571.3152,571.3152,224509.1073,1769351364.0575006,3.24,62,1916,0.428,31,0,0,14.55,15.0,0,1675,1769350795.475,-567.369,meta-llama/Llama-3.2-1B-Instruct,"1769350795.475, 1769350795.485, 1769350795.558, 1769350795.621, 1769350795.679"
200.0,1,1769350588.7326,709.5267,2957,1029,3986,0.5868,0.0842,0.4839,200.0,0.0,92.74,66.6451,576.1719,576.1719,225661.6558,1769351364.9258249,3.23,62,1918,0.349,30,0,0,14.55,15.0,0,1675,1769350795.475,-567.369,meta-llama/Llama-3.2-1B-Instruct,"1769350795.475, 1769350795.485, 1769350795.558, 1769350795.621, 1769350795.679"
200.0,1,1769350588.5487,709.5112,3155,1025,4180,0.4821,0.0861,0.4948,200.0,0.0,92.75,66.8654,576.3766,576.3766,225661.6558,1769351364.9416406,3.23,62,1918,0.364,31,0,0,14.55,15.0,0,1675,1769350795.475,-567.369,meta-llama/Llama-3.2-1B-Instruct,"1769350795.475, 1769350795.485, 1769350795.558, 1769350795.621, 1769350795.679"
1.0,0,1769350792.9782,571.9712,27,32,59,0.0967,0.0674,0.0676,1.0,0.0,92.75,1.5595,571.0679,571.0679,226232.7237,1769351366.5210457,3.23,62,1919,0.431,30,0,0,14.55,15.0,0,1675,1769350795.475,-567.369,meta-llama/Llama-3.2-1B-Instruct,"1769350795.475, 1769350795.485, 1769350795.558, 1769350795.621, 1769350795.679"
1.0,0,1769350793.0297,571.9596,27,32,59,0.0764,0.0629,0.063,1.0,0.0,92.75,1.5322,571.036,571.036,226803.7597,1769351366.5235827,3.23,62,1920,0.431,30,0,0,14.55,15.0,0,1675,1769350795.475,-567.369,meta-llama/Llama-3.2-1B-Instruct,"1769350795.475, 1769350795.485, 1769350795.558, 1769350795.621, 1769350795.679"
200.0,1,1769350589.1239,713.198,3808,1029,4837,0.512,0.0794,0.4438,200.0,0.0,92.76,65.0849,578.283,578.283,227382.0427,1769351367.426489,3.23,62,1921,0.369,31,0,0,14.55,15.0,0,1675,1769350795.475,-567.369,meta-llama/Llama-3.2-1B-Instruct,"1769350795.475, 1769350795.485, 1769350795.558, 1769350795.621, 1769350795.679"
200.0,1,1769350590.4296,720.4186,3109,951,4060,0.4605,0.0722,0.434,200.0,0.0,92.76,57.6108,578.0294,578.0294,227960.072,1769351368.4754844,3.23,62,1922,0.368,31,0,0,14.55,15.0,0,1668,1769350795.857,-572.057,meta-llama/Llama-3.2-1B-Instruct,"1769350795.857, 1769350796.086, 1769350796.140, 1769350796.161, 1769350796.214"
1.0,0,1769350793.0842,573.4688,27,32,59,0.0764,0.0769,0.4074,1.0,0.0,92.77,1.9648,572.5452,572.5452,228532.6172,1769351368.5223525,3.22,62,1923,0.434,30,0,0,14.55,15.0,0,1668,1769350795.857,-572.057,meta-llama/Llama-3.2-1B-Instruct,"1769350795.857, 1769350796.086, 1769350796.140, 1769350796.161, 1769350796.214"
200.0,1,1769350589.3939,715.5715,8574,1024,9598,1.2843,0.0731,0.4282,200.0,0.0,92.77,64.1993,579.7708,579.7708,229112.3881,1769351369.201437,3.22,62,1924,0.354,31,0,0,14.55,15.0,0,1668,1769350795.857,-572.057,meta-llama/Llama-3.2-1B-Instruct,"1769350795.857, 1769350796.086, 1769350796.140, 1769350796.161, 1769350796.214"
1.0,0,1769350793.1396,574.3299,27,32,59,0.098,0.3785,1.2643,1.0,0.2643,92.72,3.1502,573.4279,573.4279,229685.8159,1769351370.6226988,3.22,62,1925,0.431,31,0,0,14.55,15.0,0,1668,1769350795.857,-572.057,meta-llama/Llama-3.2-1B-Instruct,"1769350795.857, 1769350796.086, 1769350796.140, 1769350796.161, 1769350796.214"
200.0,1,1769350589.5374,717.151,3653,1024,4677,0.4766,0.0736,0.4373,200.0,0.0,92.72,64.2718,581.4228,581.4228,230267.2387,1769351370.9770076,3.22,62,1926,0.356,30,0,0,14.55,15.0,0,1668,1769350795.857,-572.057,meta-llama/Llama-3.2-1B-Instruct,"1769350795.857, 1769350796.086, 1769350796.140, 1769350796.161, 1769350796.214"
1.0,0,1769350793.2825,575.3002,27,32,59,0.3745,0.0817,1.2486,1.0,0.2486,92.67,3.0859,574.6748,574.6748,230841.9135,1769351371.678046,3.22,62,1927,0.42,30,1,0,14.55,15.0,0,1668,1769350795.857,-572.057,meta-llama/Llama-3.2-1B-Instruct,"1769350795.857, 1769350796.086, 1769350796.140, 1769350796.161, 1769350796.214"
200.0,1,1769350589.7052,718.2803,3181,1024,4205,0.4195,0.0754,0.4381,200.0,0.0,92.68,64.3388,582.6191,582.6191,231424.5326,1769351372.3456614,3.22,62,1928,0.357,30,0,0,14.55,15.0,0,1668,1769350795.857,-572.057,meta-llama/Llama-3.2-1B-Instruct,"1769350795.857, 1769350796.086, 1769350796.140, 1769350796.161, 1769350796.214"
1.0,0,1769350793.522,578.8912,27,0,27,,,,1.0,,,0.1002,577.9914,577.9914,232002.5239,1769351372.5167787,3.21,62,1929,0.414,31,0,0,14.55,15.0,0,1668,1769350795.857,-572.057,meta-llama/Llama-3.2-1B-Instruct,"1769350795.857, 1769350796.086, 1769350796.140, 1769350796.161, 1769350796.214"
1.0,0,1769350793.3452,577.3055,27,32,59,0.0784,0.075,0.4299,1.0,0.0,92.68,1.9656,576.3838,576.3838,232578.9078,1769351372.628608,3.21,62,1930,0.428,31,0,0,14.55,15.0,0,1668,1769350795.857,-572.057,meta-llama/Llama-3.2-1B-Instruct,"1769350795.857, 1769350796.086, 1769350796.140, 1769350796.161, 1769350796.214"
1.0,0,1769350793.4222,577.5927,27,32,59,0.107,0.0653,0.428,1.0,0.0,92.69,2.0241,576.6997,576.6997,233738.8027,1769351373.039885,3.21,62,1932,0.414,31,0,0,14.55,15.0,0,1659,1769350796.432,-576.583,meta-llama/Llama-3.2-1B-Instruct,"1769350796.432, 1769350796.454, 1769350796.485, 1769350796.543, 1769350796.601"
200.0,1,1769350589.8412,719.0737,5703,1029,6732,0.801,0.0732,0.4364,200.0,0.0,92.69,64.1216,583.1952,583.1952,233738.8027,1769351373.0732524,3.21,62,1932,0.369,31,0,0,14.55,15.0,0,1659,1769350796.432,-576.583,meta-llama/Llama-3.2-1B-Instruct,"1769350796.432, 1769350796.454, 1769350796.485, 1769350796.543, 1769350796.601"
200.0,1,1769350590.037,719.8236,3015,1022,4037,0.4054,0.0737,0.4372,200.0,0.0,92.69,63.815,583.6387,583.6387,234322.4413,1769351373.7076802,3.21,62,1933,0.371,31,0,0,14.55,15.0,0,1659,1769350796.432,-576.583,meta-llama/Llama-3.2-1B-Instruct,"1769350796.432, 1769350796.454, 1769350796.485, 1769350796.543, 1769350796.601"
1.0,0,1769350793.5743,578.9656,27,32,59,0.0838,0.0699,0.4252,1.0,0.0,92.7,1.9483,578.0493,578.0493,234900.4907,1769351374.489238,3.21,62,1934,0.414,31,0,0,14.55,15.0,0,1659,1769350796.432,-576.583,meta-llama/Llama-3.2-1B-Instruct,"1769350796.432, 1769350796.454, 1769350796.485, 1769350796.543, 1769350796.601"
1.0,0,1769350793.6293,579.0278,27,32,59,0.0897,0.0664,0.4366,1.0,0.0,92.7,1.9334,578.1176,578.1176,235478.6083,1769351374.5914614,3.2,62,1935,0.414,31,0,0,14.55,15.0,0,1659,1769350796.432,-576.583,meta-llama/Llama-3.2-1B-Instruct,"1769350796.432, 1769350796.454, 1769350796.485, 1769350796.543, 1769350796.601"
1.0,0,1769350793.6945,579.5538,27,32,59,0.3105,0.2066,0.681,1.0,0.0,92.71,2.6228,578.8643,578.8643,237221.9026,1769351375.892003,3.2,62,1938,0.394,30,0,0,14.55,15.0,0,1659,1769350796.432,-576.583,meta-llama/Llama-3.2-1B-Instruct,"1769350796.432, 1769350796.454, 1769350796.485, 1769350796.543, 1769350796.601"
1.0,0,1769350793.7451,579.9918,27,32,59,0.0827,0.2177,0.6747,1.0,0.0,92.71,2.1366,579.0745,579.0745,237221.9026,1769351375.9182923,3.2,62,1938,0.392,31,0,0,14.55,15.0,0,1659,1769350796.432,-576.583,meta-llama/Llama-3.2-1B-Instruct,"1769350796.432, 1769350796.454, 1769350796.485, 1769350796.543, 1769350796.601"
200.0,1,1769350590.4984,721.3237,2948,1034,3982,0.3896,0.0727,0.4407,200.0,0.0,92.71,64.0318,585.3555,585.3555,237221.9026,1769351375.9190123,3.2,62,1938,0.379,31,0,0,14.55,15.0,0,1659,1769350796.432,-576.583,meta-llama/Llama-3.2-1B-Instruct,"1769350796.432, 1769350796.454, 1769350796.485, 1769350796.543, 1769350796.601"
1.0,0,1769350793.9331,580.6796,27,32,59,0.6553,0.2049,0.7751,1.0,0.0,92.72,2.825,580.3348,580.3348,237802.2374,1769351377.4445615,3.2,62,1939,0.394,30,0,0,14.55,15.0,0,1659,1769350796.432,-576.583,meta-llama/Llama-3.2-1B-Instruct,"1769350796.432, 1769350796.454, 1769350796.485, 1769350796.543, 1769350796.601"
1.0,0,1769350793.9941,582.0068,27,32,59,0.8179,0.0698,0.0762,1.0,0.0,92.72,2.294,581.8247,581.8247,238384.0621,1769351378.2970824,3.2,62,1940,0.399,29,0,0,14.55,15.0,0,1650,1769350796.875,-581.209,meta-llama/Llama-3.2-1B-Instruct,"1769350796.875, 1769350796.901, 1769350797.001, 1769350797.070, 1769350797.140"
1.0,0,1769350794.2071,583.2834,27,32,59,0.1005,0.0677,0.4232,1.0,0.0,92.72,1.9493,582.3838,582.3838,238966.4459,1769351379.4474988,3.19,62,1941,0.422,31,0,0,14.55,15.0,0,1650,1769350796.875,-581.209,meta-llama/Llama-3.2-1B-Instruct,"1769350796.875, 1769350796.901, 1769350797.001, 1769350797.070, 1769350797.140"
200.0,1,1769350594.4455,777.2563,3677,139,3816,0.483,0.1357,0.6945,200.0,0.0,92.73,9.6449,586.9012,586.9012,239553.3471,1769351381.3608007,3.19,62,1942,0.415,31,0,0,14.55,15.0,0,1650,1769350796.875,-581.209,meta-llama/Llama-3.2-1B-Instruct,"1769350796.875, 1769350796.901, 1769350797.001, 1769350797.070, 1769350797.140"
200.0,1,1769350591.5665,726.5741,3478,1025,4503,0.7942,0.0755,0.4332,200.0,0.0,92.73,64.5765,591.1506,591.1506,240735.8781,1769351382.7322767,3.19,62,1944,0.387,30,0,0,14.55,15.0,0,1650,1769350796.875,-581.209,meta-llama/Llama-3.2-1B-Instruct,"1769350796.875, 1769350796.901, 1769350797.001, 1769350797.070, 1769350797.140"
200.0,1,1769350591.3401,726.6628,4351,1023,5374,0.5727,0.0764,0.4329,200.0,0.0,92.74,64.7176,591.3804,591.3804,240735.8781,1769351382.7356393,3.19,62,1944,0.387,31,0,0,14.55,15.0,0,1650,1769350796.875,-581.209,meta-llama/Llama-3.2-1B-Instruct,"1769350796.875, 1769350796.901, 1769350797.001, 1769350797.070, 1769350797.140"
1.0,0,1769350794.4749,588.289,27,34,61,0.541,0.061,0.0615,1.0,0.0,92.74,2.0104,587.83,587.83,241916.8395,1769351384.7784142,3.19,62,1946,0.42,30,0,0,14.55,15.0,0,1645,1769350797.167,-585.966,meta-llama/Llama-3.2-1B-Instruct,"1769350797.167, 1769350797.210, 1769350797.223, 1769350797.280, 1769350797.397"
200.0,1,1769350591.6368,728.7074,3305,1028,4333,0.4633,0.0764,0.4902,200.0,0.0,92.74,64.424,593.1314,593.1314,241916.8395,1769351384.78511,3.19,62,1946,0.401,31,0,0,14.55,15.0,0,1645,1769350797.167,-585.966,meta-llama/Llama-3.2-1B-Instruct,"1769350797.167, 1769350797.210, 1769350797.223, 1769350797.280, 1769350797.397"
1.0,0,1769350794.6212,590.1836,27,32,59,0.6818,0.0621,0.0626,1.0,0.0,92.75,2.1572,589.8654,589.8654,242506.7049,1769351386.9704952,3.18,62,1947,0.422,30,0,0,14.55,15.0,0,1645,1769350797.167,-585.966,meta-llama/Llama-3.2-1B-Instruct,"1769350797.167, 1769350797.210, 1769350797.223, 1769350797.280, 1769350797.397"
200.0,1,1769350591.8141,731.6201,4192,1021,5213,0.5678,0.0743,0.4387,200.0,0.0,92.75,64.7824,596.4025,596.4025,243103.1074,1769351388.2344248,3.18,62,1948,0.392,31,0,0,14.55,15.0,0,1642,1769350797.28,-590.911,meta-llama/Llama-3.2-1B-Instruct,"1769350797.280, 1769350797.397, 1769350797.569, 1769350797.589, 1769350797.658"
200.0,1,1769350595.7524,792.5244,5405,0,5405,,,,200.0,,,0.7132,593.2376,593.2376,243696.345,1769351389.0106828,3.18,62,1949,0.428,31,0,0,14.55,15.0,0,1642,1769350797.28,-590.911,meta-llama/Llama-3.2-1B-Instruct,"1769350797.280, 1769350797.397, 1769350797.569, 1769350797.589, 1769350797.658"
1.0,0,1769350794.6789,592.3146,27,32,59,0.078,0.3703,0.6836,1.0,0.0,92.76,2.5537,591.3926,591.3926,244287.7376,1769351389.5585628,3.18,62,1950,0.442,31,0,0,14.55,15.0,0,1642,1769350797.28,-590.911,meta-llama/Llama-3.2-1B-Instruct,"1769350797.280, 1769350797.397, 1769350797.569, 1769350797.589, 1769350797.658"
200.0,1,1769350591.8995,733.843,8185,1024,9209,1.2157,0.0716,0.441,200.0,0.0,92.76,65.3917,599.2346,599.2346,244886.9722,1769351391.1537113,3.18,62,1951,0.409,31,0,0,14.55,15.0,0,1642,1769350797.28,-590.911,meta-llama/Llama-3.2-1B-Instruct,"1769350797.280, 1769350797.397, 1769350797.569, 1769350797.589, 1769350797.658"
1.0,0,1769350794.857,594.7343,27,32,59,0.1195,0.0636,0.0652,1.0,0.0,92.76,1.5847,593.8537,593.8537,245480.826,1769351391.1829383,3.18,62,1952,0.438,31,0,0,14.55,15.0,0,1642,1769350797.28,-590.911,meta-llama/Llama-3.2-1B-Instruct,"1769350797.280, 1769350797.397, 1769350797.569, 1769350797.589, 1769350797.658"
1.0,0,1769350795.0857,596.1127,27,0,27,,,,1.0,,,0.0983,595.211,595.211,246076.037,1769351391.2997425,3.17,62,1953,0.412,30,0,0,14.55,15.0,0,1642,1769350797.28,-590.911,meta-llama/Llama-3.2-1B-Instruct,"1769350797.280, 1769350797.397, 1769350797.569, 1769350797.589, 1769350797.658"
200.0,1,1769350592.0879,735.6771,3073,1027,4100,0.4223,0.0736,0.4498,200.0,0.0,92.77,64.6247,600.3017,600.3017,246676.3387,1769351392.4084158,3.17,62,1954,0.422,31,0,0,14.55,15.0,0,1642,1769350797.28,-590.911,meta-llama/Llama-3.2-1B-Instruct,"1769350797.280, 1769350797.397, 1769350797.569, 1769350797.589, 1769350797.658"
1.0,0,1769350795.1401,596.0743,27,32,59,0.0716,0.071,0.3973,1.0,0.0,92.77,1.8911,595.1459,595.1459,247271.4847,1769351393.1098883,3.17,62,1955,0.412,30,0,0,14.55,15.0,0,1642,1769350797.28,-590.911,meta-llama/Llama-3.2-1B-Instruct,"1769350797.280, 1769350797.397, 1769350797.569, 1769350797.589, 1769350797.658"
1.0,0,1769350795.2135,597.2326,27,32,59,0.1048,0.0685,0.5794,1.0,0.0,92.77,2.1015,596.3374,596.3374,247867.8221,1769351394.5502825,3.17,62,1956,0.411,31,0,0,14.55,15.0,0,1634,1769350797.984,-595.304,meta-llama/Llama-3.2-1B-Instruct,"1769350797.984, 1769350798.053, 1769350798.120, 1769350798.176, 1769350798.246"
1.0,0,1769350795.324,599.2727,27,11,38,0.0956,0.0598,0.0598,1.0,0.0,92.78,0.6221,598.3683,598.3683,248466.1903,1769351395.2195876,3.17,62,1957,0.43,31,0,0,14.55,15.0,0,1634,1769350797.984,-595.304,meta-llama/Llama-3.2-1B-Instruct,"1769350797.984, 1769350798.053, 1769350798.120, 1769350798.176, 1769350798.246"
200.0,1,1769350592.1596,740.8795,4795,1037,5832,0.6282,0.0787,0.4914,200.0,0.0,92.78,65.3679,606.2473,606.2473,249072.4377,1769351398.4404871,3.17,62,1958,0.431,31,0,0,14.55,15.0,0,1632,1769350798.12,-600.285,meta-llama/Llama-3.2-1B-Instruct,"1769350798.120, 1769350798.176, 1769350798.246, 1769350798.283, 1769350798.413"
1.0,0,1769350795.3749,603.0939,27,32,59,0.0859,0.0574,0.0635,1.0,0.0,92.79,1.5374,602.1798,602.1798,249674.6174,1769351400.0074964,3.16,62,1959,0.432,31,0,0,14.55,15.0,0,1632,1769350798.12,-600.285,meta-llama/Llama-3.2-1B-Instruct,"1769350798.120, 1769350798.176, 1769350798.246, 1769350798.283, 1769350798.413"
1.0,0,1769350795.4315,604.5984,27,32,59,0.0849,0.0581,0.0592,1.0,0.0,92.79,1.5372,603.6833,603.6833,250278.3007,1769351401.568578,3.16,62,1960,0.435,31,0,0,14.55,15.0,0,1632,1769350798.12,-600.285,meta-llama/Llama-3.2-1B-Instruct,"1769350798.120, 1769350798.176, 1769350798.246, 1769350798.283, 1769350798.413"
200.0,1,1769350592.3946,745.9519,3556,1026,4582,0.4632,0.0763,0.494,200.0,0.0,92.79,65.2048,611.1567,611.1567,250889.4574,1769351403.5689087,3.16,62,1961,0.427,31,0,0,14.55,15.0,0,1629,1769350798.283,-605.222,meta-llama/Llama-3.2-1B-Instruct,"1769350798.283, 1769350798.413, 1769350798.498, 1769350798.684, 1769350798.921"
1.0,0,1769350795.4851,608.1197,27,32,59,0.1039,0.0617,0.0636,1.0,0.0,92.8,1.577,607.2235,607.2235,251496.6809,1769351405.182536,3.16,62,1962,0.439,31,0,0,14.55,15.0,0,1629,1769350798.283,-605.222,meta-llama/Llama-3.2-1B-Instruct,"1769350798.283, 1769350798.413, 1769350798.498, 1769350798.684, 1769350798.921"
200.0,1,1769350592.6586,749.558,3042,1026,4068,0.3711,0.0739,0.4364,200.0,0.0,92.8,63.8735,613.4315,613.4315,252110.1125,1769351406.1060748,3.16,62,1963,0.43,31,0,0,14.55,15.0,0,1629,1769350798.283,-605.222,meta-llama/Llama-3.2-1B-Instruct,"1769350798.283, 1769350798.413, 1769350798.498, 1769350798.684, 1769350798.921"
1.0,0,1769350795.5433,609.8146,27,32,59,0.1128,0.0579,0.0592,1.0,0.0,92.8,1.5973,608.9274,608.9274,252719.0399,1769351406.9564555,3.16,62,1964,0.443,31,0,0,14.55,15.0,0,1629,1769350798.283,-605.222,meta-llama/Llama-3.2-1B-Instruct,"1769350798.283, 1769350798.413, 1769350798.498, 1769350798.684, 1769350798.921"
200.0,1,1769350592.8159,751.4507,5665,1029,6694,0.7593,0.0717,0.4461,200.0,0.0,92.81,63.2285,614.6792,614.6792,253333.7191,1769351407.518569,3.16,62,1965,0.439,31,0,0,14.55,15.0,0,1629,1769350798.283,-605.222,meta-llama/Llama-3.2-1B-Instruct,"1769350798.283, 1769350798.413, 1769350798.498, 1769350798.684, 1769350798.921"
1.0,0,1769350795.6013,610.5246,27,32,59,0.0705,0.0645,0.0708,1.0,0.0,92.81,1.5788,609.5951,609.5951,253943.3141,1769351407.7062712,3.15,62,1966,0.432,31,0,0,14.55,15.0,0,1629,1769350798.283,-605.222,meta-llama/Llama-3.2-1B-Instruct,"1769350798.283, 1769350798.413, 1769350798.498, 1769350798.684, 1769350798.921"
1.0,0,1769350795.6764,611.3016,27,32,59,0.0829,0.0726,0.4327,1.0,0.0,92.82,1.9521,610.3845,610.3845,254553.6986,1769351408.9374087,3.15,62,1967,0.433,31,0,0,14.55,15.0,0,1623,1769350799.105,-609.478,meta-llama/Llama-3.2-1B-Instruct,"1769350799.105, 1769350799.160, 1769350799.172, 1769350799.246, 1769350799.390"
200.0,1,1769350592.8764,753.3634,3618,1026,4644,0.4795,0.0718,0.4391,200.0,0.0,92.82,62.9467,616.3101,616.3101,255170.0087,1769351409.2067797,3.15,62,1968,0.443,31,0,0,14.55,15.0,0,1623,1769350799.105,-609.478,meta-llama/Llama-3.2-1B-Instruct,"1769350799.105, 1769350799.160, 1769350799.172, 1769350799.246, 1769350799.390"
1.0,0,1769350795.7278,611.8291,27,32,59,0.0892,0.4394,1.1483,1.0,0.1483,92.77,3.0935,610.9183,610.9183,255780.9271,1769351410.656183,3.15,62,1969,0.413,31,0,0,14.55,15.0,0,1623,1769350799.105,-609.478,meta-llama/Llama-3.2-1B-Instruct,"1769350799.105, 1769350799.160, 1769350799.172, 1769350799.246, 1769350799.390"
200.0,1,1769350592.9454,754.4286,3516,1024,4540,0.4509,0.0734,0.4419,200.0,0.0,92.77,63.6865,618.1151,618.1151,256399.0422,1769351411.0780058,3.15,62,1970,0.443,31,0,0,14.55,15.0,0,1623,1769350799.105,-609.478,meta-llama/Llama-3.2-1B-Instruct,"1769350799.105, 1769350799.160, 1769350799.172, 1769350799.246, 1769350799.390"
1.0,0,1769350795.7811,613.2595,27,32,59,0.0953,0.3881,1.1491,1.0,0.1491,92.73,3.0892,612.3548,612.3548,257011.397,1769351412.1348774,3.15,62,1971,0.427,31,0,0,14.55,15.0,0,1623,1769350799.105,-609.478,meta-llama/Llama-3.2-1B-Instruct,"1769350799.105, 1769350799.160, 1769350799.172, 1769350799.246, 1769350799.390"
1.0,0,1769350795.9006,614.7748,27,32,59,0.0893,0.3688,0.3951,1.0,0.0,92.73,2.266,613.864,613.864,257625.261,1769351412.9436011,3.14,62,1972,0.439,31,0,0,14.55,15.0,0,1623,1769350799.105,-609.478,meta-llama/Llama-3.2-1B-Instruct,"1769350799.105, 1769350799.160, 1769350799.172, 1769350799.246, 1769350799.390"
200.0,1,1769350593.0146,756.5054,3014,1030,4044,0.4228,0.075,0.4411,200.0,0.0,92.73,64.308,620.8134,620.8134,258246.0744,1769351413.8492215,3.14,62,1973,0.429,30,0,0,14.55,15.0,0,1617,1769350799.478,-614.176,meta-llama/Llama-3.2-1B-Instruct,"1769350799.478, 1769350799.561, 1769350799.595, 1769350799.712, 1769350799.714"
200.0,1,1769350593.0862,757.7574,3405,1030,4435,0.4597,0.0752,0.4519,200.0,0.0,92.74,64.031,621.7884,621.7884,258867.8628,1769351414.896052,3.14,62,1974,0.43,31,0,0,14.55,15.0,0,1617,1769350799.478,-614.176,meta-llama/Llama-3.2-1B-Instruct,"1769350799.478, 1769350799.561, 1769350799.595, 1769350799.712, 1769350799.714"
200.0,1,1769350593.1704,758.6136,3436,1025,4461,0.4752,0.0757,0.4504,200.0,0.0,92.74,64.0211,622.6347,622.6347,259490.4975,1769351415.822195,3.14,62,1975,0.441,31,0,0,14.55,15.0,0,1617,1769350799.478,-614.176,meta-llama/Llama-3.2-1B-Instruct,"1769350799.478, 1769350799.561, 1769350799.595, 1769350799.712, 1769350799.714"
1.0,0,1769350796.1666,617.7667,27,32,59,0.1099,0.07,0.3823,1.0,0.0,92.75,1.9526,616.8766,616.8766,260107.3741,1769351415.90233,3.14,62,1976,0.446,31,0,0,14.55,15.0,0,1617,1769350799.478,-614.176,meta-llama/Llama-3.2-1B-Instruct,"1769350799.478, 1769350799.561, 1769350799.595, 1769350799.712, 1769350799.714"
200.0,1,1769350593.2437,759.114,3671,1022,4693,0.4962,0.0749,0.4414,200.0,0.0,92.75,63.6786,622.7926,622.7926,260730.1667,1769351416.0537307,3.14,62,1977,0.44,31,0,0,14.55,15.0,0,1617,1769350799.478,-614.176,meta-llama/Llama-3.2-1B-Instruct,"1769350799.478, 1769350799.561, 1769350799.595, 1769350799.712, 1769350799.714"
1.0,0,1769350796.2233,619.6359,27,32,59,0.1008,0.0675,0.8187,1.0,0.0,92.75,2.3647,618.7367,618.7367,261348.9034,1769351418.2276752,3.13,62,1978,0.431,31,0,0,14.55,15.0,0,1617,1769350799.478,-614.176,meta-llama/Llama-3.2-1B-Instruct,"1769350799.478, 1769350799.561, 1769350799.595, 1769350799.712, 1769350799.714"
200.0,1,1769350593.5219,761.4041,2999,1026,4025,0.4038,0.0763,0.488,200.0,0.0,92.76,64.0212,625.4253,625.4253,261974.3287,1769351418.962167,3.13,62,1979,0.442,31,0,0,14.55,15.0,0,1611,1769350799.821,-619.019,meta-llama/Llama-3.2-1B-Instruct,"1769350799.821, 1769350799.906, 1769350799.960, 1769350799.995, 1769350800.012"
1.0,0,1769350796.5694,621.6783,27,17,44,0.0803,1.1019,1.1019,1.0,0.1019,92.71,2.0214,620.7586,620.7586,262595.0873,1769351420.2805195,3.13,62,1980,0.442,31,0,0,14.55,15.0,0,1611,1769350799.821,-619.019,meta-llama/Llama-3.2-1B-Instruct,"1769350799.821, 1769350799.906, 1769350799.960, 1769350799.995, 1769350800.012"
200.0,1,1769350593.5894,763.5259,3680,1024,4704,0.4897,0.0732,0.5042,200.0,0.0,92.71,65.2371,628.763,628.763,263223.8503,1769351422.3652785,3.13,62,1981,0.429,31,0,0,14.55,15.0,0,1611,1769350799.821,-619.019,meta-llama/Llama-3.2-1B-Instruct,"1769350799.821, 1769350799.906, 1769350799.960, 1769350799.995, 1769350800.012"
200.0,1,1769350593.6546,764.5573,3044,1022,4066,0.3982,0.0722,0.4985,200.0,0.0,92.72,64.8462,629.4035,629.4035,263853.2538,1769351423.0740564,3.13,62,1982,0.428,31,0,0,14.55,15.0,0,1611,1769350799.821,-619.019,meta-llama/Llama-3.2-1B-Instruct,"1769350799.821, 1769350799.906, 1769350799.960, 1769350799.995, 1769350800.012"
200.0,1,1769350597.5887,821.4123,7841,61,7902,1.1525,0.0729,0.4825,200.0,0.0,92.72,5.0413,626.4536,626.4536,264479.7074,1769351424.0848062,3.13,62,1983,0.431,31,0,0,14.55,15.0,0,1607,1769350800.012,-623.934,meta-llama/Llama-3.2-1B-Instruct,"1769350800.012, 1769350800.063, 1769350800.233, 1769350800.303, 1769350800.432"
1.0,0,1769350796.7149,625.8201,27,32,59,0.112,0.4876,0.4979,1.0,0.0,92.72,2.5333,624.9321,624.9321,265104.6395,1769351425.0762455,3.12,62,1984,0.457,31,0,0,14.55,15.0,0,1607,1769350800.012,-623.934,meta-llama/Llama-3.2-1B-Instruct,"1769350800.012, 1769350800.063, 1769350800.233, 1769350800.303, 1769350800.432"
200.0,1,1769350593.7815,767.5842,3966,1029,4995,0.5175,0.0739,0.4898,200.0,0.0,92.73,65.8024,633.3867,633.3867,265738.0262,1769351427.1859448,3.12,62,1985,0.444,31,0,0,14.55,15.0,0,1607,1769350800.012,-623.934,meta-llama/Llama-3.2-1B-Instruct,"1769350800.012, 1769350800.063, 1769350800.233, 1769350800.303, 1769350800.432"
200.0,1,1769350598.0529,829.1816,2992,0,2992,,,,200.0,,,0.4248,629.6063,629.6063,266367.6325,1769351427.6707773,3.12,62,1986,0.446,31,0,0,14.55,15.0,0,1607,1769350800.012,-623.934,meta-llama/Llama-3.2-1B-Instruct,"1769350800.012, 1769350800.063, 1769350800.233, 1769350800.303, 1769350800.432"
200.0,1,1769350593.9085,769.2698,3680,1024,4704,0.5042,0.0753,0.4895,200.0,0.0,92.73,66.0835,635.3533,635.3533,267002.9858,1769351429.2774377,3.12,62,1987,0.444,31,0,0,14.55,15.0,0,1603,1769350800.432,-628.593,meta-llama/Llama-3.2-1B-Instruct,"1769350800.432, 1769350800.505, 1769350800.582, 1769350800.658, 1769350800.768"
200.0,1,1769350593.9753,770.1013,3173,1021,4194,0.435,0.0732,0.4942,200.0,0.0,92.73,65.6797,635.781,635.781,267638.7668,1769351429.7731683,3.12,62,1988,0.446,31,0,0,14.55,15.0,0,1603,1769350800.432,-628.593,meta-llama/Llama-3.2-1B-Instruct,"1769350800.432, 1769350800.505, 1769350800.582, 1769350800.658, 1769350800.768"
1.0,0,1769350797.1761,632.1176,27,32,59,0.0746,0.0741,0.4227,1.0,0.0,92.74,1.9634,631.1922,631.1922,268269.9591,1769351431.2637444,3.12,62,1989,0.444,31,0,0,14.55,15.0,0,1603,1769350800.432,-628.593,meta-llama/Llama-3.2-1B-Instruct,"1769350800.432, 1769350800.505, 1769350800.582, 1769350800.658, 1769350800.768"
200.0,1,1769350594.0976,772.4852,3516,1025,4541,0.4766,0.0733,0.4982,200.0,0.0,92.74,65.6923,638.1775,638.1775,268908.1366,1769351432.294188,3.12,62,1990,0.434,30,0,0,14.55,15.0,0,1603,1769350800.432,-628.593,meta-llama/Llama-3.2-1B-Instruct,"1769350800.432, 1769350800.505, 1769350800.582, 1769350800.658, 1769350800.768"
1.0,0,1769350797.2835,634.0052,27,32,59,0.1336,0.0655,0.0701,1.0,0.0,92.75,1.6216,633.1388,633.1388,269541.2754,1769351432.9150815,3.11,62,1991,0.446,31,0,0,14.55,15.0,0,1603,1769350800.432,-628.593,meta-llama/Llama-3.2-1B-Instruct,"1769350800.432, 1769350800.505, 1769350800.582, 1769350800.658, 1769350800.768"
200.0,1,1769350595.8229,793.207,3197,714,3911,0.4031,0.0694,0.4378,200.0,0.0,92.75,44.6788,637.8858,637.8858,270179.1612,1769351433.7248468,3.11,62,1992,0.428,31,0,0,14.55,15.0,0,1603,1769350800.432,-628.593,meta-llama/Llama-3.2-1B-Instruct,"1769350800.432, 1769350800.505, 1769350800.582, 1769350800.658, 1769350800.768"
200.0,1,1769350594.1726,774.3197,3073,1026,4099,0.4404,0.0761,0.5283,200.0,0.0,92.75,66.1264,640.4461,640.4461,270819.6073,1769351434.6709988,3.11,62,1993,0.42,30,0,0,14.55,15.0,0,1603,1769350800.432,-628.593,meta-llama/Llama-3.2-1B-Instruct,"1769350800.432, 1769350800.505, 1769350800.582, 1769350800.658, 1769350800.768"
1.0,0,1769350797.4133,634.9739,27,32,59,0.1331,0.389,0.5923,1.0,0.0,92.76,2.3327,634.107,634.107,271453.7143,1769351434.8495522,3.11,62,1994,0.434,31,0,0,14.55,15.0,0,1603,1769350800.432,-628.593,meta-llama/Llama-3.2-1B-Instruct,"1769350800.432, 1769350800.505, 1769350800.582, 1769350800.658, 1769350800.768"
200.0,1,1769350594.32,774.9161,8588,1026,9614,1.3074,0.0755,0.4946,200.0,0.0,92.76,65.6703,640.5864,640.5864,272094.3008,1769351434.955483,3.11,62,1995,0.4,31,0,0,14.55,15.0,0,1603,1769350800.432,-628.593,meta-llama/Llama-3.2-1B-Instruct,"1769350800.432, 1769350800.505, 1769350800.582, 1769350800.658, 1769350800.768"
1.0,0,1769350797.6841,636.1137,27,24,51,0.1004,0.0572,0.6984,1.0,0.0,92.76,1.1899,635.2141,635.2141,272729.5149,1769351434.9910002,3.11,62,1996,0.434,31,0,0,14.55,15.0,0,1603,1769350800.432,-628.593,meta-llama/Llama-3.2-1B-Instruct,"1769350800.432, 1769350800.505, 1769350800.582, 1769350800.658, 1769350800.768"
200.0,1,1769350597.6576,822.6486,3680,271,3951,0.4494,0.0753,0.4695,200.0,0.0,92.77,16.4997,639.1482,639.1482,273368.6631,1769351436.8179512,3.1,62,1997,0.457,31,0,0,14.55,15.0,0,1603,1769350800.432,-628.593,meta-llama/Llama-3.2-1B-Instruct,"1769350800.432, 1769350800.505, 1769350800.582, 1769350800.658, 1769350800.768"
200.0,1,1769350594.6751,778.4086,3574,1034,4608,0.4594,0.0715,0.505,200.0,0.0,92.77,63.8041,642.2127,642.2127,274010.8758,1769351436.9057293,3.1,62,1998,0.393,30,0,0,14.55,15.0,0,1603,1769350800.432,-628.593,meta-llama/Llama-3.2-1B-Instruct,"1769350800.432, 1769350800.505, 1769350800.582, 1769350800.658, 1769350800.768"
200.0,1,1769350594.808,779.7032,5198,1030,6228,0.737,0.0714,0.4946,200.0,0.0,92.78,63.3109,643.0141,643.0141,274653.8898,1769351437.8581243,3.1,62,1999,0.394,31,0,0,14.55,15.0,0,1603,1769350800.432,-628.593,meta-llama/Llama-3.2-1B-Instruct,"1769350800.432, 1769350800.505, 1769350800.582, 1769350800.658, 1769350800.768"
200.0,1,1769350595.1022,780.8711,3014,1025,4039,0.8447,0.072,0.4804,200.0,0.0,92.78,62.5671,643.4382,643.4382,275940.8404,1769351438.5555131,3.1,62,2001,0.399,29,0,0,14.55,15.0,0,1603,1769350800.432,-628.593,meta-llama/Llama-3.2-1B-Instruct,"1769350800.432, 1769350800.505, 1769350800.582, 1769350800.658, 1769350800.768"
200.0,1,1769350595.0319,780.9503,3680,1023,4703,0.8343,0.0729,0.4834,200.0,0.0,92.78,62.5621,643.5123,643.5123,275940.8404,1769351438.5565727,3.1,62,2001,0.399,29,0,0,14.55,15.0,0,1603,1769350800.432,-628.593,meta-llama/Llama-3.2-1B-Instruct,"1769350800.432, 1769350800.505, 1769350800.582, 1769350800.658, 1769350800.768"
200.0,1,1769350595.2247,783.1233,3655,1028,4683,0.4675,0.0753,0.465,200.0,0.0,92.79,61.4897,644.613,644.613,276585.4534,1769351439.8551986,3.1,62,2002,0.424,31,0,0,14.55,15.0,0,1603,1769350800.432,-628.593,meta-llama/Llama-3.2-1B-Instruct,"1769350800.432, 1769350800.505, 1769350800.582, 1769350800.658, 1769350800.768"
200.0,1,1769350595.2927,784.1892,3384,1027,4411,0.466,0.0701,0.4904,200.0,0.0,92.79,60.9394,645.1286,645.1286,277230.582,1769351440.4395669,3.1,62,2003,0.438,31,0,0,14.55,15.0,0,1603,1769350800.432,-628.593,meta-llama/Llama-3.2-1B-Instruct,"1769350800.432, 1769350800.505, 1769350800.582, 1769350800.658, 1769350800.768"
200.0,1,1769350595.3649,786.0242,3069,1025,4094,0.4041,0.0725,0.4792,200.0,0.0,92.79,60.188,646.2123,646.2123,277876.7943,1769351441.5931413,3.09,62,2004,0.439,31,0,0,14.55,15.0,0,1603,1769350800.432,-628.593,meta-llama/Llama-3.2-1B-Instruct,"1769350800.432, 1769350800.505, 1769350800.582, 1769350800.658, 1769350800.768"
200.0,1,1769350595.4849,787.2899,4030,1023,5053,0.5292,0.0705,0.4574,200.0,0.0,92.8,59.5756,646.8655,646.8655,278523.6598,1769351442.3633847,3.09,62,2005,0.42,30,0,0,14.55,15.0,0,1603,1769350800.432,-628.593,meta-llama/Llama-3.2-1B-Instruct,"1769350800.432, 1769350800.505, 1769350800.582, 1769350800.658, 1769350800.768"
200.0,1,1769350595.5583,789.2393,5028,1033,6061,0.6913,0.0682,0.4471,200.0,0.0,92.8,58.7007,647.9401,647.9401,279171.5998,1769351443.518763,3.09,62,2006,0.422,30,0,0,14.55,15.0,0,1603,1769350800.432,-628.593,meta-llama/Llama-3.2-1B-Instruct,"1769350800.432, 1769350800.505, 1769350800.582, 1769350800.658, 1769350800.768"
200.0,1,1769350596.1606,795.1821,3310,1026,4336,0.4337,0.0671,0.4298,200.0,0.0,92.81,55.5337,650.7158,650.7158,279822.3156,1769351446.8937395,3.09,62,2007,0.412,31,0,0,14.55,15.0,0,1603,1769350800.432,-628.593,meta-llama/Llama-3.2-1B-Instruct,"1769350800.432, 1769350800.505, 1769350800.582, 1769350800.658, 1769350800.768"
200.0,1,1769350598.4981,834.4426,3276,375,3651,0.4428,0.0474,0.0718,200.0,0.0,92.81,14.7101,649.1527,649.1527,280471.4684,1769351447.663282,3.09,62,2008,0.435,31,0,0,14.55,15.0,0,1603,1769350800.432,-628.593,meta-llama/Llama-3.2-1B-Instruct,"1769350800.432, 1769350800.505, 1769350800.582, 1769350800.658, 1769350800.768"
200.0,1,1769350596.2353,796.9025,4739,1024,5763,0.6434,0.067,0.4261,200.0,0.0,92.81,54.7231,651.6256,651.6256,281123.094,1769351447.8769462,3.09,62,2009,0.413,31,0,0,14.55,15.0,0,1603,1769350800.432,-628.593,meta-llama/Llama-3.2-1B-Instruct,"1769350800.432, 1769350800.505, 1769350800.582, 1769350800.658, 1769350800.768"
200.0,1,1769350596.3497,798.8919,4171,1024,5195,0.5349,0.0661,0.4303,200.0,0.0,92.82,53.5207,652.4125,652.4125,281775.5065,1769351448.7774618,3.08,62,2010,0.431,31,0,0,14.55,15.0,0,1603,1769350800.432,-628.593,meta-llama/Llama-3.2-1B-Instruct,"1769350800.432, 1769350800.505, 1769350800.582, 1769350800.658, 1769350800.768"
200.0,1,1769350596.4542,805.1713,3740,1029,4769,0.4713,0.0637,0.4082,200.0,0.0,92.82,50.5196,655.691,655.691,282431.1975,1769351452.1608543,3.08,62,2011,0.439,31,0,0,14.55,15.0,0,1603,1769350800.432,-628.593,meta-llama/Llama-3.2-1B-Instruct,"1769350800.432, 1769350800.505, 1769350800.582, 1769350800.658, 1769350800.768"
200.0,1,1769350596.7395,811.0571,3657,1028,4685,0.4738,0.0628,0.4005,200.0,0.0,92.82,47.5073,658.5645,658.5645,283089.762,1769351455.3196163,3.08,62,2012,0.413,31,0,0,14.55,15.0,0,1603,1769350800.432,-628.593,meta-llama/Llama-3.2-1B-Instruct,"1769350800.432, 1769350800.505, 1769350800.582, 1769350800.658, 1769350800.768"
200.0,1,1769350596.8754,812.3838,8185,1024,9209,1.2198,0.0616,0.3942,200.0,0.0,92.83,46.6352,659.0191,659.0191,283748.7811,1769351455.9160333,3.08,62,2013,0.412,31,0,0,14.55,15.0,0,1603,1769350800.432,-628.593,meta-llama/Llama-3.2-1B-Instruct,"1769350800.432, 1769350800.505, 1769350800.582, 1769350800.658, 1769350800.768"
200.0,1,1769350597.0013,814.1168,3297,1026,4323,0.4303,0.0617,0.3909,200.0,0.0,92.83,45.0965,659.2133,659.2133,284407.9944,1769351456.2363207,3.08,62,2014,0.426,31,0,0,14.55,15.0,0,1603,1769350800.432,-628.593,meta-llama/Llama-3.2-1B-Instruct,"1769350800.432, 1769350800.505, 1769350800.582, 1769350800.658, 1769350800.768"
200.0,1,1769350597.0697,815.0997,3073,1033,4106,0.4113,0.0591,0.3919,200.0,0.0,92.84,44.3824,659.4822,659.4822,285067.4765,1769351456.5699174,3.08,62,2015,0.438,31,0,0,14.55,15.0,0,1603,1769350800.432,-628.593,meta-llama/Llama-3.2-1B-Instruct,"1769350800.432, 1769350800.505, 1769350800.582, 1769350800.658, 1769350800.768"
200.0,1,1769350597.1396,815.8518,2976,1024,4000,0.3909,0.0592,0.3933,200.0,0.0,92.84,43.774,659.6258,659.6258,285727.1023,1769351456.7836838,3.08,62,2016,0.448,31,0,0,14.55,15.0,0,1603,1769350800.432,-628.593,meta-llama/Llama-3.2-1B-Instruct,"1769350800.432, 1769350800.505, 1769350800.582, 1769350800.658, 1769350800.768"
200.0,1,1769350597.2098,817.7265,3290,1031,4321,0.415,0.0617,0.3852,200.0,0.0,92.84,42.5025,660.229,660.229,286387.3313,1769351457.4610398,3.07,62,2017,0.434,31,0,0,14.55,15.0,0,1603,1769350800.432,-628.593,meta-llama/Llama-3.2-1B-Instruct,"1769350800.432, 1769350800.505, 1769350800.582, 1769350800.658, 1769350800.768"
200.0,1,1769350597.3968,818.6815,3694,1024,4718,0.7111,0.0594,0.3515,200.0,0.0,92.85,41.6117,660.2931,660.2931,287708.0366,1769351457.7031462,3.07,62,2019,0.428,31,0,0,14.55,15.0,0,1603,1769350800.432,-628.593,meta-llama/Llama-3.2-1B-Instruct,"1769350800.432, 1769350800.505, 1769350800.582, 1769350800.658, 1769350800.768"
200.0,1,1769350597.28,818.6449,3452,1021,4473,0.4901,0.0602,0.3891,200.0,0.0,92.85,41.7673,660.4122,660.4122,287708.0366,1769351457.707382,3.07,62,2019,0.431,30,0,0,14.55,15.0,0,1603,1769350800.432,-628.593,meta-llama/Llama-3.2-1B-Instruct,"1769350800.432, 1769350800.505, 1769350800.582, 1769350800.658, 1769350800.768"
200.0,1,1769350597.7276,825.3928,3873,1036,4909,0.5577,0.0546,0.0851,200.0,0.0,92.85,36.352,661.7448,661.7448,288369.7814,1769351459.489121,3.07,62,2020,0.446,31,0,0,14.55,15.0,0,1603,1769350800.432,-628.593,meta-llama/Llama-3.2-1B-Instruct,"1769350800.432, 1769350800.505, 1769350800.582, 1769350800.658, 1769350800.768"
200.0,1,1769350597.8003,826.3181,3985,1022,5007,0.5508,0.0539,0.0728,200.0,0.0,92.86,35.5339,661.852,661.852,289031.6334,1769351459.6701872,3.07,62,2021,0.434,31,0,0,14.55,15.0,0,1603,1769350800.432,-628.593,meta-llama/Llama-3.2-1B-Instruct,"1769350800.432, 1769350800.505, 1769350800.582, 1769350800.658, 1769350800.768"
200.0,1,1769350597.9843,827.1398,3253,1038,4291,0.4207,0.0537,0.068,200.0,0.0,92.86,34.6962,661.8361,661.8361,289693.4695,1769351459.8373322,3.07,62,2022,0.448,31,0,0,14.55,15.0,0,1603,1769350800.432,-628.593,meta-llama/Llama-3.2-1B-Instruct,"1769350800.432, 1769350800.505, 1769350800.582, 1769350800.658, 1769350800.768"
200.0,1,1769350598.1196,829.5663,3376,1024,4400,0.4522,0.0499,0.0684,200.0,0.0,92.86,32.6915,662.2578,662.2578,290355.7273,1769351460.391562,3.06,62,2023,0.446,31,0,0,14.55,15.0,0,1603,1769350800.432,-628.593,meta-llama/Llama-3.2-1B-Instruct,"1769350800.432, 1769350800.505, 1769350800.582, 1769350800.658, 1769350800.768"
200.0,1,1769350598.2463,831.546,3669,1021,4690,0.4436,0.0473,0.0654,200.0,0.0,92.87,31.0425,662.5885,662.5885,291018.3158,1769351460.850235,3.06,62,2024,0.432,31,0,0,14.55,15.0,0,1603,1769350800.432,-628.593,meta-llama/Llama-3.2-1B-Instruct,"1769350800.432, 1769350800.505, 1769350800.582, 1769350800.658, 1769350800.768"
