orig_slo,slo_type,insertion_time,wait_time,prompt_tok,out_tok,total_tok,ttft,tbt_p95,tbt_p99,tbt_slo,tbt_violation,tbt_success_rate_pct,ttlt,diff,violation,total_violation,finished_time,success_rate_pct,success_count,processed_count,kv,run_cnt,wait_cnt,swap_cnt,vram_used_gib,vram_total_gib,vq_id,vq_groups,head_deadline,slack,model,deadlines
121.0,0,1769187323.8505,0.0408,27,0,27,,,,1.0,,,1.4287,-119.5306,0.0,0.0,1769187326.5542262,100.0,5,5,0.048,6,0,0,14.24,15.0,0,1,1769187357.043,34.0,meta-llama/Llama-3.2-1B-Instruct,1769187357.043
30.0,0,1769187323.7395,0.0414,27,32,59,1.5405,0.0251,0.0267,1.0,0.0,100.0,2.0809,-28.4182,0.0,0.0,1769187327.3954387,100.0,5,5,0.0,0,0,0,14.24,15.0,0,1,1769187357.043,34.0,meta-llama/Llama-3.2-1B-Instruct,1769187357.043
133.0,0,1769187323.9645,0.0396,27,32,59,1.3144,0.0258,0.0304,1.0,0.0,100.0,1.854,-131.6461,0.0,0.0,1769187328.045084,100.0,5,5,0.048,6,0,0,14.24,15.0,0,1,1769187357.043,34.0,meta-llama/Llama-3.2-1B-Instruct,1769187357.043
40.0,0,1769187323.2767,0.0494,27,32,59,1.6955,0.0229,0.3278,1.0,0.0,100.0,2.5316,-38.2552,0.0,0.0,1769187329.0864928,100.0,5,5,0.0,0,0,0,13.42,15.0,0,19,1769187346.738,18.167,meta-llama/Llama-3.2-1B-Instruct,"1769187346.738, 1769187355.029, 1769187368.798, 1769187378.631, 1769187413.131"
158.0,0,1769187323.3861,0.0407,27,32,59,1.5943,0.0228,0.3263,1.0,0.0,100.0,2.4342,-156.365,0.0,0.0,1769187329.145158,100.0,5,5,0.0,0,0,0,13.42,15.0,0,19,1769187346.738,18.167,meta-llama/Llama-3.2-1B-Instruct,"1769187346.738, 1769187355.029, 1769187368.798, 1769187378.631, 1769187413.131"
30.0,0,1769187325.0294,4.3793,27,32,59,0.0997,0.0258,0.3325,1.0,0.0,100.0,0.9936,-25.521,0.0,0.0,1769187330.4033813,100.0,8,8,0.074,6,0,0,14.24,15.0,0,19,1769187346.738,18.167,meta-llama/Llama-3.2-1B-Instruct,"1769187346.738, 1769187355.029, 1769187368.798, 1769187378.631, 1769187413.131"
44.0,0,1769187324.7977,4.6674,27,32,59,0.357,0.0261,0.0286,1.0,0.0,100.0,0.9381,-38.9757,0.0,0.0,1769187330.4041905,100.0,8,8,0.074,6,0,0,14.3,15.0,0,19,1769187346.738,18.167,meta-llama/Llama-3.2-1B-Instruct,"1769187346.738, 1769187355.029, 1769187368.798, 1769187378.631, 1769187413.131"
20.0,0,1769187326.738,2.667,27,31,58,0.104,0.0286,0.3302,1.0,0.0,100.0,0.9971,-17.229,0.0,0.0,1769187330.404453,100.0,8,8,0.074,6,0,0,14.24,15.0,0,19,1769187346.738,18.167,meta-llama/Llama-3.2-1B-Instruct,"1769187346.738, 1769187355.029, 1769187368.798, 1769187378.631, 1769187413.131"
68.0,1,1769187329.8048,0.84,3671,22,3693,0.9328,0.0274,0.0317,200.0,0.0,100.0,1.3874,-65.7726,0.0,0.0,1769187332.0432148,100.0,9,9,0.085,8,0,0,14.3,15.0,0,19,1769187346.738,18.167,meta-llama/Llama-3.2-1B-Instruct,"1769187346.738, 1769187355.029, 1769187368.798, 1769187378.631, 1769187413.131"
45.0,0,1769187330.2699,0.2054,27,32,59,0.0797,0.0531,0.8599,1.0,0.0,100.0,1.5801,-44.7149,0.0,0.0,1769187332.0563495,100.0,10,10,0.085,7,0,0,14.3,15.0,0,19,1769187346.738,18.167,meta-llama/Llama-3.2-1B-Instruct,"1769187346.738, 1769187355.029, 1769187368.798, 1769187378.631, 1769187413.131"
17.0,1,1769187331.0104,1.1506,3245,0,3245,,,,200.0,,,0.4148,-15.4346,0.0,0.0,1769187332.588241,100.0,11,11,0.101,8,0,0,14.3,15.0,0,19,1769187346.738,18.167,meta-llama/Llama-3.2-1B-Instruct,"1769187346.738, 1769187355.029, 1769187368.798, 1769187378.631, 1769187413.131"
41.0,0,1769187331.8942,0.7545,27,32,59,0.248,0.0281,0.0309,1.0,0.0,100.0,0.8838,-39.9975,0.0,0.0,1769187333.533228,100.0,12,12,0.112,9,0,0,14.3,15.0,0,19,1769187346.738,18.167,meta-llama/Llama-3.2-1B-Instruct,"1769187346.738, 1769187355.029, 1769187368.798, 1769187378.631, 1769187413.131"
34.0,1,1769187323.0427,0.1701,3840,718,4558,1.8073,0.0297,0.3678,200.0,0.0,100.0,19.0935,-14.7364,0.0,0.0,1769187342.3214858,100.0,13,13,0.0,0,0,0,12.58,15.0,0,82,1769187350.127,11.505,meta-llama/Llama-3.2-1B-Instruct,"1769187350.127, 1769187358.546, 1769187362.453, 1769187364.797, 1769187374.347"
129.0,1,1769187323.504,0.0264,3087,932,4019,1.4888,0.0311,0.3238,200.0,0.0,100.0,25.7003,-103.2733,0.0,0.0,1769187349.247024,100.0,14,14,0.0,0,0,0,13.42,15.0,0,159,1769187352.789,4.097,meta-llama/Llama-3.2-1B-Instruct,"1769187352.789, 1769187355.050, 1769187358.546, 1769187360.916, 1769187362.453"
10.0,0,1769187342.7889,6.5844,27,32,59,0.0663,0.0341,0.0409,1.0,0.0,100.0,0.7739,-3.3493,0.0,0.0,1769187350.1492448,100.0,15,15,0.154,9,0,0,14.68,15.0,0,159,1769187352.789,4.097,meta-llama/Llama-3.2-1B-Instruct,"1769187352.789, 1769187355.050, 1769187358.546, 1769187360.916, 1769187362.453"
152.0,1,1769187324.0855,0.0381,3526,1031,4557,1.1993,0.0323,0.3196,200.0,0.0,100.0,27.4926,-124.4693,0.0,0.0,1769187351.628903,100.0,18,18,0.048,6,0,0,14.24,15.0,0,159,1769187352.789,4.097,meta-llama/Llama-3.2-1B-Instruct,"1769187352.789, 1769187355.050, 1769187358.546, 1769187360.916, 1769187362.453"
70.0,1,1769187323.1681,0.0454,3405,1027,4432,0.5781,0.0315,0.3252,200.0,0.0,100.0,28.4054,-41.5492,0.0,0.0,1769187351.6382828,100.0,18,18,0.0,0,0,0,12.58,15.0,0,159,1769187352.789,4.097,meta-llama/Llama-3.2-1B-Instruct,"1769187352.789, 1769187355.050, 1769187358.546, 1769187360.916, 1769187362.453"
102.0,1,1769187323.6259,0.0325,4513,1025,5538,1.3598,0.0323,0.3245,200.0,0.0,100.0,27.9609,-74.0067,0.0,0.0,1769187351.6386154,100.0,18,18,0.0,0,0,0,13.42,15.0,0,159,1769187352.789,4.097,meta-llama/Llama-3.2-1B-Instruct,"1769187352.789, 1769187355.050, 1769187358.546, 1769187360.916, 1769187362.453"
22.0,0,1769187336.5461,15.1804,27,32,59,0.0815,0.0441,0.4525,1.0,0.0,100.0,1.1988,-6.7381,0.0,0.0,1769187352.9274418,100.0,19,19,0.121,7,0,0,14.68,15.0,0,159,1769187352.789,4.097,meta-llama/Llama-3.2-1B-Instruct,"1769187352.789, 1769187355.050, 1769187358.546, 1769187360.916, 1769187362.453"
24.0,0,1769187338.4526,13.3758,27,32,59,0.4679,0.0311,0.0346,1.0,0.0,100.0,1.1444,-10.1563,0.0,0.0,1769187352.9767556,100.0,20,20,0.121,8,0,0,14.68,15.0,0,159,1769187352.789,4.097,meta-llama/Llama-3.2-1B-Instruct,"1769187352.789, 1769187355.050, 1769187358.546, 1769187360.916, 1769187362.453"
25.0,0,1769187338.7901,14.2886,27,32,59,0.4788,0.0307,0.0356,1.0,0.0,100.0,1.1802,-10.2326,0.0,0.0,1769187354.2608008,100.0,21,21,0.134,8,1,0,14.68,15.0,0,191,1769187364.664,10.921,meta-llama/Llama-3.2-1B-Instruct,"1769187364.664, 1769187364.797, 1769187365.774, 1769187367.541, 1769187368.741"
19.0,1,1769187325.3814,1.3096,3276,1026,4302,0.6914,0.0315,0.3253,200.0,0.0,100.0,28.0727,10.3823,10.3823,10.3823,1769187354.786433,95.45,21,22,0.06,5,0,0,14.24,15.0,0,191,1769187364.664,10.921,meta-llama/Llama-3.2-1B-Instruct,"1769187364.664, 1769187364.797, 1769187365.774, 1769187367.541, 1769187368.741"
28.0,0,1769187336.7967,18.0865,27,32,59,0.0853,0.0334,0.0345,1.0,0.0,100.0,0.7752,-9.8282,0.0,10.3823,1769187355.6605103,95.65,22,23,0.146,9,0,0,14.68,15.0,0,191,1769187364.664,10.921,meta-llama/Llama-3.2-1B-Instruct,"1769187364.664, 1769187364.797, 1769187365.774, 1769187367.541, 1769187368.741"
32.0,1,1769187329.2919,0.1318,3151,1033,4184,0.3974,0.0336,0.2358,200.0,0.0,100.0,28.8213,-3.0469,0.0,10.3823,1769187358.2614205,95.83,23,24,0.074,6,0,0,14.24,15.0,0,191,1769187364.664,10.921,meta-llama/Llama-3.2-1B-Instruct,"1769187364.664, 1769187364.797, 1769187365.774, 1769187367.541, 1769187368.741"
10.0,0,1769187356.4017,1.964,27,31,58,0.0856,0.03,0.0314,1.0,0.0,100.0,0.7808,-7.9504,0.0,10.3823,1769187359.1503298,96.0,24,25,0.146,9,0,0,14.68,15.0,0,227,1769187367.541,8.789,meta-llama/Llama-3.2-1B-Instruct,"1769187367.541, 1769187368.741, 1769187370.289, 1769187371.171, 1769187371.407"
52.0,1,1769187326.631,4.0035,4788,1026,5814,0.9454,0.0334,0.0691,200.0,0.0,100.0,28.6743,-19.3222,0.0,10.3823,1769187359.3290272,96.15,25,26,0.085,7,1,0,14.3,15.0,0,227,1769187367.541,8.789,meta-llama/Llama-3.2-1B-Instruct,"1769187367.541, 1769187368.741, 1769187370.289, 1769187371.171, 1769187371.407"
22.0,1,1769187330.8957,1.3459,3326,1028,4354,0.6436,0.0326,0.0545,200.0,0.0,100.0,28.5748,7.9207,7.9207,18.303,1769187360.8322506,92.59,25,27,0.101,8,1,0,14.3,15.0,0,227,1769187367.541,8.789,meta-llama/Llama-3.2-1B-Instruct,"1769187367.541, 1769187368.741, 1769187370.289, 1769187371.171, 1769187371.407"
19.0,0,1769187351.2885,9.6493,27,32,59,0.0838,0.028,0.0304,1.0,0.0,100.0,0.7692,-9.267,0.0,18.303,1769187361.708086,92.86,26,28,0.14,9,0,0,14.68,15.0,0,227,1769187367.541,8.789,meta-llama/Llama-3.2-1B-Instruct,"1769187367.541, 1769187368.741, 1769187370.289, 1769187371.171, 1769187371.407"
34.0,1,1769187332.8494,0.8052,3159,1024,4183,0.3731,0.0333,0.0546,200.0,0.0,100.0,28.0775,-5.1173,0.0,18.303,1769187361.7515628,93.1,27,29,0.113,9,0,0,14.3,15.0,0,227,1769187367.541,8.789,meta-llama/Llama-3.2-1B-Instruct,"1769187367.541, 1769187368.741, 1769187370.289, 1769187371.171, 1769187371.407"
13.0,1,1769187342.0497,8.1923,3194,395,3589,0.3929,0.0387,0.4557,200.0,0.0,100.0,12.4246,7.6169,7.6169,25.9199,1769187362.6808329,90.0,27,30,0.156,9,0,0,14.68,15.0,0,227,1769187367.541,8.789,meta-llama/Llama-3.2-1B-Instruct,"1769187367.541, 1769187368.741, 1769187370.289, 1769187371.171, 1769187371.407"
22.0,1,1769187343.7744,12.013,2955,528,3483,0.35,0.0323,0.043,200.0,0.0,100.0,14.1989,4.2119,4.2119,30.1318,1769187370.0009475,87.1,27,31,0.147,9,0,0,14.68,15.0,0,301,1769187372.807,3.97,meta-llama/Llama-3.2-1B-Instruct,"1769187372.807, 1769187373.537, 1769187374.347, 1769187375.136, 1769187375.287"
14.0,1,1769187336.1266,6.2695,12339,1020,13359,1.9455,0.0339,0.2022,200.0,0.0,100.0,29.8001,22.0696,22.0696,52.2014,1769187372.2356522,84.38,27,32,0.121,9,0,0,14.3,15.0,0,301,1769187372.807,3.97,meta-llama/Llama-3.2-1B-Instruct,"1769187372.807, 1769187373.537, 1769187374.347, 1769187375.136, 1769187375.287"
18.0,0,1769187355.537,16.7972,27,32,59,0.0702,0.0272,0.0286,1.0,0.0,100.0,0.7204,-1.1326,0.0,52.2014,1769187373.0556226,84.85,28,33,0.122,9,0,0,14.68,15.0,0,301,1769187372.807,3.97,meta-llama/Llama-3.2-1B-Instruct,"1769187372.807, 1769187373.537, 1769187374.347, 1769187375.136, 1769187375.287"
36.0,0,1769187338.3474,34.7953,27,0,27,,,,1.0,,,0.0772,-1.1276,0.0,52.2014,1769187373.2205105,85.29,29,34,0.123,9,0,0,14.68,15.0,0,301,1769187372.807,3.97,meta-llama/Llama-3.2-1B-Instruct,"1769187372.807, 1769187373.537, 1769187374.347, 1769187375.136, 1769187375.287"
38.0,0,1769187337.1362,36.2983,27,32,59,0.0723,0.0267,0.033,1.0,0.0,100.0,0.7182,-1.6294,0.0,52.2014,1769187374.1561725,85.71,30,35,0.124,9,0,0,14.68,15.0,0,335,1769187375.287,1.449,meta-llama/Llama-3.2-1B-Instruct,"1769187375.287, 1769187376.600, 1769187376.847, 1769187377.998, 1769187378.545"
18.0,1,1769187345.3285,7.6674,4378,805,5183,0.5483,0.0346,0.0581,200.0,0.0,100.0,21.7382,11.4055,11.4055,63.6069,1769187374.7579532,83.33,30,36,0.134,8,0,0,14.68,15.0,0,335,1769187375.287,1.449,meta-llama/Llama-3.2-1B-Instruct,"1769187375.287, 1769187376.600, 1769187376.847, 1769187377.998, 1769187378.545"
19.0,0,1769187356.2869,17.9927,27,32,59,0.0692,0.0441,0.0514,1.0,0.0,100.0,0.7498,-0.9381,0.0,63.6069,1769187375.0304425,83.78,31,37,0.125,9,0,0,14.68,15.0,0,335,1769187375.287,1.449,meta-llama/Llama-3.2-1B-Instruct,"1769187375.287, 1769187376.600, 1769187376.847, 1769187377.998, 1769187378.545"
26.0,0,1769187350.6003,24.2573,27,32,59,0.0678,0.0353,0.0389,1.0,0.0,100.0,0.7335,-1.6749,0.0,63.6069,1769187375.5918758,84.21,32,38,0.109,9,0,0,14.68,15.0,0,335,1769187375.287,1.449,meta-llama/Llama-3.2-1B-Instruct,"1769187375.287, 1769187376.600, 1769187376.847, 1769187377.998, 1769187378.545"
11.0,0,1769187365.8468,9.3233,27,32,59,0.0495,0.0327,0.0329,1.0,0.0,100.0,0.6834,-1.6272,0.0,63.6069,1769187375.8545866,84.62,33,39,0.11,9,0,0,14.68,15.0,0,335,1769187375.287,1.449,meta-llama/Llama-3.2-1B-Instruct,"1769187375.287, 1769187376.600, 1769187376.847, 1769187377.998, 1769187378.545"
26.0,1,1769187341.5405,17.7567,3044,631,3675,0.4016,0.0345,0.0679,200.0,0.0,100.0,17.8009,9.5576,9.5576,73.1645,1769187377.1121109,82.5,33,40,0.147,9,0,0,14.68,15.0,0,335,1769187375.287,1.449,meta-llama/Llama-3.2-1B-Instruct,"1769187375.287, 1769187376.600, 1769187376.847, 1769187377.998, 1769187378.545"
32.0,1,1769187348.3477,28.8348,3680,49,3729,0.4077,0.0292,0.0368,200.0,0.0,100.0,1.5331,-1.6321,0.0,73.1645,1769187378.7287412,82.93,34,41,0.13,9,0,0,14.68,15.0,0,335,1769187375.287,1.449,meta-llama/Llama-3.2-1B-Instruct,"1769187375.287, 1769187376.600, 1769187376.847, 1769187377.998, 1769187378.545"
16.0,0,1769187366.9278,11.887,27,32,59,0.0569,0.0288,0.032,1.0,0.0,100.0,0.7357,-4.0561,0.0,73.1645,1769187379.553822,83.33,35,42,0.131,9,0,0,14.68,15.0,0,369,1769187383.915,5.062,meta-llama/Llama-3.2-1B-Instruct,"1769187383.915, 1769187384.053, 1769187386.707, 1769187387.237, 1769187387.511"
22.0,1,1769187338.9158,12.8698,3898,1024,4922,0.5006,0.0351,0.2019,200.0,0.0,100.0,28.9671,19.8368,19.8368,93.0014,1769187380.7738712,81.4,35,43,0.121,7,1,0,14.68,15.0,0,369,1769187383.915,5.062,meta-llama/Llama-3.2-1B-Instruct,"1769187383.915, 1769187384.053, 1769187386.707, 1769187387.237, 1769187387.511"
38.0,0,1769187346.0528,34.8584,27,32,59,0.078,0.0336,0.0348,1.0,0.0,100.0,0.7475,-3.0636,0.0,93.0014,1769187381.6614718,81.82,36,44,0.13,9,0,0,14.68,15.0,0,369,1769187383.915,5.062,meta-llama/Llama-3.2-1B-Instruct,"1769187383.915, 1769187384.053, 1769187386.707, 1769187387.237, 1769187387.511"
22.0,1,1769187342.6642,11.703,3069,1016,4085,0.3557,0.0344,0.0663,200.0,0.0,100.0,28.3526,18.0555,18.0555,111.0569,1769187382.7403667,80.0,36,45,0.149,9,0,0,14.68,15.0,0,369,1769187383.915,5.062,meta-llama/Llama-3.2-1B-Instruct,"1769187383.915, 1769187384.053, 1769187386.707, 1769187387.237, 1769187387.511"
56.0,0,1769187331.2369,51.6491,27,32,59,0.0678,0.0312,0.0333,1.0,0.0,100.0,0.7406,-4.2831,0.0,111.0569,1769187383.6290772,80.43,37,46,0.13,9,0,0,14.68,15.0,0,369,1769187383.915,5.062,meta-llama/Llama-3.2-1B-Instruct,"1769187383.915, 1769187384.053, 1769187386.707, 1769187387.237, 1769187387.511"
24.0,1,1769187344.7408,14.6998,4376,1023,5399,0.7083,0.0332,0.0607,200.0,0.0,100.0,27.7829,18.4827,18.4827,129.5396,1769187387.2458708,78.72,37,47,0.138,9,0,0,14.68,15.0,0,402,1769187387.53,3.635,meta-llama/Llama-3.2-1B-Instruct,"1769187387.530, 1769187388.360, 1769187388.412, 1769187388.657, 1769187388.864"
25.0,1,1769187346.4072,15.5113,3022,1028,4050,0.6261,0.0336,0.0676,200.0,0.0,100.0,27.419,17.9303,17.9303,165.6374,1769187389.3512688,77.08,37,49,0.127,8,1,0,14.68,15.0,0,441,1769187388.36,-0.578,meta-llama/Llama-3.2-1B-Instruct,"1769187388.360, 1769187388.412, 1769187388.657, 1769187388.864, 1769187389.174"
16.0,1,1769187355.171,6.6815,3015,1024,4039,0.3945,0.0332,0.066,200.0,0.0,100.0,27.4859,18.1674,18.1674,165.6374,1769187389.356074,75.51,37,49,0.127,8,0,0,14.68,15.0,0,441,1769187388.36,-0.578,meta-llama/Llama-3.2-1B-Instruct,"1769187388.360, 1769187388.412, 1769187388.657, 1769187388.864, 1769187389.174"
31.0,1,1769187340.7012,22.1036,3803,1028,4831,0.4439,0.0337,0.0655,200.0,0.0,100.0,27.9878,19.0914,19.0914,184.7287,1769187390.8163962,74.0,37,50,0.136,9,0,0,14.68,15.0,0,441,1769187388.36,-0.578,meta-llama/Llama-3.2-1B-Instruct,"1769187388.360, 1769187388.412, 1769187388.657, 1769187388.864, 1769187389.174"
31.0,1,1769187341.8072,28.2707,5236,1029,6265,0.6478,0.0336,0.0714,200.0,0.0,100.0,28.2816,25.5523,25.5523,210.281,1769187398.3822088,72.55,37,51,0.146,9,0,0,14.68,15.0,0,478,1769187388.864,-5.098,meta-llama/Llama-3.2-1B-Instruct,"1769187388.864, 1769187389.174, 1769187389.628, 1769187390.517, 1769187391.027"
24.0,0,1769187364.8639,33.607,27,32,59,0.0945,0.0352,0.0365,1.0,0.0,100.0,0.7855,9.7015,9.7015,219.9825,1769187399.2574782,71.15,37,52,0.14,9,0,0,14.68,15.0,0,515,1769187389.174,-9.791,meta-llama/Llama-3.2-1B-Instruct,"1769187389.174, 1769187389.628, 1769187390.517, 1769187391.027, 1769187391.085"
21.0,0,1769187368.1744,31.2003,27,19,46,0.0701,0.0316,0.0316,1.0,0.0,100.0,0.4955,10.2704,10.2704,230.253,1769187399.8720517,69.81,37,53,0.141,9,0,0,14.68,15.0,0,515,1769187389.174,-9.791,meta-llama/Llama-3.2-1B-Instruct,"1769187389.174, 1769187389.628, 1769187390.517, 1769187391.027, 1769187391.085"
39.0,1,1769187339.5448,36.3776,5661,1026,6687,1.0273,0.0336,0.0622,200.0,0.0,100.0,28.1092,25.4868,25.4868,281.7728,1769187404.054926,67.27,37,55,0.11,8,0,0,14.68,15.0,0,552,1769187390.517,-13.451,meta-llama/Llama-3.2-1B-Instruct,"1769187390.517, 1769187391.027, 1769187391.085, 1769187391.125, 1769187391.313"
45.0,1,1769187332.998,42.8396,3952,1026,4978,0.5074,0.0326,0.0678,200.0,0.0,100.0,28.1935,26.033,26.033,281.7728,1769187404.0594146,68.52,37,55,0.11,9,0,0,14.68,15.0,0,552,1769187390.517,-13.451,meta-llama/Llama-3.2-1B-Instruct,"1769187390.517, 1769187391.027, 1769187391.085, 1769187391.125, 1769187391.313"
58.0,0,1769187332.5169,71.6411,27,32,59,0.0649,0.0703,1.0687,1.0,0.0687,98.11,1.8695,13.706,13.706,295.4788,1769187406.0294964,66.07,37,56,0.12,8,0,0,14.68,15.0,0,552,1769187390.517,-13.451,meta-llama/Llama-3.2-1B-Instruct,"1769187390.517, 1769187391.027, 1769187391.085, 1769187391.125, 1769187391.313"
27.0,0,1769187364.0849,42.075,27,32,59,0.0792,0.0319,0.0383,1.0,0.0,98.15,0.7766,15.1542,15.1542,310.633,1769187406.9400775,64.91,37,57,0.147,9,0,0,14.68,15.0,0,552,1769187390.517,-13.451,meta-llama/Llama-3.2-1B-Instruct,"1769187390.517, 1769187391.027, 1769187391.085, 1769187391.125, 1769187391.313"
51.0,0,1769187340.1247,66.9253,27,12,39,0.0708,0.0325,0.0325,1.0,0.0,98.18,0.3449,15.9962,15.9962,326.6292,1769187407.3990426,63.79,37,58,0.149,9,0,0,14.68,15.0,0,552,1769187390.517,-13.451,meta-llama/Llama-3.2-1B-Instruct,"1769187390.517, 1769187391.027, 1769187391.085, 1769187391.125, 1769187391.313"
32.0,1,1769187351.9153,27.7568,3677,1030,4707,0.4091,0.0349,0.0631,200.0,0.0,98.21,27.9859,23.7428,23.7428,350.372,1769187407.671041,62.71,37,59,0.132,9,0,0,14.68,15.0,0,552,1769187390.517,-13.451,meta-llama/Llama-3.2-1B-Instruct,"1769187390.517, 1769187391.027, 1769187391.085, 1769187391.125, 1769187391.313"
50.0,0,1769187341.3131,66.2162,27,32,59,0.0833,0.0458,0.6531,1.0,0.0,98.25,1.4498,16.2995,16.2995,366.6715,1769187408.9803371,61.67,37,60,0.149,9,0,0,14.68,15.0,0,552,1769187390.517,-13.451,meta-llama/Llama-3.2-1B-Instruct,"1769187390.517, 1769187391.027, 1769187391.085, 1769187391.125, 1769187391.313"
27.0,1,1769187364.481,43.2766,5661,53,5714,0.7004,0.0357,0.3612,200.0,0.0,98.28,2.3233,18.5998,18.5998,385.2713,1769187410.0963852,60.66,37,61,0.134,9,0,0,14.68,15.0,0,585,1769187391.872,-17.138,meta-llama/Llama-3.2-1B-Instruct,"1769187391.872, 1769187393.075, 1769187393.157, 1769187393.606, 1769187394.609"
26.0,1,1769187360.7075,21.0398,3354,1025,4379,0.4063,0.0345,0.0642,200.0,0.0,98.31,28.7552,23.7951,23.7951,409.0664,1769187410.5224245,59.68,37,62,0.131,9,0,0,14.68,15.0,0,585,1769187391.872,-17.138,meta-llama/Llama-3.2-1B-Instruct,"1769187391.872, 1769187393.075, 1769187393.157, 1769187393.606, 1769187394.609"
52.0,0,1769187341.0753,69.1647,27,32,59,0.0778,0.0465,0.6053,1.0,0.0,98.33,1.3939,17.2426,17.2426,426.3089,1769187411.6362705,58.73,37,63,0.147,9,0,0,14.68,15.0,0,585,1769187391.872,-17.138,meta-llama/Llama-3.2-1B-Instruct,"1769187391.872, 1769187393.075, 1769187393.157, 1769187393.606, 1769187394.609"
39.0,1,1769187348.5106,35.2644,3103,1026,4129,0.367,0.0344,0.0723,200.0,0.0,98.36,29.4032,25.6676,25.6676,451.9765,1769187413.1971786,57.81,37,64,0.131,9,0,0,14.68,15.0,0,585,1769187391.872,-17.138,meta-llama/Llama-3.2-1B-Instruct,"1769187391.872, 1769187393.075, 1769187393.157, 1769187393.606, 1769187394.609"
18.0,1,1769187369.5303,17.8647,3750,1031,4781,0.4479,0.0349,0.0671,200.0,0.0,98.39,29.5985,29.4632,29.4632,481.4397,1769187417.0131109,56.92,37,65,0.128,9,0,0,14.68,15.0,0,621,1769187395.285,-18.729,meta-llama/Llama-3.2-1B-Instruct,"1769187395.285, 1769187395.974, 1769187396.001, 1769187396.938, 1769187397.565"
45.0,0,1769187350.2854,66.8439,27,32,59,0.0772,0.0328,0.0343,1.0,0.0,98.41,0.7831,21.9211,21.9211,503.3607,1769187417.9133325,56.06,37,66,0.149,9,0,0,14.68,15.0,0,621,1769187395.285,-18.729,meta-llama/Llama-3.2-1B-Instruct,"1769187395.285, 1769187395.974, 1769187396.001, 1769187396.938, 1769187397.565"
53.0,1,1769187335.4125,54.1118,4077,1024,5101,1.1447,0.0344,0.07,200.0,0.0,98.44,29.8813,30.993,30.993,565.3954,1769187419.424379,54.41,37,68,0.117,8,0,0,14.68,15.0,0,659,1769187396.001,-23.074,meta-llama/Llama-3.2-1B-Instruct,"1769187396.001, 1769187396.938, 1769187397.565, 1769187398.571, 1769187399.179"
44.0,1,1769187344.36,45.1067,5971,1018,6989,0.7901,0.0347,0.2018,200.0,0.0,98.46,29.935,31.0416,31.0416,565.3954,1769187419.4256074,55.22,37,68,0.117,8,0,0,14.68,15.0,0,659,1769187396.001,-23.074,meta-llama/Llama-3.2-1B-Instruct,"1769187396.001, 1769187396.938, 1769187397.565, 1769187398.571, 1769187399.179"
58.0,1,1769187330.6572,60.2397,5139,1027,6166,0.6587,0.0345,0.0807,200.0,0.0,98.48,29.1515,31.3912,31.3912,596.7866,1769187420.072218,53.62,37,69,0.134,9,0,0,14.68,15.0,0,659,1769187396.001,-23.074,meta-llama/Llama-3.2-1B-Instruct,"1769187396.001, 1769187396.938, 1769187397.565, 1769187398.571, 1769187399.179"
64.0,0,1769187332.0006,87.5192,27,32,59,0.0855,0.322,0.3336,1.0,0.0,98.51,1.4106,23.6047,23.6047,620.3913,1769187420.931479,52.86,37,70,0.129,8,0,0,14.68,15.0,0,659,1769187396.001,-23.074,meta-llama/Llama-3.2-1B-Instruct,"1769187396.001, 1769187396.938, 1769187397.565, 1769187398.571, 1769187399.179"
13.0,1,1769187376.6284,23.3698,3299,1025,4324,0.3853,0.0347,0.2084,200.0,0.0,98.53,29.5618,39.9317,39.9317,660.3229,1769187429.5827174,52.11,37,71,0.142,9,0,0,14.68,15.0,0,732,1769187399.179,-29.957,meta-llama/Llama-3.2-1B-Instruct,"1769187399.179, 1769187399.404, 1769187401.061, 1769187401.285, 1769187401.288"
20.0,0,1769187379.179,50.5665,27,32,59,0.0743,0.0315,0.0348,1.0,0.0,98.55,0.7737,30.6407,30.6407,690.9637,1769187430.5208962,51.39,37,72,0.147,9,0,0,14.68,15.0,0,732,1769187399.179,-29.957,meta-llama/Llama-3.2-1B-Instruct,"1769187399.179, 1769187399.404, 1769187401.061, 1769187401.285, 1769187401.288"
69.0,0,1769187330.4035,100.2059,27,32,59,0.0833,0.0294,0.0296,1.0,0.0,98.57,0.7879,31.2892,31.2892,722.2529,1769187431.4001186,50.68,37,73,0.148,9,0,0,14.68,15.0,0,732,1769187399.179,-29.957,meta-llama/Llama-3.2-1B-Instruct,"1769187399.179, 1769187399.404, 1769187401.061, 1769187401.285, 1769187401.288"
15.0,0,1769187386.0615,45.4163,27,32,59,0.0757,0.0297,0.0338,1.0,0.0,98.59,0.7947,30.492,30.492,752.745,1769187432.2742014,50.0,37,74,0.149,9,0,0,14.68,15.0,0,732,1769187399.179,-29.957,meta-llama/Llama-3.2-1B-Instruct,"1769187399.179, 1769187399.404, 1769187401.061, 1769187401.285, 1769187401.288"
35.0,1,1769187356.0265,48.2017,8185,1030,9215,1.1483,0.0357,0.2033,200.0,0.0,98.61,30.4588,43.6605,43.6605,796.4054,1769187434.7093394,49.33,37,75,0.12,8,0,0,14.68,15.0,0,768,1769187401.288,-32.876,meta-llama/Llama-3.2-1B-Instruct,"1769187401.288, 1769187401.705, 1769187402.340, 1769187403.981, 1769187404.295"
39.0,0,1769187362.2877,72.5378,27,32,59,0.0897,0.0312,0.0316,1.0,0.0,98.63,0.7988,33.6275,33.6275,830.033,1769187435.6268506,48.68,37,76,0.149,9,0,0,14.68,15.0,0,768,1769187401.288,-32.876,meta-llama/Llama-3.2-1B-Instruct,"1769187401.288, 1769187401.705, 1769187402.340, 1769187403.981, 1769187404.295"
54.0,1,1769187337.872,71.1955,3610,1024,4634,0.4342,0.0346,0.0646,200.0,0.0,98.65,29.093,46.2885,46.2885,876.3214,1769187438.1747198,48.05,37,77,0.153,9,0,0,14.68,15.0,0,768,1769187401.288,-32.876,meta-llama/Llama-3.2-1B-Instruct,"1769187401.288, 1769187401.705, 1769187402.340, 1769187403.981, 1769187404.295"
42.0,0,1769187360.3405,77.9119,27,32,59,0.0724,0.0292,0.0338,1.0,0.0,98.67,0.7792,35.9843,35.9843,912.3058,1769187439.0327466,47.44,37,78,0.149,9,0,0,14.68,15.0,0,768,1769187401.288,-32.876,meta-llama/Llama-3.2-1B-Instruct,"1769187401.288, 1769187401.705, 1769187402.340, 1769187403.981, 1769187404.295"
28.0,0,1769187375.9812,63.1892,27,0,27,,,,1.0,,,0.0705,35.2597,35.2597,947.5655,1769187439.2416854,46.84,37,79,0.151,9,0,0,14.68,15.0,0,802,1769187404.295,-34.904,meta-llama/Llama-3.2-1B-Instruct,"1769187404.295, 1769187404.510, 1769187405.292, 1769187405.379, 1769187405.416"
42.0,1,1769187351.1572,59.4808,5207,1024,6231,0.6817,0.0347,0.0536,200.0,0.0,98.68,28.7571,46.2379,46.2379,993.8033,1769187439.4198663,46.25,37,80,0.134,9,0,0,14.68,15.0,0,802,1769187404.295,-34.904,meta-llama/Llama-3.2-1B-Instruct,"1769187404.295, 1769187404.510, 1769187405.292, 1769187405.379, 1769187405.416"
56.0,1,1769187337.6061,74.1705,2961,1028,3989,0.3673,0.0344,0.0593,200.0,0.0,98.7,28.7845,46.955,46.955,1040.7583,1769187440.5789218,45.68,37,81,0.151,9,0,0,14.68,15.0,0,802,1769187404.295,-34.904,meta-llama/Llama-3.2-1B-Instruct,"1769187404.295, 1769187404.510, 1769187405.292, 1769187405.379, 1769187405.416"
50.0,1,1769187344.6088,68.6878,3172,1020,4192,0.3802,0.0346,0.058,200.0,0.0,98.72,28.8804,47.5682,47.5682,1088.3265,1769187442.1983714,45.12,37,82,0.149,9,0,0,14.68,15.0,0,802,1769187404.295,-34.904,meta-llama/Llama-3.2-1B-Instruct,"1769187404.295, 1769187404.510, 1769187405.292, 1769187405.379, 1769187405.416"
68.0,0,1769187337.3787,104.9507,27,32,59,0.0818,0.0306,0.0334,1.0,0.0,98.73,0.7734,37.0325,37.0325,1125.359,1769187443.1038687,44.58,37,83,0.14,9,0,0,14.68,15.0,0,802,1769187404.295,-34.904,meta-llama/Llama-3.2-1B-Instruct,"1769187404.295, 1769187404.510, 1769187405.292, 1769187405.379, 1769187405.416"
64.0,0,1769187341.4163,101.7984,27,21,48,0.068,0.0278,0.0321,1.0,0.0,98.75,0.5427,37.8664,37.8664,1163.2254,1769187443.7585118,44.05,37,84,0.141,9,0,0,14.68,15.0,0,802,1769187404.295,-34.904,meta-llama/Llama-3.2-1B-Instruct,"1769187404.295, 1769187404.510, 1769187405.292, 1769187405.379, 1769187405.416"
24.0,1,1769187380.5105,58.9978,3245,145,3390,0.5782,0.0368,0.048,200.0,0.0,98.77,4.3945,39.3923,39.3923,1202.6177,1769187443.9153016,43.53,37,85,0.141,9,0,0,14.68,15.0,0,802,1769187404.295,-34.904,meta-llama/Llama-3.2-1B-Instruct,"1769187404.295, 1769187404.510, 1769187405.292, 1769187405.379, 1769187405.416"
38.0,1,1769187357.9744,60.0682,5198,1031,6229,0.673,0.0356,0.062,200.0,0.0,98.78,29.1477,51.2159,51.2159,1253.8336,1769187447.2136455,43.02,37,86,0.15,9,0,0,14.68,15.0,0,834,1769187406.217,-37.994,meta-llama/Llama-3.2-1B-Instruct,"1769187406.217, 1769187406.358, 1769187406.405, 1769187406.701, 1769187407.762"
28.0,1,1769187368.9377,50.6288,3195,1026,4221,0.3757,0.0347,0.0583,200.0,0.0,98.8,28.4864,51.1152,51.1152,1304.9488,1769187448.0871274,42.53,37,87,0.129,8,1,0,14.68,15.0,0,834,1769187406.217,-37.994,meta-llama/Llama-3.2-1B-Instruct,"1769187406.217, 1769187406.358, 1769187406.405, 1769187406.701, 1769187407.762"
16.0,0,1769187390.2174,57.1348,27,32,59,0.065,0.0461,0.2051,1.0,0.0,98.81,0.7479,41.1998,41.1998,1346.1486,1769187448.1025734,42.05,37,88,0.135,9,0,0,14.68,15.0,0,834,1769187406.217,-37.994,meta-llama/Llama-3.2-1B-Instruct,"1769187406.217, 1769187406.358, 1769187406.405, 1769187406.701, 1769187407.762"
45.0,1,1769187352.5651,67.6306,3155,1027,4182,0.3799,0.0341,0.0577,200.0,0.0,98.82,28.1556,50.7861,50.7861,1396.9347,1769187448.3697689,41.57,37,89,0.12,9,0,0,14.68,15.0,0,834,1769187406.217,-37.994,meta-llama/Llama-3.2-1B-Instruct,"1769187406.217, 1769187406.358, 1769187406.405, 1769187406.701, 1769187407.762"
65.0,1,1769187333.571,87.4849,6059,1032,7091,0.7782,0.0356,0.0551,200.0,0.0,98.84,30.3764,52.8612,52.8612,1449.796,1769187451.4618645,41.11,37,90,0.131,9,0,0,14.68,15.0,0,869,1769187407.762,-41.455,meta-llama/Llama-3.2-1B-Instruct,"1769187407.762, 1769187407.950, 1769187408.286, 1769187408.325, 1769187409.202"
62.0,1,1769187339.2853,93.1444,8164,1024,9188,1.1655,0.0339,0.0557,200.0,0.0,98.85,30.2249,61.3693,61.3693,1511.1652,1769187462.6772559,40.66,37,91,0.151,9,0,0,14.68,15.0,0,946,1769187407.95,-51.292,meta-llama/Llama-3.2-1B-Instruct,"1769187407.950, 1769187408.286, 1769187408.325, 1769187409.202, 1769187409.728"
62.0,0,1769187345.95,116.8394,27,32,59,0.1634,0.03,0.0311,1.0,0.0,98.86,0.8528,55.0028,55.0028,1566.168,1769187463.6443326,40.22,37,92,0.141,9,0,0,14.33,15.0,0,946,1769187407.95,-51.292,meta-llama/Llama-3.2-1B-Instruct,"1769187407.950, 1769187408.286, 1769187408.325, 1769187409.202, 1769187409.728"
74.0,0,1769187334.2856,129.465,27,32,59,0.0961,0.028,0.0292,1.0,0.0,98.88,0.7987,55.5611,55.5611,1621.7291,1769187464.550451,39.78,37,93,0.142,9,0,0,14.39,15.0,0,984,1769187408.325,-55.932,meta-llama/Llama-3.2-1B-Instruct,"1769187408.325, 1769187409.202, 1769187409.728, 1769187409.818, 1769187410.490"
67.0,1,1769187334.705,101.0193,3516,1024,4540,0.4141,0.0339,0.0646,200.0,0.0,98.89,29.5026,63.5219,63.5219,1685.251,1769187465.2431884,39.36,37,94,0.15,9,0,0,14.68,15.0,0,984,1769187408.325,-55.932,meta-llama/Llama-3.2-1B-Instruct,"1769187408.325, 1769187409.202, 1769187409.728, 1769187409.818, 1769187410.490"
38.0,1,1769187367.4199,76.4715,3044,816,3860,0.4085,0.0337,0.0496,200.0,0.0,98.9,23.6597,62.1312,62.1312,1747.3823,1769187467.5700188,38.95,37,95,0.131,8,0,0,14.68,15.0,0,984,1769187408.325,-55.932,meta-llama/Llama-3.2-1B-Instruct,"1769187408.325, 1769187409.202, 1769187409.728, 1769187409.818, 1769187410.490"
23.0,1,1769187382.2921,58.4487,3979,963,4942,0.498,0.0339,0.0526,200.0,0.0,98.91,27.3836,62.8323,62.8323,1810.2146,1769187468.1463625,38.54,37,96,0.139,9,0,0,14.68,15.0,0,984,1769187408.325,-55.932,meta-llama/Llama-3.2-1B-Instruct,"1769187408.325, 1769187409.202, 1769187409.728, 1769187409.818, 1769187410.490"
25.0,0,1769187384.7284,83.093,27,32,59,0.0711,0.0548,0.3883,1.0,0.0,98.92,1.1705,58.1641,58.1641,1868.3787,1769187468.9934819,38.14,37,97,0.145,9,0,0,14.39,15.0,0,984,1769187408.325,-55.932,meta-llama/Llama-3.2-1B-Instruct,"1769187408.325, 1769187409.202, 1769187409.728, 1769187409.818, 1769187410.490"
62.0,1,1769187342.2954,97.0662,3173,1023,4196,0.409,0.0347,0.1297,200.0,0.0,98.94,30.3979,65.4641,65.4641,1933.8428,1769187469.7792234,37.76,37,98,0.151,9,0,0,14.68,15.0,0,1018,1769187410.708,-58.565,meta-llama/Llama-3.2-1B-Instruct,"1769187410.708, 1769187410.895, 1769187411.762, 1769187412.599, 1769187412.712"
61.0,1,1769187344.8854,99.0963,3159,1028,4187,0.6175,0.0343,0.0542,200.0,0.0,98.95,29.5726,67.669,67.669,2001.5118,1769187473.577476,37.37,37,99,0.131,8,0,0,14.68,15.0,0,1018,1769187410.708,-58.565,meta-llama/Llama-3.2-1B-Instruct,"1769187410.708, 1769187410.895, 1769187411.762, 1769187412.599, 1769187412.712"
68.0,0,1769187342.8954,130.8137,27,32,59,0.0768,0.031,0.038,1.0,0.0,98.96,0.7778,62.8905,62.8905,2064.4023,1769187474.4889657,37.0,37,100,0.143,9,0,0,14.39,15.0,0,1057,1769187411.762,-62.543,meta-llama/Llama-3.2-1B-Instruct,"1769187411.762, 1769187412.599, 1769187412.712, 1769187412.912, 1769187412.932"
52.0,1,1769187354.4052,93.8741,3691,1031,4722,2.5368,0.0346,0.0557,200.0,0.0,98.97,31.0135,72.8877,72.8877,2282.8287,1769187479.3073273,36.63,37,103,0.123,8,0,0,14.68,15.0,0,1057,1769187411.762,-62.543,meta-llama/Llama-3.2-1B-Instruct,"1769187411.762, 1769187412.599, 1769187412.712, 1769187412.912, 1769187412.932"
48.0,1,1769187358.3577,89.9022,3069,1027,4096,0.5176,0.0356,0.0641,200.0,0.0,98.98,31.0385,72.9407,72.9407,2282.8287,1769187479.320772,36.27,37,103,0.123,8,0,0,14.68,15.0,0,1057,1769187411.762,-62.543,meta-llama/Llama-3.2-1B-Instruct,"1769187411.762, 1769187412.599, 1769187412.712, 1769187412.912, 1769187412.932"
26.0,1,1769187380.701,67.7319,10780,1024,11804,2.3823,0.0342,0.0545,200.0,0.0,98.99,30.8661,72.598,72.598,2282.8287,1769187479.3371294,35.92,37,103,0.119,8,1,0,14.68,15.0,0,1057,1769187411.762,-62.543,meta-llama/Llama-3.2-1B-Instruct,"1769187411.762, 1769187412.599, 1769187412.712, 1769187412.912, 1769187412.932"
43.0,1,1769187364.7615,86.802,3581,1029,4610,0.4452,0.0341,0.0597,200.0,0.0,99.0,29.0066,72.8087,72.8087,2355.6374,1769187480.5903497,35.58,37,104,0.144,9,0,0,14.33,15.0,0,1096,1769187412.599,-66.765,meta-llama/Llama-3.2-1B-Instruct,"1769187412.599, 1769187412.712, 1769187412.912, 1769187412.932, 1769187413.131"
11.0,0,1769187401.5989,77.8381,27,32,59,0.0717,0.054,0.4561,1.0,0.0,99.01,1.263,66.9098,66.9098,2489.4026,1769187480.7036471,35.24,37,106,0.119,7,0,0,14.39,15.0,0,1096,1769187412.599,-66.765,meta-llama/Llama-3.2-1B-Instruct,"1769187412.599, 1769187412.712, 1769187412.912, 1769187412.932, 1769187413.131"
27.0,0,1769187385.7124,93.773,27,32,59,0.0825,0.0467,0.4545,1.0,0.0,99.02,1.216,66.8555,66.8555,2489.4026,1769187480.7044764,34.91,37,106,0.119,7,1,0,14.39,15.0,0,1096,1769187412.599,-66.765,meta-llama/Llama-3.2-1B-Instruct,"1769187412.599, 1769187412.712, 1769187412.912, 1769187412.932, 1769187413.131"
88.0,0,1769187325.1305,155.6638,27,32,59,0.544,0.0295,0.0419,1.0,0.0,99.03,1.2228,68.2078,68.2078,2557.6104,1769187482.0197258,34.58,37,107,0.133,8,0,0,14.39,15.0,0,1096,1769187412.599,-66.765,meta-llama/Llama-3.2-1B-Instruct,"1769187412.599, 1769187412.712, 1769187412.912, 1769187412.932, 1769187413.131"
59.0,0,1769187354.2831,126.5622,27,32,59,0.494,0.032,0.0344,1.0,0.0,99.04,1.1761,68.0562,68.0562,2625.6666,1769187482.0224702,34.26,37,108,0.133,8,0,0,14.39,15.0,0,1096,1769187412.599,-66.765,meta-llama/Llama-3.2-1B-Instruct,"1769187412.599, 1769187412.712, 1769187412.912, 1769187412.932, 1769187413.131"
36.0,0,1769187377.6887,104.4415,27,32,59,0.0727,0.0445,0.6788,1.0,0.0,99.05,1.4698,68.5142,68.5142,2694.1808,1769187483.6010919,33.94,37,109,0.134,8,0,0,14.39,15.0,0,1096,1769187412.599,-66.765,meta-llama/Llama-3.2-1B-Instruct,"1769187412.599, 1769187412.712, 1769187412.912, 1769187412.932, 1769187413.131"
79.0,1,1769187331.4902,137.6661,3522,633,4155,0.4279,0.0353,0.2248,200.0,0.0,99.06,19.5795,78.2456,78.2456,2849.3971,1769187488.7505407,33.33,37,111,0.143,9,0,0,14.39,15.0,0,1128,1769187414.459,-69.916,meta-llama/Llama-3.2-1B-Instruct,"1769187414.459, 1769187414.980, 1769187415.343, 1769187416.221, 1769187417.238"
32.0,1,1769187379.7623,95.0156,11381,422,11803,1.8766,0.0366,0.0683,200.0,0.0,99.07,13.9551,76.9707,76.9707,2849.3971,1769187488.7604144,33.64,37,111,0.144,9,0,0,14.39,15.0,0,1128,1769187414.459,-69.916,meta-llama/Llama-3.2-1B-Instruct,"1769187414.459, 1769187414.980, 1769187415.343, 1769187416.221, 1769187417.238"
36.0,1,1769187372.3248,92.3597,3279,1022,4301,0.4093,0.0353,0.2215,200.0,0.0,99.07,33.719,90.0787,90.0787,2939.4758,1769187498.419061,33.04,37,112,0.143,9,0,0,14.39,15.0,0,1207,1769187415.343,-79.099,meta-llama/Llama-3.2-1B-Instruct,"1769187415.343, 1769187416.221, 1769187417.238, 1769187417.536, 1769187417.666"
64.0,1,1769187345.2016,120.1542,5011,1024,6035,0.6216,0.0352,0.0676,200.0,0.0,99.08,33.422,89.5762,89.5762,3029.052,1769187498.8018835,32.74,37,113,0.139,9,0,0,14.39,15.0,0,1207,1769187415.343,-79.099,meta-llama/Llama-3.2-1B-Instruct,"1769187415.343, 1769187416.221, 1769187417.238, 1769187417.536, 1769187417.666"
14.0,0,1769187401.3426,97.1917,27,31,58,0.0732,0.0592,0.3881,1.0,0.0,99.09,1.2237,83.2649,83.2649,3112.3169,1769187499.7606888,32.46,37,114,0.18,9,0,0,14.39,15.0,0,1246,1769187417.238,-82.25,meta-llama/Llama-3.2-1B-Instruct,"1769187417.238, 1769187417.536, 1769187417.666, 1769187418.635, 1769187419.203"
68.0,1,1769187349.238,150.6202,3165,4,3169,0.3974,0.0377,0.0377,200.0,0.0,99.1,0.51,83.1302,83.1302,3195.4471,1769187500.3816416,32.17,37,115,0.173,9,0,0,14.39,15.0,0,1246,1769187417.238,-82.25,meta-llama/Llama-3.2-1B-Instruct,"1769187417.238, 1769187417.536, 1769187417.666, 1769187418.635, 1769187419.203"
29.0,0,1769187388.5361,111.9794,27,32,59,0.0903,0.0366,0.0374,1.0,0.0,99.11,0.8507,83.0697,83.0697,3278.5168,1769187501.3688638,31.9,37,116,0.174,9,0,0,14.39,15.0,0,1246,1769187417.238,-82.25,meta-llama/Llama-3.2-1B-Instruct,"1769187417.238, 1769187417.536, 1769187417.666, 1769187418.635, 1769187419.203"
27.0,1,1769187382.8177,85.4689,3686,1029,4715,0.4418,0.0367,0.2346,200.0,0.0,99.12,33.7738,92.2428,92.2428,3370.7596,1769187502.0808954,31.62,37,117,0.13,9,0,0,14.39,15.0,0,1246,1769187417.238,-82.25,meta-llama/Llama-3.2-1B-Instruct,"1769187417.238, 1769187417.536, 1769187417.666, 1769187418.635, 1769187419.203"
88.0,0,1769187329.6663,171.8081,27,32,59,0.0878,0.0414,0.0449,1.0,0.0,99.12,0.8751,83.8959,83.8959,3454.6555,1769187502.3504536,31.36,37,118,0.175,9,0,0,14.39,15.0,0,1246,1769187417.238,-82.25,meta-llama/Llama-3.2-1B-Instruct,"1769187417.238, 1769187417.536, 1769187417.666, 1769187418.635, 1769187419.203"
75.0,0,1769187343.6345,158.5452,27,32,59,0.0742,0.0439,0.061,1.0,0.0,99.13,0.8486,83.6195,83.6195,3630.5957,1769187503.029936,31.09,37,120,0.161,9,0,0,14.39,15.0,0,1246,1769187417.238,-82.25,meta-llama/Llama-3.2-1B-Instruct,"1769187417.238, 1769187417.536, 1769187417.666, 1769187418.635, 1769187419.203"
21.0,1,1769187389.7082,80.2124,3365,1027,4392,0.4137,0.0357,0.0614,200.0,0.0,99.14,33.1083,92.3207,92.3207,3630.5957,1769187503.0460668,30.83,37,120,0.141,9,0,0,14.39,15.0,0,1246,1769187417.238,-82.25,meta-llama/Llama-3.2-1B-Instruct,"1769187417.238, 1769187417.536, 1769187417.666, 1769187418.635, 1769187419.203"
72.0,0,1769187347.5429,155.6329,27,3,30,0.0741,0.0253,0.0253,1.0,0.0,99.15,0.1444,83.707,83.707,3714.3027,1769187503.3210294,30.58,37,121,0.147,8,1,0,14.39,15.0,0,1246,1769187417.238,-82.25,meta-llama/Llama-3.2-1B-Instruct,"1769187417.238, 1769187417.536, 1769187417.666, 1769187418.635, 1769187419.203"
59.0,0,1769187360.2025,142.2672,27,32,59,0.1037,0.0444,0.0505,1.0,0.0,99.15,0.8991,83.3709,83.3709,3797.6736,1769187503.3724785,30.33,37,122,0.161,9,0,0,14.39,15.0,0,1246,1769187417.238,-82.25,meta-llama/Llama-3.2-1B-Instruct,"1769187417.238, 1769187417.536, 1769187417.666, 1769187418.635, 1769187419.203"
35.0,0,1769187384.3723,118.7463,27,32,59,0.0722,0.0521,0.4734,1.0,0.0,99.16,1.21,83.8185,83.8185,3881.4921,1769187504.3294103,30.08,37,123,0.147,8,0,0,14.39,15.0,0,1246,1769187417.238,-82.25,meta-llama/Llama-3.2-1B-Instruct,"1769187417.238, 1769187417.536, 1769187417.666, 1769187418.635, 1769187419.203"
71.0,0,1769187348.8535,154.6255,27,32,59,0.5044,0.0576,0.35,1.0,0.0,99.17,1.4718,84.1299,84.1299,3965.622,1769187504.9523137,29.84,37,124,0.148,8,0,0,14.39,15.0,0,1275,1769187421.055,-83.443,meta-llama/Llama-3.2-1B-Instruct,"1769187421.055, 1769187421.153, 1769187421.175, 1769187421.398, 1769187421.658"
43.0,1,1769187369.9121,109.6315,3970,1024,4994,0.4926,0.0367,0.0581,200.0,0.0,99.17,32.4383,99.0698,99.0698,4064.6918,1769187512.004854,29.6,37,125,0.119,8,1,0,14.39,15.0,0,1314,1769187421.153,-88.395,meta-llama/Llama-3.2-1B-Instruct,"1769187421.153, 1769187421.175, 1769187421.398, 1769187421.658, 1769187421.807"
52.0,1,1769187360.9318,119.7513,4841,1029,5870,0.6439,0.0354,0.0579,200.0,0.0,99.18,32.4609,100.2122,100.2122,4164.904,1769187513.1716647,29.37,37,126,0.117,8,0,0,14.39,15.0,0,1314,1769187421.153,-88.395,meta-llama/Llama-3.2-1B-Instruct,"1769187421.153, 1769187421.175, 1769187421.398, 1769187421.658, 1769187421.807"
17.0,1,1769187397.1111,85.0718,5661,1028,6689,0.7367,0.0367,0.0599,200.0,0.0,99.19,32.3523,100.4241,100.4241,4265.3281,1769187514.5588343,29.13,37,127,0.134,8,0,0,14.39,15.0,0,1314,1769187421.153,-88.395,meta-llama/Llama-3.2-1B-Instruct,"1769187421.153, 1769187421.175, 1769187421.398, 1769187421.658, 1769187421.807"
16.0,1,1769187398.1323,85.6355,3069,1030,4099,0.3836,0.0362,0.0568,200.0,0.0,99.19,31.7039,101.3394,101.3394,4366.6674,1769187515.4922216,28.91,37,128,0.153,9,0,0,14.39,15.0,0,1354,1769187421.398,-93.214,meta-llama/Llama-3.2-1B-Instruct,"1769187421.398, 1769187421.658, 1769187421.807, 1769187421.968, 1769187422.003"
68.0,0,1769187353.3981,161.3492,27,32,59,0.0931,0.0321,0.0375,1.0,0.0,99.2,0.819,93.4423,93.4423,4460.1097,1769187515.5671191,28.68,37,129,0.157,9,0,0,14.39,15.0,0,1354,1769187421.398,-93.214,meta-llama/Llama-3.2-1B-Instruct,"1769187421.398, 1769187421.658, 1769187421.807, 1769187421.968, 1769187422.003"
48.0,0,1769187373.6576,141.9779,27,32,59,0.0688,0.0299,0.0525,1.0,0.0,99.21,0.8058,94.0467,94.0467,4554.1565,1769187516.445522,28.46,37,130,0.145,8,0,0,14.39,15.0,0,1354,1769187421.398,-93.214,meta-llama/Llama-3.2-1B-Instruct,"1769187421.398, 1769187421.658, 1769187421.807, 1769187421.968, 1769187422.003"
26.0,0,1769187395.8065,119.8837,27,32,59,0.0748,0.0299,0.0305,1.0,0.0,99.21,0.7759,93.9585,93.9585,4648.115,1769187516.4671276,28.24,37,131,0.145,8,0,0,14.39,15.0,0,1354,1769187421.398,-93.214,meta-llama/Llama-3.2-1B-Instruct,"1769187421.398, 1769187421.658, 1769187421.807, 1769187421.968, 1769187422.003"
15.0,0,1769187406.9684,109.5874,27,32,59,0.0979,0.0511,0.3743,1.0,0.0,99.22,1.2177,94.6853,94.6853,4742.8003,1769187517.7744546,28.03,37,132,0.146,8,0,0,14.39,15.0,0,1354,1769187421.398,-93.214,meta-llama/Llama-3.2-1B-Instruct,"1769187421.398, 1769187421.658, 1769187421.807, 1769187421.968, 1769187422.003"
68.0,1,1769187346.9802,141.9173,8657,920,9577,3.1992,0.0376,0.0648,200.0,0.0,99.22,29.3018,103.2191,103.2191,4846.0194,1769187518.2318902,27.82,37,133,0.118,8,0,0,14.39,15.0,0,1354,1769187421.398,-93.214,meta-llama/Llama-3.2-1B-Instruct,"1769187421.398, 1769187421.658, 1769187421.807, 1769187421.968, 1769187422.003"
37.0,0,1769187385.205,132.6981,27,32,59,0.0756,0.036,0.0393,1.0,0.0,99.23,0.8062,95.7736,95.7736,4941.793,1769187518.7100742,27.61,37,134,0.158,9,0,0,14.39,15.0,0,1354,1769187421.398,-93.214,meta-llama/Llama-3.2-1B-Instruct,"1769187421.398, 1769187421.658, 1769187421.807, 1769187421.968, 1769187422.003"
42.0,0,1769187380.9448,137.4293,27,31,58,0.0778,0.0436,0.6468,1.0,0.0,99.24,1.4036,95.5071,95.5071,5037.3001,1769187519.779857,27.41,37,135,0.128,9,0,0,14.39,15.0,0,1385,1769187423.441,-96.191,meta-llama/Llama-3.2-1B-Instruct,"1769187423.441, 1769187423.793, 1769187424.162, 1769187424.534, 1769187424.616"
63.0,0,1769187360.4412,159.4401,27,33,60,0.0842,0.0316,0.0339,1.0,0.0,99.24,0.8031,96.5243,96.5243,5133.8244,1769187520.6863902,27.21,37,136,0.145,9,0,0,14.39,15.0,0,1385,1769187423.441,-96.191,meta-llama/Llama-3.2-1B-Instruct,"1769187423.441, 1769187423.793, 1769187424.162, 1769187424.534, 1769187424.616"
65.0,1,1769187349.4594,139.3695,12339,1023,13362,2.0874,0.0375,0.3393,200.0,0.0,99.25,32.8077,107.1772,107.1772,5241.0016,1769187521.6643858,27.01,37,137,0.118,8,0,0,14.39,15.0,0,1385,1769187423.441,-96.191,meta-llama/Llama-3.2-1B-Instruct,"1769187423.441, 1769187423.793, 1769187424.162, 1769187424.534, 1769187424.616"
63.0,0,1769187361.1624,160.6192,27,10,37,0.0687,0.0243,0.0243,1.0,0.0,99.25,0.2824,97.6879,97.6879,5338.6895,1769187522.0666678,26.81,37,138,0.116,9,0,0,14.39,15.0,0,1385,1769187423.441,-96.191,meta-llama/Llama-3.2-1B-Instruct,"1769187423.441, 1769187423.793, 1769187424.162, 1769187424.534, 1769187424.616"
57.0,1,1769187359.2211,139.6983,3657,1024,4681,0.4339,0.0365,0.0627,200.0,0.0,99.26,28.9417,111.64,111.64,5450.3295,1769187527.8763676,26.62,37,139,0.161,9,0,0,14.39,15.0,0,1420,1769187424.616,-100.022,meta-llama/Llama-3.2-1B-Instruct,"1769187424.616, 1769187424.673, 1769187424.870, 1769187424.941, 1769187425.231"
60.0,0,1769187364.6161,163.3792,27,32,59,0.0685,0.0284,0.0322,1.0,0.0,99.26,0.7264,103.4477,103.4477,5553.7772,1769187528.7241178,26.43,37,140,0.12,9,0,0,14.39,15.0,0,1420,1769187424.616,-100.022,meta-llama/Llama-3.2-1B-Instruct,"1769187424.616, 1769187424.673, 1769187424.870, 1769187424.941, 1769187425.231"
90.0,1,1769187329.5655,173.8464,3195,1031,4226,0.5486,0.0344,0.0589,200.0,0.0,99.27,28.0368,111.8832,111.8832,5665.6604,1769187531.4615266,26.24,37,141,0.148,8,0,0,14.39,15.0,0,1455,1769187424.87,-104.778,meta-llama/Llama-3.2-1B-Instruct,"1769187424.870, 1769187424.941, 1769187425.231, 1769187425.248, 1769187425.259"
70.0,1,1769187349.9051,154.5418,3202,1025,4227,0.4243,0.0348,0.0622,200.0,0.0,99.28,27.9381,112.4799,112.4799,5778.1403,1769187532.3963056,26.06,37,142,0.159,9,0,0,14.39,15.0,0,1455,1769187424.87,-104.778,meta-llama/Llama-3.2-1B-Instruct,"1769187424.870, 1769187424.941, 1769187425.231, 1769187425.248, 1769187425.259"
61.0,1,1769187360.0555,145.0236,3376,1027,4403,0.4347,0.0345,0.0617,200.0,0.0,99.28,27.8763,111.8998,111.8998,5890.0401,1769187532.974039,25.87,37,143,0.169,9,0,0,14.39,15.0,0,1455,1769187424.87,-104.778,meta-llama/Llama-3.2-1B-Instruct,"1769187424.870, 1769187424.941, 1769187425.231, 1769187425.248, 1769187425.259"
61.0,0,1769187364.2312,168.8653,27,32,59,0.0732,0.0341,0.0344,1.0,0.0,99.29,0.7159,107.9385,107.9385,5997.9786,1769187533.8134642,25.69,37,144,0.114,9,0,0,14.39,15.0,0,1455,1769187424.87,-104.778,meta-llama/Llama-3.2-1B-Instruct,"1769187424.870, 1769187424.941, 1769187425.231, 1769187425.248, 1769187425.259"
50.0,0,1769187375.2482,158.6884,27,32,59,0.0663,0.0307,0.0346,1.0,0.0,99.29,0.7206,108.7547,108.7547,6106.7333,1769187534.6580455,25.52,37,145,0.115,9,0,0,14.39,15.0,0,1455,1769187424.87,-104.778,meta-llama/Llama-3.2-1B-Instruct,"1769187424.870, 1769187424.941, 1769187425.231, 1769187425.248, 1769187425.259"
82.0,1,1769187339.1526,173.0632,3160,1033,4193,0.3884,0.0345,0.0619,200.0,0.0,99.3,26.8767,117.9399,117.9399,6224.6732,1769187539.1106532,25.34,37,146,0.172,9,0,0,14.39,15.0,0,1490,1769187425.259,-109.439,meta-llama/Llama-3.2-1B-Instruct,"1769187425.259, 1769187425.506, 1769187425.821, 1769187425.943, 1769187426.076"
75.0,1,1769187346.1753,167.0804,3805,1022,4827,0.4674,0.0331,0.063,200.0,0.0,99.3,26.4912,118.5716,118.5716,6343.2448,1769187539.76639,25.17,37,147,0.165,9,0,0,14.39,15.0,0,1528,1769187425.821,-113.898,meta-llama/Llama-3.2-1B-Instruct,"1769187425.821, 1769187425.943, 1769187426.076, 1769187426.212, 1769187426.252"
71.0,0,1769187354.5058,184.7417,27,33,60,0.0693,0.0363,0.0399,1.0,0.0,99.31,0.7521,113.811,113.811,6457.0558,1769187540.0017564,25.0,37,148,0.119,9,0,0,14.39,15.0,0,1528,1769187425.821,-113.898,meta-llama/Llama-3.2-1B-Instruct,"1769187425.821, 1769187425.943, 1769187426.076, 1769187426.212, 1769187426.252"
13.0,0,1769187412.8208,127.0576,27,32,59,0.0786,0.0558,0.4423,1.0,0.0,99.31,1.1748,114.1363,114.1363,6571.1921,1769187541.0547462,24.83,37,149,0.104,9,0,0,14.39,15.0,0,1528,1769187425.821,-113.898,meta-llama/Llama-3.2-1B-Instruct,"1769187425.821, 1769187425.943, 1769187426.076, 1769187426.212, 1769187426.252"
78.0,1,1769187344.0025,172.6153,3391,1019,4410,0.4312,0.0339,0.0615,200.0,0.0,99.32,26.5039,121.1192,121.1192,6692.3113,1769187543.1445916,24.67,37,150,0.146,8,1,0,14.39,15.0,0,1528,1769187425.821,-113.898,meta-llama/Llama-3.2-1B-Instruct,"1769187425.821, 1769187425.943, 1769187426.076, 1769187426.212, 1769187426.252"
75.0,1,1769187348.1918,170.6545,5198,1024,6222,0.7239,0.0333,0.0635,200.0,0.0,99.32,26.6768,122.3313,122.3313,6814.6426,1769187545.5604634,24.5,37,151,0.128,9,0,0,14.39,15.0,0,1564,1769187426.252,-118.486,meta-llama/Llama-3.2-1B-Instruct,"1769187426.252, 1769187426.684, 1769187426.824, 1769187427.051, 1769187427.262"
31.0,0,1769187395.2516,150.4445,27,32,59,0.0694,0.0295,0.0377,1.0,0.0,99.32,0.7252,119.5139,119.5139,6934.1565,1769187546.4223807,24.34,37,152,0.116,9,0,0,14.39,15.0,0,1564,1769187426.252,-118.486,meta-llama/Llama-3.2-1B-Instruct,"1769187426.252, 1769187426.684, 1769187426.824, 1769187427.051, 1769187427.262"
76.0,1,1769187347.7928,173.0119,3556,1024,4580,0.4236,0.0347,0.0628,200.0,0.0,99.33,26.2885,123.3004,123.3004,7057.4568,1769187547.1103444,24.18,37,153,0.146,9,0,0,14.39,15.0,0,1564,1769187426.252,-118.486,meta-llama/Llama-3.2-1B-Instruct,"1769187426.252, 1769187426.684, 1769187426.824, 1769187427.051, 1769187427.262"
19.0,0,1769187407.8245,139.4142,27,32,59,0.0862,0.028,0.0348,1.0,0.0,99.33,0.7301,120.5005,120.5005,7177.9573,1769187547.9722776,24.03,37,154,0.115,9,0,0,14.39,15.0,0,1564,1769187426.252,-118.486,meta-llama/Llama-3.2-1B-Instruct,"1769187426.252, 1769187426.684, 1769187426.824, 1769187427.051, 1769187427.262"
53.0,1,1769187371.534,150.6493,3545,1028,4573,0.4215,0.0329,0.0588,200.0,0.0,99.34,25.8929,123.5422,123.5422,7301.4996,1769187548.0961637,23.87,37,155,0.116,9,0,0,14.39,15.0,0,1564,1769187426.252,-118.486,meta-llama/Llama-3.2-1B-Instruct,"1769187426.252, 1769187426.684, 1769187426.824, 1769187427.051, 1769187427.262"
44.0,0,1769187383.0515,165.0757,27,32,59,0.0825,0.0343,0.0497,1.0,0.0,99.34,0.7248,121.1581,121.1581,7422.6577,1769187548.8549252,23.72,37,156,0.101,8,0,0,14.39,15.0,0,1564,1769187426.252,-118.486,meta-llama/Llama-3.2-1B-Instruct,"1769187426.252, 1769187426.684, 1769187426.824, 1769187427.051, 1769187427.262"
94.0,0,1769187333.262,214.9286,27,32,59,0.0684,0.0305,0.0317,1.0,0.0,99.35,0.7067,120.997,120.997,7543.6547,1769187548.8982427,23.57,37,157,0.101,9,0,0,14.39,15.0,0,1564,1769187426.252,-118.486,meta-llama/Llama-3.2-1B-Instruct,"1769187426.252, 1769187426.684, 1769187426.824, 1769187427.051, 1769187427.262"
58.0,1,1769187366.6726,162.1599,3077,1024,4101,0.3818,0.0324,0.0584,200.0,0.0,99.35,26.1844,130.3443,130.3443,7673.999,1769187555.0290856,23.42,37,158,0.122,9,0,0,14.39,15.0,0,1633,1769187428.291,-126.473,meta-llama/Llama-3.2-1B-Instruct,"1769187428.291, 1769187429.112, 1769187429.873, 1769187430.081, 1769187430.919"
59.0,0,1769187369.2909,185.8308,27,32,59,0.0546,0.0283,0.0307,1.0,0.0,99.35,0.716,126.8855,126.8855,7800.8845,1769187555.839184,23.27,37,159,0.118,9,0,0,14.39,15.0,0,1633,1769187428.291,-126.473,meta-llama/Llama-3.2-1B-Instruct,"1769187428.291, 1769187429.112, 1769187429.873, 1769187430.081, 1769187430.919"
98.0,0,1769187331.1116,224.9243,27,32,59,0.0609,0.0281,0.0284,1.0,0.0,99.36,0.7233,126.9852,126.9852,7927.8697,1769187556.760545,23.12,37,160,0.119,9,0,0,14.39,15.0,0,1633,1769187428.291,-126.473,meta-llama/Llama-3.2-1B-Instruct,"1769187428.291, 1769187429.112, 1769187429.873, 1769187430.081, 1769187430.919"
14.0,1,1769187410.8704,120.7923,2948,1024,3972,0.3562,0.0338,0.0612,200.0,0.0,99.36,26.1751,132.9674,132.9674,8060.8371,1769187557.8595376,22.98,37,161,0.121,9,0,0,14.39,15.0,0,1633,1769187428.291,-126.473,meta-llama/Llama-3.2-1B-Instruct,"1769187428.291, 1769187429.112, 1769187429.873, 1769187430.081, 1769187430.919"
34.0,1,1769187390.9411,141.5348,3058,1030,4088,0.3724,0.0335,0.0576,200.0,0.0,99.37,25.8902,133.4249,133.4249,8194.262,1769187558.3855052,22.84,37,162,0.118,9,0,0,14.39,15.0,0,1633,1769187428.291,-126.473,meta-llama/Llama-3.2-1B-Instruct,"1769187428.291, 1769187429.112, 1769187429.873, 1769187430.081, 1769187430.919"
50.0,0,1769187380.0814,177.9018,27,32,59,0.0563,0.0419,0.0469,1.0,0.0,99.37,0.7401,127.958,127.958,8322.22,1769187558.7241173,22.7,37,163,0.119,9,0,0,14.39,15.0,0,1633,1769187428.291,-126.473,meta-llama/Llama-3.2-1B-Instruct,"1769187428.291, 1769187429.112, 1769187429.873, 1769187430.081, 1769187430.919"
48.0,0,1769187382.9191,175.6055,27,32,59,0.0631,0.0486,0.3109,1.0,0.0,99.38,1.0368,127.6686,127.6686,8449.8886,1769187559.5618522,22.56,37,164,0.107,9,0,0,14.39,15.0,0,1633,1769187428.291,-126.473,meta-llama/Llama-3.2-1B-Instruct,"1769187428.291, 1769187429.112, 1769187429.873, 1769187430.081, 1769187430.919"
73.0,0,1769187358.7464,200.9761,27,32,59,0.0829,0.0321,0.0321,1.0,0.0,99.38,0.7389,128.0591,128.0591,8577.9477,1769187560.4626865,22.42,37,165,0.117,9,0,0,14.39,15.0,0,1665,1769187432.82,-126.966,meta-llama/Llama-3.2-1B-Instruct,"1769187432.820, 1769187433.037, 1769187433.135, 1769187433.924, 1769187434.173"
89.0,1,1769187336.2593,198.5102,3032,1028,4060,0.3629,0.0344,0.056,200.0,0.0,99.38,25.9182,135.4284,135.4284,8713.3761,1769187560.7005706,22.29,37,166,0.117,9,0,0,14.39,15.0,0,1665,1769187432.82,-126.966,meta-llama/Llama-3.2-1B-Instruct,"1769187432.820, 1769187433.037, 1769187433.135, 1769187433.924, 1769187434.173"
83.0,0,1769187350.037,210.7227,27,32,59,0.5518,0.0297,0.0339,1.0,0.0,99.39,1.22,128.2745,128.2745,8841.6505,1769187561.981759,22.16,37,167,0.122,9,0,0,14.39,15.0,0,1665,1769187432.82,-126.966,meta-llama/Llama-3.2-1B-Instruct,"1769187432.820, 1769187433.037, 1769187433.135, 1769187433.924, 1769187434.173"
62.0,1,1769187363.9426,176.1814,3952,1030,4982,0.4949,0.034,0.0586,200.0,0.0,99.39,26.6067,140.7881,140.7881,8982.4386,1769187566.7573264,22.02,37,168,0.105,9,0,0,14.39,15.0,0,1701,1769187433.924,-130.867,meta-llama/Llama-3.2-1B-Instruct,"1769187433.924, 1769187434.173, 1769187434.194, 1769187434.483, 1769187434.682"
35.0,1,1769187391.076,150.0885,3004,1025,4029,0.3717,0.0331,0.0583,200.0,0.0,99.39,26.1994,141.2879,141.2879,9123.7265,1769187567.3828113,21.89,37,169,0.118,9,0,0,14.39,15.0,0,1701,1769187433.924,-130.867,meta-llama/Llama-3.2-1B-Instruct,"1769187433.924, 1769187434.173, 1769187434.194, 1769187434.483, 1769187434.682"
21.0,0,1769187412.924,153.9705,27,32,59,0.0906,0.0289,0.033,1.0,0.0,99.4,0.7307,133.0611,133.0611,9256.7876,1769187567.6282957,21.76,37,170,0.123,9,0,0,14.39,15.0,0,1701,1769187433.924,-130.867,meta-llama/Llama-3.2-1B-Instruct,"1769187433.924, 1769187434.173, 1769187434.194, 1769187434.483, 1769187434.682"
43.0,1,1769187391.1936,176.5498,3197,0,3197,,,,200.0,,,0.6974,134.2472,134.2472,9391.0347,1769187568.4566202,21.64,37,171,0.124,9,0,0,14.39,15.0,0,1701,1769187433.924,-130.867,meta-llama/Llama-3.2-1B-Instruct,"1769187433.924, 1769187434.173, 1769187434.194, 1769187434.483, 1769187434.682"
102.0,1,1769187324.212,219.0779,5583,1027,6610,0.7184,0.0334,0.0618,200.0,0.0,99.4,27.3029,144.3808,144.3808,9535.4156,1769187570.6227646,21.51,37,172,0.116,9,0,0,14.39,15.0,0,1738,1769187434.682,-135.163,meta-llama/Llama-3.2-1B-Instruct,"1769187434.682, 1769187434.754, 1769187434.799, 1769187434.992, 1769187435.068"
31.0,1,1769187403.1733,164.4078,3940,78,4018,0.5507,0.0402,0.5774,200.0,0.0,99.4,3.2073,136.6151,136.6151,9672.0307,1769187570.8068175,21.39,37,173,0.111,9,0,0,14.39,15.0,0,1738,1769187434.682,-135.163,meta-llama/Llama-3.2-1B-Instruct,"1769187434.682, 1769187434.754, 1769187434.799, 1769187434.992, 1769187435.068"
58.0,0,1769187376.7545,194.1422,27,32,59,0.3793,0.0284,0.0299,1.0,0.0,99.41,1.0493,136.5215,136.5215,9808.5522,1769187571.9470716,21.26,37,174,0.121,9,0,0,14.39,15.0,0,1738,1769187434.682,-135.163,meta-llama/Llama-3.2-1B-Instruct,"1769187434.682, 1769187434.754, 1769187434.799, 1769187434.992, 1769187435.068"
26.0,1,1769187405.2346,153.6011,2970,476,3446,0.3579,0.0335,0.4512,200.0,0.0,99.41,14.1564,141.7575,141.7575,9950.3097,1769187573.004438,21.14,37,175,0.107,9,0,0,14.39,15.0,0,1738,1769187434.682,-135.163,meta-llama/Llama-3.2-1B-Instruct,"1769187434.682, 1769187434.754, 1769187434.799, 1769187434.992, 1769187435.068"
97.0,0,1769187337.9923,235.1841,27,32,59,0.0634,0.0293,0.0329,1.0,0.0,99.42,0.7347,138.2475,138.2475,10088.5572,1769187573.9120603,21.02,37,176,0.124,9,0,0,14.39,15.0,0,1738,1769187434.682,-135.163,meta-llama/Llama-3.2-1B-Instruct,"1769187434.682, 1769187434.754, 1769187434.799, 1769187434.992, 1769187435.068"
102.0,1,1769187324.6839,221.838,3559,1023,4582,0.4353,0.0345,0.0697,200.0,0.0,99.42,27.5969,147.4349,147.4349,10235.9921,1769187574.138182,20.9,37,177,0.118,9,0,0,14.39,15.0,0,1738,1769187434.682,-135.163,meta-llama/Llama-3.2-1B-Instruct,"1769187434.682, 1769187434.754, 1769187434.799, 1769187434.992, 1769187435.068"
11.0,0,1769187424.0678,149.982,27,32,59,0.0685,0.068,0.3695,1.0,0.0,99.42,1.1258,139.0506,139.0506,10375.0427,1769187575.1780457,20.79,37,178,0.126,9,0,0,14.39,15.0,0,1770,1769187435.18,-139.694,meta-llama/Llama-3.2-1B-Instruct,"1769187435.180, 1769187435.540, 1769187436.208, 1769187436.563, 1769187436.791"
57.0,0,1769187378.1804,197.12,27,32,59,0.0558,0.0269,0.0297,1.0,0.0,99.43,0.7182,140.1758,140.1758,10515.2186,1769187576.019981,20.67,37,179,0.124,9,0,0,14.39,15.0,0,1770,1769187435.18,-139.694,meta-llama/Llama-3.2-1B-Instruct,"1769187435.180, 1769187435.540, 1769187436.208, 1769187436.563, 1769187436.791"
15.0,1,1769187412.4942,136.4424,3151,1015,4166,0.4242,0.0334,0.1986,200.0,0.0,99.43,27.6401,149.0825,149.0825,10813.3305,1769187576.5981925,20.56,37,181,0.102,8,0,0,14.39,15.0,0,1770,1769187435.18,-139.694,meta-llama/Llama-3.2-1B-Instruct,"1769187435.180, 1769187435.540, 1769187436.208, 1769187436.563, 1769187436.791"
64.0,1,1769187363.5494,185.4514,3376,1028,4404,0.6955,0.0341,0.0699,200.0,0.0,99.43,27.5781,149.0294,149.0294,10813.3305,1769187576.5985348,20.44,37,181,0.102,8,0,0,14.39,15.0,0,1770,1769187435.18,-139.694,meta-llama/Llama-3.2-1B-Instruct,"1769187435.180, 1769187435.540, 1769187436.208, 1769187436.563, 1769187436.791"
11.0,0,1769187424.54,151.5562,27,32,59,0.066,0.0303,0.0559,1.0,0.0,99.44,0.7503,140.6221,140.6221,10953.9526,1769187576.8517718,20.33,37,182,0.125,9,0,0,14.39,15.0,0,1770,1769187435.18,-139.694,meta-llama/Llama-3.2-1B-Instruct,"1769187435.180, 1769187435.540, 1769187436.208, 1769187436.563, 1769187436.791"
41.0,1,1769187391.8198,168.7755,5207,599,5806,0.7093,0.0346,0.3652,200.0,0.0,99.44,17.3886,145.1641,145.1641,11380.1973,1769187578.0156693,20.22,37,185,0.118,9,0,0,14.39,15.0,0,1770,1769187435.18,-139.694,meta-llama/Llama-3.2-1B-Instruct,"1769187435.180, 1769187435.540, 1769187436.208, 1769187436.563, 1769187436.791"
70.0,0,1769187366.7913,210.1599,27,32,59,0.3033,0.0283,0.1852,1.0,0.0,99.44,1.0485,140.4632,140.4632,11380.1973,1769187578.0181348,20.11,37,185,0.109,9,0,0,14.39,15.0,0,1770,1769187435.18,-139.694,meta-llama/Llama-3.2-1B-Instruct,"1769187435.180, 1769187435.540, 1769187436.208, 1769187436.563, 1769187436.791"
56.0,1,1769187382.6764,195.6253,3953,0,3953,,,,200.0,,,0.4861,140.1114,140.1114,11520.3087,1769187578.7993393,19.89,37,186,0.092,8,1,0,14.39,15.0,0,1770,1769187435.18,-139.694,meta-llama/Llama-3.2-1B-Instruct,"1769187435.180, 1769187435.540, 1769187436.208, 1769187436.563, 1769187436.791"
63.0,0,1769187374.7764,203.3952,27,32,59,0.0624,0.0596,0.4337,1.0,0.0,99.45,1.201,140.4577,140.4577,11660.7664,1769187579.373321,19.79,37,187,0.092,7,0,0,14.39,15.0,0,1770,1769187435.18,-139.694,meta-llama/Llama-3.2-1B-Instruct,"1769187435.180, 1769187435.540, 1769187436.208, 1769187436.563, 1769187436.791"
109.0,0,1769187329.4399,248.7943,27,32,59,0.0807,0.0541,0.4341,1.0,0.0,99.45,1.1787,139.8749,139.8749,11800.6413,1769187579.4139743,19.68,37,188,0.092,7,0,0,14.39,15.0,0,1770,1769187435.18,-139.694,meta-llama/Llama-3.2-1B-Instruct,"1769187435.180, 1769187435.540, 1769187436.208, 1769187436.563, 1769187436.791"
60.0,0,1769187378.8477,200.0728,27,32,59,0.0694,0.0523,0.7072,1.0,0.0,99.45,1.3965,140.1423,140.1423,11940.7836,1769187580.319106,19.58,37,189,0.092,9,0,0,14.39,15.0,0,1797,1769187439.871,-140.021,meta-llama/Llama-3.2-1B-Instruct,"1769187439.871, 1769187440.037, 1769187440.096, 1769187440.339, 1769187440.504"
32.0,1,1769187397.8733,159.0169,3130,1025,4155,0.386,0.0353,0.3237,200.0,0.0,99.46,28.8137,155.8306,155.8306,12096.6142,1769187585.7263746,19.47,37,190,0.12,9,0,0,14.39,15.0,0,1835,1769187440.037,-144.898,meta-llama/Llama-3.2-1B-Instruct,"1769187440.037, 1769187440.096, 1769187440.339, 1769187440.504, 1769187440.818"
86.0,0,1769187354.0368,231.8136,27,32,59,0.0697,0.0307,0.0323,1.0,0.0,99.46,0.7422,145.8833,145.8833,12242.4975,1769187586.5935612,19.37,37,191,0.12,9,0,0,14.39,15.0,0,1835,1769187440.037,-144.898,meta-llama/Llama-3.2-1B-Instruct,"1769187440.037, 1769187440.096, 1769187440.339, 1769187440.504, 1769187440.818"
86.0,1,1769187347.135,214.9548,3025,1023,4048,0.3824,0.0334,0.1845,200.0,0.0,99.46,27.8987,156.8534,156.8534,12399.3509,1769187590.0089114,19.27,37,192,0.123,9,0,0,14.39,15.0,0,1872,1769187440.339,-149.626,meta-llama/Llama-3.2-1B-Instruct,"1769187440.339, 1769187440.504, 1769187440.818, 1769187440.986, 1769187441.709"
51.0,0,1769187389.3394,200.796,27,32,59,0.0808,0.0304,0.0328,1.0,0.0,99.47,0.7439,149.8768,149.8768,12549.2277,1769187590.8800302,19.17,37,193,0.123,9,0,0,14.39,15.0,0,1872,1769187440.339,-149.626,meta-llama/Llama-3.2-1B-Instruct,"1769187440.339, 1769187440.504, 1769187440.818, 1769187440.986, 1769187441.709"
42.0,0,1769187398.5036,192.5019,27,32,59,0.0777,0.028,0.0343,1.0,0.0,99.47,0.7469,150.5796,150.5796,12699.8072,1769187591.757574,19.07,37,194,0.124,9,0,0,14.39,15.0,0,1872,1769187440.339,-149.626,meta-llama/Llama-3.2-1B-Instruct,"1769187440.339, 1769187440.504, 1769187440.818, 1769187440.986, 1769187441.709"
71.0,1,1769187363.6815,207.0661,3867,929,4796,0.5237,0.0337,0.0609,200.0,0.0,99.47,24.7927,160.8588,160.8588,12860.666,1769187595.5658588,18.97,37,195,0.121,9,0,0,14.39,15.0,0,1908,1769187440.986,-153.987,meta-llama/Llama-3.2-1B-Instruct,"1769187440.986, 1769187441.709, 1769187441.716, 1769187441.999, 1769187442.560"
76.0,1,1769187358.4827,210.1892,5028,1024,6052,0.6422,0.0343,0.0652,200.0,0.0,99.47,27.5289,161.7181,161.7181,13022.3842,1769187596.228362,18.88,37,196,0.124,9,0,0,14.39,15.0,0,1908,1769187440.986,-153.987,meta-llama/Llama-3.2-1B-Instruct,"1769187440.986, 1769187441.709, 1769187441.716, 1769187441.999, 1769187442.560"
75.0,0,1769187365.9857,229.7142,27,32,59,0.0508,0.0366,0.0452,1.0,0.0,99.48,0.7649,154.765,154.765,13177.1491,1769187596.4660742,18.78,37,197,0.13,9,0,0,14.39,15.0,0,1908,1769187440.986,-153.987,meta-llama/Llama-3.2-1B-Instruct,"1769187440.986, 1769187441.709, 1769187441.716, 1769187441.999, 1769187442.560"
87.0,0,1769187354.7086,241.6017,27,32,59,0.0689,0.0518,0.3627,1.0,0.0,99.48,1.1006,154.6707,154.6707,13331.8198,1769187597.4119456,18.69,37,198,0.112,9,0,0,14.39,15.0,0,1908,1769187440.986,-153.987,meta-llama/Llama-3.2-1B-Instruct,"1769187440.986, 1769187441.709, 1769187441.716, 1769187441.999, 1769187442.560"
63.0,1,1769187371.7995,200.267,3952,1026,4978,0.5122,0.0342,0.061,200.0,0.0,99.48,27.1985,164.4655,164.4655,13496.2853,1769187599.28899,18.59,37,199,0.122,9,0,0,14.39,15.0,0,1908,1769187440.986,-153.987,meta-llama/Llama-3.2-1B-Instruct,"1769187440.986, 1769187441.709, 1769187441.716, 1769187441.999, 1769187442.560"
102.0,1,1769187333.1411,241.0809,3653,1026,4679,0.425,0.034,0.0591,200.0,0.0,99.48,27.1412,166.2222,166.2222,13662.5075,1769187601.3838093,18.5,37,200,0.111,9,0,0,14.39,15.0,0,1944,1769187442.789,-157.23,meta-llama/Llama-3.2-1B-Instruct,"1769187442.789, 1769187443.091, 1769187443.092, 1769187443.341, 1769187443.406"
19.0,0,1769187423.7886,177.7804,27,32,59,0.0759,0.0308,0.1947,1.0,0.0,99.49,0.8732,158.8564,158.8564,13821.3639,1769187602.4556658,18.41,37,201,0.121,9,0,0,14.39,15.0,0,1944,1769187442.789,-157.23,meta-llama/Llama-3.2-1B-Instruct,"1769187442.789, 1769187443.091, 1769187443.092, 1769187443.341, 1769187443.406"
39.0,0,1769187404.0914,198.4411,27,32,59,0.0691,0.0341,0.0341,1.0,0.0,99.49,0.7449,159.5101,159.5101,13980.874,1769187603.2803283,18.32,37,202,0.122,9,0,0,14.39,15.0,0,1944,1769187442.789,-157.23,meta-llama/Llama-3.2-1B-Instruct,"1769187442.789, 1769187443.091, 1769187443.092, 1769187443.341, 1769187443.406"
35.0,1,1769187408.0918,195.2907,10463,0,10463,,,,200.0,,,1.6524,161.9431,161.9431,14142.817,1769187605.073857,18.23,37,203,0.123,9,0,0,14.39,15.0,0,1979,1769187443.341,-161.698,meta-llama/Llama-3.2-1B-Instruct,"1769187443.341, 1769187443.406, 1769187443.507, 1769187444.174, 1769187444.346"
41.0,1,1769187395.5633,181.2442,3516,1026,4542,0.446,0.0356,0.1878,200.0,0.0,99.49,28.3358,168.58,168.58,14311.3971,1769187605.1608262,18.14,37,204,0.098,8,0,0,14.39,15.0,0,1979,1769187443.341,-161.698,meta-llama/Llama-3.2-1B-Instruct,"1769187443.341, 1769187443.406, 1769187443.507, 1769187444.174, 1769187444.346"
103.0,0,1769187340.341,264.8352,27,32,59,0.0653,0.031,0.0433,1.0,0.0,99.49,0.7368,161.9005,161.9005,14473.2976,1769187605.9139833,18.05,37,205,0.109,8,0,0,14.39,15.0,0,1979,1769187443.341,-161.698,meta-llama/Llama-3.2-1B-Instruct,"1769187443.341, 1769187443.406, 1769187443.507, 1769187444.174, 1769187444.346"
109.0,0,1769187334.4062,270.8762,27,32,59,0.0577,0.0327,0.0346,1.0,0.0,99.5,0.6958,161.9338,161.9338,14635.2314,1769187605.9790783,17.96,37,206,0.109,9,0,0,14.39,15.0,0,1979,1769187443.341,-161.698,meta-llama/Llama-3.2-1B-Instruct,"1769187443.341, 1769187443.406, 1769187443.507, 1769187444.174, 1769187444.346"
60.0,0,1769187383.5067,222.5426,27,32,59,0.0555,0.0553,0.6414,1.0,0.0,99.5,1.3881,162.5981,162.5981,14797.8295,1769187607.4384346,17.87,37,207,0.11,8,0,0,14.39,15.0,0,1979,1769187443.341,-161.698,meta-llama/Llama-3.2-1B-Instruct,"1769187443.341, 1769187443.406, 1769187443.507, 1769187444.174, 1769187444.346"
82.0,1,1769187357.1614,222.3271,3044,1024,4068,0.4149,0.0338,0.0718,200.0,0.0,99.5,28.3137,168.6408,168.6408,15134.7304,1769187607.8250613,17.7,37,209,0.093,8,0,0,14.39,15.0,0,1979,1769187443.341,-161.698,meta-llama/Llama-3.2-1B-Instruct,"1769187443.341, 1769187443.406, 1769187443.507, 1769187444.174, 1769187444.346"
21.0,1,1769187418.5409,161.1466,3516,1017,4533,0.5522,0.0336,0.0586,200.0,0.0,99.5,28.1135,168.2601,168.2601,15134.7304,1769187607.8255858,17.79,37,209,0.093,8,0,0,14.39,15.0,0,1979,1769187443.341,-161.698,meta-llama/Llama-3.2-1B-Instruct,"1769187443.341, 1769187443.406, 1769187443.507, 1769187444.174, 1769187444.346"
63.0,1,1769187376.8707,203.6103,3587,1030,4617,0.4467,0.0339,0.0602,200.0,0.0,99.51,28.039,168.6493,168.6493,15303.3797,1769187608.5372138,17.62,37,210,0.114,9,0,0,14.39,15.0,0,1979,1769187443.341,-161.698,meta-llama/Llama-3.2-1B-Instruct,"1769187443.341, 1769187443.406, 1769187443.507, 1769187444.174, 1769187444.346"
80.0,0,1769187364.3464,243.1863,27,32,59,0.0718,0.0402,0.4185,1.0,0.0,99.51,1.1467,163.2581,163.2581,15466.6378,1769187608.6803274,17.54,37,211,0.129,9,0,0,14.39,15.0,0,1979,1769187443.341,-161.698,meta-llama/Llama-3.2-1B-Instruct,"1769187443.341, 1769187443.406, 1769187443.507, 1769187444.174, 1769187444.346"
65.0,0,1769187380.2175,227.8234,27,31,58,0.4405,0.0487,0.3138,1.0,0.0,99.51,1.4473,163.2639,163.2639,15629.9017,1769187609.494829,17.45,37,212,0.102,8,0,0,14.39,15.0,0,1979,1769187443.341,-161.698,meta-llama/Llama-3.2-1B-Instruct,"1769187443.341, 1769187443.406, 1769187443.507, 1769187444.174, 1769187444.346"
71.0,0,1769187374.6567,233.9959,27,32,59,0.0665,0.055,0.3473,1.0,0.0,99.51,1.0755,163.0624,163.0624,15792.9641,1769187609.7290142,17.37,37,213,0.099,9,0,0,14.39,15.0,0,1979,1769187443.341,-161.698,meta-llama/Llama-3.2-1B-Instruct,"1769187443.341, 1769187443.406, 1769187443.507, 1769187444.174, 1769187444.346"
25.0,0,1769187421.096,188.5213,27,32,59,0.0882,0.0312,0.0532,1.0,0.0,99.52,0.7696,163.6095,163.6095,15956.5736,1769187610.3885543,17.29,37,214,0.11,9,0,0,14.39,15.0,0,2008,1769187446.339,-163.734,meta-llama/Llama-3.2-1B-Instruct,"1769187446.339, 1769187446.369, 1769187446.889, 1769187446.912, 1769187446.991"
103.0,0,1769187343.1368,266.6887,27,32,59,0.0599,0.0295,0.031,1.0,0.0,99.52,0.7125,163.7486,163.7486,16120.3223,1769187610.548104,17.21,37,215,0.11,9,0,0,14.39,15.0,0,2008,1769187446.339,-163.734,meta-llama/Llama-3.2-1B-Instruct,"1769187446.339, 1769187446.369, 1769187446.889, 1769187446.912, 1769187446.991"
34.0,0,1769187412.3688,198.2668,27,32,59,0.2945,0.0328,0.0339,1.0,0.0,99.52,0.9552,164.5613,164.5613,16284.8836,1769187611.5917847,17.13,37,216,0.12,9,0,0,14.39,15.0,0,2008,1769187446.339,-163.734,meta-llama/Llama-3.2-1B-Instruct,"1769187446.339, 1769187446.369, 1769187446.889, 1769187446.912, 1769187446.991"
48.0,0,1769187398.8894,212.8944,27,32,59,0.0555,0.034,0.0365,1.0,0.0,99.52,0.7181,164.95,164.95,16449.8336,1769187612.502653,17.05,37,217,0.121,9,0,0,14.39,15.0,0,2008,1769187446.339,-163.734,meta-llama/Llama-3.2-1B-Instruct,"1769187446.339, 1769187446.369, 1769187446.889, 1769187446.912, 1769187446.991"
90.0,0,1769187356.9123,255.6982,27,32,59,0.0758,0.0295,0.0301,1.0,0.0,99.53,0.7324,165.774,165.774,16615.6076,1769187613.3444672,16.97,37,218,0.122,9,0,0,14.39,15.0,0,2008,1769187446.339,-163.734,meta-llama/Llama-3.2-1B-Instruct,"1769187446.339, 1769187446.369, 1769187446.889, 1769187446.912, 1769187446.991"
82.0,0,1769187364.9908,248.4667,27,32,59,0.067,0.0285,0.0298,1.0,0.0,99.53,0.7288,166.5337,166.5337,16782.1413,1769187614.1876218,16.89,37,219,0.123,9,0,0,14.39,15.0,0,2008,1769187446.339,-163.734,meta-llama/Llama-3.2-1B-Instruct,"1769187446.339, 1769187446.369, 1769187446.889, 1769187446.912, 1769187446.991"
30.0,0,1769187417.3546,196.9316,27,32,59,0.0611,0.0297,0.0302,1.0,0.0,99.53,0.732,166.9926,166.9926,16949.1339,1769187615.0219972,16.82,37,220,0.125,9,0,0,14.39,15.0,0,2008,1769187446.339,-163.734,meta-llama/Llama-3.2-1B-Instruct,"1769187446.339, 1769187446.369, 1769187446.889, 1769187446.912, 1769187446.991"
35.0,1,1769187405.0959,181.6314,3279,1024,4303,0.4246,0.0368,0.0717,200.0,0.0,99.53,28.361,174.9924,174.9924,17124.1263,1769187615.107446,16.74,37,221,0.121,9,0,0,14.39,15.0,0,2008,1769187446.339,-163.734,meta-llama/Llama-3.2-1B-Instruct,"1769187446.339, 1769187446.369, 1769187446.889, 1769187446.912, 1769187446.991"
30.0,0,1769187417.466,197.8649,27,12,39,0.0844,0.028,0.028,1.0,0.0,99.53,0.3286,167.9493,167.9493,17292.0756,1769187615.6645837,16.67,37,222,0.112,8,0,0,14.39,15.0,0,2040,1769187447.466,-167.67,meta-llama/Llama-3.2-1B-Instruct,"1769187447.466, 1769187447.557, 1769187448.288, 1769187449.102, 1769187449.199"
102.0,0,1769187345.43,269.7352,27,32,59,0.0735,0.0541,0.3841,1.0,0.0,99.54,1.1457,167.8088,167.8088,17459.8844,1769187616.3118377,16.59,37,223,0.112,8,0,0,14.39,15.0,0,2040,1769187447.466,-167.67,meta-llama/Llama-3.2-1B-Instruct,"1769187447.466, 1769187447.557, 1769187448.288, 1769187449.102, 1769187449.199"
70.0,0,1769187378.2876,238.2921,27,0,27,,,,1.0,,,0.0827,168.3748,168.3748,17628.2592,1769187616.6630523,16.52,37,224,0.125,9,0,0,14.39,15.0,0,2040,1769187447.466,-167.67,meta-llama/Llama-3.2-1B-Instruct,"1769187447.466, 1769187447.557, 1769187448.288, 1769187449.102, 1769187449.199"
91.0,1,1769187350.9991,246.5258,3195,696,3891,0.3924,0.0411,0.3208,200.0,0.0,99.54,20.3471,175.8729,175.8729,17804.1321,1769187617.893651,16.44,37,225,0.124,9,0,0,14.39,15.0,0,2040,1769187447.466,-167.67,meta-llama/Llama-3.2-1B-Instruct,"1769187447.466, 1769187447.557, 1769187448.288, 1769187449.102, 1769187449.199"
23.0,1,1769187417.8178,174.1611,5186,1028,6214,0.6818,0.0377,0.3098,200.0,0.0,99.54,29.4847,180.6458,180.6458,17984.778,1769187621.4847593,16.37,37,226,0.125,9,0,0,14.39,15.0,0,2075,1769187449.404,-170.799,meta-llama/Llama-3.2-1B-Instruct,"1769187449.404, 1769187450.302, 1769187450.610, 1769187450.753, 1769187451.196"
81.0,0,1769187368.4036,253.193,27,32,59,0.0776,0.0342,0.0347,1.0,0.0,99.54,0.7459,172.2706,172.2706,18157.0486,1769187622.3495846,16.3,37,227,0.126,9,0,0,14.39,15.0,0,2075,1769187449.404,-170.799,meta-llama/Llama-3.2-1B-Instruct,"1769187449.404, 1769187450.302, 1769187450.610, 1769187450.753, 1769187451.196"
82.0,0,1769187368.3022,254.2091,27,32,59,0.0705,0.0315,0.0335,1.0,0.0,99.55,0.7468,172.2796,172.2796,18329.3282,1769187623.2589478,16.23,37,228,0.127,9,0,0,14.39,15.0,0,2075,1769187449.404,-170.799,meta-llama/Llama-3.2-1B-Instruct,"1769187449.404, 1769187450.302, 1769187450.610, 1769187450.753, 1769187451.196"
38.0,1,1769187403.7155,192.895,3468,1021,4489,0.421,0.0379,0.309,200.0,0.0,99.55,29.1919,184.0869,184.0869,18513.4152,1769187625.8208735,16.16,37,229,0.112,9,0,0,14.39,15.0,0,2093,1769187450.753,-174.484,meta-llama/Llama-3.2-1B-Instruct,"1769187450.753, 1769187451.196, 1769187451.362, 1769187451.898, 1769187452.041"
32.0,0,1769187418.753,207.181,27,32,59,0.0792,0.0327,0.3294,1.0,0.0,99.55,1.0468,175.2602,175.2602,18688.6754,1769187626.989356,16.09,37,230,0.129,9,0,0,14.39,15.0,0,2093,1769187450.753,-174.484,meta-llama/Llama-3.2-1B-Instruct,"1769187450.753, 1769187451.196, 1769187451.362, 1769187451.898, 1769187452.041"
20.0,1,1769187422.5601,176.8342,4000,1029,5029,0.5096,0.0371,0.3073,200.0,0.0,99.55,29.1687,186.0029,186.0029,18874.6783,1769187628.5841842,16.02,37,231,0.121,9,0,0,14.39,15.0,0,2093,1769187450.753,-174.484,meta-llama/Llama-3.2-1B-Instruct,"1769187450.753, 1769187451.196, 1769187451.362, 1769187451.898, 1769187452.041"
99.0,1,1769187352.1959,274.9238,3126,78,3204,0.3959,0.0313,0.2298,200.0,0.0,99.55,2.1414,178.0652,178.0652,19052.7436,1769187629.2787054,15.95,37,232,0.13,9,0,0,14.39,15.0,0,2093,1769187450.753,-174.484,meta-llama/Llama-3.2-1B-Instruct,"1769187450.753, 1769187451.196, 1769187451.362, 1769187451.898, 1769187452.041"
30.0,0,1769187421.3617,207.4792,27,32,59,0.0684,0.0607,1.1499,1.0,0.1499,99.11,1.9097,177.5476,177.5476,19230.2912,1769187630.7515135,15.88,37,233,0.126,9,0,0,14.39,15.0,0,2089,1769187452.041,-178.218,meta-llama/Llama-3.2-1B-Instruct,"1769187452.041, 1769187452.150, 1769187452.219, 1769187452.514, 1769187452.626"
37.0,0,1769187415.0407,215.854,27,32,59,0.0874,0.0307,0.0319,1.0,0.0,99.12,0.7901,178.9414,178.9414,19409.2326,1769187631.68713,15.81,37,234,0.144,9,0,0,14.39,15.0,0,2089,1769187452.041,-178.218,meta-llama/Llama-3.2-1B-Instruct,"1769187452.041, 1769187452.150, 1769187452.219, 1769187452.514, 1769187452.626"
44.0,1,1769187400.1735,205.9245,5567,1029,6596,0.6908,0.0377,0.3086,200.0,0.0,99.12,29.002,190.9265,190.9265,19600.1591,1769187635.123039,15.74,37,235,0.11,8,0,0,14.39,15.0,0,2089,1769187452.041,-178.218,meta-llama/Llama-3.2-1B-Instruct,"1769187452.041, 1769187452.150, 1769187452.219, 1769187452.514, 1769187452.626"
61.0,1,1769187383.8944,224.1031,3618,1026,4644,0.4769,0.0367,0.3074,200.0,0.0,99.12,28.7607,191.8638,191.8638,19792.0228,1769187636.7745097,15.68,37,236,0.102,8,0,0,14.39,15.0,0,2086,1769187452.514,-182.776,meta-llama/Llama-3.2-1B-Instruct,"1769187452.514, 1769187452.626, 1769187452.808, 1769187452.828, 1769187453.357"
70.0,1,1769187375.7551,233.0352,3103,1021,4124,0.3802,0.0383,0.1938,200.0,0.0,99.13,28.3624,191.3975,191.3975,19983.4204,1769187637.1744053,15.61,37,237,0.099,9,0,0,14.39,15.0,0,2086,1769187452.514,-182.776,meta-llama/Llama-3.2-1B-Instruct,"1769187452.514, 1769187452.626, 1769187452.808, 1769187452.828, 1769187453.357"
127.0,0,1769187325.514,311.3896,27,32,59,0.0878,0.0453,0.3255,1.0,0.0,99.13,1.1081,184.4774,184.4774,20167.8978,1769187638.0126636,15.55,37,238,0.139,9,0,0,14.39,15.0,0,2086,1769187452.514,-182.776,meta-llama/Llama-3.2-1B-Instruct,"1769187452.514, 1769187452.626, 1769187452.808, 1769187452.828, 1769187453.357"
100.0,1,1769187352.8079,285.3102,3102,0,3102,,,,200.0,,,0.401,185.7112,185.7112,20353.609,1769187638.5307233,15.48,37,239,0.137,9,0,0,14.39,15.0,0,2086,1769187452.514,-182.776,meta-llama/Llama-3.2-1B-Instruct,"1769187452.514, 1769187452.626, 1769187452.808, 1769187452.828, 1769187453.357"
36.0,1,1769187410.3391,200.1879,2955,1027,3982,0.3938,0.0365,0.3164,200.0,0.0,99.13,29.3209,193.5087,193.5087,20547.1177,1769187639.872254,15.42,37,240,0.111,8,0,0,14.39,15.0,0,2086,1769187452.514,-182.776,meta-llama/Llama-3.2-1B-Instruct,"1769187452.514, 1769187452.626, 1769187452.808, 1769187452.828, 1769187453.357"
26.0,0,1769187427.3568,212.6677,27,32,59,0.1015,0.0317,0.0319,1.0,0.0,99.14,0.8056,186.7693,186.7693,20733.887,1769187640.8319955,15.35,37,241,0.141,9,0,0,14.39,15.0,0,2081,1769187453.669,-186.663,meta-llama/Llama-3.2-1B-Instruct,"1769187453.669, 1769187453.737, 1769187453.767, 1769187454.008, 1769187454.435"
33.0,1,1769187414.5567,201.2036,3638,1024,4662,0.4244,0.0337,0.3145,200.0,0.0,99.14,29.702,197.9056,197.9056,20931.7926,1769187645.47743,15.29,37,242,0.113,9,0,0,14.39,15.0,0,2080,1769187453.737,-191.612,meta-llama/Llama-3.2-1B-Instruct,"1769187453.737, 1769187453.767, 1769187454.008, 1769187454.435, 1769187454.571"
78.0,1,1769187371.1022,245.6874,3032,1018,4050,0.3535,0.0353,0.3115,200.0,0.0,99.15,29.3536,197.0411,197.0411,21128.8337,1769187646.1680586,15.23,37,243,0.125,9,0,0,14.39,15.0,0,2080,1769187453.737,-191.612,meta-llama/Llama-3.2-1B-Instruct,"1769187453.737, 1769187453.767, 1769187454.008, 1769187454.435, 1769187454.571"
53.0,0,1769187400.7372,244.8629,27,32,59,0.0772,0.0432,0.0491,1.0,0.0,99.15,0.8065,191.9401,191.9401,21320.7738,1769187646.4092152,15.16,37,244,0.145,9,0,0,14.39,15.0,0,2080,1769187453.737,-191.612,meta-llama/Llama-3.2-1B-Instruct,"1769187453.737, 1769187453.767, 1769187454.008, 1769187454.435, 1769187454.571"
108.0,1,1769187341.199,276.8095,5703,1026,6729,0.7245,0.0355,0.3158,200.0,0.0,99.15,29.8207,198.6302,198.6302,21519.404,1769187647.8543873,15.1,37,245,0.123,9,0,0,14.39,15.0,0,2080,1769187453.737,-191.612,meta-llama/Llama-3.2-1B-Instruct,"1769187453.737, 1769187453.767, 1769187454.008, 1769187454.435, 1769187454.571"
80.0,0,1769187374.4346,273.5036,27,30,57,0.0696,0.0325,0.0328,1.0,0.0,99.16,0.7365,193.5732,193.5732,21712.9772,1769187648.6782112,15.04,37,246,0.134,9,0,0,14.39,15.0,0,2080,1769187453.737,-191.612,meta-llama/Llama-3.2-1B-Instruct,"1769187453.737, 1769187453.767, 1769187454.008, 1769187454.435, 1769187454.571"
77.0,0,1769187377.5708,271.2482,27,32,59,0.0894,0.0287,0.0314,1.0,0.0,99.16,0.7828,194.3376,194.3376,21907.3148,1769187649.602687,14.98,37,247,0.135,9,0,0,14.39,15.0,0,2080,1769187453.737,-191.612,meta-llama/Llama-3.2-1B-Instruct,"1769187453.737, 1769187453.767, 1769187454.008, 1769187454.435, 1769187454.571"
122.0,0,1769187332.623,317.1042,27,32,59,0.0728,0.03,0.0322,1.0,0.0,99.16,0.7687,195.177,195.177,22102.4918,1769187650.4987128,14.92,37,248,0.136,9,0,0,14.39,15.0,0,2074,1769187454.688,-195.681,meta-llama/Llama-3.2-1B-Instruct,"1769187454.688, 1769187454.894, 1769187454.935, 1769187454.949, 1769187455.052"
63.0,0,1769187391.6882,258.9202,27,32,59,0.0776,0.0325,0.0332,1.0,0.0,99.17,0.7721,195.9979,195.9979,22298.4897,1769187651.3819165,14.86,37,249,0.137,9,0,0,14.39,15.0,0,2074,1769187454.688,-195.681,meta-llama/Llama-3.2-1B-Instruct,"1769187454.688, 1769187454.894, 1769187454.935, 1769187454.949, 1769187455.052"
61.0,0,1769187393.8937,257.6163,27,32,59,0.1049,0.032,0.0334,1.0,0.0,99.17,0.7957,196.7212,196.7212,22495.2108,1769187652.3083072,14.8,37,250,0.139,9,0,0,14.39,15.0,0,2074,1769187454.688,-195.681,meta-llama/Llama-3.2-1B-Instruct,"1769187454.688, 1769187454.894, 1769187454.935, 1769187454.949, 1769187455.052"
119.0,1,1769187331.61,291.7793,3730,1024,4754,0.4312,0.0375,0.3193,200.0,0.0,99.17,29.546,202.3253,202.3253,22697.5361,1769187652.9571927,14.74,37,251,0.128,9,0,0,14.39,15.0,0,2074,1769187454.688,-195.681,meta-llama/Llama-3.2-1B-Instruct,"1769187454.688, 1769187454.894, 1769187454.935, 1769187454.949, 1769187455.052"
76.0,0,1769187378.9493,274.1145,27,32,59,0.0662,0.0425,0.1983,1.0,0.0,99.18,0.7612,198.1807,198.1807,22895.7168,1769187653.8259308,14.68,37,252,0.134,9,0,0,14.39,15.0,0,2074,1769187454.688,-195.681,meta-llama/Llama-3.2-1B-Instruct,"1769187454.688, 1769187454.894, 1769187454.935, 1769187454.949, 1769187455.052"
97.0,1,1769187354.8976,274.5116,8574,1025,9599,1.2315,0.0369,0.0594,200.0,0.0,99.18,29.0313,206.5429,206.5429,23102.2597,1769187658.4712195,14.62,37,253,0.116,9,0,0,14.39,15.0,0,2069,1769187455.41,-200.009,meta-llama/Llama-3.2-1B-Instruct,"1769187455.410, 1769187455.624, 1769187455.790, 1769187456.303, 1769187456.639"
22.0,1,1769187430.1504,201.6764,4467,1024,5491,0.5797,0.035,0.064,200.0,0.0,99.18,28.1905,207.8669,207.8669,23310.1266,1769187660.045162,14.57,37,254,0.145,9,0,0,14.39,15.0,0,2069,1769187455.41,-200.009,meta-llama/Llama-3.2-1B-Instruct,"1769187455.410, 1769187455.624, 1769187455.790, 1769187456.303, 1769187456.639"
33.0,1,1769187419.2188,216.0348,3173,1018,4191,0.3898,0.0369,0.0554,200.0,0.0,99.19,27.8243,210.8591,210.8591,23520.9857,1769187663.0924377,14.51,37,255,0.142,9,0,0,14.39,15.0,0,2067,1769187455.79,-204.643,meta-llama/Llama-3.2-1B-Instruct,"1769187455.790, 1769187456.303, 1769187456.639, 1769187456.711, 1769187456.787"
68.0,1,1769187384.6265,252.6343,3062,1023,4085,0.3872,0.034,0.064,200.0,0.0,99.19,27.7547,212.389,212.389,23733.3747,1769187665.0313478,14.45,37,256,0.127,9,0,0,14.39,15.0,0,2067,1769187455.79,-204.643,meta-llama/Llama-3.2-1B-Instruct,"1769187455.790, 1769187456.303, 1769187456.639, 1769187456.711, 1769187456.787"
113.0,1,1769187339.8282,298.8418,4795,1026,5821,0.6009,0.0341,0.0589,200.0,0.0,99.19,28.3165,214.1583,214.1583,23947.533,1769187667.0131865,14.4,37,257,0.137,9,0,0,14.39,15.0,0,2065,1769187456.639,-208.828,meta-llama/Llama-3.2-1B-Instruct,"1769187456.639, 1769187456.711, 1769187456.787, 1769187456.791, 1769187457.142"
26.0,0,1769187430.6394,236.5171,27,32,59,0.0681,0.0321,0.0324,1.0,0.0,99.2,0.756,210.5852,210.5852,24158.1182,1769187667.913986,14.34,37,258,0.13,9,0,0,14.39,15.0,0,2065,1769187456.639,-208.828,meta-llama/Llama-3.2-1B-Instruct,"1769187456.639, 1769187456.711, 1769187456.787, 1769187456.791, 1769187457.142"
51.0,1,1769187402.6688,238.2739,3869,1028,4897,0.504,0.035,0.064,200.0,0.0,99.2,28.1166,215.3905,215.3905,24373.5086,1769187669.085561,14.29,37,259,0.142,9,0,0,14.39,15.0,0,2065,1769187456.639,-208.828,meta-llama/Llama-3.2-1B-Instruct,"1769187456.639, 1769187456.711, 1769187456.787, 1769187456.791, 1769187457.142"
131.0,0,1769187325.7874,343.4462,27,32,59,0.0785,0.0313,0.0336,1.0,0.0,99.2,0.7631,212.5248,212.5248,24586.0334,1769187669.9979124,14.23,37,260,0.129,9,0,0,14.39,15.0,0,2065,1769187456.639,-208.828,meta-llama/Llama-3.2-1B-Instruct,"1769187456.639, 1769187456.711, 1769187456.787, 1769187456.791, 1769187457.142"
79.0,0,1769187377.7907,292.3058,27,32,59,0.0732,0.0283,0.029,1.0,0.0,99.21,0.7637,213.379,213.379,24799.4124,1769187670.8610976,14.18,37,261,0.13,9,0,0,14.39,15.0,0,2061,1769187457.142,-213.385,meta-llama/Llama-3.2-1B-Instruct,"1769187457.142, 1769187457.372, 1769187458.227, 1769187458.258, 1769187458.424"
26.0,1,1769187430.3028,234.8665,8588,194,8782,1.2987,0.037,0.0459,200.0,0.0,99.21,6.1448,215.0113,215.0113,25014.4237,1769187671.342251,14.12,37,262,0.12,9,0,0,14.39,15.0,0,2061,1769187457.142,-213.385,meta-llama/Llama-3.2-1B-Instruct,"1769187457.142, 1769187457.372, 1769187458.227, 1769187458.258, 1769187458.424"
127.0,0,1769187330.1423,340.8249,27,32,59,0.088,0.0373,0.0496,1.0,0.0,99.21,0.7682,213.9129,213.9129,25228.3366,1769187671.7366009,14.07,37,263,0.131,9,0,0,14.39,15.0,0,2061,1769187457.142,-213.385,meta-llama/Llama-3.2-1B-Instruct,"1769187457.142, 1769187457.372, 1769187458.227, 1769187458.258, 1769187458.424"
34.0,0,1769187423.3723,248.0986,27,32,59,0.0722,0.0321,0.051,1.0,0.0,99.22,0.7353,214.1709,214.1709,25442.5075,1769187672.2086866,14.02,37,264,0.103,9,0,0,14.39,15.0,0,2061,1769187457.142,-213.385,meta-llama/Llama-3.2-1B-Instruct,"1769187457.142, 1769187457.372, 1769187458.227, 1769187458.258, 1769187458.424"
61.0,0,1769187397.2271,274.6581,27,32,59,0.0733,0.0632,1.121,1.0,0.121,98.83,1.8828,213.7313,213.7313,25656.2388,1769187673.7690632,13.96,37,265,0.104,9,0,0,14.39,15.0,0,2061,1769187457.142,-213.385,meta-llama/Llama-3.2-1B-Instruct,"1769187457.142, 1769187457.372, 1769187458.227, 1769187458.258, 1769187458.424"
116.0,0,1769187342.4235,331.4746,27,32,59,0.0684,0.0293,0.0316,1.0,0.0,98.83,0.7571,215.543,215.543,25871.7818,1769187674.656227,13.91,37,266,0.131,9,0,0,14.39,15.0,0,2061,1769187457.142,-213.385,meta-llama/Llama-3.2-1B-Instruct,"1769187457.142, 1769187457.372, 1769187458.227, 1769187458.258, 1769187458.424"
42.0,1,1769187411.7674,234.527,3332,1024,4356,0.4811,0.0359,0.0697,200.0,0.0,98.84,28.6375,221.1645,221.1645,26313.8705,1769187674.9553096,13.86,37,268,0.133,9,0,0,14.39,15.0,0,2061,1769187457.142,-213.385,meta-llama/Llama-3.2-1B-Instruct,"1769187457.142, 1769187457.372, 1769187458.227, 1769187458.258, 1769187458.424"
114.0,1,1769187340.0084,306.4788,3311,1030,4341,0.6224,0.0363,0.0663,200.0,0.0,98.84,28.4454,220.9242,220.9242,26313.8705,1769187674.9556491,13.81,37,268,0.144,9,0,0,14.39,15.0,0,2061,1769187457.142,-213.385,meta-llama/Llama-3.2-1B-Instruct,"1769187457.142, 1769187457.372, 1769187458.227, 1769187458.258, 1769187458.424"
77.0,0,1769187382.1296,292.6138,27,32,59,0.0763,0.0463,0.6548,1.0,0.0,98.85,1.4191,215.6902,215.6902,26529.5606,1769187676.1645837,13.75,37,269,0.132,9,0,0,14.39,15.0,0,2053,1769187460.155,-215.377,meta-llama/Llama-3.2-1B-Instruct,"1769187460.155, 1769187460.232, 1769187460.341, 1769187460.468, 1769187460.508"
84.0,0,1769187375.4892,299.6053,27,32,59,0.084,0.593,0.6455,1.0,0.0,98.85,1.991,215.6893,215.6893,26745.25,1769187677.0882497,13.7,37,270,0.105,8,0,0,14.39,15.0,0,2053,1769187460.155,-215.377,meta-llama/Llama-3.2-1B-Instruct,"1769187460.155, 1769187460.232, 1769187460.341, 1769187460.468, 1769187460.508"
14.0,1,1769187445.7534,229.5019,5198,31,5229,0.7219,0.0532,0.5894,200.0,0.0,98.85,2.045,217.5469,217.5469,26962.7968,1769187677.3192582,13.65,37,271,0.105,9,0,0,14.39,15.0,0,2053,1769187460.155,-215.377,meta-llama/Llama-3.2-1B-Instruct,"1769187460.155, 1769187460.232, 1769187460.341, 1769187460.468, 1769187460.508"
32.0,0,1769187428.2319,248.9492,27,32,59,0.0717,0.0422,0.3891,1.0,0.0,98.86,1.1372,217.0209,217.0209,27179.8178,1769187678.3210363,13.6,37,272,0.139,9,0,0,14.39,15.0,0,2053,1769187460.155,-215.377,meta-llama/Llama-3.2-1B-Instruct,"1769187460.155, 1769187460.232, 1769187460.341, 1769187460.468, 1769187460.508"
18.0,0,1769187442.4678,235.9549,27,32,59,0.0693,0.0392,0.0437,1.0,0.0,98.86,0.7598,218.0242,218.0242,27397.842,1769187679.1848373,13.55,37,273,0.134,9,0,0,14.39,15.0,0,2053,1769187460.155,-215.377,meta-llama/Llama-3.2-1B-Instruct,"1769187460.155, 1769187460.232, 1769187460.341, 1769187460.468, 1769187460.508"
23.0,1,1769187431.935,220.5046,2980,1026,4006,0.3919,0.0372,0.3517,200.0,0.0,98.87,29.8178,227.3224,227.3224,27625.1644,1769187682.2801456,13.5,37,274,0.14,9,0,0,14.39,15.0,0,2048,1769187460.524,-220.026,meta-llama/Llama-3.2-1B-Instruct,"1769187460.524, 1769187460.663, 1769187461.009, 1769187461.152, 1769187461.161"
61.0,0,1769187399.5239,282.8677,27,31,58,0.0712,0.0358,0.0422,1.0,0.0,98.87,0.7707,221.9389,221.9389,27847.1033,1769187683.1636574,13.45,37,275,0.138,9,0,0,14.39,15.0,0,2048,1769187460.524,-220.026,meta-llama/Llama-3.2-1B-Instruct,"1769187460.524, 1769187460.663, 1769187461.009, 1769187461.152, 1769187461.161"
94.0,1,1769187361.0518,292.9011,3574,1030,4604,0.4376,0.0377,0.3599,200.0,0.0,98.88,30.0082,228.9093,228.9093,28076.0126,1769187683.983952,13.41,37,276,0.136,9,0,0,14.39,15.0,0,2048,1769187460.524,-220.026,meta-llama/Llama-3.2-1B-Instruct,"1769187460.524, 1769187460.663, 1769187461.009, 1769187461.152, 1769187461.161"
35.0,0,1769187426.0087,258.0581,27,32,59,0.0748,0.0299,0.034,1.0,0.0,98.88,0.7712,223.1329,223.1329,28299.1455,1769187684.8407638,13.36,37,277,0.138,9,0,0,14.39,15.0,0,2048,1769187460.524,-220.026,meta-llama/Llama-3.2-1B-Instruct,"1769187460.524, 1769187460.663, 1769187461.009, 1769187461.152, 1769187461.161"
27.0,0,1769187434.1515,250.9172,27,32,59,0.0876,0.0293,0.0337,1.0,0.0,98.88,0.788,224.0048,224.0048,28523.1503,1769187685.8576405,13.31,37,278,0.139,9,0,0,14.39,15.0,0,2044,1769187461.161,-224.407,meta-llama/Llama-3.2-1B-Instruct,"1769187461.161, 1769187461.359, 1769187461.793, 1769187462.423, 1769187462.496"
116.0,1,1769187339.41,319.159,3672,1028,4700,0.4464,0.037,0.3541,200.0,0.0,98.89,31.2387,234.3977,234.3977,28757.5481,1769187689.8243945,13.26,37,279,0.122,9,0,0,14.39,15.0,0,2044,1769187461.161,-224.407,meta-llama/Llama-3.2-1B-Instruct,"1769187461.161, 1769187461.359, 1769187461.793, 1769187462.423, 1769187462.496"
72.0,1,1769187383.6245,276.5287,3556,1031,4587,0.4239,0.0383,0.3643,200.0,0.0,98.89,31.3877,235.9164,235.9164,28993.4645,1769187691.5634465,13.21,37,280,0.118,9,0,0,14.39,15.0,0,2042,1769187461.793,-228.806,meta-llama/Llama-3.2-1B-Instruct,"1769187461.793, 1769187462.423, 1769187462.496, 1769187462.564, 1769187462.944"
35.0,1,1769187423.2576,249.0718,8185,698,8883,1.1891,0.0374,0.3792,200.0,0.0,98.9,22.3493,236.4212,236.4212,29229.8857,1769187694.7000914,13.17,37,281,0.104,9,0,0,14.39,15.0,0,2042,1769187461.793,-228.806,meta-llama/Llama-3.2-1B-Instruct,"1769187461.793, 1769187462.423, 1769187462.496, 1769187462.564, 1769187462.944"
62.0,1,1769187393.7895,269.456,3559,1031,4590,0.4346,0.0383,0.3305,200.0,0.0,98.9,31.633,239.089,239.089,29468.9747,1769187694.8941832,13.12,37,282,0.12,9,0,0,14.39,15.0,0,2042,1769187461.793,-228.806,meta-llama/Llama-3.2-1B-Instruct,"1769187461.793, 1769187462.423, 1769187462.496, 1769187462.564, 1769187462.944"
99.0,1,1769187357.7115,310.2931,3677,1027,4704,0.4518,0.0371,0.0691,200.0,0.0,98.91,31.0048,242.2979,242.2979,29711.2727,1769187699.027847,13.07,37,283,0.131,9,0,0,14.39,15.0,0,2039,1769187462.564,-233.036,meta-llama/Llama-3.2-1B-Instruct,"1769187462.564, 1769187462.944, 1769187462.952, 1769187463.327, 1769187463.355"
73.0,1,1769187388.1607,297.8288,10062,427,10489,1.5392,0.0333,0.0496,200.0,0.0,98.91,13.4421,238.2709,238.2709,29949.5435,1769187699.4739053,13.03,37,284,0.141,9,0,0,14.39,15.0,0,2039,1769187462.564,-233.036,meta-llama/Llama-3.2-1B-Instruct,"1769187462.564, 1769187462.944, 1769187462.952, 1769187463.327, 1769187463.355"
21.0,0,1769187441.5636,257.58,27,32,59,0.0822,0.0334,0.0423,1.0,0.0,98.91,0.7766,236.6622,236.6622,30186.2057,1769187699.9220812,12.98,37,285,0.143,9,0,0,14.39,15.0,0,2039,1769187462.564,-233.036,meta-llama/Llama-3.2-1B-Instruct,"1769187462.564, 1769187462.944, 1769187462.952, 1769187463.327, 1769187463.355"
62.0,0,1769187400.9443,298.6749,27,32,59,0.0632,0.0467,0.3098,1.0,0.0,98.92,1.0587,236.7381,236.7381,30422.9438,1769187700.684507,12.94,37,286,0.11,9,0,0,14.39,15.0,0,2036,1769187463.327,-237.282,meta-llama/Llama-3.2-1B-Instruct,"1769187463.327, 1769187463.355, 1769187463.494, 1769187463.671, 1769187463.756"
139.0,0,1769187324.327,376.4916,27,32,59,0.0735,0.0296,0.0303,1.0,0.0,98.92,0.7274,237.5651,237.5651,30660.5089,1769187701.5480778,12.89,37,287,0.12,9,0,0,14.39,15.0,0,2036,1769187463.327,-237.282,meta-llama/Llama-3.2-1B-Instruct,"1769187463.327, 1769187463.355, 1769187463.494, 1769187463.671, 1769187463.756"
88.0,0,1769187375.3548,326.2881,27,32,59,0.0712,0.0274,0.0284,1.0,0.0,98.92,0.7358,238.3593,238.3593,30898.8682,1769187702.380841,12.85,37,288,0.121,9,0,0,14.39,15.0,0,2036,1769187463.327,-237.282,meta-llama/Llama-3.2-1B-Instruct,"1769187463.327, 1769187463.355, 1769187463.494, 1769187463.671, 1769187463.756"
30.0,0,1769187433.4944,268.9877,27,32,59,0.0515,0.0292,0.0316,1.0,0.0,98.93,0.7201,239.0391,239.0391,31137.9074,1769187703.204266,12.8,37,289,0.123,9,0,0,14.39,15.0,0,2036,1769187463.327,-237.282,meta-llama/Llama-3.2-1B-Instruct,"1769187463.327, 1769187463.355, 1769187463.494, 1769187463.671, 1769187463.756"
128.0,1,1769187332.1549,344.0993,5078,1024,6102,0.6655,0.0351,0.0641,200.0,0.0,98.93,29.4144,245.5138,245.5138,31383.4211,1769187705.6909394,12.76,37,290,0.122,9,0,0,14.39,15.0,0,2032,1769187463.756,-241.889,meta-llama/Llama-3.2-1B-Instruct,"1769187463.756, 1769187463.922, 1769187464.029, 1769187464.289, 1769187464.649"
28.0,1,1769187432.3409,245.0838,3545,1035,4580,0.4562,0.0341,0.0662,200.0,0.0,98.94,29.1899,246.2737,246.2737,31629.6948,1769187706.6403456,12.71,37,291,0.122,9,0,0,14.39,15.0,0,2032,1769187463.756,-241.889,meta-llama/Llama-3.2-1B-Instruct,"1769187463.756, 1769187463.922, 1769187464.029, 1769187464.289, 1769187464.649"
20.0,0,1769187443.9224,262.8664,27,32,59,0.0619,0.0312,0.0345,1.0,0.0,98.94,0.7181,242.9282,242.9282,31872.6231,1769187707.5098329,12.67,37,292,0.115,9,0,0,14.39,15.0,0,2032,1769187463.756,-241.889,meta-llama/Llama-3.2-1B-Instruct,"1769187463.756, 1769187463.922, 1769187464.029, 1769187464.289, 1769187464.649"
117.0,1,1769187343.5079,335.8059,3522,1026,4548,0.4341,0.0342,0.0627,200.0,0.0,98.94,29.1104,247.9163,247.9163,32120.5393,1769187708.4415436,12.63,37,293,0.135,9,0,0,14.39,15.0,0,2032,1769187463.756,-241.889,meta-llama/Llama-3.2-1B-Instruct,"1769187463.756, 1769187463.922, 1769187464.029, 1769187464.289, 1769187464.649"
76.0,1,1769187385.3587,304.5897,3610,777,4387,0.4356,0.0338,0.1741,200.0,0.0,98.95,21.1009,249.6905,249.6905,32370.2299,1769187711.065599,12.59,37,294,0.161,9,0,0,14.39,15.0,0,2028,1769187464.649,-246.04,meta-llama/Llama-3.2-1B-Instruct,"1769187464.649, 1769187464.712, 1769187465.198, 1769187465.350, 1769187465.481"
127.0,1,1769187337.0289,370.592,3365,142,3507,0.4227,0.0308,0.354,200.0,0.0,98.95,4.322,247.9141,247.9141,32618.1439,1769187711.9659133,12.54,37,295,0.116,9,0,0,14.39,15.0,0,2028,1769187464.649,-246.04,meta-llama/Llama-3.2-1B-Instruct,"1769187464.649, 1769187464.712, 1769187465.198, 1769187465.350, 1769187465.481"
105.0,1,1769187355.6635,327.6025,4351,1030,5381,0.5416,0.0353,0.3094,200.0,0.0,98.95,29.6729,252.2754,252.2754,32870.4194,1769187712.9602404,12.5,37,296,0.139,9,0,0,14.39,15.0,0,2028,1769187464.649,-246.04,meta-llama/Llama-3.2-1B-Instruct,"1769187464.649, 1769187464.712, 1769187465.198, 1769187465.350, 1769187465.481"
126.0,1,1769187335.7933,355.8599,3044,1024,4068,0.418,0.0329,0.0638,200.0,0.0,98.96,27.0593,256.9192,256.9192,33127.3386,1769187718.7334583,12.46,37,297,0.16,9,0,0,14.39,15.0,0,2025,1769187465.35,-250.395,meta-llama/Llama-3.2-1B-Instruct,"1769187465.350, 1769187465.481, 1769187465.938, 1769187465.953, 1769187466.097"
73.0,1,1769187389.9519,310.0653,3037,727,3764,0.3615,0.0317,0.1773,200.0,0.0,98.96,18.8094,255.8747,255.8747,33383.2133,1769187718.846874,12.42,37,298,0.11,9,0,0,14.39,15.0,0,2025,1769187465.35,-250.395,meta-llama/Llama-3.2-1B-Instruct,"1769187465.350, 1769187465.481, 1769187465.938, 1769187465.953, 1769187466.097"
35.0,1,1769187427.496,267.4815,3873,1026,4899,0.7319,0.0331,0.0689,200.0,0.0,98.97,26.8659,259.3473,259.3473,33901.99,1769187721.8603437,12.37,37,300,0.141,9,0,0,14.39,15.0,0,2023,1769187465.938,-254.858,meta-llama/Llama-3.2-1B-Instruct,"1769187465.938, 1769187465.953, 1769187466.097, 1769187466.127, 1769187466.412"
60.0,1,1769187402.4233,292.4207,3283,1026,4309,0.4448,0.0317,0.1907,200.0,0.0,98.97,27.0087,259.4294,259.4294,33901.99,1769187721.8772836,12.33,37,300,0.145,9,0,0,14.39,15.0,0,2023,1769187465.938,-254.858,meta-llama/Llama-3.2-1B-Instruct,"1769187465.938, 1769187465.953, 1769187466.097, 1769187466.127, 1769187466.412"
19.0,0,1769187446.9385,275.0428,27,0,27,,,,1.0,,,0.0823,256.1252,256.1252,34158.1152,1769187722.0687501,12.29,37,301,0.096,8,0,0,14.39,15.0,0,2023,1769187465.938,-254.858,meta-llama/Llama-3.2-1B-Instruct,"1769187465.938, 1769187465.953, 1769187466.097, 1769187466.127, 1769187466.412"
107.0,0,1769187359.0966,363.0633,27,32,59,0.343,0.0291,0.0319,1.0,0.0,98.97,0.9815,256.4063,256.4063,34414.5215,1769187723.1446722,12.25,37,302,0.107,9,0,0,14.39,15.0,0,2023,1769187465.938,-254.858,meta-llama/Llama-3.2-1B-Instruct,"1769187465.938, 1769187465.953, 1769187466.097, 1769187466.127, 1769187466.412"
101.0,0,1769187365.1275,358.0877,27,32,59,0.075,0.0276,0.0351,1.0,0.0,98.98,0.7078,257.1627,257.1627,34671.6842,1769187723.931776,12.21,37,303,0.108,9,0,0,14.39,15.0,0,2023,1769187465.938,-254.858,meta-llama/Llama-3.2-1B-Instruct,"1769187465.938, 1769187465.953, 1769187466.097, 1769187466.127, 1769187466.412"
44.0,0,1769187422.4117,301.6302,27,32,59,0.0524,0.0287,0.0334,1.0,0.0,98.98,0.6913,257.6825,257.6825,34929.3667,1769187724.7341752,12.17,37,304,0.109,9,0,0,14.39,15.0,0,2023,1769187465.938,-254.858,meta-llama/Llama-3.2-1B-Instruct,"1769187465.938, 1769187465.953, 1769187466.097, 1769187466.127, 1769187466.412"
18.0,0,1769187448.7782,276.0671,27,32,59,0.0775,0.0288,0.0305,1.0,0.0,98.98,0.711,258.1446,258.1446,35187.5114,1769187725.5593781,12.13,37,305,0.11,9,0,0,14.39,15.0,0,2023,1769187465.938,-254.858,meta-llama/Llama-3.2-1B-Instruct,"1769187465.938, 1769187465.953, 1769187466.097, 1769187466.127, 1769187466.412"
113.0,1,1769187353.7964,371.8927,3161,155,3316,0.3917,0.029,0.0485,200.0,0.0,98.99,3.659,262.5517,262.5517,35450.0631,1769187729.3635113,12.09,37,306,0.112,9,0,0,14.39,15.0,0,2016,1769187467.232,-258.583,meta-llama/Llama-3.2-1B-Instruct,"1769187467.232, 1769187467.754, 1769187468.031, 1769187468.373, 1769187468.484"
96.0,1,1769187367.6708,335.6123,3069,1028,4097,0.3683,0.0317,0.18,200.0,0.0,98.99,26.1312,265.7435,265.7435,35715.8065,1769187729.4344263,12.05,37,307,0.124,9,0,0,14.39,15.0,0,2016,1769187467.232,-258.583,meta-llama/Llama-3.2-1B-Instruct,"1769187467.232, 1769187467.754, 1769187468.031, 1769187468.373, 1769187468.484"
142.0,0,1769187325.2318,404.2591,27,32,59,0.0761,0.0333,0.0428,1.0,0.0,98.99,0.7386,262.3353,262.3353,35978.1418,1769187730.2308235,12.01,37,308,0.103,8,0,0,14.39,15.0,0,2016,1769187467.232,-258.583,meta-llama/Llama-3.2-1B-Instruct,"1769187467.232, 1769187467.754, 1769187468.031, 1769187468.373, 1769187468.484"
80.0,0,1769187387.7543,341.7931,27,32,59,0.0694,0.0276,0.0299,1.0,0.0,99.0,0.7027,261.8625,261.8625,36240.0043,1769187730.250459,11.97,37,309,0.103,8,0,0,14.39,15.0,0,2016,1769187467.232,-258.583,meta-llama/Llama-3.2-1B-Instruct,"1769187467.232, 1769187467.754, 1769187468.031, 1769187468.373, 1769187468.484"
97.0,0,1769187371.3726,359.166,27,32,59,0.3251,0.0299,0.0349,1.0,0.0,99.0,0.9844,262.4911,262.4911,36502.4954,1769187731.5253117,11.94,37,310,0.104,8,0,0,14.39,15.0,0,2012,1769187468.484,-262.362,meta-llama/Llama-3.2-1B-Instruct,"1769187468.484, 1769187468.714, 1769187469.365, 1769187469.475, 1769187469.646"
91.0,1,1769187372.7558,333.1469,3686,1027,4713,0.4522,0.0316,0.187,200.0,0.0,99.0,26.7183,268.8652,268.8652,36771.3606,1769187732.641495,11.9,37,311,0.117,9,0,0,14.39,15.0,0,2012,1769187468.484,-262.362,meta-llama/Llama-3.2-1B-Instruct,"1769187468.484, 1769187468.714, 1769187469.365, 1769187469.475, 1769187469.646"
28.0,0,1769187440.7137,292.0135,27,32,59,0.0648,0.0276,0.031,1.0,0.0,99.01,0.7241,264.0783,264.0783,37035.4389,1769187733.4529324,11.86,37,312,0.117,9,0,0,14.39,15.0,0,2012,1769187468.484,-262.362,meta-llama/Llama-3.2-1B-Instruct,"1769187468.484, 1769187468.714, 1769187469.365, 1769187469.475, 1769187469.646"
24.0,0,1769187445.3653,288.2199,27,32,59,0.0694,0.0325,0.0326,1.0,0.0,99.01,0.7312,264.2893,264.2893,37299.7282,1769187734.31758,11.82,37,313,0.119,9,0,0,14.39,15.0,0,2012,1769187468.484,-262.362,meta-llama/Llama-3.2-1B-Instruct,"1769187468.484, 1769187468.714, 1769187469.365, 1769187469.475, 1769187469.646"
40.0,1,1769187424.2891,284.3052,3355,1026,4381,0.427,0.0317,0.0662,200.0,0.0,99.01,25.9886,270.2938,270.2938,37570.022,1769187734.601662,11.78,37,314,0.113,9,0,0,14.39,15.0,0,2012,1769187468.484,-262.362,meta-llama/Llama-3.2-1B-Instruct,"1769187468.484, 1769187468.714, 1769187469.365, 1769187469.475, 1769187469.646"
49.0,0,1769187420.4747,313.9824,27,32,59,0.0512,0.0363,0.0439,1.0,0.0,99.02,0.7189,265.0336,265.0336,37835.0556,1769187735.1778517,11.75,37,315,0.12,9,0,0,14.39,15.0,0,2012,1769187468.484,-262.362,meta-llama/Llama-3.2-1B-Instruct,"1769187468.484, 1769187468.714, 1769187469.365, 1769187469.475, 1769187469.646"
81.0,0,1769187388.6464,346.0652,27,32,59,0.0594,0.0359,0.0492,1.0,0.0,99.02,0.729,265.1246,265.1246,38100.1802,1769187735.4421506,11.71,37,316,0.106,9,0,0,14.39,15.0,0,2012,1769187468.484,-262.362,meta-llama/Llama-3.2-1B-Instruct,"1769187468.484, 1769187468.714, 1769187469.365, 1769187469.475, 1769187469.646"
49.0,0,1769187420.845,314.4087,27,23,50,0.0748,0.0463,0.3201,1.0,0.0,99.02,0.8864,265.4835,265.4835,38365.6637,1769187736.1408827,11.67,37,317,0.107,9,0,0,14.39,15.0,0,2005,1769187470.273,-265.606,meta-llama/Llama-3.2-1B-Instruct,"1769187470.273, 1769187470.285, 1769187470.390, 1769187470.602, 1769187470.674"
98.0,1,1769187367.1984,345.8453,3285,942,4227,0.3916,0.0323,0.0648,200.0,0.0,99.03,23.7851,271.6304,271.6304,38637.2941,1769187736.8472552,11.64,37,318,0.109,9,0,0,14.39,15.0,0,2005,1769187470.273,-265.606,meta-llama/Llama-3.2-1B-Instruct,"1769187470.273, 1769187470.285, 1769187470.390, 1769187470.602, 1769187470.674"
19.0,0,1769187451.2853,285.674,27,14,41,0.0545,0.028,0.028,1.0,0.0,99.03,0.3462,266.7285,266.7285,38904.0226,1769187737.311379,11.6,37,319,0.115,9,0,0,14.39,15.0,0,2005,1769187470.273,-265.606,meta-llama/Llama-3.2-1B-Instruct,"1769187470.273, 1769187470.285, 1769187470.390, 1769187470.602, 1769187470.674"
65.0,1,1769187399.6485,311.5435,3863,1030,4893,0.5005,0.032,0.185,200.0,0.0,99.03,26.659,273.2025,273.2025,39177.2251,1769187737.8684404,11.56,37,320,0.113,9,0,0,14.39,15.0,0,2005,1769187470.273,-265.606,meta-llama/Llama-3.2-1B-Instruct,"1769187470.273, 1769187470.285, 1769187470.390, 1769187470.602, 1769187470.674"
103.0,1,1769187361.7116,350.3836,3324,1026,4350,0.3957,0.0335,0.0664,200.0,0.0,99.04,26.2206,273.6043,273.6043,39450.8294,1769187738.3332162,11.53,37,321,0.115,9,0,0,14.39,15.0,0,2005,1769187470.273,-265.606,meta-llama/Llama-3.2-1B-Instruct,"1769187470.273, 1769187470.285, 1769187470.390, 1769187470.602, 1769187470.674"
66.0,0,1769187404.6017,333.3712,27,32,59,0.0891,0.0496,0.3201,1.0,0.0,99.04,1.0538,267.4603,267.4603,39718.2897,1769187739.0377808,11.49,37,322,0.11,9,0,0,14.39,15.0,0,2005,1769187470.273,-265.606,meta-llama/Llama-3.2-1B-Instruct,"1769187470.273, 1769187470.285, 1769187470.390, 1769187470.602, 1769187470.674"
134.0,1,1769187331.3496,387.5133,3009,1020,4029,0.4179,0.0325,0.1842,200.0,0.0,99.04,26.1498,279.6631,279.6631,40277.4838,1769187745.0328662,11.42,37,324,0.103,8,0,0,14.39,15.0,0,1999,1769187471.193,-269.693,meta-llama/Llama-3.2-1B-Instruct,"1769187471.193, 1769187471.461, 1769187472.424, 1769187472.643, 1769187472.655"
121.0,1,1769187344.481,374.4795,2972,1025,3997,0.6075,0.033,0.0896,200.0,0.0,99.04,26.0514,279.531,279.531,40277.4838,1769187745.033305,11.46,37,324,0.112,9,0,0,14.39,15.0,0,1999,1769187471.193,-269.693,meta-llama/Llama-3.2-1B-Instruct,"1769187471.193, 1769187471.461, 1769187472.424, 1769187472.643, 1769187472.655"
80.0,1,1769187385.9528,336.0927,3455,1022,4477,0.4474,0.0328,0.0684,200.0,0.0,99.05,26.6729,282.7655,282.7655,40560.2493,1769187748.7319365,11.38,37,325,0.096,8,0,0,14.39,15.0,0,1997,1769187472.424,-273.495,meta-llama/Llama-3.2-1B-Instruct,"1769187472.424, 1769187472.643, 1769187472.655, 1769187472.888, 1769187473.041"
109.0,0,1769187363.4239,385.4513,27,32,59,0.0556,0.0298,0.0311,1.0,0.0,99.05,0.7106,276.5069,276.5069,40836.7562,1769187749.587328,11.35,37,326,0.121,9,0,0,14.39,15.0,0,1997,1769187472.424,-273.495,meta-llama/Llama-3.2-1B-Instruct,"1769187472.424, 1769187472.643, 1769187472.655, 1769187472.888, 1769187473.041"
61.0,1,1769187411.6431,338.0991,3134,273,3407,0.3809,0.0313,0.0342,200.0,0.0,99.05,6.4927,283.5918,283.5918,41120.348,1769187756.2565384,11.31,37,327,0.122,9,0,0,14.39,15.0,0,1995,1769187472.655,-283.48,meta-llama/Llama-3.2-1B-Instruct,"1769187472.655, 1769187472.888, 1769187473.041, 1769187473.184, 1769187473.476"
93.0,1,1769187375.0314,355.3541,3675,1028,4703,0.4749,0.0324,0.064,200.0,0.0,99.06,26.6016,288.9557,288.9557,41409.3037,1769187757.0044556,11.28,37,328,0.104,8,0,0,14.39,15.0,0,1995,1769187472.655,-283.48,meta-llama/Llama-3.2-1B-Instruct,"1769187472.655, 1769187472.888, 1769187473.041, 1769187473.184, 1769187473.476"
38.0,0,1769187434.6549,321.7952,27,32,59,0.0806,0.0472,0.3604,1.0,0.0,99.06,1.1228,283.8758,283.8758,41693.1795,1769187757.5739822,11.25,37,329,0.13,9,0,0,14.39,15.0,0,1995,1769187472.655,-283.48,meta-llama/Llama-3.2-1B-Instruct,"1769187472.655, 1769187472.888, 1769187473.041, 1769187473.184, 1769187473.476"
57.0,1,1769187411.484,320.2677,4613,1028,5641,0.6031,0.0332,0.0863,200.0,0.0,99.06,26.9605,290.2282,290.2282,41983.4077,1769187758.735867,11.21,37,330,0.117,9,0,0,14.39,15.0,0,1995,1769187472.655,-283.48,meta-llama/Llama-3.2-1B-Instruct,"1769187472.655, 1769187472.888, 1769187473.041, 1769187473.184, 1769187473.476"
27.0,1,1769187443.2017,292.3677,3069,1026,4095,0.3727,0.0329,0.0675,200.0,0.0,99.07,26.7517,292.1195,292.1195,42275.5272,1769187762.338717,11.18,37,331,0.107,9,0,0,14.39,15.0,0,1991,1769187473.476,-287.697,meta-llama/Llama-3.2-1B-Instruct,"1769187473.476, 1769187473.625, 1769187473.913, 1769187474.030, 1769187474.303"
138.0,1,1769187332.2733,403.955,3391,1026,4417,0.4348,0.0314,0.0641,200.0,0.0,99.07,26.769,292.724,292.724,42568.2512,1769187763.0168464,11.14,37,332,0.117,9,0,0,14.39,15.0,0,1991,1769187473.476,-287.697,meta-llama/Llama-3.2-1B-Instruct,"1769187473.476, 1769187473.625, 1769187473.913, 1769187474.030, 1769187474.303"
138.0,1,1769187332.3899,405.0396,3077,1024,4101,0.3809,0.032,0.0691,200.0,0.0,99.07,26.3771,293.4167,293.4167,42861.6679,1769187763.8261356,11.11,37,333,0.116,9,0,0,14.39,15.0,0,1991,1769187473.476,-287.697,meta-llama/Llama-3.2-1B-Instruct,"1769187473.476, 1769187473.625, 1769187473.913, 1769187474.030, 1769187474.303"
86.0,0,1769187387.6248,375.5295,27,32,59,0.0594,0.0293,0.03,1.0,0.0,99.07,0.7128,289.5889,289.5889,43151.2568,1769187763.8712606,11.08,37,334,0.118,9,0,0,14.39,15.0,0,1991,1769187473.476,-287.697,meta-llama/Llama-3.2-1B-Instruct,"1769187473.476, 1769187473.625, 1769187473.913, 1769187474.030, 1769187474.303"
134.0,1,1769187336.6744,401.7766,3103,1019,4122,0.3795,0.0319,0.0636,200.0,0.0,99.08,26.4123,294.1889,294.1889,43445.4457,1769187764.8796868,11.04,37,335,0.097,9,0,0,14.39,15.0,0,1991,1769187473.476,-287.697,meta-llama/Llama-3.2-1B-Instruct,"1769187473.476, 1769187473.625, 1769187473.913, 1769187474.030, 1769187474.303"
144.0,0,1769187330.0299,434.0171,27,32,59,0.3656,0.0337,0.0429,1.0,0.0,99.08,1.0283,290.3827,290.3827,43735.8284,1769187765.0766551,11.01,37,336,0.106,8,0,0,14.39,15.0,0,1991,1769187473.476,-287.697,meta-llama/Llama-3.2-1B-Instruct,"1769187473.476, 1769187473.625, 1769187473.913, 1769187474.030, 1769187474.303"
102.0,1,1769187368.7759,370.3997,3197,1027,4224,0.4053,0.0322,0.0636,200.0,0.0,99.08,26.7738,295.1736,295.1736,44031.002,1769187765.9727225,10.98,37,337,0.107,9,0,0,14.39,15.0,0,1991,1769187473.476,-287.697,meta-llama/Llama-3.2-1B-Instruct,"1769187473.476, 1769187473.625, 1769187473.913, 1769187474.030, 1769187474.303"
128.0,0,1769187346.8346,419.2606,27,32,59,0.0725,0.0298,0.0299,1.0,0.0,99.09,0.7135,291.3332,291.3332,44322.3351,1769187766.8095448,10.95,37,338,0.111,9,0,0,14.39,15.0,0,1984,1769187474.934,-291.262,meta-llama/Llama-3.2-1B-Instruct,"1769187474.934, 1769187475.102, 1769187475.277, 1769187475.372, 1769187475.401"
43.0,1,1769187428.4612,316.8564,4221,1023,5244,1.0309,0.0321,0.0629,200.0,0.0,99.09,27.8056,301.662,301.662,44925.927,1769187773.1488228,10.88,37,340,0.1,8,0,0,14.39,15.0,0,1983,1769187475.102,-296.117,meta-llama/Llama-3.2-1B-Instruct,"1769187475.102, 1769187475.277, 1769187475.372, 1769187475.401, 1769187476.505"
108.0,1,1769187363.193,381.9731,5405,1022,6427,0.7429,0.032,0.0675,200.0,0.0,99.09,27.9567,301.9298,301.9298,44925.927,1769187773.1520882,10.91,37,340,0.1,8,0,0,14.39,15.0,0,1983,1769187475.102,-296.117,meta-llama/Llama-3.2-1B-Instruct,"1769187475.102, 1769187475.277, 1769187475.372, 1769187475.401, 1769187476.505"
129.0,1,1769187343.8876,413.2155,3452,1029,4481,0.4128,0.0323,0.0571,200.0,0.0,99.09,27.38,311.5954,311.5954,45237.5224,1769187784.502698,10.85,37,341,0.116,9,0,0,14.39,15.0,0,1981,1769187475.372,-305.924,meta-llama/Llama-3.2-1B-Instruct,"1769187475.372, 1769187475.401, 1769187476.505, 1769187476.823, 1769187476.918"
73.0,1,1769187400.0408,357.6641,3073,1018,4091,0.3841,0.0314,0.0525,200.0,0.0,99.1,26.9979,311.662,311.662,45549.1844,1769187784.7284446,10.82,37,342,0.127,9,0,0,14.39,15.0,0,1981,1769187475.372,-305.924,meta-llama/Llama-3.2-1B-Instruct,"1769187475.372, 1769187475.401, 1769187476.505, 1769187476.823, 1769187476.918"
38.0,1,1769187435.1842,323.745,3267,1027,4294,0.4136,0.0321,0.0613,200.0,0.0,99.1,27.6197,313.3646,313.3646,45862.5491,1769187786.5711868,10.79,37,343,0.12,9,0,0,14.39,15.0,0,1979,1769187476.505,-309.821,meta-llama/Llama-3.2-1B-Instruct,"1769187476.505, 1769187476.823, 1769187476.918, 1769187477.264, 1769187477.297"
69.0,1,1769187404.4756,357.978,3056,1027,4083,0.3711,0.0324,0.0513,200.0,0.0,99.1,27.7194,316.6974,316.6974,46179.2465,1769187790.192981,10.76,37,344,0.122,9,0,0,14.39,15.0,0,1979,1769187476.505,-309.821,meta-llama/Llama-3.2-1B-Instruct,"1769187476.505, 1769187476.823, 1769187476.918, 1769187477.264, 1769187477.297"
148.0,1,1769187325.9128,438.063,3202,1030,4232,0.4361,0.0325,0.0508,200.0,0.0,99.1,27.9498,318.0129,318.0129,46497.2593,1769187791.947391,10.72,37,345,0.106,8,0,0,14.39,15.0,0,1977,1769187476.918,-314.468,meta-llama/Llama-3.2-1B-Instruct,"1769187476.918, 1769187477.264, 1769187477.297, 1769187477.451, 1769187477.560"
72.0,1,1769187402.3031,362.79,3069,1027,4096,0.4208,0.0325,0.0473,200.0,0.0,99.11,27.6684,318.4584,318.4584,47133.7732,1769187792.7770934,10.69,37,347,0.104,9,0,0,14.39,15.0,0,1977,1769187476.918,-314.468,meta-llama/Llama-3.2-1B-Instruct,"1769187476.918, 1769187477.264, 1769187477.297, 1769187477.451, 1769187477.560"
62.0,1,1769187412.7136,352.5023,3302,1022,4324,0.6334,0.0317,0.0451,200.0,0.0,99.11,27.5531,318.0554,318.0554,47133.7732,1769187792.7878344,10.66,37,347,0.114,9,0,0,14.39,15.0,0,1977,1769187476.918,-314.468,meta-llama/Llama-3.2-1B-Instruct,"1769187476.918, 1769187477.264, 1769187477.297, 1769187477.451, 1769187477.560"
141.0,0,1769187335.9176,456.1588,27,32,59,0.0772,0.0375,0.0383,1.0,0.0,99.11,0.7657,315.236,315.236,47449.0091,1769187792.8463218,10.63,37,348,0.136,9,0,0,14.39,15.0,0,1977,1769187476.918,-314.468,meta-llama/Llama-3.2-1B-Instruct,"1769187476.918, 1769187477.264, 1769187477.297, 1769187477.451, 1769187477.560"
27.0,0,1769187450.2972,342.6633,27,32,59,1.379,0.0315,0.033,1.0,0.0,99.12,2.1041,317.0423,317.0423,47766.0514,1769187795.0694191,10.6,37,349,0.11,7,1,0,14.39,15.0,0,1977,1769187476.918,-314.468,meta-llama/Llama-3.2-1B-Instruct,"1769187476.918, 1769187477.264, 1769187477.297, 1769187477.451, 1769187477.560"
56.0,1,1769187418.934,348.0035,8588,1026,9614,1.2755,0.0319,0.0425,200.0,0.0,99.12,28.4555,320.459,320.459,48086.5104,1769187795.428993,10.57,37,350,0.112,9,0,0,14.39,15.0,0,1977,1769187476.918,-314.468,meta-llama/Llama-3.2-1B-Instruct,"1769187476.918, 1769187477.264, 1769187477.297, 1769187477.451, 1769187477.560"
139.0,0,1769187338.5605,456.6395,27,32,59,0.0754,0.031,0.0482,1.0,0.0,99.12,0.7622,317.7149,317.7149,48404.2254,1769187795.9635644,10.54,37,351,0.148,9,0,0,14.39,15.0,0,1977,1769187476.918,-314.468,meta-llama/Llama-3.2-1B-Instruct,"1769187476.918, 1769187477.264, 1769187477.297, 1769187477.451, 1769187477.560"
139.0,0,1769187338.6651,457.059,27,32,59,0.0681,0.0314,0.0515,1.0,0.0,99.12,0.7437,318.1271,318.1271,48722.3525,1769187796.4711,10.51,37,352,0.118,9,0,0,14.39,15.0,0,1970,1769187477.848,-318.571,meta-llama/Llama-3.2-1B-Instruct,"1769187477.848, 1769187478.003, 1769187478.185, 1769187478.253, 1769187478.265"
34.0,0,1769187443.6907,352.3831,27,32,59,0.0601,0.0624,0.324,1.0,0.0,99.13,1.0531,318.4432,318.4432,49040.7957,1769187797.1301525,10.48,37,353,0.118,9,0,0,14.39,15.0,0,1970,1769187477.848,-318.571,meta-llama/Llama-3.2-1B-Instruct,"1769187477.848, 1769187478.003, 1769187478.185, 1769187478.253, 1769187478.265"
74.0,1,1769187403.8476,392.7014,3059,36,3095,0.3831,0.0407,0.5304,200.0,0.0,99.13,1.7295,320.4309,320.4309,49361.2266,1769187798.2989936,10.45,37,354,0.119,9,0,0,14.39,15.0,0,1970,1769187477.848,-318.571,meta-llama/Llama-3.2-1B-Instruct,"1769187477.848, 1769187478.003, 1769187478.185, 1769187478.253, 1769187478.265"
41.0,1,1769187434.2766,339.0527,3680,1023,4703,0.7669,0.0329,0.0553,200.0,0.0,99.13,28.3883,326.441,326.441,50014.2849,1769187801.7327514,10.42,37,356,0.11,8,1,0,14.39,15.0,0,1967,1769187478.253,-323.174,meta-llama/Llama-3.2-1B-Instruct,"1769187478.253, 1769187478.265, 1769187478.487, 1769187478.558, 1769187478.642"
99.0,1,1769187376.1017,397.1666,3516,1026,4542,0.4513,0.0331,0.0576,200.0,0.0,99.13,28.4507,326.6173,326.6173,50014.2849,1769187801.7376027,10.39,37,356,0.11,8,0,0,14.39,15.0,0,1967,1769187478.253,-323.174,meta-llama/Llama-3.2-1B-Instruct,"1769187478.253, 1769187478.265, 1769187478.487, 1769187478.558, 1769187478.642"
85.0,0,1769187393.2532,408.607,27,28,55,0.1117,0.0308,0.3489,1.0,0.0,99.14,1.0521,323.7187,323.7187,50338.0036,1769187802.9133933,10.36,37,357,0.119,8,0,0,14.39,15.0,0,1967,1769187478.253,-323.174,meta-llama/Llama-3.2-1B-Instruct,"1769187478.253, 1769187478.265, 1769187478.487, 1769187478.558, 1769187478.642"
65.0,1,1769187412.2636,380.6383,5661,518,6179,0.7713,0.0338,0.33,200.0,0.0,99.14,15.7166,331.3549,331.3549,50669.3585,1769187808.6393294,10.34,37,358,0.11,7,0,0,14.39,15.0,0,1964,1769187478.558,-327.924,meta-llama/Llama-3.2-1B-Instruct,"1769187478.558, 1769187478.642, 1769187479.482, 1769187479.603, 1769187479.646"
121.0,0,1769187357.5579,451.2022,27,31,58,0.0654,0.0289,0.0307,1.0,0.0,99.14,0.7652,330.2676,330.2676,50999.6261,1769187809.5268607,10.31,37,359,0.137,9,0,0,14.39,15.0,0,1964,1769187478.558,-327.924,meta-llama/Llama-3.2-1B-Instruct,"1769187478.558, 1769187478.642, 1769187479.482, 1769187479.603, 1769187479.646"
132.0,1,1769187343.3717,441.3405,3311,924,4235,0.4449,0.0339,0.3276,200.0,0.0,99.14,27.359,336.6994,336.6994,51336.3255,1769187812.0897927,10.28,37,360,0.134,9,0,0,14.39,15.0,0,1962,1769187479.482,-332.008,meta-llama/Llama-3.2-1B-Instruct,"1769187479.482, 1769187479.603, 1769187479.646, 1769187479.742, 1769187480.086"
75.0,1,1769187400.4007,384.4108,4612,1024,5636,0.8711,0.0331,0.189,200.0,0.0,99.15,30.0089,339.4197,339.4197,51675.7452,1769187814.8419416,10.25,37,361,0.131,9,0,0,14.39,15.0,0,1962,1769187479.482,-332.008,meta-llama/Llama-3.2-1B-Instruct,"1769187479.482, 1769187479.603, 1769187479.646, 1769187479.742, 1769187480.086"
60.0,1,1769187416.5054,370.1353,3089,1023,4112,0.4106,0.0328,0.1795,200.0,0.0,99.15,29.786,339.9213,339.9213,52015.6666,1769187816.4468265,10.22,37,362,0.134,9,0,0,14.39,15.0,0,1962,1769187479.482,-332.008,meta-llama/Llama-3.2-1B-Instruct,"1769187479.482, 1769187479.603, 1769187479.646, 1769187479.742, 1769187480.086"
44.0,1,1769187432.8229,357.4826,4077,1022,5099,0.5396,0.0332,0.1769,200.0,0.0,99.15,30.8121,344.2946,344.2946,52359.9612,1769187821.1311982,10.19,37,363,0.135,9,0,0,14.39,15.0,0,1959,1769187479.742,-336.793,meta-llama/Llama-3.2-1B-Instruct,"1769187479.742, 1769187480.086, 1769187480.206, 1769187480.207, 1769187480.363"
11.0,1,1769187466.4513,326.5604,5703,1024,6727,1.3288,0.0326,0.1794,200.0,0.0,99.15,30.735,346.2954,346.2954,52706.2566,1769187823.7653906,10.16,37,364,0.128,8,1,0,14.39,15.0,0,1958,1769187480.086,-341.469,meta-llama/Llama-3.2-1B-Instruct,"1769187480.086, 1769187480.206, 1769187480.207, 1769187480.363, 1769187480.493"
57.0,0,1769187423.0864,400.8717,27,32,59,0.0765,0.0299,0.0312,1.0,0.0,99.15,0.7975,343.9482,343.9482,53050.2047,1769187824.7576275,10.14,37,365,0.151,9,0,0,14.39,15.0,0,1958,1769187480.086,-341.469,meta-llama/Llama-3.2-1B-Instruct,"1769187480.086, 1769187480.206, 1769187480.207, 1769187480.363, 1769187480.493"
103.0,0,1769187377.2056,447.6482,27,32,59,0.0724,0.0308,0.2101,1.0,0.0,99.16,0.8006,344.7206,344.7206,53394.9254,1769187825.6557026,10.11,37,366,0.152,9,0,0,14.39,15.0,0,1958,1769187480.086,-341.469,meta-llama/Llama-3.2-1B-Instruct,"1769187480.086, 1769187480.206, 1769187480.207, 1769187480.363, 1769187480.493"
83.0,1,1769187395.0035,402.2214,4513,1024,5537,0.5824,0.0333,0.0671,200.0,0.0,99.16,29.2998,348.5212,348.5212,53743.4466,1769187826.5441766,10.08,37,367,0.129,9,0,0,14.39,15.0,0,1958,1769187480.086,-341.469,meta-llama/Llama-3.2-1B-Instruct,"1769187480.086, 1769187480.206, 1769187480.207, 1769187480.363, 1769187480.493"
70.0,0,1769187410.2072,415.5951,27,32,59,0.0831,0.031,0.0314,1.0,0.0,99.16,0.8076,345.6782,345.6782,54089.1247,1769187826.611837,10.05,37,368,0.154,9,0,0,14.39,15.0,0,1955,1769187480.363,-346.209,meta-llama/Llama-3.2-1B-Instruct,"1769187480.363, 1769187480.493, 1769187480.504, 1769187480.525, 1769187480.856"
28.0,1,1769187450.1848,348.2243,3281,1026,4307,0.4015,0.0326,0.0699,200.0,0.0,99.16,29.411,349.6353,349.6353,54438.76,1769187827.8385346,10.03,37,369,0.134,9,0,0,14.39,15.0,0,1955,1769187480.363,-346.209,meta-llama/Llama-3.2-1B-Instruct,"1769187480.363, 1769187480.493, 1769187480.504, 1769187480.525, 1769187480.856"
44.0,0,1769187436.5039,391.4613,27,32,59,0.0943,0.0333,0.0341,1.0,0.0,99.17,0.799,347.5556,347.5556,54786.3156,1769187828.7664082,10.0,37,370,0.144,9,0,0,14.39,15.0,0,1955,1769187480.363,-346.209,meta-llama/Llama-3.2-1B-Instruct,"1769187480.363, 1769187480.493, 1769187480.504, 1769187480.525, 1769187480.856"
82.0,1,1769187396.2654,405.6332,3170,1030,4200,0.3931,0.0335,0.0632,200.0,0.0,99.17,29.4199,353.0531,353.0531,55139.3687,1769187831.3424973,9.97,37,371,0.119,8,0,0,14.39,15.0,0,1955,1769187480.363,-346.209,meta-llama/Llama-3.2-1B-Instruct,"1769187480.363, 1769187480.493, 1769187480.504, 1769187480.525, 1769187480.856"
130.0,0,1769187350.8555,480.597,27,32,59,0.08,0.0327,0.0364,1.0,0.0,99.17,0.7843,350.677,350.677,55490.0457,1769187832.2390265,9.95,37,372,0.144,9,0,0,14.39,15.0,0,1950,1769187481.171,-350.412,meta-llama/Llama-3.2-1B-Instruct,"1769187481.171, 1769187481.333, 1769187481.399, 1769187482.050, 1769187482.103"
57.0,1,1769187421.4869,381.6188,5971,1026,6997,0.8049,0.0334,0.0618,200.0,0.0,99.17,29.1541,353.7729,353.7729,55843.8186,1769187832.28713,9.92,37,373,0.131,9,0,0,14.39,15.0,0,1950,1769187481.171,-350.412,meta-llama/Llama-3.2-1B-Instruct,"1769187481.171, 1769187481.333, 1769187481.399, 1769187482.050, 1769187482.103"
26.0,1,1769187455.1707,377.2043,3165,6,3171,0.4199,0.0402,0.0402,200.0,0.0,99.18,0.563,351.7673,351.7673,56195.5859,1769187832.9500546,9.89,37,374,0.123,8,0,0,14.39,15.0,0,1950,1769187481.171,-350.412,meta-llama/Llama-3.2-1B-Instruct,"1769187481.171, 1769187481.333, 1769187481.399, 1769187482.050, 1769187482.103"
53.0,0,1769187428.333,404.1917,27,22,49,0.2784,0.0429,0.044,1.0,0.0,99.18,0.7952,351.4701,351.4701,56547.0559,1769187833.3209054,9.87,37,375,0.123,8,0,0,14.39,15.0,0,1950,1769187481.171,-350.412,meta-llama/Llama-3.2-1B-Instruct,"1769187481.171, 1769187481.333, 1769187481.399, 1769187482.050, 1769187482.103"
131.0,0,1769187350.3987,482.6904,27,32,59,0.0755,0.0495,0.3448,1.0,0.0,99.18,1.0901,351.7659,351.7659,56898.8218,1769187834.1842904,9.84,37,376,0.123,9,0,0,14.39,15.0,0,1950,1769187481.171,-350.412,meta-llama/Llama-3.2-1B-Instruct,"1769187481.171, 1769187481.333, 1769187481.399, 1769187482.050, 1769187482.103"
138.0,0,1769187344.1034,490.2017,27,32,59,0.0681,0.0294,0.0303,1.0,0.0,99.18,0.7513,352.2698,352.2698,57251.0916,1769187835.0574415,9.81,37,377,0.134,9,0,0,14.39,15.0,0,1950,1769187481.171,-350.412,meta-llama/Llama-3.2-1B-Instruct,"1769187481.171, 1769187481.333, 1769187481.399, 1769187482.050, 1769187482.103"
59.0,1,1769187419.6419,390.0249,4900,1024,5924,0.6159,0.0347,0.0652,200.0,0.0,99.18,29.3439,360.3688,360.3688,57611.4604,1769187839.0328166,9.79,37,378,0.138,9,0,0,14.39,15.0,0,1944,1769187482.26,-354.323,meta-llama/Llama-3.2-1B-Instruct,"1769187482.260, 1769187482.652, 1769187482.699, 1769187483.500, 1769187483.941"
112.0,0,1769187370.2603,468.8778,27,32,59,0.0697,0.0298,0.0325,1.0,0.0,99.19,0.7555,356.9475,356.9475,57968.4079,1769187839.8955636,9.76,37,379,0.131,9,0,0,14.39,15.0,0,1944,1769187482.26,-354.323,meta-llama/Llama-3.2-1B-Instruct,"1769187482.260, 1769187482.652, 1769187482.699, 1769187483.500, 1769187483.941"
32.0,0,1769187450.6519,389.333,27,32,59,0.1021,0.0332,0.0348,1.0,0.0,99.19,0.788,357.4351,357.4351,58325.843,1769187840.7738223,9.74,37,380,0.133,9,0,0,14.39,15.0,0,1944,1769187482.26,-354.323,meta-llama/Llama-3.2-1B-Instruct,"1769187482.260, 1769187482.652, 1769187482.699, 1769187483.500, 1769187483.941"
47.0,1,1769187432.4825,379.7386,3803,1032,4835,0.4638,0.0361,0.0627,200.0,0.0,99.19,28.7713,361.5099,361.5099,58687.3529,1769187841.0124676,9.71,37,381,0.143,9,0,0,14.39,15.0,0,1944,1769187482.26,-354.323,meta-llama/Llama-3.2-1B-Instruct,"1769187482.260, 1769187482.652, 1769187482.699, 1769187483.500, 1769187483.941"
123.0,0,1769187359.6994,481.159,27,32,59,0.0774,0.0496,0.05,1.0,0.0,99.19,0.7678,358.2364,358.2364,59045.5893,1769187841.6272492,9.69,37,382,0.134,9,0,0,14.39,15.0,0,1944,1769187482.26,-354.323,meta-llama/Llama-3.2-1B-Instruct,"1769187482.260, 1769187482.652, 1769187482.699, 1769187483.500, 1769187483.941"
133.0,0,1769187350.4997,490.6181,27,32,59,0.0786,0.0399,0.0424,1.0,0.0,99.2,0.7781,357.6967,357.6967,59403.286,1769187841.897502,9.66,37,383,0.119,9,0,0,14.39,15.0,0,1940,1769187483.941,-357.692,meta-llama/Llama-3.2-1B-Instruct,"1769187483.941, 1769187484.048, 1769187484.883, 1769187484.946, 1769187485.055"
76.0,0,1769187407.941,433.7536,27,32,59,0.084,0.0354,0.0384,1.0,0.0,99.2,0.7762,357.8376,357.8376,59761.1236,1769187842.4718711,9.64,37,384,0.119,9,0,0,14.39,15.0,0,1940,1769187483.941,-357.692,meta-llama/Llama-3.2-1B-Instruct,"1769187483.941, 1769187484.048, 1769187484.883, 1769187484.946, 1769187485.055"
114.0,0,1769187370.048,471.9721,27,32,59,0.0831,0.0465,0.3694,1.0,0.0,99.2,1.1264,358.0552,358.0552,60119.1789,1769187843.150152,9.61,37,385,0.119,9,0,0,14.39,15.0,0,1940,1769187483.941,-357.692,meta-llama/Llama-3.2-1B-Instruct,"1769187483.941, 1769187484.048, 1769187484.883, 1769187484.946, 1769187485.055"
134.0,1,1769187345.6027,469.3734,4688,1034,5722,0.6202,0.0374,0.0628,200.0,0.0,99.2,29.0076,364.3811,364.3811,60483.5599,1769187844.0053446,9.59,37,386,0.14,9,0,0,14.39,15.0,0,1940,1769187483.941,-357.692,meta-llama/Llama-3.2-1B-Instruct,"1769187483.941, 1769187484.048, 1769187484.883, 1769187484.946, 1769187485.055"
52.0,1,1769187427.6465,388.9935,8571,1027,9598,1.2194,0.0375,0.0701,200.0,0.0,99.2,28.7737,365.7673,365.7673,60849.3272,1769187845.447379,9.56,37,387,0.143,9,0,0,14.39,15.0,0,1940,1769187483.941,-357.692,meta-llama/Llama-3.2-1B-Instruct,"1769187483.941, 1769187484.048, 1769187484.883, 1769187484.946, 1769187485.055"
131.0,1,1769187348.7421,472.5161,3404,1029,4433,0.4367,0.0374,0.0552,200.0,0.0,99.21,27.4991,369.0152,369.0152,61218.3424,1769187848.777669,9.54,37,388,0.159,9,0,0,14.39,15.0,0,1934,1769187485.291,-361.366,meta-llama/Llama-3.2-1B-Instruct,"1769187485.291, 1769187485.505, 1769187485.765, 1769187485.907, 1769187485.921"
71.0,1,1769187409.3631,417.2912,2992,1025,4017,0.4034,0.0353,0.1829,200.0,0.0,99.21,26.8333,373.1245,373.1245,61964.4627,1769187853.508413,9.51,37,390,0.137,8,0,0,14.39,15.0,0,1933,1769187485.505,-366.181,meta-llama/Llama-3.2-1B-Instruct,"1769187485.505, 1769187485.765, 1769187485.907, 1769187485.921, 1769187486.208"
143.0,1,1769187337.4931,489.2275,3130,1032,4162,0.6401,0.035,0.0568,200.0,0.0,99.21,26.7684,372.9959,372.9959,61964.4627,1769187853.508806,9.49,37,390,0.137,8,1,0,14.39,15.0,0,1933,1769187485.505,-366.181,meta-llama/Llama-3.2-1B-Instruct,"1769187485.505, 1769187485.765, 1769187485.907, 1769187485.921, 1769187486.208"
150.0,1,1769187330.5253,498.3621,3042,1017,4059,0.3711,0.0335,0.061,200.0,0.0,99.21,26.7395,375.1016,375.1016,62339.5643,1769187855.643071,9.46,37,391,0.145,9,0,0,14.39,15.0,0,1933,1769187485.505,-366.181,meta-llama/Llama-3.2-1B-Instruct,"1769187485.505, 1769187485.765, 1769187485.907, 1769187485.921, 1769187486.208"
19.0,0,1769187466.9074,388.8441,27,32,59,0.0733,0.0292,0.0302,1.0,0.0,99.21,0.719,369.9174,369.9174,62709.4817,1769187856.4721835,9.44,37,392,0.109,9,0,0,14.39,15.0,0,1933,1769187485.505,-366.181,meta-llama/Llama-3.2-1B-Instruct,"1769187485.505, 1769187485.765, 1769187485.907, 1769187485.921, 1769187486.208"
20.0,0,1769187465.9205,390.6869,27,32,59,0.0713,0.0266,0.0305,1.0,0.0,99.22,0.7059,370.7582,370.7582,63080.2399,1769187857.3164468,9.41,37,393,0.11,9,0,0,14.39,15.0,0,1929,1769187486.208,-370.494,meta-llama/Llama-3.2-1B-Instruct,"1769187486.208, 1769187486.286, 1769187486.315, 1769187486.398, 1769187486.540"
112.0,0,1769187374.2076,483.2144,27,32,59,0.055,0.031,0.0326,1.0,0.0,99.22,0.6952,371.2694,371.2694,63451.5094,1769187858.1207721,9.39,37,394,0.111,9,0,0,14.39,15.0,0,1929,1769187486.208,-370.494,meta-llama/Llama-3.2-1B-Instruct,"1769187486.208, 1769187486.286, 1769187486.315, 1769187486.398, 1769187486.540"
127.0,1,1769187355.0504,478.4019,3181,1016,4197,0.4131,0.0349,0.06,200.0,0.0,99.22,26.033,377.4349,377.4349,63828.9442,1769187859.5113497,9.37,37,395,0.124,9,0,0,14.39,15.0,0,1929,1769187486.208,-370.494,meta-llama/Llama-3.2-1B-Instruct,"1769187486.208, 1769187486.286, 1769187486.315, 1769187486.398, 1769187486.540"
14.0,0,1769187472.3152,387.3229,27,32,59,0.0656,0.0328,0.0351,1.0,0.0,99.22,0.7053,373.3885,373.3885,64202.3327,1769187860.3443358,9.34,37,396,0.11,9,0,0,14.39,15.0,0,1929,1769187486.208,-370.494,meta-llama/Llama-3.2-1B-Instruct,"1769187486.208, 1769187486.286, 1769187486.315, 1769187486.398, 1769187486.540"
147.0,1,1769187335.1698,499.9988,3131,1026,4157,0.3981,0.0346,0.0556,200.0,0.0,99.22,25.6106,378.6093,378.6093,64580.9421,1769187860.7992837,9.32,37,397,0.135,9,0,0,14.39,15.0,0,1929,1769187486.208,-370.494,meta-llama/Llama-3.2-1B-Instruct,"1769187486.208, 1769187486.286, 1769187486.315, 1769187486.398, 1769187486.540"
88.0,0,1769187398.3982,462.0596,27,32,59,0.0688,0.0355,0.0425,1.0,0.0,99.23,0.7352,374.1284,374.1284,64955.0705,1769187861.1953619,9.3,37,398,0.111,9,0,0,14.39,15.0,0,1929,1769187486.208,-370.494,meta-llama/Llama-3.2-1B-Instruct,"1769187486.208, 1769187486.286, 1769187486.315, 1769187486.398, 1769187486.540"
49.0,0,1769187437.5401,423.3532,27,32,59,0.0524,0.0631,1.3361,1.0,0.3361,98.97,2.0711,374.4055,374.4055,65329.476,1769187862.9654675,9.27,37,399,0.099,9,0,0,14.39,15.0,0,1923,1769187487.821,-373.896,meta-llama/Llama-3.2-1B-Instruct,"1769187487.821, 1769187488.008, 1769187488.096, 1769187488.365, 1769187488.411"
60.0,1,1769187424.8833,417.6729,3556,1029,4585,0.427,0.033,0.0641,200.0,0.0,98.97,26.9455,384.6184,384.6184,65714.0944,1769187869.5198944,9.25,37,400,0.12,9,0,0,14.39,15.0,0,1922,1769187488.008,-378.742,meta-llama/Llama-3.2-1B-Instruct,"1769187488.008, 1769187488.096, 1769187488.365, 1769187488.411, 1769187489.081"
123.0,1,1769187361.946,481.362,3576,1031,4607,0.4327,0.0327,0.0573,200.0,0.0,98.98,26.5977,384.9597,384.9597,66099.0541,1769187869.9287195,9.23,37,401,0.132,9,0,0,14.39,15.0,0,1922,1769187488.008,-378.742,meta-llama/Llama-3.2-1B-Instruct,"1769187488.008, 1769187488.096, 1769187488.365, 1769187488.411, 1769187489.081"
133.0,1,1769187352.0551,492.063,3324,1031,4355,0.4118,0.0326,0.0593,200.0,0.0,98.98,26.227,385.29,385.29,66484.3441,1769187870.3625839,9.2,37,402,0.126,9,0,0,14.39,15.0,0,1922,1769187488.008,-378.742,meta-llama/Llama-3.2-1B-Instruct,"1769187488.008, 1769187488.096, 1769187488.365, 1769187488.411, 1769187489.081"
100.0,0,1769187388.0081,481.6185,27,32,59,0.0728,0.0391,0.0431,1.0,0.0,98.98,0.7814,381.6913,381.6913,66866.0355,1769187870.4092298,9.18,37,403,0.135,9,0,0,14.39,15.0,0,1922,1769187488.008,-378.742,meta-llama/Llama-3.2-1B-Instruct,"1769187488.008, 1769187488.096, 1769187488.365, 1769187488.411, 1769187489.081"
16.0,0,1769187472.0957,397.9445,27,32,59,0.0841,0.0401,0.0513,1.0,0.0,98.98,0.7976,382.0285,382.0285,67248.064,1769187870.8395886,9.16,37,404,0.121,9,0,0,14.39,15.0,0,1922,1769187488.008,-378.742,meta-llama/Llama-3.2-1B-Instruct,"1769187488.008, 1769187488.096, 1769187488.365, 1769187488.411, 1769187489.081"
88.0,1,1769187401.0814,469.8926,5002,0,5002,,,,200.0,,,0.6401,382.5327,382.5327,67630.5966,1769187871.631114,9.14,37,405,0.108,9,0,0,14.39,15.0,0,1922,1769187488.008,-378.742,meta-llama/Llama-3.2-1B-Instruct,"1769187488.008, 1769187488.096, 1769187488.365, 1769187488.411, 1769187489.081"
94.0,0,1769187394.3646,476.1176,27,32,59,0.084,0.3699,0.5844,1.0,0.0,98.99,1.6981,382.2017,382.2017,68012.7983,1769187872.1865733,9.11,37,406,0.107,8,0,0,14.39,15.0,0,1916,1769187489.597,-382.184,meta-llama/Llama-3.2-1B-Instruct,"1769187489.597, 1769187489.676, 1769187489.710, 1769187489.715, 1769187489.921"
27.0,0,1769187461.4114,409.1562,27,32,59,0.0913,0.3734,0.5762,1.0,0.0,98.99,1.6785,382.2475,382.2475,68395.0458,1769187872.2507486,9.09,37,407,0.107,9,0,0,14.39,15.0,0,1916,1769187489.597,-382.184,meta-llama/Llama-3.2-1B-Instruct,"1769187489.597, 1769187489.676, 1769187489.710, 1769187489.715, 1769187489.921"
151.0,1,1769187334.1724,511.4073,3347,1031,4378,0.4109,0.0328,0.0596,200.0,0.0,98.99,26.8212,387.2285,387.2285,68782.2743,1769187872.4175322,9.07,37,408,0.107,9,0,0,14.39,15.0,0,1916,1769187489.597,-382.184,meta-llama/Llama-3.2-1B-Instruct,"1769187489.597, 1769187489.676, 1769187489.710, 1769187489.715, 1769187489.921"
37.0,0,1769187452.6763,419.6963,27,32,59,1.3876,0.0307,0.0362,1.0,0.0,98.99,2.0979,384.0838,384.0838,69166.3581,1769187874.472013,9.05,37,409,0.119,8,0,0,14.39,15.0,0,1916,1769187489.597,-382.184,meta-llama/Llama-3.2-1B-Instruct,"1769187489.597, 1769187489.676, 1769187489.710, 1769187489.715, 1769187489.921"
63.0,0,1769187426.7152,447.8722,27,32,59,0.0691,0.0304,0.1731,1.0,0.0,99.0,0.7749,384.9412,384.9412,69551.2994,1769187875.3654003,9.02,37,410,0.142,9,0,0,14.39,15.0,0,1916,1769187489.597,-382.184,meta-llama/Llama-3.2-1B-Instruct,"1769187489.597, 1769187489.676, 1769187489.710, 1769187489.715, 1769187489.921"
18.0,1,1769187468.6664,392.6233,9559,502,10061,1.4121,0.0358,0.3266,200.0,0.0,99.0,15.9895,390.6128,390.6128,69941.9121,1769187877.3241072,9.0,37,411,0.099,9,0,0,14.39,15.0,0,1911,1769187490.013,-386.802,meta-llama/Llama-3.2-1B-Instruct,"1769187490.013, 1769187490.132, 1769187490.196, 1769187490.346, 1769187491.016"
150.0,1,1769187335.291,513.6246,3182,1026,4208,0.3896,0.0339,0.0646,200.0,0.0,99.0,28.4281,392.0527,392.0527,70333.9649,1769187877.3646424,8.98,37,412,0.108,9,0,0,14.39,15.0,0,1911,1769187490.013,-386.802,meta-llama/Llama-3.2-1B-Instruct,"1769187490.013, 1769187490.132, 1769187490.196, 1769187490.346, 1769187491.016"
23.0,1,1769187462.7645,390.9218,3610,1025,4635,0.7218,0.0349,0.0609,200.0,0.0,99.0,29.6358,397.5576,397.5576,71129.3374,1769187883.3407269,8.94,37,414,0.099,8,0,0,14.39,15.0,0,1909,1769187490.196,-391.625,meta-llama/Llama-3.2-1B-Instruct,"1769187490.196, 1769187490.346, 1769187491.016, 1769187491.697, 1769187492.170"
28.0,1,1769187457.5053,396.1188,3097,1028,4125,0.4265,0.0336,0.064,200.0,0.0,99.01,29.6961,397.8149,397.8149,71129.3374,1769187883.3410814,8.96,37,414,0.099,8,0,0,14.39,15.0,0,1909,1769187490.196,-391.625,meta-llama/Llama-3.2-1B-Instruct,"1769187490.196, 1769187490.346, 1769187491.016, 1769187491.697, 1769187492.170"
98.0,1,1769187388.2859,470.0977,3006,1029,4035,0.3872,0.0339,0.0619,200.0,0.0,99.01,30.0531,402.1508,402.1508,71531.4882,1769187888.4589558,8.92,37,415,0.113,9,0,0,14.39,15.0,0,1907,1769187491.016,-395.807,meta-llama/Llama-3.2-1B-Instruct,"1769187491.016, 1769187491.697, 1769187492.170, 1769187492.197, 1769187492.427"
36.0,0,1769187455.0161,433.5747,27,32,59,0.0759,0.0304,0.0305,1.0,0.0,99.01,0.7716,397.6505,397.6505,71929.1387,1769187889.3686876,8.89,37,416,0.136,9,0,0,14.39,15.0,0,1907,1769187491.016,-395.807,meta-llama/Llama-3.2-1B-Instruct,"1769187491.016, 1769187491.697, 1769187492.170, 1769187492.197, 1769187492.427"
114.0,1,1769187376.3458,507.1857,3605,245,3850,0.7426,0.0331,0.0398,200.0,0.0,99.01,6.4129,399.5985,399.5985,72328.7372,1769187889.9607947,8.87,37,417,0.12,8,0,0,14.39,15.0,0,1907,1769187491.016,-395.807,meta-llama/Llama-3.2-1B-Instruct,"1769187491.016, 1769187491.697, 1769187492.170, 1769187492.197, 1769187492.427"
69.0,0,1769187422.6967,466.8082,27,32,59,0.0997,0.055,0.3331,1.0,0.0,99.02,1.1254,397.9078,397.9078,72726.6451,1769187890.6317806,8.85,37,418,0.137,9,0,0,14.39,15.0,0,1907,1769187491.016,-395.807,meta-llama/Llama-3.2-1B-Instruct,"1769187491.016, 1769187491.697, 1769187492.170, 1769187492.197, 1769187492.427"
109.0,0,1769187383.1967,507.546,27,32,59,0.0754,0.0286,0.032,1.0,0.0,99.02,0.7695,398.6214,398.6214,73125.2665,1769187891.5129564,8.83,37,419,0.135,9,0,0,14.39,15.0,0,1907,1769187491.016,-395.807,meta-llama/Llama-3.2-1B-Instruct,"1769187491.016, 1769187491.697, 1769187492.170, 1769187492.197, 1769187492.427"
124.0,1,1769187363.821,499.276,3326,1025,4351,0.4233,0.0336,0.0567,200.0,0.0,99.02,28.942,404.2181,404.2181,73529.4845,1769187892.0584724,8.81,37,420,0.13,9,0,0,14.39,15.0,0,1902,1769187492.473,-399.378,meta-llama/Llama-3.2-1B-Instruct,"1769187492.473, 1769187492.529, 1769187492.750, 1769187492.828, 1769187492.929"
137.0,0,1769187355.4272,536.2368,27,32,59,0.0913,0.0586,0.3556,1.0,0.0,99.02,1.1435,399.3281,399.3281,73928.8126,1769187892.8089428,8.79,37,421,0.136,9,0,0,14.39,15.0,0,1902,1769187492.473,-399.378,meta-llama/Llama-3.2-1B-Instruct,"1769187492.473, 1769187492.529, 1769187492.750, 1769187492.828, 1769187492.929"
146.0,0,1769187346.529,546.385,27,32,59,0.0846,0.0289,0.0348,1.0,0.0,99.03,0.7722,400.4696,400.4696,74329.2822,1769187893.687267,8.77,37,422,0.135,9,0,0,14.39,15.0,0,1902,1769187492.473,-399.378,meta-llama/Llama-3.2-1B-Instruct,"1769187492.473, 1769187492.529, 1769187492.750, 1769187492.828, 1769187492.929"
87.0,1,1769187402.5363,469.1856,3280,1022,4302,0.4258,0.0329,0.0641,200.0,0.0,99.03,28.7937,410.9794,410.9794,74740.2615,1769187900.535908,8.75,37,423,0.108,9,0,0,14.39,15.0,0,1899,1769187492.828,-404.062,meta-llama/Llama-3.2-1B-Instruct,"1769187492.828, 1769187492.929, 1769187493.106, 1769187493.141, 1769187493.266"
74.0,1,1769187415.5974,456.713,5971,1025,6996,0.8322,0.0328,0.0627,200.0,0.0,99.03,28.4558,411.1688,411.1688,75562.4883,1769187900.7928631,8.73,37,425,0.119,8,0,0,14.39,15.0,0,1899,1769187492.828,-404.062,meta-llama/Llama-3.2-1B-Instruct,"1769187492.828, 1769187492.929, 1769187493.106, 1769187493.141, 1769187493.266"
99.0,1,1769187390.7104,481.7845,5207,1028,6235,1.266,0.0322,0.0604,200.0,0.0,99.03,28.2735,411.058,411.058,75562.4883,1769187900.7963433,8.71,37,425,0.124,8,1,0,14.39,15.0,0,1899,1769187492.828,-404.062,meta-llama/Llama-3.2-1B-Instruct,"1769187492.828, 1769187492.929, 1769187493.106, 1769187493.141, 1769187493.266"
159.0,0,1769187333.8277,566.8196,27,32,59,0.0467,0.063,0.3023,1.0,0.0,99.04,1.0439,407.8663,407.8663,75970.3547,1769187901.698158,8.69,37,426,0.141,9,0,0,14.39,15.0,0,1899,1769187492.828,-404.062,meta-llama/Llama-3.2-1B-Instruct,"1769187492.828, 1769187492.929, 1769187493.106, 1769187493.141, 1769187493.266"
159.0,0,1769187333.9288,566.9996,27,32,59,0.0679,0.0607,0.2936,1.0,0.0,99.04,1.053,408.0676,408.0676,76378.4222,1769187901.9837832,8.67,37,427,0.099,8,0,0,14.39,15.0,0,1895,1769187493.266,-408.67,meta-llama/Llama-3.2-1B-Instruct,"1769187493.266, 1769187493.420, 1769187493.487, 1769187493.903, 1769187494.002"
118.0,0,1769187375.1414,526.6701,27,32,59,0.0786,0.0375,0.0514,1.0,0.0,99.04,0.7639,408.7487,408.7487,76787.1709,1769187902.5858257,8.64,37,428,0.11,9,0,0,14.39,15.0,0,1895,1769187493.266,-408.67,meta-llama/Llama-3.2-1B-Instruct,"1769187493.266, 1769187493.420, 1769187493.487, 1769187493.903, 1769187494.002"
160.0,1,1769187329.9214,545.5643,3020,1032,4052,0.3771,0.0325,0.0606,200.0,0.0,99.04,27.3086,412.8728,412.8728,77200.0438,1769187902.8069642,8.62,37,429,0.143,9,0,0,14.39,15.0,0,1895,1769187493.266,-408.67,meta-llama/Llama-3.2-1B-Instruct,"1769187493.266, 1769187493.420, 1769187493.487, 1769187493.903, 1769187494.002"
26.0,0,1769187467.2657,434.8187,27,32,59,0.0653,0.0654,0.7018,1.0,0.0,99.05,1.4363,408.884,408.884,77608.9278,1769187903.5234756,8.6,37,430,0.11,9,0,0,14.39,15.0,0,1895,1769187493.266,-408.67,meta-llama/Llama-3.2-1B-Instruct,"1769187493.266, 1769187493.420, 1769187493.487, 1769187493.903, 1769187494.002"
11.0,0,1769187482.9025,420.7097,27,32,59,0.0654,0.0301,0.0308,1.0,0.0,99.05,0.7295,409.7751,409.7751,78018.7029,1769187904.3426914,8.58,37,431,0.119,9,0,0,14.39,15.0,0,1895,1769187493.266,-408.67,meta-llama/Llama-3.2-1B-Instruct,"1769187493.266, 1769187493.420, 1769187493.487, 1769187493.903, 1769187494.002"
83.0,1,1769187411.002,493.4274,3305,0,3305,,,,200.0,,,0.4305,410.8579,410.8579,78429.5607,1769187904.873092,8.56,37,432,0.12,9,0,0,14.39,15.0,0,1895,1769187493.266,-408.67,meta-llama/Llama-3.2-1B-Instruct,"1769187493.266, 1769187493.420, 1769187493.487, 1769187493.903, 1769187494.002"
152.0,1,1769187338.1318,539.3822,3669,1012,4681,1.2562,0.0343,0.063,200.0,0.0,99.05,28.2861,415.6683,415.6683,79261.0181,1769187905.8211536,8.55,37,434,0.109,8,0,0,14.39,15.0,0,1895,1769187493.266,-408.67,meta-llama/Llama-3.2-1B-Instruct,"1769187493.266, 1769187493.420, 1769187493.487, 1769187493.903, 1769187494.002"
76.0,1,1769187414.0135,463.4379,6606,1030,7636,0.9561,0.0338,0.0696,200.0,0.0,99.05,28.3513,415.7891,415.7891,79261.0181,1769187905.83719,8.53,37,434,0.109,8,0,0,14.39,15.0,0,1895,1769187493.266,-408.67,meta-llama/Llama-3.2-1B-Instruct,"1769187493.266, 1769187493.420, 1769187493.487, 1769187493.903, 1769187494.002"
132.0,0,1769187362.0469,543.9019,27,32,59,0.0562,0.0436,0.0498,1.0,0.0,99.05,0.7192,411.9581,411.9581,79672.9763,1769187906.6703563,8.51,37,435,0.092,8,0,0,14.39,15.0,0,1895,1769187493.266,-408.67,meta-llama/Llama-3.2-1B-Instruct,"1769187493.266, 1769187493.420, 1769187493.487, 1769187493.903, 1769187494.002"
154.0,0,1769187340.2313,565.7632,27,32,59,0.0734,0.0283,0.0322,1.0,0.0,99.06,0.6921,411.8366,411.8366,80084.8129,1769187906.689343,8.49,37,436,0.092,8,0,0,14.39,15.0,0,1895,1769187493.266,-408.67,meta-llama/Llama-3.2-1B-Instruct,"1769187493.266, 1769187493.420, 1769187493.487, 1769187493.903, 1769187494.002"
13.0,0,1769187481.7315,425.1211,27,32,59,0.4648,0.0268,0.0268,1.0,0.0,99.06,1.0985,412.586,412.586,80497.3988,1769187907.9516864,8.47,37,437,0.093,8,0,0,14.39,15.0,0,1885,1769187494.85,-412.12,meta-llama/Llama-3.2-1B-Instruct,"1769187494.850, 1769187494.972, 1769187495.120, 1769187495.203, 1769187495.343"
78.0,0,1769187416.85,491.2304,27,32,59,0.0565,0.0303,0.0312,1.0,0.0,99.06,0.7022,413.2869,413.2869,80910.6858,1769187908.7862139,8.45,37,438,0.107,9,0,0,14.39,15.0,0,1885,1769187494.85,-412.12,meta-llama/Llama-3.2-1B-Instruct,"1769187494.850, 1769187494.972, 1769187495.120, 1769187495.203, 1769187495.343"
115.0,0,1769187379.9719,528.922,27,32,59,0.0841,0.0282,0.0296,1.0,0.0,99.06,0.711,414.0061,414.0061,81324.6919,1769187909.607582,8.43,37,439,0.108,9,0,0,14.39,15.0,0,1885,1769187494.85,-412.12,meta-llama/Llama-3.2-1B-Instruct,"1769187494.850, 1769187494.972, 1769187495.120, 1769187495.203, 1769187495.343"
37.0,0,1769187458.1199,451.6295,27,32,59,0.0625,0.0311,0.0333,1.0,0.0,99.07,0.6999,414.692,414.692,81739.3839,1769187910.4514794,8.41,37,440,0.11,9,0,0,14.39,15.0,0,1885,1769187494.85,-412.12,meta-llama/Llama-3.2-1B-Instruct,"1769187494.850, 1769187494.972, 1769187495.120, 1769187495.203, 1769187495.343"
117.0,1,1769187373.196,510.2779,3241,1026,4267,0.4374,0.0357,0.0718,200.0,0.0,99.07,27.2171,420.495,420.495,82159.8789,1769187910.7102668,8.39,37,441,0.12,8,0,0,14.39,15.0,0,1885,1769187494.85,-412.12,meta-llama/Llama-3.2-1B-Instruct,"1769187494.850, 1769187494.972, 1769187495.120, 1769187495.203, 1769187495.343"
38.0,1,1769187457.3432,453.4508,5207,87,5294,0.9106,0.0288,0.0312,200.0,0.0,99.07,2.8261,418.2769,418.2769,82578.1558,1769187913.6398559,8.37,37,442,0.109,9,0,0,14.39,15.0,0,1880,1769187495.355,-416.673,meta-llama/Llama-3.2-1B-Instruct,"1769187495.355, 1769187495.386, 1769187495.937, 1769187496.009, 1769187496.247"
136.0,1,1769187356.1701,533.8937,3073,1027,4100,0.4072,0.0332,0.1926,200.0,0.0,99.07,27.799,425.6927,425.6927,83003.8486,1769187917.8829882,8.35,37,443,0.125,9,0,0,14.39,15.0,0,1879,1769187495.386,-421.722,meta-llama/Llama-3.2-1B-Instruct,"1769187495.386, 1769187495.937, 1769187496.009, 1769187496.247, 1769187496.315"
59.0,0,1769187436.3864,481.6005,27,32,59,0.0678,0.0302,0.0326,1.0,0.0,99.07,0.7238,422.6683,422.6683,83426.5169,1769187918.7129087,8.33,37,444,0.114,9,0,0,14.39,15.0,0,1879,1769187495.386,-421.722,meta-llama/Llama-3.2-1B-Instruct,"1769187495.386, 1769187495.937, 1769187496.009, 1769187496.247, 1769187496.315"
21.0,1,1769187471.4727,420.6827,3516,1026,4542,0.4132,0.0344,0.191,200.0,0.0,99.08,27.9961,427.6788,427.6788,83854.1957,1769187920.1741974,8.31,37,445,0.123,9,0,0,14.39,15.0,0,1879,1769187495.386,-421.722,meta-llama/Llama-3.2-1B-Instruct,"1769187495.386, 1769187495.937, 1769187496.009, 1769187496.247, 1769187496.315"
109.0,1,1769187383.7496,510.0517,3160,1027,4187,0.3952,0.0335,0.1909,200.0,0.0,99.08,27.9505,429.0022,429.0022,84283.1979,1769187921.7726889,8.3,37,446,0.136,9,0,0,14.39,15.0,0,1879,1769187495.386,-421.722,meta-llama/Llama-3.2-1B-Instruct,"1769187495.386, 1769187495.937, 1769187496.009, 1769187496.247, 1769187496.315"
101.0,1,1769187392.4197,510.2895,3165,740,3905,0.4185,0.0336,0.3512,200.0,0.0,99.08,21.161,430.4505,430.4505,84713.6484,1769187923.8848605,8.28,37,447,0.11,9,0,0,14.39,15.0,0,1875,1769187496.315,-425.817,meta-llama/Llama-3.2-1B-Instruct,"1769187496.315, 1769187496.375, 1769187496.805, 1769187497.297, 1769187497.339"
37.0,1,1769187459.3152,464.6998,3197,0,3197,,,,200.0,,,0.3976,428.0974,428.0974,85141.7458,1769187924.4323733,8.26,37,448,0.121,9,0,0,14.39,15.0,0,1875,1769187496.315,-425.817,meta-llama/Llama-3.2-1B-Instruct,"1769187496.315, 1769187496.375, 1769187496.805, 1769187497.297, 1769187497.339"
57.0,1,1769187436.1064,464.8792,2996,1024,4020,0.362,0.0342,0.3429,200.0,0.0,99.08,28.6469,436.526,436.526,85578.2718,1769187929.6551127,8.24,37,449,0.099,8,0,0,14.39,15.0,0,1873,1769187496.805,-430.405,meta-llama/Llama-3.2-1B-Instruct,"1769187496.805, 1769187497.297, 1769187497.339, 1769187497.400, 1769187498.104"
117.0,1,1769187376.4875,526.3903,3548,1022,4570,0.5893,0.034,0.3306,200.0,0.0,99.08,28.5962,437.9864,437.9864,86016.2583,1769187931.493417,8.22,37,450,0.108,9,0,0,14.39,15.0,0,1873,1769187496.805,-430.405,meta-llama/Llama-3.2-1B-Instruct,"1769187496.805, 1769187497.297, 1769187497.339, 1769187497.400, 1769187498.104"
37.0,0,1769187460.2969,471.344,27,32,59,0.0767,0.0306,0.0347,1.0,0.0,99.09,0.7563,434.4207,434.4207,86450.679,1769187932.3983502,8.2,37,451,0.127,9,0,0,14.39,15.0,0,1871,1769187497.339,-434.922,meta-llama/Llama-3.2-1B-Instruct,"1769187497.339, 1769187497.400, 1769187498.104, 1769187498.197, 1769187498.574"
100.0,1,1769187394.0183,511.0484,3326,1024,4350,0.4077,0.0328,0.2044,200.0,0.0,99.09,27.7383,438.7867,438.7867,86889.4657,1769187932.8233147,8.19,37,452,0.12,9,0,0,14.39,15.0,0,1871,1769187497.339,-434.922,meta-llama/Llama-3.2-1B-Instruct,"1769187497.339, 1769187497.400, 1769187498.104, 1769187498.197, 1769187498.574"
91.0,0,1769187406.3391,526.1662,27,15,42,0.0785,0.0294,0.0294,1.0,0.0,99.09,0.3605,435.2447,435.2447,87324.7104,1769187932.866632,8.17,37,453,0.129,9,0,0,14.39,15.0,0,1871,1769187497.339,-434.922,meta-llama/Llama-3.2-1B-Instruct,"1769187497.339, 1769187497.400, 1769187498.104, 1769187498.197, 1769187498.574"
73.0,0,1769187424.4003,508.5292,27,32,59,0.0705,0.0574,0.3877,1.0,0.0,99.09,1.1606,435.5997,435.5997,87760.3101,1769187934.0928745,8.15,37,454,0.115,8,0,0,14.39,15.0,0,1871,1769187497.339,-434.922,meta-llama/Llama-3.2-1B-Instruct,"1769187497.339, 1769187497.400, 1769187498.104, 1769187498.197, 1769187498.574"
127.0,1,1769187367.5419,539.2418,3967,1023,4990,0.5328,0.0323,0.3314,200.0,0.0,99.1,28.2155,440.4573,440.4573,88200.7675,1769187935.0191448,8.13,37,455,0.093,8,0,0,14.39,15.0,0,1871,1769187497.339,-434.922,meta-llama/Llama-3.2-1B-Instruct,"1769187497.339, 1769187497.400, 1769187498.104, 1769187498.197, 1769187498.574"
158.0,0,1769187340.5737,594.5928,27,32,59,0.054,0.0322,0.0338,1.0,0.0,99.1,0.7329,436.6468,436.6468,88637.4142,1769187935.8998802,8.11,37,456,0.124,9,0,0,14.39,15.0,0,1871,1769187497.339,-434.922,meta-llama/Llama-3.2-1B-Instruct,"1769187497.339, 1769187497.400, 1769187498.104, 1769187498.197, 1769187498.574"
21.0,0,1769187477.5753,458.431,27,0,27,,,,1.0,,,0.0922,437.5232,437.5232,89074.9374,1769187936.0992248,8.1,37,457,0.125,9,0,0,14.39,15.0,0,1871,1769187497.339,-434.922,meta-llama/Llama-3.2-1B-Instruct,"1769187497.339, 1769187497.400, 1769187498.104, 1769187498.197, 1769187498.574"
115.0,1,1769187380.3553,533.3945,3159,865,4024,0.4014,0.0341,0.3446,200.0,0.0,99.1,24.1713,442.5658,442.5658,89517.5032,1769187937.936223,8.08,37,458,0.112,9,0,0,14.39,15.0,0,1864,1769187498.76,-438.607,meta-llama/Llama-3.2-1B-Instruct,"1769187498.760, 1769187498.869, 1769187498.895, 1769187499.585, 1769187499.638"
149.0,0,1769187349.7604,588.2528,27,32,59,0.0715,0.0287,0.0373,1.0,0.0,99.1,0.7602,439.3243,439.3243,89956.8275,1769187938.7744987,8.06,37,459,0.133,9,0,0,14.39,15.0,0,1864,1769187498.76,-438.607,meta-llama/Llama-3.2-1B-Instruct,"1769187498.760, 1769187498.869, 1769187498.895, 1769187499.585, 1769187499.638"
48.0,1,1769187447.2034,463.3874,3806,1029,4835,0.5171,0.0329,0.3373,200.0,0.0,99.1,28.815,444.2024,444.2024,90401.0299,1769187939.4298522,8.04,37,460,0.111,9,0,0,14.39,15.0,0,1864,1769187498.76,-438.607,meta-llama/Llama-3.2-1B-Instruct,"1769187498.760, 1769187498.869, 1769187498.895, 1769187499.585, 1769187499.638"
123.0,0,1769187375.8691,563.0082,27,32,59,0.0584,0.034,0.0523,1.0,0.0,99.11,0.7768,440.0666,440.0666,90841.0965,1769187939.6549828,8.03,37,461,0.134,9,0,0,14.39,15.0,0,1864,1769187498.76,-438.607,meta-llama/Llama-3.2-1B-Instruct,"1769187498.760, 1769187498.869, 1769187498.895, 1769187499.585, 1769187499.638"
93.0,1,1769187406.5848,533.1716,4650,0,4650,,,,200.0,,,0.6001,440.7718,440.7718,91281.8682,1769187940.3710206,8.01,37,462,0.119,9,0,0,14.39,15.0,0,1864,1769187498.76,-438.607,meta-llama/Llama-3.2-1B-Instruct,"1769187498.760, 1769187498.869, 1769187498.895, 1769187499.585, 1769187499.638"
143.0,0,1769187355.8945,583.6368,27,32,59,0.0684,0.0646,0.5328,1.0,0.0,99.11,1.3149,440.7052,440.7052,91722.5734,1769187940.8482666,7.99,37,463,0.119,9,0,0,14.39,15.0,0,1864,1769187498.76,-438.607,meta-llama/Llama-3.2-1B-Instruct,"1769187498.760, 1769187498.869, 1769187498.895, 1769187499.585, 1769187499.638"
127.0,0,1769187372.6383,567.8598,27,32,59,0.0706,0.0337,0.0476,1.0,0.0,99.11,0.7567,440.9304,440.9304,92163.5038,1769187941.2594767,7.97,37,464,0.12,9,0,0,14.39,15.0,0,1864,1769187498.76,-438.607,meta-llama/Llama-3.2-1B-Instruct,"1769187498.760, 1769187498.869, 1769187498.895, 1769187499.585, 1769187499.638"
61.0,0,1769187438.655,502.318,27,32,59,0.0712,0.0487,0.3386,1.0,0.0,99.11,1.0912,441.3892,441.3892,92604.893,1769187942.0689726,7.96,37,465,0.12,9,0,0,14.39,15.0,0,1864,1769187498.76,-438.607,meta-llama/Llama-3.2-1B-Instruct,"1769187498.760, 1769187498.869, 1769187498.895, 1769187499.585, 1769187499.638"
150.0,0,1769187350.149,592.0136,27,32,59,0.0643,0.0286,0.0297,1.0,0.0,99.11,0.7527,442.0779,442.0779,93046.971,1769187942.916525,7.94,37,466,0.131,9,0,0,14.39,15.0,0,1856,1769187500.227,-442.189,meta-llama/Llama-3.2-1B-Instruct,"1769187500.227, 1769187500.301, 1769187500.304, 1769187500.504, 1769187500.595"
90.0,1,1769187405.9368,512.8764,5139,1026,6165,0.6978,0.0359,0.3314,200.0,0.0,99.12,29.1209,451.9973,451.9973,93498.9682,1769187947.9600322,7.92,37,467,0.115,9,0,0,14.39,15.0,0,1855,1769187500.301,-447.196,meta-llama/Llama-3.2-1B-Instruct,"1769187500.301, 1769187500.304, 1769187500.504, 1769187500.595, 1769187500.903"
23.0,1,1769187473.009,447.288,3486,1023,4509,0.4097,0.036,0.3363,200.0,0.0,99.12,28.8753,453.1633,453.1633,93952.1315,1769187949.1944816,7.91,37,468,0.118,9,0,0,14.39,15.0,0,1855,1769187500.301,-447.196,meta-llama/Llama-3.2-1B-Instruct,"1769187500.301, 1769187500.304, 1769187500.504, 1769187500.595, 1769187500.903"
57.0,0,1769187443.3036,506.0159,27,32,59,0.0752,0.0307,0.031,1.0,0.0,99.12,0.7677,449.0911,449.0911,94401.2226,1769187950.0885935,7.89,37,469,0.135,9,0,0,14.39,15.0,0,1855,1769187500.301,-447.196,meta-llama/Llama-3.2-1B-Instruct,"1769187500.301, 1769187500.304, 1769187500.504, 1769187500.595, 1769187500.903"
43.0,1,1769187453.2475,468.6481,4212,1028,5240,0.5172,0.0349,0.3392,200.0,0.0,99.12,28.9543,454.6024,454.6024,94855.825,1769187950.8727143,7.87,37,470,0.118,9,0,0,14.39,15.0,0,1855,1769187500.301,-447.196,meta-llama/Llama-3.2-1B-Instruct,"1769187500.301, 1769187500.304, 1769187500.504, 1769187500.595, 1769187500.903"
88.0,0,1769187412.5954,538.4225,27,32,59,0.0628,0.0297,0.0332,1.0,0.0,99.12,0.7553,450.4852,450.4852,95306.3103,1769187951.774069,7.86,37,471,0.131,9,0,0,14.39,15.0,0,1855,1769187500.301,-447.196,meta-llama/Llama-3.2-1B-Instruct,"1769187500.301, 1769187500.304, 1769187500.504, 1769187500.595, 1769187500.903"
113.0,1,1769187383.3751,541.1914,4378,1029,5407,0.5531,0.0356,0.1819,200.0,0.0,99.12,28.6131,456.8045,456.8045,95763.1147,1769187953.2006996,7.84,37,472,0.122,9,0,0,14.39,15.0,0,1850,1769187500.928,-451.624,meta-llama/Llama-3.2-1B-Instruct,"1769187500.928, 1769187500.980, 1769187501.151, 1769187501.328, 1769187501.745"
91.0,1,1769187409.5044,540.6799,3610,135,3745,0.4474,0.0326,0.3556,200.0,0.0,99.13,4.3106,453.9905,453.9905,96217.1053,1769187954.5076952,7.82,37,473,0.136,9,0,0,14.39,15.0,0,1850,1769187500.928,-451.624,meta-llama/Llama-3.2-1B-Instruct,"1769187500.928, 1769187500.980, 1769187501.151, 1769187501.328, 1769187501.745"
59.0,0,1769187441.9799,512.6166,27,32,59,0.084,0.0293,0.0311,1.0,0.0,99.13,0.7672,453.7005,453.7005,96670.8058,1769187955.3646731,7.81,37,474,0.128,9,0,0,14.39,15.0,0,1850,1769187500.928,-451.624,meta-llama/Llama-3.2-1B-Instruct,"1769187500.928, 1769187500.980, 1769187501.151, 1769187501.328, 1769187501.745"
52.0,1,1769187448.9026,503.0328,3802,153,3955,0.4606,0.0326,0.0605,200.0,0.0,99.13,4.2689,455.3017,455.3017,97126.1075,1769187956.21711,7.79,37,475,0.132,9,0,0,14.39,15.0,0,1850,1769187500.928,-451.624,meta-llama/Llama-3.2-1B-Instruct,"1769187500.928, 1769187500.980, 1769187501.151, 1769187501.328, 1769187501.745"
108.0,0,1769187393.1506,562.368,27,32,59,0.0649,0.0294,0.033,1.0,0.0,99.13,0.748,454.4329,454.4329,97580.5404,1769187956.2683606,7.77,37,476,0.129,9,0,0,14.39,15.0,0,1850,1769187500.928,-451.624,meta-llama/Llama-3.2-1B-Instruct,"1769187500.928, 1769187500.980, 1769187501.151, 1769187501.328, 1769187501.745"
100.0,1,1769187398.6431,537.5755,5971,789,6760,0.801,0.0346,0.3349,200.0,0.0,99.13,22.7616,460.3371,460.3371,98040.8775,1769187959.004314,7.76,37,477,0.125,9,0,0,14.39,15.0,0,1845,1769187501.911,-455.707,meta-llama/Llama-3.2-1B-Instruct,"1769187501.911, 1769187502.075, 1769187502.093, 1769187502.185, 1769187502.531"
40.0,1,1769187456.8047,472.9741,3299,1026,4325,0.4074,0.0369,0.3299,200.0,0.0,99.14,29.2432,462.2173,462.2173,98503.0948,1769187959.0401375,7.74,37,478,0.13,9,0,0,14.39,15.0,0,1845,1769187501.911,-455.707,meta-llama/Llama-3.2-1B-Instruct,"1769187501.911, 1769187502.075, 1769187502.093, 1769187502.185, 1769187502.531"
88.0,1,1769187410.1043,522.8831,3805,1025,4830,0.4569,0.0344,0.3388,200.0,0.0,99.14,29.437,464.3201,464.3201,98967.4149,1769187962.4445977,7.72,37,479,0.115,8,1,0,14.39,15.0,0,1845,1769187501.911,-455.707,meta-llama/Llama-3.2-1B-Instruct,"1769187501.911, 1769187502.075, 1769187502.093, 1769187502.185, 1769187502.531"
10.0,1,1769187488.1967,445.9903,3260,1030,4290,0.4099,0.0366,0.2896,200.0,0.0,99.14,29.3221,465.3125,465.3125,99432.7274,1769187963.5282145,7.71,37,480,0.128,9,0,0,14.39,15.0,0,1842,1769187502.185,-460.541,meta-llama/Llama-3.2-1B-Instruct,"1769187502.185, 1769187502.531, 1769187502.556, 1769187502.821, 1769187502.846"
54.0,0,1769187448.1853,515.4386,27,32,59,0.0603,0.0292,0.0298,1.0,0.0,99.14,0.7183,461.499,461.499,99894.2264,1769187964.3431923,7.69,37,481,0.112,9,0,0,14.39,15.0,0,1842,1769187502.185,-460.541,meta-llama/Llama-3.2-1B-Instruct,"1769187502.185, 1769187502.531, 1769187502.556, 1769187502.821, 1769187502.846"
153.0,1,1769187347.9277,605.3851,3276,503,3779,0.4243,0.0311,0.0577,200.0,0.0,99.14,13.8881,466.2731,466.2731,100360.4995,1769187967.2144575,7.68,37,482,0.128,9,0,0,14.39,15.0,0,1842,1769187502.185,-460.541,meta-llama/Llama-3.2-1B-Instruct,"1769187502.185, 1769187502.531, 1769187502.556, 1769187502.821, 1769187502.846"
44.0,1,1769187456.1143,485.2586,3172,1026,4198,0.3915,0.0329,0.1805,200.0,0.0,99.15,28.3314,469.59,469.59,100830.0895,1769187969.7253025,7.66,37,483,0.121,9,0,0,14.39,15.0,0,1839,1769187502.821,-464.969,meta-llama/Llama-3.2-1B-Instruct,"1769187502.821, 1769187502.846, 1769187503.300, 1769187503.517, 1769187503.529"
111.0,1,1769187389.2269,553.9196,5600,1031,6631,0.7244,0.0334,0.2181,200.0,0.0,99.15,28.4713,471.3909,471.3909,101301.4805,1769187971.6473436,7.64,37,484,0.132,9,0,0,14.39,15.0,0,1839,1769187502.821,-464.969,meta-llama/Llama-3.2-1B-Instruct,"1769187502.821, 1769187502.846, 1769187503.300, 1769187503.517, 1769187503.529"
157.0,0,1769187345.8459,625.902,27,32,59,0.0619,0.028,0.0286,1.0,0.0,99.15,0.7136,468.9639,468.9639,101770.4444,1769187972.4644842,7.63,37,485,0.112,9,0,0,14.39,15.0,0,1839,1769187502.821,-464.969,meta-llama/Llama-3.2-1B-Instruct,"1769187502.821, 1769187502.846, 1769187503.300, 1769187503.517, 1769187503.529"
95.0,0,1769187408.3,564.2953,27,32,59,0.0624,0.028,0.0283,1.0,0.0,99.15,0.6963,469.3577,469.3577,102239.8021,1769187973.2947004,7.61,37,486,0.113,9,0,0,14.39,15.0,0,1836,1769187503.517,-469.352,meta-llama/Llama-3.2-1B-Instruct,"1769187503.517, 1769187503.529, 1769187503.670, 1769187503.762, 1769187504.033"
103.0,1,1769187400.517,572.8468,2970,0,2970,,,,200.0,,,0.3732,470.2199,470.2199,102710.022,1769187973.7488377,7.6,37,487,0.114,9,0,0,14.39,15.0,0,1836,1769187503.517,-469.352,meta-llama/Llama-3.2-1B-Instruct,"1769187503.517, 1769187503.529, 1769187503.670, 1769187503.762, 1769187504.033"
110.0,0,1769187393.5286,580.3268,27,32,59,0.0753,0.0298,0.0359,1.0,0.0,99.15,0.7296,470.4022,470.4022,103180.4242,1769187974.5861962,7.58,37,488,0.115,9,0,0,14.39,15.0,0,1836,1769187503.517,-469.352,meta-llama/Llama-3.2-1B-Instruct,"1769187503.517, 1769187503.529, 1769187503.670, 1769187503.762, 1769187504.033"
62.0,1,1769187438.3008,509.7645,3516,1026,4542,0.4441,0.0333,0.2907,200.0,0.0,99.15,27.9978,475.7623,475.7623,103656.1866,1769187976.0846546,7.57,37,489,0.137,9,0,0,14.39,15.0,0,1836,1769187503.517,-469.352,meta-llama/Llama-3.2-1B-Instruct,"1769187503.517, 1769187503.529, 1769187503.670, 1769187503.762, 1769187504.033"
78.0,1,1769187425.67,549.0532,3159,88,3247,0.3929,0.0319,0.5392,200.0,0.0,99.16,2.8781,473.9313,473.9313,104130.1179,1769187977.6243203,7.55,37,490,0.116,9,0,0,14.39,15.0,0,1836,1769187503.517,-469.352,meta-llama/Llama-3.2-1B-Instruct,"1769187503.517, 1769187503.529, 1769187503.670, 1769187503.762, 1769187504.033"
156.0,0,1769187348.0328,629.7548,27,32,59,0.0712,0.0305,0.0379,1.0,0.0,99.16,0.7375,473.826,473.826,104603.9438,1769187978.5259817,7.54,37,491,0.119,9,0,0,14.39,15.0,0,1831,1769187504.149,-473.793,meta-llama/Llama-3.2-1B-Instruct,"1769187504.149, 1769187504.168, 1769187504.180, 1769187504.398, 1769187504.454"
134.0,0,1769187370.1493,608.6046,27,11,38,0.0772,0.0269,0.0269,1.0,0.0,99.16,0.3147,474.6818,474.6818,105078.6257,1769187979.0706718,7.52,37,492,0.12,9,0,0,14.39,15.0,0,1831,1769187504.149,-473.793,meta-llama/Llama-3.2-1B-Instruct,"1769187504.149, 1769187504.168, 1769187504.180, 1769187504.398, 1769187504.454"
40.0,0,1769187464.1685,515.0266,27,0,27,,,,1.0,,,0.0534,475.08,475.08,105553.7056,1769187979.250019,7.51,37,493,0.121,9,0,0,14.39,15.0,0,1831,1769187504.149,-473.793,meta-llama/Llama-3.2-1B-Instruct,"1769187504.149, 1769187504.168, 1769187504.180, 1769187504.398, 1769187504.454"
53.0,1,1769187448.3276,507.9914,3299,943,4242,0.4424,0.0322,0.298,200.0,0.0,99.16,25.5646,480.5561,480.5561,106034.2617,1769187981.8991888,7.49,37,494,0.118,8,0,0,14.39,15.0,0,1831,1769187504.149,-473.793,meta-llama/Llama-3.2-1B-Instruct,"1769187504.149, 1769187504.168, 1769187504.180, 1769187504.398, 1769187504.454"
168.0,1,1769187334.556,632.7753,2990,585,3575,0.3588,0.0343,0.3137,200.0,0.0,99.16,15.8226,480.5979,480.5979,106514.8596,1769187983.173162,7.47,37,495,0.121,9,0,0,14.39,15.0,0,1827,1769187504.454,-478.534,meta-llama/Llama-3.2-1B-Instruct,"1769187504.454, 1769187504.578, 1769187504.735, 1769187504.913, 1769187504.965"
136.0,1,1769187365.7447,590.6423,3359,1024,4383,0.7285,0.0334,0.296,200.0,0.0,99.16,28.1002,482.7425,482.7425,106997.6021,1769187984.510287,7.46,37,496,0.118,8,0,0,14.39,15.0,0,1827,1769187504.454,-478.534,meta-llama/Llama-3.2-1B-Instruct,"1769187504.454, 1769187504.578, 1769187504.735, 1769187504.913, 1769187504.965"
144.0,0,1769187360.5775,624.0629,27,32,59,0.0679,0.0303,0.0312,1.0,0.0,99.17,0.7472,480.1307,480.1307,107477.7328,1769187985.3886547,7.44,37,497,0.125,9,0,0,14.39,15.0,0,1827,1769187504.454,-478.534,meta-llama/Llama-3.2-1B-Instruct,"1769187504.454, 1769187504.578, 1769187504.735, 1769187504.913, 1769187504.965"
177.0,1,1769187324.9109,634.2055,2980,1024,4004,0.4075,0.0334,0.3134,200.0,0.0,99.17,27.738,484.9435,484.9435,108447.4535,1769187986.8738363,7.41,37,499,0.106,8,0,0,14.39,15.0,0,1827,1769187504.454,-478.534,meta-llama/Llama-3.2-1B-Instruct,"1769187504.454, 1769187504.578, 1769187504.735, 1769187504.913, 1769187504.965"
96.0,1,1769187406.0752,553.1039,3301,1029,4330,0.6736,0.0335,0.2947,200.0,0.0,99.17,27.6732,484.7771,484.7771,108447.4535,1769187986.8754213,7.43,37,499,0.106,8,0,0,14.39,15.0,0,1827,1769187504.454,-478.534,meta-llama/Llama-3.2-1B-Instruct,"1769187504.454, 1769187504.578, 1769187504.735, 1769187504.913, 1769187504.965"
16.0,0,1769187488.9654,498.1039,27,0,27,,,,1.0,,,0.4014,482.5054,482.5054,108929.9588,1769187987.4715405,7.4,37,500,0.111,8,0,0,14.39,15.0,0,1827,1769187504.454,-478.534,meta-llama/Llama-3.2-1B-Instruct,"1769187504.454, 1769187504.578, 1769187504.735, 1769187504.913, 1769187504.965"
128.0,1,1769187374.0928,588.6099,3044,1019,4063,0.362,0.0342,0.3082,200.0,0.0,99.17,27.8533,488.4632,488.4632,109418.422,1769187990.5752385,7.39,37,501,0.115,9,0,0,14.39,15.0,0,1821,1769187505.056,-483.014,meta-llama/Llama-3.2-1B-Instruct,"1769187505.056, 1769187505.199, 1769187505.388, 1769187505.652, 1769187505.789"
140.0,1,1769187362.5313,601.9599,5091,1023,6114,0.6341,0.0339,0.3117,200.0,0.0,99.17,27.9167,489.8766,489.8766,109908.2986,1769187992.428611,7.37,37,502,0.113,9,0,0,14.39,15.0,0,1821,1769187505.056,-483.014,meta-llama/Llama-3.2-1B-Instruct,"1769187505.056, 1769187505.199, 1769187505.388, 1769187505.652, 1769187505.789"
87.0,0,1769187418.1987,574.3351,27,32,59,0.07,0.0288,0.0381,1.0,0.0,99.18,0.73,487.4051,487.4051,110395.7037,1769187993.2646413,7.36,37,503,0.116,9,0,0,14.39,15.0,0,1819,1769187505.388,-487.759,meta-llama/Llama-3.2-1B-Instruct,"1769187505.388, 1769187505.652, 1769187505.789, 1769187505.799, 1769187505.818"
110.0,1,1769187395.3876,598.0767,3059,0,3059,,,,200.0,,,0.3874,488.4641,488.4641,110884.1678,1769187993.864985,7.34,37,504,0.117,9,0,0,14.39,15.0,0,1819,1769187505.388,-487.759,meta-llama/Llama-3.2-1B-Instruct,"1769187505.388, 1769187505.652, 1769187505.789, 1769187505.799, 1769187505.818"
81.0,1,1769187421.8206,548.0296,3516,1025,4541,0.4326,0.0341,0.3076,200.0,0.0,99.18,27.7158,494.7454,494.7454,111378.9132,1769187997.5839508,7.33,37,505,0.12,9,0,0,14.39,15.0,0,1819,1769187505.388,-487.759,meta-llama/Llama-3.2-1B-Instruct,"1769187505.388, 1769187505.652, 1769187505.789, 1769187505.799, 1769187505.818"
43.0,1,1769187460.7619,515.5378,4711,1023,5734,0.6045,0.0313,0.1933,200.0,0.0,99.18,27.135,499.6728,499.6728,111878.586,1769188003.4570293,7.31,37,506,0.113,9,0,0,14.39,15.0,0,1816,1769187505.799,-497.45,meta-llama/Llama-3.2-1B-Instruct,"1769187505.799, 1769187505.818, 1769187505.838, 1769187506.073, 1769187506.694"
62.0,0,1769187443.799,559.7478,27,22,49,0.0737,0.0272,0.0274,1.0,0.0,99.18,0.5418,497.8214,497.8214,112376.4074,1769188004.0912406,7.3,37,507,0.119,9,0,0,14.39,15.0,0,1816,1769187505.799,-497.45,meta-llama/Llama-3.2-1B-Instruct,"1769187505.799, 1769187505.818, 1769187505.838, 1769187506.073, 1769187506.694"
41.0,1,1769187463.1799,516.1662,4171,1025,5196,0.5329,0.0329,0.1914,200.0,0.0,99.18,27.0251,502.1913,502.1913,112878.5987,1769188006.395719,7.28,37,508,0.121,9,0,0,14.39,15.0,0,1816,1769187505.799,-497.45,meta-llama/Llama-3.2-1B-Instruct,"1769187505.799, 1769187505.818, 1769187505.838, 1769187506.073, 1769187506.694"
38.0,0,1769187467.8376,538.6763,27,32,59,0.0924,0.0274,0.0277,1.0,0.0,99.18,0.7509,500.7686,500.7686,113379.3674,1769188007.2657716,7.27,37,509,0.119,9,0,0,14.39,15.0,0,1816,1769187505.799,-497.45,meta-llama/Llama-3.2-1B-Instruct,"1769187505.799, 1769187505.818, 1769187505.838, 1769187506.073, 1769187506.694"
48.0,1,1769187456.3981,525.6233,3863,1038,4901,0.4923,0.0322,0.1893,200.0,0.0,99.19,26.8751,504.4984,504.4984,113883.8658,1769188008.916432,7.25,37,510,0.124,9,0,0,14.39,15.0,0,1812,1769187506.694,-501.598,meta-llama/Llama-3.2-1B-Instruct,"1769187506.694, 1769187506.779, 1769187506.860, 1769187507.613, 1769187507.954"
34.0,1,1769187470.4545,512.8402,3662,1022,4684,0.438,0.0325,0.1918,200.0,0.0,99.19,26.8291,505.6693,505.6693,114389.5351,1769188010.139777,7.24,37,511,0.126,9,0,0,14.39,15.0,0,1812,1769187506.694,-501.598,meta-llama/Llama-3.2-1B-Instruct,"1769187506.694, 1769187506.779, 1769187506.860, 1769187507.613, 1769187507.954"
144.0,0,1769187362.7793,647.4779,27,32,59,0.0673,0.0282,0.0303,1.0,0.0,99.19,0.7201,503.5452,503.5452,114893.0803,1769188010.981048,7.23,37,512,0.115,9,0,0,14.39,15.0,0,1812,1769187506.694,-501.598,meta-llama/Llama-3.2-1B-Instruct,"1769187506.694, 1769187506.779, 1769187506.860, 1769187507.613, 1769187507.954"
180.0,0,1769187326.8596,684.2393,27,32,59,0.0736,0.0304,0.0317,1.0,0.0,99.19,0.7311,504.313,504.313,115397.3933,1769188011.8314939,7.21,37,513,0.117,9,0,0,14.39,15.0,0,1812,1769187506.694,-501.598,meta-llama/Llama-3.2-1B-Instruct,"1769187506.694, 1769187506.779, 1769187506.860, 1769187507.613, 1769187507.954"
84.0,1,1769187420.735,564.7557,3044,1026,4070,0.3636,0.0323,0.0605,200.0,0.0,99.19,26.36,507.1157,507.1157,115904.5091,1769188011.8703125,7.2,37,514,0.126,9,0,0,14.39,15.0,0,1812,1769187506.694,-501.598,meta-llama/Llama-3.2-1B-Instruct,"1769187506.694, 1769187506.779, 1769187506.860, 1769187507.613, 1769187507.954"
137.0,0,1769187370.9544,641.0773,27,32,59,0.5895,0.0328,0.0328,1.0,0.0,99.19,1.2657,504.6669,504.6669,116409.1759,1769188013.2985294,7.18,37,515,0.105,8,0,0,14.39,15.0,0,1812,1769187506.694,-501.598,meta-llama/Llama-3.2-1B-Instruct,"1769187506.694, 1769187506.779, 1769187506.860, 1769187507.613, 1769187507.954"
127.0,1,1769187377.9131,609.1034,3404,1029,4433,0.4528,0.0327,0.0644,200.0,0.0,99.2,26.629,508.7324,508.7324,116917.9084,1769188013.6620073,7.17,37,516,0.111,8,0,0,14.39,15.0,0,1807,1769187508.085,-505.291,meta-llama/Llama-3.2-1B-Instruct,"1769187508.085, 1769187508.246, 1769187508.345, 1769187508.732, 1769187508.776"
101.0,1,1769187403.9674,583.5783,3391,1031,4422,0.4236,0.0339,0.0601,200.0,0.0,99.2,26.2265,508.8048,508.8048,117426.7131,1769188013.792566,7.16,37,517,0.122,9,0,0,14.39,15.0,0,1807,1769187508.085,-505.291,meta-llama/Llama-3.2-1B-Instruct,"1769187508.085, 1769187508.246, 1769187508.345, 1769187508.732, 1769187508.776"
131.0,0,1769187377.0851,636.3766,27,32,59,0.0739,0.0583,0.8266,1.0,0.0,99.2,1.5738,505.4505,505.4505,117932.1636,1769188015.0366035,7.14,37,518,0.122,9,0,0,14.39,15.0,0,1807,1769187508.085,-505.291,meta-llama/Llama-3.2-1B-Instruct,"1769187508.085, 1769187508.246, 1769187508.345, 1769187508.732, 1769187508.776"
176.0,0,1769187332.7319,682.3866,27,33,60,0.0732,0.0274,0.0306,1.0,0.0,99.2,0.7285,506.4597,506.4597,118438.6234,1769188015.848673,7.13,37,519,0.118,9,0,0,14.39,15.0,0,1807,1769187508.085,-505.291,meta-llama/Llama-3.2-1B-Instruct,"1769187508.085, 1769187508.246, 1769187508.345, 1769187508.732, 1769187508.776"
40.0,0,1769187468.7762,547.1845,27,32,59,0.0641,0.0279,0.0298,1.0,0.0,99.2,0.7284,507.2486,507.2486,118945.872,1769188016.6901557,7.12,37,520,0.119,9,0,0,14.39,15.0,0,1807,1769187508.085,-505.291,meta-llama/Llama-3.2-1B-Instruct,"1769187508.085, 1769187508.246, 1769187508.345, 1769187508.732, 1769187508.776"
65.0,1,1769187440.0565,550.6314,3130,1029,4159,0.39,0.0332,0.0645,200.0,0.0,99.2,27.3583,512.9897,512.9897,119458.8617,1769188018.066652,7.1,37,521,0.124,9,0,0,14.39,15.0,0,1807,1769187508.085,-505.291,meta-llama/Llama-3.2-1B-Instruct,"1769187508.085, 1769187508.246, 1769187508.345, 1769187508.732, 1769187508.776"
15.0,1,1769187490.6519,503.2946,3367,1019,4386,0.4335,0.0331,0.0637,200.0,0.0,99.2,27.1141,515.4087,515.4087,119974.2704,1769188021.0792997,7.09,37,522,0.118,9,0,0,14.39,15.0,0,1800,1769187509.416,-509.005,meta-llama/Llama-3.2-1B-Instruct,"1769187509.416, 1769187509.830, 1769187509.891, 1769187509.956, 1769187510.036"
124.0,1,1769187381.7889,615.9021,3326,1026,4352,0.4137,0.0328,0.0575,200.0,0.0,99.21,27.184,519.0861,519.0861,120493.3565,1769188024.8914926,7.07,37,523,0.119,9,0,0,14.39,15.0,0,1799,1769187509.83,-513.639,meta-llama/Llama-3.2-1B-Instruct,"1769187509.830, 1769187509.891, 1769187509.956, 1769187510.036, 1769187510.090"
32.0,0,1769187477.8299,547.1762,27,0,27,,,,1.0,,,0.0697,515.246,515.246,121008.6024,1769188025.0765884,7.06,37,524,0.128,9,0,0,14.39,15.0,0,1799,1769187509.83,-513.639,meta-llama/Llama-3.2-1B-Instruct,"1769187509.830, 1769187509.891, 1769187509.956, 1769187510.036, 1769187510.090"
135.0,0,1769187374.8909,650.3314,27,32,59,0.0833,0.0308,0.0309,1.0,0.0,99.21,0.7555,515.4147,515.4147,121524.0171,1769188025.9787335,7.05,37,525,0.128,9,0,0,14.39,15.0,0,1799,1769187509.83,-513.639,meta-llama/Llama-3.2-1B-Instruct,"1769187509.830, 1769187509.891, 1769187509.956, 1769187510.036, 1769187510.090"
101.0,1,1769187408.9564,617.1548,3096,0,3096,,,,200.0,,,0.3716,516.5263,516.5263,122040.5435,1769188026.4940212,7.03,37,526,0.129,9,0,0,14.39,15.0,0,1799,1769187509.83,-513.639,meta-llama/Llama-3.2-1B-Instruct,"1769187509.830, 1769187509.891, 1769187509.956, 1769187510.036, 1769187510.090"
146.0,1,1769187359.8184,644.3557,3873,1029,4902,0.4974,0.0329,0.0674,200.0,0.0,99.21,27.7422,526.0979,526.0979,122566.6413,1769188031.9357677,7.02,37,527,0.12,9,0,0,14.39,15.0,0,1795,1769187510.09,-518.42,meta-llama/Llama-3.2-1B-Instruct,"1769187510.090, 1769187510.237, 1769187510.295, 1769187510.510, 1769187510.635"
161.0,0,1769187349.0895,682.9764,27,32,59,0.0838,0.029,0.0301,1.0,0.0,99.21,0.7697,522.0602,522.0602,123088.7015,1769188032.836645,7.01,37,528,0.133,9,0,0,14.39,15.0,0,1795,1769187510.09,-518.42,meta-llama/Llama-3.2-1B-Instruct,"1769187510.090, 1769187510.237, 1769187510.295, 1769187510.510, 1769187510.635"
83.0,0,1769187427.2374,605.7588,27,0,27,,,,1.0,,,0.0739,522.8327,522.8327,123611.5342,1769188033.07082,6.99,37,529,0.134,9,0,0,14.39,15.0,0,1795,1769187510.09,-518.42,meta-llama/Llama-3.2-1B-Instruct,"1769187510.090, 1769187510.237, 1769187510.295, 1769187510.510, 1769187510.635"
131.0,0,1769187379.2953,653.9126,27,31,58,0.0693,0.0341,0.0344,1.0,0.0,99.21,0.767,522.9819,522.9819,124134.5162,1769188033.9760628,6.98,37,530,0.134,9,0,0,14.39,15.0,0,1792,1769187510.51,-523.049,meta-llama/Llama-3.2-1B-Instruct,"1769187510.510, 1769187510.635, 1769187510.667, 1769187510.815, 1769187510.819"
127.0,1,1769187379.0728,628.2892,3556,1026,4582,0.4159,0.0337,0.0675,200.0,0.0,99.21,27.891,529.1802,529.1802,124663.6964,1769188035.2724004,6.97,37,531,0.12,9,0,0,14.39,15.0,0,1792,1769187510.51,-523.049,meta-llama/Llama-3.2-1B-Instruct,"1769187510.510, 1769187510.635, 1769187510.667, 1769187510.815, 1769187510.819"
110.0,0,1769187400.6351,634.84,27,32,59,0.0734,0.0312,0.0326,1.0,0.0,99.22,0.7655,524.9134,524.9134,125188.6097,1769188036.2416048,6.95,37,532,0.134,9,0,0,14.39,15.0,0,1792,1769187510.51,-523.049,meta-llama/Llama-3.2-1B-Instruct,"1769187510.510, 1769187510.635, 1769187510.667, 1769187510.815, 1769187510.819"
99.0,1,1769187407.6936,601.3537,3768,1027,4795,0.4683,0.0331,0.0679,200.0,0.0,99.22,28.279,530.6327,530.6327,125719.2425,1769188037.342753,6.94,37,533,0.117,9,0,0,14.39,15.0,0,1792,1769187510.51,-523.049,meta-llama/Llama-3.2-1B-Instruct,"1769187510.510, 1769187510.635, 1769187510.667, 1769187510.815, 1769187510.819"
70.0,0,1769187440.815,596.6147,27,26,53,0.0603,0.03,0.0368,1.0,0.0,99.22,0.6509,526.675,526.675,126245.9175,1769188038.081474,6.93,37,534,0.139,9,0,0,14.39,15.0,0,1792,1769187510.51,-523.049,meta-llama/Llama-3.2-1B-Instruct,"1769187510.510, 1769187510.635, 1769187510.667, 1769187510.815, 1769187510.819"
170.0,0,1769187340.8195,697.3793,27,20,47,0.0714,0.0311,0.0311,1.0,0.0,99.22,0.525,527.4507,527.4507,126773.3681,1769188038.7246447,6.92,37,535,0.14,9,0,0,14.39,15.0,0,1787,1769187510.99,-527.633,meta-llama/Llama-3.2-1B-Instruct,"1769187510.990, 1769187511.128, 1769187511.558, 1769187511.706, 1769187511.798"
102.0,1,1769187408.6671,627.6673,5661,77,5738,0.7469,0.0414,0.0589,200.0,0.0,99.22,2.6054,528.2727,528.2727,127301.6408,1769188038.9633596,6.9,37,536,0.136,9,0,0,14.39,15.0,0,1787,1769187510.99,-527.633,meta-llama/Llama-3.2-1B-Instruct,"1769187510.990, 1769187511.128, 1769187511.558, 1769187511.706, 1769187511.798"
124.0,0,1769187386.99,651.8453,27,32,59,0.078,0.0337,0.0548,1.0,0.0,99.22,0.7777,527.9233,527.9233,127829.5641,1769188039.613492,6.89,37,537,0.141,9,0,0,14.39,15.0,0,1787,1769187510.99,-527.633,meta-llama/Llama-3.2-1B-Instruct,"1769187510.990, 1769187511.128, 1769187511.558, 1769187511.706, 1769187511.798"
65.0,0,1769187446.1276,593.0516,27,32,59,0.0668,0.0661,0.3641,1.0,0.0,99.22,1.1213,528.1184,528.1184,128357.6825,1769188040.3013246,6.88,37,538,0.123,9,0,0,14.39,15.0,0,1787,1769187510.99,-527.633,meta-llama/Llama-3.2-1B-Instruct,"1769187510.990, 1769187511.128, 1769187511.558, 1769187511.706, 1769187511.798"
63.0,1,1769187444.6129,567.3617,4884,1024,5908,0.6438,0.0351,0.0681,200.0,0.0,99.23,28.4403,532.802,532.802,128890.4845,1769188040.4373612,6.86,37,539,0.105,8,0,0,14.39,15.0,0,1787,1769187510.99,-527.633,meta-llama/Llama-3.2-1B-Instruct,"1769187510.990, 1769187511.128, 1769187511.558, 1769187511.706, 1769187511.798"
80.0,0,1769187431.7063,608.7212,27,32,59,0.0786,0.0364,0.0557,1.0,0.0,99.23,0.7644,528.7998,528.7998,129419.2843,1769188041.1934183,6.85,37,540,0.134,9,0,0,14.39,15.0,0,1787,1769187510.99,-527.633,meta-llama/Llama-3.2-1B-Instruct,"1769187510.990, 1769187511.128, 1769187511.558, 1769187511.706, 1769187511.798"
160.0,0,1769187351.7976,688.7715,27,32,59,0.0682,0.0298,0.0318,1.0,0.0,99.23,0.7195,528.8397,528.8397,129948.1241,1769188041.2942338,6.84,37,541,0.116,9,0,0,14.39,15.0,0,1787,1769187510.99,-527.633,meta-llama/Llama-3.2-1B-Instruct,"1769187510.990, 1769187511.128, 1769187511.558, 1769187511.706, 1769187511.798"
131.0,1,1769187377.3445,636.5548,3392,1026,4418,0.7809,0.0347,0.0667,200.0,0.0,99.23,29.485,535.0398,535.0398,131018.3059,1769188043.4022439,6.83,37,543,0.107,9,0,0,14.39,15.0,0,1787,1769187510.99,-527.633,meta-llama/Llama-3.2-1B-Instruct,"1769187510.990, 1769187511.128, 1769187511.558, 1769187511.706, 1769187511.798"
99.0,1,1769187409.2457,604.5563,4030,1024,5054,0.5395,0.0352,0.1784,200.0,0.0,99.23,29.5857,535.142,535.142,131018.3059,1769188043.4045784,6.81,37,543,0.094,8,0,0,14.39,15.0,0,1787,1769187510.99,-527.633,meta-llama/Llama-3.2-1B-Instruct,"1769187510.990, 1769187511.128, 1769187511.558, 1769187511.706, 1769187511.798"
155.0,0,1769187357.3062,686.2983,27,32,59,0.3823,0.034,0.2024,1.0,0.0,99.23,1.1894,531.6806,531.6806,131549.9865,1769188044.8077097,6.8,37,544,0.128,8,0,0,14.39,15.0,0,1778,1769187512.379,-531.277,meta-llama/Llama-3.2-1B-Instruct,"1769187512.379, 1769187512.399, 1769187512.517, 1769187512.605, 1769187512.694"
78.0,0,1769187434.379,610.5217,27,32,59,0.0892,0.0293,0.0312,1.0,0.0,99.24,0.7963,532.6109,532.6109,132082.5974,1769188045.697963,6.79,37,545,0.139,9,0,0,14.39,15.0,0,1778,1769187512.379,-531.277,meta-llama/Llama-3.2-1B-Instruct,"1769187512.379, 1769187512.399, 1769187512.517, 1769187512.605, 1769187512.694"
175.0,1,1769187334.0535,682.8352,5703,1018,6721,0.7352,0.0355,0.2022,200.0,0.0,99.24,29.6004,537.4356,537.4356,132620.033,1769188046.511063,6.78,37,546,0.12,9,0,0,14.39,15.0,0,1778,1769187512.379,-531.277,meta-llama/Llama-3.2-1B-Instruct,"1769187512.379, 1769187512.399, 1769187512.517, 1769187512.605, 1769187512.694"
22.0,1,1769187487.394,530.8177,3271,1028,4299,0.414,0.0359,0.179,200.0,0.0,99.24,28.9205,537.7382,537.7382,133157.7712,1769188047.1517472,6.76,37,547,0.126,9,0,0,14.39,15.0,0,1778,1769187512.379,-531.277,meta-llama/Llama-3.2-1B-Instruct,"1769187512.379, 1769187512.399, 1769187512.517, 1769187512.605, 1769187512.694"
177.0,0,1769187335.5171,711.1008,27,32,59,0.0894,0.0538,0.3852,1.0,0.0,99.24,1.1494,534.1902,534.1902,133691.9615,1769188047.7719982,6.75,37,548,0.13,9,0,0,14.39,15.0,0,1778,1769187512.379,-531.277,meta-llama/Llama-3.2-1B-Instruct,"1769187512.379, 1769187512.399, 1769187512.517, 1769187512.605, 1769187512.694"
91.0,0,1769187421.694,626.1685,27,32,59,0.0655,0.031,0.0312,1.0,0.0,99.24,0.7518,535.234,535.234,134227.1955,1769188048.6158483,6.74,37,549,0.128,9,0,0,14.39,15.0,0,1778,1769187512.379,-531.277,meta-llama/Llama-3.2-1B-Instruct,"1769187512.379, 1769187512.399, 1769187512.517, 1769187512.605, 1769187512.694"
41.0,1,1769187468.4156,552.7553,3372,1020,4392,0.4063,0.0359,0.1983,200.0,0.0,99.24,29.2699,541.0253,541.0253,134768.2207,1769188050.4579701,6.73,37,550,0.126,9,0,0,14.39,15.0,0,1772,1769187512.977,-535.757,meta-llama/Llama-3.2-1B-Instruct,"1769187512.977, 1769187512.981, 1769187513.254, 1769187513.385, 1769187513.462"
77.0,0,1769187435.9772,614.6052,27,32,59,0.0825,0.0301,0.0338,1.0,0.0,99.24,0.7615,537.6877,537.6877,135305.9084,1769188051.344901,6.72,37,551,0.127,9,0,0,14.39,15.0,0,1772,1769187512.977,-535.757,meta-llama/Llama-3.2-1B-Instruct,"1769187512.977, 1769187512.981, 1769187513.254, 1769187513.385, 1769187513.462"
123.0,1,1769187388.9376,652.4743,3155,364,3519,1.6519,0.0396,0.3477,200.0,0.0,99.25,11.8829,541.3572,541.3572,135847.2656,1769188053.3079152,6.7,37,552,0.117,8,0,0,14.39,15.0,0,1772,1769187512.977,-535.757,meta-llama/Llama-3.2-1B-Instruct,"1769187512.977, 1769187512.981, 1769187513.254, 1769187513.385, 1769187513.462"
117.0,1,1769187393.036,633.5464,3691,1028,4719,0.4415,0.0365,0.204,200.0,0.0,99.25,29.3845,545.9309,545.9309,136393.1965,1769188055.9940495,6.69,37,553,0.13,9,0,0,14.39,15.0,0,1769,1769187513.385,-540.395,meta-llama/Llama-3.2-1B-Instruct,"1769187513.385, 1769187513.462, 1769187513.542, 1769187513.594, 1769187513.601"
132.0,0,1769187381.3848,674.7725,27,32,59,0.0827,0.0287,0.0292,1.0,0.0,99.25,0.7699,542.8552,542.8552,136936.0516,1769188056.928981,6.68,37,554,0.131,9,0,0,14.39,15.0,0,1769,1769187513.385,-540.395,meta-llama/Llama-3.2-1B-Instruct,"1769187513.385, 1769187513.462, 1769187513.542, 1769187513.594, 1769187513.601"
143.0,0,1769187370.4624,686.5909,27,32,59,0.0786,0.0289,0.0304,1.0,0.0,99.25,0.758,543.6695,543.6695,137479.7212,1769188057.812805,6.67,37,555,0.132,9,0,0,14.39,15.0,0,1769,1769187513.385,-540.395,meta-llama/Llama-3.2-1B-Instruct,"1769187513.385, 1769187513.462, 1769187513.542, 1769187513.594, 1769187513.601"
81.0,1,1769187429.5103,604.7146,3965,1028,4993,0.502,0.0366,0.2081,200.0,0.0,99.25,29.499,553.2136,553.2136,138032.9348,1769188063.7469091,6.65,37,556,0.135,9,0,0,14.39,15.0,0,1766,1769187513.594,-545.248,meta-llama/Llama-3.2-1B-Instruct,"1769187513.594, 1769187513.601, 1769187513.739, 1769187513.767, 1769187513.973"
154.0,0,1769187359.594,704.2756,27,32,59,0.072,0.0306,0.0324,1.0,0.0,99.25,0.7695,550.3476,550.3476,138583.2824,1769188064.641309,6.64,37,557,0.138,9,0,0,14.39,15.0,0,1765,1769187513.601,-550.304,meta-llama/Llama-3.2-1B-Instruct,"1769187513.601, 1769187513.739, 1769187513.767, 1769187513.973, 1769187513.984"
187.0,1,1769187324.5576,715.1503,3365,1028,4393,0.4228,0.0344,0.1958,200.0,0.0,99.25,29.8454,557.9958,557.9958,139141.2781,1769188069.570653,6.63,37,558,0.123,9,0,0,14.39,15.0,0,1764,1769187513.739,-555.22,meta-llama/Llama-3.2-1B-Instruct,"1769187513.739, 1769187513.767, 1769187513.973, 1769187513.984, 1769187514.102"
177.0,1,1769187334.8847,706.4271,9559,1024,10583,1.4262,0.035,0.2081,200.0,0.0,99.26,30.3024,559.7295,559.7295,139701.0076,1769188071.645751,6.62,37,559,0.117,8,0,0,14.39,15.0,0,1764,1769187513.739,-555.22,meta-llama/Llama-3.2-1B-Instruct,"1769187513.739, 1769187513.767, 1769187513.973, 1769187513.984, 1769187514.102"
87.0,1,1769187425.1748,618.3629,3276,1033,4309,0.4391,0.0343,0.1929,200.0,0.0,99.26,28.9905,560.3535,560.3535,140261.3611,1769188072.549197,6.61,37,560,0.128,8,0,0,14.39,15.0,0,1764,1769187513.739,-555.22,meta-llama/Llama-3.2-1B-Instruct,"1769187513.739, 1769187513.767, 1769187513.973, 1769187513.984, 1769187514.102"
98.0,1,1769187414.3987,631.4229,3173,1025,4198,0.4142,0.0345,0.0608,200.0,0.0,99.26,29.0433,562.4662,562.4662,140823.8273,1769188074.8815851,6.6,37,561,0.14,9,0,0,14.39,15.0,0,1761,1769187513.984,-560.042,meta-llama/Llama-3.2-1B-Instruct,"1769187513.984, 1769187514.102, 1769187514.522, 1769187514.639, 1769187514.881"
24.0,1,1769187488.6055,558.6407,3556,1027,4583,0.4497,0.0337,0.0578,200.0,0.0,99.26,29.1249,563.7656,563.7656,141387.5929,1769188076.3951826,6.58,37,562,0.117,9,0,0,14.39,15.0,0,1761,1769187513.984,-560.042,meta-llama/Llama-3.2-1B-Instruct,"1769187513.984, 1769187514.102, 1769187514.522, 1769187514.639, 1769187514.881"
156.0,0,1769187358.102,718.4203,27,32,59,0.101,0.0325,0.0356,1.0,0.0,99.26,0.8032,562.5213,562.5213,141950.1143,1769188077.326527,6.57,37,563,0.142,9,0,0,14.39,15.0,0,1761,1769187513.984,-560.042,meta-llama/Llama-3.2-1B-Instruct,"1769187513.984, 1769187514.102, 1769187514.522, 1769187514.639, 1769187514.881"
162.0,1,1769187350.7252,697.9927,3099,1029,4128,0.3791,0.0339,0.0551,200.0,0.0,99.26,28.7645,564.7572,564.7572,142514.8714,1769188077.5002575,6.56,37,564,0.129,9,0,0,14.39,15.0,0,1761,1769187513.984,-560.042,meta-llama/Llama-3.2-1B-Instruct,"1769187513.984, 1769187514.102, 1769187514.522, 1769187514.639, 1769187514.881"
11.0,0,1769187503.6389,573.946,27,32,59,1.4776,0.0309,0.0333,1.0,0.0,99.26,2.2181,564.4235,564.4235,143079.295,1769188079.8060436,6.55,37,565,0.13,8,1,0,14.39,15.0,0,1757,1769187514.881,-564.173,meta-llama/Llama-3.2-1B-Instruct,"1769187514.881, 1769187515.094, 1769187515.134, 1769187515.314, 1769187515.871"
120.0,0,1769187394.8814,685.0426,27,32,59,0.108,0.0336,0.0344,1.0,0.0,99.26,0.8622,565.1506,565.1506,143644.4455,1769188080.7880297,6.54,37,566,0.164,9,0,0,14.39,15.0,0,1757,1769187514.881,-564.173,meta-llama/Llama-3.2-1B-Instruct,"1769187514.881, 1769187515.094, 1769187515.134, 1769187515.314, 1769187515.871"
154.0,1,1769187358.9807,692.508,4171,1032,5203,0.5658,0.0356,0.0743,200.0,0.0,99.27,30.4997,569.0077,569.0077,144213.4532,1769188082.013003,6.53,37,567,0.129,9,0,0,14.39,15.0,0,1757,1769187514.881,-564.173,meta-llama/Llama-3.2-1B-Instruct,"1769187514.881, 1769187515.094, 1769187515.134, 1769187515.314, 1769187515.871"
170.0,1,1769187343.254,710.1326,2980,1026,4006,0.3758,0.0346,0.0596,200.0,0.0,99.27,30.6002,570.7328,570.7328,144784.186,1769188084.0043657,6.51,37,568,0.133,9,0,0,14.39,15.0,0,1757,1769187514.881,-564.173,meta-llama/Llama-3.2-1B-Instruct,"1769187514.881, 1769187515.094, 1769187515.134, 1769187515.314, 1769187515.871"
128.0,1,1769187385.6007,679.148,9559,623,10182,1.4087,0.0386,0.3722,200.0,0.0,99.27,21.0594,572.2075,572.2075,145356.3935,1769188085.83719,6.5,37,569,0.139,9,0,0,14.39,15.0,0,1753,1769187515.871,-568.236,meta-llama/Llama-3.2-1B-Instruct,"1769187515.871, 1769187515.985, 1769187516.368, 1769187516.609, 1769187516.624"
136.0,0,1769187379.8708,706.095,27,32,59,0.0766,0.03,0.0306,1.0,0.0,99.27,0.7818,570.1716,570.1716,145926.5651,1769188086.7485485,6.49,37,570,0.143,9,0,0,14.39,15.0,0,1753,1769187515.871,-568.236,meta-llama/Llama-3.2-1B-Instruct,"1769187515.871, 1769187515.985, 1769187516.368, 1769187516.609, 1769187516.624"
167.0,0,1769187348.9852,737.8434,27,32,59,0.0953,0.0279,0.0317,1.0,0.0,99.27,0.8077,570.9386,570.9386,146497.5037,1769188087.63736,6.48,37,571,0.144,9,0,0,14.39,15.0,0,1753,1769187515.871,-568.236,meta-llama/Llama-3.2-1B-Instruct,"1769187515.871, 1769187515.985, 1769187516.368, 1769187516.609, 1769187516.624"
117.0,1,1769187396.9727,675.7063,3365,483,3848,0.4568,0.0359,0.3783,200.0,0.0,99.27,15.5898,574.2961,574.2961,147071.7998,1769188088.290919,6.47,37,572,0.144,9,0,0,14.39,15.0,0,1753,1769187515.871,-568.236,meta-llama/Llama-3.2-1B-Instruct,"1769187515.871, 1769187515.985, 1769187516.368, 1769187516.609, 1769187516.624"
107.0,0,1769187409.6094,678.8109,27,32,59,0.081,0.0303,0.0324,1.0,0.0,99.27,0.8004,571.892,571.892,148219.3671,1769188089.221701,6.45,37,574,0.145,9,0,0,14.39,15.0,0,1749,1769187516.624,-572.483,meta-llama/Llama-3.2-1B-Instruct,"1769187516.624, 1769187516.763, 1769187517.049, 1769187517.222, 1769187517.226"
33.0,1,1769187480.542,577.3819,4219,1029,5248,0.5441,0.0359,0.193,200.0,0.0,99.28,31.2935,575.6754,575.6754,148219.3671,1769188089.2399173,6.46,37,574,0.133,9,0,0,14.39,15.0,0,1749,1769187516.624,-572.483,meta-llama/Llama-3.2-1B-Instruct,"1769187516.624, 1769187516.763, 1769187517.049, 1769187517.222, 1769187517.226"
137.0,1,1769187376.984,698.0052,3680,468,4148,0.4454,0.037,0.363,200.0,0.0,99.28,15.181,576.1862,576.1862,148795.5533,1769188090.183601,6.43,37,575,0.144,9,0,0,14.39,15.0,0,1749,1769187516.624,-572.483,meta-llama/Llama-3.2-1B-Instruct,"1769187516.624, 1769187516.763, 1769187517.049, 1769187517.222, 1769187517.226"
78.0,0,1769187438.7627,650.6334,27,32,59,0.3691,0.0363,0.0458,1.0,0.0,99.28,1.0892,573.0025,573.0025,149368.5558,1769188090.4862897,6.42,37,576,0.129,8,0,0,14.39,15.0,0,1749,1769187516.624,-572.483,meta-llama/Llama-3.2-1B-Instruct,"1769187516.624, 1769187516.763, 1769187517.049, 1769187517.222, 1769187517.226"
54.0,0,1769187463.0485,627.2327,27,32,59,0.0672,0.0542,0.3469,1.0,0.0,99.28,1.1185,573.2999,573.2999,149941.8557,1769188091.4016006,6.41,37,577,0.127,9,0,0,14.39,15.0,0,1749,1769187516.624,-572.483,meta-llama/Llama-3.2-1B-Instruct,"1769187516.624, 1769187516.763, 1769187517.049, 1769187517.222, 1769187517.226"
13.0,0,1769187504.2264,587.2702,27,32,59,0.0915,0.0321,0.0322,1.0,0.0,99.28,0.7877,574.3617,574.3617,150516.2174,1769188092.2852614,6.4,37,578,0.138,9,0,0,14.39,15.0,0,1749,1769187516.624,-572.483,meta-llama/Llama-3.2-1B-Instruct,"1769187516.624, 1769187516.763, 1769187517.049, 1769187517.222, 1769187517.226"
159.0,0,1769187358.238,734.1636,27,32,59,0.0597,0.0305,0.0379,1.0,0.0,99.28,0.7633,575.2233,575.2233,151091.4407,1769188093.1660807,6.39,37,579,0.139,9,0,0,14.39,15.0,0,1749,1769187516.624,-572.483,meta-llama/Llama-3.2-1B-Instruct,"1769187516.624, 1769187516.763, 1769187517.049, 1769187517.222, 1769187517.226"
164.0,1,1769187353.5427,739.7618,3304,46,3350,0.4308,0.0302,0.1893,200.0,0.0,99.28,1.5511,577.3129,577.3129,151668.7537,1769188094.871819,6.38,37,580,0.14,9,0,0,14.39,15.0,0,1742,1769187517.737,-576.4,meta-llama/Llama-3.2-1B-Instruct,"1769187517.737, 1769187517.758, 1769187517.821, 1769187517.860, 1769187517.948"
101.0,0,1769187416.737,678.2587,27,32,59,0.0748,0.0283,0.0288,1.0,0.0,99.28,0.7773,577.3335,577.3335,152246.0871,1769188095.7740145,6.37,37,581,0.142,9,0,0,14.39,15.0,0,1742,1769187517.737,-576.4,meta-llama/Llama-3.2-1B-Instruct,"1769187517.737, 1769187517.758, 1769187517.821, 1769187517.860, 1769187517.948"
93.0,0,1769187424.7579,671.1292,27,32,59,0.0756,0.029,0.0333,1.0,0.0,99.29,0.7797,578.2048,578.2048,152824.292,1769188096.6673543,6.36,37,582,0.143,9,0,0,14.39,15.0,0,1742,1769187517.737,-576.4,meta-llama/Llama-3.2-1B-Instruct,"1769187517.737, 1769187517.758, 1769187517.821, 1769187517.860, 1769187517.948"
176.0,1,1769187337.7388,731.9289,5661,1023,6684,0.7403,0.0365,0.3487,200.0,0.0,99.29,30.7325,586.6613,586.6613,153410.9533,1769188100.4254956,6.35,37,583,0.16,9,0,0,14.39,15.0,0,1739,1769187517.86,-581.308,meta-llama/Llama-3.2-1B-Instruct,"1769187517.860, 1769187517.948, 1769187518.389, 1769187518.578, 1769187518.700"
21.0,0,1769187496.8602,603.8456,27,32,59,0.082,0.0294,0.0305,1.0,0.0,99.29,0.775,582.9275,582.9275,153993.8808,1769188101.4891028,6.34,37,584,0.137,9,0,0,14.39,15.0,0,1739,1769187517.86,-581.308,meta-llama/Llama-3.2-1B-Instruct,"1769187517.860, 1769187517.948, 1769187518.389, 1769187518.578, 1769187518.700"
86.0,1,1769187427.7668,643.9911,3326,1024,4350,0.4307,0.0372,0.3455,200.0,0.0,99.29,30.3363,588.3273,588.3273,154582.2082,1769188102.1157744,6.32,37,585,0.146,9,0,0,14.39,15.0,0,1739,1769187517.86,-581.308,meta-llama/Llama-3.2-1B-Instruct,"1769187517.860, 1769187517.948, 1769187518.389, 1769187518.578, 1769187518.700"
156.0,0,1769187362.3885,739.8432,27,32,59,0.0685,0.0336,0.0346,1.0,0.0,99.29,0.7508,583.9118,583.9118,155166.12,1769188102.9845226,6.31,37,586,0.135,9,0,0,14.39,15.0,0,1739,1769187517.86,-581.308,meta-llama/Llama-3.2-1B-Instruct,"1769187517.860, 1769187517.948, 1769187518.389, 1769187518.578, 1769187518.700"
47.0,0,1769187471.5776,631.5404,27,32,59,0.0662,0.0308,0.0324,1.0,0.0,99.29,0.7705,584.6066,584.6066,155750.7266,1769188103.8898258,6.3,37,587,0.136,9,0,0,14.39,15.0,0,1739,1769187517.86,-581.308,meta-llama/Llama-3.2-1B-Instruct,"1769187517.860, 1769187517.948, 1769187518.389, 1769187518.578, 1769187518.700"
20.0,1,1769187494.5222,582.9548,10062,1026,11088,1.5652,0.0363,0.2108,200.0,0.0,99.29,29.5133,592.4681,592.4681,156343.1946,1769188107.0244493,6.29,37,588,0.143,9,0,0,14.39,15.0,0,1734,1769187518.764,-585.419,meta-llama/Llama-3.2-1B-Instruct,"1769187518.764, 1769187518.935, 1769187518.944, 1769187519.211, 1769187519.409"
74.0,0,1769187444.7637,662.3458,27,32,59,0.0698,0.0269,0.0275,1.0,0.0,99.29,0.7257,588.4156,588.4156,156931.6102,1769188107.8362417,6.28,37,589,0.117,9,0,0,14.39,15.0,0,1734,1769187518.764,-585.419,meta-llama/Llama-3.2-1B-Instruct,"1769187518.764, 1769187518.935, 1769187518.944, 1769187519.211, 1769187519.409"
151.0,0,1769187367.9349,740.0767,27,31,58,0.0673,0.0288,0.0334,1.0,0.0,99.3,0.7246,589.144,589.144,157520.7542,1769188108.7370272,6.27,37,590,0.118,9,0,0,14.39,15.0,0,1734,1769187518.764,-585.419,meta-llama/Llama-3.2-1B-Instruct,"1769187518.764, 1769187518.935, 1769187518.944, 1769187519.211, 1769187519.409"
102.0,1,1769187413.0944,667.8861,3405,1025,4430,0.4499,0.0364,0.0693,200.0,0.0,99.3,27.798,593.6841,593.6841,158114.4383,1769188108.798119,6.26,37,591,0.165,9,0,0,14.39,15.0,0,1734,1769187518.764,-585.419,meta-llama/Llama-3.2-1B-Instruct,"1769187518.764, 1769187518.935, 1769187518.944, 1769187519.211, 1769187519.409"
145.0,0,1769187373.9444,734.8777,27,32,59,0.0705,0.0375,0.0436,1.0,0.0,99.3,0.746,589.9482,589.9482,158704.3865,1769188109.5693347,6.25,37,592,0.105,8,0,0,14.39,15.0,0,1730,1769187519.409,-589.797,meta-llama/Llama-3.2-1B-Instruct,"1769187519.409, 1769187519.581, 1769187519.748, 1769187519.837, 1769187520.385"
70.0,0,1769187449.2107,659.669,27,32,59,0.0687,0.0297,0.0306,1.0,0.0,99.3,0.7057,589.7377,589.7377,159888.5762,1769188109.5866563,6.24,37,594,0.105,8,0,0,14.39,15.0,0,1730,1769187519.409,-589.797,meta-llama/Llama-3.2-1B-Instruct,"1769187519.409, 1769187519.581, 1769187519.748, 1769187519.837, 1769187520.385"
18.0,1,1769187497.134,585.1006,4219,1025,5244,0.5621,0.036,0.0574,200.0,0.0,99.3,27.3514,594.452,594.452,159888.5762,1769188109.603034,6.23,37,594,0.16,9,0,0,14.39,15.0,0,1730,1769187519.409,-589.797,meta-llama/Llama-3.2-1B-Instruct,"1769187519.409, 1769187519.581, 1769187519.748, 1769187519.837, 1769187520.385"
34.0,1,1769187481.3139,602.7853,3271,1024,4295,0.4043,0.0356,0.0618,200.0,0.0,99.3,28.2339,597.0191,597.0191,160485.5953,1769188112.3497703,6.22,37,595,0.163,9,0,0,14.39,15.0,0,1730,1769187519.409,-589.797,meta-llama/Llama-3.2-1B-Instruct,"1769187519.409, 1769187519.581, 1769187519.748, 1769187519.837, 1769187520.385"
130.0,0,1769187389.837,722.6246,27,32,59,0.0682,0.0287,0.0294,1.0,0.0,99.3,0.7333,592.6929,592.6929,161078.2882,1769188113.1960602,6.21,37,596,0.12,9,0,0,14.39,15.0,0,1730,1769187519.409,-589.797,meta-llama/Llama-3.2-1B-Instruct,"1769187519.409, 1769187519.581, 1769187519.748, 1769187519.837, 1769187520.385"
104.0,0,1769187416.3846,696.9467,27,32,59,0.0613,0.0313,0.0314,1.0,0.0,99.3,0.7214,593.008,593.008,161671.2962,1769188114.0603309,6.2,37,597,0.121,9,0,0,14.39,15.0,0,1730,1769187519.409,-589.797,meta-llama/Llama-3.2-1B-Instruct,"1769187519.409, 1769187519.581, 1769187519.748, 1769187519.837, 1769187520.385"
163.0,0,1769187357.8466,756.3626,27,32,59,0.0694,0.031,0.0325,1.0,0.0,99.31,0.7382,593.432,593.432,162264.7283,1769188114.952103,6.19,37,598,0.122,9,0,0,14.39,15.0,0,1724,1769187521.17,-593.08,meta-llama/Llama-3.2-1B-Instruct,"1769187521.170, 1769187521.180, 1769187521.318, 1769187521.524, 1769187521.576"
83.0,1,1769187433.3684,654.3387,3802,1029,4831,0.4749,0.039,0.0595,200.0,0.0,99.31,28.0144,599.3531,599.3531,162864.0813,1769188115.7445104,6.18,37,599,0.145,9,0,0,14.39,15.0,0,1724,1769187521.17,-593.08,meta-llama/Llama-3.2-1B-Instruct,"1769187521.170, 1769187521.180, 1769187521.318, 1769187521.524, 1769187521.576"
13.0,0,1769187508.1804,607.6587,27,32,59,0.0584,0.0285,0.0315,1.0,0.0,99.31,0.729,594.7171,594.7171,163458.7984,1769188116.5689383,6.17,37,600,0.12,9,0,0,14.39,15.0,0,1724,1769187521.17,-593.08,meta-llama/Llama-3.2-1B-Instruct,"1769187521.170, 1769187521.180, 1769187521.318, 1769187521.524, 1769187521.576"
141.0,1,1769187375.6245,713.7086,3103,1027,4130,0.4137,0.0374,0.0553,200.0,0.0,99.31,27.5437,600.2523,600.2523,164059.0507,1769188116.9035468,6.16,37,601,0.129,8,0,0,14.39,15.0,0,1724,1769187521.17,-593.08,meta-llama/Llama-3.2-1B-Instruct,"1769187521.170, 1769187521.180, 1769187521.318, 1769187521.524, 1769187521.576"
108.0,0,1769187413.3179,703.3584,27,32,59,0.0659,0.0367,0.0469,1.0,0.0,99.31,0.7353,595.4243,595.4243,164654.475,1769188117.4140742,6.15,37,602,0.121,9,0,0,14.39,15.0,0,1724,1769187521.17,-593.08,meta-llama/Llama-3.2-1B-Instruct,"1769187521.170, 1769187521.180, 1769187521.318, 1769187521.524, 1769187521.576"
85.0,1,1769187432.222,658.3627,3194,1025,4219,0.4225,0.0378,0.0547,200.0,0.0,99.31,27.1458,600.5085,600.5085,165254.9835,1769188117.753104,6.14,37,603,0.127,9,0,0,14.39,15.0,0,1724,1769187521.17,-593.08,meta-llama/Llama-3.2-1B-Instruct,"1769187521.170, 1769187521.180, 1769187521.318, 1769187521.524, 1769187521.576"
91.0,0,1769187430.5237,686.5374,27,32,59,0.0589,0.0383,0.0508,1.0,0.0,99.31,0.7273,595.5963,595.5963,165850.5798,1769188117.7907977,6.13,37,604,0.108,9,0,0,14.39,15.0,0,1724,1769187521.17,-593.08,meta-llama/Llama-3.2-1B-Instruct,"1769187521.170, 1769187521.180, 1769187521.318, 1769187521.524, 1769187521.576"
131.0,0,1769187390.5756,726.9586,27,32,59,0.0664,0.0573,0.7254,1.0,0.0,99.31,1.4563,596.025,596.025,166446.6048,1769188118.9918704,6.12,37,605,0.109,9,0,0,14.39,15.0,0,1724,1769187521.17,-593.08,meta-llama/Llama-3.2-1B-Instruct,"1769187521.170, 1769187521.180, 1769187521.318, 1769187521.524, 1769187521.576"
22.0,1,1769187495.8209,600.9802,3056,1029,4085,0.3833,0.033,0.0592,200.0,0.0,99.32,27.2593,606.2395,606.2395,167052.8443,1769188124.077341,6.11,37,606,0.144,9,0,0,14.39,15.0,0,1716,1769187522.539,-596.808,meta-llama/Llama-3.2-1B-Instruct,"1769187522.539, 1769187522.745, 1769187522.806, 1769187522.819, 1769187523.119"
109.0,0,1769187413.5389,710.6242,27,32,59,0.0649,0.0287,0.0288,1.0,0.0,99.32,0.7423,601.6891,601.6891,167654.5334,1769188124.9067526,6.1,37,607,0.123,9,0,0,14.39,15.0,0,1715,1769187522.745,-601.647,meta-llama/Llama-3.2-1B-Instruct,"1769187522.745, 1769187522.806, 1769187522.819, 1769187523.119, 1769187523.407"
136.0,0,1769187386.7448,738.2874,27,32,59,0.0965,0.03,0.0346,1.0,0.0,99.32,0.7645,602.3839,602.3839,168256.9173,1769188125.7976947,6.09,37,608,0.124,9,0,0,14.39,15.0,0,1715,1769187522.745,-601.647,meta-llama/Llama-3.2-1B-Instruct,"1769187522.745, 1769187522.806, 1769187522.819, 1769187523.119, 1769187523.407"
57.0,0,1769187465.8056,660.1014,27,21,48,0.0737,0.0283,0.0296,1.0,0.0,99.32,0.5361,603.175,603.175,168860.0924,1769188126.443869,6.08,37,609,0.125,9,0,0,14.39,15.0,0,1715,1769187522.745,-601.647,meta-llama/Llama-3.2-1B-Instruct,"1769187522.745, 1769187522.806, 1769187522.819, 1769187523.119, 1769187523.407"
40.0,1,1769187477.9475,623.678,3339,1035,4374,0.4249,0.0354,0.058,200.0,0.0,99.32,27.3625,611.0405,611.0405,169471.1329,1769188129.0092347,6.07,37,610,0.138,9,0,0,14.39,15.0,0,1715,1769187522.745,-601.647,meta-llama/Llama-3.2-1B-Instruct,"1769187522.745, 1769187522.806, 1769187522.819, 1769187523.119, 1769187523.407"
139.0,1,1769187384.1187,745.0287,3953,0,3953,,,,200.0,,,0.51,606.5387,606.5387,170077.6715,1769188129.6751304,6.06,37,611,0.131,9,0,0,14.39,15.0,0,1711,1769187523.407,-606.005,meta-llama/Llama-3.2-1B-Instruct,"1769187523.407, 1769187523.761, 1769187523.969, 1769187523.982, 1769187524.046"
187.0,1,1769187336.4066,793.4533,3197,0,3197,,,,200.0,,,0.3965,606.8498,606.8498,170684.5213,1769188130.2701676,6.05,37,612,0.132,9,0,0,14.39,15.0,0,1711,1769187523.407,-606.005,meta-llama/Llama-3.2-1B-Instruct,"1769187523.407, 1769187523.761, 1769187523.969, 1769187523.982, 1769187524.046"
59.0,1,1769187459.7001,644.3255,3556,1035,4591,0.4215,0.0335,0.0608,200.0,0.0,99.32,28.0905,613.4159,613.4159,171297.9372,1769188132.1394918,6.04,37,613,0.138,9,0,0,14.39,15.0,0,1711,1769187523.407,-606.005,meta-llama/Llama-3.2-1B-Instruct,"1769187523.407, 1769187523.761, 1769187523.969, 1769187523.982, 1769187524.046"
32.0,0,1769187491.9687,640.2989,27,32,59,0.068,0.0283,0.0306,1.0,0.0,99.32,0.7491,608.3669,608.3669,171906.3041,1769188133.0196147,6.03,37,614,0.129,9,0,0,14.39,15.0,0,1711,1769187523.407,-606.005,meta-llama/Llama-3.2-1B-Instruct,"1769187523.407, 1769187523.761, 1769187523.969, 1769187523.982, 1769187524.046"
97.0,0,1769187426.9822,706.1453,27,32,59,0.0726,0.0298,0.033,1.0,0.0,99.32,0.762,609.2179,609.2179,172515.522,1769188133.8903458,6.02,37,615,0.13,9,0,0,14.39,15.0,0,1711,1769187523.407,-606.005,meta-llama/Llama-3.2-1B-Instruct,"1769187523.407, 1769187523.761, 1769187523.969, 1769187523.982, 1769187524.046"
157.0,0,1769187367.046,766.9725,27,32,59,0.0748,0.0307,0.032,1.0,0.0,99.32,0.7607,610.0473,610.0473,173125.5693,1769188134.7802036,6.01,37,616,0.131,9,0,0,14.39,15.0,0,1706,1769187524.162,-610.252,meta-llama/Llama-3.2-1B-Instruct,"1769187524.162, 1769187524.297, 1769187524.493, 1769187524.658, 1769187524.851"
131.0,1,1769187388.4094,721.2586,3365,1036,4401,0.4691,0.0328,0.0641,200.0,0.0,99.33,28.0991,618.3577,618.3577,174980.1454,1769188137.7851431,6.0,37,619,0.089,7,0,0,14.39,15.0,0,1706,1769187524.162,-610.252,meta-llama/Llama-3.2-1B-Instruct,"1769187524.162, 1769187524.297, 1769187524.493, 1769187524.658, 1769187524.851"
36.0,1,1769187483.7481,626.0261,3676,1028,4704,1.4904,0.0327,0.0617,200.0,0.0,99.33,27.9998,618.0258,618.0258,174980.1454,1769188137.7876117,5.98,37,619,0.1,8,0,0,14.39,15.0,0,1706,1769187524.162,-610.252,meta-llama/Llama-3.2-1B-Instruct,"1769187524.162, 1769187524.297, 1769187524.493, 1769187524.658, 1769187524.851"
141.0,1,1769187378.5807,731.1462,6106,1025,7131,1.5389,0.0335,0.0639,200.0,0.0,99.33,28.0464,618.1925,618.1925,174980.1454,1769188137.8013113,5.99,37,619,0.089,7,0,0,14.39,15.0,0,1706,1769187524.162,-610.252,meta-llama/Llama-3.2-1B-Instruct,"1769187524.162, 1769187524.297, 1769187524.493, 1769187524.658, 1769187524.851"
143.0,0,1769187381.4925,756.4694,27,32,59,0.7331,0.0273,0.0331,1.0,0.0,99.33,1.3908,614.2025,614.2025,175594.3478,1769188139.354841,5.97,37,620,0.094,7,0,0,14.39,15.0,0,1706,1769187524.162,-610.252,meta-llama/Llama-3.2-1B-Instruct,"1769187524.162, 1769187524.297, 1769187524.493, 1769187524.658, 1769187524.851"
84.0,1,1769187437.1695,677.8881,3686,1024,4710,0.447,0.0338,0.1994,200.0,0.0,99.33,27.8697,621.7578,621.7578,176216.1057,1769188142.9433358,5.96,37,621,0.123,9,0,0,14.39,15.0,0,1701,1769187524.864,-614.55,meta-llama/Llama-3.2-1B-Instruct,"1769187524.864, 1769187524.908, 1769187524.926, 1769187525.012, 1769187525.039"
161.0,1,1769187361.2811,756.6558,3730,1027,4757,0.7258,0.0321,0.2007,200.0,0.0,99.33,28.5862,624.242,624.242,177464.6667,1769188146.545197,5.94,37,623,0.096,8,0,0,14.39,15.0,0,1700,1769187524.908,-619.548,meta-llama/Llama-3.2-1B-Instruct,"1769187524.908, 1769187524.926, 1769187525.012, 1769187525.039, 1769187525.049"
44.0,1,1769187478.2033,639.6732,3032,1025,4057,0.4154,0.0325,0.2111,200.0,0.0,99.33,28.6459,624.319,624.319,177464.6667,1769188146.5457008,5.95,37,623,0.096,8,0,0,14.39,15.0,0,1700,1769187524.908,-619.548,meta-llama/Llama-3.2-1B-Instruct,"1769187524.908, 1769187524.926, 1769187525.012, 1769187525.039, 1769187525.049"
20.0,1,1769187502.5334,616.5458,3675,1032,4707,0.4487,0.0328,0.0666,200.0,0.0,99.33,29.1903,625.7361,625.7361,178090.4028,1769188148.2883341,5.93,37,624,0.118,9,0,0,14.39,15.0,0,1700,1769187524.908,-619.548,meta-llama/Llama-3.2-1B-Instruct,"1769187524.908, 1769187524.926, 1769187525.012, 1769187525.039, 1769187525.049"
172.0,0,1769187352.9262,793.8015,27,32,59,1.234,0.0503,0.367,1.0,0.0,99.33,2.3096,623.0355,623.0355,178713.4384,1769188149.0444179,5.92,37,625,0.123,8,0,0,14.39,15.0,0,1700,1769187524.908,-619.548,meta-llama/Llama-3.2-1B-Instruct,"1769187524.908, 1769187524.926, 1769187525.012, 1769187525.039, 1769187525.049"
199.0,1,1769187326.0395,823.0931,3096,0,3096,,,,200.0,,,0.4039,624.497,624.497,179337.9354,1769188149.5487065,5.91,37,626,0.147,9,0,0,14.39,15.0,0,1696,1769187525.049,-624.428,meta-llama/Llama-3.2-1B-Instruct,"1769187525.049, 1769187525.065, 1769187525.179, 1769187525.387, 1769187525.423"
65.0,0,1769187460.0489,689.7107,27,32,59,0.0776,0.0302,0.0315,1.0,0.0,99.34,0.7976,624.7883,624.7883,179962.7237,1769188150.558267,5.9,37,627,0.148,9,0,0,14.39,15.0,0,1696,1769187525.049,-624.428,meta-llama/Llama-3.2-1B-Instruct,"1769187525.049, 1769187525.065, 1769187525.179, 1769187525.387, 1769187525.423"
155.0,1,1769187367.8195,758.7567,5069,1027,6096,0.6484,0.0334,0.3053,200.0,0.0,99.34,31.489,635.2457,635.2457,180597.9694,1769188158.0876482,5.89,37,628,0.126,9,0,0,14.39,15.0,0,1694,1769187525.179,-629.317,meta-llama/Llama-3.2-1B-Instruct,"1769187525.179, 1769187525.387, 1769187525.423, 1769187525.443, 1769187525.770"
12.0,0,1769187513.1786,645.0273,27,32,59,0.1065,0.031,0.038,1.0,0.0,99.34,0.8478,633.1338,633.1338,181231.1032,1769188159.0542786,5.88,37,629,0.165,9,0,0,14.39,15.0,0,1694,1769187525.179,-629.317,meta-llama/Llama-3.2-1B-Instruct,"1769187525.179, 1769187525.387, 1769187525.423, 1769187525.443, 1769187525.770"
63.0,0,1769187462.3873,696.7858,27,32,59,0.0754,0.0316,0.0336,1.0,0.0,99.34,0.833,633.8613,633.8613,181864.9645,1769188160.0070765,5.87,37,630,0.166,9,0,0,14.39,15.0,0,1692,1769187525.423,-634.123,meta-llama/Llama-3.2-1B-Instruct,"1769187525.423, 1769187525.443, 1769187525.770, 1769187525.825, 1769187525.898"
168.0,1,1769187356.6582,781.3551,3618,696,4314,0.6799,0.034,0.2031,200.0,0.0,99.34,22.0842,635.4393,635.4393,182500.4038,1769188160.1157377,5.86,37,631,0.104,8,1,0,14.39,15.0,0,1692,1769187525.423,-634.123,meta-llama/Llama-3.2-1B-Instruct,"1769187525.423, 1769187525.443, 1769187525.770, 1769187525.825, 1769187525.898"
39.0,1,1769187484.7607,645.6372,2980,1024,4004,0.3544,0.0348,0.0678,200.0,0.0,99.34,30.6732,637.3104,637.3104,183137.7142,1769188161.095473,5.85,37,632,0.132,9,0,0,14.39,15.0,0,1692,1769187525.423,-634.123,meta-llama/Llama-3.2-1B-Instruct,"1769187525.423, 1769187525.443, 1769187525.770, 1769187525.825, 1769187525.898"
168.0,0,1769187357.4233,802.7455,27,32,59,0.0801,0.0429,0.3645,1.0,0.0,99.34,1.209,634.8256,634.8256,183772.5398,1769188161.380855,5.85,37,633,0.153,8,0,0,14.39,15.0,0,1692,1769187525.423,-634.123,meta-llama/Llama-3.2-1B-Instruct,"1769187525.423, 1769187525.443, 1769187525.770, 1769187525.825, 1769187525.898"
195.0,0,1769187330.7704,830.426,27,32,59,0.0664,0.0604,0.3968,1.0,0.0,99.34,1.2075,635.4924,635.4924,184408.0322,1769188162.4114804,5.84,37,634,0.152,9,0,0,14.39,15.0,0,1692,1769187525.423,-634.123,meta-llama/Llama-3.2-1B-Instruct,"1769187525.423, 1769187525.443, 1769187525.770, 1769187525.825, 1769187525.898"
189.0,0,1769187336.8984,825.6226,27,32,59,0.0832,0.0314,0.0331,1.0,0.0,99.34,0.832,636.7057,636.7057,185044.7379,1769188163.360421,5.83,37,635,0.165,9,0,0,14.39,15.0,0,1692,1769187525.423,-634.123,meta-llama/Llama-3.2-1B-Instruct,"1769187525.423, 1769187525.443, 1769187525.770, 1769187525.825, 1769187525.898"
22.0,1,1769187502.1619,632.8702,2980,1026,4006,0.3738,0.0342,0.1973,200.0,0.0,99.35,31.6326,642.5027,642.5027,185687.2406,1769188166.6855562,5.82,37,636,0.132,9,0,0,14.39,15.0,0,1686,1769187526.57,-637.981,meta-llama/Llama-3.2-1B-Instruct,"1769187526.570, 1769187526.754, 1769187526.925, 1769187527.446, 1769187527.515"
198.0,0,1769187328.5703,838.2294,27,32,59,0.0778,0.0304,0.0311,1.0,0.0,99.35,0.8401,640.3072,640.3072,186327.5478,1769188167.6412477,5.81,37,637,0.169,9,0,0,14.39,15.0,0,1686,1769187526.57,-637.981,meta-llama/Llama-3.2-1B-Instruct,"1769187526.570, 1769187526.754, 1769187526.925, 1769187527.446, 1769187527.515"
98.0,1,1769187426.851,712.5885,4574,949,5523,0.5968,0.0344,0.2144,200.0,0.0,99.35,29.6709,644.2594,644.2594,186971.8073,1769188169.140677,5.8,37,638,0.116,9,0,0,14.39,15.0,0,1686,1769187526.57,-637.981,meta-llama/Llama-3.2-1B-Instruct,"1769187526.570, 1769187526.754, 1769187526.925, 1769187527.446, 1769187527.515"
171.0,1,1769187353.2973,784.6088,3155,1025,4180,0.4349,0.035,0.3498,200.0,0.0,99.35,32.0741,645.683,645.683,187617.4902,1769188169.9974287,5.79,37,639,0.094,7,0,0,14.39,15.0,0,1683,1769187527.446,-642.155,meta-llama/Llama-3.2-1B-Instruct,"1769187527.446, 1769187527.515, 1769187527.622, 1769187528.131, 1769187528.296"
63.0,0,1769187463.9248,705.3536,27,32,59,0.0739,0.0354,0.0389,1.0,0.0,99.35,0.8443,642.4275,642.4275,188259.9177,1769188170.1274645,5.78,37,640,0.167,9,0,0,14.39,15.0,0,1683,1769187527.446,-642.155,meta-llama/Llama-3.2-1B-Instruct,"1769187527.446, 1769187527.515, 1769187527.622, 1769187528.131, 1769187528.296"
79.0,0,1769187448.4456,721.6627,27,32,59,0.0701,0.0401,0.0423,1.0,0.0,99.35,0.8328,642.7328,642.7328,188902.6505,1769188170.9433742,5.77,37,641,0.154,8,0,0,14.39,15.0,0,1683,1769187527.446,-642.155,meta-llama/Llama-3.2-1B-Instruct,"1769187527.446, 1769187527.515, 1769187527.622, 1769187528.131, 1769187528.296"
20.0,0,1769187507.5155,662.7133,27,32,59,0.0757,0.0322,0.04,1.0,0.0,99.35,0.8039,642.789,642.789,189545.4395,1769188171.035559,5.76,37,642,0.155,9,0,0,14.39,15.0,0,1683,1769187527.446,-642.155,meta-llama/Llama-3.2-1B-Instruct,"1769187527.446, 1769187527.515, 1769187527.622, 1769187528.131, 1769187528.296"
90.0,0,1769187438.131,732.9977,27,32,59,0.3687,0.0347,0.0442,1.0,0.0,99.35,1.122,643.3664,643.3664,190188.8059,1769188172.2523608,5.75,37,643,0.156,8,0,0,14.39,15.0,0,1683,1769187527.446,-642.155,meta-llama/Llama-3.2-1B-Instruct,"1769187527.446, 1769187527.515, 1769187527.622, 1769187528.131, 1769187528.296"
22.0,0,1769187506.2958,666.0499,27,32,59,0.0757,0.0363,0.0371,1.0,0.0,99.35,0.83,644.1256,644.1256,190832.9315,1769188173.1767883,5.75,37,644,0.167,9,0,0,14.39,15.0,0,1683,1769187527.446,-642.155,meta-llama/Llama-3.2-1B-Instruct,"1769187527.446, 1769187527.515, 1769187527.622, 1769187528.131, 1769187528.296"
64.0,0,1769187464.5134,708.8012,27,32,59,0.0824,0.0321,0.0373,1.0,0.0,99.35,0.8362,644.8835,644.8835,191477.815,1769188174.151784,5.74,37,645,0.168,9,0,0,14.39,15.0,0,1683,1769187527.446,-642.155,meta-llama/Llama-3.2-1B-Instruct,"1769187527.446, 1769187527.515, 1769187527.622, 1769187528.131, 1769187528.296"
89.0,1,1769187435.8641,707.1653,8575,1025,9600,1.2271,0.0375,0.2104,200.0,0.0,99.36,32.1138,650.2791,650.2791,192128.0942,1769188175.1748393,5.73,37,646,0.12,9,0,0,14.39,15.0,0,1676,1769187528.656,-645.958,meta-llama/Llama-3.2-1B-Instruct,"1769187528.656, 1769187528.787, 1769187528.885, 1769187529.431, 1769187529.691"
152.0,1,1769187372.9084,773.7373,8657,1032,9689,1.2979,0.0373,0.2051,200.0,0.0,99.36,31.4226,653.1599,653.1599,192781.2541,1769188178.0974984,5.72,37,647,0.123,8,0,0,14.39,15.0,0,1676,1769187528.656,-645.958,meta-llama/Llama-3.2-1B-Instruct,"1769187528.656, 1769187528.787, 1769187528.885, 1769187529.431, 1769187529.691"
182.0,1,1769187343.0124,805.3875,3311,1025,4336,0.4207,0.0367,0.2131,200.0,0.0,99.36,30.5367,653.9242,653.9242,193435.1783,1769188178.95356,5.71,37,648,0.136,9,0,0,14.39,15.0,0,1676,1769187528.656,-645.958,meta-llama/Llama-3.2-1B-Instruct,"1769187528.656, 1769187528.787, 1769187528.885, 1769187529.431, 1769187529.691"
45.0,0,1769187483.8853,695.185,27,32,59,0.0744,0.0292,0.0342,1.0,0.0,99.36,0.7581,650.2594,650.2594,194085.4377,1769188179.829314,5.7,37,649,0.132,9,0,0,14.39,15.0,0,1673,1769187529.431,-650.184,meta-llama/Llama-3.2-1B-Instruct,"1769187529.431, 1769187529.691, 1769187529.974, 1769187530.095, 1769187530.104"
94.0,1,1769187431.0646,719.5799,8588,1024,9612,1.2718,0.0372,0.0655,200.0,0.0,99.36,30.2681,655.848,655.848,194741.2857,1769188180.95468,5.69,37,650,0.149,9,0,0,14.39,15.0,0,1673,1769187529.431,-650.184,meta-llama/Llama-3.2-1B-Instruct,"1769187529.431, 1769187529.691, 1769187529.974, 1769187530.095, 1769187530.104"
201.0,1,1769187324.4428,835.7947,3271,1027,4298,0.408,0.0348,0.0637,200.0,0.0,99.36,28.6924,663.4871,663.4871,195404.7728,1769188188.948069,5.68,37,651,0.154,9,0,0,14.39,15.0,0,1671,1769187529.974,-654.689,meta-llama/Llama-3.2-1B-Instruct,"1769187529.974, 1769187530.095, 1769187530.104, 1769187530.350, 1769187530.421"
107.0,1,1769187422.9739,766.0453,4171,21,4192,0.5292,0.0311,0.0354,200.0,0.0,99.36,1.0311,660.0764,660.0764,196064.8492,1769188190.0714734,5.67,37,652,0.129,9,0,0,14.39,15.0,0,1670,1769187530.095,-659.627,meta-llama/Llama-3.2-1B-Instruct,"1769187530.095, 1769187530.104, 1769187530.350, 1769187530.421, 1769187530.588"
103.0,1,1769187422.8247,738.6504,3686,1030,4716,0.4691,0.0348,0.0603,200.0,0.0,99.36,28.7441,664.3945,664.3945,196729.2436,1769188190.2397287,5.67,37,653,0.152,9,0,0,14.39,15.0,0,1670,1769187530.095,-659.627,meta-llama/Llama-3.2-1B-Instruct,"1769187530.095, 1769187530.104, 1769187530.350, 1769187530.421, 1769187530.588"
48.0,0,1769187482.104,708.2455,27,0,27,,,,1.0,,,0.3236,660.5691,660.5691,197389.8127,1769188190.6737337,5.66,37,654,0.126,9,0,0,14.39,15.0,0,1670,1769187530.095,-659.627,meta-llama/Llama-3.2-1B-Instruct,"1769187530.095, 1769187530.104, 1769187530.350, 1769187530.421, 1769187530.588"
126.0,0,1769187404.3502,786.4807,27,32,59,0.0716,0.0342,0.0348,1.0,0.0,99.36,0.7485,660.5523,660.5523,198050.365,1769188191.580204,5.65,37,655,0.127,9,0,0,14.39,15.0,0,1670,1769187530.095,-659.627,meta-llama/Llama-3.2-1B-Instruct,"1769187530.095, 1769187530.104, 1769187530.350, 1769187530.421, 1769187530.588"
174.0,1,1769187352.3156,811.1892,3979,1018,4997,0.5116,0.0354,0.0652,200.0,0.0,99.37,28.6332,665.8224,665.8224,198716.1873,1769188192.1606,5.64,37,656,0.166,9,0,0,14.39,15.0,0,1670,1769187530.095,-659.627,meta-llama/Llama-3.2-1B-Instruct,"1769187530.095, 1769187530.104, 1769187530.350, 1769187530.421, 1769187530.588"
105.0,0,1769187425.4207,766.3107,27,32,59,0.056,0.033,0.054,1.0,0.0,99.37,0.7546,661.3667,661.3667,199377.554,1769188192.4865725,5.63,37,657,0.128,9,0,0,14.39,15.0,0,1670,1769187530.095,-659.627,meta-llama/Llama-3.2-1B-Instruct,"1769187530.095, 1769187530.104, 1769187530.350, 1769187530.421, 1769187530.588"
21.0,0,1769187509.7927,682.7943,27,0,27,,,,1.0,,,0.0711,661.8653,661.8653,200039.4194,1769188192.658566,5.62,37,658,0.113,9,0,0,14.39,15.0,0,1670,1769187530.095,-659.627,meta-llama/Llama-3.2-1B-Instruct,"1769187530.095, 1769187530.104, 1769187530.350, 1769187530.421, 1769187530.588"
109.0,0,1769187421.5884,770.6508,27,32,59,0.0771,0.0449,0.1842,1.0,0.0,99.37,0.8772,661.7279,661.7279,200701.1473,1769188193.1347747,5.61,37,659,0.112,9,0,0,14.39,15.0,0,1670,1769187530.095,-659.627,meta-llama/Llama-3.2-1B-Instruct,"1769187530.095, 1769187530.104, 1769187530.350, 1769187530.421, 1769187530.588"
85.0,0,1769187446.3585,746.8632,27,32,59,0.6039,0.0316,0.0348,1.0,0.0,99.37,1.2964,662.4671,662.4671,201363.6144,1769188194.5189676,5.61,37,660,0.131,9,0,0,14.39,15.0,0,1670,1769187530.095,-659.627,meta-llama/Llama-3.2-1B-Instruct,"1769187530.095, 1769187530.104, 1769187530.350, 1769187530.421, 1769187530.588"
72.0,1,1769187454.7539,712.9972,4067,1025,5092,0.5227,0.0361,0.2094,200.0,0.0,99.37,28.8994,669.8966,669.8966,202033.511,1769188196.663623,5.6,37,661,0.17,9,0,0,14.39,15.0,0,1661,1769187531.913,-662.851,meta-llama/Llama-3.2-1B-Instruct,"1769187531.913, 1769187531.948, 1769187532.030, 1769187532.066, 1769187532.197"
146.0,1,1769187381.6217,789.4321,3301,1032,4333,0.4327,0.0348,0.1911,200.0,0.0,99.37,28.491,671.9231,671.9231,202705.4341,1769188199.5614846,5.59,37,662,0.156,8,0,0,14.39,15.0,0,1661,1769187531.913,-662.851,meta-llama/Llama-3.2-1B-Instruct,"1769187531.913, 1769187531.948, 1769187532.030, 1769187532.066, 1769187532.197"
95.0,1,1769187433.6117,740.7724,3653,1026,4679,0.4666,0.0339,0.1894,200.0,0.0,99.37,28.2261,673.9985,673.9985,203379.4327,1769188202.635293,5.58,37,663,0.169,9,0,0,14.39,15.0,0,1659,1769187532.03,-667.759,meta-llama/Llama-3.2-1B-Instruct,"1769187532.030, 1769187532.066, 1769187532.197, 1769187532.608, 1769187532.664"
104.0,1,1769187424.6565,750.6358,3391,1027,4418,0.4297,0.0332,0.067,200.0,0.0,99.37,27.7828,674.4187,674.4187,204053.8513,1769188203.089336,5.57,37,664,0.151,9,0,0,14.39,15.0,0,1659,1769187532.03,-667.759,meta-llama/Llama-3.2-1B-Instruct,"1769187532.030, 1769187532.066, 1769187532.197, 1769187532.608, 1769187532.664"
99.0,0,1769187433.0302,769.7501,27,32,59,0.0613,0.0297,0.0551,1.0,0.0,99.37,0.7517,670.8114,670.8114,204724.6627,1769188203.5328884,5.56,37,665,0.129,9,0,0,14.39,15.0,0,1659,1769187532.03,-667.759,meta-llama/Llama-3.2-1B-Instruct,"1769187532.030, 1769187532.066, 1769187532.197, 1769187532.608, 1769187532.664"
68.0,0,1769187464.0662,739.1386,27,32,59,0.0784,0.066,0.3368,1.0,0.0,99.37,1.0986,671.217,671.217,205395.8798,1769188204.3055825,5.56,37,666,0.116,9,0,0,14.39,15.0,0,1659,1769187532.03,-667.759,meta-llama/Llama-3.2-1B-Instruct,"1769187532.030, 1769187532.066, 1769187532.197, 1769187532.608, 1769187532.664"
106.0,0,1769187426.6083,777.8339,27,32,59,0.0822,0.0282,0.0302,1.0,0.0,99.38,0.7536,671.9161,671.9161,206067.7959,1769188205.201087,5.55,37,667,0.127,9,0,0,14.39,15.0,0,1655,1769187532.664,-672.148,meta-llama/Llama-3.2-1B-Instruct,"1769187532.664, 1769187532.700, 1769187532.819, 1769187533.342, 1769187533.574"
172.0,1,1769187356.7873,821.4597,3405,1018,4423,0.4277,0.0322,0.1855,200.0,0.0,99.38,28.1097,677.5694,677.5694,206745.3652,1769188206.3759074,5.54,37,668,0.134,9,0,0,14.39,15.0,0,1655,1769187532.664,-672.148,meta-llama/Llama-3.2-1B-Instruct,"1769187532.664, 1769187532.700, 1769187532.819, 1769187533.342, 1769187533.574"
92.0,1,1769187437.4308,742.5068,4322,1029,5351,0.5457,0.0324,0.1894,200.0,0.0,99.38,28.3994,678.9062,678.9062,207424.2714,1769188208.3592253,5.53,37,669,0.133,9,0,0,14.39,15.0,0,1655,1769187532.664,-672.148,meta-llama/Llama-3.2-1B-Instruct,"1769187532.664, 1769187532.700, 1769187532.819, 1769187533.342, 1769187533.574"
68.0,1,1769187461.6913,719.3534,4795,1024,5819,0.6157,0.0327,0.0671,200.0,0.0,99.38,27.9414,679.2947,679.2947,208103.5662,1769188209.006326,5.52,37,670,0.117,9,0,0,14.39,15.0,0,1655,1769187532.664,-672.148,meta-llama/Llama-3.2-1B-Instruct,"1769187532.664, 1769187532.700, 1769187532.819, 1769187533.342, 1769187533.574"
40.0,0,1769187492.8185,715.6565,27,32,59,0.0686,0.0556,0.437,1.0,0.0,99.38,1.1994,675.7251,675.7251,208779.2913,1769188209.6756363,5.51,37,671,0.13,9,0,0,14.39,15.0,0,1655,1769187532.664,-672.148,meta-llama/Llama-3.2-1B-Instruct,"1769187532.664, 1769187532.700, 1769187532.819, 1769187533.342, 1769187533.574"
55.0,1,1769187475.0951,715.1053,3556,1025,4581,0.4643,0.0325,0.1957,200.0,0.0,99.38,28.119,688.2243,688.2243,209467.5156,1769188218.338843,5.51,37,672,0.13,9,0,0,14.39,15.0,0,1650,1769187533.674,-681.167,meta-llama/Llama-3.2-1B-Instruct,"1769187533.674, 1769187533.764, 1769187534.194, 1769187534.232, 1769187534.568"
84.0,0,1769187449.6744,768.9328,27,32,59,0.0722,0.031,0.0328,1.0,0.0,99.38,0.764,685.005,685.005,210152.5205,1769188219.3727536,5.5,37,673,0.132,9,0,0,14.39,15.0,0,1650,1769187533.674,-681.167,meta-llama/Llama-3.2-1B-Instruct,"1769187533.674, 1769187533.764, 1769187534.194, 1769187534.232, 1769187534.568"
92.0,1,1769187441.7642,777.6963,9364,0,9364,,,,200.0,,,1.4613,687.1576,687.1576,210839.6781,1769188220.945678,5.49,37,674,0.133,9,0,0,14.39,15.0,0,1648,1769187534.194,-685.66,meta-llama/Llama-3.2-1B-Instruct,"1769187534.194, 1769187534.232, 1769187534.568, 1769187534.684, 1769187535.048"
128.0,0,1769187406.194,814.8684,27,32,59,0.0697,0.0299,0.0381,1.0,0.0,99.38,0.7588,686.9381,686.9381,211526.6162,1769188221.8222473,5.48,37,675,0.134,9,0,0,14.39,15.0,0,1648,1769187534.194,-685.66,meta-llama/Llama-3.2-1B-Instruct,"1769187534.194, 1769187534.232, 1769187534.568, 1769187534.684, 1769187535.048"
84.0,1,1769187447.0765,745.8629,5567,1031,6598,0.8777,0.0329,0.2149,200.0,0.0,99.38,29.2783,691.1411,691.1411,212217.7574,1769188222.244624,5.47,37,676,0.113,9,0,0,14.39,15.0,0,1648,1769187534.194,-685.66,meta-llama/Llama-3.2-1B-Instruct,"1769187534.194, 1769187534.232, 1769187534.568, 1769187534.684, 1769187535.048"
88.0,0,1769187446.2317,775.6805,27,32,59,0.0768,0.0577,0.3174,1.0,0.0,99.38,1.0947,687.7573,687.7573,212905.5147,1769188223.0078385,5.47,37,677,0.135,9,0,0,14.39,15.0,0,1648,1769187534.194,-685.66,meta-llama/Llama-3.2-1B-Instruct,"1769187534.194, 1769187534.232, 1769187534.568, 1769187534.684, 1769187535.048"
53.0,1,1769187478.5663,716.0721,3762,1020,4782,0.4648,0.0366,0.3165,200.0,0.0,99.38,29.0984,692.1706,692.1706,213597.6853,1769188223.7557895,5.46,37,678,0.132,9,0,0,14.39,15.0,0,1648,1769187534.194,-685.66,meta-llama/Llama-3.2-1B-Instruct,"1769187534.194, 1769187534.232, 1769187534.568, 1769187534.684, 1769187535.048"
182.0,0,1769187353.0481,870.8434,27,32,59,0.0792,0.029,0.03,1.0,0.0,99.39,0.7346,688.9226,688.9226,214286.6078,1769188224.6278617,5.45,37,679,0.12,9,0,0,14.39,15.0,0,1648,1769187534.194,-685.66,meta-llama/Llama-3.2-1B-Instruct,"1769187534.194, 1769187534.232, 1769187534.568, 1769187534.684, 1769187535.048"
139.0,1,1769187392.9132,803.8492,3194,1030,4224,0.4086,0.0336,0.3208,200.0,0.0,99.39,29.04,693.8892,693.8892,214980.4971,1769188225.8226676,5.44,37,680,0.13,9,0,0,14.39,15.0,0,1642,1769187535.209,-689.658,meta-llama/Llama-3.2-1B-Instruct,"1769187535.209, 1769187535.431, 1769187535.434, 1769187535.441, 1769187535.751"
72.0,1,1769187459.9482,739.7558,3083,1031,4114,0.4013,0.0324,0.3193,200.0,0.0,99.39,28.5169,696.2727,696.2727,215676.7698,1769188228.2428186,5.43,37,681,0.13,9,0,0,14.39,15.0,0,1642,1769187535.209,-689.658,meta-llama/Llama-3.2-1B-Instruct,"1769187535.209, 1769187535.431, 1769187535.434, 1769187535.441, 1769187535.751"
160.0,1,1769187372.197,831.4872,3172,1027,4199,0.4027,0.0324,0.1922,200.0,0.0,99.39,27.7602,699.2474,699.2474,216376.0172,1769188231.4620216,5.43,37,682,0.116,9,0,0,14.39,15.0,0,1642,1769187535.209,-689.658,meta-llama/Llama-3.2-1B-Instruct,"1769187535.209, 1769187535.431, 1769187535.434, 1769187535.441, 1769187535.751"
161.0,1,1769187371.6644,833.6835,4396,1022,5418,0.5642,0.033,0.066,200.0,0.0,99.39,27.2395,699.923,699.923,217075.9403,1769188232.6078746,5.42,37,683,0.128,9,0,0,14.39,15.0,0,1642,1769187535.209,-689.658,meta-llama/Llama-3.2-1B-Instruct,"1769187535.209, 1769187535.431, 1769187535.434, 1769187535.441, 1769187535.751"
199.0,1,1769187333.6998,872.8154,5200,1036,6236,0.7208,0.0315,0.0611,200.0,0.0,99.39,26.62,700.4354,700.4354,217776.3757,1769188233.157229,5.41,37,684,0.129,9,0,0,14.39,15.0,0,1642,1769187535.209,-689.658,meta-llama/Llama-3.2-1B-Instruct,"1769187535.209, 1769187535.431, 1769187535.434, 1769187535.441, 1769187535.751"
41.0,1,1769187493.5675,728.8224,3109,488,3597,0.3809,0.0262,0.0509,200.0,0.0,99.39,11.1171,698.9396,698.9396,218475.3152,1769188233.5210788,5.4,37,685,0.114,9,0,0,14.39,15.0,0,1642,1769187535.209,-689.658,meta-llama/Llama-3.2-1B-Instruct,"1769187535.209, 1769187535.431, 1769187535.434, 1769187535.441, 1769187535.751"
143.0,1,1769187390.3417,818.7726,3898,1025,4923,0.48,0.0302,0.0598,200.0,0.0,99.39,25.3647,701.1373,701.1373,219176.4525,1769188234.496411,5.39,37,686,0.112,9,0,0,14.39,15.0,0,1642,1769187535.209,-689.658,meta-llama/Llama-3.2-1B-Instruct,"1769187535.209, 1769187535.431, 1769187535.434, 1769187535.441, 1769187535.751"
94.0,1,1769187439.5741,770.1708,3326,1025,4351,0.4119,0.0303,0.0574,200.0,0.0,99.39,24.869,701.0398,701.0398,219877.4923,1769188234.6322188,5.39,37,687,0.125,9,0,0,14.39,15.0,0,1642,1769187535.209,-689.658,meta-llama/Llama-3.2-1B-Instruct,"1769187535.209, 1769187535.431, 1769187535.434, 1769187535.441, 1769187535.751"
68.0,1,1769187466.6841,756.4275,3102,1031,4133,0.3743,0.0232,0.0304,200.0,0.0,99.39,18.2153,706.6428,706.6428,220584.1351,1769188241.3424175,5.38,37,688,0.125,9,0,0,14.39,15.0,0,1642,1769187535.209,-689.658,meta-llama/Llama-3.2-1B-Instruct,"1769187535.209, 1769187535.431, 1769187535.434, 1769187535.441, 1769187535.751"
116.0,1,1769187419.0737,805.6753,3719,1025,4744,0.4412,0.0221,0.0275,200.0,0.0,99.39,17.3485,707.0238,707.0238,221291.1589,1769188242.1142602,5.37,37,689,0.121,9,0,0,14.39,15.0,0,1642,1769187535.209,-689.658,meta-llama/Llama-3.2-1B-Instruct,"1769187535.209, 1769187535.431, 1769187535.434, 1769187535.441, 1769187535.751"
