orig_slo,slo_type,insertion_time,wait_time,prompt_tok,out_tok,total_tok,ttft,tbt_p95,tbt_p99,tbt_slo,tbt_violation,tbt_success_rate_pct,ttlt,diff,violation,total_violation,finished_time,success_rate_pct,success_count,processed_count,kv,run_cnt,wait_cnt,swap_cnt,vram_used_gib,vram_total_gib,vq_id,vq_groups,head_deadline,slack,model,deadlines
40.0,0,1769178533.4662,0.0369,27,32,59,0.0702,0.0165,0.0198,1.0,0.0,100.0,0.4992,-39.893,0.0,0.0,1769178535.218486,100.0,1,1,0.023,2,0,0,13.46,15.0,0,1,1769178566.426,34.0,meta-llama/Llama-3.2-1B-Instruct,1769178566.426
158.0,0,1769178533.968,0.2078,27,32,59,0.069,0.0553,0.5256,1.0,0.0,100.0,1.0427,-157.7232,0.0,0.0,1769178535.2266924,100.0,2,2,0.024,2,0,0,13.52,15.0,0,1,1769178566.426,34.0,meta-llama/Llama-3.2-1B-Instruct,1769178566.426
70.0,1,1769178532.9514,0.0319,3405,125,3530,0.4204,0.0296,0.5017,200.0,0.0,100.0,3.101,-66.8671,0.0,0.0,1769178536.1000586,100.0,3,3,0.0,0,0,0,13.46,15.0,0,1,1769178566.426,34.0,meta-llama/Llama-3.2-1B-Instruct,1769178566.426
121.0,0,1769178536.3024,0.0544,27,0,27,,,,1.0,,,0.0512,-120.8944,0.0,0.0,1769178536.408715,100.0,4,4,0.038,4,0,0,13.66,15.0,0,1,1769178566.426,34.0,meta-llama/Llama-3.2-1B-Instruct,1769178566.426
30.0,0,1769178535.7664,0.0408,27,32,59,0.1923,0.0241,0.0355,1.0,0.0,100.0,0.6917,-29.7669,0.0,0.0,1769178536.4999626,100.0,5,5,0.049,4,0,0,13.66,15.0,0,1,1769178566.426,34.0,meta-llama/Llama-3.2-1B-Instruct,1769178566.426
133.0,0,1769178536.8204,0.0666,27,28,55,0.0552,0.0208,0.0209,1.0,0.0,100.0,0.4758,-132.8782,0.0,0.0,1769178537.365268,100.0,6,6,0.038,3,0,0,13.66,15.0,0,1,1769178566.426,34.0,meta-llama/Llama-3.2-1B-Instruct,1769178566.426
139.0,0,1769178538.395,0.0498,27,32,59,0.2108,0.0506,0.3068,1.0,0.0,100.0,1.0688,-138.7394,0.0,0.0,1769178539.515189,100.0,7,7,0.068,5,0,0,13.83,15.0,0,1,1769178566.426,34.0,meta-llama/Llama-3.2-1B-Instruct,1769178566.426
44.0,0,1769178540.5849,0.0725,27,32,59,0.0859,0.05,0.2709,1.0,0.0,100.0,0.985,-43.8417,0.0,0.0,1769178541.6456833,100.0,8,8,0.102,8,0,0,13.83,15.0,0,1,1769178566.426,34.0,meta-llama/Llama-3.2-1B-Instruct,1769178566.426
30.0,0,1769178541.6638,0.0646,27,32,59,0.0485,0.0245,0.0247,1.0,0.0,100.0,0.6745,-29.8869,0.0,0.0,1769178542.404386,100.0,9,9,0.112,9,0,0,13.83,15.0,0,1,1769178566.426,34.0,meta-llama/Llama-3.2-1B-Instruct,1769178566.426
88.0,0,1769178542.2218,0.3163,27,32,59,0.0569,0.0242,0.0262,1.0,0.0,100.0,0.6882,-87.6269,0.0,0.0,1769178543.2283013,100.0,10,10,0.113,9,0,0,13.83,15.0,0,1,1769178630.222,87.773,meta-llama/Llama-3.2-1B-Instruct,1769178630.222
142.0,0,1769178542.7607,0.5735,27,18,45,0.0699,0.0263,0.0263,1.0,0.0,100.0,0.4376,-141.3566,0.0,0.0,1769178543.7752018,100.0,11,11,0.114,9,0,0,13.83,15.0,0,1,1769178630.222,87.773,meta-llama/Llama-3.2-1B-Instruct,1769178630.222
19.0,1,1769178543.3163,0.7011,3276,313,3589,0.3561,0.0291,0.0329,200.0,0.0,100.0,6.964,-11.3349,0.0,0.0,1769178551.0006897,100.0,12,12,0.115,9,0,0,13.83,15.0,0,7,1769178567.08,19.609,meta-llama/Llama-3.2-1B-Instruct,"1769178567.080, 1769178598.557, 1769178670.849, 1769178675.905, 1769178693.458"
20.0,0,1769178547.0796,4.0214,27,32,59,0.3747,0.0267,0.0274,1.0,0.0,100.0,1.0273,-15.6039,0.0,0.0,1769178552.1308677,100.0,13,13,0.125,9,0,0,13.83,15.0,0,7,1769178567.08,19.609,meta-llama/Llama-3.2-1B-Instruct,"1769178567.080, 1769178598.557, 1769178670.849, 1769178675.905, 1769178693.458"
34.0,1,1769178532.4263,0.1183,3840,1017,4857,0.5662,0.0301,0.3071,200.0,0.0,100.0,25.1387,-8.743,0.0,0.0,1769178557.7050476,100.0,14,14,0.0,0,0,0,12.58,15.0,0,24,1769178573.214,15.669,meta-llama/Llama-3.2-1B-Instruct,"1769178573.214, 1769178577.653, 1769178597.968, 1769178598.557, 1769178612.605"
17.0,1,1769178556.214,1.6153,3245,0,3245,,,,200.0,,,0.3547,-15.03,0.0,0.0,1769178558.196902,100.0,15,15,0.128,9,0,0,13.83,15.0,0,24,1769178573.214,15.669,meta-llama/Llama-3.2-1B-Instruct,"1769178573.214, 1769178577.653, 1769178597.968, 1769178598.557, 1769178612.605"
129.0,1,1769178534.5068,0.0674,3087,1036,4123,0.6136,0.0304,0.3022,200.0,0.0,100.0,25.543,-103.3896,0.0,0.0,1769178560.1363568,100.0,16,16,0.024,3,0,0,13.52,15.0,0,24,1769178573.214,15.669,meta-llama/Llama-3.2-1B-Instruct,"1769178573.214, 1769178577.653, 1769178597.968, 1769178598.557, 1769178612.605"
45.0,0,1769178552.9682,7.2575,27,32,59,0.0713,0.0279,0.0299,1.0,0.0,100.0,0.7296,-37.6712,0.0,0.0,1769178560.956201,100.0,18,18,0.128,9,0,0,13.83,15.0,0,24,1769178573.214,15.669,meta-llama/Llama-3.2-1B-Instruct,"1769178573.214, 1769178577.653, 1769178597.968, 1769178598.557, 1769178612.605"
102.0,1,1769178535.2591,0.1829,4513,1027,5540,0.5565,0.0308,0.2702,200.0,0.0,100.0,25.4918,-76.3253,0.0,0.0,1769178560.9591534,100.0,18,18,0.034,3,0,0,13.52,15.0,0,24,1769178573.214,15.669,meta-llama/Llama-3.2-1B-Instruct,"1769178573.214, 1769178577.653, 1769178597.968, 1769178598.557, 1769178612.605"
41.0,0,1769178559.9534,1.1578,27,32,59,0.5254,0.0303,0.0327,1.0,0.0,100.0,1.1844,-39.3168,0.0,0.0,1769178562.296578,100.0,19,19,0.111,8,0,0,13.83,15.0,0,24,1769178573.214,15.669,meta-llama/Llama-3.2-1B-Instruct,"1769178573.214, 1769178577.653, 1769178597.968, 1769178598.557, 1769178612.605"
32.0,1,1769178548.7144,3.5156,3151,434,3585,0.3698,0.0307,0.2357,200.0,0.0,100.0,11.6033,-16.881,0.0,0.0,1769178563.8440676,100.0,20,20,0.126,9,0,0,13.83,15.0,0,27,1769178613.264,50.714,meta-llama/Llama-3.2-1B-Instruct,"1769178613.264, 1769178618.893, 1769178622.517, 1769178624.484, 1769178637.344"
152.0,1,1769178537.3454,0.0642,3526,1028,4554,0.3903,0.0311,0.3063,200.0,0.0,100.0,26.7187,-125.2171,0.0,0.0,1769178564.1485393,100.0,21,21,0.038,3,0,0,13.66,15.0,0,27,1769178613.264,50.714,meta-llama/Llama-3.2-1B-Instruct,"1769178613.264, 1769178618.893, 1769178622.517, 1769178624.484, 1769178637.344"
102.0,1,1769178537.8887,0.0695,5583,1029,6612,0.6964,0.0303,0.3053,200.0,0.0,100.0,26.7631,-75.1674,0.0,0.0,1769178564.7486477,100.0,22,22,0.05,4,0,0,13.66,15.0,0,27,1769178613.264,50.714,meta-llama/Llama-3.2-1B-Instruct,"1769178613.264, 1769178618.893, 1769178622.517, 1769178624.484, 1769178637.344"
56.0,0,1769178557.2637,6.6762,27,32,59,0.0546,0.3195,0.4097,1.0,0.0,100.0,1.4474,-49.2692,0.0,0.0,1769178565.3933637,100.0,23,23,0.134,9,0,0,13.83,15.0,0,27,1769178613.264,50.714,meta-llama/Llama-3.2-1B-Instruct,"1769178613.264, 1769178618.893, 1769178622.517, 1769178624.484, 1769178637.344"
201.0,1,1769178538.9347,0.0809,3271,1024,4295,0.37,0.0316,0.307,200.0,0.0,100.0,27.0039,-173.9152,0.0,0.0,1769178566.0405743,100.0,24,24,0.068,6,0,0,13.83,15.0,0,27,1769178613.264,50.714,meta-llama/Llama-3.2-1B-Instruct,"1769178613.264, 1769178618.893, 1769178622.517, 1769178624.484, 1769178637.344"
187.0,1,1769178539.4938,0.0639,3365,1027,4392,0.3726,0.0314,0.3059,200.0,0.0,100.0,26.7461,-160.19,0.0,0.0,1769178566.3248131,100.0,25,25,0.079,6,0,0,13.83,15.0,0,27,1769178613.264,50.714,meta-llama/Llama-3.2-1B-Instruct,"1769178613.264, 1769178618.893, 1769178622.517, 1769178624.484, 1769178637.344"
102.0,1,1769178540.048,0.0656,3559,1030,4589,0.3838,0.0308,0.2697,200.0,0.0,100.0,26.4812,-75.4532,0.0,0.0,1769178566.619182,100.0,26,26,0.09,7,0,0,13.83,15.0,0,27,1769178613.264,50.714,meta-llama/Llama-3.2-1B-Instruct,"1769178613.264, 1769178618.893, 1769178622.517, 1769178624.484, 1769178637.344"
58.0,0,1769178562.5994,3.5468,27,32,59,0.0665,0.0398,0.0533,1.0,0.0,100.0,0.752,-54.3868,0.0,0.0,1769178566.902477,100.0,27,27,0.121,9,0,0,13.83,15.0,0,27,1769178613.264,50.714,meta-llama/Llama-3.2-1B-Instruct,"1769178613.264, 1769178618.893, 1769178622.517, 1769178624.484, 1769178637.344"
69.0,0,1769178553.5166,12.9393,27,33,60,0.0532,0.029,0.0533,1.0,0.0,100.0,0.6939,-56.0075,0.0,0.0,1769178567.1534917,100.0,28,28,0.107,9,0,0,13.83,15.0,0,27,1769178613.264,50.714,meta-llama/Llama-3.2-1B-Instruct,"1769178613.264, 1769178618.893, 1769178622.517, 1769178624.484, 1769178637.344"
64.0,0,1769178560.4837,6.2336,27,32,59,0.0646,0.051,1.023,1.0,0.023,96.3,1.7225,-57.7018,0.0,0.0,1769178568.4416685,100.0,29,29,0.093,9,0,0,13.83,15.0,0,28,1769178638.333,70.763,meta-llama/Llama-3.2-1B-Instruct,"1769178638.333, 1769178639.793, 1769178654.721, 1769178658.249, 1769178659.808"
177.0,1,1769178541.1368,0.1169,2980,1022,4002,0.3619,0.0315,0.3074,200.0,0.0,96.43,27.2281,-149.655,0.0,0.0,1769178568.4996645,100.0,30,30,0.103,9,0,0,13.83,15.0,0,28,1769178638.333,70.763,meta-llama/Llama-3.2-1B-Instruct,"1769178638.333, 1769178639.793, 1769178654.721, 1769178658.249, 1769178659.808"
45.0,1,1769178564.7568,0.1262,3952,111,4063,0.4736,0.0559,0.3591,200.0,0.0,96.55,4.6548,-40.219,0.0,0.0,1769178569.555748,100.0,31,31,0.109,9,0,0,13.83,15.0,0,28,1769178638.333,70.763,meta-llama/Llama-3.2-1B-Instruct,"1769178638.333, 1769178639.793, 1769178654.721, 1769178658.249, 1769178659.808"
88.0,0,1769178550.3327,18.1928,27,32,59,0.0805,0.0564,0.3189,1.0,0.0,96.67,1.0509,-69.7267,0.0,0.0,1769178569.5772862,100.0,32,32,0.111,8,0,0,14.02,15.0,0,28,1769178638.333,70.763,meta-llama/Llama-3.2-1B-Instruct,"1769178638.333, 1769178639.793, 1769178654.721, 1769178658.249, 1769178659.808"
98.0,0,1769178556.7211,12.9684,27,32,59,0.0714,0.0302,0.063,1.0,0.0,96.77,0.7306,-84.9601,0.0,0.0,1769178570.421295,100.0,33,33,0.109,8,0,0,14.02,15.0,0,28,1769178638.333,70.763,meta-llama/Llama-3.2-1B-Instruct,"1769178638.333, 1769178639.793, 1769178654.721, 1769178658.249, 1769178659.808"
109.0,0,1769178549.2493,20.4992,27,32,59,0.0747,0.0248,0.026,1.0,0.0,96.88,0.691,-88.4261,0.0,0.0,1769178570.4402936,100.0,34,34,0.109,8,0,0,14.02,15.0,0,28,1769178638.333,70.763,meta-llama/Llama-3.2-1B-Instruct,"1769178638.333, 1769178639.793, 1769178654.721, 1769178658.249, 1769178659.808"
94.0,0,1769178565.8075,4.7986,27,32,59,0.0511,0.0248,0.0286,1.0,0.0,96.97,0.6849,-89.1503,0.0,0.0,1769178571.2923915,100.0,36,36,0.111,8,0,0,14.02,15.0,0,28,1769178638.333,70.763,meta-llama/Llama-3.2-1B-Instruct,"1769178638.333, 1769178639.793, 1769178654.721, 1769178658.249, 1769178659.808"
74.0,0,1769178570.0616,0.5028,27,32,59,0.0914,0.0263,0.032,1.0,0.0,97.06,0.7272,-73.4058,0.0,0.0,1769178571.2926147,100.0,36,36,0.11,8,0,0,14.02,15.0,0,28,1769178638.333,70.763,meta-llama/Llama-3.2-1B-Instruct,"1769178638.333, 1769178639.793, 1769178654.721, 1769178658.249, 1769178659.808"
127.0,0,1769178543.8488,27.6013,27,32,59,0.4031,0.0312,0.0338,1.0,0.0,97.14,1.0535,-98.9956,0.0,0.0,1769178572.5047443,100.0,37,37,0.112,8,0,0,14.02,15.0,0,28,1769178638.333,70.763,meta-llama/Llama-3.2-1B-Instruct,"1769178638.333, 1769178639.793, 1769178654.721, 1769178658.249, 1769178659.808"
22.0,1,1769178555.6532,2.6287,3326,1030,4356,0.3859,0.0306,0.0667,200.0,0.0,97.22,27.2659,7.8946,7.8946,7.8946,1769178585.5702665,97.37,37,38,0.128,9,0,0,13.83,15.0,0,47,1769178591.136,8.481,meta-llama/Llama-3.2-1B-Instruct,"1769178591.136, 1769178600.681, 1769178607.789, 1769178619.386, 1769178627.417"
79.0,1,1769178558.3443,8.8714,3522,845,4367,0.9998,0.0313,0.0611,200.0,0.0,97.3,22.8214,-47.3073,0.0,7.8946,1769178590.0578449,97.44,38,39,0.093,8,0,0,14.02,15.0,0,55,1769178600.681,13.007,meta-llama/Llama-3.2-1B-Instruct,"1769178600.681, 1769178607.789, 1769178611.271, 1769178619.386, 1769178622.764"
52.0,1,1769178546.5568,14.4904,4788,1022,5810,0.5877,0.0319,0.0751,200.0,0.0,97.37,29.1708,-8.3387,0.0,7.8946,1769178590.2369556,97.5,39,40,0.111,8,0,0,13.83,15.0,0,55,1769178600.681,13.007,meta-llama/Llama-3.2-1B-Instruct,"1769178600.681, 1769178607.789, 1769178611.271, 1769178619.386, 1769178622.764"
22.0,0,1769178578.6811,11.4646,27,32,59,0.0805,0.0407,0.0476,1.0,0.0,97.44,0.817,-10.4548,0.0,7.8946,1769178590.9647546,97.56,40,41,0.169,9,0,0,14.58,15.0,0,55,1769178600.681,13.007,meta-llama/Llama-3.2-1B-Instruct,"1769178600.681, 1769178607.789, 1769178611.271, 1769178619.386, 1769178622.764"
28.0,0,1769178579.7895,10.5285,27,32,59,0.0783,0.0333,0.0422,1.0,0.0,97.5,0.7819,-17.3931,0.0,7.8946,1769178591.1028993,97.62,41,42,0.15,9,0,0,14.58,15.0,0,55,1769178600.681,13.007,meta-llama/Llama-3.2-1B-Instruct,"1769178600.681, 1769178607.789, 1769178611.271, 1769178619.386, 1769178622.764"
58.0,1,1769178554.6051,7.8076,5139,1029,6168,0.6521,0.0325,0.072,200.0,0.0,97.56,28.7844,-21.408,0.0,7.8946,1769178591.2295616,97.67,42,43,0.128,9,0,0,13.83,15.0,0,55,1769178600.681,13.007,meta-llama/Llama-3.2-1B-Instruct,"1769178600.681, 1769178607.789, 1769178611.271, 1769178619.386, 1769178622.764"
24.0,0,1769178587.2706,3.8053,27,32,59,0.0741,0.0406,0.4489,1.0,0.0,97.62,1.2345,-20.1206,0.0,7.8946,1769178592.3123412,97.73,43,44,0.151,9,0,0,14.58,15.0,0,55,1769178600.681,13.007,meta-llama/Llama-3.2-1B-Instruct,"1769178600.681, 1769178607.789, 1769178611.271, 1769178619.386, 1769178622.764"
25.0,0,1769178588.843,2.4484,27,32,59,0.4015,0.0302,0.036,1.0,0.0,97.67,1.0977,-22.1501,0.0,7.8946,1769178592.3901937,97.78,44,45,0.144,9,0,0,14.58,15.0,0,55,1769178600.681,13.007,meta-llama/Llama-3.2-1B-Instruct,"1769178600.681, 1769178607.789, 1769178611.271, 1769178619.386, 1769178622.764"
34.0,1,1769178564.2093,0.0882,3159,1029,4188,0.3717,0.0334,0.0716,200.0,0.0,97.73,28.6968,-5.2151,0.0,7.8946,1769178593.019481,97.83,45,46,0.12,9,0,0,13.83,15.0,0,58,1769178627.417,34.715,meta-llama/Llama-3.2-1B-Instruct,"1769178627.417, 1769178631.077, 1769178638.638, 1769178639.500, 1769178650.421"
36.0,0,1769178586.7635,5.7333,27,32,59,0.0686,0.0504,0.4401,1.0,0.0,97.78,1.2103,-30.1981,0.0,7.8946,1769178593.7100189,97.87,47,48,0.145,8,1,0,14.58,15.0,0,58,1769178627.417,34.715,meta-llama/Llama-3.2-1B-Instruct,"1769178627.417, 1769178631.077, 1769178638.638, 1769178639.500, 1769178650.421"
38.0,0,1769178581.3861,11.0424,27,32,59,0.1186,0.0559,0.4352,1.0,0.0,97.83,1.2812,-26.8389,0.0,7.8946,1769178593.7108383,97.92,47,48,0.145,8,0,0,14.58,15.0,0,58,1769178627.417,34.715,meta-llama/Llama-3.2-1B-Instruct,"1769178627.417, 1769178631.077, 1769178638.638, 1769178639.500, 1769178650.421"
68.0,1,1769178550.8933,14.6265,3671,1025,4696,0.3991,0.0326,0.0693,200.0,0.0,97.87,29.4318,-23.9417,0.0,7.8946,1769178594.9683838,97.96,48,49,0.122,9,0,0,13.83,15.0,0,58,1769178627.417,34.715,meta-llama/Llama-3.2-1B-Instruct,"1769178627.417, 1769178631.077, 1769178638.638, 1769178639.500, 1769178650.421"
65.0,1,1769178566.9,0.2369,6059,1012,7071,0.7761,0.0324,0.0736,200.0,0.0,97.92,29.5162,-35.2469,0.0,7.8946,1769178596.6742146,98.0,49,50,0.093,9,0,0,13.83,15.0,0,58,1769178627.417,34.715,meta-llama/Llama-3.2-1B-Instruct,"1769178627.417, 1769178631.077, 1769178638.638, 1769178639.500, 1769178650.421"
90.0,1,1769178549.7932,18.7966,3195,1029,4224,0.3869,0.0328,0.0631,200.0,0.0,97.96,28.5255,-42.6779,0.0,7.8946,1769178597.1373007,98.04,50,51,0.111,8,0,0,14.02,15.0,0,58,1769178627.417,34.715,meta-llama/Llama-3.2-1B-Instruct,"1769178627.417, 1769178631.077, 1769178638.638, 1769178639.500, 1769178650.421"
51.0,0,1769178594.2498,2.5278,27,32,59,0.0599,0.0442,0.3934,1.0,0.0,98.0,1.1599,-48.4123,0.0,7.8946,1769178597.939714,98.08,51,52,0.149,9,0,0,14.58,15.0,0,61,1769178650.421,52.687,meta-llama/Llama-3.2-1B-Instruct,"1769178650.421, 1769178652.996, 1769178666.652, 1769178672.473, 1769178675.905"
68.0,0,1769178582.4207,15.6353,27,32,59,0.0765,0.031,0.0315,1.0,0.0,98.04,0.7874,-52.2881,0.0,7.8946,1769178598.8441567,98.11,52,53,0.149,9,0,0,14.58,15.0,0,61,1769178650.421,52.687,meta-llama/Llama-3.2-1B-Instruct,"1769178650.421, 1769178652.996, 1769178666.652, 1769178672.473, 1769178675.905"
52.0,0,1769178598.4358,0.4965,27,32,59,0.0865,0.027,0.0316,1.0,0.0,98.08,0.7881,-51.417,0.0,7.8946,1769178599.7236917,98.15,53,54,0.15,9,0,0,14.58,15.0,0,61,1769178650.421,52.687,meta-llama/Llama-3.2-1B-Instruct,"1769178650.421, 1769178652.996, 1769178666.652, 1769178672.473, 1769178675.905"
102.0,1,1769178565.2918,6.1086,3653,1031,4684,0.4402,0.0333,0.054,200.0,0.0,98.11,28.8049,-67.0865,0.0,7.8946,1769178600.2170033,98.18,54,55,0.111,8,0,0,14.02,15.0,0,61,1769178650.421,52.687,meta-llama/Llama-3.2-1B-Instruct,"1769178650.421, 1769178652.996, 1769178666.652, 1769178672.473, 1769178675.905"
50.0,0,1769178599.507,0.3069,27,32,59,0.073,0.0565,1.1289,1.0,0.1289,96.3,1.9168,-49.6201,0.0,7.8946,1769178601.732643,98.21,55,56,0.151,9,0,0,14.58,15.0,0,61,1769178650.421,52.687,meta-llama/Llama-3.2-1B-Instruct,"1769178650.421, 1769178652.996, 1769178666.652, 1769178672.473, 1769178675.905"
67.0,1,1769178571.6548,0.9339,3516,1026,4542,0.3976,0.0326,0.0715,200.0,0.0,96.36,29.975,-36.0911,0.0,7.8946,1769178602.5828137,98.25,56,57,0.124,9,0,0,14.02,15.0,0,61,1769178650.421,52.687,meta-llama/Llama-3.2-1B-Instruct,"1769178650.421, 1769178652.996, 1769178666.652, 1769178672.473, 1769178675.905"
14.0,1,1769178577.1357,8.5384,12339,1025,13364,2.0107,0.0347,0.0555,200.0,0.0,96.43,31.6941,26.2325,26.2325,34.1271,1769178617.399542,96.55,56,58,0.14,9,0,0,14.02,15.0,0,83,1769178615.694,2.907,meta-llama/Llama-3.2-1B-Instruct,"1769178615.694, 1769178615.920, 1769178627.380, 1769178632.185, 1769178664.017"
22.0,1,1769178589.3876,1.7896,3898,1025,4923,0.497,0.0337,0.0566,200.0,0.0,96.49,29.9243,9.7139,9.7139,43.8411,1769178621.1200633,94.92,56,59,0.151,9,0,0,14.58,15.0,0,92,1769178615.92,-1.874,meta-llama/Llama-3.2-1B-Instruct,"1769178615.920, 1769178627.380, 1769178632.185, 1769178634.563, 1769178638.468"
10.0,0,1769178605.9199,15.3795,27,24,51,0.0781,0.0313,0.0369,1.0,0.0,96.55,0.7884,5.4575,5.4575,49.2986,1769178622.088476,93.33,56,60,0.151,9,0,0,14.58,15.0,0,92,1769178615.92,-1.874,meta-llama/Llama-3.2-1B-Instruct,"1769178615.920, 1769178627.380, 1769178632.185, 1769178634.563, 1769178638.468"
53.0,1,1769178574.4169,18.7236,4077,1023,5100,0.5066,0.0336,0.0519,200.0,0.0,96.61,29.81,-4.4664,0.0,49.2986,1769178622.9653952,93.44,57,61,0.133,9,0,0,14.58,15.0,0,99,1769178632.185,9.352,meta-llama/Llama-3.2-1B-Instruct,"1769178632.185, 1769178634.563, 1769178638.468, 1769178646.281, 1769178656.859"
54.0,1,1769178584.6385,9.2271,3610,1024,4634,1.0276,0.0338,0.0547,200.0,0.0,96.67,29.6371,-15.1358,0.0,49.2986,1769178623.516423,93.65,59,63,0.146,8,0,0,14.58,15.0,0,99,1769178632.185,9.352,meta-llama/Llama-3.2-1B-Instruct,"1769178632.185, 1769178634.563, 1769178638.468, 1769178646.281, 1769178656.859"
39.0,1,1769178592.0769,1.7375,5661,1023,6684,0.7323,0.0339,0.0546,200.0,0.0,96.72,29.6869,-7.5755,0.0,49.2986,1769178623.52874,93.55,59,63,0.146,8,0,0,14.58,15.0,0,99,1769178632.185,9.352,meta-llama/Llama-3.2-1B-Instruct,"1769178632.185, 1769178634.563, 1769178638.468, 1769178646.281, 1769178656.859"
56.0,1,1769178583.4999,11.5722,2961,1024,3985,0.3428,0.033,0.049,200.0,0.0,96.77,28.6184,-15.8094,0.0,49.2986,1769178623.7024348,93.75,60,64,0.161,9,0,0,14.58,15.0,0,99,1769178632.185,9.352,meta-llama/Llama-3.2-1B-Instruct,"1769178632.185, 1769178634.563, 1769178638.468, 1769178646.281, 1769178656.859"
31.0,1,1769178596.8619,0.3721,3803,1027,4830,0.4347,0.0345,0.0498,200.0,0.0,96.83,29.4994,-1.1286,0.0,49.2986,1769178626.7569995,93.85,61,65,0.136,9,0,0,14.58,15.0,0,99,1769178632.185,9.352,meta-llama/Llama-3.2-1B-Instruct,"1769178632.185, 1769178634.563, 1769178638.468, 1769178646.281, 1769178656.859"
62.0,1,1769178590.9961,9.3323,8164,1028,9192,1.2126,0.0326,0.0502,200.0,0.0,96.88,29.7684,-22.8993,0.0,49.2986,1769178630.119025,93.94,62,66,0.137,9,0,0,14.58,15.0,0,104,1769178657.676,29.841,meta-llama/Llama-3.2-1B-Instruct,"1769178657.676, 1769178663.935, 1769178664.017, 1769178665.762, 1769178666.652"
26.0,1,1769178600.5346,1.3107,3044,1029,4073,0.3918,0.033,0.0491,200.0,0.0,96.92,28.6176,3.9283,3.9283,53.2269,1769178630.483821,92.54,62,67,0.163,9,0,0,14.58,15.0,0,104,1769178657.676,29.841,meta-llama/Llama-3.2-1B-Instruct,"1769178657.676, 1769178663.935, 1769178664.017, 1769178665.762, 1769178666.652"
38.0,0,1769178619.6761,10.5888,27,31,58,0.0737,0.0569,0.3676,1.0,0.0,96.97,1.1047,-27.3375,0.0,53.2269,1769178631.3720136,92.65,64,69,0.125,9,0,0,14.58,15.0,0,104,1769178657.676,29.841,meta-llama/Llama-3.2-1B-Instruct,"1769178657.676, 1769178663.935, 1769178664.017, 1769178665.762, 1769178666.652"
31.0,1,1769178601.6313,1.1454,5236,1028,6264,0.6737,0.0327,0.0455,200.0,0.0,97.01,28.5936,-1.261,0.0,53.2269,1769178631.395907,92.75,64,69,0.159,9,0,0,14.58,15.0,0,104,1769178657.676,29.841,meta-llama/Llama-3.2-1B-Instruct,"1769178657.676, 1769178663.935, 1769178664.017, 1769178665.762, 1769178666.652"
64.0,0,1769178600.0168,31.5375,27,32,59,0.3425,0.0294,0.0311,1.0,0.0,97.06,0.9932,-32.12,0.0,53.2269,1769178632.5504081,92.86,65,70,0.105,8,0,0,14.58,15.0,0,104,1769178657.676,29.841,meta-llama/Llama-3.2-1B-Instruct,"1769178657.676, 1769178663.935, 1769178664.017, 1769178665.762, 1769178666.652"
22.0,1,1769178610.1847,12.872,2955,680,3635,0.3849,0.0305,0.0509,200.0,0.0,97.1,18.4024,9.2745,9.2745,62.5014,1769178641.4798217,91.55,65,71,0.146,9,0,0,14.58,15.0,0,118,1769178663.235,25.345,meta-llama/Llama-3.2-1B-Instruct,"1769178663.235, 1769178666.652, 1769178667.699, 1769178672.473, 1769178674.429"
19.0,0,1769178639.9436,1.6064,27,32,59,0.0679,0.0308,0.031,1.0,0.0,97.14,0.7405,-17.3257,0.0,62.5014,1769178642.2913678,91.67,66,72,0.127,9,0,0,14.58,15.0,0,118,1769178663.235,25.345,meta-llama/Llama-3.2-1B-Instruct,"1769178663.235, 1769178666.652, 1769178667.699, 1769178672.473, 1769178674.429"
26.0,0,1769178637.235,5.1586,27,32,59,0.0757,0.027,0.0274,1.0,0.0,97.18,0.7471,-20.7657,0.0,62.5014,1769178643.1422276,91.78,67,73,0.128,9,0,0,14.58,15.0,0,125,1769178666.652,23.751,meta-llama/Llama-3.2-1B-Instruct,"1769178666.652, 1769178667.699, 1769178672.473, 1769178674.429, 1769178674.609"
13.0,1,1769178602.6944,14.9273,3194,1026,4220,0.3848,0.0315,0.0566,200.0,0.0,97.22,27.2839,29.2111,29.2111,91.7125,1769178644.9237726,90.54,67,74,0.152,9,0,0,14.58,15.0,0,125,1769178666.652,23.751,meta-llama/Llama-3.2-1B-Instruct,"1769178666.652, 1769178667.699, 1769178672.473, 1769178674.429, 1769178674.609"
22.0,1,1769178605.3795,16.7941,3069,1023,4092,0.3656,0.0312,0.0549,200.0,0.0,97.26,27.0266,21.8207,21.8207,113.5332,1769178649.2197623,89.33,67,75,0.152,9,0,0,14.58,15.0,0,132,1769178672.473,24.521,meta-llama/Llama-3.2-1B-Instruct,"1769178672.473, 1769178674.429, 1769178674.609, 1769178675.905, 1769178675.989"
25.0,1,1769178621.2808,2.537,3022,1027,4049,1.4289,0.0303,0.0584,200.0,0.0,97.3,26.6896,4.2265,4.2265,145.745,1769178650.5218217,87.01,67,78,0.107,7,1,0,14.58,15.0,0,132,1769178672.473,24.521,meta-llama/Llama-3.2-1B-Instruct,"1769178672.473, 1769178674.429, 1769178674.609, 1769178675.905, 1769178675.989"
18.0,1,1769178616.5633,7.1957,4378,1029,5407,0.5771,0.0313,0.058,200.0,0.0,97.33,26.747,15.9427,15.9427,145.745,1769178650.5313232,88.16,67,78,0.119,8,0,0,14.58,15.0,0,132,1769178672.473,24.521,meta-llama/Llama-3.2-1B-Instruct,"1769178672.473, 1769178674.429, 1769178674.609, 1769178675.905, 1769178675.989"
24.0,1,1769178614.468,9.2996,4376,1028,5404,1.5006,0.0312,0.0551,200.0,0.0,97.37,26.7429,12.0425,12.0425,145.745,1769178650.5332534,85.9,67,78,0.107,7,0,0,14.58,15.0,0,132,1769178672.473,24.521,meta-llama/Llama-3.2-1B-Instruct,"1769178672.473, 1769178674.429, 1769178674.609, 1769178675.905, 1769178675.989"
68.0,0,1769178606.4285,44.1679,27,32,59,0.0526,0.0485,0.3735,1.0,0.0,97.4,1.0575,-23.7795,0.0,145.745,1769178651.6559227,86.08,68,79,0.094,7,0,0,14.58,15.0,0,132,1769178672.473,24.521,meta-llama/Llama-3.2-1B-Instruct,"1769178672.473, 1769178674.429, 1769178674.609, 1769178675.905, 1769178675.989"
131.0,0,1769178544.9051,105.8543,27,32,59,0.4453,0.0344,0.0516,1.0,0.0,97.44,1.1105,-24.7004,0.0,145.745,1769178651.8734539,86.25,69,80,0.094,8,0,0,14.58,15.0,0,132,1769178672.473,24.521,meta-llama/Llama-3.2-1B-Instruct,"1769178672.473, 1769178674.429, 1769178674.609, 1769178675.905, 1769178675.989"
44.0,1,1769178612.8587,13.9795,5971,1029,7000,0.7663,0.0317,0.0541,200.0,0.0,97.47,26.4442,-3.5764,0.0,145.745,1769178653.3058689,86.42,70,81,0.132,9,0,0,14.58,15.0,0,136,1769178679.437,26.448,meta-llama/Llama-3.2-1B-Instruct,"1769178679.437, 1769178679.582, 1769178680.034, 1769178680.649, 1769178681.170"
127.0,0,1769178552.437,101.0235,27,32,59,0.0584,0.0267,0.0281,1.0,0.0,97.5,0.7015,-25.9181,0.0,145.745,1769178654.164141,86.59,71,82,0.108,9,0,0,14.58,15.0,0,136,1769178679.437,26.448,meta-llama/Llama-3.2-1B-Instruct,"1769178679.437, 1769178679.582, 1769178680.034, 1769178680.649, 1769178681.170"
109.0,0,1769178570.5815,83.7152,27,32,59,0.0621,0.0268,0.0296,1.0,0.0,97.53,0.6921,-25.2227,0.0,145.745,1769178654.9914155,86.75,72,83,0.109,9,0,0,14.58,15.0,0,136,1769178679.437,26.448,meta-llama/Llama-3.2-1B-Instruct,"1769178679.437, 1769178679.582, 1769178680.034, 1769178680.649, 1769178681.170"
32.0,1,1769178628.1507,2.4463,3680,1022,4702,0.4436,0.0311,0.06,200.0,0.0,97.56,26.1124,-3.4413,0.0,145.745,1769178656.728278,86.9,73,84,0.112,9,0,0,14.58,15.0,0,136,1769178679.437,26.448,meta-llama/Llama-3.2-1B-Instruct,"1769178679.437, 1769178679.582, 1769178680.034, 1769178680.649, 1769178681.170"
50.0,1,1769178613.9348,17.5578,3172,1026,4198,0.4036,0.0312,0.0624,200.0,0.0,97.59,26.0312,-6.411,0.0,145.745,1769178657.5441854,87.06,74,85,0.105,8,0,0,14.58,15.0,0,136,1769178679.437,26.448,meta-llama/Llama-3.2-1B-Instruct,"1769178679.437, 1769178679.582, 1769178680.034, 1769178680.649, 1769178681.170"
45.0,0,1769178635.6486,22.0035,27,32,59,0.0503,0.0265,0.0298,1.0,0.0,97.62,0.6982,-22.9462,0.0,145.745,1769178658.3513684,87.21,75,86,0.109,9,0,0,14.58,15.0,0,140,1769178681.17,23.147,meta-llama/Llama-3.2-1B-Instruct,"1769178681.170, 1769178681.432, 1769178682.182, 1769178684.641, 1769178685.127"
62.0,1,1769178603.7624,28.908,3173,1028,4201,0.3841,0.0311,0.0568,200.0,0.0,97.65,25.7218,-7.3703,0.0,145.745,1769178658.4142666,87.36,76,87,0.116,9,0,0,14.58,15.0,0,140,1769178681.17,23.147,meta-llama/Llama-3.2-1B-Instruct,"1769178681.170, 1769178681.432, 1769178682.182, 1769178684.641, 1769178685.127"
18.0,0,1769178658.1418,0.3372,27,32,59,0.0777,0.0277,0.0485,1.0,0.0,97.67,0.7272,-17.5852,0.0,145.745,1769178659.208358,87.5,77,88,0.097,8,0,0,14.58,15.0,0,140,1769178681.17,23.147,meta-llama/Llama-3.2-1B-Instruct,"1769178681.170, 1769178681.432, 1769178682.182, 1769178684.641, 1769178685.127"
62.0,0,1769178619.1697,39.3701,27,32,59,0.0695,0.0263,0.0268,1.0,0.0,97.7,0.687,-22.5604,0.0,145.745,1769178659.2278311,87.64,78,89,0.097,8,0,0,14.58,15.0,0,140,1769178681.17,23.147,meta-llama/Llama-3.2-1B-Instruct,"1769178681.170, 1769178681.432, 1769178682.182, 1769178684.641, 1769178685.127"
97.0,0,1769178585.1817,74.1844,27,32,59,0.6614,0.0305,0.0319,1.0,0.0,97.73,1.3137,-22.1541,0.0,145.745,1769178660.6820488,87.78,79,90,0.098,8,0,0,14.58,15.0,0,140,1769178681.17,23.147,meta-llama/Llama-3.2-1B-Instruct,"1769178681.170, 1769178681.432, 1769178682.182, 1769178684.641, 1769178685.127"
75.0,0,1769178609.6407,51.1687,27,32,59,0.0694,0.0256,0.0291,1.0,0.0,97.75,0.7215,-23.762,0.0,145.745,1769178661.5346398,87.91,80,91,0.116,9,0,0,14.58,15.0,0,140,1769178681.17,23.147,meta-llama/Llama-3.2-1B-Instruct,"1769178681.170, 1769178681.432, 1769178682.182, 1769178684.641, 1769178685.127"
19.0,0,1769178661.3927,0.2708,27,31,58,0.0658,0.0281,0.0296,1.0,0.0,97.78,0.7101,-18.6634,0.0,145.745,1769178662.3756065,88.04,81,92,0.117,9,0,0,14.58,15.0,0,140,1769178681.17,23.147,meta-llama/Llama-3.2-1B-Instruct,"1769178681.170, 1769178681.432, 1769178682.182, 1769178684.641, 1769178685.127"
10.0,0,1769178661.9212,0.5161,27,32,59,0.0727,0.029,0.0314,1.0,0.0,97.8,0.7156,-9.4111,0.0,145.745,1769178663.1551516,88.17,82,93,0.118,9,0,0,14.58,15.0,0,143,1769178685.127,22.074,meta-llama/Llama-3.2-1B-Instruct,"1769178685.127, 1769178689.037, 1769178689.258, 1769178690.273, 1769178691.439"
122.0,0,1769178563.1269,100.1344,27,31,58,0.0675,0.0283,0.03,1.0,0.0,97.83,0.7204,-21.798,0.0,145.745,1769178663.9827523,88.3,83,94,0.119,9,0,0,14.58,15.0,0,143,1769178685.127,22.074,meta-llama/Llama-3.2-1B-Instruct,"1769178685.127, 1769178689.037, 1769178689.258, 1769178690.273, 1769178691.439"
89.0,1,1769178577.6522,65.7236,3032,1030,4062,0.3578,0.0318,0.0613,200.0,0.0,97.85,26.5936,3.3172,3.3172,149.0621,1769178669.9959037,87.37,83,95,0.129,9,0,0,14.58,15.0,0,150,1769178689.258,21.176,meta-llama/Llama-3.2-1B-Instruct,"1769178689.258, 1769178690.273, 1769178691.439, 1769178691.806, 1769178693.458"
39.0,1,1769178628.6991,16.331,3103,1012,4115,0.3615,0.0311,0.0612,200.0,0.0,97.87,26.6365,3.9675,3.9675,153.0296,1769178671.6824381,86.46,83,96,0.128,9,0,0,14.58,15.0,0,150,1769178689.258,21.176,meta-llama/Llama-3.2-1B-Instruct,"1769178689.258, 1769178690.273, 1769178691.439, 1769178691.806, 1769178693.458"
82.0,1,1769178590.4731,58.8748,3160,1024,4184,0.3807,0.0311,0.0575,200.0,0.0,97.89,26.6887,3.5634,3.5634,156.5931,1769178676.056023,85.57,83,97,0.13,9,0,0,14.58,15.0,0,157,1769178691.439,18.343,meta-llama/Llama-3.2-1B-Instruct,"1769178691.439, 1769178691.806, 1769178693.458, 1769178695.220, 1769178695.319"
32.0,1,1769178642.6087,8.1455,3677,1029,4706,0.4495,0.0311,0.0625,200.0,0.0,97.92,27.6407,3.7863,3.7863,160.3793,1769178678.411738,84.69,83,98,0.094,7,0,0,14.58,15.0,0,166,1769178691.806,13.676,meta-llama/Llama-3.2-1B-Instruct,"1769178691.806, 1769178693.458, 1769178695.220, 1769178695.319, 1769178695.920"
119.0,1,1769178558.8893,93.0988,3730,1025,4755,0.5705,0.0321,0.061,200.0,0.0,97.94,27.4489,1.5477,1.5477,165.3761,1769178679.4541657,83.84,83,100,0.117,9,0,0,14.58,15.0,0,166,1769178691.806,13.676,meta-llama/Llama-3.2-1B-Instruct,"1769178691.806, 1769178693.458, 1769178695.220, 1769178695.319, 1769178695.920"
61.0,1,1769178614.9887,36.793,3159,1027,4186,0.4102,0.0322,0.0599,200.0,0.0,97.96,27.6561,3.4491,3.4491,165.3761,1769178679.4581232,83.0,83,100,0.107,9,0,0,14.58,15.0,0,166,1769178691.806,13.676,meta-llama/Llama-3.2-1B-Instruct,"1769178691.806, 1769178693.458, 1769178695.220, 1769178695.319, 1769178695.920"
64.0,1,1769178616.0341,39.0954,5011,1032,6043,0.6409,0.0312,0.0611,200.0,0.0,97.98,27.9257,3.0211,3.0211,168.3972,1769178683.0862892,82.18,83,101,0.11,9,0,0,14.58,15.0,0,166,1769178691.806,13.676,meta-llama/Llama-3.2-1B-Instruct,"1769178691.806, 1769178693.458, 1769178695.220, 1769178695.319, 1769178695.920"
16.0,1,1769178656.5216,0.3844,3015,1024,4039,0.3811,0.0321,0.0595,200.0,0.0,98.0,28.5846,12.969,12.969,181.3662,1769178685.5072765,81.37,83,102,0.113,9,0,0,14.58,15.0,0,171,1769178695.92,12.757,meta-llama/Llama-3.2-1B-Instruct,"1769178695.920, 1769178696.990, 1769178697.424, 1769178698.259, 1769178699.556"
144.0,0,1769178551.9198,133.6857,27,12,39,0.0777,0.0308,0.0308,1.0,0.0,98.02,0.3496,-10.2366,0.0,181.3662,1769178685.9589245,81.55,84,103,0.152,9,0,0,14.58,15.0,0,171,1769178695.92,12.757,meta-llama/Llama-3.2-1B-Instruct,"1769178695.920, 1769178696.990, 1769178697.424, 1769178698.259, 1769178699.556"
72.0,0,1769178624.9896,61.0694,27,32,59,0.0638,0.0321,0.0343,1.0,0.0,98.04,0.7831,-10.8667,0.0,181.3662,1769178686.844811,81.73,85,104,0.152,9,0,0,14.58,15.0,0,171,1769178695.92,12.757,meta-llama/Llama-3.2-1B-Instruct,"1769178695.920, 1769178696.990, 1769178697.424, 1769178698.259, 1769178699.556"
42.0,1,1769178639.4319,19.9056,5207,1029,6236,0.6892,0.0321,0.0638,200.0,0.0,98.06,30.5796,8.4852,8.4852,189.8514,1769178689.9431212,80.95,85,105,0.098,8,0,0,14.58,15.0,0,178,1769178698.259,10.086,meta-llama/Llama-3.2-1B-Instruct,"1769178698.259, 1769178699.556, 1769178699.847, 1769178700.083, 1769178701.292"
103.0,0,1769178595.2594,94.7977,27,32,59,0.0853,0.0315,0.0332,1.0,0.0,98.08,0.8478,-8.117,0.0,189.8514,1769178690.9058225,81.13,86,106,0.174,9,0,0,14.58,15.0,0,178,1769178698.259,10.086,meta-llama/Llama-3.2-1B-Instruct,"1769178698.259, 1769178699.556, 1769178699.847, 1769178700.083, 1769178701.292"
128.0,1,1769178561.0373,103.063,5078,1024,6102,0.6202,0.0319,0.0611,200.0,0.0,98.1,31.0345,6.0975,6.0975,195.9489,1769178695.1586668,80.37,86,107,0.12,9,0,0,14.58,15.0,0,185,1769178699.847,6.655,meta-llama/Llama-3.2-1B-Instruct,"1769178699.847, 1769178700.083, 1769178701.292, 1769178702.029, 1769178702.037"
78.0,1,1769178611.2579,58.8246,3391,1026,4417,0.4199,0.0334,0.0586,200.0,0.0,98.11,31.5088,12.3334,12.3334,208.2823,1769178701.616339,79.63,86,108,0.131,9,0,0,14.58,15.0,0,194,1769178700.083,1.845,meta-llama/Llama-3.2-1B-Instruct,"1769178700.083, 1769178701.292, 1769178702.029, 1769178702.037, 1769178702.612"
45.0,1,1769178645.2735,26.5385,3155,1028,4183,0.3767,0.033,0.0616,200.0,0.0,98.13,31.6173,13.1558,13.1558,221.4381,1769178703.4506128,78.9,86,109,0.131,9,0,0,14.58,15.0,0,202,1769178701.292,-1.95,meta-llama/Llama-3.2-1B-Instruct,"1769178701.292, 1769178702.029, 1769178702.037, 1769178702.612, 1769178704.055"
71.0,0,1769178630.2917,73.263,27,32,59,0.0981,0.0316,0.0339,1.0,0.0,98.15,0.8621,2.3611,2.3611,223.7992,1769178704.4182146,78.18,86,110,0.174,9,0,0,14.58,15.0,0,202,1769178701.292,-1.95,meta-llama/Llama-3.2-1B-Instruct,"1769178701.292, 1769178702.029, 1769178702.037, 1769178702.612, 1769178704.055"
68.0,1,1769178623.4391,52.7383,8657,1030,9687,1.2775,0.0348,0.0589,200.0,0.0,98.17,32.1989,16.9372,16.9372,240.7365,1769178708.4161727,77.48,86,111,0.133,9,0,0,14.58,15.0,0,209,1769178702.037,-6.239,meta-llama/Llama-3.2-1B-Instruct,"1769178702.037, 1769178702.612, 1769178704.055, 1769178704.071, 1769178705.303"
134.0,1,1769178557.8056,120.7205,3009,1021,4030,0.3527,0.0336,0.0597,200.0,0.0,98.18,31.3194,18.04,18.04,258.7764,1769178709.86154,76.79,86,112,0.148,9,0,0,14.58,15.0,0,209,1769178702.037,-6.239,meta-llama/Llama-3.2-1B-Instruct,"1769178702.037, 1769178702.612, 1769178704.055, 1769178704.071, 1769178705.303"
148.0,1,1769178545.4578,134.0941,3202,1025,4227,0.4148,0.0347,0.0595,200.0,0.0,98.2,31.6901,17.7843,17.7843,292.5855,1769178711.262832,76.11,86,114,0.13,8,0,0,14.58,15.0,0,209,1769178702.037,-6.239,meta-llama/Llama-3.2-1B-Instruct,"1769178702.037, 1769178702.612, 1769178704.055, 1769178704.071, 1769178705.303"
75.0,1,1769178620.2201,59.3891,3805,1027,4832,0.7395,0.0332,0.0565,200.0,0.0,98.21,31.6357,16.0248,16.0248,292.5855,1769178711.2667716,75.44,86,114,0.13,8,1,0,14.58,15.0,0,209,1769178702.037,-6.239,meta-llama/Llama-3.2-1B-Instruct,"1769178702.037, 1769178702.612, 1769178704.055, 1769178704.071, 1769178705.303"
35.0,1,1769178660.319,22.8644,8185,1030,9215,1.1759,0.0343,0.0573,200.0,0.0,98.23,31.7456,19.6101,19.6101,312.1955,1769178714.951159,74.78,86,115,0.137,9,0,0,14.58,15.0,0,215,1769178705.303,-7.989,meta-llama/Llama-3.2-1B-Instruct,"1769178705.303, 1769178706.014, 1769178706.218, 1769178706.407, 1769178706.992"
65.0,1,1769178632.4243,54.5238,12339,937,13276,2.0529,0.0344,0.0565,200.0,0.0,98.25,28.827,18.3508,18.3508,330.5463,1769178715.8118014,74.14,86,116,0.153,9,0,0,14.58,15.0,0,215,1769178705.303,-7.989,meta-llama/Llama-3.2-1B-Instruct,"1769178705.303, 1769178706.014, 1769178706.218, 1769178706.407, 1769178706.992"
70.0,1,1769178634.0546,77.2958,3202,149,3351,0.4393,0.0362,0.3517,200.0,0.0,98.26,5.0431,12.3389,12.3389,342.8852,1769178716.4113612,73.5,86,117,0.147,8,0,0,14.58,15.0,0,215,1769178705.303,-7.989,meta-llama/Llama-3.2-1B-Instruct,"1769178705.303, 1769178706.014, 1769178706.218, 1769178706.407, 1769178706.992"
138.0,1,1769178562.0827,139.6286,3077,577,3654,0.3948,0.0355,0.354,200.0,0.0,98.28,17.7644,19.393,19.393,362.2782,1769178719.5224783,72.88,86,118,0.175,9,0,0,14.58,15.0,0,221,1769178706.407,-11.913,meta-llama/Llama-3.2-1B-Instruct,"1769178706.407, 1769178706.992, 1769178707.526, 1769178707.749, 1769178707.880"
138.0,1,1769178561.5559,129.6309,3391,1024,4415,0.449,0.0333,0.2179,200.0,0.0,98.29,30.0395,21.6704,21.6704,383.9486,1769178721.244529,72.27,86,119,0.175,9,0,0,14.58,15.0,0,221,1769178706.407,-11.913,meta-llama/Llama-3.2-1B-Instruct,"1769178706.407, 1769178706.992, 1769178707.526, 1769178707.749, 1769178707.880"
68.0,1,1769178631.847,63.4301,3165,1028,4193,0.4086,0.0327,0.2318,200.0,0.0,98.31,29.9281,25.3582,25.3582,409.3067,1769178725.227956,71.67,86,120,0.172,9,0,0,14.58,15.0,0,229,1769178707.526,-15.803,meta-llama/Llama-3.2-1B-Instruct,"1769178707.526, 1769178707.749, 1769178707.880, 1769178709.963, 1769178710.500"
108.0,1,1769178598.9922,122.3552,5703,485,6188,0.7218,0.0307,0.0352,200.0,0.0,98.32,12.0729,26.4281,26.4281,435.7348,1769178733.4384136,71.07,86,121,0.123,9,0,0,14.58,15.0,0,247,1769178707.749,-25.642,meta-llama/Llama-3.2-1B-Instruct,"1769178707.749, 1769178707.880, 1769178709.963, 1769178710.500, 1769178711.410"
76.0,1,1769178626.0294,78.5493,3556,1023,4579,0.4213,0.0319,0.062,200.0,0.0,98.33,28.8839,31.4332,31.4332,467.168,1769178733.4825647,70.49,86,122,0.175,9,0,0,14.58,15.0,0,247,1769178707.749,-25.642,meta-llama/Llama-3.2-1B-Instruct,"1769178707.749, 1769178707.880, 1769178709.963, 1769178710.500, 1769178711.410"
126.0,1,1769178576.0373,132.4415,3044,1020,4064,0.3805,0.033,0.0604,200.0,0.0,98.35,28.855,35.2965,35.2965,502.4645,1769178737.355054,69.92,86,123,0.16,9,0,0,14.58,15.0,0,247,1769178707.749,-25.642,meta-llama/Llama-3.2-1B-Instruct,"1769178707.749, 1769178707.880, 1769178709.963, 1769178710.500, 1769178711.410"
86.0,1,1769178623.9629,113.476,3025,0,3025,,,,200.0,,,0.3784,27.8544,27.8544,530.3189,1769178737.8295,69.35,86,124,0.133,9,0,0,14.58,15.0,0,247,1769178707.749,-25.642,meta-llama/Llama-3.2-1B-Instruct,"1769178707.749, 1769178707.880, 1769178709.963, 1769178710.500, 1769178711.410"
103.0,0,1769178607.4996,130.4083,27,32,59,0.0601,0.0297,0.0298,1.0,0.0,98.36,0.7494,27.4684,27.4684,557.7873,1769178738.6578815,68.8,86,125,0.133,9,0,0,14.58,15.0,0,252,1769178711.41,-27.008,meta-llama/Llama-3.2-1B-Instruct,"1769178711.410, 1769178711.773, 1769178712.826, 1769178713.248, 1769178717.040"
75.0,1,1769178627.6118,82.3292,5198,1025,6223,0.6978,0.0319,0.0616,200.0,0.0,98.37,28.776,36.1052,36.1052,593.8925,1769178738.7457526,68.25,86,126,0.158,9,0,0,14.58,15.0,0,252,1769178711.41,-27.008,meta-llama/Llama-3.2-1B-Instruct,"1769178711.410, 1769178711.773, 1769178712.826, 1769178713.248, 1769178717.040"
150.0,1,1769178554.0707,157.3137,3042,1035,4077,0.6978,0.0321,0.0663,200.0,0.0,98.39,28.3646,35.6783,35.6783,629.5707,1769178739.7681296,67.72,86,127,0.147,8,0,0,14.58,15.0,0,252,1769178711.41,-27.008,meta-llama/Llama-3.2-1B-Instruct,"1769178711.410, 1769178711.773, 1769178712.826, 1769178713.248, 1769178717.040"
59.0,0,1769178652.7725,86.1902,27,32,59,0.1786,0.03,0.0318,1.0,0.0,98.4,0.8504,27.3688,27.3688,656.9396,1769178739.814448,67.19,86,128,0.114,8,0,0,14.58,15.0,0,252,1769178711.41,-27.008,meta-llama/Llama-3.2-1B-Instruct,"1769178711.410, 1769178711.773, 1769178712.826, 1769178713.248, 1769178717.040"
11.0,0,1769178701.8258,38.0765,27,27,54,0.0604,0.0525,0.3209,1.0,0.0,98.41,0.974,27.1368,27.1368,684.0764,1769178740.8772285,66.67,86,129,0.112,8,0,0,14.58,15.0,0,252,1769178711.41,-27.008,meta-llama/Llama-3.2-1B-Instruct,"1769178711.410, 1769178711.773, 1769178712.826, 1769178713.248, 1769178717.040"
68.0,0,1769178649.04,91.9011,27,32,59,0.0715,0.0295,0.0311,1.0,0.0,98.43,0.7354,23.9727,23.9727,708.0491,1769178741.6791806,66.15,86,130,0.123,9,0,0,14.58,15.0,0,252,1769178711.41,-27.008,meta-llama/Llama-3.2-1B-Instruct,"1769178711.410, 1769178711.773, 1769178712.826, 1769178713.248, 1769178717.040"
141.0,0,1769178576.546,165.2448,27,32,59,0.0698,0.0324,0.1866,1.0,0.0,98.44,0.7417,24.3146,24.3146,732.3636,1769178742.5345507,65.65,86,131,0.124,9,0,0,14.58,15.0,0,252,1769178711.41,-27.008,meta-llama/Llama-3.2-1B-Instruct,"1769178711.410, 1769178711.773, 1769178712.826, 1769178713.248, 1769178717.040"
52.0,1,1769178653.3035,61.7707,3691,1029,4720,0.4579,0.0318,0.1944,200.0,0.0,98.45,27.8515,37.6222,37.6222,769.9858,1769178742.9498997,65.15,86,132,0.141,9,0,0,14.58,15.0,0,252,1769178711.41,-27.008,meta-llama/Llama-3.2-1B-Instruct,"1769178711.410, 1769178711.773, 1769178712.826, 1769178713.248, 1769178717.040"
26.0,1,1769178680.0136,35.8995,3354,1024,4378,0.4265,0.0326,0.1871,200.0,0.0,98.46,27.7592,37.6586,37.6586,807.6444,1769178743.686708,64.66,86,133,0.111,9,0,0,14.58,15.0,0,253,1769178719.08,-24.34,meta-llama/Llama-3.2-1B-Instruct,"1769178719.080, 1769178720.289, 1769178720.309, 1769178720.453, 1769178720.555"
83.0,0,1769178634.5823,108.0669,27,32,59,0.0585,0.0639,0.305,1.0,0.0,98.47,1.0505,25.1254,25.1254,832.7698,1769178743.7004888,64.18,86,134,0.125,9,0,0,14.58,15.0,0,253,1769178719.08,-24.34,meta-llama/Llama-3.2-1B-Instruct,"1769178719.080, 1769178720.289, 1769178720.309, 1769178720.453, 1769178720.555"
113.0,1,1769178593.2181,123.3172,4795,1026,5821,0.611,0.0319,0.0682,200.0,0.0,98.48,27.3865,37.7038,37.7038,870.4735,1769178743.9392357,63.7,86,135,0.111,9,0,0,14.58,15.0,0,253,1769178719.08,-24.34,meta-llama/Llama-3.2-1B-Instruct,"1769178719.080, 1769178720.289, 1769178720.309, 1769178720.453, 1769178720.555"
116.0,0,1769178604.2886,139.6071,27,32,59,0.0647,0.0552,0.3237,1.0,0.0,98.5,1.0296,23.6718,23.6718,919.0243,1769178744.9285872,63.24,86,137,0.107,8,0,0,14.58,15.0,0,253,1769178719.08,-24.34,meta-llama/Llama-3.2-1B-Instruct,"1769178719.080, 1769178720.289, 1769178720.309, 1769178720.453, 1769178720.555"
102.0,0,1769178617.0796,126.8109,27,31,58,0.068,0.0581,0.3255,1.0,0.0,98.51,1.0378,24.879,24.879,919.0243,1769178744.9294162,62.77,86,137,0.107,8,0,0,14.58,15.0,0,253,1769178719.08,-24.34,meta-llama/Llama-3.2-1B-Instruct,"1769178719.080, 1769178720.289, 1769178720.309, 1769178720.453, 1769178720.555"
42.0,0,1769178678.453,66.689,27,32,59,0.1098,0.0298,0.3378,1.0,0.0,98.52,1.0777,24.7988,24.7988,943.8231,1769178746.220777,62.32,86,138,0.099,8,0,0,14.58,15.0,0,253,1769178719.08,-24.34,meta-llama/Llama-3.2-1B-Instruct,"1769178719.080, 1769178720.289, 1769178720.309, 1769178720.453, 1769178720.555"
27.0,0,1769178694.3845,52.0094,27,32,59,0.0626,0.0266,0.033,1.0,0.0,98.53,0.6985,25.072,25.072,1009.5826,1769178747.0946572,61.87,86,140,0.111,9,0,0,14.58,15.0,0,253,1769178719.08,-24.34,meta-llama/Llama-3.2-1B-Instruct,"1769178719.080, 1769178720.289, 1769178720.309, 1769178720.453, 1769178720.555"
38.0,1,1769178668.4068,51.2028,5198,1031,6229,0.6927,0.0326,0.0773,200.0,0.0,98.54,27.4847,40.6875,40.6875,1009.5826,1769178747.1139438,61.43,86,140,0.119,9,0,0,14.58,15.0,0,253,1769178719.08,-24.34,meta-llama/Llama-3.2-1B-Instruct,"1769178719.080, 1769178720.289, 1769178720.309, 1769178720.453, 1769178720.555"
24.0,0,1769178697.6586,49.5868,27,32,59,0.1147,0.0247,0.0281,1.0,0.0,98.55,0.7432,25.7015,25.7015,1060.4555,1769178747.9922707,60.99,86,142,0.093,8,0,0,14.58,15.0,0,253,1769178719.08,-24.34,meta-llama/Llama-3.2-1B-Instruct,"1769178719.080, 1769178720.289, 1769178720.309, 1769178720.453, 1769178720.555"
16.0,0,1769178706.1909,41.1033,27,32,59,0.0682,0.0248,0.0303,1.0,0.0,98.56,0.6959,25.1715,25.1715,1060.4555,1769178747.992475,60.56,86,142,0.093,8,0,0,14.58,15.0,0,253,1769178719.08,-24.34,meta-llama/Llama-3.2-1B-Instruct,"1769178719.080, 1769178720.289, 1769178720.309, 1769178720.453, 1769178720.555"
134.0,1,1769178579.2479,160.706,3103,410,3513,0.3812,0.0347,0.1888,200.0,0.0,98.57,11.256,37.962,37.962,1098.4176,1769178751.2286668,60.14,86,143,0.112,8,0,0,14.58,15.0,0,253,1769178724.854,-23.57,meta-llama/Llama-3.2-1B-Instruct,"1769178724.854, 1769178725.921, 1769178725.978, 1769178726.123, 1769178726.778"
71.0,0,1769178653.8537,97.4986,27,32,59,0.0755,0.0284,0.0293,1.0,0.0,98.58,0.7147,26.5742,26.5742,1124.9917,1769178752.0680194,59.72,86,144,0.114,9,0,0,14.58,15.0,0,253,1769178724.854,-23.57,meta-llama/Llama-3.2-1B-Instruct,"1769178724.854, 1769178725.921, 1769178725.978, 1769178726.123, 1769178726.778"
116.0,1,1769178591.5257,133.9202,3672,1023,4695,0.4532,0.0317,0.0643,200.0,0.0,98.59,26.9959,44.9161,44.9161,1169.9078,1769178752.4633043,59.31,86,145,0.132,9,0,0,14.58,15.0,0,253,1769178724.854,-23.57,meta-llama/Llama-3.2-1B-Instruct,"1769178724.854, 1769178725.921, 1769178725.978, 1769178726.123, 1769178726.778"
39.0,0,1769178686.9213,65.2535,27,32,59,0.0721,0.0492,0.3158,1.0,0.0,98.6,1.0567,26.3257,26.3257,1196.2335,1769178753.2323906,58.9,86,146,0.115,9,0,0,14.58,15.0,0,253,1769178724.854,-23.57,meta-llama/Llama-3.2-1B-Instruct,"1769178724.854, 1769178725.921, 1769178725.978, 1769178726.123, 1769178726.778"
127.0,1,1769178580.8797,152.7308,3365,1033,4398,0.7114,0.0321,0.067,200.0,0.0,98.61,26.7692,52.5,52.5,1301.3649,1769178760.4002075,58.5,86,148,0.12,8,0,0,14.58,15.0,0,267,1769178726.778,-31.703,meta-llama/Llama-3.2-1B-Instruct,"1769178726.778, 1769178726.946, 1769178727.308, 1769178727.448, 1769178727.635"
114.0,1,1769178593.749,139.8135,3311,1027,4338,0.4252,0.0308,0.1901,200.0,0.0,98.62,26.8179,52.6314,52.6314,1301.3649,1769178760.4012573,58.11,86,148,0.12,8,0,0,14.58,15.0,0,267,1769178726.778,-31.703,meta-llama/Llama-3.2-1B-Instruct,"1769178726.778, 1769178726.946, 1769178727.308, 1769178727.448, 1769178727.635"
139.0,0,1769178587.7784,172.7184,27,32,59,0.0662,0.0356,0.0565,1.0,0.0,98.63,0.7427,33.7846,33.7846,1335.1495,1769178761.2410161,57.72,86,149,0.105,8,0,0,14.58,15.0,0,267,1769178726.778,-31.703,meta-llama/Llama-3.2-1B-Instruct,"1769178726.778, 1769178726.946, 1769178727.308, 1769178727.448, 1769178727.635"
159.0,0,1769178567.9464,192.6058,27,32,59,0.0725,0.0255,0.0313,1.0,0.0,98.64,0.7086,33.6783,33.6783,1368.8278,1769178761.2621126,57.33,86,150,0.105,8,1,0,14.58,15.0,0,267,1769178726.778,-31.703,meta-llama/Llama-3.2-1B-Instruct,"1769178726.778, 1769178726.946, 1769178727.308, 1769178727.448, 1769178727.635"
139.0,0,1769178588.3077,173.0167,27,32,59,0.0644,0.0288,0.056,1.0,0.0,98.65,0.7468,34.0811,34.0811,1402.9089,1769178762.0730577,56.95,86,151,0.105,8,0,0,14.58,15.0,0,267,1769178726.778,-31.703,meta-llama/Llama-3.2-1B-Instruct,"1769178726.778, 1769178726.946, 1769178727.308, 1769178727.448, 1769178727.635"
159.0,0,1769178568.4485,192.9404,27,32,59,0.0687,0.0261,0.0322,1.0,0.0,98.66,0.7009,34.0091,34.0091,1436.918,1769178762.0922353,56.58,86,152,0.106,8,1,0,14.58,15.0,0,267,1769178726.778,-31.703,meta-llama/Llama-3.2-1B-Instruct,"1769178726.778, 1769178726.946, 1769178727.308, 1769178727.448, 1769178727.635"
180.0,0,1769178547.6346,214.5819,27,32,59,0.0606,0.0444,0.3367,1.0,0.0,98.67,1.064,34.6425,34.6425,1471.5605,1769178763.283964,56.21,86,153,0.107,8,0,0,14.58,15.0,0,267,1769178726.778,-31.703,meta-llama/Llama-3.2-1B-Instruct,"1769178726.778, 1769178726.946, 1769178727.308, 1769178727.448, 1769178727.635"
160.0,1,1769178551.4099,187.3458,3020,1017,4037,0.3847,0.0332,0.192,200.0,0.0,98.68,26.3919,53.7377,53.7377,1525.2982,1769178765.170544,55.84,86,154,0.114,8,0,0,14.58,15.0,0,270,1769178732.507,-31.007,meta-llama/Llama-3.2-1B-Instruct,"1769178732.507, 1769178733.097, 1769178734.400, 1769178735.322, 1769178736.935"
21.0,0,1769178711.5073,53.7379,27,32,59,0.0535,0.0266,0.0294,1.0,0.0,98.68,0.7108,32.7914,32.7914,1558.0896,1769178765.9569564,55.48,86,155,0.119,9,0,0,14.58,15.0,0,270,1769178732.507,-31.007,meta-llama/Llama-3.2-1B-Instruct,"1769178732.507, 1769178733.097, 1769178734.400, 1769178735.322, 1769178736.935"
48.0,1,1769178670.0258,73.0074,3069,1022,4091,0.3492,0.0316,0.0621,200.0,0.0,98.69,26.2545,51.2618,51.2618,1609.3514,1769178769.3104963,55.13,86,156,0.111,9,0,0,14.58,15.0,0,277,1769178734.4,-34.166,meta-llama/Llama-3.2-1B-Instruct,"1769178734.400, 1769178735.322, 1769178736.935, 1769178737.708, 1769178737.736"
147.0,1,1769178573.3091,170.6969,3131,1023,4154,0.3911,0.0312,0.0607,200.0,0.0,98.7,26.279,49.9759,49.9759,1659.3273,1769178770.3086874,54.78,86,157,0.089,9,0,0,14.58,15.0,0,277,1769178734.4,-34.166,meta-llama/Llama-3.2-1B-Instruct,"1769178734.400, 1769178735.322, 1769178736.935, 1769178737.708, 1769178737.736"
18.0,1,1769178717.3225,53.0622,3750,22,3772,0.4422,0.0313,0.032,200.0,0.0,98.71,0.9437,36.006,36.006,1695.3332,1769178771.338222,54.43,86,158,0.123,9,0,0,14.58,15.0,0,277,1769178734.4,-34.166,meta-llama/Llama-3.2-1B-Instruct,"1769178734.400, 1769178735.322, 1769178736.935, 1769178737.708, 1769178737.736"
151.0,1,1769178569.5553,175.5913,3347,1027,4374,0.4244,0.0312,0.0605,200.0,0.0,98.72,26.4311,51.0224,51.0224,1746.3556,1769178771.5966775,54.09,86,159,0.1,8,0,0,14.58,15.0,0,277,1769178734.4,-34.166,meta-llama/Llama-3.2-1B-Instruct,"1769178734.400, 1769178735.322, 1769178736.935, 1769178737.708, 1769178737.736"
59.0,0,1769178677.935,93.5169,27,33,60,0.0766,0.0399,0.0505,1.0,0.0,98.73,0.7487,34.5935,34.5935,1780.9492,1769178772.2029297,53.75,86,160,0.124,9,0,0,14.58,15.0,0,277,1769178734.4,-34.166,meta-llama/Llama-3.2-1B-Instruct,"1769178734.400, 1769178735.322, 1769178736.935, 1769178737.708, 1769178737.736"
86.0,0,1769178651.7084,120.0152,27,32,59,0.0645,0.0536,0.3872,1.0,0.0,98.73,1.1088,34.0796,34.0796,1815.0288,1769178772.8336756,53.42,86,161,0.111,9,0,0,14.58,15.0,0,277,1769178734.4,-34.166,meta-llama/Llama-3.2-1B-Instruct,"1769178734.400, 1769178735.322, 1769178736.935, 1769178737.708, 1769178737.736"
27.0,1,1769178696.0853,52.0081,5661,1025,6686,0.7644,0.0318,0.1944,200.0,0.0,98.74,26.9313,51.9394,51.9394,1918.1101,1769178775.0480287,53.09,86,163,0.094,8,0,0,14.58,15.0,0,280,1769178739.126,-34.467,meta-llama/Llama-3.2-1B-Instruct,"1769178739.126, 1769178739.667, 1769178739.719, 1769178740.128, 1769178740.585"
150.0,1,1769178573.8885,174.2752,3182,1027,4209,1.0039,0.0325,0.0591,200.0,0.0,98.75,26.8667,51.1419,51.1419,1918.1101,1769178775.0543783,52.76,86,163,0.094,8,1,0,14.58,15.0,0,280,1769178739.126,-34.467,meta-llama/Llama-3.2-1B-Instruct,"1769178739.126, 1769178739.667, 1769178739.719, 1769178740.128, 1769178740.585"
176.0,0,1769178563.6669,211.571,27,32,59,0.3426,0.0282,0.0313,1.0,0.0,98.76,0.9936,35.9135,35.9135,1954.0236,1769178776.2324455,52.44,86,164,0.102,8,0,0,14.58,15.0,0,280,1769178739.126,-34.467,meta-llama/Llama-3.2-1B-Instruct,"1769178739.126, 1769178739.667, 1769178739.719, 1769178740.128, 1769178740.585"
143.0,1,1769178582.9784,169.6182,3130,1025,4155,0.3916,0.0314,0.2288,200.0,0.0,98.77,26.6137,53.2318,53.2318,2007.2554,1769178779.2293742,52.12,86,165,0.101,9,0,0,14.58,15.0,0,287,1769178740.128,-38.47,meta-llama/Llama-3.2-1B-Instruct,"1769178740.128, 1769178740.585, 1769178741.909, 1769178741.957, 1769178742.671"
117.0,1,1769178609.1233,144.241,3522,1028,4550,0.4197,0.0316,0.2143,200.0,0.0,98.77,26.6493,53.8903,53.8903,2061.1457,1769178780.0359535,51.81,86,166,0.111,9,0,0,14.58,15.0,0,287,1769178740.128,-38.47,meta-llama/Llama-3.2-1B-Instruct,"1769178740.128, 1769178740.585, 1769178741.909, 1769178741.957, 1769178742.671"
132.0,1,1769178608.5849,171.536,3311,0,3311,,,,200.0,,,0.3925,39.9285,39.9285,2101.0742,1769178780.5272353,51.5,86,167,0.112,9,0,0,14.58,15.0,0,287,1769178740.128,-38.47,meta-llama/Llama-3.2-1B-Instruct,"1769178740.128, 1769178740.585, 1769178741.909, 1769178741.957, 1769178742.671"
87.0,0,1769178654.9091,125.7192,27,32,59,0.0749,0.0264,0.0299,1.0,0.0,98.78,0.7199,38.7941,38.7941,2139.8683,1769178781.3492887,51.19,86,168,0.112,9,0,0,14.58,15.0,0,287,1769178740.128,-38.47,meta-llama/Llama-3.2-1B-Instruct,"1769178740.128, 1769178740.585, 1769178741.909, 1769178741.957, 1769178742.671"
63.0,0,1769178678.9566,102.5021,27,0,27,,,,1.0,,,0.0595,39.5616,39.5616,2179.4299,1769178781.5189588,50.89,86,169,0.113,9,0,0,14.58,15.0,0,287,1769178740.128,-38.47,meta-llama/Llama-3.2-1B-Instruct,"1769178740.128, 1769178740.585, 1769178741.909, 1769178741.957, 1769178742.671"
91.0,1,1769178638.8452,123.4238,3195,1029,4224,0.3857,0.0317,0.2986,200.0,0.0,98.79,26.9735,59.3973,59.3973,2238.8272,1769178789.2638388,50.59,86,170,0.107,8,0,0,14.58,15.0,0,300,1769178742.737,-45.898,meta-llama/Llama-3.2-1B-Instruct,"1769178742.737, 1769178743.992, 1769178744.605, 1769178745.008, 1769178745.168"
57.0,1,1769178673.7329,89.6847,3657,1024,4681,0.4407,0.032,0.2987,200.0,0.0,98.8,26.9979,59.6825,59.6825,2298.5098,1769178790.4312606,50.29,86,171,0.118,9,0,0,14.58,15.0,0,300,1769178742.737,-45.898,meta-llama/Llama-3.2-1B-Instruct,"1769178742.737, 1769178743.992, 1769178744.605, 1769178745.008, 1769178745.168"
52.0,1,1769178681.0972,85.0864,4841,1024,5865,0.6181,0.0318,0.2987,200.0,0.0,98.8,27.3476,60.4341,60.4341,2358.9438,1769178793.550998,50.0,86,172,0.12,9,0,0,14.58,15.0,0,300,1769178742.737,-45.898,meta-llama/Llama-3.2-1B-Instruct,"1769178742.737, 1769178743.992, 1769178744.605, 1769178745.008, 1769178745.168"
73.0,0,1769178671.605,122.0464,27,32,59,0.0612,0.0265,0.032,1.0,0.0,98.81,0.7207,49.1076,49.1076,2408.0514,1769178794.374979,49.71,86,173,0.12,9,0,0,14.58,15.0,0,306,1769178745.008,-48.658,meta-llama/Llama-3.2-1B-Instruct,"1769178745.008, 1769178745.168, 1769178746.161, 1769178746.327, 1769178746.379"
121.0,1,1769178613.4001,156.0295,2972,1024,3996,0.3532,0.0319,0.332,200.0,0.0,98.82,27.0928,62.1223,62.1223,2470.1737,1769178796.5429113,49.43,86,174,0.126,9,0,0,14.58,15.0,0,306,1769178745.008,-48.658,meta-llama/Llama-3.2-1B-Instruct,"1769178745.008, 1769178745.168, 1769178746.161, 1769178746.327, 1769178746.379"
63.0,0,1769178682.1684,114.5114,27,32,59,0.0648,0.0269,0.0273,1.0,0.0,98.82,0.7246,51.5762,51.5762,2521.7499,1769178797.4056113,49.14,86,175,0.121,9,0,0,14.58,15.0,0,306,1769178745.008,-48.658,meta-llama/Llama-3.2-1B-Instruct,"1769178745.008, 1769178745.168, 1769178746.161, 1769178746.327, 1769178746.379"
199.0,1,1769178546.0084,248.4687,3096,139,3235,0.3946,0.0299,0.0542,200.0,0.0,98.83,3.4949,52.9636,52.9636,2574.7135,1769178797.9889097,48.86,86,176,0.121,9,0,0,14.58,15.0,0,306,1769178745.008,-48.658,meta-llama/Llama-3.2-1B-Instruct,"1769178745.008, 1769178745.168, 1769178746.161, 1769178746.327, 1769178746.379"
198.0,0,1769178548.1612,249.3534,27,32,59,0.0699,0.0537,0.3174,1.0,0.0,98.84,1.0602,51.4232,51.4232,2626.1367,1769178798.5757194,48.59,86,177,0.122,9,0,0,14.58,15.0,0,306,1769178745.008,-48.658,meta-llama/Llama-3.2-1B-Instruct,"1769178745.008, 1769178745.168, 1769178746.161, 1769178746.327, 1769178746.379"
152.0,1,1769178585.7357,186.5676,3669,1027,4696,0.4505,0.0333,0.3133,200.0,0.0,98.84,27.0453,61.6129,61.6129,2687.7496,1769178799.3692906,48.31,86,178,0.111,9,0,0,14.58,15.0,0,311,1769178746.553,-52.15,meta-llama/Llama-3.2-1B-Instruct,"1769178746.553, 1769178747.151, 1769178748.757, 1769178749.197, 1769178749.764"
61.0,1,1769178677.4301,95.5267,3376,1026,4402,0.4179,0.0322,0.3095,200.0,0.0,98.85,27.2161,61.7428,61.7428,2749.4925,1769178800.1920083,48.04,86,179,0.123,9,0,0,14.58,15.0,0,311,1769178746.553,-52.15,meta-llama/Llama-3.2-1B-Instruct,"1769178746.553, 1769178747.151, 1769178748.757, 1769178749.197, 1769178749.764"
168.0,1,1769178571.1263,204.0582,2990,1022,4012,0.3891,0.0323,0.313,200.0,0.0,98.86,27.1579,63.2161,63.2161,2812.7085,1769178802.358831,47.78,86,180,0.102,8,0,0,14.58,15.0,0,311,1769178746.553,-52.15,meta-llama/Llama-3.2-1B-Instruct,"1769178746.553, 1769178747.151, 1769178748.757, 1769178749.197, 1769178749.764"
154.0,0,1769178594.7572,207.6943,27,32,59,0.0745,0.0267,0.0285,1.0,0.0,98.86,0.7317,53.7688,53.7688,2866.4773,1769178803.1886773,47.51,86,181,0.12,9,0,0,14.58,15.0,0,311,1769178746.553,-52.15,meta-llama/Llama-3.2-1B-Instruct,"1769178746.553, 1769178747.151, 1769178748.757, 1769178749.197, 1769178749.764"
129.0,1,1769178610.7193,165.6286,3452,1026,4478,0.4332,0.0323,0.1852,200.0,0.0,98.87,26.8784,63.507,63.507,2929.9843,1769178803.2430954,47.25,86,182,0.113,9,0,0,14.58,15.0,0,311,1769178746.553,-52.15,meta-llama/Llama-3.2-1B-Instruct,"1769178746.553, 1769178747.151, 1769178748.757, 1769178749.197, 1769178749.764"
138.0,0,1769178611.7637,191.5826,27,32,59,1.3768,0.0298,0.034,1.0,0.0,98.88,2.0698,54.9594,54.9594,2984.9437,1769178805.4169536,46.99,86,183,0.106,8,0,0,14.58,15.0,0,315,1769178750.136,-53.568,meta-llama/Llama-3.2-1B-Instruct,"1769178750.136, 1769178750.879, 1769178751.615, 1769178751.924, 1769178752.454"
195.0,0,1769178555.1357,250.3968,27,32,59,0.0685,0.0327,0.0336,1.0,0.0,98.88,0.7694,55.4653,55.4653,3040.409,1769178806.3033912,46.74,86,184,0.138,9,0,0,14.58,15.0,0,315,1769178750.136,-53.568,meta-llama/Llama-3.2-1B-Instruct,"1769178750.136, 1769178750.879, 1769178751.615, 1769178751.924, 1769178752.454"
128.0,0,1769178622.8786,183.5343,27,32,59,0.0712,0.0301,0.0339,1.0,0.0,98.89,0.7702,55.6055,55.6055,3159.2085,1769178807.1862001,46.49,86,186,0.139,9,0,0,14.58,15.0,0,315,1769178750.136,-53.568,meta-llama/Llama-3.2-1B-Instruct,"1769178750.136, 1769178750.879, 1769178751.615, 1769178751.924, 1769178752.454"
175.0,1,1769178568.9919,221.5085,5703,568,6271,0.7445,0.0331,0.3135,200.0,0.0,98.9,16.6855,63.1941,63.1941,3159.2085,1769178807.2021198,46.24,86,186,0.117,9,0,0,14.58,15.0,0,315,1769178750.136,-53.568,meta-llama/Llama-3.2-1B-Instruct,"1769178750.136, 1769178750.879, 1769178751.615, 1769178751.924, 1769178752.454"
43.0,1,1769178697.1279,82.224,3581,1024,4605,0.4193,0.0321,0.1862,200.0,0.0,98.9,28.0027,67.2268,67.2268,3226.4353,1769178807.3714066,45.99,86,187,0.114,9,0,0,14.58,15.0,0,315,1769178750.136,-53.568,meta-llama/Llama-3.2-1B-Instruct,"1769178750.136, 1769178750.879, 1769178751.615, 1769178751.924, 1769178752.454"
177.0,0,1769178574.9245,232.4525,27,32,59,1.7515,0.0322,0.0345,1.0,0.0,98.91,2.482,57.2039,57.2039,3283.6392,1769178809.8599179,45.74,86,188,0.106,7,1,0,14.58,15.0,0,319,1769178754.071,-54.654,meta-llama/Llama-3.2-1B-Instruct,"1769178754.071, 1769178754.303, 1769178755.864, 1769178756.035, 1769178756.229"
90.0,0,1769178664.0711,145.8896,27,32,59,0.0799,0.033,0.035,1.0,0.0,98.91,0.798,55.9695,55.9695,3339.6087,1769178810.7606108,45.5,86,189,0.149,9,0,0,14.58,15.0,0,319,1769178754.071,-54.654,meta-llama/Llama-3.2-1B-Instruct,"1769178754.071, 1769178754.303, 1769178755.864, 1769178756.035, 1769178756.229"
99.0,1,1769178643.6708,137.9748,3126,1026,4152,0.3987,0.0324,0.0641,200.0,0.0,98.92,29.1582,68.133,68.133,3407.7417,1769178810.8287992,45.26,86,190,0.113,9,0,0,14.58,15.0,0,319,1769178754.071,-54.654,meta-llama/Llama-3.2-1B-Instruct,"1769178754.071, 1769178754.303, 1769178755.864, 1769178756.035, 1769178756.229"
158.0,0,1769178596.3027,214.5872,27,32,59,0.078,0.1936,0.4532,1.0,0.0,98.92,1.2579,56.6652,56.6652,3464.4069,1769178812.1486633,45.03,86,191,0.137,8,0,0,14.58,15.0,0,319,1769178754.071,-54.654,meta-llama/Llama-3.2-1B-Instruct,"1769178754.071, 1769178754.303, 1769178755.864, 1769178756.035, 1769178756.229"
61.0,0,1769178695.0347,117.1878,27,32,59,0.0843,0.0344,0.0394,1.0,0.0,98.93,0.8102,56.2721,56.2721,3520.679,1769178813.0338762,44.79,86,192,0.151,9,0,0,14.58,15.0,0,319,1769178754.071,-54.654,meta-llama/Llama-3.2-1B-Instruct,"1769178754.071, 1769178754.303, 1769178755.864, 1769178756.035, 1769178756.229"
28.0,1,1769178714.7369,74.723,3195,1029,4224,0.4128,0.0339,0.1949,200.0,0.0,98.94,30.4654,77.1885,77.1885,3597.8675,1769178819.9481103,44.56,86,193,0.121,9,0,0,14.58,15.0,0,333,1769178756.39,-62.382,meta-llama/Llama-3.2-1B-Instruct,"1769178756.390, 1769178756.607, 1769178759.844, 1769178760.066, 1769178760.750"
134.0,1,1769178617.6153,189.6976,4688,610,5298,0.6434,0.0345,0.0499,200.0,0.0,98.94,17.6867,73.3843,73.3843,3671.2518,1769178825.0195887,44.33,86,194,0.12,8,0,0,14.58,15.0,0,342,1769178756.607,-67.189,meta-llama/Llama-3.2-1B-Instruct,"1769178756.607, 1769178759.844, 1769178760.066, 1769178760.750, 1769178761.998"
60.0,0,1769178696.6066,128.5557,27,14,41,0.0843,0.0331,0.0331,1.0,0.0,98.95,0.4113,68.6399,68.6399,3739.8918,1769178825.5764048,44.1,86,195,0.157,9,0,0,14.58,15.0,0,342,1769178756.607,-67.189,meta-llama/Llama-3.2-1B-Instruct,"1769178756.607, 1769178759.844, 1769178760.066, 1769178760.750, 1769178761.998"
38.0,1,1769178708.3268,89.7792,3044,1026,4070,0.388,0.0339,0.1985,200.0,0.0,98.95,30.8207,82.5999,82.5999,3822.4917,1769178828.942602,43.88,86,196,0.112,9,0,0,14.58,15.0,0,349,1769178760.066,-68.762,meta-llama/Llama-3.2-1B-Instruct,"1769178760.066, 1769178760.750, 1769178761.998, 1769178763.115, 1769178763.633"
100.0,1,1769178646.3794,152.2977,3102,1026,4128,0.3736,0.0346,0.192,200.0,0.0,98.96,31.1769,83.4746,83.4746,3905.9663,1769178829.8733184,43.65,86,197,0.122,9,0,0,14.58,15.0,0,349,1769178760.066,-68.762,meta-llama/Llama-3.2-1B-Instruct,"1769178760.066, 1769178760.750, 1769178761.998, 1769178763.115, 1769178763.633"
76.0,1,1769178670.5527,128.9175,5028,1040,6068,0.6235,0.0356,0.187,200.0,0.0,98.96,31.2718,84.1894,84.1894,3990.1557,1769178830.763313,43.43,86,198,0.118,9,0,0,14.58,15.0,0,349,1769178760.066,-68.762,meta-llama/Llama-3.2-1B-Instruct,"1769178760.066, 1769178760.750, 1769178761.998, 1769178763.115, 1769178763.633"
82.0,1,1769178665.1514,135.1331,3044,1039,4083,0.3558,0.0352,0.0644,200.0,0.0,98.97,30.7216,83.8547,83.8547,4074.0104,1769178831.0182064,43.22,86,199,0.12,9,0,0,14.58,15.0,0,349,1769178760.066,-68.762,meta-llama/Llama-3.2-1B-Instruct,"1769178760.066, 1769178760.750, 1769178761.998, 1769178763.115, 1769178763.633"
177.0,1,1769178572.1968,231.0911,9559,1014,10573,1.488,0.0354,0.0792,200.0,0.0,98.97,31.4687,85.5598,85.5598,4159.5701,1769178834.7844505,43.0,86,200,0.106,8,0,0,14.58,15.0,0,352,1769178763.633,-70.238,meta-llama/Llama-3.2-1B-Instruct,"1769178763.633, 1769178763.670, 1769178763.779, 1769178764.589, 1769178765.176"
97.0,1,1769178655.4538,151.9854,8574,1026,9600,1.6901,0.0337,0.202,200.0,0.0,98.98,30.3235,85.3089,85.3089,4244.879,1769178837.7962043,42.79,86,201,0.121,8,1,0,14.58,15.0,0,352,1769178763.633,-70.238,meta-llama/Llama-3.2-1B-Instruct,"1769178763.633, 1769178763.670, 1769178763.779, 1769178764.589, 1769178765.176"
62.0,1,1769178693.8638,117.0806,3952,1034,4986,0.5132,0.034,0.1947,200.0,0.0,98.98,29.0358,84.1164,84.1164,4328.9955,1769178840.0092344,42.57,86,202,0.137,8,1,0,14.58,15.0,0,350,1769178763.779,-75.105,meta-llama/Llama-3.2-1B-Instruct,"1769178763.779, 1769178764.589, 1769178765.176, 1769178766.308, 1769178766.433"
64.0,1,1769178692.2293,120.908,3376,1026,4402,0.4119,0.0327,0.0593,200.0,0.0,98.99,28.8915,85.7995,85.7995,4414.7949,1769178842.047935,42.36,86,203,0.152,9,0,0,14.58,15.0,0,350,1769178763.779,-75.105,meta-llama/Llama-3.2-1B-Instruct,"1769178763.779, 1769178764.589, 1769178765.176, 1769178766.308, 1769178766.433"
131.0,1,1769178629.7498,200.3122,3404,530,3934,0.4214,0.0327,0.2049,200.0,0.0,98.99,14.8935,84.2057,84.2057,4499.0006,1769178844.9759593,42.16,86,204,0.163,9,0,0,14.58,15.0,0,348,1769178765.176,-78.719,meta-llama/Llama-3.2-1B-Instruct,"1769178765.176, 1769178766.308, 1769178766.433, 1769178767.179, 1769178767.381"
187.0,1,1769178578.1763,266.8711,3197,0,3197,,,,200.0,,,0.3862,80.2572,80.2572,4579.2578,1769178845.446523,41.95,86,205,0.121,9,0,0,14.58,15.0,0,348,1769178765.176,-78.719,meta-llama/Llama-3.2-1B-Instruct,"1769178765.176, 1769178766.308, 1769178766.433, 1769178767.179, 1769178767.381"
212.0,1,1769178544.3896,275.8065,2945,1032,3977,0.3694,0.0332,0.3205,200.0,0.0,99.0,29.0468,92.8533,92.8533,4672.1111,1769178849.264181,41.75,86,206,0.158,9,0,0,14.58,15.0,0,346,1769178766.433,-82.508,meta-llama/Llama-3.2-1B-Instruct,"1769178766.433, 1769178767.179, 1769178767.381, 1769178767.810, 1769178768.313"
13.0,1,1769178746.8438,78.819,3299,1026,4325,0.402,0.0329,0.3201,200.0,0.0,99.0,29.0179,94.8369,94.8369,4766.948,1769178854.6966667,41.55,86,207,0.157,9,0,0,14.58,15.0,0,345,1769178767.179,-86.802,meta-llama/Llama-3.2-1B-Instruct,"1769178767.179, 1769178767.381, 1769178767.810, 1769178768.313, 1769178769.330"
131.0,0,1769178636.179,218.6287,27,32,59,0.0616,0.0298,0.0341,1.0,0.0,99.01,0.7474,87.6904,87.6904,4854.6384,1769178855.558842,41.35,86,208,0.135,9,0,0,14.58,15.0,0,345,1769178767.179,-86.802,meta-llama/Llama-3.2-1B-Instruct,"1769178767.179, 1769178767.381, 1769178767.810, 1769178768.313, 1769178769.330"
105.0,1,1769178658.6696,179.248,4351,698,5049,0.5264,0.0311,0.0561,200.0,0.0,99.01,18.3671,92.6151,92.6151,4947.2535,1769178856.3081741,41.15,86,209,0.118,9,0,0,14.58,15.0,0,345,1769178767.179,-86.802,meta-llama/Llama-3.2-1B-Instruct,"1769178767.179, 1769178767.381, 1769178767.810, 1769178768.313, 1769178769.330"
170.0,0,1769178597.3812,258.2835,27,32,59,0.0808,0.0352,0.0445,1.0,0.0,99.02,0.7705,88.3644,88.3644,5035.6178,1769178856.4360638,40.95,86,210,0.136,9,0,0,14.58,15.0,0,345,1769178767.179,-86.802,meta-llama/Llama-3.2-1B-Instruct,"1769178767.179, 1769178767.381, 1769178767.810, 1769178768.313, 1769178769.330"
146.0,0,1769178621.8103,234.6079,27,32,59,0.0871,0.0367,0.046,1.0,0.0,99.02,0.7791,88.695,88.695,5124.3128,1769178857.200356,40.76,86,211,0.121,9,0,0,14.58,15.0,0,345,1769178767.179,-86.802,meta-llama/Llama-3.2-1B-Instruct,"1769178767.179, 1769178767.381, 1769178767.810, 1769178768.313, 1769178769.330"
130.0,0,1769178638.3133,218.211,27,32,59,0.0529,0.0289,0.0295,1.0,0.0,99.03,0.7118,88.2639,88.2639,5309.7499,1769178857.2401223,40.57,86,213,0.121,9,0,0,14.58,15.0,0,345,1769178767.179,-86.802,meta-llama/Llama-3.2-1B-Instruct,"1769178767.179, 1769178767.381, 1769178767.810, 1769178768.313, 1769178769.330"
176.0,1,1769178584.0659,244.9656,5661,1027,6688,0.7408,0.0321,0.0598,200.0,0.0,99.03,28.2076,97.1732,97.1732,5309.7499,1769178857.2618105,40.38,86,213,0.158,9,0,0,14.58,15.0,0,345,1769178767.179,-86.802,meta-llama/Llama-3.2-1B-Instruct,"1769178767.179, 1769178767.381, 1769178767.810, 1769178768.313, 1769178769.330"
58.0,1,1769178705.1146,125.972,3077,1024,4101,0.6832,0.0315,0.0588,200.0,0.0,99.04,27.327,95.299,95.299,5589.5468,1769178858.4357746,40.0,86,216,0.155,9,0,0,14.58,15.0,0,345,1769178767.179,-86.802,meta-llama/Llama-3.2-1B-Instruct,"1769178767.179, 1769178767.381, 1769178767.810, 1769178768.313, 1769178769.330"
189.0,0,1769178580.3299,276.9812,27,32,59,0.0977,0.177,0.3197,1.0,0.0,99.04,1.0996,88.0789,88.0789,5677.2418,1769178858.442434,40.19,86,217,0.1,7,0,0,14.58,15.0,0,345,1769178767.179,-86.802,meta-llama/Llama-3.2-1B-Instruct,"1769178767.179, 1769178767.381, 1769178767.810, 1769178768.313, 1769178769.330"
133.0,0,1769178636.7228,220.6426,27,31,58,0.0525,0.179,0.3287,1.0,0.0,99.05,1.0765,87.695,87.695,5677.2418,1769178858.446198,39.63,86,217,0.1,7,1,0,14.58,15.0,0,345,1769178767.179,-86.802,meta-llama/Llama-3.2-1B-Instruct,"1769178767.179, 1769178767.381, 1769178767.810, 1769178768.313, 1769178769.330"
43.0,1,1769178718.9981,111.9096,3970,1021,4991,0.549,0.0328,0.1774,200.0,0.0,99.05,27.5093,96.4189,96.4189,5677.2418,1769178858.4491062,39.81,86,217,0.156,9,0,0,14.58,15.0,0,345,1769178767.179,-86.802,meta-llama/Llama-3.2-1B-Instruct,"1769178767.179, 1769178767.381, 1769178767.810, 1769178768.313, 1769178769.330"
80.0,0,1769178695.5574,163.0652,27,8,35,0.0481,0.368,0.368,1.0,0.0,99.06,0.595,83.1133,83.1133,5760.3551,1769178859.2213073,39.45,86,218,0.082,7,0,0,14.58,15.0,0,334,1769178775.656,-83.342,meta-llama/Llama-3.2-1B-Instruct,"1769178775.656, 1769178775.667, 1769178776.150, 1769178777.355, 1769178778.019"
28.0,0,1769178744.1193,114.4056,27,32,59,0.0548,0.0765,0.3696,1.0,0.0,99.06,1.1603,86.4604,86.4604,5846.8155,1769178859.6937172,39.27,86,219,0.082,6,0,0,14.58,15.0,0,334,1769178775.656,-83.342,meta-llama/Llama-3.2-1B-Instruct,"1769178775.656, 1769178775.667, 1769178776.150, 1769178777.355, 1769178778.019"
59.0,0,1769178716.277,142.2919,27,32,59,0.0997,0.0643,0.3654,1.0,0.0,99.07,1.1434,83.3917,83.3917,5930.2072,1769178859.7174463,39.09,86,220,0.082,6,0,0,14.58,15.0,0,334,1769178775.656,-83.342,meta-llama/Llama-3.2-1B-Instruct,"1769178775.656, 1769178775.667, 1769178776.150, 1769178777.355, 1769178778.019"
70.0,0,1769178705.6563,153.6586,27,32,59,0.0779,0.0581,0.3523,1.0,0.0,99.07,1.0909,83.7365,83.7365,6013.9437,1769178860.408553,38.91,86,221,0.094,9,0,0,14.58,15.0,0,334,1769178775.656,-83.342,meta-llama/Llama-3.2-1B-Instruct,"1769178775.656, 1769178775.667, 1769178776.150, 1769178777.355, 1769178778.019"
157.0,0,1769178618.6672,241.1369,27,32,59,0.0703,0.0492,0.3523,1.0,0.0,99.07,1.1112,84.2072,84.2072,6098.1508,1769178860.9201722,38.74,86,222,0.094,8,0,0,14.58,15.0,0,334,1769178775.656,-83.342,meta-llama/Llama-3.2-1B-Instruct,"1769178775.656, 1769178775.667, 1769178776.150, 1769178777.355, 1769178778.019"
75.0,0,1769178702.3551,158.1851,27,32,59,0.0605,0.0303,0.0432,1.0,0.0,99.08,0.7355,83.2456,83.2456,6181.3965,1769178861.2768438,38.57,86,223,0.105,9,0,0,14.58,15.0,0,334,1769178775.656,-83.342,meta-llama/Llama-3.2-1B-Instruct,"1769178775.656, 1769178775.667, 1769178776.150, 1769178777.355, 1769178778.019"
20.0,0,1769178758.0194,103.0505,27,32,59,0.0576,0.0602,0.3039,1.0,0.0,99.08,1.0269,83.1081,83.1081,6264.5046,1769178862.1003397,38.39,86,224,0.106,9,0,0,14.58,15.0,0,334,1769178775.656,-83.342,meta-llama/Llama-3.2-1B-Instruct,"1769178775.656, 1769178775.667, 1769178776.150, 1769178777.355, 1769178778.019"
113.0,1,1769178650.6329,184.2815,3161,1023,4184,0.4031,0.0327,0.3112,200.0,0.0,99.09,27.8024,99.0839,99.0839,6363.5885,1769178862.7385397,38.22,86,225,0.136,9,0,0,14.58,15.0,0,334,1769178775.656,-83.342,meta-llama/Llama-3.2-1B-Instruct,"1769178775.656, 1769178775.667, 1769178776.150, 1769178777.355, 1769178778.019"
71.0,1,1769178692.7785,147.3668,3867,1033,4900,0.4862,0.0321,0.1743,200.0,0.0,99.09,27.1785,103.5452,103.5452,6467.1337,1769178867.353153,38.05,86,226,0.119,9,0,0,14.58,15.0,0,326,1769178780.184,-83.843,meta-llama/Llama-3.2-1B-Instruct,"1769178780.184, 1769178780.198, 1769178781.908, 1769178782.511, 1769178782.754"
82.0,0,1769178698.1839,169.3208,27,32,59,0.0718,0.0262,0.0327,1.0,0.0,99.1,0.7192,87.3926,87.3926,6554.5263,1769178868.2286472,37.89,86,227,0.116,9,0,0,14.58,15.0,0,326,1769178780.184,-83.843,meta-llama/Llama-3.2-1B-Instruct,"1769178780.184, 1769178780.198, 1769178781.908, 1769178782.511, 1769178782.754"
36.0,1,1769178728.5891,113.6594,3279,1024,4303,0.4114,0.0324,0.0785,200.0,0.0,99.1,26.7235,104.3829,104.3829,6658.9092,1769178868.9874325,37.72,86,228,0.12,9,0,0,14.58,15.0,0,326,1769178780.184,-83.843,meta-llama/Llama-3.2-1B-Instruct,"1769178780.184, 1769178780.198, 1769178781.908, 1769178782.511, 1769178782.754"
107.0,0,1769178673.1984,195.1163,27,32,59,0.068,0.0275,0.0279,1.0,0.0,99.1,0.7205,88.1843,88.1843,6747.0935,1769178869.0368333,37.55,86,229,0.117,9,0,0,14.58,15.0,0,324,1769178781.908,-87.123,meta-llama/Llama-3.2-1B-Instruct,"1769178781.908, 1769178782.511, 1769178782.754, 1769178782.996, 1769178783.066"
48.0,0,1769178733.908,135.191,27,32,59,0.0605,0.029,0.0514,1.0,0.0,99.11,0.7325,87.2514,87.2514,6834.345,1769178869.832439,37.39,86,230,0.104,8,0,0,14.58,15.0,0,324,1769178781.908,-87.123,meta-llama/Llama-3.2-1B-Instruct,"1769178781.908, 1769178782.511, 1769178782.754, 1769178782.996, 1769178783.066"
149.0,0,1769178633.5111,235.6358,27,32,59,0.0703,0.0283,0.0285,1.0,0.0,99.11,0.7032,86.7061,86.7061,6921.0511,1769178869.851549,37.23,86,231,0.104,8,0,0,14.58,15.0,0,324,1769178781.908,-87.123,meta-llama/Llama-3.2-1B-Instruct,"1769178781.908, 1769178782.511, 1769178782.754, 1769178782.996, 1769178783.066"
99.0,1,1769178667.3076,178.2354,3677,1026,4703,0.4395,0.0327,0.0744,200.0,0.0,99.12,27.619,106.8544,106.8544,7027.9055,1769178873.1776702,37.07,86,232,0.121,9,0,0,14.58,15.0,0,324,1769178781.908,-87.123,meta-llama/Llama-3.2-1B-Instruct,"1769178781.908, 1769178782.511, 1769178782.754, 1769178782.996, 1769178783.066"
156.0,0,1769178627.0661,246.241,27,32,59,0.0821,0.0315,0.0331,1.0,0.0,99.12,0.7692,90.3231,90.3231,7118.2286,1769178874.0773308,36.91,86,233,0.13,9,0,0,14.58,15.0,0,319,1769178785.09,-88.978,meta-llama/Llama-3.2-1B-Instruct,"1769178785.090, 1769178787.279, 1769178787.406, 1769178787.591, 1769178787.789"
150.0,0,1769178635.09,239.2376,27,32,59,0.0838,0.0278,0.0295,1.0,0.0,99.12,0.7648,89.3213,89.3213,7207.5499,1769178875.094611,36.75,86,234,0.132,9,0,0,14.58,15.0,0,319,1769178785.09,-88.978,meta-llama/Llama-3.2-1B-Instruct,"1769178785.090, 1769178787.279, 1769178787.406, 1769178787.591, 1769178787.789"
199.0,1,1769178567.4334,281.9552,5200,1025,6225,0.6814,0.033,0.0696,200.0,0.0,99.13,27.6637,110.6189,110.6189,7318.1689,1769178877.0735383,36.6,86,235,0.125,9,0,0,14.58,15.0,0,319,1769178785.09,-88.978,meta-llama/Llama-3.2-1B-Instruct,"1769178785.090, 1769178787.279, 1769178787.406, 1769178787.591, 1769178787.789"
24.0,1,1769178763.4062,113.7713,3245,0,3245,,,,200.0,,,0.3993,90.1706,90.1706,7408.3395,1769178877.5844717,36.44,86,236,0.126,9,0,0,14.58,15.0,0,319,1769178785.09,-88.978,meta-llama/Llama-3.2-1B-Instruct,"1769178785.090, 1769178787.279, 1769178787.406, 1769178787.591, 1769178787.789"
36.0,0,1769178751.5909,126.0765,27,32,59,0.0816,0.032,0.0354,1.0,0.0,99.13,0.7629,90.1581,90.1581,7498.4976,1769178878.4312813,36.29,86,237,0.126,9,0,0,14.58,15.0,0,319,1769178785.09,-88.978,meta-llama/Llama-3.2-1B-Instruct,"1769178785.090, 1769178787.279, 1769178787.406, 1769178787.591, 1769178787.789"
121.0,0,1769178666.7889,211.7351,27,32,59,0.0843,0.029,0.0302,1.0,0.0,99.13,0.7518,90.8194,90.8194,7589.317,1769178879.2776623,36.13,86,238,0.127,9,0,0,14.58,15.0,0,314,1769178788.982,-90.086,meta-llama/Llama-3.2-1B-Instruct,"1769178788.982, 1769178789.957, 1769178789.992, 1769178790.685, 1769178792.203"
211.0,1,1769178559.4139,297.9953,3097,1022,4119,0.3868,0.0334,0.1729,200.0,0.0,99.14,27.6115,114.6068,114.6068,7703.9238,1769178885.044752,35.98,86,239,0.1,8,1,0,14.58,15.0,0,313,1769178789.957,-94.134,meta-llama/Llama-3.2-1B-Instruct,"1769178789.957, 1769178789.992, 1769178790.685, 1769178792.203, 1769178792.326"
94.0,1,1769178681.6359,177.0181,3574,1019,4593,0.4208,0.0335,0.0601,200.0,0.0,99.14,27.733,110.7511,110.7511,7814.6749,1769178886.412801,35.83,86,240,0.082,8,1,0,14.58,15.0,0,313,1769178789.957,-94.134,meta-llama/Llama-3.2-1B-Instruct,"1769178789.957, 1769178789.992, 1769178790.685, 1769178792.203, 1769178792.326"
53.0,1,1769178725.873,136.3501,3545,928,4473,0.4125,0.0328,0.0578,200.0,0.0,99.15,26.2328,109.583,109.583,7924.2579,1769178888.4827046,35.68,86,241,0.117,9,0,0,14.58,15.0,0,313,1769178789.957,-94.134,meta-llama/Llama-3.2-1B-Instruct,"1769178789.957, 1769178789.992, 1769178790.685, 1769178792.203, 1769178792.326"
50.0,0,1769178740.6846,147.9103,27,1,28,0.075,,,1.0,,,0.1031,97.9853,97.9853,8022.2432,1769178888.6998634,35.54,86,242,0.153,9,0,0,14.58,15.0,0,313,1769178789.957,-94.134,meta-llama/Llama-3.2-1B-Instruct,"1769178789.957, 1769178789.992, 1769178790.685, 1769178792.203, 1769178792.326"
133.0,1,1769178643.1499,216.7286,3324,1023,4347,0.4126,0.0339,0.1975,200.0,0.0,99.15,30.8988,114.6274,114.6274,8136.8706,1769178890.7939568,35.39,86,243,0.094,8,0,0,14.58,15.0,0,309,1769178792.326,-96.789,meta-llama/Llama-3.2-1B-Instruct,"1769178792.326, 1769178793.257, 1769178793.557, 1769178793.635, 1769178794.021"
161.0,0,1769178631.3259,259.5371,27,32,59,0.0652,0.0327,0.0416,1.0,0.0,99.15,0.8361,98.6024,98.6024,8235.473,1769178891.7000813,35.25,86,244,0.176,9,0,0,14.58,15.0,0,309,1769178792.326,-96.789,meta-llama/Llama-3.2-1B-Instruct,"1769178792.326, 1769178793.257, 1769178793.557, 1769178793.635, 1769178794.021"
170.0,1,1769178608.0392,253.3542,2980,1027,4007,0.3618,0.0342,0.0684,200.0,0.0,99.16,30.73,114.0842,114.0842,8349.5571,1769178892.139601,35.1,86,245,0.106,9,0,0,14.58,15.0,0,309,1769178792.326,-96.789,meta-llama/Llama-3.2-1B-Instruct,"1769178792.326, 1769178793.257, 1769178793.557, 1769178793.635, 1769178794.021"
207.0,0,1769178586.2571,305.5597,27,32,59,0.0827,0.0394,0.0422,1.0,0.0,99.16,0.871,98.6424,98.6424,8448.1995,1769178892.6886907,34.96,86,246,0.177,9,0,0,14.58,15.0,0,309,1769178792.326,-96.789,meta-llama/Llama-3.2-1B-Instruct,"1769178792.326, 1769178793.257, 1769178793.557, 1769178793.635, 1769178794.021"
153.0,1,1769178626.5526,236.2919,3276,1024,4300,0.4093,0.0329,0.0613,200.0,0.0,99.16,30.6428,113.9347,113.9347,8562.1342,1769178893.5090327,34.82,86,247,0.115,9,0,0,14.58,15.0,0,309,1769178792.326,-96.789,meta-llama/Llama-3.2-1B-Instruct,"1769178792.326, 1769178793.257, 1769178793.557, 1769178793.635, 1769178794.021"
81.0,0,1769178712.5566,179.6857,27,32,59,0.0773,0.0505,0.4641,1.0,0.0,99.17,1.295,98.763,98.763,8660.8972,1769178893.5384219,34.68,86,248,0.165,9,0,0,14.58,15.0,0,309,1769178792.326,-96.789,meta-llama/Llama-3.2-1B-Instruct,"1769178792.326, 1769178793.257, 1769178793.557, 1769178793.635, 1769178794.021"
82.0,0,1769178712.0209,181.5641,27,32,59,0.072,0.0587,0.6996,1.0,0.0,99.17,1.5612,99.6361,99.6361,8760.5333,1769178895.1474407,34.54,86,249,0.165,8,0,0,14.58,15.0,0,303,1769178794.582,-99.541,meta-llama/Llama-3.2-1B-Instruct,"1769178794.582, 1769178795.339, 1769178795.782, 1769178796.655, 1769178796.860"
137.0,0,1769178657.5823,237.6601,27,32,59,0.0827,0.0323,0.0366,1.0,0.0,99.17,0.8708,100.7428,100.7428,8861.2762,1769178896.1151862,34.4,86,250,0.184,9,0,0,14.58,15.0,0,303,1769178794.582,-99.541,meta-llama/Llama-3.2-1B-Instruct,"1769178794.582, 1769178795.339, 1769178795.782, 1769178796.655, 1769178796.860"
127.0,1,1769178655.9965,214.0073,3181,1033,4214,1.5658,0.0346,0.0689,200.0,0.0,99.18,32.8636,119.8709,119.8709,9101.2615,1769178902.890718,34.26,86,252,0.105,8,0,0,14.58,15.0,0,301,1769178795.782,-103.352,meta-llama/Llama-3.2-1B-Instruct,"1769178795.782, 1769178796.655, 1769178796.860, 1769178796.916, 1769178797.812"
210.0,1,1769178572.7537,297.1884,8588,1024,9612,1.3101,0.0349,0.1928,200.0,0.0,99.18,32.9261,120.1144,120.1144,9101.2615,1769178902.9010198,34.13,86,252,0.105,8,0,0,14.58,15.0,0,301,1769178795.782,-103.352,meta-llama/Llama-3.2-1B-Instruct,"1769178795.782, 1769178796.655, 1769178796.860, 1769178796.916, 1769178797.812"
200.0,0,1769178595.7821,307.1902,27,7,34,0.0607,0.3221,0.3221,1.0,0.0,99.18,0.5595,107.2509,107.2509,9208.5125,1769178903.5377054,33.99,86,253,0.162,8,0,0,14.58,15.0,0,301,1769178795.782,-103.352,meta-llama/Llama-3.2-1B-Instruct,"1769178795.782, 1769178796.655, 1769178796.860, 1769178796.916, 1769178797.812"
103.0,1,1769178684.2792,190.9085,3324,1025,4349,0.4093,0.0356,0.197,200.0,0.0,99.19,32.4214,120.3299,120.3299,9328.8424,1769178907.6249359,33.86,86,254,0.133,9,0,0,14.58,15.0,0,298,1769178796.916,-107.235,meta-llama/Llama-3.2-1B-Instruct,"1769178796.916, 1769178797.812, 1769178798.634, 1769178798.833, 1769178798.933"
182.0,1,1769178606.9823,272.4074,3311,1023,4334,0.4383,0.0343,0.1966,200.0,0.0,99.19,32.5111,122.9185,122.9185,9451.7609,1769178911.919685,33.73,86,255,0.128,9,0,0,14.58,15.0,0,297,1769178797.812,-111.368,meta-llama/Llama-3.2-1B-Instruct,"1769178797.812, 1769178798.634, 1769178798.833, 1769178798.933, 1769178799.696"
167.0,0,1769178630.8124,281.2138,27,32,59,0.0784,0.0322,0.0337,1.0,0.0,99.19,0.8479,114.2922,114.2922,9566.0531,1769178912.875542,33.59,86,256,0.175,9,0,0,14.58,15.0,0,297,1769178797.812,-111.368,meta-llama/Llama-3.2-1B-Instruct,"1769178797.812, 1769178798.634, 1769178798.833, 1769178798.933, 1769178799.696"
63.0,1,1769178726.9566,158.2149,3952,1022,4974,0.5077,0.035,0.0662,200.0,0.0,99.2,33.5516,128.7665,128.7665,9694.8196,1769178918.7472365,33.46,86,257,0.133,9,0,0,14.58,15.0,0,295,1769178798.833,-115.381,meta-llama/Llama-3.2-1B-Instruct,"1769178798.833, 1769178798.933, 1769178799.696, 1769178799.769, 1769178799.780"
123.0,0,1769178675.8328,243.0083,27,32,59,0.0875,0.0362,0.0391,1.0,0.0,99.2,0.8681,120.0957,120.0957,9814.9154,1769178919.7114885,33.33,86,258,0.184,9,0,0,14.58,15.0,0,294,1769178798.933,-120.297,meta-llama/Llama-3.2-1B-Instruct,"1769178798.933, 1769178799.696, 1769178799.769, 1769178799.780, 1769178799.920"
26.0,1,1769178763.9918,122.537,10780,1028,11808,1.6968,0.0344,0.0583,200.0,0.0,99.2,33.2321,129.7691,129.7691,9944.6845,1769178919.799162,33.2,86,259,0.132,9,0,0,14.58,15.0,0,294,1769178798.933,-120.297,meta-llama/Llama-3.2-1B-Instruct,"1769178798.933, 1769178799.696, 1769178799.769, 1769178799.780, 1769178799.920"
32.0,1,1769178760.2028,128.6004,11381,1018,12399,1.8516,0.0355,0.0543,200.0,0.0,99.21,31.6354,128.2358,128.2358,10072.9203,1769178920.4717305,33.08,86,260,0.153,9,0,0,14.58,15.0,0,294,1769178798.933,-120.297,meta-llama/Llama-3.2-1B-Instruct,"1769178798.933, 1769178799.696, 1769178799.769, 1769178799.780, 1769178799.920"
209.0,0,1769178589.9332,329.9637,27,32,59,0.1051,0.0579,0.3856,1.0,0.0,99.21,1.193,121.0688,121.0688,10314.3137,1769178921.0987482,32.95,86,262,0.147,8,0,0,14.58,15.0,0,294,1769178798.933,-120.297,meta-llama/Llama-3.2-1B-Instruct,"1769178798.933, 1769178799.696, 1769178799.769, 1769178799.780, 1769178799.920"
101.0,0,1769178698.6959,221.2158,27,32,59,0.1088,0.0479,0.3886,1.0,0.0,99.21,1.1867,120.3247,120.3247,10314.3137,1769178921.0994096,32.82,86,262,0.147,8,0,0,14.58,15.0,0,294,1769178798.933,-120.297,meta-llama/Llama-3.2-1B-Instruct,"1769178798.933, 1769178799.696, 1769178799.769, 1769178799.780, 1769178799.920"
218.0,0,1769178581.9199,339.3778,27,32,59,0.3646,0.0302,0.0304,1.0,0.0,99.22,1.0626,121.7425,121.7425,10436.0561,1769178922.361284,32.7,86,263,0.12,8,0,0,14.58,15.0,0,294,1769178798.933,-120.297,meta-llama/Llama-3.2-1B-Instruct,"1769178798.933, 1769178799.696, 1769178799.769, 1769178799.780, 1769178799.920"
23.0,1,1769178770.6354,122.1659,3979,1025,5004,0.5222,0.0347,0.0813,200.0,0.0,99.22,30.6281,129.794,129.794,10565.8501,1769178923.451257,32.58,86,264,0.166,9,0,0,14.58,15.0,0,294,1769178798.933,-120.297,meta-llama/Llama-3.2-1B-Instruct,"1769178798.933, 1769178799.696, 1769178799.769, 1769178799.780, 1769178799.920"
219.0,1,1769178575.4983,318.1233,5661,1025,6686,0.7512,0.034,0.0573,200.0,0.0,99.22,30.1209,129.2443,129.2443,10695.0944,1769178923.7679477,32.45,86,265,0.165,8,0,0,14.58,15.0,0,294,1769178798.933,-120.297,meta-llama/Llama-3.2-1B-Instruct,"1769178798.933, 1769178799.696, 1769178799.769, 1769178799.780, 1769178799.920"
109.0,0,1769178691.6964,231.8802,27,32,59,0.0782,0.0392,0.0494,1.0,0.0,99.22,0.7506,122.9583,122.9583,10818.0527,1769178924.3281639,32.33,86,266,0.126,9,0,0,14.58,15.0,0,286,1769178801.7,-122.584,meta-llama/Llama-3.2-1B-Instruct,"1769178801.700, 1769178802.057, 1769178802.252, 1769178802.763, 1769178804.838"
63.0,0,1769178738.6393,185.2486,27,32,59,0.0655,0.0296,0.056,1.0,0.0,99.23,0.7534,122.3141,122.3141,10940.3669,1769178924.6424973,32.21,86,267,0.105,9,0,0,14.58,15.0,0,286,1769178801.7,-122.584,meta-llama/Llama-3.2-1B-Instruct,"1769178801.700, 1769178802.057, 1769178802.252, 1769178802.763, 1769178804.838"
15.0,0,1769178786.7,137.7327,27,32,59,0.0682,0.0296,0.0473,1.0,0.0,99.23,0.7387,122.8009,122.8009,11063.1678,1769178925.1723661,32.09,86,268,0.106,9,0,0,14.58,15.0,0,286,1769178801.7,-122.584,meta-llama/Llama-3.2-1B-Instruct,"1769178801.700, 1769178802.057, 1769178802.252, 1769178802.763, 1769178804.838"
229.0,1,1769178566.3388,329.8898,4351,1025,5376,0.5456,0.0341,0.0584,200.0,0.0,99.23,29.1611,130.0509,130.0509,11193.2187,1769178925.4079561,31.97,86,269,0.185,9,0,0,14.58,15.0,0,286,1769178801.7,-122.584,meta-llama/Llama-3.2-1B-Instruct,"1769178801.700, 1769178802.057, 1769178802.252, 1769178802.763, 1769178804.838"
160.0,0,1769178642.0571,282.7605,27,32,59,0.0604,0.0603,0.3401,1.0,0.0,99.24,1.0508,122.8209,122.8209,11316.0396,1769178925.8702755,31.85,86,270,0.107,9,0,0,14.58,15.0,0,286,1769178801.7,-122.584,meta-llama/Llama-3.2-1B-Instruct,"1769178801.700, 1769178802.057, 1769178802.252, 1769178802.763, 1769178804.838"
143.0,0,1769178659.7625,265.72,27,32,59,0.2223,0.0314,0.0399,1.0,0.0,99.24,0.8835,122.9423,122.9423,11438.9818,1769178926.3710575,31.73,86,271,0.1,9,0,0,14.58,15.0,0,286,1769178801.7,-122.584,meta-llama/Llama-3.2-1B-Instruct,"1769178801.700, 1769178802.057, 1769178802.252, 1769178802.763, 1769178804.838"
200.0,0,1769178604.838,321.2314,27,32,59,0.0533,0.059,0.345,1.0,0.0,99.24,1.0443,121.2847,121.2847,11560.2665,1769178927.1165683,31.62,86,272,0.1,9,0,0,14.58,15.0,0,286,1769178801.7,-122.584,meta-llama/Llama-3.2-1B-Instruct,"1769178801.700, 1769178802.057, 1769178802.252, 1769178802.763, 1769178804.838"
58.0,0,1769178747.3602,179.9133,27,32,59,0.0748,0.0273,0.0289,1.0,0.0,99.25,0.7121,121.9881,121.9881,11682.2546,1769178927.9870143,31.5,86,273,0.112,9,0,0,14.58,15.0,0,286,1769178801.7,-122.584,meta-llama/Llama-3.2-1B-Instruct,"1769178801.700, 1769178802.057, 1769178802.252, 1769178802.763, 1769178804.838"
199.0,1,1769178601.0664,321.3698,3276,235,3511,0.4124,0.0416,0.3142,200.0,0.0,99.25,6.5333,128.9031,128.9031,11811.1578,1769178928.986942,31.39,86,274,0.131,9,0,0,14.58,15.0,0,286,1769178801.7,-122.584,meta-llama/Llama-3.2-1B-Instruct,"1769178801.700, 1769178802.057, 1769178802.252, 1769178802.763, 1769178804.838"
25.0,0,1769178780.7551,148.3267,27,32,59,0.061,0.0313,0.1742,1.0,0.0,99.25,0.719,123.3877,123.3877,11934.5455,1769178929.834254,31.27,86,275,0.112,9,0,0,14.58,15.0,0,277,1769178807.267,-122.025,meta-llama/Llama-3.2-1B-Instruct,"1769178807.267, 1769178808.329, 1769178809.112, 1769178810.723, 1769178810.904"
42.0,0,1769178765.2674,164.7165,27,8,35,0.0575,0.0275,0.0275,1.0,0.0,99.25,0.2329,122.7739,122.7739,12057.3194,1769178930.220887,31.16,86,276,0.114,9,0,0,14.58,15.0,0,277,1769178807.267,-122.025,meta-llama/Llama-3.2-1B-Instruct,"1769178807.267, 1769178808.329, 1769178809.112, 1769178810.723, 1769178810.904"
204.0,1,1769178592.6545,310.3654,3024,1026,4050,0.3805,0.0353,0.1963,200.0,0.0,99.26,28.8469,135.2123,135.2123,12192.5317,1769178931.8883584,31.05,86,277,0.162,8,0,0,14.58,15.0,0,277,1769178807.267,-122.025,meta-llama/Llama-3.2-1B-Instruct,"1769178807.267, 1769178808.329, 1769178809.112, 1769178810.723, 1769178810.904"
136.0,1,1769178660.8601,242.822,3073,1028,4101,0.3932,0.0355,0.1774,200.0,0.0,99.26,28.5091,135.331,135.331,12327.8627,1769178932.215525,30.94,86,278,0.173,9,0,0,14.58,15.0,0,277,1769178807.267,-122.025,meta-llama/Llama-3.2-1B-Instruct,"1769178807.267, 1769178808.329, 1769178809.112, 1769178810.723, 1769178810.904"
71.0,0,1769178738.1116,193.9135,27,32,59,0.0572,0.0347,0.0457,1.0,0.0,99.26,0.7339,122.9707,122.9707,12450.8335,1769178932.7612882,30.82,86,279,0.114,9,0,0,14.58,15.0,0,277,1769178807.267,-122.025,meta-llama/Llama-3.2-1B-Instruct,"1769178807.267, 1769178808.329, 1769178809.112, 1769178810.723, 1769178810.904"
57.0,0,1769178753.7234,178.5932,27,32,59,0.065,0.0579,0.3717,1.0,0.0,99.26,1.0925,121.6583,121.6583,12572.4918,1769178933.4130814,30.71,86,280,0.102,9,0,0,14.58,15.0,0,277,1769178807.267,-122.025,meta-llama/Llama-3.2-1B-Instruct,"1769178807.267, 1769178808.329, 1769178809.112, 1769178810.723, 1769178810.904"
50.0,0,1769178761.7659,171.7491,27,21,48,0.0667,0.0261,0.0271,1.0,0.0,99.27,0.5049,121.8157,121.8157,12694.3075,1769178934.0208716,30.6,86,281,0.114,9,0,0,14.58,15.0,0,277,1769178807.267,-122.025,meta-llama/Llama-3.2-1B-Instruct,"1769178807.267, 1769178808.329, 1769178809.112, 1769178810.723, 1769178810.904"
27.0,0,1769178785.1215,149.0399,27,32,59,0.0686,0.0263,0.0272,1.0,0.0,99.27,0.7195,122.1085,122.1085,12816.416,1769178934.8834014,30.5,86,282,0.115,9,0,0,14.58,15.0,0,270,1769178813.063,-121.265,meta-llama/Llama-3.2-1B-Instruct,"1769178813.063, 1769178813.569, 1769178814.162, 1769178816.203, 1769178816.207"
199.0,1,1769178597.9164,309.8149,3283,1027,4310,0.428,0.0351,0.1685,200.0,0.0,99.27,28.3593,139.1742,139.1742,12955.5902,1769178936.1117532,30.39,86,283,0.173,9,0,0,14.58,15.0,0,270,1769178813.063,-121.265,meta-llama/Llama-3.2-1B-Instruct,"1769178813.063, 1769178813.569, 1769178814.162, 1769178816.203, 1769178816.207"
108.0,1,1769178690.6337,222.3811,5405,1025,6430,0.7235,0.0354,0.1752,200.0,0.0,99.28,27.6427,142.0239,142.0239,13097.6141,1769178940.680787,30.28,86,284,0.176,9,0,0,14.58,15.0,0,268,1769178814.162,-125.2,meta-llama/Llama-3.2-1B-Instruct,"1769178814.162, 1769178816.203, 1769178816.207, 1769178816.389, 1769178817.096"
35.0,0,1769178779.1625,161.6364,27,32,59,0.0685,0.027,0.0294,1.0,0.0,99.28,0.7052,126.705,126.705,13224.319,1769178941.5079072,30.18,86,285,0.11,9,0,0,14.58,15.0,0,268,1769178814.162,-125.2,meta-llama/Llama-3.2-1B-Instruct,"1769178814.162, 1769178816.203, 1769178816.207, 1769178816.389, 1769178817.096"
213.0,0,1769178603.2033,338.4151,27,32,59,0.059,0.0264,0.0284,1.0,0.0,99.28,0.6959,125.474,125.474,13349.7931,1769178942.3166685,30.07,86,286,0.111,9,0,0,14.58,15.0,0,268,1769178814.162,-125.2,meta-llama/Llama-3.2-1B-Instruct,"1769178814.162, 1769178816.203, 1769178816.207, 1769178816.389, 1769178817.096"
102.0,1,1769178714.2066,228.2266,3197,0,3197,,,,200.0,,,0.4049,126.6315,126.6315,13476.4246,1769178942.8526657,29.97,86,287,0.112,9,0,0,14.58,15.0,0,268,1769178814.162,-125.2,meta-llama/Llama-3.2-1B-Instruct,"1769178814.162, 1769178816.203, 1769178816.207, 1769178816.389, 1769178817.096"
60.0,0,1769178756.3892,186.5982,27,32,59,0.0605,0.0296,0.0306,1.0,0.0,99.28,0.7065,126.6587,126.6587,13603.0832,1769178943.6948721,29.86,86,288,0.112,9,0,0,14.58,15.0,0,268,1769178814.162,-125.2,meta-llama/Llama-3.2-1B-Instruct,"1769178814.162, 1769178816.203, 1769178816.207, 1769178816.389, 1769178817.096"
80.0,0,1769178737.0964,206.7647,27,10,37,0.0836,0.0227,0.0227,1.0,0.0,99.29,0.3024,126.8483,126.8483,13729.9316,1769178944.1645322,29.76,86,289,0.113,9,0,0,14.58,15.0,0,268,1769178814.162,-125.2,meta-llama/Llama-3.2-1B-Instruct,"1769178814.162, 1769178816.203, 1769178816.207, 1769178816.389, 1769178817.096"
27.0,1,1769178772.7687,147.8285,3686,1028,4714,0.4451,0.0344,0.3143,200.0,0.0,99.29,26.555,147.3835,147.3835,13877.3151,1769178947.175221,29.66,86,290,0.108,9,0,0,14.58,15.0,0,262,1769178817.809,-126.559,meta-llama/Llama-3.2-1B-Instruct,"1769178817.809, 1769178817.856, 1769178818.197, 1769178818.500, 1769178818.883"
162.0,1,1769178637.7802,283.4813,3099,1031,4130,0.4016,0.0342,0.1729,200.0,0.0,99.29,26.1985,147.6798,147.6798,14024.9949,1769178947.480353,29.55,86,291,0.12,8,0,0,14.58,15.0,0,262,1769178817.809,-126.559,meta-llama/Llama-3.2-1B-Instruct,"1769178817.809, 1769178817.856, 1769178818.197, 1769178818.500, 1769178818.883"
132.0,0,1769178685.8557,261.7452,27,9,36,0.0502,0.0339,0.0339,1.0,0.0,99.29,0.2345,129.7954,129.7954,14154.7903,1769178947.8364494,29.45,86,292,0.101,9,0,0,14.58,15.0,0,262,1769178817.809,-126.559,meta-llama/Llama-3.2-1B-Instruct,"1769178817.809, 1769178817.856, 1769178818.197, 1769178818.500, 1769178818.883"
44.0,0,1769178773.8089,173.4814,27,32,59,0.0852,0.059,0.4378,1.0,0.0,99.3,1.2085,129.5665,129.5665,14284.3568,1769178948.5005965,29.35,86,293,0.113,9,0,0,14.58,15.0,0,262,1769178817.809,-126.559,meta-llama/Llama-3.2-1B-Instruct,"1769178817.809, 1769178817.856, 1769178818.197, 1769178818.500, 1769178818.883"
193.0,0,1769178625.5,323.0836,27,32,59,0.0503,0.0274,0.0297,1.0,0.0,99.3,0.6934,130.1339,130.1339,14414.4908,1769178949.2796838,29.25,86,294,0.114,9,0,0,14.58,15.0,0,262,1769178817.809,-126.559,meta-llama/Llama-3.2-1B-Instruct,"1769178817.809, 1769178817.856, 1769178818.197, 1769178818.500, 1769178818.883"
172.0,0,1769178646.8828,302.5629,27,32,59,0.0744,0.0321,0.033,1.0,0.0,99.3,0.7277,130.6373,130.6373,14545.128,1769178950.1759694,29.15,86,295,0.115,9,0,0,14.58,15.0,0,257,1769178819.536,-129.879,meta-llama/Llama-3.2-1B-Instruct,"1769178819.536, 1769178819.909, 1769178819.944, 1769178820.678, 1769178821.170"
171.0,1,1769178648.5357,301.7697,3155,0,3155,,,,200.0,,,0.398,131.1677,131.1677,14676.2957,1769178950.7168365,29.05,86,296,0.116,9,0,0,14.58,15.0,0,257,1769178819.536,-129.879,meta-llama/Llama-3.2-1B-Instruct,"1769178819.536, 1769178819.909, 1769178819.944, 1769178820.678, 1769178821.170"
37.0,0,1769178782.9088,167.8678,27,32,59,0.0746,0.0284,0.197,1.0,0.0,99.3,0.7266,130.9424,130.9424,14956.4905,1769178951.5062776,28.96,86,298,0.116,9,0,0,14.58,15.0,0,257,1769178819.536,-129.879,meta-llama/Llama-3.2-1B-Instruct,"1769178819.536, 1769178819.909, 1769178819.944, 1769178820.678, 1769178821.170"
78.0,1,1769178724.2524,201.0491,3032,1028,4060,0.4021,0.0328,0.2328,200.0,0.0,99.31,26.2033,149.2524,149.2524,14956.4905,1769178951.5220668,28.86,86,298,0.107,9,0,0,14.58,15.0,0,257,1769178819.536,-129.879,meta-llama/Llama-3.2-1B-Instruct,"1769178819.536, 1769178819.909, 1769178819.944, 1769178820.678, 1769178821.170"
16.0,0,1769178803.9445,147.6773,27,0,27,,,,1.0,,,0.1024,131.7797,131.7797,15088.2702,1769178951.7275789,28.76,86,299,0.104,8,0,0,14.58,15.0,0,257,1769178819.536,-129.879,meta-llama/Llama-3.2-1B-Instruct,"1769178819.536, 1769178819.909, 1769178819.944, 1769178820.678, 1769178821.170"
155.0,0,1769178665.6785,285.9956,27,32,59,0.0514,0.058,0.388,1.0,0.0,99.31,1.1051,131.047,131.047,15219.3172,1769178952.7802174,28.67,86,300,0.104,8,1,0,14.58,15.0,0,257,1769178819.536,-129.879,meta-llama/Llama-3.2-1B-Instruct,"1769178819.536, 1769178819.909, 1769178819.944, 1769178820.678, 1769178821.170"
98.0,1,1769178707.2466,219.2599,3285,1022,4307,0.3919,0.0328,0.1947,200.0,0.0,99.31,26.3003,147.5602,147.5602,15366.8774,1769178952.8247807,28.57,86,301,0.101,9,0,0,14.58,15.0,0,257,1769178819.536,-129.879,meta-llama/Llama-3.2-1B-Instruct,"1769178819.536, 1769178819.909, 1769178819.944, 1769178820.678, 1769178821.170"
48.0,0,1769178773.2838,179.5669,27,32,59,0.0627,0.0278,0.0546,1.0,0.0,99.31,0.7277,131.6296,131.6296,15498.507,1769178953.579229,28.48,86,302,0.103,8,0,0,14.58,15.0,0,257,1769178819.536,-129.879,meta-llama/Llama-3.2-1B-Instruct,"1769178819.536, 1769178819.909, 1769178819.944, 1769178820.678, 1769178821.170"
97.0,0,1769178725.3424,227.5889,27,32,59,0.0562,0.029,0.0294,1.0,0.0,99.32,0.6855,130.6451,130.6451,15629.1522,1769178953.620222,28.38,86,303,0.104,9,0,0,14.58,15.0,0,257,1769178819.536,-129.879,meta-llama/Llama-3.2-1B-Instruct,"1769178819.536, 1769178819.909, 1769178819.944, 1769178820.678, 1769178821.170"
96.0,1,1769178709.3847,218.6804,3069,1028,4097,0.376,0.033,0.189,200.0,0.0,99.32,26.8343,149.5147,149.5147,15778.6669,1769178954.9197,28.29,86,304,0.113,9,0,0,14.58,15.0,0,248,1769178823.481,-130.939,meta-llama/Llama-3.2-1B-Instruct,"1769178823.481, 1769178824.227, 1769178824.316, 1769178824.949, 1769178825.763"
144.0,0,1769178679.4809,275.5365,27,32,59,0.0607,0.0272,0.0279,1.0,0.0,99.32,0.707,131.5972,131.5972,15910.2641,1769178955.7264018,28.2,86,305,0.115,9,0,0,14.58,15.0,0,248,1769178823.481,-130.939,meta-llama/Llama-3.2-1B-Instruct,"1769178823.481, 1769178824.227, 1769178824.316, 1769178824.949, 1769178825.763"
70.0,0,1769178754.2268,201.5818,27,32,59,0.0549,0.0276,0.0325,1.0,0.0,99.32,0.7101,131.6367,131.6367,16041.9008,1769178956.5196617,28.1,86,306,0.116,9,0,0,14.58,15.0,0,248,1769178823.481,-130.939,meta-llama/Llama-3.2-1B-Instruct,"1769178823.481, 1769178824.227, 1769178824.316, 1769178824.949, 1769178825.763"
123.0,1,1769178685.3286,244.9876,3576,1030,4606,0.438,0.0335,0.1923,200.0,0.0,99.32,27.9127,149.9003,149.9003,16191.8011,1769178958.2421165,28.01,86,307,0.114,9,0,0,14.58,15.0,0,248,1769178823.481,-130.939,meta-llama/Llama-3.2-1B-Instruct,"1769178823.481, 1769178824.227, 1769178824.316, 1769178824.949, 1769178825.763"
212.0,1,1769178612.3162,344.3093,9364,15,9379,1.4272,0.035,0.035,200.0,0.0,99.33,1.8071,134.1163,134.1163,16325.9174,1769178958.458385,27.92,86,308,0.117,9,0,0,14.58,15.0,0,248,1769178823.481,-130.939,meta-llama/Llama-3.2-1B-Instruct,"1769178823.481, 1769178824.227, 1769178824.316, 1769178824.949, 1769178825.763"
156.0,0,1769178668.9493,289.4185,27,11,38,0.0635,0.049,0.049,1.0,0.0,99.33,0.3192,133.482,133.482,16459.3994,1769178958.6904879,27.83,86,309,0.133,9,0,0,14.58,15.0,0,248,1769178823.481,-130.939,meta-llama/Llama-3.2-1B-Instruct,"1769178823.481, 1769178824.227, 1769178824.316, 1769178824.949, 1769178825.763"
84.0,0,1769178741.7626,216.8003,27,32,59,0.0639,0.0325,0.0466,1.0,0.0,99.33,0.7292,132.8642,132.8642,16592.2636,1769178959.293733,27.74,86,310,0.103,9,0,0,14.58,15.0,0,248,1769178823.481,-130.939,meta-llama/Llama-3.2-1B-Instruct,"1769178823.481, 1769178824.227, 1769178824.316, 1769178824.949, 1769178825.763"
29.0,0,1769178796.9838,161.8297,27,32,59,0.0669,0.0459,0.4722,1.0,0.0,99.33,1.1763,132.8966,132.8966,16725.1602,1769178959.9972608,27.65,86,311,0.104,9,0,0,14.58,15.0,0,241,1769178827.283,-132.147,meta-llama/Llama-3.2-1B-Instruct,"1769178827.283, 1769178827.479, 1769178827.963, 1769178828.056, 1769178828.234"
65.0,0,1769178762.2828,197.7887,27,32,59,0.0672,0.0273,0.0323,1.0,0.0,99.34,0.7188,132.8559,132.8559,16858.0161,1769178960.7950237,27.56,86,312,0.118,9,0,0,14.58,15.0,0,241,1769178827.283,-132.147,meta-llama/Llama-3.2-1B-Instruct,"1769178827.283, 1769178827.479, 1769178827.963, 1769178828.056, 1769178828.234"
63.0,1,1769178747.9037,184.9586,3587,1020,4607,0.4281,0.0357,0.1987,200.0,0.0,99.34,28.033,149.9916,149.9916,17008.0076,1769178960.915631,27.48,86,313,0.102,9,0,0,14.58,15.0,0,241,1769178827.283,-132.147,meta-llama/Llama-3.2-1B-Instruct,"1769178827.283, 1769178827.479, 1769178827.963, 1769178828.056, 1769178828.234"
203.0,0,1769178624.4795,336.4543,27,32,59,0.0668,0.0621,0.5768,1.0,0.0,99.34,1.3365,133.5211,133.5211,17141.5287,1769178962.2712915,27.39,86,314,0.104,8,0,0,14.58,15.0,0,241,1769178827.283,-132.147,meta-llama/Llama-3.2-1B-Instruct,"1769178827.283, 1769178827.479, 1769178827.963, 1769178828.056, 1769178828.234"
77.0,0,1769178751.056,211.2921,27,32,59,0.0735,0.0305,0.031,1.0,0.0,99.34,0.7435,134.3656,134.3656,17275.8944,1769178963.0923526,27.3,86,315,0.122,9,0,0,14.58,15.0,0,241,1769178827.283,-132.147,meta-llama/Llama-3.2-1B-Instruct,"1769178827.283, 1769178827.479, 1769178827.963, 1769178828.056, 1769178828.234"
70.0,1,1769178743.0634,191.9194,3103,1023,4126,0.3989,0.0333,0.1948,200.0,0.0,99.34,28.3315,150.2509,150.2509,17426.1453,1769178963.328709,27.22,86,316,0.116,9,0,0,14.58,15.0,0,241,1769178827.283,-132.147,meta-llama/Llama-3.2-1B-Instruct,"1769178827.283, 1769178827.479, 1769178827.963, 1769178828.056, 1769178828.234"
56.0,1,1769178772.2339,190.9834,3953,0,3953,,,,200.0,,,0.539,135.5223,135.5223,17561.6676,1769178963.7715287,27.13,86,317,0.123,9,0,0,14.58,15.0,0,241,1769178827.283,-132.147,meta-llama/Llama-3.2-1B-Instruct,"1769178827.283, 1769178827.479, 1769178827.963, 1769178828.056, 1769178828.234"
159.0,0,1769178669.4957,293.8958,27,32,59,0.3715,0.0482,0.3095,1.0,0.0,99.35,1.35,135.2672,135.2672,17696.9348,1769178964.7434993,27.04,86,318,0.122,9,0,0,14.58,15.0,0,234,1769178829.229,-135.227,meta-llama/Llama-3.2-1B-Instruct,"1769178829.229, 1769178829.308, 1769178829.454, 1769178830.855, 1769178831.021"
164.0,1,1769178649.5688,286.6437,3304,1025,4329,0.3969,0.0343,0.3064,200.0,0.0,99.35,28.7595,151.4032,151.4032,17848.338,1769178964.9909675,26.96,86,319,0.114,9,0,0,14.58,15.0,0,234,1769178829.229,-135.227,meta-llama/Llama-3.2-1B-Instruct,"1769178829.229, 1769178829.308, 1769178829.454, 1769178830.855, 1769178831.021"
88.0,0,1769178741.2292,223.6581,27,32,59,0.0788,0.032,0.0521,1.0,0.0,99.35,0.7535,135.7369,135.7369,17984.075,1769178965.6416917,26.88,86,320,0.12,9,0,0,14.58,15.0,0,234,1769178829.229,-135.227,meta-llama/Llama-3.2-1B-Instruct,"1769178829.229, 1769178829.308, 1769178829.454, 1769178830.855, 1769178831.021"
154.0,0,1769178675.3077,289.7811,27,32,59,0.0751,0.0292,0.0322,1.0,0.0,99.35,0.7133,135.8562,135.8562,18119.9312,1769178965.802946,26.79,86,321,0.107,9,0,0,14.58,15.0,0,234,1769178829.229,-135.227,meta-llama/Llama-3.2-1B-Instruct,"1769178829.229, 1769178829.308, 1769178829.454, 1769178830.855, 1769178831.021"
182.0,0,1769178647.4538,318.3278,27,32,59,0.0709,0.0321,0.0365,1.0,0.0,99.35,0.744,136.3986,136.3986,18256.3299,1769178966.5263305,26.71,86,322,0.108,9,0,0,14.58,15.0,0,234,1769178829.229,-135.227,meta-llama/Llama-3.2-1B-Instruct,"1769178829.229, 1769178829.308, 1769178829.454, 1769178830.855, 1769178831.021"
163.0,0,1769178667.8554,298.0174,27,32,59,0.0721,0.0266,0.027,1.0,0.0,99.36,0.7202,135.0895,135.0895,18391.4194,1769178966.5938377,26.63,86,323,0.108,9,0,0,14.58,15.0,0,234,1769178829.229,-135.227,meta-llama/Llama-3.2-1B-Instruct,"1769178829.229, 1769178829.308, 1769178829.454, 1769178830.855, 1769178831.021"
79.0,0,1769178752.0922,214.6257,27,32,59,0.3681,0.0329,0.0335,1.0,0.0,99.36,1.0305,135.9937,135.9937,18527.4131,1769178967.751386,26.54,86,324,0.12,9,0,0,14.58,15.0,0,234,1769178829.229,-135.227,meta-llama/Llama-3.2-1B-Instruct,"1769178829.229, 1769178829.308, 1769178829.454, 1769178830.855, 1769178831.021"
124.0,1,1769178693.3272,250.9102,3326,1024,4350,0.4059,0.035,0.3078,200.0,0.0,99.36,29.0705,155.9807,155.9807,18683.3938,1769178973.326874,26.46,86,325,0.114,9,0,0,14.58,15.0,0,227,1769178832.5,-136.977,meta-llama/Llama-3.2-1B-Instruct,"1769178832.500, 1769178832.560, 1769178832.670, 1769178832.921, 1769178833.018"
217.0,0,1769178615.4997,357.9592,27,31,58,0.0696,0.0282,0.0294,1.0,0.0,99.36,0.7485,141.0288,141.0288,18824.4226,1769178974.210416,26.38,86,326,0.127,9,0,0,14.58,15.0,0,227,1769178832.5,-136.977,meta-llama/Llama-3.2-1B-Instruct,"1769178832.500, 1769178832.560, 1769178832.670, 1769178832.921, 1769178833.018"
112.0,0,1769178720.5604,254.0202,27,32,59,0.0645,0.0298,0.0329,1.0,0.0,99.37,0.7512,142.0847,142.0847,18966.5073,1769178975.3326561,26.3,86,327,0.128,9,0,0,14.58,15.0,0,225,1769178832.67,-141.932,meta-llama/Llama-3.2-1B-Instruct,"1769178832.670, 1769178832.921, 1769178833.018, 1769178833.136, 1769178833.516"
174.0,1,1769178644.1967,303.7695,3979,1030,5009,0.5034,0.0352,0.3103,200.0,0.0,99.37,29.2141,158.9836,158.9836,19125.4909,1769178977.2095175,26.22,86,328,0.101,9,0,0,14.58,15.0,0,225,1769178832.67,-141.932,meta-llama/Llama-3.2-1B-Instruct,"1769178832.670, 1769178832.921, 1769178833.018, 1769178833.136, 1769178833.516"
76.0,0,1769178756.9209,220.3894,27,32,59,0.0698,0.0316,0.0341,1.0,0.0,99.37,0.7531,144.4592,144.4592,19269.9501,1769178978.0656786,26.14,86,329,0.127,9,0,0,14.58,15.0,0,225,1769178832.67,-141.932,meta-llama/Llama-3.2-1B-Instruct,"1769178832.670, 1769178832.921, 1769178833.018, 1769178833.136, 1769178833.516"
144.0,0,1769178689.0176,289.1477,27,32,59,0.0584,0.0295,0.0299,1.0,0.0,99.37,0.7403,145.206,145.206,19415.1562,1769178978.9086807,26.06,86,330,0.128,9,0,0,14.58,15.0,0,225,1769178832.67,-141.932,meta-llama/Llama-3.2-1B-Instruct,"1769178832.670, 1769178832.921, 1769178833.018, 1769178833.136, 1769178833.516"
215.0,0,1769178618.1357,360.928,27,32,59,0.0702,0.0307,0.0339,1.0,0.0,99.37,0.7614,145.9981,145.9981,19561.1543,1769178979.8258877,25.98,86,331,0.129,9,0,0,14.58,15.0,0,221,1769178833.516,-146.124,meta-llama/Llama-3.2-1B-Instruct,"1769178833.516, 1769178833.839, 1769178833.986, 1769178834.223, 1769178834.226"
91.0,1,1769178730.1702,221.7314,3686,1024,4710,0.4452,0.0339,0.0736,200.0,0.0,99.38,28.5262,159.2577,159.2577,19720.412,1769178980.4493835,25.9,86,332,0.105,9,0,0,14.58,15.0,0,221,1769178833.516,-146.124,meta-llama/Llama-3.2-1B-Instruct,"1769178833.516, 1769178833.839, 1769178833.986, 1769178834.223, 1769178834.226"
114.0,0,1769178719.5156,260.4102,27,32,59,0.0536,0.0524,0.3492,1.0,0.0,99.38,1.094,146.4638,146.4638,19866.8757,1769178981.0243227,25.83,86,333,0.13,9,0,0,14.58,15.0,0,221,1769178833.516,-146.124,meta-llama/Llama-3.2-1B-Instruct,"1769178833.516, 1769178833.839, 1769178833.986, 1769178834.223, 1769178834.226"
186.0,0,1769178647.9859,333.1065,27,32,59,0.0671,0.0291,0.03,1.0,0.0,99.38,0.7462,147.1736,147.1736,20014.0493,1769178981.839323,25.75,86,334,0.127,9,0,0,14.58,15.0,0,221,1769178833.516,-146.124,meta-llama/Llama-3.2-1B-Instruct,"1769178833.516, 1769178833.839, 1769178833.986, 1769178834.223, 1769178834.226"
146.0,1,1769178676.3781,277.3077,3873,1026,4899,0.5256,0.0343,0.1992,200.0,0.0,99.38,28.5588,159.8665,159.8665,20333.3398,1769178982.2659178,25.67,86,336,0.104,8,0,0,14.58,15.0,0,221,1769178833.516,-146.124,meta-llama/Llama-3.2-1B-Instruct,"1769178833.516, 1769178833.839, 1769178833.986, 1769178834.223, 1769178834.226"
21.0,1,1769178801.8213,151.9025,3365,1028,4393,0.8358,0.0341,0.0708,200.0,0.0,99.38,28.5215,159.424,159.424,20333.3398,1769178982.2662535,25.6,86,336,0.104,8,0,0,14.58,15.0,0,221,1769178833.516,-146.124,meta-llama/Llama-3.2-1B-Instruct,"1769178833.516, 1769178833.839, 1769178833.986, 1769178834.223, 1769178834.226"
205.0,0,1769178629.2228,352.718,27,32,59,0.0624,0.048,0.055,1.0,0.0,99.38,0.7653,147.7804,147.7804,20481.1202,1769178982.7104533,25.52,86,337,0.128,9,0,0,14.58,15.0,0,221,1769178833.516,-146.124,meta-llama/Llama-3.2-1B-Instruct,"1769178833.516, 1769178833.839, 1769178833.986, 1769178834.223, 1769178834.226"
214.0,0,1769178620.7292,361.6589,27,32,59,0.0542,0.0285,0.0414,1.0,0.0,99.39,0.7193,147.7131,147.7131,20777.0479,1769178983.109799,25.44,86,339,0.099,8,1,0,14.58,15.0,0,221,1769178833.516,-146.124,meta-llama/Llama-3.2-1B-Instruct,"1769178833.516, 1769178833.839, 1769178833.986, 1769178834.223, 1769178834.226"
168.0,0,1769178666.2258,316.118,27,32,59,0.0965,0.0319,0.0366,1.0,0.0,99.39,0.7658,148.2146,148.2146,20777.0479,1769178983.1105044,25.37,86,339,0.099,8,0,0,14.58,15.0,0,221,1769178833.516,-146.124,meta-llama/Llama-3.2-1B-Instruct,"1769178833.516, 1769178833.839, 1769178833.986, 1769178834.223, 1769178834.226"
60.0,0,1769178775.4174,207.3656,27,32,59,0.0537,0.0519,0.8211,1.0,0.0,99.39,1.5271,147.4192,147.4192,20924.4671,1769178984.312298,25.29,86,340,0.099,9,0,0,14.58,15.0,0,221,1769178833.516,-146.124,meta-llama/Llama-3.2-1B-Instruct,"1769178833.516, 1769178833.839, 1769178833.986, 1769178834.223, 1769178834.226"
154.0,1,1769178672.6684,286.7484,4171,1032,5203,0.5278,0.034,0.0758,200.0,0.0,99.39,27.5638,160.3123,160.3123,21084.7794,1769178987.0046737,25.22,86,341,0.104,9,0,0,14.58,15.0,0,211,1769178837.316,-147.353,meta-llama/Llama-3.2-1B-Instruct,"1769178837.316, 1769178837.998, 1769178840.153, 1769178841.196, 1769178842.244"
140.0,1,1769178687.9633,273.0658,5091,1027,6118,0.6451,0.0323,0.0782,200.0,0.0,99.39,27.452,160.5178,160.5178,21245.2972,1769178988.5032096,25.15,86,342,0.104,9,0,0,14.58,15.0,0,211,1769178837.316,-147.353,meta-llama/Llama-3.2-1B-Instruct,"1769178837.316, 1769178837.998, 1769178840.153, 1769178841.196, 1769178842.244"
196.0,1,1769178632.9546,330.9141,3066,1027,4093,0.3753,0.0315,0.0625,200.0,0.0,99.4,26.7614,161.6755,161.6755,21406.9727,1769178990.648854,25.07,86,343,0.11,9,0,0,14.58,15.0,0,209,1769178840.153,-149.596,meta-llama/Llama-3.2-1B-Instruct,"1769178840.153, 1769178841.196, 1769178842.244, 1769178842.731, 1769178843.427"
189.0,0,1769178651.1529,339.6118,27,32,59,0.0783,0.0271,0.0271,1.0,0.0,99.4,0.718,150.6901,150.6901,21557.6627,1769178991.4862285,25.0,86,344,0.115,9,0,0,14.58,15.0,0,209,1769178840.153,-149.596,meta-llama/Llama-3.2-1B-Instruct,"1769178840.153, 1769178841.196, 1769178842.244, 1769178842.731, 1769178843.427"
168.0,1,1769178663.0211,303.5931,3618,1039,4657,0.4724,0.0326,0.0591,200.0,0.0,99.4,26.697,162.29,162.29,21719.9528,1769178993.3335557,24.93,86,345,0.109,8,0,0,14.58,15.0,0,209,1769178840.153,-149.596,meta-llama/Llama-3.2-1B-Instruct,"1769178840.153, 1769178841.196, 1769178842.244, 1769178842.731, 1769178843.427"
229.0,1,1769178602.1508,365.7082,3750,1028,4778,0.4512,0.0318,0.0635,200.0,0.0,99.4,26.6535,163.3617,163.3617,21883.3144,1769178994.5318837,24.86,86,346,0.121,9,0,0,14.58,15.0,0,209,1769178840.153,-149.596,meta-llama/Llama-3.2-1B-Instruct,"1769178840.153, 1769178841.196, 1769178842.244, 1769178842.731, 1769178843.427"
127.0,1,1769178708.8457,274.4366,3967,531,4498,0.8242,0.0305,0.3077,200.0,0.0,99.4,14.5009,161.9375,161.9375,22045.2519,1769178997.8017488,24.78,86,347,0.1,8,0,0,14.58,15.0,0,205,1769178843.427,-151.358,meta-llama/Llama-3.2-1B-Instruct,"1769178843.427, 1769178843.682, 1769178843.705, 1769178847.095, 1769178847.463"
156.0,0,1769178687.4271,310.4987,27,32,59,0.066,0.029,0.0305,1.0,0.0,99.4,0.7113,154.5648,154.5648,22199.8167,1769178998.6400998,24.71,86,348,0.11,9,0,0,14.58,15.0,0,205,1769178843.427,-151.358,meta-llama/Llama-3.2-1B-Instruct,"1769178843.427, 1769178843.682, 1769178843.705, 1769178847.095, 1769178847.463"
93.0,1,1769178739.6697,235.7644,3675,1030,4705,0.4391,0.0319,0.0617,200.0,0.0,99.41,26.6077,169.3721,169.3721,22369.1889,1769179002.0584033,24.64,86,349,0.129,9,0,0,14.58,15.0,0,203,1769178843.705,-156.142,meta-llama/Llama-3.2-1B-Instruct,"1769178843.705, 1769178847.095, 1769178847.463, 1769178847.936, 1769178848.031"
188.0,1,1769178645.839,334.7536,3283,1017,4300,0.3984,0.0305,0.0649,200.0,0.0,99.41,26.362,173.1156,173.1156,22542.3044,1769179006.9767103,24.57,86,350,0.116,9,0,0,14.58,15.0,0,202,1769178847.095,-157.805,meta-llama/Llama-3.2-1B-Instruct,"1769178847.095, 1769178847.463, 1769178847.936, 1769178848.031, 1769178848.226"
184.0,1,1769178652.2262,332.1755,3246,912,4158,0.3867,0.031,0.0608,200.0,0.0,99.41,22.6566,170.8321,170.8321,22713.1366,1769179007.0731828,24.5,86,351,0.124,9,0,0,14.58,15.0,0,202,1769178847.095,-157.805,meta-llama/Llama-3.2-1B-Instruct,"1769178847.095, 1769178847.463, 1769178847.936, 1769178848.031, 1769178848.226"
77.0,0,1769178770.0952,236.9898,27,25,52,0.0792,0.0309,0.0366,1.0,0.0,99.41,0.6268,160.069,160.069,22873.2056,1769179007.7137077,24.43,86,352,0.103,8,0,0,14.58,15.0,0,202,1769178847.095,-157.805,meta-llama/Llama-3.2-1B-Instruct,"1769178847.095, 1769178847.463, 1769178847.936, 1769178848.031, 1769178848.226"
207.0,0,1769178640.4627,366.721,27,33,60,0.055,0.0402,0.0549,1.0,0.0,99.41,0.7287,159.776,159.776,23032.9816,1769179007.9138079,24.36,86,353,0.103,9,0,0,14.58,15.0,0,202,1769178847.095,-157.805,meta-llama/Llama-3.2-1B-Instruct,"1769178847.095, 1769178847.463, 1769178847.936, 1769178848.031, 1769178848.226"
112.0,0,1769178736.0309,271.9575,27,32,59,0.2893,0.0308,0.0322,1.0,0.0,99.42,0.9401,160.2468,160.2468,23193.2284,1769179008.9304287,24.29,86,354,0.115,9,0,0,14.58,15.0,0,202,1769178847.095,-157.805,meta-llama/Llama-3.2-1B-Instruct,"1769178847.095, 1769178847.463, 1769178847.936, 1769178848.031, 1769178848.226"
172.0,1,1769178663.5573,319.6802,3405,1023,4428,0.4499,0.0313,0.3062,200.0,0.0,99.42,26.6158,174.296,174.296,23367.5244,1769179009.875373,24.23,86,355,0.1,8,0,0,14.58,15.0,0,202,1769178847.095,-157.805,meta-llama/Llama-3.2-1B-Instruct,"1769178847.095, 1769178847.463, 1769178847.936, 1769178848.031, 1769178848.226"
207.0,0,1769178641.5552,368.4676,27,32,59,0.0709,0.0274,0.031,1.0,0.0,99.42,0.7211,161.5385,161.5385,23529.0629,1769179010.746303,24.16,86,356,0.113,9,0,0,14.58,15.0,0,197,1769178848.555,-161.4,meta-llama/Llama-3.2-1B-Instruct,"1769178848.555, 1769178848.789, 1769178849.487, 1769178851.079, 1769178851.170"
68.0,1,1769178780.2256,228.8267,3062,132,3194,0.3598,0.0309,0.0574,200.0,0.0,99.42,3.5823,164.409,164.409,23693.472,1769179012.6506176,24.09,86,357,0.116,9,0,0,14.58,15.0,0,197,1769178848.555,-161.4,meta-llama/Llama-3.2-1B-Instruct,"1769178848.555, 1769178848.789, 1769178849.487, 1769178851.079, 1769178851.170"
136.0,1,1769178701.3164,285.7716,3359,1027,4386,0.4134,0.0301,0.0613,200.0,0.0,99.42,25.7544,175.5259,175.5259,23868.9979,1769179012.8604982,24.02,86,358,0.121,9,0,0,14.58,15.0,0,197,1769178848.555,-161.4,meta-llama/Llama-3.2-1B-Instruct,"1769178848.555, 1769178848.789, 1769178849.487, 1769178851.079, 1769178851.170"
201.0,0,1769178650.0792,362.8447,27,32,59,0.227,0.0293,0.0314,1.0,0.0,99.42,0.8688,162.0717,162.0717,24031.0696,1769179013.7943544,23.96,86,359,0.112,9,0,0,14.58,15.0,0,197,1769178848.555,-161.4,meta-llama/Llama-3.2-1B-Instruct,"1769178848.555, 1769178848.789, 1769178849.487, 1769178851.079, 1769178851.170"
61.0,1,1769178776.998,211.7116,3618,1027,4645,0.4374,0.0306,0.064,200.0,0.0,99.43,25.6524,176.3639,176.3639,24207.4336,1769179014.3840783,23.89,86,360,0.113,9,0,0,14.58,15.0,0,197,1769178848.555,-161.4,meta-llama/Llama-3.2-1B-Instruct,"1769178848.555, 1769178848.789, 1769178849.487, 1769178851.079, 1769178851.170"
43.0,1,1769178808.2526,206.2608,3197,0,3197,,,,200.0,,,0.3947,163.6554,163.6554,24533.8649,1769179014.928725,23.82,86,362,0.099,9,0,0,14.58,15.0,0,197,1769178848.555,-161.4,meta-llama/Llama-3.2-1B-Instruct,"1769178848.555, 1769178848.789, 1769178849.487, 1769178851.079, 1769178851.170"
51.0,0,1769178800.1698,213.7068,27,32,59,0.069,0.0474,0.3307,1.0,0.0,99.43,1.0496,162.7759,162.7759,24533.8649,1769179014.9297383,23.76,86,362,0.113,9,0,0,14.58,15.0,0,197,1769178848.555,-161.4,meta-llama/Llama-3.2-1B-Instruct,"1769178848.555, 1769178848.789, 1769178849.487, 1769178851.079, 1769178851.170"
34.0,1,1769178807.1962,184.436,3058,1022,4080,0.3713,0.0309,0.202,200.0,0.0,99.43,26.8986,177.3346,177.3346,24711.1994,1769179018.552357,23.69,86,363,0.116,9,0,0,14.58,15.0,0,191,1769178851.345,-163.662,meta-llama/Llama-3.2-1B-Instruct,"1769178851.345, 1769178851.962, 1769178852.478, 1769178853.916, 1769178854.028"
103.0,0,1769178749.4782,269.2346,27,32,59,0.065,0.0277,0.0339,1.0,0.0,99.43,0.7323,166.2996,166.2996,24877.499,1769179019.446,23.63,86,364,0.123,9,0,0,14.58,15.0,0,191,1769178851.345,-163.662,meta-llama/Llama-3.2-1B-Instruct,"1769178851.345, 1769178851.962, 1769178852.478, 1769178853.916, 1769178854.028"
183.0,1,1769178659.2437,334.2126,3478,1027,4505,0.4394,0.0308,0.1725,200.0,0.0,99.43,26.6527,177.8653,177.8653,25055.3643,1769179020.1270432,23.56,86,365,0.113,9,0,0,14.58,15.0,0,187,1769178854.028,-166.072,meta-llama/Llama-3.2-1B-Instruct,"1769178854.028, 1769178854.118, 1769178856.648, 1769178856.787, 1769178858.181"
26.0,0,1769178827.9157,191.6187,27,32,59,0.0513,0.0313,0.0457,1.0,0.0,99.43,0.7441,165.67,165.67,25221.0343,1769179020.2798512,23.5,86,366,0.124,9,0,0,14.58,15.0,0,187,1769178854.028,-166.072,meta-llama/Llama-3.2-1B-Instruct,"1769178854.028, 1769178854.118, 1769178856.648, 1769178856.787, 1769178858.181"
182.0,0,1769178672.118,348.2681,27,21,48,0.0701,0.0241,0.0265,1.0,0.0,99.44,0.5079,166.3382,166.3382,25387.3725,1769179020.8968596,23.43,86,367,0.11,9,0,0,14.58,15.0,0,187,1769178854.028,-166.072,meta-llama/Llama-3.2-1B-Instruct,"1769178854.028, 1769178854.118, 1769178856.648, 1769178856.787, 1769178858.181"
134.0,0,1769178720.028,300.1925,27,32,59,0.0559,0.0333,0.0547,1.0,0.0,99.44,0.7409,166.2485,166.2485,25731.8511,1769179020.9625456,23.31,86,369,0.11,9,0,0,14.58,15.0,0,187,1769178854.028,-166.072,meta-llama/Llama-3.2-1B-Instruct,"1769178854.028, 1769178854.118, 1769178856.648, 1769178856.787, 1769178858.181"
35.0,1,1769178807.7307,186.9344,3004,1027,4031,0.3552,0.0316,0.064,200.0,0.0,99.44,26.2958,178.2302,178.2302,25731.8511,1769179020.9764817,23.37,86,369,0.11,9,0,0,14.58,15.0,0,187,1769178854.028,-166.072,meta-llama/Llama-3.2-1B-Instruct,"1769178854.028, 1769178854.118, 1769178856.648, 1769178856.787, 1769178858.181"
31.0,0,1769178825.7873,195.257,27,32,59,0.0506,0.0261,0.053,1.0,0.0,99.44,0.7102,164.3076,164.3076,26060.6018,1769179021.7572584,23.24,86,371,0.098,7,0,0,14.58,15.0,0,187,1769178854.028,-166.072,meta-llama/Llama-3.2-1B-Instruct,"1769178854.028, 1769178854.118, 1769178856.648, 1769178856.787, 1769178858.181"
127.0,0,1769178729.6476,291.3465,27,32,59,0.0966,0.0272,0.0549,1.0,0.0,99.44,0.7624,164.4431,164.4431,26060.6018,1769179021.7574205,23.18,86,371,0.098,7,0,0,14.58,15.0,0,187,1769178854.028,-166.072,meta-llama/Llama-3.2-1B-Instruct,"1769178854.028, 1769178854.118, 1769178856.648, 1769178856.787, 1769178858.181"
118.0,0,1769178740.1814,280.9202,27,32,59,0.048,0.0243,0.0245,1.0,0.0,99.44,0.6718,162.9682,162.9682,26223.57,1769179021.7762475,23.12,86,372,0.098,9,0,0,14.58,15.0,0,187,1769178854.028,-166.072,meta-llama/Llama-3.2-1B-Instruct,"1769178854.028, 1769178854.118, 1769178856.648, 1769178856.787, 1769178858.181"
184.0,0,1769178674.2339,347.639,27,32,59,0.0754,0.0573,0.6593,1.0,0.0,99.44,1.424,163.7145,163.7145,26387.2845,1769179023.2980967,23.06,86,373,0.099,7,0,0,14.58,15.0,0,187,1769178854.028,-166.072,meta-llama/Llama-3.2-1B-Instruct,"1769178854.028, 1769178854.118, 1769178856.648, 1769178856.787, 1769178858.181"
99.0,1,1769178744.6817,254.0843,3516,1023,4539,0.4148,0.0316,0.0845,200.0,0.0,99.45,27.2196,182.3039,182.3039,26569.5884,1769179026.0072267,22.99,86,374,0.111,9,0,0,14.58,15.0,0,178,1769178859.765,-165.391,meta-llama/Llama-3.2-1B-Instruct,"1769178859.765, 1769178859.772, 1769178860.706, 1769178861.450, 1769178863.293"
161.0,1,1769178682.7051,319.4697,3730,1023,4753,0.4529,0.0314,0.0909,200.0,0.0,99.45,27.2276,185.6972,185.6972,26755.2856,1769179029.416658,22.93,86,375,0.111,9,0,0,14.58,15.0,0,178,1769178859.765,-165.391,meta-llama/Llama-3.2-1B-Instruct,"1769178859.765, 1769178859.772, 1769178860.706, 1769178861.450, 1769178863.293"
72.0,1,1769178775.9355,231.882,3556,1037,4593,0.4593,0.0318,0.0897,200.0,0.0,99.45,27.3382,187.2202,187.2202,26942.5058,1769179035.1714716,22.87,86,376,0.104,9,0,0,14.58,15.0,0,176,1769178860.706,-169.52,meta-llama/Llama-3.2-1B-Instruct,"1769178860.706, 1769178861.450, 1769178863.293, 1769178863.523, 1769178863.705"
137.0,0,1769178723.706,311.6753,27,32,59,0.0794,0.028,0.0288,1.0,0.0,99.45,0.7493,174.7547,174.7547,27117.2605,1769179036.1319644,22.81,86,377,0.123,9,0,0,14.58,15.0,0,175,1769178861.45,-173.83,meta-llama/Llama-3.2-1B-Instruct,"1769178861.450, 1769178863.293, 1769178863.523, 1769178863.705, 1769178864.028"
151.0,0,1769178710.4501,325.7855,27,32,59,0.072,0.0286,0.0304,1.0,0.0,99.45,0.7469,174.8576,174.8576,27292.1181,1769179036.9866834,22.75,86,378,0.125,9,0,0,14.58,15.0,0,175,1769178861.45,-173.83,meta-llama/Llama-3.2-1B-Instruct,"1769178861.450, 1769178863.293, 1769178863.523, 1769178863.705, 1769178864.028"
117.0,1,1769178731.7889,279.0324,3241,1019,4260,0.4169,0.0319,0.0621,200.0,0.0,99.45,27.0965,189.1288,189.1288,27481.2469,1769179037.9378722,22.69,86,379,0.114,9,0,0,14.58,15.0,0,175,1769178861.45,-173.83,meta-llama/Llama-3.2-1B-Instruct,"1769178861.450, 1769178863.293, 1769178863.523, 1769178863.705, 1769178864.028"
187.0,1,1769178662.4868,350.2626,3042,1031,4073,0.4007,0.032,0.0911,200.0,0.0,99.46,27.2563,190.5189,190.5189,27671.7659,1769179040.0331497,22.63,86,380,0.116,9,0,0,14.58,15.0,0,175,1769178861.45,-173.83,meta-llama/Llama-3.2-1B-Instruct,"1769178861.450, 1769178863.293, 1769178863.523, 1769178863.705, 1769178864.028"
157.0,0,1769178706.7052,333.4357,27,32,59,0.0737,0.028,0.0292,1.0,0.0,99.46,0.7387,176.5094,176.5094,27848.2753,1769179040.8842506,22.57,86,381,0.124,9,0,0,14.58,15.0,0,171,1769178864.028,-176.323,meta-llama/Llama-3.2-1B-Instruct,"1769178864.028, 1769178864.080, 1769178864.155, 1769178864.494, 1769178864.590"
128.0,1,1769178735.523,302.5321,3044,137,3181,0.3703,0.0356,0.1991,200.0,0.0,99.46,3.7917,178.3238,178.3238,28026.5991,1769179041.860449,22.51,86,382,0.124,9,0,0,14.58,15.0,0,171,1769178864.028,-176.323,meta-llama/Llama-3.2-1B-Instruct,"1769178864.028, 1769178864.080, 1769178864.155, 1769178864.494, 1769178864.590"
214.0,1,1769178644.7379,377.2263,3042,773,3815,0.7007,0.0314,0.0589,200.0,0.0,99.46,19.9739,183.2002,183.2002,28590.371,1769179041.9549756,22.45,86,385,0.099,8,0,0,14.58,15.0,0,171,1769178864.028,-176.323,meta-llama/Llama-3.2-1B-Instruct,"1769178864.028, 1769178864.080, 1769178864.155, 1769178864.494, 1769178864.590"
41.0,1,1769178810.9615,204.1708,5207,1033,6240,1.2329,0.0308,0.0641,200.0,0.0,99.46,26.8069,189.9777,189.9777,28590.371,1769179041.9596589,22.34,86,385,0.099,8,0,0,14.58,15.0,0,171,1769178864.028,-176.323,meta-llama/Llama-3.2-1B-Instruct,"1769178864.028, 1769178864.080, 1769178864.155, 1769178864.494, 1769178864.590"
229.0,1,1769178622.3446,392.7245,5069,1025,6094,0.6798,0.0317,0.0858,200.0,0.0,99.46,26.8695,190.5941,190.5941,28590.371,1769179041.9601955,22.4,86,385,0.099,8,0,0,14.58,15.0,0,171,1769178864.028,-176.323,meta-llama/Llama-3.2-1B-Instruct,"1769178864.028, 1769178864.080, 1769178864.155, 1769178864.494, 1769178864.590"
193.0,1,1769178671.0802,370.8836,5405,0,5405,,,,200.0,,,0.7338,178.6175,178.6175,28768.9885,1769179042.7136939,22.28,86,386,0.074,6,0,0,14.58,15.0,0,171,1769178864.028,-176.323,meta-llama/Llama-3.2-1B-Instruct,"1769178864.028, 1769178864.080, 1769178864.155, 1769178864.494, 1769178864.590"
173.0,0,1769178691.155,350.8914,27,29,56,0.9762,0.0275,0.5844,1.0,0.0,99.46,2.1298,178.8675,178.8675,28947.856,1769179044.1779497,22.22,86,387,0.074,6,0,0,14.58,15.0,0,171,1769178864.028,-176.323,meta-llama/Llama-3.2-1B-Instruct,"1769178864.028, 1769178864.080, 1769178864.155, 1769178864.494, 1769178864.590"
143.0,0,1769178721.5899,320.539,27,32,59,0.8915,0.0276,0.5813,1.0,0.0,99.47,2.0901,178.4305,178.4305,29126.2866,1769179044.2200277,22.16,86,388,0.091,7,0,0,14.58,15.0,0,171,1769178864.028,-176.323,meta-llama/Llama-3.2-1B-Instruct,"1769178864.028, 1769178864.080, 1769178864.155, 1769178864.494, 1769178864.590"
76.0,1,1769178783.4555,239.9782,3610,800,4410,0.4331,0.0313,0.2021,200.0,0.0,99.47,21.8044,185.7826,185.7826,29312.0691,1769179045.259068,22.11,86,389,0.12,9,0,0,14.58,15.0,0,171,1769178864.028,-176.323,meta-llama/Llama-3.2-1B-Instruct,"1769178864.028, 1769178864.080, 1769178864.155, 1769178864.494, 1769178864.590"
123.0,0,1769178743.5794,300.7535,27,32,59,0.3821,0.0288,0.031,1.0,0.0,99.47,1.0441,178.1356,178.1356,29490.2047,1769179045.3784947,22.05,86,390,0.101,8,0,0,14.58,15.0,0,171,1769178864.028,-176.323,meta-llama/Llama-3.2-1B-Instruct,"1769178864.028, 1769178864.080, 1769178864.155, 1769178864.494, 1769178864.590"
190.0,0,1769178676.9013,368.4562,27,32,59,0.0645,0.0475,0.3646,1.0,0.0,99.47,1.0898,178.5208,178.5208,29668.7255,1769179046.448565,21.99,86,391,0.099,8,0,0,14.58,15.0,0,162,1769178867.86,-177.546,meta-llama/Llama-3.2-1B-Instruct,"1769178867.860, 1769178868.357, 1769178870.809, 1769178873.402, 1769178873.733"
175.0,1,1769178683.2356,338.6962,3087,1027,4114,0.4247,0.032,0.3065,200.0,0.0,99.47,29.3045,193.0007,193.0007,29861.7262,1769179051.258558,21.94,86,392,0.099,7,1,0,14.58,15.0,0,160,1769178870.809,-179.681,meta-llama/Llama-3.2-1B-Instruct,"1769178870.809, 1769178873.402, 1769178873.733, 1769178874.141, 1769178875.906"
186.0,0,1769178684.8091,366.6301,27,32,59,0.0749,0.0297,0.0327,1.0,0.0,99.47,0.7604,180.705,180.705,30042.4313,1769179052.2005455,21.88,86,393,0.135,9,0,0,14.58,15.0,0,160,1769178870.809,-179.681,meta-llama/Llama-3.2-1B-Instruct,"1769178870.809, 1769178873.402, 1769178873.733, 1769178874.141, 1769178875.906"
63.0,0,1769178810.4018,241.9058,27,28,55,0.0745,0.0311,0.0386,1.0,0.0,99.47,0.7059,178.9802,178.9802,30221.4115,1769179053.0160754,21.83,86,394,0.136,9,0,0,14.58,15.0,0,160,1769178870.809,-179.681,meta-llama/Llama-3.2-1B-Instruct,"1769178870.809, 1769178873.402, 1769178873.733, 1769178874.141, 1769178875.906"
80.0,0,1769178793.7329,259.3489,27,32,59,0.0858,0.0312,0.0326,1.0,0.0,99.48,0.7754,179.4347,179.4347,30400.8462,1769179053.8632674,21.77,86,395,0.137,9,0,0,14.58,15.0,0,160,1769178870.809,-179.681,meta-llama/Llama-3.2-1B-Instruct,"1769178870.809, 1769178873.402, 1769178873.733, 1769178874.141, 1769178875.906"
185.0,1,1769178674.7649,351.3648,2976,1028,4004,0.3559,0.0322,0.0636,200.0,0.0,99.48,28.4152,194.78,194.78,30595.6262,1769179054.565073,21.72,86,396,0.12,9,0,0,14.58,15.0,0,160,1769178870.809,-179.681,meta-llama/Llama-3.2-1B-Instruct,"1769178870.809, 1769178873.402, 1769178873.733, 1769178874.141, 1769178875.906"
135.0,0,1769178739.1415,314.8354,27,32,59,0.0688,0.0314,0.0316,1.0,0.0,99.48,0.7657,179.9042,179.9042,30775.5304,1769179054.7436237,21.66,86,397,0.138,9,0,0,14.58,15.0,0,160,1769178870.809,-179.681,meta-llama/Llama-3.2-1B-Instruct,"1769178870.809, 1769178873.402, 1769178873.733, 1769178874.141, 1769178875.906"
115.0,0,1769178761.2518,293.5641,27,32,59,0.3056,0.0322,0.0462,1.0,0.0,99.48,1.0155,178.8697,178.8697,30954.4002,1769179055.8379912,21.61,86,398,0.136,9,0,0,14.58,15.0,0,154,1769178876.408,-179.15,meta-llama/Llama-3.2-1B-Instruct,"1769178876.408, 1769178877.861, 1769178878.001, 1769178878.534, 1769178879.203"
222.0,0,1769178654.4075,401.5021,27,32,59,0.0737,0.0287,0.0312,1.0,0.0,99.48,0.7656,179.5758,179.5758,31133.976,1769179056.679187,21.55,86,399,0.137,9,0,0,14.58,15.0,0,154,1769178876.408,-179.15,meta-llama/Llama-3.2-1B-Instruct,"1769178876.408, 1769178877.861, 1769178878.001, 1769178878.534, 1769178879.203"
114.0,1,1769178745.7724,283.715,3605,1028,4633,0.4471,0.0317,0.065,200.0,0.0,99.48,28.9535,198.6684,198.6684,31332.6444,1769179058.4537497,21.5,86,400,0.119,9,0,0,14.58,15.0,0,154,1769178876.408,-179.15,meta-llama/Llama-3.2-1B-Instruct,"1769178876.408, 1769178877.861, 1769178878.001, 1769178878.534, 1769178879.203"
117.0,1,1769178746.2932,290.7995,3548,1028,4576,0.4344,0.0338,0.197,200.0,0.0,99.48,29.7672,203.5667,203.5667,31536.2111,1769179066.8792799,21.45,86,401,0.126,9,0,0,14.58,15.0,0,151,1769178878.534,-187.143,meta-llama/Llama-3.2-1B-Instruct,"1769178878.534, 1769178879.203, 1769178879.660, 1769178879.937, 1769178879.971"
81.0,0,1769178797.5344,269.4596,27,32,59,0.0861,0.0316,0.0332,1.0,0.0,99.48,0.8001,188.5458,188.5458,31724.7569,1769179067.795154,21.39,86,402,0.149,9,0,0,14.58,15.0,0,151,1769178878.534,-187.143,meta-llama/Llama-3.2-1B-Instruct,"1769178878.534, 1769178879.203, 1769178879.660, 1769178879.937, 1769178879.971"
86.0,0,1769178793.2026,274.7036,27,32,59,0.0809,0.0315,0.0316,1.0,0.0,99.49,0.8011,188.7845,188.7845,31913.5414,1769179068.7089102,21.34,86,403,0.15,9,0,0,14.58,15.0,0,151,1769178878.534,-187.143,meta-llama/Llama-3.2-1B-Instruct,"1769178878.534, 1769178879.203, 1769178879.660, 1769178879.937, 1769178879.971"
223.0,1,1769178641.0277,399.9742,3290,1031,4321,0.4089,0.0325,0.0619,200.0,0.0,99.49,29.6872,206.6613,206.6613,32120.2027,1769179070.7092328,21.29,86,404,0.125,9,0,0,14.58,15.0,0,151,1769178878.534,-187.143,meta-llama/Llama-3.2-1B-Instruct,"1769178878.534, 1769178879.203, 1769178879.660, 1769178879.937, 1769178879.971"
176.0,1,1769178688.4941,353.5881,2999,1024,4023,0.9413,0.0324,0.0619,200.0,0.0,99.49,29.2663,206.8543,206.8543,32533.4578,1769179071.36509,21.23,86,406,0.091,7,0,0,14.58,15.0,0,148,1769178879.937,-190.808,meta-llama/Llama-3.2-1B-Instruct,"1769178879.937, 1769178879.971, 1769178880.064, 1769178880.897, 1769178881.001"
155.0,1,1769178709.9485,332.8606,5069,1025,6094,0.7687,0.036,0.0601,200.0,0.0,99.49,28.5402,206.4007,206.4007,32533.4578,1769179071.37434,21.18,86,406,0.084,9,0,0,14.58,15.0,0,148,1769178879.937,-190.808,meta-llama/Llama-3.2-1B-Instruct,"1769178879.937, 1769178879.971, 1769178880.064, 1769178880.897, 1769178881.001"
131.0,0,1769178748.9367,321.909,27,32,59,0.0818,0.054,0.3551,1.0,0.0,99.49,1.1688,190.9908,190.9908,32724.4486,1769179072.01918,21.13,86,407,0.151,9,0,0,14.58,15.0,0,148,1769178879.937,-190.808,meta-llama/Llama-3.2-1B-Instruct,"1769178879.937, 1769178879.971, 1769178880.064, 1769178880.897, 1769178881.001"
80.0,1,1769178786.1783,258.098,3455,1026,4481,0.4379,0.0332,0.0559,200.0,0.0,99.49,28.284,206.382,206.382,32930.8306,1769179072.5806172,21.08,86,408,0.101,8,0,0,14.58,15.0,0,148,1769178879.937,-190.808,meta-llama/Llama-3.2-1B-Instruct,"1769178879.937, 1769178879.971, 1769178880.064, 1769178880.897, 1769178881.001"
145.0,0,1769178734.9712,336.4839,27,32,59,0.0709,0.0476,0.3519,1.0,0.0,99.49,1.145,191.5548,191.5548,33122.3854,1769179072.6021724,21.03,86,409,0.119,8,0,0,14.58,15.0,0,148,1769178879.937,-190.808,meta-llama/Llama-3.2-1B-Instruct,"1769178879.937, 1769178879.971, 1769178880.064, 1769178880.897, 1769178881.001"
61.0,0,1769178819.897,252.2449,27,32,59,0.0755,0.0426,0.7596,1.0,0.0,99.49,1.5237,191.3204,191.3204,33313.7058,1769179073.6690614,20.98,86,410,0.129,9,0,0,14.58,15.0,0,148,1769178879.937,-190.808,meta-llama/Llama-3.2-1B-Instruct,"1769178879.937, 1769178879.971, 1769178880.064, 1769178880.897, 1769178881.001"
41.0,1,1769178826.8596,218.6709,3516,1025,4541,0.4308,0.0333,0.0591,200.0,0.0,99.5,28.7329,206.4038,206.4038,33520.1096,1769179074.2831597,20.92,86,411,0.099,9,0,0,14.58,15.0,0,148,1769178879.937,-190.808,meta-llama/Llama-3.2-1B-Instruct,"1769178879.937, 1769178879.971, 1769178880.064, 1769178880.897, 1769178881.001"
192.0,0,1769178690.0927,383.6782,27,32,59,0.0803,0.0478,0.3179,1.0,0.0,99.5,1.0993,191.7585,191.7585,33711.8681,1769179074.871421,20.87,86,412,0.138,9,0,0,14.58,15.0,0,148,1769178879.937,-190.808,meta-llama/Llama-3.2-1B-Instruct,"1769178879.937, 1769178879.971, 1769178880.064, 1769178880.897, 1769178881.001"
73.0,1,1769178795.3565,251.1922,10062,1029,11091,1.5389,0.0332,0.0526,200.0,0.0,99.5,28.771,206.9632,206.9632,33918.8313,1769179075.3554153,20.82,86,413,0.111,9,0,0,14.58,15.0,0,148,1769178879.937,-190.808,meta-llama/Llama-3.2-1B-Instruct,"1769178879.937, 1769178879.971, 1769178880.064, 1769178880.897, 1769178881.001"
218.0,0,1769178664.5838,410.3918,27,32,59,0.0765,0.0499,1.2137,1.0,0.2137,99.25,1.9606,192.4683,192.4683,34111.2996,1769179076.9417229,20.77,86,414,0.134,9,0,0,14.58,15.0,0,138,1769178883.341,-192.451,meta-llama/Llama-3.2-1B-Instruct,"1769178883.341, 1769178883.513, 1769178884.474, 1769178884.560, 1769178885.423"
109.0,0,1769178774.3407,302.8705,27,32,59,0.0716,0.0309,0.0336,1.0,0.0,99.25,0.7566,193.9421,193.9421,34305.2417,1769179077.968753,20.72,86,415,0.128,9,0,0,14.58,15.0,0,138,1769178883.341,-192.451,meta-llama/Llama-3.2-1B-Instruct,"1769178883.341, 1769178883.513, 1769178884.474, 1769178884.560, 1769178885.423"
73.0,1,1769178802.9062,251.7845,3037,1024,4061,0.4209,0.0335,0.0611,200.0,0.0,99.25,28.6848,207.4693,207.4693,34512.711,1769179083.3941255,20.67,86,416,0.126,9,0,0,14.58,15.0,0,136,1769178884.474,-196.423,meta-llama/Llama-3.2-1B-Instruct,"1769178884.474, 1769178884.560, 1769178885.423, 1769178885.462, 1769178887.420"
115.0,1,1769178762.8614,293.916,3159,1029,4188,0.3982,0.0334,0.0542,200.0,0.0,99.26,28.7056,207.6216,207.6216,34720.3325,1769179085.498088,20.62,86,417,0.138,9,0,0,14.58,15.0,0,136,1769178884.474,-196.423,meta-llama/Llama-3.2-1B-Instruct,"1769178884.474, 1769178884.560, 1769178885.423, 1769178885.462, 1769178887.420"
204.0,0,1769178680.5602,405.1639,27,32,59,0.0779,0.0274,0.0306,1.0,0.0,99.26,0.7636,201.2418,201.2418,34921.5743,1769179086.488824,20.57,86,418,0.134,9,0,0,14.58,15.0,0,134,1769178885.423,-200.55,meta-llama/Llama-3.2-1B-Instruct,"1769178885.423, 1769178885.462, 1769178887.420, 1769178887.751, 1769178887.903"
174.0,1,1769178704.0012,354.5268,5665,1026,6691,0.7595,0.0328,0.0529,200.0,0.0,99.26,28.3601,208.8869,208.8869,35130.4612,1769179086.9200716,20.53,86,419,0.135,9,0,0,14.58,15.0,0,134,1769178885.423,-200.55,meta-llama/Llama-3.2-1B-Instruct,"1769178885.423, 1769178885.462, 1769178887.420, 1769178887.751, 1769178887.903"
152.0,1,1769178730.7414,344.7471,8657,715,9372,1.2806,0.0315,0.0407,200.0,0.0,99.26,18.9543,211.7015,211.7015,35342.1626,1769179094.473426,20.48,86,420,0.1,9,0,0,14.58,15.0,0,132,1769178887.42,-203.596,meta-llama/Llama-3.2-1B-Instruct,"1769178887.420, 1769178887.751, 1769178887.903, 1769178888.054, 1769178888.649"
127.0,1,1769178752.66,316.1572,3404,1024,4428,0.4158,0.0323,0.0512,200.0,0.0,99.26,28.3076,217.4647,217.4647,35559.6274,1769179097.1416748,20.43,86,421,0.151,9,0,0,14.58,15.0,0,131,1769178887.751,-208.343,meta-llama/Llama-3.2-1B-Instruct,"1769178887.751, 1769178887.903, 1769178888.054, 1769178888.649, 1769178889.251"
109.0,1,1769178776.4616,310.5124,3160,461,3621,0.6226,0.0304,0.0413,200.0,0.0,99.26,11.8129,213.3253,213.3253,35772.9527,1769179098.8089712,20.38,86,422,0.125,9,0,0,14.58,15.0,0,131,1769178887.751,-208.343,meta-llama/Llama-3.2-1B-Instruct,"1769178887.751, 1769178887.903, 1769178888.054, 1769178888.649, 1769178889.251"
223.0,1,1769178657.0643,414.4272,3109,1026,4135,0.4062,0.033,0.0607,200.0,0.0,99.27,28.6018,220.029,220.029,35992.9817,1769179100.1145887,20.33,86,423,0.119,8,1,0,14.58,15.0,0,131,1769178887.751,-208.343,meta-llama/Llama-3.2-1B-Instruct,"1769178887.751, 1769178887.903, 1769178888.054, 1769178888.649, 1769178889.251"
62.0,1,1769178819.3525,253.3665,3559,1026,4585,0.777,0.032,0.0587,200.0,0.0,99.27,28.5255,219.8921,219.8921,36433.1205,1769179101.2620645,20.28,86,425,0.116,8,0,0,14.58,15.0,0,128,1769178888.649,-212.502,meta-llama/Llama-3.2-1B-Instruct,"1769178888.649, 1769178889.251, 1769178889.530, 1769178889.575, 1769178892.217"
131.0,1,1769178750.0009,322.6799,3392,1024,4416,0.4497,0.0317,0.1895,200.0,0.0,99.27,28.5669,220.2468,220.2468,36433.1205,1769179101.2676797,20.24,86,425,0.116,8,0,0,14.58,15.0,0,128,1769178888.649,-212.502,meta-llama/Llama-3.2-1B-Instruct,"1769178888.649, 1769178889.251, 1769178889.530, 1769178889.575, 1769178892.217"
137.0,1,1769178748.4234,338.2094,3680,554,4234,0.6416,0.0314,0.062,200.0,0.0,99.27,15.0552,216.2647,216.2647,36649.3852,1769179101.706306,20.19,86,426,0.135,9,0,0,14.58,15.0,0,128,1769178888.649,-212.502,meta-llama/Llama-3.2-1B-Instruct,"1769178888.649, 1769178889.251, 1769178889.530, 1769178889.575, 1769178892.217"
175.0,0,1769178713.6494,387.7718,27,33,60,0.0609,0.0469,0.0529,1.0,0.0,99.27,0.757,212.8327,212.8327,37082.0063,1769179102.1793,20.09,86,428,0.104,8,0,0,14.58,15.0,0,128,1769178888.649,-212.502,meta-llama/Llama-3.2-1B-Instruct,"1769178888.649, 1769178889.251, 1769178889.530, 1769178889.575, 1769178892.217"
174.0,0,1769178715.2506,386.2194,27,32,59,0.0676,0.0257,0.0511,1.0,0.0,99.28,0.7264,212.287,212.287,37294.2933,1769179102.1994994,20.05,86,429,0.104,8,0,0,14.58,15.0,0,128,1769178888.649,-212.502,meta-llama/Llama-3.2-1B-Instruct,"1769178888.649, 1769178889.251, 1769178889.530, 1769178889.575, 1769178892.217"
196.0,1,1769178686.3893,388.0106,3047,1024,4071,0.3646,0.0314,0.0617,200.0,0.0,99.28,27.7779,219.7884,219.7884,37294.2933,1769179102.2005618,20.14,86,429,0.125,9,0,0,14.58,15.0,0,128,1769178888.649,-212.502,meta-llama/Llama-3.2-1B-Instruct,"1769178888.649, 1769178889.251, 1769178889.530, 1769178889.575, 1769178892.217"
131.0,0,1769178758.5303,343.3067,27,32,59,0.0611,0.0549,1.0328,1.0,0.0328,99.04,1.7185,212.3678,212.3678,37506.6611,1769179103.5587652,20.0,86,430,0.091,9,0,0,14.58,15.0,0,128,1769178888.649,-212.502,meta-llama/Llama-3.2-1B-Instruct,"1769178888.649, 1769178889.251, 1769178889.530, 1769178889.575, 1769178892.217"
193.0,0,1769178699.2165,403.1124,27,31,58,1.0329,0.0497,0.3048,1.0,0.0,99.04,2.0075,211.1452,211.1452,37717.8064,1769179104.342532,19.95,86,431,0.078,7,0,0,14.58,15.0,0,128,1769178888.649,-212.502,meta-llama/Llama-3.2-1B-Instruct,"1769178888.649, 1769178889.251, 1769178889.530, 1769178889.575, 1769178892.217"
100.0,0,1769178794.7666,309.6712,27,32,59,0.0547,0.0284,0.0295,1.0,0.0,99.04,0.7139,209.7259,209.7259,37927.5322,1769179105.1532018,19.91,86,432,0.117,9,0,0,14.58,15.0,0,128,1769178888.649,-212.502,meta-llama/Llama-3.2-1B-Instruct,"1769178888.649, 1769178889.251, 1769178889.530, 1769178889.575, 1769178892.217"
141.0,1,1769178742.5131,335.5925,3103,1028,4131,0.3773,0.0313,0.0598,200.0,0.0,99.05,27.8714,222.4639,222.4639,38149.9962,1769179105.9952445,19.86,86,433,0.129,9,0,0,14.58,15.0,0,128,1769178888.649,-212.502,meta-llama/Llama-3.2-1B-Instruct,"1769178888.649, 1769178889.251, 1769178889.530, 1769178889.575, 1769178892.217"
127.0,1,1769178757.4743,325.9852,3556,1022,4578,0.4259,0.0317,0.1983,200.0,0.0,99.05,27.7034,226.6886,226.6886,38376.6848,1769179111.1850777,19.82,86,434,0.133,9,0,0,14.58,15.0,0,118,1769178896.331,-209.849,meta-llama/Llama-3.2-1B-Instruct,"1769178896.331, 1769178896.434, 1769178896.732, 1769178897.789, 1769178898.390"
161.0,1,1769178726.4202,368.1745,4396,1028,5424,0.5587,0.0309,0.0615,200.0,0.0,99.05,27.7696,234.9441,234.9441,38611.6289,1769179122.3859093,19.77,86,435,0.115,9,0,0,14.58,15.0,0,117,1769178896.434,-224.931,meta-llama/Llama-3.2-1B-Instruct,"1769178896.434, 1769178896.732, 1769178897.789, 1769178898.390, 1769178898.777"
204.0,1,1769178683.7511,413.4902,3343,1034,4377,0.42,0.0319,0.0616,200.0,0.0,99.05,27.6701,237.1603,237.1603,38848.7891,1769179124.935161,19.72,86,436,0.118,9,0,0,14.58,15.0,0,117,1769178896.434,-224.931,meta-llama/Llama-3.2-1B-Instruct,"1769178896.434, 1769178896.732, 1769178897.789, 1769178898.390, 1769178898.777"
136.0,0,1769178760.7324,364.4065,27,32,59,0.0829,0.0307,0.0322,1.0,0.0,99.05,0.775,228.4894,228.4894,39077.2785,1769179125.9149663,19.68,86,437,0.134,9,0,0,14.58,15.0,0,117,1769178896.434,-224.931,meta-llama/Llama-3.2-1B-Instruct,"1769178896.434, 1769178896.732, 1769178897.789, 1769178898.390, 1769178898.777"
113.0,1,1769178774.9029,324.0459,4378,1029,5407,0.5465,0.0309,0.058,200.0,0.0,99.06,27.3818,238.4277,238.4277,39315.7063,1769179126.3512335,19.63,86,438,0.119,9,0,0,14.58,15.0,0,117,1769178896.434,-224.931,meta-llama/Llama-3.2-1B-Instruct,"1769178896.434, 1769178896.732, 1769178897.789, 1769178898.390, 1769178898.777"
181.0,0,1769178716.7894,409.2202,27,32,59,0.0675,0.032,0.06,1.0,0.0,99.06,0.7739,228.2877,228.2877,39543.994,1769179126.7880204,19.59,86,439,0.135,9,0,0,14.58,15.0,0,114,1769178898.39,-228.037,meta-llama/Llama-3.2-1B-Instruct,"1769178898.390, 1769178898.777, 1769178898.881, 1769178899.069, 1769178899.883"
160.0,1,1769178728.0539,372.1856,3172,1034,4206,0.3799,0.0319,0.054,200.0,0.0,99.06,26.8937,239.0793,239.0793,39783.0733,1769179127.1511667,19.55,86,440,0.121,9,0,0,14.58,15.0,0,114,1769178898.39,-228.037,meta-llama/Llama-3.2-1B-Instruct,"1769178898.390, 1769178898.777, 1769178898.881, 1769178899.069, 1769178899.883"
165.0,0,1769178733.3904,393.1185,27,32,59,0.0678,0.0309,0.0426,1.0,0.0,99.06,0.7441,228.1863,228.1863,40011.2596,1769179127.2556336,19.5,86,441,0.119,9,0,0,14.58,15.0,0,114,1769178898.39,-228.037,meta-llama/Llama-3.2-1B-Instruct,"1769178898.390, 1769178898.777, 1769178898.881, 1769178899.069, 1769178899.883"
198.0,0,1769178700.7771,426.1322,27,32,59,0.0535,0.0465,0.0468,1.0,0.0,99.07,0.7536,228.1856,228.1856,40239.4452,1769179127.6637173,19.46,86,442,0.119,9,0,0,14.58,15.0,0,114,1769178898.39,-228.037,meta-llama/Llama-3.2-1B-Instruct,"1769178898.390, 1769178898.777, 1769178898.881, 1769178899.069, 1769178899.883"
132.0,0,1769178766.8811,360.4125,27,32,59,0.0671,0.0434,0.0497,1.0,0.0,99.07,0.7702,228.4796,228.4796,40467.9248,1769179128.0647357,19.41,86,443,0.106,8,0,0,14.58,15.0,0,114,1769178898.39,-228.037,meta-llama/Llama-3.2-1B-Instruct,"1769178898.390, 1769178898.777, 1769178898.881, 1769178899.069, 1769178899.883"
178.0,0,1769178721.0689,406.318,27,29,56,0.0682,0.0312,0.0485,1.0,0.0,99.07,0.6939,228.3862,228.3862,40696.311,1769179128.083259,19.37,86,444,0.106,9,0,0,14.58,15.0,0,114,1769178898.39,-228.037,meta-llama/Llama-3.2-1B-Instruct,"1769178898.390, 1769178898.777, 1769178898.881, 1769178899.069, 1769178899.883"
197.0,0,1769178702.8828,424.8871,27,32,59,0.0677,0.0421,0.07,1.0,0.0,99.07,0.7723,227.9548,227.9548,40924.2658,1769179128.543722,19.33,86,445,0.106,9,0,0,14.58,15.0,0,114,1769178898.39,-228.037,meta-llama/Llama-3.2-1B-Instruct,"1769178898.390, 1769178898.777, 1769178898.881, 1769178899.069, 1769178899.883"
124.0,1,1769178768.5658,333.8139,3326,1022,4348,0.9802,0.0314,0.0594,200.0,0.0,99.07,26.532,236.3459,236.3459,41399.9495,1769179128.9300041,19.28,86,447,0.096,8,1,0,14.58,15.0,0,114,1769178898.39,-228.037,meta-llama/Llama-3.2-1B-Instruct,"1769178898.390, 1769178898.777, 1769178898.881, 1769178899.069, 1769178899.883"
185.0,1,1769178704.5745,397.7042,5567,1028,6595,0.7487,0.0314,0.0588,200.0,0.0,99.08,26.6336,239.3379,239.3379,41399.9495,1769179128.934481,19.24,86,447,0.078,7,0,0,14.58,15.0,0,114,1769178898.39,-228.037,meta-llama/Llama-3.2-1B-Instruct,"1769178898.390, 1769178898.777, 1769178898.881, 1769178899.069, 1769178899.883"
194.0,0,1769178707.7757,420.3994,27,32,59,0.1107,0.0336,0.0544,1.0,0.0,99.08,0.7853,226.51,226.51,41852.5023,1769179128.961569,19.2,86,449,0.107,8,0,0,14.58,15.0,0,114,1769178898.39,-228.037,meta-llama/Llama-3.2-1B-Instruct,"1769178898.390, 1769178898.777, 1769178898.881, 1769178899.069, 1769178899.883"
85.0,0,1769178817.252,310.9782,27,32,59,0.0645,0.0361,0.05,1.0,0.0,99.08,0.7308,226.0427,226.0427,41852.5023,1769179128.961909,19.15,86,449,0.107,8,1,0,14.58,15.0,0,114,1769178898.39,-228.037,meta-llama/Llama-3.2-1B-Instruct,"1769178898.390, 1769178898.777, 1769178898.881, 1769178899.069, 1769178899.883"
98.0,1,1769178795.9055,307.7537,3006,1023,4029,0.3714,0.0321,0.0609,200.0,0.0,99.08,27.5655,237.3192,237.3192,42089.8215,1769179131.2473133,19.11,86,450,0.107,9,0,0,14.58,15.0,0,114,1769178898.39,-228.037,meta-llama/Llama-3.2-1B-Instruct,"1769178898.390, 1769178898.777, 1769178898.881, 1769178899.069, 1769178899.883"
181.0,0,1769178722.6581,406.0124,27,32,59,0.0671,0.0705,1.9465,1.0,0.9465,98.86,2.6837,225.0796,225.0796,42314.901,1769179131.3642673,19.07,86,451,0.107,9,0,0,14.58,15.0,0,114,1769178898.39,-228.037,meta-llama/Llama-3.2-1B-Instruct,"1769178898.390, 1769178898.777, 1769178898.881, 1769178899.069, 1769178899.883"
209.0,0,1769178699.7289,431.6135,27,32,59,0.1075,0.0278,0.0592,1.0,0.0,98.86,0.7735,222.721,222.721,42537.622,1769179132.1168184,19.03,86,452,0.113,9,0,0,14.58,15.0,0,100,1769178910.641,-220.848,meta-llama/Llama-3.2-1B-Instruct,"1769178910.641, 1769178910.987, 1769178911.132, 1769178912.024, 1769178912.420"
143.0,0,1769178767.4213,364.0188,27,32,59,0.0718,0.0255,0.0271,1.0,0.0,98.86,0.7187,221.0906,221.0906,42758.7126,1769179132.1633356,18.98,86,453,0.113,9,0,0,14.58,15.0,0,100,1769178910.641,-220.848,meta-llama/Llama-3.2-1B-Instruct,"1769178910.641, 1769178910.987, 1769178911.132, 1769178912.024, 1769178912.420"
206.0,1,1769178689.5413,415.8511,3516,1017,4533,0.4199,0.032,0.0652,200.0,0.0,98.86,27.912,237.7631,237.7631,42996.4757,1769179133.3250976,18.94,86,454,0.118,9,0,0,14.58,15.0,0,100,1769178910.641,-220.848,meta-llama/Llama-3.2-1B-Instruct,"1769178910.641, 1769178910.987, 1769178911.132, 1769178912.024, 1769178912.420"
174.0,1,1769178722.1335,383.961,2970,1029,3999,0.3751,0.0321,0.0677,200.0,0.0,98.87,28.1292,238.0901,238.0901,43234.5658,1769179134.2458491,18.9,86,455,0.117,9,0,0,14.58,15.0,0,100,1769178910.641,-220.848,meta-llama/Llama-3.2-1B-Instruct,"1769178910.641, 1769178910.987, 1769178911.132, 1769178912.024, 1769178912.420"
200.0,0,1769178710.9869,421.5621,27,26,53,0.7007,0.0611,0.5802,1.0,0.0,98.87,2.2063,222.2628,222.2628,43456.8286,1769179134.758403,18.86,86,456,0.114,8,0,0,14.58,15.0,0,100,1769178910.641,-220.848,meta-llama/Llama-3.2-1B-Instruct,"1769178910.641, 1769178910.987, 1769178911.132, 1769178912.024, 1769178912.420"
194.0,0,1769178718.4197,416.5216,27,32,59,0.0684,0.029,0.0317,1.0,0.0,98.87,0.7594,222.59,222.59,43679.4186,1769179135.70183,18.82,86,457,0.132,9,0,0,14.58,15.0,0,100,1769178910.641,-220.848,meta-llama/Llama-3.2-1B-Instruct,"1769178910.641, 1769178910.987, 1769178911.132, 1769178912.024, 1769178912.420"
141.0,1,1769178755.3312,356.0337,6106,1024,7130,0.7862,0.032,0.062,200.0,0.0,98.87,29.9197,244.9534,244.9534,43924.372,1769179141.3083284,18.78,86,458,0.119,9,0,0,14.58,15.0,0,94,1769178913.994,-222.528,meta-llama/Llama-3.2-1B-Instruct,"1769178913.994, 1769178914.205, 1769178914.511, 1769178914.557, 1769178914.592"
170.0,1,1769178736.589,392.5469,3230,464,3694,1.9321,0.0342,0.3231,200.0,0.0,98.88,16.3229,238.8697,238.8697,44163.2418,1769179145.477932,18.74,86,459,0.073,6,0,0,14.58,15.0,0,93,1769178914.205,-227.363,meta-llama/Llama-3.2-1B-Instruct,"1769178914.205, 1769178914.511, 1769178914.557, 1769178914.592, 1769178916.014"
193.0,1,1769178703.4341,419.2011,2990,1025,4015,0.3751,0.0343,0.0685,200.0,0.0,98.88,30.0921,256.2931,256.2931,44419.5349,1769179152.7459028,18.7,86,460,0.135,9,0,0,14.58,15.0,0,92,1769178914.511,-237.215,meta-llama/Llama-3.2-1B-Instruct,"1769178914.511, 1769178914.557, 1769178914.592, 1769178916.014, 1769178916.123"
164.0,0,1769178750.5108,402.3375,27,32,59,0.0747,0.0316,0.0316,1.0,0.0,98.88,0.8083,238.4122,238.4122,44657.9471,1769179153.6619906,18.66,86,461,0.158,9,0,0,14.58,15.0,0,92,1769178914.511,-237.215,meta-llama/Llama-3.2-1B-Instruct,"1769178914.511, 1769178914.557, 1769178914.592, 1769178916.014, 1769178916.123"
124.0,0,1769178790.5575,363.1749,27,32,59,0.0827,0.0339,0.0352,1.0,0.0,98.88,0.8121,239.2576,239.2576,44897.2047,1769179154.5465038,18.61,86,462,0.159,9,0,0,14.58,15.0,0,92,1769178914.511,-237.215,meta-llama/Llama-3.2-1B-Instruct,"1769178914.511, 1769178914.557, 1769178914.592, 1769178916.014, 1769178916.123"
83.0,1,1769178824.7597,304.3868,4513,1028,5541,1.9236,0.0323,0.0613,200.0,0.0,98.89,30.4938,251.8806,251.8806,45656.7187,1769179159.6582944,18.53,86,465,0.073,6,0,0,14.58,15.0,0,89,1769178916.014,-240.743,meta-llama/Llama-3.2-1B-Instruct,"1769178916.014, 1769178916.123, 1769178917.032, 1769178918.256, 1769178920.439"
179.0,1,1769178727.5061,401.5709,3574,1019,4593,1.9921,0.0327,0.0605,200.0,0.0,98.89,30.5641,253.1349,253.1349,45656.7187,1769179159.660533,18.49,86,465,0.073,6,0,0,14.58,15.0,0,89,1769178916.014,-240.743,meta-llama/Llama-3.2-1B-Instruct,"1769178916.014, 1769178916.123, 1769178917.032, 1769178918.256, 1769178920.439"
99.0,1,1769178806.1386,322.8925,5207,1036,6243,0.7678,0.0327,0.0706,200.0,0.0,98.89,30.6059,254.4984,254.4984,45656.7187,1769179159.663574,18.57,86,465,0.072,6,0,0,14.58,15.0,0,89,1769178916.014,-240.743,meta-llama/Llama-3.2-1B-Instruct,"1769178916.014, 1769178916.123, 1769178917.032, 1769178918.256, 1769178920.439"
94.0,0,1769178822.0139,337.7305,27,32,59,0.0925,0.0347,0.8446,1.0,0.0,98.89,1.6445,243.823,243.823,45900.5416,1769179161.3898346,18.45,86,466,0.123,7,0,0,14.58,15.0,0,89,1769178916.014,-240.743,meta-llama/Llama-3.2-1B-Instruct,"1769178916.014, 1769178916.123, 1769178917.032, 1769178918.256, 1769178920.439"
111.0,1,1769178799.6408,332.8696,5600,1023,6623,0.7371,0.0329,0.0616,200.0,0.0,98.9,30.1793,252.0489,252.0489,46152.5905,1769179162.7142262,18.42,86,467,0.114,8,0,0,14.58,15.0,0,85,1769178920.439,-241.352,meta-llama/Llama-3.2-1B-Instruct,"1769178920.439, 1769178921.220, 1769178921.603, 1769178924.745, 1769178925.481"
182.0,1,1769178729.1324,404.3185,5033,1042,6075,0.6457,0.0333,0.0606,200.0,0.0,98.9,29.8787,252.1972,252.1972,46404.7877,1769179163.3528528,18.38,86,468,0.118,9,0,0,14.58,15.0,0,85,1769178920.439,-241.352,meta-llama/Llama-3.2-1B-Instruct,"1769178920.439, 1769178921.220, 1769178921.603, 1769178924.745, 1769178925.481"
139.0,1,1769178778.0318,381.7996,3953,84,4037,0.8479,0.0526,0.6307,200.0,0.0,98.9,4.3884,247.188,247.188,46651.9758,1769179164.2406063,18.34,86,469,0.123,8,1,0,14.58,15.0,0,85,1769178920.439,-241.352,meta-llama/Llama-3.2-1B-Instruct,"1769178920.439, 1769178921.220, 1769178921.603, 1769178924.745, 1769178925.481"
82.0,1,1769178830.0243,304.3268,3170,1022,4192,0.3695,0.0333,0.0572,200.0,0.0,98.9,29.9153,252.2421,252.2421,46904.2178,1769179164.2849815,18.3,86,470,0.122,9,0,0,14.58,15.0,0,85,1769178920.439,-241.352,meta-llama/Llama-3.2-1B-Instruct,"1769178920.439, 1769178921.220, 1769178921.603, 1769178924.745, 1769178925.481"
108.0,0,1769178816.7451,347.7074,27,32,59,0.4055,0.0305,0.0355,1.0,0.0,98.91,1.1113,240.1129,240.1129,47144.3307,1769179165.5651739,18.26,86,471,0.125,8,0,0,14.58,15.0,0,85,1769178920.439,-241.352,meta-llama/Llama-3.2-1B-Instruct,"1769178920.439, 1769178921.220, 1769178921.603, 1769178924.745, 1769178925.481"
128.0,1,1769178784.5804,351.2429,9559,1025,10584,1.418,0.0336,0.0614,200.0,0.0,98.91,29.9592,253.2021,253.2021,47397.5328,1769179165.8134022,18.22,86,472,0.133,9,0,0,14.58,15.0,0,85,1769178920.439,-241.352,meta-llama/Llama-3.2-1B-Instruct,"1769178920.439, 1769178921.220, 1769178921.603, 1769178924.745, 1769178925.481"
203.0,1,1769178713.1226,446.659,3365,165,3530,0.4657,0.0526,0.5514,200.0,0.0,98.91,7.0271,250.6861,250.6861,47648.2189,1769179166.82116,18.18,86,473,0.123,7,0,0,14.58,15.0,0,85,1769178920.439,-241.352,meta-llama/Llama-3.2-1B-Instruct,"1769178920.439, 1769178921.220, 1769178921.603, 1769178924.745, 1769178925.481"
136.0,0,1769178789.4812,376.2036,27,32,59,0.0617,0.0609,0.4369,1.0,0.0,98.91,1.1688,240.2653,240.2653,47888.4842,1769179166.855058,18.14,86,474,0.136,9,0,0,14.58,15.0,0,79,1769178927.263,-239.584,meta-llama/Llama-3.2-1B-Instruct,"1769178927.263, 1769178927.440, 1769178928.294, 1769178929.603, 1769178931.684"
196.0,0,1769178731.2628,435.736,27,32,59,0.0689,0.0548,0.3732,1.0,0.0,98.92,1.0927,239.8048,239.8048,48128.2891,1769179168.0925162,18.11,86,475,0.105,8,0,0,14.58,15.0,0,79,1769178927.263,-239.584,meta-llama/Llama-3.2-1B-Instruct,"1769178927.263, 1769178927.440, 1769178928.294, 1769178929.603, 1769178931.684"
110.0,0,1769178818.2939,349.9383,27,32,59,0.0595,0.0258,0.0261,1.0,0.0,98.92,0.7121,239.9978,239.9978,48368.2869,1769179168.9478977,18.07,86,476,0.117,9,0,0,14.58,15.0,0,79,1769178927.263,-239.584,meta-llama/Llama-3.2-1B-Instruct,"1769178927.263, 1769178927.440, 1769178928.294, 1769178929.603, 1769178931.684"
192.0,0,1769178737.6027,431.43,27,32,59,0.0758,0.0304,0.0312,1.0,0.0,98.92,0.7351,239.5058,239.5058,48607.7927,1769179169.7687495,18.03,86,477,0.118,9,0,0,14.58,15.0,0,79,1769178927.263,-239.584,meta-llama/Llama-3.2-1B-Instruct,"1769178927.263, 1769178927.440, 1769178928.294, 1769178929.603, 1769178931.684"
152.0,0,1769178779.6841,390.1957,27,0,27,,,,1.0,,,0.0593,238.2549,238.2549,48846.0476,1769179169.9397578,17.99,86,478,0.119,9,0,0,14.58,15.0,0,79,1769178927.263,-239.584,meta-llama/Llama-3.2-1B-Instruct,"1769178927.263, 1769178927.440, 1769178928.294, 1769178929.603, 1769178931.684"
146.0,1,1769178767.9943,373.4003,3301,1021,4322,0.4031,0.0335,0.0641,200.0,0.0,98.92,28.9989,256.3993,256.3993,49102.4469,1769179170.415225,17.95,86,479,0.147,9,0,0,14.58,15.0,0,79,1769178927.263,-239.584,meta-llama/Llama-3.2-1B-Instruct,"1769178927.263, 1769178927.440, 1769178928.294, 1769178929.603, 1769178931.684"
130.0,0,1769178802.3372,367.7276,27,32,59,0.073,0.0488,0.382,1.0,0.0,98.92,1.1219,237.8006,237.8006,49340.2475,1769179171.1907089,17.92,86,480,0.119,9,0,0,14.58,15.0,0,79,1769178927.263,-239.584,meta-llama/Llama-3.2-1B-Instruct,"1769178927.263, 1769178927.440, 1769178928.294, 1769178929.603, 1769178931.684"
161.0,1,1769178753.2052,392.3783,3365,1033,4398,0.425,0.0336,0.1829,200.0,0.0,98.93,29.1395,260.5177,260.5177,49600.7653,1769179174.7474844,17.88,86,481,0.151,9,0,0,14.58,15.0,0,71,1769178935.858,-236.069,meta-llama/Llama-3.2-1B-Instruct,"1769178935.858, 1769178936.332, 1769178936.566, 1769178938.859, 1769178941.091"
218.0,0,1769178717.8584,457.0158,27,32,59,0.0698,0.0275,0.0282,1.0,0.0,98.93,0.735,239.0856,239.0856,49839.8509,1769179175.6107674,17.84,86,482,0.12,9,0,0,14.58,15.0,0,71,1769178935.858,-236.069,meta-llama/Llama-3.2-1B-Instruct,"1769178935.858, 1769178936.332, 1769178936.566, 1769178938.859, 1769178941.091"
110.0,1,1769178826.3317,349.3813,3059,0,3059,,,,200.0,,,0.3718,239.753,239.753,50079.6039,1769179176.0973535,17.81,86,483,0.121,9,0,0,14.58,15.0,0,71,1769178935.858,-236.069,meta-llama/Llama-3.2-1B-Instruct,"1769178935.858, 1769178936.332, 1769178936.566, 1769178938.859, 1769178941.091"
131.0,0,1769178805.5655,370.6076,27,32,59,0.0575,0.0309,0.032,1.0,0.0,98.93,0.7184,239.6651,239.6651,50319.269,1769179176.893525,17.77,86,484,0.121,9,0,0,14.58,15.0,0,71,1769178935.858,-236.069,meta-llama/Llama-3.2-1B-Instruct,"1769178935.858, 1769178936.332, 1769178936.566, 1769178938.859, 1769178941.091"
101.0,1,1769178813.5915,341.0671,3165,1025,4190,0.3955,0.0339,0.3171,200.0,0.0,98.93,28.8866,268.9537,268.9537,50588.2227,1769179183.561272,17.73,86,485,0.16,9,0,0,14.58,15.0,0,67,1769178941.091,-240.947,meta-llama/Llama-3.2-1B-Instruct,"1769178941.091, 1769178943.178, 1769178944.202, 1769178944.775, 1769178945.197"
149.0,0,1769178792.0908,391.5523,27,32,59,0.0647,0.0338,0.0359,1.0,0.0,98.94,0.7492,242.617,242.617,50830.8397,1769179184.3952012,17.7,86,486,0.13,9,0,0,14.58,15.0,0,67,1769178941.091,-240.947,meta-llama/Llama-3.2-1B-Instruct,"1769178941.091, 1769178943.178, 1769178944.202, 1769178944.775, 1769178945.197"
218.0,1,1769178700.2561,461.2356,4650,954,5604,0.6065,0.0324,0.3092,200.0,0.0,98.94,26.049,269.2847,269.2847,51100.1244,1769179187.5618918,17.66,86,487,0.148,9,0,0,14.58,15.0,0,65,1769178944.202,-242.901,meta-llama/Llama-3.2-1B-Instruct,"1769178944.202, 1769178944.775, 1769178945.197, 1769178945.925, 1769178946.717"
120.0,0,1769178824.2016,363.4729,27,6,33,0.0637,0.035,0.035,1.0,0.0,98.94,0.1982,243.5366,243.5366,51343.661,1769179187.873759,17.62,86,488,0.127,9,0,0,14.58,15.0,0,65,1769178944.202,-242.901,meta-llama/Llama-3.2-1B-Instruct,"1769178944.202, 1769178944.775, 1769178945.197, 1769178945.925, 1769178946.717"
229.0,0,1769178715.7753,472.1742,27,32,59,0.0671,0.0304,0.0323,1.0,0.0,98.94,0.7434,243.2413,243.2413,51586.9023,1769179188.6947174,17.59,86,489,0.127,9,0,0,14.58,15.0,0,65,1769178944.202,-242.901,meta-llama/Llama-3.2-1B-Instruct,"1769178944.202, 1769178944.775, 1769178945.197, 1769178945.925, 1769178946.717"
222.0,0,1769178723.197,465.6076,27,32,59,0.0703,0.0318,0.0318,1.0,0.0,98.95,0.7627,243.6779,243.6779,51830.5802,1769179189.568883,17.55,86,490,0.128,9,0,0,14.58,15.0,0,65,1769178944.202,-242.901,meta-llama/Llama-3.2-1B-Instruct,"1769178944.202, 1769178944.775, 1769178945.197, 1769178945.925, 1769178946.717"
100.0,1,1769178820.4386,342.3515,3326,1022,4348,0.4314,0.0338,0.2041,200.0,0.0,98.95,27.4505,269.802,269.802,52100.3823,1769179190.2662148,17.52,86,491,0.143,9,0,0,14.58,15.0,0,65,1769178944.202,-242.901,meta-llama/Llama-3.2-1B-Instruct,"1769178944.202, 1769178944.775, 1769178945.197, 1769178945.925, 1769178946.717"
176.0,1,1769178745.2204,418.2307,5186,1026,6212,0.7038,0.0321,0.0624,200.0,0.0,98.95,27.1123,269.343,269.343,52369.7252,1769179190.5875976,17.48,86,492,0.134,9,0,0,14.58,15.0,0,65,1769178944.202,-242.901,meta-llama/Llama-3.2-1B-Instruct,"1769178944.202, 1769178944.775, 1769178945.197, 1769178945.925, 1769178946.717"
123.0,1,1769178798.6027,365.8553,3155,1022,4177,0.4022,0.0318,0.0615,200.0,0.0,98.95,26.893,269.7484,269.7484,52639.4736,1769179191.374162,17.44,86,493,0.125,8,0,0,14.58,15.0,0,65,1769178944.202,-242.901,meta-llama/Llama-3.2-1B-Instruct,"1769178944.202, 1769178944.775, 1769178945.197, 1769178945.925, 1769178946.717"
146.0,0,1769178800.7172,389.6639,27,32,59,0.0615,0.0548,0.4482,1.0,0.0,98.95,1.1735,243.7254,243.7254,52883.199,1769179191.5555055,17.41,86,494,0.127,9,0,0,14.58,15.0,0,65,1769178944.202,-242.901,meta-llama/Llama-3.2-1B-Instruct,"1769178944.202, 1769178944.775, 1769178945.197, 1769178945.925, 1769178946.717"
161.0,1,1769178764.7454,401.1636,3909,1019,4928,0.5102,0.0324,0.0644,200.0,0.0,98.96,28.2804,268.444,268.444,53151.643,1769179194.2122126,17.37,86,495,0.103,9,0,0,14.58,15.0,0,57,1769178948.869,-243.258,meta-llama/Llama-3.2-1B-Instruct,"1769178948.869, 1769178949.107, 1769178953.113, 1769178953.303, 1769178954.684"
131.0,1,1769178796.4396,370.6191,3365,1026,4391,0.4334,0.0318,0.0581,200.0,0.0,98.96,27.8612,267.4803,267.4803,53419.1233,1769179194.9380631,17.34,86,496,0.105,9,0,0,14.58,15.0,0,57,1769178948.869,-243.258,meta-llama/Llama-3.2-1B-Instruct,"1769178948.869, 1769178949.107, 1769178953.113, 1769178953.303, 1769178954.684"
193.0,0,1769178755.8688,438.4442,27,32,59,0.0859,0.0296,0.0445,1.0,0.0,98.96,0.7785,245.5301,245.5301,53664.6534,1769179195.092883,17.3,86,497,0.134,9,0,0,14.58,15.0,0,57,1769178948.869,-243.258,meta-llama/Llama-3.2-1B-Instruct,"1769178948.869, 1769178949.107, 1769178953.113, 1769178953.303, 1769178954.684"
154.0,0,1769178799.1129,396.1097,27,32,59,0.2554,0.0358,0.0441,1.0,0.0,98.96,0.9447,242.365,242.365,53907.0184,1769179196.1682813,17.27,86,498,0.131,9,0,0,14.58,15.0,0,57,1769178948.869,-243.258,meta-llama/Llama-3.2-1B-Instruct,"1769178948.869, 1769178949.107, 1769178953.113, 1769178953.303, 1769178954.684"
221.0,0,1769178732.3031,463.9904,27,32,59,0.0828,0.0285,0.0296,1.0,0.0,98.96,0.7655,243.0732,243.0732,54150.0916,1769179197.0599785,17.23,86,499,0.132,9,0,0,14.58,15.0,0,57,1769178948.869,-243.258,meta-llama/Llama-3.2-1B-Instruct,"1769178948.869, 1769178949.107, 1769178953.113, 1769178953.303, 1769178954.684"
117.0,1,1769178816.2213,354.3431,3691,1028,4719,0.4413,0.0319,0.062,200.0,0.0,98.97,28.3308,265.6739,265.6739,54415.7655,1769179198.9171624,17.2,86,500,0.106,9,0,0,14.58,15.0,0,52,1769178955.851,-241.361,meta-llama/Llama-3.2-1B-Instruct,"1769178955.851, 1769178956.452, 1769178960.510, 1769178960.608, 1769178965.305"
209.0,1,1769178724.8029,446.5187,3655,1037,4692,0.4523,0.0321,0.0644,200.0,0.0,98.97,28.4559,265.9745,265.9745,54681.7401,1769179199.7919686,17.17,86,501,0.118,9,0,0,14.58,15.0,0,52,1769178955.851,-241.361,meta-llama/Llama-3.2-1B-Instruct,"1769178955.851, 1769178956.452, 1769178960.510, 1769178960.608, 1769178965.305"
206.0,1,1769178732.8594,444.1867,3871,883,4754,0.5013,0.0318,0.2042,200.0,0.0,98.97,25.4595,263.6462,263.6462,54945.3863,1769179202.528946,17.13,86,502,0.123,9,0,0,14.58,15.0,0,50,1769178960.51,-241.797,meta-llama/Llama-3.2-1B-Instruct,"1769178960.510, 1769178960.608, 1769178965.305, 1769178966.018, 1769178966.440"
183.0,0,1769178777.5099,425.1233,27,32,59,0.2574,0.031,0.0317,1.0,0.0,98.97,0.7828,242.3807,242.3807,55187.7671,1769179203.4167168,17.1,86,503,0.138,9,0,0,14.58,15.0,0,50,1769178960.51,-241.797,meta-llama/Llama-3.2-1B-Instruct,"1769178960.510, 1769178960.608, 1769178965.305, 1769178966.018, 1769178966.440"
172.0,1,1769178771.1784,413.2938,2972,1026,3998,0.3724,0.0327,0.0596,200.0,0.0,98.98,29.1792,270.473,270.473,55458.2401,1769179213.6675866,17.06,86,504,0.131,9,0,0,14.58,15.0,0,48,1769178965.305,-247.137,meta-llama/Llama-3.2-1B-Instruct,"1769178965.305, 1769178966.018, 1769178966.440, 1769178968.584, 1769178971.043"
184.0,0,1769178781.3045,432.4564,27,32,59,0.0815,0.0306,0.0323,1.0,0.0,98.98,0.8098,248.5379,248.5379,55706.778,1769179214.573139,17.03,86,505,0.152,9,0,0,14.58,15.0,0,48,1769178965.305,-247.137,meta-llama/Llama-3.2-1B-Instruct,"1769178965.305, 1769178966.018, 1769178966.440, 1769178968.584, 1769178971.043"
157.0,1,1769178788.9254,400.7405,3359,1024,4383,0.4264,0.0316,0.0556,200.0,0.0,98.98,29.5179,273.2584,273.2584,55980.0364,1769179219.2057087,17.0,86,506,0.129,9,0,0,14.58,15.0,0,46,1769178966.44,-251.08,meta-llama/Llama-3.2-1B-Instruct,"1769178966.440, 1769178968.584, 1769178971.043, 1769178974.353, 1769178975.789"
143.0,1,1769178804.4852,386.2563,3898,1031,4929,0.5106,0.0318,0.0518,200.0,0.0,98.98,29.5149,272.7712,272.7712,56252.8075,1769179220.2747498,16.96,86,507,0.107,9,0,0,14.58,15.0,0,46,1769178966.44,-251.08,meta-llama/Llama-3.2-1B-Instruct,"1769178966.440, 1769178968.584, 1769178971.043, 1769178974.353, 1769178975.789"
177.0,1,1769178771.7016,419.9727,3000,1021,4021,1.7137,0.033,0.0503,200.0,0.0,98.98,29.0567,272.0293,272.0293,56797.2917,1769179220.7461057,16.93,86,509,0.107,8,0,0,14.58,15.0,0,46,1769178966.44,-251.08,meta-llama/Llama-3.2-1B-Instruct,"1769178966.440, 1769178968.584, 1769178971.043, 1769178974.353, 1769178975.789"
147.0,1,1769178801.2782,390.2963,9835,1026,10861,1.5086,0.0332,0.0532,200.0,0.0,98.99,29.1585,272.4548,272.4548,56797.2917,1769179220.7684007,16.9,86,509,0.107,9,0,0,14.58,15.0,0,46,1769178966.44,-251.08,meta-llama/Llama-3.2-1B-Instruct,"1769178966.440, 1769178968.584, 1769178971.043, 1769178974.353, 1769178975.789"
199.0,0,1769178769.5842,450.8051,27,32,59,0.0842,0.0696,1.1998,1.0,0.1998,98.79,1.964,251.8894,251.8894,57049.1811,1769179222.3576214,16.86,86,510,0.151,9,0,0,14.58,15.0,0,46,1769178966.44,-251.08,meta-llama/Llama-3.2-1B-Instruct,"1769178966.440, 1769178968.584, 1769178971.043, 1769178974.353, 1769178975.789"
166.0,0,1769178805.0426,415.9037,27,32,59,1.3021,0.0452,0.324,1.0,0.0,98.79,2.3382,251.2058,251.2058,57300.3869,1769179223.2853801,16.83,86,511,0.103,8,0,0,14.58,15.0,0,41,1769178975.973,-246.602,meta-llama/Llama-3.2-1B-Instruct,"1769178975.973, 1769178976.059, 1769178977.084, 1769178978.069, 1769178978.794"
167.0,1,1769178808.7892,413.6593,3025,45,3070,0.3708,0.034,0.0399,200.0,0.0,98.79,1.4432,248.1025,248.1025,57823.2935,1769179223.9128864,16.8,86,513,0.131,9,0,0,14.58,15.0,0,41,1769178975.973,-246.602,meta-llama/Llama-3.2-1B-Instruct,"1769178975.973, 1769178976.059, 1769178977.084, 1769178978.069, 1769178978.794"
117.0,1,1769178832.1071,362.9004,3365,1027,4392,0.4532,0.0327,0.0542,200.0,0.0,98.79,28.9037,274.8042,274.8042,57823.2935,1769179223.9291275,16.76,86,513,0.12,9,0,0,14.58,15.0,0,41,1769178975.973,-246.602,meta-llama/Llama-3.2-1B-Instruct,"1769178975.973, 1769178976.059, 1769178977.084, 1769178978.069, 1769178978.794"
147.0,0,1769178828.9733,394.4342,27,32,59,0.0892,0.0367,0.7099,1.0,0.0,98.8,1.4948,247.5234,247.5234,58070.8169,1769179224.9032536,16.73,86,514,0.142,9,0,0,14.58,15.0,0,41,1769178975.973,-246.602,meta-llama/Llama-3.2-1B-Instruct,"1769178975.973, 1769178976.059, 1769178977.084, 1769178978.069, 1769178978.794"
209.0,0,1769178769.0694,455.8968,27,32,59,0.078,0.0314,0.0367,1.0,0.0,98.8,0.7913,246.9747,246.9747,58317.7916,1769179225.7583675,16.7,86,515,0.14,9,0,0,14.58,15.0,0,41,1769178975.973,-246.602,meta-llama/Llama-3.2-1B-Instruct,"1769178975.973, 1769178976.059, 1769178977.084, 1769178978.069, 1769178978.794"
139.0,1,1769178815.6844,381.4633,3194,1030,4224,0.4014,0.0337,0.1819,200.0,0.0,98.8,29.7931,272.2564,272.2564,58590.048,1769179226.9548068,16.67,86,516,0.133,9,0,0,14.58,15.0,0,41,1769178975.973,-246.602,meta-llama/Llama-3.2-1B-Instruct,"1769178975.973, 1769178976.059, 1769178977.084, 1769178978.069, 1769178978.794"
174.0,1,1769178781.851,417.1653,4376,1037,5413,0.561,0.0332,0.1837,200.0,0.0,98.8,29.8474,273.0127,273.0127,58863.0608,1769179228.8856602,16.63,86,517,0.131,9,0,0,14.58,15.0,0,35,1769178981.485,-246.149,meta-llama/Llama-3.2-1B-Instruct,"1769178981.485, 1769178983.819, 1769178984.153, 1769178986.017, 1769178986.858"
224.0,1,1769178754.7937,471.0708,4574,103,4677,0.5967,0.031,0.1812,200.0,0.0,98.8,3.3888,250.4596,250.4596,59386.3226,1769179229.266125,16.6,86,519,0.141,9,0,0,14.58,15.0,0,35,1769178981.485,-246.149,meta-llama/Llama-3.2-1B-Instruct,"1769178981.485, 1769178983.819, 1769178984.153, 1769178986.017, 1769178986.858"
222.0,1,1769178734.4525,465.4341,6435,1023,7458,0.8748,0.033,0.0646,200.0,0.0,98.81,29.3682,272.8022,272.8022,59386.3226,1769179229.2712173,16.57,86,519,0.13,9,0,0,14.58,15.0,0,35,1769178981.485,-246.149,meta-llama/Llama-3.2-1B-Instruct,"1769178981.485, 1769178983.819, 1769178984.153, 1769178986.017, 1769178986.858"
152.0,0,1769178829.485,399.5208,27,32,59,0.0698,0.0366,0.5975,1.0,0.0,98.81,1.3198,247.5905,247.5905,59633.9131,1769179230.3321629,16.54,86,520,0.138,9,0,0,14.58,15.0,0,35,1769178981.485,-246.149,meta-llama/Llama-3.2-1B-Instruct,"1769178981.485, 1769178983.819, 1769178984.153, 1769178986.017, 1769178986.858"
169.0,0,1769178815.1527,414.2564,27,32,59,0.6359,0.0545,1.1518,1.0,0.1518,98.61,2.4735,245.8923,245.8923,59879.8054,1769179231.8844423,16.51,86,521,0.099,8,0,0,14.58,15.0,0,35,1769178981.485,-246.149,meta-llama/Llama-3.2-1B-Instruct,"1769178981.485, 1769178983.819, 1769178984.153, 1769178986.017, 1769178986.858"
201.0,1,1769178759.6082,443.889,3863,1017,4880,0.5133,0.0331,0.1851,200.0,0.0,98.62,30.586,273.475,273.475,60153.2804,1769179234.1033878,16.48,86,522,0.139,9,0,0,14.58,15.0,0,30,1769178990.656,-242.027,meta-llama/Llama-3.2-1B-Instruct,"1769178990.656, 1769178992.049, 1769178992.250, 1769178993.598, 1769178993.954"
205.0,0,1769178785.6558,448.5685,27,32,59,0.0747,0.0301,0.0348,1.0,0.0,98.62,0.7742,243.6431,243.6431,60396.9236,1769179235.0002375,16.44,86,523,0.141,9,0,0,14.58,15.0,0,30,1769178990.656,-242.027,meta-llama/Llama-3.2-1B-Instruct,"1769178990.656, 1769178992.049, 1769178992.250, 1769178993.598, 1769178993.954"
179.0,0,1769178813.0492,422.0398,27,32,59,0.0711,0.0294,0.0309,1.0,0.0,98.62,0.7761,243.1109,243.1109,60640.0345,1769179235.8680668,16.41,86,524,0.142,9,0,0,14.58,15.0,0,30,1769178990.656,-242.027,meta-llama/Llama-3.2-1B-Instruct,"1769178990.656, 1769178992.049, 1769178992.250, 1769178993.598, 1769178993.954"
198.0,0,1769178794.2499,441.7109,27,19,46,0.0699,0.031,0.031,1.0,0.0,98.62,0.5031,243.7808,243.7808,60883.8153,1769179236.4658248,16.38,86,525,0.143,9,0,0,14.58,15.0,0,30,1769178990.656,-242.027,meta-llama/Llama-3.2-1B-Instruct,"1769178990.656, 1769178992.049, 1769178992.250, 1769178993.598, 1769178993.954"
176.0,1,1769178790.0175,424.7834,3359,1024,4383,0.4405,0.0355,0.1818,200.0,0.0,98.63,30.5229,279.3063,279.3063,61163.1216,1769179245.3482425,16.35,86,526,0.153,9,0,0,14.58,15.0,0,26,1769178993.954,-248.868,meta-llama/Llama-3.2-1B-Instruct,"1769178993.954, 1769178994.324, 1769178994.397, 1769178994.782, 1769178997.133"
173.0,0,1769178820.954,424.631,27,32,59,0.0684,0.0302,0.0385,1.0,0.0,98.63,0.7988,251.6994,251.6994,61414.821,1769179246.386371,16.32,86,527,0.152,9,0,0,14.58,15.0,0,26,1769178993.954,-248.868,meta-llama/Llama-3.2-1B-Instruct,"1769178993.954, 1769178994.324, 1769178994.397, 1769178994.782, 1769178997.133"
228.0,0,1769178766.324,480.1457,27,32,59,0.0839,0.0319,0.04,1.0,0.0,98.63,0.8109,252.2296,252.2296,61667.0506,1769179247.2835414,16.29,86,528,0.153,9,0,0,14.58,15.0,0,26,1769178993.954,-248.868,meta-llama/Llama-3.2-1B-Instruct,"1769178993.954, 1769178994.324, 1769178994.397, 1769178994.782, 1769178997.133"
212.0,1,1769178782.3966,464.9698,5028,0,5028,,,,200.0,,,0.6639,253.6337,253.6337,61920.6843,1769179248.0471783,16.26,86,529,0.154,9,0,0,14.58,15.0,0,23,1769178994.782,-253.074,meta-llama/Llama-3.2-1B-Instruct,"1769178994.782, 1769178997.133, 1769178999.579, 1769179001.004, 1769179002.068"
163.0,1,1769178803.4395,415.8803,3103,1028,4131,0.3886,0.0347,0.3216,200.0,0.0,98.64,31.4122,284.2925,284.2925,62204.9768,1769179250.7502692,16.23,86,530,0.155,9,0,0,14.58,15.0,0,23,1769178994.782,-253.074,meta-llama/Llama-3.2-1B-Instruct,"1769178994.782, 1769178997.133, 1769178999.579, 1769179001.004, 1769179002.068"
165.0,1,1769178809.3529,411.5981,8574,1024,9598,1.2965,0.0353,0.3169,200.0,0.0,98.64,31.5056,278.1037,278.1037,62483.0805,1769179252.4899065,16.2,86,531,0.104,8,0,0,14.58,15.0,0,23,1769178994.782,-253.074,meta-llama/Llama-3.2-1B-Instruct,"1769178994.782, 1769178997.133, 1769178999.579, 1769179001.004, 1769179002.068"
217.0,1,1769178759.0591,464.939,3559,1029,4588,0.46,0.0345,0.3154,200.0,0.0,98.64,30.4106,278.3496,278.3496,63038.7575,1769179254.4216053,16.17,86,533,0.119,8,0,0,14.58,15.0,0,20,1769179001.004,-251.893,meta-llama/Llama-3.2-1B-Instruct,"1769179001.004, 1769179002.068, 1769179002.865, 1769179004.635, 1769179006.552"
179.0,1,1769178798.0841,425.972,2948,1032,3980,0.7018,0.0349,0.218,200.0,0.0,98.64,30.3554,277.3274,277.3274,63038.7575,1769179254.4307072,16.14,86,533,0.119,8,1,0,14.58,15.0,0,20,1769179001.004,-251.893,meta-llama/Llama-3.2-1B-Instruct,"1769179001.004, 1769179002.068, 1769179002.865, 1769179004.635, 1769179006.552"
217.0,0,1769178784.0039,470.5242,27,32,59,0.0766,0.0347,0.0428,1.0,0.0,98.65,0.7833,253.6008,253.6008,63292.3583,1769179255.31222,16.1,86,534,0.129,8,0,0,14.58,15.0,0,20,1769179001.004,-251.893,meta-llama/Llama-3.2-1B-Instruct,"1769179001.004, 1769179002.068, 1769179002.865, 1769179004.635, 1769179006.552"
211.0,0,1769178791.0679,463.5304,27,32,59,0.0707,0.0319,0.033,1.0,0.0,98.65,0.7555,252.6011,252.6011,63544.9594,1769179255.3548305,16.07,86,535,0.129,9,0,0,14.58,15.0,0,20,1769179001.004,-251.893,meta-llama/Llama-3.2-1B-Instruct,"1769179001.004, 1769179002.068, 1769179002.865, 1769179004.635, 1769179006.552"
193.0,0,1769178809.8647,445.6125,27,0,27,,,,1.0,,,0.0785,252.691,252.691,63797.6504,1769179255.5574312,16.04,86,536,0.129,8,0,0,14.58,15.0,0,20,1769179001.004,-251.893,meta-llama/Llama-3.2-1B-Instruct,"1769179001.004, 1769179002.068, 1769179002.865, 1769179004.635, 1769179006.552"
190.0,0,1769178814.6349,440.8481,27,32,59,0.0724,0.0562,0.3862,1.0,0.0,98.65,1.1673,250.9205,250.9205,64048.5709,1769179256.6521282,16.01,86,537,0.13,8,0,0,14.58,15.0,0,20,1769179001.004,-251.893,meta-llama/Llama-3.2-1B-Instruct,"1769179001.004, 1769179002.068, 1769179002.865, 1769179004.635, 1769179006.552"
154.0,1,1769178827.3928,399.7219,3131,1025,4156,0.3966,0.0345,0.0556,200.0,0.0,98.65,29.5608,275.2827,275.2827,64323.8536,1769179256.6873636,15.99,86,538,0.143,9,0,0,14.58,15.0,0,20,1769179001.004,-251.893,meta-llama/Llama-3.2-1B-Instruct,"1769179001.004, 1769179002.068, 1769179002.865, 1769179004.635, 1769179006.552"
221.0,0,1769178787.3053,469.5044,27,32,59,0.5749,0.0317,0.0318,1.0,0.0,98.66,1.2911,249.0794,249.0794,64572.933,1769179258.101751,15.96,86,539,0.129,8,0,0,14.58,15.0,0,13,1769179012.519,-245.46,meta-llama/Llama-3.2-1B-Instruct,"1769179012.519, 1769179015.666, 1769179019.819, 1769179020.584, 1769179023.465"
200.0,0,1769178812.5191,445.6666,27,32,59,0.0776,0.0289,0.0299,1.0,0.0,98.66,0.7859,245.7442,245.7442,64818.6772,1769179258.972567,15.93,86,540,0.145,9,0,0,14.58,15.0,0,13,1769179012.519,-245.46,meta-llama/Llama-3.2-1B-Instruct,"1769179012.519, 1769179015.666, 1769179019.819, 1769179020.584, 1769179023.465"
218.0,1,1769178765.8188,463.555,5069,1021,6090,0.6704,0.0345,0.0593,200.0,0.0,98.66,29.8057,275.3607,275.3607,65094.0379,1769179259.1963162,15.9,86,541,0.099,8,0,0,14.58,15.0,0,13,1769179012.519,-245.46,meta-llama/Llama-3.2-1B-Instruct,"1769179012.519, 1769179015.666, 1769179019.819, 1769179020.584, 1769179023.465"
174.0,1,1769178812.0171,418.418,8575,1029,9604,1.2542,0.0347,0.0627,200.0,0.0,98.66,30.9329,275.3509,275.3509,65369.3888,1769179261.3991299,15.87,86,542,0.116,9,0,0,14.58,15.0,0,13,1769179012.519,-245.46,meta-llama/Llama-3.2-1B-Instruct,"1769179012.519, 1769179015.666, 1769179019.819, 1769179020.584, 1769179023.465"
201.0,0,1769178818.8187,440.4714,27,32,59,1.6158,0.0344,0.0444,1.0,0.0,98.67,2.3661,241.0872,241.0872,65610.476,1769179261.6571085,15.84,86,543,0.127,8,1,0,14.58,15.0,0,13,1769179012.519,-245.46,meta-llama/Llama-3.2-1B-Instruct,"1769179012.519, 1769179015.666, 1769179019.819, 1769179020.584, 1769179023.465"
199.0,1,1769178787.8584,444.1681,3194,1041,4235,0.3956,0.035,0.0639,200.0,0.0,98.67,29.7522,274.9203,274.9203,65885.3964,1769179261.799822,15.81,86,544,0.144,9,0,0,14.58,15.0,0,13,1769179012.519,-245.46,meta-llama/Llama-3.2-1B-Instruct,"1769179012.519, 1769179015.666, 1769179019.819, 1769179020.584, 1769179023.465"
229.0,0,1769178791.5838,470.0091,27,32,59,0.0724,0.0419,0.0419,1.0,0.0,98.67,0.7921,241.0815,241.0815,66126.4779,1769179262.3864777,15.78,86,545,0.131,9,0,0,14.58,15.0,0,13,1769179012.519,-245.46,meta-llama/Llama-3.2-1B-Instruct,"1769179012.519, 1769179015.666, 1769179019.819, 1769179020.584, 1769179023.465"
212.0,0,1769178811.465,450.3022,27,32,59,0.0823,0.0541,0.3953,1.0,0.0,98.67,1.1701,238.3845,238.3845,66364.8624,1769179262.9382558,15.75,86,546,0.132,9,0,0,14.58,15.0,0,13,1769179012.519,-245.46,meta-llama/Llama-3.2-1B-Instruct,"1769179012.519, 1769179015.666, 1769179019.819, 1769179020.584, 1769179023.465"
202.0,0,1769178825.2696,436.6229,27,32,59,0.0759,0.0552,0.3883,1.0,0.0,98.68,1.1299,234.6987,234.6987,66599.5611,1769179263.0252683,15.72,86,547,0.118,9,0,0,14.58,15.0,0,5,1769179034.648,-228.372,meta-llama/Llama-3.2-1B-Instruct,"1769179034.648, 1769179045.671, 1769179048.090, 1769179050.060, 1769179051.444"
228.0,0,1769178806.6475,456.4525,27,32,59,0.3494,0.0299,0.0309,1.0,0.0,98.68,1.0597,228.8018,228.8018,66828.363,1769179264.162001,15.69,86,548,0.142,9,0,0,14.58,15.0,0,5,1769179034.648,-228.372,meta-llama/Llama-3.2-1B-Instruct,"1769179034.648, 1769179045.671, 1769179048.090, 1769179050.060, 1769179051.444"
222.0,1,1769178823.6709,440.617,10062,0,10062,,,,200.0,,,1.5283,220.1452,220.1452,67048.5082,1769179265.8525465,15.66,86,549,0.143,9,0,0,14.58,15.0,0,5,1769179034.648,-228.372,meta-llama/Llama-3.2-1B-Instruct,"1769179034.648, 1769179045.671, 1769179048.090, 1769179050.060, 1769179051.444"
215.0,1,1769178778.5976,457.9502,3279,1026,4305,0.4092,0.0342,0.3207,200.0,0.0,98.68,32.0407,274.9909,274.9909,67323.4991,1769179268.6078472,15.64,86,550,0.144,9,0,0,14.58,15.0,0,2,1769179050.06,-218.023,meta-llama/Llama-3.2-1B-Instruct,"1769179050.060, 1769179051.444"
219.0,0,1769178831.0596,437.6655,27,32,59,0.0722,0.0307,0.0344,1.0,0.0,98.68,0.7878,218.7377,218.7377,67542.2369,1769179269.514088,15.61,86,551,0.145,9,0,0,14.58,15.0,0,2,1769179050.06,-218.023,meta-llama/Llama-3.2-1B-Instruct,"1769179050.060, 1769179051.444"
223.0,1,1769178828.4442,441.1314,3318,54,3372,0.4149,0.031,0.0332,200.0,0.0,98.69,1.7048,219.8362,219.8362,67762.073,1769179271.293853,15.58,86,552,0.146,9,0,0,14.58,15.0,0,2,1769179050.06,-218.023,meta-llama/Llama-3.2-1B-Instruct,"1769179050.060, 1769179051.444"
177.0,1,1769178817.7819,430.3367,5207,1026,6233,0.7037,0.0339,0.2138,200.0,0.0,98.69,31.1953,284.532,284.532,68046.605,1769179279.3412929,15.55,86,553,0.154,9,0,0,14.58,15.0,0,2,1769179050.06,-218.023,meta-llama/Llama-3.2-1B-Instruct,"1769179050.060, 1769179051.444"
183.0,1,1769178814.1326,436.7181,3025,1031,4056,0.3835,0.0327,0.0653,200.0,0.0,98.69,30.3527,284.0708,284.0708,68330.6758,1769179281.221593,15.52,86,554,0.161,9,0,0,14.58,15.0,0,2,1769179050.06,-218.023,meta-llama/Llama-3.2-1B-Instruct,"1769179050.060, 1769179051.444"
168.0,1,1769178831.5789,420.9949,3952,1031,4983,0.5016,0.0329,0.0597,200.0,0.0,98.69,29.8277,282.8226,282.8226,68613.4984,1769179282.4172602,15.5,86,555,0.141,9,0,0,14.58,15.0,0,2,1769179050.06,-218.023,meta-llama/Llama-3.2-1B-Instruct,"1769179050.060, 1769179051.444"
184.0,1,1769178822.5524,433.1213,3680,1026,4706,0.4677,0.0326,0.0512,200.0,0.0,98.7,29.0097,278.131,278.131,68891.6293,1769179284.6993034,15.47,86,556,0.13,9,0,0,14.58,15.0,0,2,1769179050.06,-218.023,meta-llama/Llama-3.2-1B-Instruct,"1769179050.060, 1769179051.444"
219.0,1,1769178788.3957,468.358,4612,1024,5636,0.6146,0.0323,0.0495,200.0,0.0,98.7,28.4853,277.8433,277.8433,69169.4726,1769179285.2626865,15.44,86,557,0.129,8,0,0,14.58,15.0,0,2,1769179050.06,-218.023,meta-llama/Llama-3.2-1B-Instruct,"1769179050.060, 1769179051.444"
223.0,1,1769178792.6658,466.5018,10780,1025,11805,1.7301,0.0318,0.0452,200.0,0.0,98.7,27.5304,271.0322,271.0322,69440.5049,1769179286.7350035,15.41,86,558,0.146,9,0,0,14.58,15.0,0,2,1769179050.06,-218.023,meta-llama/Llama-3.2-1B-Instruct,"1769179050.060, 1769179051.444"
199.0,1,1769178830.5473,431.9147,3658,1024,4682,0.4416,0.0303,0.041,200.0,0.0,98.7,25.2762,258.1909,258.1909,69698.6958,1769179287.7531292,15.38,86,559,0.119,9,0,0,14.58,15.0,0,2,1769179050.06,-218.023,meta-llama/Llama-3.2-1B-Instruct,"1769179050.060, 1769179051.444"
210.0,1,1769178821.4751,441.5272,3556,1026,4582,0.4305,0.0303,0.036,200.0,0.0,98.71,24.8247,256.3518,256.3518,69955.0476,1769179287.841683,15.36,86,560,0.131,9,0,0,14.58,15.0,0,2,1769179050.06,-218.023,meta-llama/Llama-3.2-1B-Instruct,"1769179050.060, 1769179051.444"
225.0,1,1769178823.09,442.8462,3750,1024,4774,0.4573,0.0295,0.0337,200.0,0.0,98.71,22.5026,240.3488,240.3488,70195.3964,1769179288.4550757,15.33,86,561,0.143,9,0,0,14.58,15.0,0,2,1769179050.06,-218.023,meta-llama/Llama-3.2-1B-Instruct,"1769179050.060, 1769179051.444"
